# https://github.com/mikedh/trimesh
v -0.98197520 -0.44918925 0.32189471
v -0.94070882 -0.48354834 0.33353573
v -0.94311488 -0.41326413 0.38211274
v -0.90198588 -0.52015448 0.32809561
v -0.92549437 -0.52203459 0.27815861
v -0.90529209 -0.45823997 0.38631302
v -1.00028396 -0.47881746 0.25238144
v -0.96213078 -0.50386101 0.26711410
v -0.91037881 -0.53432149 0.24360524
v -0.94911897 -0.51806724 0.21145259
v -1.03830528 -0.44431573 0.24023668
v -1.01629603 -0.40854502 0.31071359
v -0.66224331 -0.06265318 0.54335535
v -0.68291652 -0.02303427 0.53305161
v -0.70724696 -0.07645575 0.56345725
v -0.70673281 0.01183999 0.51384693
v -0.74880081 0.00174792 0.53599268
v -0.65178800 -0.01626770 0.50562292
v -0.63044143 -0.05442496 0.51609915
v -0.68693537 -0.11810387 0.57229286
v -0.72732049 -0.03494175 0.55527294
v -0.75928646 -0.09768250 0.55755508
v -0.73745459 -0.14005566 0.56583232
v 0.53488833 -0.91159368 -0.40680265
v 0.54882324 -0.87834316 -0.44975519
v 0.60404867 -0.91042590 -0.38993210
v 0.63513029 -0.84186041 -0.46388108
v 0.61815143 -0.87706667 -0.42914936
v 0.56774372 -0.83882582 -0.48532748
v 0.49252960 -0.84990895 -0.44163644
v 0.51166070 -0.80982471 -0.47689456
v 0.90506387 -0.63510054 -0.45551926
v 0.90439069 -0.67678905 -0.42468390
v 0.86322606 -0.65712756 -0.48137903
v 0.94339162 -0.61606532 -0.42581999
v 0.94217771 -0.65855849 -0.39450163
v 0.89846623 -0.71683788 -0.39291626
v 0.93746048 -0.69834942 -0.36062193
v 0.89690131 -0.59027159 -0.48232049
v 0.85259259 -0.61372262 -0.50557899
v 0.80995268 -0.63679039 -0.52402163
v 0.86101097 -0.69681650 -0.45312601
v 0.81723291 -0.67978704 -0.50322187
v 0.79843748 -0.75388682 -0.45336843
v 0.81076813 -0.71767163 -0.47843379
v 0.85247993 -0.73562253 -0.42398316
v 0.81912762 -0.56968117 -0.50154054
v 0.77423882 -0.59372902 -0.52252269
v 0.86306965 -0.54584384 -0.47578865
v 0.93634838 -0.56838799 -0.44990349
v -1.07654583 -0.10040516 0.24477677
v -1.05226684 -0.05399723 0.28909117
v -1.04822254 -0.07747196 0.19628449
v -1.09064341 -0.14659193 0.27272892
v -1.05861092 -0.10153230 0.32332706
v -1.05091798 -0.15701991 0.34042460
v -1.00753725 -0.11800510 0.38995302
v -1.01329017 -0.01392802 0.33320487
v -1.01579642 -0.06325229 0.36812669
v -0.62506223 -0.14583972 0.54567617
v -0.64411229 -0.10417605 0.54794079
v -0.66378701 -0.16044843 0.57051545
v -0.61227655 -0.09422668 0.52085459
v 0.58149266 -0.97172242 -0.30584502
v 0.58056825 -0.99556345 -0.25849158
v 0.51378536 -0.97293943 -0.31007364
v 0.57982618 -1.01346302 -0.21713918
v 0.51504922 -0.99496728 -0.25893661
v 0.46321228 -0.95101100 -0.29989722
v 0.64429837 -0.98744673 -0.23337096
v 0.64966053 -0.96217948 -0.27691218
v 0.59204251 -0.94331831 -0.34764501
v 0.52230650 -0.94431287 -0.36137471
v 0.65884072 -0.93337423 -0.31919521
v 0.46668848 -0.92141658 -0.35277063
v -1.10107219 -0.18761095 0.20619662
v -1.08815551 -0.19903603 0.28473318
v -1.08102334 -0.18656036 0.14469554
v -1.08976769 -0.24638975 0.13829376
v -1.08477306 -0.13824210 0.20227210
v -1.06643355 -0.13007841 0.16308571
v -0.77058870 0.03234445 0.51310802
v -0.78616083 0.05806873 0.48651010
v -0.82062823 0.02191951 0.50944006
v -0.80077964 -0.01662240 0.52897525
v -0.87484813 0.05553585 0.44954115
v -0.87126893 0.00990637 0.48400533
v -0.82947588 0.05951734 0.47398967
v -0.85490608 -0.03509940 0.50652987
v -0.80341792 0.07794859 0.43541789
v -0.73343015 0.04177997 0.48977977
v -0.77988029 -0.05591383 0.54592830
v -0.71406907 -0.44865412 0.49082756
v -0.67922008 -0.39954728 0.51669437
v -0.74688339 -0.40383384 0.51003754
v -0.77400810 -0.35062671 0.51974511
v -0.81905556 -0.39110053 0.48124850
v -0.78811371 -0.44431251 0.47111332
v -0.70501906 -0.35632715 0.53925562
v -0.65861380 -0.31518853 0.55193824
v -0.72632360 -0.30878672 0.54930580
v -0.65730840 -0.34693569 0.53823668
v -0.99492157 -0.17354444 0.40489107
v -0.94420397 -0.13640854 0.45221716
v -0.97059333 -0.03090120 0.41183937
v -0.95949411 -0.08388980 0.43470377
v -0.89055032 -0.10523411 0.49247593
v -0.90844423 -0.05646282 0.47425568
v -0.63010371 -0.24904379 0.55288780
v -0.64492941 -0.20466942 0.56245303
v -0.67337304 -0.27195916 0.56560421
v -0.74687523 -0.25967082 0.55353147
v -0.79905123 -0.29825801 0.52401912
v -0.69264597 -0.22727668 0.56933504
v -0.84893918 -0.33813190 0.48464447
v -0.82368213 -0.24820498 0.52282989
v -0.87699544 -0.28696272 0.48252642
v -0.97633570 -0.36815858 0.37405330
v -1.04614663 -0.36310470 0.30051428
v -1.00453115 -0.32094052 0.36516786
v -0.92863572 -0.32720509 0.43245649
v -0.95604187 -0.27838397 0.42441052
v -0.89743501 -0.37615478 0.43716747
v -1.07219732 -0.40062770 0.22942816
v -1.09522939 -0.34744009 0.22194318
v -1.02600765 -0.45854646 0.16921417
v -1.05676293 -0.41486853 0.15541105
v -1.07928419 -0.36369008 0.14504339
v -1.08180642 -0.25634718 0.28849119
v -1.10571039 -0.29107961 0.21382628
v -1.06787157 -0.31136245 0.29408139
v -1.02608740 -0.26963344 0.35780108
v -1.10932744 -0.23698601 0.20919736
v -0.86304861 -0.42699915 0.43628430
v -0.98839921 -0.49285406 0.18670128
v -0.82904774 -0.47974151 0.42675149
v -0.86779559 -0.50887895 0.37738305
v -0.92188710 -0.00617842 0.45058614
v -0.84971941 0.07982764 0.40537548
v -0.83506054 -0.07904062 0.52405256
v -0.87035733 -0.15298113 0.50669676
v -0.71474504 -0.18339613 0.56951517
v -0.76906747 -0.21299803 0.55219150
v -0.96852720 0.01801711 0.37639177
v -0.94267410 0.04696760 0.32709396
v -0.98566306 0.01405120 0.28253216
v -1.02156210 -0.02849369 0.23780115
v -0.89720070 0.06971085 0.36916977
v -0.92307639 0.04398087 0.41670674
v -1.04118741 -0.21475846 0.35024911
v -0.81416041 -0.12310644 0.53737807
v -0.75406063 -0.48924536 0.44981766
v -0.68487209 -0.46590620 0.45512217
v -0.79560399 -0.52144229 0.40014994
v -0.72134387 -0.50275320 0.41060251
v -0.79179078 -0.16767454 0.54681975
v -0.84787160 -0.20032215 0.51687324
v -0.90319878 -0.23747131 0.47547823
v -0.92550462 -0.18752071 0.46571976
v -0.97791773 -0.22721148 0.41575140
v 0.70161289 -0.83476889 -0.43185115
v 0.68558407 -0.86876011 -0.39776239
v 0.67079133 -0.90183920 -0.36000735
v 0.58876204 -0.79794359 -0.51395744
v 0.72513431 -1.00980365 0.00188206
v 0.67932153 -1.02722585 -0.03157237
v 0.75414324 -1.00134444 -0.04291701
v 0.68720180 -0.98986202 0.03469731
v 0.64088756 -1.00599456 -0.00117736
v 0.79640639 -0.98132890 -0.01486036
v 0.66636449 -1.02481782 -0.10935670
v 0.70937890 -1.01656115 -0.07443237
v 0.63492054 -1.03494084 -0.07035636
v 0.73438221 -0.99351448 -0.11845696
v 0.77774155 -0.97911114 -0.08637623
v 0.62627745 -1.02856815 -0.14578483
v 0.59439164 -1.03484070 -0.11198236
v 0.59596801 -1.01561797 -0.04119119
v 0.55439943 -1.01672435 -0.08584130
v 0.73623306 -0.88990694 -0.32597819
v 0.71974611 -0.80023694 -0.46121788
v 0.65502924 -0.80613095 -0.49300772
v 0.73740441 -0.76557946 -0.48599875
v 0.67345804 -0.76899731 -0.51666504
v 0.60998362 -0.75451845 -0.53208655
v 0.69459027 -0.73569798 -0.53588730
v 0.53356528 -0.76874137 -0.50526071
v 1.02309453 -0.52447319 -0.33474809
v 1.02457905 -0.57061017 -0.33032125
v 1.00194275 -0.53367287 -0.37749407
v 0.99742383 -0.48272926 -0.32254720
v 1.03848302 -0.52650255 -0.28746903
v 1.00371277 -0.58362848 -0.36205655
v 0.97098571 -0.54906374 -0.41443434
v 0.97215122 -0.48970687 -0.36761934
v 1.02351880 -0.60769904 -0.30002922
v 1.00143409 -0.62530482 -0.33071387
v 0.97439438 -0.64161491 -0.36281532
v 1.03971541 -0.55987084 -0.29877016
v 1.04162991 -0.58105820 -0.27430081
v 1.05045962 -0.54622787 -0.24927866
v 1.04401302 -0.60711592 -0.23372045
v 1.05205226 -0.59639317 -0.16272634
v 1.04117143 -0.63581848 -0.19260055
v 1.05713236 -0.56979108 -0.20673878
v 1.01984704 -0.66720170 -0.22379799
v 1.02379382 -0.63709170 -0.26220101
v 0.99925417 -0.66081518 -0.29396629
v 0.99422973 -0.69372606 -0.25669539
v 1.04502559 -0.62695575 -0.12043601
v 1.01192892 -0.69844419 -0.18594624
v 0.87107575 -0.92583889 0.02531821
v 0.84983104 -0.93223447 0.06832494
v 0.83618116 -0.95643681 0.00801833
v 0.85678571 -0.93425506 -0.03440782
v 0.81899738 -0.95925254 -0.05784708
v 0.89072591 -0.90575892 -0.01272207
v 0.92005122 -0.87488157 0.00884709
v 0.90055668 -0.89327139 0.04068799
v 0.88035136 -0.89472306 0.07638757
v 0.87745130 -0.90780050 -0.07355455
v 0.83979475 -0.93187708 -0.10058755
v 0.81324917 -0.96565610 0.05510212
v 0.77032030 -0.98997003 0.03177686
v 0.77580744 -0.93990356 0.08679004
v 0.73284149 -0.96794325 0.06458209
v 0.85005128 -0.86676234 0.10999589
v 0.81465691 -0.90581864 0.10184930
v 0.71246237 -0.95043617 -0.24301299
v 0.72360867 -0.92124850 -0.28570279
v 0.68852478 -1.00284147 -0.15331632
v 0.63987070 -1.00968301 -0.18831560
v 0.70193899 -0.97781342 -0.19859412
v 0.75291604 -0.96632677 -0.16317230
v 0.76807958 -0.93742865 -0.20744446
v 0.97629231 -0.59848684 -0.39397538
v 0.94070876 -0.50390178 -0.40832698
v 0.76655304 -0.69609219 -0.52396005
v 0.76715600 -0.65448135 -0.53700525
v 0.75436532 -0.73128152 -0.50622249
v 0.58838373 -1.02760005 -0.17254218
v 0.56016237 -1.02844036 -0.15539090
v 0.97617203 -0.78774405 0.05565254
v 0.94668543 -0.81901032 0.07698674
v 0.96269000 -0.81901443 0.01403968
v 0.93920374 -0.84982193 -0.01926391
v 0.94291604 -0.84288692 0.03684945
v 0.91024226 -0.85475278 0.08254705
v 0.92098814 -0.86668062 0.05451365
v 0.91851771 -0.78550500 0.10359199
v 0.99722117 -0.75567222 0.02752386
v 0.98142725 -0.79073268 -0.01368505
v 0.94878536 -0.74874949 0.08424990
v 0.97343260 -0.71381241 0.05843259
v 0.95738214 -0.82200187 -0.04905280
v 0.97418100 -0.79248983 -0.08108339
v 0.71230519 -0.70316905 -0.54775023
v 0.72291434 -0.66682631 -0.54642874
v 0.69012046 -0.64475179 -0.54617536
v 0.65987432 -0.67871016 -0.54918569
v 0.72936630 -0.61703342 -0.53705990
v 0.90416151 -0.52300453 -0.44500637
v 0.47690818 -0.88743466 -0.40018192
v 0.53139222 -1.01423359 -0.20712696
v 0.51739049 -1.01164258 -0.13426785
v 1.02451754 -0.69827473 -0.11473555
v 1.03368759 -0.66649830 -0.15279609
v 1.03899181 -0.65981919 -0.07962205
v 1.02000570 -0.61436230 -0.04981713
v 1.00179124 -0.73031050 -0.14952642
v 1.03296089 -0.55240077 -0.13686496
v 1.03406501 -0.52616805 -0.18321176
v 1.01675987 -0.48705429 -0.27413961
v 1.02880156 -0.50344443 -0.22873312
v 0.78210092 -0.90726829 -0.24998318
v 0.48780921 -0.99833888 -0.18768984
v 0.46933100 -0.97725993 -0.24390261
v 0.78299749 -0.78915262 -0.42705601
v 0.84023118 -0.77275747 -0.39393187
v 0.88892770 -0.75486594 -0.36035150
v 0.82606286 -0.80844742 -0.36212736
v 0.87699270 -0.79110044 -0.32675093
v 0.92996019 -0.73605484 -0.32602555
v 0.63450289 -0.71571934 -0.54521561
v 0.91037196 -0.87995732 -0.04730806
v 0.89686567 -0.87845206 -0.11080682
v 0.98595303 -0.72640032 -0.22003849
v 0.95555377 -0.75055653 -0.25538260
v 0.97077030 -0.68039042 -0.32736653
v 0.96469539 -0.71619236 -0.29121840
v 0.91969180 -0.77195090 -0.29108000
v 0.94386250 -0.78405672 -0.21975711
v 0.97495848 -0.75880706 -0.18443283
v 0.90715116 -0.80628169 -0.25539446
v 0.99771672 -0.76072413 -0.04491544
v 1.01312065 -0.72360373 -0.00536866
v 0.99252027 -0.67993551 0.02620059
v 1.03019547 -0.69205993 -0.03996906
v 1.01246965 -0.72925633 -0.07834783
v 0.76671433 -0.82341081 -0.39732349
v 0.75115150 -0.85718906 -0.36333215
v 0.79833710 -0.95149463 -0.13009970
v 0.85948837 -0.90210897 -0.14109045
v 0.81665379 -0.92176610 -0.17300725
v 0.83309072 -0.89083529 -0.21457191
v 0.89282691 -0.83925873 -0.21862791
v 0.87689996 -0.87120712 -0.18057293
v 0.84862679 -0.85883659 -0.25416869
v 0.92934591 -0.85158098 -0.08071764
v 0.94637591 -0.82167089 -0.11473519
v 0.91429299 -0.84801775 -0.14751014
v 0.98898131 -0.76163113 -0.11458116
v 0.79632676 -0.87563914 -0.29015970
v 0.93004471 -0.81651276 -0.18376496
v 0.96159410 -0.79059196 -0.14933719
v 0.86334604 -0.82567227 -0.29153201
v 0.81126100 -0.84266996 -0.32767940
v -0.87294060 -0.54106635 0.28870553
v 0.55761510 -0.72690874 -0.52523941
v -0.83516675 -0.53821921 0.34263754
v -0.76185542 -0.52953792 0.35913682
v -1.08950651 -0.30623165 0.13881321
v 1.02751768 -0.58218288 -0.09219550
v -0.76879132 -0.34922138 -0.39254284
v -0.77429837 -0.25812563 -0.32057703
v -0.85956454 -0.37143737 -0.45511311
v -0.69466823 -0.23961473 -0.29024243
v -0.83325624 -0.46339309 -0.55629301
v -0.92489219 -0.47407097 -0.65155184
v -0.92852193 -0.26180929 -0.42769098
v -0.94509131 -0.37450433 -0.53337622
v -0.85434890 -0.26749679 -0.36628222
v -0.88559377 -0.15136254 -0.34336486
v -0.82449096 -0.16421819 -0.29816663
v -0.01618636 0.68833148 -0.55165130
v -0.02587931 0.72052127 -0.54245758
v 0.00482834 0.68959492 -0.52278876
v -0.01586522 0.75214159 -0.50350404
v -0.00501168 0.72109413 -0.51373905
v -0.03603473 0.75230712 -0.53201127
v -0.04884030 0.72051376 -0.56999010
v -0.05837109 0.75286871 -0.55946976
v 0.01430380 0.65756071 -0.53057313
v 0.01370462 0.72175872 -0.48373288
v 0.02362877 0.69136220 -0.49240077
v -0.59451920 0.39918399 -0.07874655
v -0.61534327 0.37224829 -0.11491639
v -0.57046247 0.37051204 -0.06567505
v -0.57205319 0.42542490 -0.04324393
v -0.61769980 0.42932597 -0.09247727
v -0.54755855 0.39572120 -0.03102094
v -0.59187394 0.34448451 -0.10147993
v -0.54543465 0.34401101 -0.05278222
v -0.63394833 0.34464201 -0.14989555
v -0.14418766 0.95784390 -0.20894624
v -0.17531675 0.95215732 -0.18338653
v -0.12776485 0.94198680 -0.18123953
v -0.15800551 0.93610936 -0.15505838
v -0.11071062 0.92370135 -0.15457177
v -0.16979006 0.91154873 -0.10119177
v -0.13952515 0.91845542 -0.12762484
v -0.18906200 0.92871314 -0.12924643
v -0.09486513 0.89901727 -0.13244420
v -0.20695448 0.94440246 -0.15823987
v 0.61770052 0.44168124 -0.58831704
v 0.59077400 0.48196548 -0.60313654
v 0.65139204 0.46586609 -0.58589768
v 0.67513490 0.42963240 -0.56031847
v 0.64200717 0.40512329 -0.56217420
v 0.58330953 0.41732985 -0.59047014
v 0.62689346 0.35372388 -0.52675402
v 0.60892135 0.38011700 -0.56414407
v 0.65850466 0.37919953 -0.52531481
v 0.69045204 0.40395758 -0.52334017
v 0.65868592 0.52884305 -0.59806770
v 0.68451577 0.48999909 -0.58319980
v 0.62516779 0.50536686 -0.60083854
v 0.22485349 -0.21180201 -0.41919130
v 0.26225954 -0.16440704 -0.40519571
v 0.28334081 -0.24079093 -0.40863773
v 0.36913547 -0.23802280 -0.39462385
v 0.33428574 -0.27419037 -0.40965396
v 0.31811404 -0.20404550 -0.39394283
v 0.20998850 -0.14806184 -0.42847961
v 0.24634060 -0.11672545 -0.41230673
v 0.32081917 -0.14052072 -0.37526232
v 0.29288793 -0.10470010 -0.38258281
v -0.59901637 0.06385481 0.41144121
v -0.62740421 0.09147918 0.38340592
v -0.62051004 0.04793306 0.43007672
v -0.57009035 0.08225017 0.39030367
v -0.59842354 0.10780668 0.35929137
v -0.62910765 0.12464593 0.32387811
v -0.54407835 0.04941091 0.41452086
v -0.59476930 0.01321781 0.44930977
v -0.57276702 0.02954661 0.43320382
v -0.11185688 0.30675837 0.15644492
v -0.14852890 0.28494444 0.17484374
v -0.09048228 0.27751622 0.17845662
v -0.05354929 0.30252033 0.15089677
v -0.03002181 0.27423975 0.17367499
v -0.16233814 0.23126930 0.22039078
v -0.12710099 0.25326613 0.20179074
v -0.18329829 0.26514763 0.18890102
v -0.06675863 0.24597755 0.20541169
v -0.34130102 -0.32896045 0.31874764
v -0.30951366 -0.32047167 0.30650330
v -0.32438391 -0.27667567 0.35483009
v -0.37421933 -0.33812052 0.33132172
v -0.35905135 -0.28487414 0.36693728
v -0.27772573 -0.21535793 0.36987704
v -0.31259274 -0.22254243 0.38178986
v -0.29115438 -0.26888865 0.34237957
v -0.26962587 -0.16099548 0.38848412
v -0.30686221 -0.16762650 0.39864993
v -0.34505695 -0.17698491 0.41039413
v -0.34938303 -0.23088256 0.39339626
v -0.25966856 -0.26197106 0.33150536
v -0.27943149 -0.31275597 0.29524857
v 0.40129691 -0.92415971 -0.22005460
v 0.42007816 -0.94348091 -0.16234063
v 0.37665018 -0.89499319 -0.20946603
v 0.36767170 -0.87121195 -0.26512608
v 0.39286891 -0.89804536 -0.27606386
v 0.43182775 -0.95196468 -0.23140834
v 0.34754801 -0.84356648 -0.25408643
v -1.04741991 -0.07520425 -1.32167768
v -1.05789423 -0.00743147 -1.19512784
v -0.98911035 0.02817509 -1.29960954
v -0.97637439 0.14090011 -1.05524087
v -0.99775141 0.08367608 -1.18563151
v -1.03338635 0.06307890 -1.05136299
v -0.92838764 0.16813824 -1.15370214
v -0.91892558 0.12509885 -1.25244141
v -0.94392604 -0.01751671 -1.38489211
v -0.84252650 0.21344444 -1.18736839
v -0.17516679 -0.46231115 -0.15484805
v -0.20550326 -0.45654243 -0.14263350
v -0.18992099 -0.44769555 -0.19060746
v -0.15768588 -0.45395947 -0.20200565
v -0.15805154 -0.46757561 -0.11649469
v -0.18777040 -0.46247876 -0.10461052
v -0.12723419 -0.47341621 -0.12724130
v -0.14373893 -0.46816593 -0.16595002
v -0.13776073 -0.46519256 -0.07358936
v -0.16716725 -0.45968044 -0.06225027
v -0.11166084 -0.47446465 -0.17661689
v -0.39290655 0.77687275 -0.72233474
v -0.35398677 0.77309394 -0.72111511
v -0.39442533 0.74456686 -0.73818243
v -0.35291508 0.80260551 -0.70344824
v -0.35344452 0.70627958 -0.75064582
v -0.39571413 0.70933008 -0.75312376
v -0.35389212 0.74104249 -0.73646671
v -0.43098757 0.78040284 -0.71870065
v -0.43396136 0.74804127 -0.73499000
v -0.31061694 0.70295209 -0.74309069
v -0.31306589 0.73710167 -0.73037356
v -0.63990253 0.49764365 -0.83568710
v -0.60726482 0.54741055 -0.79817092
v -0.61315292 0.49033988 -0.87368262
v -0.57570720 0.54200560 -0.82745075
v -0.57895464 0.48493317 -0.90086204
v -0.54899204 0.59072286 -0.79192084
v -0.02874478 0.65469617 -0.58603364
v -0.03909058 0.68793815 -0.57904577
v -0.00631889 0.65549082 -0.55915207
v -0.30205935 0.91441625 -0.08717460
v -0.33455777 0.89843464 -0.06850174
v -0.28475276 0.89621955 -0.05838846
v -0.27018297 0.92635423 -0.10932098
v -0.31807265 0.93317515 -0.11601228
v -0.31803206 0.87876999 -0.04053135
v -0.26595172 0.87679291 -0.03107968
v -0.23303157 0.89124042 -0.05223595
v -0.25231278 0.90972966 -0.07996244
v -0.33532053 0.83738613 -0.00024791
v -0.30008575 0.85936153 -0.01304543
v -0.35234404 0.85740006 -0.02735101
v 0.31866857 0.08723023 -0.37951475
v 0.29523352 0.08259095 -0.43925452
v 0.32479918 0.11198772 -0.40659392
v 0.29101714 0.05131750 -0.41240603
v 0.26193827 0.05163013 -0.46178132
v 0.31921843 0.05863587 -0.35539633
v 0.29367515 0.01751342 -0.38818556
v 0.34269366 0.09787904 -0.31244111
v 0.14979082 0.52325779 -0.22254647
v 0.17345387 0.50514829 -0.22203334
v 0.15942881 0.53391522 -0.26133707
v 0.19922221 0.48773301 -0.21988671
v 0.18654534 0.51690537 -0.26052719
v 0.18292278 0.47268394 -0.18500109
v 0.19404027 0.52685624 -0.29988778
v 0.16311049 0.54160762 -0.30085790
v 0.12943989 0.54272598 -0.22218788
v 0.13673601 0.55250084 -0.26140630
v 0.23055181 0.51547927 -0.29778644
v 0.21570802 0.50229299 -0.25736094
v -0.27724013 0.58122933 0.12929250
v -0.24172407 0.60420036 0.11256851
v -0.29809925 0.61805975 0.12470804
v -0.33787990 0.59156686 0.13016523
v -0.31859037 0.65449506 0.11743487
v -0.36021078 0.62692136 0.11991324
v -0.37715489 0.56125802 0.12264378
v -0.40010661 0.59680623 0.11273314
v -0.38101089 0.66021580 0.10483338
v -0.27950260 0.67775321 0.10441546
v -0.26094949 0.64086115 0.10899274
v -0.19628522 0.21263438 0.23514573
v -0.13928179 0.19352922 0.25437111
v -0.11457530 0.15268224 0.28669149
v -0.07738338 0.18233639 0.26260781
v -0.17533779 0.17319688 0.27204716
v -0.21220911 0.15948418 0.28514063
v -0.15227059 0.12808944 0.30607104
v -0.23007300 0.19773032 0.24620153
v -0.13520756 -0.09509421 0.36424738
v -0.16614506 -0.09420732 0.37124228
v -0.14495869 -0.14700842 0.35461640
v -0.20266730 -0.15057567 0.37025291
v -0.17290321 -0.14760593 0.36198080
v -0.19811213 -0.09657542 0.37942386
v -0.16384372 -0.04043617 0.37235218
v -0.19874942 -0.04269066 0.38080263
v -0.11771886 -0.14914551 0.34811771
v -0.13385940 -0.19916841 0.32975572
v -0.18561190 -0.20081404 0.34301579
v -0.15927733 -0.19899338 0.33584923
v 0.45505431 -0.80023444 0.09838532
v 0.41719413 -0.81454575 0.05000985
v 0.48141900 -0.83714658 0.08514301
v 0.44190326 -0.85047054 0.03727314
v 0.50912124 -0.87346107 0.07112052
v 0.38358983 -0.82221961 -0.00359043
v 0.39265859 -0.77878338 0.06295444
v 0.52377409 -0.81685531 0.12612770
v 0.55273551 -0.85391766 0.11114495
v 0.62299120 0.63020581 -0.27012134
v 0.59534156 0.65634322 -0.28593022
v 0.59221035 0.60244548 -0.27591321
v 0.54045564 0.64901733 -0.31616366
v 0.56533283 0.62793761 -0.29183900
v 0.56998032 0.67666239 -0.31140491
v 0.53636748 0.60321701 -0.29534456
v 0.56276596 0.57785130 -0.27953959
v 0.60190886 0.70755237 -0.30792987
v 0.57730657 0.71958607 -0.34076580
v 0.54707843 0.69129270 -0.34394878
v 0.62912762 0.68713379 -0.28341505
v 0.79838425 -0.63802803 0.19003467
v 0.82798034 -0.59749103 0.17182411
v 0.76882994 -0.60087591 0.20883776
v 0.79851973 -0.56019074 0.19071831
v 0.82285929 -0.52159530 0.16461642
v 0.76928651 -0.52317381 0.20860721
v 0.73937929 -0.56407750 0.22683598
v 0.85275269 -0.55898243 0.14619769
v 0.76331609 -0.67960858 0.19740425
v 0.73352522 -0.64254230 0.21593304
v 0.79310530 -0.71698016 0.17734028
v 0.82806003 -0.67534989 0.16983674
v -0.62223566 -0.35099795 -1.38726652
v -0.78371710 -0.38781804 -1.43972373
v -0.63855392 -0.25604677 -1.41895008
v -0.58929652 -0.42934179 -1.32742906
v -0.75427300 -0.47540367 -1.37594128
v -0.42511275 -0.34949479 -1.23522592
v -0.45751047 -0.28119251 -1.28851879
v -0.70723885 -0.54091954 -1.28589165
v -0.47743586 -0.19621509 -1.31693017
v -0.59686530 0.78951597 -0.64533120
v -0.56797075 0.78997594 -0.66610599
v -0.60677010 0.76020730 -0.66402125
v -0.55837888 0.81755018 -0.64373463
v -0.52786684 0.81675845 -0.66172218
v -0.53645301 0.78866374 -0.68362164
v -0.57652575 0.75933653 -0.68431443
v -0.57624847 0.84101796 -0.59589362
v -0.54784811 0.84288847 -0.61729461
v -0.58649659 0.81595778 -0.62216288
v -0.51800936 0.84272510 -0.63617355
v 0.08554541 0.65724546 -0.33061969
v 0.07769608 0.68416619 -0.32614639
v 0.08726680 0.65170199 -0.29338044
v 0.09379292 0.63136089 -0.33422691
v 0.09549763 0.62611949 -0.29649407
v 0.09324736 0.61897129 -0.25761434
v 0.07993486 0.67860049 -0.28932333
v 0.07337147 0.70668584 -0.28430772
v 0.07636657 0.67154264 -0.25102332
v 0.07029919 0.71210736 -0.32068169
v 0.08432042 0.64459479 -0.25479111
v -0.58923745 0.13857602 0.29451114
v -0.51335067 0.14258288 0.30175787
v -0.53932494 0.15143955 0.25973183
v -0.56026447 0.12563507 0.33216751
v -0.53310889 0.10256038 0.36616898
v -0.66199732 0.13196956 0.28373784
v -0.62196112 0.14209861 0.25344336
v 0.42396513 -0.92509228 -0.28768626
v 0.45131058 -0.97224408 -0.17381883
v 0.42531908 -0.89411038 -0.34054267
v 0.39296860 -0.86757267 -0.32831043
v -0.87773371 0.08986027 -1.32443929
v -0.48812702 -0.51666188 -1.14238834
v -0.33804512 -0.42018944 -1.06925356
v -0.42963922 -0.51741552 -1.02781487
v -0.24992290 -0.38751706 -0.85623187
v -0.37144598 -0.48819047 -0.90655810
v -0.29245347 -0.41551578 -0.96482676
v -0.17585811 -0.30031365 -0.88022566
v -0.38354474 -0.39721373 -1.16106284
v -0.20820329 -0.30485034 -0.97062564
v -0.04629575 0.78418475 -0.52083820
v -0.05799474 0.81565958 -0.50833708
v -0.02701845 0.78353179 -0.49269336
v -0.07852048 0.81665415 -0.53495759
v -0.02345399 0.81292468 -0.45180714
v -0.00996030 0.78240740 -0.46373922
v -0.03978071 0.81464285 -0.48048174
v -0.03811106 0.84314275 -0.43802047
v -0.05421691 0.84512484 -0.46629149
v -0.07152415 0.84658277 -0.49407095
v -0.62111652 0.85144883 -0.51847404
v -0.59462392 0.86131853 -0.54505342
v -0.62852108 0.82810497 -0.54447752
v -0.61246556 0.81227988 -0.59781575
v -0.60323656 0.83655006 -0.57178539
v -0.63654053 0.80598545 -0.57020390
v -0.64513940 0.83547270 -0.48888236
v -0.61235338 0.87495941 -0.49102437
v -0.58568484 0.88656658 -0.51764935
v -0.65265507 0.81445491 -0.51466686
v -0.52100199 0.11798575 -0.07425400
v -0.49264333 0.16087820 -0.04859151
v -0.52388865 0.14701743 -0.11461132
v -0.50607854 0.13855366 -0.00256407
v -0.57766932 0.05516725 -0.05410063
v -0.54003304 0.10055955 -0.03432651
v -0.55105567 0.06715917 -0.09428661
v -0.54855800 0.08992396 -0.13980177
v -0.57108223 0.01434199 -0.16897665
v -0.57998884 -0.03100168 -0.16663718
v -0.56693053 0.02137367 -0.13940421
v -0.58918679 -0.03421117 -0.14541365
v -0.58157414 0.01458205 -0.10703338
v -0.11462059 0.95938408 -0.23511627
v -0.09944625 0.94443280 -0.20806518
v -0.08819254 0.95280683 -0.26112688
v -0.07408756 0.94043469 -0.23509449
v -0.08469692 0.92606109 -0.18210381
v 0.37387499 0.21512911 -0.55121279
v 0.33503824 0.24402112 -0.59048510
v 0.40100661 0.23814535 -0.56027693
v 0.36201170 0.27100664 -0.59801155
v 0.39673528 0.29534516 -0.59996241
v 0.31304228 0.30836889 -0.61919546
v 0.35373136 0.33584073 -0.61935532
v 0.28675941 0.27808413 -0.61297679
v 0.42750317 0.21859187 -0.51054752
v 0.31476283 0.21448302 -0.57848215
v 0.43288544 0.26139984 -0.56534100
v 0.51136482 0.36821276 -0.59610426
v 0.54798192 0.39282969 -0.59322166
v 0.53972793 0.33163035 -0.56682342
v 0.57515377 0.35520005 -0.56618202
v 0.56052351 0.30551112 -0.52728409
v 0.50320131 0.30879274 -0.56806731
v 0.52598840 0.28320438 -0.52608001
v 0.55485982 0.45899513 -0.60341340
v -0.05923664 0.45435223 0.07753144
v -0.09311887 0.43233255 0.09668444
v -0.04106892 0.42694411 0.07565568
v -0.11146240 0.38243404 0.11521231
v -0.07531200 0.40520060 0.09710295
v -0.12865552 0.40953115 0.11279927
v -0.09362228 0.35630223 0.12170936
v -0.05735150 0.37905794 0.09996198
v -0.11161384 0.46093938 0.09759532
v -0.14605469 0.43758610 0.11336066
v -0.18138632 0.41378692 0.12539177
v 0.36602244 -0.52597743 -0.44303501
v 0.39872345 -0.55261874 -0.45709389
v 0.34568802 -0.56466275 -0.42951715
v 0.37560821 -0.59087241 -0.44386524
v 0.32845441 -0.60260034 -0.40933305
v 0.40285006 -0.61373240 -0.45706356
v 0.35604706 -0.62857848 -0.42308161
v 0.35021231 -0.45736337 -0.43835777
v 0.38901266 -0.48752153 -0.45131242
v 0.32981810 -0.49657869 -0.42989069
v 0.31228393 -0.53557682 -0.41571841
v -0.11589675 0.75526589 -0.00884767
v -0.08907489 0.76492578 -0.03681199
v -0.13109323 0.78726733 -0.01420985
v -0.07877505 0.80296797 -0.07087798
v -0.10424960 0.79565644 -0.04232006
v -0.06387118 0.77345496 -0.06593807
v -0.04891764 0.74454832 -0.06284314
v -0.07419244 0.73444575 -0.03349188
v -0.10107633 0.72327703 -0.00555755
v -0.14679274 0.81939512 -0.02238341
v -0.09321688 0.83343065 -0.07851079
v -0.11930056 0.82704651 -0.05021256
v -0.45833325 -0.40486258 0.30963236
v -0.48847735 -0.41396955 0.32093006
v -0.48232755 -0.44531035 0.25634181
v -0.47071260 -0.36664110 0.36556828
v -0.42722902 -0.39500049 0.29724061
v -0.45129803 -0.43575412 0.24387743
v -0.47956961 -0.46509159 0.18551232
v -0.54250097 -0.47985613 0.21017124
v -0.51139063 -0.47264516 0.19745015
v -0.51274776 -0.45304817 0.26809603
v -0.54179287 -0.46010351 0.27959150
v -0.51699263 -0.42207515 0.33081025
v 0.11180138 0.35565296 0.03619310
v 0.08895939 0.37538987 0.02676427
v 0.08965359 0.33170128 0.07862036
v 0.12995434 0.37635395 -0.00558129
v 0.10793667 0.39569372 -0.01120089
v 0.03754356 0.32783321 0.10222952
v 0.06277095 0.30496246 0.12037326
v 0.06568079 0.35254195 0.06480034
v 0.13656816 0.33679709 0.04760054
v 0.11556295 0.31190544 0.09428553
v 0.09009812 0.28335679 0.14015593
v 0.46709117 -0.78183949 -0.46457767
v 0.48904762 -0.74143690 -0.49346542
v -0.32226104 -0.11303445 -1.18012333
v -0.32857832 -0.02326199 -1.16912150
v -0.47886786 -0.09543804 -1.30898130
v -0.32399657 0.07268184 -1.13074875
v -0.61054075 -0.02935905 -1.37014639
v -0.46490714 0.01414333 -1.26376522
v -0.63415807 -0.14783654 -1.41566670
v -0.18682113 -0.02055520 -1.03215110
v -0.30348954 -0.18827891 -1.15949047
v -0.19674489 0.05622494 -1.02164280
v 0.44139758 0.21309248 -0.45711011
v 0.47259066 0.23128289 -0.46719766
v 0.45897534 0.23900911 -0.51844233
v 0.50473070 0.25169796 -0.47394508
v 0.04348387 0.28073102 -0.68341005
v -0.02094681 0.24845695 -0.75796580
v 0.03483281 0.32488790 -0.67748684
v 0.10650336 0.25282773 -0.64037979
v 0.05124617 0.23555323 -0.68581480
v 0.10187141 0.29370087 -0.64136910
v 0.09487631 0.33374432 -0.63919234
v -0.02898159 0.30121139 -0.74427193
v -0.10417663 0.26364309 -0.83846706
v -0.03709516 0.35169172 -0.72870916
v -0.09946549 0.19842455 -0.86409175
v 0.02290660 0.36771208 -0.67097390
v -0.32009897 0.29792756 0.11587073
v -0.34212121 0.28352919 0.10713513
v -0.30353978 0.27524415 0.13991956
v -0.28977159 0.24789417 0.17350303
v -0.26204407 0.26283583 0.17163648
v -0.29571337 0.31189346 0.12336503
v -0.27879819 0.28940219 0.14307861
v -0.33818540 0.31710991 0.10004912
v -0.36055884 0.30255517 0.08776177
v -0.25150475 0.30378628 0.14505924
v -0.23376739 0.27788195 0.16898413
v -0.07879502 -0.48137677 -0.18584302
v -0.09144615 -0.46878177 -0.22323935
v -0.06302600 -0.48748261 -0.14523694
v -0.09548366 -0.48032558 -0.13710694
v -0.12498146 -0.46126491 -0.21310632
v -0.03039503 -0.49635625 -0.15153106
v -0.04545818 -0.48860645 -0.19346279
v -0.04366337 -0.48889267 -0.09963690
v -0.07564029 -0.47944921 -0.09288573
v -0.14818352 0.36002749 0.13092493
v -0.18514177 0.33893603 0.14092974
v -0.13101223 0.33403328 0.14060594
v -0.16472340 0.38632745 0.12601592
v -0.20101735 0.36405358 0.13392805
v -0.20293659 0.29464146 0.16290303
v -0.16786265 0.31323811 0.15404473
v -0.22021082 0.32009470 0.14493822
v -0.23608211 0.34409529 0.13382827
v -0.26787448 0.32686338 0.12974800
v 0.70374501 -0.60591406 0.23349996
v 0.72473919 -0.72085804 0.19594841
v 0.69473290 -0.68373734 0.21430011
v 0.66490692 -0.64704782 0.23191528
v 0.68367267 -0.76051915 0.18677251
v 0.65354317 -0.72318387 0.20476557
v 0.39350459 -0.08775639 0.32659107
v 0.35305849 -0.06287975 0.33176607
v 0.36543301 -0.13323089 0.34706831
v 0.40543115 -0.15947968 0.34055901
v 0.37447271 -0.20377359 0.35297346
v 0.43432063 -0.11384975 0.31934094
v 0.28701967 -0.08426314 0.35274547
v 0.32572666 -0.10811498 0.35088629
v 0.31357005 -0.03986970 0.33471560
v 0.25969911 -0.12685487 0.36096710
v 0.29732478 -0.15153578 0.36072439
v 0.33563474 -0.17729691 0.35798907
v -0.88349378 -0.23006359 -0.05539741
v -0.88141966 -0.28676033 -0.05764154
v -0.91961390 -0.23546442 -0.03809570
v -0.87280738 -0.33789957 -0.05127515
v -0.91740370 -0.29370397 -0.04066353
v -0.84167045 -0.16600829 -0.06157014
v -0.84658891 -0.22523060 -0.07295885
v -0.87852788 -0.16922143 -0.04317790
v -0.91335326 -0.17322767 -0.02408406
v -0.95463037 -0.24081421 -0.01836471
v -0.76142716 0.60306400 -0.39896134
v -0.76598686 0.57584876 -0.43731815
v -0.76434880 0.56350201 -0.37606084
v -0.75391889 0.64191055 -0.42050862
v -0.75964183 0.61569774 -0.45760620
v -0.76424623 0.54832697 -0.47963947
v -0.75891554 0.58837616 -0.49753869
v -0.74873912 0.65437239 -0.47577429
v -0.74969065 0.62730795 -0.51292342
v -0.74354535 0.66641599 -0.38574132
v -0.75136203 0.62868381 -0.36252838
v -0.75431788 0.59014940 -0.33926946
v -0.01193964 0.88581300 -0.29965481
v -0.00067740 0.87773401 -0.27343732
v 0.00504147 0.85972393 -0.31321782
v 0.03755498 0.81985521 -0.26026961
v 0.03187817 0.82699740 -0.29371864
v 0.02329256 0.84484500 -0.25393173
v -0.00880376 0.86430943 -0.34053981
v -0.02579127 0.89136142 -0.32532457
v -0.03098093 0.90948409 -0.28262705
v -0.04495500 0.91592407 -0.30703938
v -0.02076194 0.89992005 -0.25883093
v 0.02011857 0.83194160 -0.32421643
v 0.01679005 0.85347670 -0.28483087
v -0.21401179 -0.20415920 0.35063219
v -0.24451736 -0.20952564 0.35996652
v -0.23027956 -0.25648674 0.32231116
v -0.23480475 -0.15558651 0.37894815
v -0.20316219 -0.25253403 0.31443477
v 0.65283394 -0.08461454 0.11565848
v 0.65271354 -0.05997280 0.06005372
v 0.62069303 -0.05097995 0.12505130
v 0.68239236 -0.12016376 0.10476311
v 0.68325251 -0.09428331 0.05083241
v 0.64366543 -0.11609899 0.16480617
v 0.58638346 -0.01881909 0.13310392
v 0.61185330 -0.08156753 0.17593838
v 0.58637643 0.00380272 0.07369129
v 0.61985666 -0.02783410 0.06749783
v -0.37859860 0.95508862 -0.15337518
v -0.34852988 0.96703315 -0.17386238
v -0.39333358 0.96854311 -0.18316768
v -0.31826127 0.97566843 -0.19596222
v -0.36412233 0.97902215 -0.20363851
v -0.30246755 0.96134591 -0.16700526
v -0.38050270 0.98778063 -0.23408774
v -0.40860942 0.97730386 -0.21422336
v -0.42203221 0.95373261 -0.16475450
v -0.65592182 0.75877881 -0.61246145
v -0.67843539 0.75209296 -0.58174109
v -0.64578158 0.78321463 -0.59388161
v -0.63301533 0.75930816 -0.63995337
v -0.62282622 0.78719372 -0.62120533
v -0.66932786 0.77326792 -0.56369811
v -0.70277619 0.73137581 -0.55344743
v -0.69378769 0.75394571 -0.53553265
v 0.10611364 0.60207701 -0.29866001
v 0.12018245 0.57974309 -0.30020291
v 0.10425626 0.60687298 -0.33678603
v 0.13870871 0.55937618 -0.30097830
v 0.11842497 0.58407515 -0.33887690
v 0.11865085 0.57286459 -0.26081023
v 0.09810755 0.58609521 -0.22021912
v 0.11232490 0.56359422 -0.22143306
v 0.10439923 0.59502059 -0.25960413
v 0.72890526 0.41372982 -0.47839087
v 0.72237158 0.42897919 -0.51993400
v 0.75984484 0.43971017 -0.47403955
v 0.72592241 0.41075888 -0.43654147
v 0.69702172 0.38980165 -0.48139638
v 0.75362486 0.45509645 -0.51526856
v 0.78495598 0.48140791 -0.50995547
v 0.75637984 0.43580273 -0.43251765
v 0.45479283 -0.71632850 -0.47899711
v 0.42725495 -0.69405591 -0.46446246
v 0.48095557 -0.67636681 -0.49952316
v 0.48233727 -0.61655498 -0.49758947
v 0.51106602 -0.63752121 -0.51191908
v 0.45305327 -0.65480077 -0.48464727
v 0.51496333 -0.70045465 -0.51361877
v -0.01035728 0.65361327 -0.06515895
v -0.02239244 0.68441850 -0.06292331
v -0.03241959 0.64134228 -0.03304496
v -0.03499040 0.71497023 -0.06171198
v -0.04651912 0.67233866 -0.03244324
v 0.00333021 0.62363547 -0.06716439
v 0.01001776 0.66459674 -0.09867653
v -0.07225314 0.65880388 -0.00349994
v -0.05622176 0.62748897 -0.00258934
v -0.01610980 0.61143106 -0.03342800
v 0.44520542 -0.40361714 0.31889528
v 0.48328230 -0.36341223 0.32156569
v 0.41239011 -0.37276068 0.32984549
v 0.41459888 -0.30275506 0.34168935
v 0.44960508 -0.33251432 0.33284408
v 0.44926202 -0.26038936 0.33622408
v 0.37872097 -0.34261885 0.33771282
v 0.51935369 -0.32123795 0.31495631
v 0.40638509 -0.44122261 0.30712306
v 0.37465018 -0.40995422 0.31662196
v -0.79976141 -0.59966993 -1.16362345
v -0.64687526 -0.57906055 -1.17605984
v -0.72408909 -0.61560893 -1.03752804
v -0.50567859 -0.56300896 -0.92581028
v -0.57795316 -0.58667421 -1.05353773
v -0.98841667 -0.52398860 -1.21768081
v -0.86120975 -0.55418921 -1.27762747
v -0.92836154 -0.57696253 -1.10162842
v -0.64135736 -0.60066128 -0.90786564
v -0.85157025 -0.60143334 -0.97646189
v -0.76368487 -0.59612083 -0.85049409
v 0.31899840 -0.62315172 0.15650178
v 0.29055560 -0.59091526 0.16430603
v 0.28760669 -0.64139622 0.10670437
v 0.23228356 -0.62351167 0.05885197
v 0.25963974 -0.65405321 0.05232270
v 0.25972542 -0.61025900 0.11404420
v 0.28650913 -0.68591487 0.04354237
v 0.26219279 -0.69150031 -0.01358977
v 0.20821181 -0.63021421 0.00089265
v 0.23561400 -0.66018444 -0.00512673
v 0.23221400 -0.58013004 0.11912148
v 0.26267883 -0.55976075 0.17037390
v -0.61120027 0.60861534 -0.04318400
v -0.59419429 0.57629371 -0.02100904
v -0.58362943 0.63646322 -0.01551855
v -0.57265431 0.54354012 -0.00335133
v -0.56607276 0.60485345 0.00659440
v -0.53476036 0.63375527 0.03008966
v -0.55269963 0.66438073 0.00821517
v -0.59811699 0.66699660 -0.04046014
v -0.63492209 0.58086699 -0.07481676
v -0.61806393 0.54823029 -0.05339032
v 0.94348854 -0.67406225 0.08280422
v 0.96293938 -0.63949448 0.05034751
v 0.91837662 -0.71073008 0.10844232
v -0.82225376 0.09320082 0.36714429
v -0.76459545 0.06522290 0.46406418
v -0.73904723 0.07475786 0.43639094
v -0.77797532 0.08975858 0.40341097
v 0.59376401 0.32967111 -0.52708155
v 0.45349127 -0.47757530 -0.46599787
v 0.41510242 -0.44930065 -0.45369750
v 0.48543903 -0.44098663 -0.46105272
v 0.56075644 -0.43162924 -0.45849144
v 0.52283484 -0.46685225 -0.47138584
v 0.52129573 -0.40493977 -0.44859791
v 0.44470406 -0.41166219 -0.44962454
v 0.47833875 -0.37492540 -0.43823171
v 0.56078923 -0.36933750 -0.43006456
v 0.22835848 -0.68093592 -0.12949204
v 0.25502482 -0.71174455 -0.13984184
v 0.24294722 -0.68984741 -0.07208887
v 0.26871246 -0.72128373 -0.08237056
v 0.29200003 -0.75371134 -0.09415945
v 0.28803670 -0.72340113 -0.02403396
v 0.24662742 -0.69545126 -0.19418281
v 0.27862787 -0.74348313 -0.15165126
v 0.27126819 -0.72652811 -0.20602380
v -0.31476188 0.76921511 -0.71639347
v 0.83865792 -0.35032791 -0.31280419
v 0.80223268 -0.36850059 -0.35603493
v 0.80485654 -0.31838548 -0.30229628
v 0.83659160 -0.30730706 -0.25200671
v 0.86873817 -0.34111962 -0.26383492
v 0.87206089 -0.38274285 -0.32487494
v 0.89187539 -0.34119767 -0.21175140
v 0.86130202 -0.30536601 -0.19824922
v -0.28735575 0.98297340 -0.21880704
v -0.25615165 0.98945272 -0.24242988
v -0.30422506 0.99382043 -0.24739641
v -0.27130947 0.96921635 -0.19046018
v -0.23963201 0.97642356 -0.21473621
v -0.33443603 0.98697913 -0.22520930
v -0.32196099 1.00006747 -0.27676177
v -0.35148990 0.99477643 -0.25509718
v -0.27359518 0.99906725 -0.27040502
v -0.24278313 1.00079203 -0.29423770
v -0.29214945 1.00332987 -0.29918921
v 0.45355165 0.49439645 -0.27604866
v 0.48034909 0.46557125 -0.27049270
v 0.48032752 0.51400012 -0.27936101
v 0.42653638 0.52116668 -0.28961858
v 0.45375946 0.54024827 -0.29383898
v 0.50719303 0.48552406 -0.27371931
v 0.50719070 0.53427613 -0.28075710
v 0.53333783 0.45650950 -0.27729613
v 0.50610042 0.43621731 -0.27468485
v 0.56042814 0.47731024 -0.27808380
v 0.53403735 0.50613439 -0.27426499
v 0.39960626 0.19794393 -0.49769396
v 0.37520710 0.17761464 -0.47942406
v 0.35128260 0.19087853 -0.53655547
v 0.41215116 0.19514963 -0.44256067
v 0.44463468 0.21782893 -0.40790671
v 0.47577944 0.23541123 -0.41875571
v -0.03875738 0.35330588 0.10711585
v -0.07480332 0.32995656 0.13320176
v -0.01791980 0.32753354 0.12044473
v 0.73661149 -0.55841631 -0.51239973
v 0.82662362 -0.50836462 -0.46284962
v 0.78233117 -0.53291345 -0.48971862
v 0.74622571 -0.50143272 -0.47673434
v 0.70061189 -0.52877450 -0.49935788
v -0.17545539 0.73019964 0.04158980
v -0.14459369 0.74374896 0.01746809
v -0.19067299 0.76480716 0.03742194
v -0.22381243 0.75046319 0.06034048
v -0.20824489 0.71473962 0.06413306
v -0.16077116 0.69543928 0.04399016
v -0.13009855 0.71029955 0.02010414
v -0.15976903 0.77709436 0.01253794
v -0.20720997 0.79865170 0.02944046
v -0.17595783 0.81007844 0.00435753
v 0.28506210 -0.61094755 -0.37032330
v 0.31432953 -0.63924277 -0.38287860
v 0.27614623 -0.64546037 -0.33823508
v 0.27079532 -0.67655671 -0.29989505
v 0.24273923 -0.64619285 -0.28801394
v 0.29550689 -0.70563483 -0.31234255
v 0.30309755 -0.67401648 -0.35069889
v 0.31669068 -0.73312408 -0.32513750
v 0.32608977 -0.70070589 -0.36384881
v 0.33964106 -0.66531879 -0.39619002
v -0.46048760 0.15908322 0.26750582
v -0.44110581 0.14123105 0.31345260
v -0.40436205 0.17495191 0.23860393
v -0.48019671 0.16508487 0.21893106
v -0.48882934 0.12276533 0.34003538
v -0.57207066 0.14989299 0.21722738
v -0.51503575 0.15936416 0.17419334
v -0.45260936 0.17939836 0.11706726
v 0.66572154 -0.50291967 -0.48767364
v 0.62248540 -0.53380835 -0.50349432
v 0.71055621 -0.47386003 -0.46484655
v 0.67544472 -0.44826722 -0.45499700
v 0.63181406 -0.47931713 -0.47667712
v 0.58996069 -0.51171255 -0.49201429
v 0.55083328 -0.54509759 -0.50100672
v 0.61498815 -0.58949250 -0.52593547
v 0.58184034 -0.56620485 -0.51358992
v 0.65624577 -0.55787814 -0.51611155
v 0.41412312 -0.79560369 -0.41616201
v 0.43251866 -0.75628370 -0.45083708
v 0.44841021 -0.82155102 -0.42929846
v -0.22359970 0.96089953 -0.18658261
v -0.19170284 0.96792883 -0.21139854
v -0.25534180 0.95279676 -0.16214296
v -0.20773020 0.98249459 -0.23946908
v -0.22460958 0.99363279 -0.26697600
v -0.66059828 0.49275377 -0.12371640
v -0.67704213 0.52583885 -0.14333332
v -0.67894232 0.46478114 -0.15979478
v -0.65612221 0.55340666 -0.10885130
v -0.65934283 0.43262202 -0.14332251
v -0.69563097 0.43628246 -0.19461595
v -0.67623281 0.40412101 -0.17832142
v -0.69568592 0.49809754 -0.17851219
v -0.68918228 0.55953252 -0.16548619
v 0.41976565 -0.04229425 0.29733354
v 0.37895516 -0.01759277 0.30323118
v 0.33913228 0.00497292 0.30765587
v 0.16624740 0.51751864 -0.47002602
v 0.20248824 0.50818980 -0.47599536
v 0.15208790 0.50310540 -0.50878465
v 0.17622238 0.47123563 -0.54904574
v 0.13668042 0.48585254 -0.54388416
v 0.18983608 0.49124253 -0.51501554
v 0.24254408 0.50913656 -0.48384237
v 0.23276883 0.48813087 -0.52377081
v 0.27700779 0.49598607 -0.53091234
v 0.22308290 0.46335632 -0.55758625
v 0.28281686 0.51824951 -0.49152333
v -0.59227830 -0.09176186 -0.17230931
v -0.60027236 -0.14840287 -0.17500056
v -0.60826713 -0.09022412 -0.15303412
v -0.63316858 -0.09407856 -0.13273309
v -0.60836732 -0.03537811 -0.11949544
v -0.65009946 -0.15115255 -0.14262603
v -0.62238103 -0.14835510 -0.15898576
v -0.58169687 -0.10007160 -0.18975420
v -0.58229756 -0.15183550 -0.18963890
v -0.58041948 -0.04811845 -0.18780024
v 0.63254356 0.76833886 -0.49384004
v 0.64804107 0.74432337 -0.53146917
v 0.60443652 0.74640483 -0.50019050
v 0.67678368 0.76597267 -0.52288210
v 0.69923258 0.73164624 -0.55363709
v 0.64211237 0.68910348 -0.56682920
v 0.61928833 0.72185457 -0.53777093
v 0.67122543 0.71074885 -0.56110728
v 0.59000772 0.69959497 -0.54118538
v 0.57659119 0.72335738 -0.50382364
v -0.06806925 0.53372347 0.05699502
v -0.04801159 0.50408900 0.05620560
v -0.04051311 0.55266935 0.03088482
v -0.01779409 0.56860393 -0.00029735
v -0.03756713 0.59761477 -0.00115024
v -0.06145649 0.58201730 0.02910185
v -0.08144920 0.61251915 0.02656280
v 0.00105250 0.58219463 -0.03426962
v 0.00133418 0.53986347 -0.00147733
v -0.02054231 0.52342123 0.03000608
v 0.01904548 0.55407667 -0.03544451
v 0.85436493 0.56278658 -0.41251481
v 0.84093130 0.52367133 -0.41696811
v 0.86403161 0.56565332 -0.44850540
v 0.81525278 0.49143431 -0.42276388
v 0.82054621 0.49560264 -0.46305227
v 0.85061640 0.60435957 -0.44523305
v 0.86648613 0.57233310 -0.48729455
v 0.85620534 0.60823834 -0.47805083
v 0.84837091 0.52703464 -0.45632237
v -0.34102431 0.87537163 -0.63439542
v -0.31007436 0.87172788 -0.63568431
v -0.34592989 0.85416573 -0.65994918
v -0.36389408 0.90029216 -0.60217470
v -0.33492416 0.89496058 -0.60838056
v -0.37222308 0.87913376 -0.62945378
v -0.37945765 0.85727167 -0.65677315
v -0.31446809 0.82614559 -0.68071347
v -0.35011950 0.83006829 -0.68368238
v -0.31244627 0.85077661 -0.65933001
v -0.27863231 0.82289112 -0.67395186
v -0.27886263 0.84806657 -0.65466392
v -0.25251061 0.36834148 0.12838475
v -0.23484439 0.41815004 0.13141392
v -0.27014616 0.39441574 0.12653126
v -0.21741849 0.39019221 0.13084288
v -0.28484836 0.34914139 0.12063725
v -0.28932944 0.42305091 0.12802194
v -0.19915840 0.44311467 0.12595798
v 0.07417258 -0.49301493 -0.29288870
v 0.03985678 -0.48019356 -0.28809834
v 0.07440129 -0.46479774 -0.32651407
v 0.04051520 -0.42355609 -0.35127717
v 0.07792164 -0.43342632 -0.35525459
v 0.03861902 -0.45375770 -0.32180426
v 0.11485559 -0.44653946 -0.35863405
v 0.00220646 -0.44571143 -0.31607533
v 0.00528078 -0.47052056 -0.28205839
v 0.04434837 -0.50334352 -0.25039259
v 0.01108676 -0.49181563 -0.24512725
v 0.47995993 0.41027945 -0.61068708
v 0.51776135 0.43518668 -0.60642725
v 0.52674168 0.50136888 -0.60497701
v 0.48924145 0.47781947 -0.60646570
v 0.47318903 0.34413734 -0.59909064
v 0.33600053 -0.75856107 -0.33732435
v 0.34684262 -0.72498047 -0.37649795
v 0.36200169 -0.68900698 -0.40955091
v 0.38051000 -0.65182781 -0.43687695
v 0.86829072 -0.48519385 -0.43172890
v 0.83229870 -0.45222223 -0.41671747
v 0.79049844 -0.47560781 -0.44930089
v -0.30364946 -0.39324522 0.19190548
v -0.27872247 -0.38828161 0.18321513
v -0.27602115 -0.35335737 0.24173667
v -0.30858102 -0.41801539 0.13047417
v -0.35970786 -0.43009675 0.14693172
v -0.33328244 -0.42338419 0.13888256
v -0.33026859 -0.40003946 0.20105691
v -0.33899722 -0.43669069 0.07863985
v -0.36420295 -0.44113505 0.08575691
v -0.30315834 -0.36003399 0.25147039
v -0.36318865 -0.37657285 0.27332431
v -0.33232298 -0.36786327 0.26202291
v -0.13016108 0.97195101 -0.26213032
v -0.16016412 0.97255546 -0.23658669
v -0.13802999 0.75595647 -0.63367832
v -0.14495352 0.78772199 -0.62079424
v -0.10904917 0.75478446 -0.61066747
v -0.13007474 0.72358114 -0.64441472
v -0.10083291 0.72212797 -0.62090671
v -0.16913736 0.75782359 -0.65555423
v -0.07363503 0.72105438 -0.59633213
v -0.11692549 0.78687090 -0.59827513
v -0.08250140 0.75370878 -0.58596569
v -0.12507083 0.81826001 -0.58428007
v -0.09119868 0.78593647 -0.57392561
v -0.15117025 0.81888330 -0.60698152
v -0.44435033 0.98106235 -0.27661502
v -0.47035182 0.96868151 -0.25733709
v -0.42548791 0.98084277 -0.24574272
v -0.45154080 0.96765250 -0.22718562
v -0.43675900 0.98711360 -0.32721138
v -0.46430302 0.97864759 -0.30698287
v -0.41692647 0.98999476 -0.29638851
v -0.39806771 0.99069232 -0.26532808
v -0.28483808 0.91682625 -0.57172894
v -0.29955560 0.90511435 -0.59041232
v -0.31002688 0.92731404 -0.55995798
v -0.29399443 0.93845618 -0.53868425
v -0.35269102 0.91952014 -0.57492614
v -0.33815181 0.93575698 -0.54969728
v -0.32562387 0.91292632 -0.58294594
v -0.27820376 0.88562620 -0.61326325
v -0.30637279 0.88926667 -0.61293435
v -0.27922297 0.89887744 -0.59607875
v -0.27871281 0.86907089 -0.63309997
v -0.51514792 0.95483196 -0.45078719
v -0.48538235 0.95784503 -0.47188562
v -0.53122437 0.93785590 -0.48168594
v -0.54431230 0.94732195 -0.42798495
v -0.49706191 0.96729767 -0.41965032
v -0.50098997 0.94007164 -0.50273061
v -0.54511756 0.91702598 -0.51227403
v -0.56108308 0.93132448 -0.45877856
v -0.57484728 0.91086024 -0.48906982
v -0.45550638 0.95679635 -0.49105197
v -0.54233205 0.17408168 -0.14163971
v -0.56411797 0.13937366 -0.16732110
v -0.59029192 0.10616975 -0.18815151
v -0.57378757 0.06756131 -0.17572683
v -0.74801964 -0.05106797 -1.42807245
v -0.78013086 -0.17042956 -1.46899021
v -0.45840901 0.59985417 0.08361997
v -0.47924766 0.63208854 0.06628738
v -0.49149671 0.56929427 0.06395052
v -0.46809986 0.53492451 0.07545100
v -0.54500365 0.57239980 0.02496742
v -0.52150607 0.53936303 0.03921078
v -0.51365924 0.60215604 0.04830949
v -0.49878529 0.66242808 0.04629917
v 0.17860162 -0.55623651 -0.30796635
v 0.21326905 -0.58476782 -0.31589121
v 0.17866516 -0.58661449 -0.26942238
v 0.21334717 -0.64288831 -0.23345783
v 0.18211052 -0.61326247 -0.22510555
v 0.21151680 -0.61592340 -0.27766439
v 0.24618447 -0.61504930 -0.32624000
v 0.18228573 -0.52263904 -0.34033412
v 0.21809807 -0.55072564 -0.34825456
v 0.25290611 -0.58064240 -0.35834217
v -0.72905260 0.68981087 -0.35318378
v -0.73116082 0.70264298 -0.40914786
v -0.73640174 0.65318823 -0.32882714
v -0.74183059 0.67953598 -0.44165063
v -0.71867621 0.72531694 -0.37817866
v -0.71576774 0.73702735 -0.43315217
v -1.03440535 -0.12488151 0.11713545
v -1.01399326 -0.06651128 0.14996572
v -1.00035870 -0.12072777 0.07780685
v -1.01473260 -0.18491822 0.05426118
v -1.04898357 -0.18706143 0.09495430
v -0.94515252 -0.05572697 0.08003242
v -0.96676213 -0.11685520 0.04598488
v -0.97882026 -0.06038661 0.11134858
v 0.81810582 -0.83284509 0.13578691
v 0.78001273 -0.87229288 0.12762330
v 0.73939693 -0.90713805 0.11140157
v 0.70484692 -0.87138546 0.13246147
v 0.74660224 -0.83589977 0.14920188
v -0.71552801 0.49280584 -0.69947803
v -0.72755218 0.51320893 -0.64205462
v -0.69749004 0.53551465 -0.69016570
v -0.70324063 0.59612465 -0.64025950
v -0.68250418 0.57823056 -0.68122888
v -0.71501547 0.55480319 -0.64145011
v -0.73134303 0.57714850 -0.59608668
v -0.73579127 0.45091307 -0.70603096
v -0.73480177 0.43009347 -0.77774513
v -0.68019366 0.51880759 -0.74105906
v -0.70536506 0.47461900 -0.75998789
v 0.06506392 -0.53838587 -0.16125299
v 0.09639872 -0.55784565 -0.16309163
v 0.08138412 -0.54898620 -0.10938691
v 0.08484177 -0.54035741 -0.21137989
v 0.11710260 -0.56155676 -0.21474674
v 0.14152703 -0.59483749 -0.11169878
v 0.11178695 -0.57018018 -0.11009493
v 0.12740257 -0.58099389 -0.16552559
v 0.15906793 -0.60237098 -0.05432455
v 0.13034248 -0.57679749 -0.05315877
v 0.10124341 -0.55362266 -0.05322683
v -0.25317580 0.99425685 -0.37291339
v -0.22521701 0.98276401 -0.39506996
v -0.27381894 0.98990417 -0.40101615
v -0.30243149 0.99667233 -0.37968946
v -0.23276401 0.99702257 -0.34531659
v -0.20491657 0.98433852 -0.36792856
v -0.26642886 0.97418624 -0.44949830
v -0.29427439 0.98395509 -0.42916027
v -0.24579644 0.97964382 -0.42242151
v 0.11092392 -0.28329241 -0.42927164
v 0.06650618 -0.27239886 -0.43362179
v 0.11878959 -0.24186039 -0.43965361
v 0.12268461 -0.19997290 -0.45009446
v 0.17036709 -0.21066129 -0.43469995
v 0.16496941 -0.25258034 -0.42941877
v 0.02154977 -0.26076260 -0.43748054
v 0.07270551 -0.23047525 -0.44871861
v 0.07732711 -0.18755069 -0.46404564
v 0.05877855 -0.31317937 -0.41768301
v 0.93866837 -0.45212722 -0.35303903
v 0.90575171 -0.46631432 -0.39441353
v -0.84427553 -0.54602909 0.24970932
v -0.85794044 -0.53336596 0.16849951
v -0.81628829 -0.54233575 0.21614428
v -0.88505006 -0.53697485 0.20252781
v -0.80323857 -0.54346234 0.30349523
v -0.77399039 -0.54142576 0.26906532
v -0.89802724 -0.51528805 0.12851177
v -0.92542088 -0.51970756 0.16460900
v -0.22213486 0.56799036 0.11467116
v -0.31567049 0.55468023 0.13545106
v -0.25675535 0.54454994 0.13095026
v -0.27320310 0.48218459 0.13635556
v -0.23682219 0.50878948 0.13010983
v -0.29414007 0.51771092 0.13718666
v -0.20245409 0.53287983 0.11570309
v -0.16992077 0.55524284 0.09722309
v 0.32159171 0.25355494 -0.12979208
v 0.30133507 0.27821723 -0.11243857
v 0.31473440 0.25183165 -0.07079380
v 0.30703038 0.24692982 -0.00499159
v 0.33236128 0.22575542 -0.01901726
v 0.35589686 0.20262033 -0.10688908
v 0.33638990 0.22796330 -0.08821175
v 0.35709435 0.20292211 -0.03402431
v 0.33924836 0.22778884 -0.15023082
v 0.29696140 0.23574942 0.06403859
v 0.32486579 0.21721894 0.05309205
v 0.29156917 0.27423483 -0.05635892
v -0.44161856 0.67341328 -0.76740158
v -0.48223597 0.67632872 -0.75924653
v -0.43677419 0.71237385 -0.75039065
v -0.47216737 0.75140101 -0.72741872
v -0.47631881 0.71557379 -0.74268597
v -0.39878389 0.67110527 -0.76983196
v -0.49292547 0.63385898 -0.78075337
v 0.31183091 -0.75657827 -0.03576504
v 0.31258735 -0.71886271 0.03302394
v -0.60176468 -0.40816548 -0.07477619
v -0.56925082 -0.40328410 -0.07895021
v -0.57484162 -0.43642503 -0.03867215
v -0.60807812 -0.44226640 -0.02993646
v -0.57729447 -0.46443540 0.01483396
v -0.53804481 -0.39953995 -0.08055148
v -0.54267472 -0.43099838 -0.04354990
v -0.54449737 -0.45743853 0.00571708
v -0.59179991 -0.37056392 -0.10634395
v -0.62464273 -0.37544733 -0.10254198
v -0.42142120 0.63026386 0.09727456
v -0.35672355 0.71935469 0.08829422
v -0.39999622 0.69013280 0.08482940
v -0.33798248 0.68909049 0.10616063
v 0.10244063 0.55267876 -0.18322019
v 0.09059346 0.54077864 -0.14656970
v 0.10682132 0.51862901 -0.14833170
v 0.11895131 0.53116983 -0.18440978
v 0.13801610 0.51103514 -0.18522483
v 0.09474704 0.50568140 -0.11332567
v 0.08793464 0.57573813 -0.18180680
v 0.06314109 0.55266500 -0.10856593
v 0.07855831 0.52837771 -0.11098742
v 0.07582103 0.56444693 -0.14467973
v 0.15914610 0.25141618 -0.61881977
v 0.15964568 0.29100245 -0.62309813
v 0.15881902 0.21112800 -0.61083502
v 0.11086204 0.21133587 -0.63557607
v 0.21000952 0.23329166 -0.60634798
v 0.21720931 0.27108890 -0.61487150
v 0.22939953 0.30922201 -0.61960340
v 0.16012341 0.33038378 -0.62317079
v -0.46780449 0.97112066 -0.44067061
v -0.43828645 0.97071487 -0.46003610
v -0.15344504 -0.22998196 -0.47465771
v -0.20395792 -0.25112677 -0.47100574
v -0.15661183 -0.23789954 -0.52434278
v -0.10701834 -0.21516904 -0.47351676
v -0.10477583 -0.20524496 -0.51477808
v -0.23858511 -0.32036188 -0.59505969
v -0.16677719 -0.26268277 -0.58482444
v -0.21589008 -0.27647001 -0.52565300
v -0.10593478 -0.20968282 -0.56591237
v -0.28265399 -0.31354102 -0.51660502
v -0.25916165 -0.27299342 -0.45884025
v -0.41279909 0.20858389 0.10079928
v -0.43868232 0.19885182 0.05357905
v -0.50038737 0.15470345 0.08494188
v -0.47228649 0.17110112 0.02735592
v -0.38397813 0.21995825 0.11929195
v -0.40881968 0.22603428 0.06821440
v -0.42028418 0.24856454 0.03382184
v -0.44290060 0.22322986 0.00979790
v -0.41200462 0.18822445 0.17328934
v 0.32293874 0.53523546 -0.49599385
v 0.32944623 0.55252135 -0.45566970
v 0.36060598 0.55624813 -0.49872911
v 0.36475530 0.57273179 -0.45947778
v 0.39573136 0.57942051 -0.50098217
v 0.40414512 0.60484374 -0.42320079
v 0.39708269 0.59595543 -0.46254617
v 0.37325773 0.58258003 -0.42006063
v 0.29187489 0.53573531 -0.45004839
v 0.34000978 0.56246674 -0.41526628
v 0.03572023 -0.13964799 -0.49996668
v 0.08070111 -0.14406025 -0.48153454
v 0.03351466 -0.17701998 -0.47726315
v -0.01192428 -0.17515138 -0.48976916
v -0.01724380 -0.21045110 -0.46339047
v 0.02742194 -0.21875635 -0.45656079
v -0.02363480 -0.25031421 -0.43985084
v 0.12344555 -0.15761060 -0.46246386
v -0.40975100 -0.41175342 -0.57101285
v -0.32082757 -0.37328982 -0.59174091
v -0.35562590 -0.34249976 -0.49586880
v -0.31858599 -0.29067871 -0.43849036
v -0.27255848 -0.37681219 -0.68272287
v -0.11561481 0.67678654 0.02155967
v -0.09964682 0.64395541 0.02367234
v -0.14550272 0.66096568 0.04623616
v -0.17652234 0.64383167 0.06983225
v -0.19280073 0.67909992 0.06682537
v 0.15905061 0.44844350 -0.57656443
v 0.21100771 0.43418345 -0.58472276
v 0.27212298 0.42465559 -0.59809291
v 0.27385646 0.46537998 -0.56805456
v -1.10820007 -0.28414643 -1.27463436
v -1.03935146 -0.35064346 -1.38085568
v -1.10368097 -0.37843511 -1.20520508
v -1.02603233 -0.44688553 -1.31349790
v -1.07414246 -0.45706600 -1.11058414
v -0.90509951 -0.48166478 -1.37184787
v -0.92743933 -0.38777173 -1.43768048
v -1.08853197 -0.18100956 -1.31397605
v -1.02853143 -0.24281314 -1.41592491
v -0.83880526 0.09307306 0.29180509
v -0.79705608 0.10261959 0.33590782
v -0.81291044 0.10096220 0.26400155
v -0.77469760 0.10969246 0.31006593
v -0.73623401 0.10584246 0.35270369
v -0.75226599 0.11594737 0.28747612
v -0.75589079 0.09804370 0.37604225
v -0.54869258 0.51068437 0.01057528
v -0.52383453 0.47780475 0.02178374
v -0.57314527 0.48318395 -0.02163115
v -0.64485639 0.11766575 0.13162084
v -0.60810012 0.13816695 0.17450054
v -0.59360528 0.11948579 0.09300180
v -0.65640730 0.13440740 0.21001513
v -0.55404091 0.14359617 0.13296159
v -0.69129384 0.11670338 0.16460072
v -0.05851750 0.87243223 -0.14482996
v -0.03869963 0.87498856 -0.17161171
v -0.07121465 0.90152752 -0.16009258
v -0.05078126 0.90160185 -0.18758526
v -0.08136575 0.86912185 -0.11747598
v -0.04533130 0.84398037 -0.13511400
v -0.02507298 0.84851301 -0.16296442
v -1.13012934 -0.19685659 -1.13424277
v -1.13423121 -0.28558162 -1.06407106
v -1.10358524 -0.10240737 -1.17855048
v 0.83759642 0.64006668 -0.48009694
v 0.83083802 0.63714194 -0.44626302
v 0.81006664 0.66579139 -0.44929498
v 0.82209629 0.63435769 -0.41279429
v 0.84014297 0.63882756 -0.51687342
v 0.85511190 0.61326259 -0.50739187
v 0.84145081 0.60175759 -0.41202062
v 0.64693385 -0.45624721 0.26678133
v 0.61164951 -0.49803323 0.27564418
v 0.67778152 -0.49186301 0.25412524
v 0.70835662 -0.45061296 0.23660316
v 0.64734149 -0.37933409 0.26142830
v 0.61548990 -0.42128903 0.27809298
v 0.67831993 -0.41455242 0.24989276
v 0.67342412 -0.56963903 0.24886490
v 0.70872712 -0.52782679 0.24127419
v 0.64266491 -0.53360271 0.26246935
v -0.12941399 -0.04267193 0.36537325
v -0.10525610 -0.09972168 0.35769469
v -0.16663283 0.01323698 0.36419576
v -0.20424303 0.01107808 0.37405670
v 0.06340111 0.69100457 -0.39520544
v 0.07286516 0.66347498 -0.40070784
v 0.05328149 0.69237489 -0.42859256
v 0.06275941 0.66367227 -0.43471539
v 0.04053519 0.69227761 -0.46111929
v 0.07160255 0.63512129 -0.44037086
v 0.08179975 0.63612139 -0.40580541
v 0.06322360 0.71616697 -0.35540599
v 0.07164413 0.68823051 -0.36112732
v 0.05352545 0.71887988 -0.38870877
v 0.08049127 0.66120386 -0.36626610
v 0.04239437 0.72071791 -0.42118299
v 0.02959213 0.72187436 -0.45302212
v 0.99867123 -0.46408427 -0.21025714
v 1.00402772 -0.48562038 -0.16213052
v 1.00451148 -0.51122224 -0.11441806
v -0.57740623 0.90574884 -0.24634312
v -0.55923301 0.92860472 -0.27062666
v -0.59885812 0.89546448 -0.27048123
v -0.61327636 0.86890739 -0.24294606
v -0.61955398 0.88340861 -0.29556221
v -0.63396543 0.85556483 -0.26733008
v -0.58064377 0.91994727 -0.29651600
v -0.60104436 0.90848666 -0.32291794
v -0.53721404 0.94789082 -0.29352129
v -0.44656938 -0.05476206 0.43912721
v -0.48193687 -0.07330085 0.45190036
v -0.43310642 -0.10196374 0.44295108
v -0.42366266 0.01117132 0.41609681
v -0.46383846 -0.00858712 0.43070292
v -0.40682599 -0.03640842 0.42713177
v -0.39426333 -0.08591168 0.43131250
v -0.35331720 -0.07170149 0.42001557
v -0.36513528 -0.02040314 0.41513324
v -0.69224387 -0.16548455 -0.24896112
v -0.67593741 -0.09765229 -0.22303787
v -0.75832230 -0.16739768 -0.26698554
v -0.72831732 -0.08614925 -0.23313297
v -0.65174568 -0.04157203 -0.20897929
v -0.73068392 0.00220720 -0.22845657
v -0.78039509 -0.07227407 -0.25349054
v -0.69099468 -0.01956989 -0.21516693
v -0.82760096 -0.05240685 -0.28522474
v -0.62493938 0.00221460 -0.20134914
v -0.68432730 0.05891344 -0.21671090
v -0.65381080 0.03197420 -0.20680210
v 0.30282104 -0.01708332 -0.36806589
v 0.26531112 -0.02547444 -0.41141802
v 0.22842062 0.01895401 -0.47507262
v 0.26074517 0.01378436 -0.43487126
v 0.22916776 -0.02438463 -0.44908339
v 0.31920046 -0.05120828 -0.35431546
v 0.27579534 -0.06510247 -0.39346552
v 0.23493984 -0.06900001 -0.42706972
v 0.19636250 -0.05882696 -0.46016991
v 0.20177090 -0.10441933 -0.44135192
v 0.16120571 -0.08706694 -0.47070348
v 0.16483423 -0.13119823 -0.45390624
v 0.83659369 -0.39965349 -0.36665148
v 0.79705709 -0.42153990 -0.40388995
v 0.68293005 -0.39213929 -0.41911519
v 0.72604007 -0.36327165 -0.38595951
v 0.71913761 -0.41918507 -0.42697877
v 0.76184291 -0.39218575 -0.39396814
v 0.76741821 -0.33773753 -0.34728283
v 0.75475073 -0.44648075 -0.43694931
v 0.87104326 -0.43172878 -0.38004342
v 0.90544146 -0.41635987 -0.33862567
v 0.46735862 0.28503865 -0.56818670
v 0.43406874 0.32083243 -0.60055858
v 0.39643049 0.36188149 -0.61708158
v 0.43918803 0.38595966 -0.61448485
v -0.23482895 -0.45140630 -0.12960517
v -0.22092229 -0.44088924 -0.17837527
v -0.23471865 -0.41604084 -0.21317938
v -0.20292142 -0.42407906 -0.22527584
v -0.26548272 -0.40816292 -0.20028585
v -0.25097123 -0.43410134 -0.16533154
v 0.03390260 0.55259663 -0.57457960
v 0.01803006 0.58776814 -0.57005095
v 0.05187048 0.55729276 -0.54983842
v 0.05340242 0.59692103 -0.51338351
v 0.06768325 0.56512028 -0.52016902
v 0.03659943 0.59127980 -0.54319453
v 0.07034955 0.52322018 -0.55758262
v 0.08525059 0.53440392 -0.52836680
v 0.00467554 0.62199336 -0.56515509
v -0.47728792 0.97537130 -0.38857019
v -0.44857880 0.98005474 -0.40933225
v 0.38724995 0.58413678 -0.38186860
v 0.35548291 0.56453669 -0.37693483
v 0.30421782 0.54513997 -0.40854582
v 0.41685212 0.60547054 -0.38473615
v 0.40622005 0.57777292 -0.34646228
v 0.32073399 0.54687452 -0.36946571
v 0.37648183 0.55875611 -0.34198579
v 0.34535557 0.54105240 -0.33498505
v 0.75519264 0.71537298 -0.55698389
v 0.78324133 0.68212086 -0.56027925
v 0.72755384 0.69620818 -0.56958485
v 0.79825884 0.69488370 -0.52752233
v 0.82090431 0.66672313 -0.52362430
v 0.80898440 0.64947879 -0.55633384
v 0.75570905 0.66063619 -0.57553476
v 0.77383119 0.72359592 -0.52807069
v 0.81687403 0.66807777 -0.48493850
v 0.79603243 0.69465816 -0.48908412
v -0.65477490 -0.50644040 0.25882459
v -0.62879270 -0.49923503 0.24620895
v -0.61959201 -0.48129731 0.31205052
v -0.64241755 -0.48983413 0.32823259
v -0.56784701 -0.43692511 0.34932637
v -0.59033906 -0.44491398 0.36069858
v -0.59552389 -0.47374552 0.29988354
v -0.60140181 -0.49186242 0.23473711
v -0.63680345 -0.50520778 0.17891367
v -0.66598743 -0.51062214 0.19147663
v 0.00222715 0.75192249 -0.47406304
v -0.06774646 0.78503174 -0.54795945
v 0.19382489 -0.01353370 -0.48347080
v 0.15866390 0.00195281 -0.51450413
v 0.19423604 0.03181627 -0.50912219
v 0.15854079 0.08763044 -0.56206191
v 0.19604826 0.07544392 -0.53421903
v 0.15807477 0.04489703 -0.53897858
v 0.23107877 0.06088043 -0.50210512
v -0.17979196 0.81939954 -0.62767458
v -0.17463320 0.78918535 -0.64261448
v -0.20637581 0.79134393 -0.66224229
v -0.21063998 0.82055032 -0.64660561
v -0.18496740 0.84802461 -0.61167914
v 0.01768563 0.75123119 -0.44373095
v 0.00482007 0.78078085 -0.43378705
v 0.03096581 0.74948192 -0.41275373
v 0.04273050 0.74737805 -0.38112950
v 0.03115793 0.77624273 -0.37250805
v 0.01839289 0.77851820 -0.40335912
v 0.01913699 0.80574697 -0.36343336
v 0.00536897 0.80819815 -0.39310777
v 0.79633808 -0.21877423 -0.04867552
v 0.78562647 -0.20344090 -0.10678768
v 0.76698852 -0.18103966 -0.03747018
v 0.81608218 -0.24093223 -0.11767694
v 0.76458579 -0.19827384 -0.16641238
v 0.79752219 -0.23443457 -0.17584671
v 0.75388122 -0.16699529 -0.09669562
v 0.73025668 -0.16269100 -0.15748079
v 0.72169691 -0.13109595 -0.08727736
v 0.73726857 -0.14407066 -0.02691889
v 0.01490844 -0.30250111 -0.41798973
v -0.02920225 -0.29149151 -0.41727740
v 0.69580698 -0.93731600 0.08944614
v 0.66096032 -0.90209466 0.10926841
v 0.65035021 -0.96072477 0.05932061
v -0.53584445 -0.34347633 0.42424399
v -0.51377499 -0.33474672 0.41585511
v -0.53020406 -0.29394093 0.44879204
v -0.54911178 -0.30308747 0.46060199
v -0.54809374 -0.39246619 0.39127052
v -0.52493709 -0.38426620 0.38274270
v -0.50857395 -0.28475383 0.44050366
v -0.53007555 -0.24615467 0.46612424
v -0.48361328 -0.27463701 0.43289441
v -0.48848242 -0.32550830 0.40824854
v -0.48402816 -0.22535533 0.44948047
v -0.50914752 -0.23634642 0.45704341
v -0.14681646 0.98051202 -0.28918117
v -0.17634192 0.98517996 -0.26428765
v -0.10382037 0.96154624 -0.28719291
v -0.12120219 0.96549779 -0.31305727
v -0.06529678 0.93733084 -0.28543887
v -0.11074551 0.43305549 -0.75135487
v -0.05494649 0.44381258 -0.69865555
v -0.10893700 0.38195819 -0.77897400
v -0.04626158 0.39926249 -0.71328813
v -0.10691074 0.32529780 -0.80885243
v 0.00728130 0.40831462 -0.66526026
v -0.00808538 0.44870812 -0.65875661
v -0.11252225 0.47871155 -0.72837561
v -0.06304256 0.48484486 -0.68592113
v -0.18534207 0.35819891 -0.85853738
v 0.37657076 0.16195789 0.10449724
v 0.41014323 0.13990438 0.09665065
v 0.38260874 0.17508245 0.03004985
v 0.34413126 0.18201691 0.11380912
v 0.35357440 0.19704285 0.04119103
v 0.32913092 0.15711533 0.17968448
v 0.36377776 0.13867545 0.17191519
v 0.39977518 0.11765771 0.16461916
v -0.12624058 -0.25188148 -0.70144051
v -0.21277648 -0.34471881 -0.75165957
v -0.14782128 -0.27977955 -0.78771359
v -0.31774092 -0.43724036 -0.78885287
v -0.43626457 -0.51263773 -0.80140013
v -0.37322375 -0.44423592 -0.68744522
v -0.33173987 0.48878112 0.13101931
v -0.34419563 0.42816833 0.11594208
v -0.30996084 0.45464140 0.13020019
v -0.36633852 0.46044302 0.11495949
v -0.37439823 0.40343764 0.09683038
v -0.39740020 0.43330613 0.09486438
v -0.38905659 0.49494609 0.11150898
v -0.06363460 0.68830359 -0.60538870
v -0.05341833 0.65497851 -0.61142159
v -0.08058226 0.65604961 -0.63553882
v -0.09115542 0.68919915 -0.62949890
v -0.12098306 0.69065636 -0.65270954
v 0.25333887 0.52452976 -0.44190115
v 0.26603150 0.53295863 -0.39911377
v 0.21469939 0.52113891 -0.43372425
v 0.28141791 0.53284526 -0.35880035
v 0.24455822 0.52494544 -0.33827215
v 0.22777459 0.52842295 -0.38869041
v -0.21654531 0.62752128 -0.73356229
v -0.17362887 0.62694496 -0.70973092
v -0.21502557 0.59039360 -0.74699694
v -0.18105027 0.66116661 -0.70274371
v -0.14413697 0.65936249 -0.68097007
v -0.26584929 0.58867878 -0.77421254
v -0.27517024 0.54610038 -0.80173421
v -0.16575763 0.55456126 -0.73195207
v -0.21794474 0.55068547 -0.76724464
v -0.16830117 0.59168899 -0.71847165
v -0.12640348 0.59202182 -0.69118202
v -0.13471739 0.62594849 -0.68591356
v 0.37293994 0.17627147 -0.12456114
v 0.38099411 0.17872889 -0.04780416
v 0.35321498 0.20091176 -0.17279598
v 0.36362252 0.17346220 -0.19583634
v 0.35524985 0.20237595 -0.22724678
v 0.38780156 0.14908732 -0.13892756
v 0.40449318 0.15346277 -0.05837004
v -0.38785160 -0.31464088 -0.22321764
v -0.35516632 -0.32107410 -0.23769742
v -0.37193123 -0.35343233 -0.19326505
v -0.43676284 -0.26951894 -0.23181950
v -0.40379402 -0.27676767 -0.24732269
v -0.41975400 -0.30848935 -0.20893301
v -0.36951828 -0.28416687 -0.26322922
v -0.30969781 -0.36654651 -0.22106291
v -0.34081829 -0.35951379 -0.20713477
v -0.32254836 -0.32830027 -0.25245652
v -0.45626613 -0.23604354 -0.24718557
v -0.42246783 -0.24616697 -0.26467395
v -0.06235889 -0.20884970 -0.46937400
v -0.05719501 -0.18364769 -0.50260812
v -0.05447787 -0.16961080 -0.54267991
v 0.03238492 0.44186410 0.01905581
v 0.01537342 0.46749696 0.02238062
v 0.00756913 0.42191035 0.04933192
v 0.03626417 0.48530075 -0.00888140
v -0.02872097 0.47529316 0.05371755
v -0.01004876 0.44789183 0.05115658
v -0.00156058 0.49502346 0.02716510
v 0.01939747 0.51193136 -0.00456670
v 0.35441798 0.15017015 -0.29796797
v 0.34682852 0.13889594 -0.36816218
v 0.36460799 0.16882583 -0.34233576
v 0.35060716 0.12713689 -0.29513967
v 0.36866844 0.11419626 -0.24035507
v 0.35934874 0.17564341 -0.25753808
v 0.36499020 0.18334991 -0.29992378
v 0.38680378 0.18601412 -0.37210226
v 0.38359857 0.19963282 -0.33122063
v 0.38586321 0.17751974 -0.42265350
v 0.36357212 0.15870515 -0.39773190
v 0.35444859 0.15587243 -0.45747191
v 0.33698997 0.13440549 -0.43223959
v 0.77525771 0.46634582 -0.38981915
v 0.78615505 0.46278036 -0.42781568
v 0.80308038 0.49452987 -0.38608569
v 0.82862771 0.52488494 -0.38145047
v 0.81247425 0.53088409 -0.35088170
v 0.74569166 0.44090095 -0.39398298
v 0.79011297 0.46715575 -0.46885020
v 0.09206804 0.60925168 -0.41013932
v 0.10551814 0.58408326 -0.41493416
v 0.11289798 0.58519578 -0.37699199
v 0.09943321 0.60928637 -0.37386924
v 0.04969369 0.66271198 -0.46817207
v 0.06869419 0.60246569 -0.48058242
v 0.05833809 0.63258141 -0.47436577
v 0.08180242 0.60716689 -0.44589835
v 0.46002194 0.62746865 -0.50462610
v 0.46780619 0.60516882 -0.54072934
v 0.42866501 0.60338986 -0.50282383
v 0.48129955 0.57680136 -0.57211769
v 0.43454742 0.58095759 -0.53899336
v 0.40860173 0.52799833 -0.56989193
v 0.39939648 0.55646718 -0.53720796
v 0.44613135 0.55246705 -0.57068121
v 0.50139958 0.54154009 -0.59401238
v -0.65557867 0.37355611 -0.16358551
v -0.66989934 0.34563264 -0.19638430
v -0.64017493 0.26514778 -0.19887087
v -0.62630463 0.29114687 -0.17019013
v -0.66213012 0.29049513 -0.21137497
v -0.68984354 0.37573150 -0.21149974
v -0.61088455 0.31765747 -0.13678962
v -0.64903498 0.31727615 -0.18264933
v 0.64084142 -0.79691285 0.16986535
v 0.61066550 -0.75942850 0.18701912
v 0.62366670 -0.68597060 0.22106524
v 0.58112288 -0.72163820 0.20191284
v 0.67213827 -0.83408517 0.15120922
v 0.71457642 -0.79797769 0.16772287
v 0.59689671 -0.82835126 0.14447768
v 0.56709772 -0.79093903 0.16055201
v 0.37513161 -0.69154805 0.13619383
v 0.41172382 -0.66941625 0.17871751
v 0.34722325 -0.65679777 0.14689384
v 0.35331574 -0.60027403 0.20035972
v 0.38263923 -0.63430077 0.18999229
v 0.45064512 -0.64262670 0.21440558
v -0.58388942 0.72477573 -0.69804907
v -0.54997927 0.72188771 -0.71595120
v -0.59189731 0.68651021 -0.71090245
v -0.62310261 0.68886447 -0.68783677
v -0.53163356 0.63661391 -0.76598370
v -0.56794453 0.64032930 -0.74688923
v -0.52098721 0.67939061 -0.74689716
v -0.55747378 0.68275476 -0.73042154
v -0.60182267 0.64473850 -0.72424465
v -0.51410550 0.71869439 -0.73102212
v 0.14447501 -0.21400163 0.34132183
v 0.17769358 -0.23884523 0.34134924
v 0.17040652 -0.17886430 0.35373044
v 0.08627512 -0.22768682 0.32316136
v 0.11828258 -0.24946749 0.32151443
v 0.11154201 -0.19148362 0.34112847
v 0.15034518 -0.27377403 0.31992418
v 0.12247858 -0.30965871 0.28975415
v 0.13644043 -0.15638822 0.35264140
v 0.07899630 -0.17169121 0.34127980
v -0.69614977 0.12859762 0.23961158
v 0.23190522 0.34691927 -0.08402670
v 0.20734710 0.36828792 -0.08210947
v 0.21856883 0.33589160 -0.03720963
v 0.16884214 0.37478310 -0.04225150
v 0.19345641 0.35532537 -0.03866985
v 0.18311012 0.38914815 -0.08252858
v 0.22213531 0.37987453 -0.12045415
v 0.24352017 0.31608272 -0.03935078
v 0.20474130 0.32138178 0.01427101
v -0.76857167 -0.04824766 -0.02733088
v -0.78897059 -0.10465456 -0.05763264
v -0.81010431 -0.04708355 -0.00796928
v -0.74655128 -0.10440531 -0.07501766
v -0.69798511 0.00317088 -0.01683199
v -0.72518623 -0.04845861 -0.04841416
v -0.74306613 0.00425328 0.00830390
v -0.78536540 0.00603184 0.03079748
v -0.84733647 -0.04755376 0.01205401
v -0.82331097 0.00710356 0.05186395
v -0.86673403 -0.10695825 -0.02094123
v -0.82920551 -0.10554760 -0.03934976
v -0.80212176 -0.16351390 -0.07861365
v -0.53441840 0.91867286 -0.20174913
v -0.51717746 0.92223090 -0.18629324
v -0.51629031 0.93697190 -0.22044614
v -0.48771521 0.92674667 -0.16519585
v -0.46194589 0.94632453 -0.17914668
v -0.49844757 0.93603361 -0.19447340
v -0.51748484 0.90996581 -0.16388658
v -0.54579782 0.89823526 -0.17645058
v -0.30303034 0.37288031 0.11620443
v -0.32295844 0.39900199 0.11551557
v -0.25352907 0.44878110 0.13351621
v -0.21779713 0.47477326 0.12810837
v 0.52992821 0.69921196 -0.38233572
v 0.51849830 0.66524947 -0.34747738
v 0.55899471 0.72499472 -0.38000822
v 0.54745370 0.72361606 -0.42188388
v 0.49119911 0.67467219 -0.42482892
v 0.50131321 0.67432308 -0.38459545
v 0.51914322 0.69929636 -0.42348382
v 0.47371933 0.64996487 -0.38616699
v 0.49082378 0.64106745 -0.35010296
v 0.46325526 0.65018052 -0.42555517
v 0.51560324 0.69113743 -0.46590394
v 0.54388314 0.71521413 -0.46454656
v 0.35544685 0.23404339 -0.24141212
v 0.36345458 0.20861721 -0.26812679
v 0.37215912 0.24260706 -0.27051342
v 0.37970573 0.21993390 -0.29830498
v 0.40352085 0.23310250 -0.31934434
v 0.39412579 0.25407472 -0.29076704
v 0.34287265 0.25971949 -0.21786520
v 0.36003682 0.26705068 -0.24646802
v 0.38123402 0.27773726 -0.26621971
v 0.04926882 0.79279065 -0.26631480
v 0.04402149 0.79881024 -0.30113840
v 0.02037731 0.83359724 -0.22152898
v 0.04537214 0.78455192 -0.22998846
v 0.03385510 0.81041634 -0.22503474
v 0.03254078 0.80283076 -0.33314702
v -0.56800383 -0.26477906 0.49554020
v -0.56804842 -0.31213608 0.47693652
v -0.54852402 -0.25545502 0.47872144
v -0.55520016 -0.35252008 0.43591005
v -0.57453984 -0.36105451 0.45151359
v -0.59553200 -0.36956170 0.47131664
v -0.18484887 0.98516166 -0.34149814
v -0.21287319 0.99681771 -0.31815857
v -0.16519344 0.98403704 -0.31543943
v -0.19373378 0.99348789 -0.29127496
v -0.13987246 0.96692783 -0.33858532
v 0.31816834 0.13865313 -0.49115866
v 0.28759450 0.15377866 -0.54035163
v 0.33305553 0.16544010 -0.51629812
v 0.29975224 0.18394479 -0.56169379
v 0.25806949 0.20990095 -0.59044898
v 0.24918047 0.17466870 -0.57363808
v 0.48512611 -0.29010639 0.32620376
v 0.48153266 -0.21639135 0.32102484
v 0.55197340 -0.27810177 0.29829156
v 0.58104509 -0.23496363 0.27422261
v 0.51784837 -0.24640408 0.31029367
v 0.51124012 -0.17170882 0.29826605
v 0.44413027 -0.18724170 0.33148068
v 0.47375724 -0.14188018 0.30964738
v 0.58884352 0.75064367 -0.37874782
v 0.63931173 0.73766023 -0.31218445
v 0.61157769 0.74840164 -0.34129632
v 0.57584006 0.74714553 -0.42009461
v -0.07232449 -0.43200922 -0.30193192
v -0.10937736 -0.42321467 -0.29289788
v -0.07600366 -0.39934409 -0.33302921
v -0.11469419 -0.38888896 -0.32431686
v -0.15250975 -0.37787366 -0.31464005
v -0.11752652 -0.34997633 -0.35377473
v -0.03700128 -0.40837437 -0.34039322
v -0.06599952 -0.45730710 -0.26785943
v -0.10152176 -0.44981229 -0.25887981
v -0.07743923 -0.36172295 -0.36192396
v -0.03648871 -0.37196821 -0.36823514
v -0.35865286 -0.40834206 0.21075304
v -0.39494303 -0.38597518 0.28542751
v -0.38863406 -0.41746259 0.22116075
v -0.41731343 -0.44733793 0.16421948
v -0.38772699 -0.43856490 0.15521859
v 0.72613287 -0.33544523 0.19305138
v 0.74397904 -0.29824322 0.15670554
v 0.69729984 -0.29857931 0.20593332
v 0.77200174 -0.33625039 0.14307971
v 0.70434159 -0.37430713 0.22441779
v 0.67441320 -0.33831546 0.23670615
v 0.66794533 -0.26244742 0.21849890
v 0.64431369 -0.30285588 0.24918123
v 0.71590221 -0.26072276 0.16966943
v 0.73029757 -0.22522041 0.12836997
v 0.68735826 -0.22397232 0.18226482
v 0.75760365 -0.26335672 0.11535741
v -0.58922267 -0.40932825 0.41782212
v -0.61014038 -0.41703603 0.43781608
v -0.61178547 -0.45376903 0.37634641
v -0.63441324 -0.46165133 0.39666289
v -0.56910509 -0.40085813 0.40244031
v -0.07865998 0.48296532 0.07850422
v -0.11835019 0.54397982 0.07876448
v -0.15006879 0.52240479 0.09864427
v -0.09830011 0.51287359 0.07935746
v -0.08876092 0.56389678 0.05542584
v -0.10890681 0.59528559 0.05294386
v -0.13866982 0.57609010 0.07630260
v -0.24614435 0.85494691 -0.00603494
v -0.26052946 0.81537741 0.03672582
v -0.22595292 0.82965541 0.01531813
v -0.28078961 0.83931482 0.01363961
v -0.31705409 0.81759799 0.02697749
v 0.20016375 -0.17756867 -0.42895073
v 0.16782573 -0.17103007 -0.44276130
v 0.12048639 -0.07321868 -0.49771553
v 0.12343714 -0.11419808 -0.47813088
v 0.07994006 -0.10509934 -0.50147325
v -0.42064619 0.46602193 0.09075932
v -0.44402984 0.50049162 0.08415432
v -0.47272450 0.47220096 0.05915155
v -0.49727657 0.50566238 0.05021270
v -0.43621725 0.56567287 0.09734850
v -0.41273099 0.53040147 0.10657294
v -0.35399476 0.52486724 0.12789841
v -0.07630913 -0.32093498 -0.38865131
v -0.11774328 -0.30938509 -0.38185602
v -0.07263690 -0.28031343 -0.41446415
v -0.11057329 -0.23820409 -0.43954423
v -0.06744602 -0.24200794 -0.44067803
v -0.11499332 -0.27090755 -0.40969175
v -0.15631324 -0.26409283 -0.40312934
v -0.15769583 -0.29855791 -0.37360704
v -0.03385876 -0.33244926 -0.39369172
v -0.31401330 0.97640848 -0.45677990
v -0.32262427 0.99045682 -0.40867269
v -0.33113068 0.99870539 -0.35818347
v -0.35117564 0.99351466 -0.38808489
v -0.37106445 0.98690730 -0.41797519
v -0.35990340 0.99812788 -0.33711356
v -0.37983638 0.99396837 -0.36761022
v -0.39980975 0.98789704 -0.39818555
v 0.00896925 -0.34284088 -0.39686859
v 0.04491270 -0.38953537 -0.37661850
v 0.00451929 -0.38108391 -0.37304950
v 0.05111637 -0.35255256 -0.39914834
v 0.10171589 -0.32347468 -0.41630939
v 0.61556053 0.36056104 -0.36463481
v 0.59911788 0.37990910 -0.33410832
v 0.58603638 0.33927053 -0.36242402
v 0.54071248 0.33869356 -0.32864541
v 0.55549037 0.31910828 -0.35939080
v 0.57013911 0.35905635 -0.33218747
v 0.55126882 0.38222438 -0.30703634
v 0.62822294 0.34580368 -0.39993089
v 0.64442992 0.38264021 -0.36524305
v 0.62769711 0.40131310 -0.33440340
v 0.59731638 0.32464609 -0.39850068
v 0.41429889 0.20206636 -0.39297795
v 0.41029233 0.21534491 -0.35256028
v 0.44015408 0.23100123 -0.36698413
v -0.47936663 -0.48826188 -0.66666758
v -0.67238706 -0.56154668 -0.72985011
v -0.55819529 -0.55566913 -0.78123403
v 0.64772666 0.77368587 -0.35354421
v 0.62091988 0.77243519 -0.37911302
v 0.64749712 0.79163885 -0.40285873
v 0.62476838 0.78099900 -0.42414367
v 0.60333401 0.76735711 -0.41791508
v 0.67386377 0.78164315 -0.38623717
v -0.19363198 0.84168684 -0.00841704
v -0.21309072 0.86895388 -0.02775539
v -0.26432252 0.66481364 -0.74222350
v -0.22127438 0.66298282 -0.72365725
v -0.26273742 0.62796688 -0.75574017
v -0.31096780 0.62834811 -0.77387464
v -0.22750145 0.69719213 -0.71432632
v 0.21878055 -0.66492063 -0.18378650
v 0.24272364 -0.67329001 -0.24385116
v 0.26902458 -0.70382261 -0.25565976
v 0.18920946 -0.63498229 -0.17539777
v -0.38282961 0.90071881 -0.07991185
v -0.34992787 0.91911590 -0.09610092
v -0.39617130 0.92080456 -0.10730756
v -0.40881425 0.93915814 -0.13531175
v -0.36443317 0.93837166 -0.12442064
v -0.33333552 0.95158786 -0.14468203
v -0.53603363 0.42028320 -0.99185574
v -0.46889991 0.42419675 -0.97618246
v -0.59672362 0.34964746 -1.07801127
v -0.42569274 0.48516271 -0.90722728
v -0.43488815 0.36405998 -1.01811326
v -0.52156079 0.35339168 -1.06008422
v -0.39326623 0.43248534 -0.94269884
v -0.31512427 0.44378075 -0.89282393
v -0.35948923 0.49098989 -0.87969548
v -0.60995334 0.00905759 -0.07485630
v -0.64140946 -0.04348156 -0.09464190
v -0.65217340 0.00377805 -0.04438205
v -0.70510513 -0.10271870 -0.09387462
v -0.66635686 -0.09929594 -0.11297647
v -0.68179047 -0.04738883 -0.07089450
v -0.61803299 0.04930776 -0.01602748
v -0.66596150 0.04835822 0.01812153
v 0.08911871 0.63482189 -0.37056345
v 0.12290568 0.56070191 -0.41951260
v 0.13056234 0.56323588 -0.37996852
v 0.13649729 0.56313092 -0.34051290
v 0.42546344 0.49341023 -0.59477168
v 0.46459422 0.51764506 -0.59403157
v 0.44966280 0.45359021 -0.60948718
v -0.68171638 0.31843609 -0.22607410
v -0.48237672 -0.44649404 -0.00386322
v -0.51282537 -0.45153260 -0.00029905
v -0.51175320 -0.42649859 -0.04565714
v -0.48100975 -0.46320486 0.04999676
v -0.51225138 -0.47035110 0.05721283
v -0.45100635 -0.45671010 0.04470821
v 0.58542418 0.44935331 -0.28923795
v 0.55785131 0.42840979 -0.28875718
v 0.57983118 0.40270704 -0.30853134
v 0.63569468 0.44555008 -0.30791035
v 0.61289376 0.47098279 -0.28834310
v 0.60808820 0.42351639 -0.30826521
v 0.52989644 0.40805122 -0.28724518
v -0.54358757 0.75716567 -0.70113552
v -0.61497867 0.72689217 -0.67713910
v -0.62010139 -0.37688273 0.49430829
v -0.63290066 -0.42243344 0.46224833
v -0.64263946 -0.38210994 0.50895935
v -0.65856045 -0.42150640 0.48772466
v -0.65833020 -0.46665317 0.42315906
v -0.58963633 -0.32235318 0.49734139
v -0.54341811 -0.42945850 0.34016716
v -0.67390513 -0.50385725 0.12488352
v 0.05499323 0.75703973 -0.23520958
v 0.06269986 0.72853094 -0.24095029
v 0.05915941 0.76445180 -0.27260748
v 0.06662339 0.73548675 -0.27860090
v 0.06943598 0.69970393 -0.24636695
v 0.05387520 0.76980108 -0.30812907
v -0.09017285 0.90083379 -0.43038896
v -0.11205058 0.92461276 -0.40893352
v -0.07317875 0.89937180 -0.40343350
v -0.10743964 0.90236926 -0.45748496
v -0.13005380 0.92562759 -0.43544799
v -0.14836814 0.92678940 -0.46168149
v -0.17277902 0.94798350 -0.43928605
v -0.13517570 0.94679308 -0.38665217
v -0.15387771 0.94746161 -0.41289583
v -0.07070144 0.87431628 -0.44964468
v -0.05429715 0.87243021 -0.42204741
v -0.29527175 -0.44407064 -0.05046882
v -0.26974478 -0.44824904 -0.06395490
v -0.27147007 -0.44375843 -0.00888699
v -0.29552868 -0.44182813 0.00352639
v -0.32061470 -0.44091403 -0.03809026
v -0.31692353 -0.43400776 -0.08827537
v -0.22185498 -0.43596607 0.02504109
v -0.24553856 -0.43364078 0.03799208
v -0.24697450 -0.44670761 -0.02228062
v 0.70812935 0.78249168 -0.50892055
v 0.72489613 0.74955702 -0.54284823
v 0.74588066 0.75282073 -0.52332115
v -0.70188522 0.69856471 -0.26640803
v -0.71927994 0.67634320 -0.29687482
v -0.70342612 0.66320235 -0.24024251
v -0.72213334 0.64001757 -0.27164745
v -0.70292193 0.62830669 -0.21419817
v -0.68278933 0.65235078 -0.18309850
v -0.68420786 0.68574584 -0.21025288
v -0.66496670 0.70798755 -0.18126927
v -0.72137493 0.60371745 -0.24683669
v -0.71646416 0.56781101 -0.22272651
v -0.56884277 0.89066511 -0.19808917
v -0.55574429 0.91393131 -0.22311343
v -0.59139532 0.88069344 -0.22010054
v -0.38115400 0.32010922 0.07386111
v -0.33238351 0.35311875 0.10381077
v -0.35820040 0.33573991 0.08985047
v -0.31327930 0.33234558 0.11076777
v -0.37949830 0.35664514 0.08296575
v -0.40363741 0.33882171 0.06416179
v -0.10328171 0.21852461 0.23225360
v -0.04010939 0.21388027 0.23342611
v -0.00352763 0.24589169 0.19893511
v 0.02545593 0.21884534 0.22361033
v -0.04841057 0.14800899 0.28817749
v -0.01116536 0.18327823 0.25903124
v 0.00674048 0.09507213 -0.75930226
v 0.06532759 0.14723843 -0.67552370
v 0.01687250 0.05262750 -0.74030584
v -0.00273124 0.14365682 -0.76722944
v 0.05847017 0.19039254 -0.68371683
v -0.08110767 0.06957487 -0.88772076
v -0.01204186 0.19531035 -0.76613683
v -0.06853218 0.01280564 -0.87956345
v -0.79246563 -0.28399855 -1.47148919
v -0.90411514 -0.16347358 -1.46853447
v -0.92678118 -0.27929777 -1.47071195
v 0.69482893 -0.12805504 -0.14904787
v 0.68805629 -0.09732538 -0.07851533
v 0.65752739 -0.09623583 -0.14120068
v 0.65337002 -0.06579014 -0.07104373
v 0.70601964 -0.10923841 -0.01706380
v -0.38621011 -0.13639975 0.43000132
v -0.34644800 -0.12397896 0.41883260
v -0.42026645 -0.20052376 0.43230295
v -0.38342908 -0.18810666 0.42171651
v -0.42413512 -0.15040207 0.44132054
v -0.45894998 -0.16486064 0.45087141
v -0.46825776 -0.11836617 0.45407534
v 0.15962505 0.49185884 -0.18546470
v -0.09139132 0.13276383 -0.88157171
v -0.19970894 0.13713881 -0.99321145
v -0.17105189 -0.08802610 -1.02078688
v -0.03490378 -0.43903607 -0.30913547
v 0.00205832 -0.41569698 -0.34636021
v -0.03018688 -0.46395147 -0.27538630
v -0.58539492 0.29343197 -0.12444116
v -0.56651163 0.31916979 -0.08850243
v -0.54015118 0.29653734 -0.07458650
v -0.51999265 0.31996635 -0.03896785
v -0.46582022 0.09346598 0.37296426
v -0.42120600 0.11198168 0.35252923
v -0.39200175 0.15499243 0.29252207
v 0.48395428 -0.06693868 -0.24981901
v 0.53697854 -0.04871341 -0.19300409
v 0.52401620 -0.09449973 -0.25158978
v 0.62020832 -0.06594080 -0.13489948
v 0.57570899 -0.07634144 -0.19605495
v 0.58303005 -0.03776467 -0.13042490
v 0.50081968 -0.02209755 -0.19258794
v 0.54774886 -0.01006998 -0.12856629
v 0.44785064 -0.04034200 -0.25085670
v 0.42864048 -0.08948598 -0.29956350
v 0.46935889 -0.11779461 -0.29983729
v 0.30541268 -0.21876928 0.36021972
v 0.26851377 -0.19219971 0.36191785
v 0.27469933 -0.25734860 0.35398531
v 0.23985770 -0.22988337 0.35496342
v 0.20491403 -0.20362061 0.35491228
v 0.21119231 -0.26524746 0.34027779
v 0.24431464 -0.29323509 0.33829343
v 0.34243464 -0.24577811 0.35633779
v 0.30975080 -0.28500247 0.35065037
v 0.50957298 -0.46909946 0.29676276
v 0.54818529 -0.42880958 0.29832512
v 0.47756788 -0.43577605 0.30797988
v 0.51606876 -0.39552933 0.31004959
v 0.43799022 -0.47338837 0.29631269
v 0.55217344 -0.35353506 0.30254328
v -0.86176693 -0.04584336 -1.43064404
v -0.99585009 -0.13011989 -1.41689324
v -0.39045331 0.97877693 -0.44800889
v -0.36166698 0.97410679 -0.46615106
v -0.40892416 0.96814859 -0.47820187
v -0.41951078 0.98088616 -0.42913342
v -0.34242821 0.98313034 -0.43754351
v -0.42862859 0.98681229 -0.37824786
v -0.33458787 0.54185617 -0.83200830
v -0.31874084 0.58711082 -0.79766935
v -0.39323038 0.53850096 -0.85376322
v -0.76689637 -0.40485016 -0.05156943
v -0.78663641 -0.36669832 -0.07318972
v -0.73068708 -0.39652425 -0.06886981
v -0.70623171 -0.42951202 -0.03961410
v -0.77617592 -0.44573617 -0.00400741
v -0.80215281 -0.41291755 -0.03306761
v -0.74171305 -0.43797809 -0.02228895
v -0.76289862 -0.31649047 -0.10384656
v -0.74976623 -0.35881886 -0.09017430
v -0.80019611 -0.32324538 -0.08683942
v -0.71309692 -0.35161278 -0.10496085
v -0.69438195 -0.38854226 -0.08368577
v 0.97904402 -0.60575819 0.01410942
v 0.99097413 -0.57285470 -0.02579810
v 0.94809783 -0.56609029 0.03607400
v 0.92995203 -0.49418706 0.01674400
v 0.91787064 -0.52705359 0.05727145
v 0.96052963 -0.53300560 -0.00387752
v 0.93201244 -0.60024661 0.07223143
v 0.90217346 -0.56117326 0.09391479
v 0.99958712 -0.54084969 -0.06873303
v -0.51408702 -0.19055158 0.46766436
v -0.48891616 -0.17851335 0.45975411
v -0.52319586 -0.14707527 0.47297782
v -0.49840620 -0.13380069 0.46385038
v -0.51169288 -0.09044825 0.46364689
v -0.53614777 -0.10524920 0.47373134
v -0.53503191 -0.20085412 0.47696412
v -0.54379565 -0.15801582 0.48309410
v 0.63782978 -0.22716254 0.23113765
v 0.61319578 -0.26845717 0.26155186
v 0.24932584 -0.06282725 0.35185915
v 0.21333626 -0.04345891 0.35148036
v 0.22306469 -0.10400016 0.36041677
v 0.17795527 -0.02647354 0.35041386
v 0.18746680 -0.08328319 0.35879660
v 0.19657826 -0.14267680 0.36055237
v 0.12747666 -0.10129932 0.35732019
v 0.16180089 -0.12078714 0.35916537
v 0.15264121 -0.06497084 0.35680872
v 0.10305049 -0.13647056 0.35168493
v -1.05837131 -0.31114706 0.07940711
v -1.04790688 -0.36776480 0.08440249
v -1.02258992 -0.24908677 0.04031996
v -1.02311373 -0.31053638 0.03491935
v -1.05825925 -0.24999070 0.08251812
v -1.11966300 -0.18330374 -0.90570080
v -1.10800743 -0.25547439 -0.81912047
v -1.11419153 -0.36227241 -0.97282857
v -1.07341588 -0.31416786 -0.72310424
v -1.03827024 -0.20042434 -0.58658397
v -1.07031918 -0.08154356 -0.75114131
v -1.06454790 -0.14635041 -0.67163068
v -1.07050383 -0.42196816 -0.86808294
v -0.27987692 -0.42704743 -0.15156552
v -0.27829275 -0.37413967 -0.23428354
v -0.24653935 -0.38274914 -0.24697864
v -0.29557636 -0.40058511 -0.18686363
v -0.32525676 -0.39375639 -0.17306903
v -0.30840239 -0.42068553 -0.13772874
v -0.26273364 -0.44508976 -0.11563771
v -0.29016626 -0.43949246 -0.10189103
v -0.33323151 0.96742624 -0.48364633
v -0.35137746 0.95630217 -0.51058120
v -0.37994555 0.96264344 -0.49479783
v -0.42576888 0.95344597 -0.50826651
v -0.36727464 0.94307578 -0.53810394
v -0.39635631 0.94895959 -0.52409261
v -0.30495319 0.95858604 -0.50066501
v -0.32260534 0.94855636 -0.52489442
v 0.05125290 0.72055626 -0.20293663
v 0.05927434 0.69179308 -0.20787318
v 0.06734210 0.66348577 -0.21224900
v 0.51333332 0.04169433 0.14730529
v 0.47555986 0.06946247 0.15323488
v 0.50189799 0.01144560 0.20351522
v 0.55100799 0.03341518 0.07842614
v 0.51549184 0.06227531 0.08295144
v 0.55032420 0.01195706 0.14041336
v 0.47991171 0.09002588 0.08668076
v 0.47412977 0.10063095 0.01341838
v 0.57674104 -0.04940286 0.18557321
v 0.53985649 -0.01836045 0.19459741
v 0.36548987 0.30376026 -0.24537027
v 0.30724713 0.31274495 -0.18058199
v 0.32653633 0.28597468 -0.19756766
v 0.32560658 0.32087687 -0.20800237
v 0.34664270 0.33177552 -0.22854353
v 0.34412023 0.29331017 -0.22565678
v 0.42946497 -0.54162711 0.26549214
v 0.46956381 -0.50688905 0.28562361
v 0.39867035 -0.50786299 0.27526700
v 0.50110310 -0.54142857 0.27458644
v 0.54136395 -0.50347549 0.28544140
v 0.57289791 -0.53845316 0.27313137
v 0.46051991 -0.57592285 0.25394964
v 0.53238302 -0.57652414 0.26192653
v -0.48157412 0.21553904 -0.05159090
v -0.50231683 0.18402916 -0.08410208
v -0.46728483 0.19404238 -0.01847309
v -0.19845518 0.96683311 -0.41702688
v -0.16715035 0.92715603 -0.48688775
v -0.19213113 0.94765824 -0.46517211
v -0.73478997 0.11345940 -0.25404087
v -0.79611015 0.05443310 -0.28143704
v -0.71179575 0.08555037 -0.23209909
v -0.76706845 0.02617056 -0.25046179
v -0.86645055 -0.02601201 -0.32840055
v -0.81667584 0.08612643 -0.32008255
v -0.89387494 0.00888517 -0.38140067
v 0.55929619 -0.98769075 -0.01943246
v 0.55726039 -0.48996615 -0.48144734
v 0.48829123 -0.50240135 -0.47770602
v 0.52026719 -0.52448392 -0.48886710
v 0.59720427 -0.45604509 -0.46726996
v 0.48643199 -0.55984455 -0.49009633
v 0.45689636 -0.53868437 -0.47715455
v 0.48094973 -0.98461455 -0.11841849
v 0.51773745 -0.98965138 -0.06690103
v 0.26700935 -0.39636523 -0.41912103
v 0.22544116 -0.37035379 -0.41467232
v 0.28580356 -0.35516667 -0.42169452
v 0.30902895 -0.42611426 -0.42727926
v 0.32998297 -0.38594633 -0.42968714
v 0.30718419 -0.31385994 -0.41860223
v 0.35455346 -0.34623417 -0.42590627
v 0.19878104 -0.30782849 -0.41877264
v 0.24185380 -0.32829264 -0.41853172
v 0.18458220 -0.34965017 -0.41317382
v 0.26117173 -0.28460208 -0.41658193
v -0.51069683 0.58773863 -0.80883926
v -0.46872514 0.58570027 -0.81955600
v -0.53884375 0.53824735 -0.84838706
v -0.53756541 0.48159945 -0.91769743
v -0.49699336 0.53608131 -0.86175358
v -0.59082794 0.42106903 -0.98775911
v -0.63128430 0.42689481 -0.96485978
v -0.44815749 0.53629792 -0.86347240
v -0.27660996 0.94757861 -0.51765746
v -0.25813177 0.95546955 -0.49465930
v -0.24953234 0.93434823 -0.53455371
v -0.28598911 0.96729475 -0.47605819
v -0.23880833 0.96145320 -0.46959597
v -0.21162087 0.94576359 -0.48990703
v -0.19885868 -0.24623004 -0.42826563
v -0.24553868 -0.25487834 -0.41524762
v -0.29449654 -0.26240802 -0.39696950
v -0.80344367 0.06898568 -1.35991228
v -0.73537683 0.17457691 -1.26938379
v -0.80337846 0.18842155 -1.24487376
v -0.66474283 0.26810512 -1.17303467
v -0.64116526 0.17546448 -1.25463164
v 0.03313044 0.66049474 -0.50013804
v -0.51135606 -0.47859544 0.12508307
v -0.54380101 -0.48506719 0.13705869
v -0.54449177 -0.47758853 0.06711181
v -0.57748699 -0.48498559 0.07937588
v -0.57572281 -0.49258685 0.15070613
v 0.53517145 0.28348765 -0.39060462
v 0.52457047 0.29965988 -0.35498223
v 0.50346327 0.26450992 -0.38458472
v 0.53976220 0.27368924 -0.43217707
v 0.50753367 0.25392884 -0.42659286
v 0.56632590 0.30385110 -0.39545161
v 0.51055479 0.31927866 -0.32437998
v 0.60388172 0.31599256 -0.43908563
v 0.57194602 0.29450509 -0.43639010
v -0.21855372 0.96515763 -0.44362170
v -0.61904782 0.89385939 -0.35003954
v -0.65181702 0.83916122 -0.29325110
v -0.63757992 0.86808419 -0.32186288
v -0.66824603 0.82114017 -0.32008624
v -0.65320557 0.85024983 -0.34887302
v -0.57831293 0.92973542 -0.34892580
v -0.63542265 0.87705678 -0.37766904
v -0.57419014 -0.11181406 -0.20337106
v -0.56668967 -0.15816620 -0.20226972
v -0.60304612 -0.20097956 -0.17195664
v -0.58012897 -0.20178509 -0.18433094
v -0.50817490 -0.39789930 -0.08160611
v -0.47919351 -0.39819875 -0.08343340
v -0.48209035 -0.42322618 -0.04675424
v -0.45323816 -0.44193310 -0.00629163
v -0.65900350 0.11143447 0.34904552
v -0.64921665 0.07764838 0.40356535
v -0.69278079 0.12297149 0.30924284
v -0.68149090 0.10053064 0.37058556
v -0.59652692 0.91611052 -0.37729406
v -0.57160759 0.93418115 -0.40336919
v -0.61258310 0.89927423 -0.40582693
v -0.60120344 0.89764011 -0.46247268
v -0.62536812 0.87900150 -0.43405551
v -0.58837873 0.91837776 -0.43327022
v -0.55317700 0.94701743 -0.37376565
v -0.31138301 1.00258303 -0.32853749
v -0.28208163 1.00079358 -0.35072643
v -0.26209369 1.00244868 -0.32219326
v -0.05991652 0.70367837 -0.03204077
v -0.12844044 0.62751639 0.04941043
v 0.61631942 -0.64994335 -0.54084355
v 0.58523887 -0.68718344 -0.53740573
v 0.65117794 -0.61568451 -0.53757077
v -0.75962901 0.45784664 -0.36825597
v -0.75677997 0.48578343 -0.32856965
v -0.76620740 0.49624449 -0.39251769
v -0.76824808 0.53580582 -0.41575849
v -0.76317602 0.52424675 -0.35241616
v -0.76623404 0.50845665 -0.45988607
v -0.74752325 0.51375329 -0.29192102
v -0.45418727 -0.21310353 0.44172072
v -0.87896454 0.07107426 0.24546103
v -0.91641402 0.03711363 0.19838624
v -0.91006285 0.06173152 0.28268105
v -0.98494095 -0.01550364 0.19176807
v -0.95043093 0.02881152 0.23658828
v -0.95054048 -0.00668605 0.15247597
v -0.86678642 0.08343280 0.32698470
v 0.05352280 0.74447536 -0.34872529
v 0.06243109 0.74069726 -0.31467479
v 0.15602303 0.13956441 0.28354567
v 0.18878245 0.12594762 0.28736001
v 0.18231064 0.17902654 0.24364884
v 0.23591191 0.20142680 0.19629349
v 0.20627162 0.21499360 0.19464354
v 0.21375191 0.16559842 0.24710377
v 0.17718253 0.22943383 0.18756722
v 0.25454995 0.23124161 0.13703735
v 0.22654757 0.24567452 0.13736646
v 0.19874936 0.26056373 0.13286997
v 0.13602689 0.53304118 -0.46415126
v 0.12243322 0.52117497 -0.50222290
v 0.17822796 0.52837908 -0.42837599
v -0.06838872 0.83888900 -0.10672081
v -0.05461641 0.80979562 -0.09972810
v -0.10690697 0.86460161 -0.08945853
v -0.13440317 0.85869461 -0.06156519
v -0.28672770 0.94395483 -0.13834575
v 0.26987448 0.33196697 -0.13224602
v 0.29223368 0.30695772 -0.14412168
v 0.28575474 0.33959389 -0.16737291
v 0.27934459 0.30188474 -0.09897101
v 0.26259404 0.36602762 -0.15852216
v 0.28114420 0.37707275 -0.18617944
v 0.31242070 0.28138745 -0.15993816
v 0.30429620 0.34902522 -0.19491471
v -0.36959732 0.99688900 -0.28570345
v -0.34057581 1.00074422 -0.30678320
v -0.38858363 0.99532497 -0.31653339
v 0.02031548 -0.50896072 -0.20424150
v 0.05261033 -0.52297574 -0.20824197
v 0.07746468 -0.51853287 -0.25465685
v 0.11100513 -0.53731054 -0.25865883
v 0.10882836 -0.50942600 -0.29705372
v 0.61634636 -0.34459975 0.27347946
v 0.58410513 -0.38691437 0.29024416
v 0.57997751 -0.46305829 0.28687090
v 0.32418752 -0.56715798 0.20879896
v 0.36051714 -0.53915542 0.24584602
v 0.29552642 -0.53520858 0.21619941
v 0.39047503 -0.57267135 0.23648100
v 0.42067403 -0.60706222 0.22573800
v 0.01416153 0.48591304 -0.62628371
v -0.02150641 0.48698479 -0.65240359
v -0.00131628 0.52117020 -0.62277770
v -0.07108781 0.52257681 -0.67639738
v -0.03373110 0.52279741 -0.64732116
v -0.04541666 0.55692589 -0.64413851
v -0.01552622 0.55501503 -0.62029159
v 0.02724734 0.51879781 -0.60113537
v 0.65680629 0.66038769 -0.26685387
v 0.68440390 0.62971509 -0.25958070
v 0.69375640 0.69012207 -0.27491173
v 0.66638672 0.71859795 -0.28859487
v 0.72024637 0.65863341 -0.26821750
v 0.74539852 0.62566614 -0.26787233
v 0.72111064 0.70280880 -0.30939037
v 0.74429297 0.67352957 -0.30342910
v 0.65038866 0.60093099 -0.26181108
v 0.67674625 0.57024300 -0.26619351
v -0.10089086 0.81746715 -0.56032270
v -0.06844960 -0.18215486 -0.71578246
v -0.05853225 -0.17163354 -0.64794433
v -0.11238323 -0.22639719 -0.62759084
v -0.08356622 -0.19073024 -0.79014391
v -0.18481019 -0.30017030 -0.66035384
v 0.22095793 0.11266491 0.28778046
v 0.12734669 0.09882109 0.31353331
v 0.16145012 0.08472700 0.31674248
v 0.13441220 0.04377455 0.33689213
v 0.19500375 0.07066061 0.31774861
v 0.16899860 0.02919787 0.33791667
v 0.12241662 0.15456694 0.27557147
v 0.15084547 0.19339587 0.23590876
v 0.37886944 -0.27395996 0.35014248
v 0.41230735 -0.23163721 0.34526032
v 0.34445083 -0.31350628 0.34514964
v 0.02005690 0.80271184 -0.18977846
v 0.00632605 0.82774037 -0.18893607
v 0.00261458 0.79617083 -0.15693486
v 0.01574767 0.76919192 -0.15856241
v 0.03266259 0.77661610 -0.19340844
v -0.03189963 0.81621367 -0.12877384
v -0.01765301 0.78916693 -0.12568182
v -0.01152179 0.82238865 -0.15823418
v -0.00361299 0.76198655 -0.12519643
v -0.59909946 0.03670195 -0.19251142
v -0.62930137 -0.00901157 0.48321491
v -0.61209708 -0.00001169 0.46506798
v -0.65439641 0.02710616 0.46652937
v -0.60805362 -0.04716291 0.49366033
v -0.68420970 0.05819747 0.44255638
v -0.70553982 0.05064884 0.46489114
v -0.63757819 0.03581380 0.44739217
v -0.67644292 0.01952835 0.48848349
v -0.66678184 0.06708390 0.42264837
v -0.41265732 0.86040014 -0.64949250
v -0.38540506 0.83310252 -0.68185258
v -0.42030355 0.83590567 -0.67554176
v -0.40346804 0.88351798 -0.62181818
v 0.42472154 -0.51479471 -0.46409810
v 0.40066856 -0.37960324 -0.43724042
v 0.37357312 -0.41815531 -0.44099548
v -0.75061780 0.42099646 -0.34334278
v -0.74710310 0.44868132 -0.30503336
v -0.73835462 0.47682878 -0.26914048
v -0.75884181 0.43137914 -0.41323668
v -0.76484239 0.46922114 -0.43773887
v -0.00849283 -0.14662501 -0.51996583
v -0.05403736 -0.16600701 -0.59056258
v -0.00566589 -0.12560615 -0.55593532
v 0.03758240 -0.10656825 -0.52663636
v 0.05080054 -0.53024554 -0.10864508
v 0.07168341 -0.53280091 -0.05352090
v 0.03368399 -0.52179956 -0.15894172
v -0.40766433 -0.34729519 0.34326786
v -0.44011268 -0.35681108 0.35495114
v -0.42763874 -0.30510178 0.39089191
v -0.45954725 -0.31546921 0.40037936
v 0.85733455 -0.71290237 0.14766361
v 0.75510705 -0.75853175 0.17703442
v 0.82322931 -0.75446886 0.15666334
v -0.20545086 0.92333907 -0.53215319
v -0.23079765 0.94130653 -0.51317102
v -0.18633804 0.92611259 -0.51049763
v 0.85531402 -0.31889203 -0.02205960
v 0.85103893 -0.34710306 0.02707171
v 0.88400453 -0.35733551 -0.03817423
v 0.88348490 -0.33300403 -0.08957646
v 0.82746553 -0.27980670 -0.00716558
v 0.82276028 -0.30832377 0.04233184
v 0.91285932 -0.37080240 -0.10599985
v 0.90013659 -0.45564061 0.03650494
v 0.90860939 -0.42439681 -0.00799561
v 0.87113249 -0.41702178 0.05520657
v 0.87980682 -0.38565871 0.01036026
v 0.91318870 -0.39560235 -0.05563062
v -0.48494062 0.97385406 -0.33696142
v -0.51202065 0.96282870 -0.31558090
v -0.49079242 0.96694005 -0.28666261
v -0.50573367 0.96771377 -0.36694965
v -0.53337401 0.95681268 -0.34451184
v -0.45709267 0.98220444 -0.35786235
v -0.40848413 0.99211568 -0.34738833
v 0.45837235 0.64279699 -0.46562666
v 0.42816979 0.61947572 -0.46457034
v 0.49044868 0.65122247 -0.50579613
v 0.43409505 0.62725550 -0.42505485
v 0.09503288 0.57982522 -0.45188129
v 0.11284836 0.55471689 -0.45836467
v 0.08248558 0.57313883 -0.48728961
v 0.09954437 0.54511392 -0.49482030
v 0.14694333 0.54144770 -0.42387757
v -0.20242053 0.76020437 -0.67569107
v -0.19651899 0.72783965 -0.68648082
v -0.15370651 0.69250792 -0.67435825
v -0.18912840 0.69474167 -0.69522554
v -0.16198686 0.72554582 -0.66627610
v -0.06175280 0.92354292 -0.21000636
v -0.75729918 0.52193761 -0.52706623
v -0.75228113 0.56203878 -0.54163843
v -0.74843252 0.49644697 -0.57981539
v -0.74103165 0.53660768 -0.58959597
v -0.74312931 0.60171098 -0.55330199
v -0.56820709 0.69373554 -0.01637423
v 0.84238344 -0.37843707 0.07234462
v 0.82962674 -0.41212320 0.11330001
v 0.88805628 -0.48856741 0.07733627
v 0.85865945 -0.45031333 0.09608187
v 0.81344676 -0.44738990 0.15006904
v 0.81387043 -0.33991012 0.08792515
v 0.80076337 -0.37408337 0.12893201
v 0.57813066 -0.62385768 -0.52900392
v 0.54459548 -0.66093904 -0.52563554
v 0.54487598 -0.60071051 -0.51615423
v 0.63570929 0.33989978 -0.48379779
v 0.66614580 0.36516345 -0.48315346
v -0.63117993 -0.16272897 -0.24090198
v -0.62752700 -0.11013376 -0.22061943
v -0.62220585 -0.21978483 -0.27271244
v -0.57918769 -0.16451588 -0.23929971
v -0.58702177 -0.12682047 -0.22271530
v -0.56152940 -0.20525569 -0.26408464
v -0.66149133 0.43526071 -0.92821950
v -0.71973646 0.37652084 -0.98827362
v -0.69442302 0.36317375 -1.03677189
v 0.84584981 0.53738242 -0.49718636
v 0.81663990 0.50793928 -0.50446361
v 0.82906967 0.55797344 -0.53384590
v 0.84836090 0.58724111 -0.52222395
v 0.80761945 0.58962947 -0.56055248
v 0.77856064 0.56414831 -0.56737274
v -0.24707684 0.88753265 -0.60369068
v -0.24708852 0.86941659 -0.62380743
v -0.24605334 0.84741735 -0.64444339
v -0.21441627 0.84758115 -0.62970954
v 0.30886945 0.37953976 -0.61813122
v 0.36069545 0.40484369 -0.61594313
v -0.15924439 0.96733093 -0.36414254
v -0.11662502 0.94608968 -0.36084545
v -0.17863935 0.96746069 -0.39039397
v -0.09435368 0.92355126 -0.38262621
v -0.07722960 0.92211425 -0.35675073
v -0.09859679 0.94495541 -0.33537751
v 0.04253853 0.74898070 -0.19787370
v 0.02672134 0.74131179 -0.16144261
v 0.03626020 0.71250510 -0.16565923
v 0.04507832 0.68339360 -0.17018428
v 0.09358499 -0.08385745 0.35531902
v 0.04703328 -0.15441748 0.34197599
v 0.07000736 -0.11873158 0.35056561
v 0.03727490 -0.10298877 0.35124022
v 0.05958977 -0.06758950 0.35460526
v 0.11842235 -0.04788247 0.35543436
v 0.10785478 0.50754589 -0.53664726
v -0.22297567 -0.35488811 -0.29167578
v -0.18836579 -0.36599922 -0.30334780
v -0.21397874 -0.39234209 -0.25915116
v -0.13653435 -0.44171375 -0.24862225
v -0.16997871 -0.43232870 -0.23682001
v -0.14546715 -0.41325802 -0.28227586
v -0.18029764 -0.40254226 -0.27083409
v -0.64201242 0.72834170 -0.65327883
v -0.66453552 0.73412204 -0.62488896
v -0.65051812 0.69548309 -0.66150033
v -0.69568855 0.45868218 -0.82223588
v -0.73510343 0.41067052 -0.85313785
v -0.78015274 0.36159986 -0.88200653
v -0.76762635 0.38588509 -0.79230803
v -0.73224890 0.39235097 -0.92601198
v -0.71785361 0.08260269 0.41208899
v 0.55989146 -0.08637845 0.23055874
v 0.59515584 -0.11865435 0.21932511
v 0.57323480 -0.15950319 0.25620013
v 0.52293909 -0.05513797 0.24143259
v 0.53766847 -0.12780610 0.26811063
v 0.48370257 -0.02619528 0.25106597
v -0.44092238 0.92004937 -0.12126623
v -0.45098236 0.93504691 -0.14974491
v -0.43028209 0.90098369 -0.09453624
v -0.68390286 0.71996611 -0.23725475
v -0.69839913 0.73403388 -0.29290199
v -0.71381629 0.71235067 -0.32243893
v -0.70583987 0.74736774 -0.34848881
v -0.67732400 0.78873497 -0.29194942
v -0.69192529 0.76846385 -0.31987891
v -0.68215305 0.75470775 -0.26444295
v -0.66611665 0.74090296 -0.20909637
v -0.66546512 0.77456278 -0.23690076
v 0.41509226 -0.14466736 -0.33950472
v 0.36380601 -0.17313579 -0.37072855
v 0.37402913 -0.11469755 -0.34103608
v 0.46180427 -0.17487770 -0.34239912
v 0.41240942 -0.20538595 -0.37236729
v 0.39400411 -0.06167274 -0.30187622
v -0.05704808 -0.47561693 -0.23174511
v 0.00182824 -0.50801301 -0.15586257
v -0.01235022 -0.49779880 -0.19946600
v -0.02265785 -0.48293900 -0.23882011
v 0.97370619 -0.47204220 -0.09376960
v 0.97317332 -0.44661689 -0.14245071
v -0.03847948 -0.06696434 -0.81394571
v -0.12632790 -0.17466959 -0.93266463
v -0.05372290 -0.03460134 -0.85468125
v 0.02635168 0.01836984 -0.71073556
v -0.02518340 -0.08758967 -0.76232558
v -0.10358455 -0.19018680 -0.86481816
v -0.24227476 -0.28686813 -1.05069661
v -0.14935784 -0.13891846 -0.98578465
v -0.27548572 -0.24718258 -1.11467469
v -0.02307639 0.40085483 0.07573916
v 0.03893608 -0.07877211 -0.55794251
v 0.07988803 -0.06816147 -0.52548492
v 0.61118734 0.66788429 -0.57067162
v 0.56068981 0.67629701 -0.54282534
v 0.54840660 0.69948447 -0.50559533
v 0.63720447 0.63066417 -0.59004605
v 0.66836298 0.65291417 -0.58602750
v -0.08114287 0.94274849 -0.31033427
v -0.06072024 0.91986144 -0.33166537
v -0.22643405 0.66107249 0.08860017
v -0.20851266 0.62501353 0.09207730
v -0.18947077 0.58959126 0.09504203
v -0.15836738 0.60942948 0.07324456
v -0.56866264 0.79738480 -0.08214841
v -0.55905867 0.77278531 -0.05339172
v -0.53314120 0.81778616 -0.06755317
v -0.59875137 0.77581120 -0.10190379
v -0.59061801 0.74920136 -0.07248759
v -0.57518464 0.82040530 -0.11188431
v -0.54129237 0.83903819 -0.09573037
v -0.52240688 0.79466993 -0.04035392
v -0.49419701 0.83844614 -0.06205618
v -0.50923228 0.77009422 -0.01455680
v -0.48224679 0.81566054 -0.03652480
v -0.54773873 0.74710739 -0.02519561
v 0.44473425 0.11593819 0.09082077
v 0.41205040 0.15144609 0.02130118
v 0.44241273 0.12650256 0.01583941
v 0.42906046 0.12761143 -0.06371798
v 0.43719238 0.09458020 0.15860637
v -0.16331974 0.85119015 -0.03436626
v -0.18140081 0.87973928 -0.05208358
v -0.75713289 0.40979904 -0.70833015
v -0.78069967 0.36883384 -0.70513397
v -0.75293303 0.43320140 -0.63307571
v -0.77944583 0.35561875 -0.60360253
v -0.76356947 0.38127446 -0.52763438
v -0.76526994 0.39426255 -0.62116545
v -0.75419432 0.45697916 -0.56658322
v -0.75924450 0.41852459 -0.54960281
v -0.76046056 0.44334140 -0.48928422
v -0.72170585 -0.15870538 -0.11192746
v -0.68346351 -0.15555960 -0.12679484
v -0.76144147 -0.16137686 -0.09517661
v 0.14544642 0.39403364 -0.04562163
v 0.15960100 0.40927252 -0.08349302
v 0.15384641 0.35763177 0.00159666
v 0.17901734 0.33938682 0.00877978
v 0.12365825 0.41351229 -0.04822919
v 0.13770345 0.42915842 -0.08390831
v 0.17428589 0.42341599 -0.11884131
v 0.15201372 0.44379112 -0.11803214
v 0.19793400 0.40220988 -0.11895754
v 0.32300055 0.48208737 -0.56962729
v 0.33430412 0.44607010 -0.59819996
v 0.23497227 0.39450619 -0.60865635
v 0.18643335 0.40508762 -0.60179096
v 0.32051262 0.51188761 -0.53448027
v 0.36811244 0.50377321 -0.56932884
v 0.93847930 -0.46276623 -0.02724819
v 0.96904927 -0.50137311 -0.04740722
v 0.43369979 -0.85958630 -0.38809758
v 0.59365702 -0.64913112 0.23612086
v 0.63463455 -0.61044168 0.24683349
v 0.60396683 -0.57416284 0.26020312
v 0.56320834 -0.61246079 0.24903120
v 0.52158034 -0.64781457 0.22994293
v -0.12710994 0.01255368 0.35705286
v -0.17465481 0.06717881 0.34610361
v -0.12414558 0.07320167 0.33478218
v -0.19252759 0.11567279 0.31912678
v -0.21596393 0.06238249 0.35713810
v -0.08812211 -0.00082662 0.35548097
v -0.07833218 0.04725212 0.34214067
v -0.09519835 -0.05037553 0.36040783
v 0.55162376 -0.68432844 0.21609519
v 0.71028894 0.59733814 -0.26342270
v 0.76720399 0.59351009 -0.27782959
v 0.76626450 0.64366883 -0.30259109
v 0.78711760 0.61512250 -0.30670160
v 0.70063591 0.54088360 -0.27913326
v 0.73277014 0.56673753 -0.27747971
v 0.07601600 0.63615876 -0.21583869
v 0.08614412 0.61027598 -0.21839888
v -0.02327667 0.86774802 -0.36762971
v -0.00819203 0.83827215 -0.38139558
v -0.03856027 0.87023747 -0.39469543
v -0.05675542 0.89761108 -0.37688592
v -0.02279432 0.84080786 -0.40970898
v -0.00866737 0.81063980 -0.42257106
v 0.00607787 0.83543253 -0.35303646
v -0.31660363 0.74710912 0.08534653
v -0.29732355 0.71392339 0.09838383
v -0.37674314 0.74463916 0.06514294
v -0.33630398 0.77200747 0.06183265
v -0.35287839 0.37649041 0.09986670
v -0.42720392 0.36060864 0.05620229
v -0.63792032 0.40167168 -0.12860407
v -0.09101050 0.84758747 -0.52027547
v -0.11213832 0.84820175 -0.54512703
v -0.12618598 0.87759590 -0.52815384
v -0.13462618 0.84862459 -0.56867611
v -0.91770202 -0.00110716 0.12154479
v -0.88550419 0.04404930 0.16787036
v -0.88725543 0.00324706 0.09572773
v -0.91364008 -0.05135051 0.05402566
v -0.58391267 -0.06912307 -0.20180531
v -0.56611681 -0.12851968 -0.21401167
v -0.55533618 -0.14994138 -0.22543335
v -0.55073965 -0.16762561 -0.21351428
v -0.60028845 -0.03125955 -0.20052505
v -0.58725953 -0.09464837 -0.21127972
v -0.58453888 -0.00427199 -0.18889794
v -0.26727733 0.92637986 -0.55369633
v -0.38131392 0.92546910 -0.56531990
v -0.73899239 0.57824683 -0.28042445
v -0.73956060 0.61566573 -0.30457810
v 0.34183446 -0.70813090 0.08709393
v 0.31506118 -0.67407143 0.09759499
v 0.39740765 -0.89058179 -0.08319978
v 0.37237412 -0.88167429 -0.14116690
v 0.42150688 -0.92292684 -0.09438351
v 0.39386091 -0.91341239 -0.15161100
v 0.44881520 -0.95476562 -0.10567668
v 0.48488507 -0.95860678 -0.05210650
v 0.52593052 -0.95534581 -0.00282662
v 0.45588559 -0.92562181 -0.03942022
v 0.43009686 -0.89151061 -0.02764551
v -0.13054964 0.49091789 0.09853642
v -0.16432291 0.46758604 0.11430599
v -0.69319826 0.77979857 -0.37565210
v -0.70487005 0.75841355 -0.40410095
v -0.69796360 0.76773107 -0.45914334
v -0.68793219 0.78845710 -0.43120071
v -0.75675726 0.05185186 0.07369976
v -0.71318358 0.04998860 0.04786083
v -0.17111084 0.46895462 -0.78010178
v -0.11511381 0.51968449 -0.71118993
v -0.17776766 0.41732216 -0.81597120
v -0.22619900 0.50673598 -0.79668128
v -0.16678733 0.51416945 -0.75218767
v -0.23948905 0.45665401 -0.83660471
v -0.11970451 0.55701983 -0.69914663
v 0.21624306 0.28539097 0.07458661
v 0.24293569 0.26925224 0.07586835
v 0.23072985 0.30360252 0.01622356
v 0.18937716 0.30172783 0.06867202
v 0.16262555 0.31887454 0.05908673
v 0.17073047 0.27626827 0.12335069
v -0.36824048 0.87902480 -0.05368236
v -0.37230435 0.81368434 0.00841482
v -0.38860920 0.83445352 -0.01768686
v -0.40367049 0.85692036 -0.04320000
v -0.44071910 0.93575597 -0.53869307
v -0.41080648 0.93125731 -0.55316186
v -0.45392695 0.91454917 -0.56847912
v -0.42356679 0.91062063 -0.58253539
v -0.46573862 0.89089459 -0.59733361
v 0.11981741 -0.03173707 -0.52032697
v 0.15893978 -0.04236486 -0.49138749
v 0.59922224 0.76091403 -0.45870972
v 0.57190424 0.73871112 -0.46227711
v -0.22678018 -0.34550202 0.22513239
v -0.25071439 -0.34840187 0.23299931
v -0.25544727 -0.38443413 0.17429931
v -0.17717120 -0.29879218 0.26350307
v -0.20057115 -0.29989246 0.27036196
v -0.20411006 -0.34426081 0.21719377
v -0.23298693 -0.38300911 0.16530870
v -0.15434128 -0.29929915 0.25673878
v -0.18186766 -0.34437850 0.20903577
v -0.26254761 -0.41284174 0.11202531
v -0.28518927 -0.41444367 0.12156744
v 0.21421710 0.41532567 -0.15180531
v 0.19028610 0.43745580 -0.15195934
v 0.16703084 0.45798185 -0.15147047
v -0.40205157 0.38095295 0.07761140
v -0.42526025 0.40863147 0.07257201
v 0.57446897 0.01694561 0.00846897
v 0.60830474 -0.01264572 0.00470124
v 0.64197165 -0.04307558 -0.00082226
v -0.15072021 0.88809806 -0.07801389
v -0.93636405 -0.12656149 -0.40159792
v -0.97261035 -0.08904954 -0.46956259
v -0.99143118 -0.23952514 -0.50257909
v -0.99206895 -0.04098585 -0.54135084
v -0.88137579 -0.04891183 0.03237672
v -0.85690457 0.00643568 0.07275470
v -0.93385839 -0.11304546 0.02057052
v -0.90059555 -0.10990102 -0.00060663
v 0.45623565 0.58250415 -0.31879270
v 0.48094711 0.56008744 -0.29614750
v 0.48388937 0.60270101 -0.31999347
v 0.42850012 0.56266183 -0.31607264
v 0.51176119 0.62483990 -0.31893057
v 0.50828969 0.58095735 -0.29656193
v 0.53454161 0.55536216 -0.28097707
v -0.41965663 -0.42681795 0.23235713
v 0.33018628 0.25547603 -0.17919508
v -0.67761022 0.61930650 -0.15685353
v -0.69785506 0.59372950 -0.18927762
v -0.66898620 0.58635980 -0.13184904
v 0.49942765 0.62936443 -0.54256195
v 0.53024507 0.65318972 -0.54351330
v 0.48773345 0.66632724 -0.46599907
v 0.51962245 0.67545325 -0.50633585
v 0.51504570 0.60041499 -0.57327259
v 0.54785568 0.62339389 -0.57371825
v -0.26831645 -0.10604770 0.39740819
v -0.30663860 -0.11351607 0.40812987
v -0.23183915 -0.10072725 0.38846391
v 0.30180460 0.39059088 -0.20849545
v 0.32529640 0.36109558 -0.21594542
v 0.37046501 0.34535509 -0.24298711
v 0.34859571 0.37561044 -0.23143059
v 0.88228714 -0.59709567 0.12575783
v 0.85770339 -0.63505846 0.15176113
v 0.21245885 -0.26449367 -0.42078793
v 0.02513719 0.39753658 0.04978806
v -0.00474706 0.37580347 0.07953562
v 0.04397598 0.37443569 0.05456226
v 0.00538776 0.30168754 0.13881879
v 0.03154171 0.27622586 0.16086902
v 0.01518121 0.35152358 0.08824767
v -0.29165137 -0.43252683 0.06099983
v -0.31489500 -0.43407065 0.07056855
v -0.31967202 -0.44070232 0.01422513
v -0.36919338 -0.44318801 0.03025497
v -0.34407747 -0.44130373 0.02321725
v -0.26862708 -0.43250662 0.05014524
v -0.37194350 -0.43765748 -0.01940733
v -0.34611964 -0.43857718 -0.02768864
v 0.30149066 -0.47573674 0.26185662
v 0.27214137 -0.44566828 0.26780021
v 0.26722872 -0.50448579 0.22201835
v 0.24266210 -0.41706160 0.27338666
v 0.23892114 -0.47530580 0.22702618
v 0.30662623 -0.41409171 0.30072337
v 0.20728475 -0.50226539 0.17903276
v 0.23497003 -0.53018874 0.17515005
v 0.19676059 0.53190666 -0.34098184
v 0.16235232 0.54598165 -0.34131390
v 0.15563792 0.54521865 -0.38247526
v -0.18468568 0.90174580 -0.55313176
v -0.16874817 0.87653506 -0.57274383
v -0.20501778 0.89800316 -0.57231575
v -0.22413611 0.91858470 -0.55152392
v -0.24275482 0.91214496 -0.56892192
v -0.19137791 0.87417054 -0.59295994
v -0.21707231 0.87152648 -0.60957533
v -0.22624171 0.89379364 -0.58869040
v -0.14718699 0.87728304 -0.55107129
v -0.15873170 0.84848940 -0.59096247
v 0.37174800 0.48601255 -0.27399987
v 0.39960760 0.45773268 -0.26267371
v 0.39908540 0.50307435 -0.28309739
v 0.37338346 0.44028687 -0.25287312
v 0.39919823 0.40908784 -0.25356370
v 0.42600286 0.42729837 -0.26083824
v 0.42653456 0.47582555 -0.26996088
v 0.45320737 0.44621539 -0.26613611
v 0.08792203 0.41588822 -0.01440586
v 0.10393850 0.43354422 -0.04906233
v 0.11770637 0.44929609 -0.08330709
v 0.04336920 0.77342802 -0.34106815
v -0.76632321 0.29230690 -1.11349046
v -0.08796121 0.87571311 -0.47705555
v -0.12571077 0.90337974 -0.48361027
v 0.05990171 0.25201616 0.18361624
v -0.10715164 -0.47168517 -0.08405637
v 0.53728920 0.27302125 -0.47827399
v 0.49164400 0.26140606 -0.52305853
v 0.20182967 0.15643203 -0.57748842
v 0.24188069 0.13882494 -0.55265188
v 0.19883990 0.11694134 -0.55744302
v 0.23552841 0.10072966 -0.52882212
v 0.26805061 0.08778005 -0.49021494
v 0.27687800 0.12164706 -0.51676083
v -0.53718746 0.86805332 -0.58954096
v -0.56649941 0.86633068 -0.56866819
v -0.52634931 0.89359939 -0.56147075
v -0.49638751 0.89307058 -0.58075535
v -0.50730091 0.86770207 -0.60849327
v -0.55630845 0.89189255 -0.54074228
v 0.05406180 0.65466380 -0.17426717
v 0.06414664 0.62691212 -0.17747629
v -0.22049236 0.92032802 -0.10390411
v -0.23859042 0.93592232 -0.13336113
v -0.44087291 0.66120416 0.07774122
v -0.45911977 0.68974036 0.05560574
v -0.47674572 0.71719790 0.03298044
v 0.61908257 0.57429647 -0.26727018
v 0.58956885 0.54999405 -0.27183330
v 0.08847453 0.17273837 0.26266468
v 0.05623730 0.19428582 0.24485914
v 0.05596770 0.13415879 0.29477125
v 0.12032527 0.21030203 0.22254305
v -0.01488573 0.11926152 0.30677700
v 0.02338370 0.09628987 0.31920898
v 0.02083247 0.15697990 0.27912086
v 0.09200016 0.11493088 0.30613983
v -0.04099528 0.89502108 -0.35098389
v -0.19248864 0.29111227 -0.90582049
v 0.11996626 0.00895543 -0.54506195
v 0.08079292 0.00052694 -0.58209038
v 0.11976340 0.04863345 -0.56996381
v 0.08056346 -0.03306531 -0.55268991
v -0.74670422 -0.53437889 0.24164133
v -0.70537966 -0.52256179 0.29572260
v -0.69267374 -0.50334471 0.37616545
v -0.73233271 -0.52858406 0.32368737
v -0.66674918 -0.49811667 0.34854972
v -0.67943656 -0.51481748 0.27516288
v -0.72016132 -0.52585512 0.22101016
v -0.14493479 0.90379906 -0.50834328
v -0.10624642 0.87713408 -0.50350219
v -0.16463548 0.90333802 -0.53152496
v -0.42955717 -0.35527647 -0.46187013
v -0.49883345 -0.34778312 -0.41646484
v -0.49878144 -0.42660773 -0.53037167
v -0.67003977 -0.48072189 -0.55429035
v -0.58205330 -0.50148576 -0.62103671
v -0.57808936 -0.41365263 -0.47469008
v -0.63966858 -0.37363729 -0.41029093
v -0.55650806 -0.31949320 -0.36545670
v -0.73546749 -0.42795056 -0.47526228
v -0.21634892 -0.45827872 -0.09150379
v -0.24357381 -0.45348954 -0.07771274
v -0.22171921 -0.45142853 -0.03581385
v -0.54275620 -0.48625940 -1.24428439
v 0.11033339 -0.47891110 -0.33019638
v 0.14608246 -0.49854827 -0.33475995
v 0.15195948 -0.46395475 -0.36183655
v 0.61642891 -0.10489621 -0.20178705
v 0.65721858 -0.13567168 -0.20884739
v 0.56731790 -0.12272727 -0.25652075
v 0.61140513 -0.15292388 -0.26320592
v 0.69668907 -0.16866714 -0.21670587
v 0.65451849 -0.18501249 -0.27074316
v -0.34374988 -0.43017560 -0.07597516
v -0.33676007 -0.41515338 -0.12430257
v 0.58029646 0.64559096 -0.57299638
v 0.60524952 0.60831827 -0.59279960
v 0.37180874 0.52575529 -0.30504578
v 0.40059653 0.54318953 -0.31219071
v 0.40431681 0.12154201 -0.14574347
v 0.45597190 0.10142553 -0.06416331
v -0.82884878 0.31063238 -0.90370530
v -0.80333704 0.34114599 -0.80050212
v -0.84143972 0.29437801 -0.79916698
v -0.88004929 0.25607407 -0.91667032
v -0.91270250 0.21303868 -1.03823841
v -0.47475466 0.36424559 0.02213290
v -0.45084611 0.38622159 0.04809032
v -0.49953550 0.39101890 0.01223618
v -0.47489861 0.41491908 0.04031649
v -0.49786931 0.34246963 -0.00669827
v -0.52293831 0.36771476 -0.01889664
v -0.44889909 0.43935606 0.06668065
v -0.49940857 0.44564784 0.03195578
v -0.52416217 0.42033079 0.00190802
v 0.08985504 0.22997352 0.20488079
v -0.68221152 0.44581035 -0.87992638
v -0.04910130 0.08286374 0.32691836
v -0.00724830 0.05923609 0.33647090
v 0.40237218 -0.72710192 0.12409599
v 0.33711466 -0.75313026 0.02150060
v 0.44016480 -0.70563722 0.16676576
v 0.46807095 -0.74245077 0.15387143
v 0.36756328 -0.74323410 0.07534100
v 0.42883465 -0.76352155 0.11149488
v 0.36081567 -0.78753322 0.00905567
v -0.41148615 0.79000086 0.01300539
v -0.42765868 0.81278622 -0.01282963
v -1.07904768 -0.01905483 -1.02484536
v -1.10903263 -0.10271425 -0.97564018
v -1.02567577 0.06121013 -0.86936963
v -1.05597007 -0.01073689 -0.81831342
v -0.95572633 0.13292468 -0.72465146
v -0.98067015 0.07395080 -0.67267728
v -0.93367380 0.19591376 -0.91828704
v -0.98375344 0.13063920 -0.90295142
v -0.92189318 0.18995635 -0.76383287
v -0.44803914 -0.45640969 0.17435490
v -0.47955313 -0.47056806 0.11458518
v -0.44858989 -0.46298635 0.10589556
v -0.19765389 0.21672967 -0.95257062
v -0.31539488 0.79889584 -0.69947302
v 0.09359542 -0.34602597 0.24926586
v 0.12370201 -0.36936867 0.24484025
v 0.18237090 -0.29986298 0.31774753
v 0.15331674 -0.33461800 0.28629863
v 0.21387193 -0.32751271 0.31483674
v 0.18355617 -0.36115402 0.28221434
v 0.15319097 -0.39419660 0.24026106
v 0.12307320 -0.42546248 0.18917070
v -0.01453860 -0.09803157 -0.70484394
v 0.07966374 0.03389297 -0.61168891
v 0.03342412 -0.00983396 -0.67452472
v 0.07655661 0.06857453 -0.63848317
v 0.03788555 -0.03310799 -0.63385856
v -0.99936241 -0.46001232 0.11214630
v -1.02832603 -0.41806072 0.09533940
v -0.54317331 0.12450200 0.04807675
v -0.63097167 0.08729476 0.05477536
v -0.58173311 0.08958597 0.01417649
v -0.48106635 0.91425860 -0.13886961
v -0.51576990 0.89430451 -0.13856256
v -0.47519821 0.89859122 -0.11346749
v -0.54921496 0.87971002 -0.15162548
v -0.54744357 0.85878134 -0.12367394
v -0.50410575 0.85931683 -0.08815170
v -0.46643546 0.87964064 -0.08780803
v -0.51142603 0.87799752 -0.11432968
v 0.79917634 -0.24115795 0.00623061
v 0.82539827 -0.25689161 -0.06080158
v 0.84658104 -0.27778360 -0.12970357
v 0.85451812 -0.29495767 -0.07449406
v 0.79500985 -0.26940939 0.05648382
v 0.77044326 -0.20336285 0.01814789
v 0.76689714 -0.23121870 0.06932653
v 0.38286400 0.46903822 -0.59629124
v -0.41816363 0.71687394 0.06152292
v -0.43571913 0.74226600 0.03734946
v -0.76965052 -0.26926306 -0.10982287
v -0.80738258 -0.27460355 -0.09257217
v -0.84499592 -0.28048134 -0.07525036
v -0.76880014 -0.21711740 -0.10629643
v -0.80792385 -0.22099686 -0.08980153
v -0.38550600 0.24766758 0.08219300
v -0.35423115 0.24147841 0.12709363
v -0.35667801 0.21287745 0.17278720
v -0.27581525 0.76577193 -0.70750201
v -0.23802176 0.76281470 -0.69337350
v -0.27250335 0.73359853 -0.71974695
v -0.27781290 0.79538339 -0.69139266
v -0.24109879 0.79299766 -0.67865449
v -0.24374431 0.82145572 -0.66248500
v -0.67068082 -0.42173457 -0.05509199
v -0.65878910 -0.38135105 -0.09497853
v -0.63568419 -0.41467920 -0.06701058
v -0.68550229 0.73522121 -0.59102952
v -0.46827796 0.79161292 -0.01152731
v -0.45249113 0.76716411 0.01314746
v -0.35462177 0.79309863 0.03591034
v -0.44218981 0.83605826 -0.03775835
v 0.18035153 -0.60211748 0.00462285
v 0.15255937 -0.57543540 0.00585088
v 0.18754348 -0.63003141 -0.05767977
v 0.20484802 -0.59440470 0.06307869
v 0.61599618 0.52124804 -0.27473849
v 0.64085907 0.49338040 -0.28637511
v 0.64545411 0.54485750 -0.27035904
v 0.56139433 0.52739006 -0.27408624
v 0.58789611 0.49871385 -0.27651659
v -0.05713214 -0.44969749 0.02339698
v -0.08742618 -0.44000328 0.03256421
v -0.08380248 -0.46401089 -0.03396699
v -0.02785158 -0.42777216 0.08545502
v -0.05806107 -0.41612983 0.09407257
v -0.11657618 -0.43201131 0.04286671
v -0.08721440 -0.40613890 0.10361294
v -0.02739748 -0.38429239 0.15569396
v -0.05668356 -0.37267968 0.16443194
v -0.57478303 -0.12619546 0.49994588
v -0.59021109 -0.08644254 0.49866414
v -0.59641051 -0.13488334 0.52040851
v -0.55599070 -0.11694165 0.48513067
v -0.56264478 -0.16727912 0.49699682
v -0.58301234 -0.17646924 0.51656348
v 0.18865067 0.53243834 -0.38484797
v -0.08676663 0.69101626 -0.00419433
v -0.67730975 -0.45750439 -0.00265712
v -0.74546641 -0.47308224 0.03199697
v -0.71185738 -0.46554291 0.01446474
v -0.67832780 -0.48567361 0.05878909
v -0.71089238 -0.49277765 0.07534887
v -0.64244384 -0.44911617 -0.01768769
v -1.02109194 -0.51455903 -0.99887389
v 0.08251262 0.49195382 -0.07914977
v 0.11205336 0.48427182 -0.11548989
v -0.68037480 0.08838983 0.08912657
v -0.72516388 0.08913176 0.11870106
v -0.73042101 0.11465630 0.19259883
v -0.76369888 0.08924851 0.14451553
v 0.66108334 0.78907949 -0.48451829
v 0.73305333 0.76587915 -0.48518085
v 0.72002560 0.76901048 -0.44863302
v 0.69484693 0.79715616 -0.46783447
v 0.65265304 0.79479897 -0.44167593
v 0.62570989 0.78061086 -0.45239586
v 0.55015630 0.02108116 -0.06019364
v 0.54032916 0.04555197 0.01047754
v 0.58425421 -0.00663190 -0.06162621
v -0.94834769 -0.54648900 -0.87933183
v -0.44017154 0.12096317 -1.19365776
v -0.57298380 0.08605943 -1.29268467
v -0.40960500 0.21874708 -1.11355269
v -0.37677923 0.30515081 -1.03203166
v -0.27584288 0.33124012 -0.94596195
v -0.29497153 0.25373721 -1.01087868
v -0.52860445 0.19124553 -1.19943273
v -0.48117363 0.28398690 -1.10551715
v -0.69890082 0.06747999 -1.35068786
v 0.32799640 0.02785050 -0.33456606
v 0.38957605 0.01353423 -0.26296109
v 0.34415475 -0.00292388 -0.31871605
v 0.36754549 0.04182971 -0.27533242
v 0.35158318 0.07085702 -0.29197106
v 0.41044676 0.05631124 -0.20956068
v 0.38790110 0.08412443 -0.22053044
v 0.27593979 -0.38449466 0.30615872
v 0.30994773 -0.35012102 0.33000332
v 0.34241715 -0.37956381 0.32361245
v 0.33744484 -0.44427735 0.29387063
v -0.66776979 0.81450140 -0.45944643
v -0.65860170 0.83575094 -0.43258667
v -0.64767718 0.85651207 -0.40510207
v -0.66668153 0.83043325 -0.37625429
v -0.67802489 0.80968183 -0.40376842
v -0.63624859 0.85743433 -0.46200848
v 0.57013381 -0.94459444 0.04093581
v 0.49547270 -0.92124057 0.01145674
v 0.46767488 -0.88611120 0.02449761
v 0.53844768 -0.90959263 0.05678847
v -0.57581878 0.86703104 -0.17079926
v -0.57773370 0.84375519 -0.14149429
v -0.60052752 0.85437578 -0.19207929
v 0.07526831 0.60051197 -0.17988652
v 0.73932081 -0.19324622 0.08165710
v 0.70214105 -0.18821129 0.14066307
v 0.67358238 -0.15170273 0.15296538
v 0.65826792 -0.18785712 0.19497927
v 0.71107954 -0.15636310 0.09338321
v 0.71333009 -0.12926376 0.04076222
v 0.74190450 -0.16598794 0.02959530
v -0.44101465 -0.24760136 -0.31453100
v -0.39430037 -0.26034084 -0.34449631
v -0.40817383 -0.24185354 -0.29922539
v -0.44703382 -0.22840294 -0.27628726
v -0.30986190 -0.27004918 -0.32072121
v -0.34819591 -0.26347557 -0.30218691
v -0.32326743 -0.25644505 -0.34490222
v -0.36612928 -0.25111380 -0.32240191
v -0.34468153 -0.26484072 -0.37252933
v -0.38610044 -0.25561401 -0.28323260
v -0.43781850 -0.29349425 -0.37374973
v -0.37943172 -0.29863444 -0.40951267
v -0.45434985 -0.26355585 0.42514002
v -0.42143038 -0.25225231 0.41586596
v 0.93327099 -0.40974295 -0.29207599
v 0.90087795 -0.37514025 -0.27739012
v 0.95438373 -0.41247633 -0.24259503
v 0.92288470 -0.37659502 -0.22670750
v 0.32984442 -0.81547791 -0.24262339
v 0.31182289 -0.78694528 -0.23099999
v 0.32949364 -0.78957742 -0.29290053
v 0.34742182 -0.81578928 -0.30479628
v 0.35417438 -0.78353351 -0.34997112
v 0.36777303 -0.84160084 -0.31642574
v 0.31141162 -0.76236141 -0.28088659
v 0.36596483 -0.74862796 -0.38979298
v 0.37476057 -0.80808866 -0.36255249
v 0.01983385 -0.51392066 -0.10729130
v -0.01163262 -0.49991840 -0.10448302
v 0.04154562 -0.51427954 -0.05318598
v 0.01067675 -0.49828273 -0.05139673
v -0.46111432 0.24286392 -0.01954724
v -0.44146922 0.26621431 0.00989167
v -0.48595390 0.25964868 -0.04128303
v -0.50474888 0.23419210 -0.07603440
v -0.53136653 0.25228918 -0.09512942
v -0.44645470 0.30242857 0.01932812
v -0.46662539 0.28224224 -0.00893483
v -0.42194113 0.28622705 0.03527477
v -0.49352250 0.29946426 -0.02448663
v -0.51297569 0.27688479 -0.05909339
v -0.47245893 0.32052961 0.00634713
v 0.84298134 -0.48490828 0.13306455
v 0.87238169 -0.52287173 0.11414258
v -0.27711982 0.76924795 0.07341845
v -0.25932577 0.73372823 0.08109696
v -0.24286506 0.69733876 0.08522807
v 0.78608805 -0.79612458 0.15679957
v 0.62814265 -0.86529309 0.12708066
v -0.62783414 0.78188604 -0.15553528
v -0.62396675 0.75322020 -0.12591940
v -0.60363781 0.80179912 -0.13250129
v -0.60455370 0.82825083 -0.16234510
v -0.61683607 0.72473747 -0.09689818
v -0.96840066 -0.45724642 0.06995754
v -0.99473774 -0.41559744 0.05118905
v 0.34805599 0.42308590 -0.24098200
v 0.37329829 0.39182964 -0.24367535
v 0.45065519 0.39704862 -0.26689476
v 0.42305589 0.37846231 -0.26105011
v -0.30916688 0.66683710 -0.75681174
v -0.26829576 0.69985569 -0.73051190
v -0.35434130 0.66896290 -0.76590258
v -0.42546424 -0.42261177 -0.05197129
v -0.45349082 -0.42241180 -0.04864831
v -0.45053795 -0.39981729 -0.08701207
v -0.39824051 -0.43790907 -0.01327389
v -0.42529970 -0.43945116 -0.00918698
v -0.50180042 -0.36764193 -0.11368261
v -0.47289461 -0.36999136 -0.11884037
v -0.40049636 0.26917315 0.05547132
v -0.38081306 0.28689885 0.07338436
v -0.42550743 0.32091796 0.04342078
v -0.40201542 0.30374515 0.05644847
v -0.11080864 0.65758783 -0.65846068
v 0.78554493 -0.30155301 0.10206552
v 0.75504392 -0.37263256 0.17974775
v 0.22478104 0.46818894 -0.21594031
v 0.20743939 0.45224565 -0.18380015
v 0.25064752 0.44516501 -0.20969512
v 0.24364752 0.48533747 -0.24830933
v 0.27053404 0.46263865 -0.23581579
v 0.23192972 0.42932346 -0.18185611
v 0.27686912 0.41920042 -0.20685244
v 0.25698674 0.40417403 -0.18238437
v 0.23857737 0.39144874 -0.15368259
v -0.08958380 0.59149325 -0.66568202
v -0.09996605 0.62465334 -0.66253513
v -0.58040321 0.27082816 -1.15532851
v 0.67422295 -0.07557831 -0.00826475
v 0.61901832 -0.03524845 -0.06525178
v 0.03860223 0.64519012 -0.13742271
v 0.02844034 0.67441738 -0.13373351
v 0.02172083 0.63489562 -0.10168349
v 0.04989095 0.61684036 -0.14035073
v 0.03455286 0.60611534 -0.10424073
v 0.00436154 -0.08815182 0.35226822
v 0.02489766 -0.05184513 0.35505861
v -0.02878946 -0.07478590 0.35424513
v 0.01575904 -0.13944367 0.34353667
v -0.01512369 -0.12667802 0.34576726
v -0.04547357 -0.11603705 0.34898847
v 0.51375979 0.01636195 -0.12922144
v 0.46741733 0.00368572 -0.19491434
v 0.48171720 0.04234142 -0.13241710
v 0.51709628 0.04832627 -0.06088845
v 0.45173410 0.06811514 -0.13776697
v 0.43691948 0.02939576 -0.20047802
v -0.53286016 0.72001469 0.00042601
v -0.49366939 0.74437696 0.00973660
v -0.51662254 0.69186878 0.02411608
v 0.83050972 0.61644518 -0.54528362
v -0.55342931 -0.21011919 0.49037689
v -0.57313472 -0.21961749 0.50872213
v 0.28557938 0.51473415 -0.30537245
v 0.26350066 0.50135016 -0.27960926
v 0.31667969 0.49485591 -0.27946442
v 0.34552044 0.46919233 -0.26202169
v 0.32059386 0.45265153 -0.24682346
v 0.34322834 0.50992119 -0.29447746
v 0.31328756 0.52698320 -0.32364202
v 0.29193339 0.47938254 -0.25985840
v -0.59190738 0.21954966 -0.17490768
v -0.57552874 0.24581861 -0.14528161
v -0.61697412 0.24144217 -0.18695155
v -0.60189974 0.26721981 -0.15799236
v -0.55864435 0.27173862 -0.11094148
v -0.54879016 0.22572833 -0.12980527
v -0.65886843 -0.20513543 -0.14691496
v -0.66053349 -0.25475785 -0.14580528
v -0.69299370 -0.20911893 -0.13492998
v -0.62899643 -0.20225102 -0.15936473
v -0.69471133 -0.25906533 -0.13565615
v -0.73033649 -0.21325877 -0.12191928
v -0.68924761 -0.30434471 -0.12949175
v -0.65493733 -0.29948354 -0.13816537
v -0.00070384 0.69486761 -0.09557356
v 0.01888361 0.70410961 -0.12981111
v -0.59625047 0.45625672 -0.05619036
v -0.54874486 0.45125812 -0.00923696
v -0.59720129 0.51553386 -0.03561974
v -0.64016259 0.46060985 -0.10705779
v -0.62008178 0.48792303 -0.07022069
v -0.90912926 0.09658539 -0.49668062
v -0.99374348 0.01497371 -0.61051053
v -0.90798056 0.05051746 -0.43880254
v -0.83159167 0.15995759 -0.41209078
v -0.82799101 0.12193870 -0.36442009
v -0.90015960 0.14449039 -0.55262983
v -0.35938260 0.62906164 -0.78594601
v -0.37157094 0.58586740 -0.81402850
v -0.39523846 -0.44615704 0.03577890
v -0.31969205 0.23202333 0.17381708
v -0.32784435 0.25997648 0.13437064
v -0.27795252 0.21788678 0.21347745
v -0.16529098 -0.38686293 0.13575010
v -0.18845898 -0.38402173 0.14616908
v -0.19438428 -0.41637021 0.07866396
v -0.15911232 -0.34572762 0.20109238
v -0.24022046 -0.41259927 0.10158567
v -0.21761537 -0.41380909 0.09052576
v -0.21088484 -0.38293204 0.15591203
v -0.13557407 -0.34937170 0.19256197
v -0.13094851 -0.30120045 0.25040996
v 0.14796880 0.24544302 0.17560618
v -0.00546635 -0.11282087 -0.59922689
v 0.03929390 -0.05521669 -0.59421962
v -0.00826525 -0.10505534 -0.64926654
v -0.72608846 0.71515274 -0.46319199
v -0.70745850 0.74683136 -0.48671371
v 0.69227517 0.49104711 -0.30315170
v 0.72182280 0.51466042 -0.29957208
v 0.66988802 0.51671863 -0.28342056
v 0.75168699 0.53939003 -0.29797038
v -0.04063600 0.91590327 -0.23618203
v -0.03234085 0.89823323 -0.21233180
v -0.68534482 0.77373797 -0.51210380
v -0.67700148 0.79378480 -0.48622787
v -0.66083652 0.79409820 -0.54032719
v -0.71614784 0.72461861 -0.51343375
v 0.17749929 -0.56676275 0.06512494
v 0.12423017 -0.55115944 0.00588676
v 0.88432920 -0.82541531 0.11278610
v 0.88798416 -0.74976754 0.12633283
v 0.85436982 -0.79109651 0.13651071
v -0.73890591 0.38599977 -0.31872308
v -0.73470497 0.41319707 -0.28226650
v -0.72554648 0.44135273 -0.24760711
v -0.71847749 0.37965038 -0.26134837
v -0.70890105 0.40766099 -0.22834206
v -0.75125945 0.39508867 -0.38685051
v -0.65476388 0.23988688 -0.22219548
v -0.67391658 0.21449471 -0.24137862
v -0.63323247 0.21614489 -0.20973712
v -0.67490000 0.26497984 -0.23633185
v -0.69089192 0.24040714 -0.25945902
v -0.70492047 0.18399382 -0.25921127
v -0.71881896 0.21186113 -0.28358391
v -0.70615542 0.26786166 -0.28081334
v 0.26583564 0.18784863 0.19357650
v 0.24469972 0.15248080 0.24608876
v 0.25377160 0.09910041 0.28542858
v 0.29683080 0.17340119 0.18761687
v 0.27665806 0.13881949 0.24222521
v 0.04974326 0.41820559 0.01801014
v 0.06830043 0.39615750 0.02043241
v 0.06977309 0.43735749 -0.01475693
v 0.08598110 0.45458734 -0.04806028
v 0.06950736 0.47715780 -0.04526909
v 0.05303621 0.46045732 -0.01249388
v -0.83027607 -0.52604908 0.14206655
v -0.78884923 -0.53527009 0.18952359
v -0.27254036 -0.05164934 0.39900386
v -0.31235421 -0.06023141 0.40900606
v -0.32322666 -0.00794161 0.40321493
v -0.24231821 0.00777712 0.38402158
v -0.28207561 0.00145186 0.39299488
v -0.23487878 -0.04605670 0.38929039
v 0.00831651 0.73345679 -0.12660691
v -0.01218422 0.72481304 -0.09331585
v 0.00568628 0.86745930 -0.24630556
v 0.00524721 0.85542464 -0.21933305
v -0.00753074 0.85159320 -0.19098021
v -0.00915996 0.87422127 -0.21715978
v -0.02137105 0.87537819 -0.19669555
v -0.72753412 0.12324834 0.26473731
v -0.76218230 0.11132921 0.21694772
v -0.71635538 0.11402352 0.33137518
v -0.78845114 0.10694088 0.24005406
v 0.60427845 -0.97753924 0.02248354
v 0.61581105 -0.92644590 0.07832293
v -0.11417522 -0.45612305 -0.02407870
v -0.14348015 -0.44983375 -0.01313968
v -0.39005589 0.80619806 -0.70337057
v -0.42650023 0.80937469 -0.69856352
v -0.44503871 0.86360729 -0.63893282
v -0.45403329 0.83860040 -0.66511929
v -0.46174848 0.81222999 -0.68930817
v -0.66005617 0.56366968 -0.72324729
v -0.66169435 0.50675476 -0.79068774
v -0.67023289 0.62009531 -0.67406094
v -0.64513755 0.60773319 -0.70934075
v -0.34419826 0.37990844 -0.95752895
v -0.25664392 0.39863718 -0.88687080
v -0.65519470 0.35304105 -1.06957829
v -0.72733146 0.27603799 -1.15733325
v -0.24078032 0.78528738 0.05271752
v -0.66144615 0.80783713 -0.26471511
v -0.68147671 0.80093664 -0.34771630
v -0.05494999 -0.32160789 0.22738333
v -0.08158702 -0.31226355 0.23574920
v -0.08460561 -0.36293501 0.17369826
v -0.11090326 -0.35491627 0.18308409
v -0.11484390 -0.39821300 0.11422385
v -0.14085704 -0.39187899 0.12510075
v -0.17003682 -0.42031541 0.06638972
v -0.14413810 -0.42541426 0.05426253
v -0.10688116 -0.30531058 0.24315245
v -0.74520236 0.30279362 -0.37552279
v -0.77343172 0.27448365 -0.43135044
v -0.73828375 0.27119246 -0.34303451
v -0.77039486 0.20677862 -0.35295588
v -0.72971994 0.24083543 -0.31192914
v -0.77273268 0.24062276 -0.39230967
v -0.82801443 0.19944850 -0.46013653
v -0.81939083 0.23910517 -0.50540304
v -0.75029397 0.33594164 -0.40758300
v -0.77081823 0.30954647 -0.46788222
v -0.80740130 0.27837795 -0.54539186
v -0.40653256 0.62981147 -0.79097676
v -0.45122775 0.63119054 -0.78909588
v -0.60872823 -0.18828139 0.54080814
v 0.75922441 0.47699365 -0.35609305
v 0.78681588 0.50305152 -0.35335928
v 0.58331949 -0.89051408 0.09520297
v 0.40603742 -0.85755038 -0.01527250
v -0.64354402 0.82554668 -0.23884659
v -0.62316841 0.84084040 -0.21447006
v -0.64807063 0.79353392 -0.21047544
v 0.51507354 -0.57990092 -0.50291491
v 0.45551211 -0.59663767 -0.48404580
v 0.42774573 -0.63461566 -0.47094202
v -0.41784731 0.87988514 -0.06877774
v -0.45482960 0.85866416 -0.06256603
v 0.42832661 -0.57584029 -0.47054750
v 0.36617073 -0.03286038 -0.30822718
v 0.34231859 -0.08381379 -0.34576249
v 0.43169749 0.24802932 -0.33294937
v -0.21554053 0.24760336 0.19963051
v -0.24634248 0.23212361 0.20699580
v 0.76378280 -0.44746739 0.19741113
v 0.73879963 -0.48680955 0.22313981
v 0.79358554 -0.48431098 0.18220474
v -0.84969032 0.27767897 -1.00901306
v -0.88270825 0.24384999 -0.78919166
v -0.86138427 -0.55144459 -0.76119983
v -1.00581074 -0.45932609 -0.75757039
v -1.01772916 -0.35453263 -0.62485617
v 0.56320894 0.52390808 -0.60452372
v 0.59808683 0.54638141 -0.60365468
v 0.53689444 0.56465334 -0.59397513
v 0.57180226 0.58642882 -0.59421706
v -0.76004267 0.48209721 -0.50951988
v -0.74052984 0.47298938 -0.63960260
v -0.61084700 -0.47094947 0.02739550
v -0.72071171 0.29633552 -0.30505145
v -0.69982821 0.09103429 0.39074349
v -0.43479997 0.88789856 -0.61141950
v -0.39345860 0.90559608 -0.59366685
v -0.05149449 0.92850250 -0.26063445
v 0.24805158 0.35363033 -0.61984229
v 0.26994663 0.24454013 -0.60359085
v 0.15513906 0.37633225 -0.61584651
v 0.35586062 -0.86561537 -0.19892499
v 0.33752292 -0.83578455 -0.18777327
v 0.49571154 -0.77968568 0.14041235
v -0.60050297 -0.24931547 -0.16372353
v -0.57433426 -0.24884275 -0.17319730
v -0.54894167 -0.24980557 -0.18262254
v -0.53650653 -0.29270160 -0.16377243
v -0.55850887 -0.20460880 -0.19567649
v -0.23338130 0.73056966 -0.70475239
v 0.06229863 0.58984333 -0.14261755
v 0.04843184 0.57858747 -0.10632595
v 0.01842012 0.59463763 -0.06887721
v 0.03420938 0.56678158 -0.07062105
v 0.38373730 -0.30786386 -0.41695666
v 0.46914300 -0.30585164 -0.41085243
v 0.43226105 -0.34217799 -0.42732808
v 0.41980022 -0.27197871 -0.40127212
v -0.96391046 -0.49388462 0.13520943
v 0.43460408 0.59791529 -0.34917885
v 0.46266437 0.61924344 -0.35049364
v -0.58373004 0.59503579 -0.76887536
v 0.15149590 -0.44999188 0.18518062
v 0.12182716 -0.47549224 0.12799586
v 0.09371505 -0.40274748 0.19388945
v 0.09313007 -0.45316833 0.13112538
v 0.09320834 -0.49542749 0.06709920
v -0.42212391 0.58520347 -0.82140326
v -0.48944616 -0.27465910 -0.33494097
v -0.59805471 -0.27456188 -0.31550351
v -0.48175246 -0.22723305 -0.28545427
v -0.53146917 -0.24391568 -0.29697582
v -0.26077226 0.90489805 -0.58418494
v -0.94735122 -0.17736554 -0.00335209
v 0.28319550 0.21628451 0.13177659
v 0.31289458 0.20009935 0.12343372
v 0.26977193 0.25294274 0.07221605
v 0.28167868 0.26674357 0.00639294
v 0.23216251 -0.16657871 0.36152530
v 0.21579275 -0.65913546 -0.06370878
v 0.19992384 -0.65104485 -0.12110807
v 0.17118287 -0.62172025 -0.11516628
v 0.15858549 -0.60670346 -0.16940604
v 0.13101321 0.46379483 -0.11711683
v 0.09935836 0.47001922 -0.08174045
v 0.24489966 -0.35593224 0.31076074
v 0.27713615 -0.32158715 0.33516669
v -0.04004076 0.78152692 -0.09552059
v -0.78861904 0.33698118 -0.96986920
v 1.00822306 -0.64718699 -0.01040190
v -0.12169985 0.89449066 -0.10499970
v -0.63998723 0.52050275 -0.08803263
v -0.64812702 0.76147169 -0.18151006
v -0.62857342 0.81167537 -0.18530282
v -0.38599229 -0.24116284 0.40512997
v 0.68403733 0.44620860 -0.33174077
v 0.71262527 0.46928468 -0.32880875
v 0.66358584 0.46809417 -0.30603972
v 0.70190269 0.42836291 -0.36210996
v 0.67315942 0.40524080 -0.36434269
v 0.73076081 0.45216629 -0.35910776
v 0.65588760 0.42339024 -0.33364451
v 0.74107903 0.49326709 -0.32597691
v 0.09560292 -0.52866995 0.00539631
v 0.06625431 -0.50835919 0.00565754
v 0.14995271 -0.54100293 0.06575580
v 0.12184710 -0.51735532 0.06614237
v -0.64482522 -0.47815204 0.04230359
v -0.64279389 -0.49765462 0.10937868
v 0.63522148 0.33840844 -0.44038805
v 0.60360426 0.31627667 -0.48315012
v 0.57051402 0.29422191 -0.48138326
v 0.65757561 0.36894932 -0.40064439
v 0.11870045 0.26339066 0.15911923
v 0.14283821 0.29339647 0.10986583
v -0.06908163 0.62304026 -0.63938266
v -0.04176574 0.62158996 -0.61563545
v -0.05727527 0.59014028 -0.64182138
v -0.07975678 0.55778223 -0.66998881
v -0.52341193 0.20565072 -0.11035981
v 0.63175964 0.56900591 -0.60183406
v -0.39378297 -0.29491079 0.37934244
v 0.88739169 -0.67301375 0.13006549
v 0.91211677 -0.63561213 0.10409819
v -0.85653383 0.24434543 -1.10664439
v -0.78611809 0.31315669 -1.04988277
v 0.29270834 -0.75721109 -0.21869190
v 0.29985139 -0.77478343 -0.16428468
v 0.31892863 -0.80580676 -0.17644371
v 0.25608677 0.32477888 -0.08945135
v 0.24625230 0.35635653 -0.12463747
v -0.75326180 0.55169338 -0.31549308
v 0.23879337 -0.00158741 0.33713472
v 0.20342129 0.01431903 0.33772790
v 0.27549157 -0.01926823 0.33596641
v 0.26386690 0.04157225 0.31433839
v 0.22909427 0.05689158 0.31705862
v -0.56648964 0.19768344 -0.16031982
v -0.03291030 0.02209957 0.34803146
v -0.08643225 0.11189789 0.31241304
v 0.30077723 0.02479776 0.31131333
v 0.28814974 0.08439550 0.28137058
v -0.76409554 0.17390178 -0.31555566
v -0.74217325 0.36050344 -0.35930362
v -0.73239052 0.32741269 -0.33174303
v 0.87664080 -0.31472206 -0.14334664
v 0.90633368 -0.35179800 -0.15837802
v 0.94324744 -0.43358028 -0.07417173
v 0.94285572 -0.40840626 -0.12368724
v 0.36272252 0.04788420 0.27076936
v 0.32437864 0.06744498 0.27622521
v 0.82964659 -0.27017328 -0.18646400
v -0.53758538 0.93466324 -0.24530423
v -0.51561064 0.95247054 -0.26616687
v 0.07150618 0.10675074 -0.66040725
v 0.40037158 -0.83317918 -0.37532800
v 0.09234738 -0.36202648 -0.39968354
v 0.13240179 -0.37368608 -0.40017480
v 0.08420885 -0.39913777 -0.37951827
v -0.48607689 0.48180473 -0.92004991
v -0.27233422 0.10352283 0.34288216
v -0.23244759 0.10899818 0.33109695
v -0.28900734 0.14276956 0.30872315
v -0.30316857 0.17584132 0.26700044
v -0.34529024 0.16560614 0.27794296
v -0.26527396 0.18604460 0.25666314
v -0.24977353 0.15015890 0.29698235
v 0.29743293 -0.57380581 -0.39580789
v -0.62030202 0.07191740 -0.20003743
v -0.64433306 0.10193827 -0.20970567
v -0.58694476 0.16807714 -0.18415475
v -0.61209476 0.13701707 -0.20046501
v -0.19371054 -0.32649097 -0.33404481
v -0.22977662 -0.31622052 -0.32246959
v -0.19620368 -0.28932086 -0.36358300
v -0.28000817 -0.25868767 -0.36507607
v -0.23797408 -0.25933453 -0.38107064
v -0.27193385 -0.27579075 -0.33690605
v -0.19662344 -0.26031891 -0.39427602
v -0.23398539 -0.28200918 -0.35140556
v 0.78135562 0.56472486 -0.29833999
v -0.22507828 -0.30246991 0.27761728
v -0.25121686 -0.30683151 0.28583688
v 0.51453251 -0.14672792 -0.30389729
v 0.56127435 -0.17711017 -0.31028721
v -0.79521787 0.05362048 0.09664448
v -0.02899632 0.58829576 -0.61833817
v -0.01725869 0.62097067 -0.59115469
v 0.51649952 -0.33875108 -0.42079771
v -0.51465517 0.91870832 -0.53302938
v -0.48450556 0.91752762 -0.55220699
v -0.47077289 0.93884075 -0.52192259
v -0.18327296 0.49915910 0.11524154
v 0.78256506 0.62515360 -0.57251495
v 0.75318629 0.60065395 -0.58168316
v 0.72299802 0.57634497 -0.58953810
v 0.80127054 0.53102922 -0.54093051
v 0.74818599 0.53927839 -0.57370055
v 0.20498249 -0.55142629 0.12236647
v 0.17759284 -0.52461308 0.12449308
v 0.17943364 -0.47570533 0.18206595
v 0.21051151 -0.44752836 0.23148684
v 0.73405683 -0.20344245 -0.22457585
v 0.69130522 0.55243647 -0.59451938
v 0.14480087 -0.56023014 -0.26331386
v 0.14952621 -0.58622581 -0.21913706
v 0.14358294 -0.53075618 -0.30191588
v -0.42246243 -0.45079517 0.04029776
v -0.39075497 -0.44748360 0.09222873
v -0.41887212 -0.45535553 0.09865896
v -0.02529745 0.75364047 -0.09348459
v 0.04242652 0.62895751 -0.50683963
v -0.98778212 -0.30629998 0.00230843
v -0.97855508 -0.36156836 0.00673369
v -0.96102881 -0.40959099 0.01968615
v -1.01398933 -0.36683348 0.03856857
v -0.94413555 -0.35486805 -0.01710896
v -0.98863298 -0.24541083 0.00700444
v -0.95319867 -0.30066797 -0.02229036
v 0.47290853 0.36842403 -0.28042865
v 0.47843090 0.41636682 -0.27135980
v 0.50160486 0.38790330 -0.28418881
v 0.52240837 0.36201695 -0.30381024
v 0.49291512 0.34245688 -0.29995769
v 0.44434303 0.34978858 -0.27543852
v 0.46336910 0.32374579 -0.29490864
v -0.39488739 0.76791048 0.03885664
v -0.69256455 0.29256600 -0.25343260
v 0.11902630 0.08861496 -0.59294981
v 0.30543613 0.11166117 -0.46594065
v 0.33938059 0.11837350 -0.34426776
v 0.73951489 0.47971836 -0.55299282
v 0.77032930 0.50569206 -0.54675442
v 0.58470458 -0.31081915 0.28590906
v -0.59011596 -0.03779990 0.47676188
v 0.15931132 0.17047235 -0.59834731
v 0.11440616 0.16972506 -0.62612307
v 0.20531043 0.19506700 -0.59406930
v 0.15910068 0.12933648 -0.58204108
v 0.11717636 0.12890302 -0.61202967
v -0.89294475 -0.39260703 -0.02092054
v -0.87089515 -0.43217826 0.00023387
v -0.92750233 -0.40201148 -0.00343019
v -0.93633175 -0.45041329 0.03979918
v -0.90405405 -0.44183952 0.01765610
v -0.90522623 -0.48304886 0.06712215
v -0.87441421 -0.47400922 0.04590951
v -0.84263968 -0.46426004 0.02889045
v -0.73355108 0.54117459 -0.25683272
v -0.29629180 0.05188873 0.37942916
v -0.33830360 0.04229823 0.39032376
v -0.45036176 0.34053040 0.03308326
v 0.71688092 0.51439852 -0.57926679
v 0.70754772 0.45457664 -0.55717099
v 0.69586629 0.61477548 -0.59352356
v 0.66423315 0.59183210 -0.59845167
v -0.02652334 -0.33296445 0.21972631
v 0.00273899 -0.39832634 0.14782079
v 0.00304939 -0.34679973 0.21247022
v 0.00228918 -0.29053342 0.26574731
v 0.06298069 -0.32501218 0.25455397
v 0.06364863 -0.38192767 0.19919817
v 0.03330258 -0.36307558 0.20546274
v 0.03323483 -0.41447511 0.14092086
v 0.03238469 -0.30622202 0.25986123
v 0.22645447 -0.51397556 -0.37425289
v 0.18904084 -0.48694253 -0.36693132
v 0.23718899 -0.47601217 -0.39517191
v 0.16056794 -0.42782223 -0.38423404
v 0.19864216 -0.44971019 -0.38843340
v -0.61606282 -0.06596795 -0.20864627
v -0.64532864 0.73039609 -0.15285264
v -0.64031804 0.70045102 -0.12405445
v 0.14978313 -0.49954987 0.12617169
v 0.18191496 -0.42058322 0.23576127
v -0.76676226 -0.52878690 -0.65114290
v -0.67898297 -0.31283277 -0.34608865
v 0.46079576 -0.06873091 0.28979355
v 0.50046420 -0.09709900 0.27976292
v -0.15657920 -0.33814594 -0.34480906
v 0.06177052 0.07598506 0.32859927
v 0.09892776 0.05894196 0.33454013
v -0.02087682 -0.48499268 -0.04757439
v -0.62906533 -0.25135931 -0.15477110
v -0.29164362 0.49850011 -0.84077644
v -0.20098209 0.90286100 -0.07578070
v -0.80989444 -0.45459718 0.01290928
v -0.77795136 -0.48076868 0.04851085
v -0.80966598 -0.48997509 0.06390519
v -0.83693290 -0.42224002 -0.01598828
v 0.76939273 0.51778001 -0.32388318
v 0.79691195 0.54257214 -0.32298321
v 0.82023895 0.56237566 -0.32028133
v -0.48668727 0.84108466 -0.65210664
v -0.47668284 0.86625451 -0.62528169
v -0.50917721 -0.19573554 -0.23887362
v -0.53193825 -0.18032703 -0.22506034
v -0.53878331 -0.17513260 -0.24023329
v -0.51336312 -0.21691477 -0.21864194
v -0.53691286 -0.20953181 -0.20673251
v -0.48082551 -0.21230835 -0.25580817
v -0.51450044 -0.20199096 -0.26022530
v -0.26514813 -0.30727878 -0.30959138
v -0.29999548 -0.29920921 -0.29530960
v 0.05320860 0.50129521 -0.04177192
v 0.06640597 0.51539999 -0.07606631
v 0.00880037 0.00168804 0.35120082
v -0.01146545 -0.03513976 0.35515213
v -0.06220180 -0.06184299 0.35672677
v 0.04753356 -0.01608022 0.35356885
v -0.04864218 -0.01763117 0.35541415
v -0.85045296 0.07911547 0.21590967
v -0.85717952 0.04955623 0.14193292
v -0.82371831 0.08404267 0.19100671
v -0.82788187 0.05222195 0.11901085
v -0.79588515 0.08751409 0.16794251
v -0.72485530 0.50491315 -0.23418736
v -0.61976409 -0.29313084 0.53863251
v -0.59714842 -0.23197699 0.53151238
v -0.59037679 -0.27681312 0.51697737
v 0.44583076 0.62693447 -0.38642913
v -0.49936205 -0.02935635 0.44526261
v -0.48459268 0.03406997 0.41536939
v -0.71221483 0.46988052 -0.21324776
v 0.38765875 -0.77157646 -0.40268356
v 0.40528870 -0.73333496 -0.43694824
v 0.34486473 0.22913781 -0.20172596
v 0.49364564 0.28081876 -0.34909165
v 0.47155753 0.24721295 -0.37710583
v 0.44950539 0.28367096 -0.31313068
v 0.46214107 0.26393884 -0.34241748
v 0.47999510 0.30077428 -0.31933981
v 0.71603787 0.41659155 -0.39754504
v 0.69521832 0.38682672 -0.43924689
v 0.96742481 -0.42577350 -0.19217998
v 0.93684971 -0.38833189 -0.17480507
v -0.66753328 0.12952952 -0.22227797
v -0.65541536 0.18911637 -0.22610015
v -0.68796402 0.15653025 -0.23863116
v -0.63447565 0.16372830 -0.21265098
v 0.25082240 -0.43679130 -0.41022891
v 0.21093792 -0.41079980 -0.40436339
v 0.27560672 -0.50526923 -0.40421671
v 0.29096943 -0.46601963 -0.41867784
v -0.01456829 0.88931751 -0.23702799
v -0.49213174 -0.33428276 -0.14718731
v -0.52066129 -0.33197826 -0.14014030
v -0.56386268 -0.29199871 -0.15614486
v -0.53056347 -0.36623040 -0.11004060
v -0.54940099 -0.33126441 -0.13517132
v -0.44385204 -0.37308249 -0.12609801
v -0.72510993 0.35289869 -0.29491997
v -0.75526148 0.37014192 -0.43790743
v 0.26784384 0.29556733 -0.04563209
v 0.14360505 -0.33463576 -0.41367811
v 0.15502602 -0.29403546 -0.42289019
v 0.17165974 -0.38960883 -0.40120646
v -0.57145822 -0.07695480 0.48319268
v -0.55245441 -0.06439642 0.47061038
v -0.57207173 -0.02479500 0.46265239
v 0.72612101 0.63783652 -0.58497781
v -0.19522062 -0.45561731 -0.04943302
v -0.17115000 -0.44415611 -0.00114964
v -0.02675735 -0.27753228 0.27149189
v -0.05406655 -0.26660249 0.27828902
v -0.08025266 -0.25851503 0.28443831
v 0.64474434 -0.36428893 -0.41208613
v 0.60170788 -0.39716890 -0.43861499
v 0.60347778 -0.33501029 -0.40450525
v 0.64830720 -0.30295804 -0.37229276
v 0.60500550 -0.27101272 -0.36494365
v 0.68857694 -0.33358672 -0.37919301
v 0.55913740 -0.30371305 -0.39672112
v 0.46260470 0.03899940 0.21112244
v 0.68683618 0.39244607 -0.39970595
v 0.66531146 0.36244002 -0.44057512
v 0.51042712 -0.20644182 -0.34848315
v 0.46247771 -0.23816767 -0.37869456
v 0.51191127 -0.27118465 -0.38752571
v -0.73435724 0.69099057 -0.49406922
v -0.73741770 0.66418064 -0.52632719
v -0.29009074 -0.33645603 -0.26674590
v -0.25669590 -0.34491146 -0.27939910
v -0.70962894 0.32169023 -0.27295572
v 0.62770444 -0.15272880 0.20741151
v -0.07560147 -0.10690961 0.35269392
v 0.54755050 -0.20235625 0.28705931
v 0.60651481 -0.19276610 0.24387388
v -0.02894732 -0.22138157 0.30940300
v -0.00044559 -0.23373455 0.30480444
v -0.85784477 -0.38301384 -0.03713703
v -0.61706954 -0.33395663 0.51987773
v -0.55860263 0.94066137 -0.32101774
v -0.66197079 0.67625803 -0.15309328
v -0.63360596 0.67050475 -0.09568823
v -0.65643078 0.64489347 -0.12550023
v -0.88336205 0.19218074 -0.60271013
v 0.50682539 0.07355092 0.01180393
v 0.48531577 0.07496051 -0.06287083
v -0.43551627 0.96335483 -0.19564255
v -0.05631615 -0.21192598 0.31414694
v -0.08285248 -0.20546377 0.31892562
v -0.10860178 -0.20130184 0.32399648
v -0.10536780 -0.25323322 0.29002589
v -0.12959118 -0.25071314 0.29578346
v -0.75834101 0.40600857 -0.46528673
v -0.76747799 0.34502560 -0.50027442
v -0.79374558 0.31710109 -0.57837582
v 0.05018734 0.54025137 -0.07316770
v 0.03636685 0.52693796 -0.03821804
v -0.31176585 0.16668591 -1.07525277
v 0.25630206 0.28549388 0.01368405
v -0.70810020 0.53253597 -0.19970009
v 0.36140215 0.53311872 -0.53605551
v 0.40737176 0.42908219 -0.61240715
v 0.02385766 -0.19225833 0.32716602
v -0.00598539 -0.17872965 0.33023834
v 0.02928949 -0.24836630 0.30057323
v 0.05469204 -0.20857564 0.32494164
v -0.03495277 -0.16783053 0.33393735
v 0.14520320 0.47791255 -0.15080927
v 0.12505201 0.49787039 -0.14971909
v -0.76151973 -0.52587402 0.16922562
v -0.80205655 -0.51687628 0.12187891
v -0.73371166 -0.51786500 0.15299074
v -0.77280515 -0.50749785 0.10572146
v -0.84015834 -0.49939823 0.08052747
v -0.70438099 -0.51095533 0.13896723
v -0.74222440 -0.49954468 0.09106947
v 0.55871099 -0.23864645 -0.35661182
v 0.60717875 -0.20931804 -0.31766650
v 0.32413381 0.40620136 -0.22655673
v 0.29801920 0.43578976 -0.22814393
v 0.03611162 -0.49032146 0.00723930
v 0.03353609 0.03839127 0.34282798
v -0.85963637 0.23919773 -0.64362836
v -0.15375188 -0.23964915 -0.43595678
v 0.03299026 0.44852182 -0.63050473
v 0.08179266 0.37464258 -0.63455099
v 0.05589976 0.41305447 -0.63275665
v 0.06834427 0.44843957 -0.61032355
v -0.29788184 0.79665446 0.05319668
v -0.56971407 -0.46630466 0.28952426
v -0.02607343 -0.46122497 0.01606482
v -0.56059694 -0.36753547 -0.10839225
v 0.40340850 -0.67316490 -0.45063496
v 0.38278145 -0.71140927 -0.42333561
v -0.61056077 0.19277084 -0.19765380
v 0.41638047 0.33245811 -0.26887840
v 0.39601880 0.36113679 -0.25360814
v 0.38978806 0.31691897 -0.25935531
v 0.43420556 0.30640793 -0.28864324
v 0.40621108 0.29108092 -0.27996475
v -0.70030296 0.34816492 -0.24275780
v 0.69257259 -0.27474409 -0.33272809
v 0.65121233 -0.24207512 -0.32537395
v 0.73355323 -0.25287357 -0.28558671
v 0.69527334 -0.21875042 -0.27823070
v -0.82267958 -0.37456989 -0.05492735
v -0.83688468 -0.33028364 -0.06882275
v 0.41638169 -0.01377271 -0.25486302
v 0.98589271 -0.44937146 -0.25871012
v 0.31368941 -0.78569913 -0.10675828
v 0.33342758 -0.81805146 -0.11883920
v 0.69843036 0.67492044 -0.57854372
v -0.58044541 0.72187370 -0.04398450
v -0.90851194 -0.34639475 -0.03472361
v 0.12261958 -0.41119078 -0.38146293
v 0.69183463 -0.58524364 -0.52861243
v 0.09590646 0.44536281 -0.59919322
v 0.07294602 0.48068577 -0.58950216
v 0.11868354 0.46674111 -0.57402998
v 0.09155770 0.49309728 -0.56649119
v 0.05151248 0.51722676 -0.58076429
v 0.04574721 0.48336667 -0.60593712
v 0.31032848 0.12387997 0.23641093
v -0.60686070 -0.49921900 0.16492625
v -0.57254249 -0.48611706 0.22281735
v 0.42544523 0.09444012 -0.14323473
v 0.42022565 0.26815012 -0.30440214
v 0.73112386 -0.30673075 -0.33962131
v 0.63961297 -0.42318630 -0.44654214
v -0.80604172 0.32729110 -0.69406682
v -0.83289313 0.28422433 -0.67395699
v 0.26285276 -0.54374397 -0.38421333
v 0.37597182 -0.85727739 -0.07173894
v 0.35279360 -0.85005659 -0.13002588
v 0.77539194 0.71992737 -0.49304926
v -0.60870314 0.69619316 -0.06811150
v -0.62402290 0.63994306 -0.06855568
v -0.35447389 0.18980527 0.22699933
v -0.31342894 0.20442039 0.22050504
v -0.36501029 -0.41021669 -0.11179969
v -0.35501447 -0.38785753 -0.15950367
v -0.39343318 -0.40559936 -0.10131103
v -0.37072465 -0.42635190 -0.06567442
v 0.96565646 -0.44554365 -0.30738342
v -0.40019858 0.07322796 0.38175434
v -0.44363195 0.05553341 0.39826250
v -0.38102019 0.02854497 0.40279549
v -0.98080885 -0.18139046 0.02206758
v -0.63520217 0.55400538 -0.76306748
v -0.61601245 0.60030776 -0.74171305
v 0.68318892 0.78879935 -0.42657495
v 0.70931971 0.76525056 -0.41045016
v -0.67709619 -0.34499657 -0.11595533
v -0.64244246 -0.33913764 -0.12321962
v -0.49916637 -0.37577063 0.37458169
v -0.15359446 -0.24958012 0.30141133
v -0.17772871 -0.25040084 0.30768812
v 0.42272204 0.06397802 0.21724425
v 0.44331044 0.00088657 0.25903195
v -0.31353804 0.09691922 0.35488981
v -0.35661933 0.08741053 0.36737084
v 0.38351080 0.08644965 0.22325464
v 0.40257946 0.02559255 0.26529038
v 0.67529881 0.75701928 -0.33439046
v -0.46781403 0.78361660 -0.71058750
v -0.49556008 0.81483406 -0.67681926
v 0.83024138 0.56486231 -0.35018295
v 0.84264284 0.56291980 -0.37957925
v 0.83028495 0.60059571 -0.37945062
v -0.69381440 -0.51820171 0.20462836
v -0.39797312 -0.42411244 -0.05764891
v 0.06005258 -0.26606584 0.29679132
v 0.09125438 -0.28656882 0.29307497
v 0.29160273 -0.73384476 -0.26832563
v 0.21313295 -0.38905042 0.27786803
v 0.36752662 0.14492011 -0.21815257
v 0.50945532 -0.71564370 0.18859316
v 0.53816175 -0.75318813 0.17496596
v -0.42201036 -0.40230212 -0.09299475
v -0.41428754 -0.37705845 -0.13529982
v 0.80460685 0.58761513 -0.31435981
v 0.79910868 0.62606710 -0.34309584
v 0.81754619 0.59804726 -0.34642822
v 0.81133771 0.63148409 -0.37871122
v 0.69796538 0.73097908 -0.32010490
v 0.75940686 0.68070680 -0.34314394
v 0.73880202 0.70847613 -0.34856921
v 0.73132259 0.73911041 -0.39665017
v 0.71815240 0.73528594 -0.35822016
v 0.75131375 0.71233857 -0.38714272
v 0.69712198 0.76100862 -0.37138793
v 0.75900590 0.73975676 -0.49407899
v 0.77005935 0.71796978 -0.45841986
v 0.75131464 0.74275696 -0.46797323
v 0.74149710 0.74205631 -0.43340939
v 0.77978581 0.65341502 -0.34127638
v 0.79104996 0.65899646 -0.37898415
v 0.78982192 0.69246131 -0.45308310
v 0.77102387 0.68559235 -0.38158962
v 0.80120832 0.66268581 -0.41467452
v 0.78102350 0.68937188 -0.41791424
v 0.76128685 0.71558124 -0.42359006
v -0.61050111 -0.49160361 0.09374161
v -0.40266743 -0.34737140 -0.17965654
v -0.45064953 -0.30294344 -0.19550578
v -0.43317780 -0.34209839 -0.16723873
v -0.38466412 -0.38231638 -0.14665926
v 0.02466146 0.62486148 -0.53709990
v 0.77013159 -0.28594169 -0.29343119
v -0.37536699 0.12548497 0.33526528
v -0.73201638 0.64024371 -0.56312096
v -0.75229090 0.14278749 -0.28214729
v 0.80379564 -0.27302581 -0.24199840
v -0.49459362 0.95369202 -0.23868740
v -0.33480281 -0.29151896 -0.27950048
v 0.49129406 -0.61134255 0.24200232
v 0.48027888 -0.67888987 0.20206375
v -0.47604904 0.95217896 -0.21003665
v -0.36373043 0.26704329 0.09599559
v -0.06325281 -0.15941247 0.33775669
v -0.52569705 0.95927012 -0.39730513
v 0.07189945 0.02044276 0.34697956
v 0.10833704 0.00476270 0.34915113
v 0.36796972 -0.47554094 0.28517413
v 0.33087283 -0.50694603 0.25471854
v -0.63316387 0.64940083 -0.69815421
v -0.48039046 -0.29850337 -0.18311539
v -0.46315357 -0.33773509 -0.15624495
v 0.13517660 0.42835408 -0.59653610
v 0.10242415 0.41629189 -0.61146140
v 0.76924896 -0.23895440 -0.23264949
v 0.34576330 0.10645537 0.22977437
v -0.70890325 0.65519112 -0.60501373
v -0.69193918 0.63597751 -0.63890898
v -0.72013485 0.61716449 -0.60077196
v 0.73385632 -0.41085610 0.21110250
v 0.14318329 -0.01058464 0.34971470
v -0.64795649 0.61316031 -0.09898257
v 0.01092212 0.55313563 -0.59757978
v -0.54935223 -0.00830721 0.44884163
v -0.52040327 0.01197451 0.43284696
v -0.52901179 -0.04852053 0.45857078
v -0.72231841 0.69882661 -0.53977996
v -0.71953982 0.67654455 -0.57273036
v -0.70404899 0.70913839 -0.58168095
v -0.68651223 0.71154696 -0.61182028
v -0.69718176 0.69036353 -0.60780996
v -0.67238653 0.70486653 -0.63424385
v -0.68193787 0.67305368 -0.63678205
v -0.09070468 -0.15333390 0.34253109
v -0.50875443 0.75447494 -0.71595562
v 0.03366590 -0.45738691 0.07298703
v 0.06387978 -0.47526634 0.06923486
v 0.06355598 -0.43269414 0.13529997
v 0.00514569 -0.47476733 0.01070020
v 0.00293588 -0.44148564 0.07836281
v -0.19720224 -0.43993568 0.01192132
v -0.50791615 0.07197638 0.39389449
v -0.46797350 -0.26292807 -0.21732809
v -0.48660076 -0.22585344 -0.23175761
v -0.49673361 -0.25714001 -0.20427924
v 0.78404081 -0.41005585 0.16544439
v -0.66002220 0.65955311 -0.66762966
v -0.57883304 -0.33202028 -0.13137576
v -0.59246111 -0.29300734 -0.15023652
v -0.86955339 -0.50852168 0.10105737
v -0.93543905 -0.49026752 0.09587137
v -0.50295568 0.78638911 -0.69842488
v 0.08362307 -0.03214502 0.35441303
v -0.33080977 0.13505554 0.32093900
v 0.35550988 -0.82314998 -0.06057557
v -0.62278259 -0.29563653 -0.14482759
v 0.33434194 -0.78968751 -0.04832157
v -0.60977393 -0.33479086 -0.12805057
v -0.52382928 -0.25277635 -0.19318125
v -0.50913936 -0.29499537 -0.17283525
v -0.05251585 -0.47346133 -0.04183219
v -0.25588495 0.05815123 0.36813623
v -0.00401684 0.58710289 -0.59459275
v -0.73150009 -0.26403859 -0.12396169
v -0.72561312 -0.31018507 -0.11834995
f 1 2 3
f 4 2 5
f 2 4 6
f 7 8 1
f 9 5 10
f 11 7 12
f 13 14 15
f 16 17 14
f 18 14 19
f 15 20 13
f 15 21 22
f 20 15 23
f 24 25 26
f 27 28 29
f 30 31 25
f 32 33 34
f 35 36 32
f 37 33 38
f 39 32 40
f 40 34 41
f 34 42 43
f 33 37 42
f 44 45 46
f 47 40 48
f 49 39 47
f 39 49 50
f 51 52 53
f 54 55 51
f 56 57 55
f 58 52 59
f 55 54 56
f 60 61 62
f 63 19 61
f 64 65 66
f 65 67 68
f 66 68 69
f 70 65 71
f 72 64 73
f 71 64 74
f 69 75 66
f 54 76 77
f 78 79 76
f 51 80 54
f 76 80 78
f 81 80 53
f 82 83 84
f 84 85 82
f 86 87 88
f 87 89 84
f 88 83 90
f 82 91 83
f 21 17 92
f 17 16 82
f 93 94 95
f 96 97 95
f 95 98 93
f 99 100 101
f 95 99 96
f 94 102 99
f 103 104 57
f 105 59 106
f 107 108 104
f 109 110 111
f 112 113 101
f 114 112 111
f 113 115 96
f 116 117 113
f 12 1 118
f 119 12 120
f 121 122 118
f 123 121 3
f 124 119 125
f 126 11 127
f 127 124 128
f 129 130 131
f 125 130 128
f 131 132 129
f 130 129 133
f 134 123 6
f 12 119 11
f 132 131 120
f 135 7 126
f 136 98 134
f 123 134 115
f 136 134 137
f 87 86 138
f 86 88 139
f 140 89 107
f 105 106 138
f 107 141 140
f 110 62 114
f 142 23 143
f 143 112 142
f 62 20 142
f 105 138 144
f 145 146 144
f 59 105 58
f 146 147 58
f 148 145 149
f 139 148 86
f 138 108 87
f 150 103 56
f 121 123 117
f 129 150 77
f 120 122 132
f 89 140 85
f 140 151 92
f 98 136 152
f 93 152 153
f 152 154 155
f 156 151 157
f 23 22 156
f 143 156 116
f 158 117 157
f 117 158 121
f 159 158 141
f 143 116 112
f 160 159 103
f 104 159 107
f 103 150 160
f 122 158 160
f 161 162 27
f 26 28 163
f 29 164 27
f 165 166 167
f 168 169 165
f 167 170 165
f 171 172 173
f 174 175 172
f 176 171 177
f 173 166 178
f 178 179 173
f 74 72 163
f 26 72 24
f 163 162 180
f 181 161 182
f 183 181 184
f 164 185 182
f 184 186 183
f 31 187 29
f 188 189 190
f 188 191 192
f 190 193 194
f 191 188 195
f 196 197 189
f 197 198 193
f 192 199 188
f 200 199 201
f 200 201 202
f 203 204 205
f 204 206 202
f 202 207 200
f 208 207 209
f 203 210 204
f 206 204 211
f 212 213 214
f 215 214 216
f 217 212 215
f 218 219 217
f 213 212 220
f 221 215 222
f 223 224 214
f 223 213 225
f 224 223 226
f 227 228 220
f 200 196 199
f 197 196 208
f 229 71 230
f 231 232 233
f 233 70 229
f 232 67 70
f 171 176 231
f 233 234 231
f 229 235 233
f 170 167 216
f 194 236 50
f 195 190 237
f 238 239 43
f 240 238 45
f 67 232 241
f 177 242 176
f 243 244 245
f 218 246 247
f 244 248 247
f 247 249 218
f 244 250 248
f 251 243 252
f 253 243 254
f 243 253 244
f 252 245 255
f 255 256 252
f 257 258 238
f 238 240 257
f 259 258 260
f 239 258 261
f 50 35 39
f 237 194 262
f 24 73 263
f 263 30 24
f 67 241 264
f 242 177 265
f 172 171 174
f 36 35 198
f 266 267 268
f 268 210 269
f 270 211 266
f 271 203 272
f 205 201 272
f 273 274 192
f 230 275 229
f 264 242 276
f 68 264 277
f 278 44 279
f 37 280 46
f 281 279 282
f 38 283 37
f 185 284 184
f 284 260 186
f 45 44 240
f 285 217 221
f 246 218 285
f 221 286 285
f 287 288 209
f 209 206 287
f 289 208 290
f 290 283 289
f 291 283 288
f 292 288 293
f 294 291 292
f 252 295 251
f 296 297 251
f 298 296 299
f 278 300 181
f 162 161 301
f 279 281 278
f 181 183 278
f 302 222 175
f 222 303 221
f 304 305 303
f 275 305 235
f 235 304 234
f 303 222 304
f 306 307 308
f 303 307 286
f 234 302 174
f 230 74 180
f 226 168 224
f 255 246 309
f 256 255 310
f 286 311 309
f 211 270 287
f 299 295 312
f 36 198 38
f 198 197 289
f 266 268 299
f 261 48 239
f 180 313 230
f 275 313 305
f 270 312 293
f 314 292 315
f 248 220 249
f 316 282 294
f 283 291 280
f 317 313 301
f 313 317 308
f 301 300 317
f 312 270 299
f 312 256 315
f 311 314 310
f 292 314 294
f 308 316 306
f 307 306 311
f 317 281 316
f 4 5 318
f 319 185 187
f 185 319 284
f 318 320 4
f 320 154 137
f 154 320 321
f 79 322 133
f 210 203 323
f 324 325 326
f 325 324 327
f 326 328 324
f 328 326 329
f 330 331 332
f 333 330 334
f 335 336 337
f 338 339 340
f 341 342 336
f 337 343 335
f 344 345 339
f 346 347 348
f 346 349 350
f 349 346 351
f 348 352 353
f 347 354 352
f 355 356 357
f 357 358 359
f 360 361 362
f 359 361 363
f 356 364 358
f 365 366 367
f 367 368 365
f 365 369 370
f 371 372 373
f 368 374 369
f 375 376 377
f 378 379 380
f 381 382 383
f 379 384 385
f 379 378 384
f 379 386 383
f 386 379 387
f 388 389 390
f 388 391 389
f 392 393 389
f 391 388 394
f 395 396 390
f 397 398 399
f 399 400 397
f 400 399 401
f 402 403 404
f 399 403 405
f 406 407 408
f 409 406 410
f 411 412 413
f 414 415 411
f 415 416 412
f 412 417 408
f 418 413 419
f 420 421 422
f 422 423 420
f 420 424 425
f 423 422 426
f 427 428 429
f 430 431 432
f 433 434 431
f 429 435 427
f 431 430 433
f 434 433 436
f 437 438 439
f 439 440 437
f 441 442 437
f 443 441 444
f 445 446 441
f 444 447 443
f 448 449 450
f 449 448 451
f 452 453 454
f 455 448 456
f 457 452 458
f 459 460 461
f 461 462 463
f 462 460 464
f 336 335 341
f 465 466 467
f 468 469 470
f 468 471 472
f 470 473 474
f 474 475 470
f 470 476 468
f 477 478 479
f 480 481 482
f 483 484 481
f 485 483 480
f 483 485 486
f 480 487 485
f 488 489 490
f 489 491 492
f 491 489 493
f 494 495 492
f 496 488 497
f 498 494 499
f 500 501 502
f 502 503 500
f 504 505 502
f 506 503 507
f 505 504 508
f 509 504 510
f 402 511 512
f 513 514 512
f 512 515 513
f 515 516 517
f 516 515 518
f 519 520 521
f 522 523 524
f 525 526 520
f 527 521 528
f 523 522 529
f 521 523 530
f 531 532 533
f 533 534 535
f 532 536 534
f 532 531 537
f 533 538 531
f 535 539 533
f 540 541 542
f 543 544 545
f 546 547 544
f 548 549 545
f 545 550 543
f 551 548 541
f 552 553 554
f 555 556 557
f 554 555 558
f 556 555 559
f 560 552 561
f 562 563 560
f 564 565 566
f 567 568 564
f 569 567 570
f 568 567 571
f 566 572 564
f 573 574 575
f 574 573 576
f 576 577 574
f 574 578 579
f 580 581 582
f 581 583 576
f 584 585 586
f 587 584 588
f 588 586 589
f 590 591 592
f 585 593 590
f 586 590 594
f 393 392 595
f 596 597 598
f 391 599 392
f 600 393 601
f 69 277 602
f 603 425 276
f 425 603 420
f 75 69 604
f 604 602 605
f 434 606 429
f 607 608 609
f 610 611 612
f 612 613 610
f 608 607 614
f 613 612 615
f 616 617 618
f 617 616 619
f 618 338 616
f 620 621 622
f 623 620 624
f 617 625 622
f 626 627 628
f 582 629 580
f 628 630 631
f 626 632 633
f 633 634 626
f 628 635 626
f 636 637 638
f 637 636 639
f 640 641 642
f 642 636 643
f 644 645 646
f 646 643 644
f 646 647 648
f 649 355 650
f 651 649 652
f 650 357 653
f 654 655 656
f 657 658 656
f 659 660 657
f 661 659 655
f 656 662 654
f 655 654 663
f 656 664 662
f 665 666 667
f 667 668 669
f 670 667 671
f 666 370 668
f 370 666 672
f 673 674 675
f 676 677 678
f 679 680 676
f 681 682 674
f 682 683 678
f 684 685 686
f 686 687 688
f 687 689 690
f 691 692 693
f 693 684 694
f 695 696 697
f 698 699 700
f 701 700 702
f 703 702 695
f 697 699 704
f 705 706 698
f 707 708 709
f 708 707 710
f 711 707 712
f 712 709 713
f 714 715 716
f 717 716 718
f 719 720 721
f 722 723 719
f 724 725 726
f 727 719 728
f 728 721 729
f 730 731 31
f 732 572 733
f 733 734 735
f 736 737 738
f 732 739 740
f 739 732 741
f 742 662 743
f 743 744 745
f 746 747 748
f 749 750 751
f 748 752 746
f 753 754 755
f 754 753 756
f 748 753 757
f 758 759 760
f 761 762 760
f 763 758 764
f 758 763 765
f 759 758 766
f 767 764 768
f 769 447 770
f 771 772 769
f 440 773 444
f 774 771 775
f 771 774 776
f 776 777 771
f 778 779 780
f 781 782 778
f 783 784 785
f 780 784 397
f 784 783 398
f 782 786 779
f 767 785 787
f 561 554 788
f 789 560 790
f 788 791 561
f 792 789 793
f 794 795 796
f 797 796 798
f 799 794 797
f 800 801 802
f 803 804 800
f 796 801 805
f 806 807 808
f 807 809 810
f 811 812 813
f 813 806 814
f 808 810 815
f 816 817 818
f 819 820 816
f 821 817 822
f 823 824 820
f 825 819 826
f 826 816 827
f 828 829 830
f 831 832 833
f 834 835 830
f 836 828 837
f 836 838 828
f 832 839 840
f 830 839 834
f 841 842 843
f 842 841 844
f 843 845 841
f 846 847 848
f 849 850 846
f 846 851 849
f 848 852 853
f 854 852 855
f 848 853 846
f 856 857 858
f 857 859 860
f 859 857 861
f 862 863 860
f 858 864 856
f 865 866 867
f 868 865 869
f 867 870 631
f 871 872 866
f 873 874 875
f 874 876 877
f 878 497 874
f 879 880 881
f 874 873 878
f 882 883 884
f 882 885 886
f 887 888 884
f 885 882 889
f 890 891 892
f 893 894 895
f 892 896 890
f 897 898 899
f 898 900 901
f 897 902 903
f 904 905 901
f 902 897 906
f 907 908 909
f 910 911 912
f 910 913 911
f 908 914 911
f 915 907 916
f 917 918 919
f 611 920 609
f 609 921 607
f 918 917 571
f 922 923 924
f 919 921 925
f 919 926 917
f 926 919 927
f 928 929 930
f 931 932 933
f 934 932 935
f 932 934 930
f 936 937 931
f 938 933 939
f 940 941 942
f 941 943 944
f 945 946 944
f 942 947 940
f 948 949 940
f 950 254 951
f 952 253 950
f 31 30 730
f 139 90 953
f 954 91 955
f 955 956 954
f 668 372 957
f 365 370 366
f 958 959 960
f 961 962 963
f 964 965 960
f 963 966 961
f 967 968 969
f 935 937 969
f 970 971 972
f 969 970 935
f 968 967 973
f 971 970 974
f 973 975 968
f 449 976 454
f 977 978 979
f 979 980 977
f 977 981 982
f 983 981 984
f 985 986 987
f 988 989 985
f 987 990 985
f 985 859 988
f 991 992 987
f 987 993 991
f 993 994 995
f 996 997 998
f 999 996 1000
f 998 1001 1002
f 1003 1001 1004
f 1005 1006 1003
f 662 742 1007
f 1008 1009 1007
f 1007 1010 1008
f 742 1011 1010
f 743 1012 742
f 1013 1014 1015
f 679 780 1014
f 48 1016 47
f 1017 49 1018
f 1018 1019 1017
f 1019 1018 1020
f 1021 1022 1023
f 1023 1024 1021
f 1021 1025 1026
f 1026 1027 1021
f 1023 1028 1029
f 1028 697 1030
f 697 1028 695
f 1031 1032 1033
f 1034 1035 1033
f 1036 1034 1037
f 1038 1036 1039
f 1032 1040 1037
f 1041 596 1042
f 1041 1043 1044
f 1044 597 1041
f 599 1045 598
f 1046 597 1047
f 1047 1044 1048
f 1049 1020 1050
f 1051 1049 1052
f 1053 1049 1054
f 1054 1050 1055
f 1056 1057 1058
f 1059 1060 1061
f 1062 1063 989
f 1064 1062 988
f 989 1065 986
f 986 1066 993
f 1067 1068 1069
f 1068 1067 1070
f 1069 1071 1067
f 1072 1073 1069
f 1069 1074 1072
f 1068 1075 1074
f 1076 1077 794
f 1077 1078 795
f 1079 1080 1081
f 1082 1083 1084
f 1080 1085 1084
f 1086 1087 1088
f 1088 1082 1086
f 1085 1089 1086
f 1090 1091 1092
f 1093 1094 1092
f 1095 1093 1096
f 645 1090 647
f 1097 1098 1090
f 1097 1090 1099
f 1100 1101 1102
f 1103 1104 1101
f 1105 1106 1107
f 1106 1105 1108
f 1102 1106 1109
f 1110 1111 1112
f 1113 1114 1112
f 1112 1115 1110
f 1116 1115 905
f 1117 906 1113
f 1118 1113 1119
f 1120 1117 1118
f 1121 1122 1123
f 1124 1125 1122
f 1123 1126 1121
f 1127 1128 1123
f 1123 1129 1127
f 1130 1131 1132
f 1133 1134 1135
f 1135 1130 1136
f 1137 1138 1139
f 1140 1137 1141
f 786 782 1142
f 1143 1144 1145
f 1142 1146 786
f 1144 1143 1147
f 1148 1143 683
f 1149 1150 1151
f 1152 1153 1154
f 1153 1155 1151
f 1154 1156 1152
f 1150 1157 1154
f 1150 1149 1158
f 1158 1159 1150
f 1160 1161 665
f 672 1161 1162
f 1161 1160 1163
f 665 1164 1160
f 1164 665 670
f 1165 1038 1166
f 1166 1039 1167
f 688 690 1032
f 690 1168 1040
f 49 1017 262
f 262 1169 237
f 1170 1169 1171
f 1172 1173 1174
f 1173 1172 1175
f 1176 1177 1178
f 1175 1177 1179
f 1177 1176 1180
f 1178 1172 1181
f 419 407 1181
f 1182 1183 406
f 1184 1185 649
f 1027 703 1022
f 1186 1187 1188
f 1189 1186 1190
f 1186 1189 1191
f 1190 1188 1192
f 1188 1193 1194
f 1193 1195 1196
f 1187 1197 1193
f 1198 1199 1200
f 1200 1201 863
f 1202 1203 1204
f 1200 1205 1198
f 1206 1207 1208
f 1208 1209 1206
f 1210 1211 1212
f 1213 1214 1215
f 1214 1134 1207
f 1207 1206 1215
f 1216 1131 1213
f 1141 1139 1216
f 1131 1130 1214
f 1217 1218 1219
f 1217 1220 1221
f 1219 1222 1223
f 1224 1219 1225
f 1219 1224 1217
f 1218 1226 1222
f 1227 1228 638
f 1229 1230 1228
f 572 566 734
f 1231 736 1232
f 740 570 732
f 1233 1234 1235
f 1235 1236 1233
f 1237 1238 1239
f 945 1239 1240
f 1241 1242 1243
f 1244 1245 1246
f 1242 1247 1246
f 1248 1249 1241
f 1247 1242 1250
f 825 1251 1252
f 1251 825 1253
f 819 825 1254
f 1252 1255 1256
f 1257 1258 1259
f 1259 1260 1257
f 1257 1261 81
f 1262 1263 1264
f 1265 1266 227
f 225 228 1267
f 1267 1266 1268
f 1266 1265 1269
f 1270 1271 1272
f 1273 1274 1275
f 1275 1276 1273
f 1277 1270 1278
f 1279 1280 1272
f 1281 1282 1283
f 1284 1285 1282
f 1286 1287 1288
f 1289 1290 1286
f 1290 1291 1287
f 1292 1293 1294
f 1294 1295 1292
f 1296 1297 1292
f 1298 1299 1300
f 1301 1302 1303
f 1304 1305 1303
f 1303 1306 1301
f 1302 1307 1308
f 1309 1304 1308
f 1302 1301 1310
f 1311 195 1312
f 195 1311 191
f 318 9 1313
f 1314 1315 1316
f 1313 1317 318
f 1317 1313 1318
f 1319 1314 1320
f 501 500 1321
f 500 1322 1323
f 1324 1325 1326
f 1325 1327 1323
f 1327 1328 1321
f 1329 1330 1331
f 1332 1333 1331
f 1334 1335 1336
f 1337 1329 1335
f 1338 1339 1332
f 1331 1340 1332
f 1341 1342 1343
f 1344 456 1345
f 1346 1341 453
f 1342 1341 1347
f 456 450 1343
f 935 972 934
f 972 1348 1349
f 1350 1351 1352
f 1353 1352 1354
f 1351 1355 1356
f 1352 1356 1357
f 1358 1351 1359
f 1351 1358 1355
f 508 1360 505
f 1361 1362 1363
f 880 879 1364
f 1365 1366 1364
f 1367 1368 496
f 496 880 1367
f 1366 1365 1369
f 1364 1370 1365
f 1371 1372 1373
f 1374 749 1375
f 1376 1377 1374
f 1378 1374 1379
f 1379 1375 1380
f 752 1381 751
f 1221 1382 1217
f 1382 1383 1218
f 1384 1385 1386
f 1387 1384 1388
f 1389 1390 1391
f 1388 1386 1392
f 1393 1391 1394
f 1048 1395 1396
f 1397 1048 1398
f 1395 1399 1400
f 1401 1402 1400
f 1048 1403 1395
f 1404 1405 1406
f 1406 1407 1408
f 1409 1410 1411
f 1405 1404 1412
f 1405 1413 1407
f 1414 1415 1416
f 1417 1416 1418
f 1308 1419 1309
f 1418 1419 1420
f 1415 1421 1309
f 1422 1423 1424
f 1424 1393 1425
f 1391 1393 1389
f 1389 1423 1426
f 1027 1026 1427
f 1428 904 1427
f 1427 1429 1428
f 1430 1429 1431
f 1432 1082 1433
f 1434 1433 1435
f 1436 1437 1438
f 1438 1439 1440
f 1441 1439 1442
f 1443 1444 1436
f 1445 1446 1447
f 1448 1449 1450
f 1446 1451 1448
f 1446 1445 953
f 1451 1446 956
f 1238 1237 1452
f 944 1237 945
f 1452 1453 1238
f 1452 943 1454
f 1455 1456 1457
f 1458 601 1456
f 1047 1459 1046
f 1460 1458 1455
f 1461 1462 1463
f 1463 1464 653
f 1461 1465 1466
f 1465 1461 363
f 1462 1461 1467
f 1468 1436 1469
f 1470 1443 1468
f 1471 1472 1128
f 1472 1473 1474
f 1475 1471 1476
f 1126 1472 1477
f 1478 1479 1480
f 1480 1481 1478
f 1482 1483 1484
f 1485 1486 1487
f 1488 525 519
f 521 527 519
f 519 1489 1488
f 525 1488 1490
f 526 525 1491
f 1492 1493 1494
f 1494 1495 1496
f 1497 1495 1498
f 1499 1500 1501
f 1500 1502 1492
f 1501 1492 1503
f 1503 1494 1504
f 1505 1506 274
f 271 272 1507
f 1508 1509 1510
f 1510 1511 1508
f 1512 1513 1510
f 1514 1515 1510
f 1509 1516 1514
f 1517 1518 1519
f 1520 1521 1522
f 1519 1523 1517
f 1523 1524 1522
f 1522 1525 1520
f 1526 1527 1528
f 1528 1529 334
f 1527 1530 1529
f 1531 1532 1533
f 1534 333 1532
f 1530 1535 1533
f 1536 1531 1537
f 1538 1539 486
f 1540 1541 1542
f 1543 1544 1538
f 484 483 1541
f 1545 1544 385
f 1546 1545 1547
f 1548 1547 1549
f 1547 1548 1546
f 982 1550 977
f 1550 1551 978
f 1552 1553 1554
f 978 1555 1556
f 1554 1555 1557
f 1558 1550 1559
f 1560 664 1561
f 664 1560 744
f 660 1562 658
f 1562 1563 1561
f 1561 1164 1560
f 438 1564 1565
f 1566 1567 1565
f 1568 1566 1569
f 1570 1571 1572
f 1573 1574 1575
f 1576 1572 1577
f 1571 1578 1575
f 1579 1580 1221
f 1581 1411 1582
f 1412 1583 1405
f 1584 1409 1581
f 1581 1585 1584
f 1582 1413 1586
f 1582 1587 1581
f 1587 1582 1588
f 1589 1590 1591
f 1592 1593 1590
f 1590 1594 1595
f 1592 1590 1596
f 1597 1593 1598
f 1599 1600 1601
f 1601 1602 1599
f 1603 1604 1605
f 1606 1600 1607
f 1600 1599 1608
f 1600 1606 1605
f 339 338 344
f 621 1609 618
f 342 1610 340
f 1542 1611 1540
f 1611 1612 1613
f 1614 1615 1616
f 1615 1617 1613
f 1545 1546 1542
f 1544 1545 1539
f 1541 1540 484
f 1197 1187 1618
f 1187 1186 1619
f 1620 1621 1619
f 1618 1622 1197
f 1623 1624 1625
f 1623 1504 1609
f 1504 1623 1503
f 1624 1623 621
f 1626 1501 1625
f 1627 1626 1628
f 1629 1627 1630
f 1631 1632 1633
f 1632 1631 1634
f 1635 1632 1636
f 1637 1638 1639
f 1633 1637 1640
f 1638 1637 1635
f 1310 1641 1302
f 1420 1307 1642
f 1267 1643 225
f 1268 1644 1267
f 168 226 1645
f 1646 1647 1648
f 1648 1649 1646
f 1650 1651 1646
f 1648 1652 1653
f 1654 1652 1655
f 1656 1657 1654
f 1658 1659 1184
f 1660 1184 651
f 1661 1658 1660
f 651 1662 1660
f 1663 1664 1665
f 1665 1666 1667
f 757 755 1668
f 1664 1669 1666
f 1670 1671 1663
f 1665 1672 1663
f 1673 1674 1675
f 1676 1673 1677
f 1678 1679 1676
f 1679 1680 1673
f 1677 1339 1676
f 1681 1682 1683
f 1684 1682 1426
f 611 610 1684
f 920 611 1685
f 1426 1686 1684
f 1326 1687 1324
f 1688 1689 1690
f 1689 1688 1147
f 1691 1688 1692
f 1690 1687 1693
f 1192 1694 1190
f 1695 1696 1694
f 342 341 1194
f 1697 1698 1190
f 1699 1700 1412
f 1699 1701 1700
f 1586 1583 1702
f 1703 1702 1704
f 1705 1706 1707
f 1708 1709 1706
f 1710 1707 1711
f 1712 1713 1714
f 1715 1714 1716
f 1717 1334 1718
f 1719 1337 1334
f 1720 1719 1717
f 1719 1720 1721
f 1722 1717 1723
f 1717 1722 1720
f 1724 1725 1726
f 1727 1728 1729
f 1728 1730 1724
f 1731 1732 1733
f 1734 1735 1727
f 1736 1387 1737
f 1418 1736 1417
f 1392 1738 1388
f 1739 1740 1741
f 1740 1739 1742
f 1743 1744 1745
f 1111 1743 1119
f 1746 1118 1745
f 1742 1746 1740
f 1747 1748 1749
f 1750 1747 1751
f 1752 1747 1753
f 1754 1755 1749
f 1756 1754 1757
f 1758 1757 1759
f 1757 1758 1756
f 1760 1761 1762
f 1122 1763 1124
f 1763 1764 1762
f 1765 889 1760
f 1125 1124 1766
f 1498 1767 1497
f 1768 1767 1769
f 1767 1498 1770
f 1495 1497 1771
f 1772 1773 1774
f 1767 1768 1774
f 1775 1776 1777
f 1776 1778 1779
f 1777 1779 1408
f 1780 1781 1782
f 1778 1783 1782
f 1784 1785 354
f 1786 1787 1788
f 354 347 1784
f 1785 1784 1789
f 1787 1790 1791
f 1792 792 1793
f 793 790 1794
f 1794 1795 793
f 1796 1797 1792
f 1798 1792 1799
f 1800 1801 1802
f 1803 928 1804
f 1801 1805 1804
f 1806 1807 1808
f 1808 1809 1806
f 1810 1811 1812
f 1808 1813 1814
f 1807 1815 1813
f 1816 1817 1818
f 1819 1820 1821
f 1822 1820 1823
f 1817 1816 1822
f 1821 1816 1824
f 1821 1825 1819
f 597 1046 595
f 1826 600 1458
f 1827 1828 1829
f 1830 1831 1832
f 1828 1827 1833
f 1829 1834 1827
f 1829 1831 1835
f 1836 1837 1838
f 1837 1836 1839
f 1840 1841 1842
f 1838 1843 1836
f 1844 1845 1838
f 1846 1844 1847
f 1837 1848 1847
f 1849 1850 1851
f 1852 1853 1854
f 1855 1852 1850
f 1855 1850 1856
f 1857 1144 1858
f 1147 1859 1689
f 1860 1859 1148
f 550 1861 1862
f 1863 1864 1861
f 1865 1866 1867
f 1868 1869 1866
f 1870 1868 1865
f 1871 1867 1872
f 1610 342 1196
f 1873 1874 1875
f 1874 1753 1876
f 1753 1874 1752
f 1877 1878 1876
f 1879 1873 1880
f 1878 1881 1875
f 1882 1883 831
f 833 1884 831
f 1885 1882 1886
f 839 832 1887
f 1888 1889 1890
f 1891 1649 1892
f 1892 1889 1893
f 1653 1890 1648
f 1894 1895 1896
f 1066 1897 994
f 1898 1896 1661
f 1896 1897 1658
f 1899 1900 1901
f 1901 1902 1009
f 1009 1008 1901
f 1902 1903 663
f 1903 1902 1904
f 912 1905 1906
f 1907 1908 1909
f 1906 1909 1910
f 1906 1911 912
f 1910 1912 1906
f 1863 549 1913
f 1914 1915 548
f 1861 550 1863
f 1913 1916 1863
f 1917 1918 1919
f 1920 1921 1922
f 1919 1923 1917
f 1924 1925 1917
f 1919 1920 1926
f 1923 1919 1927
f 1897 1066 1659
f 1659 1065 1185
f 1183 1182 1928
f 1929 1182 409
f 1178 1928 1176
f 1928 1178 1183
f 1182 1929 1930
f 1931 1932 1930
f 1933 1934 1935
f 1934 1933 1936
f 1937 1933 1938
f 1939 1940 1935
f 1935 1941 1939
f 1941 1942 1943
f 1934 1944 1941
f 1945 1892 1946
f 1947 1945 1948
f 1949 1891 1945
f 1949 1945 1604
f 1111 1110 1950
f 1951 1952 1953
f 1110 1954 1953
f 1952 1951 1328
f 1955 1956 1954
f 474 478 1957
f 1958 1959 1960
f 478 477 1960
f 1960 1961 1958
f 1962 1963 384
f 1964 1548 1965
f 1421 1415 1965
f 1963 1421 1549
f 1965 1966 1964
f 1967 1693 1968
f 1969 1968 1970
f 1971 1236 1972
f 1693 1973 1972
f 1692 1690 1967
f 1974 1975 1976
f 1977 1978 1979
f 1979 1980 1977
f 1980 1979 1981
f 1926 1922 1974
f 1982 1974 1642
f 1974 1982 1926
f 1299 1983 1984
f 1985 1295 1986
f 1299 1984 1294
f 1986 1984 1987
f 1988 1985 1989
f 1989 1986 1990
f 1641 1310 1991
f 1992 1993 1994
f 1982 1991 1927
f 1310 1995 1994
f 1996 1997 1998
f 1999 2000 2001
f 2001 2002 1999
f 1996 2003 2004
f 2004 2005 1996
f 1998 2006 1996
f 2007 2008 1754
f 1754 1756 2007
f 2008 2007 2009
f 1686 2010 1685
f 927 925 2011
f 925 920 2012
f 2013 2014 1915
f 2015 2016 2014
f 2014 2017 1913
f 2013 2018 2014
f 1959 2019 1957
f 475 474 2020
f 2021 2022 2023
f 1707 1710 1705
f 2022 1708 1705
f 2023 2024 2021
f 2022 2021 2025
f 973 2026 2027
f 2028 2027 1034
f 2027 2028 973
f 2027 1244 1035
f 2026 2029 1244
f 2030 2031 2032
f 856 2033 2034
f 857 856 2035
f 2036 2037 2038
f 2037 2036 2039
f 2040 2041 2042
f 2042 2043 2040
f 2039 2044 2037
f 2045 2046 2047
f 1839 1841 2048
f 2046 2049 2050
f 2046 2045 1094
f 2047 2051 2045
f 1841 1840 2050
f 2051 2047 2052
f 1770 2053 875
f 2054 1768 2055
f 875 877 1770
f 877 2056 1769
f 2057 1780 2058
f 1163 2059 2058
f 1163 2058 1162
f 1970 1453 1969
f 1236 1235 1970
f 1785 2060 1791
f 2061 2062 2063
f 2064 2065 2062
f 2066 2064 2061
f 1169 1170 1312
f 2067 1005 2068
f 2068 2069 2067
f 2070 2071 2072
f 2072 2005 2070
f 2073 2002 2068
f 579 2074 1806
f 575 579 2075
f 2076 2077 1893
f 2078 2079 2076
f 2080 2077 153
f 1893 2081 2076
f 1604 1603 1949
f 1646 1891 1650
f 1651 1650 2082
f 1604 1947 1601
f 1607 1608 2083
f 2084 2085 2086
f 591 2087 2088
f 2086 2087 2089
f 1882 2086 1883
f 2086 1882 2084
f 2090 2091 2092
f 2093 2094 2090
f 2095 2096 2094
f 2097 2091 2098
f 2094 2093 2095
f 2090 2099 2093
f 2092 2100 2090
f 2101 2102 2103
f 2103 2104 2101
f 2101 2105 2106
f 2107 2108 2109
f 1591 1104 1589
f 2110 2111 1103
f 1596 1589 2112
f 2113 2114 2115
f 2115 2116 2117
f 2118 2119 2117
f 2119 2118 2120
f 2115 2119 2113
f 2121 2122 2117
f 2123 2124 2125
f 766 765 2126
f 2127 2128 2129
f 2130 2131 2128
f 405 2132 2133
f 403 402 2132
f 2134 2133 2135
f 2136 2137 514
f 2138 2139 2140
f 2141 2142 2138
f 2142 1377 2139
f 2141 2143 2144
f 2143 2141 2145
f 2142 2141 750
f 565 1442 2146
f 2147 1232 2148
f 568 1441 565
f 1639 2149 2150
f 2150 2151 2152
f 2150 2153 1639
f 1523 1519 2154
f 2154 2155 1523
f 2155 2154 416
f 2156 2157 2158
f 2158 2159 2156
f 1519 2160 2158
f 489 488 2161
f 2162 741 756
f 735 2163 733
f 741 2162 739
f 739 2143 2164
f 1156 2165 2166
f 2167 1924 2165
f 1157 2167 1156
f 2168 2169 1790
f 2170 2171 2169
f 2172 2173 1045
f 1045 599 2172
f 1043 1041 2174
f 2175 2176 2177
f 2178 2179 2180
f 2181 2182 2176
f 2183 2181 2175
f 2184 2175 2185
f 2186 2187 2188
f 2189 2190 2191
f 2191 2192 2189
f 2193 2186 2194
f 2195 2196 2197
f 908 907 2198
f 2197 2199 2195
f 907 915 2197
f 914 908 2200
f 435 2201 2202
f 2203 2204 2205
f 2205 1383 2203
f 1990 1987 2206
f 2207 2204 1987
f 2208 1990 1580
f 1711 2209 1710
f 2024 2023 2210
f 2209 2211 2210
f 2211 2209 2039
f 2212 2213 2214
f 2214 2215 2212
f 2216 2217 2218
f 2219 2220 2221
f 2222 2223 2220
f 2220 2219 2222
f 2224 2225 2226
f 2227 2228 2229
f 2226 2230 2224
f 2230 2226 2231
f 2225 2232 2229
f 2225 2224 269
f 2233 2234 2235
f 2234 2159 2236
f 2237 2238 2236
f 2233 2239 1657
f 2235 2240 2233
f 2241 2242 1939
f 1939 1943 2241
f 2243 2244 2245
f 2244 2246 2247
f 2245 2247 2248
f 2249 2250 2251
f 2252 1824 2249
f 2248 2250 1818
f 322 79 2253
f 128 322 2254
f 2255 2256 2257
f 1261 2257 78
f 2257 1261 2255
f 2258 1469 2259
f 1469 2258 1468
f 1469 1438 2260
f 2261 2262 2259
f 2263 2258 2264
f 2260 1440 2265
f 2265 2261 2260
f 1569 2266 1568
f 2267 2268 1568
f 1731 2267 2269
f 2270 2269 2271
f 1564 2272 1569
f 2271 2266 2273
f 2274 2275 2204
f 1983 2274 2207
f 2205 2276 2277
f 2278 2279 2275
f 2280 2281 2274
f 2278 2275 1211
f 2282 2283 2085
f 592 2088 2284
f 2285 2286 2287
f 2288 2289 2290
f 2291 2289 2292
f 2286 2285 2291
f 852 2290 2293
f 854 2288 852
f 2290 2285 2294
f 1881 2295 1880
f 2296 2297 2298
f 2295 2299 2300
f 1880 2300 1879
f 2301 2302 2303
f 2304 2305 2302
f 2305 2304 2306
f 2304 2307 2308
f 2307 2304 2301
f 1336 1333 1677
f 1718 1336 1675
f 2309 2310 2311
f 638 2310 1227
f 2096 2312 2098
f 2313 2314 2095
f 2315 2316 2317
f 2317 2318 1536
f 2316 2319 2318
f 2318 1534 1531
f 2320 2321 2316
f 2316 2315 2320
f 178 169 2322
f 962 2323 2324
f 962 961 2323
f 2323 1054 2325
f 1053 1054 2326
f 2327 2328 2325
f 2329 603 265
f 2330 2329 179
f 2331 2332 2333
f 2334 2331 2335
f 2336 2337 2333
f 2338 2339 2340
f 2341 2336 2339
f 2342 2343 2344
f 2345 463 2346
f 464 2342 462
f 2347 2348 2345
f 2346 2349 2345
f 2350 2351 2352
f 2280 2353 2350
f 2354 2355 2351
f 2353 2280 1983
f 2281 2280 1209
f 2356 2357 1385
f 2357 2358 1394
f 2359 606 2360
f 2360 2361 2362
f 2360 2363 2359
f 2364 345 1771
f 345 344 1496
f 1771 1773 2364
f 2365 2366 2367
f 2367 2368 1354
f 2366 2369 2368
f 2366 2365 715
f 2370 2371 2372
f 2373 2370 2374
f 2375 2000 2370
f 2376 2371 1999
f 2377 2006 2378
f 2378 2375 2373
f 1298 2353 1299
f 2354 1298 2379
f 1515 2380 1512
f 2381 1513 2382
f 2383 2381 2384
f 1515 2385 2380
f 2384 2382 2386
f 2387 2388 1097
f 1097 1099 2387
f 2389 1091 2390
f 1955 1954 1116
f 1355 2391 2063
f 2391 2392 2393
f 2394 2061 2393
f 389 2395 2396
f 2395 2397 2398
f 393 600 2395
f 2399 2400 2401
f 1225 2402 1224
f 2402 2403 2404
f 2400 1220 2404
f 2401 2386 2399
f 2400 2399 2405
f 2406 2407 1985
f 2407 2406 2408
f 2408 1296 2407
f 1116 905 1428
f 901 2409 904
f 1955 1116 2410
f 2411 260 2412
f 2413 259 2411
f 2414 2415 2416
f 818 2417 2418
f 2417 2419 2416
f 2415 2420 2418
f 1656 2421 2234
f 2234 2233 1656
f 2422 2423 2424
f 2425 2426 2427
f 145 148 2424
f 2424 2426 145
f 2424 2428 2422
f 1499 2429 593
f 593 2430 591
f 860 990 862
f 2431 2432 2433
f 2434 2435 2436
f 2435 2437 2433
f 2438 2439 2434
f 2439 2440 2435
f 2441 1079 2442
f 2443 1701 1079
f 1079 2441 2443
f 2444 705 2445
f 705 2444 2446
f 706 705 2447
f 2448 1064 861
f 2449 2450 2451
f 2452 1330 2450
f 2453 2451 2454
f 2450 2455 2296
f 2298 2456 2296
f 992 991 2457
f 991 995 2458
f 2459 1204 2457
f 2458 2406 1988
f 1988 2459 2458
f 1159 1158 2460
f 1284 2461 2462
f 2463 2462 2464
f 2465 2466 1482
f 2467 1483 2196
f 2466 2465 2200
f 1484 1937 1482
f 1479 1478 2467
f 1507 2232 271
f 2468 2469 2470
f 929 928 2468
f 2471 1803 2472
f 1803 2471 2468
f 939 929 2470
f 2473 2474 2475
f 2476 2477 1671
f 2478 2479 2477
f 2475 2480 2473
f 2481 2482 2483
f 2483 2484 2481
f 2485 2482 2486
f 2487 2483 2488
f 2489 2490 2482
f 2482 2481 2489
f 619 1610 2491
f 343 337 2364
f 1683 2492 1681
f 1681 2493 2494
f 2492 1683 2495
f 2494 2496 1681
f 2432 2497 2436
f 2498 2499 2431
f 2499 2498 2500
f 2501 2499 2502
f 2497 2432 2501
f 2503 2431 2504
f 2193 2505 798
f 2505 910 2506
f 1911 797 2506
f 2194 2507 2193
f 798 805 2193
f 2508 2509 2510
f 2509 2508 1884
f 2510 2511 2508
f 1885 1886 2512
f 2513 2514 2515
f 2511 2510 2516
f 1122 1121 1763
f 1535 2517 1537
f 2518 2519 2520
f 2518 18 2521
f 2522 2523 2520
f 2520 2524 2522
f 2520 2525 2518
f 2526 2524 2396
f 1136 2527 1135
f 1136 1132 2528
f 2528 2529 1136
f 1135 2530 1133
f 782 781 1145
f 2531 692 958
f 2532 964 2533
f 692 691 959
f 2534 2535 2414
f 2420 2415 2536
f 2537 2414 2538
f 1417 1737 2539
f 1738 1392 2540
f 2539 1738 2541
f 1416 1417 1414
f 2541 2542 2539
f 2543 1283 2544
f 2545 1281 2543
f 2460 2461 2545
f 2461 1284 1281
f 2546 2547 711
f 2548 2549 2547
f 409 2546 1929
f 2200 2198 2466
f 2305 2467 2195
f 563 562 2550
f 560 789 562
f 562 2551 2552
f 2355 2354 2314
f 2553 2554 2555
f 2312 2096 2379
f 2555 2355 2313
f 2379 1300 2312
f 2556 2557 2558
f 2558 2559 2556
f 2560 2561 2556
f 2559 2558 2562
f 2563 2564 2565
f 2558 2566 2567
f 1203 1202 2568
f 2568 2569 1203
f 1203 2570 1198
f 2571 2572 2568
f 2573 2208 1579
f 1579 2571 2573
f 2208 2573 2574
f 2575 1775 2576
f 1775 2575 2577
f 2578 2576 1409
f 1408 1410 1777
f 2576 2578 2575
f 1768 2054 2579
f 2579 2580 2581
f 2581 1772 2579
f 2580 2441 2582
f 2054 2583 2580
f 2584 1191 2585
f 2584 1620 1191
f 1698 2586 1189
f 2586 2587 2588
f 363 1463 359
f 653 2589 650
f 821 2590 2419
f 822 2591 821
f 2592 2590 2593
f 824 2594 822
f 2419 2417 821
f 946 2595 942
f 2596 2597 2565
f 2598 2563 2599
f 2565 2566 2596
f 2597 2600 2599
f 2601 2602 2596
f 2603 2411 2604
f 1056 2413 2603
f 1057 1056 2605
f 2604 894 2603
f 2604 2412 896
f 374 886 373
f 2606 371 2607
f 327 1526 325
f 2608 2609 1526
f 2610 2608 327
f 2611 2612 2608
f 2613 2611 2610
f 2614 461 2348
f 2615 2614 2616
f 862 992 1205
f 1577 1574 2582
f 1574 1573 2581
f 2582 2442 1577
f 2617 2618 2619
f 1127 2617 2620
f 1129 1125 2617
f 2621 2619 2622
f 2623 2624 1213
f 2624 2625 1216
f 2625 2624 2626
f 2627 2628 660
f 2097 2629 2630
f 2098 2631 2097
f 2630 2632 2097
f 2632 2630 2633
f 2630 1898 2634
f 1896 1898 1894
f 2635 2282 2084
f 2084 1885 2635
f 2636 2637 2635
f 2283 2282 2638
f 2249 2639 2252
f 2640 1825 2641
f 2642 2641 2643
f 2251 2644 2249
f 1083 2645 1081
f 2646 2647 2648
f 2649 2650 2651
f 2650 1567 2652
f 440 439 2650
f 2647 1921 2652
f 868 575 2653
f 2653 2654 868
f 2653 2075 2655
f 2656 2657 1280
f 2657 2658 1278
f 1278 2659 1277
f 1280 1279 2656
f 2657 2656 2660
f 955 2523 2661
f 2523 91 2525
f 2293 2294 2662
f 2662 2663 2293
f 2663 2662 2664
f 2662 2665 2666
f 2667 2665 2287
f 1626 1627 2429
f 2033 2668 2032
f 864 2669 2033
f 2032 2670 2030
f 2113 2671 2672
f 2673 2672 2674
f 2675 2676 2677
f 2678 2679 2671
f 2671 2119 2678
f 2680 2681 2682
f 2185 2680 2184
f 2683 2684 2680
f 2175 2184 2183
f 2184 2682 2685
f 775 769 2686
f 2687 774 2688
f 1924 2167 2686
f 2686 2689 775
f 2686 770 1924
f 770 773 1925
f 1507 1506 2690
f 1506 1505 2691
f 2692 2693 2694
f 2692 2695 2696
f 2696 2697 2692
f 2694 2140 2692
f 2693 2698 2699
f 2699 2700 2164
f 2694 2699 2145
f 910 2505 913
f 675 1744 673
f 1744 675 1741
f 680 2701 677
f 674 673 681
f 673 1743 1950
f 2702 2703 2542
f 1415 1414 1966
f 1108 2704 2705
f 2705 2706 1108
f 2707 2704 2708
f 148 139 2428
f 2709 2710 2634
f 2634 1661 2709
f 2711 510 2712
f 2713 2714 2712
f 2712 501 2713
f 2715 2716 2717
f 2718 2719 2715
f 2720 2715 2721
f 2717 2722 2723
f 2722 2724 2725
f 2724 2722 2726
f 1674 2727 2728
f 2729 2292 2730
f 2727 2291 2729
f 2727 1674 2731
f 2728 2729 1723
f 2019 1959 1030
f 2732 2019 704
f 2733 2020 2732
f 2447 2732 706
f 2006 1998 2375
f 2734 2735 2736
f 2737 2738 2739
f 2740 2736 2741
f 2741 2742 2740
f 2743 2048 2744
f 2745 1839 2743
f 1839 2745 1837
f 2746 1830 2747
f 722 2748 2746
f 1831 1830 2749
f 2750 2746 2751
f 2752 2753 2747
f 2747 1832 2752
f 1832 1828 2754
f 2755 2756 1435
f 1434 2627 2757
f 2758 1433 2757
f 1434 2756 2627
f 2759 2755 1087
f 2755 2759 2760
f 2761 2227 2762
f 2227 2761 2563
f 2762 2690 2761
f 30 263 1061
f 604 2763 75
f 1794 791 2764
f 1485 2765 788
f 2766 2767 2765
f 2767 2768 2764
f 1459 1047 1397
f 1490 2769 2770
f 2770 2771 2772
f 1491 1490 2773
f 2774 2775 2769
f 2774 2769 2776
f 2764 2777 1794
f 2486 2778 2779
f 2488 2485 2780
f 2781 2780 2779
f 2782 2783 2490
f 773 440 2649
f 594 592 2784
f 589 594 2785
f 2786 2787 2788
f 2789 2788 2092
f 623 2100 2790
f 2787 1630 2790
f 2790 2791 623
f 834 2792 2786
f 1630 2787 1629
f 2791 1624 620
f 1624 2791 1628
f 2793 1361 2794
f 2794 1363 509
f 1361 2795 1362
f 2796 2795 2793
f 2797 2130 2127
f 2131 2130 2798
f 1858 2797 1857
f 427 2202 1443
f 350 2799 346
f 2800 619 2801
f 2801 2802 2800
f 1195 2803 2491
f 2804 1262 2427
f 2804 2805 2806
f 2427 2423 2804
f 2806 2807 2804
f 1258 2425 1264
f 2387 2808 2809
f 2810 2809 2612
f 2811 2388 2809
f 2808 2812 2813
f 1099 2814 2808
f 1209 1208 2281
f 2352 2815 2350
f 2816 2278 1210
f 2114 1253 2116
f 2817 2121 2818
f 2673 1251 2114
f 2819 2820 1349
f 2821 2822 2823
f 2823 2824 2825
f 2825 2826 2823
f 2826 2827 2828
f 2829 2821 2828
f 603 2329 421
f 2830 2831 681
f 2832 2833 2674
f 1256 2833 2834
f 2833 2832 2835
f 2674 2676 2832
f 1251 2673 1255
f 1843 2836 1842
f 1842 2837 1840
f 1670 2838 2839
f 1663 2840 1670
f 2839 2476 1670
f 2841 2842 2843
f 1712 2844 2842
f 2845 2846 2847
f 2846 2845 2439
f 2847 1835 2845
f 2848 2849 2850
f 2850 2440 2848
f 479 473 2851
f 2852 477 2853
f 2851 2854 479
f 2851 469 2030
f 469 468 2031
f 2855 2856 2857
f 2857 2858 2859
f 2856 2816 2858
f 2860 2861 1964
f 1964 2703 2860
f 1612 1611 2861
f 2862 1102 2863
f 356 355 1063
f 2766 1487 2306
f 2467 2305 1479
f 2864 2865 2866
f 2867 2868 2869
f 2866 2870 2864
f 2871 2867 2872
f 2870 2866 2873
f 1175 2874 1173
f 2875 2876 2754
f 2753 2752 2877
f 2877 2876 493
f 2814 1099 644
f 2517 2814 1230
f 1159 2689 1157
f 1894 2629 1297
f 2312 1293 2631
f 1688 1691 1858
f 2130 2797 2878
f 1692 2879 1691
f 2880 854 2881
f 854 2880 2288
f 847 2882 855
f 2883 2733 2447
f 2545 2687 2460
f 2884 2319 2885
f 2884 2886 333
f 2885 2321 2887
f 2262 2885 2264
f 2886 2884 2262
f 2888 2889 1844
f 2890 2807 2891
f 2889 2888 2806
f 1844 1846 2888
f 814 2891 813
f 906 1117 902
f 905 1114 899
f 2892 2893 2894
f 2895 1000 2892
f 2896 1869 2894
f 2893 1002 2897
f 546 2896 2897
f 547 546 2898
f 1929 711 2899
f 1879 2297 2900
f 2901 2118 2902
f 2903 2901 1075
f 2904 2577 2905
f 2577 2904 1775
f 2577 2906 2907
f 2908 2904 2909
f 2706 2705 2907
f 413 418 411
f 844 414 842
f 2910 2911 414
f 2912 2910 844
f 2454 2456 2913
f 2456 2298 2914
f 2915 2916 2299
f 2299 2295 2915
f 559 553 2917
f 563 2918 552
f 1963 1962 1305
f 2919 1306 378
f 2341 2919 380
f 2920 2921 2922
f 2923 724 1015
f 2924 725 2923
f 2922 2925 726
f 1015 2925 1013
f 2926 2927 2928
f 2929 2930 1179
f 2926 2931 2873
f 2932 2933 2930
f 2928 2104 2926
f 2934 2935 2936
f 2935 2937 2938
f 2935 2934 2939
f 2940 2941 2938
f 2941 939 2936
f 2936 2470 2934
f 876 495 2056
f 497 490 876
f 2942 2943 494
f 2944 2055 2943
f 2945 2946 2947
f 2553 2945 2948
f 2948 2947 2949
f 2950 1622 2951
f 2951 2952 2950
f 2946 2945 2953
f 1622 2950 2954
f 2955 2956 2957
f 2958 2959 2956
f 2956 2960 2961
f 2957 2961 999
f 2961 2962 996
f 2963 723 2964
f 2746 2750 722
f 2964 2750 2965
f 2748 722 727
f 2089 2430 2966
f 2966 1887 2089
f 2616 2967 2615
f 2348 2347 2616
f 2515 1467 2513
f 2099 624 2968
f 2093 2968 2969
f 2923 401 2924
f 2924 2134 2970
f 2133 2134 405
f 2542 2541 2702
f 441 443 445
f 777 2971 772
f 671 2972 2973
f 2974 2975 2976
f 2975 2974 1904
f 2976 2977 1615
f 2978 2977 2979
f 581 580 2980
f 2980 2981 2982
f 2982 2983 2980
f 2980 2984 581
f 2981 627 2985
f 627 2981 630
f 2638 2986 2283
f 2986 2987 2284
f 1062 1064 364
f 2988 362 2989
f 471 2989 2448
f 476 2988 471
f 2990 2991 1234
f 2991 2992 1240
f 2993 542 2994
f 2489 540 2993
f 2995 2996 2997
f 2504 2998 2503
f 2999 3000 3001
f 2503 2995 3002
f 2789 2633 3003
f 2633 2789 2632
f 1667 3004 1665
f 3005 3006 3007
f 2860 3008 3005
f 3007 1616 3005
f 3005 1612 2860
f 3009 3010 1318
f 3011 3012 3013
f 1602 3013 3014
f 3013 1948 3011
f 3014 3015 1599
f 3010 3009 3014
f 3016 2313 2969
f 2802 3016 3017
f 3018 2555 3016
f 3019 3020 3021
f 3022 3023 3024
f 3025 3024 3026
f 3027 3022 3025
f 3028 3029 1564
f 2273 2272 2102
f 3029 3028 3030
f 614 3031 569
f 571 923 568
f 607 918 3031
f 2464 1149 3032
f 3033 3032 3034
f 2948 2352 2553
f 3035 2151 3036
f 2177 2179 3037
f 2179 2178 3035
f 3036 3038 3035
f 1638 3039 2149
f 3038 3036 3040
f 2102 2101 2273
f 2106 3041 3042
f 3030 2109 3029
f 3042 2271 2106
f 2705 3043 2905
f 3043 3044 2909
f 3044 3043 2707
f 778 676 781
f 1014 1013 679
f 780 679 778
f 3045 2957 3046
f 3047 1722 2730
f 2730 3048 3047
f 1723 1718 2728
f 2658 3049 2659
f 2659 3050 2734
f 3050 3051 2735
f 3052 3049 3053
f 3051 3050 3052
f 3054 3055 3056
f 3055 2879 3057
f 3055 3054 2798
f 3058 3054 3059
f 3057 3060 3061
f 3061 3062 3057
f 2998 3063 2995
f 2996 2135 3001
f 3064 459 2614
f 2614 2615 3064
f 2136 2999 2137
f 3065 3066 2999
f 2999 2136 3065
f 1800 2819 3067
f 1349 3068 2819
f 3069 3067 3070
f 3067 3071 3072
f 537 3071 3073
f 3074 2852 3075
f 3076 1470 3077
f 432 428 3076
f 3078 3076 3079
f 3079 3077 2263
f 593 585 1499
f 1501 1626 1499
f 3076 3078 432
f 3080 3078 3081
f 3082 430 3083
f 3084 3083 3080
f 3085 1931 2899
f 2899 712 3085
f 3086 3087 3085
f 3004 1667 3088
f 1137 1140 3089
f 1869 2896 1862
f 3090 3091 1823
f 3092 1822 3093
f 3094 3092 3095
f 3096 3091 3097
f 3091 3096 3093
f 3098 2495 2696
f 3099 3100 3101
f 3006 3102 3099
f 3102 3098 3100
f 2698 2693 615
f 614 2698 608
f 615 2697 613
f 3103 126 3104
f 1457 1459 3105
f 3106 1457 3107
f 3105 1397 639
f 497 878 496
f 3108 3109 3110
f 3111 3112 3109
f 3109 1855 3111
f 3113 3114 3115
f 1631 3116 3117
f 1634 3117 3118
f 3117 2560 3119
f 3116 3120 2560
f 3121 3122 3116
f 1989 2574 1988
f 2756 2755 3123
f 508 1362 1360
f 2991 2990 3124
f 3124 3125 2991
f 3126 2219 3127
f 3128 812 3127
f 3129 3126 3130
f 3127 2221 3128
f 1400 3131 1401
f 1399 3132 3131
f 1403 3133 1399
f 3134 3135 3136
f 3137 3138 3134
f 3138 3137 3139
f 3135 3138 2584
f 3134 976 3137
f 619 2800 617
f 2215 2214 3140
f 3141 3142 2223
f 2223 2222 3141
f 2654 3143 865
f 873 588 881
f 881 589 879
f 2144 2162 747
f 3144 3145 3075
f 2852 3074 3146
f 3075 3147 3144
f 3075 2853 3147
f 2651 1918 2649
f 3148 3149 1289
f 1289 3150 3148
f 931 3151 936
f 1305 1304 1963
f 3152 3153 3154
f 3154 2993 3152
f 3153 3152 2071
f 3155 3156 2994
f 3157 3158 3159
f 3160 3161 3157
f 3162 3158 3163
f 3164 3165 3161
f 3166 3167 3168
f 3166 3169 3167
f 3170 3166 3171
f 3168 63 60
f 2521 19 3167
f 1701 1699 1080
f 2443 3172 1701
f 994 1895 2408
f 1427 3173 1027
f 702 703 2409
f 2215 3174 2218
f 3175 2216 3176
f 3177 3178 3176
f 3174 2215 3179
f 3003 2786 2789
f 835 834 3003
f 924 3180 922
f 1369 1372 3181
f 1369 3182 1366
f 3183 1455 3106
f 3184 1460 3183
f 3185 1826 1460
f 3183 2837 3184
f 2837 3183 2052
f 3184 2836 3186
f 1460 3184 3185
f 1103 3187 2110
f 3188 2112 2110
f 3189 3188 3190
f 3187 3191 3190
f 1100 3192 3187
f 2880 3193 3194
f 3193 2880 3195
f 1297 1296 1894
f 3180 924 3196
f 1997 2069 2001
f 3197 3198 3199
f 3200 3201 3199
f 3199 3202 3197
f 3203 2363 3204
f 3204 3200 3203
f 2363 3203 3205
f 3198 3197 736
f 486 3206 1538
f 3207 3208 3209
f 485 3210 3206
f 3211 3209 3212
f 3213 2939 3214
f 913 2507 3215
f 2939 3216 3215
f 909 913 916
f 2939 3213 2935
f 3217 3218 632
f 3219 3218 3220
f 2835 3221 3217
f 3218 3219 3222
f 2827 3223 3224
f 535 3225 3226
f 3225 2829 3224
f 3111 1856 3227
f 3227 3228 3111
f 2125 3229 2123
f 2124 2123 1849
f 2987 3230 2784
f 1942 3231 3232
f 3233 3234 3232
f 3235 3236 849
f 849 3233 3235
f 3122 3121 3231
f 3236 3235 3237
f 3238 3239 3240
f 3241 3240 1735
f 3242 3243 3244
f 3244 3245 3246
f 3240 3245 3247
f 3248 3249 3239
f 3250 1654 2549
f 3251 3250 2548
f 2156 2421 3251
f 2549 1655 710
f 3252 1559 3253
f 3254 3252 3255
f 981 983 3253
f 1640 3237 1633
f 2153 3236 1640
f 3256 3257 3258
f 3259 426 3258
f 3260 3259 1165
f 3259 3260 3261
f 3258 3262 1165
f 1166 3263 1165
f 3260 3263 3264
f 3265 3266 2687
f 3265 2543 3267
f 2687 2545 3265
f 3267 3268 3265
f 3269 3270 3271
f 3270 3269 1401
f 3272 3271 3273
f 3274 3275 3276
f 3277 3278 3275
f 3279 3277 3274
f 2599 3280 2598
f 2598 3281 2228
f 1015 400 2923
f 3282 2793 3283
f 2793 3282 2796
f 3283 2794 3284
f 1268 1269 1796
f 2551 1797 3285
f 1644 1268 3286
f 3287 3288 3289
f 2720 3228 3289
f 3289 3290 3287
f 2715 2720 2718
f 3228 2720 3112
f 2719 2718 3291
f 3060 1967 1969
f 127 128 3104
f 3292 3103 3293
f 3294 3295 2958
f 3296 2960 3297
f 2960 3296 2962
f 3088 754 2163
f 750 2144 746
f 1580 2206 1382
f 2021 3298 3299
f 3299 457 3136
f 3298 3300 457
f 3301 3302 3303
f 2393 3302 2394
f 3304 3305 3301
f 3306 3307 2392
f 1401 3308 3270
f 3308 3309 3276
f 3310 3274 3311
f 566 2146 738
f 2131 3310 2126
f 2126 3311 766
f 2586 1698 1709
f 1696 3312 1697
f 1944 1934 3313
f 3120 3313 2561
f 3122 1944 3120
f 3313 1936 2601
f 1936 3314 2602
f 3315 3316 3317
f 499 491 3318
f 3317 3319 3315
f 493 3316 491
f 3317 3320 3321
f 3322 3320 3323
f 3324 1715 3325
f 3325 1716 3312
f 2363 2360 3326
f 3326 2362 2041
f 2041 2040 3326
f 2152 3327 2150
f 3327 2152 2882
f 2152 2178 3328
f 1140 1141 3139
f 2986 2638 3329
f 3329 3330 3331
f 3332 3329 3333
f 2987 2986 3332
f 3334 3335 3336
f 3337 2642 3338
f 3336 3339 3334
f 2643 3335 2642
f 2640 2641 3337
f 3340 3341 3342
f 3195 2182 3193
f 3342 3343 3340
f 3211 3344 3345
f 2726 3346 2724
f 2724 3347 3144
f 3347 2992 3145
f 3346 3348 3347
f 3349 2620 2621
f 1890 1653 3350
f 3350 3170 3351
f 3351 1888 3350
f 2240 3170 2239
f 3352 3353 3354
f 3355 3354 3356
f 3357 3358 3354
f 3359 3319 3356
f 3353 3318 3359
f 1703 498 3352
f 3360 3361 3362
f 2168 3363 3364
f 3362 3363 1786
f 3365 3273 3361
f 3366 3367 3368
f 3368 2744 3366
f 1096 3369 1095
f 2744 3368 2743
f 3368 3370 3371
f 3372 3370 3373
f 3374 903 3375
f 2638 2637 3330
f 898 897 3374
f 1454 3376 3377
f 1454 3378 3376
f 3379 350 3380
f 1453 3377 3061
f 351 3062 349
f 3381 3382 3383
f 3384 3381 3385
f 3385 3383 2320
f 2264 2887 2263
f 3386 3081 3381
f 2024 3387 3298
f 2210 3388 2024
f 3389 2929 1180
f 2927 2926 2874
f 2874 1175 2927
f 3390 761 3391
f 761 3390 3392
f 3393 3394 3395
f 3396 2872 3394
f 3397 3398 3399
f 3399 2870 3397
f 3400 3396 3393
f 3401 2871 3396
f 2437 3402 2504
f 2493 3403 2540
f 2702 3403 3404
f 2492 3405 2493
f 1256 3406 1252
f 2834 3407 1256
f 3408 3409 3410
f 2783 2782 3411
f 2490 3154 2782
f 3410 3153 3408
f 2589 3412 652
f 1464 3413 2589
f 3407 2834 3414
f 3217 3415 2835
f 635 3416 3415
f 3417 3407 872
f 2490 2489 3154
f 3151 3418 3148
f 1291 1290 3419
f 453 452 1346
f 3420 227 248
f 227 3420 1265
f 250 3421 3420
f 2550 2552 3421
f 1265 3422 3285
f 253 952 250
f 3423 3424 2534
f 2536 2535 3425
f 3424 3423 3426
f 3426 3427 3424
f 2534 3428 3423
f 2414 2537 2534
f 2555 3018 2553
f 3429 3430 3431
f 3432 3433 3429
f 3434 3430 3435
f 3433 3432 3436
f 3437 2434 3438
f 2497 3439 3438
f 3440 3437 3441
f 2624 2623 2951
f 2626 1621 2625
f 487 1751 3210
f 723 2963 720
f 3442 3443 3444
f 2920 2922 3442
f 3445 3446 3444
f 3444 3447 3442
f 3444 2963 3445
f 2402 1225 633
f 2985 634 1223
f 2403 2402 3222
f 3448 3449 1314
f 3449 3009 1315
f 2410 2714 1955
f 2712 1430 2711
f 1429 1430 2410
f 3450 3451 2910
f 3451 3450 3452
f 2910 2912 3450
f 3453 3454 3455
f 526 3455 524
f 3455 526 3453
f 3155 2898 1006
f 1006 1005 3155
f 2994 547 3155
f 1002 2893 998
f 569 2700 614
f 3456 3375 2636
f 3457 3374 3456
f 2636 2511 3456
f 2710 2709 837
f 837 835 2710
f 3458 3459 833
f 3460 2509 3459
f 1467 2515 3460
f 3459 3458 3461
f 3462 3460 3461
f 3463 3464 1450
f 2397 3463 3465
f 600 1826 2397
f 1450 3466 1448
f 2322 3467 2827
f 2330 2322 2826
f 2322 2330 178
f 3223 3468 3226
f 3468 3223 1645
f 3469 3470 445
f 445 2971 3469
f 451 3471 1138
f 3471 3472 2528
f 451 3089 449
f 1138 1137 451
f 2527 3473 2530
f 2529 3474 2527
f 3474 2529 3475
f 1279 1272 3476
f 1279 3476 3477
f 3478 3479 1274
f 1274 1273 3478
f 3480 3481 3200
f 2043 2843 3480
f 3200 3204 3480
f 3481 2840 3201
f 3016 2802 3018
f 2954 2946 2803
f 3482 2038 3483
f 2967 3483 436
f 3484 3282 1024
f 3284 1025 3283
f 1029 3484 1023
f 3485 2675 2679
f 2676 2675 3486
f 3487 3488 3489
f 3489 3490 3491
f 3393 3492 3400
f 3492 3393 3493
f 3493 3494 3492
f 3488 3495 3490
f 3495 3401 3400
f 3496 3497 3498
f 3499 3500 3501
f 3502 3501 3503
f 3504 3505 3496
f 3505 3506 3497
f 1423 1422 1686
f 3387 3507 3300
f 1341 1346 3508
f 3509 60 110
f 60 3509 3168
f 2481 551 540
f 3510 1760 3511
f 1760 3510 1765
f 1857 2127 1146
f 3226 3512 535
f 2829 3225 3513
f 3485 3514 2381
f 3515 1511 3514
f 3485 2679 3514
f 3514 3516 3515
f 2329 2330 2825
f 3517 2605 893
f 2605 3517 1057
f 3518 893 3519
f 2327 3517 3518
f 894 2604 892
f 2854 2851 3520
f 3520 3521 2854
f 3522 685 2328
f 958 2324 2531
f 685 3522 687
f 692 2531 684
f 3523 1543 3208
f 3208 3207 3523
f 1543 3523 3524
f 3524 387 1543
f 2008 1877 1755
f 2009 3525 2008
f 511 402 3526
f 3526 3527 511
f 3526 404 768
f 3528 3529 3530
f 949 3378 941
f 3378 949 3380
f 430 3082 3053
f 3053 3531 433
f 3051 3052 3532
f 3083 3084 3082
f 1210 1212 1133
f 1502 2053 1493
f 3533 329 3196
f 3196 3534 3180
f 927 3533 926
f 329 331 3534
f 3534 3535 2265
f 2171 2170 3277
f 2171 3058 353
f 3277 3279 2171
f 3146 1961 2852
f 1162 3536 672
f 377 366 3537
f 3538 3539 3536
f 2590 2592 3540
f 2419 3540 2538
f 2592 3541 2740
f 1621 2626 1618
f 1353 3179 3142
f 1354 3542 1353
f 2495 3098 2492
f 923 922 1441
f 2911 2155 415
f 3500 3499 3435
f 3543 3498 3436
f 2025 2587 2022
f 2587 2025 2585
f 3544 2526 2398
f 2530 3545 3546
f 652 3547 651
f 3547 836 1662
f 836 3547 838
f 3548 659 1380
f 3549 1379 661
f 3550 3548 1381
f 3550 2758 3548
f 422 2824 3551
f 3551 2822 3552
f 1025 3284 1431
f 531 3553 3072
f 3554 2389 3555
f 3556 3557 3555
f 2388 3558 1098
f 3555 2390 3556
f 2389 3554 3369
f 1091 2389 1096
f 1967 3060 1692
f 1621 1620 3139
f 3135 2584 3559
f 3332 3560 2987
f 3333 3561 3332
f 1370 3230 1373
f 3561 1371 3560
f 3333 3331 3562
f 3562 3563 3333
f 2337 3564 2532
f 3565 3566 3567
f 2336 382 2337
f 965 964 3566
f 2337 2532 2335
f 2816 1210 3546
f 3568 135 3103
f 3529 1486 557
f 788 558 1485
f 3529 3528 1481
f 879 2785 1370
f 3569 2892 3570
f 1585 2895 3569
f 472 2448 2035
f 1812 1342 1810
f 464 3571 1810
f 1342 1812 1345
f 3572 3097 3573
f 3097 3572 3096
f 3097 3574 3575
f 3573 3575 3576
f 3507 3387 3577
f 2511 2636 2512
f 3026 3020 3578
f 3249 3248 3019
f 3578 3248 3238
f 3026 3579 3025
f 3238 3580 3578
f 3578 3581 3026
f 2623 3582 2952
f 1213 1215 2623
f 839 1887 2792
f 1627 1629 2966
f 814 808 3583
f 2891 814 2890
f 3584 3585 1338
f 3585 3584 3440
f 3586 1338 3587
f 1338 3586 3584
f 2228 2227 2598
f 1205 1200 862
f 1204 2459 1202
f 2190 2189 3588
f 2187 2186 804
f 804 803 2187
f 2248 3588 2245
f 3589 3150 3590
f 3150 1289 3591
f 1288 3592 1286
f 937 936 3589
f 2753 3593 2751
f 3445 2964 3594
f 3593 3182 2965
f 3595 3213 3596
f 3213 3595 2937
f 2025 3299 3559
f 1466 2444 2513
f 698 700 2445
f 2514 2513 3597
f 3598 3531 2658
f 2660 3598 2657
f 1128 1127 1476
f 951 2230 950
f 951 297 2224
f 298 3599 296
f 2169 2168 2170
f 2170 3364 3278
f 3363 2168 1787
f 2968 625 3017
f 363 3600 1465
f 1067 3379 3601
f 1071 2799 3379
f 3136 458 3134
f 3602 3516 2678
f 3287 3603 3602
f 3604 417 2157
f 3451 1524 2911
f 2862 2017 3192
f 3192 2016 3191
f 3605 3606 3607
f 3608 3605 3609
f 3610 3606 3608
f 3605 3607 3611
f 2071 2070 3153
f 3409 3408 3612
f 3419 3613 1291
f 3613 3614 2544
f 3418 3615 3149
f 3613 3419 3616
f 3176 3174 3177
f 3177 3617 3618
f 3174 3179 3617
f 2606 3619 3620
f 3620 2377 3621
f 669 957 3621
f 371 2606 957
f 2373 2972 2378
f 2004 3622 3609
f 2003 3619 3622
f 2201 1231 2147
f 3063 2998 3623
f 2440 2850 2437
f 3063 2970 2996
f 3623 729 3063
f 2850 3624 3402
f 3325 3625 3324
f 3625 3626 3627
f 3324 3627 3628
f 3629 3272 3365
f 94 93 2079
f 3011 2080 155
f 3012 3011 321
f 2035 2034 472
f 3630 375 3537
f 3631 2548 2546
f 3632 952 3633
f 2231 2917 2230
f 2918 3632 2917
f 3281 559 2231
f 428 427 1470
f 3220 3221 3486
f 2384 3220 2383
f 364 356 1062
f 606 434 2361
f 3634 3635 436
f 1102 2862 1100
f 3636 3257 3637
f 3257 3636 3262
f 3257 3256 3638
f 2754 1833 2875
f 1827 3639 3640
f 1833 3640 3323
f 827 818 3641
f 2818 827 2817
f 827 2818 826
f 3512 3286 539
f 3642 3643 2244
f 3644 3642 2243
f 3642 3644 3645
f 3643 3642 3646
f 2310 2309 3629
f 3365 3647 3629
f 2309 3269 3272
f 2311 1402 2309
f 3066 3065 3648
f 2771 2775 3649
f 3645 3650 3651
f 3385 3652 3384
f 3435 3652 3434
f 3381 3384 3386
f 3501 3502 3499
f 1783 3538 1162
f 3653 3504 3654
f 3498 3543 3496
f 2559 3655 3119
f 2562 3656 2559
f 3657 3658 2567
f 507 1360 1971
f 1234 1233 2990
f 3644 802 3650
f 1078 1077 3659
f 3650 1078 3660
f 802 3644 800
f 3661 3118 984
f 3662 3663 1509
f 3663 2570 1516
f 2124 3662 1508
f 2140 3664 2695
f 507 1971 506
f 2675 3485 2383
f 3665 1059 2763
f 2443 2583 3172
f 2583 2054 2944
f 3666 3667 3668
f 1992 3668 1152
f 1994 3666 1992
f 1152 2166 1992
f 869 573 868
f 2349 2346 3577
f 2349 2211 3669
f 2211 2349 3388
f 1347 3508 2342
f 3508 3507 2343
f 2918 563 3632
f 952 3632 3421
f 3670 3671 3672
f 3673 3674 3672
f 3675 3673 3676
f 3671 2772 3676
f 3677 688 1031
f 694 686 3677
f 2517 1230 3678
f 3679 1536 3678
f 3678 1229 3679
f 3680 3681 1228
f 3682 3683 3684
f 3685 3686 3687
f 3686 3688 3689
f 3684 1981 3682
f 2779 2783 3690
f 632 635 3217
f 3691 2868 845
f 2865 2864 3691
f 1174 2865 3692
f 3037 3693 2177
f 3693 3037 3694
f 2836 1843 3695
f 2479 2478 3696
f 3628 2478 2476
f 3626 3697 3696
f 2105 2933 3041
f 2104 2103 2931
f 2933 2105 2928
f 3590 3591 2029
f 2029 2026 3590
f 969 3589 967
f 2029 3592 1245
f 702 2409 701
f 3114 3113 3521
f 2668 3110 2670
f 2670 3114 3520
f 3521 2723 3147
f 2721 2717 3113
f 966 963 3698
f 3566 3565 965
f 2982 2985 3699
f 3700 3699 3701
f 2983 2982 3700
f 1860 3702 1325
f 1325 1324 1860
f 3702 1860 2831
f 2856 2855 2279
f 2857 3700 2855
f 1322 1973 1326
f 503 506 1322
f 671 669 2972
f 3703 2621 3704
f 3704 2622 3705
f 2622 3706 3707
f 1412 1089 1699
f 1087 1089 2759
f 2941 2940 3708
f 3615 3418 3709
f 2940 3710 3709
f 2938 3711 2940
f 2077 2080 1946
f 1635 3712 1638
f 375 3630 3713
f 3537 3539 3630
f 2463 3714 1285
f 1285 3715 1288
f 3714 1243 3715
f 3716 1241 3714
f 2394 3305 3717
f 3717 2066 2394
f 3718 3719 3717
f 1180 3718 3389
f 2201 435 2359
f 2359 3205 2201
f 2148 1444 2147
f 700 701 3597
f 701 900 3720
f 900 898 3457
f 1773 1772 3721
f 3722 3723 2256
f 3723 3724 3725
f 3723 3722 3726
f 3727 3722 2255
f 815 3728 3727
f 2254 2253 3725
f 3296 3729 3730
f 2073 1004 3731
f 3731 3732 2073
f 3732 3731 3733
f 3734 3735 3729
f 3145 3125 3074
f 2795 3736 3124
f 1788 3432 1786
f 2060 3737 1788
f 1786 3429 3362
f 3007 3099 3738
f 1899 1759 3739
f 481 2978 3739
f 487 480 3740
f 1759 1748 482
f 1451 2661 1449
f 889 884 1761
f 3741 3742 887
f 888 2618 1766
f 1824 2252 1821
f 2465 1940 3743
f 1940 2465 1938
f 3743 2242 1907
f 1907 914 3743
f 2519 2518 3744
f 3085 713 3086
f 3087 3086 2064
f 2700 569 740
f 3702 1952 1327
f 3745 3746 1376
f 3747 1376 1378
f 2974 3745 3747
f 3748 3749 3745
f 2006 2377 2003
f 2157 2156 3604
f 3750 3751 3752
f 3753 3724 3754
f 3755 3753 3756
f 3756 3754 3757
f 2817 3641 3758
f 510 2711 509
f 1378 1903 3747
f 2979 2975 1900
f 2855 3701 2277
f 2279 2278 2856
f 1453 1452 3377
f 3759 3760 3454
f 3454 3453 3759
f 1502 1500 584
f 584 587 1502
f 3279 3761 3058
f 3059 3056 351
f 3713 3762 375
f 3763 376 3741
f 376 3763 367
f 3764 3705 3765
f 3766 3487 3165
f 3164 3767 3768
f 3767 3164 3160
f 3768 3766 3164
f 3766 3768 3769
f 3090 3770 3771
f 3771 3772 3773
f 3768 3772 3774
f 2849 727 3624
f 3624 728 3623
f 3348 3346 946
f 946 945 3348
f 3346 2726 2595
f 2896 546 543
f 1249 1248 3775
f 3034 3776 3033
f 3775 3776 3777
f 3778 3779 3034
f 3716 2464 3033
f 3033 1248 3716
f 2612 2813 2609
f 1530 1527 3780
f 1352 1353 1350
f 1359 1350 3141
f 3781 3782 3288
f 3573 3783 3572
f 3572 3710 3784
f 3616 3615 3783
f 3783 3573 3616
f 2496 2494 1390
f 681 1950 2830
f 3391 3132 3390
f 328 3785 3027
f 3785 2011 3022
f 3533 927 3785
f 324 3027 3786
f 890 731 1060
f 187 731 319
f 3787 3788 2667
f 1912 1910 3788
f 1981 1975 3789
f 1921 2647 3789
f 2431 2503 2498
f 3790 3791 3002
f 3000 3790 2997
f 3268 3792 3266
f 3367 3366 3793
f 2840 3481 2838
f 3794 2841 2043
f 683 682 1148
f 2020 2733 475
f 2733 2883 3795
f 2139 3746 3664
f 3757 3751 3796
f 3796 3797 3757
f 3757 3798 3756
f 3751 3750 3799
f 1849 1851 2124
f 3800 3511 3801
f 3612 3510 3800
f 3690 3411 3801
f 3801 1764 3802
f 3758 2122 2817
f 2983 2859 2984
f 3803 583 3804
f 2859 3545 3804
f 3474 3803 3473
f 2859 2983 2857
f 3805 3806 3807
f 3806 3805 3808
f 2811 3806 3809
f 3810 3805 3811
f 2611 2613 3807
f 2809 2810 2811
f 2612 2611 2810
f 3687 3689 3812
f 3242 3687 3813
f 3244 3685 3242
f 2358 2357 3685
f 3110 2668 3108
f 3814 3446 3815
f 3594 3181 3445
f 3181 3594 1369
f 3816 3648 3817
f 3336 3817 3818
f 3819 3816 3335
f 2774 2776 3820
f 3820 3648 2774
f 1736 1418 1978
f 2805 3821 3822
f 2806 3822 2889
f 3822 3823 3824
f 3821 1447 3823
f 3823 3466 3825
f 3597 3720 2514
f 3758 2420 3826
f 100 3827 111
f 3828 3509 109
f 109 3827 3828
f 3828 3829 3351
f 2863 1916 2862
f 1916 2863 1864
f 3491 3163 3489
f 2988 476 3795
f 3795 360 2988
f 1409 1584 2578
f 1584 3569 3830
f 2578 3830 1870
f 1381 752 3550
f 1521 3831 1517
f 1521 1520 3832
f 3758 3826 2122
f 3425 3833 2536
f 419 3692 418
f 1181 1174 419
f 3264 3834 3665
f 3834 3835 1059
f 3665 605 3264
f 605 3665 604
f 1329 1337 2900
f 2900 3836 1879
f 1330 1329 2455
f 2372 3837 3838
f 3839 3840 3841
f 3841 3837 2376
f 3838 1012 2372
f 3525 2009 3840
f 2009 1011 3838
f 885 3842 3843
f 889 1765 885
f 2691 3844 3658
f 983 3656 3255
f 2690 2691 3657
f 3656 2562 3845
f 3679 3681 3846
f 3846 2317 3679
f 3847 3848 3849
f 2331 2334 3850
f 3850 3851 2331
f 3852 3777 3853
f 3853 693 3852
f 691 2334 2533
f 2334 691 3853
f 2140 2694 2138
f 829 3458 840
f 838 3854 829
f 3855 3307 3856
f 3557 3856 3857
f 3856 3557 3855
f 2391 3858 2392
f 3856 3306 3859
f 3307 3860 3303
f 2425 1258 147
f 259 2413 261
f 2069 1997 2072
f 2005 2004 3611
f 1778 1776 2908
f 3654 3861 3653
f 3428 3862 3653
f 3640 2449 2453
f 2450 2449 2452
f 1834 3863 3639
f 1005 2067 3156
f 417 3604 410
f 410 3631 409
f 3604 3251 3631
f 2680 2185 2683
f 3864 1995 3865
f 3667 3666 3864
f 3866 3667 2340
f 3169 2238 3867
f 2238 2237 3868
f 3169 3166 2240
f 3869 3744 3868
f 2929 3389 3304
f 3304 2932 2929
f 524 2912 522
f 3261 423 3259
f 423 3261 424
f 3509 3828 3171
f 1595 3703 3870
f 3705 3764 3704
f 446 3871 442
f 3871 446 3872
f 1564 438 3028
f 3487 3873 3488
f 3874 3875 3488
f 3876 3877 3878
f 961 3877 2326
f 3879 3878 3880
f 3881 3876 3879
f 3698 3882 966
f 3647 3365 3360
f 1847 811 1846
f 1848 3130 811
f 2745 3129 1848
f 3612 3800 3409
f 3086 2365 2065
f 1354 1357 2367
f 1818 2190 2248
f 938 3708 3151
f 2287 3883 2667
f 3609 3884 3608
f 3843 3884 3885
f 3886 3887 2683
f 3887 3886 3888
f 3887 3567 2684
f 2683 3693 3886
f 2661 2522 3544
f 820 819 823
f 3889 3890 823
f 823 1254 3889
f 1101 1100 1103
f 2268 2648 1566
f 3891 3892 2267
f 3543 3893 3654
f 3811 3580 3810
f 3580 3811 3581
f 1759 1899 1758
f 1900 1899 2979
f 624 2099 623
f 3894 851 2663
f 2663 2664 3894
f 3818 3895 3336
f 3404 3405 3102
f 3404 3008 2702
f 3102 3006 3404
f 361 360 3600
f 914 1907 1905
f 2242 2241 1908
f 2664 3896 3897
f 3898 3874 3899
f 3487 3766 3873
f 3873 3769 3899
f 715 714 2366
f 3799 3900 2217
f 2217 2216 3799
f 3797 3796 3175
f 1642 1976 1420
f 2081 3829 3901
f 102 3901 100
f 2385 1515 3902
f 1516 2569 3902
f 3902 2572 2385
f 2447 2446 2883
f 2421 1656 3250
f 1258 1257 53
f 2920 3442 1741
f 2678 2120 3602
f 3782 3781 3903
f 3288 3287 3781
f 3904 3782 3905
f 3905 3903 2901
f 3081 3386 3080
f 3080 3906 3084
f 3194 3343 3907
f 3343 3342 3908
f 864 858 3909
f 2263 3382 3079
f 3910 3911 3875
f 3911 3912 3913
f 3401 3495 3913
f 3910 3875 3898
f 2871 3401 3914
f 3915 2738 3862
f 3505 3504 3916
f 3917 3916 2737
f 2537 3915 3428
f 1372 1371 3815
f 1371 3561 3918
f 1120 3919 3563
f 3815 3918 3814
f 3579 2610 3786
f 3197 3920 737
f 3920 3088 735
f 2690 2762 1507
f 2232 2225 323
f 1340 3863 3587
f 1330 2452 1340
f 3863 1834 3921
f 2846 3586 3921
f 1074 3922 3833
f 1073 1072 1789
f 3427 1072 3425
f 1780 2057 2760
f 2760 3923 1780
f 3123 2057 3924
f 2756 3123 2628
f 3925 2640 3926
f 3899 3925 3898
f 3927 3928 3899
f 3929 3910 3926
f 2079 2078 94
f 1959 1958 1029
f 2593 1271 2592
f 2594 1276 2591
f 2877 3930 2753
f 3930 3931 3593
f 2161 1368 3930
f 3228 3227 3290
f 3229 2125 3515
f 3290 3229 3603
f 3787 1076 799
f 797 1911 799
f 3932 3933 3934
f 3798 3797 3935
f 3933 3936 3935
f 3937 3934 3938
f 3178 3938 3175
f 3886 3694 3939
f 3939 3940 3880
f 3040 3940 3038
f 3294 3356 3941
f 3321 2913 3942
f 3836 1721 1873
f 1426 2496 1389
f 3614 3943 3267
f 2342 464 1347
f 3745 2974 3748
f 3749 3748 3738
f 1615 1614 2976
f 1644 3468 1643
f 2374 745 2373
f 3790 3000 3944
f 3944 3066 3816
f 1921 1920 2651
f 3506 3945 3503
f 3386 3502 3906
f 1978 1977 1736
f 1384 1387 3946
f 1669 3947 1668
f 3948 757 3949
f 752 748 3948
f 3947 3950 3949
f 1535 2812 2517
f 1530 3780 1535
f 3112 2721 3115
f 1961 3146 3951
f 1958 3951 3484
f 2795 2796 3736
f 3851 3850 3779
f 3777 3852 3775
f 3779 3778 3851
f 2082 1603 3952
f 1263 1262 2890
f 1669 1664 2474
f 3947 1669 2473
f 3023 2010 3021
f 1424 3019 1422
f 1932 1931 3719
f 3356 3294 3355
f 2956 2955 2958
f 3157 3953 3160
f 2596 2557 2601
f 2889 3824 1845
f 3821 2805 2422
f 1355 3954 2391
f 3519 895 3955
f 1060 3835 890
f 3835 3956 891
f 3955 1168 3519
f 1168 3955 1167
f 2236 2160 2237
f 3680 3647 3957
f 3647 3680 1227
f 1633 3121 1631
f 3958 3959 3960
f 3734 3297 3958
f 3295 3959 2959
f 3961 3958 3962
f 1789 3963 1785
f 2799 1071 1784
f 2798 2878 3055
f 3964 3879 3965
f 3879 3964 3881
f 3966 3964 3967
f 3967 3965 3040
f 3888 3939 3882
f 2049 2046 1093
f 498 499 3353
f 1406 3923 1404
f 3923 1406 1781
f 2043 2042 3794
f 2209 1711 2044
f 3801 3802 3690
f 2779 3690 2781
f 3202 3004 3920
f 3968 3969 2213
f 2217 3968 2212
f 3970 3341 2183
f 2182 2181 3340
f 3619 2606 3885
f 273 191 3971
f 2051 3107 640
f 2045 640 648
f 3107 2051 3106
f 639 641 3105
f 3892 2646 2268
f 2803 1195 2954
f 341 466 1192
f 465 1695 466
f 1980 3688 3946
f 3946 2356 1384
f 3688 3686 2356
f 1981 3684 1980
f 2245 803 2243
f 3725 3293 2254
f 3646 2501 3643
f 3651 3439 3645
f 325 1528 332
f 3972 971 3637
f 3638 3552 3973
f 3637 3638 3972
f 2538 2742 2537
f 2738 3915 2741
f 3900 809 3968
f 390 2524 395
f 3974 1107 1591
f 2726 2716 3975
f 2068 1003 2073
f 764 767 763
f 785 767 783
f 537 3073 532
f 763 787 2129
f 2922 726 3443
f 2664 2666 3896
f 3341 3970 3345
f 2183 2685 3970
f 2913 2914 3941
f 810 3976 3728
f 3752 3726 3750
f 3724 3723 3752
f 3750 3976 3900
f 1328 1956 2713
f 1732 1731 2270
f 3162 3494 3470
f 3158 3162 3469
f 2507 2194 3214
f 1379 3549 1378
f 2684 381 2681
f 1616 3007 1614
f 3851 3866 2332
f 3778 3977 3866
f 3440 1678 3585
f 850 3327 847
f 3957 3360 3431
f 2292 3907 3048
f 2289 2288 3907
f 3234 3233 3894
f 48 261 1016
f 3978 1058 1016
f 1058 3978 1056
f 3979 3980 3981
f 3982 1576 2645
f 3980 3983 3982
f 1572 1576 1570
f 2480 3983 3984
f 3439 3651 3441
f 3651 3660 3985
f 2501 3646 2497
f 3441 3985 3440
f 3986 2369 3987
f 1606 3987 3952
f 716 717 714
f 3988 3048 3344
f 3735 3734 3961
f 3729 3296 3734
f 3841 3735 3839
f 3962 3989 3961
f 975 3636 974
f 3195 2881 3328
f 3327 850 2153
f 3738 3101 3749
f 2011 2012 3023
f 1553 1552 3881
f 3881 3990 1553
f 3877 3876 3991
f 1117 1120 3562
f 3919 1120 1746
f 2434 3437 2438
f 3586 2846 2438
f 3992 3051 3993
f 3775 3994 1249
f 3994 3677 1250
f 3995 3996 2821
f 886 3843 2607
f 1598 1592 3997
f 3201 1672 3202
f 2595 3975 947
f 947 3998 3999
f 940 3999 948
f 2803 2953 2801
f 3674 3673 4000
f 4000 1043 3674
f 4000 4001 3133
f 3673 3675 4001
f 3042 4002 4003
f 4004 4002 4005
f 2403 3219 2401
f 2386 3219 2384
f 353 3059 348
f 3971 1505 273
f 3254 3844 3971
f 3252 3254 4006
f 2621 3703 3349
f 2620 3349 1476
f 1593 1475 1594
f 4007 4008 4009
f 2464 3716 2463
f 838 3412 3854
f 3462 3461 3413
f 3413 1464 3462
f 4010 3727 1260
f 1270 1277 1271
f 1277 2734 3541
f 2656 3477 3064
f 460 459 4011
f 4011 4012 460
f 4012 4011 3479
f 2018 4013 2015
f 4014 3189 4013
f 3141 4015 1359
f 1359 4016 1358
f 3635 3634 3598
f 1715 3324 2844
f 2844 1712 1715
f 2476 2839 3628
f 1655 1647 4017
f 528 530 4018
f 530 529 4019
f 3912 528 3914
f 3883 4020 4021
f 1076 3787 4021
f 2286 2731 3883
f 2291 2727 2286
f 2731 1680 4020
f 3295 3294 2916
f 2916 2915 3295
f 3472 3471 455
f 3760 4009 3452
f 3452 1525 3451
f 4022 4023 3759
f 4020 4024 4025
f 3255 3845 3254
f 3945 3506 3993
f 3993 3532 3945
f 3993 3917 3992
f 3916 3917 3505
f 883 882 374
f 4026 2013 1914
f 1425 3249 1424
f 2890 3583 1263
f 3727 4010 815
f 2831 2830 3702
f 2587 2586 1708
f 2241 3234 3897
f 3475 3472 4027
f 3803 3474 4028
f 3782 3904 3291
f 3291 3998 2719
f 4029 1764 4030
f 4030 4031 4029
f 4031 4030 1477
f 1608 4032 3937
f 3938 3178 3937
f 3934 4032 3932
f 3186 3695 3825
f 329 3533 328
f 2932 3304 4033
f 2921 2920 2701
f 1013 2921 680
f 3926 3337 3929
f 2640 3925 1825
f 3436 3500 3433
f 3436 3737 3543
f 3720 3457 2516
f 269 3599 268
f 2182 3195 2180
f 1449 3544 3465
f 956 955 1451
f 3774 3770 4034
f 3770 3090 4035
f 4034 4035 1819
f 1034 1036 2028
f 3262 4036 1038
f 2028 4036 975
f 812 3128 806
f 3784 3711 4037
f 2962 3730 997
f 4017 1651 718
f 1721 3836 1719
f 1747 1752 4038
f 4039 3070 4040
f 3303 4041 3301
f 3860 4042 4041
f 484 1617 2978
f 2781 4043 4044
f 4029 4045 3802
f 4044 4045 4046
f 4047 2484 2487
f 2488 4048 2487
f 2487 4049 4047
f 4050 4051 4052
f 2488 2780 4048
f 2018 2013 4053
f 4026 1914 4047
f 4053 4026 4051
f 1593 1597 1475
f 1472 1471 1473
f 2112 3188 4054
f 3997 1596 4054
f 4055 3997 4056
f 4057 4056 3189
f 4056 4057 4055
f 4013 2018 4014
f 2484 1914 551
f 4044 4058 2781
f 4058 4044 4059
f 4014 4053 4050
f 102 2078 3901
f 4050 4057 4014
f 1477 1474 4031
f 4060 1598 4055
f 1598 4060 1597
f 4052 4049 4061
f 4048 4058 4061
f 4062 1473 4063
f 4063 4060 4064
f 4057 4050 4064
f 1474 4062 4046
f 4062 4063 4059
f 4064 4052 4063
f 2426 2425 146
f 2368 4065 3542
f 3618 4065 3986
f 2340 3864 2338
f 2628 3924 1562
f 1160 1563 2059
f 875 587 873
f 3733 2376 3732
f 3741 887 3763
f 3763 883 368
f 3707 3742 3762
f 2306 2308 2766
f 1487 2766 1485
f 635 628 3416
f 869 867 629
f 3416 870 3414
f 518 3675 516
f 3675 518 3392
f 1726 4066 1724
f 4067 1729 4068
f 4003 4069 1726
f 1077 1076 4025
f 2672 2673 2113
f 2353 1298 2351
f 4070 343 3721
f 1012 743 2374
f 2842 2841 1712
f 1802 928 2820
f 2820 2819 1802
f 2194 2188 3596
f 3092 3094 2191
f 3596 2192 3595
f 1144 1857 1142
f 979 1556 4071
f 1442 1437 2148
f 3761 3279 3310
f 331 330 3535
f 3535 2886 2261
f 960 962 958
f 382 381 3564
f 3567 3887 3565
f 2336 2341 382
f 1947 1948 1602
f 1176 1932 3718
f 2064 2066 3087
f 1557 1051 1554
f 1171 1557 1170
f 3991 1552 1052
f 2174 1042 4072
f 4007 4023 2173
f 4008 4007 2172
f 2771 3649 517
f 2610 3579 2613
f 3246 2358 3244
f 1991 1982 1641
f 2325 1055 2327
f 3249 1425 3246
f 4040 1795 4039
f 1799 1793 4040
f 2594 824 4073
f 3652 3385 4074
f 2315 3848 4074
f 3848 3847 3434
f 736 1231 3198
f 4071 4075 979
f 984 980 3661
f 3663 3662 4076
f 750 749 2142
f 1748 1747 3740
f 1751 487 1750
f 1751 4038 3047
f 2277 1226 2205
f 1730 4077 1725
f 2267 1731 3891
f 4077 3813 1733
f 3813 3812 3891
f 3247 3243 1730
f 2307 2472 4078
f 3069 4079 1801
f 2301 2471 2307
f 4078 1805 2768
f 2240 2235 3169
f 1853 1852 2669
f 1852 1855 3108
f 1271 2593 1275
f 1854 4080 1851
f 759 4081 3391
f 1263 4010 1259
f 971 3972 1348
f 3510 3612 3610
f 1765 3610 3842
f 3339 4082 3338
f 3911 3910 4082
f 1221 4083 1579
f 2422 1445 3821
f 984 3655 983
f 4084 4085 3791
f 3944 4084 3790
f 3681 3680 3849
f 3849 3957 3847
f 3771 3574 3090
f 916 3216 915
f 915 4086 2199
f 4087 4086 2934
f 3571 4012 1811
f 1809 1808 4088
f 639 1398 637
f 4069 4042 4066
f 4089 4067 4090
f 4042 3860 4068
f 3240 3241 3238
f 4027 455 1344
f 4091 4092 3979
f 2405 4083 2400
f 1636 4093 1635
f 4093 1636 4075
f 3118 3661 1634
f 1043 4000 1403
f 3985 4094 1678
f 4095 4096 4097
f 2798 3761 2131
f 3966 4093 4071
f 3834 3263 3835
f 1167 3956 1166
f 3598 2660 3635
f 1746 1742 3919
f 2872 2869 3399
f 4083 2405 2571
f 1345 1815 1344
f 1486 3529 1480
f 1481 4098 1484
f 3643 2502 2246
f 2644 2251 4099
f 3914 4018 2871
f 3446 3814 3447
f 3905 4100 3904
f 2903 1070 4100
f 2901 2903 3905
f 2469 2303 4087
f 2303 2469 2301
f 3979 3950 3980
f 1797 2551 792
f 2480 2475 4101
f 3950 3947 3984
f 396 395 4102
f 4102 4103 396
f 4102 3869 4104
f 1990 2208 1989
f 3963 1789 3426
f 3890 3889 4105
f 4073 3890 4106
f 4106 4105 4107
f 872 871 3417
f 3407 3417 3406
f 2083 3618 1607
f 3987 1606 3986
f 169 168 3467
f 3829 2081 1888
f 1927 1993 1923
f 3143 2654 4108
f 4109 4107 4108
f 4107 871 3143
f 4108 4110 4109
f 3848 2315 3846
f 2654 2653 4110
f 4110 2655 4111
f 1285 1284 2463
f 3981 1083 1432
f 4091 1432 2758
f 4082 4112 3911
f 3895 1489 4112
f 528 3912 527
f 1489 3895 2776
f 3339 3895 4082
f 2944 2943 3172
f 671 2973 670
f 710 4017 708
f 4076 1199 3663
f 2948 2949 2352
f 2074 4113 1807
f 1070 2903 1068
f 949 948 3601
f 1588 1586 3358
f 3358 1702 3352
f 1432 4091 3981
f 2645 1083 3982
f 1049 1051 1020
f 1051 1557 1019
f 2761 3657 2564
f 1570 4101 1571
f 4114 4115 4116
f 4117 3943 4114
f 4118 4114 3773
f 3773 4116 3771
f 2868 2867 4019
f 4119 3872 3493
f 3872 4119 3871
f 3753 3755 3292
f 3756 3936 3755
f 3321 3942 3317
f 2913 3321 2454
f 4005 4033 4004
f 4002 4004 4069
f 2933 2932 4005
f 3172 2942 1704
f 3962 3960 1881
f 1881 1878 3962
f 4101 1570 2480
f 4107 4109 4106
f 394 4120 391
f 3483 2967 3482
f 1727 4121 1734
f 3805 3810 4122
f 3808 4122 4123
f 2768 4079 2777
f 2308 4078 2767
f 1462 1467 3462
f 3705 3707 3713
f 2708 1105 3974
f 1591 1595 3974
f 3974 3870 2708
f 2618 888 3706
f 14 18 16
f 3810 3241 1734
f 1735 3247 1728
f 2863 1109 1872
f 3479 3478 4088
f 2689 1159 2688
f 1834 1829 2847
f 2849 2848 2749
f 4103 3832 394
f 2172 4120 4008
f 3660 3659 4094
f 1680 1679 4024
f 4124 3528 2600
f 2600 2597 4124
f 2600 3530 3280
f 559 3281 556
f 3070 4039 3069
f 2647 2646 3682
f 493 2161 2877
f 768 762 3526
f 3478 4096 4125
f 3840 3839 3525
f 3525 3989 1877
f 3555 3857 3554
f 4126 4127 3859
f 3954 4126 3858
f 3464 3463 3185
f 4080 1201 4076
f 4128 1319 3755
f 3103 3292 3568
f 3292 3293 3753
f 3568 4129 1320
f 1320 10 3568
f 4085 4099 2500
f 3034 1155 3778
f 3286 3512 1644
f 3812 3683 3892
f 4027 4130 3475
f 4130 4027 4113
f 1822 3092 1817
f 3677 3994 694
f 1033 1247 1031
f 3744 2521 3867
f 3151 931 938
f 4081 759 3309
f 4130 578 4028
f 4113 2074 4130
f 4028 577 3803
f 3788 3787 1912
f 3565 3888 3698
f 4103 4102 3831
f 2841 3794 1713
f 3335 2643 3819
f 4084 3944 3819
f 3819 4131 4084
f 3692 3691 843
f 1944 3122 1942
f 2108 2107 3398
f 3493 3395 4119
f 2122 3922 2902
f 4072 4132 2174
f 1318 3012 1317
f 3708 938 2941
f 2347 2036 3482
f 2036 2347 3669
f 3046 999 2895
f 2895 1585 3046
f 3357 2955 3045
f 3046 1587 3045
f 3009 3449 3015
f 2655 1809 4125
f 2682 386 3524
f 9 10 1316
f 1314 1319 3448
f 3973 3996 4133
f 2821 2829 3995
f 2758 3550 4091
f 3163 3491 3162
f 2328 2327 3522
f 3519 689 3518
f 3793 4134 3367
f 3373 4016 3372
f 3448 4128 3933
f 4088 1814 3479
f 4133 4135 3973
f 3964 3966 3990
f 3967 3712 3966
f 3744 3869 2519
f 663 3549 655
f 1402 2311 1396
f 1792 1798 1796
f 4134 3793 4127
f 4136 4134 4126
f 4134 4136 3373
f 3927 4034 3928
f 3769 3774 3927
f 3697 3626 465
f 1783 1778 3538
f 2909 3539 2908
f 3963 3893 2060
f 4137 4123 4138
f 3556 3558 4137
f 3557 3556 4138
f 3855 4138 4090
f 4121 1727 4067
f 4123 4121 4089
f 4040 3553 1799
f 2707 3765 3044
f 3252 4006 1559
f 1559 1311 1558
f 3735 3841 3733
f 3185 3186 3464
f 1853 3909 4080
f 3712 3967 3039
f 4009 3760 4007
f 4109 4111 4095
f 4106 4095 4073
f 3626 3625 1695
f 2924 2970 725
f 3159 4139 3157
f 2971 777 3159
f 4139 3792 3953
f 3649 2136 513
f 3668 3977 1153
f 2739 2735 2737
f 3426 3861 3963
f 3160 4118 3767
f 3953 4117 4118
f 2744 2049 1095
f 2643 2639 4131
f 4131 2644 4085
f 2708 3764 2707
f 3320 3316 2875
f 777 776 4139
f 3943 4117 3268
f 629 582 869
f 3314 4098 4124
f 3813 4077 3242
f 2669 864 1853
f 3067 3069 1800
f 2931 2108 3397
f 426 3551 3256
f 3209 3211 3207
f 3129 2745 3371
f 3513 536 3995
f 536 3073 4133
f 3548 2627 659
f 3096 3784 3095
f 10 8 135
f 1726 1732 4003
f 2271 3042 2270
f 3831 4104 1518
f 2773 4140 1491
f 3307 3855 3860
f 2338 3865 2919
f 2339 2338 2341
f 539 1798 538
f 3595 3094 4037
f 2575 1870 2906
f 3344 3211 3988
f 3618 2083 3177
f 3073 3068 4135
f 4101 2479 4141
f 1571 4141 1578
f 1206 2815 3582
f 1276 2594 4097
f 333 1534 2884
f 2109 3030 2107
f 4132 4072 4022
f 3672 4132 3670
f 3759 4140 4022
f 3830 3570 1868
f 4140 2773 3670
f 2907 1871 2706
f 3371 4142 3129
f 3370 3372 4142
f 1578 3697 467
f 3576 4115 3614
f 4098 3314 1937
f 3809 3808 4137
f 3558 2388 3809
f 1366 3931 1367
f 2955 3357 3355
f 3045 1588 3357
f 4126 3954 4136
f 2454 3322 2453
f 1550 1558 1551
f 3831 1521 4103
f 3988 3212 3047
f 3952 717 2082
f 2222 4143 4015
f 3616 3576 3613
f 2906 1865 1871
f 3128 3969 807
f 727 2849 2748
f 3309 3308 4081
f 1703 2942 498
f 3449 3448 3932
f 3392 3527 761
f 2219 3126 4143
f 2773 2770 3671
f 1575 4070 1573
f 1578 467 4070
f 2326 3991 1053
f 3625 3325 1696
f 3550 3948 4092
f 648 642 646
f 2 6 3
f 2 8 5
f 4 137 6
f 8 2 1
f 5 8 10
f 7 1 12
f 14 21 15
f 17 21 14
f 14 13 19
f 20 61 13
f 21 92 22
f 15 22 23
f 25 28 26
f 28 25 29
f 31 29 25
f 33 42 34
f 36 33 32
f 33 36 38
f 32 34 40
f 34 43 41
f 42 45 43
f 37 46 42
f 45 42 46
f 40 41 48
f 39 40 47
f 49 262 50
f 52 147 53
f 55 52 51
f 57 59 55
f 52 55 59
f 54 77 56
f 61 20 62
f 19 13 61
f 65 68 66
f 67 264 68
f 68 277 69
f 65 64 71
f 64 66 73
f 64 72 74
f 75 73 66
f 76 133 77
f 79 133 76
f 80 76 54
f 80 81 78
f 80 51 53
f 83 88 84
f 85 17 82
f 87 84 88
f 89 85 84
f 83 954 90
f 91 954 83
f 17 85 92
f 16 91 82
f 94 99 95
f 97 98 95
f 98 152 93
f 100 111 101
f 99 101 96
f 102 100 99
f 104 106 57
f 59 57 106
f 108 106 104
f 110 114 111
f 113 96 101
f 112 101 111
f 115 97 96
f 117 115 113
f 1 3 118
f 12 118 120
f 122 120 118
f 121 118 3
f 119 131 125
f 11 124 127
f 124 125 128
f 130 125 131
f 130 322 128
f 132 150 129
f 129 77 133
f 123 3 6
f 119 124 11
f 131 119 120
f 7 11 126
f 98 97 134
f 134 97 115
f 134 6 137
f 86 149 138
f 88 90 139
f 89 108 107
f 106 108 138
f 141 151 140
f 62 142 114
f 23 156 143
f 112 114 142
f 20 23 142
f 138 149 144
f 146 58 144
f 105 144 58
f 147 52 58
f 145 144 149
f 148 149 86
f 108 89 87
f 103 57 56
f 123 115 117
f 150 56 77
f 122 160 132
f 140 92 85
f 151 22 92
f 136 154 152
f 152 155 153
f 154 321 155
f 151 141 157
f 22 151 156
f 156 157 116
f 117 116 157
f 158 122 121
f 158 157 141
f 116 113 112
f 159 104 103
f 159 141 107
f 150 132 160
f 158 159 160
f 162 28 27
f 28 162 163
f 164 182 27
f 166 172 167
f 169 166 165
f 170 224 165
f 172 166 173
f 175 167 172
f 171 173 177
f 166 169 178
f 179 177 173
f 72 26 163
f 72 73 24
f 162 301 180
f 161 27 182
f 181 182 184
f 185 184 182
f 186 240 183
f 187 164 29
f 189 193 190
f 191 273 192
f 193 236 194
f 188 190 195
f 197 193 189
f 198 236 193
f 199 189 188
f 199 192 201
f 201 205 202
f 204 202 205
f 206 207 202
f 207 196 200
f 207 206 209
f 210 267 204
f 204 267 211
f 213 223 214
f 214 170 216
f 212 214 215
f 219 212 217
f 212 219 220
f 215 216 222
f 224 170 214
f 213 228 225
f 223 225 226
f 228 213 220
f 196 189 199
f 196 207 208
f 71 74 230
f 232 70 233
f 70 71 229
f 67 65 70
f 176 232 231
f 234 174 231
f 235 234 233
f 167 175 216
f 236 35 50
f 190 194 237
f 239 41 43
f 238 43 45
f 232 176 241
f 242 241 176
f 244 247 245
f 246 245 247
f 248 249 247
f 249 219 218
f 250 3420 248
f 243 245 252
f 243 251 254
f 253 250 244
f 245 246 255
f 256 295 252
f 258 239 238
f 240 186 257
f 258 257 260
f 258 259 261
f 35 32 39
f 194 50 262
f 73 75 263
f 30 25 24
f 241 242 264
f 177 179 265
f 171 231 174
f 35 236 198
f 267 210 268
f 210 323 269
f 211 267 266
f 203 205 272
f 201 274 272
f 274 201 192
f 275 235 229
f 242 265 276
f 264 276 277
f 44 46 279
f 280 279 46
f 279 280 282
f 283 280 37
f 284 186 184
f 260 257 186
f 44 183 240
f 217 215 221
f 218 217 285
f 286 309 285
f 288 290 209
f 206 211 287
f 208 209 290
f 283 38 289
f 283 290 288
f 288 287 293
f 291 288 292
f 295 296 251
f 297 254 251
f 296 295 299
f 300 161 181
f 161 300 301
f 281 300 278
f 183 44 278
f 222 216 175
f 303 286 221
f 305 307 303
f 305 304 235
f 304 302 234
f 222 302 304
f 307 305 308
f 307 311 286
f 302 175 174
f 74 163 180
f 168 165 224
f 246 285 309
f 255 309 310
f 311 310 309
f 270 293 287
f 295 256 312
f 198 289 38
f 197 208 289
f 268 298 299
f 48 41 239
f 313 275 230
f 313 308 305
f 312 315 293
f 292 293 315
f 220 219 249
f 282 291 294
f 291 282 280
f 313 180 301
f 317 316 308
f 300 281 317
f 270 266 299
f 256 310 315
f 314 315 310
f 314 306 294
f 316 294 306
f 306 314 311
f 281 282 316
f 5 9 318
f 185 164 187
f 319 2412 284
f 320 137 4
f 154 136 137
f 320 1317 321
f 322 130 133
f 203 271 323
f 325 332 326
f 324 3786 327
f 328 3027 324
f 326 331 329
f 331 326 332
f 330 332 334
f 336 339 337
f 339 336 340
f 342 340 336
f 343 467 335
f 345 337 339
f 347 352 348
f 349 3376 350
f 346 348 351
f 352 2169 353
f 354 1790 352
f 356 358 357
f 358 361 359
f 361 358 362
f 361 3600 363
f 364 362 358
f 366 377 367
f 368 369 365
f 369 372 370
f 372 369 373
f 374 373 369
f 376 367 377
f 379 383 380
f 382 380 383
f 384 1547 385
f 378 1962 384
f 386 2681 383
f 379 385 387
f 389 2396 390
f 391 392 389
f 393 2395 389
f 388 396 394
f 396 388 390
f 398 403 399
f 400 1014 397
f 399 405 401
f 403 398 404
f 403 2132 405
f 407 413 408
f 406 408 410
f 412 408 413
f 415 412 411
f 416 417 412
f 417 410 408
f 413 407 419
f 421 2824 422
f 423 424 420
f 424 602 425
f 422 3551 426
f 428 431 429
f 431 428 432
f 434 429 431
f 435 2202 427
f 430 3053 433
f 433 3634 436
f 438 1565 439
f 440 444 437
f 442 438 437
f 441 437 444
f 446 442 441
f 447 772 443
f 449 454 450
f 448 3471 451
f 453 450 454
f 448 450 456
f 452 454 458
f 460 462 461
f 462 2344 463
f 460 3571 464
f 335 466 341
f 466 335 467
f 469 473 470
f 471 2448 472
f 473 478 474
f 475 476 470
f 476 471 468
f 478 473 479
f 481 3739 482
f 484 2978 481
f 483 481 480
f 485 3206 486
f 487 3210 485
f 489 492 490
f 491 499 492
f 489 2161 493
f 495 490 492
f 488 490 497
f 494 492 499
f 501 510 502
f 503 1322 500
f 505 503 502
f 503 505 507
f 504 1363 508
f 504 502 510
f 511 515 512
f 514 2132 512
f 515 517 513
f 516 2772 517
f 515 511 518
f 520 523 521
f 523 520 524
f 526 524 520
f 521 530 528
f 522 841 529
f 523 529 530
f 532 534 533
f 534 3225 535
f 536 3513 534
f 531 3072 537
f 538 3553 531
f 539 538 533
f 541 544 542
f 544 541 545
f 547 542 544
f 549 550 545
f 550 1862 543
f 548 545 541
f 553 555 554
f 556 3530 557
f 555 557 558
f 555 553 559
f 552 554 561
f 563 552 560
f 565 2146 566
f 568 565 564
f 567 564 570
f 567 3031 571
f 572 570 564
f 574 579 575
f 573 582 576
f 577 578 574
f 578 2074 579
f 581 576 582
f 583 577 576
f 585 590 586
f 584 586 588
f 586 594 589
f 591 2088 592
f 593 591 590
f 590 592 594
f 392 598 595
f 597 595 598
f 599 598 392
f 393 595 601
f 277 425 602
f 425 277 276
f 603 421 420
f 69 602 604
f 602 424 605
f 606 435 429
f 608 612 609
f 611 609 612
f 613 1683 610
f 607 3031 614
f 612 608 615
f 617 622 618
f 616 1610 619
f 338 340 616
f 621 618 622
f 620 622 624
f 625 624 622
f 627 630 628
f 629 630 580
f 630 629 631
f 632 3222 633
f 634 627 626
f 635 632 626
f 637 2310 638
f 636 641 639
f 641 636 642
f 636 638 643
f 645 647 646
f 643 1230 644
f 647 1094 648
f 355 357 650
f 649 650 652
f 357 359 653
f 655 657 656
f 658 664 656
f 660 658 657
f 659 657 655
f 662 1007 654
f 654 1009 663
f 664 744 662
f 666 668 667
f 668 957 669
f 667 669 671
f 370 372 668
f 666 1161 672
f 674 677 675
f 677 674 678
f 680 677 676
f 682 678 674
f 683 781 678
f 685 687 686
f 687 690 688
f 689 1168 690
f 692 684 693
f 684 686 694
f 696 699 697
f 699 696 700
f 700 696 702
f 702 696 695
f 699 706 704
f 706 699 698
f 708 716 709
f 707 2547 710
f 707 709 712
f 709 715 713
f 715 709 716
f 716 708 718
f 720 726 721
f 723 720 719
f 725 721 726
f 719 721 728
f 721 725 729
f 731 187 31
f 572 734 733
f 734 737 735
f 737 734 738
f 739 2164 740
f 732 733 741
f 662 744 743
f 744 2973 745
f 747 753 748
f 750 746 751
f 752 751 746
f 754 1667 755
f 753 747 756
f 753 755 757
f 759 3391 760
f 762 764 760
f 758 760 764
f 763 2129 765
f 758 765 766
f 764 762 768
f 447 773 770
f 772 447 769
f 773 447 444
f 771 769 775
f 774 3266 776
f 777 772 771
f 779 784 780
f 782 779 778
f 784 779 785
f 784 398 397
f 783 404 398
f 786 785 779
f 785 786 787
f 554 558 788
f 560 561 790
f 791 790 561
f 789 790 793
f 795 801 796
f 796 805 798
f 794 796 797
f 801 795 802
f 804 801 800
f 801 804 805
f 807 810 808
f 809 3976 810
f 812 806 813
f 806 808 814
f 810 3728 815
f 817 2417 818
f 820 817 816
f 817 820 822
f 824 822 820
f 819 816 826
f 816 818 827
f 829 840 830
f 832 840 833
f 835 828 830
f 828 835 837
f 838 829 828
f 839 830 840
f 839 2792 834
f 842 418 843
f 841 522 844
f 845 529 841
f 847 855 848
f 850 847 846
f 851 3233 849
f 852 2293 853
f 852 848 855
f 853 851 846
f 857 860 858
f 859 990 860
f 857 2035 861
f 863 858 860
f 864 2033 856
f 866 870 867
f 865 867 869
f 870 3416 631
f 872 870 866
f 874 877 875
f 876 2056 877
f 497 876 874
f 880 878 881
f 873 881 878
f 883 887 884
f 885 3843 886
f 888 1766 884
f 882 884 889
f 891 895 892
f 894 892 895
f 896 731 890
f 898 901 899
f 900 2409 901
f 902 3331 903
f 905 899 901
f 897 899 906
f 908 911 909
f 911 1905 912
f 913 909 911
f 914 1905 911
f 907 909 916
f 918 921 919
f 920 921 609
f 921 918 607
f 917 923 571
f 923 917 924
f 921 920 925
f 926 924 917
f 919 925 927
f 929 933 930
f 932 930 933
f 932 937 935
f 934 2820 930
f 937 932 931
f 933 929 939
f 941 944 942
f 943 1237 944
f 946 942 944
f 947 3999 940
f 949 941 940
f 254 297 951
f 253 254 950
f 30 1061 730
f 90 956 953
f 91 2523 955
f 956 90 954
f 372 371 957
f 370 672 366
f 959 964 960
f 962 960 963
f 965 963 960
f 966 3877 961
f 968 970 969
f 937 3589 969
f 971 1348 972
f 970 972 935
f 967 2026 973
f 970 968 974
f 975 974 968
f 976 458 454
f 978 1556 979
f 980 981 977
f 981 3253 982
f 981 980 984
f 986 993 987
f 989 986 985
f 990 859 985
f 859 861 988
f 992 990 987
f 993 995 991
f 994 2408 995
f 997 1001 998
f 996 998 1000
f 1001 1006 1002
f 1001 997 1004
f 1006 1001 1003
f 742 1010 1007
f 1009 654 1007
f 1010 1756 1008
f 1011 2007 1010
f 1012 1011 742
f 1014 400 1015
f 780 397 1014
f 1016 1018 47
f 49 47 1018
f 1019 1171 1017
f 1018 1016 1020
f 1022 1028 1023
f 1024 1025 1021
f 1025 1431 1026
f 1027 1022 1021
f 1028 1030 1029
f 697 704 1030
f 1028 1022 695
f 1032 1037 1033
f 1035 1247 1033
f 1034 1033 1037
f 1036 1037 1039
f 1040 1039 1037
f 596 1045 1042
f 1043 1403 1044
f 597 596 1041
f 1045 596 598
f 597 1044 1047
f 1044 1403 1048
f 1020 1058 1050
f 1049 1053 1052
f 1049 1050 1054
f 1050 1057 1055
f 1057 1050 1058
f 1060 730 1061
f 1063 1065 989
f 1062 989 988
f 1065 1066 986
f 1066 994 993
f 1068 1074 1069
f 1067 3601 1070
f 1071 3379 1067
f 1073 1071 1069
f 1074 3833 1072
f 1075 3922 1074
f 1077 795 794
f 1078 802 795
f 1080 1084 1081
f 1083 1081 1084
f 1085 1086 1084
f 1087 1435 1088
f 1082 1084 1086
f 1089 1087 1086
f 1091 1096 1092
f 1094 647 1092
f 1093 1092 1096
f 1090 1092 647
f 1098 1091 1090
f 1090 645 1099
f 1101 1106 1102
f 1104 1107 1101
f 1106 1101 1107
f 1105 2704 1108
f 1106 1108 1109
f 1111 1119 1112
f 1114 1115 1112
f 1115 1954 1110
f 1115 1114 905
f 906 1114 1113
f 1113 1112 1119
f 1117 1113 1118
f 1122 1129 1123
f 1125 1129 1122
f 1126 1477 1121
f 1128 1126 1123
f 1129 2617 1127
f 1131 1139 1132
f 1134 1130 1135
f 1130 1132 1136
f 1138 1132 1139
f 1137 1139 1141
f 782 1145 1142
f 1144 1142 1145
f 1146 787 786
f 1143 1859 1147
f 1143 1145 683
f 1150 1154 1151
f 1153 1151 1154
f 1155 3032 1151
f 1156 2166 1152
f 1157 1156 1154
f 1149 2462 1158
f 1159 1157 1150
f 1161 666 665
f 1161 1163 1162
f 1160 2059 1163
f 1164 1563 1160
f 665 667 670
f 1038 1039 1166
f 1039 1040 1167
f 690 1040 1032
f 1168 1167 1040
f 1017 1169 262
f 1169 1312 237
f 1169 1017 1171
f 1173 2865 1174
f 1172 1177 1175
f 1177 1172 1178
f 1177 1180 1179
f 1176 3718 1180
f 1172 1174 1181
f 407 1183 1181
f 1183 407 406
f 1185 355 649
f 703 695 1022
f 1187 1193 1188
f 1186 1188 1190
f 1189 2588 1191
f 1188 1194 1192
f 1193 1196 1194
f 1195 2491 1196
f 1197 1195 1193
f 1199 1201 1200
f 1201 3909 863
f 1203 1198 1204
f 1205 1204 1198
f 1207 1212 1208
f 1209 2815 1206
f 1211 1208 1212
f 1214 1207 1215
f 1134 1212 1207
f 1206 3582 1215
f 1131 1214 1213
f 1139 1131 1216
f 1130 1134 1214
f 1218 1222 1219
f 1220 4083 1221
f 1222 3699 1223
f 1219 1223 1225
f 1224 1220 1217
f 1226 3701 1222
f 1228 643 638
f 1230 643 1228
f 566 738 734
f 736 738 1232
f 570 572 732
f 1234 1239 1235
f 1236 1971 1233
f 1238 1235 1239
f 1239 1234 1240
f 1242 1246 1243
f 1245 1243 1246
f 1247 1035 1246
f 1249 1242 1241
f 1242 1249 1250
f 1251 1255 1252
f 825 826 1253
f 825 1252 1254
f 1255 2833 1256
f 1258 1264 1259
f 1260 1261 1257
f 1261 78 81
f 1263 1259 1264
f 1266 228 227
f 228 1266 1267
f 1266 1269 1268
f 1265 3285 1269
f 1271 1275 1272
f 1274 1272 1275
f 1276 4097 1273
f 1270 1280 1278
f 1280 1270 1272
f 1282 1287 1283
f 1285 1288 1282
f 1287 1282 1288
f 1290 1287 1286
f 1291 1283 1287
f 1293 1300 1294
f 1295 2407 1292
f 1297 1293 1292
f 1299 1294 1300
f 1302 1308 1303
f 1305 1306 1303
f 1306 3865 1301
f 1307 1419 1308
f 1304 1303 1308
f 1301 1995 1310
f 195 237 1312
f 1311 4006 191
f 9 1316 1313
f 1315 1313 1316
f 1317 320 318
f 1313 1315 1318
f 1314 1316 1320
f 500 1323 1321
f 1322 1326 1323
f 1325 1323 1326
f 1327 1321 1323
f 1328 2713 1321
f 1330 1340 1331
f 1333 1335 1331
f 1335 1333 1336
f 1329 1331 1335
f 1339 1333 1332
f 1340 3587 1332
f 1342 1345 1343
f 456 1343 1345
f 1341 1343 453
f 1341 3508 1347
f 450 453 1343
f 972 1349 934
f 1348 3068 1349
f 1351 1356 1352
f 1352 1357 1354
f 1355 2063 1356
f 1356 2062 1357
f 1351 1350 1359
f 1358 3954 1355
f 1360 507 505
f 1362 508 1363
f 879 1370 1364
f 1366 1367 1364
f 1368 488 496
f 880 1364 1367
f 1365 1372 1369
f 1370 1373 1365
f 1372 1365 1373
f 749 751 1375
f 1377 749 1374
f 1374 1375 1379
f 1375 1381 1380
f 1381 1375 751
f 1382 1218 1217
f 1383 1226 1218
f 1385 1391 1386
f 1384 1386 1388
f 1390 1386 1391
f 1386 1390 1392
f 1391 1385 1394
f 1395 1400 1396
f 1048 1396 1398
f 1399 3131 1400
f 1402 1396 1400
f 1403 1399 1395
f 1405 1407 1406
f 1407 1410 1408
f 1410 1407 1411
f 1404 1089 1412
f 1413 1411 1407
f 1415 1309 1416
f 1416 1419 1418
f 1419 1416 1309
f 1419 1307 1420
f 1421 1304 1309
f 1423 1393 1424
f 1393 1394 1425
f 1393 1423 1389
f 1423 1686 1426
f 1026 1429 1427
f 904 3173 1427
f 1429 2410 1428
f 1429 1026 1431
f 1082 1088 1433
f 1433 1088 1435
f 1437 1439 1438
f 1439 922 1440
f 1439 1437 1442
f 1444 1437 1436
f 1446 1448 1447
f 1449 3465 1450
f 1451 1449 1448
f 1445 2428 953
f 1446 953 956
f 1237 943 1452
f 1237 1239 945
f 1453 1970 1238
f 943 3378 1454
f 1456 1459 1457
f 601 1046 1456
f 1459 1456 1046
f 1458 1456 1455
f 1462 1464 1463
f 1464 2589 653
f 1465 2444 1466
f 1461 1463 363
f 1461 1466 1467
f 1436 1438 1469
f 1443 1436 1468
f 1472 1126 1128
f 1473 4062 1474
f 1471 1128 1476
f 1472 1474 1477
f 1479 1487 1480
f 1481 1484 1478
f 1483 1478 1484
f 1486 1480 1487
f 525 520 519
f 527 1489 519
f 1489 2776 1488
f 1488 2769 1490
f 525 1490 1491
f 1493 1495 1494
f 1495 1771 1496
f 1495 1493 1498
f 1500 1492 1501
f 1502 1493 1492
f 1492 1494 1503
f 1494 1496 1504
f 1506 272 274
f 272 1506 1507
f 1509 1514 1510
f 1511 2125 1508
f 1513 1511 1510
f 1515 1512 1510
f 1516 3902 1514
f 1518 2160 1519
f 1521 1517 1522
f 1523 1522 1517
f 1524 1525 1522
f 1525 4009 1520
f 1527 1529 1528
f 1529 1532 334
f 1530 1533 1529
f 1532 1529 1533
f 333 334 1532
f 1535 1537 1533
f 1531 1533 1537
f 1539 1541 486
f 1541 1539 1542
f 1544 1539 1538
f 483 486 1541
f 1544 387 385
f 1545 385 1547
f 1547 384 1549
f 1548 2861 1546
f 1550 978 977
f 1551 1555 978
f 1553 1555 1554
f 1555 1553 1556
f 1555 1551 1557
f 1550 982 1559
f 664 658 1561
f 1560 2973 744
f 1562 1561 658
f 1563 1164 1561
f 1164 670 1560
f 1564 1569 1565
f 1567 439 1565
f 1566 1565 1569
f 1571 1575 1572
f 1574 1572 1575
f 1572 1574 1577
f 1578 4070 1575
f 1580 1382 1221
f 1411 1413 1582
f 1583 1413 1405
f 1409 1411 1581
f 1585 3569 1584
f 1413 1583 1586
f 1587 1585 1581
f 1582 1586 1588
f 1590 1595 1591
f 1593 1594 1590
f 1594 3703 1595
f 1590 1589 1596
f 1593 1592 1598
f 1600 1605 1601
f 1602 3014 1599
f 1604 1601 1605
f 1600 1608 1607
f 1599 4032 1608
f 1606 3952 1605
f 338 1609 344
f 1609 338 618
f 1610 616 340
f 1611 1613 1540
f 1612 1616 1613
f 1615 1613 1616
f 1617 1540 1613
f 1546 1611 1542
f 1545 1542 1539
f 1540 1617 484
f 1187 1619 1618
f 1186 1191 1619
f 1621 1618 1619
f 1622 2954 1197
f 1624 1628 1625
f 1504 344 1609
f 1623 1625 1503
f 1623 1609 621
f 1501 1503 1625
f 1626 1625 1628
f 1627 1628 1630
f 1632 1637 1633
f 1631 3117 1634
f 1632 1634 1636
f 1638 2149 1639
f 1637 1639 1640
f 1637 1632 1635
f 1641 1307 1302
f 1307 1641 1642
f 1643 226 225
f 1644 1643 1267
f 226 1643 1645
f 1647 1652 1648
f 1649 1891 1646
f 1651 1647 1646
f 1652 1657 1653
f 1652 1647 1655
f 1657 1652 1654
f 1659 1185 1184
f 1184 649 651
f 1658 1184 1660
f 1662 2709 1660
f 1664 1666 1665
f 1666 755 1667
f 755 1666 1668
f 1669 1668 1666
f 1671 1664 1663
f 1672 2840 1663
f 1674 2728 1675
f 1673 1675 1677
f 1679 1673 1676
f 1680 1674 1673
f 1339 3585 1676
f 1682 610 1683
f 1682 2496 1426
f 610 1682 1684
f 611 1684 1685
f 1686 1685 1684
f 1687 1689 1324
f 1689 1687 1690
f 1688 1858 1147
f 1688 1690 1692
f 1687 1973 1693
f 1694 1697 1190
f 1696 1697 1694
f 341 1192 1194
f 1698 1189 1190
f 1700 1583 1412
f 1701 1704 1700
f 1583 1700 1702
f 1702 1700 1704
f 1706 1714 1707
f 1709 1716 1706
f 1707 1713 1711
f 1713 1707 1714
f 1714 1706 1716
f 1334 1336 1718
f 1337 1335 1334
f 1719 1334 1717
f 1720 1752 1721
f 1717 1718 1723
f 1722 4038 1720
f 1725 1732 1726
f 1728 1724 1729
f 1730 1725 1724
f 1732 1725 1733
f 1735 1728 1727
f 1387 1388 1737
f 1736 1737 1417
f 1738 1737 1388
f 1740 1744 1741
f 1739 3447 1742
f 1744 1740 1745
f 1743 1745 1119
f 1118 1119 1745
f 1746 1745 1740
f 1748 1757 1749
f 1747 4038 1751
f 1747 1749 1753
f 1755 1753 1749
f 1754 1749 1757
f 1757 1748 1759
f 1758 1008 1756
f 1761 1124 1762
f 1763 1762 1124
f 1764 3511 1762
f 889 1761 1760
f 1124 1761 1766
f 1767 1774 1497
f 1767 1770 1769
f 1498 2053 1770
f 1497 1773 1771
f 1773 1497 1774
f 1768 2579 1774
f 1776 1779 1777
f 1778 1782 1779
f 1779 1781 1408
f 1781 1779 1782
f 1783 2058 1782
f 1785 1791 354
f 1787 1791 1788
f 347 2799 1784
f 1784 1073 1789
f 1790 354 1791
f 792 793 1793
f 790 791 1794
f 1795 1793 793
f 1797 792 1792
f 1792 1793 1799
f 1801 1804 1802
f 928 1802 1804
f 1805 2472 1804
f 1807 1813 1808
f 1809 2075 1806
f 1811 1813 1812
f 1813 1811 1814
f 1815 1812 1813
f 1817 2190 1818
f 1820 1816 1821
f 1820 4035 1823
f 1816 1820 1822
f 1816 1818 1824
f 1825 3928 1819
f 1046 601 595
f 600 601 1458
f 1828 1831 1829
f 1831 1828 1832
f 1827 3640 1833
f 1834 3639 1827
f 1831 2749 1835
f 1837 1847 1838
f 1836 1841 1839
f 1841 1836 1842
f 1843 1842 1836
f 1845 1843 1838
f 1844 1838 1847
f 1848 811 1847
f 1850 1854 1851
f 1853 4080 1854
f 1852 1854 1850
f 1850 1849 1856
f 1144 1147 1858
f 1859 1324 1689
f 1859 1143 1148
f 1861 1866 1862
f 1864 1867 1861
f 1866 1861 1867
f 1869 1862 1866
f 1868 1866 1865
f 1867 1864 1872
f 342 1194 1196
f 1874 1876 1875
f 1753 1755 1876
f 1874 1721 1752
f 1878 1875 1876
f 1873 1875 1880
f 1881 1880 1875
f 1883 832 831
f 1884 1886 831
f 1882 831 1886
f 832 1883 1887
f 1889 1649 1890
f 1649 1889 1892
f 1889 2081 1893
f 1890 1649 1648
f 1895 1897 1896
f 1897 1895 994
f 1896 1658 1661
f 1897 1659 1658
f 1900 1902 1901
f 1902 663 1009
f 1008 1758 1901
f 1903 3549 663
f 1902 1900 1904
f 1905 1909 1906
f 1908 3896 1909
f 1909 3896 1910
f 1911 2506 912
f 1912 1911 1906
f 549 1915 1913
f 1915 549 548
f 550 549 1863
f 1916 1864 1863
f 1918 1920 1919
f 1921 3789 1922
f 1923 2165 1917
f 1925 1918 1917
f 1920 1922 1926
f 1919 1926 1927
f 1066 1065 1659
f 1065 1063 1185
f 1182 1930 1928
f 1182 406 409
f 1928 1932 1176
f 1178 1181 1183
f 1929 2899 1930
f 1932 1928 1930
f 1934 1941 1935
f 1933 3314 1936
f 1933 1935 1938
f 1940 1938 1935
f 1941 1943 1939
f 1942 3232 1943
f 1944 1942 1941
f 1892 1893 1946
f 1945 1946 1948
f 1891 1892 1945
f 1945 1947 1604
f 1110 1953 1950
f 1952 2830 1953
f 1954 1951 1953
f 1951 1956 1328
f 1956 1951 1954
f 478 1960 1957
f 1959 1957 1960
f 477 1961 1960
f 1961 3951 1958
f 1963 1549 384
f 1548 1549 1965
f 1415 1966 1965
f 1421 1965 1549
f 1966 2703 1964
f 1693 1972 1968
f 1968 1236 1970
f 1236 1968 1972
f 1973 506 1972
f 1690 1693 1967
f 1975 1979 1976
f 1978 1976 1979
f 1980 3946 1977
f 1979 1975 1981
f 1922 1975 1974
f 1974 1976 1642
f 1982 1927 1926
f 1983 2207 1984
f 1295 1984 1986
f 1984 1295 1294
f 1984 2207 1987
f 1985 1986 1989
f 1986 1987 1990
f 1310 1994 1991
f 1993 1991 1994
f 1991 1993 1927
f 1995 3666 1994
f 1997 2001 1998
f 2000 1998 2001
f 2002 3732 1999
f 2003 3622 2004
f 2005 1997 1996
f 2006 2003 1996
f 2008 1755 1754
f 1756 1010 2007
f 2007 1011 2009
f 2010 2012 1685
f 925 2012 2011
f 920 1685 2012
f 2014 1913 1915
f 2016 2017 2014
f 2017 1916 1913
f 2018 2015 2014
f 2019 2020 1957
f 474 1957 2020
f 2022 1705 2023
f 1710 2023 1705
f 1708 1706 1705
f 2024 3298 2021
f 2021 3299 2025
f 2026 1244 2027
f 2027 1035 1034
f 2028 975 973
f 1244 1246 1035
f 2029 1245 1244
f 2031 2034 2032
f 2033 2032 2034
f 856 2034 2035
f 2037 2041 2038
f 2036 3669 2039
f 2041 2037 2042
f 2043 3480 2040
f 2044 2042 2037
f 2046 2050 2047
f 1841 2050 2048
f 2049 2048 2050
f 2045 648 1094
f 2051 640 2045
f 1840 2047 2050
f 2047 1840 2052
f 2053 587 875
f 1768 1769 2055
f 877 1769 1770
f 2056 2055 1769
f 1780 1782 2058
f 2059 2057 2058
f 2058 1783 1162
f 1453 3061 1969
f 1235 1238 1970
f 2060 1788 1791
f 2062 1356 2063
f 2065 1357 2062
f 2064 2062 2061
f 1170 1558 1312
f 1005 1003 2068
f 2069 2072 2067
f 2071 2067 2072
f 2005 3611 2070
f 2002 2069 2068
f 2074 1807 1806
f 579 1806 2075
f 2077 1946 1893
f 2079 2077 2076
f 2077 2079 153
f 2081 3901 2076
f 1603 1650 1949
f 1891 1949 1650
f 1650 1603 2082
f 1947 1602 1601
f 1608 3937 2083
f 2085 2087 2086
f 2087 2085 2088
f 2087 2430 2089
f 2086 2089 1883
f 1882 1885 2084
f 2091 2632 2092
f 2094 2091 2090
f 2096 2098 2094
f 2091 2094 2098
f 2093 2969 2095
f 2099 2968 2093
f 2100 2099 2090
f 2102 2109 2103
f 2104 2105 2101
f 2105 3041 2106
f 2108 2103 2109
f 1104 2111 1589
f 2111 1104 1103
f 1589 2111 2112
f 2114 2116 2115
f 2116 2121 2117
f 2119 2115 2117
f 2118 3903 2120
f 2119 2671 2113
f 2122 2902 2117
f 2124 1508 2125
f 765 2128 2126
f 2128 765 2129
f 2131 2126 2128
f 2132 514 2133
f 402 512 2132
f 2133 2137 2135
f 2137 2133 514
f 2139 3664 2140
f 2142 2139 2138
f 1377 3746 2139
f 2143 2162 2144
f 2141 2138 2145
f 2141 2144 750
f 1442 2148 2146
f 1232 2146 2148
f 1441 1442 565
f 2149 2151 2150
f 2151 2178 2152
f 2153 1640 1639
f 1519 2158 2154
f 2155 1524 1523
f 2154 2157 416
f 2157 2154 2158
f 2159 2421 2156
f 2160 2159 2158
f 488 1368 2161
f 741 2163 756
f 2163 741 733
f 2162 2143 739
f 2143 2145 2164
f 2165 1923 2166
f 1924 1917 2165
f 2167 2165 1156
f 2169 352 1790
f 2171 353 2169
f 2173 1042 1045
f 599 4120 2172
f 1041 1042 2174
f 2176 2179 2177
f 2179 2176 2180
f 2182 2180 2176
f 2181 2176 2175
f 2175 2177 2185
f 2187 2189 2188
f 2190 1817 2191
f 2192 2188 2189
f 2186 2188 2194
f 2196 2198 2197
f 907 2197 2198
f 2199 2302 2195
f 915 2199 2197
f 908 2198 2200
f 2201 2147 2202
f 2204 2276 2205
f 1383 2206 2203
f 1987 2203 2206
f 2204 2203 1987
f 1990 2206 1580
f 2209 2210 1710
f 2023 1710 2210
f 2211 3388 2210
f 2209 2044 2039
f 2213 2220 2214
f 2215 2218 2212
f 2217 2212 2218
f 2220 2213 2221
f 2223 2214 2220
f 2219 4143 2222
f 2225 2229 2226
f 2228 2226 2229
f 2230 951 2224
f 2226 2228 2231
f 2232 2762 2229
f 2224 3599 269
f 2234 2236 2235
f 2159 2160 2236
f 2238 2235 2236
f 2239 1653 1657
f 2240 2239 2233
f 2242 1940 1939
f 1943 3234 2241
f 2244 2247 2245
f 2246 2251 2247
f 2247 2250 2248
f 2250 2247 2251
f 1824 2250 2249
f 2250 1824 1818
f 79 2257 2253
f 322 2253 2254
f 2256 2253 2257
f 2257 79 78
f 1261 1260 2255
f 1469 2260 2259
f 2258 3077 1468
f 1438 1440 2260
f 2262 2264 2259
f 2258 2259 2264
f 1440 3180 2265
f 2261 2259 2260
f 2266 2269 1568
f 2268 1566 1568
f 2267 1568 2269
f 2269 2266 2271
f 2272 2266 1569
f 2266 2272 2273
f 2275 2276 2204
f 2274 2204 2207
f 2276 2279 2277
f 2279 2276 2275
f 2281 2275 2274
f 2275 2281 1211
f 2283 2088 2085
f 2088 2283 2284
f 2286 3883 2287
f 2289 2285 2290
f 2289 3907 2292
f 2285 2289 2291
f 2290 2294 2293
f 2288 2290 852
f 2285 2287 2294
f 2295 2300 1880
f 2297 2300 2298
f 2299 2298 2300
f 2300 2297 1879
f 2302 2199 2303
f 2305 2195 2302
f 2304 2308 2306
f 2307 4078 2308
f 2304 2302 2301
f 1333 1339 1677
f 1336 1677 1675
f 2310 637 2311
f 2310 3629 1227
f 2312 2631 2098
f 2314 2096 2095
f 2316 2318 2317
f 2318 1531 1536
f 2319 1534 2318
f 1534 1532 1531
f 2321 2319 2316
f 2315 4074 2320
f 169 3467 2322
f 2323 2325 2324
f 961 2326 2323
f 1054 1055 2325
f 1054 2323 2326
f 2328 2324 2325
f 603 276 265
f 2329 265 179
f 2332 2339 2333
f 2331 2333 2335
f 2337 2335 2333
f 2339 2332 2340
f 2336 2333 2339
f 2343 2346 2344
f 463 2344 2346
f 2342 2344 462
f 2348 463 2345
f 2349 3669 2345
f 2351 2554 2352
f 2353 2351 2350
f 2355 2554 2351
f 2280 2274 1983
f 2280 2350 1209
f 2357 1394 1385
f 2358 1425 1394
f 606 2361 2360
f 2361 3483 2362
f 2363 3205 2359
f 345 1496 1771
f 344 1504 1496
f 1773 3721 2364
f 2366 2368 2367
f 2368 3542 1354
f 2369 4065 2368
f 2365 713 715
f 2371 3837 2372
f 2370 2372 2374
f 2000 2371 2370
f 2371 2000 1999
f 2006 2375 2378
f 2375 2370 2373
f 2353 1983 1299
f 1298 1300 2379
f 2380 2382 1512
f 1513 1512 2382
f 2381 2382 2384
f 2385 2399 2380
f 2382 2380 2386
f 2388 1098 1097
f 1099 2808 2387
f 1091 1098 2390
f 1954 1115 1116
f 2391 2393 2063
f 2392 3302 2393
f 2061 2063 2393
f 2395 2398 2396
f 2397 3465 2398
f 600 2397 2395
f 2400 2404 2401
f 2402 2404 1224
f 2403 2401 2404
f 1220 1224 2404
f 2386 2380 2399
f 2399 2385 2405
f 2407 1295 1985
f 2406 995 2408
f 1296 1292 2407
f 905 904 1428
f 2409 3173 904
f 1116 1428 2410
f 260 284 2412
f 259 260 2411
f 2415 2418 2416
f 2417 2416 2418
f 2419 2538 2416
f 2420 3641 2418
f 2421 2159 2234
f 2233 1657 1656
f 2423 2426 2424
f 2426 2423 2427
f 148 2428 2424
f 2426 146 145
f 2428 1445 2422
f 2429 2430 593
f 2430 2087 591
f 990 992 862
f 2432 2436 2433
f 2435 2433 2436
f 2437 2504 2433
f 2439 2435 2434
f 2440 2437 2435
f 1079 1081 2442
f 1701 1080 1079
f 2441 2583 2443
f 705 698 2445
f 2444 1465 2446
f 705 2446 2447
f 1064 988 861
f 2450 2296 2451
f 1330 2455 2450
f 2451 2456 2454
f 2455 2297 2296
f 2456 2451 2296
f 991 2458 2457
f 995 2406 2458
f 1204 1205 2457
f 2406 1985 1988
f 2459 2457 2458
f 1158 2461 2460
f 2461 1158 2462
f 2462 1149 2464
f 2466 1483 1482
f 1483 2466 2196
f 2465 3743 2200
f 1937 1938 1482
f 1478 1483 2467
f 2232 323 271
f 2469 4087 2470
f 928 1803 2468
f 1803 1804 2472
f 2471 2469 2468
f 929 2468 2470
f 2474 2477 2475
f 2477 2474 1671
f 2479 2475 2477
f 2480 3984 2473
f 2482 2485 2483
f 2484 551 2481
f 2482 2778 2486
f 2483 2485 2488
f 2490 2778 2482
f 2481 540 2489
f 1610 1196 2491
f 337 345 2364
f 2492 2493 1681
f 2493 2540 2494
f 1683 613 2495
f 2496 1682 1681
f 2497 3438 2436
f 2499 2432 2431
f 2498 3791 2500
f 2499 2500 2502
f 2432 2499 2501
f 2431 2433 2504
f 2505 2506 798
f 910 912 2506
f 797 798 2506
f 2507 2505 2193
f 805 2186 2193
f 2509 2515 2510
f 2508 1886 1884
f 2511 2512 2508
f 1886 2508 2512
f 2514 2510 2515
f 2510 2514 2516
f 1121 4030 1763
f 2517 3678 1537
f 2519 2524 2520
f 18 19 2521
f 2523 2525 2520
f 2524 2526 2522
f 2525 18 2518
f 2524 390 2396
f 2527 2530 1135
f 1132 1138 2528
f 2529 2527 1136
f 2530 3546 1133
f 781 683 1145
f 692 959 958
f 964 959 2533
f 691 2533 959
f 2535 2415 2414
f 2415 2535 2536
f 2414 2416 2538
f 1737 1738 2539
f 1392 2494 2540
f 1738 2540 2541
f 1417 2539 1414
f 2542 1414 2539
f 1283 1291 2544
f 1281 1283 2543
f 2461 1281 2545
f 1284 1282 1281
f 2547 707 711
f 2549 710 2547
f 2546 711 1929
f 2198 2196 2466
f 2467 2196 2195
f 562 2552 2550
f 789 2551 562
f 2551 3285 2552
f 2354 2379 2314
f 2554 2355 2555
f 2096 2314 2379
f 2355 2314 2313
f 1300 1293 2312
f 2557 2566 2558
f 2559 3119 2556
f 2561 2557 2556
f 2558 2567 2562
f 2564 2566 2565
f 2566 2564 2567
f 1202 2573 2568
f 2569 2570 1203
f 2570 1199 1198
f 2572 2569 2568
f 2208 1580 1579
f 2571 2568 2573
f 2573 1202 2574
f 1775 1777 2576
f 2575 2906 2577
f 2576 1410 1409
f 1410 2576 1777
f 2578 1870 2575
f 2054 2580 2579
f 2580 2582 2581
f 1772 1774 2579
f 2441 2442 2582
f 2583 2441 2580
f 1191 2588 2585
f 1620 1619 1191
f 2586 2588 1189
f 2587 2585 2588
f 1463 653 359
f 2589 652 650
f 2590 3540 2419
f 2591 2590 821
f 2590 2591 2593
f 2594 2591 822
f 2417 817 821
f 2595 947 942
f 2597 2599 2565
f 2563 2565 2599
f 2566 2557 2596
f 2600 3280 2599
f 2602 2597 2596
f 2411 2412 2604
f 2413 2411 2603
f 1056 2603 2605
f 894 2605 2603
f 2412 319 896
f 886 2607 373
f 371 373 2607
f 1526 1528 325
f 2609 1527 1526
f 2608 1526 327
f 2612 2609 2608
f 2611 2608 2610
f 461 463 2348
f 2614 2348 2616
f 992 2457 1205
f 1574 2581 2582
f 1573 1772 2581
f 2442 2645 1577
f 2618 3706 2619
f 2617 2619 2620
f 1125 2618 2617
f 2619 3706 2622
f 2624 1216 1213
f 2625 1141 1216
f 2624 2951 2626
f 2628 1562 660
f 2629 1898 2630
f 2631 2629 2097
f 2632 2091 2097
f 2630 2634 2633
f 1898 1661 2634
f 1898 2629 1894
f 2282 2085 2084
f 1885 2512 2635
f 2637 2282 2635
f 2282 2637 2638
f 2639 2641 2252
f 1825 2252 2641
f 2641 2639 2643
f 2644 2639 2249
f 2645 2442 1081
f 2647 2652 2648
f 2650 2652 2651
f 1567 2648 2652
f 439 1567 2650
f 1921 2651 2652
f 575 2075 2653
f 2654 865 868
f 2075 1809 2655
f 2657 1278 1280
f 2658 2659 1278
f 2659 2734 1277
f 1279 3477 2656
f 2656 3064 2660
f 2523 2522 2661
f 91 16 2525
f 2294 2665 2662
f 2663 853 2293
f 2662 2666 2664
f 2665 3788 2666
f 2665 2294 2287
f 1627 2966 2429
f 2668 2670 2032
f 2669 2668 2033
f 2670 3520 2030
f 2671 2677 2672
f 2672 2676 2674
f 2676 2672 2677
f 2679 2677 2671
f 2119 2120 2678
f 2681 386 2682
f 2680 2682 2184
f 2684 2681 2680
f 2184 2685 2183
f 2682 3524 2685
f 769 770 2686
f 774 775 2688
f 2167 2689 2686
f 2689 2688 775
f 770 1925 1924
f 773 2649 1925
f 1506 2691 2690
f 1505 3844 2691
f 2693 2699 2694
f 2695 3100 2696
f 2697 2693 2692
f 2140 2695 2692
f 2698 2700 2699
f 2700 740 2164
f 2699 2164 2145
f 2505 2507 913
f 1744 1743 673
f 675 2701 1741
f 2701 675 677
f 673 1950 681
f 1743 1111 1950
f 2703 1966 2542
f 1414 2542 1966
f 2704 3043 2705
f 2706 1109 1108
f 2704 1105 2708
f 139 953 2428
f 2710 2633 2634
f 1661 1660 2709
f 510 501 2712
f 2714 1430 2712
f 501 1321 2713
f 2716 2722 2717
f 2719 2716 2715
f 2715 2717 2721
f 2722 2725 2723
f 2724 3144 2725
f 2722 2716 2726
f 2727 2729 2728
f 2292 3048 2730
f 2291 2292 2729
f 1674 1680 2731
f 2729 2730 1723
f 1959 1029 1030
f 2019 1030 704
f 2020 2019 2732
f 2732 704 706
f 1998 2000 2375
f 2735 2739 2736
f 2738 2741 2739
f 2736 2739 2741
f 2742 3540 2740
f 2048 2049 2744
f 1839 2048 2743
f 2745 1848 1837
f 1830 1832 2747
f 2748 1830 2746
f 1830 2748 2749
f 2746 2747 2751
f 2753 2751 2747
f 1832 2754 2752
f 1828 1833 2754
f 2756 1434 1435
f 2627 3548 2757
f 1433 1434 2757
f 2756 2628 2627
f 2755 1435 1087
f 2759 3923 2760
f 2227 2229 2762
f 2761 2564 2563
f 2690 3657 2761
f 263 2763 1061
f 2763 263 75
f 791 2765 2764
f 2765 791 788
f 2767 2764 2765
f 2768 2777 2764
f 1047 1048 1397
f 2769 2771 2770
f 2771 517 2772
f 1490 2770 2773
f 2775 2771 2769
f 2769 1488 2776
f 2777 1795 1794
f 2778 2783 2779
f 2485 2486 2780
f 2780 2486 2779
f 2783 2778 2490
f 440 2650 2649
f 592 2284 2784
f 594 2784 2785
f 2787 2790 2788
f 2788 2100 2092
f 2100 2788 2790
f 1630 2791 2790
f 2791 620 623
f 2792 2787 2786
f 2787 2792 1629
f 1624 621 620
f 2791 1630 1628
f 1361 1363 2794
f 1363 504 509
f 2795 3124 1362
f 2795 1361 2793
f 2130 2128 2127
f 2130 2878 2798
f 2797 2127 1857
f 2202 1444 1443
f 2799 347 346
f 619 2491 2801
f 2802 3017 2800
f 2803 2801 2491
f 1262 1264 2427
f 2805 3822 2806
f 2423 2805 2804
f 2807 1262 2804
f 2425 2427 1264
f 2808 2813 2809
f 2809 2813 2612
f 2388 2387 2809
f 2812 3780 2813
f 2814 2812 2808
f 1208 1211 2281
f 2815 1209 2350
f 2278 1211 1210
f 1253 2818 2116
f 2121 2116 2818
f 1251 1253 2114
f 2820 934 1349
f 2822 2824 2823
f 2824 421 2825
f 2826 2828 2823
f 2827 3224 2828
f 2821 2823 2828
f 2329 2825 421
f 2831 682 681
f 2833 1255 2674
f 2833 2835 2834
f 2832 3221 2835
f 2676 3486 2832
f 2673 2674 1255
f 2836 2837 1842
f 2837 2052 1840
f 2838 2842 2839
f 2840 2838 1670
f 2476 1671 1670
f 2842 2838 2843
f 2844 2839 2842
f 2846 3921 2847
f 2845 2440 2439
f 1835 2848 2845
f 2849 3624 2850
f 2440 2845 2848
f 473 469 2851
f 477 479 2853
f 2854 2853 479
f 469 2031 2030
f 468 472 2031
f 2856 2858 2857
f 2858 3545 2859
f 2816 3546 2858
f 2861 1548 1964
f 2703 3008 2860
f 1611 1546 2861
f 1102 1109 2863
f 355 1185 1063
f 1487 1479 2306
f 2305 2306 1479
f 2865 1173 2866
f 2868 2864 2869
f 2870 2869 2864
f 2867 2869 2872
f 2866 2874 2873
f 2874 2866 1173
f 2876 2752 2754
f 2752 2876 2877
f 2876 3316 493
f 1099 645 644
f 2814 644 1230
f 2689 2167 1157
f 2629 2631 1297
f 1293 1297 2631
f 1691 2797 1858
f 2797 1691 2878
f 2879 2878 1691
f 854 855 2881
f 2880 3194 2288
f 2882 2881 855
f 2733 2732 2447
f 2687 2688 2460
f 2319 2321 2885
f 2886 330 333
f 2321 3383 2887
f 2885 2887 2264
f 2884 2885 2262
f 2889 1845 1844
f 2807 2888 2891
f 2888 2807 2806
f 1846 2891 2888
f 2891 1846 813
f 1117 3562 902
f 1114 906 899
f 2893 2897 2894
f 1000 2893 2892
f 1869 3570 2894
f 1002 2898 2897
f 2896 2894 2897
f 546 2897 2898
f 711 712 2899
f 2297 2455 2900
f 2118 2117 2902
f 2901 2902 1075
f 2577 2907 2905
f 2904 1776 1775
f 2906 1871 2907
f 2904 2905 2909
f 2705 2905 2907
f 418 842 411
f 414 411 842
f 2911 415 414
f 2910 414 844
f 2456 2914 2913
f 2298 2299 2914
f 2916 2914 2299
f 2295 3960 2915
f 553 2918 2917
f 2918 553 552
f 1962 378 1305
f 1306 1305 378
f 2919 378 380
f 2921 2925 2922
f 724 2925 1015
f 725 724 2923
f 2925 724 726
f 2925 2921 1013
f 2927 2930 2928
f 2930 2927 1179
f 2931 3397 2873
f 2933 2928 2930
f 2104 2931 2926
f 2935 2938 2936
f 2937 3711 2938
f 2934 3216 2939
f 2941 2936 2938
f 939 2470 2936
f 2470 4087 2934
f 495 2943 2056
f 490 495 876
f 2943 495 494
f 2055 2056 2943
f 2946 2950 2947
f 2945 2947 2948
f 2947 2952 2949
f 1622 2626 2951
f 2952 2947 2950
f 2945 3018 2953
f 2950 2946 2954
f 2956 2961 2957
f 2959 2960 2956
f 2960 2962 2961
f 2961 996 999
f 2962 997 996
f 723 2750 2964
f 2750 723 722
f 2750 2751 2965
f 722 719 727
f 2430 2429 2966
f 1887 1883 2089
f 2967 3635 2615
f 2347 3482 2616
f 1467 1466 2513
f 624 625 2968
f 2968 3017 2969
f 401 2134 2924
f 2134 2135 2970
f 2134 401 405
f 2541 3403 2702
f 443 2971 445
f 2971 443 772
f 2972 745 2973
f 2975 2977 2976
f 2974 3747 1904
f 2977 1617 1615
f 2977 2975 2979
f 580 2981 2980
f 2981 2985 2982
f 2983 2984 2980
f 2984 583 581
f 627 634 2985
f 2981 580 630
f 2986 2284 2283
f 2987 2784 2284
f 1064 2989 364
f 362 364 2989
f 2989 1064 2448
f 2988 2989 471
f 2991 1240 1234
f 2992 3348 1240
f 542 547 2994
f 540 542 2993
f 2996 3001 2997
f 2998 2995 2503
f 3000 2997 3001
f 2995 2997 3002
f 2633 2710 3003
f 2789 2092 2632
f 3004 1672 1665
f 3006 3099 3007
f 3008 3006 3005
f 1616 1612 3005
f 1612 2861 2860
f 3010 3012 1318
f 3012 3010 3013
f 3013 3010 3014
f 1948 2080 3011
f 3015 4032 1599
f 3009 3015 3014
f 2313 2095 2969
f 3016 2969 3017
f 2555 2313 3016
f 3020 3024 3021
f 3023 3021 3024
f 3024 3020 3026
f 3022 3024 3025
f 3029 2272 1564
f 2272 3029 2102
f 3028 3871 3030
f 3031 567 569
f 923 1441 568
f 918 571 3031
f 1149 1151 3032
f 3032 1155 3034
f 2352 2554 2553
f 2151 2149 3036
f 2179 3035 3037
f 2178 2151 3035
f 3038 3037 3035
f 3039 3036 2149
f 3036 3039 3040
f 2101 2106 2273
f 3041 4002 3042
f 2109 2102 3029
f 2271 2273 2106
f 3043 2909 2905
f 3044 3539 2909
f 3043 2704 2707
f 676 678 781
f 1013 680 679
f 679 676 778
f 2957 999 3046
f 1722 1723 2730
f 3048 3988 3047
f 1718 1675 2728
f 3049 3050 2659
f 3050 2735 2734
f 3051 3992 2735
f 3049 3531 3053
f 3050 3049 3052
f 3055 3057 3056
f 2879 3060 3057
f 3054 3761 2798
f 3054 3056 3059
f 3060 1969 3061
f 3062 3056 3057
f 3063 2996 2995
f 2135 2137 3001
f 459 461 2614
f 2615 2660 3064
f 2999 3001 2137
f 3066 3000 2999
f 2136 3649 3065
f 2819 3071 3067
f 3068 3071 2819
f 3067 3072 3070
f 3071 537 3072
f 3071 3068 3073
f 2852 2853 3075
f 1470 1468 3077
f 428 1470 3076
f 3076 3077 3079
f 3077 2258 2263
f 585 1500 1499
f 1626 2429 1499
f 3078 3083 432
f 3078 3079 3081
f 430 432 3083
f 3083 3078 3080
f 1931 1930 2899
f 712 713 3085
f 3087 1931 3085
f 1667 754 3088
f 1140 3137 3089
f 2896 543 1862
f 3091 3093 1823
f 1822 1823 3093
f 3092 3093 3095
f 3091 3574 3097
f 3096 3095 3093
f 2495 2697 2696
f 3100 2695 3101
f 3102 3100 3099
f 3098 2696 3100
f 2693 2697 615
f 2698 615 608
f 2697 2495 613
f 126 127 3104
f 1459 1397 3105
f 1457 3105 3107
f 1397 1398 639
f 878 880 496
f 3109 3115 3110
f 3112 3115 3109
f 1855 1856 3111
f 3114 3110 3115
f 3116 2560 3117
f 3117 3119 3118
f 2560 2556 3119
f 3120 2561 2560
f 3122 3120 3116
f 2574 2459 1988
f 2755 2760 3123
f 1362 2990 1360
f 2990 1362 3124
f 3125 2992 2991
f 2219 2221 3127
f 812 3130 3127
f 3126 3127 3130
f 2221 3969 3128
f 3131 3308 1401
f 3132 4081 3131
f 3133 3132 1399
f 3135 3559 3136
f 3138 3135 3134
f 3137 1140 3139
f 3138 1620 2584
f 976 3089 3137
f 2800 625 617
f 2214 2223 3140
f 3142 3140 2223
f 2222 4015 3141
f 3143 866 865
f 588 589 881
f 589 2785 879
f 2162 756 747
f 3145 3074 3075
f 3074 3736 3146
f 3147 2725 3144
f 2853 2854 3147
f 1918 1925 2649
f 3149 1290 1289
f 3150 936 3148
f 3151 3148 936
f 1304 1421 1963
f 3153 3410 3154
f 2993 2994 3152
f 3152 3156 2071
f 3156 3152 2994
f 3158 3469 3159
f 3161 3158 3157
f 3158 3161 3163
f 3165 3163 3161
f 3167 63 3168
f 3169 3867 3167
f 3166 3168 3171
f 63 61 60
f 19 63 3167
f 1699 1085 1080
f 3172 1704 1701
f 1895 1296 2408
f 3173 703 1027
f 703 3173 2409
f 3174 3176 2218
f 2216 2218 3176
f 3178 3175 3176
f 2215 3140 3179
f 2786 2788 2789
f 834 2786 3003
f 3180 1440 922
f 1372 3815 3181
f 3182 3931 1366
f 1455 1457 3106
f 1460 1455 3183
f 1826 1458 1460
f 2837 2836 3184
f 3183 3106 2052
f 2836 3695 3186
f 3184 3186 3185
f 3187 3190 2110
f 2112 2111 2110
f 3188 2110 3190
f 3191 4013 3190
f 3192 3191 3187
f 3193 3343 3194
f 2880 2881 3195
f 1296 1895 1894
f 924 926 3196
f 2069 2002 2001
f 3198 3203 3199
f 3201 3202 3199
f 3202 3920 3197
f 2363 3326 3204
f 3200 3199 3203
f 3203 3198 3205
f 3197 737 736
f 3206 3208 1538
f 3208 3206 3209
f 3210 3209 3206
f 3209 3210 3212
f 2939 3215 3214
f 2507 3214 3215
f 3216 916 3215
f 913 3215 916
f 3213 2937 2935
f 3218 3222 632
f 3218 3221 3220
f 3221 3218 3217
f 3219 2403 3222
f 3223 3226 3224
f 3225 3224 3226
f 2829 2828 3224
f 1856 2123 3227
f 3228 3112 3111
f 3229 3227 2123
f 2123 1856 1849
f 3230 2785 2784
f 3231 3235 3232
f 3234 1943 3232
f 3236 850 849
f 3233 3232 3235
f 3121 3237 3231
f 3235 3231 3237
f 3239 3245 3240
f 3240 3247 1735
f 3243 3245 3244
f 3245 3239 3246
f 3245 3243 3247
f 3249 3246 3239
f 1654 1655 2549
f 3250 2549 2548
f 2421 3250 3251
f 1655 4017 710
f 1559 982 3253
f 3252 3253 3255
f 983 3255 3253
f 3237 3121 1633
f 3236 3237 1640
f 3257 3262 3258
f 426 3256 3258
f 3259 3258 1165
f 3260 3264 3261
f 3262 1038 1165
f 3263 3260 1165
f 3263 3834 3264
f 3266 774 2687
f 2543 2544 3267
f 2545 2543 3265
f 3268 3266 3265
f 3270 3275 3271
f 3269 1402 1401
f 3271 3278 3273
f 3275 3270 3276
f 3278 3271 3275
f 3277 3275 3274
f 3280 3281 2598
f 3281 2231 2228
f 400 401 2923
f 2793 2794 3283
f 3282 3951 2796
f 2794 509 3284
f 1269 1797 1796
f 1797 1269 3285
f 1268 1796 3286
f 3288 2718 3289
f 3228 3290 3289
f 3290 3603 3287
f 2720 3289 2718
f 2720 2721 3112
f 2718 3288 3291
f 1967 1968 1969
f 128 2254 3104
f 3103 3104 3293
f 3295 2959 2958
f 2960 2959 3297
f 3296 3730 2962
f 754 756 2163
f 2144 747 746
f 2206 1383 1382
f 3298 457 3299
f 457 458 3136
f 3300 452 457
f 3302 2392 3303
f 3302 3305 2394
f 3305 3302 3301
f 3307 3303 2392
f 3308 3276 3270
f 3309 3311 3276
f 3274 3276 3311
f 2146 1232 738
f 3310 3311 2126
f 3311 3309 766
f 1698 3312 1709
f 3312 1698 1697
f 1934 1936 3313
f 3313 2601 2561
f 1944 3313 3120
f 1936 2602 2601
f 3314 4124 2602
f 3316 3320 3317
f 491 3315 3318
f 3319 3318 3315
f 3316 3315 491
f 3320 3322 3321
f 3320 2875 3323
f 1715 1716 3325
f 1716 1709 3312
f 2360 2362 3326
f 2362 2038 2041
f 2040 3204 3326
f 3327 2153 2150
f 2152 3328 2882
f 2178 2180 3328
f 1141 2625 3139
f 2638 3330 3329
f 3330 903 3331
f 3329 3331 3333
f 2986 3329 3332
f 3335 3817 3336
f 2642 3334 3338
f 3339 3338 3334
f 3335 3334 2642
f 2641 2642 3337
f 3341 3345 3342
f 2182 3340 3193
f 3343 3193 3340
f 3344 3342 3345
f 3346 3347 2724
f 3347 3145 3144
f 2992 3125 3145
f 3348 2992 3347
f 2620 2619 2621
f 1653 2239 3350
f 3170 3171 3351
f 1888 1890 3350
f 3170 3350 2239
f 3353 3359 3354
f 3354 3359 3356
f 3358 3352 3354
f 3319 3942 3356
f 3318 3319 3359
f 498 3353 3352
f 3361 3363 3362
f 3363 3361 3364
f 3363 1787 1786
f 3273 3364 3361
f 3367 3370 3368
f 2744 1095 3366
f 3369 3366 1095
f 3368 3371 2743
f 3370 4142 3371
f 3370 3367 3373
f 903 3330 3375
f 2637 3375 3330
f 897 903 3374
f 3376 349 3377
f 3378 3380 3376
f 350 3376 3380
f 3377 3062 3061
f 3062 3377 349
f 3382 2887 3383
f 3381 3383 3385
f 3383 2321 2320
f 2887 3382 2263
f 3081 3382 3381
f 3387 3300 3298
f 3388 3387 2024
f 2929 1179 1180
f 2926 2873 2874
f 1175 1179 2927
f 761 760 3391
f 3390 4001 3392
f 3394 3398 3395
f 2872 3399 3394
f 3398 3394 3399
f 2870 2873 3397
f 3396 3394 3393
f 2871 2872 3396
f 3402 2998 2504
f 3403 2541 2540
f 3403 3405 3404
f 3405 3403 2493
f 3406 1254 1252
f 3407 3406 1256
f 3409 2782 3410
f 2782 3409 3411
f 3154 3410 2782
f 3153 3607 3408
f 3412 3547 652
f 3413 3412 2589
f 2834 3415 3414
f 3415 2834 2835
f 3416 3414 3415
f 3407 3414 872
f 2489 2993 3154
f 3418 3149 3148
f 1290 3149 3419
f 452 3300 1346
f 227 220 248
f 3420 3422 1265
f 3421 3422 3420
f 2552 3422 3421
f 3422 2552 3285
f 952 3421 250
f 3424 2535 2534
f 2535 3424 3425
f 3423 3861 3426
f 3427 3425 3424
f 3428 3653 3423
f 2537 3428 2534
f 3018 2945 2553
f 3430 3847 3431
f 3433 3430 3429
f 3430 3433 3435
f 3432 3737 3436
f 2434 2436 3438
f 3439 3441 3438
f 3437 3438 3441
f 2623 2952 2951
f 1621 3139 2625
f 1751 3212 3210
f 2963 3443 720
f 3443 2963 3444
f 2922 3443 3442
f 3446 3447 3444
f 3447 1739 3442
f 2963 2964 3445
f 1225 634 633
f 634 1225 1223
f 2402 633 3222
f 3449 1315 1314
f 3009 1318 1315
f 2714 1956 1955
f 1430 1431 2711
f 1430 2714 2410
f 3451 2911 2910
f 3450 3454 3452
f 2912 3455 3450
f 3454 3450 3455
f 3455 2912 524
f 526 1491 3453
f 2898 1002 1006
f 1005 3156 3155
f 547 2898 3155
f 2893 1000 998
f 2700 2698 614
f 3375 2637 2636
f 3374 3375 3456
f 2511 2516 3456
f 2709 1662 837
f 835 3003 2710
f 3459 1884 833
f 2509 1884 3459
f 2515 2509 3460
f 3458 3854 3461
f 3460 3459 3461
f 3464 3466 1450
f 3463 1450 3465
f 1826 3463 2397
f 3466 1447 1448
f 3467 3223 2827
f 2322 2827 2826
f 2330 179 178
f 3468 3512 3226
f 3223 3467 1645
f 3470 446 445
f 2971 3159 3469
f 3471 2528 1138
f 3472 2529 2528
f 3089 976 449
f 1137 3089 451
f 3473 3545 2530
f 3474 3473 2527
f 2529 3472 3475
f 1272 1274 3476
f 3476 4011 3477
f 3479 3476 1274
f 1273 4096 3478
f 3481 3201 3200
f 2843 3481 3480
f 3204 2040 3480
f 2840 1672 3201
f 2802 2953 3018
f 2946 2953 2803
f 2038 2362 3483
f 3483 2361 436
f 3282 3283 1024
f 1025 1024 3283
f 3484 1024 1023
f 2675 2677 2679
f 2675 2383 3486
f 3488 3490 3489
f 3490 3492 3491
f 3492 3490 3400
f 3393 3395 3493
f 3494 3491 3492
f 3495 3400 3490
f 3401 3396 3400
f 3497 3501 3498
f 3500 3498 3501
f 3501 3497 3503
f 3505 3497 3496
f 3506 3503 3497
f 1422 2010 1686
f 3507 1346 3300
f 1346 3507 3508
f 60 62 110
f 3509 3171 3168
f 551 541 540
f 1760 1762 3511
f 3510 3610 1765
f 2127 2129 1146
f 3512 539 535
f 3225 534 3513
f 3514 1513 2381
f 1511 1513 3514
f 2679 3516 3514
f 3516 3603 3515
f 2330 2826 2825
f 2605 894 893
f 3517 1055 1057
f 893 895 3519
f 3517 893 3518
f 2604 896 892
f 2851 2030 3520
f 3521 3147 2854
f 685 2531 2328
f 2324 2328 2531
f 3522 689 687
f 2531 685 684
f 1543 1538 3208
f 3207 3970 3523
f 3523 2685 3524
f 387 1544 1543
f 1877 1876 1755
f 3525 1877 2008
f 402 404 3526
f 3527 518 511
f 404 783 768
f 3529 557 3530
f 3378 943 941
f 949 3601 3380
f 3082 3052 3053
f 3531 3634 433
f 3052 3082 3532
f 3084 3532 3082
f 1212 1134 1133
f 2053 1498 1493
f 329 3534 3196
f 3534 2265 3180
f 3533 3196 926
f 331 3535 3534
f 3535 2261 2265
f 2170 3278 3277
f 3058 3059 353
f 3279 3058 2171
f 1961 477 2852
f 3536 366 672
f 366 3536 3537
f 3539 3537 3536
f 2592 2740 3540
f 3540 2742 2538
f 3541 2736 2740
f 2626 1622 1618
f 3179 3140 3142
f 3542 3179 1353
f 3098 3405 2492
f 922 1439 1441
f 2155 416 415
f 3499 3652 3435
f 3498 3500 3436
f 2587 1708 2022
f 2025 3559 2585
f 2526 2396 2398
f 3545 2858 3546
f 3547 1662 651
f 836 837 1662
f 3547 3412 838
f 659 661 1380
f 1379 1380 661
f 3548 1380 1381
f 2758 2757 3548
f 2824 2822 3551
f 2822 3996 3552
f 3284 2711 1431
f 3553 3070 3072
f 2389 2390 3555
f 3557 3857 3555
f 3558 2390 1098
f 2390 3558 3556
f 3554 3793 3369
f 2389 3369 1096
f 3060 2879 1692
f 1620 3138 3139
f 2584 2585 3559
f 3560 3230 2987
f 3561 3560 3332
f 3230 3560 1373
f 1371 1373 3560
f 3331 902 3562
f 3563 3561 3333
f 3564 3566 2532
f 3566 3564 3567
f 382 3564 2337
f 964 2532 3566
f 2532 2533 2335
f 1210 1133 3546
f 135 126 3103
f 1486 558 557
f 558 1486 1485
f 3528 4098 1481
f 2785 3230 1370
f 2892 2894 3570
f 2895 2892 3569
f 2448 861 2035
f 1342 1347 1810
f 3571 1811 1810
f 1812 1815 1345
f 3097 3575 3573
f 3572 3784 3096
f 3574 4116 3575
f 3575 4115 3576
f 3387 3388 3577
f 2636 2635 2512
f 3020 3248 3578
f 3248 3020 3019
f 3248 3239 3238
f 3579 3786 3025
f 3580 3581 3578
f 3581 3579 3026
f 3582 2949 2952
f 1215 3582 2623
f 1887 1629 2792
f 1629 1887 2966
f 808 815 3583
f 814 3583 2890
f 3585 1339 1338
f 3584 3437 3440
f 1338 1332 3587
f 3586 2438 3584
f 2227 2563 2598
f 1200 863 862
f 2459 2574 1202
f 2189 2187 3588
f 2186 805 804
f 803 3588 2187
f 3588 803 2245
f 3150 3591 3590
f 1289 1286 3591
f 3592 3591 1286
f 936 3150 3589
f 3593 2965 2751
f 2964 2965 3594
f 3182 3594 2965
f 3213 3214 3596
f 3595 4037 2937
f 3299 3136 3559
f 2444 2445 2513
f 700 3597 2445
f 2513 2445 3597
f 3531 3049 2658
f 3598 2658 2657
f 1127 2620 1476
f 2230 3633 950
f 297 3599 2224
f 3599 297 296
f 2168 3364 2170
f 3364 3273 3278
f 2168 1790 1787
f 625 2800 3017
f 3600 2446 1465
f 3379 3380 3601
f 2799 350 3379
f 458 976 3134
f 3516 2679 2678
f 3603 3516 3602
f 417 416 2157
f 1524 2155 2911
f 2017 2016 3192
f 2016 2015 3191
f 3606 3408 3607
f 3605 3611 3609
f 3606 3605 3608
f 3607 2070 3611
f 2070 3607 3153
f 3408 3606 3612
f 3613 2544 1291
f 3614 3267 2544
f 3615 3419 3149
f 3419 3615 3616
f 3174 3617 3177
f 3617 4065 3618
f 3179 3542 3617
f 3619 2377 3620
f 2377 2378 3621
f 957 3620 3621
f 2606 3620 957
f 2972 3621 2378
f 3622 3884 3609
f 3619 3885 3622
f 1231 1232 2147
f 2998 3402 3623
f 2850 3402 2437
f 2970 2135 2996
f 729 2970 3063
f 3624 3623 3402
f 3625 3627 3324
f 3626 3696 3627
f 3627 2478 3628
f 3272 3273 3365
f 93 153 2079
f 2080 153 155
f 3011 155 321
f 2034 2031 472
f 375 377 3537
f 2548 2547 2546
f 952 950 3633
f 2917 3633 2230
f 3632 3633 2917
f 559 2917 2231
f 427 1443 1470
f 3221 2832 3486
f 3220 3486 2383
f 356 1063 1062
f 434 436 2361
f 3635 2967 436
f 2862 3192 1100
f 3257 3638 3637
f 3636 4036 3262
f 3256 3552 3638
f 1833 3323 2875
f 3639 2449 3640
f 3640 2453 3323
f 818 2418 3641
f 827 3641 2817
f 2818 1253 826
f 3286 1798 539
f 3643 2246 2244
f 3642 2244 2243
f 3644 3650 3645
f 3642 3645 3646
f 2309 3272 3629
f 3647 1227 3629
f 3269 3271 3272
f 1402 3269 2309
f 3065 2775 3648
f 2775 3065 3649
f 3650 3660 3651
f 3652 3499 3384
f 3652 4074 3434
f 3384 3502 3386
f 3502 3384 3499
f 3538 3536 1162
f 3504 3496 3654
f 3543 3654 3496
f 3655 3118 3119
f 3656 3655 2559
f 3658 2562 2567
f 1360 1233 1971
f 1233 1360 2990
f 802 1078 3650
f 1077 4025 3659
f 1078 3659 3660
f 3644 2243 800
f 3118 3655 984
f 3663 1516 1509
f 2570 2569 1516
f 3662 1509 1508
f 3664 3101 2695
f 1971 1972 506
f 3485 2381 2383
f 1059 1061 2763
f 2583 2944 3172
f 2054 2055 2944
f 3667 3977 3668
f 3668 1153 1152
f 3666 3668 1992
f 2166 1993 1992
f 573 575 868
f 2346 2343 3577
f 2211 2039 3669
f 2349 3577 3388
f 3508 2343 2342
f 3507 3577 2343
f 563 2550 3632
f 3632 2550 3421
f 3671 3676 3672
f 3674 4132 3672
f 3673 3672 3676
f 2772 516 3676
f 688 1032 1031
f 686 688 3677
f 1230 1229 3678
f 1536 1537 3678
f 1229 3681 3679
f 3681 1229 1228
f 3683 3689 3684
f 3686 3689 3687
f 3688 3684 3689
f 1981 3789 3682
f 2783 3411 3690
f 635 3415 3217
f 2868 4019 845
f 2864 2868 3691
f 2865 3691 3692
f 3693 2185 2177
f 3037 3038 3694
f 1843 1845 3695
f 2478 3627 3696
f 2478 2477 2476
f 3697 4141 3696
f 2933 4005 3041
f 2103 2108 2931
f 2105 2104 2928
f 3591 3592 2029
f 2026 967 3590
f 3589 3590 967
f 3592 3715 1245
f 2409 900 701
f 3113 2723 3521
f 3110 3114 2670
f 3114 3521 3520
f 2723 2725 3147
f 2717 2723 3113
f 963 965 3698
f 3565 3698 965
f 2985 1223 3699
f 3699 1222 3701
f 2982 3699 3700
f 3702 1327 1325
f 1324 1859 1860
f 1860 1148 2831
f 2855 2277 2279
f 3700 3701 2855
f 1973 1687 1326
f 506 1973 1322
f 669 3621 2972
f 2621 2622 3704
f 2622 3707 3705
f 3706 3742 3707
f 1089 1085 1699
f 1089 1404 2759
f 2940 3709 3708
f 3418 3708 3709
f 3710 3783 3709
f 3711 3710 2940
f 2080 1948 1946
f 3712 3039 1638
f 3630 3765 3713
f 3539 3044 3630
f 3714 3715 1285
f 3715 3592 1288
f 1243 1245 3715
f 1241 1243 3714
f 3305 3389 3717
f 2066 2061 2394
f 3719 2066 3717
f 3718 3717 3389
f 435 606 2359
f 3205 1231 2201
f 1444 2202 2147
f 701 3720 3597
f 900 3457 3720
f 898 3374 3457
f 1772 1573 3721
f 3723 3725 2256
f 3724 3293 3725
f 3722 3728 3726
f 3722 2256 2255
f 3728 3722 3727
f 2253 2256 3725
f 3729 3731 3730
f 1004 3730 3731
f 3732 2002 2073
f 3731 3729 3733
f 3735 3733 3729
f 3125 3736 3074
f 3736 3125 3124
f 3432 3429 1786
f 3737 3432 1788
f 3429 3431 3362
f 3099 3101 3738
f 1759 482 3739
f 2978 2979 3739
f 480 482 3740
f 1748 3740 482
f 2661 3544 1449
f 884 1766 1761
f 3742 888 887
f 2618 1125 1766
f 2252 1825 1821
f 1940 2242 3743
f 2465 1482 1938
f 2242 1908 1907
f 914 2200 3743
f 2518 2521 3744
f 713 2365 3086
f 3086 2065 2064
f 569 570 740
f 1952 1328 1327
f 3746 1377 1376
f 1376 1374 1378
f 3745 1376 3747
f 3749 3746 3745
f 2377 3619 2003
f 2156 3251 3604
f 3751 3754 3752
f 3724 3752 3754
f 3753 3754 3756
f 3754 3751 3757
f 3641 2420 3758
f 2711 3284 509
f 1903 1904 3747
f 2975 1904 1900
f 3701 1226 2277
f 2278 2816 2856
f 1452 1454 3377
f 3760 3452 3454
f 3453 4140 3759
f 1500 585 584
f 587 2053 1502
f 3761 3054 3058
f 3056 3062 351
f 3762 376 375
f 376 3762 3741
f 3763 368 367
f 3705 3713 3765
f 3487 3489 3165
f 3767 3772 3768
f 3164 3161 3160
f 3766 3165 3164
f 3768 3774 3769
f 3770 3772 3771
f 3772 3767 3773
f 3772 3770 3774
f 727 728 3624
f 728 729 3623
f 3346 2595 946
f 945 1240 3348
f 2726 3975 2595
f 546 544 543
f 1248 3776 3775
f 3776 1248 3033
f 3776 3779 3777
f 3779 3776 3034
f 2464 3032 3033
f 1248 1241 3716
f 2813 3780 2609
f 1527 2609 3780
f 1353 3142 1350
f 1350 3142 3141
f 3782 3291 3288
f 3783 3710 3572
f 3710 3711 3784
f 3615 3709 3783
f 3573 3576 3616
f 2494 1392 1390
f 1950 1953 2830
f 3132 3133 3390
f 3785 3022 3027
f 2011 3023 3022
f 927 2011 3785
f 3027 3025 3786
f 731 730 1060
f 731 896 319
f 3788 2665 2667
f 1910 2666 3788
f 1975 1922 3789
f 2647 3682 3789
f 2503 3002 2498
f 3791 2498 3002
f 3790 3002 2997
f 3792 776 3266
f 3366 3369 3793
f 3481 2843 2838
f 2841 2843 2043
f 682 2831 1148
f 2733 3795 475
f 2883 360 3795
f 3746 3749 3664
f 3751 3799 3796
f 3797 3798 3757
f 3798 3936 3756
f 3750 3900 3799
f 1851 3662 2124
f 3511 1764 3801
f 3510 3511 3800
f 3411 3800 3801
f 1764 4029 3802
f 2122 2121 2817
f 2859 3804 2984
f 583 2984 3804
f 3545 3473 3804
f 3803 3804 3473
f 2983 3700 2857
f 3806 2810 3807
f 3805 4122 3808
f 3806 3808 3809
f 3805 3807 3811
f 2613 3811 3807
f 2810 3806 2811
f 2611 3807 2810
f 3689 3683 3812
f 3687 3812 3813
f 3685 3687 3242
f 2357 3686 3685
f 2668 2669 3108
f 3446 3181 3815
f 3181 3446 3445
f 3594 3182 1369
f 3648 3820 3817
f 3817 3820 3818
f 3816 3817 3335
f 2776 3818 3820
f 3648 2775 2774
f 1418 1420 1978
f 3821 3823 3822
f 3822 3824 2889
f 3823 3825 3824
f 1447 3466 3823
f 3466 3464 3825
f 3720 2516 2514
f 2420 2536 3826
f 3827 109 111
f 3509 110 109
f 3827 3829 3828
f 3829 1888 3351
f 1916 2017 2862
f 2863 1872 1864
f 3163 3165 3489
f 476 475 3795
f 360 362 2988
f 1584 3830 2578
f 3569 3570 3830
f 3830 1868 1870
f 752 3948 3550
f 3831 1518 1517
f 1520 4008 3832
f 3826 3922 2122
f 3833 3826 2536
f 3692 843 418
f 1174 3692 419
f 3834 1059 3665
f 3835 1060 1059
f 605 3261 3264
f 3665 2763 604
f 1337 3836 2900
f 3836 1873 1879
f 1329 2900 2455
f 3837 3840 3838
f 3840 3837 3841
f 3837 2371 2376
f 1012 2374 2372
f 2009 3838 3840
f 1011 1012 3838
f 3842 3884 3843
f 1765 3842 885
f 3844 3845 3658
f 3656 3845 3255
f 2691 3658 3657
f 2562 3658 3845
f 3681 3849 3846
f 2317 1536 3679
f 3848 3846 3849
f 2334 3853 3850
f 3851 2332 2331
f 3777 3850 3853
f 693 694 3852
f 2334 2335 2533
f 691 693 3853
f 2694 2145 2138
f 3458 833 840
f 3854 3458 829
f 3307 3306 3856
f 3856 3859 3857
f 3557 4138 3855
f 3858 3306 2392
f 3306 3858 3859
f 3860 4041 3303
f 1258 53 147
f 2413 3978 261
f 1997 2005 2072
f 2004 3609 3611
f 1776 2904 2908
f 3861 3423 3653
f 3862 3504 3653
f 2449 2451 2453
f 2449 3639 2452
f 3863 2452 3639
f 2067 2071 3156
f 3604 3631 410
f 3631 2546 409
f 3251 2548 3631
f 2185 3693 2683
f 1995 1301 3865
f 3666 1995 3864
f 3667 3864 2340
f 2238 3868 3867
f 2237 4104 3868
f 3166 3170 2240
f 3744 3867 3868
f 3389 3305 3304
f 2932 2930 2929
f 2912 844 522
f 423 426 3259
f 3261 605 424
f 3828 3351 3171
f 3703 3704 3870
f 3764 3870 3704
f 3871 3028 442
f 446 3470 3872
f 438 442 3028
f 3873 3874 3488
f 3875 3495 3488
f 3877 966 3878
f 3877 3991 2326
f 3878 3882 3880
f 3876 3878 3879
f 3882 3878 966
f 3365 3361 3360
f 811 813 1846
f 3130 812 811
f 3129 3130 1848
f 3800 3411 3409
f 2365 2367 2065
f 1357 2065 2367
f 2190 3588 2248
f 3708 3418 3151
f 3883 4021 2667
f 3884 3842 3608
f 3884 3622 3885
f 3887 2684 2683
f 3886 3939 3888
f 3567 381 2684
f 3693 3694 3886
f 2522 2526 3544
f 819 1254 823
f 3890 824 823
f 1254 3406 3889
f 1100 3187 1103
f 2648 1567 1566
f 3892 2268 2267
f 3893 3861 3654
f 3580 3241 3810
f 3811 2613 3581
f 1899 1901 1758
f 1899 3739 2979
f 2099 2100 623
f 851 853 2663
f 2664 3897 3894
f 3895 3339 3336
f 3405 3098 3102
f 3008 2703 2702
f 3006 3008 3404
f 360 2883 3600
f 1907 1909 1905
f 2241 3897 1908
f 3896 1908 3897
f 3874 3873 3899
f 3766 3769 3873
f 3769 3927 3899
f 714 2369 2366
f 3900 3968 2217
f 2216 3796 3799
f 3796 2216 3175
f 1976 1978 1420
f 3829 3827 3901
f 3901 3827 100
f 1515 1514 3902
f 2569 2572 3902
f 2572 2405 2385
f 2446 3600 2883
f 1656 1654 3250
f 1257 81 53
f 3442 1739 1741
f 2120 3781 3602
f 3781 2120 3903
f 3287 3602 3781
f 3782 3903 3905
f 3903 2118 2901
f 3386 3906 3080
f 3906 3945 3084
f 3343 3908 3907
f 3342 3344 3908
f 858 863 3909
f 3382 3081 3079
f 3911 3913 3875
f 3912 3914 3913
f 3495 3875 3913
f 3875 3874 3898
f 3401 3913 3914
f 2738 3916 3862
f 3504 3862 3916
f 3916 2738 2737
f 3915 3862 3428
f 1371 3918 3815
f 3561 3563 3918
f 3919 3918 3563
f 3918 3919 3814
f 2610 327 3786
f 3920 735 737
f 3088 2163 735
f 2762 2232 1507
f 2225 269 323
f 3863 3921 3587
f 2452 3863 1340
f 1834 2847 3921
f 3586 3587 3921
f 3922 3826 3833
f 1072 3427 1789
f 1072 3833 3425
f 2057 3123 2760
f 3923 1781 1780
f 2057 2059 3924
f 3123 3924 2628
f 2640 3337 3926
f 3925 3926 3898
f 3928 3925 3899
f 3910 3898 3926
f 2078 102 94
f 1958 3484 1029
f 1271 3541 2592
f 1276 2593 2591
f 3930 3593 2753
f 3931 3182 3593
f 1368 3931 3930
f 3227 3229 3290
f 2125 1511 3515
f 3229 3515 3603
f 1076 794 799
f 1911 1912 799
f 3933 3935 3934
f 3797 3938 3935
f 3936 3798 3935
f 3934 3935 3938
f 3938 3797 3175
f 3694 3940 3939
f 3940 3965 3880
f 3940 3694 3038
f 3356 3942 3941
f 2913 3941 3942
f 1721 1874 1873
f 2496 1390 1389
f 3943 3268 3267
f 464 1810 1347
f 2974 2976 3748
f 3748 1614 3738
f 1614 3748 2976
f 3468 1645 1643
f 745 2972 2373
f 3000 3066 3944
f 3066 3648 3816
f 1920 1918 2651
f 3945 3906 3503
f 3502 3503 3906
f 1977 1387 1736
f 1387 1977 3946
f 3947 3949 1668
f 757 1668 3949
f 748 757 3948
f 3950 4092 3949
f 2812 2814 2517
f 3780 2812 1535
f 2721 3113 3115
f 3146 2796 3951
f 3951 3282 3484
f 2796 3146 3736
f 3850 3777 3779
f 3852 3994 3775
f 3778 3866 3851
f 1603 1605 3952
f 1262 2807 2890
f 1664 1671 2474
f 1669 2474 2473
f 2010 1422 3021
f 3019 3021 1422
f 1931 3087 3719
f 3294 2958 3355
f 2955 3355 2958
f 3953 4118 3160
f 2557 2561 2601
f 3824 3695 1845
f 2805 2423 2422
f 3954 3858 2391
f 895 891 3955
f 3835 891 890
f 3956 3955 891
f 1168 689 3519
f 3955 3956 1167
f 2160 1518 2237
f 3647 3360 3957
f 3680 1228 1227
f 3121 3116 1631
f 3959 2915 3960
f 3297 3959 3958
f 3959 3297 2959
f 3958 3960 3962
f 3963 2060 1785
f 1071 1073 1784
f 2878 2879 3055
f 3879 3880 3965
f 3964 3990 3881
f 3964 3965 3967
f 3965 3940 3040
f 3939 3880 3882
f 2046 1094 1093
f 499 3318 3353
f 3923 2759 1404
f 1406 1408 1781
f 2042 2044 3794
f 1711 3794 2044
f 3802 4043 3690
f 3690 4043 2781
f 3004 3088 3920
f 3969 2221 2213
f 3968 2213 2212
f 3341 2181 2183
f 2181 3341 3340
f 2606 2607 3885
f 191 4006 3971
f 3107 641 640
f 640 642 648
f 2051 2052 3106
f 641 3107 3105
f 2646 2648 2268
f 1195 1197 2954
f 466 1694 1192
f 1695 1694 466
f 3688 2356 3946
f 2356 1385 1384
f 3686 2357 2356
f 3684 3688 1980
f 803 800 2243
f 3293 3104 2254
f 2501 2502 3643
f 3439 3646 3645
f 1528 334 332
f 971 974 3637
f 3552 3996 3973
f 3638 3973 3972
f 2742 3915 2537
f 3915 2742 2741
f 809 3969 3968
f 2524 2519 395
f 1107 1104 1591
f 2716 2719 3975
f 1003 1004 2073
f 767 787 763
f 767 768 783
f 3073 536 532
f 787 1146 2129
f 726 720 3443
f 2666 1910 3896
f 3970 3207 3345
f 2685 3523 3970
f 2914 2916 3941
f 3976 3726 3728
f 3726 3976 3750
f 3723 3726 3752
f 3976 809 3900
f 1956 2714 2713
f 1731 2269 2270
f 3494 3872 3470
f 3162 3470 3469
f 2194 3596 3214
f 3549 1903 1378
f 381 383 2681
f 3007 3738 1614
f 3866 2340 2332
f 3977 3667 3866
f 1678 1676 3585
f 3327 2882 847
f 3360 3362 3431
f 3907 3908 3048
f 2288 3194 3907
f 3233 851 3894
f 261 3978 1016
f 1058 1020 1016
f 3978 2413 1056
f 3980 3982 3981
f 1576 1577 2645
f 3983 1576 3982
f 1576 3983 1570
f 3983 3980 3984
f 3651 3985 3441
f 3660 4094 3985
f 3646 3439 2497
f 3985 1678 3440
f 2369 714 3987
f 3987 717 3952
f 717 3987 714
f 3048 3908 3344
f 3734 3958 3961
f 3296 3297 3734
f 3735 3961 3839
f 3989 3839 3961
f 3636 3637 974
f 2881 2882 3328
f 850 3236 2153
f 3101 3664 3749
f 2012 2010 3023
f 1552 3876 3881
f 3990 1556 1553
f 3876 1552 3991
f 1120 3563 3562
f 1120 1118 1746
f 3437 3584 2438
f 2846 2439 2438
f 3051 3532 3993
f 3994 1250 1249
f 3677 1031 1250
f 3996 2822 2821
f 3843 3885 2607
f 1592 1596 3997
f 1672 3004 3202
f 3975 3998 947
f 3998 3904 3999
f 3999 4100 948
f 2953 2802 2801
f 3673 4001 4000
f 1043 2174 3674
f 4001 3390 3133
f 3675 3392 4001
f 4002 4069 4003
f 4002 3041 4005
f 3219 2386 2401
f 3219 3220 2384
f 3059 351 348
f 1505 274 273
f 3844 1505 3971
f 3254 3971 4006
f 3703 1594 3349
f 3349 1475 1476
f 1475 3349 1594
f 4008 1520 4009
f 3716 3714 2463
f 3412 3413 3854
f 3461 3854 3413
f 1464 1462 3462
f 3727 2255 1260
f 1277 3541 1271
f 2734 2736 3541
f 3477 459 3064
f 459 3477 4011
f 4012 3571 460
f 4011 3476 3479
f 4013 3191 2015
f 3189 3190 4013
f 4015 4016 1359
f 4016 4136 1358
f 3634 3531 3598
f 3324 3628 2844
f 1712 1714 1715
f 2839 2844 3628
f 1647 1651 4017
f 530 4019 4018
f 529 845 4019
f 528 4018 3914
f 4020 4025 4021
f 3787 2667 4021
f 2731 4020 3883
f 2727 2731 2286
f 1680 4024 4020
f 3294 3941 2916
f 2915 3959 3295
f 3471 448 455
f 4009 1525 3452
f 1525 1524 3451
f 4023 3760 3759
f 4024 3659 4025
f 3845 3844 3254
f 3506 3917 3993
f 3532 3084 3945
f 3917 2737 3992
f 3917 3506 3505
f 882 886 374
f 2013 1915 1914
f 3249 3019 1424
f 3583 4010 1263
f 4010 3583 815
f 2830 1952 3702
f 2586 1709 1708
f 3234 3894 3897
f 3472 455 4027
f 3474 3475 4028
f 3904 3998 3291
f 3998 3975 2719
f 1764 1763 4030
f 4031 4045 4029
f 4030 1121 1477
f 4032 3934 3937
f 3178 2083 3937
f 4032 3015 3932
f 3695 3824 3825
f 3533 3785 328
f 3304 3301 4033
f 2920 1741 2701
f 2921 2701 680
f 3337 3338 3929
f 3925 3928 1825
f 3500 3435 3433
f 3737 3893 3543
f 3457 3456 2516
f 3599 298 268
f 3195 3328 2180
f 3544 2398 3465
f 955 2661 1451
f 3770 4035 4034
f 3090 1823 4035
f 4035 1820 1819
f 1036 4036 2028
f 4036 1036 1038
f 4036 3636 975
f 3128 807 806
f 3711 2937 4037
f 3730 1004 997
f 1651 2082 718
f 3836 1337 1719
f 1752 1720 4038
f 3070 3553 4040
f 4041 4033 3301
f 4042 4004 4041
f 1617 2977 2978
f 4043 4045 4044
f 4045 4043 3802
f 4045 4031 4046
f 2484 2483 2487
f 4048 4049 2487
f 4049 4051 4047
f 4051 4049 4052
f 2780 4058 4048
f 2013 4026 4053
f 1914 2484 4047
f 4026 4047 4051
f 1597 1471 1475
f 1471 1597 1473
f 3188 4056 4054
f 1596 2112 4054
f 3997 4054 4056
f 4056 3188 3189
f 4057 4064 4055
f 2018 4053 4014
f 1914 548 551
f 4058 2780 2781
f 4044 4046 4059
f 4053 4051 4050
f 2078 2076 3901
f 4057 3189 4014
f 1474 4046 4031
f 1598 3997 4055
f 4060 1473 1597
f 4049 4048 4061
f 4058 4059 4061
f 1473 4060 4063
f 4060 4055 4064
f 4050 4052 4064
f 4062 4059 4046
f 4063 4061 4059
f 4052 4061 4063
f 2425 147 146
f 4065 3617 3542
f 4065 2369 3986
f 3864 3865 2338
f 3924 1563 1562
f 1563 3924 2059
f 587 588 873
f 2376 1999 3732
f 887 883 3763
f 883 374 368
f 3742 3741 3762
f 2308 2767 2766
f 2766 2765 1485
f 628 631 3416
f 867 631 629
f 870 872 3414
f 3675 3676 516
f 518 3527 3392
f 4066 1729 1724
f 1729 4066 4068
f 4069 4066 1726
f 1076 4021 4025
f 2673 2114 2113
f 1298 2354 2351
f 343 2364 3721
f 743 745 2374
f 2841 1713 1712
f 928 930 2820
f 2819 1800 1802
f 2188 2192 3596
f 3094 2192 2191
f 2192 3094 3595
f 1857 1146 1142
f 1556 3990 4071
f 1437 1444 2148
f 3279 3274 3310
f 330 2886 3535
f 2886 2262 2261
f 962 2324 958
f 381 3567 3564
f 3887 3888 3565
f 2341 380 382
f 1948 3013 1602
f 1932 3719 3718
f 2066 3719 3087
f 1051 1052 1554
f 1557 1551 1170
f 1552 1554 1052
f 1042 2173 4072
f 4023 4072 2173
f 4007 2173 2172
f 3649 513 517
f 3579 3581 2613
f 2358 3685 3244
f 1982 1642 1641
f 1055 3517 2327
f 1425 2358 3246
f 1795 2777 4039
f 1793 1795 4040
f 824 3890 4073
f 3385 2320 4074
f 3848 3434 4074
f 3847 3430 3434
f 1231 3205 3198
f 4075 980 979
f 980 4075 3661
f 3662 1851 4076
f 749 1377 2142
f 1747 1750 3740
f 487 3740 1750
f 4038 1722 3047
f 1226 1383 2205
f 4077 1733 1725
f 1731 1733 3891
f 3813 3891 1733
f 3812 3892 3891
f 3243 4077 1730
f 2472 1805 4078
f 4079 1805 1801
f 2471 2472 2307
f 1805 4079 2768
f 2235 2238 3169
f 1852 3108 2669
f 1855 3109 3108
f 2593 1276 1275
f 4080 4076 1851
f 4081 3132 3391
f 4010 1260 1259
f 3972 4135 1348
f 3612 3606 3610
f 3610 3608 3842
f 4082 3929 3338
f 3910 3929 4082
f 4083 2571 1579
f 1445 1447 3821
f 3655 3656 983
f 4085 2500 3791
f 4084 3791 3790
f 3680 3957 3849
f 3957 3431 3847
f 3574 3091 3090
f 3216 4086 915
f 4086 2303 2199
f 4086 3216 2934
f 4012 1814 1811
f 1808 1814 4088
f 1398 2311 637
f 4042 4068 4066
f 4067 4068 4090
f 3860 4090 4068
f 3241 3580 3238
f 455 456 1344
f 4092 3950 3979
f 4083 1220 2400
f 4093 3712 1635
f 1636 3661 4075
f 3661 1636 1634
f 4000 3133 1403
f 4094 1679 1678
f 4096 1273 4097
f 3761 3310 2131
f 4093 4075 4071
f 3263 3956 3835
f 3956 3263 1166
f 2660 2615 3635
f 1742 3814 3919
f 2869 2870 3399
f 2405 2572 2571
f 1815 4113 1344
f 3529 1481 1480
f 4098 1937 1484
f 2502 4099 2246
f 2251 2246 4099
f 4018 2867 2871
f 3814 1742 3447
f 4100 3999 3904
f 1070 948 4100
f 2903 4100 3905
f 2303 4086 4087
f 2469 2471 2301
f 3950 3984 3980
f 2551 789 792
f 2475 2479 4101
f 3947 2473 3984
f 395 3869 4102
f 4103 394 396
f 3869 3868 4104
f 2208 2574 1989
f 1789 3427 3426
f 3889 3417 4105
f 3890 4105 4106
f 4105 871 4107
f 871 4105 3417
f 3417 3889 3406
f 3618 3986 1607
f 1606 1607 3986
f 168 1645 3467
f 2081 1889 1888
f 1993 2166 1923
f 2654 4110 4108
f 4107 3143 4108
f 871 866 3143
f 4110 4111 4109
f 2315 2317 3846
f 2653 2655 4110
f 2655 4125 4111
f 1284 2462 2463
f 1083 1082 1432
f 1432 1433 2758
f 4112 3912 3911
f 1489 527 4112
f 3912 4112 527
f 3895 3818 2776
f 3895 4112 4082
f 2943 2942 3172
f 2973 1560 670
f 4017 718 708
f 1199 2570 3663
f 2949 2815 2352
f 4113 1815 1807
f 2903 1075 1068
f 948 1070 3601
f 1586 1702 3358
f 1702 1703 3352
f 4091 3979 3981
f 1083 3981 3982
f 1051 1019 1020
f 1557 1171 1019
f 3657 2567 2564
f 4101 4141 1571
f 4115 3575 4116
f 3943 4115 4114
f 4114 4116 3773
f 4116 3574 3771
f 2867 4018 4019
f 3872 3494 3493
f 4119 3030 3871
f 3755 4129 3292
f 3936 4128 3755
f 3942 3319 3317
f 3321 3322 2454
f 4033 4041 4004
f 4004 4042 4069
f 2932 4033 4005
f 2942 1703 1704
f 3960 2295 1881
f 1878 3989 3962
f 1570 3983 2480
f 4109 4095 4106
f 4120 599 391
f 2967 2616 3482
f 4121 4122 1734
f 3810 1734 4122
f 4122 4121 4123
f 4079 4039 2777
f 4078 2768 2767
f 1467 3460 3462
f 3707 3762 3713
f 1105 1107 3974
f 1595 3870 3974
f 3870 3764 2708
f 888 3742 3706
f 18 2525 16
f 3241 1735 1734
f 3247 1730 1728
f 1109 2706 1872
f 3478 4125 4088
f 1159 2460 2688
f 1829 1835 2847
f 2848 1835 2749
f 3832 4120 394
f 4120 3832 4008
f 3659 4024 4094
f 1679 4094 4024
f 3528 3530 2600
f 2597 2602 4124
f 3530 556 3280
f 3281 3280 556
f 4039 4079 3069
f 2646 3683 3682
f 2161 3930 2877
f 762 3527 3526
f 4096 4111 4125
f 3839 3989 3525
f 3989 1878 1877
f 3857 4127 3554
f 4127 3857 3859
f 4126 3859 3858
f 3463 1826 3185
f 1201 1199 4076
f 1319 4129 3755
f 3292 4129 3568
f 3293 3724 3753
f 4129 1319 1320
f 10 135 3568
f 4099 2502 2500
f 1155 3977 3778
f 3512 3468 1644
f 3683 2646 3892
f 4130 4028 3475
f 4027 1344 4113
f 3092 2191 1817
f 3994 3852 694
f 1247 1250 1031
f 2521 3167 3867
f 931 933 938
f 759 766 3309
f 578 577 4028
f 2074 578 4130
f 577 583 3803
f 3787 799 1912
f 3888 3882 3698
f 4102 4104 3831
f 3794 1711 1713
f 2643 4131 3819
f 3944 3816 3819
f 4131 4085 4084
f 3691 845 843
f 3122 3231 1942
f 2107 3395 3398
f 3395 2107 4119
f 3922 1075 2902
f 4132 3674 2174
f 3012 321 1317
f 938 939 2941
f 2036 2038 3482
f 2347 2345 3669
f 999 1000 2895
f 1585 1587 3046
f 2955 2957 3045
f 1587 1588 3045
f 3449 3932 3015
f 1809 4088 4125
f 386 387 3524
f 10 1320 1316
f 1319 4128 3448
f 3996 3995 4133
f 2829 3513 3995
f 3550 4092 4091
f 3491 3494 3162
f 2327 3518 3522
f 689 3522 3518
f 4134 3373 3367
f 4016 4015 3372
f 4128 3936 3933
f 1814 4012 3479
f 4135 3972 3973
f 3966 4071 3990
f 3712 4093 3966
f 3869 395 2519
f 3549 661 655
f 2311 1398 1396
f 1798 3286 1796
f 3793 3554 4127
f 4134 4127 4126
f 4136 4016 3373
f 4034 1819 3928
f 3774 4034 3927
f 3626 1695 465
f 1778 2908 3538
f 3539 3538 2908
f 3893 3737 2060
f 4123 4089 4138
f 3558 3809 4137
f 3556 4137 4138
f 4138 4089 4090
f 1727 1729 4067
f 4121 4067 4089
f 3553 538 1799
f 3765 3630 3044
f 4006 1311 1559
f 1311 1312 1558
f 3841 2376 3733
f 3186 3825 3464
f 3909 1201 4080
f 3967 3040 3039
f 3760 4023 4007
f 4111 4096 4095
f 4095 4097 4073
f 3625 1696 1695
f 2970 729 725
f 4139 3953 3157
f 777 4139 3159
f 3792 4117 3953
f 2136 514 513
f 3977 1155 1153
f 2735 3992 2737
f 3861 3893 3963
f 4118 3773 3767
f 4117 4114 4118
f 2049 1093 1095
f 2639 2644 4131
f 2644 4099 4085
f 3764 3765 2707
f 3316 2876 2875
f 776 3792 4139
f 4117 3792 3268
f 582 573 869
f 4098 3528 4124
f 4077 3243 3242
f 864 3909 1853
f 3069 1801 1800
f 2108 3398 3397
f 3551 3552 3256
f 3211 3345 3207
f 2745 2743 3371
f 536 4133 3995
f 3073 4135 4133
f 2627 660 659
f 3784 4037 3095
f 8 7 135
f 1732 2270 4003
f 3042 4003 2270
f 4104 2237 1518
f 4140 3453 1491
f 3855 4090 3860
f 3865 1306 2919
f 2338 2919 2341
f 1798 1799 538
f 3094 3095 4037
f 1870 1865 2906
f 3211 3212 3988
f 2083 3178 3177
f 3068 1348 4135
f 2479 3696 4141
f 4141 3697 1578
f 2815 2949 3582
f 2594 4073 4097
f 1534 2319 2884
f 3030 4119 2107
f 4072 4023 4022
f 4132 4022 3670
f 4140 3670 4022
f 3570 1869 1868
f 2773 3671 3670
f 1871 1872 2706
f 4142 3126 3129
f 3372 4143 4142
f 3697 465 467
f 4115 3943 3614
f 3314 1933 1937
f 3808 4123 4137
f 2388 2811 3809
f 3931 1368 1367
f 3357 3354 3355
f 1588 3358 3357
f 3954 1358 4136
f 3322 3323 2453
f 1558 1170 1551
f 1521 3832 4103
f 3212 1751 3047
f 717 718 2082
f 4143 3372 4015
f 3576 3614 3613
f 1865 1867 1871
f 3969 809 807
f 2849 2749 2748
f 3308 3131 4081
f 2942 494 498
f 3448 3933 3932
f 3527 762 761
f 3126 4142 4143
f 2770 2772 3671
f 4070 3721 1573
f 467 343 4070
f 3991 1052 1053
f 3325 3312 1696
f 3948 3949 4092
f 642 643 646

