# https://github.com/mikedh/trimesh
v 0.72071528 0.23392993 -0.23945929
v 0.71527427 0.20664108 -0.26225403
v 0.68852675 0.22440076 -0.25825840
v 0.32619801 0.12047419 -0.30578905
v 0.34322682 0.09206814 -0.31567785
v 0.33603129 0.08715672 -0.32174742
v -0.13991836 0.08597703 -0.50290251
v -0.14384812 0.05317086 -0.44083062
v -0.12008849 0.08754753 -0.43963605
v 0.30651510 0.15078242 -0.28729877
v 0.30333701 0.13936010 -0.30436826
v 0.54507917 0.20458263 -0.31300217
v 0.52727449 0.21469060 -0.29109752
v 0.56138706 0.22184497 -0.29021040
v 0.68893230 -0.20692940 -0.09492603
v 0.69092989 -0.18623476 -0.11658958
v 0.71140552 -0.19672485 -0.09806998
v 0.06136599 0.17409977 0.29223171
v 0.06692936 0.17092180 0.25265312
v 0.03220131 0.16211554 0.26804301
v 0.82933706 -0.17151845 0.11180912
v 0.81181896 -0.20044695 0.08861335
v 0.83503753 -0.16812347 0.06796286
v 0.22746629 0.18611097 -0.30808663
v 0.16782942 0.19925801 -0.30142841
v 0.18885538 0.19802745 -0.25846809
v 0.70695305 -0.25555557 0.18782471
v 0.67664403 -0.26123351 0.19644153
v 0.68684357 -0.26915157 0.15972261
v 0.75551850 -0.22504838 0.19530125
v 0.77335042 -0.19738667 0.20631656
v 0.74524498 -0.20641877 0.22167894
v 0.59696126 0.22439902 -0.28482544
v 0.57888615 0.20679450 -0.30997461
v 0.70907700 0.21448372 0.26729366
v 0.70592535 0.18963632 0.29524648
v 0.74816346 0.19745210 0.28662106
v 0.18059334 -0.31392831 0.07951489
v 0.20610693 -0.30854762 0.09994709
v 0.17812547 -0.30950141 0.11535159
v 0.51567894 -0.26159447 -0.02027504
v 0.54919851 -0.26096034 -0.01448862
v 0.52880812 -0.27055103 0.01644787
v 0.65365636 0.23890109 -0.24993300
v 0.65631580 0.21394822 -0.27946612
v -0.19181737 0.11430855 -0.69850254
v -0.20229682 0.09414802 -0.66843134
v -0.17043245 0.12768696 -0.66984701
v -0.19979838 0.08880005 -0.74693274
v -0.21198466 0.04467944 -0.75201404
v -0.21950546 0.06487782 -0.71982735
v -0.18656301 0.07496613 -0.78215533
v 0.06783987 0.03641105 0.82668680
v 0.10174646 0.04236308 0.80514002
v 0.07705397 0.07574501 0.81188381
v 0.05536976 0.15953897 0.76362497
v 0.01008573 0.16611886 0.77250874
v 0.03016745 0.13915378 0.79360348
v 0.08606134 0.10907640 0.79283905
v 0.05126505 0.10830325 0.80847764
v 0.03653017 0.02654281 0.83926421
v 0.05587452 -0.00329669 0.83442312
v -0.19459268 0.08524842 0.71035796
v -0.17707716 0.12204425 0.70173913
v -0.19834140 0.10239796 0.67566520
v -0.17715496 0.13687195 0.66482854
v 0.36416367 -0.07447338 -0.30905342
v 0.36764729 -0.02072279 -0.32213134
v 0.38335747 -0.04755255 -0.31167907
v 0.66557437 -0.19880496 -0.11146155
v 0.08169604 0.18150452 0.39501336
v 0.11087132 0.17856903 0.42074358
v 0.11619160 0.17904158 0.38339469
v 0.17139640 0.01368941 0.67901665
v 0.15967664 0.03067733 0.71678418
v 0.15753114 -0.00899966 0.71583223
v 0.71336091 0.30902651 0.04907249
v 0.72684699 0.30943897 0.01903657
v 0.70018923 0.31362081 0.02300328
v -0.05037773 -0.21265034 0.03249604
v -0.06519751 -0.18342739 0.05078012
v -0.06375934 -0.18538873 0.01299371
v 0.78092444 -0.21253057 0.17991090
v 0.76178759 -0.23693748 0.16291274
v 0.78618848 -0.22084089 0.14637555
v 0.39144692 -0.07737295 -0.29824421
v 0.08612644 0.18100959 0.35691729
v 0.12288537 0.17956746 0.34501308
v -0.07325988 -0.15450166 0.03314094
v -0.07522396 -0.15354970 0.06860285
v -0.07936079 -0.11816929 0.05228653
v 0.53394157 -0.28254187 0.09544447
v 0.49164507 -0.28019094 0.09307109
v 0.51057273 -0.27742749 0.05292450
v 0.51466632 0.19565132 -0.31273904
v 0.67029041 0.31388098 -0.02003722
v 0.67573160 0.31595516 0.01178292
v 0.70052946 0.31307197 -0.00420290
v 0.07507319 -0.03627426 0.82010043
v 0.03704720 -0.04291495 0.83399421
v 0.15289789 0.17118341 0.37251967
v -0.02529913 -0.21618874 0.22895378
v -0.00234554 -0.23709927 0.21101236
v 0.00259535 -0.23234086 0.24994615
v -0.03066626 -0.23928435 0.01471430
v -0.03148024 -0.23656379 0.05327841
v 0.39539894 -0.16897935 0.25066823
v 0.37306672 -0.14539497 0.26260278
v 0.35839596 -0.17741247 0.25754082
v 0.09778824 0.17887998 0.27834383
v 0.03654385 0.15694210 0.22947124
v -0.16229793 0.11516456 0.56183708
v -0.16960992 0.08326965 0.54039657
v -0.18860021 0.08617696 0.57912481
v -0.19149792 0.05319755 0.56058496
v -0.13033429 -0.03362719 -0.85041451
v -0.16181499 -0.04551000 -0.81819397
v -0.15785396 0.00754267 -0.83011425
v -0.19224772 0.02578345 -0.78985387
v -0.21374235 -0.00727008 -0.75276166
v -0.08256230 -0.09128243 0.08599599
v -0.08042395 -0.07463516 0.05007312
v 0.19489861 0.05519313 -0.84674674
v 0.19816425 0.07907694 -0.81992263
v 0.20164168 0.04342182 -0.80598247
v 0.20826083 0.07425191 -0.76564640
v 0.61987323 0.01913998 -0.33006293
v 0.61820108 0.05163198 -0.33801940
v 0.64092767 0.04057851 -0.32559314
v 0.51923287 -0.24089341 0.23005041
v 0.47789124 -0.23983772 0.21998158
v 0.50126880 -0.26082718 0.20192313
v 0.10370816 0.17698064 0.23865539
v 0.07415102 0.16751209 0.20954961
v 0.11196444 0.17604327 0.20382181
v 0.64753866 0.07541848 -0.32621628
v 0.68095022 0.08141280 -0.30564877
v 0.66563582 0.04551797 -0.31060997
v 0.16888466 -0.30871451 -0.10929881
v 0.14806867 -0.30605179 -0.13500397
v 0.18572989 -0.30409694 -0.13708237
v 0.16425043 -0.30046421 -0.17564432
v -0.12425967 0.06142496 -0.85285562
v -0.11298712 0.01558963 -0.86958718
v 0.19020587 0.15771180 0.36170968
v 0.16280913 0.17260525 0.33281556
v 0.69249290 0.24802420 -0.22852568
v 0.37752947 -0.20533051 0.23662770
v 0.21186444 -0.30166042 0.13234398
v 0.42682093 -0.12245411 -0.25801390
v 0.45298538 -0.13580239 -0.24089898
v 0.42430806 -0.15001163 -0.22667377
v 0.19048280 -0.00441337 -0.79261744
v 0.20962316 0.03323413 -0.73972344
v 0.68813241 0.14175430 -0.30042955
v 0.65415668 0.14968105 -0.31722572
v 0.68028831 0.17003646 -0.29775193
v -0.14263210 0.11013445 0.52171874
v 0.49386922 0.20253584 -0.28841794
v 0.51191628 -0.04541405 -0.32928604
v 0.48874763 -0.06368975 -0.31845430
v 0.48076019 -0.03354824 -0.33351317
v 0.22215214 -0.28046107 0.20865959
v 0.25242960 -0.28006124 0.18563826
v 0.25410181 -0.26769066 0.22131196
v 0.84684318 -0.13984877 0.09893903
v 0.16914591 0.05317758 0.68002695
v -0.22232932 0.04216945 0.65732980
v -0.22528991 0.00207490 0.66189015
v -0.22000781 0.02361436 0.69095266
v -0.17130911 0.10212591 0.73395354
v -0.14886847 0.13651049 0.72910666
v 0.14704755 0.04845190 0.74535310
v 0.14334446 0.00994887 0.75499463
v -0.07958864 -0.09681280 0.01854605
v 0.09930552 -0.30443913 -0.08719037
v 0.10976223 -0.30404192 -0.12638009
v 0.13819066 -0.30880719 -0.09833999
v 0.02983855 -0.20402397 0.55652022
v 0.05352946 -0.18906628 0.58723128
v 0.01117002 -0.19896893 0.59684157
v 0.21032602 -0.31374556 -0.00969006
v 0.17305073 -0.31612313 -0.01257309
v 0.19333994 -0.31375408 -0.04086372
v -0.13061363 0.13977134 0.54520285
v -0.15091169 0.14521664 0.58679587
v 0.72737420 0.25658837 -0.21101981
v 0.75103074 0.24254920 -0.22186545
v 0.56006342 -0.27038330 0.02363237
v 0.14139593 -0.30137247 0.16098617
v 0.14540741 -0.30772960 0.13053343
v 0.17661029 -0.30104190 0.15680046
v -0.16179383 0.06375301 -0.81789047
v -0.15758312 0.10053352 -0.80177861
v -0.07147810 -0.14457738 0.77588117
v -0.02882211 -0.14592640 0.77860844
v -0.05076480 -0.11848819 0.80510539
v -0.10271764 0.05404634 0.30396873
v -0.09915218 0.03893494 0.27525070
v -0.11575782 0.02245290 0.31172830
v -0.11593342 0.04683630 0.34522218
v 0.54148239 0.30084062 0.06300923
v 0.57673842 0.31021750 0.05149354
v 0.54817551 0.30649808 0.02448712
v 0.58473849 0.31260026 0.01471842
v 0.25986266 0.20647486 0.08433647
v 0.25081885 0.22058919 0.04420942
v 0.21773818 0.20589527 0.06468762
v 0.76401752 -0.24265759 0.12538032
v 0.78826755 -0.22454266 0.10712686
v 0.76320636 -0.17511249 0.22714338
v 0.73127335 -0.18188198 0.24259353
v -0.04265398 -0.20644920 0.56759143
v -0.06519729 -0.19752039 0.61099732
v -0.07637142 -0.19886114 0.56639266
v 0.71497214 -0.26330429 0.15307139
v 0.55822980 -0.23752122 -0.07444447
v 0.59037304 -0.23776419 -0.06586738
v 0.56987166 -0.24997340 -0.04160853
v 0.73544109 -0.24792530 0.17704026
v 0.17238185 -0.02167079 -0.85023928
v 0.14540762 -0.06180845 -0.85492957
v 0.15488952 -0.03187849 -0.88164657
v 0.44680002 0.21401988 -0.23207715
v 0.45109233 0.23310605 -0.20315267
v 0.48748824 0.23274222 -0.22830412
v 0.58037442 0.27859867 0.15921009
v 0.61880153 0.27748904 0.17358711
v 0.61408919 0.29491171 0.13582037
v 0.80879003 -0.19890819 0.12894802
v 0.02991254 -0.25306642 0.22394183
v 0.06539241 -0.26541531 0.23433596
v 0.04000315 -0.24907418 0.26095715
v -0.20377845 0.08634229 0.61581445
v -0.18089694 0.11720768 0.60107464
v -0.21738383 0.05765216 0.62902570
v -0.21221572 0.07943276 0.65040511
v -0.21277821 0.06445580 0.68459141
v 0.40566793 -0.10399172 -0.27804387
v 0.37130851 -0.11542806 -0.28120834
v 0.39298284 -0.13931637 -0.24874845
v 0.51951265 0.30192924 -0.00291941
v 0.55682003 0.30772215 -0.01361240
v 0.04128482 -0.12051891 -0.87345695
v 0.02844238 -0.08646110 -0.89437556
v 0.07826626 -0.07763770 -0.89776224
v 0.64335668 -0.13410100 -0.19439930
v 0.67075872 -0.14667799 -0.16568165
v 0.63925606 -0.16385095 -0.16116938
v 0.18164107 0.03729806 0.64107871
v 0.14783323 -0.15300874 0.55158365
v 0.17590222 -0.14711820 0.52510059
v 0.17215842 -0.12741677 0.55730671
v 0.21569505 0.21890871 0.02407093
v 0.61414838 0.08463442 -0.34317133
v 0.63510209 0.11397399 -0.33306196
v 0.21705884 -0.29185593 0.17135145
v 0.18768770 -0.28954643 0.19720967
v 0.68576247 0.19668937 -0.28145480
v -0.20787194 0.05458200 0.59794277
v -0.02602132 -0.20244192 0.60249811
v 0.68233192 0.31444353 0.04156436
v 0.09178578 0.18027905 0.31811550
v 0.05648490 0.17634597 0.33103099
v 0.11864156 0.20411116 -0.58078206
v 0.11447313 0.19631082 -0.64896178
v 0.07410748 0.20360902 -0.61490601
v -0.13287735 0.15816934 -0.68651229
v -0.15719597 0.14305776 -0.70881784
v 0.03358863 0.06787057 0.82854867
v 0.75936860 -0.23750015 0.03592106
v 0.74250036 -0.23404549 -0.00757745
v 0.77477407 -0.21956091 -0.00033516
v 0.00440505 0.14531967 0.24711931
v 0.58300370 -0.14060140 -0.21649325
v 0.61458850 -0.12328117 -0.22381298
v 0.61065340 -0.15226163 -0.18828833
v 0.66803902 0.11260602 -0.31530932
v -0.13511866 0.08035560 0.46660694
v -0.11429575 0.09841129 0.44427302
v -0.12998153 0.06828081 0.43436441
v -0.10694419 0.09048704 0.40389439
v 0.14529052 0.16957526 0.41029283
v 0.69662350 -0.26994520 0.12098467
v 0.67878389 -0.26818562 0.07496980
v 0.71172380 -0.26461732 0.08860496
v 0.18799296 0.06119520 0.60487676
v 0.19579971 0.02385980 0.59849387
v 0.62241596 -0.23996858 -0.05219720
v 0.60059893 -0.25095886 -0.02980281
v -0.00680479 -0.25760299 0.07455409
v -0.03210984 -0.23262222 0.09228258
v -0.09436503 -0.06693080 -0.86193639
v -0.09585635 -0.02077543 -0.87823266
v -0.03958183 0.07555705 0.15307738
v -0.05697357 0.04440950 0.14812246
v -0.05901897 0.05639203 0.18164061
v 0.46273974 -0.25835341 0.19042833
v -0.08994529 0.12098107 -0.44212148
v -0.07891165 0.14628205 -0.50792056
v -0.11238658 0.11708499 -0.50380725
v -0.13121673 0.00257555 0.35253942
v 0.02463536 0.13372189 0.06290302
v -0.00445021 0.10601033 0.06156075
v 0.00351047 0.11533776 0.09401317
v 0.19784021 0.19361897 -0.37108210
v 0.50267273 -0.25078058 -0.05569108
v 0.52622890 -0.23734184 -0.08151837
v 0.53744465 -0.25008798 -0.04947068
v 0.02800693 0.16615267 0.30620080
v -0.04949564 -0.21515788 -0.00644478
v -0.21986914 0.05940924 -0.66718990
v -0.20760557 0.07006703 -0.64370334
v -0.04006635 0.06589928 0.11923070
v 0.72653860 -0.23405407 0.20849332
v 0.62606412 0.07575861 0.33700261
v 0.66931093 0.07848237 0.34895667
v 0.65260142 0.11059025 0.33498761
v -0.05294767 0.15239826 -0.44714546
v -0.06354527 0.12819178 -0.37512821
v -0.02285136 -0.21221261 0.52670467
v -0.00161989 -0.21673445 0.48013392
v 0.01340578 -0.21245630 0.52363497
v 0.09358882 -0.29781145 -0.19710185
v 0.08386932 -0.29344469 -0.23601548
v 0.11933178 -0.29656821 -0.22785781
v -0.21982118 -0.01859704 0.69403601
v -0.20943969 0.00250664 0.72284222
v -0.20620948 -0.04085690 0.72349358
v 0.87453294 0.20082167 0.21631429
v 0.85940069 0.17922759 0.24807090
v 0.88283330 0.16926770 0.22095641
v 0.80396181 -0.19994451 0.00945213
v 0.78853929 -0.21937881 0.03119404
v -0.02185990 -0.25748444 -0.14347826
v 0.00066466 -0.27076942 -0.10875328
v -0.02747858 -0.25006038 -0.10088969
v 0.09865000 -0.24108638 0.35278758
v 0.05805403 -0.23945533 0.33717403
v 0.08629646 -0.25095284 0.30948910
v 0.61194575 0.31523639 0.04158503
v 0.70954168 0.17136936 -0.28008047
v 0.01633784 -0.23417954 0.28658521
v 0.64507776 -0.26529747 0.20418894
v 0.62404573 -0.27786022 0.17575830
v 0.65607768 -0.27398634 0.16703555
v 0.11437327 -0.30781603 0.11014333
v 0.14702049 -0.31310153 0.09379397
v 0.42238885 0.21809004 -0.21163310
v 0.80294806 -0.19347788 0.16436972
v -0.01329942 -0.03152598 -0.90985149
v -0.05849670 -0.02826295 -0.89448500
v -0.02435334 0.01662514 -0.91531491
v 0.09053392 0.00323989 0.81664062
v -0.17453387 -0.10932729 -0.52765948
v -0.16090095 -0.11030523 -0.44155070
v -0.17531407 -0.08258891 -0.47767082
v 0.71266782 -0.21347584 0.23450884
v 0.12135702 -0.06303842 -0.88791001
v 0.07964835 -0.11061671 -0.87038213
v 0.11337736 -0.02739038 -0.91607088
v 0.11063632 -0.10010818 -0.85116285
v 0.02619917 0.19984701 -0.58918095
v 0.07146109 0.20565428 -0.53305948
v 0.17224538 -0.31157488 -0.07440709
v 0.21454707 -0.30912828 -0.07043021
v 0.13843897 0.16833773 0.44788331
v 0.52728999 0.30209464 -0.04031997
v 0.54539901 -0.28444290 0.14654496
v 0.55920470 -0.27921659 0.18407109
v 0.52329022 -0.27639306 0.17693925
v 0.65474981 0.18594781 -0.30166596
v 0.37074634 0.06379791 -0.32437879
v 0.35557899 0.07712281 -0.31921798
v 0.35323331 0.09856584 -0.31509849
v 0.17454949 0.07604638 0.64181483
v -0.07980010 -0.05102488 0.08139700
v -0.05652264 0.03561187 0.11434044
v -0.06924516 0.01379815 0.14276819
v -0.10267679 -0.18464763 0.59805131
v -0.10504185 -0.18474559 0.55274695
v -0.16754128 0.11454996 -0.76971567
v 0.18021730 0.15500814 0.39940637
v 0.46047744 0.01019800 0.27618772
v 0.50141513 0.01140155 0.28769970
v 0.48087302 0.04254493 0.27913770
v 0.77148223 0.22487567 -0.22359058
v 0.77889872 0.24890614 -0.20314738
v 0.66211599 0.25846809 -0.21460646
v 0.07866656 0.18237558 0.43261015
v 0.12375534 -0.25262356 0.31648117
v 0.02673585 -0.22900821 0.36145777
v 0.02281651 -0.23212107 0.32193202
v 0.74007124 -0.25515610 0.14207481
v 0.24856132 -0.29064113 0.14720601
v 0.42787576 0.14994586 0.23603493
v 0.40741691 0.16024649 0.22431144
v 0.40698379 0.13492274 0.24154574
v -0.07665236 -0.17825280 -0.71930391
v -0.06654296 -0.17461194 -0.75964999
v -0.04964147 -0.18144394 -0.73527300
v 0.01014479 0.19283579 -0.52112901
v 0.49970838 -0.10555318 0.27306962
v 0.45774618 -0.10408138 0.26493773
v 0.47737977 -0.14103499 0.26214588
v 0.24900243 0.16378810 -0.37675220
v 0.27873078 0.14948085 -0.32978824
v 0.29323953 0.11281344 -0.37715951
v 0.25463122 0.13889775 -0.44924596
v -0.06389909 -0.18668790 -0.02702239
v 0.02437232 0.16918044 0.34510404
v 0.12844169 0.18755934 -0.17372783
v 0.08577115 0.17443898 -0.17683849
v 0.07909857 0.16657268 -0.13646157
v -0.12666199 0.10352121 -0.82903033
v -0.00448880 -0.04559293 0.83962888
v 0.01499882 -0.08227456 0.82454967
v 0.05558252 -0.07507604 0.81456858
v -0.19382530 0.11344867 0.63896686
v -0.19220805 -0.01962961 0.75142175
v -0.18599579 -0.06326564 0.74926752
v -0.16974235 -0.04086436 0.77585506
v 0.63929552 -0.18981875 -0.13058399
v 0.66666156 -0.17501973 -0.13750219
v 0.30676600 0.26106530 -0.03339488
v 0.33699197 0.26502791 -0.01281979
v 0.33802623 0.27079111 -0.04918922
v 0.30945933 0.26430547 -0.07216967
v 0.27557072 0.24774463 -0.01582999
v 0.30843917 0.25176778 0.00475064
v -0.10084666 0.14329423 -0.55863130
v -0.06483147 0.16704366 -0.56594008
v 0.62072337 0.31558758 0.00610375
v 0.64898509 0.31671149 0.03267482
v 0.54060584 -0.27711916 0.05057870
v 0.56761664 -0.27871007 0.06801735
v -0.15062109 0.11121877 0.75218099
v 0.69754004 0.11272247 0.34461394
v 0.66666317 0.20320483 0.27408701
v -0.13082878 0.11757205 -0.55699229
v -0.04179861 -0.21114959 0.49194685
v 0.47387859 -0.27653044 0.05197153
v -0.08910214 0.11733998 0.42113060
v -0.08248301 0.11136940 0.37838361
v 0.76668382 -0.11489086 0.24558112
v 0.73901057 -0.12678634 0.25855365
v 0.75058937 -0.14975081 0.24460649
v 0.01226599 0.12054886 -0.03814754
v -0.01893771 0.08813427 -0.00836244
v 0.01143826 0.12090129 -0.00279128
v 0.43312570 -0.09637728 -0.28417537
v 0.31513441 0.10415319 -0.33699355
v 0.91968524 0.16035879 0.03429155
v 0.92499083 0.19020090 0.05337851
v 0.91894960 0.16049013 0.07199034
v -0.14444713 0.12500809 -0.60654539
v -0.15737370 0.08880219 -0.55881184
v 0.69550967 -0.16062604 -0.13971904
v 0.00101592 0.15142372 0.28354654
v 0.07241832 -0.03598671 -0.91963983
v 0.08856844 0.17194816 0.07251234
v 0.08051414 0.17201923 0.03784393
v 0.05602510 0.15609744 0.06661078
v -0.22016445 0.02024675 0.62400043
v 0.48072401 -0.01905013 0.27968332
v -0.17036578 -0.05316810 -0.43402749
v -0.18600181 -0.05283792 -0.51067919
v 0.34174323 -0.15452211 0.27681378
v 0.35440046 -0.12455019 0.27793446
v 0.32717627 -0.13427843 0.29943126
v 0.31441671 -0.16410266 0.29835966
v -0.02017788 -0.20575257 -0.56946325
v -0.00856721 -0.22235794 -0.48469770
v -0.04282650 -0.21079998 -0.51662934
v -0.05207070 -0.19666503 -0.60277230
v 0.11191318 -0.09819509 0.73302370
v 0.13661912 -0.07998662 0.70483989
v 0.12882179 -0.06672804 0.74179387
v 0.92268777 0.19006401 0.01618355
v 0.51926595 -0.07375722 -0.31116539
v 0.49594727 -0.08981824 -0.29858291
v 0.52502787 -0.13520512 0.27327853
v 0.20033315 -0.30705708 -0.10346399
v 0.51205164 0.29718143 0.03496835
v 0.22562975 -0.27016294 -0.23814803
v 0.19615242 -0.28922671 -0.20775141
v 0.18235484 -0.28343254 -0.24760616
v 0.74846512 -0.05609826 -0.18211821
v 0.74036527 -0.08807372 -0.17132439
v 0.72179592 -0.07040474 -0.19923733
v 0.51707238 -0.17557192 0.26155862
v 0.10705184 -0.29159427 -0.26044428
v 0.49835166 0.26211357 0.13780034
v 0.51171672 0.27801600 0.11347577
v 0.48260769 0.26903766 0.10598299
v 0.82242590 -0.16953182 0.14796792
v 0.13891849 -0.24130274 0.35067812
v -0.05696557 -0.20702751 0.53146291
v 0.22101775 -0.20008643 0.38599676
v 0.18735102 -0.21750285 0.38466051
v 0.21486756 -0.22338982 0.34748226
v 0.43538752 0.17030933 0.22313938
v 0.44524565 0.19382699 0.20393616
v 0.41401437 0.18313164 0.20342320
v 0.18646744 -0.31557524 0.04398059
v 0.22634000 -0.31072742 0.02784250
v 0.21639720 -0.30987960 0.06952427
v -0.02986776 -0.24193101 -0.02372451
v -0.04956984 -0.21835746 -0.04628990
v 0.07576317 -0.25871396 0.27129903
v 0.04994589 -0.24500085 0.29805985
v 0.27710271 0.25462604 -0.05793192
v 0.25330380 0.24598119 -0.08748625
v 0.24051666 0.24059321 -0.04123417
v 0.63312924 -0.27944869 0.13123199
v 0.48388144 0.18101737 -0.31019786
v 0.13088295 0.17975307 0.30433694
v -0.01800445 0.09594309 0.12441407
v -0.01680165 0.10524531 0.16049398
v -0.13663107 0.01878332 0.38880736
v -0.14532194 -0.02155801 0.39353830
v 0.82796615 0.20553645 0.25010410
v 0.82530999 0.17077094 0.28204298
v 0.23150620 0.22315213 -0.14918391
v 0.23868784 0.23518495 -0.11933583
v 0.25931677 0.23093484 -0.15202922
v 0.04669537 -0.13953786 -0.85239482
v 0.13477468 0.19333184 -0.22964258
v 0.57179523 -0.28480518 0.11764790
v 0.47807619 0.28640491 0.04227920
v 0.48469868 0.29396671 0.00779570
v 0.45828357 0.28583258 0.01854830
v 0.44732973 0.27631068 0.04401244
v 0.25281015 -0.30353284 -0.06757416
v 0.23705965 -0.30238545 -0.09929687
v 0.80962491 -0.05892709 0.22954002
v 0.80078584 -0.03657528 0.25356647
v 0.78267044 -0.07598777 0.24894133
v 0.64775330 0.28327733 -0.15181597
v 0.63343710 0.29232818 -0.12151425
v 0.66969389 0.29312992 -0.12047829
v 0.23229942 0.18108419 0.18048616
v 0.22443920 0.18616007 0.14395361
v 0.19405246 0.18185639 0.17257774
v -0.12580031 -0.01704430 0.32144120
v -0.08596813 0.10616682 -0.85970205
v -0.21249193 -0.01809141 0.60241455
v -0.19957122 -0.05738638 0.58751577
v -0.21242276 -0.05161848 0.62857604
v 0.55523169 -0.10714945 -0.27158767
v 0.52532846 -0.09917539 -0.28751546
v 0.55070877 -0.08185209 -0.29894173
v 0.12154884 -0.30251807 -0.16463785
v 0.23572257 -0.28027439 -0.19576253
v 0.66746819 -0.21792091 -0.08582740
v 0.22562927 0.13982239 0.35091114
v 0.20392689 0.15982339 0.32306430
v -0.03845923 0.17231697 -0.51406354
v -0.08045863 0.06395770 -0.88411695
v 0.37198219 0.08991468 -0.32256627
v 0.38975823 0.05735191 -0.33121258
v 0.55994648 0.28715307 -0.13062023
v 0.53106451 0.29015619 -0.11161241
v 0.56414253 0.29638690 -0.09564242
v -0.17405388 0.09265432 -0.60350537
v -0.18012273 0.05623237 -0.56448388
v 0.07606778 0.19783188 -0.67381287
v 0.46593776 0.27366388 0.07360126
v 0.50382733 0.28635785 0.07659948
v -0.03087447 -0.22953130 -0.42530900
v 0.52103913 -0.02061701 0.29326481
v 0.16543156 0.20002191 -0.14771263
v 0.11615244 0.18232617 -0.12980676
v 0.12718025 0.19077379 -0.10380496
v 0.01037447 -0.27641249 -0.13711695
v 0.22053823 0.23449452 -0.08024979
v 0.14276049 -0.29002827 -0.25543195
v 0.15644512 -0.29524517 -0.21895780
v -0.13378125 0.14889795 -0.74895275
v -0.12753214 0.13226548 -0.79454690
v -0.13830484 -0.03911494 0.36348447
v 0.69801605 0.30975991 -0.03923593
v 0.15472835 0.07007203 0.71629399
v 0.10011499 -0.13239408 0.68227065
v 0.09146332 -0.12512141 0.72039777
v 0.06285404 -0.15031971 0.70439142
v 0.03239955 -0.28565574 -0.11258218
v 0.05554398 -0.29386324 -0.07612102
v 0.02078296 -0.28082168 -0.08493573
v 0.76493448 0.14219025 0.32679871
v 0.77971125 0.09952082 0.33123991
v 0.80485624 0.14023411 0.31124946
v 0.58262283 -0.08777991 -0.28221366
v 0.58521974 -0.11438683 -0.25044432
v -0.02647468 0.08000545 0.06422332
v -0.02221708 0.08702713 0.09113798
v 0.23115057 -0.30976671 -0.03865901
v 0.20418927 -0.26696795 -0.27506956
v 0.05449533 -0.27118415 0.19736871
v 0.02015710 -0.25691962 0.18804410
v 0.85097635 0.01837174 -0.08188108
v 0.83195943 0.01822190 -0.10920364
v 0.85277474 0.04629281 -0.08796474
v 0.18852249 -0.07370600 -0.61284745
v 0.16059443 -0.09204184 -0.66875035
v 0.18231136 -0.05502508 -0.69028461
v 0.74392354 0.21598946 -0.24353841
v 0.24258927 -0.30003327 0.10403630
v 0.63319999 0.31241244 -0.03014231
v 0.65005094 0.31636465 -0.00017012
v -0.00231346 0.15600649 0.32125080
v 0.16006061 0.09238410 0.67884296
v 0.69175506 -0.22228299 -0.07283258
v 0.49546769 -0.21255352 0.24304935
v 0.45183095 -0.21634050 0.23214707
v 0.05253716 0.17801788 0.36988628
v -0.15256840 -0.00864876 0.42810309
v -0.15418629 0.15535001 0.69095302
v 0.73903441 -0.25701642 0.10446654
v -0.08016361 -0.00835938 0.16713427
v -0.07339638 0.02221912 0.17887641
v 0.50845170 0.22296709 -0.26358241
v 0.50159919 -0.11297290 -0.27331889
v 0.00236201 -0.19698919 -0.61917216
v -0.00815833 -0.18719997 -0.69141519
v 0.02605961 -0.18423121 -0.66737485
v 0.03729592 -0.19686706 -0.58858865
v 0.13665360 0.20276867 -0.36891228
v 0.10633998 0.19464773 -0.28911978
v 0.46036384 0.18805620 -0.28422073
v -0.00953074 0.17884144 -0.45276713
v 0.52802277 0.27989721 -0.14415091
v 0.50022000 0.28273880 -0.12490690
v 0.88893366 0.24462414 0.11815757
v 0.86736655 0.26644111 0.09132360
v 0.86433816 0.25864258 0.12665594
v 0.87485546 0.24129336 0.15487131
v -0.20572138 0.01928524 0.58078349
v 0.11987241 0.00881083 0.79110980
v 0.45187995 0.25777867 0.10130873
v -0.09006044 -0.02758298 0.19328336
v -0.08510561 -0.04303144 0.15582646
v -0.09424268 -0.06259339 0.19656722
v 0.57168931 0.30395472 0.08749488
v -0.05692270 -0.22618286 -0.38354209
v -0.06464501 -0.21144386 -0.46090057
v 0.47836706 -0.12453254 -0.25701171
v 0.48248360 -0.14760689 -0.22466895
v 0.18282661 -0.00127865 0.63841295
v 0.85451329 0.14689642 -0.12833644
v 0.87007451 0.12448426 -0.09515286
v 0.84051281 0.10131006 -0.13013045
v 0.44659367 0.24949238 -0.17317976
v 0.48509094 0.25316185 -0.18679984
v -0.07032213 -0.08107595 0.82195127
v -0.02804438 -0.08452787 0.82680196
v 0.02281076 -0.27602512 0.09330155
v 0.02048075 -0.27792114 0.05570111
v 0.20846879 0.22547969 -0.11224936
v -0.12960303 -0.05820946 0.33455867
v 0.13384786 -0.09013325 -0.81392026
v 0.09233674 -0.30498540 -0.04621476
v 0.60070479 -0.28384060 0.14401941
v 0.57439917 -0.28549927 0.15726486
v 0.07812361 0.16674432 -0.08107682
v 0.64108658 -0.21102045 -0.10223994
v -0.00400763 -0.26664203 -0.07481695
v 0.46865907 -0.07996304 -0.30464026
v -0.02698293 0.13923714 0.29972470
v -0.17339550 0.04996519 0.52196443
v 0.24693960 -0.20017333 0.35378098
v 0.79866689 -0.09980619 0.22324786
v 0.82153618 -0.09805812 0.19623438
v 0.81952244 -0.07351425 0.20965755
v 0.81684738 0.09823307 -0.16189465
v 0.82753795 0.13017946 -0.16052717
v 0.31471401 -0.05726649 0.34853494
v 0.30141726 -0.03018985 0.37690303
v 0.29669824 -0.06707188 0.38335386
v 0.06104591 0.15510303 -0.10036305
v 0.05423049 -0.29460943 -0.03239062
v 0.83534104 0.05848154 -0.11867373
v 0.16365346 -0.27600688 -0.28841481
v 0.22397631 -0.26799971 0.24345943
v 0.20233050 0.21585265 -0.13989127
v 0.61781609 -0.09089747 -0.26085600
v 0.72356844 -0.24873085 0.02058037
v 0.51001257 0.17466196 -0.33083758
v 0.47779718 0.15369484 -0.32993823
v 0.01288228 0.12648119 0.13164183
v -0.00757091 -0.11760280 0.80585963
v 0.11733019 -0.11612535 -0.76813143
v 0.10360264 -0.11935234 -0.81427044
v 0.61946136 0.20389210 -0.30183896
v -0.08115642 -0.12770021 0.09032629
v 0.13619962 0.17990205 0.26227647
v -0.08340358 0.07506774 0.27757242
v 0.46749941 0.25181639 0.13087995
v 0.72904390 0.29979885 -0.08822253
v 0.74659806 0.29302198 -0.11365201
v 0.70752996 0.29346776 -0.11928765
v 0.16088811 0.11339679 0.63955325
v 0.14371297 0.12898651 0.67501485
v 0.46493933 0.17857718 0.22605076
v 0.76256043 0.18797605 -0.23956206
v 0.46657822 -0.18311220 0.24992365
v 0.17516410 -0.23541547 0.35104617
v -0.07384759 -0.00779326 -0.02202009
v -0.07277617 0.00616992 -0.05757437
v -0.08129266 -0.03501081 -0.04931910
v -0.07953414 -0.04536597 -0.01689104
v 0.11911484 -0.10843705 0.69673908
v 0.73010439 0.30885315 -0.01595816
v 0.22047624 0.19428229 0.10533917
v 0.17996398 0.18494089 0.13121586
v -0.22233585 -0.01756561 0.63661510
v -0.11118156 -0.13574147 0.76937890
v -0.09017596 -0.16179404 0.74157220
v 0.17694190 0.21520269 -0.09990241
v 0.80258512 0.11273828 -0.18628030
v 0.80976152 0.15078384 -0.18975790
v 0.69939995 -0.02213468 0.32764736
v 0.70464116 -0.05475808 0.30743128
v 0.73475170 -0.02153996 0.31455311
v 0.59782714 0.30449951 0.10557948
v 0.57307750 0.29339257 0.12301800
v -0.06977202 0.01835863 -0.89639622
v 0.72069830 -0.26483977 0.12245105
v 0.50697041 -0.13474315 -0.24341869
v 0.45297912 0.28924501 -0.01463472
v 0.66616935 -0.27458507 0.12334730
v 0.05137926 -0.28654575 -0.24763897
v 0.04644459 -0.28050148 -0.27991533
v 0.07557023 -0.28787059 -0.26833925
v -0.12317655 0.05757225 0.39233735
v 0.78398281 0.12823024 -0.21377042
v 0.39563656 0.08358510 -0.33188993
v 0.18873218 0.22330511 -0.07363088
v 0.38824263 0.02556824 -0.32752657
v 0.36942285 0.03168702 -0.32390782
v 0.56798476 0.30458996 -0.05448547
v 0.59728652 0.30180824 -0.08056256
v 0.59620512 0.29232794 -0.11784318
v 0.12897518 0.04602653 0.77565980
v 0.13322908 0.08488080 0.75308639
v -0.11054453 -0.05699207 0.26421291
v -0.10024904 -0.04149569 0.22689825
v -0.10235167 -0.07670908 0.23515090
v 0.01778348 -0.21315382 -0.52962929
v 0.13116944 -0.30017954 -0.19707395
v -0.17047006 -0.07228568 0.50186074
v -0.18508050 -0.06319395 0.54456794
v -0.17712933 -0.03082502 0.50761765
v -0.18861738 0.09638372 -0.63922209
v 0.57661009 -0.22327872 -0.09786400
v 0.66960722 0.25220865 0.21544686
v 0.65470570 0.27213207 0.18608491
v 0.62701076 0.25939608 0.20322064
v -0.15663977 -0.06154050 -0.36229423
v -0.15727329 -0.02024994 -0.38391888
v 0.80615580 -0.13211451 0.20345357
v -0.20534089 0.04520860 0.71790010
v 0.47199002 0.20898665 -0.25963974
v 0.71842444 -0.15289399 0.25895327
v 0.71244889 -0.12063195 0.27227473
v 0.68352878 -0.14687215 0.27248931
v -0.00510398 -0.25391227 0.11743665
v 0.85323542 -0.13420376 0.06775223
v 0.44144061 -0.01944020 0.27297819
v 0.45986715 -0.04633423 0.27266601
v 0.91466731 0.18784660 -0.02118430
v 0.91544944 0.21680225 -0.00519548
v -0.21180975 -0.05932084 0.69283825
v 0.06975500 -0.29689968 -0.11823145
v 0.83320057 0.13666929 0.29531991
v 0.02920922 -0.27483571 0.12944086
v 0.20757946 0.10668556 -0.72747010
v 0.22041315 0.07101135 -0.69557530
v -0.19034877 0.02330266 0.54561132
v 0.18911517 0.02072758 -0.84815186
v 0.18231234 0.04818385 -0.87789249
v 0.02186842 -0.28048015 -0.01723891
v 0.02308216 -0.28125799 -0.05386646
v -0.07671567 -0.15429813 0.09745850
v 0.20891488 -0.29503292 -0.16803233
v -0.00538305 0.15984057 0.36151731
v 0.54028106 -0.26389134 0.21020007
v 0.53936011 0.29125774 0.10166167
v -0.14403436 0.03122775 0.43016651
v 0.20303747 0.22829871 -0.04127978
v -0.04099128 0.08710252 0.18702118
v 0.43914011 -0.12839696 0.25883475
v 0.43471706 -0.15818574 0.25305632
v 0.25296238 -0.25325161 0.25553167
v 0.28396264 -0.25142735 0.23306471
v 0.28114074 -0.23452221 0.26415673
v 0.31824067 -0.22375168 -0.21345195
v 0.31441548 -0.20369346 -0.24441479
v 0.34239405 -0.19689076 -0.22319826
v 0.49085209 0.29717365 -0.02823875
v 0.86054188 -0.10382368 0.08674768
v 0.85104400 -0.11241777 0.12219277
v 0.90058881 0.17983660 -0.05727075
v 0.90240842 0.21244931 -0.04652684
v -0.04180158 0.05883718 0.08673722
v 0.10337200 0.17293587 0.11069773
v 0.12203030 0.18348803 0.07367787
v 0.15137970 0.12085989 -0.88505787
v 0.13857034 0.10814241 -0.90891248
v 0.12285269 0.14278987 -0.88244838
v 0.13168305 -0.31084549 -0.06026098
v 0.12986454 -0.31299448 -0.01681444
v -0.19467336 -0.01732878 0.55452490
v -0.17673293 0.01190821 0.51202941
v 0.40683940 -0.00870233 -0.32569101
v 0.40773737 0.02556995 -0.33442265
v -0.17204353 0.00288763 0.77466744
v -0.19115439 0.02404141 0.74824768
v -0.09928995 -0.13848914 -0.15245871
v -0.08627245 -0.16777560 -0.13303533
v -0.09041453 -0.13284251 -0.11444411
v 0.04997295 0.17995417 0.40910262
v -0.19511417 -0.08175237 0.71836382
v 0.92232472 0.21660244 0.03452155
v 0.92268312 0.21318820 0.06772846
v 0.73981386 0.11127596 0.34446990
v 0.72308040 0.14336935 0.33273131
v -0.11551102 0.15288796 0.74506950
v -0.12661861 0.16938359 0.71351886
v 0.43255758 -0.07328032 0.26777181
v 0.47817019 -0.07530400 0.27294043
v 0.74674004 0.00455897 -0.21192507
v 0.72884089 -0.03198308 -0.21529742
v 0.72301435 0.00559947 -0.24113756
v 0.74136448 0.03633055 -0.23215404
v 0.77775466 0.03278619 -0.18362436
v 0.76136011 0.03369316 -0.20536375
v 0.77763128 0.05767971 -0.19430275
v 0.14040595 -0.03156555 0.74776685
v 0.12888584 -0.01919736 0.77619708
v 0.11417893 -0.31129855 0.07225214
v 0.14941120 -0.31573439 0.05595934
v -0.09945008 -0.10221030 -0.13398439
v -0.11001307 -0.10910358 -0.17376782
v 0.75033927 0.24257715 0.22340205
v 0.75095493 0.22158395 0.25575173
v 0.79099393 0.22658312 0.23849529
v 0.00226710 0.03324069 0.84145427
v -0.05045273 -0.22305821 -0.08690218
v -0.06594848 -0.19064336 -0.06913345
v -0.15392336 0.04657572 0.47557691
v 0.81568509 0.06946804 -0.15010697
v 0.81225884 -0.16035737 0.18074480
v 0.82629639 -0.12387924 0.17826171
v -0.03238361 -0.21326809 0.45054135
v -0.04820472 -0.16633758 0.74421024
v 0.22295222 -0.29951334 -0.13213700
v 0.24619743 -0.28783667 -0.15908962
v 0.75972205 0.30466551 0.01160498
v 0.04091360 -0.28810149 -0.15249562
v 0.00931049 -0.25831342 0.15410128
v 0.78200811 0.17296861 0.30199230
v 0.15324000 0.20502509 0.00261450
v 0.17096117 0.21637321 -0.03629549
v 0.13899642 0.20291054 -0.03382923
v -0.03009273 -0.19344692 -0.64914864
v -0.04236896 0.10804653 -0.88710052
v -0.03480337 0.06491263 -0.90837431
v 0.25073075 0.19035605 -0.24785356
v 0.22302449 0.19487828 -0.25208327
v 0.21394649 0.19984594 -0.21576248
v 0.30604014 -0.08886163 0.35531828
v 0.32773730 -0.08077882 0.32193068
v -0.00325811 -0.13047878 -0.86122310
v 0.68438572 0.28312695 -0.15352732
v 0.62378466 0.17372191 -0.32258254
v 0.73733014 0.15630311 -0.26284900
v 0.73508930 0.18898757 -0.25980267
v 0.56040907 -0.24351926 0.23615727
v 0.17882636 0.19852607 -0.21497075
v 0.68033010 0.28066251 0.16830032
v 0.71192306 0.27171662 0.17823432
v 0.70569187 0.28568989 0.14790028
v -0.13799995 -0.08049248 0.37929854
v 0.64927620 0.28789979 0.15626948
v -0.19124031 -0.09462894 0.61720616
v 0.02176945 0.01401786 -0.92790717
v 0.04260009 0.14871296 -0.00007230
v 0.04030745 0.14592275 -0.02957589
v 0.79401970 -0.18767957 0.19018158
v 0.79149842 -0.19596304 -0.02675778
v -0.06191347 0.07097027 0.21387261
v 0.17187840 0.00613857 -0.88353848
v 0.16235343 0.03685266 -0.90595132
v 0.15343511 -0.08076523 -0.74866068
v 0.19570255 -0.09881505 -0.53978229
v 0.20621637 -0.12614456 -0.47430134
v 0.17289603 -0.13462806 -0.52736706
v 0.73013437 0.01299946 0.33523595
v -0.11104974 0.00194813 0.28154290
v 0.28899413 -0.23321839 -0.23299725
v 0.53772515 0.27478057 0.14182885
v 0.85930502 -0.08390659 0.11507769
v -0.15827875 -0.10952440 0.49861190
v -0.15725079 -0.07878506 0.45536235
v 0.72277856 0.28400236 -0.15172499
v 0.45514783 -0.18700264 -0.17400661
v 0.48525169 -0.17225613 -0.18972939
v 0.48586354 -0.19653080 -0.15554924
v 0.45563254 -0.21253435 -0.13933149
v 0.81373250 0.29189885 -0.05179001
v 0.79838264 0.29825777 -0.02288837
v 0.83445668 0.28991047 -0.00957384
v 0.17170742 0.15219420 0.43741688
v 0.05710398 -0.29068410 -0.21381378
v 0.60365969 0.31140390 0.07623282
v 0.16826552 0.20631956 -0.12307477
v 0.44012764 0.04078399 0.27180997
v 0.67859268 -0.11224717 -0.19713020
v 0.81960082 0.10480735 0.30678147
v 0.20969611 0.09473242 0.49107465
v 0.19373035 0.12695061 0.46444765
v 0.18337888 0.12350930 0.50686181
v 0.17332280 0.11977749 0.55654556
v 0.19799164 0.09157076 0.53245944
v -0.04195673 0.05667933 0.05378192
v -0.05759979 0.02867220 0.08024251
v 0.38704404 -0.01227006 -0.32061052
v 0.01651846 0.12648049 0.03025399
v 0.10918174 0.07930378 0.78815567
v 0.59011143 0.26138717 0.19224121
v -0.19805294 -0.09235860 0.68858516
v -0.11578228 -0.03829714 -0.19401237
v -0.10119122 -0.03291077 -0.14241610
v -0.10004786 -0.00143854 -0.16745889
v -0.01864048 0.11462609 0.19642670
v 0.73027515 0.30516446 -0.05378528
v 0.86268610 -0.11014543 0.04795118
v 0.45274296 0.15336645 0.23946732
v 0.48421207 0.15955225 0.24479964
v -0.04546779 0.14226162 -0.85366201
v 0.22169003 -0.15196563 -0.41594720
v 0.25500187 -0.13997966 -0.38275763
v 0.23899060 -0.17527658 -0.36676717
v 0.66984737 -0.05238961 0.31721413
v -0.16791499 0.04466438 0.76902932
v 0.60442829 0.30820990 -0.05099628
v 0.37605104 0.19062291 -0.23498555
v 0.41132540 0.20083234 -0.23264596
v 0.40212122 0.18128219 -0.25775117
v -0.13695227 -0.07799284 -0.82617742
v -0.09463887 -0.16842107 -0.16763330
v 0.08186165 -0.15368953 0.65750736
v 0.11608567 -0.13459682 0.64230555
v -0.16252151 0.00165381 0.46896401
v 0.83446926 -0.06576310 0.18875124
v 0.12196203 0.14380533 0.70765615
v 0.09350085 0.15530942 0.73652393
v 0.11821481 0.12483357 0.74413681
v 0.22187835 0.10073213 0.44863206
v 0.27203572 -0.16276884 -0.33966631
v 0.69277042 0.30245143 -0.08186737
v 0.65160596 0.30084577 -0.09085886
v -0.10791376 -0.10380249 -0.83320254
v 0.11169771 -0.26308626 0.27985805
v 0.14727890 -0.26311779 0.28538421
v 0.73316401 -0.25422722 0.06284368
v 0.21361175 0.13598338 0.38719732
v -0.00937776 -0.24008538 0.17714378
v 0.16753003 0.20001818 -0.45366669
v 0.32144117 -0.02767774 0.33923212
v 0.55594391 0.27662513 -0.16307090
v 0.61261237 0.28331774 -0.15032363
v 0.58787870 0.27291298 -0.18032773
v 0.58283669 0.28310332 -0.14884715
v 0.16298923 0.15008076 0.47694239
v -0.02383076 0.13293856 0.26453948
v 0.18853804 0.21791121 -0.00321629
v 0.92152447 0.19096676 0.08963686
v 0.91160142 0.22217514 0.09945333
v 0.91358829 0.18896076 0.12737794
v 0.52975488 -0.12184447 -0.25970536
v 0.70286572 -0.25978428 0.04676339
v 0.52323413 0.26734084 -0.17619671
v 0.49625418 0.27063090 -0.15492585
v 0.45415810 -0.16098660 -0.20801815
v 0.06454755 -0.19871463 0.54196179
v 0.12402917 -0.28394651 -0.28770649
v -0.07951848 -0.16155830 -0.09259918
v -0.08389764 -0.12433897 -0.07744017
v 0.71029645 0.23691617 0.23695517
v 0.71239507 0.25598365 0.20718867
v 0.76176625 0.14282359 -0.24003014
v 0.66256171 0.30834064 -0.05535162
v 0.62860972 0.30595154 -0.06750367
v 0.39026046 0.19365726 0.17966489
v 0.40033638 0.21246608 0.15203759
v 0.36715025 0.20205690 0.15273367
v 0.14495298 0.06695089 -0.92122978
v 0.16575873 0.08452480 -0.89343667
v -0.09758639 -0.18483047 0.64238602
v -0.04543540 0.05369630 -0.01692841
v -0.04245275 0.05604298 0.01828171
v 0.03355789 0.14050665 0.09591487
v 0.41689923 0.23301245 -0.18688011
v 0.69540501 -0.24096458 0.21886942
v -0.16832572 0.14448600 0.62647206
v 0.20537707 0.20318948 -0.18768802
v 0.16956076 0.19771202 -0.17667781
v 0.54018176 -0.21352829 0.25156865
v -0.09284737 0.07964450 0.31856695
v 0.74722260 0.26048023 0.19092904
v 0.74015361 0.17115417 0.31318521
v 0.25807247 -0.24537863 -0.25189078
v 0.26298168 -0.25936621 -0.21719915
v -0.11860047 -0.03709275 0.29260820
v 0.00885714 0.10859909 0.81478107
v 0.10117198 -0.27239466 0.24361682
v 0.28434408 0.25560004 -0.09657842
v 0.59207159 -0.27981573 0.18349543
v 0.57759291 -0.26633078 0.21334738
v 0.18566561 0.08254923 -0.85970962
v 0.24388403 0.19723691 -0.22356091
v -0.16392012 -0.03939149 0.46461216
v -0.15504822 -0.04247711 0.42888415
v 0.77195883 -0.04918522 0.27307186
v 0.74601567 -0.09104009 0.26850596
v 0.14622763 0.13975877 -0.85783499
v 0.11601529 0.16145831 -0.83615404
v 0.14250976 0.15151703 -0.82837254
v 0.77980590 0.09038657 -0.20562613
v 0.64338857 -0.27336055 0.08155595
v -0.19634724 0.06230527 -0.61109638
v -0.19839987 0.02252929 -0.58072025
v -0.10054522 0.08342548 0.36082959
v 0.26781276 0.24448086 -0.12340918
v 0.90833551 0.24108563 0.01338697
v 0.89591181 0.24112178 -0.03159800
v 0.88325977 0.26290625 -0.01159859
v 0.86213475 0.26402456 -0.06439499
v -0.16298184 -0.13636884 0.62362939
v -0.18424287 -0.11344691 0.66121930
v 0.47958460 -0.26310396 -0.02370235
v 0.87056679 0.27292192 0.05013813
v 0.83409822 0.28420711 0.05892834
v 0.78843135 0.16909716 -0.21673989
v -0.03205360 -0.25355536 -0.27374589
v -0.00372063 -0.26933575 -0.24594656
v -0.02942556 -0.25773877 -0.22790056
v 0.84587073 -0.02924015 0.18383674
v 0.84846044 -0.05773196 0.16160554
v 0.62765312 0.30780196 0.10065357
v -0.13670100 -0.15923607 0.57906884
v -0.13075332 -0.16635217 0.63158715
v -0.15487462 -0.14589253 0.66744995
v 0.21757802 0.22895266 -0.01095819
v 0.10801771 0.12488410 -0.91384846
v 0.09346362 0.15020886 -0.89279848
v -0.18914381 -0.02864310 -0.78929555
v 0.20357090 0.13141817 0.42477694
v -0.04466785 -0.07196520 -0.88398010
v -0.09465560 -0.18393379 -0.20057672
v -0.07671721 -0.20093675 -0.15921161
v 0.52067363 0.25341091 -0.20868503
v -0.12310207 -0.13237073 -0.24563204
v -0.10865151 -0.14532237 -0.19697841
v -0.11967076 -0.11322032 -0.21038905
v -0.18397391 0.06514968 0.74162388
v -0.01139950 0.19533730 -0.71272916
v -0.03818370 0.19291568 -0.70202583
v -0.01790940 0.19590831 -0.68819970
v 0.05033629 -0.29414022 0.00424989
v 0.75989276 0.10124817 -0.23322782
v 0.54206437 0.01039033 0.30519113
v 0.17759433 0.20409304 0.04096970
v 0.81191975 0.03494468 -0.14101787
v 0.47082981 0.27426261 -0.13488181
v 0.46857277 0.26267672 -0.15932922
v 0.86438107 -0.08316976 -0.00859511
v 0.87325513 -0.05238479 0.00785697
v 0.86972129 -0.08280742 0.02574268
v 0.87511927 -0.05533864 0.03798712
v 0.69360781 -0.25274181 0.00784547
v -0.14242114 -0.15128936 0.70472914
v -0.17458349 -0.12001157 0.70337301
v -0.12020014 -0.08141814 -0.20175886
v -0.06207572 0.13423993 0.39990515
v -0.02666289 0.19175905 -0.72963136
v 0.00999939 0.19217710 -0.73974079
v -0.01503244 0.18801671 -0.76153404
v 0.45394149 -0.27731484 0.09070224
v 0.42270944 -0.19291086 0.24115869
v 0.04370382 0.14747182 0.12290280
v 0.38569942 0.21351022 -0.20556960
v 0.38145724 0.23619154 -0.17220981
v 0.06374758 0.18035935 0.72397584
v 0.06319752 -0.23283814 0.37875757
v 0.84064895 -0.11667320 0.15204456
v 0.83804154 -0.09139951 0.17051981
v 0.41081446 0.22997412 0.12470010
v 0.37857935 0.21911721 0.12334804
v 0.84881437 0.25284123 -0.11310270
v 0.86064595 0.22333969 -0.12021656
v 0.83306682 0.23945764 -0.15288097
v 0.74131542 0.27590305 0.15808880
v 0.57856762 0.23787631 -0.26415321
v -0.22690442 0.01659289 -0.71236509
v -0.07689384 0.10652623 0.33662266
v 0.67934710 -0.11310190 0.28543240
v 0.70940948 -0.08732051 0.28790405
v 0.11124051 0.18669528 -0.70597374
v 0.73288351 0.28933099 0.12326245
v 0.13638481 -0.27433151 0.25129575
v -0.15062526 0.16656417 0.65310419
v 0.21640927 0.05970237 0.52034032
v 0.20441547 0.06647484 0.54915863
v 0.20999962 0.04726642 0.54966021
v 0.31285200 -0.11484110 0.32986256
v 0.27233341 -0.29511344 -0.09698313
v 0.16900533 0.11378711 -0.86361629
v 0.30890176 -0.14665590 -0.31249717
v 0.31872877 -0.10396309 -0.33588162
v 0.34210569 -0.11323650 -0.30611974
v 0.34026349 -0.14676678 -0.28006423
v 0.09021094 0.16488752 -0.86025423
v 0.14998427 -0.04654235 0.71099705
v 0.79736829 0.07897541 -0.17842560
v 0.79435480 0.04814035 -0.16854972
v 0.60478431 -0.27845150 0.08800626
v 0.62206352 -0.26727086 0.03783992
v 0.67841202 -0.26063794 0.03149126
v 0.65323359 -0.26356679 0.03491497
v 0.24724457 0.07631504 0.42777738
v 0.23260409 0.10849799 0.40933511
v 0.16150889 0.21280837 -0.06499153
v 0.66280842 -0.02107397 0.33353439
v 0.06531645 0.15905622 0.10032952
v 0.10695184 -0.02753971 0.79930377
v 0.84926534 -0.14264716 0.03609299
v -0.08783168 0.16344747 -0.60563862
v 0.14578262 0.18409131 0.10189587
v 0.13462225 0.17809092 0.13972713
v 0.81482923 0.18984184 -0.18954095
v 0.25050461 -0.23410149 -0.28324106
v 0.28191930 -0.21408655 -0.26976541
v 0.34727541 0.09288572 0.27421257
v 0.33741111 0.13594159 0.24710807
v 0.30235130 0.11825325 0.28499356
v -0.09383678 0.01782423 0.24116954
v -0.08092920 0.05544712 0.24302614
v 0.82992166 -0.04240008 0.20920360
v 0.91464829 0.15949240 0.10938445
v -0.00419899 -0.06984489 -0.89836115
v -0.12243521 -0.16985944 0.67297441
v 0.10263687 0.20634089 -0.44713503
v -0.07084274 0.10230692 0.29856706
v 0.36718386 -0.16986486 -0.23251395
v 0.34008172 -0.17398597 -0.25175470
v -0.11289375 0.00138814 -0.21683942
v -0.02375016 -0.10497291 -0.87345821
v -0.20671418 -0.07660532 0.65980947
v -0.15182236 -0.13556902 0.53640920
v -0.14095330 -0.14033841 0.49210945
v 0.83172679 0.27363360 0.11015165
v 0.84406948 0.25751227 0.15126434
v 0.78033507 -0.14059606 0.22672606
v 0.86591446 -0.05114254 -0.02657561
v 0.87413847 -0.01947611 -0.00990599
v 0.78977549 0.01814004 -0.16285200
v -0.02107545 0.12441077 0.23073226
v 0.28961313 -0.09909065 0.38588083
v -0.07680580 -0.01282737 0.13794215
v 0.87930566 0.23526667 -0.07760417
v 0.43636835 -0.27593279 0.05101816
v 0.45818850 -0.27197468 0.01265829
v 0.87837815 -0.01981737 0.03197171
v 0.16997299 -0.27217889 0.25697872
v 0.16140589 -0.28343272 0.22409481
v 0.09062248 -0.18268883 0.55984080
v 0.87205189 0.14033075 0.24450290
v 0.80765635 0.26933908 0.14409609
v 0.81844950 0.25296795 0.17932484
v 0.02037819 -0.27933323 0.01910204
v 0.04888179 -0.29345953 0.03844045
v 0.31182405 -0.17908619 -0.27616641
v 0.19591933 -0.01497108 0.59852445
v 0.20098305 0.20810562 -0.16395669
v -0.21531773 0.03122595 -0.63286722
v 0.67606366 0.29215735 0.14277063
v 0.28401229 -0.27749491 0.16426203
v 0.58520693 -0.21695499 0.25661823
v 0.28047234 -0.28708726 0.12537636
v 0.31942397 -0.27390134 0.14407791
v 0.61380494 0.23995095 -0.25752503
v -0.08022257 0.03145014 -0.14723162
v -0.09261134 0.03286473 -0.19628371
v 0.38025016 0.25546786 -0.13982211
v 0.38205543 0.27126145 -0.10195828
v 0.41318661 0.26689604 -0.12699237
v -0.07161765 0.10018720 -0.30204096
v -0.03230454 0.13761948 -0.30894718
v 0.10113075 -0.15585861 0.61591691
v 0.82893711 -0.17395803 0.02373489
v 0.84211278 -0.14512725 -0.00129270
v -0.07001668 -0.10711220 -0.85303926
v 0.89316052 0.14403881 -0.06146580
v 0.88215673 0.10545302 -0.06236673
v 0.88018048 0.16504329 -0.09298774
v 0.42309770 0.20482193 0.17886537
v -0.02202237 0.18677759 -0.57519829
v 0.23335794 -0.25451636 -0.26924211
v 0.12601864 0.20740658 -0.51275653
v 0.78999799 -0.16665131 0.20786539
v -0.02918776 -0.24532728 -0.06211562
v 0.81105137 -0.20044832 0.04757339
v 0.54414010 -0.05430271 -0.32074186
v 0.03603467 0.20073245 -0.64699066
v -0.22063303 -0.03778656 0.66336954
v 0.09705151 -0.23030238 0.39627171
v 0.06639009 -0.22551368 0.42081490
v 0.46233866 -0.25307655 -0.06233764
v 0.49447271 -0.27093250 0.01392112
v 0.79728508 -0.12611414 -0.09884235
v 0.79057986 -0.15740316 -0.08046272
v 0.77252966 -0.14579165 -0.10726444
v 0.62872201 0.22566764 -0.27591300
v 0.38292530 -0.27044892 0.12393747
v 0.39210925 -0.26050687 0.16205864
v 0.35832918 -0.26590276 0.14969072
v -0.07004717 0.03619898 0.83146125
v -0.05508372 0.06994225 0.82542092
v -0.09011952 0.05841383 0.81698155
v 0.27677929 -0.21627568 0.29431885
v 0.30568117 -0.21151309 0.27018514
v 0.29801002 -0.19163264 0.29711276
v 0.08556850 -0.17321432 0.59360480
v 0.06560663 -0.17237863 0.62631655
v -0.01439001 0.07247901 0.83038229
v -0.03509699 0.10696539 0.81267232
v 0.41092059 -0.22336556 0.22132534
v 0.27648357 -0.30094671 0.02273156
v 0.25589842 -0.30219662 0.06308341
v 0.60752660 -0.06440553 -0.29277572
v 0.29458869 -0.24910979 -0.19998954
v 0.37842628 0.11608826 0.25232834
v 0.13213038 -0.18675439 0.50214678
v 0.12384693 -0.17497256 0.53793085
v 0.09863289 -0.19350590 0.52042907
v 0.16649520 -0.10962862 -0.59748816
v 0.73905718 -0.05499327 0.29178759
v 0.64715379 -0.10311410 -0.22850390
v 0.34275493 0.26935208 -0.08648448
v 0.29172340 0.14918515 0.25158936
v -0.16227305 0.01713961 -0.44903892
v -0.14331669 0.02150805 -0.37537855
v 0.12676802 0.16405532 -0.80044246
v 0.13934803 0.16357274 -0.77477217
v 0.15290391 0.15009728 -0.80272430
v -0.03980061 0.10963801 -0.22906262
v 0.28472412 -0.26587123 0.20021638
v 0.63370180 0.14015186 0.31334794
v 0.61753392 0.16356605 0.29257357
v 0.58460438 0.13719836 0.29459533
v 0.04341882 -0.20897578 0.52334136
v 0.07067243 -0.20759563 0.50283241
v 0.79010826 0.20143023 0.27177992
v -0.09213716 -0.11264992 0.79869306
v 0.00561943 0.19800434 -0.67101800
v 0.04182392 0.19744928 -0.69264990
v 0.61732203 0.14436841 -0.33688027
v 0.59840840 0.16452667 -0.33814678
v -0.02355988 0.16026540 -0.38345447
v -0.03378540 -0.17641784 -0.77532321
v -0.11291944 0.13152623 0.50352865
v 0.52385193 0.04763146 0.29525888
v 0.59205800 0.18602231 -0.32668298
v 0.87021196 -0.07710810 0.05961692
v -0.15972181 0.08243951 0.76068169
v 0.15271524 -0.22838293 0.38258976
v 0.03287376 0.19885491 0.70642322
v 0.02568407 0.18519156 0.74303323
v 0.27852115 -0.28007388 -0.14915900
v 0.27046025 -0.27099168 -0.18191293
v 0.30112362 -0.26214004 -0.16797230
v 0.08245752 -0.29827541 -0.15672211
v -0.17637432 -0.01880509 -0.47291884
v -0.05417459 -0.20503433 0.42962131
v -0.06254362 -0.20351745 0.46140525
v -0.07911684 -0.18975310 0.42826921
v 0.69251955 0.01128772 0.34422839
v 0.14016408 0.14635485 0.63553107
v -0.08396529 -0.06905486 0.11994930
v 0.37429509 -0.23506571 0.21007347
v 0.34696227 0.22174573 -0.18722482
v 0.52810997 0.24175175 -0.23948440
v -0.09299374 -0.13095972 -0.81968492
v 0.50409758 -0.01495492 -0.34213147
v 0.13035250 0.16844681 0.48591730
v 0.62161875 0.29927498 -0.09590778
v 0.56276512 -0.18505739 0.26704568
v 0.32598379 -0.18443839 0.27421111
v 0.64448088 -0.13334721 0.28436261
v 0.65246302 -0.10269752 0.29473525
v 0.59837300 -0.24728633 0.23674458
v 0.36847350 -0.25333446 0.18161634
v 0.34251994 0.06217575 0.29111424
v 0.31720990 0.07961159 0.30426621
v 0.59464765 0.31133902 -0.02151965
v 0.80632448 0.00001551 -0.13676974
v 0.85383594 0.23948413 0.18445480
v 0.84715444 0.28553480 0.02546497
v -0.07232833 0.17916298 -0.65085030
v -0.11258481 0.15654638 -0.63122928
v -0.13321865 -0.11424513 -0.80121404
v 0.34596121 -0.27596015 0.11227544
v 0.37238768 -0.27740699 0.08118001
v -0.18058859 0.01807422 -0.52012032
v 0.85897142 -0.11415836 0.01214378
v 0.71134126 0.07984448 0.35306972
v -0.18534631 -0.08989893 0.57429886
v 0.85964221 0.08363602 -0.09303412
v 0.53617001 -0.02449191 -0.33672503
v 0.52647853 0.00591809 -0.34760907
v 0.56042629 0.00024870 -0.34141091
v 0.69156212 -0.18532039 0.25673249
v -0.17244469 -0.10314961 0.74084759
v -0.16031992 -0.08375889 0.77080208
v 0.28801647 -0.12446840 -0.35561982
v 0.41873324 0.00795738 0.27465752
v 0.02162215 0.17214456 0.38567024
v -0.11166236 -0.13965453 0.37098503
v -0.10914990 -0.16071866 0.42568356
v -0.12912160 -0.12081376 0.39961645
v 0.67606336 -0.08246626 0.30023178
v 0.66915590 0.22814839 0.24686167
v 0.59920609 -0.18688835 0.27051458
v 0.18238109 0.19373928 0.08594373
v -0.10898505 -0.07232393 0.81124490
v -0.00658412 0.19524810 -0.62811023
v -0.00710797 -0.26008832 0.03577592
v -0.04523465 0.19619289 0.56645077
v -0.08167254 0.19323166 0.58831513
v -0.05460278 0.20709886 0.60853630
v 0.16243142 -0.21239634 0.41602069
v 0.24146298 0.14286625 0.31621540
v 0.25090390 -0.17492665 0.38672024
v 0.22649139 -0.17837910 0.41752401
v 0.08253553 -0.30264181 0.09109612
v 0.08027691 -0.30432248 0.05458852
v 0.04369895 0.15733762 -0.17927456
v 0.07594236 0.17843686 -0.22349106
v 0.39144716 -0.22392584 -0.15083061
v 0.39538217 -0.19742163 -0.18234918
v 0.42396015 -0.20496942 -0.15979923
v -0.02967233 -0.15515882 -0.82876468
v -0.04911942 -0.13526915 -0.84140855
v 0.29118225 -0.17315696 0.32337716
v 0.72209364 0.04687303 0.34970510
v 0.26848656 -0.10084803 -0.40037355
v 0.58632106 0.03089331 -0.34381479
v 0.54691088 0.03224497 -0.35127759
v 0.54385626 0.23252974 -0.26657614
v -0.00465848 0.14295742 -0.87825388
v -0.08432584 -0.10864665 0.12029643
v 0.05574630 0.06019590 -0.93578994
v 0.06550338 0.01173936 -0.93374527
v 0.24587610 0.23311630 0.00483562
v 0.14327157 -0.09281994 0.66682696
v 0.16907990 -0.07718383 0.62484407
v 0.15869099 -0.06077826 0.67068952
v -0.09676418 0.15696347 0.52675861
v -0.08249271 0.14741635 0.48579833
v 0.09037908 0.13455105 0.76894403
v 0.57646972 -0.06069952 -0.30810639
v 0.59460276 -0.00595434 -0.33083087
v 0.60133064 -0.03685351 -0.31448340
v 0.56937373 -0.03150366 -0.32734877
v -0.14342642 -0.07855614 -0.30033794
v -0.14407632 -0.04082740 -0.30449226
v 0.24384433 0.11456394 0.37325445
v 0.35451579 0.22626849 0.09110953
v 0.34467959 0.20821771 0.12523897
v 0.65229750 -0.01538710 -0.29907811
v 0.62525225 -0.01174682 -0.31666169
v 0.64740205 0.01452711 -0.31460431
v 0.69994324 -0.23345400 -0.04736364
v 0.67317873 -0.23273753 -0.05801925
v 0.30742893 -0.27289277 -0.13592647
v 0.05084059 -0.29243100 0.07363190
v 0.70713454 0.09301902 -0.28583518
v 0.69298387 0.11225910 -0.29962221
v 0.64338624 -0.07778403 0.30662706
v -0.09875346 0.01152748 0.82347471
v -0.12908736 -0.10064463 0.78730339
v 0.41833296 0.26696074 0.04406878
v 0.39724043 0.27032933 0.01723876
v 0.39393872 0.25858402 0.04652042
v 0.71310872 0.13134696 -0.28349012
v 0.76341385 -0.17430381 -0.08917847
v 0.67905623 -0.22095351 0.24350137
v 0.65690535 -0.20207427 0.26064456
v 0.51233292 0.03534010 -0.35364392
v -0.02325782 0.08447946 -0.04200620
v 0.17729634 0.17412667 0.28592026
v 0.63293332 -0.06362332 -0.28003275
v 0.34115458 -0.26147836 0.17148413
v 0.11264183 -0.31178319 0.02879558
v 0.32265460 -0.29008883 -0.03966904
v 0.34872600 -0.28551024 -0.00787559
v 0.30741626 -0.29533291 -0.00618680
v 0.60119802 0.24633370 0.21559158
v 0.56484932 0.06134098 -0.35386708
v 0.49812213 0.07562063 0.27962291
v 0.51886189 0.17056322 0.25047764
v 0.50678223 0.13455966 0.26408467
v 0.63495743 -0.04820523 0.32066441
v 0.69907385 0.01073875 -0.26984242
v 0.69593138 0.05075607 -0.28667843
v 0.72000456 0.04082576 -0.25936320
v 0.62987113 -0.04038639 -0.29924303
v 0.16371766 0.19670460 -0.54343975
v 0.65950024 0.27241269 -0.18266229
v 0.89861059 0.21434504 0.15068705
v 0.33305639 0.17272232 -0.25305691
v 0.36691788 0.17022407 -0.26145890
v 0.34630644 0.15543097 -0.27646473
v 0.13902134 -0.13587658 0.59565896
v 0.14461610 -0.11068107 0.63186193
v 0.89489049 0.25245810 0.07603526
v 0.00329716 0.14995667 -0.25468114
v -0.01930889 -0.18149482 -0.74265492
v 0.59067214 -0.20560218 -0.12287964
v 0.56032538 -0.20895396 -0.12499592
v -0.01075277 0.17279929 0.45907459
v -0.03433888 0.18100119 0.51522928
v 0.01321116 0.18750209 0.50636029
v 0.42790052 0.17491601 -0.28082660
v 0.43643481 0.19395685 -0.25766435
v 0.10766988 -0.20503713 0.47731110
v 0.07003427 -0.21686561 0.46254173
v 0.10123727 -0.21937428 0.43535334
v 0.16920009 -0.10509592 0.59152311
v 0.56554729 0.23844787 0.21237046
v 0.36879051 -0.19431783 -0.20335390
v -0.07338130 -0.19705041 -0.54863733
v 0.18195406 -0.25965929 0.28704342
v 0.34629115 0.25957686 -0.12263902
v 0.86179847 0.18744671 -0.12557180
v -0.13969666 0.14555287 -0.65089893
v 0.23781389 -0.22327180 -0.31376636
v 0.20759889 -0.23464294 -0.33067667
v 0.22306806 -0.20694001 -0.34989926
v -0.07536741 -0.21577720 -0.20386776
v 0.71980596 0.07285080 -0.26965016
v 0.08534453 -0.30516827 -0.00633471
v 0.17599007 0.09806304 0.60248983
v -0.17157966 -0.10110728 0.53972685
v 0.73642665 -0.18669684 -0.09549184
v 0.74539101 -0.16104975 -0.11366169
v -0.05048417 0.16085771 0.47259375
v 0.16049176 -0.25047892 0.31852525
v 0.19645211 -0.24441935 0.31689075
v 0.01134505 0.06351915 -0.92564327
v 0.55181533 0.25809354 0.18037355
v 0.77928114 0.26506543 0.16943058
v 0.13691649 0.19355693 0.04030259
v -0.16542700 0.11972900 -0.63494599
v -0.03927572 0.15401150 0.42607769
v -0.11729652 0.14266638 -0.59405380
v -0.00767726 0.18513542 0.75288171
v 0.38021520 -0.24874707 -0.11919831
v 0.39957035 -0.25678045 -0.09010905
v 0.36670336 -0.26798600 -0.08643883
v 0.10329445 -0.25884080 -0.35761672
v 0.13977799 -0.25160408 -0.35817543
v 0.13281968 -0.27061617 -0.32088396
v 0.45854029 -0.23465843 -0.10333821
v 0.42029595 -0.23365881 -0.12081900
v 0.24852595 -0.30791050 -0.00766129
v -0.04542807 0.11140998 0.25072068
v 0.04940730 -0.23639683 -0.43416989
v 0.07252135 -0.24593629 -0.39885524
v 0.03980961 -0.24664952 -0.39874223
v 0.11532865 -0.16301055 0.57607466
v -0.10457316 0.16968358 -0.66897821
v -0.09691425 0.17651910 -0.70197016
v 0.66376823 -0.24640898 0.22674951
v 0.13833907 0.20055068 -0.07555266
v -0.05264209 -0.23509769 -0.17214552
v -0.00636750 -0.26208365 -0.00183939
v 0.04920105 0.18274106 0.44769192
v -0.07014997 0.14028370 0.44392312
v 0.31413189 0.26031202 -0.10803010
v -0.00524565 -0.26415187 -0.03895645
v -0.07545321 -0.15008135 -0.04699776
v -0.01261561 0.14044939 0.79492801
v 0.58575815 0.17283440 0.27417508
v 0.36251873 -0.14870162 -0.25788122
v 0.72472847 -0.14689457 -0.13732165
v 0.73235267 -0.11791378 -0.15617229
v 0.75277418 -0.13280767 -0.13148487
v 0.12548381 -0.11638163 0.66508210
v 0.35417283 0.03027233 -0.32895282
v 0.35333848 0.06299563 -0.32172692
v 0.43099576 0.22413902 0.15225194
v 0.29570317 -0.29294091 0.06334955
v -0.22788575 0.02207036 -0.67169261
v 0.00976472 0.13092259 0.17348194
v 0.09092211 -0.06422649 0.79725820
v 0.04829443 0.15263832 0.03268516
v 0.66194826 0.17260614 0.30080929
v 0.85379374 -0.08039819 -0.04230117
v 0.85402411 -0.04832572 -0.05746432
v 0.83823019 -0.07375620 -0.07395633
v 0.83912635 -0.03943366 -0.08469591
v 0.76807922 0.29883146 -0.06622311
v 0.79189885 0.28844470 -0.10157043
v 0.88427711 0.20236801 -0.08719541
v -0.10674842 -0.18371755 -0.29180461
v -0.12125075 -0.16860650 -0.35545912
v -0.09808770 -0.19728084 -0.34683272
v 0.86448520 -0.02095827 -0.04348913
v 0.87311172 0.01433351 -0.03146271
v 0.25213179 0.16276053 0.25142375
v 0.26418483 0.14413115 0.28387034
v 0.08387320 -0.11449473 0.75552857
v 0.06570562 -0.13651335 0.74069238
v 0.05153753 -0.12853713 0.76997471
v 0.28685617 0.22302073 0.05880699
v 0.27990815 0.23642397 0.02371798
v 0.49953857 -0.04826556 0.28205463
v 0.71129984 -0.24198250 -0.01663072
v 0.45491102 0.23597537 0.15025541
v 0.45762703 0.21934877 0.17845193
v 0.48046562 0.24196084 0.16022059
v 0.45111671 0.16734043 -0.30462515
v 0.19149542 0.08172376 0.56999165
v 0.27247420 -0.19739257 0.32394114
v 0.27094591 -0.17744765 0.35139671
v 0.18165123 0.16641831 -0.65510529
v 0.15488172 0.18970171 -0.61842901
v 0.19464195 0.17328016 -0.58222109
v 0.34318909 -0.24931033 0.19768780
v 0.31501818 -0.26353693 0.18223923
v -0.22302693 -0.03622892 -0.71468532
v -0.11580554 -0.14463171 -0.77906245
v -0.15725330 -0.12198758 -0.75956488
v -0.16842464 -0.12209348 0.57922566
v 0.41356432 0.25103885 -0.15736057
v 0.12890562 -0.22319587 0.40941688
v -0.13798314 0.17042223 0.61503291
v -0.06987232 -0.19685967 -0.11193453
v 0.24206683 -0.00439606 0.49945381
v 0.24949393 -0.03465358 0.48963872
v 0.25940099 -0.00943034 0.46951756
v 0.21342200 0.14245245 -0.62093759
v 0.61210012 -0.22214331 -0.09118843
v -0.21540692 0.08224910 -0.69396007
v 0.32176054 0.07497706 -0.35743952
v 0.78699476 0.24756972 0.20404994
v -0.05149177 -0.22873487 -0.12907104
v 0.67587101 -0.08087933 -0.23069850
v -0.05294844 -0.24088518 -0.21259429
v 0.90914899 0.12796350 0.01297092
v 0.91560692 0.15970504 -0.00280612
v 0.10743711 0.18306553 0.04648690
v -0.04588195 0.19133733 -0.67765087
v -0.06968392 0.18525362 -0.68701541
v 0.29841352 -0.08081782 -0.37511072
v 0.08158468 -0.14172898 -0.77748191
v 0.60649294 -0.18207881 -0.15092936
v 0.61780471 -0.20299883 -0.11978330
v -0.09754795 0.09276395 -0.37169769
v -0.10312802 0.06298263 -0.30489516
v 0.27696750 -0.29382581 0.09144740
v 0.68251187 -0.24405669 -0.02669500
v -0.11279495 0.16995373 0.57363445
v 0.41363475 0.10578032 0.25510868
v 0.43630728 0.12946360 0.24799916
v -0.04839898 0.11965404 0.28190881
v 0.40623936 0.28163749 -0.07243015
v 0.41760591 0.27775675 -0.10034215
v 0.16158029 -0.26244652 -0.32391572
v -0.04434983 0.16600424 -0.81365603
v -0.00790310 0.16691658 -0.83882225
v -0.12138715 0.04231887 0.80604935
v -0.12946063 0.00692558 0.80915308
v 0.62910497 0.21569607 0.25307509
v 0.26684424 -0.30370897 -0.03681534
v -0.00761017 0.19703554 0.55051392
v 0.07503717 -0.30342096 0.02389245
v 0.84322482 -0.00256421 0.21017179
v 0.82410675 -0.02062195 0.23333296
v 0.09522281 0.17115419 0.18178043
v -0.08929113 -0.17307137 0.38771781
v -0.01370438 -0.21890412 0.28031009
v 0.28251886 -0.18606509 -0.30308440
v 0.31435886 -0.24941452 0.21365273
v -0.16251828 0.05282493 -0.50685221
v 0.74511474 0.07897425 0.34785601
v 0.39849278 0.16288595 -0.28228995
v 0.37430120 0.15038332 -0.28888282
v 0.40362960 0.14344940 -0.30634961
v 0.83626801 0.16999123 -0.16021433
v 0.82973641 0.23102586 0.21532893
v 0.39537132 0.28144616 -0.03927306
v 0.42940497 0.28679466 -0.04625573
v 0.89872873 0.10043131 -0.00561216
v 0.90134919 0.12665370 -0.02679766
v 0.32067269 -0.29054427 0.03024466
v 0.09903804 0.17056039 0.15173908
v 0.12274227 0.17622605 0.17348312
v -0.11180478 0.08305097 0.79559696
v 0.60756195 0.10650854 0.31950030
v -0.12578923 0.10487510 0.48250225
v 0.43821797 0.14596120 -0.31829643
v -0.13392150 0.10027498 0.77276111
v 0.69188941 0.29913181 0.11275478
v -0.14172922 0.06394139 0.78468657
v -0.14852437 0.02462700 0.79235262
v -0.05261462 0.12474575 0.31700948
v 0.87902832 0.05175167 -0.03479727
v 0.86507916 0.03328562 -0.06072321
v 0.87187403 0.06761597 -0.06246235
v 0.41851655 -0.10625498 0.26226729
v 0.53788650 -0.05177846 0.29443079
v -0.03033826 0.14392221 0.33800319
v 0.31062454 -0.00703730 0.35413927
v -0.08054153 -0.13887995 0.11605243
v 0.15662614 0.13277501 0.59998178
v 0.07150850 -0.09907605 0.78732634
v 0.34716463 0.20039622 -0.21626033
v 0.14673033 0.17997785 -0.68335366
v -0.14221673 -0.05888126 0.79578501
v 0.66392505 0.31436908 0.06113209
v 0.20501441 -0.18613546 -0.39671049
v 0.36835203 -0.03620040 0.29065025
v 0.34332228 -0.01731981 0.31146240
v 0.33828458 -0.04869410 0.31569937
v -0.06294408 0.01888094 0.00633831
v 0.22519234 0.16095886 0.28561583
v -0.00821647 0.16449836 0.40571380
v 0.23170441 0.14221443 -0.54086709
v 0.23852813 0.10684607 -0.58403599
v 0.23020148 -0.03225454 0.52339059
v -0.05094820 -0.16821529 -0.79526234
v 0.35664293 0.03671269 0.29135269
v 0.36549386 0.06181282 0.27812046
v 0.60862041 -0.07203431 0.30735505
v 0.60061204 -0.04053995 0.31841126
v 0.52775824 0.23589557 0.19907066
v 0.25706869 0.11975709 0.33917958
v 0.27680331 -0.05656267 -0.42301181
v 0.28628039 0.09974141 0.32317728
v -0.06349860 0.06811999 -0.17773049
v 0.20840403 0.17700982 -0.50099236
v 0.30893362 -0.28468597 0.10144469
v 0.56442350 -0.02450687 0.31054053
v 0.81857687 0.00192326 0.25885817
v 0.16219991 0.15158734 -0.76624864
v -0.05114878 0.04819892 -0.05011099
v 0.89238834 0.19161978 0.19092657
v 0.38434967 -0.11528738 0.26584330
v -0.06730963 0.16608074 0.50877428
v 0.51418370 0.25118428 0.16929072
v 0.77030545 0.27939671 0.13507362
v 0.39201486 0.23647626 0.09546870
v -0.00336989 -0.22281559 0.30724722
v 0.11285887 0.18913117 0.00857038
v 0.21813136 -0.09495531 0.51931059
v 0.19444889 -0.09912795 0.55432290
v 0.19795939 -0.12333961 0.52497327
v 0.87419569 0.00647204 0.10789472
v 0.86860245 0.01295304 0.14088246
v 0.86657405 -0.01697280 0.12653762
v -0.14197326 -0.14553885 -0.73359179
v -0.11436864 -0.15903258 -0.74794000
v -0.09242719 -0.19921832 -0.24288598
v 0.59563982 0.22652440 0.23431417
v 0.76452798 0.01503893 0.31811908
v 0.26844597 0.00894022 0.44314575
v 0.27233458 -0.01552521 0.44662747
v 0.28378516 -0.01191680 0.41634652
v -0.03601304 0.20605408 0.70677954
v -0.03185680 0.21391258 0.66861844
v -0.06756374 0.20701320 0.68626428
v -0.09889335 0.12406692 0.46276703
v 0.90816301 0.16033846 -0.03381012
v -0.22832596 -0.01867565 -0.67830670
v 0.49288961 -0.23652999 -0.09005387
v -0.10786544 -0.07105741 -0.15762123
v -0.09559368 -0.06060015 -0.11300797
v 0.43003878 -0.25157815 -0.08292073
v 0.09870336 -0.27575058 -0.31599003
v 0.13602585 -0.20877223 0.44414166
v 0.54031122 0.11920868 0.28375083
v 0.51110667 0.10373905 0.27728030
v 0.31365201 0.23885411 0.04001920
v 0.72636324 -0.20707799 -0.07934013
v 0.60853207 0.26364148 -0.20769294
v 0.57549363 0.26040900 -0.21440594
v 0.15641168 0.18016291 0.16892022
v 0.28167942 0.17172879 -0.27199423
v 0.21170634 0.17315462 0.24862069
v 0.24114692 0.17461477 0.21638164
v 0.20304689 0.17908853 0.20998192
v 0.33743763 -0.20705254 0.25053516
v -0.01941206 0.20739873 0.59127444
v -0.10868324 -0.18508603 -0.41979301
v 0.57352364 -0.06111416 0.30371177
v -0.09140902 -0.18690874 0.46752986
v -0.11831111 -0.16516644 0.47839168
v 0.19421893 -0.27809459 0.23200679
v 0.40724286 -0.13618635 0.25728774
v 0.50830293 -0.28107882 0.13622694
v 0.64155209 0.04352495 0.34577739
v 0.18621162 -0.16158968 -0.45733744
v 0.14447674 -0.16974051 -0.51177979
v 0.23562714 -0.06411216 0.50699502
v -0.01656920 0.09105222 0.03064211
v 0.17880589 -0.03883783 0.63399762
v 0.75907964 0.05193105 0.33643049
v 0.34685791 0.24278538 -0.15597464
v 0.17140752 -0.19201912 0.45213327
v 0.19641432 -0.19726707 0.41826063
v 0.32704759 0.04521428 0.31312510
v 0.37109134 0.27691799 -0.06303900
v 0.43822739 -0.24123611 0.20761225
v 0.63142020 0.23920090 0.22917235
v 0.19889453 0.13794743 -0.69118792
v 0.16780955 -0.02463519 0.67585605
v -0.11017269 0.18829021 0.60898089
v 0.39852956 -0.27745134 0.04659441
v 0.36031049 -0.28243613 0.03773726
v 0.29728809 0.06322899 0.34165332
v 0.33404282 -0.28396946 0.07116413
v 0.84350663 -0.00749154 -0.08662603
v 0.85918361 0.00236814 -0.06267205
v 0.79441595 -0.01113926 0.27808598
v 0.57817566 -0.16598779 -0.18259367
v 0.54584813 -0.17491978 -0.17811693
v 0.55241555 -0.15246694 -0.21010211
v 0.47106019 -0.27706891 0.12884322
v -0.09714155 -0.17860247 -0.65095395
v -0.07887070 -0.18686841 -0.62874359
v -0.10196293 -0.18130288 -0.58075124
v 0.07058590 -0.13668282 -0.83015525
v 0.05385537 -0.29022479 0.10902345
v -0.05691246 0.12928540 0.35681212
v -0.03387673 -0.24082120 -0.36126116
v 0.15262651 0.19201583 0.06888241
v 0.27063796 0.12553041 0.30998409
v 0.14242443 0.15303287 0.56352353
v 0.13425484 0.15805060 0.60069424
v 0.46495488 0.29240274 -0.05305263
v 0.14232644 -0.13914746 -0.58829856
v 0.11858087 -0.13940914 -0.65238070
v 0.14328799 -0.11912572 -0.64439315
v 0.42240244 -0.27452308 0.01097569
v 0.62463319 0.18935806 0.27536976
v 0.29813424 0.18698996 0.16112694
v 0.26107129 0.18592590 0.15429118
v 0.26903412 0.17907895 0.18729971
v -0.08378410 -0.20685540 -0.40414593
v 0.01344153 -0.13998738 0.77685291
v 0.10467798 -0.18681057 -0.53425413
v 0.12769306 -0.20487310 -0.46064049
v 0.03462110 0.16118696 -0.22029993
v 0.19581145 0.10634708 -0.78566176
v 0.18689638 0.13299370 -0.75087547
v -0.07938668 -0.05855449 0.01584389
v -0.08028267 -0.08282694 -0.01372815
v 0.03666444 0.13969886 -0.06920950
v -0.07503276 -0.02107631 0.01087485
v 0.16361907 0.13372326 -0.83319998
v 0.64492619 -0.22873934 -0.07210018
v 0.46212080 0.07249017 0.26965734
v -0.14440291 -0.10027558 0.42506015
v 0.76294875 0.30409527 -0.02470793
v 0.23166129 0.21172023 -0.17842558
v 0.31473950 0.16191772 0.22073957
v 0.06972908 0.16054550 0.13474113
v 0.12065472 0.15995660 0.66889423
v 0.23972154 -0.09513736 0.48462930
v 0.83067292 0.28252941 -0.07280885
v 0.88442492 0.13716920 0.21819872
v 0.30562529 -0.28367937 -0.10244570
v 0.29289904 -0.29470742 -0.06448489
v 0.78759784 0.26548880 -0.17599161
v 0.80550808 0.24863955 -0.18086068
v 0.21890289 0.17936754 -0.43026116
v 0.69811434 -0.08497837 -0.20884554
v 0.70097196 -0.05776054 -0.22808105
v 0.62580919 0.27372569 -0.17966720
v -0.03144078 0.19226952 -0.65668857
v 0.73470420 0.10999933 -0.26202253
v 0.15275830 0.14973123 0.51943326
v -0.03816040 0.18979552 0.74094284
v -0.07080439 0.19349393 0.72165626
v -0.07453308 0.16629985 0.75525218
v 0.32258627 -0.24057616 -0.18409860
v 0.04937254 0.17714876 -0.27511987
v 0.03900243 -0.27063102 -0.31483874
v 0.06405567 -0.26350141 -0.34762469
v 0.06991497 -0.27912325 -0.30121157
v 0.02349068 0.17980477 -0.81952143
v 0.02875301 0.16542634 -0.86107606
v 0.48563823 -0.27243531 0.16718626
v 0.00735992 0.13799682 0.21077254
v 0.04222482 0.19730791 -0.45199946
v 0.36011237 -0.07247880 0.29063439
v 0.34016070 -0.10374382 0.29784536
v 0.18392822 0.10873704 -0.83044606
v 0.15665340 -0.31654495 0.01870285
v 0.21728650 0.02832083 0.54020649
v 0.20925391 0.00648978 0.56607080
v 0.22447112 -0.00024748 0.53282958
v 0.87455809 -0.04218660 0.06588568
v 0.55199039 0.26521468 -0.19476104
v 0.58026034 0.01031918 0.32319334
v 0.56363225 0.04139660 0.31538561
v -0.14008278 -0.15528314 -0.50759315
v -0.12996116 -0.16299573 -0.43311349
v -0.14670900 -0.14029868 -0.44052237
v 0.19810346 -0.26748478 0.26045907
v -0.15093672 -0.14857145 -0.57811272
v -0.14067359 -0.15664048 -0.64036930
v -0.12916937 -0.16538283 -0.57841599
v 0.54059559 -0.19613685 -0.14800306
v 0.57046330 -0.18951841 -0.15130410
v 0.37417808 0.00237656 0.28816092
v 0.44410989 0.28575286 -0.08255629
v 0.31183466 0.19850020 0.13048191
v 0.28369632 0.19244137 0.13469602
v 0.17204815 0.17913911 0.23921800
v -0.16437536 -0.08089119 -0.41232902
v -0.07325008 0.17900924 0.54616940
v 0.35366619 0.18400194 0.18311808
v 0.38210475 0.17264913 0.20641056
v 0.10185517 0.17944261 0.48897055
v 0.10624386 0.17867932 0.45713565
v 0.41774011 -0.07293613 -0.30013984
v 0.44317052 -0.07297282 -0.30460107
v 0.42931068 -0.03975699 -0.31988242
v 0.40295783 -0.04422654 -0.31287122
v 0.38729718 0.08107001 0.26567546
v 0.29195884 0.07999797 -0.42289352
v 0.31437823 0.06665459 -0.38060504
v 0.31451941 0.02990539 -0.39202183
v 0.38743973 -0.27880943 0.00524540
v 0.31412694 0.23109496 -0.17005485
v -0.00111053 -0.27199864 -0.20802003
v -0.02707362 -0.25763524 -0.18831943
v 0.39495164 0.04235157 0.27478850
v 0.14169580 0.10882956 0.71405071
v 0.06654456 0.19406568 -0.36251491
v 0.37709925 0.14762092 0.23129305
v 0.70346344 0.16618262 0.31653824
v 0.47478375 -0.10271119 -0.28398743
v 0.00185001 0.10792793 -0.90879792
v 0.23517925 0.06079428 0.47246376
v -0.13044360 -0.09704410 -0.24770887
v 0.21152493 -0.06385812 0.54869860
v 0.19039518 -0.25749141 -0.30970258
v 0.40152025 -0.24578981 0.19438542
v 0.67379612 0.01383791 -0.29475340
v 0.28870496 0.03972771 0.37589386
v 0.27738547 0.06759087 0.37439919
v 0.26909158 0.05618554 0.40358344
v 0.68262625 0.04500413 0.35223803
v -0.10012156 0.19236238 0.70026720
v 0.62146246 -0.10288079 0.29615265
v -0.06440821 0.08624604 0.24467304
v 0.88726753 0.07850894 0.12928304
v 0.89528453 0.09316149 0.10098052
v 0.90135992 0.12252823 0.12922421
v 0.06052741 -0.29304802 -0.18237896
v 0.75048965 -0.19922517 -0.07151125
v 0.27855048 0.16805862 0.22014108
v 0.44988456 -0.26907879 0.15594992
v 0.72711176 -0.22880821 -0.04001986
v -0.03783616 0.03579439 0.83863389
v 0.42737898 -0.00176182 -0.33421609
v 0.58558202 0.07218383 0.32114032
v 0.60160023 0.04191909 0.33262026
v 0.41139370 -0.27272916 -0.02341069
v 0.39647785 -0.05565054 0.27513644
v 0.41394097 -0.27467740 0.09424517
v 0.65435934 -0.04451638 -0.28017029
v 0.71769387 -0.17392340 -0.11711930
v 0.02601640 0.13157585 -0.08523647
v 0.26241365 -0.21183054 -0.29894999
v 0.17591685 0.13122433 -0.79812437
v 0.42431030 0.07340862 0.26514292
v 0.44778320 0.10218599 0.25959620
v 0.10803626 -0.23386751 -0.41388243
v 0.08879536 -0.21060140 -0.48770210
v 0.78724742 0.30096859 0.00289727
v 0.04009962 0.14706646 0.15364945
v 0.25555846 -0.06406780 0.47298828
v 0.33522984 0.12715207 -0.30068514
v 0.31396306 0.15276968 -0.28085154
v 0.33601952 0.14222232 -0.28910035
v 0.50166583 0.29162410 -0.09437835
v 0.33933377 0.10951526 -0.30958465
v 0.33162093 -0.28129494 -0.07700336
v 0.35722300 -0.27968323 -0.05095338
v -0.06736419 -0.17972124 0.08687794
v -0.06123044 0.18682180 -0.71718967
v 0.54757470 0.25485501 -0.22080068
v 0.73916936 0.07075439 -0.24753417
v 0.11515797 0.17282714 0.52719212
v -0.08630523 -0.03702801 0.82799500
v 0.90480888 0.17673708 0.16375628
v 0.20627102 -0.17475693 0.44696331
v -0.08815699 -0.09154266 0.16171087
v 0.36535186 0.27485237 -0.02842789
v 0.00406858 0.13661090 -0.19310589
v 0.05686293 0.17528674 -0.84070796
v 0.53972536 -0.10366969 0.28332275
v 0.57985044 -0.09716052 0.29369357
v 0.54997659 -0.07820231 0.29223660
v 0.31984615 0.22509611 0.07220092
v -0.14630482 -0.12633152 -0.37523457
v -0.13769640 -0.11801369 -0.30497640
v -0.15278472 -0.09585898 -0.36206621
v -0.22671866 0.04997997 -0.69293696
v 0.61646903 0.01158244 0.33702523
v -0.20041412 -0.10063341 -0.64604628
v -0.18711033 -0.10811758 -0.59673119
v -0.20032007 -0.08663237 -0.60539144
v 0.24667788 -0.15891469 0.41728967
v 0.26447257 -0.14526047 0.40133399
v 0.25385627 -0.13380922 0.43171212
v 0.29258892 0.25146291 -0.12497139
v 0.02536451 -0.28126264 -0.22774620
v -0.08570434 -0.21151994 -0.28828403
v 0.85313076 -0.02283931 -0.06779830
v 0.59400547 0.06304239 -0.34848198
v 0.13924375 0.17910743 0.19455917
v 0.16711810 0.18049942 0.20169997
v 0.82551622 0.27440327 -0.10853970
v 0.34072804 -0.26510495 -0.11784819
v -0.22190094 -0.05838928 -0.67823076
v 0.34015748 0.25424671 0.02164434
v 0.53135294 0.08558747 0.29143664
v 0.55325866 0.06893943 0.30645701
v 0.56621069 0.09861404 0.30387169
v -0.01116318 0.10540119 -0.11431049
v -0.05108283 0.06498711 -0.12122947
v -0.02916883 0.08121601 -0.07864636
v 0.42640087 -0.25793922 0.17666748
v -0.01014387 -0.19509961 0.63561523
v 0.33878720 0.01326611 0.31195694
v 0.03559821 0.14081523 -0.89795291
v 0.85107785 0.28056556 -0.03349568
v 0.79254210 0.27778047 -0.14339373
v 0.19347090 -0.05031294 0.59176093
v 0.23139036 0.20424569 -0.19783817
v 0.36762238 -0.21791290 -0.17520463
v 0.31588426 0.24876769 -0.13984621
v 0.13152677 -0.11519191 -0.70375717
v 0.36598971 0.26746467 0.00396720
v 0.37020034 0.25653747 0.03524596
v 0.31157890 0.02184662 0.34367746
v 0.33350196 0.19391906 0.15450309
v 0.32345426 0.18350253 0.17757373
v 0.04425332 0.18847448 -0.76508582
v 0.07344206 0.18561834 -0.75901240
v 0.06901783 0.18336721 -0.78703701
v -0.09047542 -0.09690951 -0.09692021
v -0.08510530 -0.09315363 -0.06771593
v -0.07374568 -0.22068436 -0.33599043
v 0.04563333 0.14788468 -0.05348000
v -0.01275758 -0.16702810 -0.81158590
v 0.42833087 0.02809520 -0.34178740
v 0.79621619 0.28905618 0.07899949
v 0.09594177 0.18104580 0.66496038
v 0.10981657 0.17442662 0.62676656
v 0.56115425 0.21274655 0.23613128
v -0.05081872 0.18386140 -0.74967241
v 0.40362915 -0.02436373 0.27627134
v 0.42643616 -0.04365527 0.27062428
v 0.89009053 0.06975909 -0.00681758
v 0.88301820 0.03981821 -0.01012520
v 0.44046876 -0.27394015 0.12283839
v 0.00426454 -0.27390337 -0.16988386
v -0.08158599 0.06748673 -0.23985384
v -0.06687442 -0.19128050 0.65751266
v 0.51737535 -0.15835810 -0.20718342
v 0.75880343 -0.10447130 -0.14656578
v 0.79793864 -0.09493548 -0.11603056
v 0.81890666 -0.10084257 -0.08836401
v 0.59454304 0.25171447 -0.23649748
v 0.33455643 -0.01036915 -0.35690004
v 0.33131799 0.03764949 -0.36032432
v 0.76574451 -0.07610871 -0.15601578
v 0.07545529 0.17099704 0.00213360
v 0.79733831 0.05555559 0.31138971
v -0.03000584 -0.20769273 0.30592656
v 0.39211556 -0.08615774 0.27068004
v 0.48782125 -0.21823592 -0.12304486
v 0.01170821 -0.14987250 -0.84473729
v -0.14827707 -0.06113003 0.40674305
v -0.14928126 -0.01606493 0.79645723
v -0.17193580 -0.08123255 -0.78435528
v -0.08146942 0.16447690 -0.77891254
v -0.19006020 -0.09848861 -0.73642957
v 0.02984166 -0.03551856 -0.91760355
v 0.02765969 -0.18648620 0.63171768
v 0.31988782 0.16259566 -0.26697975
v 0.39539477 -0.17025729 -0.21381347
v 0.77767003 -0.11675785 -0.12370421
v 0.77904230 -0.09248801 -0.13643721
v -0.00642100 -0.20778476 0.56292540
v 0.27836195 0.02376609 0.41026032
v 0.55051625 -0.15682507 0.27351013
v 0.56353402 -0.13023862 0.28214577
v -0.04333611 0.09961817 0.21979001
v -0.07706866 -0.03536256 0.04474351
v 0.27909911 -0.30214781 -0.01179240
v -0.07264713 -0.15479143 -0.00388819
v -0.03401241 0.14837790 0.38011083
v 0.62864965 0.25373775 -0.22880624
v -0.03070116 0.16725492 0.77011389
v 0.65383351 0.01102677 0.34434524
v 0.03415713 -0.11060086 0.80013961
v 0.16781843 -0.19560207 -0.43019697
v 0.47254309 0.00189326 -0.34466279
v 0.77803671 -0.18670203 -0.06052158
v -0.04088182 -0.19735779 0.63607013
v 0.63722205 0.26490283 -0.20314942
v 0.10441837 0.18662204 -0.03264870
v -0.09946087 0.17802900 0.72902173
v 0.69852996 0.26899439 -0.19002032
v 0.12675476 -0.28449756 0.21636963
v -0.21237502 -0.07718623 -0.70939720
v -0.19432008 -0.01730905 -0.54599506
v -0.20379135 -0.05436037 -0.58679634
v -0.11831932 -0.17486151 -0.50150412
v 0.04501902 0.10490865 -0.92384064
v -0.08616218 0.13959122 -0.82445395
v 0.30220184 0.17623685 0.19370115
v 0.09517512 0.05551846 -0.93862909
v -0.09299527 -0.19348614 -0.48644269
v -0.08087578 -0.10721445 -0.04392300
v 0.53750592 0.22069614 0.22072768
v 0.88099390 0.01435170 0.00675230
v 0.73582184 -0.21610312 -0.05976267
v 0.75787020 -0.21377297 -0.03902158
v 0.35241070 -0.00829796 -0.33496165
v 0.34478918 0.01883934 -0.34284386
v 0.01799536 0.18731850 -0.77935618
v -0.05181193 -0.20931579 0.07065237
v 0.59060889 -0.27003789 0.03484150
v 0.61231345 -0.26708949 0.21064132
v -0.12464510 -0.16108806 -0.70149785
v -0.15496086 -0.14498453 -0.68193501
v 0.23794293 -0.11557682 -0.43219173
v -0.03387933 -0.22641192 0.12951867
v -0.05351551 -0.20356958 0.10849224
v 0.03850686 -0.21532609 0.49021789
v 0.25522357 0.21736124 -0.17875791
v 0.76893735 0.00854402 -0.18560956
v 0.75825685 -0.02258372 -0.18660483
v 0.78264141 -0.01306307 -0.16136247
v 0.85795158 -0.02132339 0.15351257
v 0.55655128 -0.13045239 -0.24115965
v 0.49850491 0.29657203 -0.06280426
v 0.28751281 0.23918764 -0.14986011
v 0.28279546 0.22280830 -0.17769140
v 0.41154739 0.05431654 -0.33907834
v -0.09180921 -0.02428044 -0.11014038
v 0.34436277 -0.21785997 -0.19520789
v 0.30389899 -0.14693688 0.32438311
v 0.75942445 0.06470501 -0.22075300
v -0.13162968 -0.05949485 -0.24572209
v 0.41698956 -0.26815552 0.14029956
v 0.04919655 0.18378101 -0.80095249
v 0.08018555 0.17632805 -0.81979144
v 0.28073668 -0.08062014 0.41535968
v 0.27290875 -0.11457211 0.41186765
v -0.08906083 0.20205586 0.62688768
v 0.21958584 -0.12320288 0.49397621
v 0.23849741 -0.12638259 0.46267083
v 0.25782964 0.08629419 0.39145979
v 0.27065918 0.09207854 0.35762739
v 0.38746217 0.27659658 -0.01182014
v -0.07167171 -0.22577892 -0.24421419
v 0.83907324 0.20782733 -0.15762214
v -0.02709446 0.21391563 0.62971282
v -0.06207502 0.21133631 0.64802390
v 0.24860865 -0.21978892 0.32072800
v -0.06381486 0.10007269 0.26935688
v -0.22012585 -0.03941863 -0.64085197
v -0.21235725 -0.07391261 -0.64054805
v -0.12522662 -0.09992345 0.35091025
v -0.09408741 -0.15740980 0.34500489
v -0.06968430 -0.18509074 0.35947940
v 0.19746411 -0.14636970 0.49879721
v 0.47616759 0.29140529 -0.08036806
v 0.81304246 0.02783407 0.28363618
v 0.78893220 0.01316455 0.29915944
v 0.23244289 -0.15497214 0.44221655
v 0.21539992 -0.14996289 0.47071955
v 0.41518256 0.28179070 -0.01336426
v 0.21155143 -0.02618144 0.56044841
v 0.28629819 -0.04668431 0.41320822
v -0.22417700 -0.00464175 -0.64626825
v 0.25086826 -0.07802285 -0.44877833
v 0.42716482 -0.26386327 -0.05168907
v -0.04044767 -0.20020561 0.27508232
v -0.02510275 -0.21315683 0.25606877
v 0.16205615 -0.17957753 0.48688641
v 0.18945011 -0.16844063 0.47631392
v -0.00387039 0.19951639 0.72501957
v 0.00053303 0.20974909 0.68778545
v -0.12739752 0.18268523 0.67813754
v -0.15063244 0.07991148 0.50069368
v 0.59088701 0.20135704 0.25499341
v 0.00356770 0.21303479 0.64724755
v 0.10304781 -0.08437607 0.76750195
v 0.11914385 -0.05057768 0.77438217
v 0.25142401 -0.23695771 0.28842878
v 0.62721604 -0.01805362 0.33239338
v -0.13347596 -0.13593180 0.44752309
v 0.06428688 0.13314807 0.78857797
v 0.64836830 -0.22777106 0.24873227
v 0.53271508 -0.14037469 -0.23307110
v -0.09579247 -0.16956073 -0.73650563
v -0.09992446 -0.17340858 -0.69378704
v -0.03470021 -0.18656643 -0.70478284
v 0.45668176 0.12528121 -0.33733225
v 0.80627918 -0.16711549 -0.04944661
v -0.09368213 -0.00952018 0.21942779
v -0.10566314 -0.02002891 0.25377357
v 0.31972897 0.21134549 0.10196541
v 0.01620504 0.18287323 -0.39456514
v -0.06187527 -0.23406287 -0.28332630
v 0.55946308 0.18933107 -0.32993889
v -0.08331115 -0.18084893 -0.67982435
v -0.05917479 -0.18631719 -0.68007702
v -0.14851663 -0.11509128 0.46384063
v 0.13661289 0.02181336 -0.92441028
v 0.14724264 -0.01068612 -0.90506744
v 0.67968160 0.14297760 0.32692054
v 0.53169721 0.29790449 -0.07700440
v -0.08608246 -0.02932841 -0.08223595
v 0.56130534 0.24781650 -0.24148357
v -0.09058022 0.17445901 -0.73534578
v -0.12285277 0.16421109 -0.71643591
v 0.23196810 0.02762794 0.50646693
v -0.10805942 0.03312153 -0.25125921
v 0.60088718 0.11609930 -0.34748164
v 0.87796497 -0.00446936 0.07253046
v 0.88303709 0.03712662 0.08416043
v 0.88358188 0.02273282 0.04461768
v 0.89032388 0.06079873 0.05423228
v 0.20719966 0.03109089 0.56553042
v 0.20042941 0.05163782 0.57306856
v 0.65334547 -0.24300323 -0.03768461
v 0.00225258 -0.17272049 -0.78314567
v 0.01565991 -0.17668381 -0.73545641
v -0.07115585 -0.00847675 0.07298376
v -0.12398921 0.05731747 -0.37218082
v 0.81557912 -0.13507986 -0.06989477
v 0.47270027 0.28474492 -0.10610083
v 0.71473795 -0.22174202 -0.06440437
v 0.90756023 0.12711392 0.08909686
v -0.10967755 -0.12090701 0.31925687
v -0.09817834 -0.12986732 0.28020573
v -0.09432487 -0.14837173 0.31069055
v -0.10981923 -0.16702020 -0.24248968
v -0.07827379 -0.03001352 0.11322647
v 0.09674609 0.18043810 -0.06306759
v 0.08345524 -0.29812753 0.12709692
v 0.05721267 -0.28687048 0.13910821
v 0.00370873 -0.18387099 0.67137909
v -0.03431302 -0.19036593 0.66968787
v 0.76661670 -0.01902902 0.29682162
v 0.05980116 -0.17966294 -0.63221461
v -0.02229463 -0.17856097 0.70843673
v -0.00536669 -0.16226526 0.74549383
v -0.06895874 0.00432710 0.11023028
v 0.25389740 -0.00316491 -0.51431471
v 0.25675362 -0.04022525 -0.47334233
v 0.24073210 -0.03391141 -0.51772577
v 0.09859667 -0.14042574 -0.71640539
v -0.13847268 -0.00438059 -0.31083137
v 0.06910836 -0.22818695 -0.45224482
v 0.26354381 0.17510597 -0.28380460
v -0.08462432 -0.00191469 0.19350842
v 0.53954369 0.17114368 -0.34136465
v 0.53294379 0.18866777 -0.32852840
v 0.70245463 -0.13138163 -0.16356979
v 0.71245974 -0.10122666 -0.18346207
v 0.86059737 -0.05162758 0.12794378
v 0.63204551 -0.24908693 0.23276338
v 0.79376203 0.23325852 -0.20402451
v 0.79212552 0.20696235 -0.21275777
v -0.20561478 0.09716090 -0.71859503
v -0.01568292 -0.24134828 0.14847861
v 0.86017185 0.01753708 0.17860061
v 0.32991037 -0.25344229 -0.15459029
v 0.21863079 -0.05681195 -0.54820961
v 0.43111128 0.27915919 0.01566349
v 0.31060895 0.20921056 -0.20170750
v 0.23591223 0.07047925 -0.61990547
v 0.25181952 0.06943596 -0.55664116
v 0.01804581 -0.00617491 0.84335393
v 0.02266740 -0.27734792 -0.26173213
v -0.00131662 -0.26620275 -0.28373155
v 0.03502071 -0.15106654 0.74321014
v 0.22645465 -0.23694433 0.31171513
v 0.21910894 -0.25361538 0.28100997
v -0.12731510 -0.14916614 0.73748469
v -0.12089982 0.18902491 0.64137298
v -0.09641884 0.20138383 0.66432077
v 0.58292741 -0.15857932 0.27749386
v -0.11911457 -0.07747129 0.30536833
v 0.07702484 0.18382037 0.46943268
v 0.04839611 0.18634173 0.48641500
v 0.02377779 0.18186152 0.46476856
v 0.17476082 -0.24392255 -0.34707564
v 0.41002372 -0.26346552 -0.06730235
v 0.28985450 0.17206585 -0.26489329
v 0.14242378 -0.19526477 0.47267053
v 0.89055616 0.07005829 0.08261362
v 0.89887428 0.09512855 0.06776433
v -0.06690103 -0.18056895 0.70237947
v 0.42249113 0.07739368 -0.34109515
v 0.43284479 0.05180429 -0.34532386
v 0.51512063 -0.18409629 -0.16945469
v 0.43886405 0.10014467 -0.34089535
v 0.42256144 0.12495671 -0.32674307
v 0.05784515 -0.16448708 -0.71432555
v 0.35954273 -0.24100541 -0.14833161
v 0.34514111 -0.23440550 -0.17168982
v 0.55446285 0.18570280 0.25404227
v 0.51757938 -0.22254710 -0.11065327
v 0.49382767 0.12472726 -0.34799957
v 0.47416589 0.09676288 -0.34959272
v -0.07791501 -0.12019660 -0.01210980
v 0.27248976 -0.05920623 0.44252163
v 0.26055920 -0.09660713 0.44717965
v -0.10832386 -0.09471458 0.27425531
v 0.49331728 0.06540210 -0.35457677
v 0.45541367 0.06603036 -0.34905133
v -0.00843745 -0.24838342 -0.36393538
v 0.45398852 -0.09323137 -0.29077691
v -0.05905055 0.02509334 0.04449573
v -0.07031293 -0.00344834 0.03596354
v 0.27640763 0.20825770 -0.20107476
v 0.47737393 0.20396890 0.20832711
v 0.49372694 0.22820134 0.18947862
v 0.70155078 -0.02440234 -0.24961314
v 0.54620028 -0.22403894 -0.10310416
v 0.90944910 0.15871307 0.14071816
v 0.30586320 0.17973924 -0.24451479
v -0.07318246 -0.20133604 0.49967834
v 0.07827505 0.19090071 0.59673619
v 0.07292648 0.19409496 0.64260423
v 0.26593041 -0.03551294 0.46092764
v 0.06546514 0.16263640 -0.05160622
v 0.38725433 -0.27022690 -0.06256026
v -0.08953673 0.00013215 -0.12651552
v 0.38300368 -0.27709788 -0.03139144
v 0.81470495 0.22364645 -0.18560748
v 0.88815874 0.09694720 0.16145109
v 0.10949411 0.17715332 -0.75750595
v 0.14069578 0.17043391 -0.73684418
v 0.34620842 0.24103491 0.05467126
v 0.89345527 0.25936294 0.03323324
v 0.73947436 0.27361691 -0.17922963
v 0.36520794 -0.09947498 0.27812767
v 0.01954380 -0.16885027 0.70831770
v 0.43961176 0.24116202 0.12652907
v 0.08503409 0.09843358 -0.93100047
v 0.07088920 -0.19391321 -0.55916792
v 0.00236822 0.21137072 0.61293507
v 0.88813108 0.08681446 -0.03354345
v 0.00862887 -0.26267308 -0.32005027
v 0.02241781 -0.27277493 -0.29082581
v 0.49876878 0.01205950 -0.34971213
v 0.40408981 -0.27040839 -0.04759008
v -0.19760862 -0.10583681 -0.69158792
v -0.05402547 -0.19782577 0.14660557
v -0.07102770 -0.16829509 0.12481129
v 0.30457088 -0.02339841 -0.39769650
v 0.23286784 -0.01075155 -0.57065427
v 0.35968208 0.13606897 -0.29845995
v 0.38088542 0.13417630 -0.30669081
v 0.37914518 0.11365205 -0.31777841
v -0.08128705 -0.16015239 0.28711781
v 0.12361711 0.05042603 -0.93470240
v 0.88798457 0.04952273 0.01891361
v 0.67746496 -0.05063836 -0.25572473
v 0.83081013 -0.14215048 -0.03712061
v 0.76260495 -0.24300526 0.08360840
v 0.78798366 -0.22396521 0.06562980
v -0.03353753 -0.22124900 0.16348223
v 0.04823942 0.19756708 0.56902492
v 0.03771667 0.20485052 0.61628699
v 0.09612913 0.17547086 -0.79361427
v 0.25054696 0.02125806 0.47216472
v -0.02013425 -0.25337303 -0.31922680
v -0.07438360 0.02710390 -0.11230290
v 0.87130076 0.09715684 0.22652087
v 0.85716146 0.04365486 0.21603137
v 0.87384564 0.07058135 0.18929575
v -0.06408749 -0.17727976 0.26393601
v -0.05828510 -0.18619968 0.29805166
v 0.42289695 0.15889037 -0.29880717
v -0.12401525 0.00714480 -0.26406309
v 0.00264575 0.11329764 -0.08887267
v 0.76280928 0.29093957 0.09862722
v -0.13713655 -0.14894651 -0.38576871
v -0.00079277 -0.21965943 0.42968675
v 0.57086062 0.16840151 -0.34238902
v 0.55124378 0.14683086 -0.35118324
v 0.34929419 -0.04607459 -0.33141598
v -0.06177276 0.03802188 -0.08387745
v 0.29593709 0.00601718 0.37992322
v 0.63421899 -0.21183048 0.26130155
v 0.82994306 -0.14312750 0.15976432
v 0.29546958 0.21266663 0.08531566
v -0.08540601 -0.12764694 0.18549684
v -0.07832365 -0.15257117 0.20879024
v -0.08977153 -0.12676182 0.21830204
v 0.88726538 0.11689562 0.19421576
v 0.89989698 0.13909216 0.16562152
v -0.06296929 0.02451196 -0.02761167
v -0.09321819 -0.18224674 0.67756337
v 0.51787138 -0.07689792 0.28294450
v 0.15201142 -0.22633727 -0.39539167
v 0.29288781 -0.13645267 0.35261315
v 0.68556780 0.26751319 0.19220278
v 0.35381529 0.11843719 -0.30812126
v 0.19033089 -0.31614721 0.01355733
v 0.28846908 0.20145860 0.10930550
v -0.15495399 -0.13239627 0.73097247
v 0.79263562 0.29689446 0.03691522
v 0.27289361 0.18689430 -0.24267600
v 0.25737029 0.19706467 -0.22141509
v 0.63631791 0.31431848 0.06739004
v 0.02391300 -0.23124863 -0.45425639
v 0.13813725 0.17978698 0.22378042
v 0.02043854 0.17634627 0.42785278
v 0.44283625 0.26398212 -0.14493890
v 0.33705151 0.05737413 -0.34015208
v 0.32152522 0.18931012 -0.22988851
v 0.83889383 0.01965749 0.23902479
v 0.91311669 0.23624581 0.05533072
v -0.00955788 0.18099743 -0.79825169
v 0.22202736 -0.24706592 -0.29670361
v 0.29432446 -0.29817712 -0.03166378
v 0.03886202 0.15119496 0.19084841
v 0.24839455 0.20421489 -0.20430949
v 0.25528473 0.20812127 -0.19808790
v 0.26772130 0.19965550 -0.21559602
v 0.01185907 0.16943026 -0.32715228
v 0.45295265 -0.11244875 -0.26994002
v 0.03420377 -0.22123788 0.44779813
v 0.03113274 -0.22586907 0.40398294
v 0.85363114 0.21001950 0.22998923
v 0.17966348 -0.04122225 -0.75387895
v 0.20035529 -0.01221865 -0.71207237
v 0.09649152 0.17156357 0.69895232
v 0.12322909 -0.23387901 0.37889570
v 0.05376554 -0.21164177 -0.51449913
v 0.11915294 0.08727799 -0.92998433
v -0.08402459 -0.14692377 0.24740636
v 0.88654774 0.06400905 0.10413213
v 0.32633176 -0.06086324 -0.35168079
v 0.11174908 0.17462322 0.57732451
v 0.08110081 0.18699160 0.55027711
v -0.02584862 0.10316543 -0.15877983
v 0.01459742 0.13283682 -0.14607219
v 0.26349968 0.08964792 -0.50079650
v 0.61892575 -0.16197677 0.27788976
v 0.62996805 -0.19052239 0.26953328
v 0.65450162 -0.17067941 0.27173057
v 0.34911162 0.16355205 0.21441868
v 0.42473066 -0.17750341 -0.19358480
v 0.03110301 0.13778473 -0.11309087
v 0.59724963 -0.01333004 0.32642406
v 0.08640916 -0.17682229 -0.59524590
v 0.11313384 -0.16197255 -0.59039581
v 0.02391393 0.19683051 0.54609376
v 0.01469278 0.20437439 0.58056426
v 0.04190417 -0.16097857 -0.78295636
v 0.02669963 -0.15823224 -0.82199806
v -0.05119210 -0.24399830 -0.24674410
v 0.22142354 0.10828702 -0.65857887
v 0.79914099 -0.03521870 -0.13549832
v 0.82313859 -0.02114040 -0.11037718
v 0.81631255 -0.06220318 -0.10713999
v 0.32875916 0.17450234 0.19766718
v 0.25749376 -0.29310703 -0.12647320
v -0.10836417 -0.16949859 0.70752567
v 0.48011753 0.03528007 -0.35159951
v 0.45162627 0.03170336 -0.34742057
v 0.32445768 -0.00390749 0.33138096
v 0.25929433 0.04171530 0.43877980
v 0.04134553 -0.27424735 0.16267589
v 0.27748305 -0.03319107 0.43728516
v 0.06423932 0.16010758 -0.87993950
v 0.89840817 0.09029663 0.02732085
v -0.04802384 -0.19680406 0.21406129
v -0.02924275 -0.21874039 0.19631740
v 0.31168500 -0.23146118 0.24269018
v 0.17082149 0.15800823 -0.71702772
v 0.81701684 0.26286834 -0.14778289
v 0.87864852 0.04166763 0.12069687
v 0.87076217 -0.02929817 0.09942742
v -0.20504415 -0.05768257 -0.74941319
v 0.07342764 0.13475972 -0.91105717
v -0.17939235 0.12140052 -0.73250943
v 0.86646318 0.27729520 0.00964396
v 0.45151350 -0.02032337 -0.33390781
v 0.44538298 0.00748641 -0.34194738
v 0.84321177 0.11424016 0.28703645
v 0.11765019 -0.29343289 0.18126506
v 0.09093951 -0.28071767 0.20684937
v 0.07980768 -0.28828949 0.16610804
v 0.61394769 -0.20730694 0.26417798
v 0.79483861 0.28146356 0.11395274
v 0.65324056 0.30020168 0.12391703
v -0.04888722 0.18223271 -0.61640048
v 0.20852205 -0.03053920 -0.63086331
v 0.10439896 0.01269838 -0.93291110
v -0.03234016 -0.21188529 0.41068241
v 0.18876755 -0.07927948 0.58258742
v 0.32368988 0.13397570 -0.29709411
v 0.28890133 0.03475881 -0.44445649
v -0.17291355 -0.12661524 -0.71250755
v 0.00293452 0.11235599 -0.06536902
v -0.10115487 0.12562674 0.77607262
v 0.75917029 0.26262707 -0.19590735
v 0.15973341 -0.31443495 -0.04074340
v 0.15220505 -0.29384392 0.18960778
v 0.83870411 -0.14284182 0.13319777
v -0.10041419 -0.18627633 0.51003730
v -0.12666419 -0.16481043 0.52550918
v 0.15419936 -0.16783443 0.51728868
v 0.91009265 0.12751737 0.05088596
v 0.57998252 -0.26075900 -0.00564102
v 0.26860037 0.18577503 -0.24972473
v -0.09440623 -0.09867954 0.20668063
v 0.07635411 0.19076008 -0.72086751
v 0.04330142 0.19255994 -0.73059171
v 0.72448581 0.30058682 0.08522865
v 0.75434685 0.30098480 0.05402146
v 0.04239167 -0.22485124 -0.47547641
v 0.85075283 -0.08569108 0.14226158
v 0.76028037 0.28407446 -0.14526731
v 0.76810634 0.27504301 -0.17005681
v 0.86723876 -0.06495489 0.09294951
v 0.11033659 0.10862184 0.77210242
v 0.81741548 0.29412061 0.01542454
v 0.04348645 -0.17082883 0.66765201
v 0.16451895 -0.05130149 -0.80761904
v 0.49653539 0.18790498 0.23087770
v 0.58466291 0.14404154 -0.34815997
v -0.18915913 -0.08405581 -0.55091286
v 0.00605550 -0.24005957 -0.41267696
v 0.04920132 0.19113199 0.52697390
v -0.12909563 -0.02224755 -0.25133651
v 0.28490499 -0.28620106 -0.12226939
v -0.04856145 -0.19686712 0.33309215
v -0.07635279 -0.17286561 0.32224810
v 0.51651162 0.15008381 -0.34574479
v 0.65145952 -0.07309136 -0.25768250
v -0.14513260 -0.12100007 0.75869536
v 0.37745693 0.24518150 0.06561933
v 0.48205873 0.10313140 0.26723379
v 0.27514315 -0.15435617 0.37078077
v 0.28689694 -0.15830900 0.34493074
v -0.03905823 0.17976347 -0.78022927
v 0.85747105 0.10615747 0.26296014
v 0.85073775 0.06268792 0.24960747
v -0.16973442 -0.12967615 -0.58575094
v 0.09530962 -0.28567302 -0.28644046
v 0.70677453 -0.21242996 -0.08251831
v -0.04771496 -0.23958258 -0.32375297
v -0.11658389 -0.16983676 -0.64623916
v 0.85033774 -0.11350848 -0.02341058
v 0.83686459 -0.10863571 -0.05710557
v 0.11379514 -0.30142951 0.14617698
v -0.15831801 -0.13337475 -0.51330429
v -0.16049919 -0.14276540 -0.63082820
v -0.01110808 -0.21738268 0.34101629
v 0.25368091 -0.19564392 -0.32746550
v 0.34773397 0.18384331 -0.23903662
v 0.06916087 0.16203868 0.17019589
v 0.02441745 -0.25653082 -0.35781324
v -0.17956451 -0.12518822 -0.65304834
v 0.28237176 -0.12796727 0.38171956
v 0.45949379 -0.05255776 -0.32073963
v 0.78960675 -0.06806400 -0.13574563
v 0.53607100 -0.21173863 -0.12529674
v 0.34347904 -0.23018728 0.22524628
v 0.18936613 -0.21736766 -0.37313336
v -0.05136456 -0.19669868 0.18215497
v 0.03710601 0.20525263 0.66490757
v 0.34146366 -0.08230506 -0.32513663
v -0.08289234 -0.19814183 0.53274310
v 0.46813694 0.13044164 0.25410023
v 0.40788707 0.10474693 -0.33084536
v 0.25677571 0.19344571 0.12157562
v 0.86112350 0.22243099 0.20864683
v 0.83288383 0.03670745 0.26371536
v 0.87588644 0.05275560 0.15417500
v -0.08732672 -0.06450544 -0.07528740
v 0.03047433 -0.28434843 -0.19216354
v 0.56645590 0.11879183 -0.35499617
v 0.44351408 0.27653733 -0.11634032
v 0.23869452 -0.05986504 -0.49245086
v 0.54755813 0.09168953 -0.35741550
v 0.53081149 0.12189362 -0.35505354
v 0.51115227 0.09447909 -0.35582474
v 0.27588001 -0.00847677 -0.45763975
v 0.26536751 0.03701519 -0.50670880
v 0.24552420 0.03271090 -0.56935692
v 0.28112832 0.18843916 -0.23499978
v 0.29609129 0.17409948 -0.25634578
v -0.08472330 0.01372566 0.20861802
v 0.61931956 -0.22796835 0.25261354
v 0.29668161 -0.11373788 0.36157560
v -0.02229017 -0.00446432 0.84393138
v 0.07900202 0.18483195 0.50759542
v 0.29264185 0.19493754 -0.22246538
v 0.60564387 -0.26100451 0.00427523
v -0.08158726 -0.13344669 0.14664470
v -0.06431103 -0.17714691 0.20121121
v -0.07104856 -0.16505922 0.17082562
v -0.13462633 -0.14344415 -0.33964619
v -0.12365952 -0.15276463 -0.29324979
v -0.06552961 -0.17432015 0.23013550
v -0.04575916 -0.19638576 0.24487776
v 0.87917048 0.22043940 0.18642755
v -0.07716284 -0.12894239 0.01767994
v -0.09802295 -0.11143367 0.24353531
v 0.50938618 0.21318851 0.21502087
v 0.42263684 0.24674053 0.09832205
v 0.06833615 0.19170776 0.68458879
v 0.66532803 -0.25377601 -0.00106742
v 0.58198893 0.08917511 -0.35332033
v 0.44355610 -0.26715082 -0.02367737
v 0.08805773 -0.16053532 -0.65329790
v -0.21206239 -0.08649015 -0.67522669
v 0.39715654 0.12485432 -0.31863379
v -0.21185789 -0.01177860 -0.60596395
v 0.06995354 0.16736746 -0.02971587
v 0.05059292 0.15433204 -0.14596793
v -0.12500292 0.02912620 -0.30982026
v 0.22459191 -0.08971134 -0.48653844
v -0.13152713 0.12704712 0.75672460
v -0.08265685 -0.07117972 -0.04441811
v 0.43517345 0.26256502 0.07179426
v 0.01227779 0.19623952 -0.70605206
v 0.52935064 0.06333083 -0.35646215
v -0.07177791 -0.15358795 -0.80741477
v -0.06166398 -0.00021501 0.83750957
v -0.04659314 -0.04370494 0.83729059
v -0.07628644 0.03954894 0.21081242
v -0.08682477 -0.16417687 -0.77351278
v 0.54745418 0.15381789 0.27032316
v -0.12115046 -0.02858230 0.81392366
v 0.67718196 -0.01908354 -0.27687928
v 0.81938052 -0.17309891 -0.01451068
v 0.51418895 -0.20514892 -0.13867719
v -0.05615026 0.13679519 0.78819090
v -0.07606926 0.09878540 0.80488265
v -0.06157767 -0.19691570 0.39774042
v 0.52866530 0.19898927 0.23534289
v 0.68979007 0.30910394 0.07339671
v 0.85281295 0.14319795 0.27327529
v 0.83390385 0.07317675 0.28282589
v 0.22374788 0.02313163 -0.64929312
v -0.08092250 0.00292957 -0.09384994
v -0.03866781 -0.20604460 0.37126848
v 0.66063255 0.30911407 0.09026331
v 0.40661368 0.25271344 0.07023226
v 0.60185510 -0.13087609 0.28629479
v -0.00426676 -0.21969171 0.38617948
v 0.89495838 0.15657270 0.19441126
v 0.77429056 -0.04546826 -0.15996359
v 0.17710719 -0.16252126 0.50088209
v 0.63202345 -0.25442088 -0.00799822
f 1 2 3
f 4 5 6
f 7 8 9
f 10 4 11
f 12 13 14
f 15 16 17
f 18 19 20
f 21 22 23
f 24 25 26
f 27 28 29
f 30 31 32
f 14 33 34
f 35 36 37
f 38 39 40
f 41 42 43
f 44 3 45
f 46 47 48
f 49 50 51
f 50 49 52
f 53 54 55
f 56 57 58
f 59 60 55
f 53 61 62
f 63 64 65
f 65 64 66
f 67 68 69
f 16 15 70
f 71 72 73
f 74 75 76
f 77 78 79
f 80 81 82
f 83 84 85
f 69 86 67
f 87 71 73
f 88 87 73
f 12 14 34
f 89 90 91
f 92 93 94
f 13 12 95
f 96 97 98
f 99 62 100
f 73 101 88
f 102 103 104
f 105 106 80
f 107 108 109
f 18 110 19
f 19 111 20
f 112 113 114
f 114 113 115
f 116 117 118
f 50 119 120
f 121 122 91
f 123 124 125
f 125 124 126
f 127 128 129
f 130 131 132
f 19 133 134
f 134 133 135
f 136 137 138
f 139 140 141
f 141 140 142
f 143 144 118
f 101 145 146
f 147 1 3
f 107 109 148
f 149 40 39
f 150 151 152
f 153 125 154
f 155 156 157
f 113 112 158
f 159 13 95
f 160 161 162
f 163 164 165
f 125 126 154
f 21 23 166
f 74 167 75
f 119 50 52
f 168 169 170
f 64 63 171
f 64 171 172
f 173 174 75
f 175 91 122
f 176 177 178
f 179 180 181
f 182 183 184
f 185 112 186
f 187 188 1
f 90 89 81
f 43 42 189
f 190 191 192
f 193 52 194
f 195 196 197
f 1 147 187
f 198 199 200
f 201 198 200
f 19 134 111
f 202 203 204
f 205 204 203
f 206 207 208
f 209 210 85
f 32 211 212
f 213 214 215
f 29 216 27
f 217 218 219
f 83 31 30
f 216 220 27
f 221 222 223
f 224 225 226
f 227 228 229
f 85 210 230
f 231 232 233
f 234 235 114
f 236 237 234
f 238 168 170
f 239 240 86
f 241 150 152
f 98 79 78
f 242 204 243
f 244 245 246
f 247 248 249
f 167 74 250
f 251 252 253
f 208 207 254
f 136 255 256
f 192 257 258
f 3 259 45
f 115 260 114
f 213 261 214
f 79 262 77
f 88 263 87
f 87 263 264
f 265 266 267
f 48 268 269
f 60 270 55
f 271 272 273
f 111 274 20
f 275 276 277
f 277 276 247
f 156 278 256
f 256 278 136
f 279 280 281
f 281 280 282
f 72 283 73
f 73 283 101
f 284 285 286
f 287 250 288
f 218 289 290
f 106 291 292
f 293 116 294
f 236 168 237
f 295 296 297
f 131 298 132
f 299 300 301
f 200 302 201
f 303 304 305
f 79 98 97
f 24 306 25
f 307 308 309
f 18 310 264
f 82 311 80
f 47 312 313
f 296 295 314
f 65 238 63
f 32 315 30
f 316 317 318
f 299 319 300
f 299 320 319
f 321 322 323
f 324 325 326
f 170 327 328
f 328 327 329
f 330 331 332
f 333 334 273
f 335 336 337
f 338 339 340
f 203 341 205
f 157 259 342
f 79 97 262
f 104 231 233
f 343 104 233
f 260 236 234
f 114 260 234
f 344 345 346
f 347 348 191
f 157 342 155
f 225 224 349
f 85 230 350
f 351 352 353
f 53 62 354
f 54 53 354
f 170 169 327
f 355 356 357
f 32 358 315
f 359 360 246
f 361 359 246
f 360 359 362
f 267 363 364
f 265 267 364
f 184 365 366
f 278 156 155
f 140 139 178
f 177 140 178
f 72 367 283
f 242 243 368
f 369 370 371
f 372 45 259
f 157 372 259
f 373 374 375
f 250 287 376
f 167 250 376
f 122 121 377
f 378 379 296
f 215 380 381
f 52 49 382
f 194 52 382
f 88 101 146
f 383 101 283
f 384 385 386
f 387 188 388
f 147 3 44
f 389 147 44
f 390 72 71
f 219 42 309
f 18 264 263
f 110 18 263
f 32 212 358
f 391 338 340
f 211 32 31
f 392 393 339
f 220 216 394
f 149 395 257
f 192 149 257
f 396 397 398
f 399 400 401
f 364 363 402
f 403 404 405
f 406 407 408
f 409 406 408
f 82 410 311
f 22 21 230
f 210 22 230
f 264 310 411
f 412 413 414
f 112 114 235
f 186 112 235
f 194 415 193
f 100 416 417
f 418 100 417
f 53 55 270
f 61 53 270
f 419 234 237
f 420 329 421
f 422 420 421
f 70 423 424
f 425 426 427
f 428 425 427
f 425 429 430
f 431 301 300
f 432 431 300
f 433 205 341
f 434 433 341
f 92 435 436
f 437 172 171
f 318 317 438
f 36 35 439
f 204 205 243
f 301 431 440
f 322 321 441
f 94 93 442
f 443 444 282
f 280 443 282
f 445 446 447
f 448 449 450
f 451 150 239
f 144 294 116
f 407 452 408
f 453 454 455
f 456 457 440
f 257 164 163
f 258 257 163
f 16 70 424
f 458 16 424
f 20 459 310
f 18 20 310
f 246 245 460
f 361 246 460
f 461 462 463
f 212 211 447
f 168 236 464
f 384 465 385
f 220 30 315
f 27 220 315
f 237 168 238
f 65 237 238
f 357 466 467
f 468 469 470
f 471 468 470
f 239 150 241
f 277 247 249
f 472 473 474
f 475 472 474
f 476 477 478
f 479 454 453
f 480 481 161
f 160 480 161
f 405 482 403
f 105 80 311
f 483 139 141
f 202 204 484
f 485 486 487
f 488 489 490
f 405 491 482
f 219 218 290
f 326 325 492
f 493 494 495
f 496 350 230
f 21 496 230
f 338 391 497
f 441 321 498
f 499 500 501
f 502 503 504
f 505 506 507
f 116 118 144
f 217 219 309
f 508 311 509
f 510 511 233
f 512 513 514
f 346 345 515
f 406 306 24
f 407 406 24
f 359 223 222
f 362 359 222
f 516 159 95
f 517 263 88
f 146 517 88
f 518 295 519
f 520 302 521
f 331 522 523
f 511 510 340
f 524 525 526
f 360 527 244
f 246 360 244
f 26 25 528
f 92 436 529
f 369 92 529
f 530 531 532
f 533 530 532
f 534 366 535
f 536 537 538
f 394 84 220
f 539 540 541
f 542 543 544
f 200 545 302
f 546 143 415
f 547 548 549
f 550 551 552
f 177 553 140
f 140 553 142
f 485 554 486
f 15 555 70
f 556 557 145
f 300 558 432
f 546 559 143
f 373 560 561
f 562 563 564
f 456 565 457
f 457 565 566
f 266 567 267
f 530 568 569
f 473 570 474
f 465 571 385
f 572 573 574
f 335 575 336
f 525 576 513
f 513 576 514
f 577 578 326
f 579 580 382
f 302 581 521
f 98 582 96
f 167 583 75
f 75 583 173
f 584 585 586
f 587 588 589
f 590 591 592
f 550 593 594
f 595 596 304
f 366 597 184
f 366 483 535
f 530 484 531
f 485 487 598
f 599 231 600
f 601 602 603
f 604 605 606
f 1 607 2
f 39 608 149
f 609 433 610
f 459 611 310
f 310 611 411
f 376 612 167
f 275 594 276
f 15 613 555
f 596 518 305
f 131 614 615
f 87 616 71
f 521 617 520
f 192 191 40
f 149 192 40
f 378 296 314
f 64 172 618
f 66 64 618
f 394 619 209
f 379 620 621
f 296 379 621
f 622 13 159
f 119 52 193
f 118 119 193
f 481 551 623
f 133 19 110
f 300 319 558
f 624 625 626
f 627 624 626
f 25 306 628
f 629 25 628
f 424 423 249
f 159 516 630
f 631 402 558
f 563 562 632
f 633 563 632
f 634 635 636
f 637 634 636
f 550 552 593
f 551 481 480
f 552 551 480
f 259 3 2
f 342 259 2
f 638 260 115
f 348 38 40
f 191 348 40
f 354 639 54
f 189 436 435
f 365 139 483
f 366 365 483
f 495 568 640
f 201 302 520
f 641 642 643
f 203 202 644
f 570 645 646
f 474 570 646
f 264 411 616
f 87 264 616
f 30 220 84
f 83 30 84
f 151 647 648
f 649 288 250
f 74 649 250
f 650 651 652
f 225 653 654
f 226 225 654
f 655 197 656
f 657 291 658
f 576 525 659
f 578 577 487
f 486 578 487
f 581 302 545
f 660 581 545
f 362 222 661
f 314 295 518
f 596 314 518
f 583 167 612
f 662 588 176
f 529 663 664
f 573 665 574
f 70 555 666
f 424 249 248
f 458 424 248
f 70 666 423
f 589 667 336
f 587 589 336
f 161 481 668
f 231 599 232
f 459 669 611
f 38 505 507
f 39 38 507
f 48 269 46
f 113 670 115
f 213 215 498
f 321 213 498
f 671 499 501
f 672 673 674
f 536 672 674
f 607 1 188
f 387 607 188
f 242 531 484
f 204 242 484
f 675 676 652
f 677 678 679
f 573 414 680
f 429 425 512
f 588 662 681
f 131 130 614
f 502 504 397
f 603 602 682
f 495 494 569
f 568 495 569
f 569 202 484
f 530 569 484
f 184 597 182
f 683 598 487
f 577 683 487
f 163 165 684
f 659 525 524
f 685 659 524
f 343 233 511
f 686 276 594
f 271 687 272
f 688 689 516
f 95 688 516
f 136 278 137
f 518 519 690
f 305 518 690
f 339 393 511
f 340 339 511
f 417 416 656
f 691 417 656
f 692 693 661
f 34 33 694
f 676 650 652
f 84 394 209
f 85 84 209
f 91 90 695
f 103 600 231
f 104 103 231
f 296 621 297
f 110 263 517
f 696 110 517
f 143 559 144
f 199 198 697
f 568 530 533
f 495 640 698
f 699 700 701
f 702 703 612
f 376 702 612
f 503 502 704
f 607 387 705
f 706 615 614
f 491 706 614
f 500 707 501
f 708 709 710
f 711 708 710
f 143 118 193
f 415 143 193
f 477 476 712
f 582 98 713
f 543 714 715
f 544 543 715
f 78 713 98
f 547 549 716
f 195 717 718
f 216 29 284
f 560 373 375
f 97 434 262
f 304 596 305
f 665 573 680
f 382 580 194
f 476 585 712
f 578 486 142
f 178 139 365
f 659 685 719
f 720 721 676
f 507 608 39
f 698 493 495
f 412 414 573
f 722 723 724
f 229 725 726
f 144 559 727
f 728 284 286
f 648 647 729
f 730 532 531
f 346 515 731
f 732 733 734
f 735 201 520
f 721 720 736
f 561 560 737
f 738 576 659
f 373 739 740
f 564 741 742
f 743 564 742
f 744 173 745
f 746 747 748
f 749 624 627
f 578 142 750
f 326 578 750
f 751 752 753
f 313 754 47
f 217 755 218
f 756 757 758
f 196 691 197
f 197 691 656
f 282 735 281
f 293 294 352
f 759 760 466
f 672 761 673
f 638 464 260
f 260 464 236
f 352 727 353
f 170 762 238
f 226 763 224
f 764 765 766
f 657 767 291
f 291 767 292
f 23 768 166
f 465 769 770
f 771 772 479
f 327 773 329
f 587 774 588
f 588 774 176
f 523 592 775
f 776 767 657
f 777 778 126
f 96 610 97
f 115 779 638
f 125 780 123
f 123 780 781
f 681 782 783
f 90 784 695
f 486 785 142
f 142 785 141
f 611 786 411
f 371 787 132
f 132 787 130
f 202 788 644
f 617 789 520
f 639 744 54
f 576 790 514
f 295 791 519
f 792 793 405
f 794 795 796
f 797 798 799
f 284 728 216
f 216 728 394
f 242 800 531
f 166 801 802
f 803 804 771
f 596 805 314
f 314 805 378
f 461 806 807
f 808 809 810
f 662 811 812
f 752 813 753
f 753 813 814
f 815 739 816
f 420 817 818
f 819 820 821
f 616 822 71
f 71 822 390
f 329 823 421
f 553 750 142
f 479 824 454
f 454 824 825
f 590 826 591
f 156 372 157
f 177 176 774
f 827 438 826
f 590 827 826
f 172 828 829
f 618 172 829
f 830 831 770
f 832 833 834
f 835 832 834
f 836 837 838
f 76 75 174
f 839 76 174
f 174 173 744
f 639 174 744
f 840 839 174
f 639 840 174
f 348 347 841
f 842 348 841
f 741 368 243
f 819 843 844
f 845 846 847
f 61 270 848
f 420 818 328
f 329 420 328
f 420 422 817
f 464 638 547
f 716 464 547
f 849 509 850
f 727 352 294
f 144 727 294
f 235 234 419
f 762 170 328
f 818 762 328
f 309 42 41
f 307 309 41
f 851 281 789
f 419 237 65
f 852 652 682
f 159 630 763
f 622 159 763
f 169 168 464
f 716 169 464
f 761 853 854
f 673 761 854
f 83 85 350
f 855 322 441
f 195 718 856
f 196 195 856
f 29 346 731
f 284 29 731
f 857 141 785
f 858 857 785
f 371 370 787
f 78 859 713
f 670 814 779
f 115 670 779
f 465 384 769
f 772 771 804
f 548 547 813
f 752 548 813
f 720 676 675
f 774 587 860
f 767 776 861
f 862 590 592
f 523 862 592
f 863 864 865
f 569 494 788
f 202 569 788
f 866 624 472
f 475 866 472
f 867 868 559
f 546 867 559
f 869 870 871
f 677 679 872
f 873 677 872
f 245 244 874
f 780 125 153
f 483 141 857
f 535 483 857
f 875 539 541
f 701 875 541
f 694 45 372
f 876 694 372
f 610 433 434
f 97 610 434
f 705 877 878
f 607 705 878
f 130 787 879
f 528 412 880
f 26 528 880
f 881 882 883
f 581 660 884
f 228 757 885
f 2 607 878
f 342 2 878
f 549 548 886
f 353 887 351
f 450 888 889
f 448 450 889
f 853 890 350
f 496 853 350
f 404 403 831
f 619 394 728
f 286 619 728
f 333 273 891
f 791 295 297
f 892 791 297
f 893 894 781
f 780 893 781
f 692 661 895
f 896 897 898
f 724 899 722
f 900 545 200
f 199 900 200
f 798 797 901
f 227 229 726
f 902 227 726
f 868 353 727
f 559 868 727
f 903 802 801
f 63 238 762
f 242 368 800
f 904 751 905
f 647 623 729
f 875 701 906
f 907 908 909
f 910 907 909
f 911 912 913
f 914 383 283
f 367 914 283
f 325 915 732
f 725 916 644
f 176 178 811
f 662 176 811
f 685 917 719
f 789 281 735
f 520 789 735
f 384 386 918
f 248 247 919
f 775 592 920
f 921 922 923
f 924 925 923
f 324 326 750
f 805 926 927
f 378 805 927
f 811 178 365
f 739 815 928
f 740 739 928
f 929 888 450
f 930 54 744
f 745 930 744
f 228 227 931
f 823 329 773
f 932 823 773
f 933 934 935
f 936 519 791
f 814 813 779
f 937 582 713
f 429 512 514
f 472 624 749
f 473 472 749
f 768 938 801
f 166 768 801
f 561 816 739
f 373 561 739
f 585 584 712
f 939 940 704
f 502 939 704
f 638 779 813
f 547 638 813
f 644 788 726
f 725 644 726
f 880 871 870
f 26 880 870
f 867 546 941
f 790 576 738
f 864 790 738
f 902 726 788
f 494 902 788
f 942 943 944
f 284 731 285
f 945 723 722
f 946 818 817
f 742 741 947
f 948 949 950
f 116 293 951
f 117 116 951
f 820 819 952
f 953 954 584
f 955 753 814
f 674 673 956
f 459 20 274
f 957 958 959
f 960 922 921
f 943 961 944
f 962 541 963
f 964 951 293
f 37 846 35
f 965 966 391
f 967 687 271
f 145 968 556
f 969 861 600
f 628 306 970
f 600 103 969
f 678 677 971
f 972 632 562
f 973 974 975
f 914 367 976
f 669 459 977
f 978 790 864
f 962 699 701
f 541 962 701
f 979 980 981
f 982 729 623
f 285 983 286
f 984 654 985
f 986 151 648
f 180 179 987
f 683 577 988
f 989 990 821
f 991 992 756
f 86 240 67
f 993 877 705
f 851 955 814
f 670 851 814
f 994 995 609
f 610 96 609
f 286 967 619
f 996 997 998
f 999 1000 894
f 894 1000 781
f 1001 380 214
f 214 380 215
f 449 1002 1003
f 305 1004 303
f 303 1004 463
f 349 1005 225
f 225 1005 653
f 358 1006 315
f 235 1007 186
f 1008 1009 572
f 572 1009 573
f 614 1010 491
f 201 1011 198
f 845 1012 992
f 992 1012 882
f 36 1013 37
f 37 1013 862
f 1014 1015 485
f 485 1015 554
f 545 1016 660
f 60 1017 270
f 1018 965 510
f 582 994 96
f 96 994 609
f 512 1019 513
f 1020 1021 370
f 781 1022 123
f 123 1022 124
f 871 1023 869
f 753 1024 751
f 751 1024 905
f 617 1025 1024
f 538 1026 1027
f 1028 1029 1030
f 454 979 455
f 720 1031 736
f 515 1032 731
f 731 1032 285
f 565 1033 566
f 566 1033 1034
f 282 1035 735
f 735 1035 201
f 513 1036 525
f 1037 1038 1039
f 1039 1038 1040
f 1041 1042 886
f 41 1043 307
f 1044 1045 635
f 993 1046 736
f 736 1046 721
f 1047 1048 1049
f 820 989 821
f 1050 956 1051
f 963 995 994
f 725 1052 916
f 1053 1054 1041
f 1041 1054 1055
f 790 1056 514
f 810 1057 1058
f 119 1059 120
f 914 1060 383
f 383 1060 968
f 352 1061 293
f 968 145 383
f 952 1062 1063
f 846 991 35
f 984 1064 654
f 1065 1066 1067
f 844 1067 1066
f 818 1068 762
f 1069 1070 1071
f 681 1072 782
f 736 1073 993
f 385 571 1074
f 254 978 1075
f 303 929 304
f 602 1076 682
f 682 1076 852
f 633 985 1077
f 1077 985 1078
f 1079 1080 1081
f 1081 1080 1082
f 687 983 1083
f 1055 1084 1085
f 653 1078 654
f 654 1078 985
f 844 1086 1067
f 444 443 1087
f 967 286 983
f 687 967 983
f 1088 1089 1090
f 442 93 1091
f 1092 793 107
f 118 117 1059
f 119 118 1059
f 380 1001 1054
f 1053 380 1054
f 130 879 1010
f 614 130 1010
f 27 315 1006
f 28 27 1006
f 1004 305 690
f 1093 1004 690
f 1005 349 1094
f 1095 1005 1094
f 958 1096 56
f 339 338 1097
f 392 339 1097
f 854 1098 1099
f 673 854 1099
f 997 1100 1101
f 998 997 1101
f 509 311 410
f 850 509 410
f 1009 1008 871
f 880 1009 871
f 1102 1103 1104
f 882 1012 1105
f 33 14 1106
f 1107 50 120
f 1011 201 1035
f 1108 1011 1035
f 1015 1014 901
f 1109 765 1110
f 567 266 1111
f 1017 60 58
f 572 574 917
f 1105 1112 883
f 882 1105 883
f 965 1018 1113
f 966 965 1113
f 686 594 593
f 994 582 962
f 963 994 962
f 513 1019 1036
f 1114 1007 66
f 618 1114 66
f 1115 1116 1117
f 1118 873 872
f 534 535 1119
f 1022 781 1000
f 1120 1022 1000
f 1121 1122 1123
f 1124 1121 1123
f 617 521 1025
f 584 586 953
f 1024 753 955
f 617 1024 955
f 48 47 754
f 419 65 66
f 1007 419 66
f 1026 538 537
f 1029 1028 810
f 1125 1029 810
f 478 477 1126
f 1127 852 1128
f 922 914 976
f 923 922 976
f 1129 1130 1032
f 515 1129 1032
f 1033 565 754
f 313 1033 754
f 1131 285 1132
f 960 1133 1134
f 864 738 1135
f 865 864 1135
f 819 844 1066
f 952 819 1066
f 945 722 1136
f 1004 1093 1137
f 463 1004 1137
f 639 354 1138
f 840 639 1138
f 789 617 955
f 851 789 955
f 1009 880 412
f 573 1009 412
f 768 23 1139
f 787 370 1021
f 879 787 1021
f 431 432 1140
f 1141 1142 715
f 1038 1037 772
f 804 1038 772
f 1143 721 1046
f 1014 1144 1145
f 901 1014 1145
f 1146 1147 1148
f 1013 827 590
f 862 1013 590
f 1149 199 1150
f 1046 993 705
f 920 592 591
f 372 156 876
f 1092 615 706
f 793 1092 706
f 674 956 1151
f 1152 455 979
f 824 479 772
f 1037 824 772
f 405 793 706
f 491 405 706
f 922 960 1060
f 914 922 1060
f 1056 790 978
f 254 1056 978
f 228 931 758
f 757 228 758
f 340 510 965
f 391 340 965
f 351 1153 1061
f 352 351 1061
f 63 762 1068
f 171 63 1068
f 1054 1001 1154
f 1055 1054 1154
f 1155 628 970
f 697 198 1011
f 1156 697 1011
f 551 550 982
f 623 551 982
f 226 654 1064
f 863 1075 978
f 864 863 978
f 908 907 986
f 648 908 986
f 1157 799 1158
f 1159 933 935
f 991 846 845
f 992 991 845
f 952 1066 1062
f 245 874 1160
f 1153 245 1160
f 773 1161 932
f 1162 904 1163
f 1164 1165 636
f 635 1164 636
f 211 1166 447
f 526 525 1036
f 1167 1168 1080
f 1079 1167 1080
f 1128 852 1076
f 1169 1128 1076
f 1164 635 1045
f 274 1170 977
f 459 274 977
f 872 679 1171
f 632 984 985
f 633 632 985
f 620 379 1172
f 1173 1040 1038
f 804 1173 1038
f 1174 1175 442
f 1091 1174 442
f 1080 1168 1176
f 1082 1080 1176
f 783 589 588
f 681 783 588
f 1084 1055 1154
f 536 674 1151
f 1177 966 1113
f 1178 1177 1113
f 180 987 1179
f 332 331 1180
f 1060 960 1134
f 968 1060 1134
f 562 975 972
f 1165 1181 1182
f 658 1183 1184
f 938 768 1139
f 1099 1051 956
f 673 1099 956
f 285 1131 983
f 798 1185 1158
f 799 798 1158
f 798 901 1145
f 1185 798 1145
f 818 946 1068
f 649 1186 288
f 979 981 1152
f 1061 1153 1160
f 995 742 947
f 609 995 947
f 461 463 1137
f 806 461 1137
f 685 1187 917
f 1033 1188 1034
f 881 883 1189
f 164 395 1190
f 101 383 145
f 158 112 185
f 164 257 395
f 879 1191 1010
f 1190 1192 1193
f 1194 33 1106
f 935 1195 1196
f 1197 1198 1199
f 1200 1201 320
f 1202 954 953
f 349 949 1094
f 1203 1204 1139
f 1160 1205 1061
f 871 1008 1023
f 235 419 1007
f 1203 1139 23
f 651 1206 1207
f 803 1206 1208
f 997 996 1209
f 1210 432 558
f 485 1211 1014
f 1212 364 1155
f 1213 211 31
f 1214 508 509
f 334 333 1215
f 1216 552 480
f 363 267 1217
f 333 1203 1215
f 1218 773 327
f 1219 1220 1097
f 1221 307 1043
f 342 878 877
f 94 442 1222
f 1223 1224 1225
f 1194 1226 33
f 1227 1228 1229
f 1230 1231 1232
f 1233 1234 1235
f 1236 1237 180
f 1238 1239 1231
f 148 1240 1092
f 107 148 1092
f 506 1241 1242
f 686 593 1243
f 1244 1015 901
f 1147 1146 1245
f 1246 1247 1248
f 1155 970 1212
f 1249 605 604
f 1110 1027 1250
f 919 247 1251
f 1027 1110 765
f 427 1252 428
f 1147 1253 1148
f 1033 313 1188
f 1254 1255 8
f 1256 1257 1258
f 1200 1259 1201
f 536 538 672
f 301 9 299
f 164 1260 165
f 165 1260 795
f 1261 1262 1263
f 179 1264 987
f 987 1264 1265
f 523 1266 862
f 862 1266 37
f 197 1267 195
f 1268 1217 1269
f 1270 1271 876
f 320 1272 319
f 400 1273 401
f 185 1274 158
f 385 1275 386
f 1271 1276 876
f 1081 1277 938
f 938 1277 801
f 1027 445 538
f 538 445 672
f 946 1278 1068
f 500 1279 707
f 707 1279 497
f 94 435 92
f 1280 1281 1096
f 447 764 212
f 1282 1283 1284
f 774 1285 177
f 177 1285 553
f 1254 1286 760
f 760 1286 466
f 1287 1288 1289
f 757 881 885
f 31 890 1213
f 899 1290 722
f 702 1291 703
f 553 324 750
f 121 1292 377
f 549 1218 716
f 148 1293 1240
f 1094 1294 1095
f 1064 1295 226
f 964 1205 1296
f 162 1297 160
f 932 1042 1085
f 367 1298 976
f 886 1161 549
f 963 1299 995
f 1191 1300 1010
f 1010 1300 491
f 1301 1235 1234
f 1265 1248 987
f 1075 208 254
f 1302 1109 1303
f 1021 1304 879
f 879 1304 1191
f 1228 1305 1229
f 1306 1146 1307
f 433 1308 205
f 205 1308 243
f 672 1166 761
f 602 1309 1076
f 1182 1310 1165
f 953 1237 1202
f 41 1222 1043
f 1044 1311 1045
f 1140 1312 1313
f 964 1314 951
f 1296 1314 964
f 1227 1315 1316
f 395 1192 1190
f 1254 1317 1286
f 1139 1318 938
f 438 1319 826
f 548 1320 886
f 364 1212 265
f 682 1321 603
f 1322 1323 1324
f 212 1325 358
f 421 1326 1327
f 45 1226 44
f 44 1226 1194
f 943 1328 961
f 918 1329 384
f 616 1330 822
f 1331 1332 1333
f 945 1334 723
f 723 1334 1110
f 756 1335 991
f 991 1335 35
f 765 446 1027
f 1027 446 445
f 1191 1336 1300
f 1260 164 1190
f 714 206 208
f 1337 714 208
f 1267 197 655
f 1338 1267 655
f 467 466 1286
f 1217 1268 1339
f 846 37 1266
f 847 846 1266
f 1272 320 1201
f 1275 385 1074
f 1277 1081 1082
f 651 650 1208
f 1206 651 1208
f 1340 106 105
f 1341 1342 1343
f 1279 500 1344
f 512 425 428
f 1019 512 428
f 1345 557 556
f 1346 1347 499
f 671 1346 499
f 841 347 1348
f 1349 841 1348
f 540 539 973
f 1350 413 1351
f 764 447 446
f 765 764 446
f 1352 1353 1354
f 874 1355 1356
f 1160 874 1356
f 1285 774 860
f 346 29 28
f 344 346 28
f 83 350 890
f 31 83 890
f 1042 1041 1055
f 1085 1042 1055
f 1288 1287 855
f 441 1288 855
f 1144 1014 1211
f 785 486 554
f 858 785 554
f 471 1357 1235
f 1301 471 1235
f 1290 899 1358
f 943 1359 1328
f 165 795 794
f 684 165 794
f 1360 1324 1361
f 1356 1296 1205
f 1160 1356 1205
f 203 644 916
f 341 203 916
f 14 13 1362
f 1106 14 1362
f 324 553 1285
f 867 941 1363
f 1292 121 1364
f 1218 549 1161
f 773 1218 1161
f 887 1365 1366
f 723 1110 1250
f 724 723 1250
f 254 207 1367
f 1056 254 1367
f 609 947 1308
f 433 609 1308
f 1205 964 293
f 1061 1205 293
f 1016 545 900
f 439 35 1335
f 1368 1369 1370
f 514 1056 1367
f 429 514 1367
f 1161 886 1042
f 932 1161 1042
f 1371 1372 1274
f 185 1371 1274
f 1373 958 56
f 38 348 842
f 505 38 842
f 1374 552 1216
f 1375 1376 1377
f 759 1378 1379
f 968 1380 556
f 1101 1381 1382
f 1383 1384 1385
f 613 1386 1387
f 1284 1388 1282
f 1308 947 741
f 243 1308 741
f 1173 1103 1102
f 1040 1173 1102
f 742 995 1299
f 743 742 1299
f 1166 672 445
f 447 1166 445
f 1389 1184 1349
f 1390 137 1391
f 975 974 972
f 1222 41 43
f 94 1222 43
f 984 632 972
f 1392 1303 1334
f 945 1392 1334
f 1315 1227 1229
f 1193 1315 1229
f 1146 1148 1307
f 1121 961 1328
f 1122 1121 1328
f 766 765 1109
f 1302 766 1109
f 1283 858 554
f 1015 1283 554
f 1232 1393 1230
f 1136 722 1290
f 849 337 1214
f 509 849 1214
f 504 503 1209
f 996 504 1209
f 717 195 1267
f 1394 717 1267
f 1319 438 317
f 402 363 1210
f 558 402 1210
f 1395 1396 1397
f 652 651 1321
f 682 652 1321
f 1320 548 752
f 853 761 1213
f 890 853 1213
f 160 1322 1216
f 480 160 1216
f 342 1398 155
f 1321 651 1207
f 171 1068 1278
f 437 171 1278
f 1399 1225 1224
f 1081 938 1318
f 1079 1081 1318
f 567 1269 1217
f 267 567 1217
f 1400 358 1325
f 1401 1400 1325
f 1323 1402 1361
f 1324 1323 1361
f 23 22 1215
f 1203 23 1215
f 1403 1002 449
f 448 1403 449
f 694 33 1226
f 45 694 1226
f 517 146 1404
f 696 517 1404
f 169 716 1218
f 327 169 1218
f 1405 686 1243
f 901 797 1244
f 1398 342 877
f 823 1085 1326
f 421 823 1326
f 507 506 1242
f 608 507 1242
f 1175 1043 1222
f 442 1175 1222
f 1406 1193 1229
f 1305 1406 1229
f 56 1096 1281
f 57 56 1281
f 373 740 374
f 842 841 1407
f 1408 1409 1410
f 758 931 1411
f 1361 1412 1360
f 1413 386 1275
f 1414 940 1415
f 411 786 1330
f 616 411 1330
f 945 1136 1416
f 1392 945 1416
f 1417 1418 1419
f 834 1417 1419
f 1383 1420 1384
f 1179 987 1248
f 1247 1179 1248
f 1421 265 1212
f 970 1421 1212
f 896 898 1249
f 604 896 1249
f 384 1329 769
f 539 875 1422
f 980 634 1423
f 981 980 1423
f 1423 634 637
f 1250 1027 1026
f 1424 1425 1426
f 948 950 1425
f 276 686 1251
f 247 276 1251
f 1334 1303 1109
f 1110 1334 1109
f 1427 1428 954
f 1044 635 1429
f 1259 1430 1201
f 9 301 7
f 43 189 435
f 94 43 435
f 105 311 508
f 401 1273 1431
f 1432 755 1433
f 764 766 1325
f 212 764 1325
f 1434 1435 1436
f 1283 1015 1244
f 1284 1283 1244
f 630 1437 1438
f 1439 1440 1441
f 841 1349 1407
f 1166 211 1213
f 761 1166 1213
f 1442 1428 1427
f 954 1202 1427
f 1202 1237 1236
f 1443 1411 931
f 799 1157 1444
f 1017 1239 1238
f 1445 474 646
f 279 281 851
f 395 149 608
f 966 1177 1446
f 932 1085 823
f 1197 1447 1198
f 650 1448 1208
f 456 1313 1449
f 820 952 1063
f 949 349 224
f 1094 949 948
f 1450 1451 1452
f 667 589 783
f 1453 1063 1062
f 1390 1454 1418
f 48 1449 268
f 998 1101 1382
f 1072 681 1455
f 702 376 1456
f 1457 1320 752
f 1458 1459 1399
f 1434 1460 1435
f 1461 1462 707
f 1463 1365 887
f 1464 931 227
f 1182 1181 1465
f 1466 1075 863
f 565 456 1467
f 968 1134 1380
f 1460 1434 1468
f 754 565 1467
f 1313 456 1469
f 1140 1313 1469
f 959 958 1373
f 1470 57 1281
f 1471 1472 1473
f 1474 1475 1476
f 1477 1478 910
f 1241 506 1479
f 977 1170 1480
f 1481 1482 1483
f 1484 1427 1202
f 1485 1486 268
f 1487 344 28
f 917 574 1488
f 1063 1453 1489
f 1340 105 1490
f 390 822 1491
f 1492 1087 443
f 1447 1493 1252
f 1494 783 782
f 105 508 1490
f 850 410 1495
f 208 1075 1337
f 57 1496 58
f 1262 1497 1263
f 1124 1123 240
f 1498 1124 240
f 1499 1500 1501
f 712 1502 1368
f 477 712 1368
f 740 1503 1504
f 1498 1157 1158
f 1124 1498 1158
f 997 1209 1505
f 1242 1241 1506
f 1188 313 312
f 1507 1188 312
f 936 1508 519
f 519 1508 690
f 1138 99 1509
f 1162 1457 904
f 966 1461 391
f 462 1510 463
f 463 1510 303
f 439 1511 36
f 1079 1512 1167
f 1513 1514 1515
f 699 1516 700
f 700 1516 1517
f 1208 1518 803
f 803 1518 804
f 1519 1520 1521
f 1168 1522 1523
f 1524 1525 1253
f 585 1526 1527
f 1527 1526 1528
f 1529 1530 207
f 207 1530 1367
f 831 1531 770
f 1083 1532 687
f 687 1532 272
f 1533 1534 1535
f 516 1536 630
f 630 1536 1437
f 924 1456 1537
f 671 1538 1539
f 1539 1538 1357
f 1540 1541 1542
f 1542 1541 1421
f 1305 1543 1406
f 1406 1543 1544
f 120 1545 1107
f 1314 1546 1547
f 1041 1548 1053
f 1053 1548 1162
f 1197 1549 1095
f 1095 1549 1005
f 1344 1550 1279
f 1114 1551 1007
f 1007 1551 186
f 989 1552 850
f 850 1552 849
f 1553 1554 1555
f 1460 1492 1372
f 1542 1556 1540
f 218 1557 289
f 47 1558 312
f 452 1559 408
f 847 1560 845
f 845 1560 1012
f 849 1561 337
f 337 1561 335
f 1312 1485 1313
f 1251 1562 919
f 1322 1377 1216
f 1216 1377 1374
f 1453 1563 1489
f 1190 1544 1260
f 1564 1565 453
f 807 1466 1566
f 1312 1567 1568
f 1359 1569 1328
f 1570 693 692
f 1265 1439 1248
f 1248 1439 1246
f 1571 423 1572
f 1243 1376 1420
f 320 1573 1200
f 1200 1573 1574
f 1242 1575 608
f 1386 1576 1387
f 186 1577 185
f 398 1578 1579
f 977 1580 669
f 1581 1582 1198
f 1198 1582 1199
f 1012 1465 1105
f 1475 1583 1476
f 1584 1585 941
f 1232 1586 1393
f 1393 1586 1587
f 1335 1588 439
f 1214 1494 508
f 1589 1479 597
f 1590 1435 1341
f 1590 1436 1435
f 224 1438 949
f 1349 1591 1407
f 1592 1593 1151
f 1179 1236 180
f 135 1594 134
f 227 902 1464
f 1332 1595 1289
f 343 1596 104
f 1121 1597 961
f 1449 1467 456
f 440 1469 456
f 1260 1598 795
f 1427 1484 251
f 1317 1599 566
f 566 1599 457
f 1319 1600 826
f 826 1600 591
f 910 1354 907
f 1425 1601 1602
f 1602 1601 1603
f 676 1604 650
f 1182 1605 1310
f 1606 1607 1581
f 1608 1609 1564
f 1368 1502 1428
f 1428 1502 954
f 1410 1610 1241
f 1611 1612 1142
f 354 62 99
f 1138 354 99
f 1529 207 206
f 465 770 1531
f 571 465 1531
f 1457 1162 1548
f 1320 1457 1548
f 121 91 695
f 1364 121 695
f 1232 1613 1586
f 277 249 1571
f 562 564 743
f 975 562 743
f 1461 966 1446
f 1462 1461 1446
f 318 1261 1614
f 316 318 1614
f 337 336 667
f 1214 337 667
f 1274 1615 158
f 440 457 7
f 301 440 7
f 962 582 937
f 699 962 937
f 146 145 557
f 1404 146 557
f 689 1616 1536
f 516 689 1536
f 1516 699 937
f 437 1278 1617
f 883 1112 1618
f 1189 883 1618
f 1518 1208 1448
f 1103 1518 1448
f 1168 1167 1522
f 133 110 696
f 1619 1620 1586
f 1621 669 1580
f 362 661 693
f 1622 1623 1624
f 1526 585 476
f 830 1625 404
f 831 830 404
f 1305 1293 1543
f 571 1531 1626
f 1532 1083 1576
f 1386 1532 1576
f 1627 786 611
f 669 1627 611
f 971 1628 678
f 1518 1103 1173
f 804 1518 1173
f 895 606 605
f 1629 1364 695
f 784 1629 695
f 510 233 232
f 1018 510 232
f 963 541 540
f 1299 963 540
f 1456 924 1630
f 702 1456 1630
f 1528 1526 1631
f 738 659 719
f 1135 738 719
f 1094 948 1632
f 1294 1094 1632
f 1389 1349 1348
f 1538 1233 1235
f 1357 1538 1235
f 1541 1540 1633
f 266 1541 1633
f 422 421 1327
f 1634 422 1327
f 1635 262 434
f 942 944 1636
f 1637 1638 1639
f 1640 1003 1002
f 819 821 843
f 820 1063 1552
f 989 820 1552
f 1265 1440 1439
f 1083 983 1131
f 1546 1314 1296
f 865 1135 1488
f 763 630 1438
f 224 763 1438
f 946 817 1620
f 1548 1041 886
f 1320 1548 886
f 1641 1345 1525
f 1549 1197 1199
f 1330 786 1642
f 1124 1158 1185
f 1121 1124 1185
f 1643 1644 1556
f 1542 1643 1556
f 1247 251 1484
f 1179 1247 1484
f 1552 1063 1561
f 849 1552 1561
f 1554 1553 1645
f 1492 1460 1468
f 1087 1492 1468
f 1273 400 1646
f 1557 218 755
f 1560 847 1605
f 1182 1560 1605
f 1560 1182 1465
f 1012 1560 1465
f 593 552 1374
f 1243 593 1374
f 1306 1647 1648
f 1146 1306 1648
f 429 1367 1530
f 430 429 1530
f 1349 1184 1591
f 1649 1392 1416
f 1650 1649 1416
f 1234 1233 796
f 1428 1442 1369
f 1368 1428 1369
f 1377 1322 1324
f 1375 1377 1324
f 1443 931 1464
f 1651 1443 1464
f 1384 1420 1376
f 1375 1384 1376
f 536 1151 1593
f 537 536 1593
f 1544 1190 1193
f 1406 1544 1193
f 1254 8 1599
f 1317 1254 1599
f 556 1380 1652
f 1345 556 1652
f 1569 1359 1653
f 1307 1148 1654
f 1156 1011 1108
f 1195 1655 1196
f 1656 409 1643
f 1573 320 299
f 9 1573 299
f 1575 1242 1506
f 1657 1575 1506
f 186 1551 1577
f 1561 1063 1489
f 335 1561 1489
f 1658 1074 571
f 1626 1658 571
f 1509 418 1631
f 1541 266 265
f 1421 1541 265
f 1005 1549 653
f 973 975 743
f 537 1593 1659
f 1258 1257 1660
f 989 850 1495
f 990 989 1495
f 1403 1661 1002
f 1594 135 1612
f 418 1509 99
f 100 418 99
f 330 332 1662
f 431 1140 1469
f 440 431 1469
f 662 812 1455
f 681 662 1455
f 287 1537 1456
f 376 287 1456
f 751 904 1457
f 752 751 1457
f 108 1663 469
f 1664 1372 1371
f 497 391 1461
f 707 497 1461
f 353 868 1463
f 887 353 1463
f 1665 1651 1464
f 902 1665 1464
f 1666 1105 1465
f 1181 1666 1465
f 1101 1100 1667
f 1381 1101 1667
f 1595 1332 1331
f 343 1668 1596
f 1669 1566 1466
f 863 1669 1466
f 1670 1671 1672
f 1434 1642 1468
f 48 754 1467
f 1449 48 1467
f 1673 1674 1675
f 1425 950 1601
f 479 453 1565
f 771 479 1565
f 949 1438 950
f 1321 1207 1624
f 603 1321 1624
f 1676 1547 1546
f 1677 1676 1546
f 929 303 1510
f 888 929 1510
f 1453 1062 1678
f 182 597 1479
f 506 182 1479
f 1484 1202 1236
f 1179 1484 1236
f 721 1143 1604
f 676 721 1604
f 584 954 1502
f 712 584 1502
f 1449 1313 1485
f 268 1449 1485
f 1319 1358 1600
f 1411 1443 1679
f 1599 8 7
f 457 1599 7
f 899 724 1680
f 1478 1352 1354
f 910 1478 1354
f 1681 1682 1683
f 1684 1685 1686
f 650 1604 1448
f 1687 1372 1492
f 477 1368 1370
f 1126 477 1370
f 428 1252 1493
f 1019 428 1493
f 1609 1206 1688
f 1253 1525 1148
f 1498 241 1157
f 1107 1689 1507
f 1690 1221 1477
f 540 973 743
f 1299 540 743
f 557 1345 1641
f 1404 557 1641
f 719 917 1488
f 1135 719 1488
f 1363 941 1585
f 1691 843 1692
f 1693 1478 1477
f 1221 1693 1477
f 1694 1474 1476
f 988 1694 1476
f 1185 1145 1597
f 1121 1185 1597
f 1695 1550 1344
f 1696 1415 1697
f 1529 1698 1530
f 1544 1543 1598
f 1260 1544 1598
f 1371 185 1577
f 1374 1377 1376
f 1243 1374 1376
f 17 1458 1699
f 974 1700 1701
f 1476 1583 683
f 988 1476 683
f 1702 1142 1612
f 1485 1312 1568
f 1486 1485 1568
f 1494 1214 667
f 783 1494 667
f 10 11 1703
f 657 658 1389
f 1704 1404 1641
f 1494 782 1490
f 508 1494 1490
f 1704 1705 1706
f 1565 1564 1609
f 1390 1418 137
f 493 1665 902
f 148 109 1707
f 1614 1261 1263
f 1301 1707 109
f 1571 249 423
f 173 583 745
f 138 137 1418
f 494 493 902
f 1708 1590 1341
f 51 50 1107
f 1150 199 697
f 1709 1521 1520
f 807 806 1141
f 915 325 324
f 1198 1447 1252
f 415 194 580
f 1649 1650 1710
f 1689 1107 1545
f 1262 1261 1511
f 669 1621 1627
f 1478 1693 1472
f 1711 1712 1332
f 1206 1609 1207
f 531 800 730
f 1184 1389 658
f 1177 1178 1713
f 1714 1625 1663
f 369 371 1715
f 1716 317 316
f 1717 1718 898
f 924 1537 925
f 137 278 1391
f 67 240 1123
f 1719 1554 1645
f 595 304 1720
f 1721 1370 1369
f 1600 1358 1722
f 1095 1294 1723
f 1724 1344 1725
f 1344 1724 1695
f 1206 803 1688
f 1726 1306 1307
f 1252 427 1727
f 131 615 1728
f 298 131 1728
f 1729 1588 1335
f 1556 1730 1540
f 1731 649 74
f 1732 1577 1551
f 1733 1316 1734
f 1307 1654 1735
f 1736 1734 1316
f 1315 1736 1316
f 1737 601 1738
f 1026 537 1739
f 1740 1741 1742
f 1743 1091 93
f 1744 1745 1746
f 362 693 1747
f 1389 1348 1748
f 1749 1627 1621
f 645 570 1750
f 807 1141 1751
f 1752 1148 1525
f 1753 1754 1630
f 924 1753 1630
f 730 800 1755
f 1756 1757 1758
f 1759 1175 1174
f 1760 1511 439
f 542 544 1706
f 836 1128 1169
f 1761 1762 1763
f 1709 1764 1521
f 196 1765 691
f 806 1611 1142
f 1141 806 1142
f 1766 1718 1767
f 241 1498 240
f 239 241 240
f 1351 1768 1350
f 1156 1108 1621
f 1580 1156 1621
f 755 1432 1557
f 793 1714 107
f 777 1769 1770
f 449 1720 450
f 175 1771 1772
f 1772 1771 711
f 680 1773 665
f 684 1713 163
f 711 1774 708
f 708 1774 1640
f 1030 1775 1028
f 1028 1775 1120
f 926 595 1720
f 555 1776 666
f 1413 1777 386
f 884 1333 1778
f 859 1779 713
f 713 1779 937
f 852 675 652
f 524 1780 685
f 923 925 921
f 1147 1781 1253
f 1093 1782 1137
f 1137 1782 806
f 1783 957 703
f 1784 1719 1670
f 720 1127 1031
f 1517 911 1785
f 1130 1132 1032
f 1032 1132 285
f 1180 1786 332
f 1787 1788 1119
f 388 1789 1790
f 782 1183 1490
f 409 1791 406
f 490 1792 1793
f 1422 1794 539
f 539 1794 973
f 1071 1795 1268
f 1268 1795 1339
f 993 1796 877
f 877 1796 1398
f 976 1797 923
f 923 1797 924
f 1141 1337 1751
f 1347 1725 499
f 1390 1391 1398
f 1193 1657 1315
f 1798 1799 1800
f 797 1801 1244
f 1802 1430 1768
f 1803 1804 1805
f 1394 1634 1327
f 1806 1807 1585
f 132 1808 371
f 371 1808 1715
f 274 1809 1170
f 1170 1809 936
f 402 1810 364
f 364 1810 1155
f 1704 1524 1705
f 1811 1637 1639
f 470 1812 1118
f 1118 1812 873
f 1120 1813 1022
f 1022 1813 124
f 1636 1717 942
f 1407 812 1814
f 1815 1816 1817
f 1176 1818 1082
f 1571 1572 1432
f 1432 1572 1557
f 972 1819 984
f 984 1819 1064
f 1074 1820 1821
f 1822 1823 1824
f 1407 1591 1455
f 1177 1825 1446
f 1826 1827 1828
f 1829 1741 1830
f 1241 1610 1506
f 601 1623 1738
f 1625 792 404
f 404 792 405
f 1831 1638 1637
f 1581 1727 1606
f 649 1721 1186
f 1581 1832 1582
f 1833 1834 1761
f 1761 1834 1762
f 1704 1835 1404
f 1557 1776 289
f 357 1836 466
f 1341 1837 1342
f 998 1838 996
f 996 1838 1839
f 1840 1298 1841
f 451 1842 1843
f 1844 1845 815
f 1648 1846 1146
f 1847 1848 1849
f 1609 1688 1565
f 1811 1639 873
f 873 1639 677
f 1734 1850 1733
f 1294 1851 1723
f 1049 1852 1853
f 1329 1854 1831
f 583 1855 745
f 745 1855 959
f 1155 1856 628
f 397 1857 398
f 1511 1858 36
f 481 1859 668
f 867 1860 868
f 1115 1861 921
f 1086 1862 1067
f 1670 1863 1671
f 1864 598 683
f 1228 1865 1305
f 1305 1865 1293
f 1417 1866 1418
f 1867 1868 1869
f 317 1870 1319
f 1686 1871 1799
f 1411 1729 758
f 1649 1872 1392
f 1392 1872 1303
f 697 1873 1150
f 1874 1875 1876
f 1370 1731 1126
f 1877 915 324
f 1399 1878 1458
f 1253 1879 1524
f 1571 1740 277
f 1880 1743 1808
f 1532 1881 272
f 1075 1751 1337
f 1882 848 1238
f 1148 1752 1654
f 816 1883 815
f 815 1883 1844
f 1577 1837 1371
f 1614 1884 316
f 316 1884 1885
f 1886 1759 1850
f 1811 1887 1637
f 645 1764 646
f 1316 1888 1227
f 1714 793 792
f 1625 1714 792
f 577 326 492
f 988 577 492
f 1769 124 1813
f 1420 1383 1889
f 175 122 1771
f 475 474 1445
f 1745 475 1445
f 426 425 430
f 16 458 1890
f 17 16 1890
f 1301 109 468
f 471 1301 468
f 1773 680 1891
f 1713 684 1825
f 1177 1713 1825
f 1774 711 1771
f 1144 1450 1892
f 1893 1775 1258
f 1120 1775 1813
f 603 1624 1623
f 601 603 1623
f 1894 1777 1895
f 1345 1652 1752
f 1525 1345 1752
f 291 106 1340
f 658 291 1340
f 587 336 575
f 860 587 575
f 974 973 1794
f 1112 1105 1666
f 597 366 534
f 1589 597 534
f 1896 1897 1767
f 1306 1726 1647
f 1779 859 1898
f 912 1779 1898
f 805 596 595
f 926 805 595
f 918 386 1777
f 1894 918 1777
f 690 1508 1899
f 1093 690 1899
f 1782 1093 1899
f 1006 358 1400
f 1719 1784 1900
f 1554 1719 1900
f 1811 873 1812
f 1636 944 1452
f 307 1221 1690
f 308 307 1690
f 1127 720 675
f 852 1127 675
f 615 1092 1240
f 1728 615 1240
f 911 1517 1516
f 912 911 1516
f 1901 1902 1903
f 715 1142 1702
f 544 715 1702
f 563 633 1904
f 1070 1568 1567
f 1071 1070 1567
f 736 1031 1073
f 1905 5 4
f 1408 1906 1907
f 90 81 1908
f 784 90 1908
f 1909 1070 1088
f 1128 836 838
f 918 1894 1854
f 1329 918 1854
f 1795 1071 1567
f 1910 1064 1819
f 1796 993 1073
f 1911 1796 1073
f 1762 543 542
f 1763 1762 542
f 1797 1912 1753
f 924 1797 1753
f 1338 655 1913
f 1284 1244 1801
f 981 1423 1914
f 1725 1347 1915
f 694 876 1276
f 34 694 1276
f 1779 912 1516
f 937 1779 1516
f 1292 1364 1916
f 642 1292 1916
f 1917 427 426
f 1657 1193 1192
f 1575 1657 1192
f 1317 566 1034
f 1799 1798 1684
f 1686 1799 1684
f 1796 1454 1390
f 1398 1796 1390
f 806 1782 1611
f 1430 1259 1918
f 1768 1430 1918
f 900 199 1149
f 1471 1352 1478
f 1472 1471 1478
f 1383 1385 1866
f 1652 1654 1752
f 1807 1806 1919
f 1920 1921 1922
f 86 69 1845
f 1529 1923 1698
f 1924 1925 1926
f 1107 1927 51
f 1808 132 298
f 1880 1808 298
f 936 1809 1508
f 280 279 1615
f 1810 402 631
f 1155 1810 1856
f 1622 1523 1623
f 1885 1928 1716
f 316 1885 1716
f 1929 1930 1931
f 1932 1933 1934
f 1812 470 469
f 1019 1493 1935
f 1036 1019 1935
f 1198 1252 1727
f 1581 1198 1727
f 1048 1936 1852
f 1049 1048 1852
f 974 1701 1819
f 972 974 1819
f 1262 1511 1760
f 1497 1262 1760
f 1532 1386 1881
f 1460 1372 1664
f 1435 1460 1664
f 1678 1519 1937
f 1679 1588 1729
f 1411 1679 1729
f 1581 1607 1832
f 1522 1938 1738
f 928 815 1845
f 69 928 1845
f 1360 1412 1939
f 715 714 1337
f 1141 715 1337
f 1641 1525 1524
f 1704 1641 1524
f 138 1418 1866
f 1385 138 1866
f 1721 649 1731
f 1370 1721 1731
f 1704 1706 1835
f 423 666 1572
f 1594 1612 1611
f 1940 1941 1702
f 1836 357 356
f 759 466 1836
f 108 469 468
f 109 108 468
f 1183 658 1340
f 1490 1183 1340
f 1040 1102 1942
f 1785 1040 1942
f 1473 1943 1471
f 1610 1410 1409
f 1734 1610 1409
f 1017 58 1496
f 1239 1017 1496
f 1707 1301 1234
f 1944 1689 1545
f 1698 1945 430
f 1530 1698 430
f 1946 1947 1948
f 1567 1312 1795
f 1458 17 1890
f 1459 1458 1890
f 629 628 1856
f 1802 629 1856
f 1949 1950 1951
f 1854 1894 1846
f 1648 1854 1846
f 608 1575 1192
f 395 608 1192
f 1952 1880 298
f 1728 1952 298
f 92 369 1715
f 93 92 1715
f 258 163 1713
f 1178 258 1713
f 108 107 1714
f 1663 108 1714
f 960 921 1861
f 1133 960 1861
f 897 942 1717
f 898 897 1717
f 1855 583 612
f 703 1855 612
f 657 1389 1748
f 776 657 1748
f 1537 1116 925
f 261 181 1953
f 733 1805 734
f 319 1272 631
f 558 319 631
f 1857 1147 1245
f 398 1857 1245
f 1831 1954 1638
f 1859 481 623
f 647 1859 623
f 1860 867 1363
f 1955 1860 1363
f 1463 868 1860
f 1956 1039 1040
f 1785 1956 1040
f 155 1398 1391
f 278 155 1391
f 1517 1785 1942
f 1957 1517 1942
f 1952 1728 1865
f 1228 1952 1865
f 76 1126 1731
f 74 76 1731
f 1863 1670 1719
f 1645 1863 1719
f 1858 827 1013
f 36 1858 1013
f 1587 1586 1620
f 929 450 1720
f 304 929 1720
f 756 758 1729
f 1335 756 1729
f 1958 1186 1721
f 1369 1958 1721
f 899 1680 1722
f 1358 899 1722
f 1197 1095 1723
f 1447 1197 1723
f 1023 1008 1959
f 1353 1352 1960
f 1444 1353 1960
f 1961 1447 1723
f 1851 1961 1723
f 895 605 1962
f 692 895 1962
f 1865 1728 1240
f 1293 1865 1240
f 1396 1963 1964
f 1397 1396 1964
f 500 499 1725
f 1344 500 1725
f 1358 1319 1870
f 1290 1358 1870
f 771 1565 1688
f 803 771 1688
f 1735 1965 1726
f 1307 1735 1726
f 1966 1967 1838
f 275 277 1740
f 1742 275 1740
f 1710 1650 1658
f 1626 1710 1658
f 1968 1969 1970
f 1971 990 1972
f 439 1588 1760
f 1879 1763 1705
f 1524 1879 1705
f 537 1659 1739
f 1743 93 1715
f 1808 1743 1715
f 1973 1521 1764
f 645 1973 1764
f 1974 665 1773
f 696 1404 1835
f 1466 807 1751
f 1075 1466 1751
f 1646 1355 1975
f 1273 1646 1975
f 1883 816 1976
f 1607 730 1755
f 1948 1947 1884
f 1614 1948 1884
f 1948 1614 1263
f 1696 1948 1263
f 1878 1699 1458
f 1759 1174 1733
f 1850 1759 1733
f 1164 1045 1977
f 1888 1316 1733
f 1174 1888 1733
f 1978 1783 1979
f 1443 1980 1679
f 534 1119 1788
f 1589 534 1788
f 542 1706 1705
f 1763 542 1705
f 1956 1785 911
f 913 1956 911
f 1253 1781 1879
f 1855 703 957
f 959 1855 957
f 1088 1090 1981
f 1127 1128 838
f 1031 1127 838
f 1072 1184 1183
f 782 1072 1183
f 1072 1455 1591
f 1184 1072 1591
f 1363 1585 1807
f 1657 1506 1736
f 1315 1657 1736
f 1734 1409 1850
f 1982 1983 769
f 1622 1984 1985
f 1610 1734 1736
f 1506 1610 1736
f 1435 1664 1837
f 1341 1435 1837
f 1986 1091 1743
f 1880 1986 1743
f 335 1987 575
f 317 1716 1870
f 1738 1623 1523
f 1522 1738 1523
f 1655 1195 1950
f 1146 1846 1245
f 1655 1259 1988
f 1989 1001 214
f 908 648 1990
f 1500 489 1991
f 1669 863 865
f 971 1639 1638
f 971 677 1639
f 1792 919 1562
f 288 1186 1816
f 1375 1324 1360
f 1915 1724 1725
f 1223 1992 1993
f 82 81 89
f 1621 1108 1749
f 1407 1455 812
f 1822 1826 1828
f 1893 1258 1660
f 1194 1106 1994
f 1664 1371 1837
f 1995 1849 1996
f 1807 1955 1363
f 1741 1990 1742
f 1997 1991 489
f 462 1669 1998
f 1722 1680 1999
f 2000 1596 1668
f 1818 1277 1082
f 1832 1607 1755
f 830 1887 2001
f 1746 1745 1445
f 810 809 1057
f 707 1462 501
f 2002 1690 1477
f 1975 1355 2003
f 1025 521 2004
f 2005 1587 1620
f 1547 2006 1314
f 2007 580 579
f 2006 1547 2008
f 2009 1153 351
f 2010 1953 181
f 1347 1346 1932
f 1426 1903 2011
f 1444 1157 2012
f 2013 2014 1992
f 2015 179 181
f 2016 1681 1683
f 2017 2018 482
f 491 2017 482
f 2019 1480 1170
f 946 1620 1619
f 2020 1774 1771
f 1410 1241 2021
f 1997 489 488
f 82 89 2022
f 2023 1087 1468
f 1194 1994 2024
f 602 601 1737
f 1558 51 1927
f 1496 57 2025
f 1136 1290 2026
f 1091 1986 1888
f 1174 1091 1888
f 2027 1528 1631
f 2028 1718 1717
f 1636 2028 1717
f 1297 162 2029
f 2030 1878 1399
f 2031 214 261
f 1953 2031 261
f 2032 1422 389
f 865 2033 1669
f 1871 2034 1799
f 2035 1422 875
f 1178 1113 2036
f 1545 2037 1944
f 2038 2039 467
f 1534 1533 1505
f 1822 1828 2040
f 1860 2041 1463
f 1584 941 2042
f 1879 1781 2043
f 1903 1902 2011
f 1366 1365 2044
f 2045 1445 646
f 529 436 1129
f 629 1351 528
f 25 629 528
f 408 1848 1847
f 409 408 1847
f 1255 1254 760
f 1557 1572 666
f 1776 1557 666
f 990 1495 2046
f 2047 1980 1443
f 1651 2047 1443
f 1168 1523 2048
f 1860 1955 2041
f 2049 2050 1881
f 2051 2052 1503
f 68 2051 1503
f 69 68 928
f 1089 2053 1090
f 292 2054 106
f 106 2054 80
f 189 2055 436
f 436 2055 1129
f 345 2056 1020
f 1020 2056 1021
f 1442 253 1671
f 344 2056 345
f 527 2003 244
f 1676 2057 2058
f 897 2059 942
f 767 2060 292
f 292 2060 2061
f 323 322 2062
f 526 2063 524
f 832 2064 2065
f 2065 2064 2066
f 1051 2067 1050
f 1742 2068 275
f 275 2068 594
f 835 837 832
f 1627 2023 786
f 368 2069 800
f 800 2069 1755
f 526 2070 2071
f 2071 2070 1851
f 561 2072 816
f 816 2072 1976
f 561 737 2072
f 2073 934 1692
f 117 2006 1059
f 810 1058 1125
f 799 2074 797
f 797 2074 1801
f 1118 2075 470
f 838 2076 1031
f 1778 2004 884
f 933 2077 1086
f 1086 2077 1862
f 1227 2078 1228
f 1228 2078 1952
f 2079 1970 2080
f 1991 1501 1500
f 980 1429 634
f 321 2015 213
f 1979 1291 1754
f 892 2019 791
f 679 2081 1171
f 1171 2081 2082
f 2083 1342 1732
f 1670 2084 1784
f 1784 2084 2085
f 1862 1378 1925
f 1384 127 1385
f 898 1756 1249
f 2086 2087 1380
f 2088 1917 1963
f 1678 2089 1453
f 1453 2089 1563
f 1143 2090 1604
f 1604 2090 1448
f 462 1566 1669
f 2091 2092 1685
f 1685 2092 1686
f 671 2093 1538
f 1538 2093 1233
f 409 1656 1791
f 970 1656 1421
f 1580 2094 1156
f 2095 2096 2039
f 660 2097 884
f 884 2097 1333
f 1331 2098 1595
f 1595 2098 2099
f 2100 1672 252
f 1755 2101 1832
f 2102 2103 1739
f 2104 2105 1915
f 1606 2106 1607
f 1958 2107 1186
f 1186 2107 1816
f 1683 2108 678
f 678 2108 679
f 1086 1691 933
f 1507 2109 1188
f 1359 2110 1653
f 147 2035 187
f 580 2042 415
f 970 1791 1656
f 1221 2111 1693
f 2112 2113 1596
f 2114 1724 2115
f 1622 1985 1523
f 1523 1985 2048
f 1407 1814 842
f 2116 1280 2117
f 829 2118 618
f 618 2118 1114
f 2119 279 851
f 1679 2120 1588
f 1588 2120 1760
f 1685 2121 2091
f 2122 2123 1509
f 1233 2124 796
f 1136 2125 1416
f 1416 2125 1650
f 1413 1946 1697
f 1712 2126 1332
f 1332 2126 1333
f 2127 1373 56
f 1849 1848 1996
f 1401 2128 1400
f 1928 2026 1716
f 1990 729 2129
f 691 2027 417
f 2130 2131 2057
f 1431 2132 401
f 1634 2005 422
f 689 2133 1616
f 891 2030 2134
f 2135 747 2136
f 1381 1923 2137
f 1836 1926 759
f 631 2138 1810
f 1810 2138 1856
f 2139 1937 1973
f 460 2009 1366
f 1276 2140 34
f 1963 1945 1964
f 2141 2142 1745
f 904 2143 1163
f 361 2144 2145
f 2145 2144 894
f 438 2146 318
f 318 2146 1261
f 564 2147 741
f 741 2147 368
f 1692 2148 2073
f 1362 2149 1106
f 1106 2149 1994
f 1873 2019 892
f 1486 2150 2151
f 1115 2152 1861
f 2153 1988 1574
f 1520 1823 1709
f 255 2154 256
f 1673 2155 2156
f 2156 2157 2158
f 269 2151 579
f 579 2151 2150
f 843 1971 1692
f 2159 1117 2160
f 1225 2013 1223
f 1776 2161 289
f 2083 1343 1342
f 1300 2017 491
f 1431 2162 2163
f 2164 2020 377
f 9 2165 1573
f 1479 2021 1241
f 1223 2166 1224
f 1077 2167 633
f 1386 2168 1881
f 1152 2169 455
f 2170 2171 2172
f 1062 2173 1678
f 1678 2173 1519
f 1292 2174 377
f 377 2174 2164
f 1507 1927 1107
f 574 2175 1488
f 1348 2176 1748
f 1748 2176 2177
f 1265 2062 1440
f 214 2031 1989
f 1422 2032 1794
f 503 1534 1209
f 828 2034 829
f 1034 2038 1317
f 1953 2178 2179
f 1709 2040 2045
f 401 2142 399
f 1250 2180 724
f 724 2180 1680
f 626 2181 627
f 1654 2087 1735
f 2182 2183 856
f 378 2184 379
f 379 2184 1172
f 2185 2186 2187
f 1962 2188 692
f 692 2188 1570
f 760 2189 1255
f 1482 2190 1896
f 1896 2190 1897
f 24 2191 407
f 273 2050 891
f 2050 2049 1878
f 1677 2130 2057
f 1676 1677 2057
f 81 80 2054
f 1908 81 2054
f 621 620 2192
f 2054 292 2061
f 1908 2054 2061
f 1359 2059 2110
f 2193 2194 2140
f 2059 1359 943
f 942 2059 943
f 471 470 2075
f 1357 471 2075
f 697 1156 2094
f 1873 697 2094
f 671 501 2093
f 1500 2195 2196
f 555 613 1387
f 1776 555 1387
f 2063 526 2071
f 2064 832 837
f 836 2064 837
f 2067 1051 2197
f 1675 2067 2197
f 2068 982 550
f 594 2068 550
f 858 1283 1282
f 837 835 2076
f 838 837 2076
f 844 843 1691
f 1086 844 1691
f 2023 1627 1749
f 1087 2023 1749
f 2069 368 2147
f 1904 2069 2147
f 1024 1025 905
f 2070 526 1036
f 1935 2070 1036
f 898 1718 1756
f 1568 1070 1909
f 1486 1568 1909
f 2056 2198 1304
f 1021 2056 1304
f 1382 1381 2137
f 1833 1382 2137
f 2074 799 1444
f 1960 2074 1444
f 2163 626 625
f 1431 2163 625
f 1035 282 444
f 1108 1035 444
f 2004 1778 905
f 1025 2004 905
f 1726 1965 1954
f 2078 1227 1888
f 1986 2078 1888
f 387 2199 2200
f 51 1558 2201
f 49 51 2201
f 767 2202 2060
f 572 917 1187
f 1008 572 1187
f 2067 1675 1674
f 2203 2067 1674
f 1362 13 622
f 1295 1362 622
f 2015 321 323
f 1284 1801 2204
f 1388 1284 2204
f 1375 1360 127
f 1384 1375 127
f 2081 679 2108
f 2084 1670 1672
f 2100 2084 1672
f 896 604 2205
f 1953 2010 2178
f 1625 830 2001
f 1663 1625 2001
f 1396 2206 2106
f 979 454 825
f 980 979 825
f 229 228 885
f 2070 1935 1961
f 1851 2070 1961
f 2071 1851 2207
f 1783 703 1291
f 1979 1783 1291
f 776 1748 2177
f 1429 635 634
f 2208 1644 2209
f 2089 1678 1937
f 2139 2089 1937
f 8 1255 2165
f 9 8 2165
f 1427 251 253
f 1442 1427 253
f 2210 62 61
f 2211 1048 2212
f 586 1527 2213
f 1103 1448 2090
f 1104 1103 2090
f 2069 1904 2101
f 1755 2069 2101
f 2092 2091 1343
f 2083 2092 1343
f 1613 1617 1619
f 1586 1613 1619
f 2214 1462 2215
f 1233 2093 2124
f 718 717 2216
f 2217 1114 2118
f 2218 2217 2118
f 1300 2219 2017
f 363 1217 1339
f 1210 363 1339
f 1100 997 1505
f 1479 1589 2021
f 2097 660 2220
f 2170 2097 2220
f 2098 1331 2170
f 2172 2098 2170
f 2064 836 1169
f 2066 2064 1169
f 2221 390 1491
f 1436 2222 2223
f 2105 2085 2084
f 2100 2105 2084
f 2105 2100 2115
f 1915 2105 2115
f 730 1607 2106
f 2107 1958 1863
f 1645 2107 1863
f 1583 1475 2224
f 2225 1693 2111
f 335 1489 1853
f 1902 10 2226
f 1493 1447 1961
f 1935 1493 1961
f 860 575 1987
f 827 1858 2146
f 438 827 2146
f 1246 1439 2227
f 563 1904 2147
f 564 563 2147
f 1362 1295 2149
f 1992 1223 2013
f 1875 2228 2229
f 2230 1989 2179
f 2182 2230 2179
f 2109 1507 1689
f 2035 147 389
f 1422 2035 389
f 2231 2232 2072
f 631 1272 2138
f 1130 1129 2055
f 1176 1168 2048
f 1767 1718 2028
f 306 406 1791
f 970 306 1791
f 2042 580 2007
f 1584 2042 2007
f 908 1990 2233
f 909 908 2233
f 2133 2234 2235
f 1616 2133 2235
f 2236 1570 2188
f 1960 2237 2238
f 1809 274 111
f 2218 2118 1871
f 1820 1074 1658
f 2120 1679 1980
f 2239 2120 1980
f 1652 1380 2087
f 1654 1652 2087
f 1446 1825 2215
f 1462 1446 2215
f 2125 1136 2026
f 1928 2125 2026
f 1275 1947 1946
f 1413 1275 1946
f 12 34 2140
f 1792 490 2196
f 919 1792 2196
f 1880 1952 2078
f 1986 1880 2078
f 1511 1261 2146
f 1858 1511 2146
f 272 1881 2050
f 273 272 2050
f 1766 1767 1897
f 1497 1760 2120
f 2239 1497 2120
f 1720 449 1003
f 926 1720 1003
f 426 430 1945
f 1963 426 1945
f 1690 2002 2240
f 2027 691 1765
f 1528 2027 1765
f 2132 1431 625
f 2097 2170 1331
f 1333 2097 1331
f 2133 2241 2242
f 2234 2133 2242
f 1797 976 1298
f 1912 1797 1298
f 2030 891 2050
f 1878 2030 2050
f 461 807 1566
f 462 461 1566
f 1917 426 1963
f 2223 1434 1436
f 2243 1772 2046
f 1510 462 1998
f 1703 11 2191
f 2009 460 245
f 1153 2009 245
f 2244 2081 2108
f 408 1559 1848
f 2082 2081 2245
f 2143 904 905
f 1778 2143 905
f 894 2144 999
f 2083 2218 2092
f 1862 2077 1378
f 1727 427 1917
f 1606 1727 1917
f 1876 1875 2169
f 1152 1876 2169
f 746 2246 2220
f 2247 2248 2242
f 570 2249 1750
f 2150 1486 1909
f 1843 2250 451
f 1577 1732 1342
f 1837 1577 1342
f 2164 2251 2252
f 693 1570 1747
f 1445 2045 1746
f 2253 2071 2207
f 2179 1989 2031
f 1953 2179 2031
f 226 1295 622
f 763 226 622
f 2254 2255 1534
f 1887 1811 2001
f 356 1924 1926
f 1836 356 1926
f 1818 1176 2155
f 910 909 2002
f 1477 910 2002
f 122 377 2020
f 1771 122 2020
f 927 2164 2184
f 378 927 2184
f 1784 2085 2245
f 1900 1784 2245
f 833 1793 2256
f 834 833 2256
f 874 244 2003
f 1355 874 2003
f 581 884 2004
f 521 581 2004
f 755 217 2257
f 1433 755 2257
f 817 422 2005
f 1620 817 2005
f 482 2018 1920
f 403 482 1920
f 196 856 2183
f 1765 196 2183
f 268 1486 2151
f 269 268 2151
f 951 1314 2006
f 117 951 2006
f 1062 1066 2173
f 1926 1925 1378
f 759 1926 1378
f 1152 981 2258
f 887 1366 2009
f 351 887 2009
f 180 1237 2010
f 181 180 2010
f 1971 843 821
f 990 1971 821
f 1424 1426 2011
f 2259 1424 2011
f 1353 1444 2012
f 1417 834 2256
f 1656 1643 1542
f 1421 1656 1542
f 1286 1317 2038
f 467 1286 2038
f 2260 1288 441
f 746 2136 747
f 1979 2261 2262
f 2161 1776 1387
f 1576 2161 1387
f 1343 2091 1708
f 1341 1343 1708
f 261 213 2015
f 181 261 2015
f 936 791 2019
f 1170 936 2019
f 1278 946 1619
f 1617 1278 1619
f 1273 1975 2162
f 1431 1273 2162
f 1554 1900 2263
f 1555 1554 2263
f 2215 1825 684
f 794 2215 684
f 1574 1573 2165
f 665 2264 2175
f 574 665 2175
f 1630 1754 1291
f 702 1630 1291
f 2166 1223 1993
f 2142 475 1745
f 770 769 1983
f 410 82 2022
f 1495 410 2022
f 2168 1386 613
f 1642 786 2023
f 1468 1642 2023
f 642 1172 2174
f 1292 642 2174
f 312 1558 1927
f 1507 312 1927
f 1470 1798 2025
f 57 1470 2025
f 2033 865 1488
f 2175 2033 1488
f 2265 1473 1472
f 1026 1739 2180
f 1250 1026 2180
f 2266 935 934
f 2073 2266 934
f 1348 347 2176
f 2062 1265 1264
f 323 2062 1264
f 2267 1850 1409
f 1937 1519 1521
f 1973 1937 1521
f 1870 1716 2026
f 1290 1870 2026
f 1763 1879 2043
f 1761 1763 2043
f 2058 2057 1827
f 1200 1574 1988
f 1259 1200 1988
f 1143 2268 2090
f 418 417 2027
f 1631 418 2027
f 1073 1031 2076
f 1911 1073 2076
f 1224 2134 2030
f 1399 1224 2030
f 2032 389 2024
f 1874 1876 2269
f 1257 2270 2271
f 1660 1257 2271
f 1945 1698 2272
f 1964 1945 2272
f 1534 503 2254
f 2272 1698 1923
f 1381 2272 1923
f 2273 1037 1039
f 1800 1799 2034
f 828 1800 2034
f 2274 187 2035
f 1972 990 2046
f 1811 2275 2001
f 2182 2276 2183
f 1505 2277 1100
f 505 842 1814
f 1365 1463 2041
f 2278 1365 2041
f 2142 401 2132
f 1741 1829 2233
f 2279 627 2181
f 1962 1757 2188
f 2184 2164 2174
f 1172 2184 2174
f 1708 2091 2280
f 2186 1653 2110
f 546 415 2042
f 941 546 2042
f 1609 1608 2281
f 1764 1709 2045
f 646 1764 2045
f 934 933 1691
f 1692 934 1691
f 2190 1482 1481
f 2044 1365 2278
f 444 1087 1749
f 1108 444 1749
f 2282 2283 2212
f 733 1803 1805
f 885 881 1189
f 1402 1323 2284
f 1008 1187 1959
f 1501 1991 2013
f 1225 1501 2013
f 1954 1831 1647
f 1726 1954 1647
f 1044 1429 2273
f 1853 1852 1987
f 335 1853 1987
f 2285 2267 2265
f 2258 981 1914
f 2008 2286 2037
f 1379 1378 2077
f 2040 1828 1746
f 2045 2040 1746
f 2061 2060 2287
f 2288 2061 2287
f 1823 1822 2040
f 1709 1823 2040
f 2289 1849 1995
f 2187 2290 2185
f 2291 2292 2293
f 2290 2187 2205
f 2172 2171 2294
f 1113 1018 2036
f 999 2144 2295
f 1505 1209 1534
f 1985 2296 2048
f 1854 1648 1647
f 1831 1854 1647
f 2256 1793 2297
f 2007 579 2150
f 1998 1669 2033
f 253 252 1672
f 1671 253 1672
f 2298 2134 2166
f 1915 2115 1724
f 210 2299 2300
f 2060 2301 2287
f 273 334 271
f 586 585 1527
f 2261 2302 2303
f 737 2231 2072
f 1867 1869 2016
f 809 1000 999
f 1256 1029 2304
f 1555 1681 2305
f 2306 2282 2212
f 1990 648 729
f 835 834 1419
f 396 398 1579
f 1195 2307 1950
f 2308 2309 2310
f 1243 1420 1405
f 2294 2311 2312
f 920 591 1999
f 1603 1601 2313
f 2314 1159 2153
f 1596 2000 2112
f 892 1150 1873
f 2096 1929 1931
f 1052 725 229
f 2233 1990 1741
f 2315 1949 1951
f 1112 1666 2316
f 2317 1924 1824
f 1181 1165 1164
f 2258 1876 1152
f 855 2318 322
f 2134 1224 2166
f 2193 2319 2320
f 1931 2039 2096
f 1995 2051 2321
f 1426 2291 1903
f 560 2293 737
f 344 2198 2056
f 2229 2169 1875
f 1661 2322 709
f 1628 1965 2323
f 620 1172 642
f 2203 2309 1592
f 1401 2324 2128
f 854 853 2325
f 1098 854 2325
f 2326 1529 206
f 2327 2328 2329
f 2330 2308 2310
f 1876 2331 2269
f 708 1640 2332
f 709 708 2332
f 1001 1989 2333
f 1154 1001 2333
f 2334 1626 1531
f 2224 1475 2335
f 2336 2075 1118
f 757 756 2337
f 881 757 2337
f 375 1901 2338
f 560 375 2338
f 2339 505 1814
f 183 2339 1814
f 1834 1833 2340
f 2341 1085 1084
f 1977 1045 2342
f 2343 1023 2344
f 1635 434 2345
f 2346 1481 1483
f 133 696 2347
f 135 133 2347
f 1491 822 2348
f 1077 1078 2349
f 1503 2350 6
f 1504 1503 6
f 1982 769 1329
f 2351 2207 1632
f 1593 1592 2352
f 825 824 2353
f 1806 1585 2354
f 2355 598 1864
f 1838 998 1966
f 2356 2021 1589
f 1788 2356 1589
f 111 2357 1809
f 1830 1741 1740
f 2358 2359 2360
f 1023 1959 2344
f 1802 2361 1430
f 1859 647 2362
f 2363 2318 2364
f 1097 1220 2364
f 1798 1800 2025
f 522 2365 1605
f 606 2366 2367
f 2368 1096 958
f 1219 1097 338
f 1279 1550 2369
f 2370 1897 2190
f 2371 2044 2278
f 2372 2311 2294
f 2171 2372 2294
f 888 1510 1998
f 1841 1298 367
f 643 642 1916
f 2331 1876 2258
f 1875 1874 2373
f 1995 2374 2289
f 2375 2376 2261
f 2377 2378 1918
f 409 1847 2379
f 2380 2381 2382
f 1302 2380 2382
f 1839 2383 1857
f 2384 986 907
f 1891 680 2385
f 1928 2386 2125
f 1766 2279 2387
f 2388 1766 2387
f 2302 2389 2390
f 2303 2302 2390
f 1373 2127 59
f 2391 2163 2162
f 2392 2391 2162
f 2139 1047 2393
f 2089 2139 2393
f 2261 2303 2262
f 1556 1644 2394
f 2395 2396 2397
f 2043 1781 2398
f 2392 2162 1975
f 2399 1119 535
f 2400 2230 718
f 2401 2029 2402
f 1965 1628 2403
f 1954 1965 2403
f 2404 2305 1681
f 2405 599 600
f 1683 1682 2406
f 2108 1683 2406
f 2407 1955 1807
f 2229 2158 2408
f 2409 2410 102
f 2411 1707 1234
f 1770 1660 2412
f 2413 1790 1789
f 1674 1673 2414
f 2160 1117 1116
f 2197 2415 1675
f 2416 2037 1545
f 2417 2041 1955
f 579 2418 269
f 2419 2273 1039
f 2029 162 2420
f 2402 2029 2421
f 775 920 2422
f 2423 2424 2425
f 1336 1191 2426
f 1281 1280 2116
f 2427 1164 1977
f 229 2428 1052
f 2429 1140 432
f 2367 2430 606
f 1366 2044 2431
f 6 452 11
f 4 6 11
f 528 1351 413
f 412 528 413
f 1592 2309 2352
f 1661 1951 2322
f 1996 1848 1559
f 2350 1996 1559
f 2432 2318 855
f 1287 2432 855
f 1616 2235 1603
f 2433 1958 1369
f 1442 2433 1369
f 1238 848 270
f 1017 1238 270
f 2434 10 1902
f 1901 2434 1902
f 1847 1849 2435
f 870 2191 24
f 26 870 24
f 2436 1676 2058
f 2437 2315 1951
f 1661 1403 1951
f 1978 2368 1783
f 828 2438 1800
f 136 128 255
f 255 128 1939
f 2274 2439 187
f 187 2439 188
f 184 183 2440
f 812 183 1814
f 2423 190 2441
f 166 2442 21
f 21 2442 496
f 458 1499 1890
f 2443 381 2444
f 1246 2445 1247
f 1247 2445 251
f 455 2446 453
f 453 2446 1564
f 847 522 1605
f 42 2447 189
f 189 2447 2055
f 248 2195 458
f 515 663 1129
f 1129 663 529
f 869 2448 1703
f 619 2299 209
f 209 2299 210
f 747 643 748
f 748 643 2449
f 567 2450 1269
f 1269 2450 2451
f 1843 668 2250
f 2316 2452 1112
f 77 2453 78
f 78 2453 859
f 1920 2334 403
f 627 2370 749
f 749 2370 2454
f 802 2455 1098
f 1098 2455 1099
f 2274 2456 2457
f 2197 903 2458
f 2274 906 2456
f 1120 808 1028
f 1028 808 810
f 59 930 2459
f 859 2342 1898
f 1898 2342 2460
f 640 2277 698
f 1066 1065 2173
f 2270 1111 2271
f 586 2461 953
f 953 2461 1237
f 153 221 780
f 222 2462 661
f 661 2462 895
f 1414 2463 940
f 940 2463 704
f 1144 2355 1450
f 1550 1219 2369
f 256 1270 156
f 156 1270 876
f 2464 1271 1270
f 467 2465 357
f 357 2465 355
f 1323 1297 2284
f 749 2346 473
f 473 2346 2466
f 2395 1309 2396
f 2302 2467 2389
f 1300 1336 2219
f 1818 2458 1277
f 598 1211 485
f 2189 1379 2468
f 1282 1388 2469
f 1162 2444 1053
f 2000 2470 2312
f 2312 2470 2471
f 688 2472 689
f 686 1405 2473
f 1052 2345 916
f 1601 1437 2313
f 1550 1441 1219
f 1394 2474 717
f 717 2474 2216
f 1418 1454 1419
f 1667 2475 1381
f 1381 2475 2272
f 1415 2476 1697
f 1697 2476 1413
f 999 2371 809
f 5 1504 6
f 1512 1513 1167
f 732 2211 733
f 698 1535 493
f 493 1535 1665
f 2477 1539 2478
f 1090 2479 1981
f 1895 1578 1894
f 1894 1578 1846
f 1434 2348 1642
f 2480 2481 2308
f 2308 2481 2309
f 2291 1602 2292
f 355 1930 2482
f 1199 2349 1549
f 1288 1711 1289
f 1289 1711 1332
f 1615 1687 280
f 1805 1694 2483
f 1439 1695 2227
f 17 1699 2484
f 1994 1700 2024
f 2024 1700 2032
f 2111 2285 2225
f 645 2485 1973
f 1973 2485 2139
f 135 1940 1612
f 1612 1940 1702
f 1790 2199 388
f 388 2199 387
f 1665 2255 1651
f 1770 1730 777
f 1745 1744 2141
f 2131 1744 2486
f 605 1758 1962
f 1962 1758 1757
f 1256 1030 1029
f 1079 2487 1512
f 1512 2487 2488
f 2282 1803 2283
f 1482 1804 1483
f 191 2489 347
f 347 2489 2176
f 2152 1817 1553
f 1553 1817 1645
f 915 1936 732
f 1885 1820 1928
f 1928 1820 2386
f 1822 1824 2490
f 356 1824 1924
f 1827 1826 2491
f 1827 2486 1828
f 1433 1830 1432
f 397 1839 1857
f 2221 1841 390
f 1845 1842 86
f 1598 2411 795
f 1668 2492 2000
f 1735 1867 1965
f 1965 1867 2323
f 1969 2304 1970
f 1997 2014 1991
f 1991 2014 2013
f 860 1877 1285
f 1285 1877 324
f 2111 1886 2285
f 1597 1892 2493
f 2259 2351 1424
f 1424 2351 2494
f 1899 2495 1782
f 1178 2441 258
f 1787 1906 1788
f 1788 1906 1408
f 1520 2317 1823
f 1823 2317 1824
f 2249 2496 2282
f 2282 2496 1803
f 1710 1921 1649
f 2497 2491 2482
f 2482 2491 1826
f 2498 1933 2477
f 1994 1701 1700
f 1515 1938 1513
f 1689 2095 2109
f 1706 1941 1835
f 161 2499 162
f 162 2499 2420
f 1761 1966 1833
f 1969 1968 2451
f 451 2362 150
f 665 1974 2264
f 2264 1974 889
f 1992 2500 2397
f 1887 1982 1637
f 1608 1984 2281
f 2257 2501 1433
f 1293 2502 1543
f 1543 2502 1598
f 1452 2503 1636
f 1636 2503 2028
f 1133 2404 1869
f 2301 2504 2287
f 2423 2036 2424
f 698 1533 1535
f 2121 2505 2303
f 2374 2506 1122
f 1503 2052 2350
f 2350 2052 1996
f 334 2300 271
f 271 2300 2299
f 215 2507 498
f 747 641 643
f 944 2493 1452
f 1058 2407 1125
f 939 2508 940
f 940 2508 1415
f 1919 2080 1125
f 1125 2080 1029
f 2293 2509 737
f 737 2509 2231
f 543 2510 714
f 714 2510 206
f 1605 2511 1310
f 2512 2102 1659
f 1659 2102 1739
f 1934 2104 1932
f 1473 1907 1906
f 2312 2112 2000
f 1246 2114 2445
f 1684 2117 1685
f 1685 2117 2121
f 113 2119 670
f 670 2119 851
f 1526 2122 1631
f 1631 2122 1509
f 2215 2124 2214
f 2443 1712 1711
f 1990 2129 1742
f 1742 2129 2068
f 1674 2513 2203
f 926 2251 927
f 927 2251 2164
f 1149 2136 900
f 1900 2244 2263
f 2131 2141 1744
f 710 2148 2514
f 1852 2515 1987
f 1987 2515 860
f 2464 2154 2516
f 288 2160 287
f 1832 2517 1582
f 1582 2517 1199
f 2187 2518 2205
f 2101 2167 1832
f 2516 2519 2520
f 2520 2519 2521
f 2186 2185 2522
f 2523 2185 2524
f 2343 2525 2526
f 2168 2049 1881
f 2192 2527 621
f 95 2194 688
f 688 2194 2193
f 2152 1815 1817
f 1304 2198 2528
f 2075 2478 1357
f 1357 2478 1539
f 2077 2468 1379
f 1919 2079 2080
f 969 2202 861
f 861 2202 767
f 138 129 136
f 136 129 128
f 959 2459 745
f 745 2459 930
f 2172 2471 2098
f 1395 2206 1396
f 2477 2336 2498
f 2498 2336 2529
f 416 2210 2530
f 586 2213 2276
f 2276 2213 2183
f 2093 2214 2124
f 1512 1514 1513
f 1491 2222 2221
f 2221 2222 2531
f 1119 2469 1787
f 1787 2469 1388
f 2265 2225 2285
f 2343 2226 2448
f 1724 2227 1695
f 2359 2253 2360
f 2360 2253 2532
f 2229 2228 2158
f 2158 2228 2156
f 2055 2533 1130
f 2028 2335 1767
f 1916 2534 2327
f 2535 2536 2504
f 2163 2236 626
f 1924 2537 1925
f 1925 2537 2538
f 492 2483 988
f 988 2483 1694
f 2311 2539 2540
f 1471 2237 1352
f 1352 2237 1960
f 2531 1840 2221
f 2221 1840 1841
f 1662 2541 330
f 330 2541 2511
f 2257 2240 2501
f 2520 2241 2472
f 1149 2135 2136
f 1491 2223 2222
f 1772 2243 175
f 175 2243 2542
f 1102 2413 1942
f 2171 2246 2543
f 2231 2248 2232
f 1882 2530 848
f 1859 2250 668
f 1540 2412 1633
f 2207 2532 2253
f 2255 2254 2544
f 1100 2545 1667
f 2012 2384 1353
f 2443 2260 2507
f 1979 2262 1978
f 1096 2546 1280
f 1280 2546 2505
f 1576 2547 2161
f 1626 1922 1710
f 1710 1922 1921
f 1412 2548 1939
f 1939 2548 255
f 1887 1983 1982
f 2062 2363 1440
f 1789 2457 1957
f 1957 2457 2456
f 1790 2268 2199
f 2324 2528 2128
f 2128 2528 2198
f 1759 2549 1175
f 1175 2549 1043
f 469 2275 1812
f 1812 2275 1811
f 1433 1829 1830
f 1897 2279 1766
f 1757 2550 2188
f 2303 2280 2121
f 2121 2280 2091
f 1902 2526 2011
f 733 2283 1803
f 2029 2284 1297
f 1429 2353 2273
f 1662 1914 1423
f 2037 2286 2551
f 784 2288 1629
f 1816 2159 288
f 288 2159 2160
f 2290 2524 2185
f 1972 2514 1971
f 2293 2292 2552
f 1603 2292 1602
f 2044 2295 2431
f 1034 2553 2038
f 2038 2553 2039
f 2087 1868 1735
f 1735 1868 1867
f 2043 1967 1761
f 1761 1967 1966
f 2158 2296 2408
f 1276 2319 2140
f 2140 2319 2193
f 2033 2554 1998
f 1998 2554 888
f 102 2113 2540
f 2540 2113 2112
f 356 2490 1824
f 413 2555 414
f 1895 1579 1578
f 448 2437 1403
f 1403 2437 1951
f 1536 2313 1437
f 2189 2314 2556
f 1891 2315 2437
f 2516 2320 2464
f 2464 2320 2319
f 2106 2088 1396
f 1396 2088 1963
f 1995 2321 2374
f 2374 2321 2506
f 2096 2551 1929
f 1929 2551 2286
f 2016 2323 1867
f 613 2484 2168
f 2168 2484 1699
f 496 2325 853
f 2059 2557 2110
f 2110 2557 2518
f 370 664 1020
f 1020 664 663
f 828 2558 2438
f 710 2559 711
f 711 2559 1772
f 640 2560 2545
f 1002 2332 1640
f 2230 2333 1989
f 1046 2200 1143
f 1268 2561 1071
f 1071 2561 1069
f 811 2440 812
f 812 2440 183
f 872 2529 1118
f 1118 2529 2336
f 992 2337 756
f 1361 2562 1412
f 1412 2562 2519
f 969 2410 2301
f 182 2339 183
f 206 2340 2326
f 1085 2341 1326
f 1326 2341 2474
f 1356 2563 1296
f 1311 2460 1045
f 1045 2460 2342
f 2360 2344 2358
f 1885 1821 1820
f 1483 2466 2346
f 1835 2347 696
f 1230 2564 1882
f 655 2565 1913
f 1913 2565 2564
f 1562 2473 2297
f 948 2494 1632
f 1632 2494 2351
f 1150 2566 1149
f 1149 2566 2527
f 400 2567 1646
f 1646 2567 2563
f 2479 2354 1584
f 1584 2354 1585
f 1583 1864 683
f 1414 2568 2239
f 2239 2568 1497
f 1408 2356 1788
f 1899 2357 2495
f 1959 2358 2344
f 1272 2361 2138
f 330 2365 331
f 331 2365 522
f 895 2366 606
f 1006 1487 28
f 1634 2569 2005
f 2005 2569 1587
f 338 2369 1219
f 1481 2454 2190
f 2190 2454 2370
f 1866 2570 1383
f 1383 2570 1889
f 1993 2488 2166
f 1916 2449 643
f 333 2571 1203
f 1203 2571 1204
f 1912 2375 1753
f 1753 2375 1754
f 1950 2377 1655
f 1644 2379 2209
f 1401 2381 2324
f 1401 2382 2381
f 2378 2385 2555
f 1658 2386 1820
f 1756 2388 1757
f 2181 2387 2279
f 2165 2556 1574
f 2531 2376 1912
f 1912 2376 2375
f 2233 2572 909
f 58 2127 56
f 2573 2574 1239
f 1239 2574 1231
f 1049 2393 1047
f 777 2394 778
f 1289 2575 1287
f 1287 2575 2432
f 1781 2383 2398
f 1838 2383 1839
f 1838 2398 2383
f 2242 2521 2247
f 89 2542 2022
f 2022 2542 2243
f 1282 2399 858
f 1154 2400 1084
f 1402 2401 2247
f 971 2403 1628
f 2177 2405 776
f 2263 1682 1555
f 1555 1682 1681
f 2263 2406 1682
f 1134 2086 1380
f 1980 2576 2239
f 2239 2576 1414
f 1774 2252 1640
f 1640 2252 2251
f 2155 2157 2156
f 2173 2538 1519
f 2535 2409 2539
f 1680 2103 1999
f 1999 2103 2102
f 1801 2238 2204
f 2204 2238 2237
f 77 2577 2452
f 1874 2414 2373
f 2155 2415 1818
f 2006 2416 1059
f 1057 2417 1058
f 382 2418 579
f 1311 2419 913
f 2029 2420 2421
f 1883 2421 2420
f 775 2422 2578
f 1180 2578 2480
f 2480 2578 2422
f 1018 2424 2036
f 1684 2116 2117
f 1164 2427 1181
f 1181 2427 1666
f 1189 2428 885
f 885 2428 229
f 1795 2429 1339
f 2205 2430 2290
f 2235 2552 1603
f 1603 2552 2292
f 1671 2433 1442
f 2523 2522 2185
f 2523 2435 2522
f 478 2123 2122
f 1999 2579 920
f 920 2579 2422
f 2008 2436 2286
f 2368 1978 2546
f 1096 2368 2546
f 2439 2274 2457
f 1789 2439 2457
f 2442 166 802
f 1098 2442 802
f 1499 458 2195
f 1500 1499 2195
f 359 361 2145
f 223 359 2145
f 192 258 2441
f 190 192 2441
f 12 2140 2194
f 95 12 2194
f 2446 455 2169
f 2229 2446 2169
f 217 309 308
f 2257 217 308
f 2447 42 219
f 290 2447 219
f 2195 248 919
f 2196 2195 919
f 663 515 345
f 1020 663 345
f 2448 869 1023
f 2343 2448 1023
f 2299 619 967
f 271 2299 967
f 2442 1098 2325
f 496 2442 2325
f 2450 567 1111
f 2270 2450 1111
f 55 54 930
f 59 55 930
f 1977 2453 2316
f 502 397 396
f 939 502 396
f 1806 2053 2079
f 1919 1806 2079
f 1225 1399 1459
f 1501 1225 1459
f 1346 671 1539
f 2477 1346 1539
f 2453 1977 2342
f 859 2453 2342
f 833 832 2065
f 488 833 2065
f 2334 1920 1922
f 1626 2334 1922
f 2208 2580 778
f 625 624 866
f 2132 625 866
f 2370 627 2279
f 1897 2370 2279
f 2455 802 903
f 2197 2455 903
f 2455 2197 1051
f 1099 2455 1051
f 1126 76 839
f 478 1126 839
f 325 732 734
f 492 325 734
f 808 1120 1000
f 809 808 1000
f 1896 1475 1474
f 1482 1896 1474
f 730 2106 2206
f 532 730 2206
f 2581 2307 2266
f 2073 2581 2266
f 2277 640 2545
f 1100 2277 2545
f 221 153 2462
f 222 221 2462
f 1151 956 1050
f 1592 1151 1050
f 2462 153 2366
f 895 2462 2366
f 2581 2073 2148
f 2463 1414 2576
f 2544 2463 2576
f 2301 2060 2202
f 969 2301 2202
f 2355 1144 1211
f 598 2355 1211
f 2450 2270 1969
f 2451 2450 1969
f 239 86 1842
f 451 239 1842
f 1270 256 2154
f 2464 1270 2154
f 2465 467 2039
f 1931 2465 2039
f 1750 2306 2485
f 645 1750 2485
f 882 881 2337
f 992 882 2337
f 1322 160 1297
f 1323 1322 1297
f 2346 749 2454
f 1481 2346 2454
f 1266 523 522
f 847 1266 522
f 2458 1818 2415
f 2197 2458 2415
f 801 1277 2458
f 903 801 2458
f 2461 2178 2010
f 1237 2461 2010
f 1327 1326 2474
f 1394 1327 2474
f 2444 1162 1163
f 2099 2470 2582
f 2472 688 2193
f 2345 1052 2583
f 1635 2345 2583
f 1426 1425 1602
f 2291 1426 1602
f 2475 1667 2584
f 1397 2475 2584
f 1546 1296 2563
f 2476 1415 2508
f 1895 2476 2508
f 2476 1895 1777
f 1413 2476 1777
f 2371 999 2295
f 2044 2371 2295
f 2211 732 1936
f 1048 2211 1936
f 1535 1534 2255
f 1665 1535 2255
f 262 1635 2577
f 77 262 2577
f 2348 1434 2223
f 1491 2348 2223
f 1274 1372 1687
f 1615 1274 1687
f 1263 1497 2568
f 1696 1263 2568
f 1930 355 2465
f 1931 1930 2465
f 2349 1199 2517
f 1077 2349 2517
f 1551 1114 2217
f 1732 1551 2217
f 1558 47 46
f 2201 1558 46
f 1616 1603 2313
f 1536 1616 2313
f 1711 1288 2260
f 2443 1711 2260
f 1580 977 1480
f 2094 1580 1480
f 1661 709 2332
f 1002 1661 2332
f 1145 1144 1892
f 1597 1145 1892
f 950 1438 1437
f 1601 950 1437
f 1578 398 1245
f 1846 1578 1245
f 1249 1756 1758
f 605 1249 1758
f 134 1594 2495
f 2267 2285 1886
f 1850 2267 1886
f 1940 135 2347
f 503 704 2254
f 504 996 1839
f 397 504 1839
f 1364 1629 2534
f 1916 1364 2534
f 1187 685 1780
f 1959 1187 1780
f 1295 1064 1910
f 2149 1295 1910
f 1079 1318 2487
f 1804 1482 1474
f 2018 2585 1921
f 1920 2018 1921
f 2489 191 190
f 2423 2489 190
f 1936 915 2515
f 1852 1936 2515
f 2486 1827 2057
f 2131 2486 2057
f 2411 1598 2502
f 1707 2411 2502
f 2586 2492 392
f 1863 1958 2433
f 1671 1863 2433
f 1044 2273 2419
f 1311 1044 2419
f 2014 1997 2500
f 1992 2014 2500
f 1877 860 2515
f 915 1877 2515
f 1918 2378 1350
f 1768 1918 1350
f 1773 1891 2437
f 448 1773 2437
f 1258 1775 1030
f 1256 1258 1030
f 1813 1775 1893
f 1769 1813 1893
f 2130 400 399
f 2131 2130 399
f 1770 1769 1893
f 1660 1770 1893
f 2351 2259 2532
f 2207 2351 2532
f 2485 2306 1047
f 2139 2485 1047
f 2357 111 134
f 2495 2357 134
f 2439 1789 388
f 188 2439 388
f 2441 1178 2036
f 2423 2441 2036
f 1906 1787 1943
f 1473 1906 1943
f 1088 1070 1069
f 1089 1088 1069
f 1910 1819 1701
f 2317 1520 2537
f 1924 2317 2537
f 1553 1555 2305
f 2152 1553 2305
f 760 759 1379
f 2189 760 1379
f 1311 913 2460
f 1415 1696 2568
f 1414 1415 2568
f 2498 1171 2082
f 1393 1587 2569
f 1913 1393 2569
f 2107 1645 1817
f 1816 2107 1817
f 1737 1738 1938
f 1515 1737 1938
f 1410 2021 2356
f 1408 1410 2356
f 1122 1328 1569
f 2374 1122 1569
f 2095 1689 1944
f 2096 2095 1944
f 1912 1298 1840
f 2531 1912 1840
f 2499 161 668
f 1843 2499 668
f 2362 451 2250
f 1859 2362 2250
f 332 1786 2587
f 1662 332 2587
f 2066 2395 2588
f 1373 59 2459
f 959 1373 2459
f 1909 1088 1981
f 2150 1909 1981
f 2516 2520 2320
f 1385 127 129
f 138 1385 129
f 2245 2081 2244
f 1900 2245 2244
f 2580 2290 2430
f 49 2201 2418
f 382 49 2418
f 2234 2242 2248
f 2231 2234 2248
f 2503 1452 1451
f 2224 2503 1451
f 2504 2301 2410
f 1765 2183 2213
f 2505 2121 2117
f 1280 2505 2117
f 1188 2109 2553
f 1034 1188 2553
f 2278 2041 2417
f 1057 2278 2417
f 2507 215 381
f 2443 2507 381
f 1923 1529 2326
f 2137 1923 2326
f 641 2192 620
f 642 641 620
f 1346 2477 1933
f 1932 1346 1933
f 1780 524 2063
f 2359 1780 2063
f 961 1597 2493
f 944 961 2493
f 2203 1592 1050
f 2067 2203 1050
f 2407 1058 2417
f 1955 2407 2417
f 2212 1048 1047
f 2306 2212 1047
f 2080 1970 2304
f 1029 2080 2304
f 2294 2312 2471
f 2172 2294 2471
f 2510 543 1762
f 1834 2510 1762
f 100 62 2210
f 416 100 2210
f 2511 1605 2365
f 330 2511 2365
f 2541 637 1310
f 2511 2541 1310
f 2102 2512 2579
f 1999 2102 2579
f 2085 2105 2104
f 1934 2085 2104
f 1472 1693 2225
f 2265 1472 2225
f 1746 1828 2486
f 1744 1746 2486
f 835 1419 1911
f 2076 835 1911
f 2119 113 158
f 2122 1526 476
f 478 2122 476
f 794 796 2124
f 2215 794 2124
f 1423 637 2541
f 1662 1423 2541
f 2513 1874 2269
f 2310 2513 2269
f 2251 926 1003
f 1640 2251 1003
f 1360 1939 128
f 127 1360 128
f 1908 2061 2288
f 784 1908 2288
f 1663 2001 2275
f 469 1663 2275
f 1584 2007 2479
f 2012 152 2384
f 2016 1683 2323
f 2517 1832 2167
f 1077 2517 2167
f 2518 2187 2186
f 2110 2518 2186
f 2154 255 2548
f 2516 2154 2548
f 830 770 1983
f 1887 830 1983
f 1083 1131 2547
f 1576 1083 2547
f 1195 935 2266
f 2307 1195 2266
f 2234 2231 2509
f 2235 2234 2509
f 2220 660 1016
f 746 2220 1016
f 1964 2272 2475
f 1397 1964 2475
f 2519 2516 2548
f 1412 2519 2548
f 1207 1609 2281
f 1624 1207 2281
f 1089 2451 1968
f 2053 1089 1968
f 2527 2192 2135
f 1149 2527 2135
f 2447 290 2533
f 2055 2447 2533
f 2129 729 982
f 2068 2129 982
f 1815 1117 2159
f 1816 1815 2159
f 1450 1452 2493
f 1892 1450 2493
f 2478 2075 2336
f 2477 2478 2336
f 2468 1159 2314
f 2189 2468 2314
f 1159 935 1196
f 2153 1159 1196
f 1394 1267 1338
f 1634 1394 1338
f 980 825 2353
f 1429 980 2353
f 1318 1139 1204
f 2557 896 2205
f 2518 2557 2205
f 2099 2098 2471
f 2470 2099 2471
f 1169 1076 1309
f 1606 1917 2088
f 2106 1606 2088
f 2018 2017 2219
f 2585 2018 2219
f 1873 2094 1480
f 2019 1873 1480
f 2469 1119 2399
f 1282 2469 2399
f 1853 1489 1563
f 1049 1853 1563
f 2226 10 1703
f 2448 2226 1703
f 2253 2359 2063
f 2071 2253 2063
f 2361 1802 1856
f 2138 2361 1856
f 2335 2028 2503
f 2224 2335 2503
f 2483 492 734
f 1805 2483 734
f 2535 2539 2328
f 2237 1471 1943
f 2204 2237 1943
f 1905 375 374
f 5 1905 374
f 343 511 393
f 1668 343 393
f 2177 2176 2425
f 360 362 1747
f 527 360 1747
f 2413 1102 1104
f 1790 2413 1104
f 2530 1882 2564
f 2412 1540 1730
f 1770 2412 1730
f 1903 2291 2338
f 1901 1903 2338
f 2008 2037 2416
f 2006 2008 2416
f 2260 441 498
f 2507 2260 498
f 1904 633 2167
f 2101 1904 2167
f 2510 1834 2340
f 206 2510 2340
f 1018 232 2424
f 2363 2062 322
f 2318 2363 322
f 2100 252 2589
f 2115 2100 2589
f 1608 1564 2408
f 2549 1759 1886
f 2111 2549 1886
f 2142 2132 866
f 475 2142 866
f 2550 1757 2388
f 2280 2303 2390
f 1708 2280 2390
f 2259 2011 2526
f 2525 2259 2526
f 2526 1902 2226
f 2343 2526 2226
f 1622 1624 2281
f 1984 1622 2281
f 1988 2153 1196
f 1655 1988 1196
f 2265 2267 1907
f 1473 2265 1907
f 2046 1772 2559
f 1972 2046 2559
f 2524 2208 2209
f 2523 2524 2209
f 2514 1972 2559
f 710 2514 2559
f 1692 1971 2514
f 2148 1692 2514
f 2293 560 2338
f 2291 2293 2338
f 2553 2109 2095
f 2039 2553 2095
f 1868 2087 2086
f 1869 1868 2086
f 1967 2043 2398
f 1838 1967 2398
f 2319 1276 1271
f 2464 2319 1271
f 2555 413 1350
f 2378 2555 1350
f 2153 1574 2556
f 2314 2153 2556
f 2586 2432 2582
f 2492 2586 2582
f 2533 290 2590
f 2228 1875 2373
f 2156 2228 2373
f 2364 2586 392
f 1097 2364 392
f 1778 1333 2126
f 2143 1778 2126
f 2083 1732 2217
f 2218 2083 2217
f 2551 2096 1944
f 2037 2551 1944
f 355 2482 2490
f 356 355 2490
f 2130 1677 2567
f 400 2130 2567
f 2484 613 15
f 17 2484 15
f 2557 2059 897
f 896 2557 897
f 369 529 664
f 370 369 664
f 437 1617 2558
f 2329 2328 2372
f 766 1302 2382
f 656 416 2565
f 655 656 2565
f 568 533 2560
f 640 568 2560
f 2200 1046 705
f 387 2200 705
f 1269 2451 2561
f 1268 1269 2561
f 831 403 2334
f 1531 831 2334
f 2561 2451 1089
f 1069 2561 1089
f 861 776 2405
f 600 861 2405
f 1896 1767 2335
f 1475 1896 2335
f 2440 811 365
f 184 2440 365
f 1402 2247 2562
f 1361 1402 2562
f 103 102 2410
f 969 103 2410
f 2340 1833 2137
f 2326 2340 2137
f 857 858 2399
f 535 857 2399
f 2341 1084 2216
f 2474 2341 2216
f 1355 1646 2563
f 1356 1355 2563
f 1395 1397 2584
f 341 916 2345
f 434 341 2345
f 1821 1947 1275
f 1074 1821 1275
f 1638 1954 2403
f 971 1638 2403
f 1393 1913 2564
f 1230 1393 2564
f 2565 416 2530
f 2564 2565 2530
f 1330 1642 2348
f 822 1330 2348
f 2473 1562 1251
f 686 2473 1251
f 653 1549 2349
f 1078 653 2349
f 2566 297 621
f 2527 2566 621
f 1831 1637 1982
f 1329 1831 1982
f 1643 409 2379
f 1644 1643 2379
f 1659 1593 2352
f 2512 1659 2352
f 1687 1492 443
f 280 1687 443
f 1037 2273 2353
f 824 1037 2353
f 892 297 2566
f 1150 892 2566
f 2567 1677 1546
f 2563 2567 1546
f 1673 1675 2415
f 2155 1673 2415
f 1259 1655 2377
f 1918 1259 2377
f 1633 2271 1111
f 266 1633 1111
f 1451 1450 2355
f 2499 1843 1844
f 1382 1833 1966
f 998 1382 1966
f 497 1279 2369
f 338 497 2369
f 1508 1809 2357
f 1899 1508 2357
f 1571 1432 1830
f 1740 1571 1830
f 891 2134 2571
f 333 891 2571
f 2327 2329 2449
f 1916 2327 2449
f 1417 2256 2570
f 1866 1417 2570
f 1201 1430 2361
f 1272 1201 2361
f 151 150 2362
f 647 151 2362
f 1794 2032 1700
f 974 1794 1700
f 957 1783 2368
f 958 957 2368
f 1400 2128 1487
f 1006 1400 1487
f 2569 1634 1338
f 1913 2569 1338
f 1210 1339 2429
f 432 1210 2429
f 1611 1782 2495
f 1594 1611 2495
f 2570 2256 2297
f 1889 2570 2297
f 1347 1932 2104
f 1915 1347 2104
f 1057 809 2371
f 2278 1057 2371
f 2298 2166 2488
f 2487 2298 2488
f 2488 1993 1514
f 1512 2488 1514
f 72 390 1841
f 367 72 1841
f 2571 2134 2298
f 1204 2571 2298
f 1872 1649 1921
f 2585 1872 1921
f 1979 1754 2375
f 2261 1979 2375
f 2209 2379 2523
f 460 1366 2431
f 361 460 2431
f 1354 1353 2384
f 907 1354 2384
f 2385 680 414
f 2555 2385 414
f 2394 1644 2208
f 778 2394 2208
f 1650 2125 2386
f 1658 1650 2386
f 604 606 2430
f 2205 604 2430
f 2388 1756 1718
f 1766 2388 1718
f 1255 2189 2556
f 2165 1255 2556
f 2232 2248 2402
f 2302 2261 2376
f 2002 909 2572
f 2572 2233 1829
f 60 59 2127
f 58 60 2127
f 1496 2025 2573
f 1239 1496 2573
f 2583 1052 2428
f 120 1059 2416
f 1545 120 2416
f 1730 1556 2394
f 777 1730 2394
f 2575 1289 1595
f 2099 2575 1595
f 1956 913 2419
f 1039 1956 2419
f 2316 1666 2427
f 1977 2316 2427
f 2504 2536 2287
f 2288 2287 2536
f 1515 2397 2396
f 1737 1515 2396
f 2562 2247 2521
f 2519 2562 2521
f 2521 2242 2241
f 2520 2521 2241
f 2003 527 2392
f 1975 2003 2392
f 2400 718 2216
f 1084 2400 2216
f 2401 2402 2248
f 2247 2401 2248
f 2016 1869 2404
f 1681 2016 2404
f 1133 1869 2086
f 1134 1133 2086
f 2576 1980 2047
f 2544 2576 2047
f 1919 1125 2407
f 1807 1919 2407
f 2020 2164 2252
f 1774 2020 2252
f 2296 1985 1984
f 2157 2048 2296
f 2158 2157 2296
f 1176 2048 2157
f 2155 1176 2157
f 1520 1519 2538
f 2537 1520 2538
f 2538 2173 1065
f 1925 2538 1065
f 2409 102 2540
f 2539 2409 2540
f 2180 1739 2103
f 1680 2180 2103
f 2238 1801 2074
f 1960 2238 2074
f 796 795 2411
f 1234 796 2411
f 2271 1633 2412
f 1660 2271 2412
f 2583 1618 2577
f 1635 2583 2577
f 2575 2099 2582
f 2432 2575 2582
f 1957 1942 2413
f 1789 1957 2413
f 2414 1673 2156
f 2373 2414 2156
f 1537 287 2160
f 1116 1537 2160
f 2418 2201 46
f 269 2418 46
f 2381 2426 2324
f 1470 1281 2116
f 2144 361 2431
f 2295 2144 2431
f 2481 2512 2352
f 2309 2481 2352
f 1950 2307 2322
f 1951 1950 2322
f 2422 2579 2480
f 1800 2438 2573
f 2025 1800 2573
f 1499 1501 1459
f 1890 1499 1459
f 308 1690 2240
f 2257 308 2240
f 374 740 1504
f 5 374 1504
f 399 2142 2141
f 2131 399 2141
f 839 840 2123
f 478 839 2123
f 893 223 2145
f 894 893 2145
f 893 780 221
f 223 893 221
f 2581 709 2322
f 2307 2581 2322
f 1016 900 2136
f 746 1016 2136
f 2277 1505 1533
f 698 2277 1533
f 1104 2090 2268
f 1790 1104 2268
f 1441 1440 1220
f 1219 1441 1220
f 1436 1590 2389
f 2467 1436 2389
f 2380 2585 2219
f 1336 2380 2219
f 1388 2204 1943
f 1787 1388 1943
f 1405 1420 1889
f 1441 1550 1695
f 1439 1441 1695
f 1454 1796 1911
f 1419 1454 1911
f 2211 2212 2283
f 733 2211 2283
f 1563 2089 2393
f 1049 1563 2393
f 1930 1929 2497
f 2482 1930 2497
f 2330 2310 2269
f 1694 1805 1804
f 1474 1694 1804
f 1699 1878 2049
f 2168 1699 2049
f 1747 1570 2391
f 1780 2359 2358
f 1959 1780 2358
f 2496 1483 1804
f 1803 2496 1804
f 2543 2329 2372
f 2171 2543 2372
f 1842 1845 1844
f 1843 1842 1844
f 2497 1929 2286
f 1933 2498 2082
f 1934 1933 2082
f 1949 2378 2377
f 1950 1949 2377
f 2378 1949 2385
f 1976 2402 2421
f 1883 1976 2421
f 1976 2072 2232
f 2402 1976 2232
f 2500 2588 2395
f 2397 2500 2395
f 1981 2479 2007
f 2150 1981 2007
f 2303 2505 2262
f 2065 2066 2588
f 488 2065 2588
f 2114 1246 2227
f 1724 2114 2227
f 2126 1712 1163
f 2143 2126 1163
f 2513 1674 2414
f 1874 2513 2414
f 2244 2108 2406
f 2263 2244 2406
f 2525 2343 2344
f 2360 2525 2344
f 1130 2533 2590
f 1132 1130 2590
f 2327 2534 2536
f 2236 2163 2391
f 1570 2236 2391
f 2584 1667 2545
f 2560 2584 2545
f 2161 2547 2590
f 2363 2364 1220
f 1440 2363 1220
f 2284 2029 2401
f 1402 2284 2401
f 1914 1662 2587
f 1579 1895 2508
f 2315 1891 2385
f 1949 2315 2385
f 2328 2327 2536
f 2535 2328 2536
f 2269 2331 2330
f 2587 1786 2330
f 2331 2587 2330
f 2333 2230 2400
f 1154 2333 2400
f 2560 533 1395
f 2584 2560 1395
f 2355 1864 1451
f 2387 2181 2550
f 2388 2387 2550
f 2392 527 1747
f 2391 2392 1747
f 2405 2177 2425
f 599 2405 2425
f 2408 2296 1984
f 1608 2408 1984
f 2409 2535 2504
f 2410 2409 2504
f 2420 2499 1844
f 1883 2420 1844
f 2435 1849 2289
f 2522 2435 2289
f 2435 2523 2379
f 1847 2435 2379
f 104 1596 2113
f 102 104 2113
f 2404 1133 1861
f 2509 2293 2552
f 2235 2509 2552
f 1997 488 2588
f 2500 1997 2588
f 2506 67 1123
f 1122 2506 1123
f 2222 1436 2467
f 2531 2222 2467
f 2236 2188 2550
f 2424 232 599
f 2425 2424 599
f 91 175 2542
f 89 91 2542
f 2438 2558 1617
f 1613 2438 1617
f 506 505 2339
f 182 506 2339
f 126 124 1769
f 777 126 1769
f 22 210 2300
f 489 1500 2196
f 490 489 2196
f 172 437 2558
f 828 172 2558
f 2114 2115 2589
f 2445 2114 2589
f 252 251 2445
f 2589 252 2445
f 637 636 1165
f 1310 637 1165
f 1232 1231 2574
f 1613 1232 2574
f 2452 2316 2453
f 77 2452 2453
f 1547 1676 2436
f 2008 1547 2436
f 1180 331 2578
f 523 775 2578
f 331 523 2578
f 740 928 68
f 1503 740 68
f 700 2456 906
f 701 700 906
f 889 888 2554
f 2264 889 2554
f 2463 2544 2254
f 704 2463 2254
f 1115 921 925
f 1116 1115 925
f 1171 2498 2529
f 872 1171 2529
f 2461 586 2276
f 2178 2461 2276
f 2456 700 1517
f 1957 2456 1517
f 1325 766 2382
f 1401 1325 2382
f 570 473 2466
f 2249 570 2466
f 533 532 2206
f 1395 533 2206
f 2467 2302 2376
f 2531 2467 2376
f 1215 22 2300
f 334 1215 2300
f 2207 1851 1294
f 1632 2207 1294
f 2446 2229 2408
f 1564 2446 2408
f 1425 1424 2494
f 948 1425 2494
f 1882 1238 1231
f 1230 1882 1231
f 1802 1768 1351
f 629 1802 1351
f 2479 1090 2354
f 1798 1470 2116
f 1684 1798 2116
f 2481 2480 2579
f 2512 2481 2579
f 1722 1999 591
f 1600 1722 591
f 2270 1257 1256
f 869 1703 2191
f 870 869 2191
f 678 1628 2323
f 1683 678 2323
f 2480 2308 1180
f 2350 1559 452
f 6 2350 452
f 1302 1303 1872
f 2268 1143 2200
f 2199 2268 2200
f 44 1194 2024
f 389 44 2024
f 448 889 1974
f 1773 448 1974
f 748 2543 2246
f 746 748 2246
f 544 1702 1941
f 1706 544 1941
f 1862 1925 1065
f 1067 1862 1065
f 2304 1969 2270
f 1256 2304 2270
f 1696 1697 1946
f 1948 1696 1946
f 1147 1857 2383
f 1781 1147 2383
f 2585 2380 1302
f 1872 2585 1302
f 2066 1169 1309
f 2395 2066 1309
f 2496 2249 2466
f 1483 2496 2466
f 2058 1827 2491
f 2497 2058 2491
f 912 1898 2460
f 913 912 2460
f 1686 2092 2218
f 1871 1686 2218
f 1562 2297 1793
f 1792 1562 1793
f 1528 1765 2213
f 1527 1528 2213
f 2586 2364 2318
f 2432 2586 2318
f 2580 2208 2524
f 2290 2580 2524
f 2502 1293 148
f 1707 2502 148
f 602 1737 2396
f 1309 602 2396
f 67 2506 2321
f 68 67 2321
f 2051 68 2321
f 4 10 2434
f 1905 4 2434
f 2053 1806 2354
f 1090 2053 2354
f 2306 1750 2249
f 2282 2306 2249
f 1907 2267 1409
f 1408 1907 1409
f 1221 1043 2549
f 2111 1221 2549
f 2311 2540 2112
f 2312 2311 2112
f 1995 1996 2052
f 2051 1995 2052
f 2182 2179 2178
f 2276 2182 2178
f 1992 2397 1993
f 2175 2264 2554
f 2033 2175 2554
f 1653 2186 2522
f 2289 1653 2522
f 2525 2360 2532
f 2259 2525 2532
f 1968 1970 2079
f 2053 1968 2079
f 501 1462 2214
f 2093 501 2214
f 1115 1117 1815
f 2152 1115 1815
f 933 1159 2468
f 2077 933 2468
f 1514 1993 2397
f 1515 1514 2397
f 2534 1629 2288
f 2536 2534 2288
f 2543 748 2449
f 2329 2543 2449
f 2135 2192 641
f 747 2135 641
f 1618 2583 2428
f 1189 1618 2428
f 2547 1131 1132
f 2590 2547 1132
f 2170 2220 2246
f 2171 2170 2246
f 2489 2423 2425
f 2176 2489 2425
f 1304 2528 1191
f 2035 875 906
f 2274 2035 906
f 179 2015 323
f 1264 179 323
f 1495 2022 2243
f 2046 1495 2243
f 1871 2118 829
f 2034 1871 829
f 2490 2482 1826
f 1822 2490 1826
f 1884 1947 1821
f 1885 1884 1821
f 1615 279 2119
f 158 1615 2119
f 1312 1140 2429
f 1795 1312 2429
f 2438 1613 2574
f 2573 2438 2574
f 153 154 2367
f 2366 153 2367
f 1487 2128 2198
f 344 1487 2198
f 2289 2374 1569
f 1653 2289 1569
f 2546 1978 2262
f 2505 2546 2262
f 2181 626 2236
f 2550 2181 2236
f 1138 1509 2123
f 840 1138 2123
f 2436 2058 2497
f 2286 2436 2497
f 393 392 2492
f 1668 393 2492
f 709 2581 2148
f 710 709 2148
f 2224 1451 1864
f 1583 2224 1864
f 2492 2582 2470
f 2000 2492 2470
f 2149 1910 1701
f 1994 2149 1701
f 1941 1940 2347
f 1835 1941 2347
f 2501 2572 1829
f 1433 2501 1829
f 2305 2404 1861
f 2152 2305 1861
f 2473 1405 1889
f 2297 2473 1889
f 2331 2258 1914
f 2587 2331 1914
f 1590 1708 2390
f 2389 1590 2390
f 778 2580 154
f 126 778 154
f 2444 1163 1712
f 2443 2444 1712
f 2472 2193 2320
f 2520 2472 2320
f 1522 1167 1513
f 1938 1522 1513
f 2487 1318 1204
f 2298 2487 1204
f 2203 2513 2310
f 2309 2203 2310
f 2580 2430 2367
f 154 2580 2367
f 939 396 1579
f 2508 939 1579
f 2539 2311 2372
f 2328 2539 2372
f 848 2530 2210
f 61 848 2210
f 1618 1112 2452
f 2577 1618 2452
f 1786 1180 2308
f 2330 1786 2308
f 986 2384 152
f 151 986 152
f 1934 2082 2245
f 2085 1934 2245
f 2572 2501 2240
f 2002 2572 2240
f 2426 1191 2528
f 2324 2426 2528
f 2544 2047 1651
f 2255 2544 1651
f 2590 290 289
f 2161 2590 289
f 833 488 490
f 1793 833 490
f 856 718 2230
f 2182 856 2230
f 2241 2133 689
f 2472 2241 689
f 241 152 2012
f 1157 241 2012
f 1336 2426 2381
f 2380 1336 2381
f 1053 2444 381
f 380 1053 381
f 407 2191 11
f 452 407 11
f 1905 2434 1901
f 375 1905 1901

