# https://github.com/mikedh/trimesh
v -1.35567105 -0.51496255 0.95488143
v -1.31336367 -0.55414140 0.96319073
v -1.32320440 -0.48829547 1.00183785
v -1.27130556 -0.59593713 0.95430905
v -1.28921998 -0.58981514 0.91162050
v -1.28347516 -0.53749287 1.00523698
v -1.36664915 -0.53683186 0.89340830
v -1.32725728 -0.56645572 0.90487164
v -1.26669407 -0.60170567 0.87591016
v -1.30418074 -0.57782531 0.84944123
v -1.40655386 -0.49921873 0.88322020
v -1.39091694 -0.47202203 0.94494385
v -1.01660824 -0.13278985 1.07209003
v -1.03828359 -0.09093916 1.05932903
v -1.07698190 -0.15818331 1.11037576
v -1.06231546 -0.05494173 1.03585494
v -1.11773002 -0.07614133 1.07738459
v -0.98746085 -0.07308462 1.00572538
v -0.96436852 -0.11292040 1.01899159
v -1.05535054 -0.20390847 1.12100410
v -1.09690452 -0.11452088 1.10031962
v -1.14049876 -0.18753204 1.11472833
v -1.11830771 -0.23282984 1.12489319
v 0.42176363 -0.77351856 -0.28027296
v 0.43390295 -0.74696887 -0.31993806
v 0.47221068 -0.76729858 -0.26547056
v 0.50041592 -0.71073222 -0.33291250
v 0.48530808 -0.74039257 -0.30047572
v 0.45025572 -0.71307051 -0.35354322
v 0.39282775 -0.72451711 -0.30807114
v 0.40922704 -0.69065833 -0.34241080
v 0.69641227 -0.49177626 -0.36161399
v 0.68792313 -0.52846098 -0.32691288
v 0.66927493 -0.51860428 -0.37813830
v 0.72135538 -0.46834937 -0.34065640
v 0.71165353 -0.50501537 -0.30603129
v 0.67647743 -0.56431174 -0.29251403
v 0.70037854 -0.53983665 -0.27022254
v 0.69795096 -0.45195517 -0.39228094
v 0.66732520 -0.47929475 -0.40628642
v 0.63795143 -0.50630128 -0.41600764
v 0.66100889 -0.55442059 -0.34547651
v 0.63892436 -0.54642653 -0.39072341
v 0.61529422 -0.61516047 -0.33284074
v 0.62899637 -0.58156717 -0.36117917
v 0.64864975 -0.58981049 -0.31312627
v 0.64630789 -0.44199166 -0.40251601
v 0.61562639 -0.46948537 -0.41501123
v 0.67600960 -0.41499737 -0.38540637
v 0.72461778 -0.42671654 -0.36790854
v -1.44698381 -0.16990137 0.84981292
v -1.42272151 -0.13058621 0.88183749
v -1.41041327 -0.13704315 0.78913176
v -1.46497202 -0.21929836 0.88708329
v -1.43370473 -0.18371257 0.92393214
v -1.42903519 -0.23994696 0.94620436
v -1.38767719 -0.20885006 0.98034590
v -1.38322532 -0.09630165 0.91171491
v -1.39162457 -0.15217045 0.95381069
v -0.97355098 -0.22393861 1.07441497
v -0.99659258 -0.17803949 1.07791698
v -1.02909386 -0.25022736 1.11826026
v -0.94351208 -0.15604872 1.02519929
v 0.44789401 -0.81491125 -0.19530715
v 0.44135514 -0.83186376 -0.15699907
v 0.39935088 -0.81979179 -0.19661300
v 0.43475607 -0.84472454 -0.12399440
v 0.39509475 -0.83481646 -0.15422575
v 0.36322069 -0.80200291 -0.18191509
v 0.47916821 -0.81887114 -0.13723244
v 0.48923233 -0.79955971 -0.17143579
v 0.45978031 -0.79308093 -0.22962262
v 0.40956685 -0.79881680 -0.24044780
v 0.50124145 -0.77733350 -0.20534681
v 0.36922815 -0.78058231 -0.22723918
v -1.47213173 -0.24750710 0.82951277
v -1.46404552 -0.27104875 0.90555912
v -1.44422734 -0.23445079 0.76238346
v -1.45365083 -0.29119188 0.76660812
v -1.45334899 -0.19955632 0.81496328
v -1.42881405 -0.18288088 0.76872075
v -1.13827455 -0.04504648 1.05073965
v -1.15053046 -0.01805392 1.01882553
v -1.19476390 -0.06357361 1.05730808
v -1.17871952 -0.10337162 1.08026123
v -1.24374437 -0.02940245 0.99621409
v -1.24801481 -0.08071312 1.03843749
v -1.19712400 -0.02189203 1.01403821
v -1.23703408 -0.12810123 1.06499243
v -1.15967631 0.00502621 0.95571464
v -1.08868682 -0.02560595 1.00773180
v -1.16000473 -0.14386749 1.10045636
v -1.08686876 -0.56161988 1.07338309
v -1.05102813 -0.51501846 1.08922434
v -1.12800205 -0.51342785 1.09528339
v -1.16078091 -0.45558187 1.10358846
v -1.20530891 -0.48894420 1.07615626
v -1.16863370 -0.54693604 1.06696689
v -1.08383334 -0.46952394 1.11359799
v -1.02922142 -0.42728701 1.11392283
v -1.10947180 -0.41747925 1.12253428
v -1.02729070 -0.46119335 1.10232627
v -1.37808704 -0.26305604 0.99947602
v -1.33001554 -0.23165634 1.03243923
v -1.34716082 -0.12362990 0.98455638
v -1.34135902 -0.17926857 1.01146495
v -1.27766848 -0.20192420 1.06204283
v -1.29132700 -0.15246740 1.04060459
v -0.98937541 -0.34931704 1.09931433
v -1.00713229 -0.29935893 1.10916173
v -1.04652393 -0.37957510 1.12688041
v -1.13297892 -0.36353210 1.12457824
v -1.18909621 -0.39930180 1.10506356
v -1.06892014 -0.32911888 1.12984502
v -1.23832679 -0.43241337 1.07704854
v -1.21528184 -0.34653404 1.10086286
v -1.26759195 -0.37957451 1.07188499
v -1.35712862 -0.44156644 0.99355602
v -1.42152333 -0.42643657 0.93461931
v -1.38534391 -0.39504412 0.98354620
v -1.31517017 -0.41097578 1.03596509
v -1.34213829 -0.36286828 1.02584028
v -1.28313863 -0.46128199 1.04255915
v -1.44242668 -0.45395824 0.87289798
v -1.46709335 -0.40110925 0.86346734
v -1.38424325 -0.50660503 0.81315905
v -1.41747630 -0.45948681 0.79940897
v -1.44212162 -0.40664914 0.78654295
v -1.45817924 -0.32491633 0.91559827
v -1.47798908 -0.34629038 0.85106093
v -1.44406533 -0.37677303 0.92558128
v -1.40676641 -0.34643772 0.97321212
v -1.48159683 -0.29449522 0.84045792
v -1.24608648 -0.51584065 1.04301405
v -1.34425449 -0.54600430 0.82856488
v -1.20675981 -0.57387745 1.03345358
v -1.24131513 -0.59393847 0.99454981
v -1.29891336 -0.09932715 1.01287556
v -1.20757556 0.00364791 0.93356770
v -1.22079515 -0.17311856 1.08573055
v -1.26031017 -0.24965939 1.07924640
v -1.09384167 -0.28018567 1.12954164
v -1.15715146 -0.31278762 1.12119281
v -1.33825052 -0.06788129 0.94162899
v -1.30248630 -0.02933194 0.87671739
v -1.34642804 -0.05842046 0.84634525
v -1.38321412 -0.09507933 0.81645668
v -1.25620294 -0.00780368 0.90713120
v -1.29239345 -0.04250766 0.97164643
v -1.42105412 -0.29502881 0.96138030
v -1.20205939 -0.21825141 1.10191059
v -1.12618244 -0.59557557 1.04262722
v -1.04739273 -0.57631135 1.03117645
v -1.16526723 -0.61895406 1.00351334
v -1.08225226 -0.60690320 0.99698865
v -1.18045938 -0.26458058 1.11377227
v -1.23932683 -0.29730406 1.09223068
v -1.29329848 -0.33010897 1.06204331
v -1.31404555 -0.28143492 1.04916430
v -1.36301994 -0.31406325 1.01402998
v 0.54420614 -0.69679260 -0.30363399
v 0.52907282 -0.72554505 -0.27225059
v 0.51471788 -0.75257492 -0.23926871
v 0.46847394 -0.67641640 -0.38176394
v 0.49539736 -0.83094800 0.05962893
v 0.46819809 -0.84906685 0.02894881
v 0.51897705 -0.82058179 0.01973257
v 0.46656486 -0.81254017 0.09098801
v 0.43898401 -0.82904661 0.05834642
v 0.54659855 -0.80019367 0.04671324
v 0.47160050 -0.84656429 -0.03819752
v 0.49337634 -0.83676994 -0.00862870
v 0.44467285 -0.85779810 -0.00431406
v 0.51551002 -0.81442297 -0.04469962
v 0.53926301 -0.79841900 -0.01661696
v 0.45295468 -0.85273314 -0.06792258
v 0.42553857 -0.85955405 -0.03822191
v 0.41507789 -0.84012830 0.02423086
v 0.39534745 -0.84367394 -0.01198559
v 0.55250537 -0.73470926 -0.21181794
v 0.56079155 -0.66631758 -0.33246273
v 0.51773590 -0.67920613 -0.36167765
v 0.57697505 -0.63454056 -0.35854560
v 0.53397405 -0.64508152 -0.38635474
v 0.48766640 -0.63639331 -0.40053177
v 0.55209988 -0.61310518 -0.40838212
v 0.42809305 -0.65415978 -0.37154454
v 0.78492832 -0.37363967 -0.26772612
v 0.77756506 -0.41314295 -0.26193327
v 0.77046144 -0.38575265 -0.30754936
v 0.76923239 -0.34076670 -0.25532335
v 0.79435199 -0.37194183 -0.22180112
v 0.76220149 -0.42867497 -0.28988570
v 0.74820316 -0.40424082 -0.33925593
v 0.75127882 -0.35088888 -0.29714018
v 0.76824075 -0.44337079 -0.23043878
v 0.75087678 -0.46319434 -0.25661063
v 0.73237258 -0.48339221 -0.28236634
v 0.78976423 -0.40073434 -0.23258252
v 0.78661257 -0.41751269 -0.20767502
v 0.80091834 -0.38684246 -0.18380110
v 0.78465408 -0.43908539 -0.16677420
v 0.79523695 -0.42986408 -0.09592241
v 0.77858001 -0.46408901 -0.12497582
v 0.80371624 -0.40654793 -0.14100291
v 0.75556654 -0.49365088 -0.15343080
v 0.76309085 -0.46754447 -0.19233014
v 0.74217790 -0.49296620 -0.21920787
v 0.73289746 -0.52168679 -0.18162481
v 0.78523940 -0.45745781 -0.05235744
v 0.74521923 -0.52192974 -0.11483139
v 0.60580647 -0.74538517 0.09022463
v 0.59040284 -0.75567579 0.12966311
v 0.57652014 -0.77554965 0.07050779
v 0.59326124 -0.75202739 0.03358453
v 0.56540710 -0.77748251 0.00995773
v 0.62200356 -0.72359204 0.05632406
v 0.65015626 -0.69383514 0.07909614
v 0.63328320 -0.71390069 0.10816428
v 0.61797583 -0.71903372 0.14126034
v 0.61243147 -0.72635174 -0.00078507
v 0.58503497 -0.75173461 -0.02626525
v 0.55938411 -0.78844249 0.11333734
v 0.52598804 -0.81157768 0.08878010
v 0.53028899 -0.76454937 0.14381476
v 0.49747929 -0.79125071 0.12020676
v 0.59449875 -0.69573784 0.17283674
v 0.56281859 -0.73238361 0.16157389
v 0.52307796 -0.78303945 -0.14420705
v 0.53752023 -0.75993884 -0.17845492
v 0.49275920 -0.82605410 -0.07366055
v 0.46897289 -0.83628690 -0.10197991
v 0.50884324 -0.80499721 -0.10929732
v 0.53442883 -0.79034078 -0.08045872
v 0.55196583 -0.76610112 -0.11598943
v 0.74316692 -0.44690427 -0.31619018
v 0.72907400 -0.36775336 -0.33273929
v 0.60496908 -0.56831157 -0.40379554
v 0.60829854 -0.52830863 -0.42157942
v 0.59259713 -0.60204077 -0.38174683
v 0.43306604 -0.85458243 -0.08850817
v 0.41086563 -0.85617149 -0.07249029
v 0.71296006 -0.61723292 0.12603574
v 0.68365341 -0.64819264 0.14654869
v 0.69447309 -0.64119852 0.08563557
v 0.66843951 -0.66845417 0.05291866
v 0.67524147 -0.66533709 0.10745481
v 0.64709878 -0.68135273 0.15028679
v 0.65436429 -0.68952489 0.12328913
v 0.65967226 -0.61975241 0.17167994
v 0.73378849 -0.58467412 0.09824057
v 0.71312654 -0.61283064 0.05826297
v 0.68902302 -0.58383060 0.15394649
v 0.71337801 -0.54900372 0.12897657
v 0.68668640 -0.64092302 0.02408896
v 0.70406777 -0.61202693 -0.00783128
v 0.56725830 -0.58067310 -0.42339009
v 0.57714510 -0.54503846 -0.42512780
v 0.55544353 -0.52754724 -0.42482483
v 0.53078198 -0.56244731 -0.42317820
v 0.58446759 -0.49684164 -0.42210644
v 0.70394737 -0.38935688 -0.36265737
v 0.37912980 -0.75463974 -0.26951516
v 0.39966315 -0.84745157 -0.11298572
v 0.37892616 -0.84244871 -0.05002546
v 0.75800192 -0.52181149 -0.04482956
v 0.76867223 -0.49181417 -0.08404343
v 0.77730376 -0.48863694 -0.01059663
v 0.76341981 -0.45008293 0.01985908
v 0.73362279 -0.55192375 -0.07750833
v 0.78332657 -0.39298615 -0.06933860
v 0.78863293 -0.37037852 -0.11664313
v 0.78206021 -0.34078261 -0.20828380
v 0.78834182 -0.35226062 -0.16283308
v 0.56904715 -0.74123549 -0.15078358
v 0.36715132 -0.83459949 -0.09164761
v 0.36185834 -0.82039404 -0.13605691
v 0.59984004 -0.64759994 -0.30501527
v 0.63418329 -0.62381744 -0.28156310
v 0.66319758 -0.59890640 -0.25876939
v 0.61859322 -0.65620279 -0.25011313
v 0.64858294 -0.63207495 -0.22545759
v 0.68820685 -0.57365966 -0.23494874
v 0.50899947 -0.59908497 -0.41597801
v 0.64034384 -0.69781590 0.02502606
v 0.63210297 -0.69880641 -0.03429452
v 0.72179425 -0.55138648 -0.14468364
v 0.69865429 -0.57964253 -0.17335711
v 0.72180110 -0.51652896 -0.24568354
v 0.71093339 -0.54821146 -0.20921905
v 0.67475224 -0.60658383 -0.20015176
v 0.68465382 -0.61087930 -0.13802390
v 0.70902902 -0.58182168 -0.10864310
v 0.65957606 -0.63823819 -0.16556464
v 0.72963387 -0.58287752 0.02678850
v 0.74961704 -0.55201471 0.06525044
v 0.73267823 -0.51483655 0.09695782
v 0.76751214 -0.52057040 0.02980339
v 0.74499965 -0.55187833 -0.00741384
v 0.58376676 -0.67823863 -0.27574241
v 0.56800789 -0.70739412 -0.24443005
v 0.55912602 -0.77311134 -0.05255957
v 0.60514426 -0.72479796 -0.06120449
v 0.57856369 -0.74711049 -0.08818682
v 0.59748387 -0.72059596 -0.12337299
v 0.64274913 -0.66837883 -0.13094601
v 0.62445688 -0.69717669 -0.09618478
v 0.61551690 -0.69285107 -0.15802769
v 0.65947914 -0.67036641 -0.00630532
v 0.67752945 -0.64172804 -0.03919220
v 0.65099174 -0.67055893 -0.06835623
v 0.71972984 -0.58201516 -0.04176188
v 0.58582807 -0.71483159 -0.18476258
v 0.66869760 -0.64122784 -0.10293929
v 0.69413239 -0.61204374 -0.07340308
v 0.63261843 -0.66341817 -0.19202654
v 0.60242403 -0.68651998 -0.21798779
v -1.23314703 -0.61764371 0.91272318
v 0.44957104 -0.61556983 -0.39375257
v -1.20038652 -0.62515557 0.95663977
v -1.11971557 -0.62545347 0.95658022
v -1.45325935 -0.34929666 0.77509731
v 0.77403629 -0.41984484 -0.02351990
v -0.54304421 0.05820803 -0.12740956
v -0.57187158 0.07354092 -0.09114499
v -0.55854160 0.08115970 -0.14750455
v -0.55662352 0.04841666 -0.07311659
v -0.52253425 0.07187241 -0.18336709
v -0.53388679 0.10002901 -0.20415775
v -0.60409909 0.12260650 -0.12701695
v -0.57409006 0.10599489 -0.16782583
v -0.58784628 0.09728570 -0.10888736
v -0.62764174 0.14348030 -0.08517900
v -0.61087710 0.11793830 -0.06926320
v -0.01479676 0.88777351 -0.20773719
v -0.02525318 0.92317617 -0.19081278
v 0.00836784 0.89392948 -0.17746548
v -0.01546260 0.96179736 -0.14404677
v -0.00278797 0.92779016 -0.16045941
v -0.03687965 0.95848620 -0.17474391
v -0.05033300 0.91860449 -0.21953498
v -0.06078964 0.95509994 -0.20416032
v 0.01827148 0.85999393 -0.19582148
v 0.01680145 0.93181562 -0.12827639
v 0.02840108 0.89982390 -0.14482085
v -0.71102518 0.51808226 0.37207234
v -0.71699983 0.49022010 0.32805789
v -0.70981115 0.46764421 0.39351863
v -0.70433789 0.55004084 0.41956073
v -0.71916807 0.56386495 0.35156375
v -0.70768464 0.49406704 0.44470340
v -0.71075726 0.44549561 0.34704739
v -0.71465921 0.41274422 0.41514367
v -0.72347814 0.46361634 0.28583315
v -0.15567288 1.21073723 0.21983217
v -0.18961716 1.21006703 0.25175852
v -0.13099582 1.20806372 0.25334617
v -0.16390239 1.20999181 0.28634942
v -0.10298700 1.20764220 0.28473806
v -0.17241593 1.21491504 0.35415190
v -0.13455391 1.21349716 0.31970870
v -0.20090111 1.20830977 0.31837001
v -0.07400399 1.20477605 0.31006706
v -0.22599950 1.20592487 0.28229231
v 0.82684237 0.51829636 -0.52536982
v 0.78035498 0.57897258 -0.55272120
v 0.88670373 0.53867680 -0.51535535
v 0.92708194 0.48636380 -0.46738905
v 0.86721385 0.46611050 -0.47568393
v 0.76571363 0.49896428 -0.53070819
v 0.83539933 0.41086817 -0.41169149
v 0.80688184 0.44589958 -0.48005122
v 0.89491624 0.43114251 -0.40806442
v 0.95415258 0.45060551 -0.40040874
v 0.89983469 0.62018204 -0.52689660
v 0.94542265 0.56119132 -0.50146806
v 0.84090942 0.59814966 -0.54186952
v 0.18267137 -0.15500972 -0.32392889
v 0.23584789 -0.11151364 -0.29774725
v 0.23897207 -0.17853913 -0.32378018
v 0.32426104 -0.16905928 -0.30453861
v 0.28360936 -0.20319766 -0.32848287
v 0.28397173 -0.14406154 -0.29945421
v 0.18019077 -0.09623158 -0.31023937
v 0.22785604 -0.06993306 -0.28808784
v 0.30074468 -0.09197122 -0.26607251
v 0.28084773 -0.06222786 -0.26089793
v -0.81443077 0.02748695 0.79338318
v -0.84342194 0.05354835 0.76421899
v -0.86896890 0.00601856 0.83645058
v -0.75644451 0.05429198 0.75362271
v -0.78509176 0.07893878 0.72063029
v -0.81854039 0.09448758 0.68726099
v -0.73169523 0.02137044 0.78218329
v -0.84354222 -0.02772880 0.85877043
v -0.78940147 -0.00643346 0.81885678
v -0.08849849 -0.02045390 1.01872587
v -0.21749066 -0.09819543 1.00342870
v -0.07393240 -0.05616482 0.93776059
v 0.04459453 0.03225204 0.91525662
v 0.04262748 0.00942700 0.83258843
v -0.29384613 -0.15046218 0.89079809
v -0.19036469 -0.11948454 0.92679322
v -0.33383521 -0.14409149 0.95812804
v -0.06270576 -0.06621414 0.85594952
v -0.51468790 -0.34385058 0.66000921
v -0.47485876 -0.33238509 0.63138413
v -0.49936220 -0.30361545 0.69660348
v -0.55592972 -0.35535076 0.68707746
v -0.54209423 -0.31539965 0.72200310
v -0.44179994 -0.24151495 0.69960278
v -0.48470688 -0.25484672 0.72729468
v -0.45839167 -0.29127696 0.66809714
v -0.42565858 -0.18431297 0.72303081
v -0.47169885 -0.19777948 0.74869138
v -0.51959592 -0.21456695 0.77204245
v -0.53015715 -0.26865965 0.75129819
v -0.41913059 -0.27984777 0.63798124
v -0.43661517 -0.32141510 0.60138565
v 0.30684271 -0.77987444 -0.10276742
v 0.31383249 -0.79218507 -0.05739351
v 0.28159666 -0.75860894 -0.08661835
v 0.27828345 -0.74247217 -0.13305673
v 0.30537245 -0.76174092 -0.14885832
v 0.33327183 -0.80064166 -0.11919019
v 0.25244546 -0.72259688 -0.11732326
v -0.53156716 0.35801294 -0.34344488
v -0.58495009 0.36464059 -0.31773859
v -0.53608215 0.40065923 -0.35790122
v -0.64289445 0.41471434 -0.30439895
v -0.58965522 0.40741277 -0.33207798
v -0.63801908 0.37171555 -0.28943729
v -0.59373879 0.45072827 -0.34681308
v -0.53989506 0.44431898 -0.37195331
v -0.48571840 0.39335960 -0.38654280
v -0.54265708 0.48884860 -0.38519400
v -0.22334409 -0.42325541 0.09821570
v -0.25539139 -0.41575500 0.11501516
v -0.23551306 -0.40514877 0.05419421
v -0.20281306 -0.41319063 0.03576653
v -0.20839639 -0.43065551 0.14329527
v -0.23848766 -0.42383054 0.15885395
v -0.17937899 -0.43841252 0.12742327
v -0.19255093 -0.43118635 0.08118886
v -0.19107470 -0.42917487 0.18658319
v -0.21943872 -0.42224839 0.20111024
v -0.16370815 -0.44002816 0.06254552
v -0.42365810 0.94964254 -0.34407651
v -0.38089028 0.94742954 -0.34776044
v -0.42574236 0.90915704 -0.35786891
v -0.38006985 0.98686337 -0.33339727
v -0.38314313 0.86671531 -0.37475336
v -0.42781451 0.86877680 -0.37184483
v -0.38207003 0.90719092 -0.36125416
v -0.46524572 0.95219982 -0.33654839
v -0.46811321 0.91173959 -0.35072213
v -0.33784491 0.86491740 -0.37367201
v -0.33795556 0.90527678 -0.36107528
v -0.63185829 0.68031991 -0.36573541
v -0.62325954 0.72294736 -0.36316288
v -0.58639240 0.67525816 -0.39062208
v -0.57939345 0.71817040 -0.38585734
v -0.53731453 0.67038745 -0.40899104
v -0.57222229 0.75949967 -0.37793028
v -0.03123339 0.84438384 -0.25365955
v -0.04056671 0.88190866 -0.23583324
v -0.00513594 0.85177481 -0.22621004
v -0.35223475 1.17349958 0.36661500
v -0.39928022 1.15269315 0.38940752
v -0.33812198 1.17526662 0.40682423
v -0.30722398 1.18852139 0.34024328
v -0.36556610 1.17914951 0.32945222
v -0.38998124 1.15247536 0.43045533
v -0.32173094 1.18297231 0.44933546
v -0.26704031 1.20003223 0.41958666
v -0.28835177 1.19189167 0.37937099
v -0.43445304 1.13051987 0.49569684
v -0.37856448 1.16011655 0.47581422
v -0.44159663 1.12417293 0.44885164
v 0.32130116 0.10288564 -0.20050128
v 0.29074690 0.10486940 -0.25824505
v 0.32861513 0.13030192 -0.21944074
v 0.28841773 0.07313343 -0.24025695
v 0.24710208 0.07884418 -0.28705311
v 0.32013196 0.07296196 -0.18830933
v 0.29250029 0.04037568 -0.22841857
v 0.34113827 0.10573734 -0.13764842
v 0.23153162 0.74330318 0.09687573
v 0.25092828 0.70853734 0.09537910
v 0.21643451 0.75430787 0.06206428
v 0.27195004 0.67303991 0.09590381
v 0.24264190 0.72329879 0.05982733
v 0.27569833 0.64984512 0.12734064
v 0.23324320 0.73697460 0.01887543
v 0.20135576 0.76285255 0.02353822
v 0.21413904 0.77765596 0.10001273
v 0.19353208 0.78426754 0.06519077
v 0.27037215 0.71132684 0.01504590
v 0.27087769 0.69304562 0.06017164
v -0.39843115 0.99102318 0.97870588
v -0.31692991 1.06581652 0.96081293
v -0.43326533 1.04410744 0.90337437
v -0.50132936 0.96633351 0.89121836
v -0.46272209 1.07536590 0.83020848
v -0.52346301 1.00427890 0.81675535
v -0.56159633 0.87904394 0.84975940
v -0.57433242 0.92599201 0.78029376
v -0.54105800 1.02430952 0.74553490
v -0.39683095 1.13332295 0.81684536
v -0.36069009 1.10984647 0.88721484
v -0.37907937 -0.14912802 0.84141779
v -0.25419357 -0.13499650 0.82529575
v -0.21781096 -0.10810754 0.76363373
v -0.13972814 -0.09556156 0.77904969
v -0.32957262 -0.12643972 0.79199350
v -0.39129838 -0.09660494 0.75886852
v -0.28337276 -0.09712937 0.74372357
v -0.44566345 -0.12032253 0.78714311
v -0.25610501 -0.11439958 0.61425227
v -0.29148722 -0.11121592 0.64694023
v -0.27387512 -0.16183338 0.59464121
v -0.34320796 -0.16541746 0.66243654
v -0.30702731 -0.16159329 0.62868172
v -0.32920882 -0.11133662 0.67882252
v -0.28305811 -0.07278252 0.66316593
v -0.32323045 -0.06694731 0.69095743
v -0.24269861 -0.16575435 0.56103522
v -0.26322132 -0.21526122 0.53889322
v -0.32704276 -0.21534160 0.60473967
v -0.29426172 -0.21343273 0.57111681
v 0.29469657 -0.67543900 0.16689822
v 0.26897964 -0.68918848 0.13188356
v 0.31794557 -0.70068097 0.15178390
v 0.29254186 -0.71431243 0.11603328
v 0.34141833 -0.72569418 0.13557628
v 0.24730706 -0.69789338 0.09336047
v 0.24547142 -0.66424394 0.14714375
v 0.34711280 -0.68177986 0.18309106
v 0.37012658 -0.70675099 0.16741666
v 0.84501362 0.77245951 0.03388938
v 0.80026364 0.81108594 0.01011494
v 0.79216862 0.73975146 0.02143686
v 0.70550907 0.80827713 -0.03746335
v 0.74737787 0.77704012 -0.00215897
v 0.75847590 0.84133768 -0.02685806
v 0.69454092 0.74723101 -0.01180971
v 0.73916280 0.71072459 0.01074696
v 0.81247395 0.87817490 -0.01893012
v 0.77235717 0.89681041 -0.06690072
v 0.71996456 0.86348605 -0.07487635
v 0.85532188 0.84786189 0.01671656
v 0.56783408 -0.52393484 0.23470557
v 0.59570622 -0.48760876 0.21718931
v 0.54758620 -0.50405073 0.24754094
v 0.57621354 -0.46828225 0.22958574
v 0.60187769 -0.43275633 0.20392992
v 0.55688059 -0.44840148 0.24268679
v 0.52734035 -0.48395136 0.26119393
v 0.62104666 -0.45165524 0.19251722
v 0.53620547 -0.55941474 0.24162659
v 0.51526964 -0.53880608 0.25482982
v 0.55727297 -0.58105552 0.22771820
v 0.58874005 -0.54462874 0.22135659
v -0.32279602 0.25349605 -0.40072453
v -0.37266904 0.25962669 -0.38167393
v -0.32801801 0.28726065 -0.42678785
v -0.31817329 0.22090879 -0.37926555
v -0.36701548 0.22631660 -0.36079818
v -0.26803994 0.21546954 -0.39614224
v -0.27101806 0.24914785 -0.41548806
v -0.36245832 0.19312415 -0.34378546
v -0.27363777 0.28466547 -0.43818122
v -0.64693987 0.96485579 -0.25219166
v -0.61457354 0.96437597 -0.27513552
v -0.65281183 0.92622757 -0.26834524
v -0.60959810 1.00353217 -0.25676823
v -0.57499099 1.00109947 -0.27669919
v -0.57982385 0.96178639 -0.29458779
v -0.62010098 0.92484963 -0.29097253
v -0.63743228 1.04029942 -0.21080719
v -0.60416877 1.04100537 -0.23492010
v -0.64203131 1.00304031 -0.23292844
v -0.56975585 1.03923905 -0.25601459
v 0.09826448 0.88773084 0.02158087
v 0.08751618 0.91379380 0.03195761
v 0.11177785 0.89222491 0.05616556
v 0.10958465 0.86262846 0.01223077
v 0.12353069 0.86598551 0.04753166
v 0.14285442 0.87080121 0.08206422
v 0.10120256 0.91924953 0.06630175
v 0.09206834 0.94736362 0.07780908
v 0.11846260 0.92865491 0.10173617
v 0.07790866 0.94125175 0.04341181
v 0.13018349 0.89958096 0.09100841
v -0.75900429 0.11916596 0.64420038
v -0.67565632 0.12539202 0.64473838
v -0.70546162 0.13611078 0.60368377
v -0.72735876 0.10618180 0.68061423
v -0.69862509 0.08362862 0.71681988
v -0.85562414 0.10137074 0.65289479
v -0.79498541 0.12381207 0.60806990
v 0.33306310 -0.78182960 -0.16521196
v 0.33984634 -0.81383109 -0.07386231
v 0.33729538 -0.75934708 -0.21079378
v 0.30798212 -0.73964834 -0.19467525
v -0.48819330 0.43800882 -0.39854258
v -0.31079617 0.15456216 -0.34820181
v -0.26138884 0.14927517 -0.36476898
v -0.30645853 0.12352839 -0.33124006
v -0.25037679 0.09264651 -0.32238358
v -0.30039540 0.09624223 -0.30929595
v -0.25671533 0.12021814 -0.34497815
v -0.20623741 0.11457637 -0.35741705
v -0.26489848 0.18168598 -0.38072366
v -0.21116529 0.14436352 -0.37781644
v -0.04883161 0.99437535 -0.15903775
v -0.06207995 1.03018093 -0.14226116
v -0.02839858 0.99679577 -0.12816018
v -0.08401418 1.02797639 -0.17201634
v -0.02544812 1.03208101 -0.07989717
v -0.01061679 0.99798954 -0.09648828
v -0.04262581 1.03188419 -0.11140333
v -0.04102657 1.06596863 -0.06198487
v -0.05810875 1.06642389 -0.09295098
v -0.07678384 1.06555438 -0.12361787
v -0.69711632 1.05985355 -0.12826738
v -0.66557753 1.07148731 -0.15900831
v -0.69973552 1.02654958 -0.15281035
v -0.67259282 0.99988818 -0.20605256
v -0.66950244 1.03613770 -0.18352415
v -0.70140213 0.99336207 -0.17584185
v -0.72555977 1.04017138 -0.09483720
v -0.69094121 1.09106910 -0.10062468
v -0.65923667 1.10492170 -0.13184200
v -0.72818452 1.01002920 -0.11970475
v -0.67358494 0.16976728 0.30474430
v -0.67108560 0.19208777 0.33809012
v -0.66179156 0.21085812 0.27277157
v -0.68579972 0.16125107 0.37122965
v -0.72802782 0.10896766 0.32152379
v -0.69953328 0.14388901 0.33908701
v -0.68919635 0.13053659 0.28047407
v -0.66153336 0.16609839 0.23026754
v -0.66390944 0.09966803 0.18309639
v -0.68626881 0.05184148 0.19310859
v -0.68428433 0.09809802 0.22845711
v -0.71294010 0.04357171 0.22670515
v -0.71760494 0.08332978 0.26941741
v -0.12426004 1.20680833 0.18632881
v -0.10208214 1.20187056 0.21889758
v -0.09627640 1.19521689 0.15238367
v -0.07685079 1.18982625 0.18358374
v -0.07768263 1.19768631 0.24899608
v 0.39991444 0.26575455 -0.39302057
v 0.34998286 0.30964532 -0.44544721
v 0.44451705 0.29714239 -0.41620022
v 0.39430952 0.34822291 -0.46866888
v 0.45018801 0.38059130 -0.48716718
v 0.33036676 0.40602559 -0.49377298
v 0.39265069 0.44544354 -0.51259005
v 0.28818473 0.35915005 -0.47289741
v 0.47841200 0.26625478 -0.34643322
v 0.31548131 0.26781291 -0.41942698
v 0.49778304 0.32741755 -0.43626130
v 0.64006156 0.45851707 -0.52792138
v 0.70336205 0.47947082 -0.53195310
v 0.68226951 0.40426368 -0.47564530
v 0.74531710 0.42523170 -0.48090786
v 0.71176004 0.36860228 -0.40674430
v 0.61835355 0.38207406 -0.46738434
v 0.64939350 0.34574866 -0.39777839
v 0.71795624 0.56185853 -0.55669838
v 0.22526076 0.60743403 1.01714289
v 0.11435943 0.50168628 1.10965502
v 0.25262845 0.49136376 0.97753483
v 0.01262131 0.25902820 1.12996042
v 0.14357889 0.38069052 1.07086289
v -0.01664758 0.38330013 1.16933823
v 0.03219869 0.15705724 1.07093084
v 0.15898141 0.27596864 1.01244128
v 0.07079420 0.63189662 1.12695420
v -0.05656841 0.51818037 1.18588030
v -0.19261618 0.39892200 1.20759904
v 0.26758841 -0.44153163 -0.36226219
v 0.30315161 -0.46105668 -0.36601537
v 0.23796517 -0.48577943 -0.34293848
v 0.27268624 -0.50415087 -0.34691060
v 0.21328089 -0.52739990 -0.31269640
v 0.30480689 -0.52180350 -0.35111392
v 0.24715972 -0.54497921 -0.31682819
v 0.26034388 -0.37576160 -0.36897761
v 0.29988906 -0.39684102 -0.37192512
v 0.22838077 -0.42172816 -0.36012393
v 0.20011899 -0.46687928 -0.34031141
v -0.04326997 1.23621118 0.54760528
v 0.00463635 1.22283828 0.47888219
v -0.08856820 1.23648155 0.51686555
v -0.00356576 1.20898652 0.40072984
v -0.03998155 1.22629237 0.45733130
v 0.03879488 1.20144928 0.41313052
v 0.08441583 1.18701899 0.42283696
v 0.05401836 1.21117437 0.49817789
v 0.00837352 1.22705078 0.57778710
v -0.12717262 1.23174548 0.48628092
v -0.04128132 1.21194804 0.38572502
v -0.07888591 1.22519255 0.43500906
v -0.65844500 -0.41164896 0.70256525
v -0.70226878 -0.42647663 0.73141968
v -0.68066245 -0.44037506 0.66295189
v -0.68521321 -0.39147922 0.76512349
v -0.61564016 -0.39821771 0.67424881
v -0.63660043 -0.42559353 0.63301247
v -0.66198623 -0.44658306 0.58947867
v -0.75465447 -0.47745594 0.65164244
v -0.70792794 -0.46066383 0.61998010
v -0.72577721 -0.45592001 0.69322449
v -0.77147037 -0.47415808 0.72496933
v -0.74669051 -0.44327220 0.76125830
v 0.27039355 0.33309954 0.45511347
v 0.30639413 0.37052470 0.50962895
v 0.24043444 0.25668529 0.54284132
v 0.28477010 0.39978784 0.37219512
v 0.31845254 0.44166273 0.41397542
v 0.21795833 0.19549136 0.70169109
v 0.19146514 0.17284489 0.62758762
v 0.27408820 0.28747484 0.60903674
v 0.23627248 0.30572197 0.40727538
v 0.20785552 0.23806795 0.48345149
v 0.16549703 0.16481720 0.55889517
v 0.37399480 -0.66904604 -0.32963043
v 0.39309901 -0.63302827 -0.36095566
v -0.21863599 0.28405398 -0.44337183
v -0.21770802 0.32728940 -0.45311385
v -0.27367848 0.32681659 -0.45522642
v -0.21644750 0.37383002 -0.45627624
v -0.33045274 0.37567812 -0.46170717
v -0.27237013 0.37472671 -0.46074396
v -0.33119097 0.32701200 -0.45130450
v -0.16458686 0.28276503 -0.44720250
v -0.21831851 0.24585016 -0.42734486
v -0.16385657 0.32662356 -0.45183992
v 0.49491951 0.25704890 -0.27125150
v 0.54720396 0.28196281 -0.29060662
v 0.53136432 0.29328397 -0.36686271
v 0.60393727 0.30811858 -0.30660534
v -0.00802664 0.37215495 -0.44427311
v -0.06244972 0.37186009 -0.44471771
v -0.00774822 0.42107117 -0.44339550
v 0.04797161 0.32063127 -0.44324416
v -0.01026683 0.32463658 -0.44088578
v 0.05315844 0.37103790 -0.44861495
v 0.05531908 0.42375678 -0.44831723
v -0.06263058 0.41933793 -0.44335228
v -0.11273083 0.41911012 -0.44699281
v -0.06506637 0.46780944 -0.43869579
v -0.11261738 0.37173915 -0.44857788
v -0.01217144 0.47110704 -0.43794763
v -0.69094461 -0.02680250 0.81327534
v -0.71677297 0.00204921 0.70990348
v -0.65213716 -0.07094577 0.78879368
v -0.60333920 -0.08885020 0.76399899
v -0.55346090 -0.12695599 0.85532469
v -0.63539302 -0.03079945 0.92280662
v -0.60059196 -0.09362620 0.89142340
v -0.71518105 0.04341681 0.82872128
v -0.74384308 0.05442303 0.72229147
v -0.51869583 -0.08530498 0.99053144
v -0.47656551 -0.13554746 0.94522476
v -0.13668528 -0.45004722 0.04320032
v -0.14535645 -0.43400702 -0.00597905
v -0.12497103 -0.45688650 0.09297322
v -0.15160099 -0.44748303 0.11037476
v -0.17286134 -0.42301342 0.01554058
v -0.09965269 -0.46792188 0.07517795
v -0.11130854 -0.46068880 0.02336317
v -0.11085624 -0.45688620 0.14040463
v -0.13672833 -0.44618914 0.15603471
v -0.12964860 0.14031178 1.15200520
v -0.27373797 0.03682622 1.13291860
v -0.10708124 0.04524831 1.09274423
v -0.15799241 0.26123604 1.19131088
v -0.30044857 0.14954351 1.17308736
v -0.37370870 -0.10853374 1.02162957
v -0.24583283 -0.04649650 1.07416427
v -0.40735579 -0.04111928 1.07559335
v -0.43435049 0.05858679 1.11465096
v -0.54863161 -0.00281471 1.02741098
v 0.49403551 -0.51831794 0.26848578
v 0.50284225 -0.59360743 0.24023753
v 0.48142752 -0.57212996 0.25408953
v 0.45963737 -0.55109096 0.26835671
v 0.46872976 -0.62633646 0.23190549
v 0.44693103 -0.60379469 0.24644110
v 0.23934639 -0.11768734 0.37811267
v 0.20686433 -0.10007063 0.39011168
v 0.21417204 -0.15454173 0.39925289
v 0.24443069 -0.17139617 0.38618839
v 0.21726829 -0.20897907 0.39940953
v 0.27015308 -0.13399410 0.36468276
v 0.14843014 -0.11621261 0.41990912
v 0.18219393 -0.13656521 0.41037536
v 0.17225096 -0.08021340 0.40007985
v 0.12403465 -0.15333197 0.43065107
v 0.15675560 -0.17362177 0.42212981
v 0.18763858 -0.19180006 0.41148233
v -1.13205993 -0.19540974 0.43908906
v -1.13141274 -0.25780806 0.44715041
v -1.19182038 -0.21169937 0.48182350
v -1.12350583 -0.31947592 0.46262908
v -1.19033277 -0.27556151 0.48972559
v -1.06504393 -0.12258217 0.39921963
v -1.07305849 -0.18161300 0.39887708
v -1.12434399 -0.13470787 0.43966216
v -1.18328571 -0.14963302 0.48362345
v -1.25028670 -0.22982615 0.52876312
v -0.82822490 0.76652181 0.00153427
v -0.82862955 0.73755610 -0.03820376
v -0.83465999 0.72556651 0.02401600
v -0.81906724 0.80658996 -0.01948158
v -0.81904638 0.77740180 -0.05719112
v -0.82513839 0.70984519 -0.07955262
v -0.81544369 0.74917614 -0.09620684
v -0.80710512 0.81630337 -0.07427460
v -0.80358154 0.78695810 -0.11064880
v -0.81658447 0.83593857 0.01703925
v -0.82491237 0.79554522 0.04091705
v -0.82980025 0.75447893 0.06498740
v -0.01250891 1.11946356 0.09664892
v 0.00294100 1.11640024 0.12583070
v 0.00523943 1.09015894 0.07763468
v 0.05099880 1.06355369 0.12876756
v 0.03691462 1.06025922 0.09378561
v 0.03522215 1.08994949 0.14150728
v -0.01068089 1.09228444 0.04757231
v -0.02869763 1.12236667 0.06761136
v -0.03272194 1.14691043 0.12002471
v -0.04955621 1.15014899 0.09163731
v -0.01830416 1.14255512 0.14715220
v 0.02061483 1.05961621 0.06162374
v 0.02127520 1.08905447 0.10840816
v -0.36260709 -0.22069776 0.63775134
v -0.40071726 -0.23023033 0.67010462
v -0.38182867 -0.27069280 0.60658163
v -0.38277465 -0.17357504 0.69398141
v -0.34681070 -0.26451546 0.57450294
v 0.46455595 -0.08212125 0.14783891
v 0.47240058 -0.05714977 0.09563650
v 0.43622020 -0.05755363 0.16256091
v 0.49400994 -0.11016059 0.13322054
v 0.50095212 -0.08382818 0.08168328
v 0.45093897 -0.11245847 0.19570601
v 0.40958622 -0.03631109 0.17780402
v 0.42198625 -0.08684617 0.21084726
v 0.42099431 -0.01282826 0.12491892
v 0.44516298 -0.03398396 0.10974895
v -0.43157512 1.18830025 0.28344116
v -0.39550978 1.20278358 0.26006892
v -0.44708779 1.20204747 0.24910422
v -0.35986382 1.21329010 0.23443940
v -0.41317913 1.21454966 0.22539403
v -0.34176543 1.20233190 0.26899815
v -0.43232563 1.22430432 0.19021520
v -0.46463701 1.21209025 0.21353799
v -0.48064229 1.18472087 0.27002156
v -0.70783168 0.92523444 -0.21235065
v -0.73376113 0.91832459 -0.17990689
v -0.70373094 0.95935583 -0.19637750
v -0.68161219 0.92526495 -0.24189411
v -0.67666149 0.96302915 -0.22578622
v -0.73106337 0.94832456 -0.16413049
v -0.75911480 0.89509988 -0.15029018
v -0.75672710 0.92531204 -0.13398848
v 0.13761091 0.84021330 0.04032917
v 0.15460935 0.81449950 0.03405562
v 0.12297966 0.83833337 0.00391235
v 0.17536482 0.78866053 0.02852830
v 0.13951406 0.81450105 -0.00427968
v 0.17405236 0.81345165 0.06938597
v 0.18307945 0.84474778 0.11086805
v 0.19811082 0.81140614 0.10459758
v 0.15729594 0.84217656 0.07488999
v 1.02535188 0.45112291 -0.31421125
v 1.01236570 0.47168905 -0.38819003
v 1.08076262 0.47425455 -0.30043590
v 1.02296305 0.44913086 -0.23937787
v 0.96699226 0.43284398 -0.32479197
v 1.06813967 0.49664178 -0.37280017
v 1.12157977 0.52519512 -0.35520041
v 1.07740235 0.46966964 -0.22709753
v 0.36307591 -0.61332595 -0.34932274
v 0.33500957 -0.59544730 -0.33872736
v 0.38782397 -0.57503724 -0.37476051
v 0.39073223 -0.51691902 -0.38345861
v 0.41651908 -0.53588188 -0.39207458
v 0.36104238 -0.55669165 -0.36505872
v 0.41666195 -0.59476960 -0.38469732
v 0.21740454 1.08661067 0.42854452
v 0.17515427 1.13001978 0.43104875
v 0.21254560 1.10823226 0.53448927
v 0.13047457 1.16371369 0.42942643
v 0.15970287 1.15486765 0.52695507
v 0.25749499 1.03451979 0.42185807
v 0.20498142 1.05860972 0.33706784
v 0.12418253 1.16969192 0.63002086
v 0.18625727 1.11898673 0.64986604
v 0.26412237 1.05019116 0.53545386
v 0.26999053 -0.37094793 0.35163468
v 0.30202511 -0.33458051 0.35414043
v 0.24158558 -0.34561494 0.36419618
v 0.24419594 -0.28548360 0.37840021
v 0.27278489 -0.30886096 0.36685860
v 0.27367094 -0.24753454 0.37290400
v 0.21395212 -0.32198784 0.37504399
v 0.33306512 -0.29677019 0.34786990
v 0.23810598 -0.40518901 0.34159815
v 0.21052563 -0.37998655 0.35280311
v -0.40582457 0.16391891 -0.30935121
v -0.35854560 0.16017802 -0.32876182
v -0.40103245 0.13137868 -0.29371738
v -0.34881270 0.09857845 -0.29384685
v -0.35435885 0.12819058 -0.31301379
v -0.45957747 0.19885848 -0.30655891
v -0.41046807 0.19683251 -0.32504141
v -0.45373702 0.16453832 -0.29022080
v -0.39567515 0.09994806 -0.27620685
v -0.44795635 0.13147947 -0.27372366
v -0.44167623 0.09983708 -0.25595480
v 0.17599359 -0.55408645 0.22917891
v 0.15162200 -0.53103399 0.23936200
v 0.15303257 -0.56887126 0.19769251
v 0.10943607 -0.55805457 0.17416766
v 0.13258955 -0.57966137 0.16269688
v 0.12922835 -0.54683328 0.20871222
v 0.15542740 -0.60192180 0.15063003
v 0.13713157 -0.60810578 0.11074070
v 0.09149677 -0.56523025 0.13503258
v 0.11450078 -0.58624518 0.12314746
v 0.10543392 -0.52473557 0.21919376
v 0.12734863 -0.50796616 0.24920152
v -0.71186900 0.79647422 0.41520983
v -0.70054471 0.76415908 0.44264901
v -0.68869084 0.83945715 0.45420098
v -0.68981808 0.72896028 0.46943718
v -0.67922223 0.81222057 0.48544204
v -0.65643752 0.86423910 0.52747208
v -0.66423523 0.88497889 0.49138045
v -0.69831991 0.86590374 0.42344463
v -0.73236543 0.75620234 0.37418771
v -0.71876651 0.72054601 0.39843827
v 0.68764025 -0.51877379 0.15017985
v 0.70750743 -0.48407355 0.11844632
v 0.66315907 -0.55495512 0.17446545
v -1.16408503 0.02579290 0.87217432
v -1.12011170 -0.00447048 0.98119545
v -1.07684278 0.01316531 0.92938304
v -1.11732399 0.02490349 0.90007085
v 0.77367264 0.39090687 -0.41080546
v 0.36949134 -0.37584022 -0.37668884
v 0.33359244 -0.35336885 -0.37211329
v 0.40258059 -0.33676985 -0.36970055
v 0.46607026 -0.32520667 -0.36266881
v 0.43435183 -0.36012557 -0.37556672
v 0.43482742 -0.30110162 -0.35494775
v 0.36752468 -0.31285685 -0.36384523
v 0.40067449 -0.27620310 -0.34779149
v 0.46583143 -0.26901832 -0.33616710
v 0.10816392 -0.60659730 0.01574761
v 0.13303840 -0.62737286 0.00362197
v 0.12166271 -0.60960269 0.06574745
v 0.14509436 -0.63138580 0.05280155
v 0.16809815 -0.65448928 0.03880917
v 0.16016993 -0.63034606 0.09748001
v 0.12373329 -0.61855519 -0.04943058
v 0.15716553 -0.64957464 -0.00946033
v 0.14967838 -0.63958728 -0.06090720
v -0.33771518 0.94559288 -0.34862709
v 0.66569978 -0.25637072 -0.24846153
v 0.63838112 -0.27202448 -0.28415674
v 0.64091676 -0.23383215 -0.23907490
v 0.66593665 -0.22588763 -0.19660552
v 0.68912435 -0.24834770 -0.20573862
v 0.68821394 -0.27820098 -0.25874192
v 0.70727515 -0.24789390 -0.15815748
v 0.68613929 -0.22524714 -0.14896367
v -0.32403177 1.22177851 0.20738077
v -0.28822333 1.22874689 0.17873958
v -0.34385526 1.23203409 0.17306626
v -0.30482548 1.21140110 0.24170594
v -0.26839915 1.21868014 0.21272609
v -0.37883237 1.22406816 0.19986048
v -0.36433068 1.23889482 0.13818985
v -0.39880201 1.23262239 0.16481498
v -0.30831081 1.23794210 0.14482263
v -0.27244622 1.23980260 0.11527268
v -0.32920626 1.24274337 0.11046734
v 0.54244697 0.61692607 0.00372900
v 0.58288282 0.58042490 0.00702307
v 0.58759660 0.63794279 -0.00068042
v 0.50176972 0.65525627 -0.00920179
v 0.54526919 0.67503935 -0.01670477
v 0.63044918 0.60162383 0.00459736
v 0.63600045 0.66035771 -0.00052828
v 0.67274648 0.56659758 -0.00067247
v 0.62227935 0.54610610 -0.00041368
v 0.72470897 0.58693731 0.00312091
v 0.68048382 0.62345910 0.00740958
v 0.43288979 0.23813802 -0.32169026
v 0.39529121 0.21061766 -0.29400110
v 0.36341244 0.23274964 -0.36590981
v 0.44832048 0.23188162 -0.24880649
v 0.49693140 0.26451930 -0.20224656
v 0.54890829 0.28949586 -0.21859886
v 0.16077167 0.19270529 0.93999755
v 0.04177276 0.08091644 0.99729019
v 0.15309078 0.13432133 0.86027282
v 0.59175301 -0.44067475 -0.40648967
v 0.65245181 -0.38596740 -0.37300581
v 0.62283033 -0.41263685 -0.39174104
v 0.59932607 -0.38751778 -0.38052273
v 0.56827343 -0.41631243 -0.39604932
v -0.17475747 1.23118365 0.68030876
v -0.10413554 1.23943281 0.61614341
v -0.21603043 1.22903705 0.63261735
v -0.28748107 1.21035528 0.68284917
v -0.25020108 1.21096766 0.73734915
v -0.12514849 1.22241032 0.73071253
v -0.05272737 1.23128974 0.65647477
v -0.14821188 1.23769152 0.57630122
v -0.24968386 1.22071505 0.58689392
v -0.18498248 1.23042762 0.53765452
v 0.15946016 -0.54713583 -0.26976043
v 0.19456619 -0.56481862 -0.27319968
v 0.14901116 -0.57911086 -0.22178207
v 0.14485544 -0.60474849 -0.16900696
v 0.11406187 -0.58569169 -0.16196834
v 0.17500150 -0.62360144 -0.17689590
v 0.18175203 -0.59712625 -0.22722055
v 0.20388699 -0.64208221 -0.18647732
v 0.21240255 -0.61478817 -0.23463492
v 0.22711217 -0.58207929 -0.27851337
v -0.63754499 0.12496896 0.61584264
v -0.60616243 0.11158623 0.66059828
v -0.61467963 0.09400129 0.60849094
v -0.66534340 0.13354844 0.56970179
v -0.64630878 0.10651113 0.68463475
v -0.73932517 0.13981500 0.56464893
v -0.69599235 0.14385137 0.52522123
v -0.67505842 0.13247555 0.48954940
v 0.54476172 -0.39373735 -0.38680798
v 0.51272702 -0.42589799 -0.39730453
v 0.57572675 -0.36466733 -0.37003624
v 0.55128509 -0.34187624 -0.36102289
v 0.52048296 -0.37162599 -0.37777901
v 0.48851749 -0.40450737 -0.38929957
v 0.45567325 -0.43989697 -0.39487720
v 0.50428790 -0.48161241 -0.41066968
v 0.48001900 -0.46041849 -0.40278995
v 0.53629458 -0.44752100 -0.40641075
v 0.32672369 -0.68308222 -0.27979344
v 0.34279731 -0.64942968 -0.31693316
v 0.35805956 -0.70265639 -0.29374069
v -0.24813288 1.21018505 0.24737883
v -0.21211711 1.21522832 0.21722220
v -0.28556263 1.20264030 0.27621537
v -0.23236397 1.22392380 0.18238488
v -0.25213987 1.23281658 0.14838207
v -0.75095934 0.64516604 0.31283212
v -0.76785123 0.68393362 0.29123896
v -0.76467037 0.61192632 0.27062193
v -0.75043565 0.71885049 0.33239061
v -0.74577427 0.57265925 0.29030013
v -0.77816272 0.58007514 0.22870713
v -0.75798947 0.54123700 0.24867325
v -0.78278983 0.65114051 0.24929287
v -0.78165144 0.72261369 0.26712340
v 0.26398784 -0.08172446 0.35005420
v 0.23132825 -0.06487526 0.36272579
v 0.19649339 -0.04586138 0.37396443
v 0.16771051 0.73905480 -0.21197598
v 0.20426643 0.72864687 -0.23926817
v 0.15099320 0.71556735 -0.27125627
v 0.17427325 0.66633809 -0.35391557
v 0.13303506 0.68205929 -0.32510859
v 0.18970534 0.70261276 -0.30109555
v 0.24702910 0.72813594 -0.26953584
v 0.23662698 0.69794130 -0.33502305
v 0.28859177 0.70436668 -0.36533487
v 0.22650632 0.65671575 -0.38804519
v 0.29308370 0.73501623 -0.29880840
v -0.70546174 -0.00991051 0.19062844
v -0.71858603 -0.06866181 0.19015688
v -0.73734546 -0.01199333 0.22256419
v -0.77612579 -0.02054103 0.25234163
v -0.74709666 0.03630224 0.26107675
v -0.79638290 -0.07767615 0.24605459
v -0.75533909 -0.07114765 0.21885371
v -0.67612672 -0.01481932 0.15544224
v -0.68430465 -0.07033983 0.15958196
v -0.66386735 0.04073140 0.15086555
v 0.85668850 0.95252621 -0.29547524
v 0.88027161 0.91949260 -0.35952467
v 0.81119859 0.92617810 -0.31106091
v 0.92505467 0.94670403 -0.33975273
v 0.96173799 0.89960325 -0.39450836
v 0.87002158 0.84513915 -0.43308580
v 0.83335298 0.89196181 -0.37733018
v 0.91785955 0.87228680 -0.41442442
v 0.78357238 0.86651909 -0.39184922
v 0.76394540 0.89974523 -0.32410145
v 0.21092021 0.91318822 0.92359316
v 0.26737911 0.80671775 0.91983545
v 0.27316880 0.95566082 0.79667163
v 0.30531266 0.97764063 0.66141206
v 0.24887308 1.05408418 0.66050965
v 0.20903030 1.04186380 0.78862888
v 0.13898045 1.11496794 0.76786679
v 0.30980885 0.98259628 0.52943850
v 0.35014221 0.89256036 0.65045017
v 0.32493392 0.85968149 0.78909421
v 0.34699291 0.90840495 0.51669502
v 1.22839868 0.62603682 -0.17616411
v 1.21071029 0.57087409 -0.18787561
v 1.24222255 0.63138807 -0.23668118
v 1.17365563 0.52908504 -0.20067020
v 1.18053675 0.53655124 -0.26907539
v 1.22474027 0.69145823 -0.22555174
v 1.24323106 0.64458239 -0.29907334
v 1.23143637 0.69815683 -0.28034270
v 1.22075462 0.57778239 -0.25365406
v -0.37660834 1.08783245 -0.27234602
v -0.34038249 1.08363974 -0.27641332
v -0.37819073 1.05875504 -0.29681045
v -0.40698135 1.11967397 -0.23676597
v -0.37305927 1.11336756 -0.24504288
v -0.41301307 1.09202278 -0.26473880
v -0.41690880 1.06166077 -0.29020017
v -0.33861697 1.02171767 -0.31898242
v -0.37929496 1.02501321 -0.31753874
v -0.33944869 1.05541313 -0.29980850
v -0.29806501 1.01919866 -0.31644315
v -0.30089712 1.05268931 -0.29842013
v -0.45893738 0.18363282 1.13181984
v -0.36089715 0.42831481 1.18078005
v -0.48156095 0.32338804 1.12427986
v -0.32973725 0.28385216 1.18909550
v -0.57117134 0.10725688 1.04421389
v -0.50162470 0.46569124 1.09539640
v -0.23304361 0.54303819 1.19788921
v -0.03635126 -0.47556683 -0.17069270
v -0.05882344 -0.46049759 -0.15013294
v -0.03710715 -0.44474050 -0.22170107
v -0.05491065 -0.39317569 -0.23899777
v -0.03126207 -0.40762392 -0.26312739
v -0.05978592 -0.42982545 -0.19909798
v -0.00442433 -0.42256871 -0.28190261
v -0.08116126 -0.41606161 -0.17298321
v -0.07988532 -0.44627425 -0.12599011
v -0.05273184 -0.48443535 -0.09462485
v -0.07441587 -0.47025833 -0.07315022
v 0.59147859 0.52419478 -0.55450600
v 0.65454733 0.54433030 -0.55800438
v 0.66894031 0.62825251 -0.55822718
v 0.60660172 0.61167872 -0.55789757
v 0.57557684 0.43613312 -0.51931101
v 0.23240715 -0.65948212 -0.19712077
v 0.24205089 -0.63145709 -0.24323989
v 0.25746799 -0.59872019 -0.28555918
v 0.27823693 -0.56197488 -0.32258773
v 0.68059546 -0.36100110 -0.34967405
v 0.65718764 -0.33746144 -0.33563346
v 0.62891233 -0.36096916 -0.36061209
v -0.43629605 -0.37274745 0.49228746
v -0.40091485 -0.36648294 0.46555448
v -0.41755819 -0.34638295 0.53259754
v -0.42212689 -0.38557610 0.42575991
v -0.49519810 -0.40056059 0.47679538
v -0.45781961 -0.39228681 0.45086092
v -0.47315127 -0.38117269 0.51981789
v -0.44650701 -0.39823654 0.38550961
v -0.48276836 -0.40418795 0.40894628
v -0.45400095 -0.35517314 0.56177306
v -0.53198969 -0.37581030 0.61891752
v -0.49217051 -0.36516097 0.59062850
v -0.14432533 1.21335387 0.15310423
v -0.17730412 1.21701419 0.18571931
v -0.14575967 0.94614661 -0.28219187
v -0.15277845 0.98404980 -0.26835597
v -0.11490649 0.94881022 -0.25851887
v -0.13928609 0.90762484 -0.29500300
v -0.10733879 0.91062784 -0.27171594
v -0.17898156 0.94458044 -0.30361003
v -0.07755084 0.91435087 -0.24674024
v -0.12340975 0.98635590 -0.24418642
v -0.08660422 0.95180261 -0.23244302
v -0.13310218 1.02326906 -0.22774403
v -0.09640373 0.98892236 -0.21749111
v -0.16039693 1.02138078 -0.25310892
v -0.50619477 1.21667004 0.14197654
v -0.53575826 1.20258617 0.16452427
v -0.48449641 1.21654904 0.17736866
v -0.51410872 1.20149434 0.19880627
v -0.49643147 1.22287750 0.08256685
v -0.52845448 1.21309209 0.10708821
v -0.47448993 1.22701359 0.11811017
v -0.45294100 1.22794735 0.15401986
v -0.31690586 1.13938391 -0.20314567
v -0.33353275 1.12585843 -0.22587778
v -0.34659007 1.15197098 -0.18854152
v -0.32734960 1.16468573 -0.16268454
v -0.39601105 1.14312530 -0.20642312
v -0.37935764 1.16193593 -0.17658608
v -0.36439595 1.13532507 -0.21615638
v -0.30607453 1.10156608 -0.25407201
v -0.33927312 1.10639679 -0.25191456
v -0.30916661 1.11801350 -0.23353149
v -0.30389592 1.08033395 -0.27622008
v -0.58159781 1.18422163 -0.06062333
v -0.54727638 1.18759108 -0.08642273
v -0.59938151 1.16555059 -0.09593274
v -0.61560601 1.17569232 -0.03287147
v -0.56165767 1.19790161 -0.02452815
v -0.56462324 1.16784573 -0.12171859
v -0.61418587 1.14162505 -0.12970406
v -0.63414341 1.15814519 -0.06789786
v -0.64890188 1.13469172 -0.10149215
v -0.51319265 1.18630040 -0.10964957
v -0.66375178 0.24960120 0.25461930
v -0.65736526 0.22565952 0.20739730
v -0.65312183 0.20129099 0.15890846
v -0.65150797 0.15709354 0.17203689
v -0.38753408 0.37863475 -0.44714761
v -0.38527599 0.33294472 -0.43095541
v -0.61880136 0.88102269 0.66599041
v -0.62407047 0.90360570 0.61150438
v -0.64518023 0.81065059 0.61196280
v -0.64439380 0.76758528 0.66161329
v -0.67104155 0.78197813 0.51844192
v -0.66632795 0.74530256 0.55447048
v -0.64921647 0.84104979 0.56674379
v -0.63012546 0.91868603 0.56351399
v 0.04840203 -0.52446806 -0.20671402
v 0.08176193 -0.54215491 -0.21209569
v 0.05200442 -0.54897285 -0.14835046
v 0.08835065 -0.58566725 -0.09654430
v 0.05998338 -0.56705773 -0.08775990
v 0.08265711 -0.56715369 -0.15536363
v 0.11569386 -0.56045759 -0.21686430
v 0.05133566 -0.49287674 -0.25884807
v 0.08669900 -0.51069474 -0.26354218
v 0.12341619 -0.52873886 -0.26668602
v -0.81043708 0.86546314 0.05224162
v -0.80514878 0.87560761 -0.00701675
v -0.81777740 0.82482231 0.07859333
v -0.80732024 0.84611058 -0.04017383
v -0.80103564 0.90582407 0.02551933
v -0.79169768 0.91484773 -0.03176239
v -1.38511586 -0.16423523 0.70794600
v -1.36386919 -0.11275139 0.72570479
v -1.33516061 -0.14487493 0.64829826
v -1.35052657 -0.20431110 0.63970995
v -1.40038145 -0.22143352 0.69986582
v -1.25717986 -0.07257557 0.60941684
v -1.28153670 -0.12553632 0.59206712
v -1.31197739 -0.09193549 0.66557586
v 0.57027489 -0.66870534 0.19527207
v 0.53708619 -0.70451033 0.18463284
v 0.50379777 -0.73627937 0.16642182
v 0.47961935 -0.70815969 0.18491898
v 0.51317054 -0.67676592 0.20253851
v -0.75021952 0.66554952 -0.25778401
v -0.77532178 0.68129849 -0.21796013
v -0.73900068 0.70570183 -0.26391912
v -0.75139606 0.75841320 -0.23136590
v -0.72742659 0.74456501 -0.26736796
v -0.76381296 0.72053981 -0.22594802
v -0.78279531 0.73929262 -0.18764247
v -0.75988019 0.62436986 -0.24825458
v -0.72786015 0.61023831 -0.28713351
v -0.70864922 0.69374800 -0.30076492
v -0.71933931 0.65279937 -0.29598427
v -0.02867077 -0.51059544 0.02302555
v -0.00465159 -0.52635431 0.00787631
v -0.01326932 -0.51409400 0.07818256
v -0.01888641 -0.51646852 -0.05234136
v 0.00577476 -0.53278005 -0.06653981
v 0.03512090 -0.54849839 0.05131570
v 0.01112294 -0.53052914 0.06421699
v 0.01969456 -0.54340267 -0.00560988
v 0.05102316 -0.54922247 0.10239848
v 0.02716427 -0.53048873 0.11469445
v 0.00302854 -0.51254761 0.12756991
v -0.28069144 1.23286676 0.02254636
v -0.24736699 1.21972799 -0.00342836
v -0.30318230 1.22752976 -0.00832623
v -0.33760318 1.23537242 0.01648473
v -0.25879949 1.23583448 0.05375221
v -0.22579947 1.22167349 0.02630057
v -0.29313332 1.20823896 -0.06157783
v -0.32605180 1.21978092 -0.03891894
v -0.26983309 1.21552885 -0.03266656
v 0.03978235 -0.23115006 -0.33239210
v 0.00278049 -0.21977744 -0.31328970
v 0.05855776 -0.18765417 -0.33187157
v 0.07074361 -0.14600074 -0.32944810
v 0.12136190 -0.15524128 -0.33119869
v 0.10396204 -0.19728699 -0.33928525
v -0.03293325 -0.20654926 -0.29063171
v 0.01614856 -0.17651054 -0.31808543
v 0.02480658 -0.13376129 -0.32163566
v -0.01373485 -0.26375479 -0.30515414
v 0.72984999 -0.32435557 -0.28312355
v 0.70636868 -0.34057876 -0.31915224
v -1.19239044 -0.62295079 0.86779642
v -1.18748760 -0.60080433 0.78307807
v -1.14990151 -0.61830115 0.82352209
v -1.22900236 -0.60464787 0.82870340
v -1.15644181 -0.62990296 0.91184574
v -1.11253262 -0.62561953 0.86703175
v -1.22531378 -0.57372165 0.74798840
v -1.26745701 -0.57870948 0.79651678
v -0.26706553 0.99724126 1.03236258
v -0.47676948 0.90440118 0.96545500
v -0.35986799 0.91255486 1.05096579
v -0.42195234 0.70429063 1.10009837
v -0.31852081 0.80867326 1.11511505
v -0.45051464 0.81632471 1.03661907
v -0.21331963 0.90356457 1.09643686
v -0.11031881 0.98517466 1.04746234
v 0.29800227 0.25281277 0.11836772
v 0.28137821 0.28381231 0.14604396
v 0.27163282 0.23017171 0.16152242
v 0.24253196 0.20656793 0.20569110
v 0.26674232 0.18092009 0.18188903
v 0.31215706 0.17643815 0.10026495
v 0.29246292 0.20261781 0.13285090
v 0.29143164 0.15655987 0.15501642
v 0.31472635 0.22349212 0.08470311
v 0.21125278 0.18167141 0.24932942
v 0.23737726 0.15770829 0.22908328
v 0.25252378 0.25906566 0.18519562
v -0.47444171 0.83152997 -0.37968546
v -0.51747197 0.83517027 -0.36887133
v -0.47119266 0.87143409 -0.36508816
v -0.50885612 0.91491544 -0.34027237
v -0.51294684 0.87476492 -0.35455936
v -0.42959848 0.82873428 -0.38638735
v -0.52260959 0.79584980 -0.38298345
v 0.18282962 -0.65398467 0.08331227
v 0.17820716 -0.62489438 0.13777390
v -0.75621301 -0.38354746 0.34574735
v -0.71057087 -0.37461087 0.32043201
v -0.73203301 -0.41402486 0.38380611
v -0.77932197 -0.42501137 0.41269678
v -0.75152355 -0.44628373 0.45467883
v -0.66704333 -0.36691067 0.29707804
v -0.68669266 -0.40431240 0.35753077
v -0.70451140 -0.43369988 0.42556328
v -0.73032111 -0.33554468 0.28791919
v -0.77642822 -0.34417245 0.31215608
v -0.58485812 0.95340908 0.71230191
v -0.50413346 1.09070456 0.69447666
v -0.55409241 1.03012812 0.67745292
v -0.48590982 1.08985126 0.76149946
v 0.22872433 0.80811369 0.14452623
v 0.26620045 0.80273390 0.19572045
v 0.27281734 0.75603175 0.18442474
v 0.24025750 0.76853073 0.13756065
v 0.25153804 0.72909284 0.13238373
v 0.31084254 0.73881733 0.24735422
v 0.21596521 0.84767175 0.15308997
v 0.29994524 0.85002828 0.28199774
v 0.30869216 0.79367757 0.26466465
v 0.25598449 0.84996450 0.20810196
v 0.11061188 0.31161922 -0.44622189
v 0.12127513 0.36604321 -0.45585382
v 0.10119266 0.26072475 -0.43273109
v 0.04302225 0.27253422 -0.43433523
v 0.17358932 0.28903794 -0.44286793
v 0.19155467 0.34279153 -0.45974475
v 0.21616694 0.40164542 -0.47355133
v 0.13180783 0.42463672 -0.45939189
v -0.52767795 1.20230150 -0.05014776
v -0.49364987 1.20190895 -0.07358485
v -0.20071957 -0.09623709 -0.21215604
v -0.24864858 -0.08054331 -0.19164543
v -0.21022967 -0.04996054 -0.23347299
v -0.15388024 -0.11347863 -0.23414190
v -0.16124688 -0.06788436 -0.25342947
v -0.27116695 0.00490306 -0.23567526
v -0.22117162 -0.00822757 -0.25408763
v -0.25921515 -0.03523761 -0.21342658
v -0.17057669 -0.02466352 -0.27342045
v -0.30718675 -0.02388299 -0.19458528
v -0.29583824 -0.06729707 -0.17145769
v -0.67936599 0.11652022 0.50003707
v -0.68262798 0.15013547 0.44539070
v -0.69346792 0.14745733 0.44861692
v -0.68053305 0.16372688 0.40646273
v -0.67509329 0.08026505 0.54256237
v -0.69388527 0.12680526 0.48665434
v -0.71565157 0.15526469 0.47847861
v -0.69529736 0.18094784 0.42439950
v -0.64862508 0.09937180 0.55502135
v 0.34260696 0.74868000 -0.32157433
v 0.35010222 0.76415110 -0.25086999
v 0.39341131 0.76443386 -0.33853942
v 0.39805296 0.77854180 -0.26754797
v 0.44555411 0.78066063 -0.35025424
v 0.46005103 0.79583716 -0.20903285
v 0.44731078 0.79523158 -0.27867126
v 0.41192499 0.77909076 -0.19895236
v 0.30412316 0.75184190 -0.22851859
v 0.36611748 0.76445723 -0.18273698
v -0.02185876 -0.07730815 -0.31898534
v 0.02794508 -0.09109217 -0.32660443
v -0.01909658 -0.11894590 -0.30965674
v -0.06535424 -0.10372561 -0.29298347
v -0.06506795 -0.14748585 -0.27917206
v -0.02421215 -0.16275853 -0.29992002
v -0.06971074 -0.19232386 -0.26563114
v 0.07573991 -0.10569644 -0.32814229
v -0.36719242 0.01767966 -0.20249407
v -0.32001776 0.01347606 -0.21880166
v -0.35386395 -0.01610495 -0.17711587
v -0.34163696 -0.05695669 -0.15269004
v -0.28251427 0.03976452 -0.25950849
v 0.00549150 1.20925701 0.69633931
v 0.07016218 1.17070866 0.73462564
v -0.06706510 1.19806015 0.78278840
v -0.14861718 1.17066777 0.85870260
v -0.20393887 1.19952571 0.79642361
v 0.15333316 0.62157297 -0.39336973
v 0.21169972 0.60534418 -0.42649382
v 0.28685662 0.58950698 -0.46856976
v 0.28793225 0.65594161 -0.42496300
v -0.52152306 0.27630442 -0.31515735
v -0.47044358 0.27175409 -0.33795583
v -0.51591367 0.23731577 -0.30086017
v -0.46517178 0.23440483 -0.32254338
v -0.50970000 0.19999386 -0.28552967
v -0.41560331 0.23080626 -0.34178972
v -0.42121917 0.26601654 -0.36001784
v -0.52672863 0.31655222 -0.32923305
v -0.47581100 0.31044132 -0.35427141
v -1.16193128 0.03447562 0.78221846
v -1.11709654 0.04301335 0.81475431
v -1.10973334 0.05043225 0.72732884
v -1.06761384 0.05647489 0.76143569
v -1.02493680 0.05278367 0.79460955
v -1.01362407 0.06871910 0.71148348
v -1.07267749 0.03978068 0.84599888
v -0.68347281 0.68802691 0.49825698
v -0.68402469 0.63770461 0.53109944
v -0.69710100 0.63963234 0.44526583
v -0.81404364 0.11991894 0.49571311
v -0.77574277 0.13417357 0.52861917
v -0.76034635 0.13267267 0.45342350
v -0.83363730 0.11840429 0.57305092
v -0.72710669 0.14402322 0.48678553
v -0.87391955 0.10488515 0.53930247
v -0.02503676 1.18216527 0.28835547
v -0.01149315 1.16457140 0.25212663
v -0.05212710 1.19117570 0.27314165
v -0.03590937 1.17552495 0.23700991
v -0.04514128 1.19920576 0.32700610
v 0.00429672 1.17251742 0.29648107
v 0.01524766 1.15135932 0.25720537
v -0.57431579 0.28127846 -0.29029202
v -0.56815749 0.24101233 -0.27596867
v -0.57987636 0.32252827 -0.30403578
v 1.20197678 0.75157952 -0.28164202
v 1.19306731 0.74798667 -0.22433855
v 1.15572774 0.79934561 -0.22867604
v 1.17704666 0.74539709 -0.16710319
v 1.20114541 0.74969876 -0.34159344
v 1.22628379 0.70769012 -0.32770240
v 1.20952833 0.68810558 -0.16901658
v 0.45361695 -0.41246936 0.29738316
v 0.42041543 -0.44766995 0.30690768
v 0.48007241 -0.43858299 0.28471565
v 0.51090091 -0.40295866 0.26656866
v 0.45553592 -0.34738705 0.29214299
v 0.42458627 -0.38423118 0.30914959
v 0.48493835 -0.37622419 0.27997798
v 0.47131160 -0.49667987 0.28144798
v 0.50468785 -0.46234795 0.27297801
v 0.44676688 -0.47314736 0.29393560
v -0.24403653 -0.07915056 0.63325220
v -0.22342822 -0.11969095 0.58031505
v -0.28642708 -0.05335525 0.68079382
v -0.32925412 -0.03850566 0.70169336
v 0.06737820 0.90905321 -0.03832746
v 0.07906974 0.88265204 -0.05100095
v 0.05781942 0.90717828 -0.07478884
v 0.06909604 0.87921727 -0.08910121
v 0.04562507 0.90413249 -0.11073734
v 0.07895993 0.85214770 -0.10425867
v 0.08975574 0.85701323 -0.06412241
v 0.06607527 0.93821216 0.00919346
v 0.07663002 0.91082227 -0.00256609
v 0.05536246 0.93669701 -0.02533184
v 0.08807049 0.88497877 -0.01406610
v 0.04481394 0.93578076 -0.06023772
v 0.03270445 0.93459952 -0.09492654
v 0.76975262 -0.32438585 -0.14555298
v 0.76936072 -0.34114197 -0.09683624
v 0.76446593 -0.36266455 -0.04819949
v -0.65585029 1.13021934 0.17662191
v -0.63545287 1.15591311 0.14924482
v -0.68076080 1.11767268 0.14856966
v -0.69746763 1.08743548 0.18033844
v -0.70487130 1.10312021 0.11944827
v -0.72182554 1.07119656 0.15172911
v -0.65987641 1.14528823 0.11934064
v -0.68332165 1.13172007 0.08875868
v -0.61068141 1.17739117 0.12341199
v -0.62482500 -0.08680367 0.81389087
v -0.68137574 -0.11320761 0.83644581
v -0.61860728 -0.14183590 0.82143468
v -0.57850826 -0.00554591 0.77790940
v -0.63560653 -0.03378202 0.79964489
v -0.56764108 -0.05943051 0.79486018
v -0.56344938 -0.11742088 0.80267179
v -0.50902945 -0.09455660 0.78395057
v -0.51292711 -0.03624257 0.77634615
v -0.58241087 0.06381831 -0.03753522
v -0.60394579 0.08124709 0.00002725
v -0.59580374 0.09214330 -0.05354732
v -0.61532497 0.11253530 -0.01479326
v -0.62129706 0.09925433 0.03968600
v -0.64286929 0.16366324 0.01261242
v -0.62912631 0.14069250 -0.02905382
v -0.63035524 0.13335903 0.02573798
v -0.64523846 0.16774651 -0.04309867
v -0.63520479 0.11756918 0.08148179
v -0.65286529 0.18706693 0.05580695
v -0.64160472 0.15481704 0.06817631
v 0.30103138 0.00840001 -0.22240089
v 0.25805572 0.00673182 -0.26020378
v 0.20317197 0.05110052 -0.30721408
v 0.25038490 0.04274762 -0.27030134
v 0.20962715 0.01150607 -0.29280823
v 0.31360081 -0.02149226 -0.22288670
v 0.26831356 -0.02836590 -0.25707310
v 0.21848711 -0.02822234 -0.28554195
v 0.16669706 -0.01725626 -0.31077784
v 0.17432246 -0.05756254 -0.30701309
v 0.12134346 -0.04153760 -0.32434964
v 0.12630621 -0.08113483 -0.32201320
v 0.66169500 -0.29451543 -0.29403764
v 0.63382256 -0.31500939 -0.32383138
v 0.55473620 -0.29184246 -0.33090436
v 0.58395714 -0.26851124 -0.30527627
v 0.58083540 -0.31567636 -0.33942807
v 0.60981268 -0.29228094 -0.31404519
v 0.61305279 -0.24849427 -0.27529281
v 0.60524374 -0.33827665 -0.34920686
v 0.68424958 -0.31661275 -0.30598158
v 0.70937270 -0.30028492 -0.27039063
v 0.55634266 0.35612023 -0.45437694
v 0.51112813 0.41164592 -0.50547194
v 0.45846948 0.47780624 -0.52983499
v 0.52556336 0.50270247 -0.54490769
v -0.28834412 -0.40911546 0.13178703
v -0.26942679 -0.39696559 0.07206911
v -0.28096402 -0.36888966 0.03201508
v -0.24519983 -0.37774602 0.01327102
v -0.31721941 -0.36015984 0.05066661
v -0.30413392 -0.38894805 0.08996508
v 0.02920850 0.73588347 -0.29960752
v 0.01599637 0.77664673 -0.27153087
v 0.05092879 0.75253320 -0.26933277
v 0.05771822 0.80397689 -0.20421164
v 0.06979070 0.77132273 -0.23041473
v 0.03821737 0.78986323 -0.24042411
v 0.06636556 0.71280205 -0.30304569
v 0.08464821 0.73814642 -0.26140833
v 0.00464724 0.81496465 -0.24723835
v -0.54022372 1.20733404 0.01147932
v -0.50657719 1.21280086 -0.01379097
v 0.43568811 0.76629567 -0.13718079
v 0.39098629 0.75126219 -0.12270953
v 0.32244954 0.75215995 -0.16112493
v 0.48300162 0.78385210 -0.14562456
v 0.46781102 0.74315822 -0.08477059
v 0.34836599 0.73868787 -0.10238889
v 0.42436942 0.72709668 -0.07297830
v 0.38472706 0.71330225 -0.05604321
v 1.05111396 0.87423372 -0.39925116
v 1.10074306 0.82368076 -0.40807891
v 1.01004851 0.84825814 -0.42609733
v 1.12534022 0.84180844 -0.35605049
v 1.16660595 0.79594481 -0.35127121
v 1.14672971 0.77183366 -0.40424973
v 1.05977774 0.79423225 -0.44003248
v 1.08081281 0.88597918 -0.35462314
v 1.16531873 0.80036354 -0.28884506
v 1.12630653 0.84515834 -0.29544145
v -0.94212854 -0.56591022 0.78886551
v -0.89605594 -0.54201829 0.75244403
v -0.90835166 -0.54292369 0.82879794
v -0.95169586 -0.56704378 0.86805272
v -0.83587188 -0.48503307 0.82742679
v -0.87945700 -0.50918543 0.86430830
v -0.86362511 -0.51845086 0.79204649
v -0.84909517 -0.51757824 0.71782100
v -0.88313174 -0.53059387 0.67546397
v -0.93121350 -0.55231535 0.71018177
v 0.00333779 0.96437764 -0.11216803
v -0.07162600 0.99168825 -0.18886967
v 0.15827855 0.02335058 -0.32166708
v 0.10600957 0.03990376 -0.34531128
v 0.15152916 0.06522489 -0.33811724
v 0.09295427 0.12420290 -0.38031733
v 0.14745545 0.10736351 -0.35785049
v 0.09767251 0.08134139 -0.36206937
v 0.20005804 0.09096289 -0.32660079
v -0.19049910 1.01991355 -0.27538216
v -0.18407936 0.98289716 -0.29075515
v -0.21799818 0.98294401 -0.30941552
v -0.22342804 1.01962042 -0.29435021
v -0.19799310 1.05495405 -0.25721943
v 0.01878024 0.96580064 -0.07916412
v 0.00427306 0.99796474 -0.06378889
v 0.03150486 0.96581137 -0.04559404
v 0.04287966 0.96591806 -0.01181990
v 0.03028224 0.99637794 0.00211550
v 0.01755018 0.99693823 -0.03082375
v 0.01784723 1.02814138 0.01591395
v 0.00373274 1.02929711 -0.01594979
v 0.62645257 -0.17614016 -0.01866521
v 0.61911130 -0.15852609 -0.07124846
v 0.59593040 -0.14749458 -0.00821619
v 0.64803100 -0.18594000 -0.08058931
v 0.60312176 -0.14952022 -0.12254892
v 0.63314450 -0.17665821 -0.13169065
v 0.58766556 -0.13061449 -0.06109348
v 0.57174981 -0.12187541 -0.11250488
v 0.55626893 -0.10214284 -0.05012263
v 0.56437242 -0.11816412 0.00315142
v -0.04499246 -0.25075698 -0.27879107
v -0.07704049 -0.23685542 -0.25110894
v 0.47099432 -0.76463199 0.14375381
v 0.44689742 -0.73621333 0.16220459
v 0.44025192 -0.78719473 0.11495026
v -0.80426586 -0.40077612 0.88229948
v -0.76182675 -0.38205138 0.84859616
v -0.79937470 -0.35424843 0.90127969
v -0.84057683 -0.37420604 0.94024736
v -0.81620312 -0.44530007 0.85790247
v -0.77284622 -0.42457601 0.82404792
v -0.75690103 -0.33752373 0.86785734
v -0.80054373 -0.30719358 0.91561979
v -0.71359259 -0.32297763 0.83924556
v -0.71855569 -0.36615035 0.81905884
v -0.71341413 -0.27780536 0.85380602
v -0.75799459 -0.29171434 0.88159508
v -0.16374905 1.21898532 0.11963831
v -0.19704051 1.22528529 0.15129559
v -0.11528768 1.19993246 0.12055230
v -0.13470885 1.20189869 0.08883230
v -0.07171893 1.17535675 0.12022670
v -0.12324192 0.56405151 -0.42412215
v -0.07788724 0.56559467 -0.41862530
v -0.11786684 0.51588053 -0.43467641
v -0.07065202 0.51673996 -0.43026644
v -0.11428859 0.46733686 -0.44237649
v -0.02207462 0.51991880 -0.42796499
v -0.03349128 0.56958067 -0.41370916
v -0.12956241 0.61125910 -0.41182834
v -0.08597536 0.61342096 -0.40417516
v -0.16630831 0.51672184 -0.43936008
v 0.26819125 0.09010337 0.23481566
v 0.29814899 0.07134030 0.21484920
v 0.29370680 0.11338452 0.18357956
v 0.23675218 0.11083710 0.25438213
v 0.26591441 0.13476652 0.20701569
v 0.20605633 0.08496824 0.29665256
v 0.24015790 0.06426241 0.28023547
v 0.27308971 0.04544786 0.26318347
v -0.19040531 0.05110823 -0.31394774
v -0.24174696 0.06318259 -0.29868197
v -0.19931285 0.08404930 -0.33569640
v -0.29241914 0.06951740 -0.28481174
v -0.34163752 0.07140468 -0.27073961
v -0.33202738 0.04458986 -0.24467070
v -0.53451806 0.71485829 0.98878801
v -0.60301542 0.50123239 0.96982002
v -0.51912051 0.59901595 1.04851341
v -0.60578454 0.61757076 0.91433752
v -0.66896158 0.41703179 0.87507796
v -0.66184574 0.52995318 0.82673758
v -0.60737735 0.71510065 0.85160249
v -0.06847829 0.87666821 -0.26235539
v -0.06020572 0.83813310 -0.27863300
v -0.09192315 0.83298969 -0.30149180
v -0.09962434 0.87214696 -0.28600854
v -0.13310558 0.86865413 -0.30804825
v 0.26099929 0.74377608 -0.20109259
v 0.28059772 0.74443996 -0.13427262
v 0.22064692 0.74282908 -0.17284773
v 0.30592400 0.73054528 -0.07632124
v 0.27208218 0.72651219 -0.03864726
v 0.24189073 0.74401605 -0.10602508
v -0.24245039 0.78318787 -0.38307959
v -0.19880080 0.78388381 -0.36974651
v -0.23783734 0.74203324 -0.39536154
v -0.20378907 0.82447112 -0.35693097
v -0.16375825 0.82622194 -0.34070754
v -0.28481662 0.74254107 -0.40559477
v -0.28094715 0.70081961 -0.41689444
v -0.18692130 0.70012748 -0.39602774
v -0.23268774 0.70006287 -0.40742886
v -0.19319695 0.74251056 -0.38272178
v -0.15095682 0.74402010 -0.36891884
v -0.15764365 0.78561485 -0.35451674
v 0.32905698 0.15138882 0.06655300
v 0.31429759 0.13363829 0.12684025
v 0.32911944 0.19549334 0.04635010
v 0.34095922 0.16847156 0.00648647
v 0.34749436 0.21501315 -0.00097642
v 0.34264398 0.12655872 0.03493091
v 0.33463329 0.11166931 0.09965181
v -0.45024192 -0.25497493 0.04615021
v -0.41321257 -0.26351374 0.02456152
v -0.43851292 -0.29846299 0.07569358
v -0.49689853 -0.20005894 0.04487124
v -0.46029678 -0.20852765 0.02071014
v -0.48644355 -0.24694920 0.06924124
v -0.42299819 -0.21770778 -0.00153917
v -0.36542323 -0.31483653 0.03443038
v -0.40223983 -0.30623782 0.05461946
v -0.37566262 -0.27268615 0.00377413
v -0.50661755 -0.15276659 0.02379733
v -0.46988034 -0.16128954 -0.00174484
v -0.10868897 -0.13106486 -0.25683445
v -0.11253323 -0.08613247 -0.27384907
v -0.12033896 -0.04294911 -0.29131830
v 0.38048732 0.56856215 0.68064719
v 0.37910604 0.66036296 0.72836477
v 0.33869582 0.48716962 0.80793953
v 0.39393371 0.71514606 0.59360206
v 0.30847466 0.69537115 0.89866608
v 0.33286968 0.58674580 0.86055982
v 0.36125517 0.75954521 0.76626194
v 0.38023451 0.80345404 0.62742984
v 0.35504231 0.16220801 -0.10060686
v 0.35504565 0.15622671 -0.17356856
v 0.37607858 0.19099601 -0.13562782
v 0.34800357 0.13470578 -0.10933563
v 0.35056517 0.11204965 -0.06910942
v 0.35415140 0.18693312 -0.04768881
v 0.37199253 0.20570070 -0.08452272
v 0.40886369 0.21679428 -0.16172130
v 0.40269971 0.23370661 -0.10976684
v 0.40908948 0.20730545 -0.22394277
v 0.37785891 0.18200599 -0.19859184
v 0.36557388 0.18260872 -0.26686412
v 0.34315267 0.15630032 -0.24103113
v 1.11081135 0.50348735 -0.14721535
v 1.12794793 0.49615782 -0.21362613
v 1.15457976 0.53474963 -0.13701381
v 1.19096506 0.57340652 -0.12723178
v 1.16358578 0.58547312 -0.07476248
v 1.06110561 0.47998357 -0.15873079
v 1.13257217 0.50273836 -0.28470814
v 0.10092255 0.83208954 -0.07760167
v 0.11425365 0.80847943 -0.09306884
v 0.12598455 0.81247532 -0.04677524
v 0.11142341 0.83594370 -0.03552565
v 0.05614335 0.87462246 -0.12687176
v 0.07478219 0.81627822 -0.16388376
v 0.06516775 0.84527922 -0.14410193
v 0.08914923 0.82602751 -0.12098609
v 0.55329514 0.81347227 -0.35686374
v 0.56584376 0.78499234 -0.42733067
v 0.49891165 0.79686856 -0.35604125
v 0.58946186 0.74447381 -0.48920631
v 0.50968456 0.76893950 -0.42597687
v 0.47232303 0.71139324 -0.47960848
v 0.45393094 0.75239718 -0.41885847
v 0.53116322 0.72824574 -0.48725766
v 0.62442821 0.69113243 -0.53437006
v -0.73912030 0.50262094 0.26763237
v -0.74855268 0.47326902 0.22521549
v -0.71543217 0.37671465 0.21245265
v -0.71331388 0.40144211 0.25817817
v -0.73584688 0.40900195 0.19827577
v -0.76932555 0.51053542 0.20616928
v -0.71202850 0.42396623 0.30290705
v -0.72971785 0.43686312 0.24280499
v 0.43461952 -0.65680313 0.21695809
v 0.41235933 -0.63318717 0.23189795
v 0.42453852 -0.58149743 0.26006401
v 0.38967413 -0.60950077 0.24499479
v 0.45686701 -0.68126905 0.20089249
v 0.49057719 -0.65013564 0.21687973
v 0.40138718 -0.68379402 0.19510204
v 0.37875006 -0.65932930 0.21036732
v 0.22398624 -0.60154545 0.20718759
v 0.25206977 -0.58390725 0.23614159
v 0.20012686 -0.57758176 0.21853620
v 0.20180121 -0.53583109 0.25772810
v 0.22715080 -0.55984235 0.24719842
v 0.28278279 -0.56278598 0.26137000
v -0.62623441 0.88533092 -0.30378723
v -0.59056807 0.88210714 -0.32382983
v -0.63412845 0.84652436 -0.31549186
v -0.66672969 0.84791994 -0.29022056
v -0.56529093 0.79961908 -0.36730093
v -0.60574722 0.80371726 -0.34788311
v -0.55879587 0.83903825 -0.35477263
v -0.59768730 0.84285140 -0.33679372
v -0.64313650 0.80763674 -0.32466757
v -0.55279726 0.87836432 -0.34080648
v 0.01923934 -0.24305388 0.42457616
v 0.04937147 -0.26186594 0.41628778
v 0.04280553 -0.20652795 0.43578953
v -0.03397957 -0.26034677 0.41727352
v -0.00410627 -0.27751553 0.40799475
v -0.01178012 -0.22353530 0.43293822
v 0.02473997 -0.29462215 0.39894003
v 0.00079143 -0.32504687 0.37783998
v 0.01058146 -0.18505302 0.44391465
v -0.04309463 -0.20373645 0.44264656
v -0.89528900 0.09936536 0.61816442
v 0.25682417 0.38617066 0.19869278
v 0.26149395 0.42325306 0.21125816
v 0.23463753 0.35052478 0.23745167
v 0.26438552 0.41802984 0.27461556
v 0.24556616 0.38281438 0.25455156
v 0.27237955 0.46272886 0.22431174
v 0.27803487 0.45893261 0.17628717
v 0.23245722 0.31955224 0.22146460
v 0.21196675 0.31078857 0.28288084
v -0.96102709 -0.01176061 0.39053875
v -0.98771292 -0.05920197 0.37277985
v -1.02236676 -0.01960737 0.42675292
v -0.92868489 -0.05145378 0.34045297
v -0.86870033 0.04143789 0.37614065
v -0.90171933 -0.00238200 0.35620618
v -0.92846632 0.03065847 0.41253245
v -0.99015832 0.02152926 0.45045346
v -1.08295512 -0.02932486 0.46694797
v -1.05195463 0.01270130 0.49076271
v -1.10829937 -0.07823551 0.44877464
v -1.04781330 -0.06804132 0.40915453
v -1.00564039 -0.11284354 0.36308450
v -0.60665840 1.14585876 0.22767295
v -0.58729750 1.14976442 0.24520764
v -0.58676052 1.16681552 0.20640287
v -0.55488980 1.15408778 0.26921612
v -0.52557766 1.17651224 0.25335631
v -0.56647468 1.16557455 0.23580334
v -0.58814394 1.13504744 0.27130812
v -0.61953598 1.12188113 0.25736162
v -0.58687884 0.23644158 1.03874135
v -0.59722501 0.37164557 1.01265788
v -0.39227742 0.57209229 1.14935970
v -0.27629548 0.68286532 1.16577172
v 0.68953168 0.87660420 -0.13346319
v 0.66795760 0.83328593 -0.08382374
v 0.74070215 0.90598798 -0.12595862
v 0.71910727 0.90550590 -0.19201000
v 0.61660129 0.85470045 -0.20702158
v 0.63712245 0.84947646 -0.14113329
v 0.66850913 0.87935710 -0.19962414
v 0.58508140 0.82451451 -0.14709134
v 0.61611122 0.80621517 -0.09108165
v 0.56398076 0.83219755 -0.21248390
v 0.65872145 0.87100530 -0.27215350
v 0.70993584 0.89521861 -0.26309139
v 0.36054918 0.26647648 0.00635905
v 0.36875707 0.23578149 -0.03696901
v 0.38923910 0.28970468 -0.02020234
v 0.39708614 0.26015714 -0.06305580
v 0.43384346 0.28495836 -0.08204861
v 0.42321596 0.31382096 -0.03942470
v 0.34952089 0.29782611 0.04523998
v 0.37838408 0.32090560 0.01848743
v 0.41068241 0.34487253 -0.00120164
v 0.06402660 1.03562725 0.11610099
v 0.04936863 1.03046405 0.08065479
v 0.04395009 1.09487426 0.17666338
v 0.07552826 1.04559290 0.15390286
v 0.06101904 1.07177651 0.16632500
v 0.03305065 1.02825820 0.04777638
v -0.88458443 -0.34626231 0.99909496
v -0.88233846 -0.39606377 0.98273212
v -0.84186506 -0.32551083 0.95563132
v -0.84540737 -0.42270616 0.92075330
v -0.88710666 -0.44532743 0.96185857
v -0.92927492 -0.46719012 1.00412154
v -0.20471226 1.22249901 0.05646701
v -0.23752031 1.23535907 0.08551397
v -0.18387917 1.22147322 0.08743846
v -0.21668926 1.23212159 0.11802373
v -0.15452144 1.20262194 0.05816959
v 0.31515682 0.16656281 -0.30573517
v 0.27125260 0.18851380 -0.36217457
v 0.33545205 0.19947222 -0.33617651
v 0.28993502 0.22661228 -0.39137667
v 0.23532119 0.26053220 -0.42678738
v 0.21855190 0.21498275 -0.40158099
v 0.30287328 -0.27068722 0.36042106
v 0.30129504 -0.20917282 0.35756302
v 0.36161613 -0.25829104 0.33123937
v 0.38784009 -0.22005689 0.30672637
v 0.33105671 -0.23208877 0.34453294
v 0.32739824 -0.17112178 0.33466649
v 0.27292496 -0.18912977 0.37180501
v 0.29909903 -0.15130940 0.34985280
v 0.79060972 0.93588960 -0.12093584
v 0.87047637 0.91408896 -0.02288188
v 0.82755232 0.93085706 -0.06525330
v 0.76756346 0.93216264 -0.18493299
v -0.12702167 -0.39068374 -0.11877926
v -0.15373857 -0.37780675 -0.09253857
v -0.12528057 -0.35258326 -0.15330504
v -0.15366548 -0.33898363 -0.12550353
v -0.18606183 -0.32628188 -0.09995775
v -0.15214597 -0.29650998 -0.15251102
v -0.10035793 -0.36630991 -0.18224461
v -0.12522854 -0.42192993 -0.07627483
v -0.15100136 -0.40985480 -0.05208191
v -0.12142948 -0.31069517 -0.18117447
v -0.09403018 -0.32456914 -0.21084870
v -0.51157492 -0.39118645 0.54769552
v -0.57307565 -0.38708320 0.64690477
v -0.55169320 -0.40207091 0.57584846
v -0.57501751 -0.42167673 0.53121042
v -0.53418845 -0.41082051 0.50354743
v 0.53735292 -0.30334732 0.22114262
v 0.55904776 -0.26737535 0.18339616
v 0.50793773 -0.27329996 0.23451248
v 0.58581990 -0.29566631 0.17057215
v 0.51252866 -0.33978799 0.25367463
v 0.48320141 -0.31028011 0.26660413
v 0.47620073 -0.24222901 0.24792261
v 0.45205930 -0.27945629 0.27993301
v 0.52907950 -0.23706761 0.19660434
v 0.54628366 -0.20223370 0.15383394
v 0.49697909 -0.20596671 0.21005058
v 0.57653761 -0.23277360 0.14074719
v -0.90045977 -0.49197820 0.93550223
v -0.94206709 -0.51341748 0.97706825
v -0.92200965 -0.53385115 0.90406382
v -0.96480793 -0.55530298 0.94539624
v -0.85859531 -0.46832433 0.89525527
v 0.18107113 0.72976398 1.03524089
v 0.05673764 0.95664310 1.01312351
v -0.04554585 0.88128459 1.09411168
v 0.12330564 0.84846127 1.03434384
v 0.14312199 1.01006877 0.90861201
v 0.07100818 1.09229469 0.87758678
v -0.01375327 1.04894674 0.97273904
v -0.30207303 1.19504237 0.49437684
v -0.34288219 1.18999386 0.57918370
v -0.27797249 1.20907247 0.54131299
v -0.36327416 1.17427981 0.52622014
v -0.42362142 1.14454257 0.54925132
v 0.16333672 -0.12305215 -0.31937158
v 0.12614292 -0.11744103 -0.32494670
v 0.06734288 -0.02674749 -0.33705586
v 0.07540443 -0.06534466 -0.33033991
v 0.02244405 -0.05170071 -0.33332461
v -0.65360481 0.62783921 0.77186817
v -0.64687705 0.70764947 0.71535170
v -0.67383844 0.63452268 0.64004058
v -0.66729170 0.69753778 0.59509039
v -0.61425018 0.84540904 0.72612667
v -0.61013770 0.79083931 0.78854024
v -0.54811108 0.80936205 0.91988891
v -0.11630332 -0.26641551 -0.20350270
v -0.15028293 -0.25183004 -0.17522402
v -0.11126626 -0.22164705 -0.22278322
v -0.14929211 -0.16003180 -0.21531908
v -0.10805894 -0.17645782 -0.24021210
v -0.14876603 -0.20619780 -0.19562022
v -0.18950599 -0.19071507 -0.17085795
v -0.18776029 -0.23745489 -0.14957236
v -0.08582486 -0.28099921 -0.23322780
v -0.34900057 1.21000540 -0.06940390
v -0.35999209 1.22734737 -0.01574469
v -0.37233818 1.23768651 0.04201191
v -0.39441448 1.23087645 0.00820392
v -0.41656563 1.22200966 -0.02559088
v -0.40701932 1.23686063 0.06770815
v -0.42889816 1.23124230 0.03281098
v -0.45079356 1.22302401 -0.00217051
v -0.05769015 -0.29486769 -0.26280522
v -0.04465840 -0.35195896 -0.26909435
v -0.06904939 -0.33840379 -0.24071954
v -0.03045986 -0.30824959 -0.29124540
v 0.01879542 -0.27584344 -0.32760203
v 0.81388831 0.43908918 -0.12768607
v 0.78488636 0.46865284 -0.07929826
v 0.75453794 0.42237192 -0.12773663
v 0.66952002 0.43235487 -0.07863775
v 0.69468254 0.40372062 -0.12541617
v 0.72691721 0.45173749 -0.08053118
v 0.69489944 0.48249069 -0.04416382
v 0.83590800 0.41399100 -0.18739952
v 0.87213182 0.45413086 -0.12423830
v 0.84236532 0.48377231 -0.07481425
v 0.77481234 0.39772317 -0.18711503
v 0.44958988 0.24096271 -0.18335842
v 0.44299403 0.25979683 -0.12896907
v 0.48936889 0.28472281 -0.14415707
v -0.37951493 0.04532768 -0.22885011
v -0.43459809 0.07042176 -0.23523377
v -0.38881135 0.07163487 -0.25414932
v 0.88153857 0.96093345 -0.08174239
v 0.84097946 0.96135318 -0.11968844
v 0.88039482 0.98365831 -0.15423886
v 0.84537864 0.97160935 -0.18659849
v 0.81214774 0.95576203 -0.17867710
v 0.91821408 0.97188962 -0.12996614
v -0.21583238 1.22108495 0.49963355
v -0.24295613 1.21048295 0.46000844
v -0.29101703 0.82383978 -0.38096833
v -0.24632496 0.82372785 -0.37067491
v -0.28822196 0.78353727 -0.39370465
v -0.33554623 0.78460419 -0.40045810
v -0.24937338 0.86382437 -0.35825330
v 0.09711666 -0.59862876 -0.03878713
v 0.11713739 -0.60484076 -0.10524428
v 0.14549941 -0.62467849 -0.11454268
v 0.07089173 -0.57929182 -0.02831735
v -0.45251885 1.13776767 0.37213308
v -0.40837467 1.16106665 0.35264957
v -0.45928931 1.15236282 0.33744407
v -0.46823731 1.16927862 0.30402136
v -0.41885820 1.17384136 0.31762880
v -0.37964240 1.19028401 0.29453766
v -0.43438345 0.61894119 -0.43391305
v -0.38023865 0.61694348 -0.43944299
v -0.43522027 0.57324564 -0.43522841
v -0.38102153 0.66143829 -0.43446004
v -0.32517314 0.56946123 -0.44506097
v -0.38013437 0.57118118 -0.44265085
v -0.32633552 0.61538041 -0.44083470
v -0.27379987 0.61349231 -0.43537307
v -0.32844755 0.65959370 -0.43305004
v -0.75859851 0.06923055 0.30588746
v -0.79297268 0.02092151 0.29272693
v -0.81153482 0.05363972 0.34117246
v -0.87333989 -0.04213850 0.30957827
v -0.82200140 -0.03169352 0.28076494
v -0.84531665 0.00829527 0.32388300
v -0.77601099 0.09245401 0.36058509
v -0.83209157 0.07886822 0.39916575
v 0.09915105 0.86010098 -0.02501525
v 0.13063392 0.78591645 -0.11011201
v 0.14386240 0.78996575 -0.05914602
v 0.15910932 0.79082906 -0.01270741
v 0.50216949 0.65760612 -0.52555704
v 0.56396139 0.67481029 -0.53297341
v 0.54286110 0.59366387 -0.55256099
v -0.75700772 0.44373041 0.18108600
v -0.61693066 -0.41486689 0.37318373
v -0.65965527 -0.42349157 0.39836258
v -0.64349586 -0.39592722 0.33348310
v -0.63087916 -0.43291035 0.44138539
v -0.67523527 -0.44414011 0.46913338
v -0.58858806 -0.42326930 0.41532838
v 0.76754624 0.55092371 -0.01087005
v 0.71341753 0.53264093 -0.01561670
v 0.75107419 0.50010788 -0.04211092
v 0.86191195 0.53248066 -0.02954876
v 0.82128292 0.56924081 -0.00308622
v 0.80725914 0.51607358 -0.03661388
v 0.65982103 0.51367247 -0.01742235
v -0.58481014 0.92179847 -0.30986589
v -0.65893573 0.88727665 -0.28041250
v -0.97244155 -0.48542061 1.04529512
v -0.98267263 -0.52949369 1.01830959
v -1.00570750 -0.49559316 1.07030177
v -1.02191758 -0.53486466 1.05540502
v -1.00659549 -0.57055855 0.98805648
v -0.92549652 -0.41917709 1.02645087
v -0.79136562 -0.46278355 0.79334575
v -0.91772097 -0.52922451 0.63179201
v 0.08786555 1.01736093 0.14092539
v 0.09823798 0.98798335 0.12726240
v 0.07481810 1.00602674 0.10302193
v 0.08349373 0.97642350 0.09025156
v 0.10803219 0.95818603 0.11395451
v 0.05938680 0.99986541 0.06787817
v -0.09625954 1.12921894 -0.04929265
v -0.12032253 1.15570164 -0.02425440
v -0.07839566 1.12856734 -0.02003022
v -0.11483431 1.12931585 -0.07839181
v -0.13942118 1.15571296 -0.05258231
v -0.15936303 1.15539944 -0.08026759
v -0.18648764 1.17981851 -0.05427025
v -0.14661111 1.18022442 0.00178906
v -0.16617528 1.18032634 -0.02651250
v -0.07547864 1.09943438 -0.07228595
v -0.05807991 1.09869409 -0.04225755
v -0.36408085 -0.40015045 0.22659214
v -0.33213848 -0.40520898 0.20849450
v -0.33917809 -0.40132502 0.26598912
v -0.37103879 -0.39895728 0.28451836
v -0.39674759 -0.39673904 0.24547216
v -0.38723364 -0.38831392 0.18658233
v -0.28452510 -0.39740899 0.28607154
v -0.31463137 -0.39420703 0.30353349
v -0.30820295 -0.40520987 0.24844311
v 0.97164750 0.96714640 -0.31516701
v 0.99999034 0.92316043 -0.37214452
v 1.03219640 0.92772591 -0.34315097
v -0.79580677 0.88202929 0.15155023
v -0.80793399 0.85369968 0.11543579
v -0.79781079 0.84115779 0.18218441
v -0.81130075 0.81262386 0.14415219
v -0.79748571 0.80113959 0.21250305
v -0.78013772 0.83083773 0.25101614
v -0.78134871 0.86939561 0.21905273
v -0.76232380 0.89728498 0.25499254
v -0.81101316 0.77163041 0.17235823
v -0.80607468 0.73100233 0.19961792
v -0.64565605 1.11335635 0.23251173
v -0.63088089 1.14017427 0.20340945
v -0.67178124 1.10161126 0.20702066
v -0.75531626 0.12902531 0.72225165
v -0.66989559 0.17170106 0.93634367
v -0.72606766 0.13622327 0.82779545
v -0.65783000 0.06008742 0.93927658
v -0.72491837 0.24335028 0.81011540
v -0.75338179 0.21901007 0.70876342
v -0.16423647 -0.11563104 0.85036564
v -0.05139570 -0.05584283 0.77786785
v 0.03981175 0.00808631 0.75252676
v 0.03765485 0.02118455 0.67808706
v -0.11423023 -0.06802118 0.71462137
v -0.03966577 -0.03385793 0.70666271
v -0.06702270 0.24089241 -0.42943525
v -0.01541565 0.23590216 -0.42536914
v -0.06720310 0.20064938 -0.41895670
v -0.06521340 0.28257555 -0.43752241
v -0.01321744 0.27907223 -0.43436718
v -0.11419725 0.28261602 -0.44351274
v -0.06345632 0.32607552 -0.44262820
v -0.11542656 0.24167758 -0.43609244
v -0.37897614 0.29456937 -0.40564460
v -0.43379489 0.34210622 -0.40160668
v -0.42743829 0.30282521 -0.38043869
v 0.54076904 -0.09449232 -0.10169297
v 0.52515316 -0.07530954 -0.03840710
v 0.51032913 -0.06974131 -0.09019038
v 0.49577305 -0.05077413 -0.02640110
v 0.53212416 -0.09022692 0.01523941
v -0.56417656 -0.17597005 0.80218267
v -0.51194191 -0.15543091 0.78292060
v -0.61819518 -0.24873868 0.81127733
v -0.56888562 -0.23198768 0.79228646
v -0.61653268 -0.19657436 0.82100993
v -0.66805542 -0.21513072 0.84007996
v -0.67282450 -0.16438499 0.84190238
v 0.26333180 0.68975449 0.12905580
v -0.11297388 0.32605958 -0.44771308
v -0.16289988 0.37263435 -0.45348108
v -0.16542485 0.24164121 -0.43811315
v -0.10305288 -0.40323851 -0.14523278
v -0.07733835 -0.37941393 -0.21124579
v -0.10177490 -0.43412027 -0.10094805
v -0.70388484 0.38421857 0.31753546
v -0.70916545 0.39862210 0.36474222
v -0.71131468 0.35027429 0.38110167
v -0.72374207 0.35429341 0.43618649
v -0.61937571 0.07905941 0.72187567
v -0.57477969 0.09005202 0.70093787
v -0.57650906 0.09043323 0.65322268
v 0.41731235 -0.04188439 -0.15912767
v 0.44084170 -0.03090692 -0.11586480
v 0.43911555 -0.06200315 -0.16853826
v 0.48289505 -0.04657818 -0.07870558
v 0.46345451 -0.05115497 -0.12638131
v 0.45824358 -0.02580880 -0.06713569
v 0.42113820 -0.01140386 -0.10576482
v 0.43733636 -0.00560361 -0.05585593
v 0.39810064 -0.02215187 -0.15036424
v 0.38742292 -0.05613142 -0.19799776
v 0.40988877 -0.07696795 -0.20603247
v 0.16061577 -0.22862557 0.41494888
v 0.13071796 -0.21041259 0.42500800
v 0.13301253 -0.26432440 0.41003823
v 0.10453730 -0.24598569 0.41940469
v 0.07432982 -0.22700059 0.42812538
v 0.07834152 -0.27972338 0.40683168
v 0.10568690 -0.29780567 0.39667547
v 0.18916279 -0.24612167 0.40360671
v 0.16046795 -0.28210622 0.39906311
v 0.32848784 -0.42617539 0.32884181
v 0.36212140 -0.39136496 0.32994670
v 0.29913926 -0.39817610 0.34013060
v 0.33200613 -0.36246344 0.34198594
v 0.26627606 -0.43140271 0.33016527
v 0.36371019 -0.32511839 0.33473033
v -0.43790063 0.38544667 -0.41841447
v -0.48129970 0.35070789 -0.37109983
v -0.43862405 1.21162117 -0.05993600
v -0.40505931 1.20637548 -0.08056746
v -0.45992178 1.19904006 -0.09489362
v -0.47256246 1.21392000 -0.03770597
v -0.38254961 1.21774185 -0.04798281
v -0.48493370 1.22154558 0.02214340
v -0.33093601 0.70244324 -0.42393619
v -0.33339059 0.74400640 -0.41291916
v -0.38200060 0.70454156 -0.42677301
v -0.98086005 -0.39532050 0.43614727
v -0.99857157 -0.34426102 0.40673858
v -0.92733037 -0.37961939 0.40113157
v -0.90569437 -0.42195639 0.43653768
v -1.01108611 -0.45711651 0.50830954
v -1.03467417 -0.41234562 0.47384900
v -0.95843863 -0.43916920 0.47126961
v -0.95590961 -0.27544034 0.34895647
v -0.94429964 -0.32998952 0.37167001
v -1.01055098 -0.28806543 0.38428015
v -0.89177912 -0.31780931 0.33923906
v -0.87499255 -0.36585078 0.36880481
v 0.72564214 -0.45066485 0.08234025
v 0.74101120 -0.41893324 0.04202736
v 0.70246226 -0.42506966 0.09915369
v 0.70072377 -0.37134674 0.07308702
v 0.68252242 -0.40312377 0.11321544
v 0.71979916 -0.39321324 0.05929531
v 0.68321019 -0.45853391 0.13480991
v 0.66255522 -0.43652341 0.14910096
v 0.75427383 -0.38909939 -0.00160518
v -0.76339895 -0.24549675 0.89078844
v -0.71698719 -0.23117569 0.86305076
v -0.77284533 -0.19912332 0.89484382
v -0.72452533 -0.18340296 0.86568636
v -0.73527211 -0.13543651 0.86283070
v -0.78592765 -0.15320319 0.89365882
v -0.80732799 -0.26007175 0.92506093
v -0.81818002 -0.21360725 0.93036246
v 0.44370899 -0.21152362 0.26156360
v 0.41970357 -0.24896982 0.29311404
v 0.11283264 -0.09374779 0.42686319
v 0.07759161 -0.06977335 0.43540430
v 0.08998891 -0.13099337 0.43870711
v 0.04330146 -0.04651202 0.44576931
v 0.05550183 -0.10712719 0.44640398
v 0.06649218 -0.16901547 0.44130409
v 0.00017612 -0.12286103 0.45850480
v 0.03321303 -0.14599219 0.44938874
v 0.02186606 -0.08369970 0.45566005
v -0.02152333 -0.16326407 0.45331889
v -1.40974808 -0.34256640 0.70596433
v -1.39772534 -0.40129569 0.71733749
v -1.35871589 -0.26692325 0.63877773
v -1.35874748 -0.32993570 0.64363611
v -1.41011953 -0.28165376 0.69968921
v -0.61797506 0.24658346 -0.24363662
v -0.60946208 0.20710820 -0.22664325
v -0.56104904 0.20239052 -0.26017928
v -0.59892219 0.17021717 -0.20794596
v -0.63663203 0.18184608 -0.16604511
v -0.66221267 0.25601503 -0.20447852
v -0.65016156 0.21748418 -0.18561314
v -0.55279768 0.16581193 -0.24277864
v -0.33857784 -0.38068148 0.10846397
v -0.32779330 -0.32360265 0.01534619
v -0.28998709 -0.33288643 -0.00359046
v -0.35335478 -0.35150161 0.06960416
v -0.38899365 -0.34343812 0.08930270
v -0.37306389 -0.37319759 0.12746799
v -0.32105646 -0.40137127 0.14952743
v -0.35423034 -0.39457771 0.16748263
v -0.37192473 1.19876635 -0.09985733
v -0.39385819 1.18553340 -0.13127880
v -0.42671788 1.19276726 -0.11386050
v -0.47945869 1.18238091 -0.12996021
v -0.41287866 1.17035604 -0.16361733
v -0.44607851 1.17718613 -0.14797695
v -0.33904168 1.18845749 -0.11853223
v -0.36058128 1.17660630 -0.14695556
v 0.11501556 1.00706434 0.16824222
v 0.12836254 0.97566295 0.15417522
v 0.14148092 0.94342959 0.14090838
v 0.35917112 -0.00152180 0.21164808
v 0.33301172 0.01389323 0.22915246
v 0.33981174 -0.03026630 0.25908309
v 0.39732844 0.00509387 0.14084041
v 0.37442535 0.02171741 0.15839414
v 0.38410446 -0.01807186 0.19412780
v 0.35096464 0.03795424 0.17649132
v 0.36451316 0.05685487 0.11857796
v 0.39340767 -0.06537914 0.22586429
v 0.36629450 -0.04685615 0.24185158
v 0.39726397 0.37807801 0.03206650
v 0.32387167 0.36689216 0.10500958
v 0.33681324 0.33104515 0.07829732
v 0.35272998 0.39074564 0.08043277
v 0.38251311 0.41421932 0.05953204
v 0.36570397 0.35442430 0.05229498
v 0.26185557 -0.48772863 0.30375308
v 0.29472467 -0.45843676 0.31957299
v 0.23448789 -0.46147093 0.31346071
v 0.32294402 -0.48523965 0.30898714
v 0.35747558 -0.45398441 0.31765631
v 0.38539660 -0.48042092 0.30558026
v 0.28920659 -0.51308453 0.29274783
v 0.35026705 -0.51070094 0.29692349
v -0.68594164 0.22944513 0.36231071
v -0.67041367 0.22788924 0.31607163
v -0.67941129 0.19407517 0.37827408
v -0.21593100 1.20147514 -0.02876334
v -0.18032157 1.15395844 -0.10699949
v -0.20795262 1.17802680 -0.08132340
v -0.68532133 0.24457769 0.03245457
v -0.67622817 0.22000183 -0.01353656
v -0.66766149 0.21620038 0.04444943
v -0.65856183 0.19181252 -0.00023376
v -0.66272426 0.19504535 -0.05812898
v -0.69505274 0.24886505 -0.02808090
v -0.68083644 0.22499473 -0.07460152
v 0.38837793 -0.81628728 0.04695468
v 0.46280304 -0.38271108 -0.38203013
v 0.40146542 -0.39783636 -0.38190174
v 0.42994520 -0.41927037 -0.38759762
v 0.49448147 -0.34882846 -0.36987007
v 0.39673403 -0.45797935 -0.38640302
v 0.36817622 -0.43818006 -0.38029706
v 0.35208428 -0.82043493 -0.03106177
v 0.36844793 -0.82115328 0.00894842
v 0.17478403 -0.33533868 -0.36522484
v 0.13243878 -0.31710121 -0.36194897
v 0.20918292 -0.28804860 -0.36102802
v 0.21806303 -0.35502037 -0.36711615
v 0.25238037 -0.30894786 -0.36417204
v 0.24504507 -0.24340183 -0.34817457
v 0.28836954 -0.26587155 -0.35220808
v 0.12285974 -0.25322601 -0.35206509
v 0.16563109 -0.26887789 -0.35781223
v 0.09219547 -0.30102429 -0.35515428
v 0.20186508 -0.22191104 -0.34428191
v -0.52735263 0.75527477 -0.39401889
v -0.48056763 0.75136292 -0.40611857
v -0.53236228 0.71355379 -0.40298289
v -0.48604849 0.66629303 -0.42179149
v -0.48348933 0.70963204 -0.41582638
v -0.48820269 0.62156463 -0.42386597
v -0.54131782 0.62566900 -0.41016310
v -0.43312517 0.70668662 -0.42352271
v -0.30620483 1.17538667 -0.13767619
v -0.28387102 1.18517733 -0.11142915
v -0.27499232 1.15949714 -0.15782438
v -0.31614792 1.19925368 -0.09060849
v -0.26108360 1.19314599 -0.08409554
v -0.23021516 1.17441940 -0.10754970
v -0.23953620 -0.12807149 -0.16984044
v -0.28533354 -0.11478537 -0.14939459
v -0.33003053 -0.10340729 -0.13035329
v -0.43806112 0.43220854 -0.42639863
v -0.43677825 0.47952029 -0.43010759
v -0.48950383 0.48376381 -0.40818244
v -0.43609208 0.52663422 -0.43394363
v -0.38235706 0.47661677 -0.44684786
v 0.03886152 0.86814415 -0.16250931
v -0.69111520 -0.45700368 0.54416460
v -0.73833984 -0.47093984 0.57515872
v -0.72157431 -0.45700231 0.49881124
v -0.76977080 -0.47225866 0.52994758
v -0.78641462 -0.48900780 0.60751569
v 0.65429527 0.35638076 -0.17654900
v 0.63608742 0.38251191 -0.12051576
v 0.59617752 0.33289650 -0.16750427
v 0.66400194 0.33815670 -0.24357621
v 0.60478222 0.31415239 -0.23249601
v 0.71402597 0.37849528 -0.18348671
v 0.61337507 0.41099691 -0.07480079
v 0.78687358 0.38044453 -0.25679225
v 0.72512054 0.36053672 -0.25195277
v -0.23802769 1.19856989 -0.05666268
v -0.70410031 1.11461377 0.05735616
v -0.74272072 1.05111825 0.12133135
v -0.72589922 1.08474636 0.08892623
v -0.76085728 1.02853918 0.09029610
v -0.74349385 1.06295693 0.05792608
v -0.65678138 1.15557921 0.05928414
v -0.72256351 1.09471488 0.02591015
v -0.64800769 -0.02214228 0.11925065
v -0.65120071 -0.07476556 0.12754756
v -0.72393084 -0.12557089 0.19365439
v -0.68636966 -0.12515202 0.16606329
v -0.62586725 -0.36132124 0.27451748
v -0.58662903 -0.35782740 0.25235713
v -0.60245681 -0.38893333 0.31082037
v -0.57626069 -0.40706488 0.34970194
v -0.87796336 0.07149030 0.73238534
v -0.89886612 0.03360210 0.80920380
v -0.91606659 0.08205339 0.69891822
v -0.93398988 0.05403367 0.77888256
v -0.67741668 1.14005733 0.02649172
v -0.64782041 1.16070044 -0.00364076
v -0.69546908 1.12076628 -0.00604225
v -0.68025935 1.11904073 -0.07021037
v -0.70921165 1.09671736 -0.03757860
v -0.66645104 1.14311171 -0.03759900
v -0.62729436 1.17498636 0.03058809
v -0.35057598 1.24224317 0.07606733
v -0.31537169 1.24029267 0.04907529
v -0.29363108 1.24186313 0.08202197
v 0.10648602 1.18938076 0.51511878
v -0.00117447 1.15513086 0.83356202
v 0.50087166 -0.53970170 -0.41672772
v 0.47401646 -0.57715309 -0.40919828
v 0.52934146 -0.50383246 -0.41854978
v -0.83788669 0.61291856 0.02610284
v -0.83584726 0.64199412 0.07132176
v -0.83944106 0.65516746 0.00361623
v -0.83582151 0.69682825 -0.01805304
v -0.83800769 0.68405497 0.04748180
v -0.83259076 0.66944873 -0.06147581
v -0.82857805 0.67137712 0.11504057
v -0.66661865 -0.26380634 0.83120835
v -1.20483470 0.01629238 0.74972582
v -1.24486279 -0.01128311 0.71841717
v -1.25561285 -0.00392431 0.81135279
v -1.33353424 -0.06959605 0.75142801
v -1.29756808 -0.03194377 0.78030616
v -1.28149211 -0.04679874 0.68958068
v -1.21070158 0.01552609 0.84271395
v 0.05487228 0.96681082 0.02165368
v 0.06860647 0.96993649 0.05541557
v 0.05085377 0.08643527 0.45522535
v 0.06521649 0.08307645 0.42286521
v 0.08348150 0.12206084 0.41842806
v 0.12638134 0.14565538 0.35074830
v 0.11590932 0.15818703 0.37620848
v 0.09523704 0.11451476 0.38901430
v 0.11598935 0.16454042 0.40817708
v 0.15845400 0.17631029 0.31030124
v 0.14780188 0.19382967 0.33142751
v 0.14817813 0.20745666 0.35781154
v 0.13857120 0.75493920 -0.18658079
v 0.12229625 0.73484647 -0.24261002
v 0.18409505 0.75233495 -0.14932345
v -0.01378259 1.19376671 0.33962548
v 0.02123347 1.18675673 0.34824222
v -0.07382856 1.21345413 0.36839074
v -0.11217159 1.22267854 0.41158581
v -0.32461408 1.19266975 0.30374900
v 0.28551030 0.37910569 0.15289548
v 0.29602024 0.34235930 0.13444914
v 0.31216532 0.40552527 0.12516300
v 0.26761901 0.31647217 0.16772640
v 0.30261669 0.44687843 0.13898946
v 0.32630023 0.47287923 0.11554956
v 0.30902743 0.30768007 0.10986006
v 0.33925018 0.43026733 0.10130933
v -0.41977775 1.23530352 0.12901995
v -0.38548723 1.23997343 0.10287470
v -0.44121116 1.23338187 0.09321067
v -0.06492386 -0.48657164 -0.01656939
v -0.04233061 -0.50110149 -0.03568591
v -0.02997217 -0.49973693 -0.11316931
v -0.00492055 -0.51540387 -0.12821358
v -0.01097884 -0.49089298 -0.18678994
v 0.42471787 -0.31713977 0.30495834
v 0.39450002 -0.35469624 0.32188606
v 0.39179516 -0.42011085 0.31825846
v 0.17655256 -0.51156199 0.26739475
v 0.20443365 -0.48823437 0.29207030
v 0.15138373 -0.48762920 0.27707744
v 0.23074940 -0.51337004 0.28237259
v 0.25703552 -0.53811216 0.27199459
v -0.00545057 0.62507129 -0.38755208
v -0.04448501 0.61802179 -0.39625221
v -0.01820868 0.67164606 -0.36411774
v -0.09440241 0.65968907 -0.38806272
v -0.05498908 0.66440576 -0.37678266
v -0.06492745 0.70890319 -0.35692763
v -0.02994312 0.71566510 -0.34066242
v 0.01520959 0.68101680 -0.34957838
v 0.89906698 0.80790150 0.04126049
v 0.94359183 0.76118648 0.05340717
v 0.95391464 0.84337139 0.03210075
v 0.91186678 0.88518500 0.01121677
v 0.99609673 0.79552197 0.04345886
v 1.03743982 0.74375772 0.04548972
v 0.99337173 0.86300695 -0.01267305
v 1.03180254 0.81759644 -0.00134582
v 0.89033532 0.72808778 0.04727606
v 0.93481112 0.68084955 0.04426287
v -0.10771792 1.02548552 -0.20064117
v -0.14839381 0.07193990 -0.34804362
v -0.13916416 0.03597856 -0.32808024
v -0.18043953 0.01497778 -0.29346621
v -0.15563643 0.10508560 -0.36909014
v -0.23175615 0.02945505 -0.27596307
v 0.08666716 0.07011633 0.39923006
v 0.01800233 0.05231412 0.48469567
v 0.03603739 0.05142678 0.45074272
v 0.00911237 0.01946956 0.47128206
v 0.05952416 0.03955437 0.42608058
v 0.03498935 0.00758831 0.44703239
v 0.04242799 0.07893908 0.49759489
v 0.08038963 0.12052722 0.45709324
v 0.21669221 -0.26488319 0.39131182
v 0.24541289 -0.22722247 0.38598430
v 0.18718973 -0.30112752 0.38720155
v 0.06605347 1.09052026 0.20764266
v 0.04454461 1.11263502 0.21599193
v 0.06940015 1.11617219 0.25116614
v 0.09433017 1.09208906 0.24138793
v 0.08497851 1.06489563 0.19556390
v 0.03560335 1.16107559 0.30022430
v 0.06839248 1.14525259 0.29905871
v 0.04228800 1.13579023 0.25673741
v 0.10060588 1.12413013 0.29384047
v -0.64534700 0.13664185 0.12529805
v -0.93970883 -0.05801818 0.95294702
v -0.89308071 -0.04440354 0.90346885
v -0.96580589 -0.02276528 0.93315184
v -0.91676384 -0.09714973 0.96627724
v -0.99651062 0.00598879 0.90690440
v -1.04216862 -0.00789237 0.95788139
v -0.91909432 -0.00978667 0.88283294
v -1.01280177 -0.03730771 0.98478460
v -0.94954771 0.01903626 0.85698235
v -0.45507708 1.06488311 -0.28004414
v -0.41946396 1.02721012 -0.31159425
v -0.45902526 1.02953541 -0.30188698
v -0.44919932 1.09710789 -0.25476837
v 0.33606586 -0.41779408 -0.37531859
v 0.32920831 -0.28914517 -0.35777700
v 0.29428074 -0.33089629 -0.36780632
v -0.83218849 0.57065535 0.04924560
v -0.82910556 0.60002315 0.09525242
v -0.82108152 0.62978035 0.13976400
v -0.83490413 0.58549833 -0.02064614
v -0.83674622 0.62783682 -0.04173274
v -0.07081043 -0.06108871 -0.30679512
v -0.12924659 -0.00236678 -0.30957818
v -0.07860661 -0.01960573 -0.32214731
v -0.02850930 -0.03617956 -0.33043236
v -0.03736439 -0.49813017 0.09319712
v -0.02122934 -0.49533764 0.14110106
v -0.05208274 -0.49539879 0.03989483
v -0.59861159 -0.36632547 0.71269399
v -0.64180309 -0.37804946 0.73848808
v -0.62993789 -0.34008124 0.76978284
v -0.67440963 -0.35246000 0.79341054
v 0.61018223 -0.56724966 0.20590940
v 0.52439839 -0.61668158 0.22656897
v 0.57927430 -0.60479987 0.21322726
v -0.22417423 1.14657390 -0.15685166
v -0.25267029 1.16816151 -0.13311301
v -0.20214655 1.15103698 -0.13257505
v 0.67547816 -0.25157717 0.01297226
v 0.66540247 -0.27922735 0.06144039
v 0.69495678 -0.27394998 0.00333894
v 0.70003438 -0.25127944 -0.04688369
v 0.65316421 -0.22663572 0.02300515
v 0.64379489 -0.25529274 0.07169493
v 0.71817428 -0.27287695 -0.05655380
v 0.68378580 -0.35129967 0.08497117
v 0.69999683 -0.32151380 0.04071662
v 0.66757971 -0.33131567 0.09597553
v 0.68391836 -0.30088121 0.05140774
v 0.71203566 -0.29493803 -0.00671878
v -0.55097008 1.20648611 0.07246537
v -0.58209807 1.19404995 0.09791283
v -0.55871212 1.19981623 0.13108525
v -0.57342780 1.19859886 0.03775870
v -0.60544306 1.18635762 0.06458548
v -0.51846147 1.21607578 0.04714050
v -0.46307841 1.22885013 0.05769628
v 0.55267769 0.82917178 -0.28354979
v 0.49911889 0.81195486 -0.28383368
v 0.60815012 0.83108258 -0.35301900
v 0.51110709 0.81317925 -0.21347998
v 0.10127949 0.80036855 -0.14052127
v 0.11727499 0.77632582 -0.16294582
v 0.08683754 0.78783751 -0.18702690
v 0.10149895 0.75970292 -0.21395852
v 0.15350464 0.76654291 -0.12875426
v -0.21480520 0.94402707 -0.32187378
v -0.21154007 0.90443778 -0.33301443
v -0.16931352 0.86606157 -0.32733983
v -0.20799464 0.86453915 -0.34444755
v -0.17401963 0.90561986 -0.31551623
v -0.05694670 1.18340111 0.21256033
v -0.81697738 0.68460727 -0.12223227
v -0.80785817 0.72389758 -0.13688074
v -0.80418062 0.66145241 -0.16478787
v -0.79495245 0.70103908 -0.17774676
v -0.79525071 0.76154268 -0.14896445
v -0.67230529 0.90550554 0.45719320
v 0.64984292 -0.31019133 0.10658062
v 0.62988293 -0.34349111 0.14750014
v 0.66467309 -0.38334611 0.12530716
v 0.64766371 -0.36397591 0.13647720
v 0.60741490 -0.37792072 0.18419236
v 0.62913269 -0.28695121 0.11739735
v 0.60962421 -0.32090917 0.15882605
v 0.47345999 -0.51802480 -0.40877527
v 0.44366142 -0.55595183 -0.40090406
v 0.44785139 -0.49736127 -0.40091860
v 0.84907144 0.39542705 -0.33493453
v 0.90825117 0.41477123 -0.33181900
v -0.57145321 0.03095531 -0.02039862
v -0.59590149 0.04507330 0.01585594
v -0.54339778 0.01819135 -0.05428416
v -0.56291372 -0.00758652 -0.00250144
v -0.59126222 0.00383385 0.03213473
v -0.53253222 -0.01837158 -0.03477326
v -0.59193152 0.63054597 -0.38976085
v -0.59540915 0.58503771 -0.38353771
v -0.54344302 0.57995725 -0.40537918
v 1.21463788 0.59664524 -0.31968379
v 1.17167008 0.55768061 -0.33805561
v 1.18742287 0.63104939 -0.37851733
v 1.21614492 0.67108297 -0.35430431
v 1.15079367 0.68235266 -0.41991103
v 1.10617912 0.64770895 -0.44151217
v -0.27062005 1.10336423 -0.24420489
v -0.26824471 1.08080435 -0.26802927
v -0.26427713 1.05269825 -0.29055202
v -0.22965261 1.05356479 -0.27644449
v 0.33368087 0.51557511 -0.50482559
v 0.40791628 0.54800963 -0.52490407
v -0.17465083 1.20285666 0.02865335
v -0.12747753 1.17980504 0.03067060
v -0.19483571 1.20277596 -0.00034374
v -0.10195243 1.15514946 0.00454863
v -0.08431312 1.15402007 0.03374328
v -0.10876569 1.17910969 0.06029731
v 0.10080101 1.03700900 0.18236071
v 0.11641235 1.06479764 0.22988480
v 0.13597801 1.03372157 0.21631166
v 0.15376297 0.99969566 0.20198467
v -0.03147617 -0.10132322 0.47043145
v -0.07418761 -0.18397367 0.45484322
v -0.05294542 -0.14193714 0.46500558
v -0.08313578 -0.12289602 0.48242503
v -0.06145390 -0.08329493 0.48861867
v -0.00948209 -0.06242071 0.46941924
v 0.10504996 0.70760310 -0.29385585
v -0.25876191 -0.30235419 -0.05460334
v -0.22111352 -0.31377196 -0.07599422
v -0.25265360 -0.34283641 -0.02315159
v -0.17986071 -0.39851430 -0.02893083
v -0.21093103 -0.38716319 -0.00652491
v -0.18371448 -0.36540160 -0.06734033
v -0.21682173 -0.35351244 -0.04409294
v -0.68749088 0.88806844 -0.25400227
v -0.71237504 0.89416015 -0.22336920
v -0.69509369 0.85305750 -0.26153702
v -0.68236464 0.64297652 -0.33222777
v -0.68919033 0.59950268 -0.32407463
v -0.69394583 0.55570114 -0.31331909
v -0.73345810 0.56735533 -0.27575231
v -0.64489228 0.59114909 -0.35703033
v -1.03207254 0.02721228 0.87738240
v 0.37382057 -0.09837779 0.26829800
v 0.40290090 -0.12056425 0.25310031
v 0.38106328 -0.15654677 0.28985238
v 0.34630954 -0.07911927 0.28453082
v 0.35168672 -0.13396609 0.30473071
v 0.31801549 -0.06271620 0.30066496
v -0.50678790 1.14661789 0.32044584
v -0.51453388 1.16310191 0.28704724
v -0.50141901 1.12806797 0.35298654
v -0.78031296 0.90936756 0.18673560
v -0.79182935 0.92330539 0.12075884
v -0.80241442 0.89483917 0.08664984
v -0.79485530 0.93561864 0.05783846
v -0.77149987 0.99024403 0.12230410
v -0.78490394 0.96381330 0.08998959
v -0.77750576 0.95010459 0.15436780
v -0.76236606 0.93579638 0.22132258
v -0.76017058 0.97533107 0.18754883
v 0.37435210 -0.09563014 -0.23975877
v 0.33175835 -0.11743280 -0.27085429
v 0.34921366 -0.07308269 -0.23316829
v 0.40253845 -0.11753920 -0.24791794
v 0.36500499 -0.14104342 -0.27732837
v 0.36788285 -0.03504653 -0.19030462
v -0.11982305 -0.44518337 -0.02797325
v -0.07562838 -0.48120311 0.05747094
v -0.08764672 -0.47313032 0.00331470
v -0.09634157 -0.45720896 -0.05035615
v 0.74558306 -0.33760020 -0.03147852
v 0.75142568 -0.31625989 -0.08077006
v -0.11439183 0.16615592 -0.41078091
v -0.16379377 0.16893479 -0.40889549
v -0.11578040 0.20226349 -0.42516536
v -0.06519082 0.16181619 -0.40603721
v -0.11127225 0.13091931 -0.39353377
v -0.16080543 0.13697195 -0.38952720
v -0.21440916 0.17635661 -0.39540988
v -0.16490591 0.20421013 -0.42520791
v -0.21681082 0.21042888 -0.41089928
v 0.26339754 0.38777828 0.92099977
v -0.03736621 0.00417463 -0.34393752
v 0.01428789 -0.01191743 -0.34386629
v 0.81731606 0.82083154 -0.44962698
v 0.73184389 0.84225357 -0.40491754
v 0.71408641 0.87442756 -0.33550036
v 0.86132598 0.76537657 -0.49097508
v 0.91463745 0.79158175 -0.47219366
v -0.08996773 1.17815125 0.09027684
v -0.06697664 1.15243232 0.06279102
v -0.28445703 1.16190553 0.84944773
v -0.23321038 1.12641811 0.91920424
v -0.17394556 1.06781423 0.98726410
v -0.08412622 1.12091064 0.91956645
v -0.65746206 1.00612628 0.37512720
v -0.65363556 0.98285854 0.41123593
v -0.62181199 1.03158557 0.39186239
v -0.68899137 0.97997069 0.35188276
v -0.68458277 0.95254183 0.38764179
v -0.65954232 1.03090858 0.33810082
v -0.62384772 1.05294061 0.35610741
v -0.61900854 1.01217222 0.42752737
v -0.58249819 1.05800879 0.39737213
v -0.61532599 0.99639904 0.46353984
v -0.58028400 1.04111457 0.43232763
v -0.64936250 0.96272707 0.44774222
v 0.32580635 0.05423704 0.19523895
v 0.31930229 0.09343618 0.16015734
v 0.34270063 0.07466166 0.13821656
v 0.35319132 0.09024921 0.07602920
v 0.30411801 0.02892764 0.24618967
v -0.15993953 1.22545981 0.45570588
v -0.18909013 1.21863854 0.42323828
v -0.76578724 0.58233154 -0.23562406
v -0.76896608 0.53961635 -0.22126548
v -0.79166657 0.60011244 -0.19350474
v -0.79417533 0.51479864 -0.16042449
v -0.81280416 0.53592986 -0.11427221
v -0.79432738 0.55775219 -0.17772241
v -0.81041658 0.62049091 -0.14957361
v -0.81364769 0.57848591 -0.13281567
v -0.82763284 0.60207617 -0.08740622
v -0.89389193 -0.09548488 0.29946849
v -0.84246737 -0.08692408 0.27263796
v -0.94803452 -0.10428908 0.33016247
v 0.28881863 0.45666251 0.29959095
v 0.28751162 0.50448239 0.23971240
v 0.25370091 0.36579153 0.33631617
v 0.22864774 0.33701301 0.30678487
v 0.31604072 0.50108963 0.32903141
v 0.30546024 0.54971349 0.25847846
v 0.28575870 0.54492557 0.19275934
v 0.29326108 0.58971924 0.20337476
v 0.28054827 0.50123799 0.18458012
v 0.35104749 0.67341506 -0.44793653
v 0.36974481 0.61550438 -0.49412495
v 0.23775116 0.53991175 -0.46888107
v 0.17952439 0.55108440 -0.44410110
v 0.34310067 0.71844780 -0.38886571
v 0.41285011 0.69261885 -0.46595836
v 0.71644044 -0.34182981 0.02913626
v 0.73438436 -0.36373088 0.01545597
v 0.34532765 -0.73312449 -0.25413072
v 0.40112495 -0.55897141 0.27324325
v 0.43644050 -0.52893221 0.28106967
v 0.41171828 -0.50539613 0.29320827
v 0.37632540 -0.53522265 0.28487366
v 0.34144372 -0.56275380 0.27053374
v -0.23985159 -0.06285338 0.65706778
v -0.30407351 -0.05553396 0.70428002
v -0.23848575 -0.07187596 0.69176537
v -0.34164372 -0.07218790 0.73121190
v -0.35191530 -0.02883117 0.71159399
v -0.19485930 -0.06447987 0.62389237
v -0.18044662 -0.06133513 0.64906913
v -0.20675102 -0.08419293 0.60033828
v 0.36616990 -0.58609140 0.25777709
v 0.98657680 0.71095085 0.05086172
v 1.07544875 0.69252694 0.03318224
v 1.07000029 0.76886261 0.00197923
v 1.10734534 0.72021031 -0.00302509
v 0.97650552 0.63396209 0.02862076
v 1.02589691 0.66192222 0.03403656
v 0.15470389 0.91071713 0.12899804
v 0.16863874 0.87780917 0.11899867
v -0.02600720 1.09483492 0.01756794
v -0.01028874 1.06235409 -0.00013464
v -0.04175708 1.09699929 -0.01231223
v -0.06142221 1.12714946 0.00931561
v -0.02517722 1.06441331 -0.03105284
v -0.01032649 1.03093946 -0.04794969
v 0.00461482 1.06049705 0.03069367
v -0.44795007 1.13932860 0.69084978
v -0.42469940 1.14197063 0.75346071
v -0.51969123 1.08036602 0.62874860
v -0.46683979 1.12524199 0.62487829
v -0.67292470 0.29421824 0.91385216
v -0.74160063 0.31578696 0.68232107
v -0.72922820 0.53240728 0.30920625
v -0.09788590 1.06371236 -0.15290846
v -0.12062172 1.06135857 -0.18113513
v -0.13610084 1.09577417 -0.15887152
v -0.14459454 1.05913508 -0.20820920
v -1.22635591 -0.02790165 0.63337404
v -1.19036043 0.00732890 0.66215622
v -1.17009842 -0.01149364 0.58173382
v -1.20125377 -0.05468036 0.55744398
v -0.64079958 0.02804136 0.10862796
v -0.61820734 -0.03142831 0.08320269
v -0.58786857 -0.04123889 0.04816955
v -0.61805433 -0.08109620 0.09520693
v -0.63506794 0.07483673 0.09535327
v -0.61663264 0.01596785 0.06936361
v -0.64995539 0.08973952 0.13831063
v -0.29621357 1.15019667 -0.18089689
v -0.42894039 1.15002918 -0.19528933
v -0.82275456 0.74234045 0.13165458
v -0.82187796 0.78357446 0.10505152
v 0.19934720 -0.61520433 0.17429149
v 0.17636466 -0.59164560 0.18632352
v 0.27722806 -0.75070751 0.01918472
v 0.26441693 -0.74709129 -0.02479047
v 0.30190369 -0.77406394 0.00253544
v 0.28847978 -0.77027881 -0.04104055
v 0.32644272 -0.79760945 -0.01394191
v 0.34328797 -0.79688251 0.02710196
v 0.36383960 -0.79041898 0.06575966
v 0.31897637 -0.77229381 0.04407332
v 0.29500046 -0.74751437 0.06055918
v 0.01634673 0.76112497 1.12145400
v -0.10505801 0.65709436 1.17739773
v -0.78237307 0.97415042 0.02802216
v -0.78843725 0.94465256 -0.00210341
v -0.77540755 0.95145643 -0.05894910
v -0.77203667 0.98111784 -0.03113772
v -0.95368356 0.05592939 0.47774237
v -0.89169812 0.06689008 0.43796241
v -0.17498396 0.61114299 -0.42051721
v -0.13636339 0.65713727 -0.39845151
v -0.17010020 0.56446278 -0.43071562
v -0.22765931 0.65680522 -0.41862202
v -0.18070261 0.65638077 -0.40889472
v -0.22314513 0.61203694 -0.42848521
v -0.14367668 0.70135128 -0.38389903
v 0.17774689 0.24803305 0.30864498
v 0.17895684 0.22779615 0.28728819
v 0.20559707 0.28546211 0.26291668
v 0.18747550 0.26635009 0.33463454
v 0.20774370 0.28471160 0.36723369
v 0.15915695 0.21755162 0.39102101
v -0.44702286 1.12730157 0.40833807
v -0.48680490 1.09721887 0.50927585
v -0.49122134 1.09319258 0.46291411
v -0.49393347 1.09851336 0.42260551
v -0.49632049 1.16225874 -0.16467427
v -0.46251059 1.15686023 -0.18135343
v -0.51001692 1.13694322 -0.19706233
v -0.47557813 1.13197172 -0.21332453
v -0.52044708 1.10661495 -0.22604971
v 0.05887359 0.01360916 -0.34794474
v 0.11371284 -0.00114401 -0.33238107
v 0.80449516 0.94649756 -0.24274440
v 0.75881892 0.92085373 -0.25330776
v -0.34889758 -0.33619753 0.47619671
v -0.38261950 -0.33982959 0.50384259
v -0.36713722 -0.36175963 0.43962401
v -0.29975751 -0.30253026 0.48219109
v -0.33172986 -0.30310223 0.51081890
v -0.31665668 -0.33502153 0.44979846
v -0.33443218 -0.36015525 0.41524416
v -0.26904407 -0.30452657 0.45569235
v -0.28555483 -0.33590898 0.42521137
v -0.35478184 -0.37918946 0.37930691
v -0.38786867 -0.38110480 0.40182471
v 0.29025146 0.53455800 0.15308250
v 0.28598133 0.57898337 0.15648624
v 0.28269961 0.62240934 0.16110912
v -0.71529603 0.35467708 0.77751070
v -0.70112669 0.46035421 0.73533016
v 0.42637953 0.00329171 0.06859776
v 0.44900939 -0.01669672 0.05439710
v 0.47443756 -0.03854297 0.04098012
v -0.14212050 1.21994197 0.38553673
v -0.64511877 0.17081545 -0.10213467
v -0.66222173 0.20153794 -0.12028384
v -0.62069678 0.15035063 -0.14606147
v -0.67867190 0.23539667 -0.13907589
v -1.14280581 -0.04073425 0.51048118
v -1.11229682 0.00238267 0.53407335
v -1.22532344 -0.10738742 0.54032964
v -1.16693997 -0.09182438 0.49310839
v 0.55147660 0.73195803 -0.04906659
v 0.59254104 0.69677508 -0.01954415
v 0.60105753 0.75409853 -0.04975221
v 0.50474119 0.71155763 -0.04386473
v 0.65271759 0.77957094 -0.04536869
v 0.64255768 0.72075236 -0.01765925
v 0.68682182 0.68444192 0.00328182
v -0.59335220 -0.41356388 0.60431796
v 0.32313183 0.27520528 0.07883196
v -0.77423453 0.79311073 0.28071427
v -0.79180700 0.76165521 0.24081871
v -0.76427096 0.75592768 0.30791834
v 0.62176311 0.80223513 -0.42393291
v 0.67729712 0.82125878 -0.41620052
v 0.60660666 0.84823787 -0.27922696
v 0.66179824 0.85154319 -0.34561533
v 0.64774853 0.76070952 -0.48542887
v 0.70573360 0.77831423 -0.47686189
v -0.41403824 -0.12345600 0.73625714
v -0.46138486 -0.13696989 0.76148486
v -0.36970693 -0.11531708 0.70912635
v 0.35059804 0.49746329 0.09473054
v 0.36697942 0.45404696 0.08073786
v 0.41459367 0.43725768 0.04265649
v 0.39605582 0.47676319 0.06323832
v 0.64062160 -0.47141233 0.17989728
v 0.61632609 -0.50773132 0.20447513
v 0.15292770 -0.20687020 -0.34188771
v 0.32797581 0.40205216 0.74602807
v 0.25840476 0.30201006 0.85289133
v 0.30481350 0.33571428 0.67771673
v 0.13932720 0.10050453 0.77861565
v 0.12355884 0.08743015 0.70016962
v 0.24172699 0.23798376 0.77765781
v -0.37821841 -0.39250705 0.34217185
v -0.41168794 -0.39459017 0.36331668
v -0.40400350 -0.39798132 0.30384707
v -0.47332901 -0.40281859 0.34525457
v -0.43802747 -0.39945570 0.32413423
v -0.34582162 -0.39254281 0.32226217
v -0.46485162 -0.39527157 0.28481847
v -0.43029848 -0.39488652 0.26482195
v 0.15249655 -0.43944213 0.31218928
v 0.12733561 -0.41666433 0.32252818
v 0.12658301 -0.46423087 0.28682679
v 0.10234950 -0.39597109 0.33386338
v 0.10180426 -0.44213006 0.29728925
v 0.15471035 -0.38841417 0.34552905
v 0.07837006 -0.46436164 0.27024388
v 0.10291397 -0.48562804 0.25942084
v 0.22198224 0.74654996 -0.03065315
v 0.18626806 0.76875401 -0.02149166
v 0.16893065 0.76993597 -0.07263856
v -0.20088288 1.12066555 -0.18418564
v -0.18250366 1.09049582 -0.21031658
v -0.22368404 1.11558318 -0.20691599
v -0.24585131 1.14044523 -0.17947723
v -0.26747537 1.13294327 -0.20056178
v -0.20702639 1.08676016 -0.23396797
v -0.23506427 1.08331406 -0.25295711
v -0.24745625 1.11056352 -0.22646244
v -0.15905549 1.09307015 -0.18511640
v -0.17013448 1.05688977 -0.23386665
v 0.42811057 0.62131685 0.01873557
v 0.46377817 0.57890189 0.02559157
v 0.46256849 0.63748002 0.00284988
v 0.43103054 0.56062299 0.04092970
v 0.46006361 0.51914608 0.03290159
v 0.49716935 0.53949398 0.02134041
v 0.50103092 0.59747982 0.01333332
v 0.53823096 0.55984616 0.01284099
v 0.35048944 0.49375248 0.45979416
v 0.34278125 0.55262423 0.36241814
v 0.32375810 0.59954965 0.28050941
v 0.04401595 0.99694371 0.03475702
v -0.54411292 0.53406453 -0.39705247
v -0.09418251 1.09890759 -0.10215794
v -0.13490835 1.12833226 -0.10649453
v 0.10822953 0.09010869 0.62650961
v -0.16347995 -0.43705532 0.17148364
v 0.66359049 0.33323506 -0.31913465
v 0.58851910 0.32093310 -0.38373715
v 0.15177086 0.19323093 -0.40180582
v 0.20719364 0.17247434 -0.37530482
v 0.14754769 0.14983329 -0.37964994
v 0.20069769 0.13113071 -0.35021228
v 0.24955192 0.11506887 -0.30962986
v 0.25755140 0.15131921 -0.33508778
v -0.59794366 1.07731676 -0.21085741
v -0.63226569 1.07659066 -0.18657793
v -0.58991754 1.11175919 -0.18438481
v -0.55544043 1.11009562 -0.20691504
v -0.56334811 1.07547200 -0.23251320
v -0.62472707 1.11066878 -0.15958612
v 0.17049447 0.96350384 0.18795404
v 0.18677005 0.92575300 0.17496410
v -0.24235222 1.20275664 0.34962040
v -0.26510966 1.19895411 0.31186950
v -0.59295636 0.96706700 0.64873439
v -0.59947765 0.97314870 0.59186667
v -0.60526389 0.97786355 0.54336411
v 0.83771396 0.69794321 0.03498577
v 0.78484899 0.67098665 0.02257941
v 0.03849157 0.06239927 0.55035889
v 0.03759486 0.04176755 0.61024296
v -0.01040038 0.02075541 0.58136928
v 0.08503655 0.11267129 0.50362301
v -0.08585031 -0.03915183 0.65606874
v -0.05755546 -0.01075402 0.59896344
v -0.02487314 -0.00652495 0.64219046
v 0.00329276 0.04170455 0.52805996
v -0.04507575 1.12491632 0.03845662
v -0.16380894 0.46849278 -0.44675708
v 0.05039994 0.05490631 -0.36211890
v -0.00299156 0.06986878 -0.37161428
v 0.04303665 0.09673939 -0.37778908
v 0.00543565 0.02870524 -0.35698080
v -1.06851494 -0.61327755 0.82442200
v -1.03136742 -0.60736203 0.86783361
v -1.03893530 -0.60207486 0.95186961
v -1.07540596 -0.62054038 0.91086167
v -0.99539083 -0.58788538 0.90868556
v -0.98676324 -0.58878350 0.82756811
v -1.02378690 -0.59572697 0.78441662
v -0.15630218 1.12652683 -0.13346444
v -0.11421649 1.09792233 -0.13124670
v -0.17837158 1.12396538 -0.15935536
v -0.39787787 -0.01052335 -0.15865682
v -0.43957299 -0.00628009 -0.13775013
v -0.41247973 0.01930246 -0.18415718
v -0.46842161 0.04379486 -0.18861152
v -0.42506081 0.04429117 -0.21078564
v -0.45458838 0.02154547 -0.16257130
v -0.49307141 0.02649136 -0.13660489
v -0.47777647 -0.00045149 -0.11335434
v -0.50858301 0.04819752 -0.16082306
v -0.26945788 -0.41807523 0.17478791
v -0.30067301 -0.41179052 0.19134574
v -0.27813178 -0.41128621 0.23200959
v -0.31432775 0.18750529 -0.36309355
v -0.01099526 -0.45957562 -0.23884721
v 0.01828361 -0.47595164 -0.25132662
v 0.02669501 -0.43807653 -0.29422486
v 0.48985299 -0.07226062 -0.13774280
v 0.51900387 -0.09575889 -0.14904501
v 0.46456400 -0.08248338 -0.17928918
v 0.49282435 -0.10507599 -0.19043113
v 0.54978567 -0.12153715 -0.16003095
v 0.52305990 -0.12988046 -0.20150255
v -0.42083302 -0.38440493 0.20606576
v -0.40749091 -0.36685696 0.14712949
v 0.76318949 0.79782283 -0.46478885
v 0.80540729 0.74201393 -0.50788933
v 0.42355993 0.67760658 -0.01991519
v 0.46204147 0.69300103 -0.03476290
v 0.35545528 0.10118353 0.00962451
v 0.37106237 0.06949479 0.05662811
v -0.69566947 0.51188016 -0.29963267
v -0.73597819 0.52428329 -0.26219946
v -0.73574024 0.48077512 -0.24689119
v -0.69447654 0.46821445 -0.28533345
v -0.64651227 0.45831579 -0.31870139
v -0.73363507 0.37901878 0.56723082
v -0.72407520 0.41134244 0.64651877
v -0.71633649 0.45790586 0.53534383
v -0.70617628 0.49909511 0.60746729
v -0.73230493 0.36195251 0.49738330
v -0.71810287 0.43067163 0.47139549
v -0.68618655 0.55484414 0.68810302
v -0.69210929 0.57476807 0.56833941
v -0.70276600 0.52843654 0.50297034
v 0.09510922 0.10099339 0.56047130
v -0.63965827 0.63608134 -0.36416322
v -0.13936773 -0.05586241 0.65611315
v -0.09960640 -0.03265940 0.60427123
v 0.24778005 -0.62577999 0.19470987
v 0.20069245 -0.64910460 0.12417664
v 0.27641824 -0.60829878 0.22450131
v 0.30031812 -0.63268709 0.21168961
v 0.22228011 -0.63953435 0.16133794
v 0.27122912 -0.65053141 0.18133575
v 0.22380692 -0.67331815 0.10918166
v -0.53394461 1.06176460 0.51528668
v -0.53700525 1.06165385 0.46959037
v -0.63194698 0.32936224 -0.27427822
v -0.62507313 0.28762430 -0.25905734
v -0.67955768 0.33881947 -0.23811506
v -0.67137724 0.29692852 -0.22165968
v -0.71865916 0.35198754 -0.19509725
v -0.70710564 0.31133431 -0.17643400
v -0.69140625 0.42464530 -0.27014959
v -0.68670571 0.38134223 -0.25451398
v -0.72711343 0.39416394 -0.21323906
v -0.61761159 -0.43360910 0.55989450
v -0.64562833 -0.44377747 0.51439816
v -0.60197902 -0.43268797 0.48598242
v -0.16265821 0.42020309 -0.45174849
v -0.33801755 0.98468947 -0.33454943
v -0.02228843 -0.35226980 0.35367340
v 0.00334112 -0.36765060 0.34299996
v 0.05244831 -0.31157956 0.38912863
v 0.02735817 -0.34107134 0.36755872
v 0.07878388 -0.32917723 0.37859434
v 0.05287042 -0.35804138 0.35640889
v 0.02825225 -0.38412550 0.33158877
v 0.00547828 -0.40691361 0.30449477
v -0.10539454 0.09551565 -0.37477297
v -0.00974241 0.11113753 -0.38675314
v -0.06122166 0.12309670 -0.39145601
v -0.01412168 0.15219860 -0.40106070
v -0.05470703 0.08383143 -0.37533706
v -1.34419882 -0.50343084 0.74932617
v -1.37603307 -0.45565221 0.73176205
v -0.71627074 0.14274392 0.41216999
v -0.79540116 0.10993376 0.42461890
v -0.74365640 0.12327686 0.38330430
v -0.54933637 1.13911533 0.29992908
v -0.58816272 1.11627519 0.30143049
v -0.54667389 1.12140572 0.33037072
v -0.62464553 1.09979665 0.28718799
v -0.62577957 1.07509470 0.32138067
v -0.58482075 1.07736409 0.36358142
v -0.54365194 1.10207844 0.36220664
v -0.58690530 1.09738040 0.33090240
v 0.62639952 -0.19978845 0.03336313
v 0.65443140 -0.20324659 -0.02829014
v 0.67464387 -0.21094066 -0.08934669
v 0.67915183 -0.22818309 -0.03765345
v 0.61864877 -0.22870818 0.08273560
v 0.59594470 -0.17149064 0.04399353
v 0.58931488 -0.20029163 0.09416871
v 0.43845007 0.63766003 -0.51250380
v -0.56357062 1.02729511 0.61406350
v -0.57012081 1.02357268 0.55872691
v -0.96129167 -0.21823695 0.33380058
v -1.01619148 -0.22934499 0.36920160
v -1.07337677 -0.24241441 0.40666640
v -0.95839143 -0.16058728 0.32830048
v -1.01461041 -0.17031723 0.36223143
v -0.70812511 0.09102152 0.54209375
v -0.68079370 0.03042610 0.60645461
v -0.64032978 0.03576753 0.60769767
v -0.29490545 0.94450569 -0.34535348
v -0.25348252 0.94395888 -0.33602279
v -0.29402605 0.90427184 -0.35657388
v -0.29611495 0.98283136 -0.33150208
v -0.25562721 0.98233998 -0.32294154
v -0.25938979 1.01907134 -0.30837125
v -0.85407352 -0.40718445 0.40361989
v -0.82450777 -0.35404703 0.33921176
v -0.80419636 -0.39461002 0.37336487
v -0.73709440 0.89645696 -0.18799351
v -0.57785857 1.02907777 0.46969104
v -0.57458884 1.02352536 0.51136100
v -0.47920936 1.10946679 0.56459677
v -0.53879815 1.06979275 0.43042624
v 0.06795076 -0.54518127 0.14687146
v 0.04431646 -0.52528846 0.15846016
v 0.07465682 -0.56865752 0.09033060
v 0.08594977 -0.53691733 0.18533747
v 0.83040249 0.62971115 0.02084242
v 0.87435299 0.58846605 0.00682402
v 0.88301057 0.65361524 0.03335791
v 0.73223889 0.64631617 0.01310832
v 0.77762175 0.60752320 0.01126573
v -0.12813194 -0.41840026 0.24905339
v -0.15372294 -0.40929696 0.26237056
v -0.14625219 -0.42981800 0.21221775
v -0.10936959 -0.40353850 0.28202707
v -0.13477513 -0.39388576 0.29477876
v -0.17987688 -0.40148953 0.27576712
v -0.16074669 -0.38520637 0.30774570
v -0.11576898 -0.37473324 0.32403478
v -0.14217721 -0.36559227 0.33685157
v -0.87756348 -0.18328619 0.97543150
v -0.89649379 -0.13924769 0.97337472
v -0.92368144 -0.20120150 1.02439642
v -0.83252174 -0.16820502 0.93130726
v -0.86196512 -0.22936550 0.97270483
v -0.90624470 -0.24829790 1.01996493
v 0.20213404 0.75332761 -0.08784172
v 0.06448989 1.20569003 0.60572839
v -0.88015097 -0.45534566 0.47617269
v -0.98356599 -0.49303892 0.54684740
v -0.93195915 -0.47375610 0.51073021
v -0.90132201 -0.49650797 0.55305403
v -0.95185983 -0.51699078 0.58842337
v -0.82886267 -0.43848565 0.44361967
v -0.50290823 0.16447042 -0.26902699
v 0.34884882 0.71432221 0.33019537
v 0.30750385 0.68630922 0.23074490
v -0.85323161 0.09738574 0.46558243
v -0.91447258 0.08395150 0.50743788
v -0.93609500 0.08964170 0.58372295
v -0.97682768 0.07167624 0.55055219
v 0.90095061 0.97762227 -0.27695584
v 1.01149988 0.94845402 -0.28393030
v 0.99055660 0.95553625 -0.22680892
v 0.95041227 0.98700869 -0.25226939
v 0.88793957 0.98665810 -0.21183373
v 0.84682614 0.96993375 -0.22954552
v 0.42576525 0.01214416 0.01129048
v 0.40530840 0.02167268 0.08365741
v 0.44655022 -0.00709572 -0.00165076
v -0.49559596 0.13106358 -0.25117952
v -0.27074143 0.42374414 -0.45854759
v -0.32789278 0.42570853 -0.46055043
v -0.26975530 0.47248206 -0.45403683
v -0.27002662 0.52044928 -0.44792134
v -0.21698633 0.51845771 -0.44402874
v -0.21565390 0.47036749 -0.45051181
v -0.32586858 0.47450641 -0.45410341
v -0.32493970 0.52244496 -0.44925106
v -0.38515162 0.42813271 -0.44974649
v 0.32607332 0.04249395 -0.18186755
v 0.36572471 0.02139756 -0.13608615
v 0.33730629 0.01399529 -0.18100090
v 0.35268372 0.04728362 -0.13239849
v 0.34386384 0.07629975 -0.13235554
v 0.37200055 0.05197208 -0.07871203
v 0.35907957 0.07882154 -0.07085025
v 0.12945092 -0.36691865 0.35616660
v 0.15786651 -0.33515599 0.37443048
v 0.18386531 -0.35637137 0.36309874
v 0.18060333 -0.41144755 0.33490390
v -0.75091034 1.01361132 -0.06196150
v -0.74521881 1.04267561 -0.03438219
v -0.73549038 1.06951320 -0.00487174
v -0.75725949 1.03790891 0.02722742
v -0.76662546 1.01047707 -0.00259316
v -0.71944940 1.06966233 -0.06749360
v 0.38822296 -0.77784860 0.10153695
v 0.33991805 -0.76480818 0.08312978
v 0.31620330 -0.73947394 0.09973443
v 0.36466935 -0.75153315 0.11910548
v -0.65443057 1.08557355 0.26527512
v -0.65874225 1.05794919 0.30132097
v -0.68288231 1.07096958 0.24062312
v 0.20201811 0.88703859 0.16336215
v 0.55815381 -0.17008993 0.10654341
v 0.51381063 -0.17142326 0.16707474
v 0.48176399 -0.14099175 0.18114471
v 0.46468261 -0.17522663 0.22407764
v 0.52561671 -0.13980991 0.11947642
v 0.53237295 -0.11201358 0.06855822
v 0.56406808 -0.14188921 0.05571379
v -0.45190123 -0.07758743 -0.06824744
v -0.41319337 -0.08544293 -0.09048650
v -0.44167611 -0.12348375 -0.04685216
v -0.47921494 -0.11466029 -0.02257527
v -0.35326123 -0.18982038 -0.06670681
v -0.39354396 -0.18007210 -0.04629494
v -0.36214641 -0.14159662 -0.08872278
v -0.40257159 -0.13250500 -0.06838290
v -0.37265235 -0.09378755 -0.11068693
v -0.43240991 -0.17066273 -0.02487819
v -0.42577720 -0.04223152 -0.11329852
v -0.38506228 -0.04896116 -0.13374428
v -0.66868907 -0.30970392 0.81530815
v -0.62269717 -0.29672462 0.79389352
v 0.72990078 -0.29169843 -0.22783636
v 0.71010798 -0.26995304 -0.21608843
v 0.74487191 -0.29104879 -0.18044125
v 0.72653395 -0.26928857 -0.16853757
v 0.22689795 -0.70227289 -0.10192530
v 0.20087296 -0.68208814 -0.08740917
v 0.22687048 -0.68361855 -0.14995100
v 0.25343466 -0.70238400 -0.16415934
v 0.25939256 -0.67723858 -0.20993982
v 0.28029928 -0.72087920 -0.17906590
v 0.19999799 -0.66463518 -0.13701494
v 0.26965016 -0.64832067 -0.25424564
v 0.28662470 -0.69505274 -0.22394358
v -0.06138996 -0.48290607 0.10867621
v -0.08568911 -0.46875736 0.12448193
v -0.04553629 -0.47900352 0.15508461
v -0.07008092 -0.46411815 0.16937715
v -0.70715237 0.21688150 0.41409171
v -0.73091191 0.19359970 0.47416097
v -0.71357518 0.25736633 0.40578461
v -0.69225389 0.26615626 0.35176796
v -0.69627845 0.30449462 0.34193602
v -0.75361979 0.22418250 0.53612965
v -0.73576248 0.24131769 0.46650261
v -0.75134242 0.16550002 0.54468048
v -0.73231578 0.29588866 0.45401305
v -0.71402311 0.30238539 0.39506114
v -0.74618155 0.29113942 0.52057064
v 0.62596565 -0.39779094 0.17296147
v 0.64367652 -0.41688755 0.16135485
v -0.38418773 1.17665839 0.66928244
v -0.35819018 1.18146968 0.72428912
v -0.32546011 1.17843509 0.78395444
v 0.54659420 -0.64164591 0.21163499
v 0.42402878 -0.70897651 0.17873961
v -0.71852648 0.98569632 0.28684682
v -0.71676379 0.95275414 0.32302123
v -0.69078577 1.00916171 0.31422734
v -0.68908381 1.04012799 0.27723190
v -0.71169978 0.92168808 0.35755932
v -1.29769719 -0.49682298 0.69259161
v -1.32642543 -0.44662604 0.67186528
v 0.40187034 0.54148567 0.05776497
v 0.42669132 0.49843583 0.04729827
v 0.52881402 0.50393385 0.00873019
v 0.48723856 0.48207086 0.01750653
v -0.33713666 0.82483995 -0.38708866
v -0.29293120 0.86386597 -0.36797613
v -0.38357565 0.82648361 -0.38853908
v -0.52607310 -0.38168612 0.26723939
v -0.56352597 -0.38461390 0.28858915
v -0.54889506 -0.35609534 0.23063715
v -0.50051993 -0.39754537 0.30560207
v -0.53761655 -0.40166059 0.32709366
v -0.60608226 -0.32150534 0.21995747
v -0.56815004 -0.32090631 0.19739410
v -0.73592979 0.12005464 0.54559809
v -0.74811018 0.08295470 0.62709290
v -0.76144755 0.21381770 0.61679906
v -0.76182216 0.14063106 0.62742531
v -0.12654832 0.82901359 -0.32201505
v 0.60459244 -0.26114890 0.12866473
v 0.56385106 -0.33107731 0.20822811
v 0.29304999 0.63418728 0.09793647
v 0.28869113 0.60804051 0.12673190
v 0.31400415 0.59005737 0.10165371
v 0.29987365 0.65808415 0.06664068
v 0.32748368 0.61459482 0.07620008
v 0.30135283 0.56330109 0.12649609
v 0.33332419 0.54369920 0.10109466
v 0.31398979 0.51777625 0.12317609
v 0.29553643 0.49022239 0.14771393
v -0.11139188 0.74705851 -0.35378587
v -0.11917829 0.78866982 -0.33748215
v -0.38080561 0.52435327 -0.44515705
v 0.50182593 -0.06348205 0.02785417
v 0.46997085 -0.02766854 -0.01412033
v 0.20356482 0.98732185 0.24809603
v 0.18130192 1.02838767 0.26185611
v 0.23515189 1.01217592 0.32560021
v 0.22404715 0.94321823 0.23443578
v 0.26192445 0.96090305 0.31245247
v -0.11263628 -0.10690814 0.50508457
v -0.09047428 -0.07089618 0.51449734
v -0.14234930 -0.09606615 0.53347170
v -0.10447001 -0.16516408 0.47109473
v -0.13403043 -0.14883795 0.49206424
v -0.16313164 -0.13613763 0.51795757
v 0.41836330 0.01349445 -0.04444127
v 0.40325633 0.00791727 -0.09592433
v 0.40089336 0.03282811 -0.03284101
v 0.40687683 0.03094703 0.02487594
v 0.38416991 0.05326743 -0.02086259
v 0.38662013 0.02838816 -0.08672479
v -0.64289796 0.94593620 0.48353869
v -0.61053532 0.98524845 0.50132018
v -0.63643211 0.93189716 0.52122670
v 1.18502629 0.71885312 -0.38881248
v -0.84944034 -0.27691209 0.96626276
v -0.89272583 -0.29689550 1.01178813
v 0.32423234 0.69328213 -0.00347044
v 0.30922657 0.67822158 0.03128973
v 0.36405113 0.65078437 0.02299464
v 0.39889270 0.60502851 0.03742050
v 0.37402073 0.58781326 0.05803089
v 0.39044279 0.66424066 -0.00050349
v 0.34957105 0.70348990 -0.03311299
v 0.34297287 0.63504845 0.04915779
v -0.68333697 0.31518102 0.23421931
v -0.68977129 0.33261591 0.28221989
v -0.69809991 0.34546870 0.22447237
v -0.70025122 0.36660606 0.27139926
v -0.69925302 0.34417960 0.33055365
v -0.68195003 0.29843679 0.29222387
v -0.80687881 -0.13504019 0.24495746
v -0.80929112 -0.19179109 0.24989524
v -0.85410672 -0.14293277 0.26998010
v -0.76377314 -0.12899339 0.21975972
v -0.85687274 -0.19962847 0.27538222
v -0.90508324 -0.15156385 0.29709935
v -0.85213530 -0.25501895 0.28869957
v -0.80414307 -0.24674234 0.26274878
v 0.17237517 1.09879792 0.34610471
v 0.15718317 1.06543076 0.27476367
v -0.70904911 0.59878057 0.39678699
v -0.69594461 0.58900177 0.47253293
v -0.70607883 0.68238831 0.42166615
v -0.73331189 0.60566866 0.33233944
v -0.72099710 0.64151466 0.37647337
v -0.71665287 0.29216623 -0.10980256
v -0.69346172 0.27241766 -0.15773650
v -0.69928128 0.25724450 -0.09180973
v -0.73420203 0.31378055 -0.06164603
v -0.71455461 0.28013691 -0.04397643
v -0.73292452 0.32956877 -0.12895034
v -0.38341334 0.78649187 -0.40267003
v -0.38282630 0.74598002 -0.41570407
v -0.51002544 -0.40772828 0.36747456
v -0.62976164 -0.03081137 0.67980301
v -0.67673993 -0.02522680 0.69121486
v -0.55007857 -0.08595580 0.74584502
v -0.24322614 -0.36602083 0.35350341
v -0.27254009 -0.36236307 0.37212884
v -0.26260930 -0.38437614 0.32122463
v -0.25528690 -0.33856347 0.40327960
v -0.32288373 -0.37915078 0.35826284
v -0.29213497 -0.38100937 0.33899605
v -0.30293122 -0.36047640 0.39264655
v -0.22583577 -0.34341553 0.38367987
v -0.23891556 -0.30856830 0.43219072
v 0.12550637 0.16561018 0.44896513
v -0.08832681 0.02018894 -0.33882213
v -0.04663460 0.04412051 -0.35923058
v -0.09771127 0.05866455 -0.35618371
v -0.79348123 0.88508403 -0.06155063
v -0.77689916 0.92153120 -0.08554174
v 0.96612704 0.56843919 -0.00948484
v 1.01506186 0.59038377 0.00064100
v 0.92598581 0.60990179 0.01774093
v 1.06135392 0.61631274 0.00629172
v -0.03759828 1.16593111 0.17792602
v -0.02135196 1.15918458 0.20436558
v -0.75567937 0.95407403 -0.11244537
v -0.75450701 0.98376739 -0.08809495
v -0.72983289 0.97950435 -0.14330100
v -0.77744359 0.89117014 -0.11095220
v 0.06221802 -0.51609552 0.19635502
v 0.02005268 -0.50649858 0.17054710
v 0.62687987 -0.65755975 0.17841828
v 0.63437980 -0.59235311 0.19042477
v 0.60328573 -0.63085616 0.19841552
v -0.82112306 0.52906477 0.07217406
v -0.81757998 0.55863357 0.11895277
v -0.80833328 0.58881104 0.16373055
v -0.79990351 0.51850188 0.14128835
v -0.79023439 0.54899907 0.18585020
v -0.82918102 0.54302835 0.00142949
v -0.71677768 0.35061306 0.16499554
v -0.71524328 0.32492375 0.11597101
v -0.69642097 0.32176101 0.17617324
v -0.73958963 0.38104135 0.15140274
v -0.73836678 0.35476273 0.10225041
v -0.71162122 0.29906502 0.06707263
v -0.73425329 0.32899085 0.05300687
v -0.76211810 0.38730013 0.08584927
v 0.14644608 0.12776244 0.33061650
v 0.11544452 0.09933247 0.36680371
v 0.11513747 0.05085418 0.38161319
v 0.17411086 0.10678337 0.31329301
v 0.14340591 0.07935134 0.34953406
v 0.36619174 0.48762023 0.62675321
v 0.33985683 0.42154592 0.56776798
v 0.37654501 0.55737805 0.50719088
v 0.36506122 0.61225820 0.39790654
v 0.37949237 0.67982781 0.43358827
v 0.39236757 0.63197649 0.55274457
v -1.14379251 -0.59105659 0.73998702
v -1.10619664 -0.60771906 0.78112555
v -0.40927640 -0.06605870 0.74124575
v -0.45741737 -0.07666323 0.76345867
v -0.46219242 -0.02175766 0.75717598
v -0.37133184 -0.02451518 0.72122067
v -0.41525748 -0.01787093 0.73888171
v -0.36506099 -0.06341887 0.71664816
v 0.13028771 1.09765017 0.28588173
v 0.13699242 1.13187337 0.35231364
v 0.01575997 1.11472571 0.15558755
v 0.02449813 1.11599529 0.18519041
v 0.02212971 1.13130236 0.22012891
v 0.00629800 1.13434231 0.19267355
v -0.00075275 1.14774001 0.21906760
v -0.95627517 0.08356106 0.66418535
v -0.99717146 0.07598390 0.62915921
v -0.97287273 0.06605916 0.74583942
v -1.05500710 0.06364369 0.67675126
v 0.41259161 -0.80440295 0.08208096
v 0.41624632 -0.75931752 0.13377520
v -0.17257361 -0.42138872 0.22639588
v -0.19963995 -0.41436222 0.24034548
v -0.42165896 0.98919916 -0.32872283
v -0.46224844 0.99155927 -0.32019073
v -0.49213332 1.06877911 -0.26718915
v -0.49715140 1.03248870 -0.28891706
v -0.50133461 0.99433935 -0.30816931
v -0.69787949 0.73417091 -0.30232006
v -0.67297506 0.68600607 -0.33551717
v -0.71588451 0.78224599 -0.26826602
v -0.68762195 0.77341628 -0.30149382
v -0.27131394 0.56764293 -0.44246727
v -0.21951073 0.56582505 -0.43685591
v -0.48975545 0.57591987 -0.42236638
v -0.49014905 0.52987027 -0.41676921
v -0.31734923 1.20279741 0.63166720
v -0.75441694 1.01442945 0.15443909
v -0.77366543 1.00245404 0.05884085
v -0.15178271 -0.33169255 0.37697077
v -0.18041122 -0.32270494 0.39283991
v -0.16932073 -0.35721931 0.35068822
v -0.19725412 -0.34950134 0.36599809
v -0.18738431 -0.37796411 0.32175463
v -0.21485962 -0.37162188 0.33691719
v -0.23418403 -0.38907114 0.30487898
v -0.20664413 -0.39468870 0.28979293
v -0.20943984 -0.31457663 0.41095126
v -0.79632825 0.43487588 -0.00360717
v -0.78474247 0.41089839 -0.05263470
v -0.77777165 0.39680517 0.01710683
v -0.74698025 0.33705354 -0.01310441
v -0.75660682 0.36141592 0.03612655
v -0.76634610 0.37302679 -0.03222443
v -0.75214660 0.35030502 -0.08085151
v -0.76800859 0.38911909 -0.10097215
v -0.81056511 0.47538006 -0.02508266
v -0.79804790 0.45149049 -0.07357271
v -0.78065598 0.42985839 -0.12137496
v -0.43099171 0.78867853 -0.40018809
v -0.47756317 0.79165483 -0.39356166
v -0.95318455 -0.27195668 1.06847966
v 1.08360040 0.52335954 -0.08864771
v 1.12683225 0.55111134 -0.08061679
v 0.39309940 -0.73238921 0.15090263
v 0.27057663 -0.72329068 0.07744852
v -0.73361707 1.03631854 0.18529199
v -0.70949113 1.05490160 0.21431620
v -0.74025333 0.99883807 0.21968785
v 0.42285821 -0.47756341 -0.39319748
v 0.36408377 -0.49846444 -0.37643462
v 0.33364171 -0.53920686 -0.35756618
v -0.49713251 1.11131167 0.38636136
v -0.54047734 1.08420479 0.39524877
v 0.33531308 -0.47996143 -0.37050503
v 0.35146362 -0.01178654 -0.18451221
v 0.32916233 -0.04864268 -0.22716625
v 0.47737965 0.31035385 -0.09514062
v -0.42909577 -0.15499949 0.89349288
v -0.50100189 -0.13335979 0.81918442
v 0.56225073 -0.39132568 0.22815301
v 0.53487062 -0.42692354 0.25428027
v 0.58315963 -0.41296652 0.21624261
v -0.64849383 0.50222516 -0.33278227
v -0.73246574 0.43733123 -0.23077558
v -0.48791364 0.09922644 -0.23249726
v -0.54356068 0.13210821 -0.22352989
v -0.58707261 0.13645139 -0.18801074
v 0.73171765 0.64368480 -0.55378920
v 0.79290479 0.66107333 -0.54401875
v 0.68515056 0.70683253 -0.52992386
v 0.74646533 0.72265923 -0.52150488
v -0.82397562 0.64384907 -0.10546477
v -0.78533524 0.64154577 -0.20712258
v -0.80024767 -0.46020457 0.48604071
v -0.78548908 0.42205006 0.06694868
v -0.98511791 0.04011939 0.82707381
v -0.48515680 1.10251868 -0.24226604
v -0.44116852 1.12591374 -0.22636847
v -0.05404792 1.17120433 0.14967296
v 0.24875847 0.47414255 -0.48406070
v 0.25814989 0.30910182 -0.45081758
v 0.13600373 0.49646038 -0.45068502
v 0.25637263 -0.73741734 -0.07054289
v 0.23145130 -0.71571481 -0.05446149
v 0.32381323 -0.65724421 0.19796066
v -0.72243482 -0.18102473 0.20177153
v -0.68278140 -0.17899123 0.17663750
v -0.64417392 -0.17921579 0.15099961
v -0.63457429 -0.22995800 0.16882735
v -0.64978391 -0.12732583 0.13765615
v -0.25156888 0.90405214 -0.34705943
v 0.24187580 0.89714551 0.22117716
v 0.28414011 0.90631258 0.29814190
v 0.29324508 0.97544384 0.41137046
v 0.32205543 0.91148567 0.39714986
v 0.32482681 -0.22675368 -0.33427751
v 0.39808953 -0.21788710 -0.31942242
v 0.36395833 -0.25127625 -0.34090275
v 0.36206254 -0.19320440 -0.31136656
v -1.30656314 -0.54466164 0.77089298
v 0.51437092 0.76173460 -0.09159267
v 0.56423068 0.78302097 -0.09373873
v -0.61436725 0.76394546 -0.35708755
v 0.02965199 -0.42482254 0.29270059
v 0.00860600 -0.44375786 0.26348677
v -0.01912924 -0.39092049 0.31631899
v -0.01561238 -0.42641786 0.27558297
v -0.01074747 -0.45921263 0.23167627
v -0.43215761 0.74831021 -0.41331780
v -0.46363395 -0.03543378 -0.09041056
v -0.51238638 0.00760679 -0.08542019
v -0.48850891 -0.06931481 -0.04322089
v -0.49926567 -0.02768615 -0.06426983
v -0.28819290 1.12477934 -0.21933420
v -1.24146855 -0.16669518 0.53107727
v 0.17866057 0.15551443 0.29136932
v 0.20578969 0.13313824 0.27315557
v 0.19081753 0.20547122 0.26831686
v 0.22236934 0.23307671 0.22636613
v 0.09922845 -0.19054928 0.43333495
v 0.09833749 -0.58854640 0.07814331
v 0.08332323 -0.58678949 0.02748062
v 0.05941670 -0.56698823 0.03922940
v 0.04507349 -0.56084013 -0.01750077
v 0.30088398 0.63662791 0.21589360
v 0.33906952 0.65437627 0.30472884
v 0.10416692 -0.34756228 0.36726767
v 0.13192651 -0.31610104 0.38604325
v 0.05939489 1.17472863 0.35285634
v -0.64799774 0.54654932 -0.34578848
v 0.74945116 -0.48198339 0.06007443
v -0.10379614 1.21487820 0.34759405
v -0.73546410 0.68109465 0.35512114
v -0.74218422 0.96116519 0.25525749
v -0.71710545 1.02065599 0.25011146
v -0.57628071 -0.28308132 0.77316970
v 0.95189679 0.51394850 -0.05881006
v 1.00292981 0.53157854 -0.04851565
v 0.91513419 0.54943037 -0.02005476
v 0.98365593 0.48339078 -0.10864057
v 0.92898154 0.46834350 -0.11769663
v 1.03556156 0.50114155 -0.09838362
v 0.89823550 0.49837285 -0.06786950
v 1.05064774 0.55299687 -0.03910577
v -0.00421970 -0.48816720 0.18294549
v -0.02865709 -0.47093102 0.19590989
v 0.03813646 -0.49602696 0.20758331
v 0.01368300 -0.47713253 0.21940789
v -0.85053408 -0.47709486 0.51880622
v -0.86856282 -0.50829625 0.59682256
v 0.84812582 0.39827013 -0.25793874
v 0.78772306 0.37606332 -0.33352530
v 0.72543126 0.35563645 -0.32838607
v 0.89483953 0.43000412 -0.18481849
v 0.14262974 0.16427578 0.49892306
v 0.17982903 0.22659731 0.43266732
v -0.08354381 0.79291141 -0.31862897
v -0.05105135 0.79854894 -0.29739285
v -0.07455405 0.75166559 -0.33721781
v -0.10289232 0.70419121 -0.37107056
v -0.67539698 0.26379493 0.30226701
v 0.85191488 0.68193865 -0.52965045
v -0.58568931 -0.32800648 0.74619824
v 0.63821810 -0.52991676 0.19001290
v 0.66218489 -0.49342498 0.16565304
v -0.59654766 0.49472603 -0.36113155
v -0.59719378 0.53953487 -0.37370008
v 0.17519656 -0.66100991 -0.07371259
v 0.18160114 -0.67190135 -0.02381480
v 0.20613503 -0.69430161 -0.03887422
v 0.25896427 0.35062093 0.18478763
v 0.27937344 0.41810307 0.16620785
v -0.83161134 0.71309531 0.08996116
v 0.09976663 -0.03471862 0.41813189
v 0.06538024 -0.01176061 0.43003428
v 0.13607877 -0.05801338 0.40857208
v 0.12321249 -0.00195926 0.39536297
v 0.08933306 0.02072003 0.40889239
v -0.67203468 0.28374541 0.24377401
v -0.13327609 -0.04819040 0.59969532
v -0.18238455 -0.08019701 0.70673203
v 0.16002426 -0.02455661 0.38451099
v 0.14889002 0.02885325 0.36764258
v -0.72643441 0.30373573 0.00415863
v -0.81880277 0.50113881 0.02388599
v -0.80444884 0.46039540 0.04589106
v 0.69760871 -0.23432177 -0.09821051
v 0.71702898 -0.25657654 -0.10754605
v 0.72857606 -0.31550637 -0.01795113
v 0.73494774 -0.29392982 -0.06755979
v 0.22137558 -0.01342389 0.34249943
v 0.18504342 0.00679034 0.35497144
v 0.66105193 -0.20195472 -0.14045443
v -0.61085558 1.16363251 0.17826784
v -0.58653098 1.18357992 0.15469182
v -0.01595755 0.19415826 -0.41412264
v 0.31489894 -0.71340787 -0.23880528
v -0.00165821 -0.32097140 -0.31511742
v 0.02987363 -0.33421180 -0.33392227
v -0.01902625 -0.36583814 -0.29418838
v -0.43378693 0.66348743 -0.43039215
v -0.42985037 0.00578324 0.71464807
v -0.39013577 -0.03470497 0.72091055
v -0.47613031 0.00117204 0.70536542
v -0.52780282 -0.01047914 0.69359595
v -0.55248368 0.04684347 0.66451681
v -0.49440905 -0.07058364 0.73608297
v -0.43935525 -0.05091521 0.72873807
v 0.17692551 -0.50915182 -0.30969131
v -0.64918756 0.17725010 0.11255057
v -0.65913850 0.21134000 0.10124175
v -0.66625899 0.26197004 0.19555324
v -0.66254210 0.23705447 0.14777189
v -0.22454125 -0.27002007 -0.10293040
v -0.26444128 -0.25821996 -0.08183490
v -0.22786871 -0.22386724 -0.12654509
v -0.31959110 -0.15192714 -0.10848446
v -0.27603605 -0.16357276 -0.12772287
v -0.31192306 -0.20017523 -0.08571403
v -0.23198411 -0.17597651 -0.14885201
v -0.26957074 -0.21156371 -0.10555826
v 1.10455894 0.64562953 0.00633810
v -0.36505982 -0.30638155 0.54065961
v -0.39993438 -0.31268141 0.57111996
v 0.43563715 -0.09785008 -0.21575670
v 0.46390316 -0.12024799 -0.22628514
v -1.01618195 0.04671055 0.51900393
v -0.04090649 0.75777447 -0.31830966
v -0.02158138 0.80579591 -0.27391511
v 0.43283162 -0.24341461 -0.32776439
v -0.57907605 1.14303660 -0.15501873
v -0.54467028 1.14101088 -0.17792059
v -0.53027278 1.16610777 -0.14490084
v -0.15873569 0.78765178 1.14639366
v 1.10746479 0.73860097 -0.43785250
v 1.06150794 0.70529449 -0.46349233
v 1.01132119 0.67390501 -0.48780459
v 1.14501703 0.59504867 -0.39838970
v 1.05621314 0.61588407 -0.46312922
v 0.08151954 -0.50301015 0.22964489
v 0.05725948 -0.48230925 0.24053860
v 0.05385702 -0.44415662 0.28132302
v 0.07713727 -0.42159179 0.30840665
v 0.58076060 -0.14894643 -0.17003675
v 0.95692658 0.64536649 -0.50870472
v 0.02244752 -0.53186762 -0.13972743
v 0.03198517 -0.54980481 -0.07823208
v 0.01721365 -0.50734282 -0.19873802
v -0.54838544 -0.41469422 0.39076984
v -0.52059633 -0.41240409 0.43342549
v -0.56027502 -0.42246893 0.45899820
v 0.09889824 1.15675461 0.35400605
v 0.04802581 0.83629537 -0.18178044
v -1.30466700 -0.31304196 0.58705688
v -1.29404545 -0.37543574 0.59951466
v -1.27457988 -0.43318406 0.61811477
v -1.34806418 -0.39079192 0.65455770
v -1.23910940 -0.35781732 0.54906136
v -1.30593920 -0.24860808 0.58116263
v -1.24897254 -0.29456258 0.53540260
v 0.55848324 0.47149330 -0.01176539
v 0.57394403 0.52527189 0.00267033
v 0.60792452 0.49314055 -0.01578714
v 0.63996905 0.46263823 -0.04284477
v 0.58677691 0.44094723 -0.03950039
v 0.51247686 0.44879436 -0.00518721
v 0.53662473 0.41764891 -0.03384791
v -0.52891886 1.06887233 0.56743538
v -0.76225120 0.41461009 0.13457228
v 0.03856913 0.13946944 -0.39374870
v 0.30042583 0.13583301 -0.28037399
v 0.34300065 0.13075262 -0.15810536
v 1.04165709 0.53418183 -0.43813616
v 1.09489119 0.56339049 -0.41791010
v 0.39310062 -0.28699383 0.31808257
v -0.87011415 -0.08278862 0.91837245
v 0.09534601 0.21302831 -0.41640502
v 0.03898448 0.22657475 -0.42241436
v 0.16040426 0.23932137 -0.42345357
v 0.09225561 0.16780366 -0.39866090
v 0.03724319 0.18262045 -0.40885890
v -1.16557443 -0.39772710 0.52557296
v -1.14357436 -0.45131609 0.55232424
v -1.22124422 -0.41683635 0.56925559
v -1.24812400 -0.48508516 0.64155126
v -1.19681466 -0.46965095 0.59492612
v -1.21609056 -0.52893341 0.67005426
v -1.16698158 -0.51431036 0.62579137
v -1.11605310 -0.49642226 0.58481616
v -0.81838900 0.70097184 0.15773635
v -0.43421701 0.01772319 0.73088443
v -0.47748032 0.02397734 0.74349940
v -0.75088269 0.29527447 0.59664655
v 1.00229692 0.58678222 -0.48383307
v 0.98535454 0.50882852 -0.45437109
v 0.96294880 0.73351836 -0.49065715
v 0.90869164 0.70617878 -0.51145518
v -0.12378981 -0.34144190 0.36327034
v -0.09003965 -0.38531813 0.31186736
v -0.09651616 -0.35205284 0.35101509
v -0.10489912 -0.31286371 0.38746876
v -0.04893910 -0.33837160 0.36464036
v -0.04425202 -0.37656346 0.32780331
v -0.06999075 -0.36357102 0.33925936
v -0.06483463 -0.39725307 0.29977369
v -0.07651846 -0.32506207 0.37547672
v 0.09919647 -0.47256932 -0.30590862
v 0.06130514 -0.45504197 -0.30188578
v 0.11819916 -0.42965677 -0.33809620
v 0.04226222 -0.39537123 -0.32654697
v 0.07858225 -0.41210869 -0.33423120
v -0.61698180 0.05994828 0.05449068
v -0.74088633 0.92499614 0.29009795
v -0.73686856 0.89115310 0.32409543
v 0.03275522 -0.46273974 0.25194618
v 0.05261009 -0.40233251 0.31994426
v -0.47928166 0.06979933 -0.21193524
v -0.52729565 0.03542452 -0.10658349
v 0.29479188 -0.09755850 0.33618432
v 0.32376882 -0.11432254 0.32068324
v -0.18699819 -0.28300220 -0.12672819
v -0.03426925 0.01028591 0.54757547
v -0.01299774 0.02071126 0.50510895
v -0.09510496 -0.45124027 0.18385521
v -0.76447386 -0.18539372 0.22588554
v -0.27711880 0.65789330 -0.42689663
v -0.21672317 1.21083331 0.38769668
v -1.06389201 -0.47671524 0.54598773
v -1.03454649 -0.51269984 0.58380020
v -1.08493936 -0.53268671 0.62124419
v -1.08926010 -0.43154827 0.51232040
v 1.09489214 0.57828176 -0.03240995
v 1.13489592 0.60706151 -0.02964570
v 1.16566288 0.63190484 -0.02773507
v -0.53408808 1.03603768 -0.27387822
v -0.52826214 1.07260776 -0.25149053
v -0.55026132 -0.09717155 0.03286704
v -0.58434963 -0.08878949 0.06360309
v -0.55623496 -0.05098574 0.01510116
v -0.57850069 -0.13756311 0.07932259
v -0.61397582 -0.13145950 0.10851543
v -0.51511568 -0.10574800 0.00407523
v -0.52313292 -0.06040628 -0.01549967
v -0.30526593 -0.24738687 -0.06218646
v -0.34553608 -0.23710957 -0.04289748
v 0.38216057 0.75352609 0.46652442
v 0.35027373 0.77849782 0.35520160
v -0.09718404 -0.03954343 0.55473715
v -0.12096524 -0.06432800 0.54738146
v -0.17355078 -0.08883995 0.56602466
v -0.06692421 -0.03895563 0.51808488
v -0.15444800 -0.06287858 0.58506203
v -1.15135443 0.03423022 0.69384485
v -1.13478255 0.02335075 0.61046654
v -1.09585917 0.04782856 0.64279264
v -1.07663548 0.03552289 0.56314296
v -1.03770745 0.05992553 0.59534281
v -0.80995166 0.65995771 0.18308850
v -0.97647196 -0.39818147 1.08547831
v -0.93824041 -0.32132784 1.05865932
v -0.92855829 -0.37076941 1.04434121
v 0.53339899 0.80265594 -0.14923869
v -0.69372362 -0.06345116 0.82476699
v -0.65196019 0.01336680 0.77733874
v -0.79635972 0.61960387 0.20690608
v 0.29782802 -0.66512811 -0.26621687
v 0.31379208 -0.63183689 -0.30515641
v 0.33657545 0.24454299 0.04144490
v 0.58004171 0.35891354 -0.11348532
v 0.54082912 0.30903953 -0.15680002
v 0.50905931 0.36360341 -0.06241378
v 0.52645504 0.33511806 -0.10544069
v 0.55957043 0.38777757 -0.06939527
v 1.00791860 0.46136835 -0.16976954
v 0.96575975 0.43228772 -0.24892192
v 0.75189424 -0.30000037 -0.13070674
v 0.73502541 -0.27769443 -0.11819468
v -0.67337412 0.24154933 0.09055930
v -0.69449264 0.29630727 0.12733415
v -0.69108480 0.27017701 0.07946162
v -0.67668480 0.26764756 0.13782406
v 0.14390892 -0.38327721 -0.35793626
v 0.10282228 -0.36545238 -0.35420251
v 0.15953276 -0.44795391 -0.33936381
v 0.18658957 -0.40207455 -0.35911405
v -0.00664300 1.13941205 0.17156990
v -0.58348942 -0.27813041 0.16861166
v -0.62161338 -0.27784327 0.19222055
v -0.67381459 -0.23097256 0.19322020
v -0.64507496 -0.32364056 0.24292742
v -0.66132694 -0.27989089 0.21513402
v -0.53123164 -0.32192650 0.17487556
v -0.80509973 0.48877403 0.09459838
v -0.82134444 0.51707661 -0.04667275
v 0.23874465 0.28898054 0.20473409
v 0.05417369 -0.28768936 -0.34354168
v 0.08004027 -0.24159518 -0.34425318
v 0.06467768 -0.34897873 -0.34656465
v -0.84997612 -0.12438798 0.92755073
v -0.80213416 -0.10855097 0.88769448
v -0.82141203 -0.06645095 0.87605083
v 1.01327872 0.76327169 -0.46571791
v -0.24858272 -0.41684547 0.21620482
v -0.22722158 -0.40771088 0.25461847
v -0.13379654 -0.30110049 0.40077442
v -0.16311178 -0.28983375 0.41677028
v -0.19256398 -0.27961549 0.43581879
v 0.52646369 -0.26677749 -0.32257378
v 0.49668118 -0.29398519 -0.34462327
v 0.49600473 -0.24103928 -0.31353509
v 0.52603841 -0.21707255 -0.28778481
v 0.49490288 -0.19053763 -0.27814597
v 0.55601567 -0.24317777 -0.29687893
v 0.46417001 -0.21472988 -0.30467761
v 0.31160450 -0.01498261 0.27577323
v 0.95242155 0.44510424 -0.17865892
v 0.90759015 0.41558427 -0.25541180
v 0.43232873 -0.14063048 -0.25720447
v 0.39831200 -0.16468179 -0.28546840
v 0.43147489 -0.18918219 -0.29489374
v -0.79364616 0.85436308 -0.09175983
v -0.79063261 0.82335436 -0.12329480
v -0.33750519 -0.28236923 -0.01616299
v -0.29786783 -0.29187331 -0.03484772
v -0.78502727 0.45039582 0.11558037
v 0.43305609 -0.14641395 0.23839030
v -0.19278032 -0.12662825 0.54774982
v 0.35741389 -0.19379273 0.32105738
v 0.41183189 -0.18255058 0.27559239
v -0.14473484 -0.25136715 0.43794131
v -0.11485928 -0.26545915 0.42209762
v -1.10912740 -0.37811795 0.48469073
v -0.97190064 -0.44178584 1.06832767
v -0.63455498 1.16836321 0.09172484
v -0.75975287 0.86076009 0.28819728
v -0.73084038 0.85883403 0.35637885
v -0.75391603 0.82556260 0.31937462
v -0.74741995 0.36896145 -0.14875741
v 0.38516432 0.03940247 0.10026778
v 0.38876331 0.04977536 0.03960923
v -0.49543941 1.19601905 0.23477024
v -0.17436075 -0.23861277 0.45743918
v -0.20371979 -0.22818771 0.48103559
v -0.23324001 -0.22028574 0.50832021
v -0.22208962 -0.27126741 0.45808172
v -0.25181744 -0.26571947 0.48380804
v -0.82651138 0.55960906 -0.06760345
v -0.80764908 0.49336034 -0.09432076
v -0.78958619 0.47192430 -0.14141606
v 0.34126240 0.84484887 0.37792677
v 0.37138301 0.83072352 0.49509400
v -0.21550411 0.42191377 -0.45520031
v 0.20932460 0.25956690 0.24482761
v -0.79684627 0.69084752 0.22552732
v 0.39831415 0.73559642 -0.40654159
v 0.47737113 0.57266188 -0.54092711
v -0.09501261 -0.22551951 0.43990886
v -0.12516274 -0.20892259 0.45595485
v -0.08510772 -0.27972400 0.40902829
v -0.06436306 -0.24291569 0.42754984
v -0.15473872 -0.19400290 0.47622889
v 0.28002506 0.66612774 0.16703288
v 0.27712330 0.71050048 0.17483880
v -1.06113076 -0.59111822 0.74125701
v -1.09816229 -0.57610297 0.69946301
v -1.01478636 -0.57229960 0.70324290
v -1.05054307 -0.55742311 0.66128027
v -1.13383663 -0.55038083 0.66060358
v -0.96682030 -0.55155158 0.66690397
v -1.00152922 -0.53731835 0.62467897
v 0.46334741 -0.16492218 -0.26763296
v 0.49380466 -0.14498794 -0.23694463
v 0.37545261 0.52041817 0.07553453
v 0.35300660 0.56726086 0.07967497
v -0.05319234 -0.45514223 0.20913398
v -0.06818936 -0.01588589 0.55551332
v -0.75753003 0.41060394 -0.16811012
v -0.19325554 -0.14343438 -0.19188507
v 0.01003103 0.57583755 -0.40968543
v 0.04999871 0.47977465 -0.44049448
v 0.02921500 0.53011334 -0.42650563
v 0.05006977 0.58757752 -0.40444130
v -0.40750483 1.16242218 0.60872304
v -0.81785470 -0.49449924 0.75746191
v -0.10291725 -0.42900452 0.23582932
v -0.68666887 -0.32872435 0.26502028
v 0.30711922 -0.57861853 -0.32995182
v 0.28573290 -0.61525679 -0.29477036
v -0.67950159 0.29298207 0.18581325
v 0.47021374 0.42546511 0.00378926
v 0.44914231 0.45995405 0.02855485
v 0.43183890 0.40177619 0.01596960
v 0.49012181 0.39350885 -0.02629061
v 0.44774589 0.36932397 -0.01607209
v -0.77872849 0.48023608 0.16188616
v 0.55569530 -0.19754496 -0.25753385
v 0.52479392 -0.17098328 -0.24757136
v 0.58421773 -0.18385002 -0.22123440
v 0.55384082 -0.15664908 -0.21180452
v -1.05356872 -0.36019424 0.44470155
v -1.06652498 -0.30263916 0.42240798
v 0.38096216 -0.00150447 -0.14229409
v 0.76313108 -0.31463256 -0.19386397
v 0.19192836 -0.67745543 0.02358598
v 0.21570033 -0.70096231 0.00780345
v 0.96430397 0.81971312 -0.44967377
v -0.67890358 0.92764819 0.42234653
v -1.18140829 -0.33842644 0.50451887
v 0.00974813 -0.38001451 -0.31320417
v 0.56011760 -0.47059688 -0.41575199
v 0.08113671 0.59358656 -0.40265393
v 0.06151312 0.64342892 -0.36882895
v 0.11082719 0.64077795 -0.36929864
v 0.08497144 0.67486054 -0.33775103
v 0.04359994 0.69211102 -0.33210909
v 0.03052346 0.63410878 -0.37853056
v 0.17665511 0.05773169 0.33464175
v -0.83487004 -0.50903702 0.64099532
v -0.80177206 -0.49643269 0.68427038
v 0.36883786 0.07599559 -0.00733376
v 0.46308026 0.33896136 -0.05301332
v 0.58534586 -0.22372675 -0.26648217
v 0.52513623 -0.31840804 -0.35271776
v -0.76863229 0.49641693 -0.20487626
v -0.76446348 0.45323479 -0.18680225
v 0.13814628 -0.49081734 -0.30820876
v 0.25307798 -0.72650063 0.03577530
v 0.23999748 -0.72404325 -0.00834322
v 1.08725333 0.88491142 -0.30127662
v -0.70585847 0.89288139 0.39112920
v -0.72222006 0.82749581 0.38650966
v -0.59805876 0.04095481 0.63424039
v -0.58015275 -0.02273382 0.68253797
v -0.44187394 -0.36171338 0.16756497
v -0.42445546 -0.33638790 0.10975166
v -0.47668675 -0.35769537 0.18817005
v -0.45497605 -0.38129297 0.22597344
v 0.74944329 -0.31499532 -0.24101628
v -0.54636604 0.05767585 0.73368865
v -0.59595948 0.04155342 0.75328296
v -0.52516443 0.01542257 0.75955236
v -1.29729867 -0.18537432 0.58319998
v -0.66297513 0.72766531 -0.33499366
v -0.65324521 0.76833034 -0.33187199
v 0.93258071 0.97999299 -0.19073875
v 0.97290313 0.95275629 -0.16719760
v -0.84106171 -0.30722666 0.31031221
v -0.79243165 -0.29783368 0.28440952
v -0.72905052 -0.40669593 0.79327089
v -0.28233990 -0.26218206 0.51210946
v -0.31366840 -0.26191214 0.54274422
v 0.28067768 0.00033258 0.29111022
v 0.28824186 -0.04720454 0.31593239
v -0.46601310 0.03906704 0.71441889
v -0.50395662 0.05761690 0.72055399
v 0.24721327 0.01719506 0.30583203
v 0.25597543 -0.03126360 0.32971558
v 0.92177618 0.93887329 -0.05345693
v -0.50523365 0.95518053 -0.32555842
v -0.53886658 0.99775040 -0.29361737
v 1.18592048 0.63261259 -0.07153733
v 1.20857036 0.62718296 -0.12012506
v 1.18856692 0.68799543 -0.11394711
v -0.97829831 -0.57542038 0.74618602
v -0.49004811 -0.38070676 0.24630043
v -0.05566486 -0.29451823 0.39795047
v -0.02693734 -0.30951807 0.38768387
v 0.17288199 -0.64494312 -0.12517583
v 0.07759283 -0.37657449 0.34504569
v 0.34662300 0.14112346 -0.03196727
v 0.33233437 -0.61077070 0.23705246
v 0.35582209 -0.63495159 0.22410096
v -0.51235890 -0.35600528 0.20917732
v -0.49501377 -0.32489088 0.15289301
v 1.13950551 0.67337322 -0.01502894
v 1.13071620 0.73603201 -0.05414698
v 1.16373968 0.68653858 -0.06106572
v 1.15540600 0.74280024 -0.11003597
v 0.95631397 0.90390193 -0.03081411
v 1.05794835 0.83044922 -0.05689327
v 1.02179790 0.87413943 -0.06824517
v 1.00931060 0.91936231 -0.14503451
v 0.98706210 0.91295803 -0.08559766
v 1.04455841 0.88115811 -0.12786892
v 0.95330560 0.94678974 -0.10726131
v 1.05670130 0.91346204 -0.30155939
v 1.07945037 0.88578331 -0.24523373
v 1.04421449 0.92049980 -0.26001740
v 1.02746677 0.92227149 -0.20410343
v 1.09499264 0.78418112 -0.05205353
v 1.11812079 0.79267061 -0.11045231
v 1.11728144 0.84536302 -0.23578615
v 1.08064044 0.83874702 -0.11624104
v 1.13918376 0.79687595 -0.16956221
v 1.10097587 0.84331334 -0.17619692
v 1.06367886 0.88501990 -0.18741970
v -0.81902814 -0.48930833 0.56265897
v -0.47412273 -0.29096925 0.09806227
v -0.52248895 -0.24001095 0.09346165
v -0.50999093 -0.28485745 0.12109281
v -0.45962450 -0.33012834 0.13104597
v 0.02800114 0.82560539 -0.21632709
v 0.61372674 -0.20958024 -0.23023324
v -0.53816003 0.07936758 0.69058365
v -0.78200859 0.79806674 -0.15900604
v -0.70525014 0.27326554 0.01920107
v 0.63996291 -0.20166203 -0.18818773
v -0.56284916 1.18567801 0.18578939
v -0.38481808 -0.22714522 -0.02268548
v 0.31583366 -0.53808689 0.28161442
v 0.30792829 -0.58699286 0.24980369
v -0.54161644 1.18393314 0.21820039
v -0.71962410 0.04575075 0.61775619
v -0.18393950 -0.18161693 0.50065082
v -0.59511220 1.18879056 0.00256316
v -0.04161894 -0.00923440 0.51535165
v -0.01563112 -0.01300925 0.48437238
v 0.20726371 -0.43601111 0.32417849
v 0.17819509 -0.46355817 0.30224937
v -0.67698967 0.81082487 -0.29755771
v -0.55900252 -0.23488256 0.11870146
v -0.54644483 -0.28055036 0.14479238
v 0.12304715 0.57850397 -0.41654146
v 0.08272589 0.54775715 -0.42442119
v 0.61072916 -0.17654517 -0.17911713
v 0.21186733 0.03647862 0.32030761
v -0.75623035 0.81183207 -0.20058464
v -0.73867464 0.79472899 -0.23413362
v -0.76913697 0.77625990 -0.19494422
v 0.53864467 -0.36703417 0.24040011
v 0.01204300 -0.02636106 0.46134388
v -0.74494284 0.79091501 0.34822014
v 0.00173660 0.72462869 -0.32199228
v -0.76797497 -0.04561239 0.83932525
v -0.71072447 -0.01800354 0.80632973
v -0.75004983 -0.08896434 0.85380983
v -0.77653259 0.85912693 -0.13627605
v -0.76896709 0.83355606 -0.16854109
v -0.75418919 0.86718690 -0.17763220
v -0.73365223 0.86815143 -0.20845853
v -0.74396193 0.84606612 -0.20392193
v -0.71798176 0.86135590 -0.23213084
v -0.72752857 0.82946920 -0.23391213
v -0.21299422 -0.17236659 0.52937198
v -0.54775053 0.91838038 -0.32663429
v -0.05964819 -0.42783251 0.25686163
v -0.03510474 -0.44254443 0.24418333
v -0.04002292 -0.41080371 0.28763232
v -0.07799993 -0.44128612 0.22254917
v -0.08435391 -0.41477290 0.26943472
v -0.25548115 -0.40247855 0.26991075
v -0.67324162 0.05308670 0.74933392
v -0.53347242 -0.19273376 0.07073626
v -0.54269511 -0.14465144 0.05107317
v -0.56984031 -0.18653840 0.09752589
v 0.58694255 -0.35597321 0.19577959
v -0.70509326 0.81833065 -0.26601756
v -0.70273244 -0.28387380 0.23782112
v -0.71515989 -0.23428649 0.21618015
v -1.18074119 -0.56470346 0.70257378
v -1.26311481 -0.53925943 0.71821195
v -0.54332101 0.95843160 -0.31124765
v -0.03876142 -0.04692723 0.48957431
v -0.50693196 0.04772186 0.69193101
v 0.22977149 -0.70175016 0.05186709
v -0.75865430 -0.23970753 0.23878184
v 0.20619103 -0.67765522 0.06789973
v -0.74643368 -0.29002878 0.26038215
v -0.60701793 -0.18194968 0.12403909
v -0.59658778 -0.23135841 0.14368169
v -0.12043027 -0.43961737 0.19809122
v -0.39382592 -0.00164491 0.72003341
v -0.01062799 0.76598072 -0.29661024
v -0.90776157 -0.20850116 0.30296120
v -0.90296876 -0.26459205 0.31702736
f 1 2 3
f 4 2 5
f 2 4 6
f 7 8 1
f 9 5 10
f 11 7 12
f 13 14 15
f 16 17 14
f 18 14 19
f 15 20 13
f 15 21 22
f 20 15 23
f 24 25 26
f 27 28 29
f 30 31 25
f 32 33 34
f 35 36 32
f 37 33 38
f 39 32 40
f 40 34 41
f 34 42 43
f 33 37 42
f 44 45 46
f 47 40 48
f 49 39 47
f 39 49 50
f 51 52 53
f 54 55 51
f 56 57 55
f 58 52 59
f 55 54 56
f 60 61 62
f 63 19 61
f 64 65 66
f 65 67 68
f 66 68 69
f 70 65 71
f 72 64 73
f 71 64 74
f 69 75 66
f 54 76 77
f 78 79 76
f 51 80 54
f 76 80 78
f 81 80 53
f 82 83 84
f 84 85 82
f 86 87 88
f 87 89 84
f 88 83 90
f 82 91 83
f 21 17 92
f 17 16 82
f 93 94 95
f 96 97 95
f 95 98 93
f 99 100 101
f 95 99 96
f 94 102 99
f 103 104 57
f 105 59 106
f 107 108 104
f 109 110 111
f 112 113 101
f 114 112 111
f 113 115 96
f 116 117 113
f 12 1 118
f 119 12 120
f 121 122 118
f 123 121 3
f 124 119 125
f 126 11 127
f 127 124 128
f 129 130 131
f 125 130 128
f 131 132 129
f 130 129 133
f 134 123 6
f 12 119 11
f 132 131 120
f 135 7 126
f 136 98 134
f 123 134 115
f 136 134 137
f 87 86 138
f 86 88 139
f 140 89 107
f 105 106 138
f 107 141 140
f 110 62 114
f 142 23 143
f 143 112 142
f 62 20 142
f 105 138 144
f 145 146 144
f 59 105 58
f 146 147 58
f 148 145 149
f 139 148 86
f 138 108 87
f 150 103 56
f 121 123 117
f 129 150 77
f 120 122 132
f 89 140 85
f 140 151 92
f 98 136 152
f 93 152 153
f 152 154 155
f 156 151 157
f 23 22 156
f 143 156 116
f 158 117 157
f 117 158 121
f 159 158 141
f 143 116 112
f 160 159 103
f 104 159 107
f 103 150 160
f 122 158 160
f 161 162 27
f 26 28 163
f 29 164 27
f 165 166 167
f 168 169 165
f 167 170 165
f 171 172 173
f 174 175 172
f 176 171 177
f 173 166 178
f 178 179 173
f 74 72 163
f 26 72 24
f 163 162 180
f 181 161 182
f 183 181 184
f 164 185 182
f 184 186 183
f 31 187 29
f 188 189 190
f 188 191 192
f 190 193 194
f 191 188 195
f 196 197 189
f 197 198 193
f 192 199 188
f 200 199 201
f 200 201 202
f 203 204 205
f 204 206 202
f 202 207 200
f 208 207 209
f 203 210 204
f 206 204 211
f 212 213 214
f 215 214 216
f 217 212 215
f 218 219 217
f 213 212 220
f 221 215 222
f 223 224 214
f 223 213 225
f 224 223 226
f 227 228 220
f 200 196 199
f 197 196 208
f 229 71 230
f 231 232 233
f 233 70 229
f 232 67 70
f 171 176 231
f 233 234 231
f 229 235 233
f 170 167 216
f 194 236 50
f 195 190 237
f 238 239 43
f 240 238 45
f 67 232 241
f 177 242 176
f 243 244 245
f 218 246 247
f 244 248 247
f 247 249 218
f 244 250 248
f 251 243 252
f 253 243 254
f 243 253 244
f 252 245 255
f 255 256 252
f 257 258 238
f 238 240 257
f 259 258 260
f 239 258 261
f 50 35 39
f 237 194 262
f 24 73 263
f 263 30 24
f 67 241 264
f 242 177 265
f 172 171 174
f 36 35 198
f 266 267 268
f 268 210 269
f 270 211 266
f 271 203 272
f 205 201 272
f 273 274 192
f 230 275 229
f 264 242 276
f 68 264 277
f 278 44 279
f 37 280 46
f 281 279 282
f 38 283 37
f 185 284 184
f 284 260 186
f 45 44 240
f 285 217 221
f 246 218 285
f 221 286 285
f 287 288 209
f 209 206 287
f 289 208 290
f 290 283 289
f 291 283 288
f 292 288 293
f 294 291 292
f 252 295 251
f 296 297 251
f 298 296 299
f 278 300 181
f 162 161 301
f 279 281 278
f 181 183 278
f 302 222 175
f 222 303 221
f 304 305 303
f 275 305 235
f 235 304 234
f 303 222 304
f 306 307 308
f 303 307 286
f 234 302 174
f 230 74 180
f 226 168 224
f 255 246 309
f 256 255 310
f 286 311 309
f 211 270 287
f 299 295 312
f 36 198 38
f 198 197 289
f 266 268 299
f 261 48 239
f 180 313 230
f 275 313 305
f 270 312 293
f 314 292 315
f 248 220 249
f 316 282 294
f 283 291 280
f 317 313 301
f 313 317 308
f 301 300 317
f 312 270 299
f 312 256 315
f 311 314 310
f 292 314 294
f 308 316 306
f 307 306 311
f 317 281 316
f 4 5 318
f 319 185 187
f 185 319 284
f 318 320 4
f 320 154 137
f 154 320 321
f 79 322 133
f 210 203 323
f 324 325 326
f 325 324 327
f 326 328 324
f 328 326 329
f 330 331 332
f 333 330 334
f 335 336 337
f 338 339 340
f 341 342 336
f 337 343 335
f 344 345 339
f 346 347 348
f 346 349 350
f 349 346 351
f 348 352 353
f 347 354 352
f 355 356 357
f 357 358 359
f 360 361 362
f 359 361 363
f 356 364 358
f 365 366 367
f 367 368 365
f 365 369 370
f 371 372 373
f 368 374 369
f 375 376 377
f 378 379 380
f 381 382 383
f 379 384 385
f 379 378 384
f 379 386 383
f 386 379 387
f 388 389 390
f 388 391 389
f 392 393 389
f 391 388 394
f 395 396 390
f 397 398 399
f 399 400 397
f 400 399 401
f 402 403 404
f 399 403 405
f 406 407 408
f 409 406 410
f 411 412 413
f 414 415 411
f 415 416 412
f 412 417 408
f 418 413 419
f 420 421 422
f 422 423 420
f 420 424 425
f 423 422 426
f 427 428 429
f 430 431 432
f 433 434 431
f 429 435 427
f 431 430 433
f 434 433 436
f 437 438 439
f 439 440 437
f 441 442 437
f 443 441 444
f 445 446 441
f 444 447 443
f 448 449 450
f 449 448 451
f 452 453 454
f 455 448 456
f 457 452 458
f 459 460 461
f 461 462 463
f 462 460 464
f 336 335 341
f 465 466 467
f 468 469 470
f 468 471 472
f 470 473 474
f 474 475 470
f 470 476 468
f 477 478 479
f 480 481 482
f 483 484 481
f 485 483 480
f 483 485 486
f 480 487 485
f 488 489 490
f 489 491 492
f 491 489 493
f 494 495 492
f 496 488 497
f 498 494 499
f 500 501 502
f 502 503 500
f 504 505 502
f 506 503 507
f 505 504 508
f 509 504 510
f 402 511 512
f 513 514 512
f 512 515 513
f 515 516 517
f 516 515 518
f 519 520 521
f 522 523 524
f 525 526 520
f 527 521 528
f 523 522 529
f 521 523 530
f 531 532 533
f 533 534 535
f 532 536 534
f 532 531 537
f 533 538 531
f 535 539 533
f 540 541 542
f 543 544 545
f 546 547 544
f 548 549 545
f 545 550 543
f 551 548 541
f 552 553 554
f 555 556 557
f 554 555 558
f 556 555 559
f 560 552 561
f 562 563 560
f 564 565 566
f 567 568 564
f 569 567 570
f 568 567 571
f 566 572 564
f 573 574 575
f 574 573 576
f 576 577 574
f 574 578 579
f 580 581 582
f 581 583 576
f 584 585 586
f 587 584 588
f 588 586 589
f 590 591 592
f 585 593 590
f 586 590 594
f 393 392 595
f 596 597 598
f 391 599 392
f 600 393 601
f 69 277 602
f 603 425 276
f 425 603 420
f 75 69 604
f 604 602 605
f 434 606 429
f 607 608 609
f 610 611 612
f 612 613 610
f 608 607 614
f 613 612 615
f 616 617 618
f 617 616 619
f 618 338 616
f 620 621 622
f 623 620 624
f 617 625 622
f 626 627 628
f 582 629 580
f 628 630 631
f 626 632 633
f 633 634 626
f 628 635 626
f 636 637 638
f 637 636 639
f 640 641 642
f 642 636 643
f 644 645 646
f 646 643 644
f 646 647 648
f 649 355 650
f 651 649 652
f 650 357 653
f 654 655 656
f 657 658 656
f 659 660 657
f 661 659 655
f 656 662 654
f 655 654 663
f 656 664 662
f 665 666 667
f 667 668 669
f 670 667 671
f 666 370 668
f 370 666 672
f 673 674 675
f 676 677 678
f 679 680 676
f 681 682 674
f 682 683 678
f 684 685 686
f 686 687 688
f 687 689 690
f 691 692 693
f 693 684 694
f 695 696 697
f 698 699 700
f 701 700 702
f 703 702 695
f 697 699 704
f 705 706 698
f 707 708 709
f 708 707 710
f 711 707 712
f 712 709 713
f 714 715 716
f 717 716 718
f 719 720 721
f 722 723 719
f 724 725 726
f 727 719 728
f 728 721 729
f 730 731 31
f 732 572 733
f 733 734 735
f 736 737 738
f 732 739 740
f 739 732 741
f 742 662 743
f 743 744 745
f 746 747 748
f 749 750 751
f 748 752 746
f 753 754 755
f 754 753 756
f 748 753 757
f 758 759 760
f 761 762 760
f 763 758 764
f 758 763 765
f 759 758 766
f 767 764 768
f 769 447 770
f 771 772 769
f 440 773 444
f 774 771 775
f 771 774 776
f 776 777 771
f 778 779 780
f 781 782 778
f 783 784 785
f 780 784 397
f 784 783 398
f 782 786 779
f 767 785 787
f 561 554 788
f 789 560 790
f 788 791 561
f 792 789 793
f 794 795 796
f 797 796 798
f 799 794 797
f 800 801 802
f 803 804 800
f 796 801 805
f 806 807 808
f 807 809 810
f 811 812 813
f 813 806 814
f 808 810 815
f 816 817 818
f 819 820 816
f 821 817 822
f 823 824 820
f 825 819 826
f 826 816 827
f 828 829 830
f 831 832 833
f 834 835 830
f 836 828 837
f 836 838 828
f 832 839 840
f 830 839 834
f 841 842 843
f 842 841 844
f 843 845 841
f 846 847 848
f 849 850 846
f 846 851 849
f 848 852 853
f 854 852 855
f 848 853 846
f 856 857 858
f 857 859 860
f 859 857 861
f 862 863 860
f 858 864 856
f 865 866 867
f 868 865 869
f 867 870 631
f 871 872 866
f 873 874 875
f 874 876 877
f 878 497 874
f 879 880 881
f 874 873 878
f 882 883 884
f 882 885 886
f 887 888 884
f 885 882 889
f 890 891 892
f 893 894 895
f 892 896 890
f 897 898 899
f 898 900 901
f 897 902 903
f 904 905 901
f 902 897 906
f 907 908 909
f 910 911 912
f 910 913 911
f 908 914 911
f 915 907 916
f 917 918 919
f 611 920 609
f 609 921 607
f 918 917 571
f 922 923 924
f 919 921 925
f 919 926 917
f 926 919 927
f 928 929 930
f 931 932 933
f 934 932 935
f 932 934 930
f 936 937 931
f 938 933 939
f 940 941 942
f 941 943 944
f 945 946 944
f 942 947 940
f 948 949 940
f 950 254 951
f 952 253 950
f 31 30 730
f 139 90 953
f 954 91 955
f 955 956 954
f 668 372 957
f 365 370 366
f 958 959 960
f 961 962 963
f 964 965 960
f 963 966 961
f 967 968 969
f 935 937 969
f 970 971 972
f 969 970 935
f 968 967 973
f 971 970 974
f 973 975 968
f 449 976 454
f 977 978 979
f 979 980 977
f 977 981 982
f 983 981 984
f 985 986 987
f 988 989 985
f 987 990 985
f 985 859 988
f 991 992 987
f 987 993 991
f 993 994 995
f 996 997 998
f 999 996 1000
f 998 1001 1002
f 1003 1001 1004
f 1005 1006 1003
f 662 742 1007
f 1008 1009 1007
f 1007 1010 1008
f 742 1011 1010
f 743 1012 742
f 1013 1014 1015
f 679 780 1014
f 48 1016 47
f 1017 49 1018
f 1018 1019 1017
f 1019 1018 1020
f 1021 1022 1023
f 1023 1024 1021
f 1021 1025 1026
f 1026 1027 1021
f 1023 1028 1029
f 1028 697 1030
f 697 1028 695
f 1031 1032 1033
f 1034 1035 1033
f 1036 1034 1037
f 1038 1036 1039
f 1032 1040 1037
f 1041 596 1042
f 1041 1043 1044
f 1044 597 1041
f 599 1045 598
f 1046 597 1047
f 1047 1044 1048
f 1049 1020 1050
f 1051 1049 1052
f 1053 1049 1054
f 1054 1050 1055
f 1056 1057 1058
f 1059 1060 1061
f 1062 1063 989
f 1064 1062 988
f 989 1065 986
f 986 1066 993
f 1067 1068 1069
f 1068 1067 1070
f 1069 1071 1067
f 1072 1073 1069
f 1069 1074 1072
f 1068 1075 1074
f 1076 1077 794
f 1077 1078 795
f 1079 1080 1081
f 1082 1083 1084
f 1080 1085 1084
f 1086 1087 1088
f 1088 1082 1086
f 1085 1089 1086
f 1090 1091 1092
f 1093 1094 1092
f 1095 1093 1096
f 645 1090 647
f 1097 1098 1090
f 1097 1090 1099
f 1100 1101 1102
f 1103 1104 1101
f 1105 1106 1107
f 1106 1105 1108
f 1102 1106 1109
f 1110 1111 1112
f 1113 1114 1112
f 1112 1115 1110
f 1116 1115 905
f 1117 906 1113
f 1118 1113 1119
f 1120 1117 1118
f 1121 1122 1123
f 1124 1125 1122
f 1123 1126 1121
f 1127 1128 1123
f 1123 1129 1127
f 1130 1131 1132
f 1133 1134 1135
f 1135 1130 1136
f 1137 1138 1139
f 1140 1137 1141
f 786 782 1142
f 1143 1144 1145
f 1142 1146 786
f 1144 1143 1147
f 1148 1143 683
f 1149 1150 1151
f 1152 1153 1154
f 1153 1155 1151
f 1154 1156 1152
f 1150 1157 1154
f 1150 1149 1158
f 1158 1159 1150
f 1160 1161 665
f 672 1161 1162
f 1161 1160 1163
f 665 1164 1160
f 1164 665 670
f 1165 1038 1166
f 1166 1039 1167
f 688 690 1032
f 690 1168 1040
f 49 1017 262
f 262 1169 237
f 1170 1169 1171
f 1172 1173 1174
f 1173 1172 1175
f 1176 1177 1178
f 1175 1177 1179
f 1177 1176 1180
f 1178 1172 1181
f 419 407 1181
f 1182 1183 406
f 1184 1185 649
f 1027 703 1022
f 1186 1187 1188
f 1189 1186 1190
f 1186 1189 1191
f 1190 1188 1192
f 1188 1193 1194
f 1193 1195 1196
f 1187 1197 1193
f 1198 1199 1200
f 1200 1201 863
f 1202 1203 1204
f 1200 1205 1198
f 1206 1207 1208
f 1208 1209 1206
f 1210 1211 1212
f 1213 1214 1215
f 1214 1134 1207
f 1207 1206 1215
f 1216 1131 1213
f 1141 1139 1216
f 1131 1130 1214
f 1217 1218 1219
f 1217 1220 1221
f 1219 1222 1223
f 1224 1219 1225
f 1219 1224 1217
f 1218 1226 1222
f 1227 1228 638
f 1229 1230 1228
f 572 566 734
f 1231 736 1232
f 740 570 732
f 1233 1234 1235
f 1235 1236 1233
f 1237 1238 1239
f 945 1239 1240
f 1241 1242 1243
f 1244 1245 1246
f 1242 1247 1246
f 1248 1249 1241
f 1247 1242 1250
f 825 1251 1252
f 1251 825 1253
f 819 825 1254
f 1252 1255 1256
f 1257 1258 1259
f 1259 1260 1257
f 1257 1261 81
f 1262 1263 1264
f 1265 1266 227
f 225 228 1267
f 1267 1266 1268
f 1266 1265 1269
f 1270 1271 1272
f 1273 1274 1275
f 1275 1276 1273
f 1277 1270 1278
f 1279 1280 1272
f 1281 1282 1283
f 1284 1285 1282
f 1286 1287 1288
f 1289 1290 1286
f 1290 1291 1287
f 1292 1293 1294
f 1294 1295 1292
f 1296 1297 1292
f 1298 1299 1300
f 1301 1302 1303
f 1304 1305 1303
f 1303 1306 1301
f 1302 1307 1308
f 1309 1304 1308
f 1302 1301 1310
f 1311 195 1312
f 195 1311 191
f 318 9 1313
f 1314 1315 1316
f 1313 1317 318
f 1317 1313 1318
f 1319 1314 1320
f 501 500 1321
f 500 1322 1323
f 1324 1325 1326
f 1325 1327 1323
f 1327 1328 1321
f 1329 1330 1331
f 1332 1333 1331
f 1334 1335 1336
f 1337 1329 1335
f 1338 1339 1332
f 1331 1340 1332
f 1341 1342 1343
f 1344 456 1345
f 1346 1341 453
f 1342 1341 1347
f 456 450 1343
f 935 972 934
f 972 1348 1349
f 1350 1351 1352
f 1353 1352 1354
f 1351 1355 1356
f 1352 1356 1357
f 1358 1351 1359
f 1351 1358 1355
f 508 1360 505
f 1361 1362 1363
f 880 879 1364
f 1365 1366 1364
f 1367 1368 496
f 496 880 1367
f 1366 1365 1369
f 1364 1370 1365
f 1371 1372 1373
f 1374 749 1375
f 1376 1377 1374
f 1378 1374 1379
f 1379 1375 1380
f 752 1381 751
f 1221 1382 1217
f 1382 1383 1218
f 1384 1385 1386
f 1387 1384 1388
f 1389 1390 1391
f 1388 1386 1392
f 1393 1391 1394
f 1048 1395 1396
f 1397 1048 1398
f 1395 1399 1400
f 1401 1402 1400
f 1048 1403 1395
f 1404 1405 1406
f 1406 1407 1408
f 1409 1410 1411
f 1405 1404 1412
f 1405 1413 1407
f 1414 1415 1416
f 1417 1416 1418
f 1308 1419 1309
f 1418 1419 1420
f 1415 1421 1309
f 1422 1423 1424
f 1424 1393 1425
f 1391 1393 1389
f 1389 1423 1426
f 1027 1026 1427
f 1428 904 1427
f 1427 1429 1428
f 1430 1429 1431
f 1432 1082 1433
f 1434 1433 1435
f 1436 1437 1438
f 1438 1439 1440
f 1441 1439 1442
f 1443 1444 1436
f 1445 1446 1447
f 1448 1449 1450
f 1446 1451 1448
f 1446 1445 953
f 1451 1446 956
f 1238 1237 1452
f 944 1237 945
f 1452 1453 1238
f 1452 943 1454
f 1455 1456 1457
f 1458 601 1456
f 1047 1459 1046
f 1460 1458 1455
f 1461 1462 1463
f 1463 1464 653
f 1461 1465 1466
f 1465 1461 363
f 1462 1461 1467
f 1468 1436 1469
f 1470 1443 1468
f 1471 1472 1128
f 1472 1473 1474
f 1475 1471 1476
f 1126 1472 1477
f 1478 1479 1480
f 1480 1481 1478
f 1482 1483 1484
f 1485 1486 1487
f 1488 525 519
f 521 527 519
f 519 1489 1488
f 525 1488 1490
f 526 525 1491
f 1492 1493 1494
f 1494 1495 1496
f 1497 1495 1498
f 1499 1500 1501
f 1500 1502 1492
f 1501 1492 1503
f 1503 1494 1504
f 1505 1506 274
f 271 272 1507
f 1508 1509 1510
f 1510 1511 1508
f 1512 1513 1510
f 1514 1515 1510
f 1509 1516 1514
f 1517 1518 1519
f 1520 1521 1522
f 1519 1523 1517
f 1523 1524 1522
f 1522 1525 1520
f 1526 1527 1528
f 1528 1529 334
f 1527 1530 1529
f 1531 1532 1533
f 1534 333 1532
f 1530 1535 1533
f 1536 1531 1537
f 1538 1539 486
f 1540 1541 1542
f 1543 1544 1538
f 484 483 1541
f 1545 1544 385
f 1546 1545 1547
f 1548 1547 1549
f 1547 1548 1546
f 982 1550 977
f 1550 1551 978
f 1552 1553 1554
f 978 1555 1556
f 1554 1555 1557
f 1558 1550 1559
f 1560 664 1561
f 664 1560 744
f 660 1562 658
f 1562 1563 1561
f 1561 1164 1560
f 438 1564 1565
f 1566 1567 1565
f 1568 1566 1569
f 1570 1571 1572
f 1573 1574 1575
f 1576 1572 1577
f 1571 1578 1575
f 1579 1580 1221
f 1581 1411 1582
f 1412 1583 1405
f 1584 1409 1581
f 1581 1585 1584
f 1582 1413 1586
f 1582 1587 1581
f 1587 1582 1588
f 1589 1590 1591
f 1592 1593 1590
f 1590 1594 1595
f 1592 1590 1596
f 1597 1593 1598
f 1599 1600 1601
f 1601 1602 1599
f 1603 1604 1605
f 1606 1600 1607
f 1600 1599 1608
f 1600 1606 1605
f 339 338 344
f 621 1609 618
f 342 1610 340
f 1542 1611 1540
f 1611 1612 1613
f 1614 1615 1616
f 1615 1617 1613
f 1545 1546 1542
f 1544 1545 1539
f 1541 1540 484
f 1197 1187 1618
f 1187 1186 1619
f 1620 1621 1619
f 1618 1622 1197
f 1623 1624 1625
f 1623 1504 1609
f 1504 1623 1503
f 1624 1623 621
f 1626 1501 1625
f 1627 1626 1628
f 1629 1627 1630
f 1631 1632 1633
f 1632 1631 1634
f 1635 1632 1636
f 1637 1638 1639
f 1633 1637 1640
f 1638 1637 1635
f 1310 1641 1302
f 1420 1307 1642
f 1267 1643 225
f 1268 1644 1267
f 168 226 1645
f 1646 1647 1648
f 1648 1649 1646
f 1650 1651 1646
f 1648 1652 1653
f 1654 1652 1655
f 1656 1657 1654
f 1658 1659 1184
f 1660 1184 651
f 1661 1658 1660
f 651 1662 1660
f 1663 1664 1665
f 1665 1666 1667
f 757 755 1668
f 1664 1669 1666
f 1670 1671 1663
f 1665 1672 1663
f 1673 1674 1675
f 1676 1673 1677
f 1678 1679 1676
f 1679 1680 1673
f 1677 1339 1676
f 1681 1682 1683
f 1684 1682 1426
f 611 610 1684
f 920 611 1685
f 1426 1686 1684
f 1326 1687 1324
f 1688 1689 1690
f 1689 1688 1147
f 1691 1688 1692
f 1690 1687 1693
f 1192 1694 1190
f 1695 1696 1694
f 342 341 1194
f 1697 1698 1190
f 1699 1700 1412
f 1699 1701 1700
f 1586 1583 1702
f 1703 1702 1704
f 1705 1706 1707
f 1708 1709 1706
f 1710 1707 1711
f 1712 1713 1714
f 1715 1714 1716
f 1717 1334 1718
f 1719 1337 1334
f 1720 1719 1717
f 1719 1720 1721
f 1722 1717 1723
f 1717 1722 1720
f 1724 1725 1726
f 1727 1728 1729
f 1728 1730 1724
f 1731 1732 1733
f 1734 1735 1727
f 1736 1387 1737
f 1418 1736 1417
f 1392 1738 1388
f 1739 1740 1741
f 1740 1739 1742
f 1743 1744 1745
f 1111 1743 1119
f 1746 1118 1745
f 1742 1746 1740
f 1747 1748 1749
f 1750 1747 1751
f 1752 1747 1753
f 1754 1755 1749
f 1756 1754 1757
f 1758 1757 1759
f 1757 1758 1756
f 1760 1761 1762
f 1122 1763 1124
f 1763 1764 1762
f 1765 889 1760
f 1125 1124 1766
f 1498 1767 1497
f 1768 1767 1769
f 1767 1498 1770
f 1495 1497 1771
f 1772 1773 1774
f 1767 1768 1774
f 1775 1776 1777
f 1776 1778 1779
f 1777 1779 1408
f 1780 1781 1782
f 1778 1783 1782
f 1784 1785 354
f 1786 1787 1788
f 354 347 1784
f 1785 1784 1789
f 1787 1790 1791
f 1792 792 1793
f 793 790 1794
f 1794 1795 793
f 1796 1797 1792
f 1798 1792 1799
f 1800 1801 1802
f 1803 928 1804
f 1801 1805 1804
f 1806 1807 1808
f 1808 1809 1806
f 1810 1811 1812
f 1808 1813 1814
f 1807 1815 1813
f 1816 1817 1818
f 1819 1820 1821
f 1822 1820 1823
f 1817 1816 1822
f 1821 1816 1824
f 1821 1825 1819
f 597 1046 595
f 1826 600 1458
f 1827 1828 1829
f 1830 1831 1832
f 1828 1827 1833
f 1829 1834 1827
f 1829 1831 1835
f 1836 1837 1838
f 1837 1836 1839
f 1840 1841 1842
f 1838 1843 1836
f 1844 1845 1838
f 1846 1844 1847
f 1837 1848 1847
f 1849 1850 1851
f 1852 1853 1854
f 1855 1852 1850
f 1855 1850 1856
f 1857 1144 1858
f 1147 1859 1689
f 1860 1859 1148
f 550 1861 1862
f 1863 1864 1861
f 1865 1866 1867
f 1868 1869 1866
f 1870 1868 1865
f 1871 1867 1872
f 1610 342 1196
f 1873 1874 1875
f 1874 1753 1876
f 1753 1874 1752
f 1877 1878 1876
f 1879 1873 1880
f 1878 1881 1875
f 1882 1883 831
f 833 1884 831
f 1885 1882 1886
f 839 832 1887
f 1888 1889 1890
f 1891 1649 1892
f 1892 1889 1893
f 1653 1890 1648
f 1894 1895 1896
f 1066 1897 994
f 1898 1896 1661
f 1896 1897 1658
f 1899 1900 1901
f 1901 1902 1009
f 1009 1008 1901
f 1902 1903 663
f 1903 1902 1904
f 912 1905 1906
f 1907 1908 1909
f 1906 1909 1910
f 1906 1911 912
f 1910 1912 1906
f 1863 549 1913
f 1914 1915 548
f 1861 550 1863
f 1913 1916 1863
f 1917 1918 1919
f 1920 1921 1922
f 1919 1923 1917
f 1924 1925 1917
f 1919 1920 1926
f 1923 1919 1927
f 1897 1066 1659
f 1659 1065 1185
f 1183 1182 1928
f 1929 1182 409
f 1178 1928 1176
f 1928 1178 1183
f 1182 1929 1930
f 1931 1932 1930
f 1933 1934 1935
f 1934 1933 1936
f 1937 1933 1938
f 1939 1940 1935
f 1935 1941 1939
f 1941 1942 1943
f 1934 1944 1941
f 1945 1892 1946
f 1947 1945 1948
f 1949 1891 1945
f 1949 1945 1604
f 1111 1110 1950
f 1951 1952 1953
f 1110 1954 1953
f 1952 1951 1328
f 1955 1956 1954
f 474 478 1957
f 1958 1959 1960
f 478 477 1960
f 1960 1961 1958
f 1962 1963 384
f 1964 1548 1965
f 1421 1415 1965
f 1963 1421 1549
f 1965 1966 1964
f 1967 1693 1968
f 1969 1968 1970
f 1971 1236 1972
f 1693 1973 1972
f 1692 1690 1967
f 1974 1975 1976
f 1977 1978 1979
f 1979 1980 1977
f 1980 1979 1981
f 1926 1922 1974
f 1982 1974 1642
f 1974 1982 1926
f 1299 1983 1984
f 1985 1295 1986
f 1299 1984 1294
f 1986 1984 1987
f 1988 1985 1989
f 1989 1986 1990
f 1641 1310 1991
f 1992 1993 1994
f 1982 1991 1927
f 1310 1995 1994
f 1996 1997 1998
f 1999 2000 2001
f 2001 2002 1999
f 1996 2003 2004
f 2004 2005 1996
f 1998 2006 1996
f 2007 2008 1754
f 1754 1756 2007
f 2008 2007 2009
f 1686 2010 1685
f 927 925 2011
f 925 920 2012
f 2013 2014 1915
f 2015 2016 2014
f 2014 2017 1913
f 2013 2018 2014
f 1959 2019 1957
f 475 474 2020
f 2021 2022 2023
f 1707 1710 1705
f 2022 1708 1705
f 2023 2024 2021
f 2022 2021 2025
f 973 2026 2027
f 2028 2027 1034
f 2027 2028 973
f 2027 1244 1035
f 2026 2029 1244
f 2030 2031 2032
f 856 2033 2034
f 857 856 2035
f 2036 2037 2038
f 2037 2036 2039
f 2040 2041 2042
f 2042 2043 2040
f 2039 2044 2037
f 2045 2046 2047
f 1839 1841 2048
f 2046 2049 2050
f 2046 2045 1094
f 2047 2051 2045
f 1841 1840 2050
f 2051 2047 2052
f 1770 2053 875
f 2054 1768 2055
f 875 877 1770
f 877 2056 1769
f 2057 1780 2058
f 1163 2059 2058
f 1163 2058 1162
f 1970 1453 1969
f 1236 1235 1970
f 1785 2060 1791
f 2061 2062 2063
f 2064 2065 2062
f 2066 2064 2061
f 1169 1170 1312
f 2067 1005 2068
f 2068 2069 2067
f 2070 2071 2072
f 2072 2005 2070
f 2073 2002 2068
f 579 2074 1806
f 575 579 2075
f 2076 2077 1893
f 2078 2079 2076
f 2080 2077 153
f 1893 2081 2076
f 1604 1603 1949
f 1646 1891 1650
f 1651 1650 2082
f 1604 1947 1601
f 1607 1608 2083
f 2084 2085 2086
f 591 2087 2088
f 2086 2087 2089
f 1882 2086 1883
f 2086 1882 2084
f 2090 2091 2092
f 2093 2094 2090
f 2095 2096 2094
f 2097 2091 2098
f 2094 2093 2095
f 2090 2099 2093
f 2092 2100 2090
f 2101 2102 2103
f 2103 2104 2101
f 2101 2105 2106
f 2107 2108 2109
f 1591 1104 1589
f 2110 2111 1103
f 1596 1589 2112
f 2113 2114 2115
f 2115 2116 2117
f 2118 2119 2117
f 2119 2118 2120
f 2115 2119 2113
f 2121 2122 2117
f 2123 2124 2125
f 766 765 2126
f 2127 2128 2129
f 2130 2131 2128
f 405 2132 2133
f 403 402 2132
f 2134 2133 2135
f 2136 2137 514
f 2138 2139 2140
f 2141 2142 2138
f 2142 1377 2139
f 2141 2143 2144
f 2143 2141 2145
f 2142 2141 750
f 565 1442 2146
f 2147 1232 2148
f 568 1441 565
f 1639 2149 2150
f 2150 2151 2152
f 2150 2153 1639
f 1523 1519 2154
f 2154 2155 1523
f 2155 2154 416
f 2156 2157 2158
f 2158 2159 2156
f 1519 2160 2158
f 489 488 2161
f 2162 741 756
f 735 2163 733
f 741 2162 739
f 739 2143 2164
f 1156 2165 2166
f 2167 1924 2165
f 1157 2167 1156
f 2168 2169 1790
f 2170 2171 2169
f 2172 2173 1045
f 1045 599 2172
f 1043 1041 2174
f 2175 2176 2177
f 2178 2179 2180
f 2181 2182 2176
f 2183 2181 2175
f 2184 2175 2185
f 2186 2187 2188
f 2189 2190 2191
f 2191 2192 2189
f 2193 2186 2194
f 2195 2196 2197
f 908 907 2198
f 2197 2199 2195
f 907 915 2197
f 914 908 2200
f 435 2201 2202
f 2203 2204 2205
f 2205 1383 2203
f 1990 1987 2206
f 2207 2204 1987
f 2208 1990 1580
f 1711 2209 1710
f 2024 2023 2210
f 2209 2211 2210
f 2211 2209 2039
f 2212 2213 2214
f 2214 2215 2212
f 2216 2217 2218
f 2219 2220 2221
f 2222 2223 2220
f 2220 2219 2222
f 2224 2225 2226
f 2227 2228 2229
f 2226 2230 2224
f 2230 2226 2231
f 2225 2232 2229
f 2225 2224 269
f 2233 2234 2235
f 2234 2159 2236
f 2237 2238 2236
f 2233 2239 1657
f 2235 2240 2233
f 2241 2242 1939
f 1939 1943 2241
f 2243 2244 2245
f 2244 2246 2247
f 2245 2247 2248
f 2249 2250 2251
f 2252 1824 2249
f 2248 2250 1818
f 322 79 2253
f 128 322 2254
f 2255 2256 2257
f 1261 2257 78
f 2257 1261 2255
f 2258 1469 2259
f 1469 2258 1468
f 1469 1438 2260
f 2261 2262 2259
f 2263 2258 2264
f 2260 1440 2265
f 2265 2261 2260
f 1569 2266 1568
f 2267 2268 1568
f 1731 2267 2269
f 2270 2269 2271
f 1564 2272 1569
f 2271 2266 2273
f 2274 2275 2204
f 1983 2274 2207
f 2205 2276 2277
f 2278 2279 2275
f 2280 2281 2274
f 2278 2275 1211
f 2282 2283 2085
f 592 2088 2284
f 2285 2286 2287
f 2288 2289 2290
f 2291 2289 2292
f 2286 2285 2291
f 852 2290 2293
f 854 2288 852
f 2290 2285 2294
f 1881 2295 1880
f 2296 2297 2298
f 2295 2299 2300
f 1880 2300 1879
f 2301 2302 2303
f 2304 2305 2302
f 2305 2304 2306
f 2304 2307 2308
f 2307 2304 2301
f 1336 1333 1677
f 1718 1336 1675
f 2309 2310 2311
f 638 2310 1227
f 2096 2312 2098
f 2313 2314 2095
f 2315 2316 2317
f 2317 2318 1536
f 2316 2319 2318
f 2318 1534 1531
f 2320 2321 2316
f 2316 2315 2320
f 178 169 2322
f 962 2323 2324
f 962 961 2323
f 2323 1054 2325
f 1053 1054 2326
f 2327 2328 2325
f 2329 603 265
f 2330 2329 179
f 2331 2332 2333
f 2334 2331 2335
f 2336 2337 2333
f 2338 2339 2340
f 2341 2336 2339
f 2342 2343 2344
f 2345 463 2346
f 464 2342 462
f 2347 2348 2345
f 2346 2349 2345
f 2350 2351 2352
f 2280 2353 2350
f 2354 2355 2351
f 2353 2280 1983
f 2281 2280 1209
f 2356 2357 1385
f 2357 2358 1394
f 2359 606 2360
f 2360 2361 2362
f 2360 2363 2359
f 2364 345 1771
f 345 344 1496
f 1771 1773 2364
f 2365 2366 2367
f 2367 2368 1354
f 2366 2369 2368
f 2366 2365 715
f 2370 2371 2372
f 2373 2370 2374
f 2375 2000 2370
f 2376 2371 1999
f 2377 2006 2378
f 2378 2375 2373
f 1298 2353 1299
f 2354 1298 2379
f 1515 2380 1512
f 2381 1513 2382
f 2383 2381 2384
f 1515 2385 2380
f 2384 2382 2386
f 2387 2388 1097
f 1097 1099 2387
f 2389 1091 2390
f 1955 1954 1116
f 1355 2391 2063
f 2391 2392 2393
f 2394 2061 2393
f 389 2395 2396
f 2395 2397 2398
f 393 600 2395
f 2399 2400 2401
f 1225 2402 1224
f 2402 2403 2404
f 2400 1220 2404
f 2401 2386 2399
f 2400 2399 2405
f 2406 2407 1985
f 2407 2406 2408
f 2408 1296 2407
f 1116 905 1428
f 901 2409 904
f 1955 1116 2410
f 2411 260 2412
f 2413 259 2411
f 2414 2415 2416
f 818 2417 2418
f 2417 2419 2416
f 2415 2420 2418
f 1656 2421 2234
f 2234 2233 1656
f 2422 2423 2424
f 2425 2426 2427
f 145 148 2424
f 2424 2426 145
f 2424 2428 2422
f 1499 2429 593
f 593 2430 591
f 860 990 862
f 2431 2432 2433
f 2434 2435 2436
f 2435 2437 2433
f 2438 2439 2434
f 2439 2440 2435
f 2441 1079 2442
f 2443 1701 1079
f 1079 2441 2443
f 2444 705 2445
f 705 2444 2446
f 706 705 2447
f 2448 1064 861
f 2449 2450 2451
f 2452 1330 2450
f 2453 2451 2454
f 2450 2455 2296
f 2298 2456 2296
f 992 991 2457
f 991 995 2458
f 2459 1204 2457
f 2458 2406 1988
f 1988 2459 2458
f 1159 1158 2460
f 1284 2461 2462
f 2463 2462 2464
f 2465 2466 1482
f 2467 1483 2196
f 2466 2465 2200
f 1484 1937 1482
f 1479 1478 2467
f 1507 2232 271
f 2468 2469 2470
f 929 928 2468
f 2471 1803 2472
f 1803 2471 2468
f 939 929 2470
f 2473 2474 2475
f 2476 2477 1671
f 2478 2479 2477
f 2475 2480 2473
f 2481 2482 2483
f 2483 2484 2481
f 2485 2482 2486
f 2487 2483 2488
f 2489 2490 2482
f 2482 2481 2489
f 619 1610 2491
f 343 337 2364
f 1683 2492 1681
f 1681 2493 2494
f 2492 1683 2495
f 2494 2496 1681
f 2432 2497 2436
f 2498 2499 2431
f 2499 2498 2500
f 2501 2499 2502
f 2497 2432 2501
f 2503 2431 2504
f 2193 2505 798
f 2505 910 2506
f 1911 797 2506
f 2194 2507 2193
f 798 805 2193
f 2508 2509 2510
f 2509 2508 1884
f 2510 2511 2508
f 1885 1886 2512
f 2513 2514 2515
f 2511 2510 2516
f 1122 1121 1763
f 1535 2517 1537
f 2518 2519 2520
f 2518 18 2521
f 2522 2523 2520
f 2520 2524 2522
f 2520 2525 2518
f 2526 2524 2396
f 1136 2527 1135
f 1136 1132 2528
f 2528 2529 1136
f 1135 2530 1133
f 782 781 1145
f 2531 692 958
f 2532 964 2533
f 692 691 959
f 2534 2535 2414
f 2420 2415 2536
f 2537 2414 2538
f 1417 1737 2539
f 1738 1392 2540
f 2539 1738 2541
f 1416 1417 1414
f 2541 2542 2539
f 2543 1283 2544
f 2545 1281 2543
f 2460 2461 2545
f 2461 1284 1281
f 2546 2547 711
f 2548 2549 2547
f 409 2546 1929
f 2200 2198 2466
f 2305 2467 2195
f 563 562 2550
f 560 789 562
f 562 2551 2552
f 2355 2354 2314
f 2553 2554 2555
f 2312 2096 2379
f 2555 2355 2313
f 2379 1300 2312
f 2556 2557 2558
f 2558 2559 2556
f 2560 2561 2556
f 2559 2558 2562
f 2563 2564 2565
f 2558 2566 2567
f 1203 1202 2568
f 2568 2569 1203
f 1203 2570 1198
f 2571 2572 2568
f 2573 2208 1579
f 1579 2571 2573
f 2208 2573 2574
f 2575 1775 2576
f 1775 2575 2577
f 2578 2576 1409
f 1408 1410 1777
f 2576 2578 2575
f 1768 2054 2579
f 2579 2580 2581
f 2581 1772 2579
f 2580 2441 2582
f 2054 2583 2580
f 2584 1191 2585
f 2584 1620 1191
f 1698 2586 1189
f 2586 2587 2588
f 363 1463 359
f 653 2589 650
f 821 2590 2419
f 822 2591 821
f 2592 2590 2593
f 824 2594 822
f 2419 2417 821
f 946 2595 942
f 2596 2597 2565
f 2598 2563 2599
f 2565 2566 2596
f 2597 2600 2599
f 2601 2602 2596
f 2603 2411 2604
f 1056 2413 2603
f 1057 1056 2605
f 2604 894 2603
f 2604 2412 896
f 374 886 373
f 2606 371 2607
f 327 1526 325
f 2608 2609 1526
f 2610 2608 327
f 2611 2612 2608
f 2613 2611 2610
f 2614 461 2348
f 2615 2614 2616
f 862 992 1205
f 1577 1574 2582
f 1574 1573 2581
f 2582 2442 1577
f 2617 2618 2619
f 1127 2617 2620
f 1129 1125 2617
f 2621 2619 2622
f 2623 2624 1213
f 2624 2625 1216
f 2625 2624 2626
f 2627 2628 660
f 2097 2629 2630
f 2098 2631 2097
f 2630 2632 2097
f 2632 2630 2633
f 2630 1898 2634
f 1896 1898 1894
f 2635 2282 2084
f 2084 1885 2635
f 2636 2637 2635
f 2283 2282 2638
f 2249 2639 2252
f 2640 1825 2641
f 2642 2641 2643
f 2251 2644 2249
f 1083 2645 1081
f 2646 2647 2648
f 2649 2650 2651
f 2650 1567 2652
f 440 439 2650
f 2647 1921 2652
f 868 575 2653
f 2653 2654 868
f 2653 2075 2655
f 2656 2657 1280
f 2657 2658 1278
f 1278 2659 1277
f 1280 1279 2656
f 2657 2656 2660
f 955 2523 2661
f 2523 91 2525
f 2293 2294 2662
f 2662 2663 2293
f 2663 2662 2664
f 2662 2665 2666
f 2667 2665 2287
f 1626 1627 2429
f 2033 2668 2032
f 864 2669 2033
f 2032 2670 2030
f 2113 2671 2672
f 2673 2672 2674
f 2675 2676 2677
f 2678 2679 2671
f 2671 2119 2678
f 2680 2681 2682
f 2185 2680 2184
f 2683 2684 2680
f 2175 2184 2183
f 2184 2682 2685
f 775 769 2686
f 2687 774 2688
f 1924 2167 2686
f 2686 2689 775
f 2686 770 1924
f 770 773 1925
f 1507 1506 2690
f 1506 1505 2691
f 2692 2693 2694
f 2692 2695 2696
f 2696 2697 2692
f 2694 2140 2692
f 2693 2698 2699
f 2699 2700 2164
f 2694 2699 2145
f 910 2505 913
f 675 1744 673
f 1744 675 1741
f 680 2701 677
f 674 673 681
f 673 1743 1950
f 2702 2703 2542
f 1415 1414 1966
f 1108 2704 2705
f 2705 2706 1108
f 2707 2704 2708
f 148 139 2428
f 2709 2710 2634
f 2634 1661 2709
f 2711 510 2712
f 2713 2714 2712
f 2712 501 2713
f 2715 2716 2717
f 2718 2719 2715
f 2720 2715 2721
f 2717 2722 2723
f 2722 2724 2725
f 2724 2722 2726
f 1674 2727 2728
f 2729 2292 2730
f 2727 2291 2729
f 2727 1674 2731
f 2728 2729 1723
f 2019 1959 1030
f 2732 2019 704
f 2733 2020 2732
f 2447 2732 706
f 2006 1998 2375
f 2734 2735 2736
f 2737 2738 2739
f 2740 2736 2741
f 2741 2742 2740
f 2743 2048 2744
f 2745 1839 2743
f 1839 2745 1837
f 2746 1830 2747
f 722 2748 2746
f 1831 1830 2749
f 2750 2746 2751
f 2752 2753 2747
f 2747 1832 2752
f 1832 1828 2754
f 2755 2756 1435
f 1434 2627 2757
f 2758 1433 2757
f 1434 2756 2627
f 2759 2755 1087
f 2755 2759 2760
f 2761 2227 2762
f 2227 2761 2563
f 2762 2690 2761
f 30 263 1061
f 604 2763 75
f 1794 791 2764
f 1485 2765 788
f 2766 2767 2765
f 2767 2768 2764
f 1459 1047 1397
f 1490 2769 2770
f 2770 2771 2772
f 1491 1490 2773
f 2774 2775 2769
f 2774 2769 2776
f 2764 2777 1794
f 2486 2778 2779
f 2488 2485 2780
f 2781 2780 2779
f 2782 2783 2490
f 773 440 2649
f 594 592 2784
f 589 594 2785
f 2786 2787 2788
f 2789 2788 2092
f 623 2100 2790
f 2787 1630 2790
f 2790 2791 623
f 834 2792 2786
f 1630 2787 1629
f 2791 1624 620
f 1624 2791 1628
f 2793 1361 2794
f 2794 1363 509
f 1361 2795 1362
f 2796 2795 2793
f 2797 2130 2127
f 2131 2130 2798
f 1858 2797 1857
f 427 2202 1443
f 350 2799 346
f 2800 619 2801
f 2801 2802 2800
f 1195 2803 2491
f 2804 1262 2427
f 2804 2805 2806
f 2427 2423 2804
f 2806 2807 2804
f 1258 2425 1264
f 2387 2808 2809
f 2810 2809 2612
f 2811 2388 2809
f 2808 2812 2813
f 1099 2814 2808
f 1209 1208 2281
f 2352 2815 2350
f 2816 2278 1210
f 2114 1253 2116
f 2817 2121 2818
f 2673 1251 2114
f 2819 2820 1349
f 2821 2822 2823
f 2823 2824 2825
f 2825 2826 2823
f 2826 2827 2828
f 2829 2821 2828
f 603 2329 421
f 2830 2831 681
f 2832 2833 2674
f 1256 2833 2834
f 2833 2832 2835
f 2674 2676 2832
f 1251 2673 1255
f 1843 2836 1842
f 1842 2837 1840
f 1670 2838 2839
f 1663 2840 1670
f 2839 2476 1670
f 2841 2842 2843
f 1712 2844 2842
f 2845 2846 2847
f 2846 2845 2439
f 2847 1835 2845
f 2848 2849 2850
f 2850 2440 2848
f 479 473 2851
f 2852 477 2853
f 2851 2854 479
f 2851 469 2030
f 469 468 2031
f 2855 2856 2857
f 2857 2858 2859
f 2856 2816 2858
f 2860 2861 1964
f 1964 2703 2860
f 1612 1611 2861
f 2862 1102 2863
f 356 355 1063
f 2766 1487 2306
f 2467 2305 1479
f 2864 2865 2866
f 2867 2868 2869
f 2866 2870 2864
f 2871 2867 2872
f 2870 2866 2873
f 1175 2874 1173
f 2875 2876 2754
f 2753 2752 2877
f 2877 2876 493
f 2814 1099 644
f 2517 2814 1230
f 1159 2689 1157
f 1894 2629 1297
f 2312 1293 2631
f 1688 1691 1858
f 2130 2797 2878
f 1692 2879 1691
f 2880 854 2881
f 854 2880 2288
f 847 2882 855
f 2883 2733 2447
f 2545 2687 2460
f 2884 2319 2885
f 2884 2886 333
f 2885 2321 2887
f 2262 2885 2264
f 2886 2884 2262
f 2888 2889 1844
f 2890 2807 2891
f 2889 2888 2806
f 1844 1846 2888
f 814 2891 813
f 906 1117 902
f 905 1114 899
f 2892 2893 2894
f 2895 1000 2892
f 2896 1869 2894
f 2893 1002 2897
f 546 2896 2897
f 547 546 2898
f 1929 711 2899
f 1879 2297 2900
f 2901 2118 2902
f 2903 2901 1075
f 2904 2577 2905
f 2577 2904 1775
f 2577 2906 2907
f 2908 2904 2909
f 2706 2705 2907
f 413 418 411
f 844 414 842
f 2910 2911 414
f 2912 2910 844
f 2454 2456 2913
f 2456 2298 2914
f 2915 2916 2299
f 2299 2295 2915
f 559 553 2917
f 563 2918 552
f 1963 1962 1305
f 2919 1306 378
f 2341 2919 380
f 2920 2921 2922
f 2923 724 1015
f 2924 725 2923
f 2922 2925 726
f 1015 2925 1013
f 2926 2927 2928
f 2929 2930 1179
f 2926 2931 2873
f 2932 2933 2930
f 2928 2104 2926
f 2934 2935 2936
f 2935 2937 2938
f 2935 2934 2939
f 2940 2941 2938
f 2941 939 2936
f 2936 2470 2934
f 876 495 2056
f 497 490 876
f 2942 2943 494
f 2944 2055 2943
f 2945 2946 2947
f 2553 2945 2948
f 2948 2947 2949
f 2950 1622 2951
f 2951 2952 2950
f 2946 2945 2953
f 1622 2950 2954
f 2955 2956 2957
f 2958 2959 2956
f 2956 2960 2961
f 2957 2961 999
f 2961 2962 996
f 2963 723 2964
f 2746 2750 722
f 2964 2750 2965
f 2748 722 727
f 2089 2430 2966
f 2966 1887 2089
f 2616 2967 2615
f 2348 2347 2616
f 2515 1467 2513
f 2099 624 2968
f 2093 2968 2969
f 2923 401 2924
f 2924 2134 2970
f 2133 2134 405
f 2542 2541 2702
f 441 443 445
f 777 2971 772
f 671 2972 2973
f 2974 2975 2976
f 2975 2974 1904
f 2976 2977 1615
f 2978 2977 2979
f 581 580 2980
f 2980 2981 2982
f 2982 2983 2980
f 2980 2984 581
f 2981 627 2985
f 627 2981 630
f 2638 2986 2283
f 2986 2987 2284
f 1062 1064 364
f 2988 362 2989
f 471 2989 2448
f 476 2988 471
f 2990 2991 1234
f 2991 2992 1240
f 2993 542 2994
f 2489 540 2993
f 2995 2996 2997
f 2504 2998 2503
f 2999 3000 3001
f 2503 2995 3002
f 2789 2633 3003
f 2633 2789 2632
f 1667 3004 1665
f 3005 3006 3007
f 2860 3008 3005
f 3007 1616 3005
f 3005 1612 2860
f 3009 3010 1318
f 3011 3012 3013
f 1602 3013 3014
f 3013 1948 3011
f 3014 3015 1599
f 3010 3009 3014
f 3016 2313 2969
f 2802 3016 3017
f 3018 2555 3016
f 3019 3020 3021
f 3022 3023 3024
f 3025 3024 3026
f 3027 3022 3025
f 3028 3029 1564
f 2273 2272 2102
f 3029 3028 3030
f 614 3031 569
f 571 923 568
f 607 918 3031
f 2464 1149 3032
f 3033 3032 3034
f 2948 2352 2553
f 3035 2151 3036
f 2177 2179 3037
f 2179 2178 3035
f 3036 3038 3035
f 1638 3039 2149
f 3038 3036 3040
f 2102 2101 2273
f 2106 3041 3042
f 3030 2109 3029
f 3042 2271 2106
f 2705 3043 2905
f 3043 3044 2909
f 3044 3043 2707
f 778 676 781
f 1014 1013 679
f 780 679 778
f 3045 2957 3046
f 3047 1722 2730
f 2730 3048 3047
f 1723 1718 2728
f 2658 3049 2659
f 2659 3050 2734
f 3050 3051 2735
f 3052 3049 3053
f 3051 3050 3052
f 3054 3055 3056
f 3055 2879 3057
f 3055 3054 2798
f 3058 3054 3059
f 3057 3060 3061
f 3061 3062 3057
f 2998 3063 2995
f 2996 2135 3001
f 3064 459 2614
f 2614 2615 3064
f 2136 2999 2137
f 3065 3066 2999
f 2999 2136 3065
f 1800 2819 3067
f 1349 3068 2819
f 3069 3067 3070
f 3067 3071 3072
f 537 3071 3073
f 3074 2852 3075
f 3076 1470 3077
f 432 428 3076
f 3078 3076 3079
f 3079 3077 2263
f 593 585 1499
f 1501 1626 1499
f 3076 3078 432
f 3080 3078 3081
f 3082 430 3083
f 3084 3083 3080
f 3085 1931 2899
f 2899 712 3085
f 3086 3087 3085
f 3004 1667 3088
f 1137 1140 3089
f 1869 2896 1862
f 3090 3091 1823
f 3092 1822 3093
f 3094 3092 3095
f 3096 3091 3097
f 3091 3096 3093
f 3098 2495 2696
f 3099 3100 3101
f 3006 3102 3099
f 3102 3098 3100
f 2698 2693 615
f 614 2698 608
f 615 2697 613
f 3103 126 3104
f 1457 1459 3105
f 3106 1457 3107
f 3105 1397 639
f 497 878 496
f 3108 3109 3110
f 3111 3112 3109
f 3109 1855 3111
f 3113 3114 3115
f 1631 3116 3117
f 1634 3117 3118
f 3117 2560 3119
f 3116 3120 2560
f 3121 3122 3116
f 1989 2574 1988
f 2756 2755 3123
f 508 1362 1360
f 2991 2990 3124
f 3124 3125 2991
f 3126 2219 3127
f 3128 812 3127
f 3129 3126 3130
f 3127 2221 3128
f 1400 3131 1401
f 1399 3132 3131
f 1403 3133 1399
f 3134 3135 3136
f 3137 3138 3134
f 3138 3137 3139
f 3135 3138 2584
f 3134 976 3137
f 619 2800 617
f 2215 2214 3140
f 3141 3142 2223
f 2223 2222 3141
f 2654 3143 865
f 873 588 881
f 881 589 879
f 2144 2162 747
f 3144 3145 3075
f 2852 3074 3146
f 3075 3147 3144
f 3075 2853 3147
f 2651 1918 2649
f 3148 3149 1289
f 1289 3150 3148
f 931 3151 936
f 1305 1304 1963
f 3152 3153 3154
f 3154 2993 3152
f 3153 3152 2071
f 3155 3156 2994
f 3157 3158 3159
f 3160 3161 3157
f 3162 3158 3163
f 3164 3165 3161
f 3166 3167 3168
f 3166 3169 3167
f 3170 3166 3171
f 3168 63 60
f 2521 19 3167
f 1701 1699 1080
f 2443 3172 1701
f 994 1895 2408
f 1427 3173 1027
f 702 703 2409
f 2215 3174 2218
f 3175 2216 3176
f 3177 3178 3176
f 3174 2215 3179
f 3003 2786 2789
f 835 834 3003
f 924 3180 922
f 1369 1372 3181
f 1369 3182 1366
f 3183 1455 3106
f 3184 1460 3183
f 3185 1826 1460
f 3183 2837 3184
f 2837 3183 2052
f 3184 2836 3186
f 1460 3184 3185
f 1103 3187 2110
f 3188 2112 2110
f 3189 3188 3190
f 3187 3191 3190
f 1100 3192 3187
f 2880 3193 3194
f 3193 2880 3195
f 1297 1296 1894
f 3180 924 3196
f 1997 2069 2001
f 3197 3198 3199
f 3200 3201 3199
f 3199 3202 3197
f 3203 2363 3204
f 3204 3200 3203
f 2363 3203 3205
f 3198 3197 736
f 486 3206 1538
f 3207 3208 3209
f 485 3210 3206
f 3211 3209 3212
f 3213 2939 3214
f 913 2507 3215
f 2939 3216 3215
f 909 913 916
f 2939 3213 2935
f 3217 3218 632
f 3219 3218 3220
f 2835 3221 3217
f 3218 3219 3222
f 2827 3223 3224
f 535 3225 3226
f 3225 2829 3224
f 3111 1856 3227
f 3227 3228 3111
f 2125 3229 2123
f 2124 2123 1849
f 2987 3230 2784
f 1942 3231 3232
f 3233 3234 3232
f 3235 3236 849
f 849 3233 3235
f 3122 3121 3231
f 3236 3235 3237
f 3238 3239 3240
f 3241 3240 1735
f 3242 3243 3244
f 3244 3245 3246
f 3240 3245 3247
f 3248 3249 3239
f 3250 1654 2549
f 3251 3250 2548
f 2156 2421 3251
f 2549 1655 710
f 3252 1559 3253
f 3254 3252 3255
f 981 983 3253
f 1640 3237 1633
f 2153 3236 1640
f 3256 3257 3258
f 3259 426 3258
f 3260 3259 1165
f 3259 3260 3261
f 3258 3262 1165
f 1166 3263 1165
f 3260 3263 3264
f 3265 3266 2687
f 3265 2543 3267
f 2687 2545 3265
f 3267 3268 3265
f 3269 3270 3271
f 3270 3269 1401
f 3272 3271 3273
f 3274 3275 3276
f 3277 3278 3275
f 3279 3277 3274
f 2599 3280 2598
f 2598 3281 2228
f 1015 400 2923
f 3282 2793 3283
f 2793 3282 2796
f 3283 2794 3284
f 1268 1269 1796
f 2551 1797 3285
f 1644 1268 3286
f 3287 3288 3289
f 2720 3228 3289
f 3289 3290 3287
f 2715 2720 2718
f 3228 2720 3112
f 2719 2718 3291
f 3060 1967 1969
f 127 128 3104
f 3292 3103 3293
f 3294 3295 2958
f 3296 2960 3297
f 2960 3296 2962
f 3088 754 2163
f 750 2144 746
f 1580 2206 1382
f 2021 3298 3299
f 3299 457 3136
f 3298 3300 457
f 3301 3302 3303
f 2393 3302 2394
f 3304 3305 3301
f 3306 3307 2392
f 1401 3308 3270
f 3308 3309 3276
f 3310 3274 3311
f 566 2146 738
f 2131 3310 2126
f 2126 3311 766
f 2586 1698 1709
f 1696 3312 1697
f 1944 1934 3313
f 3120 3313 2561
f 3122 1944 3120
f 3313 1936 2601
f 1936 3314 2602
f 3315 3316 3317
f 499 491 3318
f 3317 3319 3315
f 493 3316 491
f 3317 3320 3321
f 3322 3320 3323
f 3324 1715 3325
f 3325 1716 3312
f 2363 2360 3326
f 3326 2362 2041
f 2041 2040 3326
f 2152 3327 2150
f 3327 2152 2882
f 2152 2178 3328
f 1140 1141 3139
f 2986 2638 3329
f 3329 3330 3331
f 3332 3329 3333
f 2987 2986 3332
f 3334 3335 3336
f 3337 2642 3338
f 3336 3339 3334
f 2643 3335 2642
f 2640 2641 3337
f 3340 3341 3342
f 3195 2182 3193
f 3342 3343 3340
f 3211 3344 3345
f 2726 3346 2724
f 2724 3347 3144
f 3347 2992 3145
f 3346 3348 3347
f 3349 2620 2621
f 1890 1653 3350
f 3350 3170 3351
f 3351 1888 3350
f 2240 3170 2239
f 3352 3353 3354
f 3355 3354 3356
f 3357 3358 3354
f 3359 3319 3356
f 3353 3318 3359
f 1703 498 3352
f 3360 3361 3362
f 2168 3363 3364
f 3362 3363 1786
f 3365 3273 3361
f 3366 3367 3368
f 3368 2744 3366
f 1096 3369 1095
f 2744 3368 2743
f 3368 3370 3371
f 3372 3370 3373
f 3374 903 3375
f 2638 2637 3330
f 898 897 3374
f 1454 3376 3377
f 1454 3378 3376
f 3379 350 3380
f 1453 3377 3061
f 351 3062 349
f 3381 3382 3383
f 3384 3381 3385
f 3385 3383 2320
f 2264 2887 2263
f 3386 3081 3381
f 2024 3387 3298
f 2210 3388 2024
f 3389 2929 1180
f 2927 2926 2874
f 2874 1175 2927
f 3390 761 3391
f 761 3390 3392
f 3393 3394 3395
f 3396 2872 3394
f 3397 3398 3399
f 3399 2870 3397
f 3400 3396 3393
f 3401 2871 3396
f 2437 3402 2504
f 2493 3403 2540
f 2702 3403 3404
f 2492 3405 2493
f 1256 3406 1252
f 2834 3407 1256
f 3408 3409 3410
f 2783 2782 3411
f 2490 3154 2782
f 3410 3153 3408
f 2589 3412 652
f 1464 3413 2589
f 3407 2834 3414
f 3217 3415 2835
f 635 3416 3415
f 3417 3407 872
f 2490 2489 3154
f 3151 3418 3148
f 1291 1290 3419
f 453 452 1346
f 3420 227 248
f 227 3420 1265
f 250 3421 3420
f 2550 2552 3421
f 1265 3422 3285
f 253 952 250
f 3423 3424 2534
f 2536 2535 3425
f 3424 3423 3426
f 3426 3427 3424
f 2534 3428 3423
f 2414 2537 2534
f 2555 3018 2553
f 3429 3430 3431
f 3432 3433 3429
f 3434 3430 3435
f 3433 3432 3436
f 3437 2434 3438
f 2497 3439 3438
f 3440 3437 3441
f 2624 2623 2951
f 2626 1621 2625
f 487 1751 3210
f 723 2963 720
f 3442 3443 3444
f 2920 2922 3442
f 3445 3446 3444
f 3444 3447 3442
f 3444 2963 3445
f 2402 1225 633
f 2985 634 1223
f 2403 2402 3222
f 3448 3449 1314
f 3449 3009 1315
f 2410 2714 1955
f 2712 1430 2711
f 1429 1430 2410
f 3450 3451 2910
f 3451 3450 3452
f 2910 2912 3450
f 3453 3454 3455
f 526 3455 524
f 3455 526 3453
f 3155 2898 1006
f 1006 1005 3155
f 2994 547 3155
f 1002 2893 998
f 569 2700 614
f 3456 3375 2636
f 3457 3374 3456
f 2636 2511 3456
f 2710 2709 837
f 837 835 2710
f 3458 3459 833
f 3460 2509 3459
f 1467 2515 3460
f 3459 3458 3461
f 3462 3460 3461
f 3463 3464 1450
f 2397 3463 3465
f 600 1826 2397
f 1450 3466 1448
f 2322 3467 2827
f 2330 2322 2826
f 2322 2330 178
f 3223 3468 3226
f 3468 3223 1645
f 3469 3470 445
f 445 2971 3469
f 451 3471 1138
f 3471 3472 2528
f 451 3089 449
f 1138 1137 451
f 2527 3473 2530
f 2529 3474 2527
f 3474 2529 3475
f 1279 1272 3476
f 1279 3476 3477
f 3478 3479 1274
f 1274 1273 3478
f 3480 3481 3200
f 2043 2843 3480
f 3200 3204 3480
f 3481 2840 3201
f 3016 2802 3018
f 2954 2946 2803
f 3482 2038 3483
f 2967 3483 436
f 3484 3282 1024
f 3284 1025 3283
f 1029 3484 1023
f 3485 2675 2679
f 2676 2675 3486
f 3487 3488 3489
f 3489 3490 3491
f 3393 3492 3400
f 3492 3393 3493
f 3493 3494 3492
f 3488 3495 3490
f 3495 3401 3400
f 3496 3497 3498
f 3499 3500 3501
f 3502 3501 3503
f 3504 3505 3496
f 3505 3506 3497
f 1423 1422 1686
f 3387 3507 3300
f 1341 1346 3508
f 3509 60 110
f 60 3509 3168
f 2481 551 540
f 3510 1760 3511
f 1760 3510 1765
f 1857 2127 1146
f 3226 3512 535
f 2829 3225 3513
f 3485 3514 2381
f 3515 1511 3514
f 3485 2679 3514
f 3514 3516 3515
f 2329 2330 2825
f 3517 2605 893
f 2605 3517 1057
f 3518 893 3519
f 2327 3517 3518
f 894 2604 892
f 2854 2851 3520
f 3520 3521 2854
f 3522 685 2328
f 958 2324 2531
f 685 3522 687
f 692 2531 684
f 3523 1543 3208
f 3208 3207 3523
f 1543 3523 3524
f 3524 387 1543
f 2008 1877 1755
f 2009 3525 2008
f 511 402 3526
f 3526 3527 511
f 3526 404 768
f 3528 3529 3530
f 949 3378 941
f 3378 949 3380
f 430 3082 3053
f 3053 3531 433
f 3051 3052 3532
f 3083 3084 3082
f 1210 1212 1133
f 1502 2053 1493
f 3533 329 3196
f 3196 3534 3180
f 927 3533 926
f 329 331 3534
f 3534 3535 2265
f 2171 2170 3277
f 2171 3058 353
f 3277 3279 2171
f 3146 1961 2852
f 1162 3536 672
f 377 366 3537
f 3538 3539 3536
f 2590 2592 3540
f 2419 3540 2538
f 2592 3541 2740
f 1621 2626 1618
f 1353 3179 3142
f 1354 3542 1353
f 2495 3098 2492
f 923 922 1441
f 2911 2155 415
f 3500 3499 3435
f 3543 3498 3436
f 2025 2587 2022
f 2587 2025 2585
f 3544 2526 2398
f 2530 3545 3546
f 652 3547 651
f 3547 836 1662
f 836 3547 838
f 3548 659 1380
f 3549 1379 661
f 3550 3548 1381
f 3550 2758 3548
f 422 2824 3551
f 3551 2822 3552
f 1025 3284 1431
f 531 3553 3072
f 3554 2389 3555
f 3556 3557 3555
f 2388 3558 1098
f 3555 2390 3556
f 2389 3554 3369
f 1091 2389 1096
f 1967 3060 1692
f 1621 1620 3139
f 3135 2584 3559
f 3332 3560 2987
f 3333 3561 3332
f 1370 3230 1373
f 3561 1371 3560
f 3333 3331 3562
f 3562 3563 3333
f 2337 3564 2532
f 3565 3566 3567
f 2336 382 2337
f 965 964 3566
f 2337 2532 2335
f 2816 1210 3546
f 3568 135 3103
f 3529 1486 557
f 788 558 1485
f 3529 3528 1481
f 879 2785 1370
f 3569 2892 3570
f 1585 2895 3569
f 472 2448 2035
f 1812 1342 1810
f 464 3571 1810
f 1342 1812 1345
f 3572 3097 3573
f 3097 3572 3096
f 3097 3574 3575
f 3573 3575 3576
f 3507 3387 3577
f 2511 2636 2512
f 3026 3020 3578
f 3249 3248 3019
f 3578 3248 3238
f 3026 3579 3025
f 3238 3580 3578
f 3578 3581 3026
f 2623 3582 2952
f 1213 1215 2623
f 839 1887 2792
f 1627 1629 2966
f 814 808 3583
f 2891 814 2890
f 3584 3585 1338
f 3585 3584 3440
f 3586 1338 3587
f 1338 3586 3584
f 2228 2227 2598
f 1205 1200 862
f 1204 2459 1202
f 2190 2189 3588
f 2187 2186 804
f 804 803 2187
f 2248 3588 2245
f 3589 3150 3590
f 3150 1289 3591
f 1288 3592 1286
f 937 936 3589
f 2753 3593 2751
f 3445 2964 3594
f 3593 3182 2965
f 3595 3213 3596
f 3213 3595 2937
f 2025 3299 3559
f 1466 2444 2513
f 698 700 2445
f 2514 2513 3597
f 3598 3531 2658
f 2660 3598 2657
f 1128 1127 1476
f 951 2230 950
f 951 297 2224
f 298 3599 296
f 2169 2168 2170
f 2170 3364 3278
f 3363 2168 1787
f 2968 625 3017
f 363 3600 1465
f 1067 3379 3601
f 1071 2799 3379
f 3136 458 3134
f 3602 3516 2678
f 3287 3603 3602
f 3604 417 2157
f 3451 1524 2911
f 2862 2017 3192
f 3192 2016 3191
f 3605 3606 3607
f 3608 3605 3609
f 3610 3606 3608
f 3605 3607 3611
f 2071 2070 3153
f 3409 3408 3612
f 3419 3613 1291
f 3613 3614 2544
f 3418 3615 3149
f 3613 3419 3616
f 3176 3174 3177
f 3177 3617 3618
f 3174 3179 3617
f 2606 3619 3620
f 3620 2377 3621
f 669 957 3621
f 371 2606 957
f 2373 2972 2378
f 2004 3622 3609
f 2003 3619 3622
f 2201 1231 2147
f 3063 2998 3623
f 2440 2850 2437
f 3063 2970 2996
f 3623 729 3063
f 2850 3624 3402
f 3325 3625 3324
f 3625 3626 3627
f 3324 3627 3628
f 3629 3272 3365
f 94 93 2079
f 3011 2080 155
f 3012 3011 321
f 2035 2034 472
f 3630 375 3537
f 3631 2548 2546
f 3632 952 3633
f 2231 2917 2230
f 2918 3632 2917
f 3281 559 2231
f 428 427 1470
f 3220 3221 3486
f 2384 3220 2383
f 364 356 1062
f 606 434 2361
f 3634 3635 436
f 1102 2862 1100
f 3636 3257 3637
f 3257 3636 3262
f 3257 3256 3638
f 2754 1833 2875
f 1827 3639 3640
f 1833 3640 3323
f 827 818 3641
f 2818 827 2817
f 827 2818 826
f 3512 3286 539
f 3642 3643 2244
f 3644 3642 2243
f 3642 3644 3645
f 3643 3642 3646
f 2310 2309 3629
f 3365 3647 3629
f 2309 3269 3272
f 2311 1402 2309
f 3066 3065 3648
f 2771 2775 3649
f 3645 3650 3651
f 3385 3652 3384
f 3435 3652 3434
f 3381 3384 3386
f 3501 3502 3499
f 1783 3538 1162
f 3653 3504 3654
f 3498 3543 3496
f 2559 3655 3119
f 2562 3656 2559
f 3657 3658 2567
f 507 1360 1971
f 1234 1233 2990
f 3644 802 3650
f 1078 1077 3659
f 3650 1078 3660
f 802 3644 800
f 3661 3118 984
f 3662 3663 1509
f 3663 2570 1516
f 2124 3662 1508
f 2140 3664 2695
f 507 1971 506
f 2675 3485 2383
f 3665 1059 2763
f 2443 2583 3172
f 2583 2054 2944
f 3666 3667 3668
f 1992 3668 1152
f 1994 3666 1992
f 1152 2166 1992
f 869 573 868
f 2349 2346 3577
f 2349 2211 3669
f 2211 2349 3388
f 1347 3508 2342
f 3508 3507 2343
f 2918 563 3632
f 952 3632 3421
f 3670 3671 3672
f 3673 3674 3672
f 3675 3673 3676
f 3671 2772 3676
f 3677 688 1031
f 694 686 3677
f 2517 1230 3678
f 3679 1536 3678
f 3678 1229 3679
f 3680 3681 1228
f 3682 3683 3684
f 3685 3686 3687
f 3686 3688 3689
f 3684 1981 3682
f 2779 2783 3690
f 632 635 3217
f 3691 2868 845
f 2865 2864 3691
f 1174 2865 3692
f 3037 3693 2177
f 3693 3037 3694
f 2836 1843 3695
f 2479 2478 3696
f 3628 2478 2476
f 3626 3697 3696
f 2105 2933 3041
f 2104 2103 2931
f 2933 2105 2928
f 3590 3591 2029
f 2029 2026 3590
f 969 3589 967
f 2029 3592 1245
f 702 2409 701
f 3114 3113 3521
f 2668 3110 2670
f 2670 3114 3520
f 3521 2723 3147
f 2721 2717 3113
f 966 963 3698
f 3566 3565 965
f 2982 2985 3699
f 3700 3699 3701
f 2983 2982 3700
f 1860 3702 1325
f 1325 1324 1860
f 3702 1860 2831
f 2856 2855 2279
f 2857 3700 2855
f 1322 1973 1326
f 503 506 1322
f 671 669 2972
f 3703 2621 3704
f 3704 2622 3705
f 2622 3706 3707
f 1412 1089 1699
f 1087 1089 2759
f 2941 2940 3708
f 3615 3418 3709
f 2940 3710 3709
f 2938 3711 2940
f 2077 2080 1946
f 1635 3712 1638
f 375 3630 3713
f 3537 3539 3630
f 2463 3714 1285
f 1285 3715 1288
f 3714 1243 3715
f 3716 1241 3714
f 2394 3305 3717
f 3717 2066 2394
f 3718 3719 3717
f 1180 3718 3389
f 2201 435 2359
f 2359 3205 2201
f 2148 1444 2147
f 700 701 3597
f 701 900 3720
f 900 898 3457
f 1773 1772 3721
f 3722 3723 2256
f 3723 3724 3725
f 3723 3722 3726
f 3727 3722 2255
f 815 3728 3727
f 2254 2253 3725
f 3296 3729 3730
f 2073 1004 3731
f 3731 3732 2073
f 3732 3731 3733
f 3734 3735 3729
f 3145 3125 3074
f 2795 3736 3124
f 1788 3432 1786
f 2060 3737 1788
f 1786 3429 3362
f 3007 3099 3738
f 1899 1759 3739
f 481 2978 3739
f 487 480 3740
f 1759 1748 482
f 1451 2661 1449
f 889 884 1761
f 3741 3742 887
f 888 2618 1766
f 1824 2252 1821
f 2465 1940 3743
f 1940 2465 1938
f 3743 2242 1907
f 1907 914 3743
f 2519 2518 3744
f 3085 713 3086
f 3087 3086 2064
f 2700 569 740
f 3702 1952 1327
f 3745 3746 1376
f 3747 1376 1378
f 2974 3745 3747
f 3748 3749 3745
f 2006 2377 2003
f 2157 2156 3604
f 3750 3751 3752
f 3753 3724 3754
f 3755 3753 3756
f 3756 3754 3757
f 2817 3641 3758
f 510 2711 509
f 1378 1903 3747
f 2979 2975 1900
f 2855 3701 2277
f 2279 2278 2856
f 1453 1452 3377
f 3759 3760 3454
f 3454 3453 3759
f 1502 1500 584
f 584 587 1502
f 3279 3761 3058
f 3059 3056 351
f 3713 3762 375
f 3763 376 3741
f 376 3763 367
f 3764 3705 3765
f 3766 3487 3165
f 3164 3767 3768
f 3767 3164 3160
f 3768 3766 3164
f 3766 3768 3769
f 3090 3770 3771
f 3771 3772 3773
f 3768 3772 3774
f 2849 727 3624
f 3624 728 3623
f 3348 3346 946
f 946 945 3348
f 3346 2726 2595
f 2896 546 543
f 1249 1248 3775
f 3034 3776 3033
f 3775 3776 3777
f 3778 3779 3034
f 3716 2464 3033
f 3033 1248 3716
f 2612 2813 2609
f 1530 1527 3780
f 1352 1353 1350
f 1359 1350 3141
f 3781 3782 3288
f 3573 3783 3572
f 3572 3710 3784
f 3616 3615 3783
f 3783 3573 3616
f 2496 2494 1390
f 681 1950 2830
f 3391 3132 3390
f 328 3785 3027
f 3785 2011 3022
f 3533 927 3785
f 324 3027 3786
f 890 731 1060
f 187 731 319
f 3787 3788 2667
f 1912 1910 3788
f 1981 1975 3789
f 1921 2647 3789
f 2431 2503 2498
f 3790 3791 3002
f 3000 3790 2997
f 3268 3792 3266
f 3367 3366 3793
f 2840 3481 2838
f 3794 2841 2043
f 683 682 1148
f 2020 2733 475
f 2733 2883 3795
f 2139 3746 3664
f 3757 3751 3796
f 3796 3797 3757
f 3757 3798 3756
f 3751 3750 3799
f 1849 1851 2124
f 3800 3511 3801
f 3612 3510 3800
f 3690 3411 3801
f 3801 1764 3802
f 3758 2122 2817
f 2983 2859 2984
f 3803 583 3804
f 2859 3545 3804
f 3474 3803 3473
f 2859 2983 2857
f 3805 3806 3807
f 3806 3805 3808
f 2811 3806 3809
f 3810 3805 3811
f 2611 2613 3807
f 2809 2810 2811
f 2612 2611 2810
f 3687 3689 3812
f 3242 3687 3813
f 3244 3685 3242
f 2358 2357 3685
f 3110 2668 3108
f 3814 3446 3815
f 3594 3181 3445
f 3181 3594 1369
f 3816 3648 3817
f 3336 3817 3818
f 3819 3816 3335
f 2774 2776 3820
f 3820 3648 2774
f 1736 1418 1978
f 2805 3821 3822
f 2806 3822 2889
f 3822 3823 3824
f 3821 1447 3823
f 3823 3466 3825
f 3597 3720 2514
f 3758 2420 3826
f 100 3827 111
f 3828 3509 109
f 109 3827 3828
f 3828 3829 3351
f 2863 1916 2862
f 1916 2863 1864
f 3491 3163 3489
f 2988 476 3795
f 3795 360 2988
f 1409 1584 2578
f 1584 3569 3830
f 2578 3830 1870
f 1381 752 3550
f 1521 3831 1517
f 1521 1520 3832
f 3758 3826 2122
f 3425 3833 2536
f 419 3692 418
f 1181 1174 419
f 3264 3834 3665
f 3834 3835 1059
f 3665 605 3264
f 605 3665 604
f 1329 1337 2900
f 2900 3836 1879
f 1330 1329 2455
f 2372 3837 3838
f 3839 3840 3841
f 3841 3837 2376
f 3838 1012 2372
f 3525 2009 3840
f 2009 1011 3838
f 885 3842 3843
f 889 1765 885
f 2691 3844 3658
f 983 3656 3255
f 2690 2691 3657
f 3656 2562 3845
f 3679 3681 3846
f 3846 2317 3679
f 3847 3848 3849
f 2331 2334 3850
f 3850 3851 2331
f 3852 3777 3853
f 3853 693 3852
f 691 2334 2533
f 2334 691 3853
f 2140 2694 2138
f 829 3458 840
f 838 3854 829
f 3855 3307 3856
f 3557 3856 3857
f 3856 3557 3855
f 2391 3858 2392
f 3856 3306 3859
f 3307 3860 3303
f 2425 1258 147
f 259 2413 261
f 2069 1997 2072
f 2005 2004 3611
f 1778 1776 2908
f 3654 3861 3653
f 3428 3862 3653
f 3640 2449 2453
f 2450 2449 2452
f 1834 3863 3639
f 1005 2067 3156
f 417 3604 410
f 410 3631 409
f 3604 3251 3631
f 2680 2185 2683
f 3864 1995 3865
f 3667 3666 3864
f 3866 3667 2340
f 3169 2238 3867
f 2238 2237 3868
f 3169 3166 2240
f 3869 3744 3868
f 2929 3389 3304
f 3304 2932 2929
f 524 2912 522
f 3261 423 3259
f 423 3261 424
f 3509 3828 3171
f 1595 3703 3870
f 3705 3764 3704
f 446 3871 442
f 3871 446 3872
f 1564 438 3028
f 3487 3873 3488
f 3874 3875 3488
f 3876 3877 3878
f 961 3877 2326
f 3879 3878 3880
f 3881 3876 3879
f 3698 3882 966
f 3647 3365 3360
f 1847 811 1846
f 1848 3130 811
f 2745 3129 1848
f 3612 3800 3409
f 3086 2365 2065
f 1354 1357 2367
f 1818 2190 2248
f 938 3708 3151
f 2287 3883 2667
f 3609 3884 3608
f 3843 3884 3885
f 3886 3887 2683
f 3887 3886 3888
f 3887 3567 2684
f 2683 3693 3886
f 2661 2522 3544
f 820 819 823
f 3889 3890 823
f 823 1254 3889
f 1101 1100 1103
f 2268 2648 1566
f 3891 3892 2267
f 3543 3893 3654
f 3811 3580 3810
f 3580 3811 3581
f 1759 1899 1758
f 1900 1899 2979
f 624 2099 623
f 3894 851 2663
f 2663 2664 3894
f 3818 3895 3336
f 3404 3405 3102
f 3404 3008 2702
f 3102 3006 3404
f 361 360 3600
f 914 1907 1905
f 2242 2241 1908
f 2664 3896 3897
f 3898 3874 3899
f 3487 3766 3873
f 3873 3769 3899
f 715 714 2366
f 3799 3900 2217
f 2217 2216 3799
f 3797 3796 3175
f 1642 1976 1420
f 2081 3829 3901
f 102 3901 100
f 2385 1515 3902
f 1516 2569 3902
f 3902 2572 2385
f 2447 2446 2883
f 2421 1656 3250
f 1258 1257 53
f 2920 3442 1741
f 2678 2120 3602
f 3782 3781 3903
f 3288 3287 3781
f 3904 3782 3905
f 3905 3903 2901
f 3081 3386 3080
f 3080 3906 3084
f 3194 3343 3907
f 3343 3342 3908
f 864 858 3909
f 2263 3382 3079
f 3910 3911 3875
f 3911 3912 3913
f 3401 3495 3913
f 3910 3875 3898
f 2871 3401 3914
f 3915 2738 3862
f 3505 3504 3916
f 3917 3916 2737
f 2537 3915 3428
f 1372 1371 3815
f 1371 3561 3918
f 1120 3919 3563
f 3815 3918 3814
f 3579 2610 3786
f 3197 3920 737
f 3920 3088 735
f 2690 2762 1507
f 2232 2225 323
f 1340 3863 3587
f 1330 2452 1340
f 3863 1834 3921
f 2846 3586 3921
f 1074 3922 3833
f 1073 1072 1789
f 3427 1072 3425
f 1780 2057 2760
f 2760 3923 1780
f 3123 2057 3924
f 2756 3123 2628
f 3925 2640 3926
f 3899 3925 3898
f 3927 3928 3899
f 3929 3910 3926
f 2079 2078 94
f 1959 1958 1029
f 2593 1271 2592
f 2594 1276 2591
f 2877 3930 2753
f 3930 3931 3593
f 2161 1368 3930
f 3228 3227 3290
f 3229 2125 3515
f 3290 3229 3603
f 3787 1076 799
f 797 1911 799
f 3932 3933 3934
f 3798 3797 3935
f 3933 3936 3935
f 3937 3934 3938
f 3178 3938 3175
f 3886 3694 3939
f 3939 3940 3880
f 3040 3940 3038
f 3294 3356 3941
f 3321 2913 3942
f 3836 1721 1873
f 1426 2496 1389
f 3614 3943 3267
f 2342 464 1347
f 3745 2974 3748
f 3749 3748 3738
f 1615 1614 2976
f 1644 3468 1643
f 2374 745 2373
f 3790 3000 3944
f 3944 3066 3816
f 1921 1920 2651
f 3506 3945 3503
f 3386 3502 3906
f 1978 1977 1736
f 1384 1387 3946
f 1669 3947 1668
f 3948 757 3949
f 752 748 3948
f 3947 3950 3949
f 1535 2812 2517
f 1530 3780 1535
f 3112 2721 3115
f 1961 3146 3951
f 1958 3951 3484
f 2795 2796 3736
f 3851 3850 3779
f 3777 3852 3775
f 3779 3778 3851
f 2082 1603 3952
f 1263 1262 2890
f 1669 1664 2474
f 3947 1669 2473
f 3023 2010 3021
f 1424 3019 1422
f 1932 1931 3719
f 3356 3294 3355
f 2956 2955 2958
f 3157 3953 3160
f 2596 2557 2601
f 2889 3824 1845
f 3821 2805 2422
f 1355 3954 2391
f 3519 895 3955
f 1060 3835 890
f 3835 3956 891
f 3955 1168 3519
f 1168 3955 1167
f 2236 2160 2237
f 3680 3647 3957
f 3647 3680 1227
f 1633 3121 1631
f 3958 3959 3960
f 3734 3297 3958
f 3295 3959 2959
f 3961 3958 3962
f 1789 3963 1785
f 2799 1071 1784
f 2798 2878 3055
f 3964 3879 3965
f 3879 3964 3881
f 3966 3964 3967
f 3967 3965 3040
f 3888 3939 3882
f 2049 2046 1093
f 498 499 3353
f 1406 3923 1404
f 3923 1406 1781
f 2043 2042 3794
f 2209 1711 2044
f 3801 3802 3690
f 2779 3690 2781
f 3202 3004 3920
f 3968 3969 2213
f 2217 3968 2212
f 3970 3341 2183
f 2182 2181 3340
f 3619 2606 3885
f 273 191 3971
f 2051 3107 640
f 2045 640 648
f 3107 2051 3106
f 639 641 3105
f 3892 2646 2268
f 2803 1195 2954
f 341 466 1192
f 465 1695 466
f 1980 3688 3946
f 3946 2356 1384
f 3688 3686 2356
f 1981 3684 1980
f 2245 803 2243
f 3725 3293 2254
f 3646 2501 3643
f 3651 3439 3645
f 325 1528 332
f 3972 971 3637
f 3638 3552 3973
f 3637 3638 3972
f 2538 2742 2537
f 2738 3915 2741
f 3900 809 3968
f 390 2524 395
f 3974 1107 1591
f 2726 2716 3975
f 2068 1003 2073
f 764 767 763
f 785 767 783
f 537 3073 532
f 763 787 2129
f 2922 726 3443
f 2664 2666 3896
f 3341 3970 3345
f 2183 2685 3970
f 2913 2914 3941
f 810 3976 3728
f 3752 3726 3750
f 3724 3723 3752
f 3750 3976 3900
f 1328 1956 2713
f 1732 1731 2270
f 3162 3494 3470
f 3158 3162 3469
f 2507 2194 3214
f 1379 3549 1378
f 2684 381 2681
f 1616 3007 1614
f 3851 3866 2332
f 3778 3977 3866
f 3440 1678 3585
f 850 3327 847
f 3957 3360 3431
f 2292 3907 3048
f 2289 2288 3907
f 3234 3233 3894
f 48 261 1016
f 3978 1058 1016
f 1058 3978 1056
f 3979 3980 3981
f 3982 1576 2645
f 3980 3983 3982
f 1572 1576 1570
f 2480 3983 3984
f 3439 3651 3441
f 3651 3660 3985
f 2501 3646 2497
f 3441 3985 3440
f 3986 2369 3987
f 1606 3987 3952
f 716 717 714
f 3988 3048 3344
f 3735 3734 3961
f 3729 3296 3734
f 3841 3735 3839
f 3962 3989 3961
f 975 3636 974
f 3195 2881 3328
f 3327 850 2153
f 3738 3101 3749
f 2011 2012 3023
f 1553 1552 3881
f 3881 3990 1553
f 3877 3876 3991
f 1117 1120 3562
f 3919 1120 1746
f 2434 3437 2438
f 3586 2846 2438
f 3992 3051 3993
f 3775 3994 1249
f 3994 3677 1250
f 3995 3996 2821
f 886 3843 2607
f 1598 1592 3997
f 3201 1672 3202
f 2595 3975 947
f 947 3998 3999
f 940 3999 948
f 2803 2953 2801
f 3674 3673 4000
f 4000 1043 3674
f 4000 4001 3133
f 3673 3675 4001
f 3042 4002 4003
f 4004 4002 4005
f 2403 3219 2401
f 2386 3219 2384
f 353 3059 348
f 3971 1505 273
f 3254 3844 3971
f 3252 3254 4006
f 2621 3703 3349
f 2620 3349 1476
f 1593 1475 1594
f 4007 4008 4009
f 2464 3716 2463
f 838 3412 3854
f 3462 3461 3413
f 3413 1464 3462
f 4010 3727 1260
f 1270 1277 1271
f 1277 2734 3541
f 2656 3477 3064
f 460 459 4011
f 4011 4012 460
f 4012 4011 3479
f 2018 4013 2015
f 4014 3189 4013
f 3141 4015 1359
f 1359 4016 1358
f 3635 3634 3598
f 1715 3324 2844
f 2844 1712 1715
f 2476 2839 3628
f 1655 1647 4017
f 528 530 4018
f 530 529 4019
f 3912 528 3914
f 3883 4020 4021
f 1076 3787 4021
f 2286 2731 3883
f 2291 2727 2286
f 2731 1680 4020
f 3295 3294 2916
f 2916 2915 3295
f 3472 3471 455
f 3760 4009 3452
f 3452 1525 3451
f 4022 4023 3759
f 4020 4024 4025
f 3255 3845 3254
f 3945 3506 3993
f 3993 3532 3945
f 3993 3917 3992
f 3916 3917 3505
f 883 882 374
f 4026 2013 1914
f 1425 3249 1424
f 2890 3583 1263
f 3727 4010 815
f 2831 2830 3702
f 2587 2586 1708
f 2241 3234 3897
f 3475 3472 4027
f 3803 3474 4028
f 3782 3904 3291
f 3291 3998 2719
f 4029 1764 4030
f 4030 4031 4029
f 4031 4030 1477
f 1608 4032 3937
f 3938 3178 3937
f 3934 4032 3932
f 3186 3695 3825
f 329 3533 328
f 2932 3304 4033
f 2921 2920 2701
f 1013 2921 680
f 3926 3337 3929
f 2640 3925 1825
f 3436 3500 3433
f 3436 3737 3543
f 3720 3457 2516
f 269 3599 268
f 2182 3195 2180
f 1449 3544 3465
f 956 955 1451
f 3774 3770 4034
f 3770 3090 4035
f 4034 4035 1819
f 1034 1036 2028
f 3262 4036 1038
f 2028 4036 975
f 812 3128 806
f 3784 3711 4037
f 2962 3730 997
f 4017 1651 718
f 1721 3836 1719
f 1747 1752 4038
f 4039 3070 4040
f 3303 4041 3301
f 3860 4042 4041
f 484 1617 2978
f 2781 4043 4044
f 4029 4045 3802
f 4044 4045 4046
f 4047 2484 2487
f 2488 4048 2487
f 2487 4049 4047
f 4050 4051 4052
f 2488 2780 4048
f 2018 2013 4053
f 4026 1914 4047
f 4053 4026 4051
f 1593 1597 1475
f 1472 1471 1473
f 2112 3188 4054
f 3997 1596 4054
f 4055 3997 4056
f 4057 4056 3189
f 4056 4057 4055
f 4013 2018 4014
f 2484 1914 551
f 4044 4058 2781
f 4058 4044 4059
f 4014 4053 4050
f 102 2078 3901
f 4050 4057 4014
f 1477 1474 4031
f 4060 1598 4055
f 1598 4060 1597
f 4052 4049 4061
f 4048 4058 4061
f 4062 1473 4063
f 4063 4060 4064
f 4057 4050 4064
f 1474 4062 4046
f 4062 4063 4059
f 4064 4052 4063
f 2426 2425 146
f 2368 4065 3542
f 3618 4065 3986
f 2340 3864 2338
f 2628 3924 1562
f 1160 1563 2059
f 875 587 873
f 3733 2376 3732
f 3741 887 3763
f 3763 883 368
f 3707 3742 3762
f 2306 2308 2766
f 1487 2766 1485
f 635 628 3416
f 869 867 629
f 3416 870 3414
f 518 3675 516
f 3675 518 3392
f 1726 4066 1724
f 4067 1729 4068
f 4003 4069 1726
f 1077 1076 4025
f 2672 2673 2113
f 2353 1298 2351
f 4070 343 3721
f 1012 743 2374
f 2842 2841 1712
f 1802 928 2820
f 2820 2819 1802
f 2194 2188 3596
f 3092 3094 2191
f 3596 2192 3595
f 1144 1857 1142
f 979 1556 4071
f 1442 1437 2148
f 3761 3279 3310
f 331 330 3535
f 3535 2886 2261
f 960 962 958
f 382 381 3564
f 3567 3887 3565
f 2336 2341 382
f 1947 1948 1602
f 1176 1932 3718
f 2064 2066 3087
f 1557 1051 1554
f 1171 1557 1170
f 3991 1552 1052
f 2174 1042 4072
f 4007 4023 2173
f 4008 4007 2172
f 2771 3649 517
f 2610 3579 2613
f 3246 2358 3244
f 1991 1982 1641
f 2325 1055 2327
f 3249 1425 3246
f 4040 1795 4039
f 1799 1793 4040
f 2594 824 4073
f 3652 3385 4074
f 2315 3848 4074
f 3848 3847 3434
f 736 1231 3198
f 4071 4075 979
f 984 980 3661
f 3663 3662 4076
f 750 749 2142
f 1748 1747 3740
f 1751 487 1750
f 1751 4038 3047
f 2277 1226 2205
f 1730 4077 1725
f 2267 1731 3891
f 4077 3813 1733
f 3813 3812 3891
f 3247 3243 1730
f 2307 2472 4078
f 3069 4079 1801
f 2301 2471 2307
f 4078 1805 2768
f 2240 2235 3169
f 1853 1852 2669
f 1852 1855 3108
f 1271 2593 1275
f 1854 4080 1851
f 759 4081 3391
f 1263 4010 1259
f 971 3972 1348
f 3510 3612 3610
f 1765 3610 3842
f 3339 4082 3338
f 3911 3910 4082
f 1221 4083 1579
f 2422 1445 3821
f 984 3655 983
f 4084 4085 3791
f 3944 4084 3790
f 3681 3680 3849
f 3849 3957 3847
f 3771 3574 3090
f 916 3216 915
f 915 4086 2199
f 4087 4086 2934
f 3571 4012 1811
f 1809 1808 4088
f 639 1398 637
f 4069 4042 4066
f 4089 4067 4090
f 4042 3860 4068
f 3240 3241 3238
f 4027 455 1344
f 4091 4092 3979
f 2405 4083 2400
f 1636 4093 1635
f 4093 1636 4075
f 3118 3661 1634
f 1043 4000 1403
f 3985 4094 1678
f 4095 4096 4097
f 2798 3761 2131
f 3966 4093 4071
f 3834 3263 3835
f 1167 3956 1166
f 3598 2660 3635
f 1746 1742 3919
f 2872 2869 3399
f 4083 2405 2571
f 1345 1815 1344
f 1486 3529 1480
f 1481 4098 1484
f 3643 2502 2246
f 2644 2251 4099
f 3914 4018 2871
f 3446 3814 3447
f 3905 4100 3904
f 2903 1070 4100
f 2901 2903 3905
f 2469 2303 4087
f 2303 2469 2301
f 3979 3950 3980
f 1797 2551 792
f 2480 2475 4101
f 3950 3947 3984
f 396 395 4102
f 4102 4103 396
f 4102 3869 4104
f 1990 2208 1989
f 3963 1789 3426
f 3890 3889 4105
f 4073 3890 4106
f 4106 4105 4107
f 872 871 3417
f 3407 3417 3406
f 2083 3618 1607
f 3987 1606 3986
f 169 168 3467
f 3829 2081 1888
f 1927 1993 1923
f 3143 2654 4108
f 4109 4107 4108
f 4107 871 3143
f 4108 4110 4109
f 3848 2315 3846
f 2654 2653 4110
f 4110 2655 4111
f 1285 1284 2463
f 3981 1083 1432
f 4091 1432 2758
f 4082 4112 3911
f 3895 1489 4112
f 528 3912 527
f 1489 3895 2776
f 3339 3895 4082
f 2944 2943 3172
f 671 2973 670
f 710 4017 708
f 4076 1199 3663
f 2948 2949 2352
f 2074 4113 1807
f 1070 2903 1068
f 949 948 3601
f 1588 1586 3358
f 3358 1702 3352
f 1432 4091 3981
f 2645 1083 3982
f 1049 1051 1020
f 1051 1557 1019
f 2761 3657 2564
f 1570 4101 1571
f 4114 4115 4116
f 4117 3943 4114
f 4118 4114 3773
f 3773 4116 3771
f 2868 2867 4019
f 4119 3872 3493
f 3872 4119 3871
f 3753 3755 3292
f 3756 3936 3755
f 3321 3942 3317
f 2913 3321 2454
f 4005 4033 4004
f 4002 4004 4069
f 2933 2932 4005
f 3172 2942 1704
f 3962 3960 1881
f 1881 1878 3962
f 4101 1570 2480
f 4107 4109 4106
f 394 4120 391
f 3483 2967 3482
f 1727 4121 1734
f 3805 3810 4122
f 3808 4122 4123
f 2768 4079 2777
f 2308 4078 2767
f 1462 1467 3462
f 3705 3707 3713
f 2708 1105 3974
f 1591 1595 3974
f 3974 3870 2708
f 2618 888 3706
f 14 18 16
f 3810 3241 1734
f 1735 3247 1728
f 2863 1109 1872
f 3479 3478 4088
f 2689 1159 2688
f 1834 1829 2847
f 2849 2848 2749
f 4103 3832 394
f 2172 4120 4008
f 3660 3659 4094
f 1680 1679 4024
f 4124 3528 2600
f 2600 2597 4124
f 2600 3530 3280
f 559 3281 556
f 3070 4039 3069
f 2647 2646 3682
f 493 2161 2877
f 768 762 3526
f 3478 4096 4125
f 3840 3839 3525
f 3525 3989 1877
f 3555 3857 3554
f 4126 4127 3859
f 3954 4126 3858
f 3464 3463 3185
f 4080 1201 4076
f 4128 1319 3755
f 3103 3292 3568
f 3292 3293 3753
f 3568 4129 1320
f 1320 10 3568
f 4085 4099 2500
f 3034 1155 3778
f 3286 3512 1644
f 3812 3683 3892
f 4027 4130 3475
f 4130 4027 4113
f 1822 3092 1817
f 3677 3994 694
f 1033 1247 1031
f 3744 2521 3867
f 3151 931 938
f 4081 759 3309
f 4130 578 4028
f 4113 2074 4130
f 4028 577 3803
f 3788 3787 1912
f 3565 3888 3698
f 4103 4102 3831
f 2841 3794 1713
f 3335 2643 3819
f 4084 3944 3819
f 3819 4131 4084
f 3692 3691 843
f 1944 3122 1942
f 2108 2107 3398
f 3493 3395 4119
f 2122 3922 2902
f 4072 4132 2174
f 1318 3012 1317
f 3708 938 2941
f 2347 2036 3482
f 2036 2347 3669
f 3046 999 2895
f 2895 1585 3046
f 3357 2955 3045
f 3046 1587 3045
f 3009 3449 3015
f 2655 1809 4125
f 2682 386 3524
f 9 10 1316
f 1314 1319 3448
f 3973 3996 4133
f 2821 2829 3995
f 2758 3550 4091
f 3163 3491 3162
f 2328 2327 3522
f 3519 689 3518
f 3793 4134 3367
f 3373 4016 3372
f 3448 4128 3933
f 4088 1814 3479
f 4133 4135 3973
f 3964 3966 3990
f 3967 3712 3966
f 3744 3869 2519
f 663 3549 655
f 1402 2311 1396
f 1792 1798 1796
f 4134 3793 4127
f 4136 4134 4126
f 4134 4136 3373
f 3927 4034 3928
f 3769 3774 3927
f 3697 3626 465
f 1783 1778 3538
f 2909 3539 2908
f 3963 3893 2060
f 4137 4123 4138
f 3556 3558 4137
f 3557 3556 4138
f 3855 4138 4090
f 4121 1727 4067
f 4123 4121 4089
f 4040 3553 1799
f 2707 3765 3044
f 3252 4006 1559
f 1559 1311 1558
f 3735 3841 3733
f 3185 3186 3464
f 1853 3909 4080
f 3712 3967 3039
f 4009 3760 4007
f 4109 4111 4095
f 4106 4095 4073
f 3626 3625 1695
f 2924 2970 725
f 3159 4139 3157
f 2971 777 3159
f 4139 3792 3953
f 3649 2136 513
f 3668 3977 1153
f 2739 2735 2737
f 3426 3861 3963
f 3160 4118 3767
f 3953 4117 4118
f 2744 2049 1095
f 2643 2639 4131
f 4131 2644 4085
f 2708 3764 2707
f 3320 3316 2875
f 777 776 4139
f 3943 4117 3268
f 629 582 869
f 3314 4098 4124
f 3813 4077 3242
f 2669 864 1853
f 3067 3069 1800
f 2931 2108 3397
f 426 3551 3256
f 3209 3211 3207
f 3129 2745 3371
f 3513 536 3995
f 536 3073 4133
f 3548 2627 659
f 3096 3784 3095
f 10 8 135
f 1726 1732 4003
f 2271 3042 2270
f 3831 4104 1518
f 2773 4140 1491
f 3307 3855 3860
f 2338 3865 2919
f 2339 2338 2341
f 539 1798 538
f 3595 3094 4037
f 2575 1870 2906
f 3344 3211 3988
f 3618 2083 3177
f 3073 3068 4135
f 4101 2479 4141
f 1571 4141 1578
f 1206 2815 3582
f 1276 2594 4097
f 333 1534 2884
f 2109 3030 2107
f 4132 4072 4022
f 3672 4132 3670
f 3759 4140 4022
f 3830 3570 1868
f 4140 2773 3670
f 2907 1871 2706
f 3371 4142 3129
f 3370 3372 4142
f 1578 3697 467
f 3576 4115 3614
f 4098 3314 1937
f 3809 3808 4137
f 3558 2388 3809
f 1366 3931 1367
f 2955 3357 3355
f 3045 1588 3357
f 4126 3954 4136
f 2454 3322 2453
f 1550 1558 1551
f 3831 1521 4103
f 3988 3212 3047
f 3952 717 2082
f 2222 4143 4015
f 3616 3576 3613
f 2906 1865 1871
f 3128 3969 807
f 727 2849 2748
f 3309 3308 4081
f 1703 2942 498
f 3449 3448 3932
f 3392 3527 761
f 2219 3126 4143
f 2773 2770 3671
f 1575 4070 1573
f 1578 467 4070
f 2326 3991 1053
f 3625 3325 1696
f 3550 3948 4092
f 648 642 646
f 2 6 3
f 2 8 5
f 4 137 6
f 8 2 1
f 5 8 10
f 7 1 12
f 14 21 15
f 17 21 14
f 14 13 19
f 20 61 13
f 21 92 22
f 15 22 23
f 25 28 26
f 28 25 29
f 31 29 25
f 33 42 34
f 36 33 32
f 33 36 38
f 32 34 40
f 34 43 41
f 42 45 43
f 37 46 42
f 45 42 46
f 40 41 48
f 39 40 47
f 49 262 50
f 52 147 53
f 55 52 51
f 57 59 55
f 52 55 59
f 54 77 56
f 61 20 62
f 19 13 61
f 65 68 66
f 67 264 68
f 68 277 69
f 65 64 71
f 64 66 73
f 64 72 74
f 75 73 66
f 76 133 77
f 79 133 76
f 80 76 54
f 80 81 78
f 80 51 53
f 83 88 84
f 85 17 82
f 87 84 88
f 89 85 84
f 83 954 90
f 91 954 83
f 17 85 92
f 16 91 82
f 94 99 95
f 97 98 95
f 98 152 93
f 100 111 101
f 99 101 96
f 102 100 99
f 104 106 57
f 59 57 106
f 108 106 104
f 110 114 111
f 113 96 101
f 112 101 111
f 115 97 96
f 117 115 113
f 1 3 118
f 12 118 120
f 122 120 118
f 121 118 3
f 119 131 125
f 11 124 127
f 124 125 128
f 130 125 131
f 130 322 128
f 132 150 129
f 129 77 133
f 123 3 6
f 119 124 11
f 131 119 120
f 7 11 126
f 98 97 134
f 134 97 115
f 134 6 137
f 86 149 138
f 88 90 139
f 89 108 107
f 106 108 138
f 141 151 140
f 62 142 114
f 23 156 143
f 112 114 142
f 20 23 142
f 138 149 144
f 146 58 144
f 105 144 58
f 147 52 58
f 145 144 149
f 148 149 86
f 108 89 87
f 103 57 56
f 123 115 117
f 150 56 77
f 122 160 132
f 140 92 85
f 151 22 92
f 136 154 152
f 152 155 153
f 154 321 155
f 151 141 157
f 22 151 156
f 156 157 116
f 117 116 157
f 158 122 121
f 158 157 141
f 116 113 112
f 159 104 103
f 159 141 107
f 150 132 160
f 158 159 160
f 162 28 27
f 28 162 163
f 164 182 27
f 166 172 167
f 169 166 165
f 170 224 165
f 172 166 173
f 175 167 172
f 171 173 177
f 166 169 178
f 179 177 173
f 72 26 163
f 72 73 24
f 162 301 180
f 161 27 182
f 181 182 184
f 185 184 182
f 186 240 183
f 187 164 29
f 189 193 190
f 191 273 192
f 193 236 194
f 188 190 195
f 197 193 189
f 198 236 193
f 199 189 188
f 199 192 201
f 201 205 202
f 204 202 205
f 206 207 202
f 207 196 200
f 207 206 209
f 210 267 204
f 204 267 211
f 213 223 214
f 214 170 216
f 212 214 215
f 219 212 217
f 212 219 220
f 215 216 222
f 224 170 214
f 213 228 225
f 223 225 226
f 228 213 220
f 196 189 199
f 196 207 208
f 71 74 230
f 232 70 233
f 70 71 229
f 67 65 70
f 176 232 231
f 234 174 231
f 235 234 233
f 167 175 216
f 236 35 50
f 190 194 237
f 239 41 43
f 238 43 45
f 232 176 241
f 242 241 176
f 244 247 245
f 246 245 247
f 248 249 247
f 249 219 218
f 250 3420 248
f 243 245 252
f 243 251 254
f 253 250 244
f 245 246 255
f 256 295 252
f 258 239 238
f 240 186 257
f 258 257 260
f 258 259 261
f 35 32 39
f 194 50 262
f 73 75 263
f 30 25 24
f 241 242 264
f 177 179 265
f 171 231 174
f 35 236 198
f 267 210 268
f 210 323 269
f 211 267 266
f 203 205 272
f 201 274 272
f 274 201 192
f 275 235 229
f 242 265 276
f 264 276 277
f 44 46 279
f 280 279 46
f 279 280 282
f 283 280 37
f 284 186 184
f 260 257 186
f 44 183 240
f 217 215 221
f 218 217 285
f 286 309 285
f 288 290 209
f 206 211 287
f 208 209 290
f 283 38 289
f 283 290 288
f 288 287 293
f 291 288 292
f 295 296 251
f 297 254 251
f 296 295 299
f 300 161 181
f 161 300 301
f 281 300 278
f 183 44 278
f 222 216 175
f 303 286 221
f 305 307 303
f 305 304 235
f 304 302 234
f 222 302 304
f 307 305 308
f 307 311 286
f 302 175 174
f 74 163 180
f 168 165 224
f 246 285 309
f 255 309 310
f 311 310 309
f 270 293 287
f 295 256 312
f 198 289 38
f 197 208 289
f 268 298 299
f 48 41 239
f 313 275 230
f 313 308 305
f 312 315 293
f 292 293 315
f 220 219 249
f 282 291 294
f 291 282 280
f 313 180 301
f 317 316 308
f 300 281 317
f 270 266 299
f 256 310 315
f 314 315 310
f 314 306 294
f 316 294 306
f 306 314 311
f 281 282 316
f 5 9 318
f 185 164 187
f 319 2412 284
f 320 137 4
f 154 136 137
f 320 1317 321
f 322 130 133
f 203 271 323
f 325 332 326
f 324 3786 327
f 328 3027 324
f 326 331 329
f 331 326 332
f 330 332 334
f 336 339 337
f 339 336 340
f 342 340 336
f 343 467 335
f 345 337 339
f 347 352 348
f 349 3376 350
f 346 348 351
f 352 2169 353
f 354 1790 352
f 356 358 357
f 358 361 359
f 361 358 362
f 361 3600 363
f 364 362 358
f 366 377 367
f 368 369 365
f 369 372 370
f 372 369 373
f 374 373 369
f 376 367 377
f 379 383 380
f 382 380 383
f 384 1547 385
f 378 1962 384
f 386 2681 383
f 379 385 387
f 389 2396 390
f 391 392 389
f 393 2395 389
f 388 396 394
f 396 388 390
f 398 403 399
f 400 1014 397
f 399 405 401
f 403 398 404
f 403 2132 405
f 407 413 408
f 406 408 410
f 412 408 413
f 415 412 411
f 416 417 412
f 417 410 408
f 413 407 419
f 421 2824 422
f 423 424 420
f 424 602 425
f 422 3551 426
f 428 431 429
f 431 428 432
f 434 429 431
f 435 2202 427
f 430 3053 433
f 433 3634 436
f 438 1565 439
f 440 444 437
f 442 438 437
f 441 437 444
f 446 442 441
f 447 772 443
f 449 454 450
f 448 3471 451
f 453 450 454
f 448 450 456
f 452 454 458
f 460 462 461
f 462 2344 463
f 460 3571 464
f 335 466 341
f 466 335 467
f 469 473 470
f 471 2448 472
f 473 478 474
f 475 476 470
f 476 471 468
f 478 473 479
f 481 3739 482
f 484 2978 481
f 483 481 480
f 485 3206 486
f 487 3210 485
f 489 492 490
f 491 499 492
f 489 2161 493
f 495 490 492
f 488 490 497
f 494 492 499
f 501 510 502
f 503 1322 500
f 505 503 502
f 503 505 507
f 504 1363 508
f 504 502 510
f 511 515 512
f 514 2132 512
f 515 517 513
f 516 2772 517
f 515 511 518
f 520 523 521
f 523 520 524
f 526 524 520
f 521 530 528
f 522 841 529
f 523 529 530
f 532 534 533
f 534 3225 535
f 536 3513 534
f 531 3072 537
f 538 3553 531
f 539 538 533
f 541 544 542
f 544 541 545
f 547 542 544
f 549 550 545
f 550 1862 543
f 548 545 541
f 553 555 554
f 556 3530 557
f 555 557 558
f 555 553 559
f 552 554 561
f 563 552 560
f 565 2146 566
f 568 565 564
f 567 564 570
f 567 3031 571
f 572 570 564
f 574 579 575
f 573 582 576
f 577 578 574
f 578 2074 579
f 581 576 582
f 583 577 576
f 585 590 586
f 584 586 588
f 586 594 589
f 591 2088 592
f 593 591 590
f 590 592 594
f 392 598 595
f 597 595 598
f 599 598 392
f 393 595 601
f 277 425 602
f 425 277 276
f 603 421 420
f 69 602 604
f 602 424 605
f 606 435 429
f 608 612 609
f 611 609 612
f 613 1683 610
f 607 3031 614
f 612 608 615
f 617 622 618
f 616 1610 619
f 338 340 616
f 621 618 622
f 620 622 624
f 625 624 622
f 627 630 628
f 629 630 580
f 630 629 631
f 632 3222 633
f 634 627 626
f 635 632 626
f 637 2310 638
f 636 641 639
f 641 636 642
f 636 638 643
f 645 647 646
f 643 1230 644
f 647 1094 648
f 355 357 650
f 649 650 652
f 357 359 653
f 655 657 656
f 658 664 656
f 660 658 657
f 659 657 655
f 662 1007 654
f 654 1009 663
f 664 744 662
f 666 668 667
f 668 957 669
f 667 669 671
f 370 372 668
f 666 1161 672
f 674 677 675
f 677 674 678
f 680 677 676
f 682 678 674
f 683 781 678
f 685 687 686
f 687 690 688
f 689 1168 690
f 692 684 693
f 684 686 694
f 696 699 697
f 699 696 700
f 700 696 702
f 702 696 695
f 699 706 704
f 706 699 698
f 708 716 709
f 707 2547 710
f 707 709 712
f 709 715 713
f 715 709 716
f 716 708 718
f 720 726 721
f 723 720 719
f 725 721 726
f 719 721 728
f 721 725 729
f 731 187 31
f 572 734 733
f 734 737 735
f 737 734 738
f 739 2164 740
f 732 733 741
f 662 744 743
f 744 2973 745
f 747 753 748
f 750 746 751
f 752 751 746
f 754 1667 755
f 753 747 756
f 753 755 757
f 759 3391 760
f 762 764 760
f 758 760 764
f 763 2129 765
f 758 765 766
f 764 762 768
f 447 773 770
f 772 447 769
f 773 447 444
f 771 769 775
f 774 3266 776
f 777 772 771
f 779 784 780
f 782 779 778
f 784 779 785
f 784 398 397
f 783 404 398
f 786 785 779
f 785 786 787
f 554 558 788
f 560 561 790
f 791 790 561
f 789 790 793
f 795 801 796
f 796 805 798
f 794 796 797
f 801 795 802
f 804 801 800
f 801 804 805
f 807 810 808
f 809 3976 810
f 812 806 813
f 806 808 814
f 810 3728 815
f 817 2417 818
f 820 817 816
f 817 820 822
f 824 822 820
f 819 816 826
f 816 818 827
f 829 840 830
f 832 840 833
f 835 828 830
f 828 835 837
f 838 829 828
f 839 830 840
f 839 2792 834
f 842 418 843
f 841 522 844
f 845 529 841
f 847 855 848
f 850 847 846
f 851 3233 849
f 852 2293 853
f 852 848 855
f 853 851 846
f 857 860 858
f 859 990 860
f 857 2035 861
f 863 858 860
f 864 2033 856
f 866 870 867
f 865 867 869
f 870 3416 631
f 872 870 866
f 874 877 875
f 876 2056 877
f 497 876 874
f 880 878 881
f 873 881 878
f 883 887 884
f 885 3843 886
f 888 1766 884
f 882 884 889
f 891 895 892
f 894 892 895
f 896 731 890
f 898 901 899
f 900 2409 901
f 902 3331 903
f 905 899 901
f 897 899 906
f 908 911 909
f 911 1905 912
f 913 909 911
f 914 1905 911
f 907 909 916
f 918 921 919
f 920 921 609
f 921 918 607
f 917 923 571
f 923 917 924
f 921 920 925
f 926 924 917
f 919 925 927
f 929 933 930
f 932 930 933
f 932 937 935
f 934 2820 930
f 937 932 931
f 933 929 939
f 941 944 942
f 943 1237 944
f 946 942 944
f 947 3999 940
f 949 941 940
f 254 297 951
f 253 254 950
f 30 1061 730
f 90 956 953
f 91 2523 955
f 956 90 954
f 372 371 957
f 370 672 366
f 959 964 960
f 962 960 963
f 965 963 960
f 966 3877 961
f 968 970 969
f 937 3589 969
f 971 1348 972
f 970 972 935
f 967 2026 973
f 970 968 974
f 975 974 968
f 976 458 454
f 978 1556 979
f 980 981 977
f 981 3253 982
f 981 980 984
f 986 993 987
f 989 986 985
f 990 859 985
f 859 861 988
f 992 990 987
f 993 995 991
f 994 2408 995
f 997 1001 998
f 996 998 1000
f 1001 1006 1002
f 1001 997 1004
f 1006 1001 1003
f 742 1010 1007
f 1009 654 1007
f 1010 1756 1008
f 1011 2007 1010
f 1012 1011 742
f 1014 400 1015
f 780 397 1014
f 1016 1018 47
f 49 47 1018
f 1019 1171 1017
f 1018 1016 1020
f 1022 1028 1023
f 1024 1025 1021
f 1025 1431 1026
f 1027 1022 1021
f 1028 1030 1029
f 697 704 1030
f 1028 1022 695
f 1032 1037 1033
f 1035 1247 1033
f 1034 1033 1037
f 1036 1037 1039
f 1040 1039 1037
f 596 1045 1042
f 1043 1403 1044
f 597 596 1041
f 1045 596 598
f 597 1044 1047
f 1044 1403 1048
f 1020 1058 1050
f 1049 1053 1052
f 1049 1050 1054
f 1050 1057 1055
f 1057 1050 1058
f 1060 730 1061
f 1063 1065 989
f 1062 989 988
f 1065 1066 986
f 1066 994 993
f 1068 1074 1069
f 1067 3601 1070
f 1071 3379 1067
f 1073 1071 1069
f 1074 3833 1072
f 1075 3922 1074
f 1077 795 794
f 1078 802 795
f 1080 1084 1081
f 1083 1081 1084
f 1085 1086 1084
f 1087 1435 1088
f 1082 1084 1086
f 1089 1087 1086
f 1091 1096 1092
f 1094 647 1092
f 1093 1092 1096
f 1090 1092 647
f 1098 1091 1090
f 1090 645 1099
f 1101 1106 1102
f 1104 1107 1101
f 1106 1101 1107
f 1105 2704 1108
f 1106 1108 1109
f 1111 1119 1112
f 1114 1115 1112
f 1115 1954 1110
f 1115 1114 905
f 906 1114 1113
f 1113 1112 1119
f 1117 1113 1118
f 1122 1129 1123
f 1125 1129 1122
f 1126 1477 1121
f 1128 1126 1123
f 1129 2617 1127
f 1131 1139 1132
f 1134 1130 1135
f 1130 1132 1136
f 1138 1132 1139
f 1137 1139 1141
f 782 1145 1142
f 1144 1142 1145
f 1146 787 786
f 1143 1859 1147
f 1143 1145 683
f 1150 1154 1151
f 1153 1151 1154
f 1155 3032 1151
f 1156 2166 1152
f 1157 1156 1154
f 1149 2462 1158
f 1159 1157 1150
f 1161 666 665
f 1161 1163 1162
f 1160 2059 1163
f 1164 1563 1160
f 665 667 670
f 1038 1039 1166
f 1039 1040 1167
f 690 1040 1032
f 1168 1167 1040
f 1017 1169 262
f 1169 1312 237
f 1169 1017 1171
f 1173 2865 1174
f 1172 1177 1175
f 1177 1172 1178
f 1177 1180 1179
f 1176 3718 1180
f 1172 1174 1181
f 407 1183 1181
f 1183 407 406
f 1185 355 649
f 703 695 1022
f 1187 1193 1188
f 1186 1188 1190
f 1189 2588 1191
f 1188 1194 1192
f 1193 1196 1194
f 1195 2491 1196
f 1197 1195 1193
f 1199 1201 1200
f 1201 3909 863
f 1203 1198 1204
f 1205 1204 1198
f 1207 1212 1208
f 1209 2815 1206
f 1211 1208 1212
f 1214 1207 1215
f 1134 1212 1207
f 1206 3582 1215
f 1131 1214 1213
f 1139 1131 1216
f 1130 1134 1214
f 1218 1222 1219
f 1220 4083 1221
f 1222 3699 1223
f 1219 1223 1225
f 1224 1220 1217
f 1226 3701 1222
f 1228 643 638
f 1230 643 1228
f 566 738 734
f 736 738 1232
f 570 572 732
f 1234 1239 1235
f 1236 1971 1233
f 1238 1235 1239
f 1239 1234 1240
f 1242 1246 1243
f 1245 1243 1246
f 1247 1035 1246
f 1249 1242 1241
f 1242 1249 1250
f 1251 1255 1252
f 825 826 1253
f 825 1252 1254
f 1255 2833 1256
f 1258 1264 1259
f 1260 1261 1257
f 1261 78 81
f 1263 1259 1264
f 1266 228 227
f 228 1266 1267
f 1266 1269 1268
f 1265 3285 1269
f 1271 1275 1272
f 1274 1272 1275
f 1276 4097 1273
f 1270 1280 1278
f 1280 1270 1272
f 1282 1287 1283
f 1285 1288 1282
f 1287 1282 1288
f 1290 1287 1286
f 1291 1283 1287
f 1293 1300 1294
f 1295 2407 1292
f 1297 1293 1292
f 1299 1294 1300
f 1302 1308 1303
f 1305 1306 1303
f 1306 3865 1301
f 1307 1419 1308
f 1304 1303 1308
f 1301 1995 1310
f 195 237 1312
f 1311 4006 191
f 9 1316 1313
f 1315 1313 1316
f 1317 320 318
f 1313 1315 1318
f 1314 1316 1320
f 500 1323 1321
f 1322 1326 1323
f 1325 1323 1326
f 1327 1321 1323
f 1328 2713 1321
f 1330 1340 1331
f 1333 1335 1331
f 1335 1333 1336
f 1329 1331 1335
f 1339 1333 1332
f 1340 3587 1332
f 1342 1345 1343
f 456 1343 1345
f 1341 1343 453
f 1341 3508 1347
f 450 453 1343
f 972 1349 934
f 1348 3068 1349
f 1351 1356 1352
f 1352 1357 1354
f 1355 2063 1356
f 1356 2062 1357
f 1351 1350 1359
f 1358 3954 1355
f 1360 507 505
f 1362 508 1363
f 879 1370 1364
f 1366 1367 1364
f 1368 488 496
f 880 1364 1367
f 1365 1372 1369
f 1370 1373 1365
f 1372 1365 1373
f 749 751 1375
f 1377 749 1374
f 1374 1375 1379
f 1375 1381 1380
f 1381 1375 751
f 1382 1218 1217
f 1383 1226 1218
f 1385 1391 1386
f 1384 1386 1388
f 1390 1386 1391
f 1386 1390 1392
f 1391 1385 1394
f 1395 1400 1396
f 1048 1396 1398
f 1399 3131 1400
f 1402 1396 1400
f 1403 1399 1395
f 1405 1407 1406
f 1407 1410 1408
f 1410 1407 1411
f 1404 1089 1412
f 1413 1411 1407
f 1415 1309 1416
f 1416 1419 1418
f 1419 1416 1309
f 1419 1307 1420
f 1421 1304 1309
f 1423 1393 1424
f 1393 1394 1425
f 1393 1423 1389
f 1423 1686 1426
f 1026 1429 1427
f 904 3173 1427
f 1429 2410 1428
f 1429 1026 1431
f 1082 1088 1433
f 1433 1088 1435
f 1437 1439 1438
f 1439 922 1440
f 1439 1437 1442
f 1444 1437 1436
f 1446 1448 1447
f 1449 3465 1450
f 1451 1449 1448
f 1445 2428 953
f 1446 953 956
f 1237 943 1452
f 1237 1239 945
f 1453 1970 1238
f 943 3378 1454
f 1456 1459 1457
f 601 1046 1456
f 1459 1456 1046
f 1458 1456 1455
f 1462 1464 1463
f 1464 2589 653
f 1465 2444 1466
f 1461 1463 363
f 1461 1466 1467
f 1436 1438 1469
f 1443 1436 1468
f 1472 1126 1128
f 1473 4062 1474
f 1471 1128 1476
f 1472 1474 1477
f 1479 1487 1480
f 1481 1484 1478
f 1483 1478 1484
f 1486 1480 1487
f 525 520 519
f 527 1489 519
f 1489 2776 1488
f 1488 2769 1490
f 525 1490 1491
f 1493 1495 1494
f 1495 1771 1496
f 1495 1493 1498
f 1500 1492 1501
f 1502 1493 1492
f 1492 1494 1503
f 1494 1496 1504
f 1506 272 274
f 272 1506 1507
f 1509 1514 1510
f 1511 2125 1508
f 1513 1511 1510
f 1515 1512 1510
f 1516 3902 1514
f 1518 2160 1519
f 1521 1517 1522
f 1523 1522 1517
f 1524 1525 1522
f 1525 4009 1520
f 1527 1529 1528
f 1529 1532 334
f 1530 1533 1529
f 1532 1529 1533
f 333 334 1532
f 1535 1537 1533
f 1531 1533 1537
f 1539 1541 486
f 1541 1539 1542
f 1544 1539 1538
f 483 486 1541
f 1544 387 385
f 1545 385 1547
f 1547 384 1549
f 1548 2861 1546
f 1550 978 977
f 1551 1555 978
f 1553 1555 1554
f 1555 1553 1556
f 1555 1551 1557
f 1550 982 1559
f 664 658 1561
f 1560 2973 744
f 1562 1561 658
f 1563 1164 1561
f 1164 670 1560
f 1564 1569 1565
f 1567 439 1565
f 1566 1565 1569
f 1571 1575 1572
f 1574 1572 1575
f 1572 1574 1577
f 1578 4070 1575
f 1580 1382 1221
f 1411 1413 1582
f 1583 1413 1405
f 1409 1411 1581
f 1585 3569 1584
f 1413 1583 1586
f 1587 1585 1581
f 1582 1586 1588
f 1590 1595 1591
f 1593 1594 1590
f 1594 3703 1595
f 1590 1589 1596
f 1593 1592 1598
f 1600 1605 1601
f 1602 3014 1599
f 1604 1601 1605
f 1600 1608 1607
f 1599 4032 1608
f 1606 3952 1605
f 338 1609 344
f 1609 338 618
f 1610 616 340
f 1611 1613 1540
f 1612 1616 1613
f 1615 1613 1616
f 1617 1540 1613
f 1546 1611 1542
f 1545 1542 1539
f 1540 1617 484
f 1187 1619 1618
f 1186 1191 1619
f 1621 1618 1619
f 1622 2954 1197
f 1624 1628 1625
f 1504 344 1609
f 1623 1625 1503
f 1623 1609 621
f 1501 1503 1625
f 1626 1625 1628
f 1627 1628 1630
f 1632 1637 1633
f 1631 3117 1634
f 1632 1634 1636
f 1638 2149 1639
f 1637 1639 1640
f 1637 1632 1635
f 1641 1307 1302
f 1307 1641 1642
f 1643 226 225
f 1644 1643 1267
f 226 1643 1645
f 1647 1652 1648
f 1649 1891 1646
f 1651 1647 1646
f 1652 1657 1653
f 1652 1647 1655
f 1657 1652 1654
f 1659 1185 1184
f 1184 649 651
f 1658 1184 1660
f 1662 2709 1660
f 1664 1666 1665
f 1666 755 1667
f 755 1666 1668
f 1669 1668 1666
f 1671 1664 1663
f 1672 2840 1663
f 1674 2728 1675
f 1673 1675 1677
f 1679 1673 1676
f 1680 1674 1673
f 1339 3585 1676
f 1682 610 1683
f 1682 2496 1426
f 610 1682 1684
f 611 1684 1685
f 1686 1685 1684
f 1687 1689 1324
f 1689 1687 1690
f 1688 1858 1147
f 1688 1690 1692
f 1687 1973 1693
f 1694 1697 1190
f 1696 1697 1694
f 341 1192 1194
f 1698 1189 1190
f 1700 1583 1412
f 1701 1704 1700
f 1583 1700 1702
f 1702 1700 1704
f 1706 1714 1707
f 1709 1716 1706
f 1707 1713 1711
f 1713 1707 1714
f 1714 1706 1716
f 1334 1336 1718
f 1337 1335 1334
f 1719 1334 1717
f 1720 1752 1721
f 1717 1718 1723
f 1722 4038 1720
f 1725 1732 1726
f 1728 1724 1729
f 1730 1725 1724
f 1732 1725 1733
f 1735 1728 1727
f 1387 1388 1737
f 1736 1737 1417
f 1738 1737 1388
f 1740 1744 1741
f 1739 3447 1742
f 1744 1740 1745
f 1743 1745 1119
f 1118 1119 1745
f 1746 1745 1740
f 1748 1757 1749
f 1747 4038 1751
f 1747 1749 1753
f 1755 1753 1749
f 1754 1749 1757
f 1757 1748 1759
f 1758 1008 1756
f 1761 1124 1762
f 1763 1762 1124
f 1764 3511 1762
f 889 1761 1760
f 1124 1761 1766
f 1767 1774 1497
f 1767 1770 1769
f 1498 2053 1770
f 1497 1773 1771
f 1773 1497 1774
f 1768 2579 1774
f 1776 1779 1777
f 1778 1782 1779
f 1779 1781 1408
f 1781 1779 1782
f 1783 2058 1782
f 1785 1791 354
f 1787 1791 1788
f 347 2799 1784
f 1784 1073 1789
f 1790 354 1791
f 792 793 1793
f 790 791 1794
f 1795 1793 793
f 1797 792 1792
f 1792 1793 1799
f 1801 1804 1802
f 928 1802 1804
f 1805 2472 1804
f 1807 1813 1808
f 1809 2075 1806
f 1811 1813 1812
f 1813 1811 1814
f 1815 1812 1813
f 1817 2190 1818
f 1820 1816 1821
f 1820 4035 1823
f 1816 1820 1822
f 1816 1818 1824
f 1825 3928 1819
f 1046 601 595
f 600 601 1458
f 1828 1831 1829
f 1831 1828 1832
f 1827 3640 1833
f 1834 3639 1827
f 1831 2749 1835
f 1837 1847 1838
f 1836 1841 1839
f 1841 1836 1842
f 1843 1842 1836
f 1845 1843 1838
f 1844 1838 1847
f 1848 811 1847
f 1850 1854 1851
f 1853 4080 1854
f 1852 1854 1850
f 1850 1849 1856
f 1144 1147 1858
f 1859 1324 1689
f 1859 1143 1148
f 1861 1866 1862
f 1864 1867 1861
f 1866 1861 1867
f 1869 1862 1866
f 1868 1866 1865
f 1867 1864 1872
f 342 1194 1196
f 1874 1876 1875
f 1753 1755 1876
f 1874 1721 1752
f 1878 1875 1876
f 1873 1875 1880
f 1881 1880 1875
f 1883 832 831
f 1884 1886 831
f 1882 831 1886
f 832 1883 1887
f 1889 1649 1890
f 1649 1889 1892
f 1889 2081 1893
f 1890 1649 1648
f 1895 1897 1896
f 1897 1895 994
f 1896 1658 1661
f 1897 1659 1658
f 1900 1902 1901
f 1902 663 1009
f 1008 1758 1901
f 1903 3549 663
f 1902 1900 1904
f 1905 1909 1906
f 1908 3896 1909
f 1909 3896 1910
f 1911 2506 912
f 1912 1911 1906
f 549 1915 1913
f 1915 549 548
f 550 549 1863
f 1916 1864 1863
f 1918 1920 1919
f 1921 3789 1922
f 1923 2165 1917
f 1925 1918 1917
f 1920 1922 1926
f 1919 1926 1927
f 1066 1065 1659
f 1065 1063 1185
f 1182 1930 1928
f 1182 406 409
f 1928 1932 1176
f 1178 1181 1183
f 1929 2899 1930
f 1932 1928 1930
f 1934 1941 1935
f 1933 3314 1936
f 1933 1935 1938
f 1940 1938 1935
f 1941 1943 1939
f 1942 3232 1943
f 1944 1942 1941
f 1892 1893 1946
f 1945 1946 1948
f 1891 1892 1945
f 1945 1947 1604
f 1110 1953 1950
f 1952 2830 1953
f 1954 1951 1953
f 1951 1956 1328
f 1956 1951 1954
f 478 1960 1957
f 1959 1957 1960
f 477 1961 1960
f 1961 3951 1958
f 1963 1549 384
f 1548 1549 1965
f 1415 1966 1965
f 1421 1965 1549
f 1966 2703 1964
f 1693 1972 1968
f 1968 1236 1970
f 1236 1968 1972
f 1973 506 1972
f 1690 1693 1967
f 1975 1979 1976
f 1978 1976 1979
f 1980 3946 1977
f 1979 1975 1981
f 1922 1975 1974
f 1974 1976 1642
f 1982 1927 1926
f 1983 2207 1984
f 1295 1984 1986
f 1984 1295 1294
f 1984 2207 1987
f 1985 1986 1989
f 1986 1987 1990
f 1310 1994 1991
f 1993 1991 1994
f 1991 1993 1927
f 1995 3666 1994
f 1997 2001 1998
f 2000 1998 2001
f 2002 3732 1999
f 2003 3622 2004
f 2005 1997 1996
f 2006 2003 1996
f 2008 1755 1754
f 1756 1010 2007
f 2007 1011 2009
f 2010 2012 1685
f 925 2012 2011
f 920 1685 2012
f 2014 1913 1915
f 2016 2017 2014
f 2017 1916 1913
f 2018 2015 2014
f 2019 2020 1957
f 474 1957 2020
f 2022 1705 2023
f 1710 2023 1705
f 1708 1706 1705
f 2024 3298 2021
f 2021 3299 2025
f 2026 1244 2027
f 2027 1035 1034
f 2028 975 973
f 1244 1246 1035
f 2029 1245 1244
f 2031 2034 2032
f 2033 2032 2034
f 856 2034 2035
f 2037 2041 2038
f 2036 3669 2039
f 2041 2037 2042
f 2043 3480 2040
f 2044 2042 2037
f 2046 2050 2047
f 1841 2050 2048
f 2049 2048 2050
f 2045 648 1094
f 2051 640 2045
f 1840 2047 2050
f 2047 1840 2052
f 2053 587 875
f 1768 1769 2055
f 877 1769 1770
f 2056 2055 1769
f 1780 1782 2058
f 2059 2057 2058
f 2058 1783 1162
f 1453 3061 1969
f 1235 1238 1970
f 2060 1788 1791
f 2062 1356 2063
f 2065 1357 2062
f 2064 2062 2061
f 1170 1558 1312
f 1005 1003 2068
f 2069 2072 2067
f 2071 2067 2072
f 2005 3611 2070
f 2002 2069 2068
f 2074 1807 1806
f 579 1806 2075
f 2077 1946 1893
f 2079 2077 2076
f 2077 2079 153
f 2081 3901 2076
f 1603 1650 1949
f 1891 1949 1650
f 1650 1603 2082
f 1947 1602 1601
f 1608 3937 2083
f 2085 2087 2086
f 2087 2085 2088
f 2087 2430 2089
f 2086 2089 1883
f 1882 1885 2084
f 2091 2632 2092
f 2094 2091 2090
f 2096 2098 2094
f 2091 2094 2098
f 2093 2969 2095
f 2099 2968 2093
f 2100 2099 2090
f 2102 2109 2103
f 2104 2105 2101
f 2105 3041 2106
f 2108 2103 2109
f 1104 2111 1589
f 2111 1104 1103
f 1589 2111 2112
f 2114 2116 2115
f 2116 2121 2117
f 2119 2115 2117
f 2118 3903 2120
f 2119 2671 2113
f 2122 2902 2117
f 2124 1508 2125
f 765 2128 2126
f 2128 765 2129
f 2131 2126 2128
f 2132 514 2133
f 402 512 2132
f 2133 2137 2135
f 2137 2133 514
f 2139 3664 2140
f 2142 2139 2138
f 1377 3746 2139
f 2143 2162 2144
f 2141 2138 2145
f 2141 2144 750
f 1442 2148 2146
f 1232 2146 2148
f 1441 1442 565
f 2149 2151 2150
f 2151 2178 2152
f 2153 1640 1639
f 1519 2158 2154
f 2155 1524 1523
f 2154 2157 416
f 2157 2154 2158
f 2159 2421 2156
f 2160 2159 2158
f 488 1368 2161
f 741 2163 756
f 2163 741 733
f 2162 2143 739
f 2143 2145 2164
f 2165 1923 2166
f 1924 1917 2165
f 2167 2165 1156
f 2169 352 1790
f 2171 353 2169
f 2173 1042 1045
f 599 4120 2172
f 1041 1042 2174
f 2176 2179 2177
f 2179 2176 2180
f 2182 2180 2176
f 2181 2176 2175
f 2175 2177 2185
f 2187 2189 2188
f 2190 1817 2191
f 2192 2188 2189
f 2186 2188 2194
f 2196 2198 2197
f 907 2197 2198
f 2199 2302 2195
f 915 2199 2197
f 908 2198 2200
f 2201 2147 2202
f 2204 2276 2205
f 1383 2206 2203
f 1987 2203 2206
f 2204 2203 1987
f 1990 2206 1580
f 2209 2210 1710
f 2023 1710 2210
f 2211 3388 2210
f 2209 2044 2039
f 2213 2220 2214
f 2215 2218 2212
f 2217 2212 2218
f 2220 2213 2221
f 2223 2214 2220
f 2219 4143 2222
f 2225 2229 2226
f 2228 2226 2229
f 2230 951 2224
f 2226 2228 2231
f 2232 2762 2229
f 2224 3599 269
f 2234 2236 2235
f 2159 2160 2236
f 2238 2235 2236
f 2239 1653 1657
f 2240 2239 2233
f 2242 1940 1939
f 1943 3234 2241
f 2244 2247 2245
f 2246 2251 2247
f 2247 2250 2248
f 2250 2247 2251
f 1824 2250 2249
f 2250 1824 1818
f 79 2257 2253
f 322 2253 2254
f 2256 2253 2257
f 2257 79 78
f 1261 1260 2255
f 1469 2260 2259
f 2258 3077 1468
f 1438 1440 2260
f 2262 2264 2259
f 2258 2259 2264
f 1440 3180 2265
f 2261 2259 2260
f 2266 2269 1568
f 2268 1566 1568
f 2267 1568 2269
f 2269 2266 2271
f 2272 2266 1569
f 2266 2272 2273
f 2275 2276 2204
f 2274 2204 2207
f 2276 2279 2277
f 2279 2276 2275
f 2281 2275 2274
f 2275 2281 1211
f 2283 2088 2085
f 2088 2283 2284
f 2286 3883 2287
f 2289 2285 2290
f 2289 3907 2292
f 2285 2289 2291
f 2290 2294 2293
f 2288 2290 852
f 2285 2287 2294
f 2295 2300 1880
f 2297 2300 2298
f 2299 2298 2300
f 2300 2297 1879
f 2302 2199 2303
f 2305 2195 2302
f 2304 2308 2306
f 2307 4078 2308
f 2304 2302 2301
f 1333 1339 1677
f 1336 1677 1675
f 2310 637 2311
f 2310 3629 1227
f 2312 2631 2098
f 2314 2096 2095
f 2316 2318 2317
f 2318 1531 1536
f 2319 1534 2318
f 1534 1532 1531
f 2321 2319 2316
f 2315 4074 2320
f 169 3467 2322
f 2323 2325 2324
f 961 2326 2323
f 1054 1055 2325
f 1054 2323 2326
f 2328 2324 2325
f 603 276 265
f 2329 265 179
f 2332 2339 2333
f 2331 2333 2335
f 2337 2335 2333
f 2339 2332 2340
f 2336 2333 2339
f 2343 2346 2344
f 463 2344 2346
f 2342 2344 462
f 2348 463 2345
f 2349 3669 2345
f 2351 2554 2352
f 2353 2351 2350
f 2355 2554 2351
f 2280 2274 1983
f 2280 2350 1209
f 2357 1394 1385
f 2358 1425 1394
f 606 2361 2360
f 2361 3483 2362
f 2363 3205 2359
f 345 1496 1771
f 344 1504 1496
f 1773 3721 2364
f 2366 2368 2367
f 2368 3542 1354
f 2369 4065 2368
f 2365 713 715
f 2371 3837 2372
f 2370 2372 2374
f 2000 2371 2370
f 2371 2000 1999
f 2006 2375 2378
f 2375 2370 2373
f 2353 1983 1299
f 1298 1300 2379
f 2380 2382 1512
f 1513 1512 2382
f 2381 2382 2384
f 2385 2399 2380
f 2382 2380 2386
f 2388 1098 1097
f 1099 2808 2387
f 1091 1098 2390
f 1954 1115 1116
f 2391 2393 2063
f 2392 3302 2393
f 2061 2063 2393
f 2395 2398 2396
f 2397 3465 2398
f 600 2397 2395
f 2400 2404 2401
f 2402 2404 1224
f 2403 2401 2404
f 1220 1224 2404
f 2386 2380 2399
f 2399 2385 2405
f 2407 1295 1985
f 2406 995 2408
f 1296 1292 2407
f 905 904 1428
f 2409 3173 904
f 1116 1428 2410
f 260 284 2412
f 259 260 2411
f 2415 2418 2416
f 2417 2416 2418
f 2419 2538 2416
f 2420 3641 2418
f 2421 2159 2234
f 2233 1657 1656
f 2423 2426 2424
f 2426 2423 2427
f 148 2428 2424
f 2426 146 145
f 2428 1445 2422
f 2429 2430 593
f 2430 2087 591
f 990 992 862
f 2432 2436 2433
f 2435 2433 2436
f 2437 2504 2433
f 2439 2435 2434
f 2440 2437 2435
f 1079 1081 2442
f 1701 1080 1079
f 2441 2583 2443
f 705 698 2445
f 2444 1465 2446
f 705 2446 2447
f 1064 988 861
f 2450 2296 2451
f 1330 2455 2450
f 2451 2456 2454
f 2455 2297 2296
f 2456 2451 2296
f 991 2458 2457
f 995 2406 2458
f 1204 1205 2457
f 2406 1985 1988
f 2459 2457 2458
f 1158 2461 2460
f 2461 1158 2462
f 2462 1149 2464
f 2466 1483 1482
f 1483 2466 2196
f 2465 3743 2200
f 1937 1938 1482
f 1478 1483 2467
f 2232 323 271
f 2469 4087 2470
f 928 1803 2468
f 1803 1804 2472
f 2471 2469 2468
f 929 2468 2470
f 2474 2477 2475
f 2477 2474 1671
f 2479 2475 2477
f 2480 3984 2473
f 2482 2485 2483
f 2484 551 2481
f 2482 2778 2486
f 2483 2485 2488
f 2490 2778 2482
f 2481 540 2489
f 1610 1196 2491
f 337 345 2364
f 2492 2493 1681
f 2493 2540 2494
f 1683 613 2495
f 2496 1682 1681
f 2497 3438 2436
f 2499 2432 2431
f 2498 3791 2500
f 2499 2500 2502
f 2432 2499 2501
f 2431 2433 2504
f 2505 2506 798
f 910 912 2506
f 797 798 2506
f 2507 2505 2193
f 805 2186 2193
f 2509 2515 2510
f 2508 1886 1884
f 2511 2512 2508
f 1886 2508 2512
f 2514 2510 2515
f 2510 2514 2516
f 1121 4030 1763
f 2517 3678 1537
f 2519 2524 2520
f 18 19 2521
f 2523 2525 2520
f 2524 2526 2522
f 2525 18 2518
f 2524 390 2396
f 2527 2530 1135
f 1132 1138 2528
f 2529 2527 1136
f 2530 3546 1133
f 781 683 1145
f 692 959 958
f 964 959 2533
f 691 2533 959
f 2535 2415 2414
f 2415 2535 2536
f 2414 2416 2538
f 1737 1738 2539
f 1392 2494 2540
f 1738 2540 2541
f 1417 2539 1414
f 2542 1414 2539
f 1283 1291 2544
f 1281 1283 2543
f 2461 1281 2545
f 1284 1282 1281
f 2547 707 711
f 2549 710 2547
f 2546 711 1929
f 2198 2196 2466
f 2467 2196 2195
f 562 2552 2550
f 789 2551 562
f 2551 3285 2552
f 2354 2379 2314
f 2554 2355 2555
f 2096 2314 2379
f 2355 2314 2313
f 1300 1293 2312
f 2557 2566 2558
f 2559 3119 2556
f 2561 2557 2556
f 2558 2567 2562
f 2564 2566 2565
f 2566 2564 2567
f 1202 2573 2568
f 2569 2570 1203
f 2570 1199 1198
f 2572 2569 2568
f 2208 1580 1579
f 2571 2568 2573
f 2573 1202 2574
f 1775 1777 2576
f 2575 2906 2577
f 2576 1410 1409
f 1410 2576 1777
f 2578 1870 2575
f 2054 2580 2579
f 2580 2582 2581
f 1772 1774 2579
f 2441 2442 2582
f 2583 2441 2580
f 1191 2588 2585
f 1620 1619 1191
f 2586 2588 1189
f 2587 2585 2588
f 1463 653 359
f 2589 652 650
f 2590 3540 2419
f 2591 2590 821
f 2590 2591 2593
f 2594 2591 822
f 2417 817 821
f 2595 947 942
f 2597 2599 2565
f 2563 2565 2599
f 2566 2557 2596
f 2600 3280 2599
f 2602 2597 2596
f 2411 2412 2604
f 2413 2411 2603
f 1056 2603 2605
f 894 2605 2603
f 2412 319 896
f 886 2607 373
f 371 373 2607
f 1526 1528 325
f 2609 1527 1526
f 2608 1526 327
f 2612 2609 2608
f 2611 2608 2610
f 461 463 2348
f 2614 2348 2616
f 992 2457 1205
f 1574 2581 2582
f 1573 1772 2581
f 2442 2645 1577
f 2618 3706 2619
f 2617 2619 2620
f 1125 2618 2617
f 2619 3706 2622
f 2624 1216 1213
f 2625 1141 1216
f 2624 2951 2626
f 2628 1562 660
f 2629 1898 2630
f 2631 2629 2097
f 2632 2091 2097
f 2630 2634 2633
f 1898 1661 2634
f 1898 2629 1894
f 2282 2085 2084
f 1885 2512 2635
f 2637 2282 2635
f 2282 2637 2638
f 2639 2641 2252
f 1825 2252 2641
f 2641 2639 2643
f 2644 2639 2249
f 2645 2442 1081
f 2647 2652 2648
f 2650 2652 2651
f 1567 2648 2652
f 439 1567 2650
f 1921 2651 2652
f 575 2075 2653
f 2654 865 868
f 2075 1809 2655
f 2657 1278 1280
f 2658 2659 1278
f 2659 2734 1277
f 1279 3477 2656
f 2656 3064 2660
f 2523 2522 2661
f 91 16 2525
f 2294 2665 2662
f 2663 853 2293
f 2662 2666 2664
f 2665 3788 2666
f 2665 2294 2287
f 1627 2966 2429
f 2668 2670 2032
f 2669 2668 2033
f 2670 3520 2030
f 2671 2677 2672
f 2672 2676 2674
f 2676 2672 2677
f 2679 2677 2671
f 2119 2120 2678
f 2681 386 2682
f 2680 2682 2184
f 2684 2681 2680
f 2184 2685 2183
f 2682 3524 2685
f 769 770 2686
f 774 775 2688
f 2167 2689 2686
f 2689 2688 775
f 770 1925 1924
f 773 2649 1925
f 1506 2691 2690
f 1505 3844 2691
f 2693 2699 2694
f 2695 3100 2696
f 2697 2693 2692
f 2140 2695 2692
f 2698 2700 2699
f 2700 740 2164
f 2699 2164 2145
f 2505 2507 913
f 1744 1743 673
f 675 2701 1741
f 2701 675 677
f 673 1950 681
f 1743 1111 1950
f 2703 1966 2542
f 1414 2542 1966
f 2704 3043 2705
f 2706 1109 1108
f 2704 1105 2708
f 139 953 2428
f 2710 2633 2634
f 1661 1660 2709
f 510 501 2712
f 2714 1430 2712
f 501 1321 2713
f 2716 2722 2717
f 2719 2716 2715
f 2715 2717 2721
f 2722 2725 2723
f 2724 3144 2725
f 2722 2716 2726
f 2727 2729 2728
f 2292 3048 2730
f 2291 2292 2729
f 1674 1680 2731
f 2729 2730 1723
f 1959 1029 1030
f 2019 1030 704
f 2020 2019 2732
f 2732 704 706
f 1998 2000 2375
f 2735 2739 2736
f 2738 2741 2739
f 2736 2739 2741
f 2742 3540 2740
f 2048 2049 2744
f 1839 2048 2743
f 2745 1848 1837
f 1830 1832 2747
f 2748 1830 2746
f 1830 2748 2749
f 2746 2747 2751
f 2753 2751 2747
f 1832 2754 2752
f 1828 1833 2754
f 2756 1434 1435
f 2627 3548 2757
f 1433 1434 2757
f 2756 2628 2627
f 2755 1435 1087
f 2759 3923 2760
f 2227 2229 2762
f 2761 2564 2563
f 2690 3657 2761
f 263 2763 1061
f 2763 263 75
f 791 2765 2764
f 2765 791 788
f 2767 2764 2765
f 2768 2777 2764
f 1047 1048 1397
f 2769 2771 2770
f 2771 517 2772
f 1490 2770 2773
f 2775 2771 2769
f 2769 1488 2776
f 2777 1795 1794
f 2778 2783 2779
f 2485 2486 2780
f 2780 2486 2779
f 2783 2778 2490
f 440 2650 2649
f 592 2284 2784
f 594 2784 2785
f 2787 2790 2788
f 2788 2100 2092
f 2100 2788 2790
f 1630 2791 2790
f 2791 620 623
f 2792 2787 2786
f 2787 2792 1629
f 1624 621 620
f 2791 1630 1628
f 1361 1363 2794
f 1363 504 509
f 2795 3124 1362
f 2795 1361 2793
f 2130 2128 2127
f 2130 2878 2798
f 2797 2127 1857
f 2202 1444 1443
f 2799 347 346
f 619 2491 2801
f 2802 3017 2800
f 2803 2801 2491
f 1262 1264 2427
f 2805 3822 2806
f 2423 2805 2804
f 2807 1262 2804
f 2425 2427 1264
f 2808 2813 2809
f 2809 2813 2612
f 2388 2387 2809
f 2812 3780 2813
f 2814 2812 2808
f 1208 1211 2281
f 2815 1209 2350
f 2278 1211 1210
f 1253 2818 2116
f 2121 2116 2818
f 1251 1253 2114
f 2820 934 1349
f 2822 2824 2823
f 2824 421 2825
f 2826 2828 2823
f 2827 3224 2828
f 2821 2823 2828
f 2329 2825 421
f 2831 682 681
f 2833 1255 2674
f 2833 2835 2834
f 2832 3221 2835
f 2676 3486 2832
f 2673 2674 1255
f 2836 2837 1842
f 2837 2052 1840
f 2838 2842 2839
f 2840 2838 1670
f 2476 1671 1670
f 2842 2838 2843
f 2844 2839 2842
f 2846 3921 2847
f 2845 2440 2439
f 1835 2848 2845
f 2849 3624 2850
f 2440 2845 2848
f 473 469 2851
f 477 479 2853
f 2854 2853 479
f 469 2031 2030
f 468 472 2031
f 2856 2858 2857
f 2858 3545 2859
f 2816 3546 2858
f 2861 1548 1964
f 2703 3008 2860
f 1611 1546 2861
f 1102 1109 2863
f 355 1185 1063
f 1487 1479 2306
f 2305 2306 1479
f 2865 1173 2866
f 2868 2864 2869
f 2870 2869 2864
f 2867 2869 2872
f 2866 2874 2873
f 2874 2866 1173
f 2876 2752 2754
f 2752 2876 2877
f 2876 3316 493
f 1099 645 644
f 2814 644 1230
f 2689 2167 1157
f 2629 2631 1297
f 1293 1297 2631
f 1691 2797 1858
f 2797 1691 2878
f 2879 2878 1691
f 854 855 2881
f 2880 3194 2288
f 2882 2881 855
f 2733 2732 2447
f 2687 2688 2460
f 2319 2321 2885
f 2886 330 333
f 2321 3383 2887
f 2885 2887 2264
f 2884 2885 2262
f 2889 1845 1844
f 2807 2888 2891
f 2888 2807 2806
f 1846 2891 2888
f 2891 1846 813
f 1117 3562 902
f 1114 906 899
f 2893 2897 2894
f 1000 2893 2892
f 1869 3570 2894
f 1002 2898 2897
f 2896 2894 2897
f 546 2897 2898
f 711 712 2899
f 2297 2455 2900
f 2118 2117 2902
f 2901 2902 1075
f 2577 2907 2905
f 2904 1776 1775
f 2906 1871 2907
f 2904 2905 2909
f 2705 2905 2907
f 418 842 411
f 414 411 842
f 2911 415 414
f 2910 414 844
f 2456 2914 2913
f 2298 2299 2914
f 2916 2914 2299
f 2295 3960 2915
f 553 2918 2917
f 2918 553 552
f 1962 378 1305
f 1306 1305 378
f 2919 378 380
f 2921 2925 2922
f 724 2925 1015
f 725 724 2923
f 2925 724 726
f 2925 2921 1013
f 2927 2930 2928
f 2930 2927 1179
f 2931 3397 2873
f 2933 2928 2930
f 2104 2931 2926
f 2935 2938 2936
f 2937 3711 2938
f 2934 3216 2939
f 2941 2936 2938
f 939 2470 2936
f 2470 4087 2934
f 495 2943 2056
f 490 495 876
f 2943 495 494
f 2055 2056 2943
f 2946 2950 2947
f 2945 2947 2948
f 2947 2952 2949
f 1622 2626 2951
f 2952 2947 2950
f 2945 3018 2953
f 2950 2946 2954
f 2956 2961 2957
f 2959 2960 2956
f 2960 2962 2961
f 2961 996 999
f 2962 997 996
f 723 2750 2964
f 2750 723 722
f 2750 2751 2965
f 722 719 727
f 2430 2429 2966
f 1887 1883 2089
f 2967 3635 2615
f 2347 3482 2616
f 1467 1466 2513
f 624 625 2968
f 2968 3017 2969
f 401 2134 2924
f 2134 2135 2970
f 2134 401 405
f 2541 3403 2702
f 443 2971 445
f 2971 443 772
f 2972 745 2973
f 2975 2977 2976
f 2974 3747 1904
f 2977 1617 1615
f 2977 2975 2979
f 580 2981 2980
f 2981 2985 2982
f 2983 2984 2980
f 2984 583 581
f 627 634 2985
f 2981 580 630
f 2986 2284 2283
f 2987 2784 2284
f 1064 2989 364
f 362 364 2989
f 2989 1064 2448
f 2988 2989 471
f 2991 1240 1234
f 2992 3348 1240
f 542 547 2994
f 540 542 2993
f 2996 3001 2997
f 2998 2995 2503
f 3000 2997 3001
f 2995 2997 3002
f 2633 2710 3003
f 2789 2092 2632
f 3004 1672 1665
f 3006 3099 3007
f 3008 3006 3005
f 1616 1612 3005
f 1612 2861 2860
f 3010 3012 1318
f 3012 3010 3013
f 3013 3010 3014
f 1948 2080 3011
f 3015 4032 1599
f 3009 3015 3014
f 2313 2095 2969
f 3016 2969 3017
f 2555 2313 3016
f 3020 3024 3021
f 3023 3021 3024
f 3024 3020 3026
f 3022 3024 3025
f 3029 2272 1564
f 2272 3029 2102
f 3028 3871 3030
f 3031 567 569
f 923 1441 568
f 918 571 3031
f 1149 1151 3032
f 3032 1155 3034
f 2352 2554 2553
f 2151 2149 3036
f 2179 3035 3037
f 2178 2151 3035
f 3038 3037 3035
f 3039 3036 2149
f 3036 3039 3040
f 2101 2106 2273
f 3041 4002 3042
f 2109 2102 3029
f 2271 2273 2106
f 3043 2909 2905
f 3044 3539 2909
f 3043 2704 2707
f 676 678 781
f 1013 680 679
f 679 676 778
f 2957 999 3046
f 1722 1723 2730
f 3048 3988 3047
f 1718 1675 2728
f 3049 3050 2659
f 3050 2735 2734
f 3051 3992 2735
f 3049 3531 3053
f 3050 3049 3052
f 3055 3057 3056
f 2879 3060 3057
f 3054 3761 2798
f 3054 3056 3059
f 3060 1969 3061
f 3062 3056 3057
f 3063 2996 2995
f 2135 2137 3001
f 459 461 2614
f 2615 2660 3064
f 2999 3001 2137
f 3066 3000 2999
f 2136 3649 3065
f 2819 3071 3067
f 3068 3071 2819
f 3067 3072 3070
f 3071 537 3072
f 3071 3068 3073
f 2852 2853 3075
f 1470 1468 3077
f 428 1470 3076
f 3076 3077 3079
f 3077 2258 2263
f 585 1500 1499
f 1626 2429 1499
f 3078 3083 432
f 3078 3079 3081
f 430 432 3083
f 3083 3078 3080
f 1931 1930 2899
f 712 713 3085
f 3087 1931 3085
f 1667 754 3088
f 1140 3137 3089
f 2896 543 1862
f 3091 3093 1823
f 1822 1823 3093
f 3092 3093 3095
f 3091 3574 3097
f 3096 3095 3093
f 2495 2697 2696
f 3100 2695 3101
f 3102 3100 3099
f 3098 2696 3100
f 2693 2697 615
f 2698 615 608
f 2697 2495 613
f 126 127 3104
f 1459 1397 3105
f 1457 3105 3107
f 1397 1398 639
f 878 880 496
f 3109 3115 3110
f 3112 3115 3109
f 1855 1856 3111
f 3114 3110 3115
f 3116 2560 3117
f 3117 3119 3118
f 2560 2556 3119
f 3120 2561 2560
f 3122 3120 3116
f 2574 2459 1988
f 2755 2760 3123
f 1362 2990 1360
f 2990 1362 3124
f 3125 2992 2991
f 2219 2221 3127
f 812 3130 3127
f 3126 3127 3130
f 2221 3969 3128
f 3131 3308 1401
f 3132 4081 3131
f 3133 3132 1399
f 3135 3559 3136
f 3138 3135 3134
f 3137 1140 3139
f 3138 1620 2584
f 976 3089 3137
f 2800 625 617
f 2214 2223 3140
f 3142 3140 2223
f 2222 4015 3141
f 3143 866 865
f 588 589 881
f 589 2785 879
f 2162 756 747
f 3145 3074 3075
f 3074 3736 3146
f 3147 2725 3144
f 2853 2854 3147
f 1918 1925 2649
f 3149 1290 1289
f 3150 936 3148
f 3151 3148 936
f 1304 1421 1963
f 3153 3410 3154
f 2993 2994 3152
f 3152 3156 2071
f 3156 3152 2994
f 3158 3469 3159
f 3161 3158 3157
f 3158 3161 3163
f 3165 3163 3161
f 3167 63 3168
f 3169 3867 3167
f 3166 3168 3171
f 63 61 60
f 19 63 3167
f 1699 1085 1080
f 3172 1704 1701
f 1895 1296 2408
f 3173 703 1027
f 703 3173 2409
f 3174 3176 2218
f 2216 2218 3176
f 3178 3175 3176
f 2215 3140 3179
f 2786 2788 2789
f 834 2786 3003
f 3180 1440 922
f 1372 3815 3181
f 3182 3931 1366
f 1455 1457 3106
f 1460 1455 3183
f 1826 1458 1460
f 2837 2836 3184
f 3183 3106 2052
f 2836 3695 3186
f 3184 3186 3185
f 3187 3190 2110
f 2112 2111 2110
f 3188 2110 3190
f 3191 4013 3190
f 3192 3191 3187
f 3193 3343 3194
f 2880 2881 3195
f 1296 1895 1894
f 924 926 3196
f 2069 2002 2001
f 3198 3203 3199
f 3201 3202 3199
f 3202 3920 3197
f 2363 3326 3204
f 3200 3199 3203
f 3203 3198 3205
f 3197 737 736
f 3206 3208 1538
f 3208 3206 3209
f 3210 3209 3206
f 3209 3210 3212
f 2939 3215 3214
f 2507 3214 3215
f 3216 916 3215
f 913 3215 916
f 3213 2937 2935
f 3218 3222 632
f 3218 3221 3220
f 3221 3218 3217
f 3219 2403 3222
f 3223 3226 3224
f 3225 3224 3226
f 2829 2828 3224
f 1856 2123 3227
f 3228 3112 3111
f 3229 3227 2123
f 2123 1856 1849
f 3230 2785 2784
f 3231 3235 3232
f 3234 1943 3232
f 3236 850 849
f 3233 3232 3235
f 3121 3237 3231
f 3235 3231 3237
f 3239 3245 3240
f 3240 3247 1735
f 3243 3245 3244
f 3245 3239 3246
f 3245 3243 3247
f 3249 3246 3239
f 1654 1655 2549
f 3250 2549 2548
f 2421 3250 3251
f 1655 4017 710
f 1559 982 3253
f 3252 3253 3255
f 983 3255 3253
f 3237 3121 1633
f 3236 3237 1640
f 3257 3262 3258
f 426 3256 3258
f 3259 3258 1165
f 3260 3264 3261
f 3262 1038 1165
f 3263 3260 1165
f 3263 3834 3264
f 3266 774 2687
f 2543 2544 3267
f 2545 2543 3265
f 3268 3266 3265
f 3270 3275 3271
f 3269 1402 1401
f 3271 3278 3273
f 3275 3270 3276
f 3278 3271 3275
f 3277 3275 3274
f 3280 3281 2598
f 3281 2231 2228
f 400 401 2923
f 2793 2794 3283
f 3282 3951 2796
f 2794 509 3284
f 1269 1797 1796
f 1797 1269 3285
f 1268 1796 3286
f 3288 2718 3289
f 3228 3290 3289
f 3290 3603 3287
f 2720 3289 2718
f 2720 2721 3112
f 2718 3288 3291
f 1967 1968 1969
f 128 2254 3104
f 3103 3104 3293
f 3295 2959 2958
f 2960 2959 3297
f 3296 3730 2962
f 754 756 2163
f 2144 747 746
f 2206 1383 1382
f 3298 457 3299
f 457 458 3136
f 3300 452 457
f 3302 2392 3303
f 3302 3305 2394
f 3305 3302 3301
f 3307 3303 2392
f 3308 3276 3270
f 3309 3311 3276
f 3274 3276 3311
f 2146 1232 738
f 3310 3311 2126
f 3311 3309 766
f 1698 3312 1709
f 3312 1698 1697
f 1934 1936 3313
f 3313 2601 2561
f 1944 3313 3120
f 1936 2602 2601
f 3314 4124 2602
f 3316 3320 3317
f 491 3315 3318
f 3319 3318 3315
f 3316 3315 491
f 3320 3322 3321
f 3320 2875 3323
f 1715 1716 3325
f 1716 1709 3312
f 2360 2362 3326
f 2362 2038 2041
f 2040 3204 3326
f 3327 2153 2150
f 2152 3328 2882
f 2178 2180 3328
f 1141 2625 3139
f 2638 3330 3329
f 3330 903 3331
f 3329 3331 3333
f 2986 3329 3332
f 3335 3817 3336
f 2642 3334 3338
f 3339 3338 3334
f 3335 3334 2642
f 2641 2642 3337
f 3341 3345 3342
f 2182 3340 3193
f 3343 3193 3340
f 3344 3342 3345
f 3346 3347 2724
f 3347 3145 3144
f 2992 3125 3145
f 3348 2992 3347
f 2620 2619 2621
f 1653 2239 3350
f 3170 3171 3351
f 1888 1890 3350
f 3170 3350 2239
f 3353 3359 3354
f 3354 3359 3356
f 3358 3352 3354
f 3319 3942 3356
f 3318 3319 3359
f 498 3353 3352
f 3361 3363 3362
f 3363 3361 3364
f 3363 1787 1786
f 3273 3364 3361
f 3367 3370 3368
f 2744 1095 3366
f 3369 3366 1095
f 3368 3371 2743
f 3370 4142 3371
f 3370 3367 3373
f 903 3330 3375
f 2637 3375 3330
f 897 903 3374
f 3376 349 3377
f 3378 3380 3376
f 350 3376 3380
f 3377 3062 3061
f 3062 3377 349
f 3382 2887 3383
f 3381 3383 3385
f 3383 2321 2320
f 2887 3382 2263
f 3081 3382 3381
f 3387 3300 3298
f 3388 3387 2024
f 2929 1179 1180
f 2926 2873 2874
f 1175 1179 2927
f 761 760 3391
f 3390 4001 3392
f 3394 3398 3395
f 2872 3399 3394
f 3398 3394 3399
f 2870 2873 3397
f 3396 3394 3393
f 2871 2872 3396
f 3402 2998 2504
f 3403 2541 2540
f 3403 3405 3404
f 3405 3403 2493
f 3406 1254 1252
f 3407 3406 1256
f 3409 2782 3410
f 2782 3409 3411
f 3154 3410 2782
f 3153 3607 3408
f 3412 3547 652
f 3413 3412 2589
f 2834 3415 3414
f 3415 2834 2835
f 3416 3414 3415
f 3407 3414 872
f 2489 2993 3154
f 3418 3149 3148
f 1290 3149 3419
f 452 3300 1346
f 227 220 248
f 3420 3422 1265
f 3421 3422 3420
f 2552 3422 3421
f 3422 2552 3285
f 952 3421 250
f 3424 2535 2534
f 2535 3424 3425
f 3423 3861 3426
f 3427 3425 3424
f 3428 3653 3423
f 2537 3428 2534
f 3018 2945 2553
f 3430 3847 3431
f 3433 3430 3429
f 3430 3433 3435
f 3432 3737 3436
f 2434 2436 3438
f 3439 3441 3438
f 3437 3438 3441
f 2623 2952 2951
f 1621 3139 2625
f 1751 3212 3210
f 2963 3443 720
f 3443 2963 3444
f 2922 3443 3442
f 3446 3447 3444
f 3447 1739 3442
f 2963 2964 3445
f 1225 634 633
f 634 1225 1223
f 2402 633 3222
f 3449 1315 1314
f 3009 1318 1315
f 2714 1956 1955
f 1430 1431 2711
f 1430 2714 2410
f 3451 2911 2910
f 3450 3454 3452
f 2912 3455 3450
f 3454 3450 3455
f 3455 2912 524
f 526 1491 3453
f 2898 1002 1006
f 1005 3156 3155
f 547 2898 3155
f 2893 1000 998
f 2700 2698 614
f 3375 2637 2636
f 3374 3375 3456
f 2511 2516 3456
f 2709 1662 837
f 835 3003 2710
f 3459 1884 833
f 2509 1884 3459
f 2515 2509 3460
f 3458 3854 3461
f 3460 3459 3461
f 3464 3466 1450
f 3463 1450 3465
f 1826 3463 2397
f 3466 1447 1448
f 3467 3223 2827
f 2322 2827 2826
f 2330 179 178
f 3468 3512 3226
f 3223 3467 1645
f 3470 446 445
f 2971 3159 3469
f 3471 2528 1138
f 3472 2529 2528
f 3089 976 449
f 1137 3089 451
f 3473 3545 2530
f 3474 3473 2527
f 2529 3472 3475
f 1272 1274 3476
f 3476 4011 3477
f 3479 3476 1274
f 1273 4096 3478
f 3481 3201 3200
f 2843 3481 3480
f 3204 2040 3480
f 2840 1672 3201
f 2802 2953 3018
f 2946 2953 2803
f 2038 2362 3483
f 3483 2361 436
f 3282 3283 1024
f 1025 1024 3283
f 3484 1024 1023
f 2675 2677 2679
f 2675 2383 3486
f 3488 3490 3489
f 3490 3492 3491
f 3492 3490 3400
f 3393 3395 3493
f 3494 3491 3492
f 3495 3400 3490
f 3401 3396 3400
f 3497 3501 3498
f 3500 3498 3501
f 3501 3497 3503
f 3505 3497 3496
f 3506 3503 3497
f 1422 2010 1686
f 3507 1346 3300
f 1346 3507 3508
f 60 62 110
f 3509 3171 3168
f 551 541 540
f 1760 1762 3511
f 3510 3610 1765
f 2127 2129 1146
f 3512 539 535
f 3225 534 3513
f 3514 1513 2381
f 1511 1513 3514
f 2679 3516 3514
f 3516 3603 3515
f 2330 2826 2825
f 2605 894 893
f 3517 1055 1057
f 893 895 3519
f 3517 893 3518
f 2604 896 892
f 2851 2030 3520
f 3521 3147 2854
f 685 2531 2328
f 2324 2328 2531
f 3522 689 687
f 2531 685 684
f 1543 1538 3208
f 3207 3970 3523
f 3523 2685 3524
f 387 1544 1543
f 1877 1876 1755
f 3525 1877 2008
f 402 404 3526
f 3527 518 511
f 404 783 768
f 3529 557 3530
f 3378 943 941
f 949 3601 3380
f 3082 3052 3053
f 3531 3634 433
f 3052 3082 3532
f 3084 3532 3082
f 1212 1134 1133
f 2053 1498 1493
f 329 3534 3196
f 3534 2265 3180
f 3533 3196 926
f 331 3535 3534
f 3535 2261 2265
f 2170 3278 3277
f 3058 3059 353
f 3279 3058 2171
f 1961 477 2852
f 3536 366 672
f 366 3536 3537
f 3539 3537 3536
f 2592 2740 3540
f 3540 2742 2538
f 3541 2736 2740
f 2626 1622 1618
f 3179 3140 3142
f 3542 3179 1353
f 3098 3405 2492
f 922 1439 1441
f 2155 416 415
f 3499 3652 3435
f 3498 3500 3436
f 2587 1708 2022
f 2025 3559 2585
f 2526 2396 2398
f 3545 2858 3546
f 3547 1662 651
f 836 837 1662
f 3547 3412 838
f 659 661 1380
f 1379 1380 661
f 3548 1380 1381
f 2758 2757 3548
f 2824 2822 3551
f 2822 3996 3552
f 3284 2711 1431
f 3553 3070 3072
f 2389 2390 3555
f 3557 3857 3555
f 3558 2390 1098
f 2390 3558 3556
f 3554 3793 3369
f 2389 3369 1096
f 3060 2879 1692
f 1620 3138 3139
f 2584 2585 3559
f 3560 3230 2987
f 3561 3560 3332
f 3230 3560 1373
f 1371 1373 3560
f 3331 902 3562
f 3563 3561 3333
f 3564 3566 2532
f 3566 3564 3567
f 382 3564 2337
f 964 2532 3566
f 2532 2533 2335
f 1210 1133 3546
f 135 126 3103
f 1486 558 557
f 558 1486 1485
f 3528 4098 1481
f 2785 3230 1370
f 2892 2894 3570
f 2895 2892 3569
f 2448 861 2035
f 1342 1347 1810
f 3571 1811 1810
f 1812 1815 1345
f 3097 3575 3573
f 3572 3784 3096
f 3574 4116 3575
f 3575 4115 3576
f 3387 3388 3577
f 2636 2635 2512
f 3020 3248 3578
f 3248 3020 3019
f 3248 3239 3238
f 3579 3786 3025
f 3580 3581 3578
f 3581 3579 3026
f 3582 2949 2952
f 1215 3582 2623
f 1887 1629 2792
f 1629 1887 2966
f 808 815 3583
f 814 3583 2890
f 3585 1339 1338
f 3584 3437 3440
f 1338 1332 3587
f 3586 2438 3584
f 2227 2563 2598
f 1200 863 862
f 2459 2574 1202
f 2189 2187 3588
f 2186 805 804
f 803 3588 2187
f 3588 803 2245
f 3150 3591 3590
f 1289 1286 3591
f 3592 3591 1286
f 936 3150 3589
f 3593 2965 2751
f 2964 2965 3594
f 3182 3594 2965
f 3213 3214 3596
f 3595 4037 2937
f 3299 3136 3559
f 2444 2445 2513
f 700 3597 2445
f 2513 2445 3597
f 3531 3049 2658
f 3598 2658 2657
f 1127 2620 1476
f 2230 3633 950
f 297 3599 2224
f 3599 297 296
f 2168 3364 2170
f 3364 3273 3278
f 2168 1790 1787
f 625 2800 3017
f 3600 2446 1465
f 3379 3380 3601
f 2799 350 3379
f 458 976 3134
f 3516 2679 2678
f 3603 3516 3602
f 417 416 2157
f 1524 2155 2911
f 2017 2016 3192
f 2016 2015 3191
f 3606 3408 3607
f 3605 3611 3609
f 3606 3605 3608
f 3607 2070 3611
f 2070 3607 3153
f 3408 3606 3612
f 3613 2544 1291
f 3614 3267 2544
f 3615 3419 3149
f 3419 3615 3616
f 3174 3617 3177
f 3617 4065 3618
f 3179 3542 3617
f 3619 2377 3620
f 2377 2378 3621
f 957 3620 3621
f 2606 3620 957
f 2972 3621 2378
f 3622 3884 3609
f 3619 3885 3622
f 1231 1232 2147
f 2998 3402 3623
f 2850 3402 2437
f 2970 2135 2996
f 729 2970 3063
f 3624 3623 3402
f 3625 3627 3324
f 3626 3696 3627
f 3627 2478 3628
f 3272 3273 3365
f 93 153 2079
f 2080 153 155
f 3011 155 321
f 2034 2031 472
f 375 377 3537
f 2548 2547 2546
f 952 950 3633
f 2917 3633 2230
f 3632 3633 2917
f 559 2917 2231
f 427 1443 1470
f 3221 2832 3486
f 3220 3486 2383
f 356 1063 1062
f 434 436 2361
f 3635 2967 436
f 2862 3192 1100
f 3257 3638 3637
f 3636 4036 3262
f 3256 3552 3638
f 1833 3323 2875
f 3639 2449 3640
f 3640 2453 3323
f 818 2418 3641
f 827 3641 2817
f 2818 1253 826
f 3286 1798 539
f 3643 2246 2244
f 3642 2244 2243
f 3644 3650 3645
f 3642 3645 3646
f 2309 3272 3629
f 3647 1227 3629
f 3269 3271 3272
f 1402 3269 2309
f 3065 2775 3648
f 2775 3065 3649
f 3650 3660 3651
f 3652 3499 3384
f 3652 4074 3434
f 3384 3502 3386
f 3502 3384 3499
f 3538 3536 1162
f 3504 3496 3654
f 3543 3654 3496
f 3655 3118 3119
f 3656 3655 2559
f 3658 2562 2567
f 1360 1233 1971
f 1233 1360 2990
f 802 1078 3650
f 1077 4025 3659
f 1078 3659 3660
f 3644 2243 800
f 3118 3655 984
f 3663 1516 1509
f 2570 2569 1516
f 3662 1509 1508
f 3664 3101 2695
f 1971 1972 506
f 3485 2381 2383
f 1059 1061 2763
f 2583 2944 3172
f 2054 2055 2944
f 3667 3977 3668
f 3668 1153 1152
f 3666 3668 1992
f 2166 1993 1992
f 573 575 868
f 2346 2343 3577
f 2211 2039 3669
f 2349 3577 3388
f 3508 2343 2342
f 3507 3577 2343
f 563 2550 3632
f 3632 2550 3421
f 3671 3676 3672
f 3674 4132 3672
f 3673 3672 3676
f 2772 516 3676
f 688 1032 1031
f 686 688 3677
f 1230 1229 3678
f 1536 1537 3678
f 1229 3681 3679
f 3681 1229 1228
f 3683 3689 3684
f 3686 3689 3687
f 3688 3684 3689
f 1981 3789 3682
f 2783 3411 3690
f 635 3415 3217
f 2868 4019 845
f 2864 2868 3691
f 2865 3691 3692
f 3693 2185 2177
f 3037 3038 3694
f 1843 1845 3695
f 2478 3627 3696
f 2478 2477 2476
f 3697 4141 3696
f 2933 4005 3041
f 2103 2108 2931
f 2105 2104 2928
f 3591 3592 2029
f 2026 967 3590
f 3589 3590 967
f 3592 3715 1245
f 2409 900 701
f 3113 2723 3521
f 3110 3114 2670
f 3114 3521 3520
f 2723 2725 3147
f 2717 2723 3113
f 963 965 3698
f 3565 3698 965
f 2985 1223 3699
f 3699 1222 3701
f 2982 3699 3700
f 3702 1327 1325
f 1324 1859 1860
f 1860 1148 2831
f 2855 2277 2279
f 3700 3701 2855
f 1973 1687 1326
f 506 1973 1322
f 669 3621 2972
f 2621 2622 3704
f 2622 3707 3705
f 3706 3742 3707
f 1089 1085 1699
f 1089 1404 2759
f 2940 3709 3708
f 3418 3708 3709
f 3710 3783 3709
f 3711 3710 2940
f 2080 1948 1946
f 3712 3039 1638
f 3630 3765 3713
f 3539 3044 3630
f 3714 3715 1285
f 3715 3592 1288
f 1243 1245 3715
f 1241 1243 3714
f 3305 3389 3717
f 2066 2061 2394
f 3719 2066 3717
f 3718 3717 3389
f 435 606 2359
f 3205 1231 2201
f 1444 2202 2147
f 701 3720 3597
f 900 3457 3720
f 898 3374 3457
f 1772 1573 3721
f 3723 3725 2256
f 3724 3293 3725
f 3722 3728 3726
f 3722 2256 2255
f 3728 3722 3727
f 2253 2256 3725
f 3729 3731 3730
f 1004 3730 3731
f 3732 2002 2073
f 3731 3729 3733
f 3735 3733 3729
f 3125 3736 3074
f 3736 3125 3124
f 3432 3429 1786
f 3737 3432 1788
f 3429 3431 3362
f 3099 3101 3738
f 1759 482 3739
f 2978 2979 3739
f 480 482 3740
f 1748 3740 482
f 2661 3544 1449
f 884 1766 1761
f 3742 888 887
f 2618 1125 1766
f 2252 1825 1821
f 1940 2242 3743
f 2465 1482 1938
f 2242 1908 1907
f 914 2200 3743
f 2518 2521 3744
f 713 2365 3086
f 3086 2065 2064
f 569 570 740
f 1952 1328 1327
f 3746 1377 1376
f 1376 1374 1378
f 3745 1376 3747
f 3749 3746 3745
f 2377 3619 2003
f 2156 3251 3604
f 3751 3754 3752
f 3724 3752 3754
f 3753 3754 3756
f 3754 3751 3757
f 3641 2420 3758
f 2711 3284 509
f 1903 1904 3747
f 2975 1904 1900
f 3701 1226 2277
f 2278 2816 2856
f 1452 1454 3377
f 3760 3452 3454
f 3453 4140 3759
f 1500 585 584
f 587 2053 1502
f 3761 3054 3058
f 3056 3062 351
f 3762 376 375
f 376 3762 3741
f 3763 368 367
f 3705 3713 3765
f 3487 3489 3165
f 3767 3772 3768
f 3164 3161 3160
f 3766 3165 3164
f 3768 3774 3769
f 3770 3772 3771
f 3772 3767 3773
f 3772 3770 3774
f 727 728 3624
f 728 729 3623
f 3346 2595 946
f 945 1240 3348
f 2726 3975 2595
f 546 544 543
f 1248 3776 3775
f 3776 1248 3033
f 3776 3779 3777
f 3779 3776 3034
f 2464 3032 3033
f 1248 1241 3716
f 2813 3780 2609
f 1527 2609 3780
f 1353 3142 1350
f 1350 3142 3141
f 3782 3291 3288
f 3783 3710 3572
f 3710 3711 3784
f 3615 3709 3783
f 3573 3576 3616
f 2494 1392 1390
f 1950 1953 2830
f 3132 3133 3390
f 3785 3022 3027
f 2011 3023 3022
f 927 2011 3785
f 3027 3025 3786
f 731 730 1060
f 731 896 319
f 3788 2665 2667
f 1910 2666 3788
f 1975 1922 3789
f 2647 3682 3789
f 2503 3002 2498
f 3791 2498 3002
f 3790 3002 2997
f 3792 776 3266
f 3366 3369 3793
f 3481 2843 2838
f 2841 2843 2043
f 682 2831 1148
f 2733 3795 475
f 2883 360 3795
f 3746 3749 3664
f 3751 3799 3796
f 3797 3798 3757
f 3798 3936 3756
f 3750 3900 3799
f 1851 3662 2124
f 3511 1764 3801
f 3510 3511 3800
f 3411 3800 3801
f 1764 4029 3802
f 2122 2121 2817
f 2859 3804 2984
f 583 2984 3804
f 3545 3473 3804
f 3803 3804 3473
f 2983 3700 2857
f 3806 2810 3807
f 3805 4122 3808
f 3806 3808 3809
f 3805 3807 3811
f 2613 3811 3807
f 2810 3806 2811
f 2611 3807 2810
f 3689 3683 3812
f 3687 3812 3813
f 3685 3687 3242
f 2357 3686 3685
f 2668 2669 3108
f 3446 3181 3815
f 3181 3446 3445
f 3594 3182 1369
f 3648 3820 3817
f 3817 3820 3818
f 3816 3817 3335
f 2776 3818 3820
f 3648 2775 2774
f 1418 1420 1978
f 3821 3823 3822
f 3822 3824 2889
f 3823 3825 3824
f 1447 3466 3823
f 3466 3464 3825
f 3720 2516 2514
f 2420 2536 3826
f 3827 109 111
f 3509 110 109
f 3827 3829 3828
f 3829 1888 3351
f 1916 2017 2862
f 2863 1872 1864
f 3163 3165 3489
f 476 475 3795
f 360 362 2988
f 1584 3830 2578
f 3569 3570 3830
f 3830 1868 1870
f 752 3948 3550
f 3831 1518 1517
f 1520 4008 3832
f 3826 3922 2122
f 3833 3826 2536
f 3692 843 418
f 1174 3692 419
f 3834 1059 3665
f 3835 1060 1059
f 605 3261 3264
f 3665 2763 604
f 1337 3836 2900
f 3836 1873 1879
f 1329 2900 2455
f 3837 3840 3838
f 3840 3837 3841
f 3837 2371 2376
f 1012 2374 2372
f 2009 3838 3840
f 1011 1012 3838
f 3842 3884 3843
f 1765 3842 885
f 3844 3845 3658
f 3656 3845 3255
f 2691 3658 3657
f 2562 3658 3845
f 3681 3849 3846
f 2317 1536 3679
f 3848 3846 3849
f 2334 3853 3850
f 3851 2332 2331
f 3777 3850 3853
f 693 694 3852
f 2334 2335 2533
f 691 693 3853
f 2694 2145 2138
f 3458 833 840
f 3854 3458 829
f 3307 3306 3856
f 3856 3859 3857
f 3557 4138 3855
f 3858 3306 2392
f 3306 3858 3859
f 3860 4041 3303
f 1258 53 147
f 2413 3978 261
f 1997 2005 2072
f 2004 3609 3611
f 1776 2904 2908
f 3861 3423 3653
f 3862 3504 3653
f 2449 2451 2453
f 2449 3639 2452
f 3863 2452 3639
f 2067 2071 3156
f 3604 3631 410
f 3631 2546 409
f 3251 2548 3631
f 2185 3693 2683
f 1995 1301 3865
f 3666 1995 3864
f 3667 3864 2340
f 2238 3868 3867
f 2237 4104 3868
f 3166 3170 2240
f 3744 3867 3868
f 3389 3305 3304
f 2932 2930 2929
f 2912 844 522
f 423 426 3259
f 3261 605 424
f 3828 3351 3171
f 3703 3704 3870
f 3764 3870 3704
f 3871 3028 442
f 446 3470 3872
f 438 442 3028
f 3873 3874 3488
f 3875 3495 3488
f 3877 966 3878
f 3877 3991 2326
f 3878 3882 3880
f 3876 3878 3879
f 3882 3878 966
f 3365 3361 3360
f 811 813 1846
f 3130 812 811
f 3129 3130 1848
f 3800 3411 3409
f 2365 2367 2065
f 1357 2065 2367
f 2190 3588 2248
f 3708 3418 3151
f 3883 4021 2667
f 3884 3842 3608
f 3884 3622 3885
f 3887 2684 2683
f 3886 3939 3888
f 3567 381 2684
f 3693 3694 3886
f 2522 2526 3544
f 819 1254 823
f 3890 824 823
f 1254 3406 3889
f 1100 3187 1103
f 2648 1567 1566
f 3892 2268 2267
f 3893 3861 3654
f 3580 3241 3810
f 3811 2613 3581
f 1899 1901 1758
f 1899 3739 2979
f 2099 2100 623
f 851 853 2663
f 2664 3897 3894
f 3895 3339 3336
f 3405 3098 3102
f 3008 2703 2702
f 3006 3008 3404
f 360 2883 3600
f 1907 1909 1905
f 2241 3897 1908
f 3896 1908 3897
f 3874 3873 3899
f 3766 3769 3873
f 3769 3927 3899
f 714 2369 2366
f 3900 3968 2217
f 2216 3796 3799
f 3796 2216 3175
f 1976 1978 1420
f 3829 3827 3901
f 3901 3827 100
f 1515 1514 3902
f 2569 2572 3902
f 2572 2405 2385
f 2446 3600 2883
f 1656 1654 3250
f 1257 81 53
f 3442 1739 1741
f 2120 3781 3602
f 3781 2120 3903
f 3287 3602 3781
f 3782 3903 3905
f 3903 2118 2901
f 3386 3906 3080
f 3906 3945 3084
f 3343 3908 3907
f 3342 3344 3908
f 858 863 3909
f 3382 3081 3079
f 3911 3913 3875
f 3912 3914 3913
f 3495 3875 3913
f 3875 3874 3898
f 3401 3913 3914
f 2738 3916 3862
f 3504 3862 3916
f 3916 2738 2737
f 3915 3862 3428
f 1371 3918 3815
f 3561 3563 3918
f 3919 3918 3563
f 3918 3919 3814
f 2610 327 3786
f 3920 735 737
f 3088 2163 735
f 2762 2232 1507
f 2225 269 323
f 3863 3921 3587
f 2452 3863 1340
f 1834 2847 3921
f 3586 3587 3921
f 3922 3826 3833
f 1072 3427 1789
f 1072 3833 3425
f 2057 3123 2760
f 3923 1781 1780
f 2057 2059 3924
f 3123 3924 2628
f 2640 3337 3926
f 3925 3926 3898
f 3928 3925 3899
f 3910 3898 3926
f 2078 102 94
f 1958 3484 1029
f 1271 3541 2592
f 1276 2593 2591
f 3930 3593 2753
f 3931 3182 3593
f 1368 3931 3930
f 3227 3229 3290
f 2125 1511 3515
f 3229 3515 3603
f 1076 794 799
f 1911 1912 799
f 3933 3935 3934
f 3797 3938 3935
f 3936 3798 3935
f 3934 3935 3938
f 3938 3797 3175
f 3694 3940 3939
f 3940 3965 3880
f 3940 3694 3038
f 3356 3942 3941
f 2913 3941 3942
f 1721 1874 1873
f 2496 1390 1389
f 3943 3268 3267
f 464 1810 1347
f 2974 2976 3748
f 3748 1614 3738
f 1614 3748 2976
f 3468 1645 1643
f 745 2972 2373
f 3000 3066 3944
f 3066 3648 3816
f 1920 1918 2651
f 3945 3906 3503
f 3502 3503 3906
f 1977 1387 1736
f 1387 1977 3946
f 3947 3949 1668
f 757 1668 3949
f 748 757 3948
f 3950 4092 3949
f 2812 2814 2517
f 3780 2812 1535
f 2721 3113 3115
f 3146 2796 3951
f 3951 3282 3484
f 2796 3146 3736
f 3850 3777 3779
f 3852 3994 3775
f 3778 3866 3851
f 1603 1605 3952
f 1262 2807 2890
f 1664 1671 2474
f 1669 2474 2473
f 2010 1422 3021
f 3019 3021 1422
f 1931 3087 3719
f 3294 2958 3355
f 2955 3355 2958
f 3953 4118 3160
f 2557 2561 2601
f 3824 3695 1845
f 2805 2423 2422
f 3954 3858 2391
f 895 891 3955
f 3835 891 890
f 3956 3955 891
f 1168 689 3519
f 3955 3956 1167
f 2160 1518 2237
f 3647 3360 3957
f 3680 1228 1227
f 3121 3116 1631
f 3959 2915 3960
f 3297 3959 3958
f 3959 3297 2959
f 3958 3960 3962
f 3963 2060 1785
f 1071 1073 1784
f 2878 2879 3055
f 3879 3880 3965
f 3964 3990 3881
f 3964 3965 3967
f 3965 3940 3040
f 3939 3880 3882
f 2046 1094 1093
f 499 3318 3353
f 3923 2759 1404
f 1406 1408 1781
f 2042 2044 3794
f 1711 3794 2044
f 3802 4043 3690
f 3690 4043 2781
f 3004 3088 3920
f 3969 2221 2213
f 3968 2213 2212
f 3341 2181 2183
f 2181 3341 3340
f 2606 2607 3885
f 191 4006 3971
f 3107 641 640
f 640 642 648
f 2051 2052 3106
f 641 3107 3105
f 2646 2648 2268
f 1195 1197 2954
f 466 1694 1192
f 1695 1694 466
f 3688 2356 3946
f 2356 1385 1384
f 3686 2357 2356
f 3684 3688 1980
f 803 800 2243
f 3293 3104 2254
f 2501 2502 3643
f 3439 3646 3645
f 1528 334 332
f 971 974 3637
f 3552 3996 3973
f 3638 3973 3972
f 2742 3915 2537
f 3915 2742 2741
f 809 3969 3968
f 2524 2519 395
f 1107 1104 1591
f 2716 2719 3975
f 1003 1004 2073
f 767 787 763
f 767 768 783
f 3073 536 532
f 787 1146 2129
f 726 720 3443
f 2666 1910 3896
f 3970 3207 3345
f 2685 3523 3970
f 2914 2916 3941
f 3976 3726 3728
f 3726 3976 3750
f 3723 3726 3752
f 3976 809 3900
f 1956 2714 2713
f 1731 2269 2270
f 3494 3872 3470
f 3162 3470 3469
f 2194 3596 3214
f 3549 1903 1378
f 381 383 2681
f 3007 3738 1614
f 3866 2340 2332
f 3977 3667 3866
f 1678 1676 3585
f 3327 2882 847
f 3360 3362 3431
f 3907 3908 3048
f 2288 3194 3907
f 3233 851 3894
f 261 3978 1016
f 1058 1020 1016
f 3978 2413 1056
f 3980 3982 3981
f 1576 1577 2645
f 3983 1576 3982
f 1576 3983 1570
f 3983 3980 3984
f 3651 3985 3441
f 3660 4094 3985
f 3646 3439 2497
f 3985 1678 3440
f 2369 714 3987
f 3987 717 3952
f 717 3987 714
f 3048 3908 3344
f 3734 3958 3961
f 3296 3297 3734
f 3735 3961 3839
f 3989 3839 3961
f 3636 3637 974
f 2881 2882 3328
f 850 3236 2153
f 3101 3664 3749
f 2012 2010 3023
f 1552 3876 3881
f 3990 1556 1553
f 3876 1552 3991
f 1120 3563 3562
f 1120 1118 1746
f 3437 3584 2438
f 2846 2439 2438
f 3051 3532 3993
f 3994 1250 1249
f 3677 1031 1250
f 3996 2822 2821
f 3843 3885 2607
f 1592 1596 3997
f 1672 3004 3202
f 3975 3998 947
f 3998 3904 3999
f 3999 4100 948
f 2953 2802 2801
f 3673 4001 4000
f 1043 2174 3674
f 4001 3390 3133
f 3675 3392 4001
f 4002 4069 4003
f 4002 3041 4005
f 3219 2386 2401
f 3219 3220 2384
f 3059 351 348
f 1505 274 273
f 3844 1505 3971
f 3254 3971 4006
f 3703 1594 3349
f 3349 1475 1476
f 1475 3349 1594
f 4008 1520 4009
f 3716 3714 2463
f 3412 3413 3854
f 3461 3854 3413
f 1464 1462 3462
f 3727 2255 1260
f 1277 3541 1271
f 2734 2736 3541
f 3477 459 3064
f 459 3477 4011
f 4012 3571 460
f 4011 3476 3479
f 4013 3191 2015
f 3189 3190 4013
f 4015 4016 1359
f 4016 4136 1358
f 3634 3531 3598
f 3324 3628 2844
f 1712 1714 1715
f 2839 2844 3628
f 1647 1651 4017
f 530 4019 4018
f 529 845 4019
f 528 4018 3914
f 4020 4025 4021
f 3787 2667 4021
f 2731 4020 3883
f 2727 2731 2286
f 1680 4024 4020
f 3294 3941 2916
f 2915 3959 3295
f 3471 448 455
f 4009 1525 3452
f 1525 1524 3451
f 4023 3760 3759
f 4024 3659 4025
f 3845 3844 3254
f 3506 3917 3993
f 3532 3084 3945
f 3917 2737 3992
f 3917 3506 3505
f 882 886 374
f 2013 1915 1914
f 3249 3019 1424
f 3583 4010 1263
f 4010 3583 815
f 2830 1952 3702
f 2586 1709 1708
f 3234 3894 3897
f 3472 455 4027
f 3474 3475 4028
f 3904 3998 3291
f 3998 3975 2719
f 1764 1763 4030
f 4031 4045 4029
f 4030 1121 1477
f 4032 3934 3937
f 3178 2083 3937
f 4032 3015 3932
f 3695 3824 3825
f 3533 3785 328
f 3304 3301 4033
f 2920 1741 2701
f 2921 2701 680
f 3337 3338 3929
f 3925 3928 1825
f 3500 3435 3433
f 3737 3893 3543
f 3457 3456 2516
f 3599 298 268
f 3195 3328 2180
f 3544 2398 3465
f 955 2661 1451
f 3770 4035 4034
f 3090 1823 4035
f 4035 1820 1819
f 1036 4036 2028
f 4036 1036 1038
f 4036 3636 975
f 3128 807 806
f 3711 2937 4037
f 3730 1004 997
f 1651 2082 718
f 3836 1337 1719
f 1752 1720 4038
f 3070 3553 4040
f 4041 4033 3301
f 4042 4004 4041
f 1617 2977 2978
f 4043 4045 4044
f 4045 4043 3802
f 4045 4031 4046
f 2484 2483 2487
f 4048 4049 2487
f 4049 4051 4047
f 4051 4049 4052
f 2780 4058 4048
f 2013 4026 4053
f 1914 2484 4047
f 4026 4047 4051
f 1597 1471 1475
f 1471 1597 1473
f 3188 4056 4054
f 1596 2112 4054
f 3997 4054 4056
f 4056 3188 3189
f 4057 4064 4055
f 2018 4053 4014
f 1914 548 551
f 4058 2780 2781
f 4044 4046 4059
f 4053 4051 4050
f 2078 2076 3901
f 4057 3189 4014
f 1474 4046 4031
f 1598 3997 4055
f 4060 1473 1597
f 4049 4048 4061
f 4058 4059 4061
f 1473 4060 4063
f 4060 4055 4064
f 4050 4052 4064
f 4062 4059 4046
f 4063 4061 4059
f 4052 4061 4063
f 2425 147 146
f 4065 3617 3542
f 4065 2369 3986
f 3864 3865 2338
f 3924 1563 1562
f 1563 3924 2059
f 587 588 873
f 2376 1999 3732
f 887 883 3763
f 883 374 368
f 3742 3741 3762
f 2308 2767 2766
f 2766 2765 1485
f 628 631 3416
f 867 631 629
f 870 872 3414
f 3675 3676 516
f 518 3527 3392
f 4066 1729 1724
f 1729 4066 4068
f 4069 4066 1726
f 1076 4021 4025
f 2673 2114 2113
f 1298 2354 2351
f 343 2364 3721
f 743 745 2374
f 2841 1713 1712
f 928 930 2820
f 2819 1800 1802
f 2188 2192 3596
f 3094 2192 2191
f 2192 3094 3595
f 1857 1146 1142
f 1556 3990 4071
f 1437 1444 2148
f 3279 3274 3310
f 330 2886 3535
f 2886 2262 2261
f 962 2324 958
f 381 3567 3564
f 3887 3888 3565
f 2341 380 382
f 1948 3013 1602
f 1932 3719 3718
f 2066 3719 3087
f 1051 1052 1554
f 1557 1551 1170
f 1552 1554 1052
f 1042 2173 4072
f 4023 4072 2173
f 4007 2173 2172
f 3649 513 517
f 3579 3581 2613
f 2358 3685 3244
f 1982 1642 1641
f 1055 3517 2327
f 1425 2358 3246
f 1795 2777 4039
f 1793 1795 4040
f 824 3890 4073
f 3385 2320 4074
f 3848 3434 4074
f 3847 3430 3434
f 1231 3205 3198
f 4075 980 979
f 980 4075 3661
f 3662 1851 4076
f 749 1377 2142
f 1747 1750 3740
f 487 3740 1750
f 4038 1722 3047
f 1226 1383 2205
f 4077 1733 1725
f 1731 1733 3891
f 3813 3891 1733
f 3812 3892 3891
f 3243 4077 1730
f 2472 1805 4078
f 4079 1805 1801
f 2471 2472 2307
f 1805 4079 2768
f 2235 2238 3169
f 1852 3108 2669
f 1855 3109 3108
f 2593 1276 1275
f 4080 4076 1851
f 4081 3132 3391
f 4010 1260 1259
f 3972 4135 1348
f 3612 3606 3610
f 3610 3608 3842
f 4082 3929 3338
f 3910 3929 4082
f 4083 2571 1579
f 1445 1447 3821
f 3655 3656 983
f 4085 2500 3791
f 4084 3791 3790
f 3680 3957 3849
f 3957 3431 3847
f 3574 3091 3090
f 3216 4086 915
f 4086 2303 2199
f 4086 3216 2934
f 4012 1814 1811
f 1808 1814 4088
f 1398 2311 637
f 4042 4068 4066
f 4067 4068 4090
f 3860 4090 4068
f 3241 3580 3238
f 455 456 1344
f 4092 3950 3979
f 4083 1220 2400
f 4093 3712 1635
f 1636 3661 4075
f 3661 1636 1634
f 4000 3133 1403
f 4094 1679 1678
f 4096 1273 4097
f 3761 3310 2131
f 4093 4075 4071
f 3263 3956 3835
f 3956 3263 1166
f 2660 2615 3635
f 1742 3814 3919
f 2869 2870 3399
f 2405 2572 2571
f 1815 4113 1344
f 3529 1481 1480
f 4098 1937 1484
f 2502 4099 2246
f 2251 2246 4099
f 4018 2867 2871
f 3814 1742 3447
f 4100 3999 3904
f 1070 948 4100
f 2903 4100 3905
f 2303 4086 4087
f 2469 2471 2301
f 3950 3984 3980
f 2551 789 792
f 2475 2479 4101
f 3947 2473 3984
f 395 3869 4102
f 4103 394 396
f 3869 3868 4104
f 2208 2574 1989
f 1789 3427 3426
f 3889 3417 4105
f 3890 4105 4106
f 4105 871 4107
f 871 4105 3417
f 3417 3889 3406
f 3618 3986 1607
f 1606 1607 3986
f 168 1645 3467
f 2081 1889 1888
f 1993 2166 1923
f 2654 4110 4108
f 4107 3143 4108
f 871 866 3143
f 4110 4111 4109
f 2315 2317 3846
f 2653 2655 4110
f 2655 4125 4111
f 1284 2462 2463
f 1083 1082 1432
f 1432 1433 2758
f 4112 3912 3911
f 1489 527 4112
f 3912 4112 527
f 3895 3818 2776
f 3895 4112 4082
f 2943 2942 3172
f 2973 1560 670
f 4017 718 708
f 1199 2570 3663
f 2949 2815 2352
f 4113 1815 1807
f 2903 1075 1068
f 948 1070 3601
f 1586 1702 3358
f 1702 1703 3352
f 4091 3979 3981
f 1083 3981 3982
f 1051 1019 1020
f 1557 1171 1019
f 3657 2567 2564
f 4101 4141 1571
f 4115 3575 4116
f 3943 4115 4114
f 4114 4116 3773
f 4116 3574 3771
f 2867 4018 4019
f 3872 3494 3493
f 4119 3030 3871
f 3755 4129 3292
f 3936 4128 3755
f 3942 3319 3317
f 3321 3322 2454
f 4033 4041 4004
f 4004 4042 4069
f 2932 4033 4005
f 2942 1703 1704
f 3960 2295 1881
f 1878 3989 3962
f 1570 3983 2480
f 4109 4095 4106
f 4120 599 391
f 2967 2616 3482
f 4121 4122 1734
f 3810 1734 4122
f 4122 4121 4123
f 4079 4039 2777
f 4078 2768 2767
f 1467 3460 3462
f 3707 3762 3713
f 1105 1107 3974
f 1595 3870 3974
f 3870 3764 2708
f 888 3742 3706
f 18 2525 16
f 3241 1735 1734
f 3247 1730 1728
f 1109 2706 1872
f 3478 4125 4088
f 1159 2460 2688
f 1829 1835 2847
f 2848 1835 2749
f 3832 4120 394
f 4120 3832 4008
f 3659 4024 4094
f 1679 4094 4024
f 3528 3530 2600
f 2597 2602 4124
f 3530 556 3280
f 3281 3280 556
f 4039 4079 3069
f 2646 3683 3682
f 2161 3930 2877
f 762 3527 3526
f 4096 4111 4125
f 3839 3989 3525
f 3989 1878 1877
f 3857 4127 3554
f 4127 3857 3859
f 4126 3859 3858
f 3463 1826 3185
f 1201 1199 4076
f 1319 4129 3755
f 3292 4129 3568
f 3293 3724 3753
f 4129 1319 1320
f 10 135 3568
f 4099 2502 2500
f 1155 3977 3778
f 3512 3468 1644
f 3683 2646 3892
f 4130 4028 3475
f 4027 1344 4113
f 3092 2191 1817
f 3994 3852 694
f 1247 1250 1031
f 2521 3167 3867
f 931 933 938
f 759 766 3309
f 578 577 4028
f 2074 578 4130
f 577 583 3803
f 3787 799 1912
f 3888 3882 3698
f 4102 4104 3831
f 3794 1711 1713
f 2643 4131 3819
f 3944 3816 3819
f 4131 4085 4084
f 3691 845 843
f 3122 3231 1942
f 2107 3395 3398
f 3395 2107 4119
f 3922 1075 2902
f 4132 3674 2174
f 3012 321 1317
f 938 939 2941
f 2036 2038 3482
f 2347 2345 3669
f 999 1000 2895
f 1585 1587 3046
f 2955 2957 3045
f 1587 1588 3045
f 3449 3932 3015
f 1809 4088 4125
f 386 387 3524
f 10 1320 1316
f 1319 4128 3448
f 3996 3995 4133
f 2829 3513 3995
f 3550 4092 4091
f 3491 3494 3162
f 2327 3518 3522
f 689 3522 3518
f 4134 3373 3367
f 4016 4015 3372
f 4128 3936 3933
f 1814 4012 3479
f 4135 3972 3973
f 3966 4071 3990
f 3712 4093 3966
f 3869 395 2519
f 3549 661 655
f 2311 1398 1396
f 1798 3286 1796
f 3793 3554 4127
f 4134 4127 4126
f 4136 4016 3373
f 4034 1819 3928
f 3774 4034 3927
f 3626 1695 465
f 1778 2908 3538
f 3539 3538 2908
f 3893 3737 2060
f 4123 4089 4138
f 3558 3809 4137
f 3556 4137 4138
f 4138 4089 4090
f 1727 1729 4067
f 4121 4067 4089
f 3553 538 1799
f 3765 3630 3044
f 4006 1311 1559
f 1311 1312 1558
f 3841 2376 3733
f 3186 3825 3464
f 3909 1201 4080
f 3967 3040 3039
f 3760 4023 4007
f 4111 4096 4095
f 4095 4097 4073
f 3625 1696 1695
f 2970 729 725
f 4139 3953 3157
f 777 4139 3159
f 3792 4117 3953
f 2136 514 513
f 3977 1155 1153
f 2735 3992 2737
f 3861 3893 3963
f 4118 3773 3767
f 4117 4114 4118
f 2049 1093 1095
f 2639 2644 4131
f 2644 4099 4085
f 3764 3765 2707
f 3316 2876 2875
f 776 3792 4139
f 4117 3792 3268
f 582 573 869
f 4098 3528 4124
f 4077 3243 3242
f 864 3909 1853
f 3069 1801 1800
f 2108 3398 3397
f 3551 3552 3256
f 3211 3345 3207
f 2745 2743 3371
f 536 4133 3995
f 3073 4135 4133
f 2627 660 659
f 3784 4037 3095
f 8 7 135
f 1732 2270 4003
f 3042 4003 2270
f 4104 2237 1518
f 4140 3453 1491
f 3855 4090 3860
f 3865 1306 2919
f 2338 2919 2341
f 1798 1799 538
f 3094 3095 4037
f 1870 1865 2906
f 3211 3212 3988
f 2083 3178 3177
f 3068 1348 4135
f 2479 3696 4141
f 4141 3697 1578
f 2815 2949 3582
f 2594 4073 4097
f 1534 2319 2884
f 3030 4119 2107
f 4072 4023 4022
f 4132 4022 3670
f 4140 3670 4022
f 3570 1869 1868
f 2773 3671 3670
f 1871 1872 2706
f 4142 3126 3129
f 3372 4143 4142
f 3697 465 467
f 4115 3943 3614
f 3314 1933 1937
f 3808 4123 4137
f 2388 2811 3809
f 3931 1368 1367
f 3357 3354 3355
f 1588 3358 3357
f 3954 1358 4136
f 3322 3323 2453
f 1558 1170 1551
f 1521 3832 4103
f 3212 1751 3047
f 717 718 2082
f 4143 3372 4015
f 3576 3614 3613
f 1865 1867 1871
f 3969 809 807
f 2849 2749 2748
f 3308 3131 4081
f 2942 494 498
f 3448 3933 3932
f 3527 762 761
f 3126 4142 4143
f 2770 2772 3671
f 4070 3721 1573
f 467 343 4070
f 3991 1052 1053
f 3325 3312 1696
f 3948 3949 4092
f 642 643 646

