# https://github.com/mikedh/trimesh
v -1.05744576 -0.61348712 0.30107701
v -1.00244594 -0.62816060 0.35785654
v -1.07519507 -0.59015852 0.37157148
v -0.94403279 -0.63420922 0.39220503
v -0.94175118 -0.64183724 0.33646730
v -1.01047742 -0.60383254 0.41848749
v -1.02973187 -0.62134391 0.23582691
v -0.98283935 -0.63815522 0.29108065
v -0.90930903 -0.63945568 0.32186416
v -0.94444996 -0.63282609 0.25962391
v -1.08299565 -0.58895713 0.18106233
v -1.11081827 -0.58295768 0.24666549
v -0.83088088 -0.13642630 0.68495589
v -0.85943818 -0.10479181 0.67466736
v -0.93757707 -0.20093778 0.68106753
v -0.88665634 -0.07448220 0.65714055
v -0.98715281 -0.13301618 0.65586632
v -0.76577735 -0.04564779 0.66321653
v -0.73650080 -0.07567777 0.67456770
v -0.90596944 -0.23260124 0.68921769
v -0.96454751 -0.16721024 0.67271376
v -1.03964996 -0.26254028 0.64813393
v -1.00474799 -0.29332608 0.65845335
v 0.32605380 -0.63748312 -0.31250179
v 0.33985484 -0.61996877 -0.33795512
v 0.37344855 -0.64559066 -0.30823901
v 0.40220982 -0.60651010 -0.35289815
v 0.38784099 -0.62777972 -0.33154675
v 0.35571188 -0.59661567 -0.35922420
v 0.30173224 -0.59757489 -0.32397890
v 0.31747121 -0.57414150 -0.34550303
v 0.54834735 -0.42842960 -0.36683866
v 0.56421113 -0.46817899 -0.35185033
v 0.52674907 -0.45429075 -0.38056213
v 0.57012349 -0.40334952 -0.34871888
v 0.58661807 -0.44220501 -0.33216983
v 0.57547903 -0.50719446 -0.33279118
v 0.60001194 -0.47931117 -0.30967957
v 0.52954096 -0.38811469 -0.37743619
v 0.50724036 -0.41432512 -0.38915893
v 0.48753315 -0.43869853 -0.39701194
v 0.53930253 -0.49302357 -0.36740687
v 0.50368297 -0.47872972 -0.38994229
v 0.51096392 -0.54950434 -0.36398914
v 0.51053679 -0.51541620 -0.37814829
v 0.54607052 -0.53103948 -0.35093334
v 0.47575504 -0.37944794 -0.37820518
v 0.45612186 -0.40426928 -0.38734925
v 0.49709547 -0.35374391 -0.36530036
v 0.55156416 -0.36240005 -0.35795993
v -1.26707256 -0.20329480 0.19090040
v -1.26687300 -0.17616987 0.26506969
v -1.22313523 -0.14362837 0.19816217
v -1.28217840 -0.27425653 0.17618230
v -1.28727293 -0.25169140 0.25375512
v -1.28347516 -0.33013934 0.24139856
v -1.28153002 -0.31058860 0.32679433
v -1.24932313 -0.15254554 0.34470898
v -1.27606869 -0.23103331 0.33493108
v -0.76526433 -0.19549309 0.68637854
v -0.80160195 -0.16817500 0.68928003
v -0.86255246 -0.25597364 0.68852013
v -0.70873457 -0.10793521 0.67986882
v 0.34281558 -0.67260045 -0.26180974
v 0.33154052 -0.68194312 -0.23653862
v 0.29755962 -0.66416687 -0.25940380
v 0.32016516 -0.68844730 -0.21405861
v 0.28861761 -0.67261565 -0.23225352
v 0.26458871 -0.64592421 -0.24497685
v 0.36903131 -0.68692422 -0.22146961
v 0.38544250 -0.67724514 -0.24631441
v 0.35833031 -0.66102171 -0.28449222
v 0.31140965 -0.65258533 -0.28721392
v 0.40245390 -0.66519022 -0.27073106
v 0.27448076 -0.63329154 -0.27337578
v -1.25336576 -0.28200185 0.10696971
v -1.27148747 -0.34461480 0.16316825
v -1.21656811 -0.23896168 0.08625306
v -1.20231545 -0.30821788 0.05553395
v -1.25140011 -0.21990941 0.13683403
v -1.22222245 -0.18311465 0.13464224
v -1.00728929 -0.10315257 0.63639009
v -1.01241589 -0.07180552 0.61707807
v -1.09232843 -0.14245546 0.60740662
v -1.08352971 -0.18582173 0.62126309
v -1.13063216 -0.10085703 0.54725510
v -1.16025901 -0.16913325 0.55547029
v -1.07578576 -0.08827315 0.58903313
v -1.16418684 -0.22788550 0.56533778
v -1.00272119 -0.03207520 0.58106881
v -0.91608626 -0.04949803 0.63572025
v -1.06509662 -0.22552432 0.63622051
v -0.85061204 -0.49065435 0.57014382
v -0.83221191 -0.43818581 0.59683520
v -0.91987699 -0.48470020 0.58094192
v -0.98803014 -0.47387862 0.58041787
v -1.00713992 -0.52427077 0.53195071
v -0.93470472 -0.53303695 0.54118049
v -0.89279300 -0.43030429 0.61534369
v -0.83580077 -0.37381226 0.64014632
v -0.94636661 -0.41704059 0.62348801
v -0.82229429 -0.39189547 0.62346888
v -1.26904070 -0.38441342 0.32801110
v -1.25488830 -0.35613990 0.41893569
v -1.25238311 -0.21045800 0.41656911
v -1.26235473 -0.28691345 0.41333538
v -1.21649098 -0.32160705 0.50462598
v -1.22381663 -0.26030481 0.49454981
v -0.78881681 -0.30327421 0.66322881
v -0.82248974 -0.27916092 0.67866081
v -0.87217778 -0.35594058 0.65711153
v -0.99806571 -0.39983946 0.62514812
v -1.05149460 -0.45949757 0.57232946
v -0.91524023 -0.33706284 0.66414154
v -1.07710445 -0.51168799 0.51155341
v -1.10875106 -0.43920761 0.55796868
v -1.13974762 -0.49068582 0.48527363
v -1.13339007 -0.56376815 0.32224336
v -1.16168308 -0.53838664 0.20000610
v -1.18481517 -0.52368104 0.27915990
v -1.14614356 -0.53284246 0.40463394
v -1.19853246 -0.49725026 0.36752310
v -1.08382809 -0.55561024 0.44375312
v -1.13628364 -0.54078054 0.13404672
v -1.18357599 -0.47933626 0.10331380
v -1.04305494 -0.57387125 0.13612756
v -1.09417105 -0.52103209 0.08824328
v -1.14074743 -0.45582885 0.05676764
v -1.24527717 -0.41537094 0.15717550
v -1.21837795 -0.41015548 0.08808887
v -1.20817530 -0.48127955 0.17015265
v -1.22941148 -0.47008961 0.25068080
v -1.24333251 -0.34303159 0.09045483
v -1.01296508 -0.56784195 0.47769928
v -0.99047536 -0.61116797 0.19516265
v -0.94042140 -0.57630521 0.49691403
v -0.94042969 -0.61261302 0.44681367
v -1.21334755 -0.18975016 0.49110553
v -1.06078291 -0.03966509 0.54101294
v -1.15236151 -0.27823681 0.57859635
v -1.19385135 -0.37218910 0.52026182
v -0.96173030 -0.31761247 0.66421306
v -1.04833353 -0.38032562 0.61897910
v -1.21961558 -0.13294984 0.42220715
v -1.15778184 -0.06700701 0.42418927
v -1.19256008 -0.08692572 0.35020050
v -1.21438372 -0.11222455 0.27249250
v -1.11386502 -0.05131967 0.48878893
v -1.17984462 -0.11349782 0.49221846
v -1.26325428 -0.40493494 0.23810734
v -1.12844932 -0.32081580 0.59306544
v -0.86522818 -0.53862029 0.53410035
v -0.79146588 -0.48263574 0.54530507
v -0.87523407 -0.58155394 0.49063528
v -0.80419797 -0.52746332 0.51007879
v -1.09280121 -0.35472888 0.60746378
v -1.15717626 -0.41121477 0.53910637
v -1.19188881 -0.45916450 0.45664141
v -1.23097324 -0.41410011 0.43398711
v -1.24051869 -0.44733626 0.34167197
v 0.44879627 -0.60996735 -0.34098634
v 0.43495941 -0.63175464 -0.31897533
v 0.41909927 -0.65006608 -0.29518753
v 0.37120289 -0.57001144 -0.37659308
v 0.33301628 -0.68912613 -0.02891745
v 0.31852442 -0.70021147 -0.07180123
v 0.36822939 -0.69253218 -0.05962139
v 0.30128837 -0.66599858 -0.00369634
v 0.28762090 -0.67678463 -0.04642287
v 0.38421464 -0.67506462 -0.01618746
v 0.33947474 -0.70289660 -0.13787888
v 0.35273951 -0.70155054 -0.10103488
v 0.30647737 -0.70178467 -0.11141990
v 0.38908881 -0.69627154 -0.12889007
v 0.40538770 -0.68717557 -0.08760640
v 0.32754731 -0.70029837 -0.16927727
v 0.29696500 -0.69748235 -0.14604314
v 0.27630091 -0.68110532 -0.08624671
v 0.26752627 -0.67919463 -0.12254904
v 0.46455383 -0.65147787 -0.27654651
v 0.46109426 -0.58494973 -0.36014056
v 0.41637868 -0.58243638 -0.37127662
v 0.47005665 -0.55706125 -0.37575457
v 0.42715842 -0.55476564 -0.38571310
v 0.38464302 -0.53977334 -0.38678792
v 0.43751013 -0.52769393 -0.39777300
v 0.33342797 -0.54766107 -0.36349326
v 0.61511123 -0.29697245 -0.27423897
v 0.62509382 -0.33279467 -0.27570596
v 0.59659612 -0.31489211 -0.30745995
v 0.59159583 -0.26772356 -0.26160675
v 0.63154066 -0.28664792 -0.23554921
v 0.60956603 -0.35450006 -0.30207977
v 0.57365727 -0.33743823 -0.33437255
v 0.56869203 -0.28360271 -0.29571459
v 0.63769478 -0.35840756 -0.25277379
v 0.62425137 -0.38707876 -0.28108066
v 0.60677731 -0.41508126 -0.30823159
v 0.63721603 -0.31409007 -0.24793994
v 0.64560074 -0.32532597 -0.22723570
v 0.64644486 -0.29218602 -0.20225513
v 0.65440959 -0.33714318 -0.18880124
v 0.65147126 -0.31182545 -0.11905544
v 0.65528029 -0.35154593 -0.14641909
v 0.65536928 -0.30072767 -0.16261195
v 0.65160555 -0.39425397 -0.17837326
v 0.64830828 -0.37568885 -0.21795064
v 0.63714743 -0.41370165 -0.25013378
v 0.64274740 -0.43823016 -0.21351844
v 0.64171827 -0.32759821 -0.07409865
v 0.64615554 -0.41503602 -0.13585068
v 0.42172229 -0.61343729 0.06198338
v 0.39081496 -0.61368537 0.08698013
v 0.40247518 -0.64883810 0.02539359
v 0.44045281 -0.63973391 -0.00110268
v 0.42216283 -0.66832680 -0.04349921
v 0.45795190 -0.60195166 0.03889380
v 0.47345263 -0.55834621 0.07341991
v 0.43979794 -0.57291263 0.09260206
v 0.41181558 -0.57194275 0.11176760
v 0.48216510 -0.62615877 -0.02885671
v 0.46380734 -0.65778142 -0.07353641
v 0.36951059 -0.64844841 0.05513261
v 0.34961236 -0.67238748 0.01512339
v 0.33715427 -0.62141347 0.07573034
v 0.31775832 -0.64782554 0.03833840
v 0.38274121 -0.54559124 0.12847248
v 0.35879654 -0.58689922 0.10642059
v 0.42342186 -0.68007010 -0.22202104
v 0.44511735 -0.66753244 -0.24965820
v 0.37173456 -0.69765455 -0.16542989
v 0.35124737 -0.69486713 -0.19519047
v 0.39936680 -0.69005585 -0.19390930
v 0.42378187 -0.68816960 -0.15827996
v 0.45536739 -0.67756230 -0.18897510
v 0.59057438 -0.37808275 -0.32659200
v 0.54426527 -0.30427802 -0.32426712
v 0.47619694 -0.49505842 -0.39655662
v 0.46693200 -0.45719135 -0.40043184
v 0.47584468 -0.52724385 -0.38765281
v 0.31257296 -0.69480342 -0.18824156
v 0.29028398 -0.69041741 -0.17577408
v 0.51161766 -0.45422512 0.11303858
v 0.47402370 -0.48687869 0.12944324
v 0.51475459 -0.49061412 0.08495229
v 0.50926083 -0.53663337 0.05224610
v 0.48275912 -0.51421165 0.10308093
v 0.43630272 -0.52639347 0.12879519
v 0.45317400 -0.53953642 0.11203643
v 0.44425434 -0.45861435 0.13918699
v 0.54527664 -0.42326516 0.08673970
v 0.54915345 -0.46440488 0.05792413
v 0.47978938 -0.42030001 0.12491803
v 0.51413697 -0.38641083 0.10138954
v 0.54601580 -0.51280868 0.02399442
v 0.58080947 -0.48815584 -0.01103856
v 0.44413286 -0.50015211 -0.40440652
v 0.44420677 -0.46992713 -0.40103212
v 0.42090797 -0.45279008 -0.39513752
v 0.40899867 -0.48119694 -0.39657852
v 0.43680501 -0.42744839 -0.39226583
v 0.52017403 -0.32794642 -0.34769133
v 0.28699356 -0.61727387 -0.29980293
v 0.28691924 -0.68159956 -0.20514590
v 0.26071745 -0.67452151 -0.15540513
v 0.63325554 -0.39066625 -0.05813488
v 0.64776123 -0.36937898 -0.10226519
v 0.62745851 -0.34777617 -0.02886446
v 0.59915227 -0.30903429 -0.00980477
v 0.63260323 -0.43867648 -0.09274301
v 0.62732190 -0.27670521 -0.09844321
v 0.63056141 -0.26700252 -0.14252552
v 0.61135709 -0.25945014 -0.22264227
v 0.62473404 -0.26073205 -0.18384920
v 0.48301834 -0.66384828 -0.21997645
v 0.25716460 -0.66693670 -0.18628328
v 0.25832820 -0.65705770 -0.21590507
v 0.50557566 -0.58055079 -0.34699002
v 0.54588890 -0.56613570 -0.33071613
v 0.57961851 -0.54383689 -0.30905807
v 0.53881228 -0.59738290 -0.30687436
v 0.57547623 -0.57714802 -0.28119880
v 0.60675251 -0.51440835 -0.28168100
v 0.39779228 -0.51051480 -0.39461109
v 0.49767095 -0.58438909 0.01384909
v 0.52348202 -0.60829389 -0.05994580
v 0.63926286 -0.46321571 -0.17346220
v 0.62559080 -0.50862104 -0.21269336
v 0.62087238 -0.44840068 -0.28170004
v 0.62791693 -0.47904414 -0.24925682
v 0.60442209 -0.54736531 -0.24935132
v 0.61344469 -0.53740835 -0.17385347
v 0.62652677 -0.48960882 -0.13221398
v 0.59230298 -0.57717663 -0.21401662
v 0.58177042 -0.43846995 0.02376678
v 0.57621682 -0.39497346 0.05270945
v 0.54605347 -0.35643679 0.06944452
v 0.60617679 -0.36998671 0.01482647
v 0.61057180 -0.41303879 -0.01528345
v 0.49554515 -0.60793394 -0.32639924
v 0.48185009 -0.63173097 -0.30248269
v 0.44439411 -0.67818940 -0.11733744
v 0.50464809 -0.64323813 -0.10530557
v 0.48174500 -0.66601181 -0.14907984
v 0.51496351 -0.65043420 -0.18276370
v 0.57082695 -0.60316330 -0.17716582
v 0.54102290 -0.62519801 -0.14044532
v 0.54240495 -0.63063830 -0.21683890
v 0.53748286 -0.56326032 -0.01589037
v 0.57393664 -0.54017872 -0.05137661
v 0.56074327 -0.58757991 -0.09554169
v 0.61030930 -0.46310806 -0.05056577
v 0.50650758 -0.64613873 -0.25044385
v 0.59143585 -0.56383151 -0.13408402
v 0.60431284 -0.51543504 -0.09085403
v 0.56287199 -0.60622519 -0.25010449
v 0.52550989 -0.62407750 -0.27986056
v -0.89016134 -0.63168126 0.38165504
v 0.34873432 -0.51848739 -0.37634414
v -0.88092202 -0.61247110 0.43837696
v -0.81701225 -0.56777126 0.46886569
v -1.17683566 -0.38235772 0.04538246
v 0.61624032 -0.29074943 -0.05383755
v -0.39585352 -0.01816767 -0.16876638
v -0.41826874 -0.00301077 -0.15179212
v -0.39310884 -0.01242135 -0.17253861
v -0.42191583 -0.01057059 -0.14784800
v -0.37400889 -0.01834514 -0.18919237
v -0.36978656 -0.00765575 -0.19298860
v -0.40970933 0.01165142 -0.15987484
v -0.38979989 -0.00421541 -0.17763269
v -0.41402400 0.00314115 -0.15553945
v -0.43482304 0.03686535 -0.14098801
v -0.43997395 0.02778388 -0.13769196
v 0.04468924 0.49564987 -0.10264429
v 0.03697717 0.50678563 -0.09017439
v 0.05908520 0.50499707 -0.08947267
v 0.04056487 0.52301830 -0.06626415
v 0.05024104 0.51459610 -0.07740267
v 0.02839178 0.51665711 -0.07871523
v 0.02464441 0.49963045 -0.10092828
v 0.01740934 0.51076657 -0.08919442
v 0.06714924 0.49456811 -0.10277471
v 0.06567854 0.52343881 -0.06161055
v 0.07523249 0.51559550 -0.07313232
v -0.42661244 0.33322793 0.25106075
v -0.47213602 0.32128805 0.21105549
v -0.42727959 0.32976645 0.25857970
v -0.38527477 0.34251416 0.29299426
v -0.42882842 0.33528060 0.24065232
v -0.38438612 0.33758658 0.30132720
v -0.47496444 0.31872529 0.21889897
v -0.43111956 0.32569498 0.26287821
v -0.51618820 0.30763257 0.17185739
v -0.05620895 0.59303558 0.18827254
v -0.06774624 0.59762388 0.21626589
v -0.04085158 0.59393173 0.22082300
v -0.05053860 0.60210311 0.25082177
v -0.02248224 0.59407294 0.25274086
v -0.03846110 0.62423038 0.31222913
v -0.03039349 0.60694289 0.28424832
v -0.05919075 0.61459666 0.27819851
v -0.00329422 0.59155869 0.28008777
v -0.07758650 0.60572505 0.24275245
v 0.54704565 0.24863949 -0.31016502
v 0.51554924 0.27893770 -0.32230520
v 0.55937672 0.26086187 -0.32519206
v 0.59316480 0.23876488 -0.29641119
v 0.57879430 0.22359207 -0.28274715
v 0.53028828 0.23832442 -0.29252809
v 0.58369595 0.19073959 -0.22920394
v 0.56002891 0.20976330 -0.26734513
v 0.60383183 0.20795280 -0.24176040
v 0.61925519 0.22601159 -0.25290981
v 0.53395200 0.30055344 -0.35349199
v 0.56932008 0.27609134 -0.33924684
v 0.52579558 0.28800762 -0.33865571
v 0.11681327 -0.14886540 -0.35642684
v 0.15771088 -0.10706864 -0.34057614
v 0.16136804 -0.17176114 -0.35638666
v 0.22162940 -0.16568969 -0.34522420
v 0.19235033 -0.19628400 -0.35926768
v 0.19392644 -0.13943288 -0.34281313
v 0.11115412 -0.09526484 -0.34666306
v 0.15277615 -0.06764085 -0.32862583
v 0.20939933 -0.08653753 -0.31855112
v 0.19734688 -0.05716106 -0.30960247
v -0.62898850 0.10092972 0.58418298
v -0.66318893 0.11856418 0.55336297
v -0.65094596 0.08612398 0.59832102
v -0.60451311 0.10965139 0.57225710
v -0.63857716 0.13111848 0.53663427
v -0.67759138 0.14594001 0.49635327
v -0.57599509 0.08271557 0.60025579
v -0.62074029 0.06360753 0.62075180
v -0.59981596 0.07652457 0.60993165
v -0.06056358 0.16564903 0.57055408
v -0.15529114 0.18205202 0.54439086
v -0.08160612 0.15863483 0.54080892
v 0.00919913 0.14864293 0.54934096
v -0.01085671 0.14176053 0.51961648
v -0.24837138 0.18871784 0.50824863
v -0.17145339 0.17455316 0.52500856
v -0.23894826 0.20076318 0.51430762
v -0.09632975 0.15173265 0.51831985
v -0.36574942 -0.28874153 0.47364923
v -0.32716393 -0.27222401 0.45539233
v -0.35568577 -0.24289913 0.49888861
v -0.40687126 -0.30713534 0.49055076
v -0.39865237 -0.25712609 0.51939058
v -0.30794877 -0.18689990 0.49516141
v -0.34924412 -0.19632560 0.51816857
v -0.31541210 -0.22980227 0.47739545
v -0.30470616 -0.14471328 0.51229489
v -0.34663790 -0.15073529 0.53441292
v -0.39196599 -0.15786755 0.55845606
v -0.39403659 -0.20668115 0.54125297
v -0.28068358 -0.21859138 0.45722815
v -0.29379344 -0.25791186 0.43705809
v 0.21453027 -0.62712699 -0.18518279
v 0.21605207 -0.63470924 -0.15203939
v 0.19683376 -0.61432648 -0.17158109
v 0.19671962 -0.60401106 -0.20590943
v 0.21691166 -0.61578643 -0.21695256
v 0.23445399 -0.64115518 -0.20004714
v 0.17745277 -0.59220630 -0.19605246
v -0.29546803 0.14054123 -0.20365432
v -0.32507533 0.14528681 -0.18909709
v -0.28766215 0.16343962 -0.19682783
v -0.35320216 0.17539695 -0.16449352
v -0.31921375 0.16787127 -0.18136765
v -0.35738975 0.15322369 -0.17286414
v -0.31313938 0.18934482 -0.17427152
v -0.28003147 0.18596968 -0.18978633
v -0.26001781 0.15977067 -0.21440008
v -0.27227613 0.20849255 -0.18330485
v -0.19488640 -0.33181167 -0.06014966
v -0.21653514 -0.31617260 -0.03861065
v -0.20420137 -0.31951779 -0.08964799
v -0.18312354 -0.33368617 -0.11152832
v -0.18703572 -0.33933276 -0.02751271
v -0.20945220 -0.32343566 -0.00690056
v -0.16449142 -0.35649633 -0.04643359
v -0.17331833 -0.34783524 -0.08055735
v -0.17966451 -0.34233350 0.00767794
v -0.20314002 -0.32625598 0.02788251
v -0.15150768 -0.36370981 -0.09995663
v -0.17349644 0.43050665 -0.10823347
v -0.15916032 0.43042535 -0.11299746
v -0.17625009 0.41901195 -0.11638466
v -0.15576500 0.44160980 -0.10478768
v -0.16319957 0.40658802 -0.13235840
v -0.17826378 0.40644997 -0.12596536
v -0.16169629 0.41895419 -0.12206948
v -0.18562418 0.43193245 -0.10293987
v -0.18865052 0.42042035 -0.11058225
v -0.14487283 0.40903378 -0.13843191
v -0.14371303 0.42141998 -0.12755969
v -0.29451630 0.30346340 -0.13747856
v -0.28023535 0.32747144 -0.13230705
v -0.26573479 0.30435956 -0.15069339
v -0.25414455 0.32886165 -0.14344859
v -0.23753728 0.30606121 -0.16072424
v -0.24329656 0.35222554 -0.13536908
v 0.03659421 0.47389966 -0.12765446
v 0.03103477 0.48726159 -0.11366777
v 0.05163208 0.48359036 -0.11636592
v -0.12119595 0.63180614 0.29859844
v -0.14534025 0.62822855 0.30408788
v -0.10698940 0.64727259 0.32881588
v -0.10218415 0.62649816 0.28564662
v -0.13508040 0.61821991 0.26875848
v -0.13508579 0.64218748 0.33136210
v -0.09299064 0.66275579 0.35983703
v -0.06761172 0.65680391 0.35087198
v -0.08514464 0.64162016 0.31869042
v -0.16289258 0.63581097 0.35799527
v -0.12564641 0.65665740 0.36222440
v -0.16738255 0.62445462 0.32715225
v 0.27328986 0.04840208 -0.14485627
v 0.24145575 0.05785494 -0.18035693
v 0.28116745 0.05858182 -0.12878536
v 0.23463888 0.04250525 -0.20211831
v 0.19801895 0.04748907 -0.22863415
v 0.26676005 0.03615174 -0.16564645
v 0.23103084 0.02442078 -0.22526374
v 0.29988724 0.03732112 -0.09797585
v 0.22817759 0.47942728 0.17352083
v 0.24895166 0.47052121 0.16926065
v 0.24084713 0.50329036 0.12850532
v 0.27058166 0.45796335 0.16880262
v 0.26183683 0.49625927 0.12626094
v 0.24964844 0.42822593 0.20717330
v 0.26281148 0.51572102 0.08282773
v 0.24227814 0.52101767 0.08282457
v 0.20921452 0.48617184 0.18057492
v 0.22156964 0.50806558 0.13395852
v 0.28496683 0.50875109 0.08695690
v 0.28297222 0.48630303 0.12904771
v -0.18010704 0.44966811 0.74699616
v -0.12539327 0.50577253 0.73951322
v -0.20880885 0.48506379 0.69378960
v -0.25159332 0.43306375 0.68021131
v -0.22856863 0.51514053 0.63126761
v -0.26838577 0.46047604 0.61877322
v -0.28199929 0.39111477 0.64348674
v -0.29452729 0.41595411 0.58899790
v -0.27681661 0.48297346 0.55210257
v -0.17946632 0.57185841 0.62436134
v -0.15741797 0.54219061 0.68535727
v -0.30649388 0.19566017 0.49574482
v -0.24704042 0.17089596 0.50811327
v -0.23419139 0.14684935 0.50801694
v -0.17338282 0.14901838 0.50392079
v -0.29786611 0.16905230 0.50715494
v -0.33291817 0.16054600 0.51050109
v -0.27770394 0.13413486 0.51465774
v -0.34653944 0.19414569 0.48927206
v -0.20554678 -0.07746470 0.46638644
v -0.22653382 -0.08078738 0.48201895
v -0.20191437 -0.12360299 0.44328192
v -0.24214667 -0.13123132 0.47570616
v -0.22050749 -0.12582454 0.45969227
v -0.24801792 -0.08809972 0.49668401
v -0.23991832 -0.03129711 0.50412071
v -0.26123494 -0.04187366 0.51806945
v -0.18334241 -0.12589042 0.42444342
v -0.19066797 -0.16632523 0.40323272
v -0.22285439 -0.16680610 0.43946165
v -0.20587479 -0.16475908 0.42218512
v 0.21975411 -0.54271460 0.05855231
v 0.19778575 -0.55544466 0.02415583
v 0.22921748 -0.56269580 0.04643708
v 0.20992275 -0.57498056 0.01051671
v 0.23609810 -0.58259541 0.03145300
v 0.17841724 -0.56577998 -0.01378369
v 0.18198097 -0.53550190 0.03549735
v 0.25052720 -0.54720503 0.07802101
v 0.25484735 -0.56707412 0.06526671
v 0.50923866 0.44338751 -0.04408794
v 0.49553394 0.45167696 -0.05419480
v 0.48915660 0.42948294 -0.00925256
v 0.46268910 0.45178372 -0.03566102
v 0.47442061 0.44196898 -0.02028794
v 0.48408282 0.45693302 -0.06815623
v 0.45230114 0.44017315 0.01225604
v 0.46881080 0.42247301 0.02375359
v 0.50464278 0.47085780 -0.10273516
v 0.49227482 0.46860766 -0.11629251
v 0.47345209 0.45949948 -0.08533497
v 0.51741594 0.46912676 -0.09151888
v 0.38103515 -0.40156454 0.12975387
v 0.40188509 -0.36843491 0.11371908
v 0.37470800 -0.39637178 0.12730826
v 0.39270985 -0.36509442 0.11111180
v 0.41131282 -0.33518350 0.09054085
v 0.38378674 -0.36001337 0.11040404
v 0.36785370 -0.39028245 0.12651928
v 0.42367172 -0.33726376 0.09283486
v 0.35986006 -0.43475729 0.13781036
v 0.35597497 -0.42713821 0.13641231
v 0.36479878 -0.44432837 0.13975742
v 0.38906753 -0.40817338 0.13333452
v -0.19672160 0.07669687 -0.27085850
v -0.23283027 0.08329953 -0.25555506
v -0.18978962 0.09419223 -0.27356255
v -0.20336275 0.06160522 -0.27013123
v -0.24109986 0.06694077 -0.25402156
v -0.15965712 0.05640512 -0.28522506
v -0.15466282 0.07167327 -0.28342512
v -0.24882774 0.05162789 -0.25410268
v -0.14912802 0.09013528 -0.28303778
v -0.25806051 0.42824608 -0.06656390
v -0.24058548 0.43149507 -0.07606106
v -0.26469755 0.41689891 -0.07648677
v -0.23609598 0.44179600 -0.06577606
v -0.22018777 0.44340682 -0.07446799
v -0.22414660 0.43334657 -0.08392087
v -0.24633023 0.41998667 -0.08541721
v -0.24818721 0.44933248 -0.04307173
v -0.23190744 0.45174313 -0.05367459
v -0.25283289 0.43858010 -0.05541775
v -0.21653968 0.45329523 -0.06353682
v 0.16932990 0.54132056 0.07442150
v 0.15917198 0.54244041 0.08275314
v 0.17154950 0.53125185 0.12076241
v 0.17974888 0.54040492 0.06476017
v 0.18231727 0.53037673 0.11190443
v 0.17626061 0.51552534 0.16008028
v 0.16174677 0.53249794 0.12814459
v 0.15303913 0.53465176 0.13359240
v 0.15535066 0.51948667 0.17508954
v 0.14973570 0.54433382 0.08939148
v 0.16514875 0.51734430 0.16841118
v -0.64465779 0.16173249 0.47750974
v -0.56541336 0.15425295 0.50840735
v -0.60292923 0.17727825 0.45883036
v -0.60612708 0.14249913 0.52260226
v -0.57208383 0.11652412 0.56163681
v -0.72061366 0.15275314 0.45254952
v -0.68842250 0.17303683 0.42752445
v 0.23874851 -0.62954789 -0.23005912
v 0.23469688 -0.64989406 -0.16864458
v 0.24645706 -0.61558896 -0.25913537
v 0.22245108 -0.60130602 -0.24768028
v -0.25070298 0.18369518 -0.20636192
v -0.21443206 0.03383315 -0.27500594
v -0.16796359 0.03014228 -0.29224512
v -0.21790700 0.02110758 -0.27680260
v -0.17335564 0.00757886 -0.29232529
v -0.21953525 0.00938987 -0.27620843
v -0.17109889 0.01915774 -0.29292375
v -0.12418903 0.01660107 -0.30590168
v -0.16403267 0.04258223 -0.28905296
v -0.12031792 0.02778068 -0.30486470
v 0.01967593 0.52525961 -0.06774075
v 0.01025973 0.53207970 -0.05591344
v 0.03103749 0.53047282 -0.05562219
v 0.00093796 0.52804351 -0.06579308
v 0.03399494 0.54164612 -0.02992159
v 0.04477903 0.53642124 -0.04092707
v 0.02091008 0.53645420 -0.04409489
v 0.02267424 0.54625505 -0.01720929
v 0.01009218 0.54121608 -0.03072439
v 0.00007410 0.53734994 -0.04228193
v -0.27405113 0.45536268 -0.00824070
v -0.25905883 0.45955586 -0.01917182
v -0.28040183 0.44181657 -0.02011639
v -0.26970479 0.43471754 -0.04409966
v -0.26464063 0.44623381 -0.03191322
v -0.28600144 0.43034011 -0.03180388
v -0.28799239 0.44817907 0.00325144
v -0.26572037 0.46967876 0.00481617
v -0.25220418 0.47432518 -0.00550817
v -0.29574025 0.43537021 -0.00800545
v -0.64288551 0.23645723 0.14232603
v -0.60377413 0.26618233 0.18822658
v -0.62202013 0.25162756 0.12451132
v -0.62792414 0.24754541 0.21208164
v -0.71055329 0.18528271 0.11906683
v -0.67072606 0.22311725 0.16192281
v -0.67678863 0.19469878 0.09742187
v -0.64440668 0.20254436 0.06806658
v -0.64814150 0.12771088 0.00733200
v -0.66528016 0.08450915 0.00311008
v -0.67502284 0.14543900 0.04014651
v -0.69226384 0.08783016 0.02132350
v -0.70590997 0.14583640 0.06330391
v -0.04157954 0.59102535 0.15977514
v -0.02830555 0.58978754 0.18942873
v -0.02431935 0.58844697 0.13198365
v -0.01250749 0.58722621 0.15824363
v -0.01274122 0.58639222 0.21922886
v 0.32783920 0.12561186 -0.13421038
v 0.29852366 0.16256782 -0.15775099
v 0.35833496 0.13802695 -0.14326240
v 0.33012664 0.17974278 -0.16652058
v 0.36759073 0.19184855 -0.18008892
v 0.29473591 0.22361644 -0.18239573
v 0.33757102 0.23945524 -0.19329298
v 0.26327246 0.19981520 -0.17529705
v 0.38076174 0.10546929 -0.11335751
v 0.27229965 0.14260328 -0.15504523
v 0.39360249 0.14978258 -0.15863870
v 0.47910827 0.22017545 -0.24897796
v 0.50773990 0.22906850 -0.27216497
v 0.50422579 0.18461594 -0.22700965
v 0.53517193 0.19663669 -0.24933076
v 0.52487421 0.15875039 -0.19418640
v 0.46855581 0.17351677 -0.20334709
v 0.48878497 0.14411387 -0.17219055
v 0.50072145 0.27242059 -0.30188116
v 0.21361600 0.30145895 0.68950593
v 0.15515114 0.26122522 0.71632332
v 0.21365719 0.25419274 0.65177584
v 0.07310253 0.19807820 0.67388427
v 0.15434396 0.22022749 0.67420769
v 0.07693952 0.23076688 0.72006559
v 0.05752090 0.17436484 0.62807113
v 0.14001735 0.18829022 0.62945646
v 0.14012286 0.30987132 0.75235105
v 0.06546322 0.27086705 0.76099318
v -0.01835709 0.24439806 0.74393904
v 0.17881152 -0.37163913 -0.38038757
v 0.20383747 -0.38617074 -0.38355580
v 0.16108011 -0.40181452 -0.36791039
v 0.18586121 -0.41632074 -0.37126607
v 0.14566748 -0.43226063 -0.34816471
v 0.21196188 -0.43141580 -0.37084565
v 0.17021351 -0.44685858 -0.35121080
v 0.17403191 -0.32743740 -0.38164967
v 0.19822882 -0.34206927 -0.38687319
v 0.15485309 -0.35756469 -0.37500265
v 0.13770555 -0.38784689 -0.36211729
v 0.04644721 0.67402035 0.46824917
v 0.06147152 0.64614511 0.42726654
v 0.02509835 0.67387754 0.44241062
v 0.04803835 0.61276972 0.37067392
v 0.04030165 0.64528370 0.40727934
v 0.06810383 0.61210042 0.38594270
v 0.08838883 0.60814488 0.39921483
v 0.08395711 0.64172035 0.44533724
v 0.07091571 0.66772991 0.49313098
v 0.00612026 0.66936284 0.41682106
v 0.02837665 0.61142921 0.35352197
v 0.02058735 0.64155632 0.38668820
v -0.49520725 -0.39464086 0.46831968
v -0.52760583 -0.41500717 0.47127295
v -0.51119941 -0.43251461 0.41553035
v -0.51501805 -0.36488515 0.51886332
v -0.45872337 -0.37237024 0.46141645
v -0.47385514 -0.40891504 0.41031656
v -0.49262995 -0.43243194 0.35390386
v -0.56882882 -0.47743899 0.36307773
v -0.53147411 -0.45528930 0.35889643
v -0.54574299 -0.45349127 0.41829461
v -0.57651460 -0.47125721 0.41980109
v -0.55531621 -0.43157142 0.47095668
v 0.15487519 0.20731069 0.41399369
v 0.17247950 0.21882783 0.44078830
v 0.13559417 0.17283598 0.44252431
v 0.16632316 0.24597353 0.38162616
v 0.17768581 0.25960118 0.40394935
v 0.12099026 0.15510347 0.49716380
v 0.10134958 0.14766693 0.46583700
v 0.15616478 0.18212463 0.47276670
v 0.14568281 0.19865599 0.38872680
v 0.12398347 0.16636805 0.41430864
v 0.09136237 0.14226452 0.43668082
v 0.28552598 -0.55408293 -0.33473808
v 0.30127877 -0.52744079 -0.35458237
v -0.10470651 0.09008417 -0.28776759
v -0.10039864 0.11567634 -0.27854991
v -0.14225976 0.11462983 -0.27844453
v -0.09667411 0.14531097 -0.26575044
v -0.17244992 0.14610788 -0.26506144
v -0.13556194 0.14406785 -0.26641506
v -0.18173075 0.11700203 -0.27427679
v -0.05904744 0.09423144 -0.28939626
v -0.10880868 0.06983498 -0.29283729
v -0.05725409 0.12088925 -0.27745542
v 0.39753222 0.08423449 -0.07851820
v 0.42987007 0.09605134 -0.09329124
v 0.41500580 0.11658195 -0.12908727
v 0.46518242 0.11122921 -0.11209628
v 0.06383109 0.19129398 -0.23541883
v 0.02302086 0.17616005 -0.24904862
v 0.06235067 0.22533523 -0.22913951
v 0.10193902 0.16960293 -0.22686595
v 0.06230875 0.15912205 -0.24316597
v 0.10719733 0.20307209 -0.21989661
v 0.10856922 0.23877747 -0.21508890
v 0.02057088 0.20961101 -0.24035472
v -0.01831713 0.19508433 -0.24796912
v 0.01591983 0.24401389 -0.23259774
v -0.01642243 0.16173992 -0.25906155
v 0.05635587 0.26007682 -0.22418740
v -0.35819644 0.27761018 0.40980643
v -0.38990295 0.28717649 0.37130195
v -0.37133312 0.26599553 0.41201064
v -0.38003641 0.24599172 0.42954245
v -0.34451020 0.24126205 0.45305410
v -0.31721103 0.26147240 0.46321806
v -0.33271277 0.25442785 0.45042995
v -0.34350801 0.28355873 0.42131603
v -0.37630337 0.29624957 0.37035298
v -0.27866000 0.23621109 0.50066096
v -0.29356402 0.22790860 0.48813668
v -0.12890461 -0.37924516 -0.11693731
v -0.13931300 -0.36126697 -0.15260231
v -0.11842428 -0.39107758 -0.07748185
v -0.14162740 -0.37423325 -0.06352578
v -0.16183484 -0.34773868 -0.13293903
v -0.09540146 -0.40741241 -0.08838977
v -0.10554679 -0.39392626 -0.13090703
v -0.10735118 -0.39658159 -0.03600728
v -0.13129804 -0.37834394 -0.02490909
v -0.02047761 0.19086224 0.65268081
v -0.11680785 0.19790165 0.61194599
v -0.03824640 0.17553824 0.60852295
v -0.01265119 0.21379460 0.69950473
v -0.10437076 0.21174374 0.65684557
v -0.22355825 0.20901068 0.53007495
v -0.13533966 0.18898736 0.57329488
v -0.20566463 0.21520218 0.55777508
v -0.18985626 0.22285648 0.59578246
v -0.26172727 0.24147587 0.52791882
v 0.35074103 -0.41941959 0.13593888
v 0.33871329 -0.46697855 0.13849884
v 0.33664638 -0.45650667 0.13921738
v 0.33259100 -0.44665241 0.14022216
v 0.31741756 -0.49732661 0.13172016
v 0.31627381 -0.48374760 0.13531992
v 0.16181660 -0.09595907 0.20359932
v 0.14718802 -0.08241686 0.22259665
v 0.13701102 -0.12418592 0.21175694
v 0.15582426 -0.13952738 0.19336770
v 0.13335153 -0.17101687 0.19831753
v 0.18018109 -0.11042328 0.18273294
v 0.11097005 -0.09638941 0.24362522
v 0.12225920 -0.11009035 0.22813730
v 0.13561080 -0.06914762 0.23966175
v 0.08856913 -0.12594359 0.24115677
v 0.09994049 -0.14010419 0.22758994
v 0.11452270 -0.15484722 0.21356891
v -0.98291999 -0.14879727 0.09788106
v -0.97462475 -0.21431641 0.08446193
v -1.03261387 -0.16389416 0.10263296
v -0.95729715 -0.28158021 0.08368634
v -1.02268469 -0.23224498 0.08407483
v -0.92652583 -0.07717238 0.10078207
v -0.92525107 -0.13799037 0.08402654
v -0.98162049 -0.08739747 0.12243649
v -1.03052795 -0.10114333 0.13542791
v -1.07193828 -0.18345970 0.09688722
v -0.42239797 0.33263016 0.04492112
v -0.42638004 0.32754380 0.02660081
v -0.44579041 0.31999564 0.05249824
v -0.39973897 0.34781820 0.03616847
v -0.40476036 0.34132737 0.01915505
v -0.42740071 0.32221574 0.00777331
v -0.40711743 0.33487153 0.00147991
v -0.38411307 0.35666770 0.01113803
v -0.38771492 0.34876388 -0.00537053
v -0.39218146 0.35540789 0.05280899
v -0.41566634 0.33855891 0.06360063
v -0.43897069 0.32470179 0.07299390
v 0.05079047 0.57530099 0.08828342
v 0.06272649 0.57324034 0.11438194
v 0.07173029 0.57033885 0.07633707
v 0.10937379 0.55523509 0.13874948
v 0.10347797 0.56285334 0.10101703
v 0.09161313 0.56156784 0.13981134
v 0.05637179 0.56853706 0.05150202
v 0.03693790 0.57355160 0.06550115
v 0.02811501 0.57996649 0.10542928
v 0.01551738 0.57849288 0.08363167
v 0.03836337 0.57736492 0.12872729
v 0.08994028 0.56518859 0.06853504
v 0.08468178 0.56843585 0.10553499
v -0.24443088 -0.17150782 0.45623147
v -0.27244729 -0.17884837 0.47477648
v -0.25297561 -0.20993944 0.43871695
v -0.26963067 -0.13825350 0.49265772
v -0.23218752 -0.20411731 0.42113015
v 0.32766443 -0.10003535 0.01442757
v 0.33485484 -0.08713004 -0.01538539
v 0.31067985 -0.08073092 0.02714176
v 0.34689707 -0.12186638 0.00665385
v 0.35426342 -0.10804750 -0.02270355
v 0.31694973 -0.11598617 0.04092775
v 0.29641992 -0.06368106 0.04559017
v 0.29904133 -0.09558164 0.05448830
v 0.30696678 -0.05221739 0.01499084
v 0.31870174 -0.06880033 -0.00326426
v -0.17676136 0.59438747 0.22424459
v -0.15916435 0.59603643 0.20729330
v -0.18488471 0.58436579 0.19490208
v -0.14304081 0.59423846 0.18707608
v -0.16819225 0.58605415 0.17640355
v -0.13155511 0.60362315 0.21973452
v -0.17488363 0.57688344 0.14750813
v -0.19063267 0.57407826 0.16532807
v -0.20149744 0.57863712 0.20989634
v -0.29870757 0.40921640 -0.05232257
v -0.31555229 0.40381587 -0.03812854
v -0.29180408 0.41982603 -0.04293059
v -0.28231698 0.41265810 -0.06528912
v -0.27546310 0.42410702 -0.05541872
v -0.30895662 0.41359985 -0.02962743
v -0.33479357 0.39329773 -0.02520760
v -0.32738179 0.40377194 -0.01713182
v 0.19463463 0.52936506 0.10257004
v 0.20860063 0.52773869 0.09364355
v 0.19113237 0.53915870 0.05515127
v 0.22427307 0.52498692 0.08663301
v 0.20379449 0.53714317 0.04624845
v 0.20442457 0.51135415 0.14177944
v 0.17735259 0.49616110 0.19847581
v 0.19225147 0.49155915 0.18919498
v 0.18931478 0.51368636 0.15082884
v 0.64725137 0.24559009 -0.21154332
v 0.63119185 0.24665119 -0.26374406
v 0.65633249 0.27227592 -0.22442883
v 0.65059727 0.25445241 -0.15732633
v 0.63500720 0.22331201 -0.20143747
v 0.64088929 0.27108330 -0.27631104
v 0.65108132 0.29940736 -0.29133153
v 0.65894651 0.28226018 -0.17060058
v 0.27343422 -0.50928569 -0.34962732
v 0.24724437 -0.49283659 -0.34877208
v 0.29023415 -0.48007566 -0.36571524
v 0.28173727 -0.43313485 -0.37726212
v 0.30749226 -0.45019579 -0.37592018
v 0.26418340 -0.46314484 -0.36595911
v 0.31780463 -0.49846739 -0.36897010
v 0.14338610 0.56773168 0.41808924
v 0.12651372 0.58655667 0.41586515
v 0.15548398 0.58867526 0.47816002
v 0.10814208 0.60007894 0.40971345
v 0.13168386 0.61362898 0.47169518
v 0.15913437 0.54389971 0.41669178
v 0.13086466 0.54319954 0.36470371
v 0.12811115 0.63010967 0.53222549
v 0.15967090 0.59821969 0.54424882
v 0.17820375 0.55717272 0.47940767
v 0.19411239 -0.32135099 0.14951855
v 0.21479686 -0.29111654 0.14599994
v 0.16710182 -0.29823792 0.15935908
v 0.16029985 -0.24384002 0.16975455
v 0.18722270 -0.26702523 0.15722476
v 0.18078940 -0.21039556 0.16489157
v 0.14126651 -0.27532756 0.16957594
v 0.23484932 -0.25771254 0.13782355
v 0.17282294 -0.34708363 0.14893483
v 0.14723225 -0.32501537 0.15675041
v -0.28876573 0.03717581 -0.23745650
v -0.25535145 0.03704778 -0.25534722
v -0.29455251 0.02201582 -0.23772144
v -0.26220572 0.00966517 -0.25753149
v -0.25998926 0.02302412 -0.25686169
v -0.30701172 0.05139070 -0.22552997
v -0.28112674 0.05307434 -0.23813531
v -0.31513619 0.03336240 -0.22352242
v -0.29811656 0.00748903 -0.23851904
v -0.32183444 0.01710687 -0.22194919
v -0.32655084 0.00248371 -0.22120667
v 0.12165156 -0.44724441 0.09333515
v 0.10046549 -0.43114263 0.10016426
v 0.09653129 -0.46086627 0.06879757
v 0.05586785 -0.46104622 0.04807255
v 0.07434919 -0.47489274 0.03836292
v 0.07669421 -0.44607508 0.07734772
v 0.09525059 -0.49064666 0.02851107
v 0.07633208 -0.50244284 -0.00880746
v 0.03886651 -0.47471982 0.01223531
v 0.05637843 -0.48758513 0.00193702
v 0.05968425 -0.43236303 0.08539554
v 0.08190587 -0.41584647 0.10706908
v -0.35297865 0.37678450 0.28562608
v -0.34908313 0.37266344 0.31250530
v -0.33279330 0.39277256 0.30813351
v -0.34261894 0.36760110 0.33925354
v -0.33098578 0.38623947 0.34013006
v -0.31912118 0.40388501 0.36584756
v -0.31812435 0.41245145 0.32835931
v -0.33270442 0.39866579 0.27969000
v -0.37823743 0.36219722 0.25960788
v -0.37331456 0.36045921 0.28169474
v 0.48332173 -0.36139309 0.10412677
v 0.51358157 -0.33104050 0.07390419
v 0.45137656 -0.39639318 0.12656498
v -0.98639107 0.00946996 0.53403801
v -0.95401853 -0.03478574 0.61191541
v -0.87676716 0.01298420 0.60088122
v -0.92821437 0.01553295 0.57127309
v 0.55678874 0.17479399 -0.21317679
v 0.24409981 -0.32854897 -0.38961709
v 0.21944259 -0.31305331 -0.38738486
v 0.26652867 -0.30131257 -0.38400310
v 0.31365955 -0.29112780 -0.37170741
v 0.29019731 -0.31712276 -0.38303122
v 0.29108959 -0.27520752 -0.37200415
v 0.24259059 -0.28485543 -0.38206208
v 0.26765686 -0.25783944 -0.37039700
v 0.31801760 -0.25036526 -0.35539702
v 0.05389825 -0.51232076 -0.09591518
v 0.07495043 -0.52669436 -0.10619952
v 0.06264943 -0.51033092 -0.05076366
v 0.08416004 -0.52578735 -0.06158440
v 0.10633509 -0.54291028 -0.07256560
v 0.09852979 -0.51883340 -0.01949902
v 0.07053384 -0.52050120 -0.15176693
v 0.09682113 -0.54273617 -0.11657315
v 0.09204602 -0.53560340 -0.16105883
v -0.14134790 0.43327808 -0.11784805
v 0.49286938 -0.21920903 -0.25568360
v 0.46289700 -0.23394199 -0.28691903
v 0.47822821 -0.20898826 -0.24930003
v 0.50431246 -0.20165105 -0.21119338
v 0.51870716 -0.21050198 -0.21909893
v 0.50710756 -0.22990035 -0.26303068
v 0.53776908 -0.20743774 -0.17916073
v 0.52329892 -0.19979768 -0.17003866
v -0.12825349 0.59161353 0.16568357
v -0.11436523 0.58958524 0.14430395
v -0.13675870 0.58529782 0.13666369
v -0.11756335 0.59857625 0.19789986
v -0.10489522 0.59408808 0.17451298
v -0.15209052 0.58577317 0.15640762
v -0.14359716 0.57835197 0.11156695
v -0.15904984 0.57775789 0.12904453
v -0.12198023 0.58495218 0.11796384
v -0.10728296 0.58387733 0.10059434
v -0.12857912 0.57866466 0.09564835
v 0.39962411 0.41911000 0.11135439
v 0.42663616 0.37590790 0.11066767
v 0.41286743 0.42149764 0.09655851
v 0.37673402 0.45799708 0.10161579
v 0.39088470 0.45554698 0.08620006
v 0.43986052 0.38362747 0.09682644
v 0.42953712 0.42121458 0.07750993
v 0.47057289 0.34475285 0.08705348
v 0.45640612 0.33191168 0.09880519
v 0.48538947 0.35595948 0.07228623
v 0.45529449 0.38912463 0.07983667
v 0.35124385 0.09464136 -0.10365193
v 0.32688338 0.08478193 -0.10060447
v 0.30201155 0.11201424 -0.13116813
v 0.36934000 0.07450183 -0.06952405
v 0.40948617 0.07409612 -0.04259123
v 0.43967462 0.08779719 -0.05590490
v 0.11584912 0.16559489 0.58594674
v 0.03401346 0.15866640 0.58574939
v 0.08862203 0.15078805 0.54692721
v 0.42658478 -0.37767345 -0.37635821
v 0.46743590 -0.32709742 -0.35219416
v 0.44597441 -0.35237426 -0.36582768
v 0.42037714 -0.33049673 -0.35725713
v 0.40048039 -0.35613894 -0.36870173
v -0.01967320 0.68592703 0.54449165
v 0.01969833 0.68890637 0.50785238
v -0.03873462 0.69310510 0.50388634
v -0.08621726 0.67629135 0.52894104
v -0.06933914 0.66354269 0.57736522
v 0.00575214 0.67020226 0.58564967
v 0.04499519 0.67858452 0.54030395
v -0.00092929 0.69154173 0.47486919
v -0.05335423 0.69347334 0.46532011
v -0.01816229 0.68844485 0.44313347
v 0.10995243 -0.44817120 -0.31674358
v 0.13294479 -0.46227896 -0.32160962
v 0.10040280 -0.47641575 -0.28418580
v 0.09424233 -0.50134015 -0.24629900
v 0.07337047 -0.48722434 -0.23915333
v 0.11657940 -0.51588970 -0.25243133
v 0.12304108 -0.49072433 -0.28942731
v 0.13956341 -0.53035688 -0.25754932
v 0.14650121 -0.50527042 -0.29342625
v 0.15705642 -0.47685963 -0.32479697
v -0.52125347 0.16973346 0.48882520
v -0.49109715 0.13587207 0.53624928
v -0.47498131 0.18599501 0.46972665
v -0.55353123 0.19569887 0.43528092
v -0.53215671 0.12449437 0.55050772
v -0.64849240 0.19170161 0.40445894
v -0.60170019 0.21181348 0.37938443
v -0.54612219 0.24154873 0.34201893
v 0.37743282 -0.33802849 -0.36608651
v 0.35869247 -0.36467224 -0.37461486
v 0.39849669 -0.31277835 -0.35304752
v 0.37886286 -0.29699057 -0.35268825
v 0.35611707 -0.32193261 -0.36668220
v 0.33583480 -0.34822065 -0.37651667
v 0.31725150 -0.37544376 -0.38192981
v 0.36620122 -0.41034079 -0.38086939
v 0.34133762 -0.39210922 -0.37981009
v 0.38264358 -0.38261020 -0.37663862
v 0.24331014 -0.56149489 -0.30401114
v 0.25768435 -0.53664082 -0.32845384
v 0.27047819 -0.57794356 -0.31186566
v -0.09282052 0.59924394 0.20795946
v -0.08147776 0.59429878 0.18272375
v -0.10426529 0.60643750 0.23180720
v -0.09198369 0.59147376 0.15120871
v -0.10026033 0.58814424 0.12368950
v -0.43842256 0.33491200 0.21438232
v -0.43973809 0.33394772 0.19945279
v -0.47253472 0.32193696 0.17876734
v -0.40759593 0.34796613 0.23048370
v -0.47229618 0.32283580 0.19047239
v -0.50342858 0.30975157 0.14337470
v -0.50782686 0.30985546 0.15300465
v -0.47000027 0.32090479 0.16673118
v -0.43622279 0.33393604 0.18402925
v 0.18838756 -0.07125548 0.19044012
v 0.17411862 -0.05815001 0.21178910
v 0.16223916 -0.04509052 0.23110604
v 0.20093246 0.48543233 -0.09637758
v 0.22791697 0.47686189 -0.09933791
v 0.18272102 0.45743436 -0.12798861
v 0.19900171 0.41455436 -0.15487748
v 0.16511829 0.42671949 -0.15344548
v 0.21349852 0.44668913 -0.13085057
v 0.25904649 0.47072166 -0.10347638
v 0.24966259 0.43702048 -0.13566604
v 0.28806978 0.43156111 -0.14225745
v 0.23986857 0.40196884 -0.15873644
v 0.29164732 0.46583796 -0.10964717
v -0.66111869 0.01108089 -0.00292572
v -0.64435983 -0.06362338 0.00201211
v -0.69047874 0.01864931 0.01110357
v -0.71754611 0.01691314 0.02304264
v -0.71987641 0.09047820 0.03924442
v -0.70098549 -0.05859918 0.01856322
v -0.67322570 -0.05899391 0.01089185
v -0.62598598 -0.00555008 -0.01968921
v -0.61207604 -0.07176138 -0.00911274
v -0.62929189 0.05615108 -0.02297403
v 0.48570478 0.47175491 -0.27838120
v 0.48166263 0.45439357 -0.31485242
v 0.47263300 0.45412898 -0.26275957
v 0.49838936 0.47626871 -0.32780311
v 0.50272751 0.45305067 -0.36391166
v 0.47524011 0.41206807 -0.33618653
v 0.46913254 0.43576926 -0.29994059
v 0.48709357 0.43114531 -0.35097688
v 0.46018100 0.42191744 -0.28332078
v 0.46269298 0.44053668 -0.24542350
v 0.20571069 0.45798385 0.68465996
v 0.23330201 0.40123916 0.66846812
v 0.22203110 0.49309677 0.61806101
v 0.21700414 0.51414090 0.54598314
v 0.19061802 0.55883086 0.54867893
v 0.18884964 0.54445237 0.62079096
v 0.15033138 0.59093297 0.61376041
v 0.19726394 0.52069336 0.47556505
v 0.23518594 0.46636021 0.53588605
v 0.24521540 0.43916374 0.60540867
v 0.21125890 0.48132408 0.46751106
v 0.67777348 0.42406106 -0.26180425
v 0.67906755 0.38418365 -0.23657644
v 0.68396866 0.41079688 -0.30184230
v 0.67294842 0.34812832 -0.21174660
v 0.67368186 0.33641404 -0.26128441
v 0.66408026 0.44778216 -0.32361162
v 0.68104440 0.40037078 -0.34176642
v 0.66490924 0.43463606 -0.35439244
v 0.68252867 0.37150377 -0.28263941
v -0.14248852 0.47486895 -0.07391907
v -0.12720209 0.47766566 -0.07724367
v -0.14704710 0.46419924 -0.08655348
v -0.15066096 0.48651481 -0.05360074
v -0.13756776 0.48622954 -0.05913332
v -0.15616724 0.47405386 -0.06898850
v -0.16120186 0.46307427 -0.08215863
v -0.13456076 0.45616078 -0.09968346
v -0.15157887 0.45325029 -0.09687260
v -0.13069069 0.46747953 -0.08958906
v -0.11423770 0.46279204 -0.10149133
v -0.11164712 0.47415370 -0.09117250
v -0.18275769 0.23529929 0.63755596
v -0.11559584 0.26000577 0.73959470
v -0.18640657 0.25366598 0.67557919
v -0.10361831 0.23266461 0.70133680
v -0.25011259 0.24859941 0.56214857
v -0.19975100 0.27698755 0.70427328
v -0.03823515 0.28170967 0.77870625
v -0.01996834 -0.39698428 -0.24893901
v -0.04437472 -0.38365579 -0.24138403
v -0.01826953 -0.36609274 -0.28136185
v -0.04529209 -0.32038784 -0.29668379
v -0.01526223 -0.33397663 -0.30608073
v -0.04557057 -0.35249931 -0.27275848
v 0.01239015 -0.34852928 -0.31312275
v -0.07451409 -0.34067214 -0.26139116
v -0.07045995 -0.37110698 -0.23099634
v -0.04220513 -0.41206515 -0.20266244
v -0.06559917 -0.39925718 -0.19398902
v 0.45368659 0.26161015 -0.25756872
v 0.48020750 0.26719528 -0.28037894
v 0.47480249 0.30985999 -0.29731631
v 0.45638824 0.30765051 -0.27539110
v 0.44482487 0.21177427 -0.22459343
v 0.16302668 -0.54391015 -0.26120895
v 0.17077787 -0.51936275 -0.29546180
v 0.18192019 -0.49156821 -0.32590249
v 0.19566183 -0.46189862 -0.35170007
v 0.49136478 -0.30224794 -0.33466950
v 0.46765059 -0.28260434 -0.32371825
v 0.44266152 -0.30573016 -0.34252784
v -0.30851424 -0.31012416 0.35616991
v -0.28981027 -0.29765755 0.34072232
v -0.28600159 -0.28115487 0.39313549
v -0.31477058 -0.31666929 0.29476038
v -0.35708028 -0.34773558 0.32064232
v -0.33357871 -0.33111870 0.30878544
v -0.33285129 -0.32561451 0.36994928
v -0.34039211 -0.32732415 0.24260615
v -0.35987258 -0.34236580 0.25521019
v -0.31137139 -0.29486018 0.40909311
v -0.37989837 -0.33006644 0.43867353
v -0.34311789 -0.31126529 0.42434847
v -0.05240515 0.59047812 0.13231792
v -0.06825931 0.59194380 0.15731215
v -0.02495149 0.48600107 -0.11289392
v -0.02803876 0.49788910 -0.10087398
v -0.00755407 0.49634528 -0.10638566
v -0.02256230 0.47299016 -0.12524427
v -0.00375428 0.48354512 -0.11836445
v -0.04601743 0.47396636 -0.11805364
v 0.01174395 0.49223489 -0.11038066
v -0.01248792 0.50762892 -0.09449452
v 0.00617116 0.50438315 -0.09849158
v -0.01857218 0.51720577 -0.08208926
v -0.00035150 0.51491779 -0.08682984
v -0.03175029 0.50870264 -0.08903438
v -0.19700366 0.55314219 0.11483236
v -0.20964201 0.54839855 0.12920308
v -0.19441471 0.56322461 0.13789009
v -0.20808442 0.55810708 0.15337154
v -0.18658803 0.54747820 0.08398220
v -0.19916070 0.54397875 0.09599687
v -0.18330947 0.55660921 0.10062338
v -0.17970327 0.56663233 0.12169224
v -0.10992630 0.50852811 -0.03818300
v -0.11843792 0.49777913 -0.04984796
v -0.12266039 0.51048708 -0.02836795
v -0.11441833 0.52087176 -0.01575239
v -0.14388135 0.49940610 -0.03642535
v -0.13610111 0.51207954 -0.02024847
v -0.13130555 0.49839789 -0.04305891
v -0.10792177 0.49200779 -0.06683923
v -0.12349426 0.48736483 -0.06406917
v -0.10764095 0.49881786 -0.05542919
v -0.10956650 0.48381215 -0.07895868
v -0.21162379 0.51467544 0.03157637
v -0.19973159 0.51600403 0.02333736
v -0.22092280 0.50364298 0.01620302
v -0.22301808 0.51214671 0.03952560
v -0.20300888 0.52370065 0.04552732
v -0.20813663 0.50430739 0.00725141
v -0.22992709 0.49095351 -0.00005875
v -0.23346487 0.50184464 0.02463664
v -0.24358651 0.48914647 0.00922665
v -0.18746334 0.51603150 0.01472081
v -0.61217630 0.26184544 0.11552960
v -0.62344593 0.22954501 0.06550293
v -0.61731219 0.19336140 0.01651087
v -0.62899780 0.16981632 0.01522448
v -0.20649399 0.15001562 -0.25441477
v -0.21612720 0.12338613 -0.25951192
v -0.31149662 0.40279949 0.49202362
v -0.31131113 0.41749841 0.43767387
v -0.31695795 0.38123548 0.45182464
v -0.31359041 0.36600667 0.49364001
v -0.32749265 0.37838864 0.37433666
v -0.32321471 0.36874211 0.40843084
v -0.31845772 0.39377922 0.40749651
v -0.30876493 0.42896688 0.38743287
v 0.04148985 -0.43629962 -0.26488256
v 0.06025007 -0.44915330 -0.27075139
v 0.03569503 -0.46146566 -0.22530517
v 0.05036405 -0.49376416 -0.18847966
v 0.03224272 -0.48143607 -0.18079492
v 0.05382930 -0.47405994 -0.23191175
v 0.07969058 -0.46241486 -0.27753258
v 0.04961342 -0.40769565 -0.29778177
v 0.06902504 -0.42110753 -0.30374330
v 0.08894934 -0.43436629 -0.31028390
v -0.38065147 0.36492032 0.06919044
v -0.36930674 0.37412304 0.04096694
v -0.40446091 0.34656644 0.08217470
v -0.37788242 0.36491609 0.02632175
v -0.35820770 0.38544512 0.05534297
v -0.34838629 0.39347476 0.02863469
v -1.17904603 -0.14315216 0.14597394
v -1.17267573 -0.09713779 0.21327446
v -1.13785458 -0.10931063 0.16409181
v -1.13990819 -0.16886182 0.10671845
v -1.17600584 -0.20245922 0.09004746
v -1.08000708 -0.03534570 0.24237892
v -1.09938574 -0.08250318 0.17972587
v -1.12429738 -0.06199326 0.23082575
v 0.36143625 -0.51973236 0.13588433
v 0.33693725 -0.55899328 0.11747843
v 0.31510067 -0.59248048 0.08969841
v 0.30270004 -0.56608874 0.10023834
v 0.32438797 -0.53425950 0.12385835
v -0.38212633 0.29830855 -0.08001831
v -0.39535713 0.30880094 -0.05816961
v -0.36421484 0.31546944 -0.08195230
v -0.35902506 0.34025389 -0.06498374
v -0.34641850 0.33360338 -0.08348401
v -0.37707323 0.32401991 -0.06180032
v -0.38474661 0.33298886 -0.04227737
v -0.39899403 0.28261417 -0.07817569
v -0.37894917 0.27089477 -0.10135174
v -0.34588504 0.30823249 -0.10210586
v -0.36310202 0.28900558 -0.10196514
v -0.03389661 -0.45037216 -0.10793686
v -0.01666106 -0.46173769 -0.11289616
v -0.02673224 -0.45646667 -0.05737684
v -0.01964802 -0.44732529 -0.16300061
v -0.00198555 -0.45894104 -0.16838908
v 0.00347548 -0.47751063 -0.06841154
v -0.01107915 -0.46709555 -0.06211455
v -0.00078709 -0.47262663 -0.11862326
v 0.01132595 -0.47411597 -0.02085238
v -0.00252847 -0.46395385 -0.01404538
v -0.01675024 -0.45338619 -0.00929472
v -0.10563670 0.56673300 0.05508699
v -0.09152866 0.56117988 0.04409274
v -0.11216759 0.55942762 0.04468281
v -0.12614608 0.56198758 0.05423909
v -0.09918666 0.57411313 0.06812264
v -0.08501281 0.56722009 0.05540248
v -0.10541147 0.54861712 0.02581148
v -0.11906461 0.55190033 0.03572042
v -0.09819821 0.55530620 0.03457297
v 0.00958373 -0.20547841 -0.35312563
v -0.02886567 -0.19349559 -0.34351897
v 0.01676373 -0.17253676 -0.35577413
v 0.02125099 -0.13944948 -0.35538405
v 0.06599955 -0.14848149 -0.35908058
v 0.05871728 -0.18354471 -0.36064589
v -0.06550743 -0.18257965 -0.33230948
v -0.02342431 -0.16145380 -0.34737799
v -0.01836170 -0.12894203 -0.34823516
v -0.03476307 -0.22498344 -0.33708787
v 0.54326987 -0.26092190 -0.28287730
v 0.51688272 -0.28016973 -0.31134403
v -0.84788418 -0.61973447 0.36476377
v -0.85026461 -0.60880011 0.28774604
v -0.81681001 -0.60471213 0.34657788
v -0.87480396 -0.62575054 0.30343291
v -0.83009398 -0.59916246 0.42027959
v -0.79096293 -0.58587039 0.39918277
v -0.89150113 -0.59567451 0.22557031
v -0.91274112 -0.61621267 0.23841931
v -0.08525351 0.46318752 0.78018856
v -0.22762536 0.40067655 0.72933674
v -0.14476174 0.40972340 0.78434485
v -0.16714129 0.32824194 0.77374882
v -0.10613675 0.36689913 0.80217373
v -0.19854015 0.36492860 0.76143074
v -0.04091863 0.41593087 0.80321687
v 0.02296083 0.47042060 0.78006059
v 0.33372557 0.12047355 0.18171985
v 0.31649733 0.15646663 0.20996064
v 0.30455858 0.12088758 0.20681033
v 0.27271760 0.11727203 0.22979607
v 0.29178375 0.08998214 0.20207813
v 0.32835138 0.06416987 0.13932301
v 0.31995243 0.09044027 0.17567599
v 0.30518734 0.06491952 0.17039272
v 0.34374118 0.08786935 0.14729564
v 0.24092381 0.10817916 0.24943428
v 0.26152891 0.08436500 0.22434124
v 0.28333598 0.15280652 0.23307113
v -0.19435342 0.39254916 -0.13004829
v -0.20919797 0.39297467 -0.12334956
v -0.19148104 0.40750134 -0.11967511
v -0.20066501 0.42192000 -0.10486731
v -0.20457993 0.40858293 -0.11352289
v -0.17969035 0.39221549 -0.13689652
v -0.21485426 0.37490791 -0.13398507
v 0.12094016 -0.53698796 -0.03029606
v 0.11770882 -0.50817567 0.01884352
v -0.55665582 -0.35750055 0.11393815
v -0.52276713 -0.34834242 0.11005679
v -0.53781056 -0.38249511 0.14599133
v -0.57889944 -0.39633477 0.15259722
v -0.55802506 -0.41960794 0.19350275
v -0.49563801 -0.33821964 0.10596806
v -0.50402910 -0.36952984 0.14025350
v -0.51808619 -0.40169126 0.18638144
v -0.54190069 -0.32176936 0.08713896
v -0.57569009 -0.32738841 0.08874756
v -0.29998469 0.43653399 0.52666146
v -0.24296592 0.55549026 0.50072116
v -0.27803111 0.49908149 0.48492858
v -0.23915571 0.53930551 0.56597906
v 0.17833193 0.47257388 0.23518533
v 0.17034450 0.45632839 0.28092965
v 0.18107490 0.44235182 0.27077791
v 0.19322099 0.46362787 0.22584288
v 0.21018569 0.45393246 0.21757182
v 0.17946909 0.42151088 0.31746063
v 0.16513142 0.48114097 0.24464802
v 0.16861044 0.46328193 0.33979303
v 0.17441757 0.44171757 0.32892582
v 0.16050552 0.47060972 0.29082057
v 0.14251259 0.17303558 -0.21029601
v 0.15342408 0.20767115 -0.20384222
v 0.13037960 0.14148882 -0.22060543
v 0.09456384 0.13887843 -0.23663315
v 0.18125610 0.16360283 -0.19467101
v 0.19854413 0.19541328 -0.18897131
v 0.21938227 0.23047335 -0.18733962
v 0.16279927 0.24575843 -0.19998357
v -0.19154161 0.52576816 0.03763483
v -0.17952682 0.52646005 0.02959632
v -0.18705912 -0.11879240 -0.28594384
v -0.21979445 -0.11014012 -0.27008554
v -0.18219075 -0.08391801 -0.29044461
v -0.15553278 -0.12659897 -0.30040723
v -0.14861506 -0.09299485 -0.30499277
v -0.21802633 -0.04585593 -0.27446684
v -0.17891447 -0.05355359 -0.29181683
v -0.21794163 -0.07550710 -0.27363107
v -0.14201036 -0.06209900 -0.30720919
v -0.25389290 -0.06761829 -0.25540110
v -0.25273740 -0.10083596 -0.25209242
v -0.49847424 0.26348209 0.33716291
v -0.53168821 0.27261260 0.29120961
v -0.60775286 0.23830697 0.29510769
v -0.58024848 0.26298398 0.25628513
v -0.46521181 0.26125082 0.35775962
v -0.48659486 0.28287116 0.31082273
v -0.47639626 0.30224133 0.28551754
v -0.51853418 0.29504961 0.26109996
v -0.49341065 0.22265187 0.40476325
v 0.32467353 0.46269411 -0.11708760
v 0.32544017 0.49050182 -0.07656717
v 0.35516632 0.45813560 -0.12744556
v 0.35263819 0.48363107 -0.08630034
v 0.38208777 0.45155770 -0.14103825
v 0.37617326 0.49005777 -0.05666591
v 0.37760502 0.47522247 -0.09926009
v 0.35242558 0.50074995 -0.04308922
v 0.29727447 0.49504262 -0.06955498
v 0.32852751 0.50895542 -0.03265632
v -0.04766648 -0.08811700 -0.33861467
v -0.01316949 -0.09629861 -0.34613749
v -0.05279115 -0.11842196 -0.33944947
v -0.08554077 -0.10989158 -0.32917660
v -0.09284232 -0.14162993 -0.32561803
v -0.05977279 -0.15073416 -0.33696342
v -0.09988199 -0.17405328 -0.31986585
v 0.02374653 -0.10678370 -0.35184181
v -0.29316297 -0.03698955 -0.23755968
v -0.25697356 -0.04012852 -0.25614345
v -0.28834510 -0.06081034 -0.23673818
v -0.28474301 -0.09133419 -0.23334542
v -0.21884996 -0.02193927 -0.27456263
v 0.07554205 0.65900946 0.57012111
v 0.11129493 0.62951928 0.59548908
v 0.03860953 0.64462453 0.62446398
v -0.01079281 0.61093098 0.67363894
v -0.04454273 0.64207238 0.62691855
v 0.18092778 0.38099408 -0.17300498
v 0.22632824 0.36506081 -0.17458451
v 0.27984500 0.34417778 -0.18390010
v 0.28498024 0.39091110 -0.16791368
v -0.31214201 0.09364356 -0.21381611
v -0.28812158 0.09210221 -0.22584829
v -0.32074636 0.07033446 -0.21572909
v -0.29788804 0.07101499 -0.22668871
v -0.32908410 0.04824060 -0.21502587
v -0.27224320 0.07025678 -0.23912451
v -0.26271510 0.08884181 -0.23981825
v -0.30365461 0.11721676 -0.20960271
v -0.27840048 0.11397579 -0.22365007
v -0.97395813 0.03746101 0.48027056
v -0.91953474 0.04878604 0.52255499
v -0.91831470 0.06834483 0.46511894
v -0.86647093 0.07932590 0.50309300
v -0.81324601 0.08541420 0.53546494
v -0.82574469 0.10464151 0.47534123
v -0.86356914 0.05424125 0.55627978
v -0.33599985 0.36102074 0.36477953
v -0.33096743 0.35258526 0.38726878
v -0.35790777 0.35410303 0.32203439
v -0.74324042 0.18648337 0.29222322
v -0.69685596 0.19492896 0.34790304
v -0.70450163 0.20802812 0.26536742
v -0.73393500 0.17345443 0.37570080
v -0.65413100 0.21601339 0.32257560
v -0.77835250 0.16327809 0.32453069
v 0.02145278 0.57219785 0.26613578
v 0.03007110 0.56463718 0.23166214
v 0.00400837 0.58005017 0.24573156
v 0.01379681 0.57441968 0.21124372
v 0.01505753 0.58748084 0.30082572
v 0.03945309 0.56544822 0.28159004
v 0.04793846 0.55567628 0.24524285
v -0.33744705 0.09653500 -0.20204601
v -0.34413254 0.07136060 -0.20500362
v -0.33110911 0.12141003 -0.19645783
v 0.63991970 0.45677775 -0.37252796
v 0.63904041 0.47249842 -0.34473982
v 0.61397141 0.48677188 -0.35930908
v 0.63453645 0.48584718 -0.31141880
v 0.63696939 0.43751484 -0.39438134
v 0.65898114 0.42447430 -0.37834439
v 0.65787905 0.46119976 -0.28878281
v 0.32832551 -0.35090917 0.12221479
v 0.31238145 -0.38044083 0.13297002
v 0.34480780 -0.36794633 0.12315099
v 0.35896993 -0.33760571 0.10830158
v 0.32365340 -0.29783958 0.10779187
v 0.30834013 -0.33030921 0.12157340
v 0.34293491 -0.31956547 0.10816722
v 0.34211934 -0.40959126 0.13510001
v 0.35798585 -0.38107032 0.12487242
v 0.32932740 -0.39662099 0.13378359
v -0.21595256 -0.02633609 0.48850104
v -0.18253702 -0.08011205 0.44719535
v -0.25950897 0.02104455 0.52048409
v -0.28096443 0.00758154 0.53514111
v 0.13195103 0.54414320 0.00399824
v 0.14259125 0.54134578 -0.00612241
v 0.11311212 0.53689772 -0.02738625
v 0.12335548 0.53235161 -0.03843845
v 0.09405930 0.52679205 -0.05296079
v 0.13249058 0.52714908 -0.05052997
v 0.15227477 0.53806150 -0.01759553
v 0.13834080 0.54867691 0.04863415
v 0.14834455 0.54643357 0.04105763
v 0.12123618 0.54707950 0.01284546
v 0.15888140 0.54478991 0.03160793
v 0.10199867 0.54103827 -0.01734650
v 0.08321735 0.53268433 -0.04200100
v 0.60018921 -0.23924299 -0.17000483
v 0.60378933 -0.24436884 -0.12806202
v 0.59939629 -0.25331455 -0.08479187
v -0.24437955 0.50904685 0.13318376
v -0.23404887 0.51937437 0.11759309
v -0.24931969 0.49941266 0.11531743
v -0.26232409 0.48536634 0.13331729
v -0.25756186 0.48978627 0.09847267
v -0.27173188 0.47419548 0.11600143
v -0.23835593 0.51097399 0.09994873
v -0.24564832 0.50204974 0.08356418
v -0.22387031 0.52692741 0.10390162
v -0.49032694 -0.02643779 0.62663460
v -0.52161181 -0.02729686 0.63936466
v -0.48203379 -0.07137725 0.62361449
v -0.46261930 0.01361006 0.61242169
v -0.50274837 0.01481578 0.62382966
v -0.45000470 -0.02722158 0.61250961
v -0.44217020 -0.07003818 0.60578603
v -0.39730984 -0.06888755 0.58639079
v -0.40615696 -0.02711038 0.59678417
v -0.45205379 0.00903623 -0.13004602
v -0.48811150 0.03467081 -0.11032216
v -0.44607908 0.01966324 -0.13428101
v -0.48049068 0.04880035 -0.11462031
v -0.52837986 0.06469442 -0.08716448
v -0.51149189 0.09553389 -0.09305148
v -0.47284997 0.05949969 -0.11753051
v -0.51997072 0.08245218 -0.09088553
v -0.46637058 0.07022752 -0.11963060
v -0.56953967 0.09783363 -0.05933175
v -0.55133808 0.13334069 -0.06293842
v -0.56033593 0.11879542 -0.06163333
v 0.22994874 0.00374843 -0.24713081
v 0.19155252 0.00100865 -0.27465278
v 0.15424688 0.02785876 -0.27005222
v 0.19308214 0.02572793 -0.25228003
v 0.15028347 0.00022514 -0.29221278
v 0.23213895 -0.01915621 -0.26648515
v 0.19283918 -0.02672420 -0.29393664
v 0.15009938 -0.03098755 -0.31148440
v 0.10792112 -0.02745667 -0.32012981
v 0.10834633 -0.06085684 -0.33518085
v 0.06647221 -0.05198675 -0.33699965
v 0.06619865 -0.08475098 -0.34770957
v 0.47780085 -0.24642999 -0.29241607
v 0.44880819 -0.26647264 -0.31676087
v 0.38688463 -0.25947785 -0.33459646
v 0.41667706 -0.23920675 -0.31094694
v 0.40426254 -0.27390981 -0.33470756
v 0.43258822 -0.25263202 -0.31301796
v 0.44800848 -0.22178949 -0.28278145
v 0.42219526 -0.28868157 -0.33684316
v 0.49512702 -0.26117748 -0.30056277
v 0.52329910 -0.24313892 -0.27200910
v 0.43103802 0.16176629 -0.17988017
v 0.40661162 0.20340690 -0.20069039
v 0.38018447 0.25005883 -0.21064502
v 0.41976839 0.25638688 -0.23341531
v -0.23894610 -0.30234122 -0.01682838
v -0.22531898 -0.30468374 -0.06728598
v -0.23596555 -0.28983128 -0.09412648
v -0.21498241 -0.30363590 -0.11698024
v -0.25805724 -0.27584046 -0.07145040
v -0.24750905 -0.29045463 -0.04493626
v 0.07701221 0.44029820 -0.16101412
v 0.06676626 0.45686096 -0.14655229
v 0.09431764 0.45613956 -0.14660355
v 0.10129647 0.48714560 -0.11370024
v 0.11180697 0.47484303 -0.12720492
v 0.08364999 0.47093791 -0.13200694
v 0.10759465 0.43732989 -0.15951847
v 0.12443188 0.45947957 -0.13940734
v 0.05853631 0.47086990 -0.13129684
v -0.19578432 0.53096795 0.05809087
v -0.18424468 0.53377616 0.04994692
v 0.35574114 0.50646585 -0.00132063
v 0.33480531 0.51538157 0.01030651
v 0.30506414 0.51383239 -0.02507900
v 0.37817192 0.49462670 -0.01638427
v 0.36295080 0.50039482 0.03596769
v 0.31552517 0.52013820 0.01925081
v 0.34489471 0.50877732 0.04888033
v 0.33024234 0.51246268 0.05884478
v 0.54116321 0.45585668 -0.39881209
v 0.56871539 0.43940681 -0.41222399
v 0.52112961 0.43150866 -0.39094475
v 0.58301294 0.46213681 -0.40396267
v 0.61056936 0.45050025 -0.40360835
v 0.60005695 0.42373061 -0.41315109
v 0.54871315 0.41147691 -0.40613887
v 0.55803829 0.47317225 -0.39438525
v 0.61306649 0.47004062 -0.38473535
v 0.58765888 0.47867292 -0.38789660
v -0.68365085 -0.53232980 0.38835657
v -0.65998137 -0.52442729 0.37807176
v -0.65225667 -0.49767584 0.43106958
v -0.67856443 -0.50127578 0.44430453
v -0.60183477 -0.44991374 0.46919310
v -0.62610734 -0.45335716 0.47312596
v -0.62834913 -0.49299186 0.42361549
v -0.63347441 -0.51221156 0.37167904
v -0.66731209 -0.52643281 0.32342446
v -0.69607621 -0.54114377 0.33270800
v 0.05520432 0.53030151 -0.05102484
v 0.00971524 0.52041948 -0.07793619
v 0.11031058 0.00305704 -0.30202404
v 0.07494470 0.00801588 -0.30658734
v 0.11666831 0.03155243 -0.28084427
v 0.09305462 0.06061945 -0.26955810
v 0.12594733 0.05783572 -0.25869060
v 0.08240515 0.03465019 -0.28874949
v 0.16166985 0.05280045 -0.24611607
v -0.04880022 0.49773872 -0.09469208
v -0.04692481 0.48639941 -0.10652018
v -0.06886715 0.47414345 -0.11043979
v -0.06914830 0.48561162 -0.09908397
v -0.05158592 0.50801951 -0.08230603
v 0.07218172 0.53807396 -0.03196602
v 0.06097689 0.54297233 -0.02260142
v 0.09101196 0.54523981 -0.00837122
v 0.11024152 0.55037290 0.02045402
v 0.09891407 0.55412364 0.02726075
v 0.07957461 0.54936683 -0.00007320
v 0.08682145 0.55852449 0.03363102
v 0.06781209 0.55376905 0.00832734
v 0.46474898 -0.17990059 -0.06666702
v 0.46613777 -0.16885342 -0.10624014
v 0.43744677 -0.16082589 -0.06331156
v 0.49154711 -0.18470867 -0.11203577
v 0.45777494 -0.16219519 -0.14897741
v 0.48346412 -0.17843245 -0.15462230
v 0.43758476 -0.15002564 -0.10240614
v 0.42927337 -0.14285403 -0.14488408
v 0.40867472 -0.12868080 -0.09984928
v 0.40943831 -0.13938086 -0.06130653
v -0.07091845 -0.21411641 -0.32501233
v -0.10524952 -0.20581274 -0.31183848
v 0.29564476 -0.61985123 0.05585395
v 0.28307796 -0.59257638 0.06998855
v 0.27914339 -0.63921034 0.01682252
v -0.56849706 -0.34115398 0.55433190
v -0.54930353 -0.33299667 0.55756772
v -0.56073815 -0.28153425 0.59096938
v -0.58691227 -0.29303426 0.59058946
v -0.58206123 -0.39851642 0.51321316
v -0.56127250 -0.39168954 0.51583356
v -0.54237080 -0.27098179 0.59364694
v -0.55838758 -0.22247420 0.62137759
v -0.52575499 -0.25920284 0.59434652
v -0.53068209 -0.32179153 0.56006646
v -0.52478093 -0.19646777 0.62058580
v -0.54041535 -0.20868437 0.62205285
v -0.06164484 0.58726567 0.10757213
v -0.07756440 0.59011078 0.12904409
v -0.03520890 0.58630711 0.10794459
v -0.04553666 0.58042246 0.08656731
v -0.00516659 0.58387578 0.10618293
v -0.03037142 0.29676396 -0.21843645
v 0.00194403 0.31050587 -0.21728811
v -0.02573680 0.26393989 -0.22778985
v 0.00908557 0.27795094 -0.22502545
v -0.02148218 0.22961062 -0.23757544
v 0.04586555 0.29287910 -0.21943870
v 0.03466617 0.32494813 -0.21344262
v -0.03442123 0.32710665 -0.20962676
v -0.00439297 0.34046584 -0.20890662
v -0.05949772 0.25228828 -0.22751626
v 0.26271999 0.03367285 0.19052298
v 0.27285975 0.01661880 0.16117015
v 0.28947163 0.04087660 0.16590649
v 0.24903958 0.05287556 0.21753554
v 0.27796960 0.06142756 0.19663051
v 0.22005098 0.03981068 0.23405102
v 0.23446952 0.02232621 0.21018888
v 0.24613582 0.00624759 0.18418962
v -0.13184179 -0.01374248 -0.30689558
v -0.17475437 -0.00745562 -0.29181528
v -0.12798491 0.00338617 -0.30639437
v -0.21960166 -0.00401378 -0.27520713
v -0.26228383 -0.00375689 -0.25724286
v -0.26031625 -0.01921713 -0.25645554
v -0.24236782 0.33332998 0.71151781
v -0.26070258 0.29459941 0.64183944
v -0.21971230 0.30411267 0.71736205
v -0.27388522 0.31689286 0.64137161
v -0.29092002 0.29646349 0.55735373
v -0.29576439 0.31258434 0.56226069
v -0.28730863 0.34047729 0.62338811
v 0.01679876 0.47897679 -0.12350388
v 0.02057368 0.46477240 -0.13731550
v 0.00226722 0.45527846 -0.14556241
v -0.00041004 0.46991509 -0.13162351
v -0.02079471 0.45937139 -0.13849634
v 0.26966274 0.49841952 -0.06391156
v 0.28224313 0.51663905 -0.01846684
v 0.24352731 0.50254458 -0.05967205
v 0.29665500 0.52128935 0.02719255
v 0.28229105 0.51999009 0.04472400
v 0.26115084 0.51932871 -0.01182162
v -0.09670487 0.39437193 -0.17004885
v -0.06985262 0.40509671 -0.17081438
v -0.09563087 0.37655491 -0.18054658
v -0.07050788 0.42090952 -0.15869300
v -0.04383601 0.43295097 -0.15661232
v -0.12069511 0.36819649 -0.17725238
v -0.11957529 0.34782386 -0.18642451
v -0.06747165 0.36640626 -0.19155990
v -0.09433008 0.35606211 -0.18991502
v -0.06891357 0.38707656 -0.18168063
v -0.04177793 0.39878976 -0.18087806
v -0.04293585 0.41690874 -0.16928175
v 0.33014506 0.04392647 0.09901181
v 0.31268752 0.04383496 0.13524076
v 0.34576672 0.06177443 0.10639426
v 0.34144962 0.04411396 0.06073247
v 0.35938680 0.06057600 0.07744662
v 0.32669181 0.02947265 0.05689775
v 0.31520891 0.02709725 0.09794828
v -0.36296207 -0.20573805 -0.05591660
v -0.33324635 -0.21252270 -0.07872060
v -0.35001689 -0.22984217 -0.03138232
v -0.40652275 -0.17386472 -0.05720374
v -0.37441772 -0.17765793 -0.08088730
v -0.39416289 -0.20387906 -0.03324863
v -0.34436226 -0.18599519 -0.10433987
v -0.29410723 -0.24522875 -0.07542031
v -0.32094395 -0.23522361 -0.05317958
v -0.30604994 -0.22348617 -0.10174640
v -0.41683501 -0.14082256 -0.08076058
v -0.38390553 -0.14659013 -0.10490954
v -0.12466460 -0.13402635 -0.31356221
v -0.11659131 -0.10140856 -0.31782666
v -0.10889624 -0.07097588 -0.31973156
v 0.24115975 0.29470211 0.52879202
v 0.25403798 0.33695191 0.55800843
v 0.23356898 0.25318164 0.57640404
v 0.24094297 0.37392539 0.49845526
v 0.24735139 0.34582871 0.64326048
v 0.24723886 0.29556489 0.61171883
v 0.25633281 0.38610500 0.58493412
v 0.24328373 0.41859853 0.51949757
v 0.33185166 0.04383937 -0.02738189
v 0.31406206 0.05352124 -0.07832581
v 0.34338236 0.05186901 -0.03079494
v 0.31809372 0.03934900 -0.05323356
v 0.31784904 0.02828130 -0.03880128
v 0.34841329 0.04671617 0.02788386
v 0.35653746 0.05079396 0.01042088
v 0.36098313 0.05776431 -0.03101011
v 0.37303543 0.05731064 0.00562698
v 0.34630710 0.06679700 -0.06692535
v 0.32809544 0.06005086 -0.07063788
v 0.30744833 0.07531858 -0.10518831
v 0.29226887 0.06706320 -0.11511378
v 0.65634972 0.32992476 -0.14072147
v 0.66588241 0.31404388 -0.18881151
v 0.66204751 0.36416012 -0.16644929
v 0.66775197 0.39867806 -0.19423546
v 0.65064573 0.41346747 -0.15866131
v 0.65007269 0.29857337 -0.12048514
v 0.66455483 0.30316043 -0.24096036
v 0.16191845 0.53400910 -0.02889297
v 0.17210923 0.52875042 -0.03970087
v 0.19031805 0.53721541 0.00113488
v 0.17934555 0.54067373 0.01072031
v 0.10345852 0.52021646 -0.06494437
v 0.12072408 0.50442636 -0.09092498
v 0.11194563 0.51282597 -0.07773215
v 0.14150091 0.52106446 -0.06279106
v 0.42252403 0.43610835 -0.17383239
v 0.42842549 0.41130149 -0.21468177
v 0.40461713 0.44377911 -0.15668446
v 0.43840790 0.38184983 -0.25146753
v 0.41167086 0.41642666 -0.19676962
v 0.39844471 0.38729030 -0.21192244
v 0.38892746 0.42160904 -0.17921427
v 0.42200029 0.38435251 -0.23178017
v 0.45390964 0.34742653 -0.27955720
v -0.51159501 0.30920756 0.16269556
v -0.54447591 0.29603601 0.12399869
v -0.58454823 0.27393341 0.09777416
v -0.55944252 0.29064316 0.13951200
v -0.57606316 0.27780601 0.09190363
v -0.53634602 0.29801667 0.11603539
v -0.52137953 0.30536824 0.17990451
v -0.55226517 0.29330909 0.13212290
v 0.29600716 -0.52464861 0.11710332
v 0.29471755 -0.50817901 0.12385146
v 0.31262797 -0.47094256 0.13768034
v 0.29076743 -0.49236351 0.12815027
v 0.29754078 -0.54329783 0.10884416
v 0.31900477 -0.51343888 0.12759483
v 0.27493453 -0.54793835 0.09451379
v 0.27254587 -0.52926689 0.10441457
v 0.16710222 -0.48329967 0.08147439
v 0.19474973 -0.47090518 0.10424103
v 0.14428739 -0.46468586 0.08716494
v 0.14816377 -0.43472457 0.11236800
v 0.17175770 -0.45253879 0.10792317
v 0.22236092 -0.45828426 0.12124375
v -0.25373149 0.40600127 -0.09361452
v -0.23541492 0.40795219 -0.10105470
v -0.26371568 0.38966823 -0.10173392
v -0.28351355 0.38652092 -0.09133534
v -0.23374309 0.37374079 -0.12641463
v -0.25444120 0.37225968 -0.11824968
v -0.22565676 0.39272064 -0.11699533
v -0.24393763 0.39149076 -0.10991530
v -0.27600431 0.37059742 -0.10862955
v -0.21900377 0.40881824 -0.10751441
v 0.01870772 -0.20366067 0.22023098
v 0.03427509 -0.21755047 0.20605692
v 0.03780160 -0.17331582 0.23574045
v -0.02139961 -0.21884216 0.22259782
v -0.00104753 -0.23238038 0.20305203
v 0.00116767 -0.18933377 0.24012284
v 0.01738355 -0.24584238 0.18947676
v -0.00101181 -0.27238590 0.17246275
v 0.02272987 -0.15833385 0.25594157
v -0.01939175 -0.17389850 0.26625291
v -0.76565582 0.15042865 0.40727299
v 0.24426626 0.25551432 0.26943552
v 0.22239952 0.28028518 0.28420860
v 0.21090288 0.23414400 0.29489702
v 0.18155248 0.26960605 0.32948789
v 0.19285506 0.25324750 0.31246385
v 0.20536785 0.30128986 0.29767790
v 0.25532597 0.30397248 0.25581673
v 0.23385127 0.21099278 0.27618515
v 0.18124978 0.20879121 0.31891689
v -0.85857743 0.04291636 0.12175174
v -0.86776590 -0.01134628 0.09529909
v -0.90471703 0.03030157 0.15727486
v -0.81976283 -0.00398659 0.06908678
v -0.80402660 0.10930170 0.12294014
v -0.81662631 0.05572033 0.09155267
v -0.84184897 0.09219801 0.15455921
v -0.88252038 0.07494889 0.19330415
v -0.95116669 0.01628035 0.19379850
v -0.92427462 0.05800784 0.23459460
v -0.97111392 -0.03177642 0.15513964
v -0.91953903 -0.02076937 0.12602155
v -0.86917609 -0.07030449 0.07679915
v -0.24015078 0.52729970 0.17013623
v -0.23836482 0.53516078 0.18395494
v -0.23121199 0.53565514 0.15678488
v -0.23171161 0.54913700 0.20343259
v -0.21946627 0.56063563 0.19440420
v -0.23100920 0.54373372 0.17900079
v -0.24252515 0.53398550 0.20091282
v -0.24911587 0.51906210 0.18802696
v -0.24616250 0.25975195 0.59709412
v -0.25046676 0.27524203 0.62573266
v -0.13817902 0.29256606 0.76517177
v -0.06932303 0.32330960 0.79960066
v 0.46424091 0.45865959 -0.10819887
v 0.45305622 0.45855093 -0.05594496
v 0.48107666 0.46358216 -0.13549946
v 0.47021645 0.45633763 -0.15992835
v 0.43974513 0.45705503 -0.11390002
v 0.44517994 0.46088743 -0.08188990
v 0.45594013 0.45384568 -0.13641132
v 0.42436135 0.46875679 -0.05759134
v 0.43094683 0.46455324 -0.02851902
v 0.42108619 0.46522033 -0.09287675
v 0.44937658 0.44395751 -0.17082861
v 0.46072656 0.44618839 -0.19092414
v 0.37919724 0.08533993 0.09942067
v 0.37134254 0.06227932 0.05736990
v 0.39435327 0.08905508 0.08345370
v 0.38564515 0.06742942 0.04521823
v 0.40303922 0.07538229 0.03579342
v 0.40973270 0.09719218 0.07106172
v 0.37931854 0.11875915 0.13556296
v 0.39639848 0.12221892 0.11778724
v 0.41124594 0.13090006 0.10389866
v 0.12372224 0.54869175 0.13902523
v 0.11843577 0.55697912 0.09898066
v 0.08940667 0.55147886 0.17796756
v 0.11915958 0.53794867 0.18182421
v 0.10560711 0.54478759 0.18022762
v 0.10464026 0.55999893 0.06368159
v -0.63032836 -0.26037633 0.62655151
v -0.62607384 -0.30649084 0.59542024
v -0.58635020 -0.23944287 0.62205249
v -0.59335542 -0.34843779 0.55434179
v -0.62871546 -0.35568184 0.56008410
v -0.67568499 -0.36717647 0.57132995
v -0.07800306 0.57418197 0.06933070
v -0.09256592 0.58074003 0.08458605
v -0.07020587 0.58112365 0.08655800
v -0.08532996 0.58654815 0.10492270
v -0.05503836 0.57289243 0.06866020
v 0.26537961 0.08390512 -0.14430977
v 0.23376755 0.10372169 -0.16801907
v 0.28136510 0.09791338 -0.13454479
v 0.25114959 0.12240276 -0.15864824
v 0.21834715 0.14650521 -0.17751761
v 0.20064487 0.12179271 -0.18759371
v 0.20765631 -0.23322125 0.14995737
v 0.20204867 -0.17692749 0.15408465
v 0.25374788 -0.22317643 0.12411134
v 0.27159691 -0.19020766 0.10675846
v 0.22795637 -0.19900523 0.13743564
v 0.22376515 -0.14572187 0.13889748
v 0.17771973 -0.15699652 0.17348287
v 0.20112859 -0.12686957 0.16048202
v 0.49636513 0.47502130 -0.16316733
v 0.52646708 0.49065477 -0.14250094
v 0.51121128 0.48462892 -0.15013778
v 0.48324621 0.46448898 -0.18341812
v -0.13231727 -0.32233447 -0.23071656
v -0.15879729 -0.31420243 -0.21122390
v -0.13798076 -0.29272449 -0.25287670
v -0.16574740 -0.28650898 -0.23349586
v -0.19124162 -0.28039157 -0.21276286
v -0.16975822 -0.25739646 -0.25237367
v -0.10815981 -0.30004776 -0.27005443
v -0.12436344 -0.34978288 -0.20273617
v -0.14954951 -0.33932996 -0.18415821
v -0.14098781 -0.26234853 -0.27085018
v -0.10983159 -0.26846355 -0.28740710
v -0.36283499 -0.34381503 0.38234073
v -0.41925967 -0.35090190 0.45149475
v -0.39753926 -0.36419475 0.39344236
v -0.41813499 -0.38732022 0.33975795
v -0.38540143 -0.36680585 0.33079901
v 0.37079245 -0.25907254 0.07118994
v 0.38618428 -0.23280810 0.05036046
v 0.35183191 -0.23570015 0.07167749
v 0.40500176 -0.25305521 0.04928083
v 0.35653025 -0.28839236 0.09053120
v 0.33776706 -0.26565200 0.09068489
v 0.33141357 -0.21051522 0.07328288
v 0.31722736 -0.24068843 0.09264010
v 0.36603391 -0.20932151 0.05085984
v 0.38023049 -0.18693431 0.02805558
v 0.34506404 -0.18439424 0.05215167
v 0.40203279 -0.21017267 0.02727603
v -0.63874537 -0.40657192 0.52212882
v -0.68024272 -0.41298962 0.53589702
v -0.65539092 -0.45645475 0.48335192
v -0.69295490 -0.46138656 0.49962503
v -0.60661370 -0.40273535 0.51452500
v 0.19771419 0.35567719 0.71950728
v 0.12664774 0.46900898 0.74688017
v 0.06987745 0.41731280 0.78771734
v 0.16759889 0.41251189 0.74006128
v 0.16726895 0.51347548 0.68878788
v 0.12336645 0.56495535 0.67980903
v 0.07964219 0.52276617 0.73711371
v -0.07955065 0.67692006 0.39290622
v -0.10770212 0.67933768 0.43968087
v -0.06638884 0.68802071 0.42863628
v -0.11674925 0.67017251 0.39862654
v -0.15911560 0.64641160 0.39731008
v 0.09767607 -0.12037630 -0.35404661
v 0.06597077 -0.11614645 -0.35497743
v 0.02797877 -0.04524031 -0.33629623
v 0.02663748 -0.07445456 -0.34522802
v -0.01022236 -0.06709588 -0.34111437
v -0.30192226 0.33061105 0.55232561
v -0.30802536 0.34899819 0.52843243
v -0.31560278 0.34384072 0.46453485
v -0.31925553 0.35698330 0.43974933
v -0.30793720 0.38456041 0.54540366
v -0.29937637 0.36338311 0.59074801
v -0.26382869 0.36321151 0.68552035
v -0.14075184 -0.23118214 -0.28529775
v -0.17039579 -0.22676136 -0.26843452
v -0.13729578 -0.19952334 -0.29728124
v -0.16183034 -0.16098486 -0.29289997
v -0.13150823 -0.16703746 -0.30674323
v -0.16740057 -0.19459464 -0.28194445
v -0.19609827 -0.18923914 -0.26617417
v -0.19794321 -0.22208364 -0.25099659
v -0.10886637 -0.23711200 -0.30104789
v -0.12609455 0.54370207 0.02656461
v -0.13258973 0.55353516 0.04481401
v -0.14029369 0.56184852 0.06411599
v -0.14621341 0.55337000 0.05356338
v -0.15256172 0.54486257 0.04422476
v -0.15460542 0.56063306 0.07496914
v -0.15985708 0.55205661 0.06279988
v -0.16556817 0.54346359 0.05248266
v -0.07490940 -0.24539699 -0.31512070
v -0.04339701 -0.28824264 -0.31423354
v -0.07692823 -0.27705401 -0.30196247
v -0.03992049 -0.25644618 -0.32770148
v 0.00205160 -0.23776178 -0.34710553
v 0.58344150 0.21713090 -0.03586256
v 0.56156921 0.24261405 0.00541293
v 0.55959404 0.19419844 -0.02859546
v 0.51668394 0.19682503 0.02030693
v 0.53196466 0.17096639 -0.01964532
v 0.54035926 0.22028565 0.01221529
v 0.51546055 0.25257623 0.04791499
v 0.59769428 0.19741371 -0.08205439
v 0.60231298 0.24002151 -0.04212661
v 0.57897180 0.26444006 -0.00144726
v 0.57125723 0.17566913 -0.07382891
v 0.38300735 0.06462880 -0.03418814
v 0.39371067 0.06495485 0.00060330
v 0.41777939 0.07593220 -0.00761135
v -0.29743934 -0.01982506 -0.23793450
v -0.32904834 -0.01073068 -0.22074884
v -0.29914680 -0.00596557 -0.23836932
v 0.52923602 0.50237530 -0.18886617
v 0.51172465 0.48999035 -0.19060324
v 0.51959085 0.50128186 -0.22686893
v 0.50360882 0.48554003 -0.22565466
v 0.49568027 0.47602135 -0.20477733
v 0.53677160 0.50615674 -0.23306262
v -0.03399806 0.68130070 0.41285780
v -0.05040523 0.67044377 0.38220605
v -0.12267188 0.40122730 -0.15537660
v -0.09740478 0.40992057 -0.15831725
v -0.12181115 0.38594568 -0.16700967
v -0.14417198 0.38023978 -0.16186991
v -0.09752333 0.42375159 -0.14576907
v 0.05013871 -0.50681359 -0.14247316
v 0.07017738 -0.50708252 -0.19665155
v 0.09140730 -0.52150512 -0.20470411
v 0.03180185 -0.49437797 -0.13348153
v -0.18040755 0.60492122 0.28181222
v -0.15621446 0.61609650 0.27873152
v -0.18801497 0.59593010 0.25998476
v -0.19521944 0.58756894 0.23639677
v -0.16699967 0.60486788 0.25232509
v -0.14794312 0.60668743 0.23847972
v -0.19215044 0.28632349 -0.18447948
v -0.16787040 0.28955674 -0.19193842
v -0.19799010 0.26038909 -0.19289622
v -0.16522303 0.31490850 -0.18413937
v -0.14650114 0.26559347 -0.20701197
v -0.17212394 0.26278952 -0.20062992
v -0.14376566 0.29348210 -0.19879639
v -0.11897369 0.29831868 -0.20276839
v -0.14263770 0.31899339 -0.19017968
v -0.73583299 0.13957164 0.08211334
v -0.74849993 0.07928406 0.05304296
v -0.76902598 0.12494284 0.09981507
v -0.77919602 0.00325934 0.04863741
v -0.74586880 0.01034978 0.03435001
v -0.78018463 0.06777069 0.06912600
v -0.74498826 0.17126784 0.13961029
v -0.78084069 0.15351146 0.16326204
v 0.16894396 0.54302061 0.02104602
v 0.18362123 0.52192026 -0.04847274
v 0.20231582 0.53230339 -0.00654573
v 0.21723233 0.53369766 0.03927356
v 0.41219801 0.34843892 -0.23644474
v 0.43683928 0.34764206 -0.25850090
v 0.43054324 0.30579978 -0.25260776
v -0.56583637 0.28248444 0.08559503
v -0.45596683 -0.37018949 0.17254269
v -0.48431534 -0.38558370 0.17949748
v -0.47642452 -0.35646254 0.13456824
v -0.46306014 -0.39585531 0.22760925
v -0.49725682 -0.41482425 0.23464161
v -0.43353212 -0.37807000 0.22016180
v 0.51787579 0.32310426 0.05667379
v 0.50284660 0.30710161 0.06835791
v 0.53400815 0.27282846 0.04050442
v 0.56278139 0.31260210 0.01973385
v 0.53116065 0.33956712 0.04114977
v 0.55008262 0.29209754 0.03205929
v 0.48677725 0.29008913 0.07742549
v -0.22900550 0.42174071 -0.09244466
v -0.27275616 0.40306896 -0.08443375
v -0.73250693 -0.38410938 0.58646786
v -0.72957325 -0.42389297 0.55440700
v -0.77744436 -0.40136379 0.59596032
v -0.78277117 -0.43707389 0.57391620
v -0.73860472 -0.46994162 0.52111691
v -0.67940933 -0.32625192 0.60472476
v -0.57924139 -0.44312942 0.46957991
v -0.70396543 -0.52412397 0.27647421
v 0.13012964 0.53165686 0.18275045
v 0.13898346 0.52648193 0.18207103
v 0.13542657 0.54284877 0.13839057
v 0.14455472 0.53804767 0.13691790
v 0.14693670 0.52244645 0.17962728
v 0.13019539 0.55160815 0.09673041
v -0.01617702 0.54850990 0.00230582
v -0.03206566 0.55218893 0.02048812
v -0.00493674 0.55460298 0.01458568
v -0.02526569 0.54416525 -0.00842210
v -0.04064678 0.54706830 0.00999909
v -0.04793759 0.54358298 0.00074152
v -0.06287277 0.54807413 0.01761852
v -0.04814640 0.55779654 0.03795359
v -0.05597979 0.55218422 0.02708884
v -0.00195154 0.54519284 -0.01512220
v 0.01009471 0.55060333 -0.00235817
v -0.30046606 -0.28937519 0.08047745
v -0.27752525 -0.29164290 0.05940550
v -0.28906107 -0.29469436 0.12078170
v -0.30850077 -0.29785240 0.14202519
v -0.32332295 -0.29223955 0.09989727
v -0.31179529 -0.27929062 0.04651143
v -0.25931895 -0.29624426 0.13978492
v -0.27662387 -0.29486889 0.16520566
v -0.26885980 -0.29622096 0.09779237
v 0.52040917 0.49725789 -0.33708844
v 0.52074552 0.47427773 -0.37210304
v 0.53739554 0.48494536 -0.37358820
v -0.37287283 0.36975288 0.11973889
v -0.38984269 0.35698766 0.10091739
v -0.39436162 0.35340160 0.13661498
v -0.41288310 0.34117198 0.11543389
v -0.41368896 0.34243309 0.15299886
v -0.39048427 0.35732812 0.17564490
v -0.37368464 0.36803824 0.15706404
v -0.35289401 0.38454592 0.17667031
v -0.43356842 0.33000040 0.12900603
v -0.45028418 0.32359481 0.14183401
v -0.25187293 0.50764281 0.16927105
v -0.24190922 0.51862234 0.15190886
v -0.25584543 0.49643201 0.15099214
v -0.36200911 0.30156070 0.37932083
v -0.29366320 0.27294683 0.51511765
v -0.33075064 0.28829396 0.44043773
v -0.30298549 0.26651478 0.48696071
v -0.32120872 0.29474607 0.46113297
v -0.34940326 0.30639535 0.39333749
v -0.17840394 0.16395459 0.51286262
v -0.09890601 0.14254726 0.50034827
v -0.02078411 0.13526781 0.49450767
v -0.01869971 0.12742524 0.47132570
v -0.15434039 0.13010916 0.49345234
v -0.08858104 0.13033831 0.48332575
v 0.01716644 0.09249949 -0.27898836
v 0.05184383 0.10347080 -0.26397958
v 0.01129249 0.07080390 -0.28939891
v 0.02147152 0.11720385 -0.26857707
v 0.05811799 0.12966532 -0.25285465
v -0.01685010 0.10382573 -0.28219414
v 0.02341580 0.14507255 -0.25848368
v -0.01981531 0.08047881 -0.29259595
v -0.22440171 0.10175690 -0.25773445
v -0.24404557 0.13082117 -0.23950565
v -0.25317621 0.10891408 -0.24020776
v 0.40037119 -0.12124448 -0.14193051
v 0.38087618 -0.10690947 -0.09746091
v 0.37269324 -0.09956998 -0.13916370
v 0.35646737 -0.08591712 -0.09371014
v 0.38198131 -0.11761299 -0.05952193
v -0.43780839 -0.11596920 0.59532315
v -0.39285803 -0.11211002 0.57324296
v -0.47483933 -0.17487454 0.60047531
v -0.43636221 -0.16572013 0.58128297
v -0.47705722 -0.12084067 0.61516416
v -0.50699085 -0.12746234 0.62963551
v -0.51256531 -0.07463292 0.63805789
v 0.22921677 0.44264930 0.21119314
v -0.01564652 0.13107096 -0.27082741
v -0.05616728 0.15116516 -0.26472539
v -0.06209745 0.07167067 -0.29903072
v -0.10384761 -0.33087218 -0.24705911
v -0.07681423 -0.30890429 -0.28462535
v -0.09761508 -0.36032796 -0.21822912
v -0.52681428 0.30364603 0.18590879
v -0.47954714 0.31608605 0.22419727
v -0.48618948 0.31385857 0.22786042
v -0.43838429 0.32161093 0.26477608
v -0.50394392 0.09043790 0.58289933
v -0.46372229 0.09702039 0.57192045
v -0.45199651 0.14721084 0.52232283
v 0.30286789 -0.05219795 -0.21478164
v 0.32012564 -0.05290156 -0.17154822
v 0.31742942 -0.07476355 -0.22097838
v 0.34941560 -0.07802602 -0.13511859
v 0.33613151 -0.07404916 -0.17834726
v 0.33140612 -0.05816226 -0.12802367
v 0.30988485 -0.03377172 -0.16048303
v 0.31981266 -0.03980459 -0.11652172
v 0.29343474 -0.03170074 -0.20440033
v 0.27932626 -0.05709101 -0.25532413
v 0.29357946 -0.08115374 -0.26069728
v 0.09530202 -0.18653524 0.20957507
v 0.08062354 -0.17122333 0.22117658
v 0.07893474 -0.21784438 0.20082542
v 0.06412033 -0.20206039 0.20997965
v 0.05091685 -0.18763727 0.22110702
v 0.04930546 -0.23162310 0.19585365
v 0.06483087 -0.24726550 0.18811625
v 0.11364710 -0.20335136 0.19735698
v 0.09670302 -0.23491924 0.19135334
v 0.24764957 -0.36680013 0.13867913
v 0.26776141 -0.33899510 0.13351426
v 0.22128494 -0.34452671 0.14263017
v 0.24194445 -0.31543362 0.13808197
v 0.19917239 -0.36862826 0.14259997
v 0.26112878 -0.28265339 0.12878688
v -0.23452710 0.15520841 -0.23495191
v -0.26916760 0.13644782 -0.22006637
v -0.15942475 0.53619617 0.03386441
v -0.14662281 0.53587973 0.02536613
v -0.16710296 0.52679533 0.02123070
v -0.17208499 0.53548074 0.04192368
v -0.13938062 0.54504651 0.03572059
v -0.17827961 0.54170579 0.06114040
v -0.14256389 0.34211546 -0.18178612
v -0.14321646 0.36253107 -0.17244476
v -0.16386361 0.33828425 -0.17592372
v -0.79203135 -0.36645299 0.10943986
v -0.81655711 -0.31226206 0.08576388
v -0.73012567 -0.35121667 0.10203990
v -0.70621729 -0.39528167 0.13220856
v -0.81738132 -0.43693572 0.14905937
v -0.85017896 -0.38566941 0.11664124
v -0.76411265 -0.41481286 0.14056902
v -0.77229279 -0.24757619 0.06144296
v -0.75216508 -0.30168259 0.07841925
v -0.83695447 -0.25391626 0.07065579
v -0.69169003 -0.29570639 0.07232995
v -0.67068267 -0.34026575 0.09583240
v 0.54227191 -0.30538023 0.03868351
v 0.56681478 -0.28404903 -0.00053825
v 0.51304531 -0.29171324 0.03978618
v 0.51424176 -0.26522559 0.00659588
v 0.48953706 -0.28622246 0.03966590
v 0.53818005 -0.27060300 0.00390078
v 0.48555940 -0.31702775 0.07245209
v 0.46383131 -0.31105030 0.06987652
v 0.58640027 -0.26664150 -0.04198265
v -0.54263806 -0.14910108 0.64228749
v -0.52717954 -0.13671631 0.63863802
v -0.54916430 -0.09398599 0.65349591
v -0.53328609 -0.08165382 0.64778477
v -0.54303527 -0.03245961 0.64920741
v -0.56011027 -0.04461230 0.65590930
v -0.56148946 -0.16578524 0.64362496
v -0.56944990 -0.11328572 0.65721768
v 0.31010389 -0.18512762 0.07784051
v 0.29492414 -0.21514542 0.09748009
v 0.10092565 -0.08236621 0.25878650
v 0.08980821 -0.06704275 0.27766597
v 0.07839639 -0.11171584 0.25687814
v 0.07399435 -0.04955883 0.30087018
v 0.06661952 -0.09610432 0.27607349
v 0.05740637 -0.14244406 0.24873528
v 0.02685992 -0.10944775 0.29415348
v 0.04437820 -0.12696908 0.26880166
v 0.05022615 -0.07838698 0.30016971
v 0.00389119 -0.14173198 0.28202054
v -1.13890374 -0.34788525 0.03337682
v -1.10310078 -0.42284065 0.03961439
v -1.13051569 -0.23835312 0.06434371
v -1.10966718 -0.31348729 0.04179161
v -1.16337037 -0.27240819 0.05070987
v -0.36964971 0.07712199 -0.19071159
v -0.37465763 0.05151593 -0.19100451
v -0.35090870 0.04722123 -0.20474994
v -0.37963390 0.02861687 -0.18801197
v -0.40309119 0.04205662 -0.16956525
v -0.39764023 0.09038205 -0.17168798
v -0.40005463 0.06475150 -0.17212164
v -0.35756129 0.02540581 -0.20182693
v -0.27109668 -0.27806002 -0.02292017
v -0.26961085 -0.25791490 -0.09762871
v -0.24724497 -0.27160168 -0.12019321
v -0.28210318 -0.26324677 -0.04930658
v -0.30834776 -0.25403571 -0.02777513
v -0.29666466 -0.26952285 -0.00185609
v -0.26206553 -0.29028881 0.00527959
v -0.28655478 -0.28245407 0.02630034
v -0.13372125 0.53472292 0.01625377
v -0.14165610 0.52450562 0.00357309
v -0.15444872 0.52563494 0.01266139
v -0.17493832 0.51552033 0.00590548
v -0.14932790 0.51365471 -0.01195582
v -0.16222897 0.51489317 -0.00313343
v -0.12036724 0.53257757 0.00634464
v -0.12836091 0.52307016 -0.00568866
v 0.12733895 0.51813579 0.22766930
v 0.13556358 0.51305521 0.22579923
v 0.14395858 0.50855035 0.22168946
v 0.27467585 -0.03461741 0.09774432
v 0.26561826 -0.02134961 0.12735879
v 0.25399661 -0.04751115 0.12423763
v 0.29790461 -0.03797261 0.03866149
v 0.29135686 -0.02474502 0.06731173
v 0.28455758 -0.04857828 0.06956528
v 0.28597385 -0.01176134 0.09839132
v 0.30221611 -0.00397684 0.06474204
v 0.28213376 -0.07776673 0.07309353
v 0.26715791 -0.06194808 0.09682438
v 0.40663218 0.17448765 0.13212813
v 0.35607362 0.20446952 0.18854983
v 0.37133199 0.15973854 0.16512778
v 0.37888825 0.21255957 0.17002226
v 0.39548558 0.22447674 0.15436980
v 0.39103681 0.16481693 0.14684494
v 0.20103718 -0.40759128 0.13489421
v 0.22537948 -0.38957751 0.13907428
v 0.17573351 -0.38775277 0.13821633
v 0.25035882 -0.40926701 0.13790125
v 0.27223253 -0.38752377 0.13747413
v 0.29392052 -0.40584832 0.13766150
v 0.22598843 -0.42614084 0.13276072
v 0.27275479 -0.42695248 0.13760151
v -0.55337816 0.29600525 0.21162467
v -0.59235829 0.27881631 0.17158154
v -0.56249607 0.28369766 0.22868405
v -0.07742712 0.55429894 0.03197853
v -0.05470140 0.54064649 -0.00779122
v -0.06954207 0.54460824 0.00894159
v -0.53576291 0.15776491 -0.06319785
v -0.49751735 0.12036947 -0.09469998
v -0.54328907 0.14546613 -0.06328392
v -0.50391120 0.10719962 -0.09428045
v -0.46114725 0.08295202 -0.12138692
v -0.49236155 0.13562888 -0.09432624
v -0.45719743 0.09963933 -0.12226154
v 0.25405484 -0.65773314 -0.06365770
v 0.31326360 -0.33262151 -0.38000414
v 0.26877648 -0.34398919 -0.38884065
v 0.29319406 -0.35963887 -0.38549790
v 0.33518869 -0.30657434 -0.36923966
v 0.27429086 -0.38759142 -0.38613203
v 0.24882098 -0.37207729 -0.38891056
v 0.23876770 -0.65552962 -0.13589662
v 0.24539734 -0.65834326 -0.10119635
v 0.12594391 -0.29749060 -0.36979783
v 0.09987785 -0.28181845 -0.36487523
v 0.14539811 -0.26423973 -0.37134191
v 0.15023756 -0.31264150 -0.37558216
v 0.17078514 -0.28113067 -0.37664947
v 0.16697508 -0.23003207 -0.36791989
v 0.19365701 -0.24944161 -0.37226123
v 0.08518109 -0.23136713 -0.36321679
v 0.11723556 -0.24698348 -0.36734518
v 0.07073531 -0.26624173 -0.35996994
v 0.13772857 -0.20977823 -0.36469540
v -0.22132009 0.35375470 -0.14341973
v -0.20126525 0.35515511 -0.15132712
v -0.22896844 0.33059174 -0.15241578
v -0.21153390 0.30847675 -0.16897675
v -0.20593329 0.33273923 -0.16079564
v -0.21810569 0.28324980 -0.17629828
v -0.24662226 0.28088146 -0.16757074
v -0.18457603 0.33520311 -0.16844310
v -0.10628046 0.53003806 -0.00499825
v -0.09857585 0.53816593 0.00492692
v -0.09195910 0.52772260 -0.01802584
v -0.11255482 0.54126167 0.01643114
v -0.09130634 0.54463446 0.01426550
v -0.07644324 0.54077280 0.00044279
v -0.22219382 -0.14659642 -0.26209638
v -0.25214720 -0.13729577 -0.24471176
v -0.28146550 -0.12646361 -0.22633290
v -0.22389658 0.18129811 -0.22442850
v -0.21374941 0.20758271 -0.21220270
v -0.24170877 0.20799653 -0.19774547
v -0.20522572 0.23404004 -0.20213601
v -0.18585949 0.20702255 -0.22436404
v 0.08430010 0.50708997 -0.08592251
v -0.51400280 -0.44040161 0.29625407
v -0.55458033 -0.46257508 0.30231962
v -0.53617859 -0.43519354 0.24179231
v -0.57900888 -0.45723993 0.24901530
v -0.59518784 -0.48594910 0.30847263
v 0.50860137 0.13044654 -0.04873378
v 0.50288951 0.14737815 -0.00850235
v 0.47614658 0.10912997 -0.03362561
v 0.50806344 0.12376707 -0.09051965
v 0.47289133 0.10455614 -0.07261778
v 0.54092234 0.15321493 -0.06273977
v 0.49209106 0.17292200 0.02958396
v 0.57525200 0.16493043 -0.12146376
v 0.54296553 0.14429361 -0.10750605
v -0.08412637 0.54975617 0.02298955
v -0.25544178 0.49160516 0.06805060
v -0.28335458 0.46171421 0.09910804
v -0.26824528 0.47862494 0.08226498
v -0.29738647 0.44850802 0.08320227
v -0.28088987 0.46596974 0.06706177
v -0.23457351 0.51053762 0.07167716
v -0.26776314 0.48008037 0.05346920
v -0.58756584 -0.02203039 -0.03815929
v -0.57635820 -0.08018909 -0.02313666
v -0.61906254 -0.13401861 0.01501464
v -0.59004676 -0.13628864 0.00739939
v -0.47287393 -0.32676417 0.10020241
v -0.45165980 -0.31377780 0.09212047
v -0.45297444 -0.34257418 0.12788369
v -0.43162465 -0.35448807 0.16492540
v -0.70343584 0.12917085 0.51818097
v -0.68693978 0.10167678 0.57139707
v -0.74790019 0.13274926 0.48079032
v -0.72926229 0.10993813 0.54161882
v -0.24401769 0.50084740 0.05687976
v -0.23363298 0.50753766 0.04770069
v -0.25543365 0.48952806 0.04256324
v -0.25547945 0.48382843 0.01883438
v -0.26702085 0.47606349 0.02873597
v -0.24483731 0.49721247 0.03325438
v -0.22436959 0.51668578 0.06192861
v -0.13454565 0.57062793 0.07775174
v -0.11994987 0.56990957 0.06599139
v -0.11378115 0.57733691 0.08124755
v 0.10779086 0.63149732 0.46091327
v 0.07849994 0.60920042 0.65725517
v 0.37841356 -0.45928669 -0.38715139
v 0.36385894 -0.48875827 -0.38442680
v 0.39262760 -0.43046409 -0.38636789
v -0.49252331 0.29933518 0.03897092
v -0.49075043 0.30328995 0.06321081
v -0.47136331 0.30675721 0.03652956
v -0.44885892 0.31603438 0.03241489
v -0.46922874 0.31035894 0.05854756
v -0.44841391 0.31141257 0.01230219
v -0.48263067 0.30764216 0.08845851
v -0.50428230 -0.18505242 0.61398822
v -1.02310228 0.02189395 0.42888814
v -1.06541336 0.00116695 0.36844745
v -1.08803046 -0.01667885 0.42845723
v -1.15492105 -0.06322804 0.28725439
v -1.12689900 -0.03628741 0.36065415
v -1.09983706 -0.02559768 0.30092341
v -1.04066300 -0.00176657 0.48681891
v 0.12770684 0.55152851 0.05456660
v 0.14027023 0.54733998 0.09383617
v 0.07716943 0.07332806 0.36130905
v 0.10552724 0.05597254 0.33165213
v 0.10852541 0.08954608 0.34481746
v 0.16054226 0.09339661 0.30305305
v 0.13760415 0.10832593 0.32839561
v 0.13348199 0.07410967 0.31732541
v 0.11697009 0.12042839 0.35455260
v 0.18796788 0.11323822 0.28887513
v 0.16530405 0.12973747 0.31213915
v 0.14511946 0.14304087 0.33652481
v 0.17927521 0.49437934 -0.09188536
v 0.15964207 0.46927458 -0.12306874
v 0.21953376 0.50869906 -0.05753324
v 0.03362587 0.58479244 0.31838343
v 0.05249262 0.58286440 0.33306679
v 0.00948678 0.61001527 0.33455199
v 0.00172751 0.63668102 0.36525208
v -0.11786671 0.61389631 0.25268215
v 0.30403876 0.23794678 0.22893494
v 0.32751554 0.19865747 0.21018988
v 0.33544320 0.24887775 0.20645495
v 0.29411018 0.19253415 0.23309776
v 0.31189764 0.28994215 0.21945035
v 0.33899993 0.30697012 0.19767170
v 0.34633940 0.15784085 0.18660124
v 0.36076397 0.26116955 0.18665101
v -0.16452353 0.56845486 0.10571058
v -0.14939131 0.56972224 0.09091128
v -0.16901773 0.55887687 0.08716651
v -0.05986423 -0.42219830 -0.15047874
v -0.03890254 -0.43514395 -0.15745327
v -0.02057953 -0.42500943 -0.20917478
v -0.00064918 -0.43737698 -0.21449935
v 0.00244285 -0.41016889 -0.25453719
v 0.30219060 -0.27361947 0.10969631
v 0.28583288 -0.30720156 0.12360348
v 0.29149628 -0.36093253 0.13210526
v 0.12560228 -0.41727269 0.11757834
v 0.15106583 -0.40331876 0.12991612
v 0.10501465 -0.40037119 0.12350431
v 0.17509519 -0.42185432 0.12583929
v 0.19944136 -0.44007033 0.12296006
v 0.05356900 0.36799210 -0.20027182
v 0.02512290 0.35435182 -0.20581821
v 0.04329495 0.39327431 -0.19094409
v -0.00938931 0.36715752 -0.19975245
v 0.01763230 0.38017845 -0.19639969
v 0.01214530 0.40263879 -0.18550710
v 0.03539515 0.41464537 -0.17940694
v 0.06742939 0.40632826 -0.18348031
v 0.53050226 0.46383446 -0.08139771
v 0.54513597 0.45556331 -0.07402165
v 0.55351800 0.48791778 -0.12487030
v 0.54022932 0.49200904 -0.13223781
v 0.56723517 0.48107111 -0.11807202
v 0.58256161 0.47068119 -0.11137432
v 0.56879807 0.50276601 -0.18472548
v 0.58120805 0.49924928 -0.17879425
v 0.52508110 0.43251574 -0.03591428
v 0.54399908 0.41965061 -0.03438034
v -0.00813827 0.52340919 -0.07441996
v -0.08756519 -0.00142629 -0.31688872
v -0.09408639 -0.02066806 -0.31854874
v -0.13628024 -0.03555398 -0.30751947
v -0.08126961 0.01372585 -0.31544161
v -0.17637230 -0.02791148 -0.29203862
v 0.12971130 0.03810431 0.30457973
v 0.04318289 0.05812563 0.37742746
v 0.07600853 0.03805844 0.34543797
v 0.04718691 0.01779724 0.35662735
v 0.10291012 0.01802783 0.31582189
v 0.07672955 -0.00399962 0.32483390
v 0.04676989 0.08945134 0.39175549
v 0.08398630 0.10262555 0.37352175
v 0.13549943 -0.22264193 0.18391418
v 0.15561974 -0.18956663 0.18148389
v 0.11756212 -0.25420827 0.18085809
v 0.09327538 0.53774762 0.22254656
v 0.07693453 0.54553545 0.21703845
v 0.08207902 0.54024065 0.26357195
v 0.09657161 0.53295219 0.26854929
v 0.10740478 0.53055000 0.22555241
v 0.05739198 0.55995774 0.29447317
v 0.07468750 0.55423075 0.30424508
v 0.06536945 0.54774022 0.25583714
v 0.09048651 0.54795104 0.31129855
v -0.60520148 0.13298427 -0.02582383
v -0.69451237 0.00363151 0.64868838
v -0.64855957 0.03966228 0.63384122
v -0.72717679 0.02772708 0.63138705
v -0.66629517 -0.02578586 0.66136020
v -0.76568526 0.04475166 0.60970587
v -0.83261365 0.00198339 0.62544143
v -0.68054914 0.06237475 0.61423922
v -0.79683560 -0.01874058 0.64653939
v -0.71844870 0.07789690 0.59093171
v -0.17385837 0.46331221 -0.07620245
v -0.16581336 0.45226794 -0.09248070
v -0.17823717 0.45259106 -0.08675881
v -0.16882351 0.47497237 -0.06291805
v 0.22331424 -0.35694492 -0.38925451
v 0.21836074 -0.26771015 -0.37759864
v 0.19512126 -0.29734808 -0.38249791
v -0.51278663 0.29312736 0.04033073
v -0.51060426 0.29823017 0.06706997
v -0.50103104 0.30354017 0.09508666
v -0.48878896 0.29411095 0.01544567
v -0.46953285 0.30220985 0.01480603
v -0.07840521 -0.07972845 -0.32991937
v -0.10102974 -0.04394586 -0.31990182
v -0.07019147 -0.05175051 -0.32879558
v -0.04129680 -0.05935883 -0.33561936
v -0.04389609 -0.44417310 -0.05337563
v -0.03251066 -0.44145352 -0.00610712
v -0.05271134 -0.43757480 -0.10262401
v -0.44747704 -0.32640362 0.50434458
v -0.48417681 -0.34605443 0.51415491
v -0.47757214 -0.29076159 0.55156547
v -0.50763661 -0.30725449 0.55888057
v 0.40074408 -0.41884464 0.13669379
v 0.34148997 -0.48015285 0.13831492
v 0.37358928 -0.45820993 0.14214176
v -0.06912399 0.53240222 -0.02430707
v -0.08387174 0.53536546 -0.00851673
v -0.06163814 0.53717375 -0.01602298
v 0.49948162 -0.22040804 -0.04307578
v 0.48187619 -0.23689012 -0.01027461
v 0.51756161 -0.22690512 -0.05099500
v 0.52904361 -0.21395020 -0.08835587
v 0.47933692 -0.20926847 -0.03606412
v 0.46252471 -0.22625060 -0.00465968
v 0.54525685 -0.21868216 -0.09757644
v 0.49459338 -0.26353788 0.00977844
v 0.51679647 -0.24549387 -0.02330784
v 0.47752583 -0.26148391 0.01409039
v 0.49963135 -0.24271034 -0.01672440
v 0.53458250 -0.23047505 -0.05913414
v -0.20209308 0.53550643 0.08042602
v -0.21324244 0.53194392 0.09156524
v -0.21095832 0.53973746 0.10883811
v -0.20687835 0.52809215 0.06675132
v -0.21768315 0.52488315 0.07636102
v -0.19049412 0.53900450 0.07039104
v -0.17339498 0.55016756 0.07289896
v 0.42017984 0.45453811 -0.13220416
v 0.40037209 0.46490848 -0.11480324
v 0.43616796 0.43023926 -0.19150870
v 0.39948344 0.47732699 -0.07352793
v 0.15131608 0.51340401 -0.07460949
v 0.16339381 0.50428253 -0.08479011
v 0.13101889 0.49458575 -0.10355292
v 0.14292718 0.48219967 -0.11477317
v 0.19911034 0.51483500 -0.05435769
v -0.06991273 0.46120524 -0.12143013
v -0.07054982 0.44846326 -0.13324365
v -0.04467754 0.44743884 -0.14316455
v -0.07077256 0.43514109 -0.14579323
v -0.04519226 0.46109796 -0.13032110
v 0.00008298 0.58232147 0.18533866
v -0.42552495 0.31547123 -0.01199021
v -0.40682399 0.32784611 -0.01748220
v -0.42129922 0.30633712 -0.03280322
v -0.40341961 0.31906933 -0.03744097
v -0.38759202 0.34123147 -0.02333127
v -0.31603181 0.41990590 0.29648238
v 0.46078998 -0.25613898 0.01883598
v 0.43872797 -0.27828866 0.04468757
v 0.47045916 -0.28474528 0.04011051
v 0.45413423 -0.28316170 0.04190380
v 0.41815108 -0.30317765 0.06838061
v 0.44293982 -0.24582554 0.02308286
v 0.42263401 -0.26838958 0.04746770
v 0.35057026 -0.43918186 -0.38134125
v 0.33433068 -0.46864408 -0.37800315
v 0.32461399 -0.42073607 -0.38019899
v 0.59840435 0.18260746 -0.18245327
v 0.61926556 0.20265600 -0.19243251
v -0.45756114 -0.00725425 -0.12352732
v -0.49539578 0.01400176 -0.10345972
v -0.42499524 -0.02384611 -0.14236076
v -0.46147132 -0.03148231 -0.11342752
v -0.50097567 -0.01505131 -0.09293276
v -0.42699075 -0.04487827 -0.13370226
v -0.27731639 0.27941844 -0.15591899
v -0.28813553 0.25517422 -0.15977001
v -0.25553635 0.25581539 -0.17266716
v 0.67426264 0.36388367 -0.32739091
v 0.66267371 0.33021808 -0.30952382
v 0.65033478 0.36403894 -0.36608958
v 0.65848327 0.39636731 -0.37581167
v 0.61742079 0.37580627 -0.39572001
v 0.60248864 0.34574115 -0.38156503
v -0.08902306 0.50282222 -0.06435671
v -0.08987841 0.49407852 -0.07758293
v -0.09077655 0.48431492 -0.09045218
v -0.06998924 0.49630982 -0.08733749
v 0.30573189 0.29015082 -0.19454332
v 0.35533518 0.29913765 -0.20938745
v -0.06347431 0.56551832 0.05409835
v -0.03898073 0.56492978 0.05089110
v -0.07069075 0.55941200 0.04208255
v -0.02189320 0.55889589 0.03272683
v -0.01034582 0.56640375 0.04725153
v -0.02859556 0.57270700 0.06656068
v 0.11823577 0.52393246 0.22754100
v 0.10819003 0.52608520 0.27191675
v 0.11770841 0.51922697 0.27266386
v 0.12604944 0.51225847 0.27099422
v 0.00317007 -0.08926423 0.32445350
v -0.04313079 -0.15667461 0.29737002
v -0.01992796 -0.12268540 0.31310284
v -0.04881849 -0.10173798 0.34838116
v -0.02753206 -0.06652042 0.35937399
v 0.02715210 -0.05754560 0.33014846
v 0.14165339 0.44286573 -0.14838594
v -0.23620227 -0.26246178 -0.16845573
v -0.21426338 -0.27250606 -0.19060956
v -0.22607745 -0.28466868 -0.14314353
v -0.17292163 -0.32861406 -0.16309240
v -0.19412991 -0.31643301 -0.13990515
v -0.18288428 -0.30583125 -0.18933310
v -0.20496842 -0.29605377 -0.16625695
v -0.29063451 0.39968210 -0.07323189
v -0.30589962 0.39865899 -0.05921768
v -0.30101514 0.38539195 -0.07863048
v -0.33823866 0.28249282 -0.12315431
v -0.35255390 0.26203534 -0.12394568
v -0.36495966 0.24312745 -0.12581077
v -0.39234525 0.25432071 -0.10197891
v -0.32161450 0.25682843 -0.14407818
v -0.81142843 0.05326322 0.58484280
v 0.26473361 -0.09574406 0.09783939
v 0.28385586 -0.11470008 0.07870202
v 0.26651287 -0.13842599 0.10086809
v 0.24715035 -0.07888604 0.12163770
v 0.24499731 -0.11839184 0.11991964
v 0.23052107 -0.06415854 0.14747620
v -0.21431951 0.57422394 0.24221034
v -0.21748157 0.56788218 0.21962079
v -0.21035862 0.57915890 0.26117030
v -0.35411990 0.38419688 0.13840084
v -0.35110354 0.39029425 0.10237213
v -0.36675596 0.37672818 0.08558428
v -0.34522158 0.39858097 0.06989683
v -0.31509304 0.42717248 0.10095217
v -0.33035266 0.41263622 0.08496316
v -0.33427614 0.40477812 0.11959389
v -0.33616126 0.40024310 0.15703186
v -0.31826752 0.42002505 0.13732819
v 0.26434958 -0.09440848 -0.29506382
v 0.23035480 -0.11387563 -0.32254028
v 0.24842913 -0.06883615 -0.29035124
v 0.28429359 -0.11981724 -0.29756111
v 0.25320303 -0.14007749 -0.32474476
v 0.26972270 -0.03477759 -0.24535277
v -0.11512861 -0.37399590 -0.16926359
v -0.07337048 -0.42328584 -0.09644358
v -0.08229016 -0.40846801 -0.14191589
v -0.09016377 -0.38662952 -0.18283741
v 0.57395995 -0.24007870 -0.07510592
v 0.58075237 -0.23071931 -0.11678089
v -0.02996650 0.04401674 -0.30850828
v -0.07026516 0.03875156 -0.31095502
v -0.02434815 0.06041683 -0.30172637
v 0.00399624 0.05146664 -0.29912701
v -0.03714380 0.02883474 -0.31389621
v -0.07553118 0.02645711 -0.31352246
v -0.11628467 0.03972350 -0.30188718
v -0.06545455 0.05368353 -0.30599421
v -0.11259437 0.05355346 -0.29726914
v 0.19981326 0.21569814 0.61081678
v -0.03357755 -0.03293373 -0.33086270
v -0.00492940 -0.03919207 -0.33431628
v 0.46662688 0.39776063 -0.31997937
v 0.45372367 0.41240066 -0.26654243
v 0.45447004 0.43183851 -0.22731888
v 0.48345912 0.37018782 -0.34959480
v 0.49212539 0.38697439 -0.36511856
v -0.01702415 0.57981437 0.08509888
v 0.00228162 0.57345784 0.06417322
v -0.10140148 0.59722447 0.66101652
v -0.06741446 0.56229162 0.71333659
v -0.02448572 0.51955873 0.75462705
v 0.03181521 0.57073975 0.71203429
v -0.28581217 0.46805120 0.24160227
v -0.29116875 0.46057999 0.25981063
v -0.27044779 0.49542642 0.25351870
v -0.30049354 0.44404638 0.22824685
v -0.30698377 0.43485624 0.24745926
v -0.27928945 0.47592402 0.22421555
v -0.26610249 0.50040221 0.23771083
v -0.27463844 0.49016941 0.27058539
v -0.25219774 0.52616525 0.26274213
v -0.27911234 0.48479438 0.29163846
v -0.25452730 0.52344739 0.27880755
v -0.29648465 0.45352441 0.28203231
v 0.28027821 0.00170562 0.13007610
v 0.29644233 0.02334251 0.13272746
v 0.30014759 0.00866536 0.09844273
v 0.31450534 0.01395527 0.06078690
v 0.25619322 -0.00813342 0.15644361
v -0.01178610 0.66238707 0.39157644
v -0.03023430 0.65351242 0.36486834
v -0.41335684 0.26820087 -0.07733741
v -0.42574322 0.25455612 -0.07916693
v -0.42872995 0.28259706 -0.05319475
v -0.45479923 0.25809762 -0.05707109
v -0.46940887 0.27374500 -0.03171754
v -0.44248408 0.27049425 -0.05369102
v -0.43842709 0.29485232 -0.02982728
v -0.45471007 0.28423566 -0.02951747
v -0.46350759 0.29493797 -0.00691278
v -0.76923710 -0.06315150 0.03767716
v -0.73131090 -0.06121328 0.02679567
v -0.81527412 -0.06609580 0.05492648
v 0.17749910 0.28426111 0.34687242
v 0.19355300 0.31932318 0.31080040
v 0.16281699 0.23447946 0.36023405
v 0.16800307 0.22277334 0.33947125
v 0.18033268 0.29975694 0.36457470
v 0.18735066 0.33629519 0.32428887
v 0.21656837 0.35084289 0.27467909
v 0.20264955 0.36892265 0.28451398
v 0.23420586 0.32948232 0.26577222
v 0.32900941 0.39035612 -0.17829427
v 0.33688110 0.34739345 -0.19741008
v 0.24231063 0.31746179 -0.18557563
v 0.20028184 0.32922769 -0.18480846
v 0.32585013 0.42889565 -0.15133706
v 0.36749893 0.38917506 -0.19322729
v 0.53606713 -0.24776180 -0.02906586
v 0.55904084 -0.25345194 -0.03468960
v 0.25695163 -0.59860033 -0.28668392
v 0.30449635 -0.45779091 0.13880382
v 0.32447869 -0.43528503 0.13983464
v 0.31156164 -0.42174578 0.13864280
v 0.29111558 -0.44305795 0.13814792
v 0.26780176 -0.46109802 0.13214549
v -0.23123792 0.02940745 0.50536948
v -0.28305441 0.07406580 0.52744907
v -0.24431951 0.08800109 0.51154935
v -0.31008339 0.12009645 0.52424157
v -0.30599684 0.05736628 0.54200655
v -0.19426425 0.02102680 0.48673576
v -0.19562991 0.06689118 0.49430805
v -0.18680996 -0.02995184 0.46939406
v 0.28207505 -0.47683901 0.13075444
v 0.56180292 0.44452357 -0.07102804
v 0.59880579 0.45790845 -0.11149216
v 0.59479219 0.49239206 -0.17177084
v 0.61045587 0.48210388 -0.16544181
v 0.56593293 0.40443915 -0.03722015
v 0.58036095 0.43152922 -0.07343766
v 0.15331300 0.50438923 0.21539691
v 0.16438204 0.50032812 0.20750393
v 0.04025325 0.56365937 0.03036835
v 0.05513483 0.55860287 0.01813313
v 0.02436594 0.55709016 0.01260195
v 0.00807556 0.56168717 0.02897178
v 0.03798100 0.55237865 -0.00116606
v 0.04974160 0.54764152 -0.01266773
v 0.07296577 0.56343800 0.04120798
v -0.19845571 0.60912222 0.50378859
v -0.19185059 0.59449828 0.56395262
v -0.24359238 0.56130868 0.43803015
v -0.20158017 0.61230505 0.44389239
v -0.28993219 0.28281826 0.54058510
v -0.33962834 0.31306607 0.40608343
v -0.47132552 0.32269430 0.20148934
v -0.00873664 0.53385425 -0.05193406
v -0.01706522 0.52997732 -0.06044051
v -0.02747525 0.53485590 -0.04442523
v -0.02608706 0.52488112 -0.06825702
v -1.05053043 0.00158792 0.30635655
v -1.01243830 0.02978788 0.36659968
v -1.00680840 0.02275831 0.29671010
v -1.03853798 -0.01450342 0.24056189
v -0.58739811 0.02861157 -0.04835707
v -0.54474974 -0.03826127 -0.05749266
v -0.50219870 -0.05209980 -0.07785206
v -0.53771192 -0.08782975 -0.03978952
v -0.57972288 0.06844999 -0.05530247
v -0.54355222 0.00519104 -0.07136665
v -0.61769533 0.09958555 -0.02569345
v -0.10050324 0.51879138 -0.02779633
v -0.15662679 0.50068706 -0.02916078
v -0.45013618 0.32078052 0.10491295
v -0.42796236 0.33154088 0.09406850
v 0.14096664 -0.49583083 0.05277491
v 0.11832874 -0.47749496 0.06059324
v 0.19311970 -0.60683149 -0.08284952
v 0.18445629 -0.60681528 -0.12137973
v 0.20690383 -0.62219870 -0.09966172
v 0.19964080 -0.62094134 -0.13621874
v 0.22126965 -0.63829213 -0.11739387
v 0.22902720 -0.63841730 -0.08108065
v 0.23890300 -0.63490516 -0.04303943
v 0.21640553 -0.61992967 -0.06195119
v 0.20519592 -0.60211486 -0.04412780
v 0.11065367 0.36285341 0.77746290
v 0.03949950 0.31723708 0.79134017
v -0.32483363 0.41943032 0.05433397
v -0.33762485 0.40571225 0.04130260
v -0.32986969 0.41107571 0.01598401
v -0.31930804 0.42375392 0.02779450
v -0.85379827 0.11272641 0.23303191
v -0.81691360 0.13369095 0.19423538
v -0.06383632 0.31532210 -0.20897016
v -0.03752618 0.35435897 -0.20095867
v -0.06170275 0.28500235 -0.21772557
v -0.09316904 0.33242607 -0.19833696
v -0.06576569 0.34253311 -0.20052552
v -0.09228694 0.30557495 -0.20644942
v -0.03997604 0.37815881 -0.19147678
v 0.17211163 0.16784063 0.31810036
v 0.19373319 0.15120779 0.29547331
v 0.20119898 0.19135641 0.29821059
v 0.15532362 0.18063913 0.34103331
v 0.14598444 0.19046694 0.36458322
v 0.12991661 0.15299103 0.36161071
v -0.17327344 0.61418360 0.30296189
v -0.20097929 0.60264164 0.35027876
v -0.20109314 0.59567440 0.31945133
v -0.20260052 0.58966213 0.29679686
v -0.18233597 0.50347966 -0.01174510
v -0.16946535 0.50240552 -0.02082114
v -0.18889339 0.49035335 -0.02977959
v -0.17592727 0.48935783 -0.03901687
v -0.19434278 0.47700089 -0.04637373
v 0.03329342 -0.01669217 -0.32471612
v 0.06900823 -0.02095576 -0.32313925
v 0.48267317 0.46653509 -0.23002353
v 0.47144109 0.45395082 -0.21106100
v -0.25317767 -0.26379067 0.35779193
v -0.26699552 -0.27069390 0.37627673
v -0.27590740 -0.28770041 0.32277700
v -0.22191419 -0.23325624 0.36241239
v -0.23292066 -0.23462273 0.38334873
v -0.24289662 -0.26005870 0.33649626
v -0.26499081 -0.28144556 0.30182597
v -0.21197787 -0.23492096 0.33835137
v -0.23376237 -0.25923151 0.31186286
v -0.28689289 -0.29646605 0.25845295
v -0.29968846 -0.30495822 0.27812561
v 0.26505125 0.35562402 0.23475949
v 0.24420743 0.37994164 0.23942117
v 0.22492902 0.39883029 0.24545453
v -0.31557268 0.30412757 0.47703889
v -0.31333083 0.31605774 0.48404768
v 0.31336391 -0.04241149 -0.01934015
v 0.32340217 -0.05815371 -0.03704838
v 0.33842057 -0.07589571 -0.04891298
v -0.01751253 0.63135707 0.34137040
v -0.43078071 0.04946167 -0.14434657
v -0.42770410 0.06692156 -0.14704110
v -0.40611368 0.02425125 -0.16486149
v -0.42586285 0.08853732 -0.14799328
v -0.99599779 0.00169290 0.22370216
v -0.96567100 0.04116898 0.27120423
v -1.06065381 -0.06174882 0.18530403
v -1.01812077 -0.04561970 0.17703116
v 0.39396417 0.47348559 0.04692254
v 0.40907294 0.45000684 0.06627682
v 0.41635108 0.46293795 0.02303785
v 0.37423956 0.48293328 0.06615577
v 0.43972605 0.45472568 -0.00470852
v 0.43001330 0.44390666 0.04160178
v 0.44860899 0.42059523 0.05310646
v -0.43519068 -0.38618243 0.40299749
v 0.35861498 0.11887039 0.15717107
v -0.40173006 0.35118753 0.19386069
v -0.42761993 0.33629477 0.16858885
v -0.40746450 0.34853810 0.21214947
v 0.43977654 0.40822190 -0.23251364
v 0.44749004 0.40832013 -0.24980554
v 0.43656760 0.44659209 -0.15106687
v 0.44615209 0.42862952 -0.20939904
v 0.44902790 0.38069963 -0.26991978
v 0.45571792 0.38230401 -0.28726345
v -0.30734885 -0.10260738 0.53021413
v -0.34774947 -0.10778573 0.55120307
v -0.27395004 -0.09612358 0.51247925
v 0.35844183 0.32657653 0.17919931
v 0.37888384 0.27659965 0.17018461
v 0.40738720 0.24021642 0.14201914
v 0.39065820 0.29480281 0.15733720
v 0.43820691 -0.33997661 0.09646727
v 0.41335160 -0.37285364 0.11797735
v 0.10029401 -0.19433816 -0.36263815
v 0.21044271 0.22027628 0.54036278
v 0.17576413 0.18688448 0.57010156
v 0.18268627 0.19722663 0.50527871
v 0.06451841 0.14160949 0.51283103
v 0.04870054 0.13524148 0.48321167
v 0.14740810 0.16738886 0.53171349
v -0.30781823 -0.30451947 0.20964992
v -0.32337606 -0.31471390 0.22759643
v -0.32745051 -0.30499774 0.16079339
v -0.36541009 -0.32947761 0.19062106
v -0.34621865 -0.31597626 0.17700484
v -0.29252934 -0.29778200 0.18877999
v -0.36755812 -0.31070447 0.13199246
v -0.34576327 -0.29953218 0.11705562
v 0.10737695 -0.36644489 0.14144026
v 0.08829363 -0.34851557 0.14716651
v 0.08661295 -0.38392746 0.12940165
v 0.07049102 -0.33175635 0.15217450
v 0.06976482 -0.36823887 0.13457161
v 0.10584180 -0.32763946 0.15758024
v 0.05036389 -0.38792115 0.11855018
v 0.06548279 -0.40151578 0.11347072
v 0.25508732 0.52459639 0.03711938
v 0.23421590 0.52976054 0.03592164
v 0.21806847 0.52700776 -0.01100499
v -0.05575592 0.52929860 -0.04250954
v -0.04472009 0.52477366 -0.06003616
v -0.06524502 0.52204865 -0.05043360
v -0.07743202 0.52583462 -0.03272855
v -0.08679529 0.51723665 -0.04121306
v -0.05598893 0.51664346 -0.06771590
v -0.07097418 0.50609517 -0.07345644
v -0.07666382 0.51315570 -0.05740215
v -0.03559002 0.53051060 -0.05228372
v -0.03721237 0.51764220 -0.07563111
v 0.36077809 0.44919109 0.12406403
v 0.38404661 0.40246415 0.13307095
v 0.36690366 0.45605862 0.11371236
v 0.38025731 0.38773191 0.14233601
v 0.40290445 0.33357656 0.13773502
v 0.40846747 0.35084242 0.12969571
v 0.39012015 0.41295612 0.12353300
v 0.41612166 0.36512500 0.12129462
v 0.19451822 0.27779058 0.42719090
v 0.18855120 0.31810194 0.38291362
v 0.18596067 0.35418111 0.33832914
v 0.11678477 0.55530471 0.05952636
v -0.26426050 0.23161922 -0.17794091
v -0.01171437 0.54111814 -0.02622782
v -0.03312958 0.54082763 -0.01778954
v 0.04366483 0.12941778 0.45574927
v -0.15557563 -0.36000443 -0.01023032
v 0.50167662 0.12830214 -0.13261555
v 0.45133477 0.13016364 -0.14923339
v 0.15107451 0.10794631 -0.21957248
v 0.18520753 0.09873620 -0.20280340
v 0.13780028 0.08292337 -0.23771983
v 0.17176291 0.07594372 -0.22332299
v 0.20687009 0.06712551 -0.20530602
v 0.21884005 0.08546723 -0.18448070
v -0.22755186 0.46324885 -0.04030615
v -0.24334677 0.46188623 -0.02985280
v -0.22238572 0.47670209 -0.02559397
v -0.20809014 0.47716278 -0.03629789
v -0.21259591 0.46414155 -0.05068866
v -0.23729722 0.47598076 -0.01541452
v 0.13427241 0.50502747 0.26708242
v 0.14339474 0.49742866 0.26119402
v -0.06975995 0.62923968 0.30145070
v -0.08820677 0.61640269 0.26647502
v -0.29947019 0.45225316 0.46341369
v -0.29526845 0.46361679 0.40540496
v -0.28968379 0.47216159 0.35724109
v 0.50699604 0.41463476 -0.00127304
v 0.48950690 0.40236425 0.03009123
v 0.01788536 0.10418633 0.42124265
v -0.00452055 0.11681464 0.44735596
v -0.03111596 0.09728323 0.43866515
v 0.06373128 0.11352894 0.40129641
v -0.12139469 0.10916417 0.47768617
v -0.07801646 0.08741537 0.45387477
v -0.06440275 0.11488039 0.46370894
v 0.00632903 0.07810935 0.40914971
v 0.02224363 0.56844592 0.04576716
v -0.05751531 0.21825962 -0.23903087
v 0.04143053 0.01028514 -0.31100982
v 0.01280971 0.01195725 -0.31438673
v 0.05139057 0.03560803 -0.29577342
v 0.00302555 -0.01273384 -0.32530904
v -0.76224291 -0.57393259 0.37854591
v -0.73497510 -0.54548335 0.42253280
v -0.75314856 -0.51529127 0.48510444
v -0.77065629 -0.55504173 0.44503003
v -0.71158689 -0.50700796 0.46227592
v -0.70695698 -0.53848344 0.40358454
v -0.73998874 -0.56356275 0.36022678
v -0.04042118 0.53778309 -0.02625402
v -0.01974497 0.53816199 -0.03591155
v -0.04771639 0.53420419 -0.03437118
v -0.31938308 -0.05504675 -0.21754918
v -0.34725457 -0.05018300 -0.19839302
v -0.32500881 -0.03595214 -0.21875840
v -0.35403144 -0.02594988 -0.20283210
v -0.32855666 -0.02272964 -0.21992511
v -0.35169250 -0.03496782 -0.20039159
v -0.37490660 -0.03181789 -0.18255214
v -0.37251043 -0.04421180 -0.17939788
v -0.37563342 -0.02535502 -0.18583196
v -0.23206633 -0.30999362 0.01494484
v -0.25473970 -0.29906517 0.03735729
v -0.24793325 -0.30308580 0.07396796
v -0.20935978 0.04730675 -0.27223763
v 0.00689740 -0.37985057 -0.28736189
v 0.02917823 -0.39404017 -0.29272702
v 0.03732421 -0.36309487 -0.31834319
v 0.35819942 -0.09595571 -0.18253265
v 0.38456398 -0.11839418 -0.18539588
v 0.33780015 -0.09785661 -0.22479492
v 0.36249882 -0.12119927 -0.22750774
v 0.41290760 -0.14025028 -0.18847673
v 0.38946319 -0.14370334 -0.23039997
v -0.33755320 -0.28201127 0.06491266
v -0.32383209 -0.26607758 0.01804902
v 0.46095830 0.38748306 -0.30408141
v 0.47764426 0.35807651 -0.33399758
v 0.34709156 0.49042547 0.09183843
v 0.35865253 0.48877186 0.08024746
v 0.32090640 0.01898446 0.01629545
v 0.31261140 0.00282166 0.02554297
v -0.37466544 0.22522026 -0.12894008
v -0.40305156 0.23861744 -0.10464874
v -0.41134554 0.22261047 -0.10984720
v -0.38157266 0.20726193 -0.13479516
v -0.34810877 0.19605921 -0.15654029
v -0.35907918 0.32593024 0.35357672
v -0.33262467 0.32209843 0.41306913
v -0.35322744 0.33362579 0.35471344
v -0.32892197 0.33234447 0.41288927
v -0.39466196 0.32588649 0.30515260
v -0.38769436 0.33167022 0.30530632
v -0.31360060 0.32970780 0.47996557
v -0.32860994 0.34279102 0.40415478
v -0.35111153 0.34151858 0.34958595
v 0.04949239 0.12238070 0.42885742
v -0.30883032 0.27962142 -0.14155591
v -0.16698518 0.09389652 0.48813546
v -0.11672407 0.06968798 0.46457118
v 0.18825524 -0.50276178 0.07536420
v 0.13982870 -0.52735555 0.00914412
v 0.21518643 -0.48986930 0.10053711
v 0.23163609 -0.50893116 0.09543595
v 0.16262957 -0.51549822 0.04471503
v 0.20607530 -0.52275068 0.06807506
v 0.16059165 -0.54664302 -0.00151890
v -0.23571897 0.56172097 0.34092003
v -0.23237558 0.55958903 0.30955866
v -0.36109096 0.12920442 -0.18066680
v -0.36495793 0.10355300 -0.18688250
v -0.39261508 0.14282754 -0.16023655
v -0.39487904 0.11709674 -0.16733576
v -0.42342526 0.16258985 -0.13461968
v -0.42422247 0.13829938 -0.14150770
v -0.38663268 0.18791418 -0.14272100
v -0.39033300 0.16650738 -0.15177739
v -0.42119086 0.18494853 -0.12614919
v -0.45430809 -0.40940946 0.34753713
v -0.47560573 -0.41822892 0.28974551
v -0.44056684 -0.39771962 0.28251711
v -0.05622925 0.18408538 -0.25170141
v -0.13826549 0.44467235 -0.10852773
v -0.02155807 -0.29676139 0.15463629
v 0.00033629 -0.31041658 0.14751579
v 0.03457987 -0.25965095 0.18045118
v 0.01855919 -0.28591079 0.16447169
v 0.05116406 -0.27470458 0.17427857
v 0.03654806 -0.30021632 0.15946336
v 0.01989656 -0.32425880 0.14355645
v 0.00132626 -0.34701759 0.12514696
v -0.04497653 0.01303947 -0.31833175
v 0.02352030 0.03500191 -0.30217963
v -0.00489214 0.03262055 -0.30853939
v 0.03403099 0.05705182 -0.28928080
v -0.01460835 0.01283888 -0.31706771
v -1.00967801 -0.54773927 0.11362717
v -1.05936730 -0.49130583 0.06704555
v -0.66361862 0.22728278 0.23984578
v -0.74738920 0.18687105 0.21134995
v -0.70933515 0.20535730 0.18688393
v -0.23235780 0.55241793 0.22367884
v -0.24618419 0.53206778 0.21841428
v -0.23262013 0.55407465 0.24097231
v -0.25579095 0.51233816 0.20465583
v -0.26165614 0.50537658 0.22174765
v -0.25051874 0.52829325 0.24829207
v -0.23174044 0.55531716 0.25658226
v -0.24864881 0.53011650 0.23344786
v 0.45582956 -0.19373736 -0.03119399
v 0.48952085 -0.19540828 -0.07205026
v 0.51354486 -0.19626577 -0.11950609
v 0.51101279 -0.20660187 -0.07956445
v 0.44107789 -0.21053506 -0.00057179
v 0.42977321 -0.17464040 -0.02878376
v 0.41729414 -0.19088612 0.00131454
v 0.37923658 0.34832531 -0.21532580
v -0.27465886 0.50864679 0.42227638
v -0.26901850 0.51450920 0.36986947
v -0.79022753 -0.18959619 0.05135572
v -0.85283703 -0.19320127 0.06425975
v -0.91654146 -0.20129354 0.07637888
v -0.80462527 -0.12878926 0.04959130
v -0.86367488 -0.13158868 0.06657390
v -0.45119005 0.28844225 0.32653433
v -0.43012345 0.26775426 0.36931041
v -0.43992829 0.23476546 0.41030481
v -0.11967865 0.43976879 -0.12165171
v -0.09516250 0.44944751 -0.12272309
v -0.12172655 0.42745280 -0.13187145
v -0.11708996 0.45132810 -0.11124347
v -0.09320307 0.46173418 -0.11189911
v -0.09168562 0.47330225 -0.10147129
v -0.64969426 -0.37967682 0.12447250
v -0.61840230 -0.33283293 0.09151371
v -0.59907776 -0.36763763 0.11846009
v -0.32125109 0.39637536 -0.04277511
v -0.25814527 0.52086830 0.29990655
v -0.26309550 0.51829350 0.32953733
v -0.20176090 0.60914928 0.39265788
v -0.23059356 0.55789304 0.28778505
v 0.02362275 -0.46357638 0.02145174
v 0.01009313 -0.45293552 0.02854968
v 0.02619968 -0.48477584 -0.02967700
v 0.04000995 -0.44872284 0.05695505
v 0.51455176 0.38080800 0.02890445
v 0.54291236 0.35811651 0.02024477
v 0.52877945 0.39801705 -0.00027769
v 0.47217584 0.39453167 0.05738616
v 0.50020474 0.36711669 0.05367257
v -0.13241701 -0.35174274 0.06317721
v -0.15945627 -0.33497310 0.07996669
v -0.14552128 -0.35840380 0.02702454
v -0.11509113 -0.34028053 0.09585585
v -0.14303349 -0.32474917 0.11280479
v -0.18528816 -0.31984407 0.10120001
v -0.16968501 -0.31029540 0.13491495
v -0.12183151 -0.31014365 0.14113842
v -0.14881331 -0.29678136 0.16413236
v -0.62039202 -0.09812459 0.66919607
v -0.64194906 -0.05999621 0.66835386
v -0.68165511 -0.14127952 0.67806494
v -0.58219719 -0.06601650 0.66207367
v -0.60386568 -0.14108694 0.66181761
v -0.65871167 -0.17789662 0.66895300
v 0.23814492 0.52209795 -0.01207340
v 0.09830275 0.65350431 0.51496696
v -0.68044746 -0.43282545 0.16829981
v -0.78132623 -0.47904342 0.18763377
v -0.73342538 -0.45526719 0.17780738
v -0.69984305 -0.48463857 0.22026716
v -0.74267209 -0.50824040 0.23081991
v -0.62736851 -0.41271025 0.15996641
v -0.33686131 0.02821717 -0.21244660
v 0.19019343 0.39821708 0.36719406
v 0.18488662 0.40298051 0.30585545
v -0.78396052 0.16595647 0.24034901
v -0.81887126 0.14273199 0.27664524
v -0.81033599 0.13943544 0.36231852
v -0.85263658 0.11968603 0.31877440
v 0.50251371 0.49272096 -0.29119140
v 0.53789264 0.49768972 -0.34485617
v 0.54119706 0.50391376 -0.31475809
v 0.52492446 0.50777107 -0.30040357
v 0.51144755 0.49866927 -0.25701496
v 0.49565202 0.48222464 -0.24577209
v 0.31575501 -0.03298499 -0.05762702
v 0.30720764 -0.02860696 0.00396582
v 0.32400227 -0.04835281 -0.07489005
v -0.34371245 0.01098656 -0.20903566
v -0.12981580 0.17530863 -0.25064674
v -0.16360317 0.17648448 -0.24914366
v -0.12528107 0.20722386 -0.23550287
v -0.12215005 0.23883624 -0.22199395
v -0.09179461 0.24389091 -0.22528175
v -0.09239237 0.21076456 -0.23772061
v -0.15637612 0.20650166 -0.23165169
v -0.15065980 0.23639674 -0.21773702
v -0.19556272 0.17879592 -0.24041197
v 0.26316601 0.02147759 -0.18864106
v 0.28698987 0.00212596 -0.16864520
v 0.26255047 0.00478847 -0.21110439
v 0.28846353 0.01567786 -0.14475109
v 0.29299539 0.02743564 -0.11954229
v 0.30477250 0.00803464 -0.09724465
v 0.30928838 0.01787292 -0.06756566
v 0.08620764 -0.30852783 0.16365014
v 0.10148668 -0.28283751 0.17337355
v 0.12331921 -0.30323184 0.16493793
v 0.12747511 -0.34747398 0.15061970
v -0.30287272 0.43804318 0.01524160
v -0.29205900 0.45200634 0.02705609
v -0.27985477 0.46593833 0.03984522
v -0.29451293 0.45210320 0.05295597
v -0.30758697 0.43783253 0.03990227
v -0.27827534 0.46212673 0.01545049
v 0.25115883 -0.62659347 -0.00407450
v 0.22820546 -0.61396128 -0.02353178
v 0.21940602 -0.59426779 -0.00554564
v 0.24234761 -0.60374612 0.01452687
v -0.26171124 0.49625504 0.18779191
v -0.27116299 0.48561150 0.20657200
v -0.26831880 0.48214155 0.17030178
v 0.15354632 0.48943663 0.25362018
v 0.39305764 -0.16837804 0.00219437
v 0.35790819 -0.16268097 0.02907732
v 0.33668727 -0.13859619 0.03285129
v 0.32419121 -0.15951909 0.05635592
v 0.36900264 -0.14498003 0.00322610
v 0.37774301 -0.13011010 -0.02592925
v 0.40315819 -0.15293506 -0.02753263
v -0.36532933 -0.09289220 -0.16444272
v -0.33740079 -0.10359301 -0.18576626
v -0.36032969 -0.12444896 -0.14929320
v -0.39072663 -0.11428481 -0.12596986
v -0.29894841 -0.18220553 -0.17396027
v -0.32537138 -0.16852486 -0.15162705
v -0.30486506 -0.14939812 -0.19299732
v -0.33193243 -0.13657694 -0.17150752
v -0.30978036 -0.11495508 -0.20633277
v -0.35356528 -0.15622061 -0.12854923
v -0.34252852 -0.07349609 -0.19403976
v -0.31470674 -0.08216219 -0.21389154
v -0.50441933 -0.24595819 0.59039259
v -0.47494787 -0.23232497 0.57965428
v 0.54838395 -0.23096935 -0.23766544
v 0.53255337 -0.21957858 -0.22787032
v 0.56806594 -0.22471552 -0.19906229
v 0.55192411 -0.21486549 -0.18877657
v 0.15760855 -0.57956570 -0.18695799
v 0.13618183 -0.56609261 -0.17870322
v 0.15814555 -0.56456423 -0.22512439
v 0.17954992 -0.57709593 -0.23156857
v 0.18550125 -0.55708015 -0.26527426
v 0.20066141 -0.58897513 -0.23873246
v 0.13589191 -0.55108893 -0.21910104
v 0.19442363 -0.53332108 -0.29729077
v 0.20793204 -0.56987208 -0.27015188
v -0.06307603 -0.42988980 -0.04934647
v -0.08430289 -0.41368389 -0.04391973
v -0.05061281 -0.42759007 -0.00353642
v -0.07143220 -0.41190225 -0.00019727
v -0.50995797 0.30643970 0.24447094
v -0.46722358 0.31183344 0.27228221
v -0.50211531 0.31075472 0.23572007
v -0.54656941 0.30095547 0.20165488
v -0.53982091 0.30222064 0.19556400
v -0.41588384 0.31736958 0.29920846
v -0.45723498 0.31606609 0.26658911
v -0.42807525 0.31301820 0.29983729
v -0.44740909 0.31849599 0.26531798
v -0.49400121 0.31236380 0.23107913
v -0.40453607 0.32090378 0.30263510
v 0.43194681 -0.30768985 0.06757668
v 0.44644451 -0.30928785 0.06786239
v -0.14778729 0.65294433 0.49792078
v -0.13911603 0.64206779 0.54948211
v -0.12455496 0.62377036 0.60479802
v 0.34807444 -0.49742109 0.13770474
v 0.27737021 -0.56848896 0.08265384
v -0.30528414 0.43545234 0.19331382
v -0.31610972 0.42237163 0.21284090
v -0.29166076 0.45486504 0.20925339
v -0.28081623 0.46807563 0.19029157
v -0.32371193 0.41228479 0.23254339
v -0.98744899 -0.52022600 0.10831964
v -1.03486216 -0.45972389 0.06618685
v 0.37651139 0.36928487 0.15225504
v 0.39777547 0.31444639 0.14680830
v 0.43303621 0.29864240 0.11590879
v 0.42425287 0.27886796 0.12363860
v -0.14492255 0.39558107 -0.15023574
v -0.12279001 0.41470015 -0.14306559
v -0.16369915 0.39279169 -0.14357726
v -0.40988410 -0.31391382 0.10867509
v -0.43150258 -0.32848108 0.11916691
v -0.42955935 -0.29973018 0.08160235
v -0.38869524 -0.32435346 0.14487042
v -0.40974212 -0.33932960 0.15568314
v -0.47132474 -0.29392833 0.07223523
v -0.44847775 -0.28087336 0.06124325
v -0.43993485 0.30478245 0.30794013
v -0.40708691 0.30308759 0.33410251
v -0.38007891 0.31422603 0.33974656
v -0.39347005 0.30973303 0.33355820
v -0.01929496 0.44463772 -0.15201494
v 0.42326623 -0.23025323 0.02590891
v 0.38818306 -0.27887607 0.07073320
v 0.29168332 0.43834496 0.17215827
v 0.27126896 0.40860397 0.20542589
v 0.31334239 0.40889418 0.17854325
v 0.30374908 0.46772695 0.13982889
v 0.32521039 0.43683672 0.15404239
v 0.29297131 0.38137275 0.20549226
v 0.33620632 0.37143224 0.18151668
v 0.31607556 0.34745049 0.20335929
v 0.28794569 0.32573301 0.22847031
v -0.01580286 0.41073024 -0.17792572
v -0.01763580 0.42866212 -0.16544119
v -0.17808434 0.23516437 -0.21143284
v 0.35785341 -0.09612371 -0.05603156
v 0.33762854 -0.06593416 -0.08658442
v 0.13287520 0.51148188 0.31279823
v 0.12400734 0.52285630 0.31648085
v 0.14205843 0.52623630 0.36177623
v 0.14189556 0.49872297 0.30715588
v 0.15226702 0.50665981 0.35644075
v -0.08212713 -0.07964374 0.38382855
v -0.06491123 -0.04247375 0.39624822
v -0.11795399 -0.05921391 0.41683257
v -0.06970587 -0.13792597 0.33142969
v -0.09854837 -0.11912659 0.36553416
v -0.12799984 -0.10223165 0.39702716
v 0.31328666 -0.02418189 -0.09975295
v 0.30441874 -0.01741587 -0.14427482
v 0.31106907 -0.01104430 -0.07758565
v 0.31201082 -0.01959789 -0.03477216
v 0.31192821 -0.00007844 -0.05057319
v 0.30278528 -0.00374781 -0.12297143
v -0.30063987 0.44640589 0.30933082
v -0.28401923 0.47917151 0.31959671
v -0.30486065 0.43844515 0.34407660
v 0.63069260 0.40770847 -0.40155980
v -0.59216648 -0.18839104 0.64616466
v -0.64132106 -0.21766968 0.65174145
v 0.31127745 0.50590736 0.08512886
v 0.30825138 0.49160200 0.10949638
v 0.33455491 0.47716439 0.11550249
v 0.35718662 0.43664867 0.13456507
v 0.35373664 0.41909564 0.14703304
v 0.33929044 0.48684156 0.10260780
v 0.31848812 0.51213306 0.06918303
v 0.33066607 0.46076244 0.13239893
v -0.59924668 0.26897430 0.10716172
v -0.57276696 0.28789192 0.15082048
v -0.59249181 0.27084622 0.10302545
v -0.56643069 0.28862756 0.14580195
v -0.53306913 0.30267948 0.19079319
v -0.57898527 0.28738526 0.15580298
v -0.67585236 -0.13040890 0.02373375
v -0.64811873 -0.19401540 0.03473106
v -0.71013784 -0.12931560 0.02821498
v -0.64675009 -0.13195243 0.01994212
v -0.68589288 -0.19168468 0.03706013
v -0.75291193 -0.12846142 0.03616409
v -0.66178089 -0.24621199 0.05087586
v -0.62119853 -0.24762388 0.04968852
v 0.11873515 0.55690390 0.36473176
v 0.11470266 0.53265822 0.31769580
v -0.38979989 0.34584045 0.28087363
v -0.35279149 0.34847414 0.33830896
v -0.36590922 0.35797060 0.30297697
v -0.43379647 0.33572036 0.22820851
v -0.39753085 0.34743947 0.26614878
v -0.45383179 0.14192346 -0.11828853
v -0.42468572 0.11311585 -0.14610206
v -0.45510471 0.11965810 -0.12137879
v -0.48527175 0.17313854 -0.08891463
v -0.48843396 0.15365808 -0.09242429
v -0.45287061 0.16475205 -0.11310436
v -0.16359027 0.37714022 -0.15524219
v -0.16346842 0.35899597 -0.16616444
v -0.38570267 -0.34450692 0.20215984
v -0.40786558 0.24309185 0.41666946
v -0.40086019 0.27018100 0.38577390
v -0.38133466 0.21860622 0.45792356
v -0.23094647 -0.28139359 0.22108230
v -0.24421792 -0.27808887 0.25053972
v -0.24713334 -0.29164553 0.18224461
v -0.22341688 -0.26121712 0.28432235
v -0.27482897 -0.29114431 0.23556308
v -0.26195192 -0.28950208 0.20996280
v -0.25508833 -0.27823311 0.27763054
v -0.21045412 -0.26643455 0.25408545
v -0.20066880 -0.23926289 0.31116453
v 0.10077120 0.12974881 0.38155740
v -0.06199120 -0.02694187 -0.32630941
v -0.02455335 -0.00891167 -0.32467136
v -0.05356359 -0.00533156 -0.32251069
v -0.35745639 0.38286889 0.01572879
v -0.33869267 0.39967597 0.00443744
v 0.58133531 0.35984623 -0.01956922
v 0.59013653 0.38711983 -0.04764399
v 0.55389148 0.37992954 -0.00619009
v 0.60067350 0.41591448 -0.08123966
v 0.01725301 0.58042222 0.15439962
v 0.02752593 0.57276160 0.18078169
v -0.32047677 0.41378957 -0.00699762
v -0.31267935 0.42522204 0.00388322
v -0.30271071 0.42407352 -0.01918806
v -0.34625024 0.38912970 -0.00701659
v 0.02613457 -0.43722576 0.06408024
v -0.00353626 -0.44248033 0.03341614
v 0.41053939 -0.50131547 0.14085786
v 0.41917104 -0.43551517 0.14003208
v 0.38891506 -0.47761482 0.14413582
v -0.53092271 0.28730333 0.04126571
v -0.52831995 0.29422396 0.07091409
v -0.51618797 0.30118287 0.10179618
v -0.54263037 0.29060453 0.07502948
v -0.52756977 0.29956955 0.10866630
v -0.50745499 0.28652591 0.01453630
v -0.59316796 0.25460547 0.05518616
v -0.58425128 0.23199479 0.01310338
v -0.60135275 0.24960965 0.05847652
v -0.58407551 0.26058975 0.05148921
v -0.57517779 0.24094795 0.01171262
v -0.56134850 0.20423971 -0.02654771
v -0.55358112 0.21646771 -0.02585481
v -0.56505418 0.25070465 0.01078890
v 0.18280113 0.07632314 0.27939722
v 0.15603048 0.05738119 0.29210606
v 0.14939491 0.02070515 0.28061661
v 0.20295416 0.05812193 0.25682041
v 0.17562512 0.04017581 0.26929462
v 0.22041519 0.26077765 0.49895319
v 0.19567046 0.23595127 0.46909070
v 0.21341409 0.30251896 0.45123222
v 0.19945250 0.34111321 0.40164030
v 0.21010165 0.36969769 0.42052948
v 0.23024316 0.33470345 0.47536007
v -0.83376801 -0.59070593 0.27426034
v -0.79493695 -0.59012198 0.32903045
v -0.31557995 -0.06037027 0.54888123
v -0.35360032 -0.06603313 0.56686413
v -0.36472315 -0.02414705 0.58006501
v -0.30264705 -0.00573068 0.54992825
v -0.32982016 -0.01690562 0.56437522
v -0.28536391 -0.05195976 0.53245592
v 0.10369925 0.54100615 0.31610483
v 0.10490532 0.56735885 0.36160824
v 0.06987548 0.56695056 0.14387354
v 0.07077041 0.55821329 0.17556386
v 0.05956467 0.55379081 0.20968854
v 0.05299044 0.56432980 0.17542687
v 0.04192574 0.56298178 0.20004740
v -0.79454780 0.12829980 0.44196841
v -0.84137589 0.11621957 0.40203983
v -0.77636951 0.11081595 0.50949216
v -0.87543315 0.09341390 0.43824035
v 0.26542038 -0.65144014 -0.02405774
v 0.26597637 -0.61247706 0.03425617
v -0.17114584 -0.34088933 0.04415707
v -0.19590892 -0.32526243 0.06469774
v -0.17000282 0.44129258 -0.10043150
v -0.18215050 0.44224048 -0.09510732
v -0.18603961 0.46416855 -0.06902313
v -0.19001035 0.45325941 -0.07981902
v -0.19366682 0.44330478 -0.08884905
v -0.32865280 0.32879049 -0.10156135
v -0.32206702 0.30441469 -0.12122673
v -0.32947296 0.35205191 -0.08380547
v -0.31240094 0.34950775 -0.10013428
v -0.11997519 0.26957783 -0.21168751
v -0.09179966 0.27582964 -0.21510959
v -0.22549407 0.25785643 -0.18345788
v -0.23335102 0.23272021 -0.19036770
v -0.09780533 0.68160075 0.48355013
v -0.30057013 0.44157082 0.11792855
v -0.31132197 0.43402851 0.06818219
v -0.14844647 -0.26688737 0.21697798
v -0.16941088 -0.25579906 0.24848752
v -0.17319211 -0.28465688 0.19178924
v -0.19385649 -0.27419651 0.22240067
v -0.19371372 -0.29808789 0.16149217
v -0.21424872 -0.28836894 0.19084567
v -0.22955385 -0.29763538 0.15377890
v -0.20885842 -0.30711466 0.12623101
v -0.18679649 -0.24622355 0.28053114
v -0.52412122 0.25514203 -0.01872602
v -0.50275129 0.23559785 -0.04796750
v -0.53512722 0.24266011 -0.02217362
v -0.51659799 0.20333849 -0.05777849
v -0.54481250 0.22947589 -0.02460308
v -0.50967431 0.22008517 -0.05339560
v -0.48174483 0.19312090 -0.08365226
v -0.47762656 0.21216877 -0.07696281
v -0.51117146 0.26657730 -0.01456572
v -0.49329722 0.24997886 -0.04182959
v -0.47207010 0.22944480 -0.06959672
v -0.18090351 0.37564075 -0.14792567
v -0.19750738 0.37507850 -0.14078534
v -0.73342454 -0.22494186 0.67681503
v 0.63826942 0.34887284 -0.09971455
v 0.64421999 0.38129270 -0.12769072
v 0.25894594 -0.58846617 0.05038586
v 0.19273034 -0.58460343 -0.02768138
v -0.28765696 0.45568919 0.13537534
v -0.27691889 0.46901864 0.15301776
v -0.30429649 0.43569052 0.15532660
v 0.29949397 -0.40372974 -0.38237312
v 0.25587225 -0.41688788 -0.38064221
v 0.23805718 -0.44702017 -0.36875713
v -0.20605162 0.58425260 0.27847251
v -0.23045063 0.55680543 0.27146906
v 0.22981130 -0.40125030 -0.38326272
v 0.26453602 -0.01397124 -0.23068500
v 0.23784290 -0.04363008 -0.28103480
v 0.42374301 0.08777468 0.02678295
v -0.30418766 0.21501690 0.48748344
v -0.35011667 0.22121562 0.46772718
v 0.38741148 -0.32159615 0.09044069
v 0.37254918 -0.35111630 0.10915923
v 0.39999664 -0.33061123 0.09040903
v -0.34152633 0.21575841 -0.15051876
v -0.41703862 0.20484427 -0.11748545
v -0.34935063 -0.00370333 -0.20637685
v -0.36384910 0.00724534 -0.19711611
v -0.38479471 0.00985127 -0.18300746
v 0.48754770 0.31285560 -0.31777874
v 0.49603158 0.31880009 -0.33564311
v 0.46505636 0.34826082 -0.29882345
v 0.47238666 0.35104352 -0.31742519
v -0.44475150 0.30459070 -0.00819335
v -0.41296130 0.29527527 -0.05502034
v -0.60337055 -0.43903941 0.20161155
v -0.55417317 0.26021302 0.01054255
v -0.76309597 0.08528121 0.56455863
v -0.18138506 0.47647280 -0.05555453
v -0.16328046 0.48778003 -0.04695554
v 0.00653170 0.58417439 0.12946686
v 0.24615757 0.27396625 -0.18879256
v 0.23890449 0.17289618 -0.17349008
v 0.16706401 0.29356366 -0.19572163
v 0.17930098 -0.60195869 -0.15918638
v 0.16099471 -0.58868748 -0.14759631
v 0.24327110 -0.52806449 0.08814643
v -0.59036708 -0.19560985 0.03160851
v -0.56427592 -0.19363314 0.02636677
v -0.53649855 -0.18953143 0.01742382
v -0.51353544 -0.23297919 0.03724726
v -0.55829656 -0.13772425 -0.00352043
v -0.09670706 0.43682098 -0.13385789
v 0.15111576 0.48493278 0.29979938
v 0.16128789 0.48531318 0.34916869
v 0.17285128 0.51620519 0.41211742
v 0.18336731 0.48606688 0.40468261
v 0.21883272 -0.21826442 -0.36303455
v 0.27120149 -0.21191256 -0.35107845
v 0.24365346 -0.23891623 -0.36711100
v 0.24691971 -0.18977277 -0.34792393
v -0.95879674 -0.59027058 0.17339641
v 0.38396895 0.48879558 0.01880408
v 0.40723854 0.47590137 -0.00311128
v -0.26666969 0.35070610 -0.12591498
v 0.01945137 -0.36092985 0.12343673
v 0.00047857 -0.38223189 0.10129700
v -0.01982693 -0.33319110 0.12848134
v -0.01850970 -0.36846340 0.10266726
v -0.01835743 -0.40178704 0.07307494
v -0.18237640 0.35673666 -0.15888833
v -0.36908919 -0.06493893 -0.17407456
v -0.39751697 -0.03587379 -0.16080596
v -0.39460295 -0.08286875 -0.14258599
v -0.39657784 -0.05574967 -0.15394457
v -0.09681598 0.50770777 -0.04929396
v -1.07184708 -0.11849500 0.13596770
v 0.21073706 0.09408960 0.26579574
v 0.23149161 0.07352165 0.24241233
v 0.21758445 0.13101277 0.27287859
v 0.24965544 0.14459267 0.25440517
v 0.06865100 -0.15675016 0.23337483
v 0.04329102 -0.49655187 -0.03992512
v 0.03489652 -0.49963820 -0.08580616
v 0.01859625 -0.48792267 -0.07634878
v 0.01512986 -0.48313743 -0.12543747
v 0.19217300 0.38577628 0.29476935
v 0.18754783 0.37449789 0.35264984
v 0.06808236 -0.29105628 0.16900414
v 0.08197010 -0.26433635 0.18119565
v 0.07098324 0.57942712 0.34495553
v -0.33271652 0.23571876 -0.14645967
v 0.57530040 -0.33089709 0.03177892
v -0.00967214 0.60930842 0.31253916
v -0.40393251 0.34798676 0.24883461
v -0.31999218 0.41729504 0.17562915
v -0.29220647 0.45174253 0.17329465
v -0.43724155 -0.21900018 0.56265074
v 0.60158348 0.31163454 -0.02396415
v 0.60880178 0.33865684 -0.04271993
v 0.57288945 0.33487606 0.00291568
v 0.62572801 0.28939116 -0.06059675
v 0.61616093 0.26371837 -0.04962588
v 0.63255149 0.31782341 -0.07703449
v 0.59208459 0.28703234 -0.01067824
v 0.61532098 0.36823756 -0.06776021
v -0.01833852 -0.43081248 0.03618394
v -0.03564884 -0.41758943 0.03793027
v 0.01278532 -0.42602777 0.06892237
v -0.00166950 -0.41451752 0.07167199
v -0.65200871 -0.46097672 0.21040715
v -0.66611934 -0.50261295 0.26626301
v 0.60275143 0.18558754 -0.13197070
v 0.57079244 0.16386566 -0.16930580
v 0.53774875 0.14584030 -0.15257877
v 0.61792397 0.22032419 -0.08890174
v 0.09151021 0.13674620 0.40873903
v 0.12230781 0.16037777 0.38749132
v 0.00495335 0.43951952 -0.15960622
v 0.02457302 0.44956934 -0.15186581
v 0.00804216 0.42218757 -0.17307000
v -0.01305781 0.39047307 -0.18951543
v -0.58524591 0.28522882 0.16173494
v 0.50240546 0.32864469 -0.35168642
v -0.44045562 -0.27378851 0.53772676
v 0.42897767 -0.38130158 0.12256657
v 0.45730937 -0.34686106 0.10064932
v -0.30629551 0.21047005 -0.16845760
v -0.29804015 0.23221704 -0.16377802
v 0.11411224 -0.55115694 -0.17018694
v 0.11912405 -0.55897599 -0.12697805
v 0.14060409 -0.57467741 -0.13721295
v 0.26906335 0.22610658 0.25263172
v 0.27912539 0.27346092 0.24376974
v -0.46186769 0.31448638 0.08125855
v 0.11384685 -0.04064627 0.27481362
v 0.09841841 -0.02360567 0.29731357
v 0.12539697 -0.05539919 0.25615954
v 0.13894059 -0.01692361 0.26840809
v 0.12372847 -0.00032660 0.29046154
v -0.60563070 0.26676375 0.11111356
v -0.14249092 0.04194364 0.46846247
v -0.20860770 0.11827298 0.50245166
v 0.15125830 -0.03151796 0.24944790
v 0.16516329 0.00443285 0.25939217
v -0.52306587 0.18667899 -0.06075223
v -0.52470356 0.27864459 0.01289766
v -0.54055160 0.26980633 0.01127605
v 0.53157938 -0.20443182 -0.12840974
v 0.54676574 -0.21060114 -0.13794163
v 0.55283004 -0.23363329 -0.06697974
v 0.56185406 -0.22316279 -0.10692178
v 0.18999387 -0.02454402 0.21885036
v 0.17812979 -0.01062926 0.23928773
v 0.50533491 -0.19079365 -0.16187058
v -0.23215267 0.52771169 0.13658918
v -0.22197016 0.53466034 0.12242022
v 0.04375099 0.07976413 -0.27610976
v 0.23123457 -0.58322412 -0.27694887
v -0.00502314 -0.26956964 -0.33748782
v 0.02803721 -0.28414392 -0.34528500
v -0.01079513 -0.30178577 -0.32430863
v -0.18774666 0.31148344 -0.17678024
v -0.35131812 0.08746468 0.55132353
v -0.33275801 0.10420614 0.53676468
v -0.37555057 0.13152605 0.53134453
v -0.39498121 0.17249611 0.49857304
v -0.41947353 0.15887143 0.50966591
v -0.37352163 0.18546639 0.49073181
v -0.35653234 0.14713505 0.51888090
v 0.12270848 -0.41816932 -0.34263965
v -0.59511131 0.15608346 -0.02600165
v -0.58629543 0.17113656 -0.02614709
v -0.61596727 0.23954172 0.06335049
v -0.60895437 0.20717718 0.01644783
v -0.22078101 -0.24579103 -0.21298757
v -0.24418670 -0.23670404 -0.19265234
v -0.22383255 -0.21574883 -0.23299375
v -0.27786672 -0.16224554 -0.21345738
v -0.25096023 -0.17360660 -0.23204052
v -0.27376890 -0.19545710 -0.19441207
v -0.22353812 -0.18218116 -0.24997795
v -0.24883102 -0.20700519 -0.21423629
v 0.61362112 0.44345289 -0.11775182
v -0.24730091 -0.23908038 0.40192530
v -0.26713747 -0.24692042 0.41949505
v 0.31290412 -0.10558866 -0.26389828
v 0.33615297 -0.12980948 -0.26618141
v -0.89114273 0.09279133 0.27624673
v 0.02933955 0.43307531 -0.16622443
v 0.04210619 0.45965672 -0.14260520
v 0.29504412 -0.23218609 -0.35381135
v -0.21596815 0.49130529 -0.00968214
v -0.20236067 0.49109721 -0.01997697
v -0.19523655 0.50406432 -0.00227412
v 0.00224775 0.36621279 0.80638713
v 0.58197540 0.39285332 -0.40793797
v 0.56556463 0.36389041 -0.39583248
v 0.55261666 0.33851111 -0.38259569
v 0.63784623 0.33296239 -0.35092974
v 0.58956766 0.31867146 -0.36697498
v 0.04491624 -0.41954017 0.09218592
v 0.03101441 -0.40740776 0.09711444
v 0.03538297 -0.37459767 0.12170383
v 0.05365615 -0.35329974 0.13841674
v 0.44056135 -0.16046394 -0.19241987
v 0.54229587 0.31726998 -0.36806029
v 0.01778556 -0.44947785 -0.21964514
v 0.01488896 -0.47023505 -0.17425865
v 0.02259923 -0.42337519 -0.25966585
v -0.40808070 -0.36087269 0.21183740
v -0.38269806 -0.35947579 0.26570129
v -0.40952545 -0.37829703 0.27455297
v 0.08883014 0.57441849 0.35449561
v 0.09258917 0.49771750 -0.09955733
v -1.08560562 -0.28173268 0.05873346
v -1.05689788 -0.35689890 0.05598105
v -1.01850629 -0.42820233 0.07437235
v -1.07728052 -0.38909835 0.04241104
v -1.03483033 -0.32819051 0.07001365
v -1.10269153 -0.20799406 0.08255096
v -1.05911756 -0.25473005 0.07427442
v 0.45598853 0.24984801 0.09311089
v 0.44367915 0.31658560 0.10797065
v 0.47087580 0.27081406 0.08554225
v 0.49573928 0.23061080 0.05561344
v 0.47602069 0.20744756 0.06361661
v 0.44274253 0.22805706 0.10101164
v 0.45758229 0.18415010 0.07247839
v -0.24006528 0.56278843 0.38300109
v -0.57292396 0.26772353 0.04768866
v 0.06280311 0.06030351 -0.27953979
v 0.25231159 0.07120609 -0.16018429
v 0.30385363 0.04685562 -0.09016776
v 0.61453998 0.27836609 -0.32186440
v 0.62519449 0.30431068 -0.33514208
v 0.27873814 -0.24835454 0.11491882
v -0.62174392 0.01072137 0.64913344
v 0.11814304 0.11288588 -0.23412970
v 0.08505771 0.11074983 -0.24904773
v 0.16559246 0.13454866 -0.20508963
v 0.10532336 0.08626986 -0.25089937
v 0.07428440 0.08498078 -0.26364625
v -0.97280383 -0.37186110 0.09307951
v -0.93565077 -0.43497419 0.11995588
v -1.00060117 -0.39901423 0.08468114
v -0.97356641 -0.49103785 0.11072150
v -0.95904118 -0.46247232 0.11582824
v -0.92533237 -0.54058868 0.16036183
v -0.91293508 -0.51416892 0.15948936
v -0.89306831 -0.48775935 0.15843719
v -0.46892995 0.31397396 0.11485729
v -0.34954840 0.02779165 0.57235879
v -0.38115597 0.01884416 0.58655047
v -0.36855024 0.31902266 0.34829134
v 0.57887989 0.29521996 -0.35301676
v 0.60434145 0.25683796 -0.30886418
v 0.51882082 0.36184120 -0.38140994
v 0.50930303 0.34293383 -0.36667952
v -0.12388946 -0.27901804 0.18867160
v -0.09382151 -0.32459462 0.12380990
v -0.09726359 -0.29200047 0.16508210
v -0.09685380 -0.25760990 0.20996435
v -0.04569724 -0.28360277 0.16715144
v -0.04387581 -0.31933266 0.13522290
v -0.07006475 -0.30544472 0.14714701
v -0.06634961 -0.33937389 0.11220639
v -0.07116824 -0.27037853 0.18552580
v 0.08038975 -0.39117247 -0.32964829
v 0.05948851 -0.37751579 -0.32370624
v 0.09345627 -0.36065489 -0.34935510
v 0.04681706 -0.33166575 -0.33778971
v 0.07106306 -0.34659022 -0.34331307
v -0.53716511 0.03963707 -0.08102939
v -0.33344871 0.40259504 0.19546245
v -0.34366173 0.39229000 0.21569471
v 0.01653267 -0.39532757 0.09999427
v 0.03731774 -0.33873999 0.14106774
v -0.35308200 -0.01590258 -0.20449832
v -0.39730299 -0.02423085 -0.16519780
v 0.20553781 -0.08511744 0.16731605
v 0.22476168 -0.10055290 0.14303374
v -0.19638953 -0.25245345 -0.23322442
v -0.03278788 0.06419054 0.42417341
v 0.01008042 0.04075352 0.39102897
v -0.09478790 -0.39491451 0.00535587
v -0.61733359 -0.19556972 0.03374285
v -0.11889764 0.32452595 -0.19468543
v -0.04990469 0.64249086 0.33491361
v -0.86138749 -0.46166891 0.15518823
v -0.82009751 -0.50323492 0.19647986
v -0.84817672 -0.52769607 0.20340572
v -0.89937395 -0.40894645 0.12041464
v 0.62297314 0.39859372 -0.09794639
v 0.63257021 0.42740202 -0.13040148
v 0.64327139 0.44673896 -0.15369767
v -0.20256387 0.45373929 -0.07223086
v -0.19881703 0.46463990 -0.06052864
v -0.45962715 -0.10011500 -0.07992247
v -0.49801892 -0.09440187 -0.05861346
v -0.46241486 -0.06337315 -0.09904973
v -0.48804402 -0.13787824 -0.03656572
v -0.52412397 -0.13782272 -0.01845171
v -0.42358309 -0.10628504 -0.10260014
v -0.42653883 -0.07326553 -0.12076223
v -0.26745245 -0.22501491 -0.17183171
v -0.29131520 -0.21152236 -0.15033387
v 0.21691291 0.40357208 0.43841854
v 0.19152860 0.42541832 0.38130000
v -0.09111079 0.01666916 0.43643144
v -0.10759073 -0.01773560 0.43162587
v -0.15384692 -0.04172138 0.44564399
v -0.04411891 -0.00944937 0.40099162
v -0.15127084 0.00429805 0.46213570
v -0.96790755 0.05209287 0.41983327
v -0.96804887 0.05278258 0.34925422
v -0.92358780 0.07563995 0.39657995
v -0.92861593 0.07252967 0.31744170
v -0.88655722 0.09744565 0.36102405
v -0.48452395 0.31055140 0.12442218
v -0.76193744 -0.32836777 0.64146376
v -0.70858234 -0.25648862 0.65920693
v -0.69012529 -0.28993660 0.63440007
v 0.40174013 0.48080617 -0.03567130
v -0.53470564 0.01467078 0.63402838
v -0.52040339 0.05232961 0.61220652
v -0.49600077 0.30953127 0.13389370
v 0.21853702 -0.54700291 -0.29937723
v 0.23178403 -0.52111918 -0.32608816
v 0.36308736 0.08531561 0.12079784
v 0.47445011 0.12431222 0.00396485
v 0.44545221 0.09075356 -0.01938064
v 0.44624192 0.12812515 0.05004587
v 0.44757009 0.10433332 0.01592997
v 0.46824282 0.14941116 0.03969998
v 0.64268768 0.27011976 -0.10596810
v 0.63925856 0.23012330 -0.14767195
v 0.57910550 -0.22517283 -0.15828007
v 0.56206560 -0.21640022 -0.14780371
v -0.57782161 0.18240817 -0.02635138
v -0.59278017 0.22372890 0.01437797
v -0.56950122 0.19290644 -0.02658116
v -0.60109949 0.21608150 0.01575082
v 0.10866919 -0.32955635 -0.36260676
v 0.08452758 -0.31483555 -0.35680768
v 0.11535272 -0.37421113 -0.35570532
v 0.13176857 -0.34363580 -0.36869723
v 0.04540306 0.57216084 0.15210046
v -0.46725392 -0.25552183 0.04364462
v -0.49149513 -0.26732129 0.05533396
v -0.53802168 -0.24080594 0.04546526
v -0.49254817 -0.30517113 0.08034518
v -0.51411051 -0.27749795 0.06282510
v -0.42319918 -0.26779753 0.04727418
v -0.54694599 0.28124261 0.04261053
v -0.49714726 0.27660578 -0.01069148
v 0.25887936 0.18350062 0.25585514
v 0.03784445 -0.25162011 -0.35404387
v 0.04845237 -0.21808247 -0.35892183
v 0.05795335 -0.29950607 -0.35127422
v -0.59970737 -0.02462833 0.65897918
v -0.57551330 -0.00173579 0.65072149
v -0.59567118 0.03425729 0.63859957
v 0.53161931 0.38485628 -0.39421099
v -0.22600815 -0.31322217 0.05027115
v -0.21901470 -0.31190300 0.08818199
v -0.12131296 -0.24497236 0.23885854
v -0.14292389 -0.23263215 0.27069923
v -0.16190408 -0.22137089 0.30299008
v 0.36824280 -0.24434637 -0.33468109
v 0.33963656 -0.26663834 -0.35548675
v 0.34737402 -0.22780754 -0.33370247
v 0.37878239 -0.20829161 -0.30719328
v 0.35588115 -0.18934433 -0.30465439
v 0.39915133 -0.22464244 -0.30933779
v 0.32469219 -0.20891173 -0.33206433
v 0.24169625 -0.03411651 0.15219988
v 0.63263261 0.24409834 -0.09599940
v 0.62387317 0.20729966 -0.14010862
v 0.30697405 -0.14480002 -0.29941243
v 0.27677822 -0.16492999 -0.32679150
v 0.30086917 -0.18795891 -0.32936847
v -0.36486286 0.37298733 0.00231308
v -0.36968541 0.36333221 -0.01204723
v -0.28142899 -0.23683305 -0.12450679
v -0.25818139 -0.25020921 -0.14632981
v -0.56088305 0.27463987 0.04468337
v 0.30365646 -0.13603622 0.06487523
v -0.15663084 -0.08860078 0.42432079
v 0.24789612 -0.16678996 0.12103777
v 0.28838784 -0.16079319 0.08686218
v -0.11663523 -0.20486154 0.29148656
v -0.09371659 -0.21899740 0.25897524
v -0.93173105 -0.34761059 0.09608325
v -0.74514890 -0.35402203 0.61629051
v -0.22800070 0.51931489 0.08725107
v -0.36641347 0.37399203 0.19660766
v -0.35060799 0.38534814 0.23706934
v -0.37533122 0.36764485 0.21686526
v -0.45162445 0.18661883 -0.10624136
v 0.30407745 -0.01601214 0.03249879
v 0.31130803 -0.00795070 -0.00691196
v -0.20558412 0.56888121 0.18144546
v -0.13803020 -0.19148609 0.32393339
v -0.15768856 -0.18017477 0.35415196
v -0.17508477 -0.17155206 0.38063580
v -0.17805575 -0.21210174 0.33327919
v -0.19165495 -0.20578180 0.36018780
v -0.48086554 0.28585529 -0.00782778
v -0.48233020 0.26256263 -0.03608443
v -0.46463650 0.24464485 -0.06263076
v 0.18946382 0.45513034 0.39402306
v 0.21770702 0.44139636 0.45458430
v -0.09390479 0.17748995 -0.25174594
v 0.22489594 0.16976818 0.27690598
v -0.46267724 0.32105345 0.15437710
v 0.35999751 0.42609978 -0.16373058
v 0.39702994 0.30313689 -0.22950169
v -0.06751635 -0.18900898 0.27849308
v -0.09209871 -0.17292723 0.31170842
v -0.06969106 -0.23266388 0.22927420
v -0.04374936 -0.20451525 0.24811973
v -0.11683159 -0.15719670 0.34482279
v 0.20807718 0.41460079 0.25263721
v 0.19351804 0.42865980 0.26122209
v -0.77768749 -0.57521737 0.31320742
v -0.82008356 -0.57170624 0.26232144
v -0.75970805 -0.56051147 0.29896519
v -0.80293548 -0.55160165 0.25153640
v -0.86587924 -0.55131817 0.20981047
v -0.73551089 -0.54381394 0.28702542
v -0.77724016 -0.53050560 0.24157549
v 0.33138108 -0.16812362 -0.30183259
v 0.36142600 -0.15320140 -0.26864174
v 0.37021708 0.34809387 0.16412987
v 0.34808582 0.39625007 0.16285491
v -0.05604590 -0.40268725 0.03996252
v -0.06606291 0.04420082 0.43363917
v -0.44810057 0.20686670 -0.09797724
v -0.19173032 -0.15437360 -0.27818626
v 0.06747513 0.33867800 -0.20709947
v 0.10314451 0.27706578 -0.21171769
v 0.08481470 0.30996776 -0.21023265
v 0.09819919 0.35303026 -0.19848961
v -0.15484038 0.65355724 0.44511184
v -0.60383511 -0.48410475 0.42062792
v -0.10536075 -0.36921382 0.05132697
v -0.51523513 -0.31469387 0.08471498
v 0.22140832 -0.47720349 -0.35034472
v 0.20669214 -0.50633550 -0.32602555
v -0.60887134 0.24509652 0.06110583
v 0.43082362 0.20711267 0.10962782
v 0.41619569 0.25897312 0.13189961
v 0.41928226 0.18875036 0.11979046
v 0.44084692 0.16252336 0.08183785
v 0.42554075 0.14455748 0.09195775
v -0.55466592 0.28683513 0.07980267
v 0.41050786 -0.19284116 -0.27546182
v 0.38690394 -0.17436551 -0.27183339
v 0.44015414 -0.18267858 -0.23846915
v 0.41600096 -0.16457146 -0.23402676
v -0.87842566 -0.32754338 0.09268679
v -0.90071696 -0.26518434 0.07929320
v 0.28840584 -0.01363217 -0.18884049
v 0.58773881 -0.23924591 -0.21035603
v 0.12865059 -0.56001788 -0.08378398
v 0.14927067 -0.57682300 -0.09532642
v 0.50451094 0.40770733 -0.37871811
v -0.31206906 0.42700267 0.26944518
v -1.00238788 -0.30291164 0.08064075
v 0.01956753 -0.31650412 -0.33167630
v 0.40857673 -0.40312338 -0.38317972
v 0.12279876 0.36018312 -0.19151761
v 0.10510479 0.39195722 -0.18457723
v 0.14592673 0.39461040 -0.17412314
v 0.12379333 0.41610897 -0.16913639
v 0.08914091 0.41929317 -0.17384839
v 0.08068421 0.38090777 -0.19302323
v 0.19220568 0.02342525 0.24789910
v -0.63348430 -0.50768870 0.31531650
v -0.60309738 -0.49680388 0.36706010
v 0.31534892 0.00964268 -0.01918463
v 0.42669523 0.11053582 0.06032223
v 0.43089730 -0.20855106 -0.27901033
v 0.35971355 -0.28196883 -0.35411465
v -0.43561912 0.24041268 -0.08344381
v -0.44278836 0.22468942 -0.08986169
v 0.10098478 -0.40460610 -0.33636692
v 0.17867278 -0.59052765 -0.06734325
v 0.16795744 -0.59224606 -0.10755688
v 0.56523252 0.48433340 -0.38287571
v -0.32951719 0.40473926 0.25450224
v -0.35358495 0.38058680 0.26020849
v -0.43524754 0.19796500 0.46196318
v -0.40659517 0.20977712 0.45773843
v -0.35167176 -0.26805514 0.03672764
v -0.33669287 -0.24975292 -0.00708952
v -0.37922907 -0.27490145 0.05361937
v -0.36288023 -0.28904980 0.08147334
v 0.56784010 -0.24673669 -0.24891874
v -0.43927175 0.05570266 0.59252286
v -0.48050106 0.05310540 0.60330909
v -0.41993856 0.01423604 0.60016221
v -1.10678077 -0.14073111 0.12493739
v -0.30581915 0.32697403 -0.11831081
v -0.29046917 0.34959418 -0.11453496
v 0.53032452 0.50555801 -0.26863191
v 0.54717529 0.50686693 -0.28154540
v -0.63929653 -0.29295480 0.06901854
v -0.59677035 -0.29135627 0.06805917
v -0.54012591 -0.38049090 0.51873255
v -0.20391168 -0.20196825 0.38321325
v -0.21655741 -0.20157343 0.40318111
v 0.22991984 -0.02103936 0.17869823
v 0.21550395 -0.05062257 0.17317814
v -0.37311453 0.07288353 0.56641895
v -0.40263122 0.06245232 0.58029729
v 0.21829565 -0.00738361 0.20336975
v 0.20207299 -0.03769255 0.19702858
v 0.54537714 0.50531244 -0.18985213
v -0.19719894 0.43340969 -0.09719463
v -0.20603919 0.44385219 -0.08200535
v 0.65353429 0.44715297 -0.19007395
v 0.66674453 0.43724108 -0.22389448
v 0.64797962 0.47228760 -0.25124234
v -0.71977520 -0.55386716 0.34445208
v -0.38715982 -0.30036998 0.09602500
v -0.04555375 -0.24605410 0.20443751
v -0.02244866 -0.25915617 0.18536946
v 0.11339457 -0.53655005 -0.21235308
v 0.05350486 -0.31573415 0.15587261
v 0.33067268 0.03401395 0.01226172
v 0.25749451 -0.49362040 0.11630602
v 0.26736391 -0.51130211 0.11155896
v -0.40548682 -0.28615505 0.06864112
v -0.39525664 -0.25701231 0.03102345
v 0.62660712 0.46691847 -0.16029124
v 0.61809379 0.49407047 -0.22231093
v 0.63632685 0.47640020 -0.20892072
v 0.62701869 0.49435341 -0.27121198
v 0.55723131 0.50421959 -0.18844330
v 0.58806598 0.50920635 -0.23926482
v 0.57545048 0.51040596 -0.24337971
v 0.56228817 0.50924194 -0.29005280
v 0.56343347 0.50945628 -0.24378285
v 0.57647067 0.51121122 -0.29367557
v 0.55102396 0.50806546 -0.24013340
v 0.55112427 0.48893088 -0.37226382
v 0.57036841 0.49639374 -0.36232239
v 0.55274987 0.49704933 -0.35432968
v 0.55747026 0.50461996 -0.32619235
v 0.60218561 0.50433797 -0.23201630
v 0.60786301 0.50616592 -0.28447378
v 0.59090692 0.49370849 -0.36497349
v 0.59131616 0.51099169 -0.29175442
v 0.61203963 0.49958241 -0.32652822
v 0.59209573 0.50529861 -0.33342949
v 0.57409388 0.50597525 -0.33297184
v -0.62338752 -0.47998184 0.25703716
v -0.38029891 -0.22950824 -0.00998262
v -0.42596239 -0.20700388 -0.01159760
v -0.41088200 -0.23455037 0.01011304
v -0.36603123 -0.25082517 0.01265441
v 0.07515286 0.48348552 -0.11711015
v 0.46111107 -0.19717397 -0.24360132
v -0.42695290 0.10553628 0.55944884
v -0.36956161 0.35555822 -0.02897345
v -0.52911055 0.17135234 -0.06248723
v 0.48710281 -0.19097778 -0.20411342
v -0.22104421 0.54251826 0.14323238
v -0.31673992 -0.19778317 -0.12764768
v 0.24878319 -0.44395262 0.13211134
v 0.24220984 -0.47615725 0.11943100
v -0.22033973 0.55142134 0.16722928
v -0.41941887 0.29036397 0.34516448
v -0.14098328 -0.14318782 0.37531146
v -0.21389231 0.52068585 0.05344917
v -0.01956731 0.01845220 0.39905095
v 0.02019931 -0.00618947 0.36362758
v 0.15092668 -0.36774087 0.14391090
v 0.12830913 -0.38490158 0.13549659
v -0.29713544 0.36883110 -0.09685086
v -0.45723516 -0.21430071 0.00821443
v -0.44041216 -0.24396174 0.02831700
v 0.15674657 0.35063851 -0.18681186
v 0.12571266 0.32785970 -0.19811964
v 0.46538919 -0.17787242 -0.19759664
v 0.20600142 0.00745149 0.22630562
v -0.34954143 0.36292428 -0.05007297
v -0.34183621 0.35664243 -0.06677105
v -0.36624748 0.34777725 -0.04657903
v 0.37291592 -0.30742079 0.09035143
v 0.05127034 -0.02910124 0.32990646
v -0.37946576 0.36418045 0.23795596
v 0.05701815 0.42699599 -0.17141287
v -0.57599598 0.04641343 0.62976050
v -0.55282259 0.05127422 0.62096161
v -0.55728817 0.01028861 0.64284712
v -0.35262018 0.37831604 -0.01879748
v -0.35317922 0.37035406 -0.03436686
v -0.33712482 0.38443172 -0.03875973
v -0.32373643 0.38700795 -0.05356750
v -0.33449614 0.37757695 -0.05180186
v -0.31467223 0.38614404 -0.06491193
v -0.32694763 0.37233561 -0.06654362
v -0.16327247 -0.13256139 0.40205604
v -0.21382281 0.42249620 -0.09897003
v -0.06133879 -0.37244278 0.07770916
v -0.03812956 -0.38760448 0.07449802
v -0.04087011 -0.35403788 0.10563306
v -0.07957247 -0.38648385 0.04395369
v -0.08735569 -0.35640991 0.08436581
v -0.24021533 -0.30234987 0.11368790
v -0.54356402 0.08652546 0.59158123
v -0.44014543 -0.17468508 -0.03418930
v -0.45184076 -0.13824910 -0.05754869
v -0.47373390 -0.17870452 -0.01337387
v 0.40378851 -0.29379487 0.06962607
v -0.31426597 0.36955118 -0.08208355
v -0.53710943 -0.28474784 0.06671185
v -0.56242073 -0.24581133 0.04904031
v -0.87798434 -0.57421929 0.21675755
v -0.93823284 -0.56640089 0.16361199
v -0.20968498 0.43393105 -0.09077156
v -0.00437323 -0.03446050 0.36440200
v -0.39748704 0.11695619 0.54546005
v 0.16224031 -0.57318139 -0.05392661
v -0.58915877 -0.24788965 0.04963588
v 0.14272027 -0.55524421 -0.04166628
v -0.56362456 -0.28915143 0.06775447
v -0.50659686 -0.18409181 0.00361561
v -0.48691541 -0.22351645 0.02449310
v -0.11975790 -0.37666005 0.01417583
v -0.32588106 0.04127813 0.55709559
v 0.04867412 0.44430697 -0.15746810
v -0.73336798 -0.18969613 0.04221923
v -0.71259260 -0.24556224 0.05444294
f 1 2 3
f 4 2 5
f 2 4 6
f 7 8 1
f 9 5 10
f 11 7 12
f 13 14 15
f 16 17 14
f 18 14 19
f 15 20 13
f 15 21 22
f 20 15 23
f 24 25 26
f 27 28 29
f 30 31 25
f 32 33 34
f 35 36 32
f 37 33 38
f 39 32 40
f 40 34 41
f 34 42 43
f 33 37 42
f 44 45 46
f 47 40 48
f 49 39 47
f 39 49 50
f 51 52 53
f 54 55 51
f 56 57 55
f 58 52 59
f 55 54 56
f 60 61 62
f 63 19 61
f 64 65 66
f 65 67 68
f 66 68 69
f 70 65 71
f 72 64 73
f 71 64 74
f 69 75 66
f 54 76 77
f 78 79 76
f 51 80 54
f 76 80 78
f 81 80 53
f 82 83 84
f 84 85 82
f 86 87 88
f 87 89 84
f 88 83 90
f 82 91 83
f 21 17 92
f 17 16 82
f 93 94 95
f 96 97 95
f 95 98 93
f 99 100 101
f 95 99 96
f 94 102 99
f 103 104 57
f 105 59 106
f 107 108 104
f 109 110 111
f 112 113 101
f 114 112 111
f 113 115 96
f 116 117 113
f 12 1 118
f 119 12 120
f 121 122 118
f 123 121 3
f 124 119 125
f 126 11 127
f 127 124 128
f 129 130 131
f 125 130 128
f 131 132 129
f 130 129 133
f 134 123 6
f 12 119 11
f 132 131 120
f 135 7 126
f 136 98 134
f 123 134 115
f 136 134 137
f 87 86 138
f 86 88 139
f 140 89 107
f 105 106 138
f 107 141 140
f 110 62 114
f 142 23 143
f 143 112 142
f 62 20 142
f 105 138 144
f 145 146 144
f 59 105 58
f 146 147 58
f 148 145 149
f 139 148 86
f 138 108 87
f 150 103 56
f 121 123 117
f 129 150 77
f 120 122 132
f 89 140 85
f 140 151 92
f 98 136 152
f 93 152 153
f 152 154 155
f 156 151 157
f 23 22 156
f 143 156 116
f 158 117 157
f 117 158 121
f 159 158 141
f 143 116 112
f 160 159 103
f 104 159 107
f 103 150 160
f 122 158 160
f 161 162 27
f 26 28 163
f 29 164 27
f 165 166 167
f 168 169 165
f 167 170 165
f 171 172 173
f 174 175 172
f 176 171 177
f 173 166 178
f 178 179 173
f 74 72 163
f 26 72 24
f 163 162 180
f 181 161 182
f 183 181 184
f 164 185 182
f 184 186 183
f 31 187 29
f 188 189 190
f 188 191 192
f 190 193 194
f 191 188 195
f 196 197 189
f 197 198 193
f 192 199 188
f 200 199 201
f 200 201 202
f 203 204 205
f 204 206 202
f 202 207 200
f 208 207 209
f 203 210 204
f 206 204 211
f 212 213 214
f 215 214 216
f 217 212 215
f 218 219 217
f 213 212 220
f 221 215 222
f 223 224 214
f 223 213 225
f 224 223 226
f 227 228 220
f 200 196 199
f 197 196 208
f 229 71 230
f 231 232 233
f 233 70 229
f 232 67 70
f 171 176 231
f 233 234 231
f 229 235 233
f 170 167 216
f 194 236 50
f 195 190 237
f 238 239 43
f 240 238 45
f 67 232 241
f 177 242 176
f 243 244 245
f 218 246 247
f 244 248 247
f 247 249 218
f 244 250 248
f 251 243 252
f 253 243 254
f 243 253 244
f 252 245 255
f 255 256 252
f 257 258 238
f 238 240 257
f 259 258 260
f 239 258 261
f 50 35 39
f 237 194 262
f 24 73 263
f 263 30 24
f 67 241 264
f 242 177 265
f 172 171 174
f 36 35 198
f 266 267 268
f 268 210 269
f 270 211 266
f 271 203 272
f 205 201 272
f 273 274 192
f 230 275 229
f 264 242 276
f 68 264 277
f 278 44 279
f 37 280 46
f 281 279 282
f 38 283 37
f 185 284 184
f 284 260 186
f 45 44 240
f 285 217 221
f 246 218 285
f 221 286 285
f 287 288 209
f 209 206 287
f 289 208 290
f 290 283 289
f 291 283 288
f 292 288 293
f 294 291 292
f 252 295 251
f 296 297 251
f 298 296 299
f 278 300 181
f 162 161 301
f 279 281 278
f 181 183 278
f 302 222 175
f 222 303 221
f 304 305 303
f 275 305 235
f 235 304 234
f 303 222 304
f 306 307 308
f 303 307 286
f 234 302 174
f 230 74 180
f 226 168 224
f 255 246 309
f 256 255 310
f 286 311 309
f 211 270 287
f 299 295 312
f 36 198 38
f 198 197 289
f 266 268 299
f 261 48 239
f 180 313 230
f 275 313 305
f 270 312 293
f 314 292 315
f 248 220 249
f 316 282 294
f 283 291 280
f 317 313 301
f 313 317 308
f 301 300 317
f 312 270 299
f 312 256 315
f 311 314 310
f 292 314 294
f 308 316 306
f 307 306 311
f 317 281 316
f 4 5 318
f 319 185 187
f 185 319 284
f 318 320 4
f 320 154 137
f 154 320 321
f 79 322 133
f 210 203 323
f 324 325 326
f 325 324 327
f 326 328 324
f 328 326 329
f 330 331 332
f 333 330 334
f 335 336 337
f 338 339 340
f 341 342 336
f 337 343 335
f 344 345 339
f 346 347 348
f 346 349 350
f 349 346 351
f 348 352 353
f 347 354 352
f 355 356 357
f 357 358 359
f 360 361 362
f 359 361 363
f 356 364 358
f 365 366 367
f 367 368 365
f 365 369 370
f 371 372 373
f 368 374 369
f 375 376 377
f 378 379 380
f 381 382 383
f 379 384 385
f 379 378 384
f 379 386 383
f 386 379 387
f 388 389 390
f 388 391 389
f 392 393 389
f 391 388 394
f 395 396 390
f 397 398 399
f 399 400 397
f 400 399 401
f 402 403 404
f 399 403 405
f 406 407 408
f 409 406 410
f 411 412 413
f 414 415 411
f 415 416 412
f 412 417 408
f 418 413 419
f 420 421 422
f 422 423 420
f 420 424 425
f 423 422 426
f 427 428 429
f 430 431 432
f 433 434 431
f 429 435 427
f 431 430 433
f 434 433 436
f 437 438 439
f 439 440 437
f 441 442 437
f 443 441 444
f 445 446 441
f 444 447 443
f 448 449 450
f 449 448 451
f 452 453 454
f 455 448 456
f 457 452 458
f 459 460 461
f 461 462 463
f 462 460 464
f 336 335 341
f 465 466 467
f 468 469 470
f 468 471 472
f 470 473 474
f 474 475 470
f 470 476 468
f 477 478 479
f 480 481 482
f 483 484 481
f 485 483 480
f 483 485 486
f 480 487 485
f 488 489 490
f 489 491 492
f 491 489 493
f 494 495 492
f 496 488 497
f 498 494 499
f 500 501 502
f 502 503 500
f 504 505 502
f 506 503 507
f 505 504 508
f 509 504 510
f 402 511 512
f 513 514 512
f 512 515 513
f 515 516 517
f 516 515 518
f 519 520 521
f 522 523 524
f 525 526 520
f 527 521 528
f 523 522 529
f 521 523 530
f 531 532 533
f 533 534 535
f 532 536 534
f 532 531 537
f 533 538 531
f 535 539 533
f 540 541 542
f 543 544 545
f 546 547 544
f 548 549 545
f 545 550 543
f 551 548 541
f 552 553 554
f 555 556 557
f 554 555 558
f 556 555 559
f 560 552 561
f 562 563 560
f 564 565 566
f 567 568 564
f 569 567 570
f 568 567 571
f 566 572 564
f 573 574 575
f 574 573 576
f 576 577 574
f 574 578 579
f 580 581 582
f 581 583 576
f 584 585 586
f 587 584 588
f 588 586 589
f 590 591 592
f 585 593 590
f 586 590 594
f 393 392 595
f 596 597 598
f 391 599 392
f 600 393 601
f 69 277 602
f 603 425 276
f 425 603 420
f 75 69 604
f 604 602 605
f 434 606 429
f 607 608 609
f 610 611 612
f 612 613 610
f 608 607 614
f 613 612 615
f 616 617 618
f 617 616 619
f 618 338 616
f 620 621 622
f 623 620 624
f 617 625 622
f 626 627 628
f 582 629 580
f 628 630 631
f 626 632 633
f 633 634 626
f 628 635 626
f 636 637 638
f 637 636 639
f 640 641 642
f 642 636 643
f 644 645 646
f 646 643 644
f 646 647 648
f 649 355 650
f 651 649 652
f 650 357 653
f 654 655 656
f 657 658 656
f 659 660 657
f 661 659 655
f 656 662 654
f 655 654 663
f 656 664 662
f 665 666 667
f 667 668 669
f 670 667 671
f 666 370 668
f 370 666 672
f 673 674 675
f 676 677 678
f 679 680 676
f 681 682 674
f 682 683 678
f 684 685 686
f 686 687 688
f 687 689 690
f 691 692 693
f 693 684 694
f 695 696 697
f 698 699 700
f 701 700 702
f 703 702 695
f 697 699 704
f 705 706 698
f 707 708 709
f 708 707 710
f 711 707 712
f 712 709 713
f 714 715 716
f 717 716 718
f 719 720 721
f 722 723 719
f 724 725 726
f 727 719 728
f 728 721 729
f 730 731 31
f 732 572 733
f 733 734 735
f 736 737 738
f 732 739 740
f 739 732 741
f 742 662 743
f 743 744 745
f 746 747 748
f 749 750 751
f 748 752 746
f 753 754 755
f 754 753 756
f 748 753 757
f 758 759 760
f 761 762 760
f 763 758 764
f 758 763 765
f 759 758 766
f 767 764 768
f 769 447 770
f 771 772 769
f 440 773 444
f 774 771 775
f 771 774 776
f 776 777 771
f 778 779 780
f 781 782 778
f 783 784 785
f 780 784 397
f 784 783 398
f 782 786 779
f 767 785 787
f 561 554 788
f 789 560 790
f 788 791 561
f 792 789 793
f 794 795 796
f 797 796 798
f 799 794 797
f 800 801 802
f 803 804 800
f 796 801 805
f 806 807 808
f 807 809 810
f 811 812 813
f 813 806 814
f 808 810 815
f 816 817 818
f 819 820 816
f 821 817 822
f 823 824 820
f 825 819 826
f 826 816 827
f 828 829 830
f 831 832 833
f 834 835 830
f 836 828 837
f 836 838 828
f 832 839 840
f 830 839 834
f 841 842 843
f 842 841 844
f 843 845 841
f 846 847 848
f 849 850 846
f 846 851 849
f 848 852 853
f 854 852 855
f 848 853 846
f 856 857 858
f 857 859 860
f 859 857 861
f 862 863 860
f 858 864 856
f 865 866 867
f 868 865 869
f 867 870 631
f 871 872 866
f 873 874 875
f 874 876 877
f 878 497 874
f 879 880 881
f 874 873 878
f 882 883 884
f 882 885 886
f 887 888 884
f 885 882 889
f 890 891 892
f 893 894 895
f 892 896 890
f 897 898 899
f 898 900 901
f 897 902 903
f 904 905 901
f 902 897 906
f 907 908 909
f 910 911 912
f 910 913 911
f 908 914 911
f 915 907 916
f 917 918 919
f 611 920 609
f 609 921 607
f 918 917 571
f 922 923 924
f 919 921 925
f 919 926 917
f 926 919 927
f 928 929 930
f 931 932 933
f 934 932 935
f 932 934 930
f 936 937 931
f 938 933 939
f 940 941 942
f 941 943 944
f 945 946 944
f 942 947 940
f 948 949 940
f 950 254 951
f 952 253 950
f 31 30 730
f 139 90 953
f 954 91 955
f 955 956 954
f 668 372 957
f 365 370 366
f 958 959 960
f 961 962 963
f 964 965 960
f 963 966 961
f 967 968 969
f 935 937 969
f 970 971 972
f 969 970 935
f 968 967 973
f 971 970 974
f 973 975 968
f 449 976 454
f 977 978 979
f 979 980 977
f 977 981 982
f 983 981 984
f 985 986 987
f 988 989 985
f 987 990 985
f 985 859 988
f 991 992 987
f 987 993 991
f 993 994 995
f 996 997 998
f 999 996 1000
f 998 1001 1002
f 1003 1001 1004
f 1005 1006 1003
f 662 742 1007
f 1008 1009 1007
f 1007 1010 1008
f 742 1011 1010
f 743 1012 742
f 1013 1014 1015
f 679 780 1014
f 48 1016 47
f 1017 49 1018
f 1018 1019 1017
f 1019 1018 1020
f 1021 1022 1023
f 1023 1024 1021
f 1021 1025 1026
f 1026 1027 1021
f 1023 1028 1029
f 1028 697 1030
f 697 1028 695
f 1031 1032 1033
f 1034 1035 1033
f 1036 1034 1037
f 1038 1036 1039
f 1032 1040 1037
f 1041 596 1042
f 1041 1043 1044
f 1044 597 1041
f 599 1045 598
f 1046 597 1047
f 1047 1044 1048
f 1049 1020 1050
f 1051 1049 1052
f 1053 1049 1054
f 1054 1050 1055
f 1056 1057 1058
f 1059 1060 1061
f 1062 1063 989
f 1064 1062 988
f 989 1065 986
f 986 1066 993
f 1067 1068 1069
f 1068 1067 1070
f 1069 1071 1067
f 1072 1073 1069
f 1069 1074 1072
f 1068 1075 1074
f 1076 1077 794
f 1077 1078 795
f 1079 1080 1081
f 1082 1083 1084
f 1080 1085 1084
f 1086 1087 1088
f 1088 1082 1086
f 1085 1089 1086
f 1090 1091 1092
f 1093 1094 1092
f 1095 1093 1096
f 645 1090 647
f 1097 1098 1090
f 1097 1090 1099
f 1100 1101 1102
f 1103 1104 1101
f 1105 1106 1107
f 1106 1105 1108
f 1102 1106 1109
f 1110 1111 1112
f 1113 1114 1112
f 1112 1115 1110
f 1116 1115 905
f 1117 906 1113
f 1118 1113 1119
f 1120 1117 1118
f 1121 1122 1123
f 1124 1125 1122
f 1123 1126 1121
f 1127 1128 1123
f 1123 1129 1127
f 1130 1131 1132
f 1133 1134 1135
f 1135 1130 1136
f 1137 1138 1139
f 1140 1137 1141
f 786 782 1142
f 1143 1144 1145
f 1142 1146 786
f 1144 1143 1147
f 1148 1143 683
f 1149 1150 1151
f 1152 1153 1154
f 1153 1155 1151
f 1154 1156 1152
f 1150 1157 1154
f 1150 1149 1158
f 1158 1159 1150
f 1160 1161 665
f 672 1161 1162
f 1161 1160 1163
f 665 1164 1160
f 1164 665 670
f 1165 1038 1166
f 1166 1039 1167
f 688 690 1032
f 690 1168 1040
f 49 1017 262
f 262 1169 237
f 1170 1169 1171
f 1172 1173 1174
f 1173 1172 1175
f 1176 1177 1178
f 1175 1177 1179
f 1177 1176 1180
f 1178 1172 1181
f 419 407 1181
f 1182 1183 406
f 1184 1185 649
f 1027 703 1022
f 1186 1187 1188
f 1189 1186 1190
f 1186 1189 1191
f 1190 1188 1192
f 1188 1193 1194
f 1193 1195 1196
f 1187 1197 1193
f 1198 1199 1200
f 1200 1201 863
f 1202 1203 1204
f 1200 1205 1198
f 1206 1207 1208
f 1208 1209 1206
f 1210 1211 1212
f 1213 1214 1215
f 1214 1134 1207
f 1207 1206 1215
f 1216 1131 1213
f 1141 1139 1216
f 1131 1130 1214
f 1217 1218 1219
f 1217 1220 1221
f 1219 1222 1223
f 1224 1219 1225
f 1219 1224 1217
f 1218 1226 1222
f 1227 1228 638
f 1229 1230 1228
f 572 566 734
f 1231 736 1232
f 740 570 732
f 1233 1234 1235
f 1235 1236 1233
f 1237 1238 1239
f 945 1239 1240
f 1241 1242 1243
f 1244 1245 1246
f 1242 1247 1246
f 1248 1249 1241
f 1247 1242 1250
f 825 1251 1252
f 1251 825 1253
f 819 825 1254
f 1252 1255 1256
f 1257 1258 1259
f 1259 1260 1257
f 1257 1261 81
f 1262 1263 1264
f 1265 1266 227
f 225 228 1267
f 1267 1266 1268
f 1266 1265 1269
f 1270 1271 1272
f 1273 1274 1275
f 1275 1276 1273
f 1277 1270 1278
f 1279 1280 1272
f 1281 1282 1283
f 1284 1285 1282
f 1286 1287 1288
f 1289 1290 1286
f 1290 1291 1287
f 1292 1293 1294
f 1294 1295 1292
f 1296 1297 1292
f 1298 1299 1300
f 1301 1302 1303
f 1304 1305 1303
f 1303 1306 1301
f 1302 1307 1308
f 1309 1304 1308
f 1302 1301 1310
f 1311 195 1312
f 195 1311 191
f 318 9 1313
f 1314 1315 1316
f 1313 1317 318
f 1317 1313 1318
f 1319 1314 1320
f 501 500 1321
f 500 1322 1323
f 1324 1325 1326
f 1325 1327 1323
f 1327 1328 1321
f 1329 1330 1331
f 1332 1333 1331
f 1334 1335 1336
f 1337 1329 1335
f 1338 1339 1332
f 1331 1340 1332
f 1341 1342 1343
f 1344 456 1345
f 1346 1341 453
f 1342 1341 1347
f 456 450 1343
f 935 972 934
f 972 1348 1349
f 1350 1351 1352
f 1353 1352 1354
f 1351 1355 1356
f 1352 1356 1357
f 1358 1351 1359
f 1351 1358 1355
f 508 1360 505
f 1361 1362 1363
f 880 879 1364
f 1365 1366 1364
f 1367 1368 496
f 496 880 1367
f 1366 1365 1369
f 1364 1370 1365
f 1371 1372 1373
f 1374 749 1375
f 1376 1377 1374
f 1378 1374 1379
f 1379 1375 1380
f 752 1381 751
f 1221 1382 1217
f 1382 1383 1218
f 1384 1385 1386
f 1387 1384 1388
f 1389 1390 1391
f 1388 1386 1392
f 1393 1391 1394
f 1048 1395 1396
f 1397 1048 1398
f 1395 1399 1400
f 1401 1402 1400
f 1048 1403 1395
f 1404 1405 1406
f 1406 1407 1408
f 1409 1410 1411
f 1405 1404 1412
f 1405 1413 1407
f 1414 1415 1416
f 1417 1416 1418
f 1308 1419 1309
f 1418 1419 1420
f 1415 1421 1309
f 1422 1423 1424
f 1424 1393 1425
f 1391 1393 1389
f 1389 1423 1426
f 1027 1026 1427
f 1428 904 1427
f 1427 1429 1428
f 1430 1429 1431
f 1432 1082 1433
f 1434 1433 1435
f 1436 1437 1438
f 1438 1439 1440
f 1441 1439 1442
f 1443 1444 1436
f 1445 1446 1447
f 1448 1449 1450
f 1446 1451 1448
f 1446 1445 953
f 1451 1446 956
f 1238 1237 1452
f 944 1237 945
f 1452 1453 1238
f 1452 943 1454
f 1455 1456 1457
f 1458 601 1456
f 1047 1459 1046
f 1460 1458 1455
f 1461 1462 1463
f 1463 1464 653
f 1461 1465 1466
f 1465 1461 363
f 1462 1461 1467
f 1468 1436 1469
f 1470 1443 1468
f 1471 1472 1128
f 1472 1473 1474
f 1475 1471 1476
f 1126 1472 1477
f 1478 1479 1480
f 1480 1481 1478
f 1482 1483 1484
f 1485 1486 1487
f 1488 525 519
f 521 527 519
f 519 1489 1488
f 525 1488 1490
f 526 525 1491
f 1492 1493 1494
f 1494 1495 1496
f 1497 1495 1498
f 1499 1500 1501
f 1500 1502 1492
f 1501 1492 1503
f 1503 1494 1504
f 1505 1506 274
f 271 272 1507
f 1508 1509 1510
f 1510 1511 1508
f 1512 1513 1510
f 1514 1515 1510
f 1509 1516 1514
f 1517 1518 1519
f 1520 1521 1522
f 1519 1523 1517
f 1523 1524 1522
f 1522 1525 1520
f 1526 1527 1528
f 1528 1529 334
f 1527 1530 1529
f 1531 1532 1533
f 1534 333 1532
f 1530 1535 1533
f 1536 1531 1537
f 1538 1539 486
f 1540 1541 1542
f 1543 1544 1538
f 484 483 1541
f 1545 1544 385
f 1546 1545 1547
f 1548 1547 1549
f 1547 1548 1546
f 982 1550 977
f 1550 1551 978
f 1552 1553 1554
f 978 1555 1556
f 1554 1555 1557
f 1558 1550 1559
f 1560 664 1561
f 664 1560 744
f 660 1562 658
f 1562 1563 1561
f 1561 1164 1560
f 438 1564 1565
f 1566 1567 1565
f 1568 1566 1569
f 1570 1571 1572
f 1573 1574 1575
f 1576 1572 1577
f 1571 1578 1575
f 1579 1580 1221
f 1581 1411 1582
f 1412 1583 1405
f 1584 1409 1581
f 1581 1585 1584
f 1582 1413 1586
f 1582 1587 1581
f 1587 1582 1588
f 1589 1590 1591
f 1592 1593 1590
f 1590 1594 1595
f 1592 1590 1596
f 1597 1593 1598
f 1599 1600 1601
f 1601 1602 1599
f 1603 1604 1605
f 1606 1600 1607
f 1600 1599 1608
f 1600 1606 1605
f 339 338 344
f 621 1609 618
f 342 1610 340
f 1542 1611 1540
f 1611 1612 1613
f 1614 1615 1616
f 1615 1617 1613
f 1545 1546 1542
f 1544 1545 1539
f 1541 1540 484
f 1197 1187 1618
f 1187 1186 1619
f 1620 1621 1619
f 1618 1622 1197
f 1623 1624 1625
f 1623 1504 1609
f 1504 1623 1503
f 1624 1623 621
f 1626 1501 1625
f 1627 1626 1628
f 1629 1627 1630
f 1631 1632 1633
f 1632 1631 1634
f 1635 1632 1636
f 1637 1638 1639
f 1633 1637 1640
f 1638 1637 1635
f 1310 1641 1302
f 1420 1307 1642
f 1267 1643 225
f 1268 1644 1267
f 168 226 1645
f 1646 1647 1648
f 1648 1649 1646
f 1650 1651 1646
f 1648 1652 1653
f 1654 1652 1655
f 1656 1657 1654
f 1658 1659 1184
f 1660 1184 651
f 1661 1658 1660
f 651 1662 1660
f 1663 1664 1665
f 1665 1666 1667
f 757 755 1668
f 1664 1669 1666
f 1670 1671 1663
f 1665 1672 1663
f 1673 1674 1675
f 1676 1673 1677
f 1678 1679 1676
f 1679 1680 1673
f 1677 1339 1676
f 1681 1682 1683
f 1684 1682 1426
f 611 610 1684
f 920 611 1685
f 1426 1686 1684
f 1326 1687 1324
f 1688 1689 1690
f 1689 1688 1147
f 1691 1688 1692
f 1690 1687 1693
f 1192 1694 1190
f 1695 1696 1694
f 342 341 1194
f 1697 1698 1190
f 1699 1700 1412
f 1699 1701 1700
f 1586 1583 1702
f 1703 1702 1704
f 1705 1706 1707
f 1708 1709 1706
f 1710 1707 1711
f 1712 1713 1714
f 1715 1714 1716
f 1717 1334 1718
f 1719 1337 1334
f 1720 1719 1717
f 1719 1720 1721
f 1722 1717 1723
f 1717 1722 1720
f 1724 1725 1726
f 1727 1728 1729
f 1728 1730 1724
f 1731 1732 1733
f 1734 1735 1727
f 1736 1387 1737
f 1418 1736 1417
f 1392 1738 1388
f 1739 1740 1741
f 1740 1739 1742
f 1743 1744 1745
f 1111 1743 1119
f 1746 1118 1745
f 1742 1746 1740
f 1747 1748 1749
f 1750 1747 1751
f 1752 1747 1753
f 1754 1755 1749
f 1756 1754 1757
f 1758 1757 1759
f 1757 1758 1756
f 1760 1761 1762
f 1122 1763 1124
f 1763 1764 1762
f 1765 889 1760
f 1125 1124 1766
f 1498 1767 1497
f 1768 1767 1769
f 1767 1498 1770
f 1495 1497 1771
f 1772 1773 1774
f 1767 1768 1774
f 1775 1776 1777
f 1776 1778 1779
f 1777 1779 1408
f 1780 1781 1782
f 1778 1783 1782
f 1784 1785 354
f 1786 1787 1788
f 354 347 1784
f 1785 1784 1789
f 1787 1790 1791
f 1792 792 1793
f 793 790 1794
f 1794 1795 793
f 1796 1797 1792
f 1798 1792 1799
f 1800 1801 1802
f 1803 928 1804
f 1801 1805 1804
f 1806 1807 1808
f 1808 1809 1806
f 1810 1811 1812
f 1808 1813 1814
f 1807 1815 1813
f 1816 1817 1818
f 1819 1820 1821
f 1822 1820 1823
f 1817 1816 1822
f 1821 1816 1824
f 1821 1825 1819
f 597 1046 595
f 1826 600 1458
f 1827 1828 1829
f 1830 1831 1832
f 1828 1827 1833
f 1829 1834 1827
f 1829 1831 1835
f 1836 1837 1838
f 1837 1836 1839
f 1840 1841 1842
f 1838 1843 1836
f 1844 1845 1838
f 1846 1844 1847
f 1837 1848 1847
f 1849 1850 1851
f 1852 1853 1854
f 1855 1852 1850
f 1855 1850 1856
f 1857 1144 1858
f 1147 1859 1689
f 1860 1859 1148
f 550 1861 1862
f 1863 1864 1861
f 1865 1866 1867
f 1868 1869 1866
f 1870 1868 1865
f 1871 1867 1872
f 1610 342 1196
f 1873 1874 1875
f 1874 1753 1876
f 1753 1874 1752
f 1877 1878 1876
f 1879 1873 1880
f 1878 1881 1875
f 1882 1883 831
f 833 1884 831
f 1885 1882 1886
f 839 832 1887
f 1888 1889 1890
f 1891 1649 1892
f 1892 1889 1893
f 1653 1890 1648
f 1894 1895 1896
f 1066 1897 994
f 1898 1896 1661
f 1896 1897 1658
f 1899 1900 1901
f 1901 1902 1009
f 1009 1008 1901
f 1902 1903 663
f 1903 1902 1904
f 912 1905 1906
f 1907 1908 1909
f 1906 1909 1910
f 1906 1911 912
f 1910 1912 1906
f 1863 549 1913
f 1914 1915 548
f 1861 550 1863
f 1913 1916 1863
f 1917 1918 1919
f 1920 1921 1922
f 1919 1923 1917
f 1924 1925 1917
f 1919 1920 1926
f 1923 1919 1927
f 1897 1066 1659
f 1659 1065 1185
f 1183 1182 1928
f 1929 1182 409
f 1178 1928 1176
f 1928 1178 1183
f 1182 1929 1930
f 1931 1932 1930
f 1933 1934 1935
f 1934 1933 1936
f 1937 1933 1938
f 1939 1940 1935
f 1935 1941 1939
f 1941 1942 1943
f 1934 1944 1941
f 1945 1892 1946
f 1947 1945 1948
f 1949 1891 1945
f 1949 1945 1604
f 1111 1110 1950
f 1951 1952 1953
f 1110 1954 1953
f 1952 1951 1328
f 1955 1956 1954
f 474 478 1957
f 1958 1959 1960
f 478 477 1960
f 1960 1961 1958
f 1962 1963 384
f 1964 1548 1965
f 1421 1415 1965
f 1963 1421 1549
f 1965 1966 1964
f 1967 1693 1968
f 1969 1968 1970
f 1971 1236 1972
f 1693 1973 1972
f 1692 1690 1967
f 1974 1975 1976
f 1977 1978 1979
f 1979 1980 1977
f 1980 1979 1981
f 1926 1922 1974
f 1982 1974 1642
f 1974 1982 1926
f 1299 1983 1984
f 1985 1295 1986
f 1299 1984 1294
f 1986 1984 1987
f 1988 1985 1989
f 1989 1986 1990
f 1641 1310 1991
f 1992 1993 1994
f 1982 1991 1927
f 1310 1995 1994
f 1996 1997 1998
f 1999 2000 2001
f 2001 2002 1999
f 1996 2003 2004
f 2004 2005 1996
f 1998 2006 1996
f 2007 2008 1754
f 1754 1756 2007
f 2008 2007 2009
f 1686 2010 1685
f 927 925 2011
f 925 920 2012
f 2013 2014 1915
f 2015 2016 2014
f 2014 2017 1913
f 2013 2018 2014
f 1959 2019 1957
f 475 474 2020
f 2021 2022 2023
f 1707 1710 1705
f 2022 1708 1705
f 2023 2024 2021
f 2022 2021 2025
f 973 2026 2027
f 2028 2027 1034
f 2027 2028 973
f 2027 1244 1035
f 2026 2029 1244
f 2030 2031 2032
f 856 2033 2034
f 857 856 2035
f 2036 2037 2038
f 2037 2036 2039
f 2040 2041 2042
f 2042 2043 2040
f 2039 2044 2037
f 2045 2046 2047
f 1839 1841 2048
f 2046 2049 2050
f 2046 2045 1094
f 2047 2051 2045
f 1841 1840 2050
f 2051 2047 2052
f 1770 2053 875
f 2054 1768 2055
f 875 877 1770
f 877 2056 1769
f 2057 1780 2058
f 1163 2059 2058
f 1163 2058 1162
f 1970 1453 1969
f 1236 1235 1970
f 1785 2060 1791
f 2061 2062 2063
f 2064 2065 2062
f 2066 2064 2061
f 1169 1170 1312
f 2067 1005 2068
f 2068 2069 2067
f 2070 2071 2072
f 2072 2005 2070
f 2073 2002 2068
f 579 2074 1806
f 575 579 2075
f 2076 2077 1893
f 2078 2079 2076
f 2080 2077 153
f 1893 2081 2076
f 1604 1603 1949
f 1646 1891 1650
f 1651 1650 2082
f 1604 1947 1601
f 1607 1608 2083
f 2084 2085 2086
f 591 2087 2088
f 2086 2087 2089
f 1882 2086 1883
f 2086 1882 2084
f 2090 2091 2092
f 2093 2094 2090
f 2095 2096 2094
f 2097 2091 2098
f 2094 2093 2095
f 2090 2099 2093
f 2092 2100 2090
f 2101 2102 2103
f 2103 2104 2101
f 2101 2105 2106
f 2107 2108 2109
f 1591 1104 1589
f 2110 2111 1103
f 1596 1589 2112
f 2113 2114 2115
f 2115 2116 2117
f 2118 2119 2117
f 2119 2118 2120
f 2115 2119 2113
f 2121 2122 2117
f 2123 2124 2125
f 766 765 2126
f 2127 2128 2129
f 2130 2131 2128
f 405 2132 2133
f 403 402 2132
f 2134 2133 2135
f 2136 2137 514
f 2138 2139 2140
f 2141 2142 2138
f 2142 1377 2139
f 2141 2143 2144
f 2143 2141 2145
f 2142 2141 750
f 565 1442 2146
f 2147 1232 2148
f 568 1441 565
f 1639 2149 2150
f 2150 2151 2152
f 2150 2153 1639
f 1523 1519 2154
f 2154 2155 1523
f 2155 2154 416
f 2156 2157 2158
f 2158 2159 2156
f 1519 2160 2158
f 489 488 2161
f 2162 741 756
f 735 2163 733
f 741 2162 739
f 739 2143 2164
f 1156 2165 2166
f 2167 1924 2165
f 1157 2167 1156
f 2168 2169 1790
f 2170 2171 2169
f 2172 2173 1045
f 1045 599 2172
f 1043 1041 2174
f 2175 2176 2177
f 2178 2179 2180
f 2181 2182 2176
f 2183 2181 2175
f 2184 2175 2185
f 2186 2187 2188
f 2189 2190 2191
f 2191 2192 2189
f 2193 2186 2194
f 2195 2196 2197
f 908 907 2198
f 2197 2199 2195
f 907 915 2197
f 914 908 2200
f 435 2201 2202
f 2203 2204 2205
f 2205 1383 2203
f 1990 1987 2206
f 2207 2204 1987
f 2208 1990 1580
f 1711 2209 1710
f 2024 2023 2210
f 2209 2211 2210
f 2211 2209 2039
f 2212 2213 2214
f 2214 2215 2212
f 2216 2217 2218
f 2219 2220 2221
f 2222 2223 2220
f 2220 2219 2222
f 2224 2225 2226
f 2227 2228 2229
f 2226 2230 2224
f 2230 2226 2231
f 2225 2232 2229
f 2225 2224 269
f 2233 2234 2235
f 2234 2159 2236
f 2237 2238 2236
f 2233 2239 1657
f 2235 2240 2233
f 2241 2242 1939
f 1939 1943 2241
f 2243 2244 2245
f 2244 2246 2247
f 2245 2247 2248
f 2249 2250 2251
f 2252 1824 2249
f 2248 2250 1818
f 322 79 2253
f 128 322 2254
f 2255 2256 2257
f 1261 2257 78
f 2257 1261 2255
f 2258 1469 2259
f 1469 2258 1468
f 1469 1438 2260
f 2261 2262 2259
f 2263 2258 2264
f 2260 1440 2265
f 2265 2261 2260
f 1569 2266 1568
f 2267 2268 1568
f 1731 2267 2269
f 2270 2269 2271
f 1564 2272 1569
f 2271 2266 2273
f 2274 2275 2204
f 1983 2274 2207
f 2205 2276 2277
f 2278 2279 2275
f 2280 2281 2274
f 2278 2275 1211
f 2282 2283 2085
f 592 2088 2284
f 2285 2286 2287
f 2288 2289 2290
f 2291 2289 2292
f 2286 2285 2291
f 852 2290 2293
f 854 2288 852
f 2290 2285 2294
f 1881 2295 1880
f 2296 2297 2298
f 2295 2299 2300
f 1880 2300 1879
f 2301 2302 2303
f 2304 2305 2302
f 2305 2304 2306
f 2304 2307 2308
f 2307 2304 2301
f 1336 1333 1677
f 1718 1336 1675
f 2309 2310 2311
f 638 2310 1227
f 2096 2312 2098
f 2313 2314 2095
f 2315 2316 2317
f 2317 2318 1536
f 2316 2319 2318
f 2318 1534 1531
f 2320 2321 2316
f 2316 2315 2320
f 178 169 2322
f 962 2323 2324
f 962 961 2323
f 2323 1054 2325
f 1053 1054 2326
f 2327 2328 2325
f 2329 603 265
f 2330 2329 179
f 2331 2332 2333
f 2334 2331 2335
f 2336 2337 2333
f 2338 2339 2340
f 2341 2336 2339
f 2342 2343 2344
f 2345 463 2346
f 464 2342 462
f 2347 2348 2345
f 2346 2349 2345
f 2350 2351 2352
f 2280 2353 2350
f 2354 2355 2351
f 2353 2280 1983
f 2281 2280 1209
f 2356 2357 1385
f 2357 2358 1394
f 2359 606 2360
f 2360 2361 2362
f 2360 2363 2359
f 2364 345 1771
f 345 344 1496
f 1771 1773 2364
f 2365 2366 2367
f 2367 2368 1354
f 2366 2369 2368
f 2366 2365 715
f 2370 2371 2372
f 2373 2370 2374
f 2375 2000 2370
f 2376 2371 1999
f 2377 2006 2378
f 2378 2375 2373
f 1298 2353 1299
f 2354 1298 2379
f 1515 2380 1512
f 2381 1513 2382
f 2383 2381 2384
f 1515 2385 2380
f 2384 2382 2386
f 2387 2388 1097
f 1097 1099 2387
f 2389 1091 2390
f 1955 1954 1116
f 1355 2391 2063
f 2391 2392 2393
f 2394 2061 2393
f 389 2395 2396
f 2395 2397 2398
f 393 600 2395
f 2399 2400 2401
f 1225 2402 1224
f 2402 2403 2404
f 2400 1220 2404
f 2401 2386 2399
f 2400 2399 2405
f 2406 2407 1985
f 2407 2406 2408
f 2408 1296 2407
f 1116 905 1428
f 901 2409 904
f 1955 1116 2410
f 2411 260 2412
f 2413 259 2411
f 2414 2415 2416
f 818 2417 2418
f 2417 2419 2416
f 2415 2420 2418
f 1656 2421 2234
f 2234 2233 1656
f 2422 2423 2424
f 2425 2426 2427
f 145 148 2424
f 2424 2426 145
f 2424 2428 2422
f 1499 2429 593
f 593 2430 591
f 860 990 862
f 2431 2432 2433
f 2434 2435 2436
f 2435 2437 2433
f 2438 2439 2434
f 2439 2440 2435
f 2441 1079 2442
f 2443 1701 1079
f 1079 2441 2443
f 2444 705 2445
f 705 2444 2446
f 706 705 2447
f 2448 1064 861
f 2449 2450 2451
f 2452 1330 2450
f 2453 2451 2454
f 2450 2455 2296
f 2298 2456 2296
f 992 991 2457
f 991 995 2458
f 2459 1204 2457
f 2458 2406 1988
f 1988 2459 2458
f 1159 1158 2460
f 1284 2461 2462
f 2463 2462 2464
f 2465 2466 1482
f 2467 1483 2196
f 2466 2465 2200
f 1484 1937 1482
f 1479 1478 2467
f 1507 2232 271
f 2468 2469 2470
f 929 928 2468
f 2471 1803 2472
f 1803 2471 2468
f 939 929 2470
f 2473 2474 2475
f 2476 2477 1671
f 2478 2479 2477
f 2475 2480 2473
f 2481 2482 2483
f 2483 2484 2481
f 2485 2482 2486
f 2487 2483 2488
f 2489 2490 2482
f 2482 2481 2489
f 619 1610 2491
f 343 337 2364
f 1683 2492 1681
f 1681 2493 2494
f 2492 1683 2495
f 2494 2496 1681
f 2432 2497 2436
f 2498 2499 2431
f 2499 2498 2500
f 2501 2499 2502
f 2497 2432 2501
f 2503 2431 2504
f 2193 2505 798
f 2505 910 2506
f 1911 797 2506
f 2194 2507 2193
f 798 805 2193
f 2508 2509 2510
f 2509 2508 1884
f 2510 2511 2508
f 1885 1886 2512
f 2513 2514 2515
f 2511 2510 2516
f 1122 1121 1763
f 1535 2517 1537
f 2518 2519 2520
f 2518 18 2521
f 2522 2523 2520
f 2520 2524 2522
f 2520 2525 2518
f 2526 2524 2396
f 1136 2527 1135
f 1136 1132 2528
f 2528 2529 1136
f 1135 2530 1133
f 782 781 1145
f 2531 692 958
f 2532 964 2533
f 692 691 959
f 2534 2535 2414
f 2420 2415 2536
f 2537 2414 2538
f 1417 1737 2539
f 1738 1392 2540
f 2539 1738 2541
f 1416 1417 1414
f 2541 2542 2539
f 2543 1283 2544
f 2545 1281 2543
f 2460 2461 2545
f 2461 1284 1281
f 2546 2547 711
f 2548 2549 2547
f 409 2546 1929
f 2200 2198 2466
f 2305 2467 2195
f 563 562 2550
f 560 789 562
f 562 2551 2552
f 2355 2354 2314
f 2553 2554 2555
f 2312 2096 2379
f 2555 2355 2313
f 2379 1300 2312
f 2556 2557 2558
f 2558 2559 2556
f 2560 2561 2556
f 2559 2558 2562
f 2563 2564 2565
f 2558 2566 2567
f 1203 1202 2568
f 2568 2569 1203
f 1203 2570 1198
f 2571 2572 2568
f 2573 2208 1579
f 1579 2571 2573
f 2208 2573 2574
f 2575 1775 2576
f 1775 2575 2577
f 2578 2576 1409
f 1408 1410 1777
f 2576 2578 2575
f 1768 2054 2579
f 2579 2580 2581
f 2581 1772 2579
f 2580 2441 2582
f 2054 2583 2580
f 2584 1191 2585
f 2584 1620 1191
f 1698 2586 1189
f 2586 2587 2588
f 363 1463 359
f 653 2589 650
f 821 2590 2419
f 822 2591 821
f 2592 2590 2593
f 824 2594 822
f 2419 2417 821
f 946 2595 942
f 2596 2597 2565
f 2598 2563 2599
f 2565 2566 2596
f 2597 2600 2599
f 2601 2602 2596
f 2603 2411 2604
f 1056 2413 2603
f 1057 1056 2605
f 2604 894 2603
f 2604 2412 896
f 374 886 373
f 2606 371 2607
f 327 1526 325
f 2608 2609 1526
f 2610 2608 327
f 2611 2612 2608
f 2613 2611 2610
f 2614 461 2348
f 2615 2614 2616
f 862 992 1205
f 1577 1574 2582
f 1574 1573 2581
f 2582 2442 1577
f 2617 2618 2619
f 1127 2617 2620
f 1129 1125 2617
f 2621 2619 2622
f 2623 2624 1213
f 2624 2625 1216
f 2625 2624 2626
f 2627 2628 660
f 2097 2629 2630
f 2098 2631 2097
f 2630 2632 2097
f 2632 2630 2633
f 2630 1898 2634
f 1896 1898 1894
f 2635 2282 2084
f 2084 1885 2635
f 2636 2637 2635
f 2283 2282 2638
f 2249 2639 2252
f 2640 1825 2641
f 2642 2641 2643
f 2251 2644 2249
f 1083 2645 1081
f 2646 2647 2648
f 2649 2650 2651
f 2650 1567 2652
f 440 439 2650
f 2647 1921 2652
f 868 575 2653
f 2653 2654 868
f 2653 2075 2655
f 2656 2657 1280
f 2657 2658 1278
f 1278 2659 1277
f 1280 1279 2656
f 2657 2656 2660
f 955 2523 2661
f 2523 91 2525
f 2293 2294 2662
f 2662 2663 2293
f 2663 2662 2664
f 2662 2665 2666
f 2667 2665 2287
f 1626 1627 2429
f 2033 2668 2032
f 864 2669 2033
f 2032 2670 2030
f 2113 2671 2672
f 2673 2672 2674
f 2675 2676 2677
f 2678 2679 2671
f 2671 2119 2678
f 2680 2681 2682
f 2185 2680 2184
f 2683 2684 2680
f 2175 2184 2183
f 2184 2682 2685
f 775 769 2686
f 2687 774 2688
f 1924 2167 2686
f 2686 2689 775
f 2686 770 1924
f 770 773 1925
f 1507 1506 2690
f 1506 1505 2691
f 2692 2693 2694
f 2692 2695 2696
f 2696 2697 2692
f 2694 2140 2692
f 2693 2698 2699
f 2699 2700 2164
f 2694 2699 2145
f 910 2505 913
f 675 1744 673
f 1744 675 1741
f 680 2701 677
f 674 673 681
f 673 1743 1950
f 2702 2703 2542
f 1415 1414 1966
f 1108 2704 2705
f 2705 2706 1108
f 2707 2704 2708
f 148 139 2428
f 2709 2710 2634
f 2634 1661 2709
f 2711 510 2712
f 2713 2714 2712
f 2712 501 2713
f 2715 2716 2717
f 2718 2719 2715
f 2720 2715 2721
f 2717 2722 2723
f 2722 2724 2725
f 2724 2722 2726
f 1674 2727 2728
f 2729 2292 2730
f 2727 2291 2729
f 2727 1674 2731
f 2728 2729 1723
f 2019 1959 1030
f 2732 2019 704
f 2733 2020 2732
f 2447 2732 706
f 2006 1998 2375
f 2734 2735 2736
f 2737 2738 2739
f 2740 2736 2741
f 2741 2742 2740
f 2743 2048 2744
f 2745 1839 2743
f 1839 2745 1837
f 2746 1830 2747
f 722 2748 2746
f 1831 1830 2749
f 2750 2746 2751
f 2752 2753 2747
f 2747 1832 2752
f 1832 1828 2754
f 2755 2756 1435
f 1434 2627 2757
f 2758 1433 2757
f 1434 2756 2627
f 2759 2755 1087
f 2755 2759 2760
f 2761 2227 2762
f 2227 2761 2563
f 2762 2690 2761
f 30 263 1061
f 604 2763 75
f 1794 791 2764
f 1485 2765 788
f 2766 2767 2765
f 2767 2768 2764
f 1459 1047 1397
f 1490 2769 2770
f 2770 2771 2772
f 1491 1490 2773
f 2774 2775 2769
f 2774 2769 2776
f 2764 2777 1794
f 2486 2778 2779
f 2488 2485 2780
f 2781 2780 2779
f 2782 2783 2490
f 773 440 2649
f 594 592 2784
f 589 594 2785
f 2786 2787 2788
f 2789 2788 2092
f 623 2100 2790
f 2787 1630 2790
f 2790 2791 623
f 834 2792 2786
f 1630 2787 1629
f 2791 1624 620
f 1624 2791 1628
f 2793 1361 2794
f 2794 1363 509
f 1361 2795 1362
f 2796 2795 2793
f 2797 2130 2127
f 2131 2130 2798
f 1858 2797 1857
f 427 2202 1443
f 350 2799 346
f 2800 619 2801
f 2801 2802 2800
f 1195 2803 2491
f 2804 1262 2427
f 2804 2805 2806
f 2427 2423 2804
f 2806 2807 2804
f 1258 2425 1264
f 2387 2808 2809
f 2810 2809 2612
f 2811 2388 2809
f 2808 2812 2813
f 1099 2814 2808
f 1209 1208 2281
f 2352 2815 2350
f 2816 2278 1210
f 2114 1253 2116
f 2817 2121 2818
f 2673 1251 2114
f 2819 2820 1349
f 2821 2822 2823
f 2823 2824 2825
f 2825 2826 2823
f 2826 2827 2828
f 2829 2821 2828
f 603 2329 421
f 2830 2831 681
f 2832 2833 2674
f 1256 2833 2834
f 2833 2832 2835
f 2674 2676 2832
f 1251 2673 1255
f 1843 2836 1842
f 1842 2837 1840
f 1670 2838 2839
f 1663 2840 1670
f 2839 2476 1670
f 2841 2842 2843
f 1712 2844 2842
f 2845 2846 2847
f 2846 2845 2439
f 2847 1835 2845
f 2848 2849 2850
f 2850 2440 2848
f 479 473 2851
f 2852 477 2853
f 2851 2854 479
f 2851 469 2030
f 469 468 2031
f 2855 2856 2857
f 2857 2858 2859
f 2856 2816 2858
f 2860 2861 1964
f 1964 2703 2860
f 1612 1611 2861
f 2862 1102 2863
f 356 355 1063
f 2766 1487 2306
f 2467 2305 1479
f 2864 2865 2866
f 2867 2868 2869
f 2866 2870 2864
f 2871 2867 2872
f 2870 2866 2873
f 1175 2874 1173
f 2875 2876 2754
f 2753 2752 2877
f 2877 2876 493
f 2814 1099 644
f 2517 2814 1230
f 1159 2689 1157
f 1894 2629 1297
f 2312 1293 2631
f 1688 1691 1858
f 2130 2797 2878
f 1692 2879 1691
f 2880 854 2881
f 854 2880 2288
f 847 2882 855
f 2883 2733 2447
f 2545 2687 2460
f 2884 2319 2885
f 2884 2886 333
f 2885 2321 2887
f 2262 2885 2264
f 2886 2884 2262
f 2888 2889 1844
f 2890 2807 2891
f 2889 2888 2806
f 1844 1846 2888
f 814 2891 813
f 906 1117 902
f 905 1114 899
f 2892 2893 2894
f 2895 1000 2892
f 2896 1869 2894
f 2893 1002 2897
f 546 2896 2897
f 547 546 2898
f 1929 711 2899
f 1879 2297 2900
f 2901 2118 2902
f 2903 2901 1075
f 2904 2577 2905
f 2577 2904 1775
f 2577 2906 2907
f 2908 2904 2909
f 2706 2705 2907
f 413 418 411
f 844 414 842
f 2910 2911 414
f 2912 2910 844
f 2454 2456 2913
f 2456 2298 2914
f 2915 2916 2299
f 2299 2295 2915
f 559 553 2917
f 563 2918 552
f 1963 1962 1305
f 2919 1306 378
f 2341 2919 380
f 2920 2921 2922
f 2923 724 1015
f 2924 725 2923
f 2922 2925 726
f 1015 2925 1013
f 2926 2927 2928
f 2929 2930 1179
f 2926 2931 2873
f 2932 2933 2930
f 2928 2104 2926
f 2934 2935 2936
f 2935 2937 2938
f 2935 2934 2939
f 2940 2941 2938
f 2941 939 2936
f 2936 2470 2934
f 876 495 2056
f 497 490 876
f 2942 2943 494
f 2944 2055 2943
f 2945 2946 2947
f 2553 2945 2948
f 2948 2947 2949
f 2950 1622 2951
f 2951 2952 2950
f 2946 2945 2953
f 1622 2950 2954
f 2955 2956 2957
f 2958 2959 2956
f 2956 2960 2961
f 2957 2961 999
f 2961 2962 996
f 2963 723 2964
f 2746 2750 722
f 2964 2750 2965
f 2748 722 727
f 2089 2430 2966
f 2966 1887 2089
f 2616 2967 2615
f 2348 2347 2616
f 2515 1467 2513
f 2099 624 2968
f 2093 2968 2969
f 2923 401 2924
f 2924 2134 2970
f 2133 2134 405
f 2542 2541 2702
f 441 443 445
f 777 2971 772
f 671 2972 2973
f 2974 2975 2976
f 2975 2974 1904
f 2976 2977 1615
f 2978 2977 2979
f 581 580 2980
f 2980 2981 2982
f 2982 2983 2980
f 2980 2984 581
f 2981 627 2985
f 627 2981 630
f 2638 2986 2283
f 2986 2987 2284
f 1062 1064 364
f 2988 362 2989
f 471 2989 2448
f 476 2988 471
f 2990 2991 1234
f 2991 2992 1240
f 2993 542 2994
f 2489 540 2993
f 2995 2996 2997
f 2504 2998 2503
f 2999 3000 3001
f 2503 2995 3002
f 2789 2633 3003
f 2633 2789 2632
f 1667 3004 1665
f 3005 3006 3007
f 2860 3008 3005
f 3007 1616 3005
f 3005 1612 2860
f 3009 3010 1318
f 3011 3012 3013
f 1602 3013 3014
f 3013 1948 3011
f 3014 3015 1599
f 3010 3009 3014
f 3016 2313 2969
f 2802 3016 3017
f 3018 2555 3016
f 3019 3020 3021
f 3022 3023 3024
f 3025 3024 3026
f 3027 3022 3025
f 3028 3029 1564
f 2273 2272 2102
f 3029 3028 3030
f 614 3031 569
f 571 923 568
f 607 918 3031
f 2464 1149 3032
f 3033 3032 3034
f 2948 2352 2553
f 3035 2151 3036
f 2177 2179 3037
f 2179 2178 3035
f 3036 3038 3035
f 1638 3039 2149
f 3038 3036 3040
f 2102 2101 2273
f 2106 3041 3042
f 3030 2109 3029
f 3042 2271 2106
f 2705 3043 2905
f 3043 3044 2909
f 3044 3043 2707
f 778 676 781
f 1014 1013 679
f 780 679 778
f 3045 2957 3046
f 3047 1722 2730
f 2730 3048 3047
f 1723 1718 2728
f 2658 3049 2659
f 2659 3050 2734
f 3050 3051 2735
f 3052 3049 3053
f 3051 3050 3052
f 3054 3055 3056
f 3055 2879 3057
f 3055 3054 2798
f 3058 3054 3059
f 3057 3060 3061
f 3061 3062 3057
f 2998 3063 2995
f 2996 2135 3001
f 3064 459 2614
f 2614 2615 3064
f 2136 2999 2137
f 3065 3066 2999
f 2999 2136 3065
f 1800 2819 3067
f 1349 3068 2819
f 3069 3067 3070
f 3067 3071 3072
f 537 3071 3073
f 3074 2852 3075
f 3076 1470 3077
f 432 428 3076
f 3078 3076 3079
f 3079 3077 2263
f 593 585 1499
f 1501 1626 1499
f 3076 3078 432
f 3080 3078 3081
f 3082 430 3083
f 3084 3083 3080
f 3085 1931 2899
f 2899 712 3085
f 3086 3087 3085
f 3004 1667 3088
f 1137 1140 3089
f 1869 2896 1862
f 3090 3091 1823
f 3092 1822 3093
f 3094 3092 3095
f 3096 3091 3097
f 3091 3096 3093
f 3098 2495 2696
f 3099 3100 3101
f 3006 3102 3099
f 3102 3098 3100
f 2698 2693 615
f 614 2698 608
f 615 2697 613
f 3103 126 3104
f 1457 1459 3105
f 3106 1457 3107
f 3105 1397 639
f 497 878 496
f 3108 3109 3110
f 3111 3112 3109
f 3109 1855 3111
f 3113 3114 3115
f 1631 3116 3117
f 1634 3117 3118
f 3117 2560 3119
f 3116 3120 2560
f 3121 3122 3116
f 1989 2574 1988
f 2756 2755 3123
f 508 1362 1360
f 2991 2990 3124
f 3124 3125 2991
f 3126 2219 3127
f 3128 812 3127
f 3129 3126 3130
f 3127 2221 3128
f 1400 3131 1401
f 1399 3132 3131
f 1403 3133 1399
f 3134 3135 3136
f 3137 3138 3134
f 3138 3137 3139
f 3135 3138 2584
f 3134 976 3137
f 619 2800 617
f 2215 2214 3140
f 3141 3142 2223
f 2223 2222 3141
f 2654 3143 865
f 873 588 881
f 881 589 879
f 2144 2162 747
f 3144 3145 3075
f 2852 3074 3146
f 3075 3147 3144
f 3075 2853 3147
f 2651 1918 2649
f 3148 3149 1289
f 1289 3150 3148
f 931 3151 936
f 1305 1304 1963
f 3152 3153 3154
f 3154 2993 3152
f 3153 3152 2071
f 3155 3156 2994
f 3157 3158 3159
f 3160 3161 3157
f 3162 3158 3163
f 3164 3165 3161
f 3166 3167 3168
f 3166 3169 3167
f 3170 3166 3171
f 3168 63 60
f 2521 19 3167
f 1701 1699 1080
f 2443 3172 1701
f 994 1895 2408
f 1427 3173 1027
f 702 703 2409
f 2215 3174 2218
f 3175 2216 3176
f 3177 3178 3176
f 3174 2215 3179
f 3003 2786 2789
f 835 834 3003
f 924 3180 922
f 1369 1372 3181
f 1369 3182 1366
f 3183 1455 3106
f 3184 1460 3183
f 3185 1826 1460
f 3183 2837 3184
f 2837 3183 2052
f 3184 2836 3186
f 1460 3184 3185
f 1103 3187 2110
f 3188 2112 2110
f 3189 3188 3190
f 3187 3191 3190
f 1100 3192 3187
f 2880 3193 3194
f 3193 2880 3195
f 1297 1296 1894
f 3180 924 3196
f 1997 2069 2001
f 3197 3198 3199
f 3200 3201 3199
f 3199 3202 3197
f 3203 2363 3204
f 3204 3200 3203
f 2363 3203 3205
f 3198 3197 736
f 486 3206 1538
f 3207 3208 3209
f 485 3210 3206
f 3211 3209 3212
f 3213 2939 3214
f 913 2507 3215
f 2939 3216 3215
f 909 913 916
f 2939 3213 2935
f 3217 3218 632
f 3219 3218 3220
f 2835 3221 3217
f 3218 3219 3222
f 2827 3223 3224
f 535 3225 3226
f 3225 2829 3224
f 3111 1856 3227
f 3227 3228 3111
f 2125 3229 2123
f 2124 2123 1849
f 2987 3230 2784
f 1942 3231 3232
f 3233 3234 3232
f 3235 3236 849
f 849 3233 3235
f 3122 3121 3231
f 3236 3235 3237
f 3238 3239 3240
f 3241 3240 1735
f 3242 3243 3244
f 3244 3245 3246
f 3240 3245 3247
f 3248 3249 3239
f 3250 1654 2549
f 3251 3250 2548
f 2156 2421 3251
f 2549 1655 710
f 3252 1559 3253
f 3254 3252 3255
f 981 983 3253
f 1640 3237 1633
f 2153 3236 1640
f 3256 3257 3258
f 3259 426 3258
f 3260 3259 1165
f 3259 3260 3261
f 3258 3262 1165
f 1166 3263 1165
f 3260 3263 3264
f 3265 3266 2687
f 3265 2543 3267
f 2687 2545 3265
f 3267 3268 3265
f 3269 3270 3271
f 3270 3269 1401
f 3272 3271 3273
f 3274 3275 3276
f 3277 3278 3275
f 3279 3277 3274
f 2599 3280 2598
f 2598 3281 2228
f 1015 400 2923
f 3282 2793 3283
f 2793 3282 2796
f 3283 2794 3284
f 1268 1269 1796
f 2551 1797 3285
f 1644 1268 3286
f 3287 3288 3289
f 2720 3228 3289
f 3289 3290 3287
f 2715 2720 2718
f 3228 2720 3112
f 2719 2718 3291
f 3060 1967 1969
f 127 128 3104
f 3292 3103 3293
f 3294 3295 2958
f 3296 2960 3297
f 2960 3296 2962
f 3088 754 2163
f 750 2144 746
f 1580 2206 1382
f 2021 3298 3299
f 3299 457 3136
f 3298 3300 457
f 3301 3302 3303
f 2393 3302 2394
f 3304 3305 3301
f 3306 3307 2392
f 1401 3308 3270
f 3308 3309 3276
f 3310 3274 3311
f 566 2146 738
f 2131 3310 2126
f 2126 3311 766
f 2586 1698 1709
f 1696 3312 1697
f 1944 1934 3313
f 3120 3313 2561
f 3122 1944 3120
f 3313 1936 2601
f 1936 3314 2602
f 3315 3316 3317
f 499 491 3318
f 3317 3319 3315
f 493 3316 491
f 3317 3320 3321
f 3322 3320 3323
f 3324 1715 3325
f 3325 1716 3312
f 2363 2360 3326
f 3326 2362 2041
f 2041 2040 3326
f 2152 3327 2150
f 3327 2152 2882
f 2152 2178 3328
f 1140 1141 3139
f 2986 2638 3329
f 3329 3330 3331
f 3332 3329 3333
f 2987 2986 3332
f 3334 3335 3336
f 3337 2642 3338
f 3336 3339 3334
f 2643 3335 2642
f 2640 2641 3337
f 3340 3341 3342
f 3195 2182 3193
f 3342 3343 3340
f 3211 3344 3345
f 2726 3346 2724
f 2724 3347 3144
f 3347 2992 3145
f 3346 3348 3347
f 3349 2620 2621
f 1890 1653 3350
f 3350 3170 3351
f 3351 1888 3350
f 2240 3170 2239
f 3352 3353 3354
f 3355 3354 3356
f 3357 3358 3354
f 3359 3319 3356
f 3353 3318 3359
f 1703 498 3352
f 3360 3361 3362
f 2168 3363 3364
f 3362 3363 1786
f 3365 3273 3361
f 3366 3367 3368
f 3368 2744 3366
f 1096 3369 1095
f 2744 3368 2743
f 3368 3370 3371
f 3372 3370 3373
f 3374 903 3375
f 2638 2637 3330
f 898 897 3374
f 1454 3376 3377
f 1454 3378 3376
f 3379 350 3380
f 1453 3377 3061
f 351 3062 349
f 3381 3382 3383
f 3384 3381 3385
f 3385 3383 2320
f 2264 2887 2263
f 3386 3081 3381
f 2024 3387 3298
f 2210 3388 2024
f 3389 2929 1180
f 2927 2926 2874
f 2874 1175 2927
f 3390 761 3391
f 761 3390 3392
f 3393 3394 3395
f 3396 2872 3394
f 3397 3398 3399
f 3399 2870 3397
f 3400 3396 3393
f 3401 2871 3396
f 2437 3402 2504
f 2493 3403 2540
f 2702 3403 3404
f 2492 3405 2493
f 1256 3406 1252
f 2834 3407 1256
f 3408 3409 3410
f 2783 2782 3411
f 2490 3154 2782
f 3410 3153 3408
f 2589 3412 652
f 1464 3413 2589
f 3407 2834 3414
f 3217 3415 2835
f 635 3416 3415
f 3417 3407 872
f 2490 2489 3154
f 3151 3418 3148
f 1291 1290 3419
f 453 452 1346
f 3420 227 248
f 227 3420 1265
f 250 3421 3420
f 2550 2552 3421
f 1265 3422 3285
f 253 952 250
f 3423 3424 2534
f 2536 2535 3425
f 3424 3423 3426
f 3426 3427 3424
f 2534 3428 3423
f 2414 2537 2534
f 2555 3018 2553
f 3429 3430 3431
f 3432 3433 3429
f 3434 3430 3435
f 3433 3432 3436
f 3437 2434 3438
f 2497 3439 3438
f 3440 3437 3441
f 2624 2623 2951
f 2626 1621 2625
f 487 1751 3210
f 723 2963 720
f 3442 3443 3444
f 2920 2922 3442
f 3445 3446 3444
f 3444 3447 3442
f 3444 2963 3445
f 2402 1225 633
f 2985 634 1223
f 2403 2402 3222
f 3448 3449 1314
f 3449 3009 1315
f 2410 2714 1955
f 2712 1430 2711
f 1429 1430 2410
f 3450 3451 2910
f 3451 3450 3452
f 2910 2912 3450
f 3453 3454 3455
f 526 3455 524
f 3455 526 3453
f 3155 2898 1006
f 1006 1005 3155
f 2994 547 3155
f 1002 2893 998
f 569 2700 614
f 3456 3375 2636
f 3457 3374 3456
f 2636 2511 3456
f 2710 2709 837
f 837 835 2710
f 3458 3459 833
f 3460 2509 3459
f 1467 2515 3460
f 3459 3458 3461
f 3462 3460 3461
f 3463 3464 1450
f 2397 3463 3465
f 600 1826 2397
f 1450 3466 1448
f 2322 3467 2827
f 2330 2322 2826
f 2322 2330 178
f 3223 3468 3226
f 3468 3223 1645
f 3469 3470 445
f 445 2971 3469
f 451 3471 1138
f 3471 3472 2528
f 451 3089 449
f 1138 1137 451
f 2527 3473 2530
f 2529 3474 2527
f 3474 2529 3475
f 1279 1272 3476
f 1279 3476 3477
f 3478 3479 1274
f 1274 1273 3478
f 3480 3481 3200
f 2043 2843 3480
f 3200 3204 3480
f 3481 2840 3201
f 3016 2802 3018
f 2954 2946 2803
f 3482 2038 3483
f 2967 3483 436
f 3484 3282 1024
f 3284 1025 3283
f 1029 3484 1023
f 3485 2675 2679
f 2676 2675 3486
f 3487 3488 3489
f 3489 3490 3491
f 3393 3492 3400
f 3492 3393 3493
f 3493 3494 3492
f 3488 3495 3490
f 3495 3401 3400
f 3496 3497 3498
f 3499 3500 3501
f 3502 3501 3503
f 3504 3505 3496
f 3505 3506 3497
f 1423 1422 1686
f 3387 3507 3300
f 1341 1346 3508
f 3509 60 110
f 60 3509 3168
f 2481 551 540
f 3510 1760 3511
f 1760 3510 1765
f 1857 2127 1146
f 3226 3512 535
f 2829 3225 3513
f 3485 3514 2381
f 3515 1511 3514
f 3485 2679 3514
f 3514 3516 3515
f 2329 2330 2825
f 3517 2605 893
f 2605 3517 1057
f 3518 893 3519
f 2327 3517 3518
f 894 2604 892
f 2854 2851 3520
f 3520 3521 2854
f 3522 685 2328
f 958 2324 2531
f 685 3522 687
f 692 2531 684
f 3523 1543 3208
f 3208 3207 3523
f 1543 3523 3524
f 3524 387 1543
f 2008 1877 1755
f 2009 3525 2008
f 511 402 3526
f 3526 3527 511
f 3526 404 768
f 3528 3529 3530
f 949 3378 941
f 3378 949 3380
f 430 3082 3053
f 3053 3531 433
f 3051 3052 3532
f 3083 3084 3082
f 1210 1212 1133
f 1502 2053 1493
f 3533 329 3196
f 3196 3534 3180
f 927 3533 926
f 329 331 3534
f 3534 3535 2265
f 2171 2170 3277
f 2171 3058 353
f 3277 3279 2171
f 3146 1961 2852
f 1162 3536 672
f 377 366 3537
f 3538 3539 3536
f 2590 2592 3540
f 2419 3540 2538
f 2592 3541 2740
f 1621 2626 1618
f 1353 3179 3142
f 1354 3542 1353
f 2495 3098 2492
f 923 922 1441
f 2911 2155 415
f 3500 3499 3435
f 3543 3498 3436
f 2025 2587 2022
f 2587 2025 2585
f 3544 2526 2398
f 2530 3545 3546
f 652 3547 651
f 3547 836 1662
f 836 3547 838
f 3548 659 1380
f 3549 1379 661
f 3550 3548 1381
f 3550 2758 3548
f 422 2824 3551
f 3551 2822 3552
f 1025 3284 1431
f 531 3553 3072
f 3554 2389 3555
f 3556 3557 3555
f 2388 3558 1098
f 3555 2390 3556
f 2389 3554 3369
f 1091 2389 1096
f 1967 3060 1692
f 1621 1620 3139
f 3135 2584 3559
f 3332 3560 2987
f 3333 3561 3332
f 1370 3230 1373
f 3561 1371 3560
f 3333 3331 3562
f 3562 3563 3333
f 2337 3564 2532
f 3565 3566 3567
f 2336 382 2337
f 965 964 3566
f 2337 2532 2335
f 2816 1210 3546
f 3568 135 3103
f 3529 1486 557
f 788 558 1485
f 3529 3528 1481
f 879 2785 1370
f 3569 2892 3570
f 1585 2895 3569
f 472 2448 2035
f 1812 1342 1810
f 464 3571 1810
f 1342 1812 1345
f 3572 3097 3573
f 3097 3572 3096
f 3097 3574 3575
f 3573 3575 3576
f 3507 3387 3577
f 2511 2636 2512
f 3026 3020 3578
f 3249 3248 3019
f 3578 3248 3238
f 3026 3579 3025
f 3238 3580 3578
f 3578 3581 3026
f 2623 3582 2952
f 1213 1215 2623
f 839 1887 2792
f 1627 1629 2966
f 814 808 3583
f 2891 814 2890
f 3584 3585 1338
f 3585 3584 3440
f 3586 1338 3587
f 1338 3586 3584
f 2228 2227 2598
f 1205 1200 862
f 1204 2459 1202
f 2190 2189 3588
f 2187 2186 804
f 804 803 2187
f 2248 3588 2245
f 3589 3150 3590
f 3150 1289 3591
f 1288 3592 1286
f 937 936 3589
f 2753 3593 2751
f 3445 2964 3594
f 3593 3182 2965
f 3595 3213 3596
f 3213 3595 2937
f 2025 3299 3559
f 1466 2444 2513
f 698 700 2445
f 2514 2513 3597
f 3598 3531 2658
f 2660 3598 2657
f 1128 1127 1476
f 951 2230 950
f 951 297 2224
f 298 3599 296
f 2169 2168 2170
f 2170 3364 3278
f 3363 2168 1787
f 2968 625 3017
f 363 3600 1465
f 1067 3379 3601
f 1071 2799 3379
f 3136 458 3134
f 3602 3516 2678
f 3287 3603 3602
f 3604 417 2157
f 3451 1524 2911
f 2862 2017 3192
f 3192 2016 3191
f 3605 3606 3607
f 3608 3605 3609
f 3610 3606 3608
f 3605 3607 3611
f 2071 2070 3153
f 3409 3408 3612
f 3419 3613 1291
f 3613 3614 2544
f 3418 3615 3149
f 3613 3419 3616
f 3176 3174 3177
f 3177 3617 3618
f 3174 3179 3617
f 2606 3619 3620
f 3620 2377 3621
f 669 957 3621
f 371 2606 957
f 2373 2972 2378
f 2004 3622 3609
f 2003 3619 3622
f 2201 1231 2147
f 3063 2998 3623
f 2440 2850 2437
f 3063 2970 2996
f 3623 729 3063
f 2850 3624 3402
f 3325 3625 3324
f 3625 3626 3627
f 3324 3627 3628
f 3629 3272 3365
f 94 93 2079
f 3011 2080 155
f 3012 3011 321
f 2035 2034 472
f 3630 375 3537
f 3631 2548 2546
f 3632 952 3633
f 2231 2917 2230
f 2918 3632 2917
f 3281 559 2231
f 428 427 1470
f 3220 3221 3486
f 2384 3220 2383
f 364 356 1062
f 606 434 2361
f 3634 3635 436
f 1102 2862 1100
f 3636 3257 3637
f 3257 3636 3262
f 3257 3256 3638
f 2754 1833 2875
f 1827 3639 3640
f 1833 3640 3323
f 827 818 3641
f 2818 827 2817
f 827 2818 826
f 3512 3286 539
f 3642 3643 2244
f 3644 3642 2243
f 3642 3644 3645
f 3643 3642 3646
f 2310 2309 3629
f 3365 3647 3629
f 2309 3269 3272
f 2311 1402 2309
f 3066 3065 3648
f 2771 2775 3649
f 3645 3650 3651
f 3385 3652 3384
f 3435 3652 3434
f 3381 3384 3386
f 3501 3502 3499
f 1783 3538 1162
f 3653 3504 3654
f 3498 3543 3496
f 2559 3655 3119
f 2562 3656 2559
f 3657 3658 2567
f 507 1360 1971
f 1234 1233 2990
f 3644 802 3650
f 1078 1077 3659
f 3650 1078 3660
f 802 3644 800
f 3661 3118 984
f 3662 3663 1509
f 3663 2570 1516
f 2124 3662 1508
f 2140 3664 2695
f 507 1971 506
f 2675 3485 2383
f 3665 1059 2763
f 2443 2583 3172
f 2583 2054 2944
f 3666 3667 3668
f 1992 3668 1152
f 1994 3666 1992
f 1152 2166 1992
f 869 573 868
f 2349 2346 3577
f 2349 2211 3669
f 2211 2349 3388
f 1347 3508 2342
f 3508 3507 2343
f 2918 563 3632
f 952 3632 3421
f 3670 3671 3672
f 3673 3674 3672
f 3675 3673 3676
f 3671 2772 3676
f 3677 688 1031
f 694 686 3677
f 2517 1230 3678
f 3679 1536 3678
f 3678 1229 3679
f 3680 3681 1228
f 3682 3683 3684
f 3685 3686 3687
f 3686 3688 3689
f 3684 1981 3682
f 2779 2783 3690
f 632 635 3217
f 3691 2868 845
f 2865 2864 3691
f 1174 2865 3692
f 3037 3693 2177
f 3693 3037 3694
f 2836 1843 3695
f 2479 2478 3696
f 3628 2478 2476
f 3626 3697 3696
f 2105 2933 3041
f 2104 2103 2931
f 2933 2105 2928
f 3590 3591 2029
f 2029 2026 3590
f 969 3589 967
f 2029 3592 1245
f 702 2409 701
f 3114 3113 3521
f 2668 3110 2670
f 2670 3114 3520
f 3521 2723 3147
f 2721 2717 3113
f 966 963 3698
f 3566 3565 965
f 2982 2985 3699
f 3700 3699 3701
f 2983 2982 3700
f 1860 3702 1325
f 1325 1324 1860
f 3702 1860 2831
f 2856 2855 2279
f 2857 3700 2855
f 1322 1973 1326
f 503 506 1322
f 671 669 2972
f 3703 2621 3704
f 3704 2622 3705
f 2622 3706 3707
f 1412 1089 1699
f 1087 1089 2759
f 2941 2940 3708
f 3615 3418 3709
f 2940 3710 3709
f 2938 3711 2940
f 2077 2080 1946
f 1635 3712 1638
f 375 3630 3713
f 3537 3539 3630
f 2463 3714 1285
f 1285 3715 1288
f 3714 1243 3715
f 3716 1241 3714
f 2394 3305 3717
f 3717 2066 2394
f 3718 3719 3717
f 1180 3718 3389
f 2201 435 2359
f 2359 3205 2201
f 2148 1444 2147
f 700 701 3597
f 701 900 3720
f 900 898 3457
f 1773 1772 3721
f 3722 3723 2256
f 3723 3724 3725
f 3723 3722 3726
f 3727 3722 2255
f 815 3728 3727
f 2254 2253 3725
f 3296 3729 3730
f 2073 1004 3731
f 3731 3732 2073
f 3732 3731 3733
f 3734 3735 3729
f 3145 3125 3074
f 2795 3736 3124
f 1788 3432 1786
f 2060 3737 1788
f 1786 3429 3362
f 3007 3099 3738
f 1899 1759 3739
f 481 2978 3739
f 487 480 3740
f 1759 1748 482
f 1451 2661 1449
f 889 884 1761
f 3741 3742 887
f 888 2618 1766
f 1824 2252 1821
f 2465 1940 3743
f 1940 2465 1938
f 3743 2242 1907
f 1907 914 3743
f 2519 2518 3744
f 3085 713 3086
f 3087 3086 2064
f 2700 569 740
f 3702 1952 1327
f 3745 3746 1376
f 3747 1376 1378
f 2974 3745 3747
f 3748 3749 3745
f 2006 2377 2003
f 2157 2156 3604
f 3750 3751 3752
f 3753 3724 3754
f 3755 3753 3756
f 3756 3754 3757
f 2817 3641 3758
f 510 2711 509
f 1378 1903 3747
f 2979 2975 1900
f 2855 3701 2277
f 2279 2278 2856
f 1453 1452 3377
f 3759 3760 3454
f 3454 3453 3759
f 1502 1500 584
f 584 587 1502
f 3279 3761 3058
f 3059 3056 351
f 3713 3762 375
f 3763 376 3741
f 376 3763 367
f 3764 3705 3765
f 3766 3487 3165
f 3164 3767 3768
f 3767 3164 3160
f 3768 3766 3164
f 3766 3768 3769
f 3090 3770 3771
f 3771 3772 3773
f 3768 3772 3774
f 2849 727 3624
f 3624 728 3623
f 3348 3346 946
f 946 945 3348
f 3346 2726 2595
f 2896 546 543
f 1249 1248 3775
f 3034 3776 3033
f 3775 3776 3777
f 3778 3779 3034
f 3716 2464 3033
f 3033 1248 3716
f 2612 2813 2609
f 1530 1527 3780
f 1352 1353 1350
f 1359 1350 3141
f 3781 3782 3288
f 3573 3783 3572
f 3572 3710 3784
f 3616 3615 3783
f 3783 3573 3616
f 2496 2494 1390
f 681 1950 2830
f 3391 3132 3390
f 328 3785 3027
f 3785 2011 3022
f 3533 927 3785
f 324 3027 3786
f 890 731 1060
f 187 731 319
f 3787 3788 2667
f 1912 1910 3788
f 1981 1975 3789
f 1921 2647 3789
f 2431 2503 2498
f 3790 3791 3002
f 3000 3790 2997
f 3268 3792 3266
f 3367 3366 3793
f 2840 3481 2838
f 3794 2841 2043
f 683 682 1148
f 2020 2733 475
f 2733 2883 3795
f 2139 3746 3664
f 3757 3751 3796
f 3796 3797 3757
f 3757 3798 3756
f 3751 3750 3799
f 1849 1851 2124
f 3800 3511 3801
f 3612 3510 3800
f 3690 3411 3801
f 3801 1764 3802
f 3758 2122 2817
f 2983 2859 2984
f 3803 583 3804
f 2859 3545 3804
f 3474 3803 3473
f 2859 2983 2857
f 3805 3806 3807
f 3806 3805 3808
f 2811 3806 3809
f 3810 3805 3811
f 2611 2613 3807
f 2809 2810 2811
f 2612 2611 2810
f 3687 3689 3812
f 3242 3687 3813
f 3244 3685 3242
f 2358 2357 3685
f 3110 2668 3108
f 3814 3446 3815
f 3594 3181 3445
f 3181 3594 1369
f 3816 3648 3817
f 3336 3817 3818
f 3819 3816 3335
f 2774 2776 3820
f 3820 3648 2774
f 1736 1418 1978
f 2805 3821 3822
f 2806 3822 2889
f 3822 3823 3824
f 3821 1447 3823
f 3823 3466 3825
f 3597 3720 2514
f 3758 2420 3826
f 100 3827 111
f 3828 3509 109
f 109 3827 3828
f 3828 3829 3351
f 2863 1916 2862
f 1916 2863 1864
f 3491 3163 3489
f 2988 476 3795
f 3795 360 2988
f 1409 1584 2578
f 1584 3569 3830
f 2578 3830 1870
f 1381 752 3550
f 1521 3831 1517
f 1521 1520 3832
f 3758 3826 2122
f 3425 3833 2536
f 419 3692 418
f 1181 1174 419
f 3264 3834 3665
f 3834 3835 1059
f 3665 605 3264
f 605 3665 604
f 1329 1337 2900
f 2900 3836 1879
f 1330 1329 2455
f 2372 3837 3838
f 3839 3840 3841
f 3841 3837 2376
f 3838 1012 2372
f 3525 2009 3840
f 2009 1011 3838
f 885 3842 3843
f 889 1765 885
f 2691 3844 3658
f 983 3656 3255
f 2690 2691 3657
f 3656 2562 3845
f 3679 3681 3846
f 3846 2317 3679
f 3847 3848 3849
f 2331 2334 3850
f 3850 3851 2331
f 3852 3777 3853
f 3853 693 3852
f 691 2334 2533
f 2334 691 3853
f 2140 2694 2138
f 829 3458 840
f 838 3854 829
f 3855 3307 3856
f 3557 3856 3857
f 3856 3557 3855
f 2391 3858 2392
f 3856 3306 3859
f 3307 3860 3303
f 2425 1258 147
f 259 2413 261
f 2069 1997 2072
f 2005 2004 3611
f 1778 1776 2908
f 3654 3861 3653
f 3428 3862 3653
f 3640 2449 2453
f 2450 2449 2452
f 1834 3863 3639
f 1005 2067 3156
f 417 3604 410
f 410 3631 409
f 3604 3251 3631
f 2680 2185 2683
f 3864 1995 3865
f 3667 3666 3864
f 3866 3667 2340
f 3169 2238 3867
f 2238 2237 3868
f 3169 3166 2240
f 3869 3744 3868
f 2929 3389 3304
f 3304 2932 2929
f 524 2912 522
f 3261 423 3259
f 423 3261 424
f 3509 3828 3171
f 1595 3703 3870
f 3705 3764 3704
f 446 3871 442
f 3871 446 3872
f 1564 438 3028
f 3487 3873 3488
f 3874 3875 3488
f 3876 3877 3878
f 961 3877 2326
f 3879 3878 3880
f 3881 3876 3879
f 3698 3882 966
f 3647 3365 3360
f 1847 811 1846
f 1848 3130 811
f 2745 3129 1848
f 3612 3800 3409
f 3086 2365 2065
f 1354 1357 2367
f 1818 2190 2248
f 938 3708 3151
f 2287 3883 2667
f 3609 3884 3608
f 3843 3884 3885
f 3886 3887 2683
f 3887 3886 3888
f 3887 3567 2684
f 2683 3693 3886
f 2661 2522 3544
f 820 819 823
f 3889 3890 823
f 823 1254 3889
f 1101 1100 1103
f 2268 2648 1566
f 3891 3892 2267
f 3543 3893 3654
f 3811 3580 3810
f 3580 3811 3581
f 1759 1899 1758
f 1900 1899 2979
f 624 2099 623
f 3894 851 2663
f 2663 2664 3894
f 3818 3895 3336
f 3404 3405 3102
f 3404 3008 2702
f 3102 3006 3404
f 361 360 3600
f 914 1907 1905
f 2242 2241 1908
f 2664 3896 3897
f 3898 3874 3899
f 3487 3766 3873
f 3873 3769 3899
f 715 714 2366
f 3799 3900 2217
f 2217 2216 3799
f 3797 3796 3175
f 1642 1976 1420
f 2081 3829 3901
f 102 3901 100
f 2385 1515 3902
f 1516 2569 3902
f 3902 2572 2385
f 2447 2446 2883
f 2421 1656 3250
f 1258 1257 53
f 2920 3442 1741
f 2678 2120 3602
f 3782 3781 3903
f 3288 3287 3781
f 3904 3782 3905
f 3905 3903 2901
f 3081 3386 3080
f 3080 3906 3084
f 3194 3343 3907
f 3343 3342 3908
f 864 858 3909
f 2263 3382 3079
f 3910 3911 3875
f 3911 3912 3913
f 3401 3495 3913
f 3910 3875 3898
f 2871 3401 3914
f 3915 2738 3862
f 3505 3504 3916
f 3917 3916 2737
f 2537 3915 3428
f 1372 1371 3815
f 1371 3561 3918
f 1120 3919 3563
f 3815 3918 3814
f 3579 2610 3786
f 3197 3920 737
f 3920 3088 735
f 2690 2762 1507
f 2232 2225 323
f 1340 3863 3587
f 1330 2452 1340
f 3863 1834 3921
f 2846 3586 3921
f 1074 3922 3833
f 1073 1072 1789
f 3427 1072 3425
f 1780 2057 2760
f 2760 3923 1780
f 3123 2057 3924
f 2756 3123 2628
f 3925 2640 3926
f 3899 3925 3898
f 3927 3928 3899
f 3929 3910 3926
f 2079 2078 94
f 1959 1958 1029
f 2593 1271 2592
f 2594 1276 2591
f 2877 3930 2753
f 3930 3931 3593
f 2161 1368 3930
f 3228 3227 3290
f 3229 2125 3515
f 3290 3229 3603
f 3787 1076 799
f 797 1911 799
f 3932 3933 3934
f 3798 3797 3935
f 3933 3936 3935
f 3937 3934 3938
f 3178 3938 3175
f 3886 3694 3939
f 3939 3940 3880
f 3040 3940 3038
f 3294 3356 3941
f 3321 2913 3942
f 3836 1721 1873
f 1426 2496 1389
f 3614 3943 3267
f 2342 464 1347
f 3745 2974 3748
f 3749 3748 3738
f 1615 1614 2976
f 1644 3468 1643
f 2374 745 2373
f 3790 3000 3944
f 3944 3066 3816
f 1921 1920 2651
f 3506 3945 3503
f 3386 3502 3906
f 1978 1977 1736
f 1384 1387 3946
f 1669 3947 1668
f 3948 757 3949
f 752 748 3948
f 3947 3950 3949
f 1535 2812 2517
f 1530 3780 1535
f 3112 2721 3115
f 1961 3146 3951
f 1958 3951 3484
f 2795 2796 3736
f 3851 3850 3779
f 3777 3852 3775
f 3779 3778 3851
f 2082 1603 3952
f 1263 1262 2890
f 1669 1664 2474
f 3947 1669 2473
f 3023 2010 3021
f 1424 3019 1422
f 1932 1931 3719
f 3356 3294 3355
f 2956 2955 2958
f 3157 3953 3160
f 2596 2557 2601
f 2889 3824 1845
f 3821 2805 2422
f 1355 3954 2391
f 3519 895 3955
f 1060 3835 890
f 3835 3956 891
f 3955 1168 3519
f 1168 3955 1167
f 2236 2160 2237
f 3680 3647 3957
f 3647 3680 1227
f 1633 3121 1631
f 3958 3959 3960
f 3734 3297 3958
f 3295 3959 2959
f 3961 3958 3962
f 1789 3963 1785
f 2799 1071 1784
f 2798 2878 3055
f 3964 3879 3965
f 3879 3964 3881
f 3966 3964 3967
f 3967 3965 3040
f 3888 3939 3882
f 2049 2046 1093
f 498 499 3353
f 1406 3923 1404
f 3923 1406 1781
f 2043 2042 3794
f 2209 1711 2044
f 3801 3802 3690
f 2779 3690 2781
f 3202 3004 3920
f 3968 3969 2213
f 2217 3968 2212
f 3970 3341 2183
f 2182 2181 3340
f 3619 2606 3885
f 273 191 3971
f 2051 3107 640
f 2045 640 648
f 3107 2051 3106
f 639 641 3105
f 3892 2646 2268
f 2803 1195 2954
f 341 466 1192
f 465 1695 466
f 1980 3688 3946
f 3946 2356 1384
f 3688 3686 2356
f 1981 3684 1980
f 2245 803 2243
f 3725 3293 2254
f 3646 2501 3643
f 3651 3439 3645
f 325 1528 332
f 3972 971 3637
f 3638 3552 3973
f 3637 3638 3972
f 2538 2742 2537
f 2738 3915 2741
f 3900 809 3968
f 390 2524 395
f 3974 1107 1591
f 2726 2716 3975
f 2068 1003 2073
f 764 767 763
f 785 767 783
f 537 3073 532
f 763 787 2129
f 2922 726 3443
f 2664 2666 3896
f 3341 3970 3345
f 2183 2685 3970
f 2913 2914 3941
f 810 3976 3728
f 3752 3726 3750
f 3724 3723 3752
f 3750 3976 3900
f 1328 1956 2713
f 1732 1731 2270
f 3162 3494 3470
f 3158 3162 3469
f 2507 2194 3214
f 1379 3549 1378
f 2684 381 2681
f 1616 3007 1614
f 3851 3866 2332
f 3778 3977 3866
f 3440 1678 3585
f 850 3327 847
f 3957 3360 3431
f 2292 3907 3048
f 2289 2288 3907
f 3234 3233 3894
f 48 261 1016
f 3978 1058 1016
f 1058 3978 1056
f 3979 3980 3981
f 3982 1576 2645
f 3980 3983 3982
f 1572 1576 1570
f 2480 3983 3984
f 3439 3651 3441
f 3651 3660 3985
f 2501 3646 2497
f 3441 3985 3440
f 3986 2369 3987
f 1606 3987 3952
f 716 717 714
f 3988 3048 3344
f 3735 3734 3961
f 3729 3296 3734
f 3841 3735 3839
f 3962 3989 3961
f 975 3636 974
f 3195 2881 3328
f 3327 850 2153
f 3738 3101 3749
f 2011 2012 3023
f 1553 1552 3881
f 3881 3990 1553
f 3877 3876 3991
f 1117 1120 3562
f 3919 1120 1746
f 2434 3437 2438
f 3586 2846 2438
f 3992 3051 3993
f 3775 3994 1249
f 3994 3677 1250
f 3995 3996 2821
f 886 3843 2607
f 1598 1592 3997
f 3201 1672 3202
f 2595 3975 947
f 947 3998 3999
f 940 3999 948
f 2803 2953 2801
f 3674 3673 4000
f 4000 1043 3674
f 4000 4001 3133
f 3673 3675 4001
f 3042 4002 4003
f 4004 4002 4005
f 2403 3219 2401
f 2386 3219 2384
f 353 3059 348
f 3971 1505 273
f 3254 3844 3971
f 3252 3254 4006
f 2621 3703 3349
f 2620 3349 1476
f 1593 1475 1594
f 4007 4008 4009
f 2464 3716 2463
f 838 3412 3854
f 3462 3461 3413
f 3413 1464 3462
f 4010 3727 1260
f 1270 1277 1271
f 1277 2734 3541
f 2656 3477 3064
f 460 459 4011
f 4011 4012 460
f 4012 4011 3479
f 2018 4013 2015
f 4014 3189 4013
f 3141 4015 1359
f 1359 4016 1358
f 3635 3634 3598
f 1715 3324 2844
f 2844 1712 1715
f 2476 2839 3628
f 1655 1647 4017
f 528 530 4018
f 530 529 4019
f 3912 528 3914
f 3883 4020 4021
f 1076 3787 4021
f 2286 2731 3883
f 2291 2727 2286
f 2731 1680 4020
f 3295 3294 2916
f 2916 2915 3295
f 3472 3471 455
f 3760 4009 3452
f 3452 1525 3451
f 4022 4023 3759
f 4020 4024 4025
f 3255 3845 3254
f 3945 3506 3993
f 3993 3532 3945
f 3993 3917 3992
f 3916 3917 3505
f 883 882 374
f 4026 2013 1914
f 1425 3249 1424
f 2890 3583 1263
f 3727 4010 815
f 2831 2830 3702
f 2587 2586 1708
f 2241 3234 3897
f 3475 3472 4027
f 3803 3474 4028
f 3782 3904 3291
f 3291 3998 2719
f 4029 1764 4030
f 4030 4031 4029
f 4031 4030 1477
f 1608 4032 3937
f 3938 3178 3937
f 3934 4032 3932
f 3186 3695 3825
f 329 3533 328
f 2932 3304 4033
f 2921 2920 2701
f 1013 2921 680
f 3926 3337 3929
f 2640 3925 1825
f 3436 3500 3433
f 3436 3737 3543
f 3720 3457 2516
f 269 3599 268
f 2182 3195 2180
f 1449 3544 3465
f 956 955 1451
f 3774 3770 4034
f 3770 3090 4035
f 4034 4035 1819
f 1034 1036 2028
f 3262 4036 1038
f 2028 4036 975
f 812 3128 806
f 3784 3711 4037
f 2962 3730 997
f 4017 1651 718
f 1721 3836 1719
f 1747 1752 4038
f 4039 3070 4040
f 3303 4041 3301
f 3860 4042 4041
f 484 1617 2978
f 2781 4043 4044
f 4029 4045 3802
f 4044 4045 4046
f 4047 2484 2487
f 2488 4048 2487
f 2487 4049 4047
f 4050 4051 4052
f 2488 2780 4048
f 2018 2013 4053
f 4026 1914 4047
f 4053 4026 4051
f 1593 1597 1475
f 1472 1471 1473
f 2112 3188 4054
f 3997 1596 4054
f 4055 3997 4056
f 4057 4056 3189
f 4056 4057 4055
f 4013 2018 4014
f 2484 1914 551
f 4044 4058 2781
f 4058 4044 4059
f 4014 4053 4050
f 102 2078 3901
f 4050 4057 4014
f 1477 1474 4031
f 4060 1598 4055
f 1598 4060 1597
f 4052 4049 4061
f 4048 4058 4061
f 4062 1473 4063
f 4063 4060 4064
f 4057 4050 4064
f 1474 4062 4046
f 4062 4063 4059
f 4064 4052 4063
f 2426 2425 146
f 2368 4065 3542
f 3618 4065 3986
f 2340 3864 2338
f 2628 3924 1562
f 1160 1563 2059
f 875 587 873
f 3733 2376 3732
f 3741 887 3763
f 3763 883 368
f 3707 3742 3762
f 2306 2308 2766
f 1487 2766 1485
f 635 628 3416
f 869 867 629
f 3416 870 3414
f 518 3675 516
f 3675 518 3392
f 1726 4066 1724
f 4067 1729 4068
f 4003 4069 1726
f 1077 1076 4025
f 2672 2673 2113
f 2353 1298 2351
f 4070 343 3721
f 1012 743 2374
f 2842 2841 1712
f 1802 928 2820
f 2820 2819 1802
f 2194 2188 3596
f 3092 3094 2191
f 3596 2192 3595
f 1144 1857 1142
f 979 1556 4071
f 1442 1437 2148
f 3761 3279 3310
f 331 330 3535
f 3535 2886 2261
f 960 962 958
f 382 381 3564
f 3567 3887 3565
f 2336 2341 382
f 1947 1948 1602
f 1176 1932 3718
f 2064 2066 3087
f 1557 1051 1554
f 1171 1557 1170
f 3991 1552 1052
f 2174 1042 4072
f 4007 4023 2173
f 4008 4007 2172
f 2771 3649 517
f 2610 3579 2613
f 3246 2358 3244
f 1991 1982 1641
f 2325 1055 2327
f 3249 1425 3246
f 4040 1795 4039
f 1799 1793 4040
f 2594 824 4073
f 3652 3385 4074
f 2315 3848 4074
f 3848 3847 3434
f 736 1231 3198
f 4071 4075 979
f 984 980 3661
f 3663 3662 4076
f 750 749 2142
f 1748 1747 3740
f 1751 487 1750
f 1751 4038 3047
f 2277 1226 2205
f 1730 4077 1725
f 2267 1731 3891
f 4077 3813 1733
f 3813 3812 3891
f 3247 3243 1730
f 2307 2472 4078
f 3069 4079 1801
f 2301 2471 2307
f 4078 1805 2768
f 2240 2235 3169
f 1853 1852 2669
f 1852 1855 3108
f 1271 2593 1275
f 1854 4080 1851
f 759 4081 3391
f 1263 4010 1259
f 971 3972 1348
f 3510 3612 3610
f 1765 3610 3842
f 3339 4082 3338
f 3911 3910 4082
f 1221 4083 1579
f 2422 1445 3821
f 984 3655 983
f 4084 4085 3791
f 3944 4084 3790
f 3681 3680 3849
f 3849 3957 3847
f 3771 3574 3090
f 916 3216 915
f 915 4086 2199
f 4087 4086 2934
f 3571 4012 1811
f 1809 1808 4088
f 639 1398 637
f 4069 4042 4066
f 4089 4067 4090
f 4042 3860 4068
f 3240 3241 3238
f 4027 455 1344
f 4091 4092 3979
f 2405 4083 2400
f 1636 4093 1635
f 4093 1636 4075
f 3118 3661 1634
f 1043 4000 1403
f 3985 4094 1678
f 4095 4096 4097
f 2798 3761 2131
f 3966 4093 4071
f 3834 3263 3835
f 1167 3956 1166
f 3598 2660 3635
f 1746 1742 3919
f 2872 2869 3399
f 4083 2405 2571
f 1345 1815 1344
f 1486 3529 1480
f 1481 4098 1484
f 3643 2502 2246
f 2644 2251 4099
f 3914 4018 2871
f 3446 3814 3447
f 3905 4100 3904
f 2903 1070 4100
f 2901 2903 3905
f 2469 2303 4087
f 2303 2469 2301
f 3979 3950 3980
f 1797 2551 792
f 2480 2475 4101
f 3950 3947 3984
f 396 395 4102
f 4102 4103 396
f 4102 3869 4104
f 1990 2208 1989
f 3963 1789 3426
f 3890 3889 4105
f 4073 3890 4106
f 4106 4105 4107
f 872 871 3417
f 3407 3417 3406
f 2083 3618 1607
f 3987 1606 3986
f 169 168 3467
f 3829 2081 1888
f 1927 1993 1923
f 3143 2654 4108
f 4109 4107 4108
f 4107 871 3143
f 4108 4110 4109
f 3848 2315 3846
f 2654 2653 4110
f 4110 2655 4111
f 1285 1284 2463
f 3981 1083 1432
f 4091 1432 2758
f 4082 4112 3911
f 3895 1489 4112
f 528 3912 527
f 1489 3895 2776
f 3339 3895 4082
f 2944 2943 3172
f 671 2973 670
f 710 4017 708
f 4076 1199 3663
f 2948 2949 2352
f 2074 4113 1807
f 1070 2903 1068
f 949 948 3601
f 1588 1586 3358
f 3358 1702 3352
f 1432 4091 3981
f 2645 1083 3982
f 1049 1051 1020
f 1051 1557 1019
f 2761 3657 2564
f 1570 4101 1571
f 4114 4115 4116
f 4117 3943 4114
f 4118 4114 3773
f 3773 4116 3771
f 2868 2867 4019
f 4119 3872 3493
f 3872 4119 3871
f 3753 3755 3292
f 3756 3936 3755
f 3321 3942 3317
f 2913 3321 2454
f 4005 4033 4004
f 4002 4004 4069
f 2933 2932 4005
f 3172 2942 1704
f 3962 3960 1881
f 1881 1878 3962
f 4101 1570 2480
f 4107 4109 4106
f 394 4120 391
f 3483 2967 3482
f 1727 4121 1734
f 3805 3810 4122
f 3808 4122 4123
f 2768 4079 2777
f 2308 4078 2767
f 1462 1467 3462
f 3705 3707 3713
f 2708 1105 3974
f 1591 1595 3974
f 3974 3870 2708
f 2618 888 3706
f 14 18 16
f 3810 3241 1734
f 1735 3247 1728
f 2863 1109 1872
f 3479 3478 4088
f 2689 1159 2688
f 1834 1829 2847
f 2849 2848 2749
f 4103 3832 394
f 2172 4120 4008
f 3660 3659 4094
f 1680 1679 4024
f 4124 3528 2600
f 2600 2597 4124
f 2600 3530 3280
f 559 3281 556
f 3070 4039 3069
f 2647 2646 3682
f 493 2161 2877
f 768 762 3526
f 3478 4096 4125
f 3840 3839 3525
f 3525 3989 1877
f 3555 3857 3554
f 4126 4127 3859
f 3954 4126 3858
f 3464 3463 3185
f 4080 1201 4076
f 4128 1319 3755
f 3103 3292 3568
f 3292 3293 3753
f 3568 4129 1320
f 1320 10 3568
f 4085 4099 2500
f 3034 1155 3778
f 3286 3512 1644
f 3812 3683 3892
f 4027 4130 3475
f 4130 4027 4113
f 1822 3092 1817
f 3677 3994 694
f 1033 1247 1031
f 3744 2521 3867
f 3151 931 938
f 4081 759 3309
f 4130 578 4028
f 4113 2074 4130
f 4028 577 3803
f 3788 3787 1912
f 3565 3888 3698
f 4103 4102 3831
f 2841 3794 1713
f 3335 2643 3819
f 4084 3944 3819
f 3819 4131 4084
f 3692 3691 843
f 1944 3122 1942
f 2108 2107 3398
f 3493 3395 4119
f 2122 3922 2902
f 4072 4132 2174
f 1318 3012 1317
f 3708 938 2941
f 2347 2036 3482
f 2036 2347 3669
f 3046 999 2895
f 2895 1585 3046
f 3357 2955 3045
f 3046 1587 3045
f 3009 3449 3015
f 2655 1809 4125
f 2682 386 3524
f 9 10 1316
f 1314 1319 3448
f 3973 3996 4133
f 2821 2829 3995
f 2758 3550 4091
f 3163 3491 3162
f 2328 2327 3522
f 3519 689 3518
f 3793 4134 3367
f 3373 4016 3372
f 3448 4128 3933
f 4088 1814 3479
f 4133 4135 3973
f 3964 3966 3990
f 3967 3712 3966
f 3744 3869 2519
f 663 3549 655
f 1402 2311 1396
f 1792 1798 1796
f 4134 3793 4127
f 4136 4134 4126
f 4134 4136 3373
f 3927 4034 3928
f 3769 3774 3927
f 3697 3626 465
f 1783 1778 3538
f 2909 3539 2908
f 3963 3893 2060
f 4137 4123 4138
f 3556 3558 4137
f 3557 3556 4138
f 3855 4138 4090
f 4121 1727 4067
f 4123 4121 4089
f 4040 3553 1799
f 2707 3765 3044
f 3252 4006 1559
f 1559 1311 1558
f 3735 3841 3733
f 3185 3186 3464
f 1853 3909 4080
f 3712 3967 3039
f 4009 3760 4007
f 4109 4111 4095
f 4106 4095 4073
f 3626 3625 1695
f 2924 2970 725
f 3159 4139 3157
f 2971 777 3159
f 4139 3792 3953
f 3649 2136 513
f 3668 3977 1153
f 2739 2735 2737
f 3426 3861 3963
f 3160 4118 3767
f 3953 4117 4118
f 2744 2049 1095
f 2643 2639 4131
f 4131 2644 4085
f 2708 3764 2707
f 3320 3316 2875
f 777 776 4139
f 3943 4117 3268
f 629 582 869
f 3314 4098 4124
f 3813 4077 3242
f 2669 864 1853
f 3067 3069 1800
f 2931 2108 3397
f 426 3551 3256
f 3209 3211 3207
f 3129 2745 3371
f 3513 536 3995
f 536 3073 4133
f 3548 2627 659
f 3096 3784 3095
f 10 8 135
f 1726 1732 4003
f 2271 3042 2270
f 3831 4104 1518
f 2773 4140 1491
f 3307 3855 3860
f 2338 3865 2919
f 2339 2338 2341
f 539 1798 538
f 3595 3094 4037
f 2575 1870 2906
f 3344 3211 3988
f 3618 2083 3177
f 3073 3068 4135
f 4101 2479 4141
f 1571 4141 1578
f 1206 2815 3582
f 1276 2594 4097
f 333 1534 2884
f 2109 3030 2107
f 4132 4072 4022
f 3672 4132 3670
f 3759 4140 4022
f 3830 3570 1868
f 4140 2773 3670
f 2907 1871 2706
f 3371 4142 3129
f 3370 3372 4142
f 1578 3697 467
f 3576 4115 3614
f 4098 3314 1937
f 3809 3808 4137
f 3558 2388 3809
f 1366 3931 1367
f 2955 3357 3355
f 3045 1588 3357
f 4126 3954 4136
f 2454 3322 2453
f 1550 1558 1551
f 3831 1521 4103
f 3988 3212 3047
f 3952 717 2082
f 2222 4143 4015
f 3616 3576 3613
f 2906 1865 1871
f 3128 3969 807
f 727 2849 2748
f 3309 3308 4081
f 1703 2942 498
f 3449 3448 3932
f 3392 3527 761
f 2219 3126 4143
f 2773 2770 3671
f 1575 4070 1573
f 1578 467 4070
f 2326 3991 1053
f 3625 3325 1696
f 3550 3948 4092
f 648 642 646
f 2 6 3
f 2 8 5
f 4 137 6
f 8 2 1
f 5 8 10
f 7 1 12
f 14 21 15
f 17 21 14
f 14 13 19
f 20 61 13
f 21 92 22
f 15 22 23
f 25 28 26
f 28 25 29
f 31 29 25
f 33 42 34
f 36 33 32
f 33 36 38
f 32 34 40
f 34 43 41
f 42 45 43
f 37 46 42
f 45 42 46
f 40 41 48
f 39 40 47
f 49 262 50
f 52 147 53
f 55 52 51
f 57 59 55
f 52 55 59
f 54 77 56
f 61 20 62
f 19 13 61
f 65 68 66
f 67 264 68
f 68 277 69
f 65 64 71
f 64 66 73
f 64 72 74
f 75 73 66
f 76 133 77
f 79 133 76
f 80 76 54
f 80 81 78
f 80 51 53
f 83 88 84
f 85 17 82
f 87 84 88
f 89 85 84
f 83 954 90
f 91 954 83
f 17 85 92
f 16 91 82
f 94 99 95
f 97 98 95
f 98 152 93
f 100 111 101
f 99 101 96
f 102 100 99
f 104 106 57
f 59 57 106
f 108 106 104
f 110 114 111
f 113 96 101
f 112 101 111
f 115 97 96
f 117 115 113
f 1 3 118
f 12 118 120
f 122 120 118
f 121 118 3
f 119 131 125
f 11 124 127
f 124 125 128
f 130 125 131
f 130 322 128
f 132 150 129
f 129 77 133
f 123 3 6
f 119 124 11
f 131 119 120
f 7 11 126
f 98 97 134
f 134 97 115
f 134 6 137
f 86 149 138
f 88 90 139
f 89 108 107
f 106 108 138
f 141 151 140
f 62 142 114
f 23 156 143
f 112 114 142
f 20 23 142
f 138 149 144
f 146 58 144
f 105 144 58
f 147 52 58
f 145 144 149
f 148 149 86
f 108 89 87
f 103 57 56
f 123 115 117
f 150 56 77
f 122 160 132
f 140 92 85
f 151 22 92
f 136 154 152
f 152 155 153
f 154 321 155
f 151 141 157
f 22 151 156
f 156 157 116
f 117 116 157
f 158 122 121
f 158 157 141
f 116 113 112
f 159 104 103
f 159 141 107
f 150 132 160
f 158 159 160
f 162 28 27
f 28 162 163
f 164 182 27
f 166 172 167
f 169 166 165
f 170 224 165
f 172 166 173
f 175 167 172
f 171 173 177
f 166 169 178
f 179 177 173
f 72 26 163
f 72 73 24
f 162 301 180
f 161 27 182
f 181 182 184
f 185 184 182
f 186 240 183
f 187 164 29
f 189 193 190
f 191 273 192
f 193 236 194
f 188 190 195
f 197 193 189
f 198 236 193
f 199 189 188
f 199 192 201
f 201 205 202
f 204 202 205
f 206 207 202
f 207 196 200
f 207 206 209
f 210 267 204
f 204 267 211
f 213 223 214
f 214 170 216
f 212 214 215
f 219 212 217
f 212 219 220
f 215 216 222
f 224 170 214
f 213 228 225
f 223 225 226
f 228 213 220
f 196 189 199
f 196 207 208
f 71 74 230
f 232 70 233
f 70 71 229
f 67 65 70
f 176 232 231
f 234 174 231
f 235 234 233
f 167 175 216
f 236 35 50
f 190 194 237
f 239 41 43
f 238 43 45
f 232 176 241
f 242 241 176
f 244 247 245
f 246 245 247
f 248 249 247
f 249 219 218
f 250 3420 248
f 243 245 252
f 243 251 254
f 253 250 244
f 245 246 255
f 256 295 252
f 258 239 238
f 240 186 257
f 258 257 260
f 258 259 261
f 35 32 39
f 194 50 262
f 73 75 263
f 30 25 24
f 241 242 264
f 177 179 265
f 171 231 174
f 35 236 198
f 267 210 268
f 210 323 269
f 211 267 266
f 203 205 272
f 201 274 272
f 274 201 192
f 275 235 229
f 242 265 276
f 264 276 277
f 44 46 279
f 280 279 46
f 279 280 282
f 283 280 37
f 284 186 184
f 260 257 186
f 44 183 240
f 217 215 221
f 218 217 285
f 286 309 285
f 288 290 209
f 206 211 287
f 208 209 290
f 283 38 289
f 283 290 288
f 288 287 293
f 291 288 292
f 295 296 251
f 297 254 251
f 296 295 299
f 300 161 181
f 161 300 301
f 281 300 278
f 183 44 278
f 222 216 175
f 303 286 221
f 305 307 303
f 305 304 235
f 304 302 234
f 222 302 304
f 307 305 308
f 307 311 286
f 302 175 174
f 74 163 180
f 168 165 224
f 246 285 309
f 255 309 310
f 311 310 309
f 270 293 287
f 295 256 312
f 198 289 38
f 197 208 289
f 268 298 299
f 48 41 239
f 313 275 230
f 313 308 305
f 312 315 293
f 292 293 315
f 220 219 249
f 282 291 294
f 291 282 280
f 313 180 301
f 317 316 308
f 300 281 317
f 270 266 299
f 256 310 315
f 314 315 310
f 314 306 294
f 316 294 306
f 306 314 311
f 281 282 316
f 5 9 318
f 185 164 187
f 319 2412 284
f 320 137 4
f 154 136 137
f 320 1317 321
f 322 130 133
f 203 271 323
f 325 332 326
f 324 3786 327
f 328 3027 324
f 326 331 329
f 331 326 332
f 330 332 334
f 336 339 337
f 339 336 340
f 342 340 336
f 343 467 335
f 345 337 339
f 347 352 348
f 349 3376 350
f 346 348 351
f 352 2169 353
f 354 1790 352
f 356 358 357
f 358 361 359
f 361 358 362
f 361 3600 363
f 364 362 358
f 366 377 367
f 368 369 365
f 369 372 370
f 372 369 373
f 374 373 369
f 376 367 377
f 379 383 380
f 382 380 383
f 384 1547 385
f 378 1962 384
f 386 2681 383
f 379 385 387
f 389 2396 390
f 391 392 389
f 393 2395 389
f 388 396 394
f 396 388 390
f 398 403 399
f 400 1014 397
f 399 405 401
f 403 398 404
f 403 2132 405
f 407 413 408
f 406 408 410
f 412 408 413
f 415 412 411
f 416 417 412
f 417 410 408
f 413 407 419
f 421 2824 422
f 423 424 420
f 424 602 425
f 422 3551 426
f 428 431 429
f 431 428 432
f 434 429 431
f 435 2202 427
f 430 3053 433
f 433 3634 436
f 438 1565 439
f 440 444 437
f 442 438 437
f 441 437 444
f 446 442 441
f 447 772 443
f 449 454 450
f 448 3471 451
f 453 450 454
f 448 450 456
f 452 454 458
f 460 462 461
f 462 2344 463
f 460 3571 464
f 335 466 341
f 466 335 467
f 469 473 470
f 471 2448 472
f 473 478 474
f 475 476 470
f 476 471 468
f 478 473 479
f 481 3739 482
f 484 2978 481
f 483 481 480
f 485 3206 486
f 487 3210 485
f 489 492 490
f 491 499 492
f 489 2161 493
f 495 490 492
f 488 490 497
f 494 492 499
f 501 510 502
f 503 1322 500
f 505 503 502
f 503 505 507
f 504 1363 508
f 504 502 510
f 511 515 512
f 514 2132 512
f 515 517 513
f 516 2772 517
f 515 511 518
f 520 523 521
f 523 520 524
f 526 524 520
f 521 530 528
f 522 841 529
f 523 529 530
f 532 534 533
f 534 3225 535
f 536 3513 534
f 531 3072 537
f 538 3553 531
f 539 538 533
f 541 544 542
f 544 541 545
f 547 542 544
f 549 550 545
f 550 1862 543
f 548 545 541
f 553 555 554
f 556 3530 557
f 555 557 558
f 555 553 559
f 552 554 561
f 563 552 560
f 565 2146 566
f 568 565 564
f 567 564 570
f 567 3031 571
f 572 570 564
f 574 579 575
f 573 582 576
f 577 578 574
f 578 2074 579
f 581 576 582
f 583 577 576
f 585 590 586
f 584 586 588
f 586 594 589
f 591 2088 592
f 593 591 590
f 590 592 594
f 392 598 595
f 597 595 598
f 599 598 392
f 393 595 601
f 277 425 602
f 425 277 276
f 603 421 420
f 69 602 604
f 602 424 605
f 606 435 429
f 608 612 609
f 611 609 612
f 613 1683 610
f 607 3031 614
f 612 608 615
f 617 622 618
f 616 1610 619
f 338 340 616
f 621 618 622
f 620 622 624
f 625 624 622
f 627 630 628
f 629 630 580
f 630 629 631
f 632 3222 633
f 634 627 626
f 635 632 626
f 637 2310 638
f 636 641 639
f 641 636 642
f 636 638 643
f 645 647 646
f 643 1230 644
f 647 1094 648
f 355 357 650
f 649 650 652
f 357 359 653
f 655 657 656
f 658 664 656
f 660 658 657
f 659 657 655
f 662 1007 654
f 654 1009 663
f 664 744 662
f 666 668 667
f 668 957 669
f 667 669 671
f 370 372 668
f 666 1161 672
f 674 677 675
f 677 674 678
f 680 677 676
f 682 678 674
f 683 781 678
f 685 687 686
f 687 690 688
f 689 1168 690
f 692 684 693
f 684 686 694
f 696 699 697
f 699 696 700
f 700 696 702
f 702 696 695
f 699 706 704
f 706 699 698
f 708 716 709
f 707 2547 710
f 707 709 712
f 709 715 713
f 715 709 716
f 716 708 718
f 720 726 721
f 723 720 719
f 725 721 726
f 719 721 728
f 721 725 729
f 731 187 31
f 572 734 733
f 734 737 735
f 737 734 738
f 739 2164 740
f 732 733 741
f 662 744 743
f 744 2973 745
f 747 753 748
f 750 746 751
f 752 751 746
f 754 1667 755
f 753 747 756
f 753 755 757
f 759 3391 760
f 762 764 760
f 758 760 764
f 763 2129 765
f 758 765 766
f 764 762 768
f 447 773 770
f 772 447 769
f 773 447 444
f 771 769 775
f 774 3266 776
f 777 772 771
f 779 784 780
f 782 779 778
f 784 779 785
f 784 398 397
f 783 404 398
f 786 785 779
f 785 786 787
f 554 558 788
f 560 561 790
f 791 790 561
f 789 790 793
f 795 801 796
f 796 805 798
f 794 796 797
f 801 795 802
f 804 801 800
f 801 804 805
f 807 810 808
f 809 3976 810
f 812 806 813
f 806 808 814
f 810 3728 815
f 817 2417 818
f 820 817 816
f 817 820 822
f 824 822 820
f 819 816 826
f 816 818 827
f 829 840 830
f 832 840 833
f 835 828 830
f 828 835 837
f 838 829 828
f 839 830 840
f 839 2792 834
f 842 418 843
f 841 522 844
f 845 529 841
f 847 855 848
f 850 847 846
f 851 3233 849
f 852 2293 853
f 852 848 855
f 853 851 846
f 857 860 858
f 859 990 860
f 857 2035 861
f 863 858 860
f 864 2033 856
f 866 870 867
f 865 867 869
f 870 3416 631
f 872 870 866
f 874 877 875
f 876 2056 877
f 497 876 874
f 880 878 881
f 873 881 878
f 883 887 884
f 885 3843 886
f 888 1766 884
f 882 884 889
f 891 895 892
f 894 892 895
f 896 731 890
f 898 901 899
f 900 2409 901
f 902 3331 903
f 905 899 901
f 897 899 906
f 908 911 909
f 911 1905 912
f 913 909 911
f 914 1905 911
f 907 909 916
f 918 921 919
f 920 921 609
f 921 918 607
f 917 923 571
f 923 917 924
f 921 920 925
f 926 924 917
f 919 925 927
f 929 933 930
f 932 930 933
f 932 937 935
f 934 2820 930
f 937 932 931
f 933 929 939
f 941 944 942
f 943 1237 944
f 946 942 944
f 947 3999 940
f 949 941 940
f 254 297 951
f 253 254 950
f 30 1061 730
f 90 956 953
f 91 2523 955
f 956 90 954
f 372 371 957
f 370 672 366
f 959 964 960
f 962 960 963
f 965 963 960
f 966 3877 961
f 968 970 969
f 937 3589 969
f 971 1348 972
f 970 972 935
f 967 2026 973
f 970 968 974
f 975 974 968
f 976 458 454
f 978 1556 979
f 980 981 977
f 981 3253 982
f 981 980 984
f 986 993 987
f 989 986 985
f 990 859 985
f 859 861 988
f 992 990 987
f 993 995 991
f 994 2408 995
f 997 1001 998
f 996 998 1000
f 1001 1006 1002
f 1001 997 1004
f 1006 1001 1003
f 742 1010 1007
f 1009 654 1007
f 1010 1756 1008
f 1011 2007 1010
f 1012 1011 742
f 1014 400 1015
f 780 397 1014
f 1016 1018 47
f 49 47 1018
f 1019 1171 1017
f 1018 1016 1020
f 1022 1028 1023
f 1024 1025 1021
f 1025 1431 1026
f 1027 1022 1021
f 1028 1030 1029
f 697 704 1030
f 1028 1022 695
f 1032 1037 1033
f 1035 1247 1033
f 1034 1033 1037
f 1036 1037 1039
f 1040 1039 1037
f 596 1045 1042
f 1043 1403 1044
f 597 596 1041
f 1045 596 598
f 597 1044 1047
f 1044 1403 1048
f 1020 1058 1050
f 1049 1053 1052
f 1049 1050 1054
f 1050 1057 1055
f 1057 1050 1058
f 1060 730 1061
f 1063 1065 989
f 1062 989 988
f 1065 1066 986
f 1066 994 993
f 1068 1074 1069
f 1067 3601 1070
f 1071 3379 1067
f 1073 1071 1069
f 1074 3833 1072
f 1075 3922 1074
f 1077 795 794
f 1078 802 795
f 1080 1084 1081
f 1083 1081 1084
f 1085 1086 1084
f 1087 1435 1088
f 1082 1084 1086
f 1089 1087 1086
f 1091 1096 1092
f 1094 647 1092
f 1093 1092 1096
f 1090 1092 647
f 1098 1091 1090
f 1090 645 1099
f 1101 1106 1102
f 1104 1107 1101
f 1106 1101 1107
f 1105 2704 1108
f 1106 1108 1109
f 1111 1119 1112
f 1114 1115 1112
f 1115 1954 1110
f 1115 1114 905
f 906 1114 1113
f 1113 1112 1119
f 1117 1113 1118
f 1122 1129 1123
f 1125 1129 1122
f 1126 1477 1121
f 1128 1126 1123
f 1129 2617 1127
f 1131 1139 1132
f 1134 1130 1135
f 1130 1132 1136
f 1138 1132 1139
f 1137 1139 1141
f 782 1145 1142
f 1144 1142 1145
f 1146 787 786
f 1143 1859 1147
f 1143 1145 683
f 1150 1154 1151
f 1153 1151 1154
f 1155 3032 1151
f 1156 2166 1152
f 1157 1156 1154
f 1149 2462 1158
f 1159 1157 1150
f 1161 666 665
f 1161 1163 1162
f 1160 2059 1163
f 1164 1563 1160
f 665 667 670
f 1038 1039 1166
f 1039 1040 1167
f 690 1040 1032
f 1168 1167 1040
f 1017 1169 262
f 1169 1312 237
f 1169 1017 1171
f 1173 2865 1174
f 1172 1177 1175
f 1177 1172 1178
f 1177 1180 1179
f 1176 3718 1180
f 1172 1174 1181
f 407 1183 1181
f 1183 407 406
f 1185 355 649
f 703 695 1022
f 1187 1193 1188
f 1186 1188 1190
f 1189 2588 1191
f 1188 1194 1192
f 1193 1196 1194
f 1195 2491 1196
f 1197 1195 1193
f 1199 1201 1200
f 1201 3909 863
f 1203 1198 1204
f 1205 1204 1198
f 1207 1212 1208
f 1209 2815 1206
f 1211 1208 1212
f 1214 1207 1215
f 1134 1212 1207
f 1206 3582 1215
f 1131 1214 1213
f 1139 1131 1216
f 1130 1134 1214
f 1218 1222 1219
f 1220 4083 1221
f 1222 3699 1223
f 1219 1223 1225
f 1224 1220 1217
f 1226 3701 1222
f 1228 643 638
f 1230 643 1228
f 566 738 734
f 736 738 1232
f 570 572 732
f 1234 1239 1235
f 1236 1971 1233
f 1238 1235 1239
f 1239 1234 1240
f 1242 1246 1243
f 1245 1243 1246
f 1247 1035 1246
f 1249 1242 1241
f 1242 1249 1250
f 1251 1255 1252
f 825 826 1253
f 825 1252 1254
f 1255 2833 1256
f 1258 1264 1259
f 1260 1261 1257
f 1261 78 81
f 1263 1259 1264
f 1266 228 227
f 228 1266 1267
f 1266 1269 1268
f 1265 3285 1269
f 1271 1275 1272
f 1274 1272 1275
f 1276 4097 1273
f 1270 1280 1278
f 1280 1270 1272
f 1282 1287 1283
f 1285 1288 1282
f 1287 1282 1288
f 1290 1287 1286
f 1291 1283 1287
f 1293 1300 1294
f 1295 2407 1292
f 1297 1293 1292
f 1299 1294 1300
f 1302 1308 1303
f 1305 1306 1303
f 1306 3865 1301
f 1307 1419 1308
f 1304 1303 1308
f 1301 1995 1310
f 195 237 1312
f 1311 4006 191
f 9 1316 1313
f 1315 1313 1316
f 1317 320 318
f 1313 1315 1318
f 1314 1316 1320
f 500 1323 1321
f 1322 1326 1323
f 1325 1323 1326
f 1327 1321 1323
f 1328 2713 1321
f 1330 1340 1331
f 1333 1335 1331
f 1335 1333 1336
f 1329 1331 1335
f 1339 1333 1332
f 1340 3587 1332
f 1342 1345 1343
f 456 1343 1345
f 1341 1343 453
f 1341 3508 1347
f 450 453 1343
f 972 1349 934
f 1348 3068 1349
f 1351 1356 1352
f 1352 1357 1354
f 1355 2063 1356
f 1356 2062 1357
f 1351 1350 1359
f 1358 3954 1355
f 1360 507 505
f 1362 508 1363
f 879 1370 1364
f 1366 1367 1364
f 1368 488 496
f 880 1364 1367
f 1365 1372 1369
f 1370 1373 1365
f 1372 1365 1373
f 749 751 1375
f 1377 749 1374
f 1374 1375 1379
f 1375 1381 1380
f 1381 1375 751
f 1382 1218 1217
f 1383 1226 1218
f 1385 1391 1386
f 1384 1386 1388
f 1390 1386 1391
f 1386 1390 1392
f 1391 1385 1394
f 1395 1400 1396
f 1048 1396 1398
f 1399 3131 1400
f 1402 1396 1400
f 1403 1399 1395
f 1405 1407 1406
f 1407 1410 1408
f 1410 1407 1411
f 1404 1089 1412
f 1413 1411 1407
f 1415 1309 1416
f 1416 1419 1418
f 1419 1416 1309
f 1419 1307 1420
f 1421 1304 1309
f 1423 1393 1424
f 1393 1394 1425
f 1393 1423 1389
f 1423 1686 1426
f 1026 1429 1427
f 904 3173 1427
f 1429 2410 1428
f 1429 1026 1431
f 1082 1088 1433
f 1433 1088 1435
f 1437 1439 1438
f 1439 922 1440
f 1439 1437 1442
f 1444 1437 1436
f 1446 1448 1447
f 1449 3465 1450
f 1451 1449 1448
f 1445 2428 953
f 1446 953 956
f 1237 943 1452
f 1237 1239 945
f 1453 1970 1238
f 943 3378 1454
f 1456 1459 1457
f 601 1046 1456
f 1459 1456 1046
f 1458 1456 1455
f 1462 1464 1463
f 1464 2589 653
f 1465 2444 1466
f 1461 1463 363
f 1461 1466 1467
f 1436 1438 1469
f 1443 1436 1468
f 1472 1126 1128
f 1473 4062 1474
f 1471 1128 1476
f 1472 1474 1477
f 1479 1487 1480
f 1481 1484 1478
f 1483 1478 1484
f 1486 1480 1487
f 525 520 519
f 527 1489 519
f 1489 2776 1488
f 1488 2769 1490
f 525 1490 1491
f 1493 1495 1494
f 1495 1771 1496
f 1495 1493 1498
f 1500 1492 1501
f 1502 1493 1492
f 1492 1494 1503
f 1494 1496 1504
f 1506 272 274
f 272 1506 1507
f 1509 1514 1510
f 1511 2125 1508
f 1513 1511 1510
f 1515 1512 1510
f 1516 3902 1514
f 1518 2160 1519
f 1521 1517 1522
f 1523 1522 1517
f 1524 1525 1522
f 1525 4009 1520
f 1527 1529 1528
f 1529 1532 334
f 1530 1533 1529
f 1532 1529 1533
f 333 334 1532
f 1535 1537 1533
f 1531 1533 1537
f 1539 1541 486
f 1541 1539 1542
f 1544 1539 1538
f 483 486 1541
f 1544 387 385
f 1545 385 1547
f 1547 384 1549
f 1548 2861 1546
f 1550 978 977
f 1551 1555 978
f 1553 1555 1554
f 1555 1553 1556
f 1555 1551 1557
f 1550 982 1559
f 664 658 1561
f 1560 2973 744
f 1562 1561 658
f 1563 1164 1561
f 1164 670 1560
f 1564 1569 1565
f 1567 439 1565
f 1566 1565 1569
f 1571 1575 1572
f 1574 1572 1575
f 1572 1574 1577
f 1578 4070 1575
f 1580 1382 1221
f 1411 1413 1582
f 1583 1413 1405
f 1409 1411 1581
f 1585 3569 1584
f 1413 1583 1586
f 1587 1585 1581
f 1582 1586 1588
f 1590 1595 1591
f 1593 1594 1590
f 1594 3703 1595
f 1590 1589 1596
f 1593 1592 1598
f 1600 1605 1601
f 1602 3014 1599
f 1604 1601 1605
f 1600 1608 1607
f 1599 4032 1608
f 1606 3952 1605
f 338 1609 344
f 1609 338 618
f 1610 616 340
f 1611 1613 1540
f 1612 1616 1613
f 1615 1613 1616
f 1617 1540 1613
f 1546 1611 1542
f 1545 1542 1539
f 1540 1617 484
f 1187 1619 1618
f 1186 1191 1619
f 1621 1618 1619
f 1622 2954 1197
f 1624 1628 1625
f 1504 344 1609
f 1623 1625 1503
f 1623 1609 621
f 1501 1503 1625
f 1626 1625 1628
f 1627 1628 1630
f 1632 1637 1633
f 1631 3117 1634
f 1632 1634 1636
f 1638 2149 1639
f 1637 1639 1640
f 1637 1632 1635
f 1641 1307 1302
f 1307 1641 1642
f 1643 226 225
f 1644 1643 1267
f 226 1643 1645
f 1647 1652 1648
f 1649 1891 1646
f 1651 1647 1646
f 1652 1657 1653
f 1652 1647 1655
f 1657 1652 1654
f 1659 1185 1184
f 1184 649 651
f 1658 1184 1660
f 1662 2709 1660
f 1664 1666 1665
f 1666 755 1667
f 755 1666 1668
f 1669 1668 1666
f 1671 1664 1663
f 1672 2840 1663
f 1674 2728 1675
f 1673 1675 1677
f 1679 1673 1676
f 1680 1674 1673
f 1339 3585 1676
f 1682 610 1683
f 1682 2496 1426
f 610 1682 1684
f 611 1684 1685
f 1686 1685 1684
f 1687 1689 1324
f 1689 1687 1690
f 1688 1858 1147
f 1688 1690 1692
f 1687 1973 1693
f 1694 1697 1190
f 1696 1697 1694
f 341 1192 1194
f 1698 1189 1190
f 1700 1583 1412
f 1701 1704 1700
f 1583 1700 1702
f 1702 1700 1704
f 1706 1714 1707
f 1709 1716 1706
f 1707 1713 1711
f 1713 1707 1714
f 1714 1706 1716
f 1334 1336 1718
f 1337 1335 1334
f 1719 1334 1717
f 1720 1752 1721
f 1717 1718 1723
f 1722 4038 1720
f 1725 1732 1726
f 1728 1724 1729
f 1730 1725 1724
f 1732 1725 1733
f 1735 1728 1727
f 1387 1388 1737
f 1736 1737 1417
f 1738 1737 1388
f 1740 1744 1741
f 1739 3447 1742
f 1744 1740 1745
f 1743 1745 1119
f 1118 1119 1745
f 1746 1745 1740
f 1748 1757 1749
f 1747 4038 1751
f 1747 1749 1753
f 1755 1753 1749
f 1754 1749 1757
f 1757 1748 1759
f 1758 1008 1756
f 1761 1124 1762
f 1763 1762 1124
f 1764 3511 1762
f 889 1761 1760
f 1124 1761 1766
f 1767 1774 1497
f 1767 1770 1769
f 1498 2053 1770
f 1497 1773 1771
f 1773 1497 1774
f 1768 2579 1774
f 1776 1779 1777
f 1778 1782 1779
f 1779 1781 1408
f 1781 1779 1782
f 1783 2058 1782
f 1785 1791 354
f 1787 1791 1788
f 347 2799 1784
f 1784 1073 1789
f 1790 354 1791
f 792 793 1793
f 790 791 1794
f 1795 1793 793
f 1797 792 1792
f 1792 1793 1799
f 1801 1804 1802
f 928 1802 1804
f 1805 2472 1804
f 1807 1813 1808
f 1809 2075 1806
f 1811 1813 1812
f 1813 1811 1814
f 1815 1812 1813
f 1817 2190 1818
f 1820 1816 1821
f 1820 4035 1823
f 1816 1820 1822
f 1816 1818 1824
f 1825 3928 1819
f 1046 601 595
f 600 601 1458
f 1828 1831 1829
f 1831 1828 1832
f 1827 3640 1833
f 1834 3639 1827
f 1831 2749 1835
f 1837 1847 1838
f 1836 1841 1839
f 1841 1836 1842
f 1843 1842 1836
f 1845 1843 1838
f 1844 1838 1847
f 1848 811 1847
f 1850 1854 1851
f 1853 4080 1854
f 1852 1854 1850
f 1850 1849 1856
f 1144 1147 1858
f 1859 1324 1689
f 1859 1143 1148
f 1861 1866 1862
f 1864 1867 1861
f 1866 1861 1867
f 1869 1862 1866
f 1868 1866 1865
f 1867 1864 1872
f 342 1194 1196
f 1874 1876 1875
f 1753 1755 1876
f 1874 1721 1752
f 1878 1875 1876
f 1873 1875 1880
f 1881 1880 1875
f 1883 832 831
f 1884 1886 831
f 1882 831 1886
f 832 1883 1887
f 1889 1649 1890
f 1649 1889 1892
f 1889 2081 1893
f 1890 1649 1648
f 1895 1897 1896
f 1897 1895 994
f 1896 1658 1661
f 1897 1659 1658
f 1900 1902 1901
f 1902 663 1009
f 1008 1758 1901
f 1903 3549 663
f 1902 1900 1904
f 1905 1909 1906
f 1908 3896 1909
f 1909 3896 1910
f 1911 2506 912
f 1912 1911 1906
f 549 1915 1913
f 1915 549 548
f 550 549 1863
f 1916 1864 1863
f 1918 1920 1919
f 1921 3789 1922
f 1923 2165 1917
f 1925 1918 1917
f 1920 1922 1926
f 1919 1926 1927
f 1066 1065 1659
f 1065 1063 1185
f 1182 1930 1928
f 1182 406 409
f 1928 1932 1176
f 1178 1181 1183
f 1929 2899 1930
f 1932 1928 1930
f 1934 1941 1935
f 1933 3314 1936
f 1933 1935 1938
f 1940 1938 1935
f 1941 1943 1939
f 1942 3232 1943
f 1944 1942 1941
f 1892 1893 1946
f 1945 1946 1948
f 1891 1892 1945
f 1945 1947 1604
f 1110 1953 1950
f 1952 2830 1953
f 1954 1951 1953
f 1951 1956 1328
f 1956 1951 1954
f 478 1960 1957
f 1959 1957 1960
f 477 1961 1960
f 1961 3951 1958
f 1963 1549 384
f 1548 1549 1965
f 1415 1966 1965
f 1421 1965 1549
f 1966 2703 1964
f 1693 1972 1968
f 1968 1236 1970
f 1236 1968 1972
f 1973 506 1972
f 1690 1693 1967
f 1975 1979 1976
f 1978 1976 1979
f 1980 3946 1977
f 1979 1975 1981
f 1922 1975 1974
f 1974 1976 1642
f 1982 1927 1926
f 1983 2207 1984
f 1295 1984 1986
f 1984 1295 1294
f 1984 2207 1987
f 1985 1986 1989
f 1986 1987 1990
f 1310 1994 1991
f 1993 1991 1994
f 1991 1993 1927
f 1995 3666 1994
f 1997 2001 1998
f 2000 1998 2001
f 2002 3732 1999
f 2003 3622 2004
f 2005 1997 1996
f 2006 2003 1996
f 2008 1755 1754
f 1756 1010 2007
f 2007 1011 2009
f 2010 2012 1685
f 925 2012 2011
f 920 1685 2012
f 2014 1913 1915
f 2016 2017 2014
f 2017 1916 1913
f 2018 2015 2014
f 2019 2020 1957
f 474 1957 2020
f 2022 1705 2023
f 1710 2023 1705
f 1708 1706 1705
f 2024 3298 2021
f 2021 3299 2025
f 2026 1244 2027
f 2027 1035 1034
f 2028 975 973
f 1244 1246 1035
f 2029 1245 1244
f 2031 2034 2032
f 2033 2032 2034
f 856 2034 2035
f 2037 2041 2038
f 2036 3669 2039
f 2041 2037 2042
f 2043 3480 2040
f 2044 2042 2037
f 2046 2050 2047
f 1841 2050 2048
f 2049 2048 2050
f 2045 648 1094
f 2051 640 2045
f 1840 2047 2050
f 2047 1840 2052
f 2053 587 875
f 1768 1769 2055
f 877 1769 1770
f 2056 2055 1769
f 1780 1782 2058
f 2059 2057 2058
f 2058 1783 1162
f 1453 3061 1969
f 1235 1238 1970
f 2060 1788 1791
f 2062 1356 2063
f 2065 1357 2062
f 2064 2062 2061
f 1170 1558 1312
f 1005 1003 2068
f 2069 2072 2067
f 2071 2067 2072
f 2005 3611 2070
f 2002 2069 2068
f 2074 1807 1806
f 579 1806 2075
f 2077 1946 1893
f 2079 2077 2076
f 2077 2079 153
f 2081 3901 2076
f 1603 1650 1949
f 1891 1949 1650
f 1650 1603 2082
f 1947 1602 1601
f 1608 3937 2083
f 2085 2087 2086
f 2087 2085 2088
f 2087 2430 2089
f 2086 2089 1883
f 1882 1885 2084
f 2091 2632 2092
f 2094 2091 2090
f 2096 2098 2094
f 2091 2094 2098
f 2093 2969 2095
f 2099 2968 2093
f 2100 2099 2090
f 2102 2109 2103
f 2104 2105 2101
f 2105 3041 2106
f 2108 2103 2109
f 1104 2111 1589
f 2111 1104 1103
f 1589 2111 2112
f 2114 2116 2115
f 2116 2121 2117
f 2119 2115 2117
f 2118 3903 2120
f 2119 2671 2113
f 2122 2902 2117
f 2124 1508 2125
f 765 2128 2126
f 2128 765 2129
f 2131 2126 2128
f 2132 514 2133
f 402 512 2132
f 2133 2137 2135
f 2137 2133 514
f 2139 3664 2140
f 2142 2139 2138
f 1377 3746 2139
f 2143 2162 2144
f 2141 2138 2145
f 2141 2144 750
f 1442 2148 2146
f 1232 2146 2148
f 1441 1442 565
f 2149 2151 2150
f 2151 2178 2152
f 2153 1640 1639
f 1519 2158 2154
f 2155 1524 1523
f 2154 2157 416
f 2157 2154 2158
f 2159 2421 2156
f 2160 2159 2158
f 488 1368 2161
f 741 2163 756
f 2163 741 733
f 2162 2143 739
f 2143 2145 2164
f 2165 1923 2166
f 1924 1917 2165
f 2167 2165 1156
f 2169 352 1790
f 2171 353 2169
f 2173 1042 1045
f 599 4120 2172
f 1041 1042 2174
f 2176 2179 2177
f 2179 2176 2180
f 2182 2180 2176
f 2181 2176 2175
f 2175 2177 2185
f 2187 2189 2188
f 2190 1817 2191
f 2192 2188 2189
f 2186 2188 2194
f 2196 2198 2197
f 907 2197 2198
f 2199 2302 2195
f 915 2199 2197
f 908 2198 2200
f 2201 2147 2202
f 2204 2276 2205
f 1383 2206 2203
f 1987 2203 2206
f 2204 2203 1987
f 1990 2206 1580
f 2209 2210 1710
f 2023 1710 2210
f 2211 3388 2210
f 2209 2044 2039
f 2213 2220 2214
f 2215 2218 2212
f 2217 2212 2218
f 2220 2213 2221
f 2223 2214 2220
f 2219 4143 2222
f 2225 2229 2226
f 2228 2226 2229
f 2230 951 2224
f 2226 2228 2231
f 2232 2762 2229
f 2224 3599 269
f 2234 2236 2235
f 2159 2160 2236
f 2238 2235 2236
f 2239 1653 1657
f 2240 2239 2233
f 2242 1940 1939
f 1943 3234 2241
f 2244 2247 2245
f 2246 2251 2247
f 2247 2250 2248
f 2250 2247 2251
f 1824 2250 2249
f 2250 1824 1818
f 79 2257 2253
f 322 2253 2254
f 2256 2253 2257
f 2257 79 78
f 1261 1260 2255
f 1469 2260 2259
f 2258 3077 1468
f 1438 1440 2260
f 2262 2264 2259
f 2258 2259 2264
f 1440 3180 2265
f 2261 2259 2260
f 2266 2269 1568
f 2268 1566 1568
f 2267 1568 2269
f 2269 2266 2271
f 2272 2266 1569
f 2266 2272 2273
f 2275 2276 2204
f 2274 2204 2207
f 2276 2279 2277
f 2279 2276 2275
f 2281 2275 2274
f 2275 2281 1211
f 2283 2088 2085
f 2088 2283 2284
f 2286 3883 2287
f 2289 2285 2290
f 2289 3907 2292
f 2285 2289 2291
f 2290 2294 2293
f 2288 2290 852
f 2285 2287 2294
f 2295 2300 1880
f 2297 2300 2298
f 2299 2298 2300
f 2300 2297 1879
f 2302 2199 2303
f 2305 2195 2302
f 2304 2308 2306
f 2307 4078 2308
f 2304 2302 2301
f 1333 1339 1677
f 1336 1677 1675
f 2310 637 2311
f 2310 3629 1227
f 2312 2631 2098
f 2314 2096 2095
f 2316 2318 2317
f 2318 1531 1536
f 2319 1534 2318
f 1534 1532 1531
f 2321 2319 2316
f 2315 4074 2320
f 169 3467 2322
f 2323 2325 2324
f 961 2326 2323
f 1054 1055 2325
f 1054 2323 2326
f 2328 2324 2325
f 603 276 265
f 2329 265 179
f 2332 2339 2333
f 2331 2333 2335
f 2337 2335 2333
f 2339 2332 2340
f 2336 2333 2339
f 2343 2346 2344
f 463 2344 2346
f 2342 2344 462
f 2348 463 2345
f 2349 3669 2345
f 2351 2554 2352
f 2353 2351 2350
f 2355 2554 2351
f 2280 2274 1983
f 2280 2350 1209
f 2357 1394 1385
f 2358 1425 1394
f 606 2361 2360
f 2361 3483 2362
f 2363 3205 2359
f 345 1496 1771
f 344 1504 1496
f 1773 3721 2364
f 2366 2368 2367
f 2368 3542 1354
f 2369 4065 2368
f 2365 713 715
f 2371 3837 2372
f 2370 2372 2374
f 2000 2371 2370
f 2371 2000 1999
f 2006 2375 2378
f 2375 2370 2373
f 2353 1983 1299
f 1298 1300 2379
f 2380 2382 1512
f 1513 1512 2382
f 2381 2382 2384
f 2385 2399 2380
f 2382 2380 2386
f 2388 1098 1097
f 1099 2808 2387
f 1091 1098 2390
f 1954 1115 1116
f 2391 2393 2063
f 2392 3302 2393
f 2061 2063 2393
f 2395 2398 2396
f 2397 3465 2398
f 600 2397 2395
f 2400 2404 2401
f 2402 2404 1224
f 2403 2401 2404
f 1220 1224 2404
f 2386 2380 2399
f 2399 2385 2405
f 2407 1295 1985
f 2406 995 2408
f 1296 1292 2407
f 905 904 1428
f 2409 3173 904
f 1116 1428 2410
f 260 284 2412
f 259 260 2411
f 2415 2418 2416
f 2417 2416 2418
f 2419 2538 2416
f 2420 3641 2418
f 2421 2159 2234
f 2233 1657 1656
f 2423 2426 2424
f 2426 2423 2427
f 148 2428 2424
f 2426 146 145
f 2428 1445 2422
f 2429 2430 593
f 2430 2087 591
f 990 992 862
f 2432 2436 2433
f 2435 2433 2436
f 2437 2504 2433
f 2439 2435 2434
f 2440 2437 2435
f 1079 1081 2442
f 1701 1080 1079
f 2441 2583 2443
f 705 698 2445
f 2444 1465 2446
f 705 2446 2447
f 1064 988 861
f 2450 2296 2451
f 1330 2455 2450
f 2451 2456 2454
f 2455 2297 2296
f 2456 2451 2296
f 991 2458 2457
f 995 2406 2458
f 1204 1205 2457
f 2406 1985 1988
f 2459 2457 2458
f 1158 2461 2460
f 2461 1158 2462
f 2462 1149 2464
f 2466 1483 1482
f 1483 2466 2196
f 2465 3743 2200
f 1937 1938 1482
f 1478 1483 2467
f 2232 323 271
f 2469 4087 2470
f 928 1803 2468
f 1803 1804 2472
f 2471 2469 2468
f 929 2468 2470
f 2474 2477 2475
f 2477 2474 1671
f 2479 2475 2477
f 2480 3984 2473
f 2482 2485 2483
f 2484 551 2481
f 2482 2778 2486
f 2483 2485 2488
f 2490 2778 2482
f 2481 540 2489
f 1610 1196 2491
f 337 345 2364
f 2492 2493 1681
f 2493 2540 2494
f 1683 613 2495
f 2496 1682 1681
f 2497 3438 2436
f 2499 2432 2431
f 2498 3791 2500
f 2499 2500 2502
f 2432 2499 2501
f 2431 2433 2504
f 2505 2506 798
f 910 912 2506
f 797 798 2506
f 2507 2505 2193
f 805 2186 2193
f 2509 2515 2510
f 2508 1886 1884
f 2511 2512 2508
f 1886 2508 2512
f 2514 2510 2515
f 2510 2514 2516
f 1121 4030 1763
f 2517 3678 1537
f 2519 2524 2520
f 18 19 2521
f 2523 2525 2520
f 2524 2526 2522
f 2525 18 2518
f 2524 390 2396
f 2527 2530 1135
f 1132 1138 2528
f 2529 2527 1136
f 2530 3546 1133
f 781 683 1145
f 692 959 958
f 964 959 2533
f 691 2533 959
f 2535 2415 2414
f 2415 2535 2536
f 2414 2416 2538
f 1737 1738 2539
f 1392 2494 2540
f 1738 2540 2541
f 1417 2539 1414
f 2542 1414 2539
f 1283 1291 2544
f 1281 1283 2543
f 2461 1281 2545
f 1284 1282 1281
f 2547 707 711
f 2549 710 2547
f 2546 711 1929
f 2198 2196 2466
f 2467 2196 2195
f 562 2552 2550
f 789 2551 562
f 2551 3285 2552
f 2354 2379 2314
f 2554 2355 2555
f 2096 2314 2379
f 2355 2314 2313
f 1300 1293 2312
f 2557 2566 2558
f 2559 3119 2556
f 2561 2557 2556
f 2558 2567 2562
f 2564 2566 2565
f 2566 2564 2567
f 1202 2573 2568
f 2569 2570 1203
f 2570 1199 1198
f 2572 2569 2568
f 2208 1580 1579
f 2571 2568 2573
f 2573 1202 2574
f 1775 1777 2576
f 2575 2906 2577
f 2576 1410 1409
f 1410 2576 1777
f 2578 1870 2575
f 2054 2580 2579
f 2580 2582 2581
f 1772 1774 2579
f 2441 2442 2582
f 2583 2441 2580
f 1191 2588 2585
f 1620 1619 1191
f 2586 2588 1189
f 2587 2585 2588
f 1463 653 359
f 2589 652 650
f 2590 3540 2419
f 2591 2590 821
f 2590 2591 2593
f 2594 2591 822
f 2417 817 821
f 2595 947 942
f 2597 2599 2565
f 2563 2565 2599
f 2566 2557 2596
f 2600 3280 2599
f 2602 2597 2596
f 2411 2412 2604
f 2413 2411 2603
f 1056 2603 2605
f 894 2605 2603
f 2412 319 896
f 886 2607 373
f 371 373 2607
f 1526 1528 325
f 2609 1527 1526
f 2608 1526 327
f 2612 2609 2608
f 2611 2608 2610
f 461 463 2348
f 2614 2348 2616
f 992 2457 1205
f 1574 2581 2582
f 1573 1772 2581
f 2442 2645 1577
f 2618 3706 2619
f 2617 2619 2620
f 1125 2618 2617
f 2619 3706 2622
f 2624 1216 1213
f 2625 1141 1216
f 2624 2951 2626
f 2628 1562 660
f 2629 1898 2630
f 2631 2629 2097
f 2632 2091 2097
f 2630 2634 2633
f 1898 1661 2634
f 1898 2629 1894
f 2282 2085 2084
f 1885 2512 2635
f 2637 2282 2635
f 2282 2637 2638
f 2639 2641 2252
f 1825 2252 2641
f 2641 2639 2643
f 2644 2639 2249
f 2645 2442 1081
f 2647 2652 2648
f 2650 2652 2651
f 1567 2648 2652
f 439 1567 2650
f 1921 2651 2652
f 575 2075 2653
f 2654 865 868
f 2075 1809 2655
f 2657 1278 1280
f 2658 2659 1278
f 2659 2734 1277
f 1279 3477 2656
f 2656 3064 2660
f 2523 2522 2661
f 91 16 2525
f 2294 2665 2662
f 2663 853 2293
f 2662 2666 2664
f 2665 3788 2666
f 2665 2294 2287
f 1627 2966 2429
f 2668 2670 2032
f 2669 2668 2033
f 2670 3520 2030
f 2671 2677 2672
f 2672 2676 2674
f 2676 2672 2677
f 2679 2677 2671
f 2119 2120 2678
f 2681 386 2682
f 2680 2682 2184
f 2684 2681 2680
f 2184 2685 2183
f 2682 3524 2685
f 769 770 2686
f 774 775 2688
f 2167 2689 2686
f 2689 2688 775
f 770 1925 1924
f 773 2649 1925
f 1506 2691 2690
f 1505 3844 2691
f 2693 2699 2694
f 2695 3100 2696
f 2697 2693 2692
f 2140 2695 2692
f 2698 2700 2699
f 2700 740 2164
f 2699 2164 2145
f 2505 2507 913
f 1744 1743 673
f 675 2701 1741
f 2701 675 677
f 673 1950 681
f 1743 1111 1950
f 2703 1966 2542
f 1414 2542 1966
f 2704 3043 2705
f 2706 1109 1108
f 2704 1105 2708
f 139 953 2428
f 2710 2633 2634
f 1661 1660 2709
f 510 501 2712
f 2714 1430 2712
f 501 1321 2713
f 2716 2722 2717
f 2719 2716 2715
f 2715 2717 2721
f 2722 2725 2723
f 2724 3144 2725
f 2722 2716 2726
f 2727 2729 2728
f 2292 3048 2730
f 2291 2292 2729
f 1674 1680 2731
f 2729 2730 1723
f 1959 1029 1030
f 2019 1030 704
f 2020 2019 2732
f 2732 704 706
f 1998 2000 2375
f 2735 2739 2736
f 2738 2741 2739
f 2736 2739 2741
f 2742 3540 2740
f 2048 2049 2744
f 1839 2048 2743
f 2745 1848 1837
f 1830 1832 2747
f 2748 1830 2746
f 1830 2748 2749
f 2746 2747 2751
f 2753 2751 2747
f 1832 2754 2752
f 1828 1833 2754
f 2756 1434 1435
f 2627 3548 2757
f 1433 1434 2757
f 2756 2628 2627
f 2755 1435 1087
f 2759 3923 2760
f 2227 2229 2762
f 2761 2564 2563
f 2690 3657 2761
f 263 2763 1061
f 2763 263 75
f 791 2765 2764
f 2765 791 788
f 2767 2764 2765
f 2768 2777 2764
f 1047 1048 1397
f 2769 2771 2770
f 2771 517 2772
f 1490 2770 2773
f 2775 2771 2769
f 2769 1488 2776
f 2777 1795 1794
f 2778 2783 2779
f 2485 2486 2780
f 2780 2486 2779
f 2783 2778 2490
f 440 2650 2649
f 592 2284 2784
f 594 2784 2785
f 2787 2790 2788
f 2788 2100 2092
f 2100 2788 2790
f 1630 2791 2790
f 2791 620 623
f 2792 2787 2786
f 2787 2792 1629
f 1624 621 620
f 2791 1630 1628
f 1361 1363 2794
f 1363 504 509
f 2795 3124 1362
f 2795 1361 2793
f 2130 2128 2127
f 2130 2878 2798
f 2797 2127 1857
f 2202 1444 1443
f 2799 347 346
f 619 2491 2801
f 2802 3017 2800
f 2803 2801 2491
f 1262 1264 2427
f 2805 3822 2806
f 2423 2805 2804
f 2807 1262 2804
f 2425 2427 1264
f 2808 2813 2809
f 2809 2813 2612
f 2388 2387 2809
f 2812 3780 2813
f 2814 2812 2808
f 1208 1211 2281
f 2815 1209 2350
f 2278 1211 1210
f 1253 2818 2116
f 2121 2116 2818
f 1251 1253 2114
f 2820 934 1349
f 2822 2824 2823
f 2824 421 2825
f 2826 2828 2823
f 2827 3224 2828
f 2821 2823 2828
f 2329 2825 421
f 2831 682 681
f 2833 1255 2674
f 2833 2835 2834
f 2832 3221 2835
f 2676 3486 2832
f 2673 2674 1255
f 2836 2837 1842
f 2837 2052 1840
f 2838 2842 2839
f 2840 2838 1670
f 2476 1671 1670
f 2842 2838 2843
f 2844 2839 2842
f 2846 3921 2847
f 2845 2440 2439
f 1835 2848 2845
f 2849 3624 2850
f 2440 2845 2848
f 473 469 2851
f 477 479 2853
f 2854 2853 479
f 469 2031 2030
f 468 472 2031
f 2856 2858 2857
f 2858 3545 2859
f 2816 3546 2858
f 2861 1548 1964
f 2703 3008 2860
f 1611 1546 2861
f 1102 1109 2863
f 355 1185 1063
f 1487 1479 2306
f 2305 2306 1479
f 2865 1173 2866
f 2868 2864 2869
f 2870 2869 2864
f 2867 2869 2872
f 2866 2874 2873
f 2874 2866 1173
f 2876 2752 2754
f 2752 2876 2877
f 2876 3316 493
f 1099 645 644
f 2814 644 1230
f 2689 2167 1157
f 2629 2631 1297
f 1293 1297 2631
f 1691 2797 1858
f 2797 1691 2878
f 2879 2878 1691
f 854 855 2881
f 2880 3194 2288
f 2882 2881 855
f 2733 2732 2447
f 2687 2688 2460
f 2319 2321 2885
f 2886 330 333
f 2321 3383 2887
f 2885 2887 2264
f 2884 2885 2262
f 2889 1845 1844
f 2807 2888 2891
f 2888 2807 2806
f 1846 2891 2888
f 2891 1846 813
f 1117 3562 902
f 1114 906 899
f 2893 2897 2894
f 1000 2893 2892
f 1869 3570 2894
f 1002 2898 2897
f 2896 2894 2897
f 546 2897 2898
f 711 712 2899
f 2297 2455 2900
f 2118 2117 2902
f 2901 2902 1075
f 2577 2907 2905
f 2904 1776 1775
f 2906 1871 2907
f 2904 2905 2909
f 2705 2905 2907
f 418 842 411
f 414 411 842
f 2911 415 414
f 2910 414 844
f 2456 2914 2913
f 2298 2299 2914
f 2916 2914 2299
f 2295 3960 2915
f 553 2918 2917
f 2918 553 552
f 1962 378 1305
f 1306 1305 378
f 2919 378 380
f 2921 2925 2922
f 724 2925 1015
f 725 724 2923
f 2925 724 726
f 2925 2921 1013
f 2927 2930 2928
f 2930 2927 1179
f 2931 3397 2873
f 2933 2928 2930
f 2104 2931 2926
f 2935 2938 2936
f 2937 3711 2938
f 2934 3216 2939
f 2941 2936 2938
f 939 2470 2936
f 2470 4087 2934
f 495 2943 2056
f 490 495 876
f 2943 495 494
f 2055 2056 2943
f 2946 2950 2947
f 2945 2947 2948
f 2947 2952 2949
f 1622 2626 2951
f 2952 2947 2950
f 2945 3018 2953
f 2950 2946 2954
f 2956 2961 2957
f 2959 2960 2956
f 2960 2962 2961
f 2961 996 999
f 2962 997 996
f 723 2750 2964
f 2750 723 722
f 2750 2751 2965
f 722 719 727
f 2430 2429 2966
f 1887 1883 2089
f 2967 3635 2615
f 2347 3482 2616
f 1467 1466 2513
f 624 625 2968
f 2968 3017 2969
f 401 2134 2924
f 2134 2135 2970
f 2134 401 405
f 2541 3403 2702
f 443 2971 445
f 2971 443 772
f 2972 745 2973
f 2975 2977 2976
f 2974 3747 1904
f 2977 1617 1615
f 2977 2975 2979
f 580 2981 2980
f 2981 2985 2982
f 2983 2984 2980
f 2984 583 581
f 627 634 2985
f 2981 580 630
f 2986 2284 2283
f 2987 2784 2284
f 1064 2989 364
f 362 364 2989
f 2989 1064 2448
f 2988 2989 471
f 2991 1240 1234
f 2992 3348 1240
f 542 547 2994
f 540 542 2993
f 2996 3001 2997
f 2998 2995 2503
f 3000 2997 3001
f 2995 2997 3002
f 2633 2710 3003
f 2789 2092 2632
f 3004 1672 1665
f 3006 3099 3007
f 3008 3006 3005
f 1616 1612 3005
f 1612 2861 2860
f 3010 3012 1318
f 3012 3010 3013
f 3013 3010 3014
f 1948 2080 3011
f 3015 4032 1599
f 3009 3015 3014
f 2313 2095 2969
f 3016 2969 3017
f 2555 2313 3016
f 3020 3024 3021
f 3023 3021 3024
f 3024 3020 3026
f 3022 3024 3025
f 3029 2272 1564
f 2272 3029 2102
f 3028 3871 3030
f 3031 567 569
f 923 1441 568
f 918 571 3031
f 1149 1151 3032
f 3032 1155 3034
f 2352 2554 2553
f 2151 2149 3036
f 2179 3035 3037
f 2178 2151 3035
f 3038 3037 3035
f 3039 3036 2149
f 3036 3039 3040
f 2101 2106 2273
f 3041 4002 3042
f 2109 2102 3029
f 2271 2273 2106
f 3043 2909 2905
f 3044 3539 2909
f 3043 2704 2707
f 676 678 781
f 1013 680 679
f 679 676 778
f 2957 999 3046
f 1722 1723 2730
f 3048 3988 3047
f 1718 1675 2728
f 3049 3050 2659
f 3050 2735 2734
f 3051 3992 2735
f 3049 3531 3053
f 3050 3049 3052
f 3055 3057 3056
f 2879 3060 3057
f 3054 3761 2798
f 3054 3056 3059
f 3060 1969 3061
f 3062 3056 3057
f 3063 2996 2995
f 2135 2137 3001
f 459 461 2614
f 2615 2660 3064
f 2999 3001 2137
f 3066 3000 2999
f 2136 3649 3065
f 2819 3071 3067
f 3068 3071 2819
f 3067 3072 3070
f 3071 537 3072
f 3071 3068 3073
f 2852 2853 3075
f 1470 1468 3077
f 428 1470 3076
f 3076 3077 3079
f 3077 2258 2263
f 585 1500 1499
f 1626 2429 1499
f 3078 3083 432
f 3078 3079 3081
f 430 432 3083
f 3083 3078 3080
f 1931 1930 2899
f 712 713 3085
f 3087 1931 3085
f 1667 754 3088
f 1140 3137 3089
f 2896 543 1862
f 3091 3093 1823
f 1822 1823 3093
f 3092 3093 3095
f 3091 3574 3097
f 3096 3095 3093
f 2495 2697 2696
f 3100 2695 3101
f 3102 3100 3099
f 3098 2696 3100
f 2693 2697 615
f 2698 615 608
f 2697 2495 613
f 126 127 3104
f 1459 1397 3105
f 1457 3105 3107
f 1397 1398 639
f 878 880 496
f 3109 3115 3110
f 3112 3115 3109
f 1855 1856 3111
f 3114 3110 3115
f 3116 2560 3117
f 3117 3119 3118
f 2560 2556 3119
f 3120 2561 2560
f 3122 3120 3116
f 2574 2459 1988
f 2755 2760 3123
f 1362 2990 1360
f 2990 1362 3124
f 3125 2992 2991
f 2219 2221 3127
f 812 3130 3127
f 3126 3127 3130
f 2221 3969 3128
f 3131 3308 1401
f 3132 4081 3131
f 3133 3132 1399
f 3135 3559 3136
f 3138 3135 3134
f 3137 1140 3139
f 3138 1620 2584
f 976 3089 3137
f 2800 625 617
f 2214 2223 3140
f 3142 3140 2223
f 2222 4015 3141
f 3143 866 865
f 588 589 881
f 589 2785 879
f 2162 756 747
f 3145 3074 3075
f 3074 3736 3146
f 3147 2725 3144
f 2853 2854 3147
f 1918 1925 2649
f 3149 1290 1289
f 3150 936 3148
f 3151 3148 936
f 1304 1421 1963
f 3153 3410 3154
f 2993 2994 3152
f 3152 3156 2071
f 3156 3152 2994
f 3158 3469 3159
f 3161 3158 3157
f 3158 3161 3163
f 3165 3163 3161
f 3167 63 3168
f 3169 3867 3167
f 3166 3168 3171
f 63 61 60
f 19 63 3167
f 1699 1085 1080
f 3172 1704 1701
f 1895 1296 2408
f 3173 703 1027
f 703 3173 2409
f 3174 3176 2218
f 2216 2218 3176
f 3178 3175 3176
f 2215 3140 3179
f 2786 2788 2789
f 834 2786 3003
f 3180 1440 922
f 1372 3815 3181
f 3182 3931 1366
f 1455 1457 3106
f 1460 1455 3183
f 1826 1458 1460
f 2837 2836 3184
f 3183 3106 2052
f 2836 3695 3186
f 3184 3186 3185
f 3187 3190 2110
f 2112 2111 2110
f 3188 2110 3190
f 3191 4013 3190
f 3192 3191 3187
f 3193 3343 3194
f 2880 2881 3195
f 1296 1895 1894
f 924 926 3196
f 2069 2002 2001
f 3198 3203 3199
f 3201 3202 3199
f 3202 3920 3197
f 2363 3326 3204
f 3200 3199 3203
f 3203 3198 3205
f 3197 737 736
f 3206 3208 1538
f 3208 3206 3209
f 3210 3209 3206
f 3209 3210 3212
f 2939 3215 3214
f 2507 3214 3215
f 3216 916 3215
f 913 3215 916
f 3213 2937 2935
f 3218 3222 632
f 3218 3221 3220
f 3221 3218 3217
f 3219 2403 3222
f 3223 3226 3224
f 3225 3224 3226
f 2829 2828 3224
f 1856 2123 3227
f 3228 3112 3111
f 3229 3227 2123
f 2123 1856 1849
f 3230 2785 2784
f 3231 3235 3232
f 3234 1943 3232
f 3236 850 849
f 3233 3232 3235
f 3121 3237 3231
f 3235 3231 3237
f 3239 3245 3240
f 3240 3247 1735
f 3243 3245 3244
f 3245 3239 3246
f 3245 3243 3247
f 3249 3246 3239
f 1654 1655 2549
f 3250 2549 2548
f 2421 3250 3251
f 1655 4017 710
f 1559 982 3253
f 3252 3253 3255
f 983 3255 3253
f 3237 3121 1633
f 3236 3237 1640
f 3257 3262 3258
f 426 3256 3258
f 3259 3258 1165
f 3260 3264 3261
f 3262 1038 1165
f 3263 3260 1165
f 3263 3834 3264
f 3266 774 2687
f 2543 2544 3267
f 2545 2543 3265
f 3268 3266 3265
f 3270 3275 3271
f 3269 1402 1401
f 3271 3278 3273
f 3275 3270 3276
f 3278 3271 3275
f 3277 3275 3274
f 3280 3281 2598
f 3281 2231 2228
f 400 401 2923
f 2793 2794 3283
f 3282 3951 2796
f 2794 509 3284
f 1269 1797 1796
f 1797 1269 3285
f 1268 1796 3286
f 3288 2718 3289
f 3228 3290 3289
f 3290 3603 3287
f 2720 3289 2718
f 2720 2721 3112
f 2718 3288 3291
f 1967 1968 1969
f 128 2254 3104
f 3103 3104 3293
f 3295 2959 2958
f 2960 2959 3297
f 3296 3730 2962
f 754 756 2163
f 2144 747 746
f 2206 1383 1382
f 3298 457 3299
f 457 458 3136
f 3300 452 457
f 3302 2392 3303
f 3302 3305 2394
f 3305 3302 3301
f 3307 3303 2392
f 3308 3276 3270
f 3309 3311 3276
f 3274 3276 3311
f 2146 1232 738
f 3310 3311 2126
f 3311 3309 766
f 1698 3312 1709
f 3312 1698 1697
f 1934 1936 3313
f 3313 2601 2561
f 1944 3313 3120
f 1936 2602 2601
f 3314 4124 2602
f 3316 3320 3317
f 491 3315 3318
f 3319 3318 3315
f 3316 3315 491
f 3320 3322 3321
f 3320 2875 3323
f 1715 1716 3325
f 1716 1709 3312
f 2360 2362 3326
f 2362 2038 2041
f 2040 3204 3326
f 3327 2153 2150
f 2152 3328 2882
f 2178 2180 3328
f 1141 2625 3139
f 2638 3330 3329
f 3330 903 3331
f 3329 3331 3333
f 2986 3329 3332
f 3335 3817 3336
f 2642 3334 3338
f 3339 3338 3334
f 3335 3334 2642
f 2641 2642 3337
f 3341 3345 3342
f 2182 3340 3193
f 3343 3193 3340
f 3344 3342 3345
f 3346 3347 2724
f 3347 3145 3144
f 2992 3125 3145
f 3348 2992 3347
f 2620 2619 2621
f 1653 2239 3350
f 3170 3171 3351
f 1888 1890 3350
f 3170 3350 2239
f 3353 3359 3354
f 3354 3359 3356
f 3358 3352 3354
f 3319 3942 3356
f 3318 3319 3359
f 498 3353 3352
f 3361 3363 3362
f 3363 3361 3364
f 3363 1787 1786
f 3273 3364 3361
f 3367 3370 3368
f 2744 1095 3366
f 3369 3366 1095
f 3368 3371 2743
f 3370 4142 3371
f 3370 3367 3373
f 903 3330 3375
f 2637 3375 3330
f 897 903 3374
f 3376 349 3377
f 3378 3380 3376
f 350 3376 3380
f 3377 3062 3061
f 3062 3377 349
f 3382 2887 3383
f 3381 3383 3385
f 3383 2321 2320
f 2887 3382 2263
f 3081 3382 3381
f 3387 3300 3298
f 3388 3387 2024
f 2929 1179 1180
f 2926 2873 2874
f 1175 1179 2927
f 761 760 3391
f 3390 4001 3392
f 3394 3398 3395
f 2872 3399 3394
f 3398 3394 3399
f 2870 2873 3397
f 3396 3394 3393
f 2871 2872 3396
f 3402 2998 2504
f 3403 2541 2540
f 3403 3405 3404
f 3405 3403 2493
f 3406 1254 1252
f 3407 3406 1256
f 3409 2782 3410
f 2782 3409 3411
f 3154 3410 2782
f 3153 3607 3408
f 3412 3547 652
f 3413 3412 2589
f 2834 3415 3414
f 3415 2834 2835
f 3416 3414 3415
f 3407 3414 872
f 2489 2993 3154
f 3418 3149 3148
f 1290 3149 3419
f 452 3300 1346
f 227 220 248
f 3420 3422 1265
f 3421 3422 3420
f 2552 3422 3421
f 3422 2552 3285
f 952 3421 250
f 3424 2535 2534
f 2535 3424 3425
f 3423 3861 3426
f 3427 3425 3424
f 3428 3653 3423
f 2537 3428 2534
f 3018 2945 2553
f 3430 3847 3431
f 3433 3430 3429
f 3430 3433 3435
f 3432 3737 3436
f 2434 2436 3438
f 3439 3441 3438
f 3437 3438 3441
f 2623 2952 2951
f 1621 3139 2625
f 1751 3212 3210
f 2963 3443 720
f 3443 2963 3444
f 2922 3443 3442
f 3446 3447 3444
f 3447 1739 3442
f 2963 2964 3445
f 1225 634 633
f 634 1225 1223
f 2402 633 3222
f 3449 1315 1314
f 3009 1318 1315
f 2714 1956 1955
f 1430 1431 2711
f 1430 2714 2410
f 3451 2911 2910
f 3450 3454 3452
f 2912 3455 3450
f 3454 3450 3455
f 3455 2912 524
f 526 1491 3453
f 2898 1002 1006
f 1005 3156 3155
f 547 2898 3155
f 2893 1000 998
f 2700 2698 614
f 3375 2637 2636
f 3374 3375 3456
f 2511 2516 3456
f 2709 1662 837
f 835 3003 2710
f 3459 1884 833
f 2509 1884 3459
f 2515 2509 3460
f 3458 3854 3461
f 3460 3459 3461
f 3464 3466 1450
f 3463 1450 3465
f 1826 3463 2397
f 3466 1447 1448
f 3467 3223 2827
f 2322 2827 2826
f 2330 179 178
f 3468 3512 3226
f 3223 3467 1645
f 3470 446 445
f 2971 3159 3469
f 3471 2528 1138
f 3472 2529 2528
f 3089 976 449
f 1137 3089 451
f 3473 3545 2530
f 3474 3473 2527
f 2529 3472 3475
f 1272 1274 3476
f 3476 4011 3477
f 3479 3476 1274
f 1273 4096 3478
f 3481 3201 3200
f 2843 3481 3480
f 3204 2040 3480
f 2840 1672 3201
f 2802 2953 3018
f 2946 2953 2803
f 2038 2362 3483
f 3483 2361 436
f 3282 3283 1024
f 1025 1024 3283
f 3484 1024 1023
f 2675 2677 2679
f 2675 2383 3486
f 3488 3490 3489
f 3490 3492 3491
f 3492 3490 3400
f 3393 3395 3493
f 3494 3491 3492
f 3495 3400 3490
f 3401 3396 3400
f 3497 3501 3498
f 3500 3498 3501
f 3501 3497 3503
f 3505 3497 3496
f 3506 3503 3497
f 1422 2010 1686
f 3507 1346 3300
f 1346 3507 3508
f 60 62 110
f 3509 3171 3168
f 551 541 540
f 1760 1762 3511
f 3510 3610 1765
f 2127 2129 1146
f 3512 539 535
f 3225 534 3513
f 3514 1513 2381
f 1511 1513 3514
f 2679 3516 3514
f 3516 3603 3515
f 2330 2826 2825
f 2605 894 893
f 3517 1055 1057
f 893 895 3519
f 3517 893 3518
f 2604 896 892
f 2851 2030 3520
f 3521 3147 2854
f 685 2531 2328
f 2324 2328 2531
f 3522 689 687
f 2531 685 684
f 1543 1538 3208
f 3207 3970 3523
f 3523 2685 3524
f 387 1544 1543
f 1877 1876 1755
f 3525 1877 2008
f 402 404 3526
f 3527 518 511
f 404 783 768
f 3529 557 3530
f 3378 943 941
f 949 3601 3380
f 3082 3052 3053
f 3531 3634 433
f 3052 3082 3532
f 3084 3532 3082
f 1212 1134 1133
f 2053 1498 1493
f 329 3534 3196
f 3534 2265 3180
f 3533 3196 926
f 331 3535 3534
f 3535 2261 2265
f 2170 3278 3277
f 3058 3059 353
f 3279 3058 2171
f 1961 477 2852
f 3536 366 672
f 366 3536 3537
f 3539 3537 3536
f 2592 2740 3540
f 3540 2742 2538
f 3541 2736 2740
f 2626 1622 1618
f 3179 3140 3142
f 3542 3179 1353
f 3098 3405 2492
f 922 1439 1441
f 2155 416 415
f 3499 3652 3435
f 3498 3500 3436
f 2587 1708 2022
f 2025 3559 2585
f 2526 2396 2398
f 3545 2858 3546
f 3547 1662 651
f 836 837 1662
f 3547 3412 838
f 659 661 1380
f 1379 1380 661
f 3548 1380 1381
f 2758 2757 3548
f 2824 2822 3551
f 2822 3996 3552
f 3284 2711 1431
f 3553 3070 3072
f 2389 2390 3555
f 3557 3857 3555
f 3558 2390 1098
f 2390 3558 3556
f 3554 3793 3369
f 2389 3369 1096
f 3060 2879 1692
f 1620 3138 3139
f 2584 2585 3559
f 3560 3230 2987
f 3561 3560 3332
f 3230 3560 1373
f 1371 1373 3560
f 3331 902 3562
f 3563 3561 3333
f 3564 3566 2532
f 3566 3564 3567
f 382 3564 2337
f 964 2532 3566
f 2532 2533 2335
f 1210 1133 3546
f 135 126 3103
f 1486 558 557
f 558 1486 1485
f 3528 4098 1481
f 2785 3230 1370
f 2892 2894 3570
f 2895 2892 3569
f 2448 861 2035
f 1342 1347 1810
f 3571 1811 1810
f 1812 1815 1345
f 3097 3575 3573
f 3572 3784 3096
f 3574 4116 3575
f 3575 4115 3576
f 3387 3388 3577
f 2636 2635 2512
f 3020 3248 3578
f 3248 3020 3019
f 3248 3239 3238
f 3579 3786 3025
f 3580 3581 3578
f 3581 3579 3026
f 3582 2949 2952
f 1215 3582 2623
f 1887 1629 2792
f 1629 1887 2966
f 808 815 3583
f 814 3583 2890
f 3585 1339 1338
f 3584 3437 3440
f 1338 1332 3587
f 3586 2438 3584
f 2227 2563 2598
f 1200 863 862
f 2459 2574 1202
f 2189 2187 3588
f 2186 805 804
f 803 3588 2187
f 3588 803 2245
f 3150 3591 3590
f 1289 1286 3591
f 3592 3591 1286
f 936 3150 3589
f 3593 2965 2751
f 2964 2965 3594
f 3182 3594 2965
f 3213 3214 3596
f 3595 4037 2937
f 3299 3136 3559
f 2444 2445 2513
f 700 3597 2445
f 2513 2445 3597
f 3531 3049 2658
f 3598 2658 2657
f 1127 2620 1476
f 2230 3633 950
f 297 3599 2224
f 3599 297 296
f 2168 3364 2170
f 3364 3273 3278
f 2168 1790 1787
f 625 2800 3017
f 3600 2446 1465
f 3379 3380 3601
f 2799 350 3379
f 458 976 3134
f 3516 2679 2678
f 3603 3516 3602
f 417 416 2157
f 1524 2155 2911
f 2017 2016 3192
f 2016 2015 3191
f 3606 3408 3607
f 3605 3611 3609
f 3606 3605 3608
f 3607 2070 3611
f 2070 3607 3153
f 3408 3606 3612
f 3613 2544 1291
f 3614 3267 2544
f 3615 3419 3149
f 3419 3615 3616
f 3174 3617 3177
f 3617 4065 3618
f 3179 3542 3617
f 3619 2377 3620
f 2377 2378 3621
f 957 3620 3621
f 2606 3620 957
f 2972 3621 2378
f 3622 3884 3609
f 3619 3885 3622
f 1231 1232 2147
f 2998 3402 3623
f 2850 3402 2437
f 2970 2135 2996
f 729 2970 3063
f 3624 3623 3402
f 3625 3627 3324
f 3626 3696 3627
f 3627 2478 3628
f 3272 3273 3365
f 93 153 2079
f 2080 153 155
f 3011 155 321
f 2034 2031 472
f 375 377 3537
f 2548 2547 2546
f 952 950 3633
f 2917 3633 2230
f 3632 3633 2917
f 559 2917 2231
f 427 1443 1470
f 3221 2832 3486
f 3220 3486 2383
f 356 1063 1062
f 434 436 2361
f 3635 2967 436
f 2862 3192 1100
f 3257 3638 3637
f 3636 4036 3262
f 3256 3552 3638
f 1833 3323 2875
f 3639 2449 3640
f 3640 2453 3323
f 818 2418 3641
f 827 3641 2817
f 2818 1253 826
f 3286 1798 539
f 3643 2246 2244
f 3642 2244 2243
f 3644 3650 3645
f 3642 3645 3646
f 2309 3272 3629
f 3647 1227 3629
f 3269 3271 3272
f 1402 3269 2309
f 3065 2775 3648
f 2775 3065 3649
f 3650 3660 3651
f 3652 3499 3384
f 3652 4074 3434
f 3384 3502 3386
f 3502 3384 3499
f 3538 3536 1162
f 3504 3496 3654
f 3543 3654 3496
f 3655 3118 3119
f 3656 3655 2559
f 3658 2562 2567
f 1360 1233 1971
f 1233 1360 2990
f 802 1078 3650
f 1077 4025 3659
f 1078 3659 3660
f 3644 2243 800
f 3118 3655 984
f 3663 1516 1509
f 2570 2569 1516
f 3662 1509 1508
f 3664 3101 2695
f 1971 1972 506
f 3485 2381 2383
f 1059 1061 2763
f 2583 2944 3172
f 2054 2055 2944
f 3667 3977 3668
f 3668 1153 1152
f 3666 3668 1992
f 2166 1993 1992
f 573 575 868
f 2346 2343 3577
f 2211 2039 3669
f 2349 3577 3388
f 3508 2343 2342
f 3507 3577 2343
f 563 2550 3632
f 3632 2550 3421
f 3671 3676 3672
f 3674 4132 3672
f 3673 3672 3676
f 2772 516 3676
f 688 1032 1031
f 686 688 3677
f 1230 1229 3678
f 1536 1537 3678
f 1229 3681 3679
f 3681 1229 1228
f 3683 3689 3684
f 3686 3689 3687
f 3688 3684 3689
f 1981 3789 3682
f 2783 3411 3690
f 635 3415 3217
f 2868 4019 845
f 2864 2868 3691
f 2865 3691 3692
f 3693 2185 2177
f 3037 3038 3694
f 1843 1845 3695
f 2478 3627 3696
f 2478 2477 2476
f 3697 4141 3696
f 2933 4005 3041
f 2103 2108 2931
f 2105 2104 2928
f 3591 3592 2029
f 2026 967 3590
f 3589 3590 967
f 3592 3715 1245
f 2409 900 701
f 3113 2723 3521
f 3110 3114 2670
f 3114 3521 3520
f 2723 2725 3147
f 2717 2723 3113
f 963 965 3698
f 3565 3698 965
f 2985 1223 3699
f 3699 1222 3701
f 2982 3699 3700
f 3702 1327 1325
f 1324 1859 1860
f 1860 1148 2831
f 2855 2277 2279
f 3700 3701 2855
f 1973 1687 1326
f 506 1973 1322
f 669 3621 2972
f 2621 2622 3704
f 2622 3707 3705
f 3706 3742 3707
f 1089 1085 1699
f 1089 1404 2759
f 2940 3709 3708
f 3418 3708 3709
f 3710 3783 3709
f 3711 3710 2940
f 2080 1948 1946
f 3712 3039 1638
f 3630 3765 3713
f 3539 3044 3630
f 3714 3715 1285
f 3715 3592 1288
f 1243 1245 3715
f 1241 1243 3714
f 3305 3389 3717
f 2066 2061 2394
f 3719 2066 3717
f 3718 3717 3389
f 435 606 2359
f 3205 1231 2201
f 1444 2202 2147
f 701 3720 3597
f 900 3457 3720
f 898 3374 3457
f 1772 1573 3721
f 3723 3725 2256
f 3724 3293 3725
f 3722 3728 3726
f 3722 2256 2255
f 3728 3722 3727
f 2253 2256 3725
f 3729 3731 3730
f 1004 3730 3731
f 3732 2002 2073
f 3731 3729 3733
f 3735 3733 3729
f 3125 3736 3074
f 3736 3125 3124
f 3432 3429 1786
f 3737 3432 1788
f 3429 3431 3362
f 3099 3101 3738
f 1759 482 3739
f 2978 2979 3739
f 480 482 3740
f 1748 3740 482
f 2661 3544 1449
f 884 1766 1761
f 3742 888 887
f 2618 1125 1766
f 2252 1825 1821
f 1940 2242 3743
f 2465 1482 1938
f 2242 1908 1907
f 914 2200 3743
f 2518 2521 3744
f 713 2365 3086
f 3086 2065 2064
f 569 570 740
f 1952 1328 1327
f 3746 1377 1376
f 1376 1374 1378
f 3745 1376 3747
f 3749 3746 3745
f 2377 3619 2003
f 2156 3251 3604
f 3751 3754 3752
f 3724 3752 3754
f 3753 3754 3756
f 3754 3751 3757
f 3641 2420 3758
f 2711 3284 509
f 1903 1904 3747
f 2975 1904 1900
f 3701 1226 2277
f 2278 2816 2856
f 1452 1454 3377
f 3760 3452 3454
f 3453 4140 3759
f 1500 585 584
f 587 2053 1502
f 3761 3054 3058
f 3056 3062 351
f 3762 376 375
f 376 3762 3741
f 3763 368 367
f 3705 3713 3765
f 3487 3489 3165
f 3767 3772 3768
f 3164 3161 3160
f 3766 3165 3164
f 3768 3774 3769
f 3770 3772 3771
f 3772 3767 3773
f 3772 3770 3774
f 727 728 3624
f 728 729 3623
f 3346 2595 946
f 945 1240 3348
f 2726 3975 2595
f 546 544 543
f 1248 3776 3775
f 3776 1248 3033
f 3776 3779 3777
f 3779 3776 3034
f 2464 3032 3033
f 1248 1241 3716
f 2813 3780 2609
f 1527 2609 3780
f 1353 3142 1350
f 1350 3142 3141
f 3782 3291 3288
f 3783 3710 3572
f 3710 3711 3784
f 3615 3709 3783
f 3573 3576 3616
f 2494 1392 1390
f 1950 1953 2830
f 3132 3133 3390
f 3785 3022 3027
f 2011 3023 3022
f 927 2011 3785
f 3027 3025 3786
f 731 730 1060
f 731 896 319
f 3788 2665 2667
f 1910 2666 3788
f 1975 1922 3789
f 2647 3682 3789
f 2503 3002 2498
f 3791 2498 3002
f 3790 3002 2997
f 3792 776 3266
f 3366 3369 3793
f 3481 2843 2838
f 2841 2843 2043
f 682 2831 1148
f 2733 3795 475
f 2883 360 3795
f 3746 3749 3664
f 3751 3799 3796
f 3797 3798 3757
f 3798 3936 3756
f 3750 3900 3799
f 1851 3662 2124
f 3511 1764 3801
f 3510 3511 3800
f 3411 3800 3801
f 1764 4029 3802
f 2122 2121 2817
f 2859 3804 2984
f 583 2984 3804
f 3545 3473 3804
f 3803 3804 3473
f 2983 3700 2857
f 3806 2810 3807
f 3805 4122 3808
f 3806 3808 3809
f 3805 3807 3811
f 2613 3811 3807
f 2810 3806 2811
f 2611 3807 2810
f 3689 3683 3812
f 3687 3812 3813
f 3685 3687 3242
f 2357 3686 3685
f 2668 2669 3108
f 3446 3181 3815
f 3181 3446 3445
f 3594 3182 1369
f 3648 3820 3817
f 3817 3820 3818
f 3816 3817 3335
f 2776 3818 3820
f 3648 2775 2774
f 1418 1420 1978
f 3821 3823 3822
f 3822 3824 2889
f 3823 3825 3824
f 1447 3466 3823
f 3466 3464 3825
f 3720 2516 2514
f 2420 2536 3826
f 3827 109 111
f 3509 110 109
f 3827 3829 3828
f 3829 1888 3351
f 1916 2017 2862
f 2863 1872 1864
f 3163 3165 3489
f 476 475 3795
f 360 362 2988
f 1584 3830 2578
f 3569 3570 3830
f 3830 1868 1870
f 752 3948 3550
f 3831 1518 1517
f 1520 4008 3832
f 3826 3922 2122
f 3833 3826 2536
f 3692 843 418
f 1174 3692 419
f 3834 1059 3665
f 3835 1060 1059
f 605 3261 3264
f 3665 2763 604
f 1337 3836 2900
f 3836 1873 1879
f 1329 2900 2455
f 3837 3840 3838
f 3840 3837 3841
f 3837 2371 2376
f 1012 2374 2372
f 2009 3838 3840
f 1011 1012 3838
f 3842 3884 3843
f 1765 3842 885
f 3844 3845 3658
f 3656 3845 3255
f 2691 3658 3657
f 2562 3658 3845
f 3681 3849 3846
f 2317 1536 3679
f 3848 3846 3849
f 2334 3853 3850
f 3851 2332 2331
f 3777 3850 3853
f 693 694 3852
f 2334 2335 2533
f 691 693 3853
f 2694 2145 2138
f 3458 833 840
f 3854 3458 829
f 3307 3306 3856
f 3856 3859 3857
f 3557 4138 3855
f 3858 3306 2392
f 3306 3858 3859
f 3860 4041 3303
f 1258 53 147
f 2413 3978 261
f 1997 2005 2072
f 2004 3609 3611
f 1776 2904 2908
f 3861 3423 3653
f 3862 3504 3653
f 2449 2451 2453
f 2449 3639 2452
f 3863 2452 3639
f 2067 2071 3156
f 3604 3631 410
f 3631 2546 409
f 3251 2548 3631
f 2185 3693 2683
f 1995 1301 3865
f 3666 1995 3864
f 3667 3864 2340
f 2238 3868 3867
f 2237 4104 3868
f 3166 3170 2240
f 3744 3867 3868
f 3389 3305 3304
f 2932 2930 2929
f 2912 844 522
f 423 426 3259
f 3261 605 424
f 3828 3351 3171
f 3703 3704 3870
f 3764 3870 3704
f 3871 3028 442
f 446 3470 3872
f 438 442 3028
f 3873 3874 3488
f 3875 3495 3488
f 3877 966 3878
f 3877 3991 2326
f 3878 3882 3880
f 3876 3878 3879
f 3882 3878 966
f 3365 3361 3360
f 811 813 1846
f 3130 812 811
f 3129 3130 1848
f 3800 3411 3409
f 2365 2367 2065
f 1357 2065 2367
f 2190 3588 2248
f 3708 3418 3151
f 3883 4021 2667
f 3884 3842 3608
f 3884 3622 3885
f 3887 2684 2683
f 3886 3939 3888
f 3567 381 2684
f 3693 3694 3886
f 2522 2526 3544
f 819 1254 823
f 3890 824 823
f 1254 3406 3889
f 1100 3187 1103
f 2648 1567 1566
f 3892 2268 2267
f 3893 3861 3654
f 3580 3241 3810
f 3811 2613 3581
f 1899 1901 1758
f 1899 3739 2979
f 2099 2100 623
f 851 853 2663
f 2664 3897 3894
f 3895 3339 3336
f 3405 3098 3102
f 3008 2703 2702
f 3006 3008 3404
f 360 2883 3600
f 1907 1909 1905
f 2241 3897 1908
f 3896 1908 3897
f 3874 3873 3899
f 3766 3769 3873
f 3769 3927 3899
f 714 2369 2366
f 3900 3968 2217
f 2216 3796 3799
f 3796 2216 3175
f 1976 1978 1420
f 3829 3827 3901
f 3901 3827 100
f 1515 1514 3902
f 2569 2572 3902
f 2572 2405 2385
f 2446 3600 2883
f 1656 1654 3250
f 1257 81 53
f 3442 1739 1741
f 2120 3781 3602
f 3781 2120 3903
f 3287 3602 3781
f 3782 3903 3905
f 3903 2118 2901
f 3386 3906 3080
f 3906 3945 3084
f 3343 3908 3907
f 3342 3344 3908
f 858 863 3909
f 3382 3081 3079
f 3911 3913 3875
f 3912 3914 3913
f 3495 3875 3913
f 3875 3874 3898
f 3401 3913 3914
f 2738 3916 3862
f 3504 3862 3916
f 3916 2738 2737
f 3915 3862 3428
f 1371 3918 3815
f 3561 3563 3918
f 3919 3918 3563
f 3918 3919 3814
f 2610 327 3786
f 3920 735 737
f 3088 2163 735
f 2762 2232 1507
f 2225 269 323
f 3863 3921 3587
f 2452 3863 1340
f 1834 2847 3921
f 3586 3587 3921
f 3922 3826 3833
f 1072 3427 1789
f 1072 3833 3425
f 2057 3123 2760
f 3923 1781 1780
f 2057 2059 3924
f 3123 3924 2628
f 2640 3337 3926
f 3925 3926 3898
f 3928 3925 3899
f 3910 3898 3926
f 2078 102 94
f 1958 3484 1029
f 1271 3541 2592
f 1276 2593 2591
f 3930 3593 2753
f 3931 3182 3593
f 1368 3931 3930
f 3227 3229 3290
f 2125 1511 3515
f 3229 3515 3603
f 1076 794 799
f 1911 1912 799
f 3933 3935 3934
f 3797 3938 3935
f 3936 3798 3935
f 3934 3935 3938
f 3938 3797 3175
f 3694 3940 3939
f 3940 3965 3880
f 3940 3694 3038
f 3356 3942 3941
f 2913 3941 3942
f 1721 1874 1873
f 2496 1390 1389
f 3943 3268 3267
f 464 1810 1347
f 2974 2976 3748
f 3748 1614 3738
f 1614 3748 2976
f 3468 1645 1643
f 745 2972 2373
f 3000 3066 3944
f 3066 3648 3816
f 1920 1918 2651
f 3945 3906 3503
f 3502 3503 3906
f 1977 1387 1736
f 1387 1977 3946
f 3947 3949 1668
f 757 1668 3949
f 748 757 3948
f 3950 4092 3949
f 2812 2814 2517
f 3780 2812 1535
f 2721 3113 3115
f 3146 2796 3951
f 3951 3282 3484
f 2796 3146 3736
f 3850 3777 3779
f 3852 3994 3775
f 3778 3866 3851
f 1603 1605 3952
f 1262 2807 2890
f 1664 1671 2474
f 1669 2474 2473
f 2010 1422 3021
f 3019 3021 1422
f 1931 3087 3719
f 3294 2958 3355
f 2955 3355 2958
f 3953 4118 3160
f 2557 2561 2601
f 3824 3695 1845
f 2805 2423 2422
f 3954 3858 2391
f 895 891 3955
f 3835 891 890
f 3956 3955 891
f 1168 689 3519
f 3955 3956 1167
f 2160 1518 2237
f 3647 3360 3957
f 3680 1228 1227
f 3121 3116 1631
f 3959 2915 3960
f 3297 3959 3958
f 3959 3297 2959
f 3958 3960 3962
f 3963 2060 1785
f 1071 1073 1784
f 2878 2879 3055
f 3879 3880 3965
f 3964 3990 3881
f 3964 3965 3967
f 3965 3940 3040
f 3939 3880 3882
f 2046 1094 1093
f 499 3318 3353
f 3923 2759 1404
f 1406 1408 1781
f 2042 2044 3794
f 1711 3794 2044
f 3802 4043 3690
f 3690 4043 2781
f 3004 3088 3920
f 3969 2221 2213
f 3968 2213 2212
f 3341 2181 2183
f 2181 3341 3340
f 2606 2607 3885
f 191 4006 3971
f 3107 641 640
f 640 642 648
f 2051 2052 3106
f 641 3107 3105
f 2646 2648 2268
f 1195 1197 2954
f 466 1694 1192
f 1695 1694 466
f 3688 2356 3946
f 2356 1385 1384
f 3686 2357 2356
f 3684 3688 1980
f 803 800 2243
f 3293 3104 2254
f 2501 2502 3643
f 3439 3646 3645
f 1528 334 332
f 971 974 3637
f 3552 3996 3973
f 3638 3973 3972
f 2742 3915 2537
f 3915 2742 2741
f 809 3969 3968
f 2524 2519 395
f 1107 1104 1591
f 2716 2719 3975
f 1003 1004 2073
f 767 787 763
f 767 768 783
f 3073 536 532
f 787 1146 2129
f 726 720 3443
f 2666 1910 3896
f 3970 3207 3345
f 2685 3523 3970
f 2914 2916 3941
f 3976 3726 3728
f 3726 3976 3750
f 3723 3726 3752
f 3976 809 3900
f 1956 2714 2713
f 1731 2269 2270
f 3494 3872 3470
f 3162 3470 3469
f 2194 3596 3214
f 3549 1903 1378
f 381 383 2681
f 3007 3738 1614
f 3866 2340 2332
f 3977 3667 3866
f 1678 1676 3585
f 3327 2882 847
f 3360 3362 3431
f 3907 3908 3048
f 2288 3194 3907
f 3233 851 3894
f 261 3978 1016
f 1058 1020 1016
f 3978 2413 1056
f 3980 3982 3981
f 1576 1577 2645
f 3983 1576 3982
f 1576 3983 1570
f 3983 3980 3984
f 3651 3985 3441
f 3660 4094 3985
f 3646 3439 2497
f 3985 1678 3440
f 2369 714 3987
f 3987 717 3952
f 717 3987 714
f 3048 3908 3344
f 3734 3958 3961
f 3296 3297 3734
f 3735 3961 3839
f 3989 3839 3961
f 3636 3637 974
f 2881 2882 3328
f 850 3236 2153
f 3101 3664 3749
f 2012 2010 3023
f 1552 3876 3881
f 3990 1556 1553
f 3876 1552 3991
f 1120 3563 3562
f 1120 1118 1746
f 3437 3584 2438
f 2846 2439 2438
f 3051 3532 3993
f 3994 1250 1249
f 3677 1031 1250
f 3996 2822 2821
f 3843 3885 2607
f 1592 1596 3997
f 1672 3004 3202
f 3975 3998 947
f 3998 3904 3999
f 3999 4100 948
f 2953 2802 2801
f 3673 4001 4000
f 1043 2174 3674
f 4001 3390 3133
f 3675 3392 4001
f 4002 4069 4003
f 4002 3041 4005
f 3219 2386 2401
f 3219 3220 2384
f 3059 351 348
f 1505 274 273
f 3844 1505 3971
f 3254 3971 4006
f 3703 1594 3349
f 3349 1475 1476
f 1475 3349 1594
f 4008 1520 4009
f 3716 3714 2463
f 3412 3413 3854
f 3461 3854 3413
f 1464 1462 3462
f 3727 2255 1260
f 1277 3541 1271
f 2734 2736 3541
f 3477 459 3064
f 459 3477 4011
f 4012 3571 460
f 4011 3476 3479
f 4013 3191 2015
f 3189 3190 4013
f 4015 4016 1359
f 4016 4136 1358
f 3634 3531 3598
f 3324 3628 2844
f 1712 1714 1715
f 2839 2844 3628
f 1647 1651 4017
f 530 4019 4018
f 529 845 4019
f 528 4018 3914
f 4020 4025 4021
f 3787 2667 4021
f 2731 4020 3883
f 2727 2731 2286
f 1680 4024 4020
f 3294 3941 2916
f 2915 3959 3295
f 3471 448 455
f 4009 1525 3452
f 1525 1524 3451
f 4023 3760 3759
f 4024 3659 4025
f 3845 3844 3254
f 3506 3917 3993
f 3532 3084 3945
f 3917 2737 3992
f 3917 3506 3505
f 882 886 374
f 2013 1915 1914
f 3249 3019 1424
f 3583 4010 1263
f 4010 3583 815
f 2830 1952 3702
f 2586 1709 1708
f 3234 3894 3897
f 3472 455 4027
f 3474 3475 4028
f 3904 3998 3291
f 3998 3975 2719
f 1764 1763 4030
f 4031 4045 4029
f 4030 1121 1477
f 4032 3934 3937
f 3178 2083 3937
f 4032 3015 3932
f 3695 3824 3825
f 3533 3785 328
f 3304 3301 4033
f 2920 1741 2701
f 2921 2701 680
f 3337 3338 3929
f 3925 3928 1825
f 3500 3435 3433
f 3737 3893 3543
f 3457 3456 2516
f 3599 298 268
f 3195 3328 2180
f 3544 2398 3465
f 955 2661 1451
f 3770 4035 4034
f 3090 1823 4035
f 4035 1820 1819
f 1036 4036 2028
f 4036 1036 1038
f 4036 3636 975
f 3128 807 806
f 3711 2937 4037
f 3730 1004 997
f 1651 2082 718
f 3836 1337 1719
f 1752 1720 4038
f 3070 3553 4040
f 4041 4033 3301
f 4042 4004 4041
f 1617 2977 2978
f 4043 4045 4044
f 4045 4043 3802
f 4045 4031 4046
f 2484 2483 2487
f 4048 4049 2487
f 4049 4051 4047
f 4051 4049 4052
f 2780 4058 4048
f 2013 4026 4053
f 1914 2484 4047
f 4026 4047 4051
f 1597 1471 1475
f 1471 1597 1473
f 3188 4056 4054
f 1596 2112 4054
f 3997 4054 4056
f 4056 3188 3189
f 4057 4064 4055
f 2018 4053 4014
f 1914 548 551
f 4058 2780 2781
f 4044 4046 4059
f 4053 4051 4050
f 2078 2076 3901
f 4057 3189 4014
f 1474 4046 4031
f 1598 3997 4055
f 4060 1473 1597
f 4049 4048 4061
f 4058 4059 4061
f 1473 4060 4063
f 4060 4055 4064
f 4050 4052 4064
f 4062 4059 4046
f 4063 4061 4059
f 4052 4061 4063
f 2425 147 146
f 4065 3617 3542
f 4065 2369 3986
f 3864 3865 2338
f 3924 1563 1562
f 1563 3924 2059
f 587 588 873
f 2376 1999 3732
f 887 883 3763
f 883 374 368
f 3742 3741 3762
f 2308 2767 2766
f 2766 2765 1485
f 628 631 3416
f 867 631 629
f 870 872 3414
f 3675 3676 516
f 518 3527 3392
f 4066 1729 1724
f 1729 4066 4068
f 4069 4066 1726
f 1076 4021 4025
f 2673 2114 2113
f 1298 2354 2351
f 343 2364 3721
f 743 745 2374
f 2841 1713 1712
f 928 930 2820
f 2819 1800 1802
f 2188 2192 3596
f 3094 2192 2191
f 2192 3094 3595
f 1857 1146 1142
f 1556 3990 4071
f 1437 1444 2148
f 3279 3274 3310
f 330 2886 3535
f 2886 2262 2261
f 962 2324 958
f 381 3567 3564
f 3887 3888 3565
f 2341 380 382
f 1948 3013 1602
f 1932 3719 3718
f 2066 3719 3087
f 1051 1052 1554
f 1557 1551 1170
f 1552 1554 1052
f 1042 2173 4072
f 4023 4072 2173
f 4007 2173 2172
f 3649 513 517
f 3579 3581 2613
f 2358 3685 3244
f 1982 1642 1641
f 1055 3517 2327
f 1425 2358 3246
f 1795 2777 4039
f 1793 1795 4040
f 824 3890 4073
f 3385 2320 4074
f 3848 3434 4074
f 3847 3430 3434
f 1231 3205 3198
f 4075 980 979
f 980 4075 3661
f 3662 1851 4076
f 749 1377 2142
f 1747 1750 3740
f 487 3740 1750
f 4038 1722 3047
f 1226 1383 2205
f 4077 1733 1725
f 1731 1733 3891
f 3813 3891 1733
f 3812 3892 3891
f 3243 4077 1730
f 2472 1805 4078
f 4079 1805 1801
f 2471 2472 2307
f 1805 4079 2768
f 2235 2238 3169
f 1852 3108 2669
f 1855 3109 3108
f 2593 1276 1275
f 4080 4076 1851
f 4081 3132 3391
f 4010 1260 1259
f 3972 4135 1348
f 3612 3606 3610
f 3610 3608 3842
f 4082 3929 3338
f 3910 3929 4082
f 4083 2571 1579
f 1445 1447 3821
f 3655 3656 983
f 4085 2500 3791
f 4084 3791 3790
f 3680 3957 3849
f 3957 3431 3847
f 3574 3091 3090
f 3216 4086 915
f 4086 2303 2199
f 4086 3216 2934
f 4012 1814 1811
f 1808 1814 4088
f 1398 2311 637
f 4042 4068 4066
f 4067 4068 4090
f 3860 4090 4068
f 3241 3580 3238
f 455 456 1344
f 4092 3950 3979
f 4083 1220 2400
f 4093 3712 1635
f 1636 3661 4075
f 3661 1636 1634
f 4000 3133 1403
f 4094 1679 1678
f 4096 1273 4097
f 3761 3310 2131
f 4093 4075 4071
f 3263 3956 3835
f 3956 3263 1166
f 2660 2615 3635
f 1742 3814 3919
f 2869 2870 3399
f 2405 2572 2571
f 1815 4113 1344
f 3529 1481 1480
f 4098 1937 1484
f 2502 4099 2246
f 2251 2246 4099
f 4018 2867 2871
f 3814 1742 3447
f 4100 3999 3904
f 1070 948 4100
f 2903 4100 3905
f 2303 4086 4087
f 2469 2471 2301
f 3950 3984 3980
f 2551 789 792
f 2475 2479 4101
f 3947 2473 3984
f 395 3869 4102
f 4103 394 396
f 3869 3868 4104
f 2208 2574 1989
f 1789 3427 3426
f 3889 3417 4105
f 3890 4105 4106
f 4105 871 4107
f 871 4105 3417
f 3417 3889 3406
f 3618 3986 1607
f 1606 1607 3986
f 168 1645 3467
f 2081 1889 1888
f 1993 2166 1923
f 2654 4110 4108
f 4107 3143 4108
f 871 866 3143
f 4110 4111 4109
f 2315 2317 3846
f 2653 2655 4110
f 2655 4125 4111
f 1284 2462 2463
f 1083 1082 1432
f 1432 1433 2758
f 4112 3912 3911
f 1489 527 4112
f 3912 4112 527
f 3895 3818 2776
f 3895 4112 4082
f 2943 2942 3172
f 2973 1560 670
f 4017 718 708
f 1199 2570 3663
f 2949 2815 2352
f 4113 1815 1807
f 2903 1075 1068
f 948 1070 3601
f 1586 1702 3358
f 1702 1703 3352
f 4091 3979 3981
f 1083 3981 3982
f 1051 1019 1020
f 1557 1171 1019
f 3657 2567 2564
f 4101 4141 1571
f 4115 3575 4116
f 3943 4115 4114
f 4114 4116 3773
f 4116 3574 3771
f 2867 4018 4019
f 3872 3494 3493
f 4119 3030 3871
f 3755 4129 3292
f 3936 4128 3755
f 3942 3319 3317
f 3321 3322 2454
f 4033 4041 4004
f 4004 4042 4069
f 2932 4033 4005
f 2942 1703 1704
f 3960 2295 1881
f 1878 3989 3962
f 1570 3983 2480
f 4109 4095 4106
f 4120 599 391
f 2967 2616 3482
f 4121 4122 1734
f 3810 1734 4122
f 4122 4121 4123
f 4079 4039 2777
f 4078 2768 2767
f 1467 3460 3462
f 3707 3762 3713
f 1105 1107 3974
f 1595 3870 3974
f 3870 3764 2708
f 888 3742 3706
f 18 2525 16
f 3241 1735 1734
f 3247 1730 1728
f 1109 2706 1872
f 3478 4125 4088
f 1159 2460 2688
f 1829 1835 2847
f 2848 1835 2749
f 3832 4120 394
f 4120 3832 4008
f 3659 4024 4094
f 1679 4094 4024
f 3528 3530 2600
f 2597 2602 4124
f 3530 556 3280
f 3281 3280 556
f 4039 4079 3069
f 2646 3683 3682
f 2161 3930 2877
f 762 3527 3526
f 4096 4111 4125
f 3839 3989 3525
f 3989 1878 1877
f 3857 4127 3554
f 4127 3857 3859
f 4126 3859 3858
f 3463 1826 3185
f 1201 1199 4076
f 1319 4129 3755
f 3292 4129 3568
f 3293 3724 3753
f 4129 1319 1320
f 10 135 3568
f 4099 2502 2500
f 1155 3977 3778
f 3512 3468 1644
f 3683 2646 3892
f 4130 4028 3475
f 4027 1344 4113
f 3092 2191 1817
f 3994 3852 694
f 1247 1250 1031
f 2521 3167 3867
f 931 933 938
f 759 766 3309
f 578 577 4028
f 2074 578 4130
f 577 583 3803
f 3787 799 1912
f 3888 3882 3698
f 4102 4104 3831
f 3794 1711 1713
f 2643 4131 3819
f 3944 3816 3819
f 4131 4085 4084
f 3691 845 843
f 3122 3231 1942
f 2107 3395 3398
f 3395 2107 4119
f 3922 1075 2902
f 4132 3674 2174
f 3012 321 1317
f 938 939 2941
f 2036 2038 3482
f 2347 2345 3669
f 999 1000 2895
f 1585 1587 3046
f 2955 2957 3045
f 1587 1588 3045
f 3449 3932 3015
f 1809 4088 4125
f 386 387 3524
f 10 1320 1316
f 1319 4128 3448
f 3996 3995 4133
f 2829 3513 3995
f 3550 4092 4091
f 3491 3494 3162
f 2327 3518 3522
f 689 3522 3518
f 4134 3373 3367
f 4016 4015 3372
f 4128 3936 3933
f 1814 4012 3479
f 4135 3972 3973
f 3966 4071 3990
f 3712 4093 3966
f 3869 395 2519
f 3549 661 655
f 2311 1398 1396
f 1798 3286 1796
f 3793 3554 4127
f 4134 4127 4126
f 4136 4016 3373
f 4034 1819 3928
f 3774 4034 3927
f 3626 1695 465
f 1778 2908 3538
f 3539 3538 2908
f 3893 3737 2060
f 4123 4089 4138
f 3558 3809 4137
f 3556 4137 4138
f 4138 4089 4090
f 1727 1729 4067
f 4121 4067 4089
f 3553 538 1799
f 3765 3630 3044
f 4006 1311 1559
f 1311 1312 1558
f 3841 2376 3733
f 3186 3825 3464
f 3909 1201 4080
f 3967 3040 3039
f 3760 4023 4007
f 4111 4096 4095
f 4095 4097 4073
f 3625 1696 1695
f 2970 729 725
f 4139 3953 3157
f 777 4139 3159
f 3792 4117 3953
f 2136 514 513
f 3977 1155 1153
f 2735 3992 2737
f 3861 3893 3963
f 4118 3773 3767
f 4117 4114 4118
f 2049 1093 1095
f 2639 2644 4131
f 2644 4099 4085
f 3764 3765 2707
f 3316 2876 2875
f 776 3792 4139
f 4117 3792 3268
f 582 573 869
f 4098 3528 4124
f 4077 3243 3242
f 864 3909 1853
f 3069 1801 1800
f 2108 3398 3397
f 3551 3552 3256
f 3211 3345 3207
f 2745 2743 3371
f 536 4133 3995
f 3073 4135 4133
f 2627 660 659
f 3784 4037 3095
f 8 7 135
f 1732 2270 4003
f 3042 4003 2270
f 4104 2237 1518
f 4140 3453 1491
f 3855 4090 3860
f 3865 1306 2919
f 2338 2919 2341
f 1798 1799 538
f 3094 3095 4037
f 1870 1865 2906
f 3211 3212 3988
f 2083 3178 3177
f 3068 1348 4135
f 2479 3696 4141
f 4141 3697 1578
f 2815 2949 3582
f 2594 4073 4097
f 1534 2319 2884
f 3030 4119 2107
f 4072 4023 4022
f 4132 4022 3670
f 4140 3670 4022
f 3570 1869 1868
f 2773 3671 3670
f 1871 1872 2706
f 4142 3126 3129
f 3372 4143 4142
f 3697 465 467
f 4115 3943 3614
f 3314 1933 1937
f 3808 4123 4137
f 2388 2811 3809
f 3931 1368 1367
f 3357 3354 3355
f 1588 3358 3357
f 3954 1358 4136
f 3322 3323 2453
f 1558 1170 1551
f 1521 3832 4103
f 3212 1751 3047
f 717 718 2082
f 4143 3372 4015
f 3576 3614 3613
f 1865 1867 1871
f 3969 809 807
f 2849 2749 2748
f 3308 3131 4081
f 2942 494 498
f 3448 3933 3932
f 3527 762 761
f 3126 4142 4143
f 2770 2772 3671
f 4070 3721 1573
f 467 343 4070
f 3991 1052 1053
f 3325 3312 1696
f 3948 3949 4092
f 642 643 646

