# https://github.com/mikedh/trimesh
v -0.55816913 -0.44883996 0.87726641
v -0.53833747 -0.46667001 0.87268722
v -0.52785563 -0.42902258 0.92526484
v -0.51956129 -0.49162796 0.84109974
v -0.53289330 -0.48809287 0.80661476
v -0.50983346 -0.45691293 0.90895689
v -0.57115281 -0.46737245 0.80696082
v -0.55217874 -0.47779331 0.81203139
v -0.52112281 -0.49889794 0.75840330
v -0.54102135 -0.49027249 0.74303234
v -0.59008849 -0.45427418 0.79948390
v -0.57324910 -0.43266597 0.87415624
v -0.32031617 -0.23887748 0.84321082
v -0.34777316 -0.22670275 0.83663142
v -0.35374334 -0.23638630 0.88364935
v -0.37199381 -0.22079834 0.82498300
v -0.40867433 -0.21826956 0.86414361
v -0.32693097 -0.23446527 0.78937256
v -0.30435887 -0.24708670 0.79559124
v -0.31902251 -0.25575057 0.89376247
v -0.38410756 -0.22374779 0.87669158
v -0.39675787 -0.24398282 0.90626705
v -0.35956278 -0.26335606 0.91756284
v 0.79665923 -0.70746970 -0.19262943
v 0.80050111 -0.69931585 -0.21364319
v 0.82772124 -0.71639484 -0.19304490
v 0.84078670 -0.69859660 -0.22756609
v 0.83379507 -0.70872080 -0.21090671
v 0.80591691 -0.68580705 -0.23179361
v 0.76203191 -0.66916859 -0.20280841
v 0.76551378 -0.65464705 -0.22146422
v 0.92554522 -0.58280098 -0.23779839
v 0.94090009 -0.60823309 -0.23993602
v 0.91357791 -0.59892893 -0.24895325
v 0.93799996 -0.56900054 -0.22258162
v 0.95562804 -0.59211695 -0.22470808
v 0.95220852 -0.63092816 -0.24310309
v 0.97269845 -0.61230183 -0.22639984
v 0.90651011 -0.55008119 -0.23978105
v 0.89329147 -0.56504941 -0.25059724
v 0.88237846 -0.58070397 -0.25816128
v 0.92483437 -0.62544662 -0.24955788
v 0.90058768 -0.61565977 -0.25599879
v 0.90527081 -0.66410339 -0.25135031
v 0.90675354 -0.64222836 -0.25381082
v 0.92926824 -0.64879763 -0.25092250
v 0.85831940 -0.52874231 -0.23738939
v 0.84672892 -0.54283243 -0.24815488
v 0.87115514 -0.51573765 -0.22391161
v 0.91902590 -0.53698266 -0.22189248
v -0.58626318 -0.29154873 0.81078303
v -0.57235610 -0.27457348 0.83876383
v -0.57048774 -0.25104776 0.72866452
v -0.59807432 -0.32709920 0.84950757
v -0.58005774 -0.31155443 0.88419282
v -0.57862663 -0.33979073 0.90390635
v -0.55989218 -0.31868613 0.92177761
v -0.55188644 -0.25919175 0.85357106
v -0.55981541 -0.29440787 0.89815640
v -0.26372340 -0.28128123 0.84444225
v -0.29160455 -0.25720248 0.84715891
v -0.28326157 -0.28332981 0.89284551
v -0.28150776 -0.26354313 0.79884112
v 0.81705058 -0.72895306 -0.15735957
v 0.81378794 -0.73316842 -0.13708392
v 0.78850973 -0.72043842 -0.15076905
v 0.80935633 -0.73601049 -0.11730546
v 0.78690684 -0.72420412 -0.12868312
v 0.75700426 -0.69873279 -0.13834840
v 0.82587969 -0.73854160 -0.13298154
v 0.83125722 -0.73332655 -0.15582100
v 0.82220149 -0.72346795 -0.17517629
v 0.79233634 -0.71496940 -0.17281362
v 0.83763790 -0.72720462 -0.17647389
v 0.75724864 -0.69074130 -0.16147658
v -0.60675740 -0.33117235 0.77875221
v -0.59939682 -0.35545519 0.86245561
v -0.60026705 -0.30173248 0.68694317
v -0.60999119 -0.33788586 0.68244183
v -0.59326339 -0.29954791 0.76760828
v -0.58623111 -0.27184922 0.70178759
v -0.42594710 -0.21646324 0.85245311
v -0.43200043 -0.21379879 0.83723736
v -0.46460077 -0.22557920 0.87404883
v -0.45130458 -0.22945336 0.88331878
v -0.48567072 -0.22376552 0.85638452
v -0.49561778 -0.24043453 0.88499618
v -0.46056685 -0.21738487 0.84972906
v -0.48893091 -0.24724129 0.89910078
v -0.43015608 -0.20877247 0.79897511
v -0.39157942 -0.21729362 0.81297231
v -0.42805144 -0.23349234 0.89446390
v -0.35265490 -0.49119720 0.86533523
v -0.30661002 -0.46390134 0.87131131
v -0.36379930 -0.45983878 0.91649938
v -0.37429646 -0.41589457 0.95012391
v -0.42496577 -0.43421999 0.94704771
v -0.41293296 -0.47615746 0.90716004
v -0.31188133 -0.43343377 0.91641283
v -0.26364252 -0.40542451 0.89691234
v -0.32161149 -0.39248475 0.94058394
v -0.27077177 -0.42904109 0.88185155
v -0.55443466 -0.33500224 0.93612528
v -0.53214693 -0.30625203 0.93846929
v -0.54132605 -0.27596992 0.90084052
v -0.54077363 -0.29478332 0.92263663
v -0.50500357 -0.27693915 0.92823446
v -0.51836300 -0.26988366 0.91342378
v -0.24122426 -0.35160914 0.87445152
v -0.25635454 -0.31658852 0.88545108
v -0.27094170 -0.36908656 0.91631210
v -0.34051141 -0.34849042 0.95006406
v -0.39289406 -0.37128028 0.96527314
v -0.29078129 -0.32933939 0.92380607
v -0.44319466 -0.39272928 0.96722829
v -0.42022857 -0.33271781 0.96537805
v -0.46701029 -0.35824311 0.97063088
v -0.54415965 -0.40832117 0.92733955
v -0.58632982 -0.41735962 0.86819732
v -0.55826569 -0.39222091 0.92333090
v -0.50870788 -0.38353691 0.95937634
v -0.52771616 -0.36387071 0.95495069
v -0.48892000 -0.41108462 0.95474768
v -0.60698473 -0.43687209 0.79106152
v -0.61684668 -0.41333675 0.78679967
v -0.58160996 -0.46101028 0.71441722
v -0.59814537 -0.43778023 0.70103478
v -0.60995126 -0.40888160 0.69002688
v -0.59930456 -0.37960604 0.86342347
v -0.61844790 -0.38631669 0.78239310
v -0.59498775 -0.39980516 0.86524916
v -0.56893826 -0.37714979 0.91841900
v -0.61631215 -0.35869306 0.78144419
v -0.47081915 -0.44696671 0.93328774
v -0.56133449 -0.47809061 0.72801566
v -0.45731857 -0.48683396 0.89057624
v -0.49396744 -0.49381003 0.86623275
v -0.52046263 -0.25738370 0.89476895
v -0.45527008 -0.20734073 0.79914439
v -0.46997640 -0.25161386 0.91178584
v -0.48194650 -0.28671235 0.94312382
v -0.32202247 -0.29273558 0.92420578
v -0.37024286 -0.30967104 0.94835091
v -0.53053987 -0.24590021 0.85945487
v -0.50459445 -0.21459650 0.78804171
v -0.52904963 -0.22271672 0.77519250
v -0.55146575 -0.23493558 0.75505686
v -0.48039845 -0.20926118 0.79633009
v -0.50964820 -0.23218122 0.86030185
v -0.57565653 -0.36067989 0.91288197
v -0.44128343 -0.26106611 0.92572379
v -0.39935592 -0.50727171 0.85012770
v -0.34036544 -0.49306324 0.80530083
v -0.44163916 -0.51566929 0.82964182
v -0.38093528 -0.50752336 0.78364861
v -0.40591273 -0.27994013 0.93910909
v -0.45203504 -0.30447569 0.95672810
v -0.49293599 -0.33380875 0.96406627
v -0.51559150 -0.31752664 0.95238328
v -0.54336727 -0.34866267 0.94663501
v 0.86411822 -0.70119828 -0.22851893
v 0.85451305 -0.71161956 -0.21326202
v 0.84560835 -0.71996772 -0.19547051
v 0.81141818 -0.66873217 -0.24718729
v 0.80334532 -0.74634838 0.05638558
v 0.79326379 -0.74779171 0.01755883
v 0.82796967 -0.75788295 0.02227404
v 0.77698028 -0.71888578 0.07725478
v 0.76932764 -0.72036439 0.03908958
v 0.84827864 -0.75465780 0.06040414
v 0.80959511 -0.74985152 -0.04918066
v 0.81497133 -0.75541061 -0.01512873
v 0.78935516 -0.74442124 -0.01960160
v 0.83342111 -0.75932372 -0.05185454
v 0.85049725 -0.76416713 -0.01551072
v 0.80871749 -0.74455225 -0.07777388
v 0.78927517 -0.73909163 -0.05230129
v 0.76633096 -0.72065043 0.00302650
v 0.76569629 -0.71881884 -0.03030233
v 0.86358237 -0.72461051 -0.19996303
v 0.87377095 -0.68808627 -0.24093762
v 0.84830236 -0.68556893 -0.24223888
v 0.88114595 -0.67147928 -0.24995393
v 0.85326624 -0.66772842 -0.25350523
v 0.81509209 -0.64636213 -0.25600076
v 0.85831058 -0.64888692 -0.26310718
v 0.76914620 -0.63707483 -0.23783544
v 0.95747864 -0.50612384 -0.14986509
v 0.96866727 -0.53187668 -0.15784922
v 0.94604027 -0.51467794 -0.17781559
v 0.93421543 -0.48100838 -0.13530034
v 0.97023404 -0.50122178 -0.11913466
v 0.96001863 -0.54368097 -0.18144050
v 0.93163884 -0.52521443 -0.20086819
v 0.91705811 -0.48653880 -0.16240385
v 0.98556423 -0.54432392 -0.14985499
v 0.97871017 -0.56049013 -0.17840955
v 0.96847665 -0.57634628 -0.20393348
v 0.97660923 -0.52051038 -0.13355944
v 0.98779523 -0.52525979 -0.12147078
v 0.98819923 -0.50318718 -0.09551635
v 1.00664723 -0.52802002 -0.09585807
v 1.01743305 -0.50790346 -0.03282814
v 1.02375090 -0.53341651 -0.06557526
v 1.00632143 -0.50494891 -0.06637864
v 1.02620590 -0.55979502 -0.10635835
v 1.00637639 -0.55047995 -0.13090444
v 1.00163412 -0.57249081 -0.16829544
v 1.02286863 -0.58703327 -0.15079576
v 1.02805269 -0.51414675 0.00343166
v 1.04173923 -0.57480556 -0.07657595
v 0.90393400 -0.72363007 0.12489205
v 0.87417114 -0.71463341 0.15526187
v 0.87505722 -0.74408281 0.09527862
v 0.90692735 -0.74989003 0.05831562
v 0.87600720 -0.76174146 0.02274645
v 0.93752980 -0.72609752 0.09262668
v 0.96178997 -0.69211829 0.12477544
v 0.92983699 -0.69509077 0.15061641
v 0.90155470 -0.68700945 0.17478307
v 0.94135916 -0.75078797 0.01725790
v 0.90537786 -0.76483357 -0.02179851
v 0.84608817 -0.73438990 0.12969799
v 0.82095826 -0.74321383 0.09536727
v 0.81368768 -0.70418817 0.14693426
v 0.79171181 -0.71447212 0.11438129
v 0.87100649 -0.66106635 0.19268821
v 0.84073317 -0.68643028 0.17337726
v 0.84309649 -0.74269974 -0.14899334
v 0.85264122 -0.73480833 -0.17649159
v 0.82406330 -0.75064802 -0.08327489
v 0.81945884 -0.74274009 -0.10648310
v 0.83430839 -0.74825746 -0.11768116
v 0.84906340 -0.75941974 -0.09201011
v 0.86347151 -0.75433087 -0.13173580
v 0.94935358 -0.55586767 -0.20314443
v 0.90057361 -0.49429098 -0.18632740
v 0.88337684 -0.62645787 -0.26028639
v 0.86951375 -0.59236950 -0.26177573
v 0.88529015 -0.65135229 -0.25600207
v 0.80464649 -0.73910719 -0.09352157
v 0.78998542 -0.73371029 -0.07983659
v 0.99669385 -0.60260981 0.17432635
v 0.96649718 -0.62642312 0.19043154
v 0.99940753 -0.63773113 0.13766532
v 0.99265170 -0.68109709 0.09806585
v 0.97384310 -0.65290642 0.15752129
v 0.93007457 -0.65447575 0.18950528
v 0.94653928 -0.66906619 0.16910541
v 0.93787360 -0.59894729 0.20414963
v 1.01744413 -0.57945734 0.14894323
v 1.02208006 -0.61900383 0.11028391
v 0.96719015 -0.56975746 0.19111279
v 0.98910081 -0.54435265 0.16882789
v 1.01979315 -0.66498333 0.06617041
v 1.04001606 -0.64420754 0.03017127
v 0.85969830 -0.62665111 -0.26810756
v 0.85318387 -0.59876662 -0.26355889
v 0.82640529 -0.57606930 -0.26015514
v 0.82243001 -0.59969634 -0.26327765
v 0.83476961 -0.55724227 -0.25522971
v 0.88535523 -0.50383145 -0.20720807
v 0.75889444 -0.68095994 -0.18285632
v 0.78856361 -0.72892910 -0.10590936
v 0.76420927 -0.71687645 -0.06030352
v 1.04590070 -0.55890018 0.00442128
v 1.03716910 -0.54335862 -0.03178720
v 1.03737640 -0.52545166 0.04216222
v 1.01071000 -0.49548545 0.06428104
v 1.05109298 -0.59596324 -0.04314253
v 0.99590397 -0.48401830 -0.01150092
v 0.98390090 -0.48202297 -0.04597582
v 0.95200074 -0.47908166 -0.10552512
v 0.96882474 -0.48046401 -0.07682088
v 0.87768888 -0.74395251 -0.16763407
v 0.76124299 -0.71296316 -0.08808714
v 0.75829816 -0.70643944 -0.11396046
v 0.89815271 -0.68286616 -0.24575821
v 0.92669737 -0.67063713 -0.24837127
v 0.95736992 -0.65426332 -0.24157253
v 0.91837025 -0.69179106 -0.23919556
v 0.95546126 -0.67959678 -0.23181662
v 0.98612547 -0.63479322 -0.22250834
v 0.81942892 -0.62391967 -0.26267844
v 0.97255254 -0.72180629 0.05743689
v 0.97398841 -0.74239016 -0.02637927
v 1.03872252 -0.60769582 -0.12634182
v 1.02190697 -0.63756281 -0.17326713
v 0.99006939 -0.59304851 -0.20137635
v 1.00917900 -0.61245638 -0.19159132
v 0.99241483 -0.66175377 -0.20971948
v 1.02551365 -0.66752404 -0.14661610
v 1.04642582 -0.63426352 -0.09619957
v 0.98978710 -0.69157344 -0.18675971
v 1.03801596 -0.59860712 0.07746784
v 1.03034592 -0.55848402 0.11666435
v 1.00296354 -0.52323252 0.13823439
v 1.03930557 -0.54041004 0.08181819
v 1.04598033 -0.57733607 0.04196053
v 0.88751125 -0.69886637 -0.23545423
v 0.87554061 -0.71281600 -0.22010905
v 0.87303185 -0.76647294 -0.05877580
v 0.93435490 -0.75959265 -0.06802180
v 0.89491308 -0.76188254 -0.10368738
v 0.91509271 -0.74919885 -0.14640626
v 0.97836399 -0.72046590 -0.15406737
v 0.95924890 -0.74428916 -0.11352980
v 0.93282890 -0.72976631 -0.18342012
v 1.00445747 -0.70939595 0.01932868
v 1.02882934 -0.68916720 -0.02099085
v 1.00044191 -0.72427553 -0.07055499
v 1.05060744 -0.62005770 -0.00696057
v 0.89221394 -0.72935301 -0.19805685
v 1.01825070 -0.69799489 -0.11160681
v 1.04320717 -0.66283840 -0.06043738
v 0.94680035 -0.70561725 -0.21238318
v 0.90627348 -0.71168703 -0.22240764
v -0.50036168 -0.50656253 0.77872324
v 0.77239025 -0.61559218 -0.24993712
v -0.47511396 -0.51366639 0.80302632
v -0.41835353 -0.51525146 0.76102519
v -0.61342251 -0.37450930 0.68321455
v 1.00483012 -0.48802862 0.02550348
v -0.17877659 -0.12012626 -0.11871925
v -0.21253175 -0.11151232 -0.10935123
v -0.20144951 -0.10024086 -0.13101730
v -0.18965557 -0.12958005 -0.09819523
v -0.17012882 -0.10345754 -0.14192548
v -0.18817556 -0.07700221 -0.15713680
v -0.25766131 -0.07564485 -0.12791929
v -0.22364488 -0.07877743 -0.14432859
v -0.23572668 -0.09398447 -0.11863631
v -0.29539797 -0.07046546 -0.11006925
v -0.27594748 -0.08528736 -0.10429314
v 0.43531752 0.56583399 -0.11929902
v 0.42632034 0.60101134 -0.11687802
v 0.45510384 0.56601584 -0.07451820
v 0.43595555 0.63778579 -0.06172666
v 0.44735271 0.60081536 -0.07198790
v 0.41308683 0.63786656 -0.10530265
v 0.39883024 0.60170120 -0.16008353
v 0.38395461 0.63813531 -0.14676821
v 0.45846543 0.53252769 -0.07065484
v 0.46338248 0.60086870 -0.02758655
v 0.47008061 0.56673205 -0.03108849
v -0.37161097 0.24754232 0.40216571
v -0.40712926 0.22583812 0.36999425
v -0.33965543 0.22510475 0.40151590
v -0.33170733 0.27238181 0.43265495
v -0.39912453 0.27376333 0.39723396
v -0.30099663 0.24719907 0.43152434
v -0.37697819 0.20585763 0.37040815
v -0.30434862 0.20588984 0.39770275
v -0.43806764 0.20356339 0.33292058
v 0.26981491 0.83012396 0.25792736
v 0.22793749 0.82557142 0.28624928
v 0.29152709 0.81280816 0.28563762
v 0.25080046 0.80795228 0.31442255
v 0.31484991 0.79477954 0.31175786
v 0.23596361 0.78059685 0.36779737
v 0.27620751 0.78931564 0.34064585
v 0.21033260 0.79997033 0.34220362
v 0.33786082 0.77379453 0.33316112
v 0.18733740 0.81778401 0.31397527
v 0.92829168 0.26355115 0.01439731
v 0.90162444 0.27923545 0.00878657
v 0.97128761 0.27408823 0.02903339
v 1.00381410 0.24797051 0.04050119
v 0.95611262 0.23889026 0.02441069
v 0.89762211 0.25265682 0.00589842
v 0.94043481 0.20448448 0.03286962
v 0.92153037 0.23069102 0.01368151
v 0.98117208 0.20956175 0.04680735
v 1.03561461 0.21656911 0.06566732
v 1.00143206 0.29680100 0.04152474
v 1.02973068 0.28203991 0.04782724
v 0.94404662 0.28956848 0.02272928
v 0.45248359 -0.22129533 -0.19985893
v 0.47029257 -0.19211687 -0.16996408
v 0.49977413 -0.24057585 -0.18859503
v 0.56203109 -0.23981678 -0.15602839
v 0.54092371 -0.26027223 -0.18576670
v 0.52000690 -0.21894675 -0.16224787
v 0.42592901 -0.17346810 -0.18250790
v 0.44059867 -0.15819025 -0.15566865
v 0.50940716 -0.18601339 -0.14129835
v 0.47425520 -0.16188484 -0.13917524
v -0.28693154 -0.15976141 0.52034414
v -0.29476687 -0.13369183 0.50449657
v -0.30811378 -0.18760416 0.59341854
v -0.25847295 -0.12854476 0.45276079
v -0.26476422 -0.10144229 0.43979162
v -0.28117004 -0.07574369 0.43130437
v -0.25877574 -0.15402970 0.46912852
v -0.30105957 -0.21066016 0.61122453
v -0.28372088 -0.18495350 0.53961921
v 0.20017311 0.20926051 0.41015524
v 0.15563980 0.18836334 0.40697232
v 0.20877893 0.19789785 0.39449459
v 0.25053874 0.21615580 0.39429769
v 0.25793862 0.20427746 0.37985283
v 0.12347144 0.15150654 0.38176471
v 0.16479802 0.17530885 0.39077148
v 0.11433214 0.16565096 0.39856175
v 0.21665777 0.18444572 0.37899429
v -0.19643879 -0.18308833 0.33749229
v -0.16581386 -0.15638000 0.29718181
v -0.19570392 -0.17859468 0.33895135
v -0.22366151 -0.21637702 0.38632464
v -0.22333860 -0.21177694 0.38826600
v -0.15927267 -0.14053760 0.29577094
v -0.19242126 -0.16863200 0.33804470
v -0.16436195 -0.15091288 0.29758239
v -0.14896059 -0.12295479 0.29078332
v -0.18599430 -0.15145572 0.33234620
v -0.21740240 -0.18480442 0.38501725
v -0.22146156 -0.20184484 0.38904122
v -0.13178995 -0.12952848 0.26387113
v -0.13454697 -0.13632047 0.26360136
v 0.68999839 -0.66631353 -0.09284177
v 0.69862711 -0.67396194 -0.06193554
v 0.65633929 -0.64558810 -0.08409321
v 0.64844650 -0.63472795 -0.11660708
v 0.68379086 -0.65521389 -0.12232926
v 0.72527671 -0.68659228 -0.10231288
v 0.61928046 -0.61496568 -0.10933426
v -0.19764635 0.11892816 -0.28863132
v -0.24530572 0.10795081 -0.29083645
v -0.19999653 0.14795473 -0.29634327
v -0.31134245 0.13102536 -0.29678985
v -0.24974564 0.13662767 -0.30150279
v -0.30256310 0.10021125 -0.28224212
v -0.25118116 0.16894324 -0.30700049
v -0.19954288 0.17979568 -0.29962096
v -0.16198424 0.15822899 -0.28560624
v -0.19475102 0.21482004 -0.29936665
v 0.14971633 -0.29086998 0.03742851
v 0.11925846 -0.26323208 0.05184834
v 0.12175654 -0.28533188 0.01592669
v 0.15084632 -0.31078601 0.00015716
v 0.17784721 -0.29057083 0.06303629
v 0.14652747 -0.26161620 0.07513848
v 0.20562553 -0.31866282 0.05171364
v 0.17806613 -0.31757262 0.02459666
v 0.20188293 -0.28401795 0.09035430
v 0.16951787 -0.25389427 0.10014999
v 0.20404983 -0.34177482 0.01338325
v -0.02298242 0.61543328 -0.22483259
v 0.01013707 0.61361200 -0.22505715
v -0.02956143 0.58799648 -0.23753077
v 0.01642457 0.63789582 -0.21312085
v 0.00055924 0.55954236 -0.24945131
v -0.03499338 0.55836201 -0.25035816
v 0.00440583 0.58791393 -0.23702371
v -0.05281186 0.61812264 -0.22279054
v -0.05887908 0.58919621 -0.23701975
v 0.04332139 0.56148142 -0.25067416
v 0.04389806 0.58898240 -0.23829716
v -0.21965063 0.38124081 -0.27849576
v -0.19388503 0.42296728 -0.27122298
v -0.17557433 0.37713048 -0.28600872
v -0.15579361 0.41838697 -0.28009185
v -0.13687938 0.37650853 -0.28677797
v -0.14021066 0.45716175 -0.27441984
v 0.41368848 0.53067988 -0.15749410
v 0.40945661 0.56621194 -0.16344520
v 0.43858564 0.53123796 -0.11357906
v 0.08342752 0.78070360 0.38252342
v 0.04823089 0.76278228 0.39766115
v 0.09920087 0.76185310 0.40560544
v 0.11635856 0.79547817 0.36322075
v 0.06746876 0.79851395 0.35591581
v 0.06029840 0.74449414 0.41878477
v 0.11550632 0.74164021 0.42493296
v 0.15612338 0.75621402 0.41013274
v 0.13563031 0.77683616 0.38869429
v 0.02672431 0.70765370 0.44805470
v 0.07244557 0.72588480 0.43742666
v 0.01754501 0.72508597 0.42949572
v 0.34348136 -0.04056124 0.03076285
v 0.30630785 -0.01074942 0.06356933
v 0.32668602 -0.00070016 0.08119909
v 0.33533010 -0.04874412 0.00543803
v 0.30330342 -0.02578348 0.02811374
v 0.37656739 -0.07660682 -0.01747154
v 0.37848866 -0.08460627 -0.04852913
v 0.39333472 -0.07391375 0.00079396
v 0.59509414 0.38809240 0.24603048
v 0.61003011 0.36581555 0.23920004
v 0.61073494 0.40791419 0.21495891
v 0.62601626 0.34605035 0.23271328
v 0.62766051 0.38792372 0.21156350
v 0.60180706 0.31977651 0.24911821
v 0.63587356 0.40446991 0.17784408
v 0.61581135 0.42208046 0.17822683
v 0.58235592 0.41215807 0.25200778
v 0.59576726 0.42925572 0.21807739
v 0.65762734 0.38917851 0.17880094
v 0.64480329 0.37072155 0.20985399
v 0.03280866 0.44833785 0.55797571
v 0.07474388 0.47992426 0.54370618
v 0.01745673 0.48101869 0.55772626
v -0.02412888 0.45065048 0.56692576
v 0.00182801 0.51746678 0.55367434
v -0.03999963 0.48734596 0.56319410
v -0.06494737 0.42193940 0.56613946
v -0.07951495 0.45914969 0.56452113
v -0.05606863 0.52678549 0.55372459
v 0.04485109 0.54751498 0.53686607
v 0.05954696 0.51248467 0.54154003
v 0.08725297 0.12901096 0.36746460
v 0.13120180 0.13646710 0.36484516
v 0.13722754 0.11843559 0.34377009
v 0.18086055 0.14261909 0.35443377
v 0.09291853 0.11443542 0.35030544
v 0.05720682 0.09476754 0.33267921
v 0.09629470 0.09670015 0.32821521
v 0.05491115 0.10830252 0.34876162
v 0.01766892 -0.01713288 0.21656632
v -0.01371157 -0.02983103 0.22600621
v -0.00611746 -0.04796945 0.20557657
v -0.07213464 -0.07713376 0.23578134
v -0.03743365 -0.06003356 0.21877909
v -0.05043891 -0.04883901 0.23759258
v 0.01194896 0.00174503 0.24102932
v -0.02685630 -0.01815674 0.24591991
v 0.02410118 -0.04148797 0.19345956
v 0.00710940 -0.07024336 0.18661070
v -0.05687508 -0.08536044 0.21589494
v -0.02540490 -0.07548223 0.19967842
v 0.65764916 -0.59906852 0.10656819
v 0.63751662 -0.60179067 0.08077651
v 0.67898142 -0.62123322 0.09533782
v 0.66116321 -0.62213749 0.06891502
v 0.69753760 -0.64085066 0.08343333
v 0.61849940 -0.60193366 0.05184982
v 0.61204112 -0.58112240 0.09084682
v 0.69716740 -0.61787313 0.11985236
v 0.71274531 -0.63897383 0.10983304
v 1.11979830 0.35785234 0.26525605
v 1.08420396 0.36643836 0.23879001
v 1.03218448 0.36267653 0.22870067
v 0.95184088 0.37124887 0.17842242
v 0.99534881 0.36842167 0.20312992
v 1.03996313 0.37088135 0.21017891
v 0.91594732 0.36936980 0.18218741
v 0.95046782 0.36450645 0.20596060
v 1.13485885 0.37445530 0.25197029
v 1.07995331 0.37730491 0.21549769
v 0.98598421 0.37394178 0.17926313
v 1.17657399 0.36753491 0.28258473
v 0.86179662 -0.52834737 0.20085041
v 0.88524687 -0.49691132 0.18789968
v 0.83520198 -0.50135583 0.20044848
v 0.85507524 -0.47070286 0.18860871
v 0.86971366 -0.44383168 0.17041403
v 0.82101393 -0.44165710 0.19297983
v 0.80461884 -0.47102383 0.20345545
v 0.90287566 -0.46943292 0.16798134
v 0.83335388 -0.55980527 0.20292369
v 0.81083488 -0.53228402 0.20255622
v 0.85064745 -0.58069479 0.20487875
v 0.88228631 -0.54904842 0.20342483
v -0.03539237 0.04965662 -0.21732795
v -0.07342210 0.05581705 -0.23036653
v -0.04932266 0.08128906 -0.22776011
v -0.02197552 0.02081178 -0.21142542
v -0.06203869 0.02604872 -0.22049901
v 0.01971464 0.02210604 -0.19825780
v 0.00522198 0.05024887 -0.20017785
v -0.05291793 -0.00206856 -0.21270296
v -0.00883064 0.08189718 -0.20771056
v -0.20611048 0.63857466 -0.15986428
v -0.17237595 0.63419867 -0.17886019
v -0.21004355 0.60663563 -0.17662415
v -0.16753337 0.66380841 -0.16060841
v -0.13524207 0.65807235 -0.17579871
v -0.13976994 0.62910730 -0.19477421
v -0.17602924 0.60240370 -0.19707578
v -0.19560549 0.69493729 -0.12556854
v -0.16163874 0.69004458 -0.14202261
v -0.20115867 0.66826022 -0.14278960
v -0.12989244 0.68428135 -0.15676746
v 0.54572403 0.53497583 0.15154377
v 0.53755867 0.56159443 0.15688561
v 0.55439651 0.52936983 0.18991974
v 0.55410552 0.51060635 0.14702590
v 0.56302595 0.50545859 0.18620363
v 0.56292099 0.49643776 0.22564733
v 0.54578471 0.55572188 0.19454667
v 0.53702414 0.58492392 0.19994092
v 0.54477012 0.54767632 0.23271571
v 0.52948713 0.59084952 0.16306205
v 0.55407000 0.52087218 0.22878385
v -0.24920747 -0.04371705 0.38654435
v -0.19646731 -0.03384693 0.35442889
v -0.21676293 -0.01268031 0.35655335
v -0.23152712 -0.06785667 0.38960570
v -0.22553942 -0.09447752 0.39598709
v -0.30858442 -0.05340917 0.42130971
v -0.28024599 -0.02320772 0.38219783
v 0.72132546 -0.67671746 -0.12890446
v 0.73130822 -0.69342917 -0.07389098
v 0.71922016 -0.66573149 -0.15374443
v 0.67990220 -0.64274156 -0.14963362
v -0.16028342 0.19164963 -0.28736994
v -0.00265989 -0.02969318 -0.20925748
v 0.04324704 -0.02442797 -0.20490551
v 0.00389178 -0.04992481 -0.20742646
v 0.06134352 -0.05582185 -0.20713717
v 0.01062091 -0.06618240 -0.20266628
v 0.05225262 -0.04114361 -0.20652238
v 0.10315688 -0.03201457 -0.19319886
v 0.03266467 -0.00311384 -0.20114669
v 0.09129973 -0.01539711 -0.18609843
v 0.39807665 0.67597854 -0.08684315
v 0.38123274 0.71279085 -0.06543700
v 0.42276424 0.67660213 -0.04594909
v 0.35027120 0.71010453 -0.10125735
v 0.42807442 0.71369368 0.00956648
v 0.44221056 0.67599785 -0.00539383
v 0.40705246 0.71433842 -0.02788535
v 0.41088188 0.74785846 0.02404130
v 0.38847148 0.74828142 -0.01047751
v 0.36217955 0.74601889 -0.04491545
v -0.26228961 0.71384722 -0.06492899
v -0.22642666 0.72017872 -0.08829729
v -0.26574203 0.69162101 -0.08320579
v -0.23517933 0.67023522 -0.12256816
v -0.23103470 0.69665956 -0.10647242
v -0.26799098 0.66721082 -0.09878962
v -0.29375699 0.69732064 -0.03644216
v -0.25621459 0.73287356 -0.04117814
v -0.22080976 0.74092084 -0.06571625
v -0.29702142 0.67685038 -0.05506551
v -0.39751592 0.03464591 0.26283240
v -0.33092323 0.07023209 0.30398571
v -0.40411898 0.05741803 0.24659812
v -0.32899728 0.04927662 0.31182963
v -0.45409206 -0.01821026 0.23860681
v -0.39956066 0.02084120 0.27647287
v -0.45050469 -0.01176568 0.21610560
v -0.45087180 0.00171665 0.17735001
v -0.46368149 -0.07222728 0.09495367
v -0.46129915 -0.11191131 0.09043504
v -0.47503254 -0.06037958 0.14467365
v -0.47861233 -0.11159419 0.12066960
v -0.48376694 -0.06077011 0.17857058
v 0.30955616 0.83055192 0.22968057
v 0.32931480 0.81357443 0.25685203
v 0.34418681 0.82469296 0.20238215
v 0.36193827 0.80909836 0.22899935
v 0.34894150 0.79603994 0.28258008
v 0.50781298 0.15762657 0.15055878
v 0.51352310 0.15529895 0.12399939
v 0.59336913 0.18091944 0.12290311
v 0.59633243 0.17834976 0.09315895
v 0.67654580 0.19932491 0.06625875
v 0.58493364 0.17691092 0.05312898
v 0.66523939 0.20135835 0.03089906
v 0.50910980 0.15267378 0.08730057
v 0.58827013 0.18241173 0.13860849
v 0.43221295 0.13057256 0.15203792
v 0.67876750 0.20074902 0.09142277
v 0.84409499 0.23561293 0.01000497
v 0.87248564 0.24337988 0.00427811
v 0.85983801 0.22363056 0.01903789
v 0.89260161 0.22553624 0.01104384
v 0.86844945 0.20911048 0.03313070
v 0.81536245 0.22126739 0.03605358
v 0.82008600 0.21323226 0.05022603
v 0.87087178 0.26784509 0.00247999
v 0.29341817 0.32171765 0.45442036
v 0.24874011 0.30231842 0.46332794
v 0.30527887 0.29133147 0.43457055
v 0.22112951 0.25807798 0.44694388
v 0.26429105 0.27451226 0.44254968
v 0.20350140 0.28408614 0.46921477
v 0.23409607 0.23940641 0.42676345
v 0.27466890 0.25399929 0.42307514
v 0.22772266 0.33631966 0.48409930
v 0.18137267 0.31559801 0.49141327
v 0.13523352 0.29557338 0.49619779
v 0.58684719 -0.47249612 -0.24693850
v 0.61471611 -0.49573109 -0.24244449
v 0.57326424 -0.49950024 -0.23530653
v 0.59930462 -0.51773018 -0.23248282
v 0.56446946 -0.52124053 -0.21598399
v 0.62089384 -0.53096902 -0.23144403
v 0.58898425 -0.53520715 -0.21618965
v 0.56926465 -0.41100565 -0.25303036
v 0.60438782 -0.44207585 -0.24974790
v 0.55424917 -0.44584012 -0.25192139
v 0.54300952 -0.47761175 -0.23907161
v 0.30012268 0.63970864 0.44541335
v 0.34598523 0.65052474 0.42361251
v 0.28284416 0.66617858 0.43895707
v 0.36579469 0.68988538 0.39356157
v 0.32740283 0.67764324 0.41755891
v 0.38478863 0.66233683 0.39919177
v 0.40283912 0.63303298 0.40264022
v 0.36343330 0.62223661 0.42747328
v 0.31617263 0.61234254 0.45017973
v 0.26383749 0.69261885 0.43145591
v 0.34573835 0.71618778 0.38571042
v 0.30724275 0.70429248 0.41012821
v -0.25891474 -0.29588252 0.50306952
v -0.26695725 -0.33564883 0.56688058
v -0.25790438 -0.29699868 0.49263570
v -0.26660195 -0.33298394 0.57563961
v -0.24487564 -0.25457194 0.43950698
v -0.24342442 -0.25547573 0.43236995
v -0.24186108 -0.25881624 0.41901413
v -0.26910022 -0.34186882 0.52665949
v -0.25742230 -0.29868811 0.47352403
v -0.26738611 -0.33809787 0.55149966
v -0.27389035 -0.37596020 0.60270941
v -0.27132413 -0.36937830 0.62266058
v 0.38879848 0.21966778 0.33465394
v 0.37864804 0.23596637 0.35011524
v 0.35821182 0.21556789 0.34937271
v 0.42518780 0.22489324 0.31516927
v 0.41273648 0.24278584 0.33137119
v 0.32240877 0.22534941 0.37333935
v 0.33067003 0.21080522 0.35800165
v 0.34959438 0.23054215 0.36441571
v 0.40258098 0.20396765 0.31670398
v 0.36974046 0.19883926 0.33058405
v 0.34083235 0.19254363 0.33812988
v 0.72252196 -0.62486124 -0.21669704
v 0.72524852 -0.60740149 -0.23400405
v 0.03665023 0.08906312 -0.17834818
v 0.02722888 0.12495500 -0.18350407
v -0.01827830 0.11909437 -0.21460408
v 0.02342588 0.16225272 -0.19025284
v -0.06244212 0.15993345 -0.24271297
v -0.02178025 0.15959151 -0.21785584
v -0.05940843 0.11784399 -0.23892030
v 0.08838868 0.09821667 -0.13657728
v 0.04984534 0.05729331 -0.17383894
v 0.07978524 0.13243416 -0.14393795
v 0.58653808 0.18159474 0.14352287
v 0.67397439 0.20159045 0.11933926
v 0.67688298 0.20150587 0.10769512
v 0.75382239 0.20982103 0.09242305
v 0.27580953 0.15292332 -0.00680305
v 0.20518763 0.16484918 -0.05798259
v 0.28878939 0.18196160 -0.05036257
v 0.30980188 0.11197345 0.07385254
v 0.26065969 0.12403466 0.03098531
v 0.33951873 0.13886014 0.03296391
v 0.36549968 0.16660683 -0.01506750
v 0.21041168 0.19497994 -0.09419712
v 0.13939558 0.20061107 -0.13846278
v 0.21544439 0.22566040 -0.13163352
v 0.13696948 0.16913418 -0.11127576
v 0.29509369 0.21310435 -0.09541021
v -0.00697097 0.16376989 0.41384959
v -0.02247867 0.14493383 0.39228839
v 0.01077303 0.14015394 0.38736439
v 0.02003784 0.11911768 0.36417139
v 0.04284814 0.13905530 0.38478565
v 0.01001777 0.18446156 0.43538868
v 0.02930413 0.15974398 0.40855759
v -0.03147730 0.18886457 0.43996060
v -0.04598925 0.16801581 0.41698495
v 0.05356456 0.18027090 0.42715356
v 0.06879798 0.15971626 0.40411681
v 0.22930036 -0.36247736 0.00463653
v 0.20593292 -0.35563320 -0.02579635
v 0.25340867 -0.36553705 0.03352535
v 0.23027015 -0.34432429 0.04154292
v 0.17844392 -0.33481205 -0.01405953
v 0.27647576 -0.38360798 0.02736536
v 0.25505579 -0.37946129 -0.00187521
v 0.27479762 -0.36352637 0.06183092
v 0.25329456 -0.34018812 0.07018277
v 0.17583671 0.24070626 0.44988015
v 0.12964864 0.22175984 0.44851360
v 0.18960822 0.22245252 0.42856330
v 0.15754279 0.26556045 0.47292361
v 0.11156574 0.24634118 0.47298089
v 0.10220547 0.18148385 0.41794387
v 0.14422183 0.20291975 0.42583022
v 0.08733340 0.20134623 0.44090664
v 0.06908473 0.22651070 0.46590593
v 0.03459327 0.20570745 0.45335686
v 0.78426838 -0.50080335 0.20493451
v 0.80353844 -0.58792263 0.19560608
v 0.78503537 -0.56051785 0.19656068
v 0.76256645 -0.52864921 0.19996546
v 0.77524567 -0.61034948 0.18073711
v 0.75991321 -0.58382630 0.18383488
v 0.55211604 -0.21000652 0.18876240
v 0.53122568 -0.19305336 0.18347235
v 0.54245710 -0.23004389 0.20426711
v 0.55903554 -0.24012843 0.20203964
v 0.54431176 -0.25989687 0.21185760
v 0.56837195 -0.22149146 0.18862504
v 0.49028757 -0.18809381 0.18804996
v 0.52096438 -0.21355958 0.20003188
v 0.50138855 -0.16857599 0.17150947
v 0.47431064 -0.20586336 0.19841796
v 0.50517744 -0.23297992 0.21071154
v 0.52699888 -0.25011972 0.21439266
v -0.52039123 -0.23772126 0.25415564
v -0.50272727 -0.27682564 0.27696139
v -0.54309976 -0.23671812 0.29183275
v -0.48248968 -0.31750810 0.30723262
v -0.52953970 -0.28266534 0.31495500
v -0.51487005 -0.20557295 0.21292576
v -0.49645922 -0.24081874 0.22323878
v -0.53270936 -0.19929425 0.24272630
v -0.54949248 -0.19479349 0.28130281
v -0.56304133 -0.24144399 0.34094614
v -0.41732535 0.45872813 0.05803128
v -0.44090804 0.43575493 0.02105288
v -0.45215538 0.42886540 0.06779303
v -0.38694713 0.48793811 0.04883118
v -0.40337577 0.46420285 0.01698297
v -0.46687254 0.41598144 -0.02230251
v -0.42301711 0.44396576 -0.02105248
v -0.37286738 0.49448541 0.00989104
v -0.38494298 0.47272739 -0.02270670
v -0.37556192 0.51412511 0.07723293
v -0.39980963 0.48402339 0.09154058
v -0.42889926 0.45311615 0.10601995
v 0.43529049 0.76765543 0.16985169
v 0.44616240 0.75676775 0.19761060
v 0.45468438 0.74686885 0.16038015
v 0.48793370 0.70648861 0.21866921
v 0.48260975 0.71368408 0.18522891
v 0.47143233 0.72915244 0.22159165
v 0.44199714 0.75696462 0.13073280
v 0.42170680 0.77881992 0.14185715
v 0.41358677 0.78510594 0.18351209
v 0.39857966 0.79691851 0.15706880
v 0.42446893 0.77326930 0.20836565
v 0.47192341 0.72179222 0.15330613
v 0.46532798 0.73742944 0.19035390
v -0.08966663 -0.09927890 0.23602402
v -0.12407210 -0.11790815 0.26259264
v -0.09984297 -0.11384587 0.23639634
v -0.11002129 -0.09837429 0.25903323
v -0.06910738 -0.10297099 0.21392515
v 0.66668212 -0.23809803 0.12578356
v 0.66590065 -0.23096201 0.10971712
v 0.63925892 -0.22452712 0.13845547
v 0.69339466 -0.25053591 0.11215169
v 0.69049078 -0.24310315 0.09284136
v 0.66769731 -0.24608439 0.13909477
v 0.61444312 -0.20978202 0.14626548
v 0.63860375 -0.23138610 0.14854819
v 0.61886835 -0.20311955 0.13219056
v 0.64101517 -0.21787155 0.12383573
v 0.00318679 0.80816764 0.31250733
v 0.03305137 0.82323939 0.29251042
v -0.01536053 0.81509429 0.27812076
v 0.06300209 0.83492565 0.26989236
v 0.01460351 0.82760000 0.25749695
v 0.08055030 0.82687330 0.30372480
v -0.00439638 0.82799286 0.22255111
v -0.03465211 0.81689596 0.24317543
v -0.04593512 0.79864407 0.29573041
v -0.27226040 0.61030143 -0.12398618
v -0.29965743 0.60257536 -0.09249456
v -0.26996687 0.63976270 -0.11259557
v -0.24243936 0.60881174 -0.15198919
v -0.23930505 0.64088804 -0.13775343
v -0.29885510 0.62869906 -0.08320604
v -0.32176301 0.57561433 -0.06065784
v -0.32153943 0.60257620 -0.05196138
v 0.57288796 0.48320815 0.18343034
v 0.58462703 0.46194515 0.18114854
v 0.56424332 0.48796639 0.14356095
v 0.59870398 0.44142643 0.17936671
v 0.57693189 0.46656072 0.14051795
v 0.58313537 0.45122319 0.22073391
v 0.56244969 0.46096027 0.25984231
v 0.57167494 0.43665025 0.25649676
v 0.57236946 0.47350621 0.22308180
v 1.13927364 0.19151844 0.12636696
v 1.10541630 0.22281972 0.08751814
v 1.22540522 0.19487567 0.14922763
v 1.15960217 0.17225331 0.17309350
v 1.06239152 0.18718415 0.10359824
v 1.18650019 0.22690706 0.11018874
v 1.27394927 0.22812146 0.13202208
v 1.24756885 0.17484860 0.19545959
v 0.68555605 -0.58346546 -0.23077074
v 0.65359795 -0.56665576 -0.22701389
v 0.69183296 -0.56515878 -0.24293256
v 0.67497742 -0.53303373 -0.24525720
v 0.70126522 -0.54553741 -0.25009286
v 0.66250658 -0.55060297 -0.23814192
v 0.72953355 -0.58711541 -0.24651736
v 0.44867721 0.53727543 0.39284602
v 0.43457922 0.56929153 0.39931154
v 0.41188705 0.52977437 0.41923130
v 0.41932592 0.60169327 0.40296137
v 0.39577639 0.56124151 0.42515412
v 0.46239161 0.50656301 0.38514704
v 0.47555324 0.54480582 0.36614352
v 0.34754372 0.55287755 0.45009509
v 0.36519980 0.52105516 0.44530016
v 0.42861876 0.49851972 0.41133061
v 0.60350579 -0.34919313 0.21352315
v 0.62134588 -0.33110607 0.21062098
v 0.57616043 -0.32959160 0.21271658
v 0.56687331 -0.29638532 0.20864987
v 0.59315693 -0.31145495 0.20869590
v 0.58327097 -0.27765629 0.20225093
v 0.55044067 -0.31410566 0.21243277
v 0.63847589 -0.31307766 0.20434004
v 0.58600682 -0.36715379 0.21370056
v 0.56002814 -0.34677690 0.21361890
v -0.08876887 -0.02256957 -0.20337027
v -0.04620916 -0.02831477 -0.20607877
v -0.08290482 -0.05003935 -0.19127768
v -0.03541347 -0.07345092 -0.19154957
v -0.04093820 -0.05234965 -0.19941449
v -0.13778552 0.01171930 -0.22116897
v -0.09495983 0.00539747 -0.21644264
v -0.13105297 -0.01753028 -0.20290047
v -0.07674173 -0.07607773 -0.17998230
v -0.12344649 -0.04706025 -0.18612239
v -0.11464024 -0.07595225 -0.17112988
v 0.54417920 -0.48491582 0.15013704
v 0.52713048 -0.46086174 0.16028255
v 0.52271724 -0.49809012 0.12333283
v 0.48740053 -0.48589268 0.10378062
v 0.50446689 -0.50761169 0.09373039
v 0.50592440 -0.47527573 0.13385974
v 0.52268589 -0.52772141 0.08475405
v 0.50904751 -0.53210437 0.05433369
v 0.47188187 -0.49260917 0.07305399
v 0.49022394 -0.51316696 0.06336045
v 0.48864779 -0.45097417 0.14427075
v 0.50975853 -0.43573156 0.17009412
v -0.32179841 0.47456717 0.43341401
v -0.30678478 0.44066462 0.45922360
v -0.27422717 0.51328546 0.46082598
v -0.28705665 0.40528750 0.47777870
v -0.25703982 0.48057029 0.48571438
v -0.21052152 0.51778930 0.50775993
v -0.22864383 0.54982460 0.48421285
v -0.28805807 0.54192376 0.43193030
v -0.36732534 0.43701819 0.40285760
v -0.35508123 0.40187639 0.42906645
v 0.96552074 -0.52148330 0.17400758
v 0.97884774 -0.50046968 0.14399430
v 0.94407141 -0.54831034 0.19578278
v -0.42885646 -0.18604080 0.73296034
v -0.40954587 -0.21281968 0.80438828
v -0.38361385 -0.20386280 0.75547945
v -0.40416929 -0.19371906 0.74335635
v 0.90540719 0.20519818 0.02786263
v 0.65611345 -0.44296816 -0.24102816
v 0.62477291 -0.41050938 -0.24237058
v 0.67849535 -0.41576180 -0.22826430
v 0.72098571 -0.42003796 -0.21524936
v 0.70088530 -0.44385225 -0.23080021
v 0.69939828 -0.39082283 -0.20799038
v 0.64633125 -0.38052014 -0.22539461
v 0.66747129 -0.35473877 -0.20060310
v 0.71714479 -0.36855558 -0.18469226
v 0.49325788 -0.53176981 -0.00542669
v 0.51638746 -0.54672205 -0.01678710
v 0.49990976 -0.53305751 0.02405639
v 0.52136350 -0.54901785 0.01459374
v 0.54317272 -0.56435966 0.00503646
v 0.53010023 -0.54911256 0.04616347
v 0.51316941 -0.54334468 -0.04788721
v 0.53828967 -0.56079763 -0.02852134
v 0.53628594 -0.55629194 -0.06136231
v 0.04725301 0.61365592 -0.22662586
v 0.82447147 -0.38304898 -0.12856933
v 0.80584788 -0.39175954 -0.15283266
v 0.80265796 -0.35983995 -0.12006015
v 0.81947196 -0.35526514 -0.09188373
v 0.84474981 -0.38035271 -0.10018361
v 0.84622169 -0.40756801 -0.13535810
v 0.86587250 -0.38257486 -0.06895204
v 0.83782136 -0.35541421 -0.06012966
v 0.09556411 0.84495139 0.24575055
v 0.13134727 0.85385507 0.22042471
v 0.07851334 0.84698719 0.21104136
v 0.11264138 0.83764148 0.27924749
v 0.14886990 0.84685212 0.25305152
v 0.04546635 0.83775258 0.23481573
v 0.06118642 0.84402716 0.17573169
v 0.02752025 0.83644730 0.19963545
v 0.11388278 0.85515612 0.18643272
v 0.15053618 0.86072308 0.16107203
v 0.09597546 0.85061592 0.15139157
v 0.77517724 0.32752466 0.19626498
v 0.80005562 0.30784324 0.20934081
v 0.79638433 0.33837011 0.19410205
v 0.75511968 0.34589139 0.18388483
v 0.77469003 0.35257342 0.17841285
v 0.82182956 0.32100815 0.21127278
v 0.83075202 0.35038108 0.19310266
v 0.85030937 0.29714179 0.22793528
v 0.82766616 0.28429157 0.22029531
v 0.88790882 0.31224266 0.23587307
v 0.85794985 0.33565861 0.21471648
v 0.49952555 0.15526262 0.16165596
v 0.42164576 0.12179664 0.16985394
v 0.42690992 0.13044804 0.16997170
v 0.50055820 0.14925674 0.15678933
v 0.59528726 0.17854841 0.14134005
v 0.67886990 0.20126013 0.12691106
v 0.28107521 0.23984063 0.40605637
v 0.24305463 0.22658886 0.40924674
v 0.28662992 0.22894213 0.39189878
v 0.81169116 -0.51092160 -0.23989674
v 0.83822334 -0.48533443 -0.21136650
v 0.82435596 -0.49739954 -0.22653261
v 0.79607379 -0.47201416 -0.22010753
v 0.78193235 -0.48651311 -0.23434415
v 0.19485345 0.61552501 0.48174700
v 0.24880254 0.62873089 0.46457428
v 0.18131836 0.64293492 0.47454789
v 0.12885858 0.62772113 0.49176979
v 0.14146128 0.59793943 0.49887934
v 0.20763513 0.58753216 0.48800319
v 0.26294175 0.60163867 0.47002617
v 0.23350053 0.65513271 0.45757511
v 0.16652665 0.67023987 0.46638688
v 0.21654585 0.68159008 0.44976598
v 0.53245741 -0.52381980 -0.18869367
v 0.55986929 -0.53727150 -0.19188175
v 0.53224164 -0.53723669 -0.15734890
v 0.53366160 -0.54567552 -0.12525448
v 0.50655854 -0.53306991 -0.11340103
v 0.55712569 -0.55619258 -0.13726285
v 0.55779779 -0.54845315 -0.16550374
v 0.57667363 -0.56622207 -0.14911106
v 0.57877344 -0.55824834 -0.17436343
v 0.58271933 -0.54828453 -0.19636980
v -0.15647033 0.00124412 0.33389318
v -0.14936528 -0.02110029 0.32749820
v -0.10514095 0.03245372 0.32439888
v -0.17783621 0.01870891 0.34020782
v -0.18938035 -0.05815272 0.35386994
v -0.25348887 0.00284288 0.35735562
v -0.22476918 0.02746358 0.34476927
v -0.17979336 0.05744743 0.34267861
v 0.76026523 -0.46897110 -0.23075444
v 0.74426425 -0.48687288 -0.24167943
v 0.77550423 -0.45267174 -0.21570694
v 0.76157200 -0.43676311 -0.21125370
v 0.74571371 -0.45564866 -0.22637558
v 0.72787839 -0.47532532 -0.23794347
v 0.70895231 -0.49492678 -0.24525505
v 0.75546455 -0.52219069 -0.25256160
v 0.72827339 -0.50568199 -0.24929908
v 0.76817989 -0.50305367 -0.24547625
v 0.67927277 -0.61506480 -0.19560787
v 0.68178439 -0.59996378 -0.21444398
v 0.72020113 -0.64011478 -0.19741955
v 0.16707602 0.83427680 0.28444487
v 0.20745346 0.84173411 0.25703418
v 0.13056386 0.82455742 0.31072846
v 0.18862085 0.85429883 0.22609073
v 0.16983020 0.86068177 0.19406834
v -0.43685070 0.33743885 0.36459237
v -0.44215497 0.37438679 0.33648670
v -0.46633133 0.31178048 0.32839149
v -0.40772036 0.40341747 0.37036407
v -0.45382497 0.27844274 0.35051405
v -0.49070624 0.28734434 0.28723246
v -0.47954467 0.25396481 0.31062543
v -0.46911421 0.34908420 0.29920310
v -0.43754360 0.41324013 0.30387115
v 0.55574638 -0.19209376 0.17176564
v 0.53510612 -0.17385790 0.16454560
v 0.50647044 -0.14931887 0.15316476
v 0.58218092 0.36943078 -0.00528221
v 0.61114728 0.35393611 -0.00939769
v 0.56053603 0.33991686 -0.04637900
v 0.57354647 0.28668627 -0.07686540
v 0.53673714 0.30873063 -0.07997930
v 0.59317452 0.32050693 -0.04895034
v 0.63986480 0.34791136 -0.00815783
v 0.62683094 0.31121570 -0.04407355
v 0.65743136 0.31376067 -0.03192839
v 0.61315948 0.27523121 -0.06500286
v 0.66416806 0.34877762 -0.00175489
v -0.42300978 -0.16248703 0.07811010
v -0.36793360 -0.19946876 0.08209042
v -0.45159259 -0.16028923 0.10452767
v -0.46864882 -0.16185513 0.12650482
v -0.49067411 -0.10848300 0.14886539
v -0.42485240 -0.20473364 0.12096915
v -0.40072039 -0.20137316 0.10270444
v -0.37877837 -0.16809492 0.04796795
v -0.32555524 -0.19879642 0.05981111
v -0.41870490 -0.12733729 0.04682798
v 1.18148541 0.37117234 0.15362415
v 1.17959142 0.35064009 0.12698373
v 1.09445512 0.36025485 0.12236580
v 1.25945020 0.36707047 0.15595528
v 1.26469827 0.34408942 0.13780606
v 1.10348642 0.32332346 0.08552620
v 1.09278178 0.34101331 0.09719978
v 1.18738377 0.33065286 0.11258291
v 1.00509274 0.33749673 0.06839429
v 1.00485623 0.35483989 0.09207980
v 0.30390367 0.41850758 0.47404125
v 0.32378104 0.37988523 0.45838511
v 0.35577998 0.43831250 0.45313528
v 0.40296519 0.45456910 0.42795366
v 0.38511568 0.48825794 0.43786573
v 0.33462465 0.47464994 0.46362135
v 0.31246501 0.50965291 0.47069716
v 0.44251281 0.46711719 0.40175116
v 0.41514760 0.41995648 0.41557577
v 0.37185961 0.40110764 0.43903375
v 0.45168322 0.43533415 0.39156887
v 1.49697554 0.22569978 0.27870047
v 1.46642649 0.19606343 0.25768942
v 1.49699366 0.23944068 0.23611692
v 1.40931916 0.18192518 0.23693262
v 1.39399409 0.20104797 0.19202125
v 1.49644876 0.27651691 0.25545204
v 1.48057508 0.25812650 0.19614302
v 1.48868442 0.28752396 0.21866995
v 1.45829856 0.21313974 0.21299142
v 0.03118901 0.70907581 -0.16156271
v 0.06366473 0.70597816 -0.16591877
v 0.02709560 0.68596637 -0.18280679
v 0.00679424 0.73622382 -0.13044354
v 0.03680545 0.73203373 -0.13754964
v -0.00059924 0.71292883 -0.15527967
v -0.00573462 0.68984234 -0.17787209
v 0.05684267 0.65961975 -0.20184141
v 0.02230592 0.66232663 -0.20014629
v 0.06089322 0.68315798 -0.18592036
v 0.09291421 0.66058034 -0.20328844
v 0.09531401 0.68372715 -0.18744794
v 0.04680021 0.25529423 0.49044862
v 0.06527814 0.30613306 0.51789707
v 0.02258243 0.28494966 0.51196462
v 0.08938283 0.27556214 0.49649212
v 0.01138188 0.23410912 0.47850248
v -0.00076357 0.31258684 0.53049839
v 0.11060517 0.32805118 0.51623058
v 0.35560355 -0.42655212 -0.10754775
v 0.32195511 -0.40851444 -0.09945963
v 0.35567006 -0.41311383 -0.15414977
v 0.31714925 -0.38054678 -0.19147176
v 0.35736576 -0.39499989 -0.19680250
v 0.31884798 -0.39659712 -0.14666188
v 0.39267588 -0.41103500 -0.20190451
v 0.27998865 -0.38247976 -0.13803244
v 0.28678912 -0.39273673 -0.09098242
v 0.32834500 -0.41829747 -0.05561264
v 0.29658854 -0.40193966 -0.04843082
v 0.82071304 0.24651374 0.00166394
v 0.84641218 0.25695980 0.00008364
v 0.84114766 0.28099638 -0.00295950
v 0.81607330 0.27123985 -0.00559057
v 0.80424297 0.22738507 0.02245796
v 0.59532756 -0.57695895 -0.15909502
v 0.59778816 -0.56772757 -0.18238011
v 0.60234725 -0.55774409 -0.20184624
v 0.60947716 -0.54592460 -0.21858123
v 0.85392487 -0.47449520 -0.19421050
v 0.82742965 -0.44855917 -0.18532124
v 0.81094670 -0.45920905 -0.20381764
v -0.10916361 -0.13876961 0.22954826
v -0.08252054 -0.13193110 0.20464745
v -0.10629004 -0.12985362 0.23325999
v -0.08919835 -0.14344271 0.19974384
v -0.14239660 -0.16186613 0.25268248
v -0.11523932 -0.15120548 0.22439903
v -0.13743559 -0.15002169 0.25816989
v -0.09871984 -0.15749334 0.19378294
v -0.12435144 -0.16544215 0.21745710
v -0.13533840 -0.14214711 0.26180112
v -0.19636294 -0.18509980 0.33454600
v -0.16599739 -0.16024072 0.29491109
v 0.28935814 0.84591788 0.20161602
v 0.24937098 0.84617221 0.22929719
v 0.26615220 0.63465828 -0.22915217
v 0.25259221 0.66464150 -0.20621827
v 0.30932093 0.63713902 -0.21125966
v 0.28117451 0.60297650 -0.24659583
v 0.32514673 0.60311764 -0.22769326
v 0.22141442 0.63087922 -0.23734963
v 0.36497712 0.60255408 -0.19831085
v 0.29349780 0.66975683 -0.18763432
v 0.34914285 0.63807189 -0.18327054
v 0.27897742 0.70069647 -0.16039291
v 0.33243686 0.67299545 -0.16031146
v 0.24159257 0.69348609 -0.18083325
v -0.07716498 0.80985165 0.18046245
v -0.10584915 0.79893363 0.20030326
v -0.05521601 0.81420779 0.21001086
v -0.08390310 0.80201691 0.22847816
v -0.06750900 0.81298691 0.12932514
v -0.09976718 0.80504155 0.15341377
v -0.04543880 0.81829530 0.15785445
v -0.02435106 0.82385117 0.18876314
v 0.09271622 0.76265824 -0.10675961
v 0.07522717 0.74725515 -0.12295356
v 0.06713256 0.77129269 -0.09301864
v 0.08732037 0.78456366 -0.07647847
v 0.01970102 0.75787723 -0.10492292
v 0.03874925 0.77637523 -0.08248809
v 0.04759431 0.75363743 -0.11327438
v 0.09772906 0.72546625 -0.14895818
v 0.06740993 0.72717172 -0.14468721
v 0.09708570 0.74182451 -0.13141897
v 0.09672731 0.70589346 -0.16816744
v -0.15109602 0.78701729 0.00650458
v -0.11562535 0.78777355 -0.01611781
v -0.16532111 0.77489358 -0.02751844
v -0.18577483 0.78205311 0.03147309
v -0.13330019 0.79601490 0.04044336
v -0.12984473 0.77337348 -0.04795939
v -0.17605406 0.75983381 -0.05925991
v -0.20133898 0.77212954 -0.00408301
v -0.21278441 0.75861961 -0.03749052
v -0.08134428 0.78575313 -0.03511932
v -0.41641590 0.07819774 0.23801106
v -0.45238909 0.04016838 0.17204943
v -0.46643636 0.00286382 0.10195025
v -0.46264109 -0.02652700 0.10269406
v -0.09954730 0.16176410 -0.26074022
v -0.09575939 0.12257183 -0.25399292
v -0.13295376 0.47236821 0.55106592
v -0.14963779 0.51291072 0.53862822
v -0.17304340 0.44198650 0.53706861
v -0.15692195 0.40283757 0.54164195
v -0.23744506 0.44458309 0.50434285
v -0.21751341 0.40721431 0.51546133
v -0.19098336 0.48129368 0.52533972
v -0.16749004 0.54990709 0.52076352
v 0.44428897 -0.48775378 -0.13299909
v 0.47372693 -0.50663519 -0.14106148
v 0.44764653 -0.49933031 -0.09146716
v 0.48235220 -0.52446544 -0.06669275
v 0.45398909 -0.50676113 -0.05457941
v 0.47713828 -0.51774347 -0.10213289
v 0.50366426 -0.52324361 -0.14917988
v 0.44511938 -0.47022554 -0.17511728
v 0.47311094 -0.48954871 -0.18085918
v 0.50283182 -0.50755894 -0.18519402
v -0.36634013 0.54148722 0.10484240
v -0.35802588 0.54571968 0.05951072
v -0.38628146 0.51061392 0.12320457
v -0.36393806 0.51932204 0.03591818
v -0.35312435 0.57325906 0.08340082
v -0.34673503 0.58051831 0.03626855
v -0.57830203 -0.23294249 0.60212541
v -0.55953455 -0.20813599 0.62632239
v -0.57258320 -0.19657159 0.50017035
v -0.58497739 -0.23368806 0.48852780
v -0.59220529 -0.26736659 0.58709997
v -0.54862654 -0.14243095 0.42867288
v -0.56674194 -0.17062755 0.40921542
v -0.55299222 -0.16999711 0.52223265
v 0.84774578 -0.64082682 0.19897965
v 0.81625819 -0.66402006 0.17993388
v 0.78964257 -0.67966992 0.15340702
v 0.77328837 -0.66151029 0.15533219
v 0.79964650 -0.64712465 0.18079011
v -0.40711680 0.37881416 -0.21123928
v -0.43725434 0.39610022 -0.16637382
v -0.35942027 0.41506323 -0.20021111
v -0.34320524 0.46117747 -0.14939585
v -0.31749293 0.44977263 -0.19151455
v -0.38679984 0.42901310 -0.15625846
v -0.39773723 0.44242933 -0.10900690
v -0.45404920 0.34126979 -0.22233674
v -0.40241489 0.31966311 -0.25757667
v -0.31835660 0.40050447 -0.23646700
v -0.36086324 0.36119068 -0.24699241
v 0.35376081 -0.43300948 0.01246687
v 0.38159853 -0.45139375 0.00601245
v 0.37015623 -0.43617067 0.03972901
v 0.36836433 -0.44537136 -0.02536128
v 0.39703941 -0.46598032 -0.03387994
v 0.42253235 -0.47483519 0.02563469
v 0.39700717 -0.45464191 0.03348486
v 0.40881643 -0.47165564 -0.00212234
v 0.43675685 -0.47514305 0.05312894
v 0.41290155 -0.45454085 0.06101410
v 0.38720089 -0.43474472 0.06737271
v 0.14248993 0.84435529 0.06963067
v 0.17152309 0.83915442 0.04609805
v 0.12110263 0.83405817 0.03951031
v 0.09107584 0.83532083 0.06145774
v 0.16418180 0.85444885 0.10209553
v 0.19514336 0.84816116 0.07711003
v 0.12620744 0.82018477 -0.00675336
v 0.09973562 0.82448107 0.01298244
v 0.14865063 0.82971090 0.01782291
v 0.35896653 -0.27257687 -0.26230040
v 0.30942804 -0.25995967 -0.27735862
v 0.36023802 -0.23630825 -0.25562003
v 0.35860169 -0.20048797 -0.24493060
v 0.40702561 -0.21616945 -0.22293699
v 0.40810922 -0.24981010 -0.23573875
v 0.26289260 -0.24910796 -0.28722143
v 0.31045273 -0.22193468 -0.27470258
v 0.31176412 -0.18409757 -0.26367313
v 0.30963725 -0.29669380 -0.27200028
v 0.89077187 -0.46036625 -0.14998654
v 0.87125814 -0.46652547 -0.17335397
v -0.47465512 -0.51492125 0.71476853
v -0.46825215 -0.51865673 0.63691759
v -0.44501933 -0.51978755 0.65856004
v -0.49671677 -0.50959826 0.69431186
v -0.44949034 -0.51655453 0.73736787
v -0.42055789 -0.51600277 0.68075442
v -0.49206641 -0.50940961 0.61470962
v -0.51863396 -0.50069582 0.67462122
v 0.09120856 0.44892874 0.54217649
v -0.00942671 0.41810682 0.56520623
v 0.04849671 0.41864699 0.55399317
v 0.02214769 0.36289313 0.54960269
v 0.06617236 0.38988501 0.54559541
v 0.00524068 0.38947383 0.55929959
v 0.11014621 0.41777459 0.53658861
v 0.15564632 0.44575965 0.52506155
v 0.50195765 0.07818701 0.15300107
v 0.52042705 0.12379010 0.18349317
v 0.48203099 0.06857609 0.15838628
v 0.46161401 0.06257635 0.16207473
v 0.46383873 0.01724676 0.13293588
v 0.47386393 -0.02537499 0.09233446
v 0.47536033 0.02058828 0.12545633
v 0.47222471 -0.02778071 0.10533529
v 0.48542678 0.02990857 0.11721870
v 0.43987313 0.05602697 0.16218472
v 0.44932228 0.01433422 0.13613671
v 0.49261731 0.11263044 0.18749186
v -0.06942099 0.52540177 -0.26345581
v -0.09577700 0.52616936 -0.26183215
v -0.06447268 0.55827743 -0.25091821
v -0.08594510 0.59123069 -0.23349357
v -0.09080294 0.55940557 -0.24862832
v -0.03884971 0.52625966 -0.26260850
v -0.10199088 0.49161088 -0.27238920
v 0.55277884 -0.56577516 0.03827301
v 0.54367316 -0.54640907 0.07706229
v -0.21638772 -0.23470780 0.25062627
v -0.19346869 -0.21855661 0.23373827
v -0.21652260 -0.23638627 0.27633920
v -0.24068365 -0.26061815 0.30055839
v -0.24004799 -0.26383916 0.33441818
v -0.17377627 -0.20663060 0.21625726
v -0.19601518 -0.21888629 0.25387934
v -0.21858752 -0.23655352 0.30357981
v -0.19638985 -0.21954018 0.21377763
v -0.22259367 -0.23450479 0.22638094
v -0.09488329 0.49958202 0.55630147
v -0.02878267 0.59172165 0.53017938
v -0.07176778 0.56514192 0.53859442
v -0.01362294 0.55571961 0.54495609
v 0.55326903 0.42163724 0.28634578
v 0.53105533 0.40834710 0.31036040
v 0.53598821 0.37817633 0.30156669
v 0.56155467 0.39419678 0.27962193
v 0.57235932 0.36703476 0.27080369
v 0.50786895 0.36446273 0.32026207
v 0.54613149 0.44833979 0.29120773
v 0.50620365 0.42728648 0.33895126
v 0.50700313 0.39657781 0.33058292
v 0.52698660 0.43722442 0.31701696
v 0.34440833 0.10482404 0.10285114
v 0.39086631 0.13050769 0.06132352
v 0.30284119 0.07921109 0.12821357
v 0.28238523 0.08488549 0.10078082
v 0.35956672 0.10191238 0.12844819
v 0.42029804 0.12663312 0.09298582
v 0.48693064 0.15289673 0.04856379
v 0.43679464 0.15726078 0.01211050
v -0.09777954 0.79885316 0.01596020
v -0.06244454 0.79866689 -0.00540110
v 0.12299280 -0.18846780 -0.21607289
v 0.08070438 -0.18437876 -0.17974117
v 0.11167385 -0.15207142 -0.21847308
v 0.16006652 -0.19273970 -0.24936149
v 0.15556544 -0.15452576 -0.24630848
v 0.04688920 -0.12377535 -0.19015622
v 0.09831516 -0.12032446 -0.21578020
v 0.06426355 -0.15213536 -0.18680611
v 0.14844361 -0.11994503 -0.23710656
v 0.01727957 -0.15402377 -0.15630218
v 0.03618445 -0.18129949 -0.14459506
v -0.12428543 0.08152394 0.34821838
v -0.18217236 0.08398385 0.34649050
v -0.25854275 0.04765442 0.33713016
v -0.25437698 0.06933976 0.33452275
v -0.07973659 0.08703673 0.34635848
v -0.12092280 0.09997964 0.35373205
v -0.13529226 0.12344964 0.36416617
v -0.19301009 0.10971172 0.35095552
v -0.11526516 0.05343425 0.33571079
v 0.68305606 0.35442260 0.00800224
v 0.69021720 0.37984234 0.04326692
v 0.69602287 0.35887337 0.01522548
v 0.69976270 0.38020059 0.04595122
v 0.70660186 0.36063239 0.01789322
v 0.71827972 0.38773963 0.07748181
v 0.70770651 0.37938848 0.04553407
v 0.70977414 0.39085326 0.08042983
v 0.67562824 0.37797427 0.03884576
v 0.70174456 0.39295125 0.08206014
v 0.27130142 -0.13626195 -0.25355020
v 0.31126109 -0.14772534 -0.24247333
v 0.27033707 -0.17065816 -0.27491996
v 0.23172466 -0.16296823 -0.27696788
v 0.22735333 -0.20160508 -0.28703508
v 0.26546657 -0.20965971 -0.28652051
v 0.22354694 -0.24202025 -0.28596276
v 0.35267681 -0.16531254 -0.22850922
v -0.04354873 -0.13688900 -0.14380595
v -0.00155908 -0.12979633 -0.16487414
v -0.02545786 -0.15737346 -0.13137186
v -0.00639853 -0.17988874 -0.11597739
v 0.03151406 -0.10028961 -0.19314894
v 0.27707908 0.57294875 0.47299075
v 0.29327533 0.54227066 0.47344977
v 0.22113469 0.55820465 0.49261555
v 0.16758475 0.53752625 0.51075602
v 0.15400565 0.56806898 0.50547922
v 0.54485220 0.25559321 -0.09147760
v 0.59041280 0.24147816 -0.07017802
v 0.63953263 0.23751450 -0.04371265
v 0.65226358 0.27547124 -0.04781482
v -0.19023299 0.06596577 -0.26073635
v -0.14920613 0.06871697 -0.25480133
v -0.18603978 0.03967046 -0.24205598
v -0.14369386 0.04025964 -0.23902848
v -0.18071795 0.01236889 -0.22164473
v -0.10230145 0.03425752 -0.22994480
v -0.11069092 0.06404431 -0.24301878
v -0.19411042 0.09198087 -0.27660218
v -0.15464285 0.09729794 -0.26841936
v -0.43916914 -0.14988254 0.63749433
v -0.41104957 -0.15883483 0.66086257
v -0.42949542 -0.11728014 0.55766129
v -0.39917281 -0.12906848 0.58702552
v -0.37225494 -0.14585696 0.61084580
v -0.38645741 -0.09846416 0.51629794
v -0.38592955 -0.17255227 0.67996633
v -0.26539746 0.36982638 0.48870391
v -0.24338448 0.33589083 0.49276495
v -0.31342003 0.33344820 0.45899513
v -0.35677150 0.00895314 0.33478296
v -0.30201986 0.01088844 0.35097796
v -0.34640452 0.02270677 0.32435238
v -0.32215932 -0.01113719 0.37203509
v -0.28324422 0.02938428 0.34042808
v -0.37112156 -0.00981246 0.35354310
v 0.38705105 0.75556433 0.32043540
v 0.40882576 0.75730175 0.29393220
v 0.36809143 0.77651697 0.30449921
v 0.39247674 0.77546805 0.27681106
v 0.35904223 0.75053114 0.34793502
v 0.40548164 0.73473942 0.33168656
v 0.42607364 0.73891044 0.30475700
v -0.23493400 0.05728781 -0.25680709
v -0.23007116 0.03247114 -0.23594886
v -0.23998877 0.08195493 -0.27562383
v 1.47527552 0.31928587 0.22897270
v 1.48100042 0.31393838 0.26769632
v 1.46425724 0.34466776 0.27302498
v 1.47371137 0.30768189 0.30805349
v 1.45290804 0.32031482 0.19005349
v 1.46911919 0.29832804 0.18984520
v 1.49131608 0.26689729 0.29619431
v 0.72529221 -0.39508694 0.21431039
v 0.71019673 -0.41828665 0.21710891
v 0.74658787 -0.41604790 0.21089578
v 0.75925422 -0.39079392 0.20285210
v 0.72075403 -0.35515010 0.20589244
v 0.70692456 -0.37624329 0.21444216
v 0.73838055 -0.37193117 0.20653950
v 0.75668108 -0.46947417 0.20870692
v 0.77352428 -0.44150069 0.20695803
v 0.73151672 -0.44165725 0.21298748
v 0.04345173 0.01348509 0.23506513
v 0.04498519 -0.01131725 0.20459279
v 0.03470415 0.03137424 0.26304546
v -0.00511929 0.01197234 0.26141989
v 0.50837219 0.56684053 0.08463389
v 0.51529437 0.53799224 0.07985948
v 0.49487060 0.56730998 0.04799492
v 0.50062978 0.53680348 0.04481238
v 0.48303476 0.56699085 0.00973572
v 0.50608069 0.50748682 0.04183885
v 0.52230287 0.51053667 0.07526012
v 0.51639545 0.59515405 0.12688859
v 0.52359891 0.56511188 0.12060347
v 0.50151974 0.59786361 0.09082788
v 0.53127831 0.53760064 0.11493170
v 0.48804724 0.59956342 0.05360118
v 0.47621545 0.60069108 0.01417779
v 0.94928956 -0.46058309 -0.06483370
v 0.96379709 -0.46379390 -0.03356303
v 0.97576356 -0.46636191 0.00022939
v -0.21412519 0.74390841 0.21244356
v -0.19690415 0.76191032 0.19093198
v -0.23576334 0.73499924 0.19045453
v -0.25087211 0.71429098 0.21703869
v -0.25833878 0.72519767 0.16553272
v -0.27263406 0.70309770 0.19309387
v -0.21926966 0.75441802 0.16722643
v -0.24206585 0.74571168 0.14030872
v -0.17653105 0.77750623 0.17100388
v -0.24990454 -0.18753549 0.46721366
v -0.26705781 -0.22208515 0.53653944
v -0.25373885 -0.21150683 0.48837152
v -0.21405014 -0.12853727 0.38364327
v -0.24321112 -0.16468258 0.44476286
v -0.22456947 -0.15114871 0.40272391
v -0.23259693 -0.17482843 0.42134055
v -0.20207444 -0.13875115 0.36155725
v -0.19047996 -0.11471793 0.34724602
v -0.23306951 -0.11936054 -0.08822760
v -0.28680655 -0.10750128 -0.07220206
v -0.25507095 -0.10106942 -0.09756291
v -0.30652556 -0.08880673 -0.08029717
v -0.34584704 -0.09392725 -0.04670773
v -0.37391934 -0.05924801 -0.05772139
v -0.32327667 -0.07406288 -0.08541150
v -0.36207262 -0.07392600 -0.05359194
v -0.33786961 -0.06123858 -0.08878987
v -0.40203634 -0.07713076 -0.00922728
v -0.42096654 -0.03891251 -0.01779969
v -0.41410097 -0.05455219 -0.01437092
v 0.42586190 -0.11607090 -0.08876851
v 0.39002764 -0.09960428 -0.08673035
v 0.31405511 -0.04537273 -0.01870655
v 0.34294316 -0.06323245 -0.03429845
v 0.35703623 -0.08265777 -0.07961999
v 0.47070825 -0.14244333 -0.11200616
v 0.43523151 -0.13276704 -0.12161642
v 0.40097278 -0.12049030 -0.12577754
v 0.36479867 -0.10170172 -0.12232304
v 0.39879096 -0.13851944 -0.16015011
v 0.35950625 -0.11684252 -0.16164425
v 0.38216847 -0.15166831 -0.19270596
v 0.82483721 -0.41490164 -0.15888980
v 0.80636239 -0.42538884 -0.17970675
v 0.76390195 -0.40087298 -0.18591845
v 0.77568746 -0.38390139 -0.16588181
v 0.77572465 -0.41969341 -0.19342074
v 0.78989744 -0.40443128 -0.17407921
v 0.78820729 -0.36962876 -0.14449582
v 0.79040217 -0.43796724 -0.19869095
v 0.84646714 -0.43962249 -0.16497996
v 0.86806726 -0.43343964 -0.14186037
v 0.75488162 0.21411787 0.06076794
v 0.74834210 0.21608202 0.04144190
v 0.73285365 0.22101976 0.01685232
v 0.78435194 0.23533402 0.00735491
v 0.08706103 -0.23756418 0.06665394
v 0.09183399 -0.25935516 0.03309536
v 0.06897934 -0.25305247 0.01890924
v 0.09910633 -0.27750432 -0.00177722
v 0.03974482 -0.23168057 0.03862713
v 0.06158921 -0.23548841 0.05051972
v 0.43040526 0.40813795 -0.10125902
v 0.43228936 0.45481157 -0.09886672
v 0.45842502 0.41497675 -0.07073523
v 0.47734207 0.46551800 -0.02904201
v 0.48242027 0.42584148 -0.03805320
v 0.45670271 0.45930350 -0.06322749
v 0.46645132 0.36542088 -0.08618115
v 0.49267140 0.38308966 -0.05451317
v 0.43650448 0.49514791 -0.10452577
v -0.11244324 0.80200750 0.07221757
v -0.07699421 0.80654299 0.04659276
v 0.72363162 0.38957834 0.11342828
v 0.71432304 0.39263904 0.11806707
v 0.68964452 0.39344078 0.08236935
v 0.73580003 0.38626221 0.10872761
v 0.73932147 0.38012493 0.14119969
v 0.70263684 0.39443687 0.12204694
v 0.72691476 0.38172314 0.14738485
v 0.71547472 0.38267505 0.15324128
v 1.34807789 0.34806222 0.15728757
v 1.36636913 0.33882803 0.15659457
v 1.27941072 0.33124882 0.13344571
v 1.41745722 0.35220566 0.19293803
v 1.43501365 0.33916545 0.19216755
v 1.38650119 0.32692125 0.15558051
v 1.29540133 0.32364026 0.13196142
v 1.39963913 0.36142179 0.19126514
v 1.45800138 0.34369934 0.23290488
v 1.44255424 0.35995585 0.23275065
v -0.31871793 -0.47037026 0.63526475
v -0.30165210 -0.44917873 0.62474340
v -0.30248639 -0.44806522 0.66916120
v -0.31922194 -0.46397001 0.67744875
v -0.28018352 -0.41256690 0.68748629
v -0.28834966 -0.42646545 0.69835281
v -0.28951874 -0.43025184 0.65977883
v -0.28893861 -0.41956812 0.60535657
v -0.30137190 -0.43238303 0.56365728
v -0.31785747 -0.46510753 0.58449566
v 0.45373523 0.63752437 -0.01846400
v 0.36769336 0.67491168 -0.12580767
v 0.32722452 -0.06609787 -0.06852338
v 0.30277336 -0.05311359 -0.05608220
v 0.29165134 -0.03230910 -0.00285991
v 0.26008889 0.00147583 0.06630993
v 0.26703200 -0.00155177 0.06172330
v 0.27681148 -0.02531989 0.00704343
v 0.28069672 -0.00992725 0.04759884
v 0.20399937 0.68458599 -0.19397607
v 0.21160533 0.65826541 -0.21695542
v 0.17108485 0.65133840 -0.22060692
v 0.16681573 0.67541337 -0.20106351
v 0.19794577 0.71029168 -0.17041850
v 0.46781087 0.63662744 0.02290022
v 0.45754823 0.67397535 0.03395873
v 0.48053697 0.63426846 0.06173119
v 0.49374455 0.63119733 0.09842148
v 0.48442441 0.66542917 0.10673998
v 0.47113806 0.67012775 0.07128313
v 0.47316754 0.69914073 0.11449163
v 0.45964974 0.70551163 0.08093390
v 0.77363074 -0.28937507 0.02747203
v 0.76625407 -0.28629974 -0.00490756
v 0.75091279 -0.27202076 0.03224160
v 0.79186821 -0.30784339 -0.01115756
v 0.75695419 -0.28585291 -0.03393389
v 0.78106606 -0.30653730 -0.04332694
v 0.74381161 -0.26933563 0.00327209
v 0.73507285 -0.26809761 -0.02209811
v 0.72354805 -0.25498477 0.01531494
v 0.73054194 -0.25857794 0.04086252
v 0.26287133 -0.28701034 -0.27733746
v 0.22309594 -0.27989298 -0.27307051
v 0.76913965 -0.68962944 0.12283345
v 0.75323856 -0.67002040 0.12631479
v 0.75577247 -0.69421148 0.08843184
v -0.26645777 -0.38190570 0.71921957
v -0.26798001 -0.37268373 0.68837154
v -0.26162025 -0.36560738 0.72541702
v -0.25509730 -0.37002307 0.74917984
v -0.27274171 -0.39713678 0.70717919
v -0.27095607 -0.38438612 0.67991519
v -0.26572666 -0.35822374 0.69157684
v -0.25933900 -0.34722921 0.72728348
v -0.26731881 -0.34166142 0.64287865
v -0.26832917 -0.35498428 0.64114380
v -0.26756170 -0.32289571 0.64057636
v -0.26561061 -0.33984733 0.69019806
v 0.26778919 0.85615283 0.17187354
v 0.22929555 0.85839605 0.19910023
v 0.32415575 0.83791786 0.17457965
v 0.30149320 0.84540457 0.14516619
v 0.37338555 0.81260705 0.17761078
v 0.17479393 0.29628345 -0.21994019
v 0.22924697 0.29268068 -0.19389921
v 0.15781179 0.26320723 -0.19566265
v 0.22039708 0.25800624 -0.16594490
v 0.14621802 0.23165575 -0.16764283
v 0.29284191 0.24703881 -0.13517880
v 0.29103845 0.28513849 -0.16571072
v 0.19664127 0.33176991 -0.23962277
v 0.24369191 0.32979509 -0.21451351
v 0.10452914 0.26535949 -0.21795130
v 0.48137289 -0.06946865 0.10690188
v 0.50852299 -0.10289924 0.10426389
v 0.48615611 -0.06759351 0.09786331
v 0.45545843 -0.03150805 0.11717982
v 0.46529001 -0.02821953 0.11404157
v 0.44612408 -0.03969648 0.11707878
v 0.47634017 -0.07573135 0.11208783
v 0.50588763 -0.10846904 0.11415436
v 0.12736298 -0.06740996 -0.21252513
v 0.07234575 -0.07225455 -0.20855838
v 0.11509950 -0.04842066 -0.20185235
v 0.01941742 -0.08177258 -0.19747141
v -0.02815774 -0.09194960 -0.18263683
v -0.01717803 -0.10956125 -0.17331985
v -0.03754985 0.36249503 0.55611920
v -0.06000623 0.31362462 0.53439856
v -0.02097461 0.33781996 0.54518986
v -0.07713854 0.33740091 0.54518998
v -0.09247154 0.28822681 0.51722789
v -0.11261356 0.31122556 0.52876711
v -0.09097803 0.36381906 0.55250716
v 0.37749076 0.56706089 -0.20401183
v 0.38301739 0.53070879 -0.19937274
v 0.34666479 0.53115904 -0.23491481
v 0.33902508 0.56796491 -0.23579884
v 0.29552051 0.56894791 -0.25713241
v 0.65526998 0.37742594 0.03657276
v 0.67160714 0.39438686 0.08424518
v 0.63024789 0.38203138 0.03791909
v 0.68503809 0.39569420 0.12698534
v 0.66557771 0.39750591 0.14278443
v 0.64926660 0.39894828 0.08935362
v 0.15856951 0.49645516 -0.28153226
v 0.21267051 0.49535587 -0.28240991
v 0.15803602 0.45625895 -0.28535947
v 0.20732215 0.53401470 -0.27682757
v 0.25842291 0.53327584 -0.27386269
v 0.10232176 0.45788494 -0.28289306
v 0.09588540 0.41830480 -0.28339276
v 0.19799343 0.41243431 -0.27938536
v 0.14925030 0.41535881 -0.28413546
v 0.20987177 0.45414543 -0.28319326
v 0.25633377 0.45231381 -0.27239522
v 0.26204440 0.49384925 -0.27548274
v 0.47731584 -0.06417082 0.06307100
v 0.48602796 -0.06770858 0.08232894
v 0.47164446 -0.01421030 0.08115177
v 0.46110094 -0.04888379 0.05021436
v 0.47321233 0.01042595 0.08014721
v 0.48531097 -0.09446077 0.03967486
v 0.50407523 -0.10021448 0.06587634
v -0.05454591 -0.20747103 0.05677117
v -0.03636771 -0.20935230 0.04718844
v -0.04417440 -0.20252830 0.07248719
v -0.08233204 -0.21104908 0.04270477
v -0.06577447 -0.21076879 0.03584407
v -0.06990692 -0.20691915 0.06568054
v -0.04674163 -0.21138777 0.02823573
v -0.00262025 -0.21466877 0.04639103
v -0.02523866 -0.20657934 0.06075732
v -0.01369452 -0.21488859 0.03407779
v -0.09801045 -0.21055274 0.01561547
v -0.07855570 -0.21040481 0.01001768
v 0.19333151 -0.19690086 -0.27440196
v 0.19505177 -0.15782999 -0.26688567
v 0.19359779 -0.12283616 -0.25094360
v 0.37982979 0.30077684 0.39133450
v 0.38272625 0.33086869 0.40647769
v 0.34667069 0.28317267 0.40642092
v 0.41853034 0.35126185 0.38771701
v 0.33771291 0.34303096 0.44059968
v 0.34522241 0.31031254 0.42302877
v 0.38121238 0.36484221 0.42328632
v 0.42021304 0.38520989 0.40187535
v 0.40894997 -0.02789661 0.04339869
v 0.36295944 0.00659561 0.08094695
v 0.41054142 0.03345651 0.09047532
v 0.40144688 -0.05740012 0.02096427
v 0.44575953 -0.09494649 0.00104126
v 0.44437766 -0.01646521 0.05588622
v 0.44373450 0.02495710 0.07748318
v 0.44899988 0.09157595 0.12657647
v 0.47892860 0.08398204 0.10980614
v 0.42910421 0.10719006 0.15138605
v 0.38175124 0.05787770 0.12441301
v 0.36383706 0.08216429 0.15756747
v 0.33213985 0.04037195 0.12551011
v 1.33389568 0.17212220 0.26197043
v 1.33380365 0.17691876 0.21667483
v 1.40463579 0.17642514 0.28136843
v 1.45727742 0.18890825 0.30126262
v 1.43254554 0.19426456 0.33783394
v 1.25023115 0.17154114 0.24161986
v 1.31326973 0.19699278 0.17115587
v 0.53109026 0.48377642 0.07029712
v 0.54271495 0.45796248 0.06326932
v 0.56134820 0.46449053 0.10081501
v 0.54899466 0.48769453 0.10558721
v 0.48761475 0.53561527 0.00846536
v 0.49549854 0.47178161 0.00422899
v 0.49099326 0.50435287 0.00793620
v 0.51303470 0.47835153 0.03693736
v 0.74525422 0.35876986 0.01940581
v 0.75718784 0.33879521 0.00106478
v 0.72075933 0.36029583 0.01798595
v 0.77976489 0.31750634 -0.00802623
v 0.73227537 0.33772844 -0.00054589
v 0.73468411 0.30747169 -0.01233663
v 0.71586013 0.33494022 -0.00177187
v 0.75417888 0.31318158 -0.00997798
v 0.80934477 0.29726651 -0.00798072
v -0.46118090 0.22608086 0.32564038
v -0.48337981 0.19959716 0.27841693
v -0.46494833 0.13024209 0.23315713
v -0.44181827 0.16095625 0.28919822
v -0.48215052 0.14639957 0.23012358
v -0.50052989 0.22768864 0.26255608
v -0.41188464 0.18553165 0.33448946
v -0.46324298 0.17763321 0.28677642
v 0.75042737 -0.62591493 0.16029313
v 0.73671126 -0.60095471 0.16571692
v 0.74060273 -0.55223656 0.18821132
v 0.71919566 -0.57075030 0.17158553
v 0.76160634 -0.64497715 0.15654793
v 0.78746510 -0.63047284 0.17955577
v 0.72978032 -0.63483191 0.13594520
v 0.71596694 -0.61183351 0.14372899
v 0.58405811 -0.53040159 0.13273226
v 0.60797644 -0.51683831 0.15573311
v 0.56265855 -0.50798982 0.14086582
v 0.56728482 -0.46912488 0.17274328
v 0.58653450 -0.49303386 0.16389775
v 0.63168478 -0.50042731 0.17547563
v -0.17909348 0.56941205 -0.21329728
v -0.14658380 0.56512541 -0.23029992
v -0.18433467 0.53631598 -0.22756857
v -0.21861428 0.53943723 -0.20352164
v -0.12931219 0.49366254 -0.26692042
v -0.15990043 0.49758336 -0.25602636
v -0.12222779 0.52832675 -0.25630122
v -0.15144745 0.53180021 -0.24498287
v -0.19438660 0.50251967 -0.23833045
v -0.11736715 0.56162846 -0.24206531
v 0.39664143 -0.19815622 0.18731612
v 0.43093711 -0.23607162 0.20084870
v 0.40429902 -0.19099692 0.18662328
v 0.35154492 -0.16743119 0.17612737
v 0.39133269 -0.20483278 0.18782413
v 0.35288081 -0.15683287 0.17233148
v 0.42172593 -0.24022084 0.19869021
v 0.41038978 -0.24497777 0.19687650
v 0.35707128 -0.14773680 0.16859470
v 0.30122635 -0.11647120 0.15952167
v -0.34582415 -0.03830614 0.40619770
v 0.55175048 0.20538729 0.23460723
v 0.54414845 0.21731910 0.24618283
v 0.51020330 0.19229540 0.24666214
v 0.48486495 0.21767877 0.27745864
v 0.50061423 0.20534270 0.26182002
v 0.52915603 0.22858910 0.25936964
v 0.58404911 0.23264953 0.23460349
v 0.51113164 0.17449374 0.23052740
v 0.46756905 0.18098022 0.26009190
v -0.51028550 -0.12357366 0.21440938
v -0.51112103 -0.16954963 0.19482134
v -0.51901960 -0.12420388 0.23430419
v -0.49945721 -0.17052752 0.17706674
v -0.48897848 -0.07028069 0.22851986
v -0.50413215 -0.12046239 0.19765389
v -0.49237946 -0.07655393 0.24346423
v -0.49919698 -0.08302057 0.26228654
v -0.52821815 -0.12377256 0.26148251
v -0.50777268 -0.08869520 0.28838974
v -0.53656816 -0.16080259 0.24483946
v -0.52355742 -0.16632637 0.21688904
v -0.49633494 -0.21055579 0.18942466
v -0.17326522 0.75657380 0.25117534
v -0.15581208 0.76063681 0.26593125
v -0.15410435 0.77200556 0.23374826
v -0.12289053 0.76694959 0.28947917
v -0.09317198 0.78601211 0.27650899
v -0.13518608 0.77332032 0.25823516
v -0.15697408 0.75040543 0.29023877
v -0.18674919 0.73930097 0.27780801
v -0.01394296 0.26302898 0.50076270
v -0.03866094 0.28958288 0.51959813
v 0.04209623 0.33557957 0.53551984
v 0.08671680 0.35989892 0.53305155
v 0.93141818 0.37570164 0.14517550
v 0.90284061 0.37421465 0.15251969
v 1.02188408 0.37734300 0.17611778
v 0.96942496 0.37449181 0.13553755
v 0.81525362 0.37632373 0.08883319
v 0.85394692 0.37704346 0.12241133
v 0.88464701 0.37451729 0.10852480
v 0.79621291 0.37925103 0.10957655
v 0.83635652 0.37556180 0.13710830
v 0.76551354 0.37911901 0.07796843
v 0.85394299 0.36766955 0.07195023
v 0.93360138 0.36677724 0.09671344
v 0.52444589 0.08065335 0.11751712
v 0.48652712 0.04760222 0.09154426
v 0.56397510 0.11966406 0.12783889
v 0.52143943 0.09576487 0.11133478
v 0.57732010 0.14369263 0.12910019
v 0.61718404 0.15940863 0.13931139
v 0.55763292 0.12025604 0.14878444
v 0.59993649 0.15117055 0.15228686
v 0.65113139 0.18298282 0.15808195
v 0.50279462 0.67927641 0.21536419
v 0.49739501 0.68560278 0.18069600
v 0.46975636 0.72177029 0.25319171
v 0.49974036 0.67297781 0.25035495
v 0.48523670 0.69997686 0.25273108
v 0.48612791 0.69229859 0.14732240
v -0.23916203 -0.35537016 0.78302729
v -0.24791250 -0.37799612 0.77061713
v -0.24949595 -0.35024095 0.75595224
v -0.26411852 -0.38885689 0.73837769
v -0.26225641 -0.39930487 0.75397778
v -0.26214948 -0.41567594 0.77602243
v 0.21955827 0.85562152 0.10919218
v 0.18622357 0.86153156 0.13528572
v 0.24428517 0.85877657 0.14100236
v 0.20837893 0.86372882 0.16790867
v 0.27653795 0.84723127 0.11459123
v 0.31610149 0.06417565 0.15464807
v 0.31039008 0.07670999 0.16468997
v 0.36033875 0.09947605 0.17327039
v 0.36195254 0.10434967 0.16788349
v 0.36543575 0.10426816 0.15041959
v 0.31047779 0.07905573 0.15932365
v 0.60965770 -0.29311854 0.20167677
v 0.59679353 -0.25982511 0.19215013
v 0.65259230 -0.29574871 0.19336626
v 0.66234577 -0.28011590 0.17988975
v 0.62340033 -0.27588320 0.19129559
v 0.60587084 -0.24448913 0.18083704
v 0.57569849 -0.24860334 0.19665410
v 0.58491361 -0.23179743 0.18498832
v 1.11625862 0.38341811 0.21075568
v 1.23031509 0.38360688 0.29368132
v 1.17821145 0.38595200 0.25520039
v 1.06138813 0.37766331 0.16671236
v 0.20686440 -0.35647827 -0.11325543
v 0.17504886 -0.33989593 -0.09442776
v 0.20008001 -0.34475750 -0.15497917
v 0.16899675 -0.32940063 -0.13066107
v 0.13969579 -0.31018418 -0.10103369
v 0.16642459 -0.31506070 -0.16642976
v 0.23523015 -0.35707992 -0.17255110
v 0.21819377 -0.36506808 -0.07211414
v 0.18720630 -0.34809384 -0.05889206
v 0.19565096 -0.32819253 -0.19488829
v 0.22993466 -0.33829755 -0.21414563
v -0.16707560 -0.16663101 0.29128045
v -0.22343069 -0.21715450 0.38274667
v -0.19631994 -0.18954641 0.33059752
v -0.19731730 -0.19729865 0.32335410
v -0.17020461 -0.17701438 0.28527403
v 0.75509512 -0.32897756 0.17410624
v 0.75921416 -0.31076604 0.15147042
v 0.73806036 -0.31471193 0.17280787
v 0.78064382 -0.32805878 0.14996368
v 0.74815571 -0.34965906 0.19257598
v 0.73114932 -0.33439413 0.19158091
v 0.71952480 -0.30047995 0.16946936
v 0.71322846 -0.31833693 0.18798888
v 0.74133015 -0.29716015 0.15007922
v 0.74162519 -0.28259245 0.12442420
v 0.72176886 -0.28459242 0.14831193
v 0.76040816 -0.29593000 0.12472969
v -0.28023252 -0.41996077 0.73258781
v -0.28596833 -0.43765426 0.75069392
v -0.29922202 -0.44157481 0.70677435
v -0.31256065 -0.45954305 0.72339618
v -0.27587268 -0.40707672 0.72154808
v 0.27513120 0.35773069 0.47327155
v 0.22802724 0.43502054 0.50350565
v 0.17863166 0.41048181 0.51650608
v 0.25241587 0.39640507 0.49049053
v 0.28062159 0.45679146 0.48564956
v 0.25782439 0.49334231 0.49291521
v 0.20479974 0.47168514 0.51085401
v 0.13248140 0.71994507 0.44150925
v 0.10031056 0.68395162 0.47117040
v 0.14997716 0.69656664 0.45591870
v 0.08566813 0.70642567 0.45515209
v 0.03720011 0.68892330 0.46674398
v 0.42694640 -0.19394095 -0.19817045
v 0.39729425 -0.18377526 -0.21087068
v 0.32533225 -0.10061042 -0.16541660
v 0.34216431 -0.13111277 -0.20175821
v 0.30453414 -0.11671114 -0.21311423
v -0.12864196 0.33688641 0.53666437
v -0.14241269 0.36746383 0.54106033
v -0.18170434 0.33716246 0.51894879
v -0.19901815 0.37059367 0.51974952
v -0.11782601 0.43186125 0.55730069
v -0.10409674 0.39503312 0.55748248
v -0.05128852 0.38996068 0.56250829
v 0.19265601 -0.30445877 -0.22930235
v 0.16504155 -0.29431099 -0.19906741
v 0.19127783 -0.27352309 -0.25551954
v 0.16281912 -0.23125774 -0.24320462
v 0.19176435 -0.23662418 -0.27096018
v 0.16405395 -0.26609772 -0.22559240
v 0.13622332 -0.25584698 -0.18739796
v 0.13819894 -0.28057146 -0.16134435
v 0.22548628 -0.31252787 -0.24855644
v 0.07785232 0.81530261 -0.00973518
v 0.07042773 0.82584131 0.03325687
v 0.05845933 0.83294857 0.08438565
v 0.03804058 0.82474297 0.05495945
v 0.01629847 0.81698209 0.02826083
v 0.02384545 0.82912165 0.10849170
v 0.00316787 0.82219219 0.07864429
v -0.01866883 0.81532288 0.05068820
v 0.26584843 -0.32051811 -0.25645539
v 0.31489170 -0.35857540 -0.22880518
v 0.27041450 -0.34786054 -0.22463077
v 0.31176642 -0.33030245 -0.25644302
v 0.35827956 -0.30828056 -0.26203710
v 0.94716632 0.17302684 0.19223912
v 0.93021834 0.19775213 0.22281370
v 0.90589488 0.17919350 0.17155224
v 0.86509871 0.20623377 0.18413360
v 0.86911309 0.19188350 0.15556729
v 0.89437377 0.19908109 0.20183817
v 0.87718391 0.22650151 0.22002789
v 0.95681417 0.16139959 0.15126848
v 1.00039983 0.17422506 0.21536030
v 0.97952414 0.20266101 0.24465883
v 0.91187441 0.17099260 0.13261861
v 0.51442295 0.14145349 0.14332262
v 0.54070264 0.13792388 0.13140485
v 0.61630583 0.17837401 0.13789429
v -0.05846038 -0.11845569 -0.15580589
v -0.10475716 -0.10249963 -0.15718836
v -0.06910887 -0.09879990 -0.16796166
v 1.26452458 0.39887336 0.28325921
v 1.20624506 0.39290649 0.24393615
v 1.26564002 0.40240008 0.24898313
v 1.20598865 0.38982430 0.21231136
v 1.14806557 0.38387522 0.19715697
v 1.31610703 0.40175405 0.27846065
v 0.19774073 0.70822251 0.44055077
v 0.17719999 0.73336363 0.42743939
v 0.09756486 0.53245312 -0.26747191
v 0.15288639 0.53381187 -0.27320644
v 0.10209401 0.49665028 -0.27740407
v 0.04721335 0.49559990 -0.27363303
v 0.14441510 0.56680405 -0.26145631
v 0.48782861 -0.52881140 -0.03502606
v 0.50999862 -0.53912884 -0.07968451
v 0.53516126 -0.55141133 -0.09335123
v 0.46187246 -0.51152289 -0.02286723
v -0.00223944 0.76002502 0.38742802
v 0.03501821 0.78094590 0.37348181
v -0.01463860 0.77569473 0.36016732
v -0.02904439 0.78929585 0.32938597
v 0.01999834 0.79655129 0.34478903
v 0.05074765 0.81353807 0.32583660
v -0.07634395 0.34448665 -0.27791291
v -0.03370261 0.34699330 -0.27318594
v -0.09178677 0.30804846 -0.27539870
v -0.01911995 0.38335690 -0.27881718
v -0.00771847 0.31038859 -0.26039946
v -0.05127516 0.31138819 -0.26661581
v 0.01312862 0.34610626 -0.27119923
v 0.06127745 0.34211659 -0.26861170
v 0.03019464 0.38260239 -0.27830660
v -0.48687258 -0.06168645 0.20110837
v -0.49599150 -0.11332054 0.16733079
v -0.48788634 -0.06592089 0.21552524
v -0.48961893 -0.16863637 0.16041832
v -0.47998324 -0.16545133 0.14435863
v -0.49990770 -0.11694749 0.18261842
v -0.45448402 -0.02249964 0.25285140
v -0.45478162 -0.02757985 0.26406237
v 0.53918934 0.51200396 0.10996044
v 0.55763346 0.43297797 0.05499371
v 0.57657361 0.44263658 0.09580218
v 0.59173000 0.44611928 0.13786528
v 0.76121616 0.28175357 -0.01306534
v 0.78373981 0.29004273 -0.01053646
v 0.79119575 0.26107922 -0.00699368
v -0.50020146 0.16903400 0.22112316
v -0.18027568 -0.20461796 0.24776334
v -0.19906330 -0.21763858 0.27475366
v -0.17772248 -0.20645455 0.23202458
v -0.20019335 -0.21348736 0.29456329
v -0.22044089 -0.23481748 0.32955575
v -0.17914766 -0.19857608 0.26287946
v 0.91995692 0.27902105 0.25286108
v 0.87973166 0.26588088 0.23948196
v 0.90719593 0.23083195 0.23871830
v 1.01231837 0.25050935 0.27448028
v 0.97742903 0.29120073 0.26640886
v 0.95163846 0.23990248 0.25745183
v 0.85442555 0.25635728 0.22544928
v -0.14332968 0.59773296 -0.21314043
v -0.21306130 0.57340175 -0.19107556
v -0.26637688 -0.43536037 0.80937767
v -0.29340914 -0.45738181 0.78203154
v -0.27671930 -0.44800141 0.83828604
v -0.30365971 -0.47081324 0.82390380
v -0.32643977 -0.47853234 0.75605273
v -0.24359334 -0.39235154 0.79839969
v -0.27485767 -0.39488837 0.66392410
v -0.31816688 -0.43827465 0.51707637
v 0.51303816 0.64216262 0.24689309
v 0.52474797 0.60960621 0.24224821
v 0.51623273 0.64850992 0.21074954
v 0.52727222 0.61637181 0.20555419
v 0.53514957 0.57745486 0.23731557
v 0.50979513 0.65441662 0.17526366
v 0.33972031 0.79854429 0.02075724
v 0.31032470 0.81562173 0.03836698
v 0.36458558 0.79931504 0.05201424
v 0.31296110 0.79481888 -0.00981092
v 0.28329116 0.81096333 0.00830790
v 0.25604656 0.80479091 -0.01963955
v 0.22722343 0.81827950 0.00061433
v 0.28028095 0.83055091 0.05932792
v 0.25351202 0.82519883 0.02899922
v 0.36627325 0.77662194 0.00531515
v 0.38995576 0.77667558 0.03762568
v 0.00378054 -0.17751651 0.12013853
v 0.03940529 -0.19023314 0.10972310
v 0.01556842 -0.16699544 0.13158460
v -0.02028549 -0.16081356 0.14052032
v -0.03006464 -0.17147353 0.13113374
v -0.00920239 -0.18545629 0.10780239
v 0.06583923 -0.16918387 0.13578610
v 0.02556022 -0.15619333 0.14021966
v 0.05414024 -0.18001255 0.12420618
v 1.33139348 0.38646954 0.18673880
v 1.32881045 0.36124697 0.16151868
v 1.37565386 0.37107617 0.18843162
v -0.36368832 0.56115687 0.18755627
v -0.37510976 0.53668606 0.15511493
v -0.38378385 0.52710754 0.21206695
v -0.39759681 0.50341111 0.17725892
v -0.40602407 0.49086830 0.23967429
v -0.38609985 0.51435739 0.27500030
v -0.36745885 0.54962444 0.24605055
v -0.34777233 0.57135773 0.27873582
v -0.42202041 0.46744817 0.20258737
v -0.44433704 0.42889702 0.23251705
v -0.20854092 0.73257703 0.25760835
v -0.19346648 0.75151241 0.23247510
v -0.22955304 0.72412652 0.23797171
v -0.07598954 0.19097611 0.43851429
v -0.04150403 0.23881297 0.48443595
v -0.06071514 0.21401040 0.46307087
v -0.01420024 0.21165547 0.46133712
v -0.09096709 0.23822497 0.48179224
v -0.10934341 0.21288066 0.45639738
v 0.17306811 0.16065295 0.37435305
v 0.22535264 0.16713741 0.36005467
v 0.26659808 0.18830234 0.36244005
v 0.27628690 0.16755037 0.33925301
v 0.18990862 0.12238851 0.32883227
v 0.23478830 0.14598830 0.33525038
v 0.19752073 0.07348250 0.00246505
v 0.23660479 0.06596576 0.06560711
v 0.20149767 0.04377213 -0.00241889
v 0.19791812 0.10399729 -0.00601894
v 0.24645136 0.09489732 0.05648132
v 0.14328790 0.10483843 -0.07575741
v 0.20084900 0.13449450 -0.02701323
v 0.15026124 0.07339726 -0.07057570
v -0.08547461 0.08781862 -0.24172741
v -0.12737831 0.12764464 -0.26660863
v -0.11956820 0.09500359 -0.25554273
v 0.71434939 -0.25213781 -0.00768539
v 0.70297408 -0.24235138 0.03094498
v 0.69307673 -0.23784015 0.00761116
v 0.68186820 -0.22987938 0.04749481
v 0.70930493 -0.24764013 0.05441163
v -0.23779649 -0.19900325 0.43674591
v -0.21106964 -0.16283394 0.37538651
v -0.25663021 -0.25988135 0.51261282
v -0.24116036 -0.22167471 0.44607008
v -0.25549671 -0.23643830 0.50434029
v -0.26566604 -0.27162322 0.57170379
v -0.26679340 -0.24642354 0.55707592
v 0.58610862 0.34182236 0.26032522
v 0.13881911 0.13707063 -0.08965798
v 0.07623304 0.16684294 -0.15701416
v 0.09967829 0.06562313 -0.13401893
v 0.24199769 -0.36975852 -0.12690637
v 0.27501595 -0.36814749 -0.18411952
v 0.25160512 -0.37928808 -0.08223557
v -0.38368884 0.17093129 0.33254611
v -0.34368458 0.18908434 0.36745325
v -0.30947247 0.17407078 0.36407411
v -0.26741073 0.18863852 0.39312807
v -0.19294953 -0.08251770 0.35832375
v -0.15370587 -0.04523624 0.32468772
v -0.10422835 0.01159993 0.31350511
v 0.60946107 -0.19289024 -0.04742014
v 0.63467908 -0.20050575 -0.00975530
v 0.63532549 -0.20991011 -0.03952537
v 0.67236269 -0.22315219 0.02038461
v 0.65676427 -0.21657565 -0.00886652
v 0.65182853 -0.20860077 0.02765606
v 0.61158741 -0.18552159 -0.01665020
v 0.63178498 -0.19372287 0.02799552
v 0.58166981 -0.17754067 -0.05847855
v 0.57846087 -0.18652722 -0.08271036
v 0.60893941 -0.20434344 -0.07109469
v 0.50900555 -0.26774755 0.21866128
v 0.48714685 -0.24905074 0.21471176
v 0.49148551 -0.28107789 0.21829759
v 0.47050220 -0.26034245 0.21355250
v 0.44217891 -0.22995487 0.20288727
v 0.45673454 -0.26683250 0.21011007
v 0.47657323 -0.28938061 0.21493758
v 0.52681339 -0.27848002 0.21680510
v 0.50950897 -0.29383123 0.21777096
v 0.65265417 -0.39495155 0.21663561
v 0.67111373 -0.37600672 0.21706052
v 0.62956387 -0.37183249 0.21550629
v 0.64805520 -0.35358363 0.21413755
v 0.61076331 -0.38995475 0.21307108
v 0.66541952 -0.33525538 0.20837735
v -0.13096887 0.16274497 -0.27335960
v -0.15951723 0.12677243 -0.27913842
v -0.00648072 0.80853903 0.00279823
v 0.02551395 0.80761528 -0.01449491
v -0.02883062 0.79783642 -0.02314438
v -0.04101166 0.80833948 0.02306670
v 0.04865141 0.81713992 0.00839534
v -0.05485776 0.81272149 0.07550828
v 0.04162252 0.42031571 -0.28177398
v 0.04691173 0.45844439 -0.28018129
v -0.00901651 0.42051527 -0.28129703
v -0.36862716 -0.33606213 0.30738676
v -0.38988408 -0.31280705 0.27297312
v -0.32906452 -0.30434063 0.27886075
v -0.31322166 -0.31978810 0.31545061
v -0.38334176 -0.39948428 0.38085285
v -0.40529731 -0.36898664 0.34153420
v -0.34965786 -0.35944372 0.34610385
v -0.37707648 -0.27821925 0.21803656
v -0.34980944 -0.29047528 0.24674582
v -0.41448399 -0.29087588 0.24253008
v -0.31001219 -0.27062604 0.22687496
v -0.28968629 -0.27637318 0.25666988
v 0.98609543 -0.48552462 0.10960332
v 0.98711395 -0.47596523 0.07266261
v 0.96685851 -0.47019097 0.11001692
v 0.94822001 -0.44441548 0.07964431
v 0.94688535 -0.45407662 0.11106461
v 0.96852863 -0.46092853 0.07581521
v 0.95980203 -0.48461327 0.14274099
v 0.94047868 -0.46865818 0.14145221
v 0.98345578 -0.47003540 0.03579896
v -0.26804897 -0.31854355 0.68503881
v -0.26946995 -0.30018830 0.63382256
v -0.27333727 -0.29594448 0.67559159
v -0.27319095 -0.27581054 0.62097681
v -0.27711108 -0.25194970 0.60344672
v -0.28050706 -0.27375609 0.66226721
v -0.26128379 -0.32678589 0.72510052
v -0.26733980 -0.30564991 0.71994388
v 0.69595385 -0.28442183 0.16651523
v 0.69024950 -0.30004176 0.18324813
v 0.44892979 -0.15473230 0.16858459
v 0.40000784 -0.11674128 0.14848505
v 0.43281999 -0.16991720 0.17957190
v 0.34797350 -0.07838780 0.13302371
v 0.38270366 -0.12892680 0.15790261
v 0.41670656 -0.18203567 0.18502378
v 0.31278282 -0.09620634 0.14735812
v 0.36731684 -0.13904579 0.16464090
v 0.32885092 -0.08800189 0.14029081
v 0.30354822 -0.10517068 0.15335719
v -0.60214674 -0.35254669 0.58536363
v -0.59508514 -0.39471114 0.59702277
v -0.59036434 -0.27888834 0.48791406
v -0.58875155 -0.32842043 0.49651816
v -0.60100782 -0.30864733 0.58180755
v -0.27463445 0.02188694 -0.21796295
v -0.26650032 -0.00336170 -0.19635692
v -0.22414482 0.00667198 -0.21436292
v -0.25588545 -0.02872239 -0.17654458
v -0.29347417 -0.03520947 -0.15328234
v -0.31943932 0.01314041 -0.19211233
v -0.30658916 -0.01186595 -0.17087540
v -0.21556306 -0.02046999 -0.19340408
v 0.03236283 -0.21546033 0.06721841
v 0.02419165 -0.22788903 0.02861555
v 0.05398762 -0.24677542 0.00687905
v 0.01257624 -0.21508379 0.05628744
v -0.01173192 -0.20379715 0.07153773
v 0.00441958 -0.20089568 0.08231842
v 0.05457141 -0.21449387 0.08141339
v 0.02207240 -0.19718628 0.09491532
v 0.05481380 0.80564624 -0.02999085
v 0.03124443 0.79377675 -0.05040663
v 0.00221688 0.79572773 -0.03757691
v -0.04915169 0.78328514 -0.05013482
v 0.00972185 0.77942002 -0.07281290
v -0.01903930 0.78148258 -0.06234001
v 0.08197427 0.80167234 -0.04525803
v 0.05963257 0.79069352 -0.06274292
v 0.51391780 0.60232306 0.27813143
v 0.52522141 0.56924307 0.27375424
v 0.53555036 0.53859365 0.26950258
v 0.57437575 -0.17740938 0.14212658
v 0.55512393 -0.15841728 0.13268948
v 0.57215017 -0.18448626 0.15226468
v 0.59820580 -0.18815915 0.13230795
v 0.57852852 -0.17181498 0.12620744
v 0.59312326 -0.19428642 0.14724134
v 0.55776501 -0.15307714 0.11690570
v 0.55888832 -0.14897093 0.09180900
v 0.61188388 -0.21618232 0.15432325
v 0.58998346 -0.20079063 0.15565249
v 0.67484486 0.21043342 0.17867398
v 0.60723746 0.19589548 0.19845468
v 0.58560795 0.16072176 0.17738168
v 0.64614856 0.21685222 0.19649330
v 0.68651426 0.23693003 0.19508642
v 0.62753618 0.18557458 0.17707253
v 0.61266124 -0.43257537 0.20315129
v 0.63323289 -0.41372612 0.21183020
v 0.59153426 -0.40803808 0.20690672
v 0.65398163 -0.43745071 0.20914268
v 0.67318439 -0.41755760 0.21599674
v 0.69311631 -0.44041342 0.21284916
v 0.63321286 -0.45659974 0.19756368
v 0.67451364 -0.46163341 0.20420176
v -0.27932057 0.11360335 0.33142054
v -0.34550563 0.09065661 0.29645699
v -0.26090851 0.09298250 0.33254331
v 0.19924408 0.82994956 0.02286492
v 0.22944644 0.79781544 -0.04443504
v 0.20182502 0.81085235 -0.02462295
v -0.42860171 -0.01573296 -0.02013335
v -0.39112076 -0.03545038 -0.06193614
v -0.42488340 -0.02721378 -0.01915130
v -0.38293085 -0.04761430 -0.05996861
v -0.35063878 -0.04793839 -0.09268294
v -0.40126511 -0.02012356 -0.06601618
v -0.36370060 -0.03113658 -0.09920742
v 0.74435246 -0.69766212 0.01898922
v 0.71553367 -0.46285328 -0.23406279
v 0.67856598 -0.46803930 -0.24044767
v 0.69436371 -0.48441759 -0.24167171
v 0.73459119 -0.44096175 -0.22122598
v 0.67360085 -0.50485253 -0.24429253
v 0.65651524 -0.49141750 -0.24324000
v 0.73733473 -0.69663376 -0.04441372
v 0.74156618 -0.69762397 -0.01371512
v 0.50017393 -0.36008778 -0.25195459
v 0.47012502 -0.34379014 -0.24922684
v 0.51167750 -0.32255775 -0.23666960
v 0.53322613 -0.38244960 -0.25389683
v 0.54781479 -0.34546775 -0.24004468
v 0.52457464 -0.28845394 -0.21343791
v 0.56444079 -0.31217325 -0.21645415
v 0.44487965 -0.29499850 -0.23712850
v 0.47850424 -0.30660215 -0.23501042
v 0.43919319 -0.33121574 -0.24849132
v 0.48850733 -0.27137572 -0.21338922
v -0.11022657 0.45489267 -0.27862462
v -0.08046976 0.45453966 -0.27964288
v -0.12186658 0.41649732 -0.28291711
v -0.10102642 0.37836742 -0.28389698
v -0.08924881 0.41692162 -0.28289276
v -0.11526898 0.33949128 -0.28417689
v -0.15393570 0.33520767 -0.29031482
v -0.05271277 0.41881335 -0.28154409
v 0.10830162 0.79511034 -0.06173860
v 0.12979338 0.80450791 -0.04564011
v 0.13383333 0.78572363 -0.07951432
v 0.10432918 0.81127411 -0.02762772
v 0.15177049 0.81314296 -0.02640113
v 0.17785609 0.80341345 -0.04607701
v 0.09451391 -0.21600166 -0.16616696
v 0.05367100 -0.20806555 -0.12824365
v 0.01227137 -0.20173150 -0.09716481
v -0.12793180 0.19941956 -0.27391687
v -0.11933461 0.23580338 -0.27258229
v -0.15411353 0.22672080 -0.28661582
v -0.10689992 0.27191946 -0.27358481
v -0.08433071 0.23975353 -0.25837275
v 0.47416887 0.53425795 -0.02984110
v -0.24094951 -0.26205572 0.39709887
v -0.25806621 -0.30061030 0.44472632
v -0.24032688 -0.26426470 0.36784136
v -0.26015726 -0.30250326 0.40802351
v -0.27308622 -0.34564531 0.49123269
v 0.82317936 0.20055102 0.11989918
v 0.82877243 0.20511915 0.14647746
v 0.76460612 0.20786238 0.12546651
v 0.81941676 0.20186354 0.09364789
v 0.75521779 0.20815480 0.10855013
v 0.87022460 0.18599346 0.12161463
v 0.83355319 0.21527137 0.17081869
v 0.91419375 0.17370589 0.09193085
v 0.87067842 0.18803497 0.08734378
v 0.17500891 0.82156110 -0.00364073
v -0.26377496 0.73529208 0.10999515
v -0.29329249 0.68910581 0.16612652
v -0.27996674 0.71308130 0.13731499
v -0.31259409 0.67288679 0.13730925
v -0.29966286 0.69868153 0.10721532
v -0.22179580 0.76373380 0.11622277
v -0.28395692 0.72356439 0.07792277
v -0.32656118 -0.17292868 0.01931694
v -0.27721426 -0.19868715 0.03771328
v -0.30693588 -0.22007567 0.10039340
v -0.26810887 -0.21547052 0.08218780
v -0.15538323 -0.19838543 0.19711192
v -0.13642991 -0.19290014 0.17694736
v -0.15963998 -0.19733341 0.21016316
v -0.16082397 -0.19470592 0.22248501
v -0.31067392 -0.10799226 0.49084744
v -0.31803575 -0.16315781 0.57658762
v -0.33568874 -0.08431503 0.47545621
v -0.33396521 -0.13842811 0.56005359
v -0.24288899 0.75509524 0.08357204
v -0.21690276 0.77117735 0.05746575
v -0.26151881 0.74465191 0.04945544
v -0.24659738 0.74878299 -0.01178221
v -0.27598390 0.73128903 0.01656880
v -0.23413000 0.76202679 0.02192396
v -0.19698802 0.77884930 0.09176964
v 0.07763568 0.84224480 0.11681746
v 0.11114250 0.84516686 0.09304371
v 0.13089077 0.85438412 0.12680955
v 0.37982655 0.59240043 0.42830905
v 0.23736577 0.52701688 0.49475953
v 0.78261983 -0.56898737 -0.25862291
v 0.77692723 -0.59255552 -0.25724390
v 0.78954601 -0.54628819 -0.25583860
v -0.54299951 0.33580735 0.04752488
v -0.51344585 0.35869583 0.10117280
v -0.51701045 0.37359899 0.03320296
v -0.48095617 0.40646902 0.02506839
v -0.48633400 0.39598823 0.08152160
v -0.51059198 0.38662621 -0.02360362
v -0.48608497 0.38211295 0.14905186
v -0.26487347 -0.29523605 0.57972133
v -0.46874902 -0.14533798 0.61048496
v -0.49868199 -0.14629687 0.58081859
v -0.48191234 -0.18101788 0.70202339
v -0.53537476 -0.19323555 0.65441906
v -0.50943291 -0.18384968 0.68005478
v -0.52773094 -0.15344024 0.55033249
v -0.45488605 -0.18211737 0.71981966
v 0.50774699 0.62705326 0.13378501
v 0.52035290 0.62216479 0.16928750
v 0.32232115 0.05658081 0.19286324
v 0.34007180 0.02739105 0.15905440
v 0.34892067 0.07512622 0.20302549
v 0.38440272 0.06377447 0.17841586
v 0.37499285 0.09310178 0.21154550
v 0.36234397 0.04559837 0.16882181
v 0.36792505 0.12030339 0.24678895
v 0.40883839 0.08033086 0.18630672
v 0.40336937 0.10982926 0.21694800
v 0.39861262 0.13575235 0.24887463
v 0.55673647 0.39119762 0.00418133
v 0.53444481 0.36730942 -0.03563784
v 0.60314131 0.39419457 0.04100863
v 0.37871403 0.72678781 0.35928422
v 0.39756572 0.70190489 0.36747593
v 0.32478109 0.74198723 0.37544531
v 0.28558448 0.73115832 0.40077236
v 0.09813939 0.81285745 0.33488241
v 0.58562654 0.20372298 0.21607783
v 0.57166743 0.17688620 0.20194992
v 0.62053299 0.22194704 0.21150570
v 0.53770709 0.16112904 0.20628405
v 0.62410033 0.23922314 0.21953952
v 0.65440643 0.25846484 0.21535093
v 0.55032730 0.13958021 0.17966060
v 0.65478873 0.24119072 0.20825468
v 0.00864127 0.83100218 0.16537105
v 0.04306507 0.83701515 0.14104399
v -0.01131558 0.82434899 0.13337861
v 0.31011349 -0.41004881 -0.01227893
v 0.33915722 -0.42667282 -0.01833600
v 0.35940316 -0.43713546 -0.06338532
v 0.38939995 -0.45766291 -0.07201426
v 0.38687420 -0.44626960 -0.11577784
v 0.70255196 -0.33733708 0.20260587
v 0.68810850 -0.35672480 0.21239801
v 0.69095278 -0.39718625 0.21817930
v 0.54923671 -0.44431326 0.18154177
v 0.57112658 -0.42626590 0.19672173
v 0.53064537 -0.41914153 0.18977313
v 0.59067428 -0.45107001 0.19004036
v 0.61054265 -0.47543558 0.18267401
v 0.34941453 0.31867751 -0.15820819
v 0.29529318 0.32581925 -0.18539807
v 0.35151306 0.36485067 -0.16511947
v 0.26255882 0.36916029 -0.22955832
v 0.30624437 0.36782366 -0.19782558
v 0.32147914 0.41023546 -0.20787156
v 0.36012471 0.40984887 -0.17039740
v 0.39547059 0.36028162 -0.13605201
v 1.20665228 0.35575500 0.30957270
v 1.23132205 0.33732820 0.33356410
v 1.28700483 0.36095703 0.34779987
v 1.26374245 0.37615430 0.32436198
v 1.30530155 0.33976057 0.36783904
v 1.32347870 0.31171489 0.38309044
v 1.34711504 0.36475557 0.35638285
v 1.35934722 0.34388965 0.37344223
v 1.14922261 0.34271702 0.29242840
v 1.17804039 0.31896830 0.31435978
v 0.31567228 0.70609587 -0.13355193
v 0.16735315 -0.04647480 -0.18527380
v 0.17958790 -0.06782012 -0.20714751
v 0.13894251 -0.09091692 -0.22490814
v 0.15395540 -0.02780477 -0.16666719
v 0.08498232 -0.09361088 -0.21194193
v 0.36445513 -0.00285848 0.13533030
v 0.29215351 0.03977311 0.18371859
v 0.31470752 0.01126256 0.15090983
v 0.28690547 -0.00206031 0.14529563
v 0.34494841 -0.01915402 0.13027842
v 0.32290432 -0.03262921 0.12853342
v 0.30866510 0.08553754 0.23247355
v 0.33879769 0.10364722 0.24110076
v 0.54500985 -0.28644022 0.21246320
v 0.56170917 -0.26748365 0.20634377
v 0.52831620 -0.30329818 0.21494302
v 0.47344106 0.69659549 0.28565341
v 0.45782483 0.72041047 0.28347874
v 0.45857191 0.69267642 0.31616193
v 0.47379446 0.66269350 0.31679654
v 0.48849094 0.66817307 0.28461689
v 0.42286295 0.71170521 0.34005928
v 0.43997079 0.68533659 0.34518784
v 0.44236669 0.71797419 0.31216973
v 0.45619351 0.65505439 0.34722483
v -0.44476578 -0.05528968 0.04076622
v -0.31671569 -0.23648280 0.73807514
v -0.31071499 -0.22895792 0.67875099
v -0.33215234 -0.22088033 0.72732902
v -0.30038670 -0.25191092 0.74606013
v -0.34792969 -0.20496249 0.71309447
v -0.36552778 -0.21413951 0.76746333
v -0.32170823 -0.20887981 0.66424906
v -0.34717116 -0.22399884 0.77974963
v -0.33424678 -0.18750760 0.64856589
v -0.03685325 0.69402343 -0.17048272
v -0.01052576 0.66595602 -0.19651094
v -0.04164171 0.67001772 -0.19020873
v -0.03081936 0.71724796 -0.14781523
v 0.63420677 -0.47032431 -0.24537590
v 0.60648489 -0.34394637 -0.22127557
v 0.58695686 -0.37595975 -0.24228039
v -0.55689526 0.29363450 0.06818146
v -0.53089178 0.31775546 0.12640058
v -0.50533986 0.34176496 0.17836139
v -0.56999767 0.31440607 -0.01157314
v -0.54729581 0.35319427 -0.02092345
v 0.23355237 -0.12832682 -0.25649333
v 0.18883431 -0.09296714 -0.23003432
v 0.23196957 -0.09809482 -0.22787073
v 0.26917180 -0.10589550 -0.22177187
v 0.34370542 -0.41866255 0.04490536
v 0.36111802 -0.41566634 0.07263928
v 0.32654011 -0.41612622 0.01782293
v -0.24515244 -0.25451982 0.44407073
v -0.25926104 -0.29498231 0.50915980
v -0.25852844 -0.29045701 0.51345861
v -0.26584408 -0.32685503 0.58054125
v 0.89800572 -0.56453693 0.20574464
v 0.81797886 -0.60892946 0.19683266
v 0.86513615 -0.59642893 0.20751329
v 0.18054913 0.78253245 -0.08334263
v 0.15540366 0.79528165 -0.06414680
v 0.20410320 0.79041451 -0.06561412
v 0.84138858 -0.34674886 0.05096392
v 0.84645140 -0.35509545 0.08248113
v 0.87765336 -0.37740898 0.04021443
v 0.86770141 -0.36893031 0.00761347
v 0.80789638 -0.31790116 0.05816753
v 0.81129527 -0.32623190 0.09053940
v 0.89997065 -0.39803502 -0.00369754
v 0.92107713 -0.42249221 0.08746014
v 0.91810226 -0.41431436 0.05816092
v 0.88643920 -0.39498207 0.09883530
v 0.88410294 -0.38572842 0.07081250
v 0.91112578 -0.40647021 0.02785492
v -0.12285894 0.79991698 0.12677021
v -0.15187633 0.79012674 0.15003473
v -0.12862495 0.79479110 0.17502376
v -0.14571655 0.79505646 0.09821812
v -0.17518693 0.78534114 0.12282892
v -0.09017080 0.80773121 0.10146458
v -0.03266883 0.81855047 0.10385890
v 0.74761891 0.37298167 0.04632484
v 0.72136188 0.37664053 0.04433890
v 0.78567851 0.35651353 0.02657253
v 0.73461151 0.38340339 0.07532384
v 0.52293909 0.44829324 0.02830276
v 0.53725243 0.41860685 0.01628727
v 0.50349474 0.43723863 -0.00515193
v 0.51553172 0.40104660 -0.02004376
v 0.57785666 0.41104195 0.04699351
v 0.17631264 0.62602109 -0.23789486
v 0.18570432 0.59908867 -0.25363129
v 0.24779211 0.56927913 -0.26661357
v 0.19707325 0.56866175 -0.26684207
v 0.23435931 0.60171986 -0.25443760
v 0.37770844 0.79254687 0.25414258
v -0.48798683 0.39888740 -0.07195620
v -0.44000575 0.42762229 -0.06635144
v -0.49755445 0.38162705 -0.12501439
v -0.44724265 0.41234204 -0.11634897
v -0.39460948 0.45630056 -0.06306592
v -0.24475855 0.57621461 0.45674127
v 0.84808016 -0.36499554 0.11065854
v 0.84614265 -0.37771282 0.13531490
v 0.91985631 -0.43306062 0.11583000
v 0.88487136 -0.40664896 0.12464861
v 0.84116197 -0.39429894 0.15727821
v 0.81214952 -0.33673233 0.11969292
v 0.80990148 -0.35048178 0.14458832
v 0.74485219 -0.54334313 -0.25532618
v 0.73597926 -0.56529313 -0.25390539
v 0.71372449 -0.52549279 -0.25190550
v 0.95320022 0.18039060 0.06469154
v 1.00068414 0.18219864 0.08212084
v -0.21133867 -0.14070696 -0.07484962
v -0.26491699 -0.13082588 -0.06011122
v -0.16894427 -0.14959739 -0.08359718
v -0.18954071 -0.16391285 -0.05665180
v -0.24061158 -0.15685576 -0.04357769
v -0.15046063 -0.17052446 -0.06452714
v -0.19740486 0.33352885 -0.29171506
v -0.21832803 0.28918627 -0.29755643
v -0.17063153 0.29357374 -0.29330525
v 1.43019199 0.23837848 0.17295113
v 1.35827184 0.22999483 0.15220715
v 1.38357353 0.26914895 0.14404523
v 1.43853629 0.28238362 0.16628900
v 1.34436929 0.29638818 0.13133013
v 1.26661634 0.29047033 0.11230022
v 0.13102576 0.73331577 -0.14479750
v 0.13007267 0.71257895 -0.16538051
v 0.12961900 0.68992937 -0.18587741
v 0.16389081 0.69951594 -0.18055069
v 0.64913356 0.21281055 -0.00866926
v 0.71328002 0.23441111 -0.00935775
v 0.25038645 0.84421384 0.08343291
v 0.30667159 0.83274597 0.09029998
v 0.22453189 0.83801526 0.05235617
v 0.33614907 0.81708074 0.06929336
v 0.35965338 0.81421679 0.09994073
v 0.33141351 0.83049959 0.12085591
v 0.50163096 0.63601738 0.28202158
v 0.48732013 0.62942976 0.31539989
v 0.49974602 0.59471631 0.31191939
v 0.51116228 0.56092256 0.30744210
v 0.25893295 -0.05790774 0.13911757
v 0.24548297 -0.08103068 0.15191785
v 0.24824099 -0.06709290 0.14506927
v 0.19658808 -0.03656157 0.14798090
v 0.21059889 -0.02616766 0.14459351
v 0.27720627 -0.05072326 0.13385908
v 0.51072407 0.34251842 -0.07107285
v 0.07867721 -0.26351991 -0.03593345
v 0.11020750 -0.28723103 -0.06807768
v 0.08503507 -0.27005482 -0.01807860
v 0.15766756 -0.32747373 -0.04227564
v 0.12897335 -0.30285156 -0.02234705
v 0.14528377 -0.31923762 -0.07086666
v 0.11567281 -0.29508865 -0.04458909
v -0.24519661 0.57621336 -0.16437832
v -0.27417788 0.58244997 -0.13264582
v -0.25102070 0.54535103 -0.17313185
v -0.30508557 0.34604090 -0.27250838
v -0.33924946 0.30195996 -0.28191397
v -0.36705926 0.25785154 -0.29014134
v -0.43545738 0.27752203 -0.26626220
v -0.27562019 0.29126230 -0.29512280
v -0.36504659 -0.18850419 0.69754660
v 0.61120170 -0.22329760 0.16131672
v 0.63830686 -0.23936239 0.15711704
v 0.63709748 -0.24893159 0.16725969
v 0.58973241 -0.20815019 0.16369019
v 0.61014909 -0.23239586 0.17007487
v 0.57227278 -0.19362180 0.16219223
v -0.06670189 0.76761609 0.34208965
v -0.07899889 0.77866876 0.30950123
v -0.05591884 0.75328714 0.37161806
v -0.34932724 0.58340210 0.21974337
v -0.34814712 0.59325439 0.16334857
v -0.35809132 0.56837064 0.13338514
v -0.34697774 0.59980482 0.10928004
v -0.32304218 0.64494634 0.16644308
v -0.33692947 0.62377965 0.13721797
v -0.33464137 0.61522871 0.19374231
v -0.33251849 0.60367805 0.25104094
v -0.31836465 0.63453162 0.22352482
v 0.57909966 -0.20266941 -0.10248309
v 0.54827058 -0.20684355 -0.13306993
v 0.54436463 -0.18383303 -0.11368819
v 0.61450195 -0.22318101 -0.09438647
v 0.58763248 -0.22786641 -0.12493077
v 0.54609019 -0.17011133 -0.09277242
v 0.23477516 -0.37252522 -0.03462155
v 0.30061308 -0.40021518 0.02248325
v 0.28192770 -0.39489511 -0.00712766
v 0.26517469 -0.38725448 -0.04159065
v 0.95805001 -0.45016685 0.00807773
v 0.94633138 -0.44536245 -0.02434631
v 0.17167285 0.01697042 -0.08431436
v 0.12646683 0.01134491 -0.14210859
v 0.15990724 0.04323815 -0.07394014
v 0.21002385 0.01618489 -0.02023573
v 0.18506801 -0.00653645 -0.10305306
v 0.14011118 -0.00924555 -0.15208408
v 0.07864137 0.00486415 -0.17920354
v 0.11294933 0.03679301 -0.13532472
v 0.06450693 0.02928397 -0.17412555
v 0.31164879 0.26779649 0.41633585
v 0.26249316 -0.07959694 -0.18189123
v 0.29443079 -0.08900608 -0.17239016
v 1.01791048 0.32136184 0.05773327
v 0.92272043 0.33708125 0.04217803
v 0.91882801 0.35354567 0.06427106
v 1.03486598 0.31139186 0.05690249
v 1.11729038 0.31375659 0.08261029
v 0.35395622 0.82375818 0.15006293
v 0.38042992 0.80717301 0.12922564
v 0.10415836 0.54256541 0.52321714
v 0.11886522 0.51075864 0.52766049
v 0.13584489 0.47892782 0.52865672
v 0.18431044 0.50571752 0.51312566
v -0.23119617 0.65810174 0.38506615
v -0.22533280 0.64251924 0.41581014
v -0.18975613 0.67793763 0.40054846
v -0.26676223 0.63708729 0.36406553
v -0.26413628 0.61758488 0.39535537
v -0.23238271 0.67438370 0.35281864
v -0.19403067 0.69157845 0.36971787
v -0.18245733 0.66451353 0.42921042
v -0.14299557 0.69755960 0.40600213
v -0.17202514 0.64979810 0.45562404
v -0.13528153 0.68415785 0.43183947
v -0.21586823 0.62630153 0.44578707
v 0.53448391 -0.13060324 0.10840214
v 0.50980115 -0.10111229 0.08891149
v 0.53450143 -0.12796466 0.08733433
v 0.52596921 -0.12540187 0.05695347
v 0.53243452 -0.13599917 0.12199853
v 0.24295206 0.71963537 0.42249992
v 0.22019044 0.74581385 0.40967196
v -0.49190739 0.30211684 -0.23106837
v -0.51583660 0.26114577 -0.23493451
v -0.52931213 0.32669866 -0.18591866
v -0.56601191 0.24495067 -0.18588474
v -0.58736610 0.27016580 -0.13210526
v -0.55654263 0.28768215 -0.18959251
v -0.54187226 0.34860811 -0.13267252
v -0.57349813 0.31173360 -0.13613090
v -0.56840384 0.33319354 -0.07850562
v -0.46109548 -0.21173866 0.15218139
v -0.44331387 -0.20903142 0.13719426
v -0.47821406 -0.21273263 0.16974251
v 0.46691912 0.23236579 0.29412961
v 0.51054168 0.24289414 0.27476162
v 0.44135118 0.20980327 0.29785293
v 0.45688063 0.19595236 0.27953696
v 0.45189390 0.25155833 0.31096667
v 0.49358928 0.26261070 0.29172850
v 0.55234885 0.25763854 0.25947577
v 0.53460741 0.27714542 0.27575314
v 0.57017171 0.24347100 0.24567199
v 0.68804723 0.28807458 -0.03115737
v 0.69708610 0.25773886 -0.02824824
v 0.58734775 0.20934354 -0.04109934
v 0.54535252 0.21240497 -0.06307225
v 0.68268484 0.32202560 -0.01802337
v 0.71480966 0.29907963 -0.01855269
v 0.94514668 -0.43740612 0.04810774
v 0.96534228 -0.45494792 0.04147346
v 0.71867943 -0.65372533 -0.17667782
v 0.71857369 -0.51949441 0.19364820
v 0.73811483 -0.49587843 0.20390005
v 0.71450150 -0.46603426 0.20833564
v 0.69602716 -0.48864093 0.19870463
v 0.67596757 -0.50925457 0.18534938
v 0.06928822 0.04281032 0.26203781
v 0.05207899 0.05824435 0.28988636
v 0.09751436 0.07355947 0.29666269
v 0.05728234 0.07860224 0.31314123
v 0.00980836 0.03794487 0.28006262
v 0.09445567 0.04158494 0.24776068
v 0.12241670 0.06476559 0.27456924
v 0.06926936 0.01667067 0.22290237
v 0.69838279 -0.53911418 0.17823818
v 1.25504243 0.31136656 0.35107329
v 1.34645605 0.27778688 0.38953993
v 1.37277973 0.31663162 0.38548827
v 1.39208341 0.28436881 0.39114073
v 1.20856488 0.28744861 0.32965624
v 1.28143287 0.27950454 0.35980189
v 0.54489982 0.51082933 0.26575282
v 0.55373663 0.48532879 0.26271427
v 0.42751104 0.76632077 0.10048816
v 0.44542056 0.73822367 0.09045437
v 0.41025698 0.77314079 0.06946479
v 0.38655978 0.79607421 0.08299342
v 0.42969191 0.74439532 0.05777408
v 0.44507703 0.71062618 0.04599720
v 0.45920721 0.73024994 0.12213816
v 0.01576024 0.61856902 0.51842159
v 0.03070137 0.58373564 0.53031975
v -0.04487410 0.62265563 0.51175201
v 0.00109172 0.64651203 0.49913913
v -0.06856441 0.26440889 0.50311399
v -0.14232498 0.23380668 0.47001699
v -0.43326321 0.24981436 0.36413544
v 0.33170092 0.74185008 -0.07747148
v 0.29871339 0.73614430 -0.10723069
v 0.27960786 0.76189023 -0.08415520
v 0.26490939 0.72915304 -0.13307998
v -0.52373207 -0.12393317 0.45699102
v -0.49394003 -0.11448304 0.49026796
v -0.52058768 -0.10527566 0.38174090
v -0.54407406 -0.12731756 0.35385090
v -0.36203954 -0.13994604 0.00731909
v -0.26760069 -0.17731233 -0.00448808
v -0.21225899 -0.18143551 -0.02210799
v -0.22706610 -0.19921458 0.01841495
v -0.38579682 -0.10660891 -0.00206359
v -0.30044326 -0.14910787 -0.02264486
v -0.43477800 -0.08981703 0.04300721
v 0.11326706 0.77525550 -0.09305972
v -0.00866821 0.76067299 -0.09699571
v -0.43897167 0.44361818 0.16460080
v -0.41146943 0.47839198 0.14202923
v 0.56205392 -0.54024523 0.10628495
v 0.54088604 -0.51965022 0.11409145
v 0.65188336 -0.63876659 -0.00477684
v 0.63773495 -0.63366520 -0.03914283
v 0.67951328 -0.65799838 -0.01782641
v 0.66639364 -0.65424770 -0.05060080
v 0.70827854 -0.67737007 -0.03077760
v 0.71672326 -0.67800182 0.00020254
v 0.72358191 -0.67742735 0.03138502
v 0.69197416 -0.65936202 0.01348301
v 0.66771507 -0.64054650 0.02681522
v 0.20350182 0.37333438 0.50241947
v 0.15654081 0.35043445 0.51077151
v -0.33755848 0.63092190 0.08115186
v -0.34383485 0.60632479 0.05720904
v -0.33685854 0.61643571 0.00727972
v -0.33388034 0.64010549 0.02694582
v -0.46538004 -0.04738557 0.29503548
v -0.45784500 -0.03585644 0.27712649
v 0.15280819 0.33401966 -0.25709808
v 0.22047424 0.37004179 -0.25480103
v 0.12700795 0.29865247 -0.23909956
v 0.13192010 0.37544641 -0.27742612
v 0.17787838 0.37201288 -0.27071860
v 0.10825680 0.33756390 -0.26557010
v 0.24169038 0.41057655 -0.26556736
v 0.43336681 0.14962329 0.24602267
v 0.43524539 0.12443922 0.21841586
v 0.47169566 0.16222030 0.23920096
v 0.42731166 0.17016149 0.27201480
v 0.41651553 0.18786827 0.29584444
v 0.39161915 0.15887487 0.27954206
v 0.00828946 0.74277234 0.40997416
v -0.02086455 0.68871069 0.45922497
v -0.02918279 0.70542634 0.44018704
v -0.03692189 0.72171807 0.42025551
v -0.06590268 0.76631242 -0.07790294
v -0.03691003 0.76353621 -0.08821107
v -0.07865557 0.74680752 -0.10447934
v -0.05042338 0.74331802 -0.11445633
v -0.08784315 0.72545719 -0.12855452
v 0.30555123 -0.07232867 -0.11476050
v 0.33194929 -0.08363946 -0.11521825
v 1.11321867 0.37486154 0.15755780
v 1.02319145 0.36869946 0.12634766
v -0.05115911 -0.11989957 0.18768725
v -0.07882667 -0.12264143 0.20849854
v -0.05623698 -0.12817653 0.18333487
v -0.01375148 -0.11023584 0.17618984
v -0.04607710 -0.11053000 0.19194120
v -0.02092212 -0.12068860 0.17127851
v -0.02753422 -0.12847151 0.16681892
v 0.02382201 -0.11341476 0.16516054
v 0.01448373 -0.12476063 0.16001485
v -0.03489065 -0.13725044 0.16292807
v -0.06311607 -0.13860202 0.17901409
v 0.60528034 0.26265049 0.23619729
v 0.58881974 0.27720153 0.24807526
v 0.57124782 0.29606664 0.26226056
v -0.11934206 0.26097676 0.49609330
v -0.14374954 0.28344312 0.50678611
v 0.62255329 -0.19607198 0.10717779
v 0.64304137 -0.21031997 0.10146615
v 0.66504669 -0.22369760 0.08878493
v 0.26214439 0.75737494 0.38751981
v -0.31257704 -0.05464338 -0.11696990
v -0.32784221 -0.03602909 -0.12685627
v -0.27718481 -0.05633471 -0.13900244
v -0.34320691 -0.01414102 -0.14106262
v -0.53694701 -0.12321825 0.29965633
v -0.51561439 -0.09469409 0.32630274
v -0.55874133 -0.15807302 0.33688018
v -0.54814482 -0.15682116 0.28371322
v 0.78125405 0.36950615 0.15661030
v 0.80556536 0.36016357 0.17407030
v 0.82047331 0.37149444 0.15440045
v 0.75597501 0.36678997 0.16250840
v 0.87726009 0.37222618 0.16058868
v 0.85198510 0.36652514 0.17400688
v 0.88201642 0.36014616 0.19555023
v -0.22248703 -0.21939069 0.37764665
v 0.52557015 0.09511304 0.14900270
v -0.40033165 0.47779185 0.30632228
v -0.42478082 0.45257708 0.27060914
v -0.40819368 0.44056571 0.33900225
v 0.79579198 0.33912843 0.00715154
v 0.85121775 0.33847657 0.02076921
v 0.79151678 0.36946210 0.05501870
v 0.84387040 0.35471666 0.04154183
v 0.81746697 0.32044405 -0.00164926
v 0.87049603 0.32176393 0.01174857
v -0.13477114 -0.09912345 0.28349131
v -0.17576951 -0.12932457 0.32378608
v -0.09157133 -0.07235554 0.25585717
v 0.68139124 0.27691442 0.21209584
v 0.68790704 0.25924820 0.20579281
v 0.72539091 0.25300726 0.19496775
v 0.71810627 0.27366081 0.20426357
v 0.92791307 -0.48978195 0.16881070
v 0.90853310 -0.51742691 0.19026153
v 0.45008534 -0.25995123 -0.22093099
v 0.34533921 0.26199344 0.39119178
v 0.31452060 0.25065741 0.40051416
v 0.34531671 0.24516824 0.37756491
v 0.29313606 0.21756348 0.37803125
v 0.30161044 0.20260559 0.36186743
v 0.31728292 0.23761256 0.38668868
v -0.04348004 -0.14852351 0.15850306
v -0.07220811 -0.15175910 0.17402646
v -0.05284587 -0.16024099 0.15221009
v -0.10892516 -0.17079744 0.18629609
v -0.08218202 -0.16427009 0.16740873
v -0.01106209 -0.14961922 0.14739604
v -0.09025064 -0.17446533 0.15910350
v -0.06147835 -0.17090283 0.14381684
v 0.52865303 -0.37859321 0.20696788
v 0.50641757 -0.35749957 0.20979276
v 0.51055336 -0.39450631 0.19641784
v 0.48492354 -0.33869931 0.21129912
v 0.48891845 -0.37145704 0.20104381
v 0.52119470 -0.34437543 0.21360071
v 0.46839809 -0.38671631 0.18480696
v 0.49022061 -0.41076878 0.17858753
v 0.63529289 0.41087902 0.13735554
v 0.61133206 0.42782602 0.13653331
v 0.59699047 0.42349765 0.09179723
v 0.20227383 0.76598299 -0.10511911
v 0.21967657 0.74527407 -0.12854132
v 0.17785099 0.75596291 -0.12105218
v 0.15878473 0.77362758 -0.09819260
v 0.13770609 0.76322013 -0.11113742
v 0.19160087 0.73462689 -0.14581361
v 0.16239399 0.72334427 -0.15767613
v 0.15387270 0.74548674 -0.13355982
v 0.24894410 0.75400871 -0.10802318
v 0.23127288 0.72043896 -0.15436521
v 0.73001134 0.33742028 0.19442794
v 0.75055730 0.31474742 0.20096880
v 0.74162877 0.34113407 0.18924570
v 0.73854578 0.31008625 0.20349126
v 0.76202250 0.28910831 0.20278177
v 0.77569222 0.29322445 0.20423871
v 0.76159716 0.31987941 0.19903040
v 0.78674269 0.29870722 0.20689705
v 0.40679657 0.26435056 0.34632123
v 0.44331986 0.27578607 0.32724121
v 0.48200938 0.28820246 0.30875814
v 0.49784926 0.65998793 0.14096738
v -0.18498245 0.25299028 -0.29694593
v 0.33950990 0.77342755 -0.02662066
v 0.28466803 0.78891873 -0.03823794
v 0.31124753 0.18276103 0.34033865
v 0.22957218 -0.31342220 0.07997677
v 0.81945062 0.20675506 0.07007518
v 0.75578690 0.21213691 0.07665735
v 0.27447370 0.05243989 0.14210367
v 0.27597305 0.05234561 0.14509268
v 0.26029468 0.02650019 0.11286610
v 0.26607266 0.02257821 0.10568613
v 0.28062341 0.01106895 0.08975212
v 0.28228956 0.04532958 0.13770914
v -0.15539682 0.71386802 -0.12312680
v -0.18999127 0.71898144 -0.10732906
v -0.14870465 0.73590755 -0.10213050
v -0.11711630 0.73043656 -0.11648478
v -0.12385035 0.70791411 -0.13720077
v -0.18369359 0.74045473 -0.08564717
v 0.52155733 0.52962750 0.30288926
v 0.53099453 0.50109440 0.29883221
v 0.17201176 0.78963852 0.36748821
v 0.15019202 0.80771345 0.34008670
v -0.11074880 0.53979671 0.54227573
v -0.12699544 0.57620400 0.52367258
v -0.14319608 0.60691506 0.50274312
v 1.06404042 0.35007018 0.25730416
v 0.98221338 0.35284448 0.23337361
v 0.29702204 0.11482860 0.27330959
v 0.28657815 0.14260864 0.30943614
v 0.25999871 0.09608471 0.26637128
v 0.33020800 0.13160184 0.27842268
v 0.20294085 0.10137112 0.29811534
v 0.22004879 0.07855719 0.25986660
v 0.24655567 0.12251903 0.30462015
v 0.27473876 0.06805053 0.22405261
v 0.40544415 0.78881240 0.11290530
v 0.08808380 0.23307577 -0.19600582
v 0.28414306 -0.04623795 -0.05528632
v 0.26430222 -0.03991688 -0.06607127
v 0.26501197 -0.02125156 0.00475389
v 0.28061756 -0.06383866 -0.12153640
v -0.39059106 -0.51184875 0.64017284
v -0.36601219 -0.49786672 0.66672337
v -0.36077300 -0.49582806 0.72990263
v -0.39281222 -0.50813019 0.70463490
v -0.33953002 -0.48021117 0.69482839
v -0.34028479 -0.48587444 0.64614594
v -0.36229452 -0.50362700 0.61508566
v 0.25598013 0.78192067 -0.06373364
v 0.31038558 0.76854569 -0.05685002
v 0.22833811 0.77430373 -0.08597234
v -0.06059405 -0.16053735 -0.11325450
v -0.08879927 -0.16252948 -0.10168655
v -0.07790649 -0.14291692 -0.12832421
v -0.12220579 -0.12763306 -0.13439545
v -0.09271184 -0.12472785 -0.14305732
v -0.10560560 -0.14542867 -0.11827976
v -0.13044727 -0.14379404 -0.11136419
v -0.11277857 -0.16125089 -0.09456353
v -0.15019980 -0.12571184 -0.12704483
v 0.11208788 -0.23429251 0.08733623
v 0.07593204 -0.20984407 0.09896620
v 0.09385869 -0.20055443 0.11713815
v -0.01089740 -0.00595233 -0.20977554
v 0.38878232 -0.43100357 -0.16107422
v 0.41771698 -0.45056844 -0.16849560
v 0.42265892 -0.42799464 -0.20695984
v 0.67955875 -0.23274004 -0.01573022
v 0.70256960 -0.24966645 -0.02840677
v 0.66160667 -0.22792885 -0.03969458
v 0.68806696 -0.24757120 -0.04828796
v 0.72520643 -0.26766774 -0.04373123
v 0.71377301 -0.26865140 -0.06284516
v -0.03928185 -0.18010648 0.12036174
v -0.02199283 -0.19174932 0.09600726
v 0.93906796 0.32136601 0.03241450
v 0.95957839 0.31017208 0.03276684
v 0.72723591 0.36299613 0.17534629
v 0.73984122 0.36429179 0.16864273
v 0.50103253 -0.11831722 0.02284798
v 0.55088580 -0.14495784 0.05522313
v -0.38415816 0.21497940 -0.29355705
v -0.45540354 0.23528729 -0.26984793
v -0.46046236 0.19308811 -0.26580700
v -0.38812688 0.17425290 -0.29071039
v -0.31574056 0.16581041 -0.30466351
v -0.19997823 0.22829111 0.45040485
v -0.17212829 0.25516054 0.47974250
v -0.23248839 0.24955907 0.45754674
v -0.19839931 0.27842191 0.48729116
v -0.23094222 0.20600900 0.42122167
v -0.26731071 0.22523654 0.42723227
v -0.16414535 0.30814865 0.51447886
v -0.22185937 0.30500239 0.49214500
v -0.26183859 0.27394885 0.46222818
v 0.32113785 0.15860608 0.31251901
v -0.24845126 0.33678794 -0.28699309
v 0.16026965 0.08238919 0.28844100
v 0.18047959 0.06338301 0.25190514
v 0.60825461 -0.55282456 0.12491678
v 0.56718946 -0.56485301 0.06997638
v 0.63142568 -0.54162639 0.14798778
v 0.65549147 -0.56744540 0.13957028
v 0.58619523 -0.56060493 0.09904316
v 0.63345551 -0.57593083 0.11651078
v 0.59276211 -0.58308715 0.06181099
v -0.06846613 0.67005587 0.47025049
v -0.07785776 0.68742943 0.44940478
v -0.29220316 0.07263419 -0.26262060
v -0.28257695 0.04701532 -0.24035662
v -0.34915808 0.06936052 -0.23957816
v -0.33294156 0.04026693 -0.21537775
v -0.40644869 0.07459678 -0.20868543
v -0.38194194 0.04119670 -0.18304530
v -0.38068518 0.13609897 -0.28000206
v -0.36654803 0.10107976 -0.26234114
v -0.43068638 0.11161779 -0.23333552
v -0.22169515 -0.22450611 0.36807328
v -0.22134903 -0.23009223 0.35192621
v -0.19914171 -0.20646155 0.31129605
v 0.07877140 0.20046028 -0.17497653
v 0.05193472 0.63663274 -0.21461242
v 0.39286211 -0.25202617 0.19320719
v 0.41177946 -0.27981019 0.19816899
v 0.44462162 -0.27047372 0.20681471
v 0.43078715 -0.27395263 0.20359565
v 0.46304810 -0.29441538 0.21182525
v 0.44814742 -0.29867554 0.20809647
v 0.42889750 -0.30504411 0.20153782
v 0.40491214 -0.31539729 0.18898040
v 0.19979823 -0.02801146 -0.12881276
v 0.24871197 -0.01571647 -0.01339276
v 0.22231027 -0.00928414 -0.05114132
v 0.23751792 0.00982058 0.02910846
v 0.23710056 -0.03298841 -0.09152919
v -0.56285512 -0.46195492 0.63403177
v -0.58178425 -0.43191826 0.61421257
v -0.33591172 0.03361720 0.31818825
v -0.40558174 0.00389311 0.29769409
v -0.40263197 0.01075779 0.28843820
v -0.11525056 0.75714582 0.31957650
v -0.15671515 0.73722941 0.31946480
v -0.10949183 0.74476874 0.34902918
v -0.19340160 0.72348040 0.30581033
v -0.19606456 0.70620835 0.33804098
v -0.14951566 0.71077371 0.37775695
v -0.10213020 0.73086560 0.37795654
v -0.15428793 0.72420037 0.34785080
v 0.77943420 -0.29433677 0.06148785
v 0.80093408 -0.31191149 0.02345492
v 0.82209134 -0.33293855 -0.01775774
v 0.83328938 -0.33913258 0.01710143
v 0.78249621 -0.30227348 0.09428304
v 0.75588918 -0.27703008 0.06338901
v 0.75928116 -0.28467360 0.09499121
v 0.73477435 0.27134243 -0.01832223
v -0.08718222 0.59948927 0.51968509
v -0.10157183 0.62851942 0.49913013
v -0.41046646 -0.26435030 0.19335315
v -0.44242486 -0.26895460 0.21661606
v -0.47367457 -0.27281833 0.24423027
v -0.44582316 -0.24391600 0.17663030
v -0.47118858 -0.24342763 0.19791865
v -0.07717499 0.11362518 0.36131775
v -0.03786504 0.10408501 0.35299408
v -0.04727861 0.07827742 0.33645594
v 0.08819000 0.61623651 -0.23027644
v 0.13173965 0.62074465 -0.23452303
v 0.08870581 0.59177601 -0.24242735
v 0.09010951 0.63840497 -0.21701068
v 0.13026027 0.64382720 -0.21961102
v 0.12978467 0.66661948 -0.20362714
v -0.27705136 -0.28511277 0.28946739
v -0.25357535 -0.25309601 0.23996556
v -0.24428979 -0.25678393 0.26846057
v -0.30112210 0.58260792 -0.09700827
v -0.12580585 0.66944355 0.45552835
v -0.11444849 0.65161240 0.47787422
v -0.01095361 0.66923308 0.47930616
v -0.08607787 0.70260561 0.42797178
v 0.45213988 -0.47119352 0.08267906
v 0.43004537 -0.44920829 0.09095377
v 0.45855111 -0.49577662 0.04387026
v 0.46932936 -0.46294078 0.11391509
v 1.01468408 0.33071861 0.26023689
v 1.04983830 0.29728970 0.28232628
v 1.09575546 0.32755637 0.28336939
v 0.91175270 0.34759372 0.22048807
v 0.94337308 0.32483146 0.24618173
v 0.26755166 -0.28658548 0.13353705
v 0.23940095 -0.25749630 0.13926248
v 0.24892418 -0.30214992 0.10784834
v 0.28998834 -0.26907334 0.15531655
v 0.26136273 -0.24164277 0.15748863
v 0.20492037 -0.22872013 0.14274350
v 0.22556409 -0.21487503 0.15720367
v 0.28780290 -0.22540906 0.17041299
v 0.25027308 -0.20081164 0.16712111
v -0.26830468 -0.28693894 0.75593364
v -0.28371903 -0.26844093 0.75179076
v -0.26123908 -0.28393343 0.79842234
v -0.27673170 -0.28512010 0.71230233
v -0.25654665 -0.30744261 0.75821817
v -0.24574950 -0.30699241 0.79646480
v 0.62215346 0.40806711 0.08977080
v 0.33147761 0.58345747 0.45180780
v -0.30031416 -0.33441702 0.35693520
v -0.36099264 -0.42397061 0.42355657
v -0.33168575 -0.37948066 0.38958651
v -0.31441209 -0.39051962 0.43675807
v -0.33869877 -0.43654814 0.46930057
v -0.26900575 -0.29348648 0.32724309
v -0.17333257 -0.01629498 -0.20107833
v 0.47768769 0.35112694 0.33784139
v 0.51157337 0.33231646 0.30735129
v -0.41092059 -0.00620357 0.30910516
v -0.42100224 -0.02187474 0.32694322
v -0.38948503 -0.03318458 0.38382402
v -0.43450460 -0.04071254 0.35468006
v 1.25968623 0.38847461 0.18469067
v 1.38461185 0.38529956 0.22111899
v 1.38258100 0.39382175 0.25158653
v 1.33069968 0.40175346 0.21885473
v 1.26484835 0.39871734 0.21917866
v 1.19536090 0.38548601 0.18855539
v 0.62129092 -0.18822837 0.06979474
v 0.60248673 -0.18158223 0.10557334
v 0.64136887 -0.20212033 0.06905290
v -0.16339540 -0.04582017 -0.18163317
v -0.01769570 0.19890419 -0.22157109
v -0.05785966 0.20095506 -0.24249339
v -0.00547415 0.23599467 -0.22973871
v 0.01362184 0.27132821 -0.24129426
v 0.05753665 0.26765221 -0.23199567
v 0.03846844 0.23373440 -0.21515742
v -0.04626575 0.23896548 -0.24366689
v -0.02865332 0.27506724 -0.25039721
v -0.09504423 0.20200314 -0.25982454
v 0.42065275 -0.10757954 -0.05770794
v 0.51190007 -0.14737085 -0.06634653
v 0.46725944 -0.13253351 -0.08418694
v 0.46941125 -0.12842858 -0.05421828
v 0.42742503 -0.10392757 -0.03027070
v 0.51784348 -0.14373545 -0.03017499
v 0.48103204 -0.12438804 -0.01870374
v 0.49967569 -0.32826155 0.21413894
v 0.51339579 -0.31695378 0.21490493
v 0.53536892 -0.32994953 0.21366081
v 0.54466546 -0.36296129 0.21212763
v -0.31800464 0.67178518 -0.00502218
v -0.31103572 0.69138390 0.01838479
v -0.29935864 0.70824689 0.04659384
v -0.31598595 0.68169367 0.07743472
v -0.32744780 0.66222233 0.05018421
v -0.28687021 0.71565872 -0.01264535
v 0.73041308 -0.67614985 0.06295547
v 0.70325303 -0.65937358 0.04344320
v 0.68280137 -0.64132476 0.05606604
v 0.71399611 -0.65867895 0.07263534
v -0.22010103 0.71275985 0.28724387
v -0.22834897 0.69305801 0.31999215
v -0.24366516 0.70256519 0.26744109
v 0.53899896 0.47446316 0.29515028
v 0.73928201 -0.27168635 0.09661563
v 0.72087693 -0.27138019 0.12556989
v 0.69616711 -0.25951084 0.13066533
v 0.69752288 -0.27080724 0.14875723
v 0.71784532 -0.26123199 0.10189176
v 0.71421087 -0.25344339 0.07820186
v 0.73518026 -0.26420259 0.06811631
v -0.08275291 -0.19431572 -0.05059507
v -0.05679661 -0.19555995 -0.05910020
v -0.06964114 -0.20534186 -0.02370824
v -0.09230638 -0.20455283 -0.01809777
v 0.00011984 -0.21965337 -0.02385464
v -0.03187889 -0.21316226 -0.00652662
v -0.01053244 -0.21131474 -0.04913487
v -0.04295707 -0.20705864 -0.03283368
v -0.02532318 -0.19762792 -0.07384610
v -0.05771783 -0.21073788 0.00379360
v -0.07254532 -0.17981474 -0.08216624
v -0.04303950 -0.17975797 -0.09532273
v -0.26510927 -0.31429398 0.58198333
v -0.25768122 -0.27863419 0.51493645
v 0.89031875 -0.43194246 -0.11507191
v 0.86850905 -0.40614155 -0.10772261
v 0.91225350 -0.43404993 -0.08581540
v 0.89094079 -0.40898558 -0.07756113
v 0.59605169 -0.59702986 -0.09975015
v 0.57595158 -0.58204561 -0.08821644
v 0.59405124 -0.58707774 -0.13194737
v 0.61601162 -0.60308081 -0.14051983
v 0.61605400 -0.59087360 -0.16702694
v 0.64451194 -0.62173754 -0.14601186
v 0.57534361 -0.57407093 -0.12064004
v 0.61795419 -0.57946181 -0.18942910
v 0.64335084 -0.60831565 -0.17173252
v 0.31888792 -0.40146133 0.04967385
v 0.29620159 -0.38330305 0.05506296
v 0.33639786 -0.39658776 0.07766084
v 0.31388372 -0.37661961 0.08342560
v -0.21493080 0.12953892 0.35545343
v -0.16079131 0.14196545 0.37431127
v -0.24345201 0.14546956 0.35885033
v -0.30271181 0.13031052 0.33041364
v -0.32839283 0.14461279 0.32988435
v -0.15488189 0.17184994 0.40462542
v -0.19309682 0.15795131 0.38197553
v -0.12045461 0.15468402 0.39287525
v -0.22966862 0.17295550 0.38812155
v -0.27555278 0.15984832 0.36135006
v -0.19295743 0.18838660 0.41425630
v 0.87969744 -0.42239419 0.14891976
v 0.91402388 -0.44817287 0.14306071
v 0.06473507 0.64076930 0.50257182
v 0.07818650 0.60802549 0.51059616
v 0.09114310 0.57497442 0.51723480
v 0.83113301 -0.62488359 0.19847107
v 0.74130881 -0.65311104 0.12985034
v -0.29061326 0.64040416 0.30800533
v -0.29771176 0.61511064 0.33864290
v -0.26373425 0.65782303 0.33163273
v -0.25559810 0.68028706 0.29956478
v -0.29921076 0.59092069 0.36924109
v -0.54086590 -0.46176022 0.56453669
v -0.56194580 -0.42331168 0.53832549
v 0.72343373 0.30321744 0.20619997
v 0.74307299 0.28338492 0.20309409
v 0.80117047 0.27204910 0.20484501
v 0.78392792 0.26897690 0.19941270
v 0.04501760 0.53036958 -0.26314899
v 0.09216680 0.56408536 -0.25488028
v -0.00100580 0.52807862 -0.26152822
v -0.11849567 -0.18539995 0.16790023
v -0.14026663 -0.19091794 0.18827656
v -0.11615378 -0.18886918 0.15714617
v -0.11631125 -0.18024255 0.17748266
v -0.13975874 -0.18718050 0.19873574
v -0.13308999 -0.19545738 0.16354704
v -0.11295944 -0.19280884 0.14433500
v -0.09309664 0.13577597 0.37811011
v -0.06421262 0.15014797 0.39550057
v -0.12827843 0.18994172 0.42956948
v -0.09348553 0.17055395 0.41427425
v 0.30492249 0.53211129 -0.26020807
v 0.78283095 -0.31344324 0.12409860
v 0.77622509 -0.34600273 0.17188473
v 0.64100403 0.32699358 0.22671805
v 0.61830819 0.30111751 0.23828936
v 0.65557253 0.30837956 0.22171485
v 0.65967119 0.35169742 0.21130437
v 0.67342591 0.33010304 0.21293792
v 0.63340688 0.28507206 0.22880596
v 0.66992474 0.29240140 0.21657762
v 0.64660835 0.27188209 0.22114730
v 0.61826324 0.25124210 0.22680512
v 0.29799399 0.45169178 -0.25033572
v 0.30626515 0.49283731 -0.25738266
v -0.06907451 0.27595958 -0.26133823
v 0.68723428 -0.23639509 0.07160316
v 0.66154778 -0.21606082 0.06132007
v 0.50580817 0.52142191 0.33254814
v 0.49510145 0.55271620 0.33802426
v 0.48729303 0.51390052 0.35947657
v 0.51499850 0.49248254 0.32737035
v 0.49686486 0.48479563 0.35271588
v 0.15309027 -0.01327628 0.16120060
v 0.17120649 -0.00113407 0.16403541
v 0.11905414 0.00254891 0.18166476
v 0.19122091 -0.05276581 0.15207918
v 0.14318195 -0.03205002 0.16019520
v 0.10391702 -0.01885343 0.17407936
v 0.60983253 -0.18007442 0.02291708
v 0.58508956 -0.17202054 -0.02546786
v 0.58464694 -0.16724929 0.01588277
v 0.60003626 -0.17455271 0.06510723
v 0.55568004 -0.15412064 0.01115849
v 0.55350840 -0.15894818 -0.03141366
v -0.20147762 0.60676295 0.47327885
v -0.15852156 0.63148552 0.48000291
v -0.18510816 0.58168536 0.49842173
v 1.40878928 0.30780330 0.15577200
v -0.24984345 -0.32898930 0.75862002
v -0.23793870 -0.33139691 0.79178250
v 0.68822205 0.37988719 0.17380142
v 0.67490131 0.37009323 0.19200063
v 0.70246875 0.35626325 0.19145018
v 0.71807063 0.33222443 0.19979346
v 0.70447695 0.32371873 0.20563677
v 0.71505511 0.36111954 0.18252847
v 0.70193762 0.38312456 0.16091093
v 0.68846989 0.34646180 0.20201468
v -0.43878594 0.10678202 0.23290810
v -0.40083334 0.13582686 0.28764743
v -0.45083126 0.11771667 0.23331772
v -0.42095336 0.14758016 0.28865367
v -0.35555235 0.15778129 0.33049917
v -0.38186166 0.12333110 0.28857714
v -0.36971775 -0.23180208 0.13142742
v -0.31537768 -0.24268952 0.15180722
v -0.39570066 -0.23749480 0.14465117
v -0.34073690 -0.22571880 0.11686218
v -0.34619054 -0.25109628 0.16326690
v -0.42085519 -0.24178463 0.15883666
v -0.30369690 -0.25413188 0.18708488
v -0.27052215 -0.24246600 0.17660229
v 0.46289629 0.57776237 0.37195739
v 0.48346061 0.58645749 0.34307101
v -0.35897049 0.30104199 0.42847648
v -0.28854653 0.30207866 0.46326903
v -0.33662900 0.36694860 0.44818333
v -0.42175511 0.30373240 0.38511303
v -0.38294074 0.33258501 0.41754252
v -0.40084514 0.01713344 -0.12591076
v -0.36055276 0.01168881 -0.15986547
v -0.37995800 -0.00982648 -0.10992916
v -0.43926826 0.02943976 -0.08760266
v -0.41666678 0.00116788 -0.07397173
v -0.42752060 0.04996265 -0.14744309
v -0.00161269 0.49387816 -0.27201656
v -0.00357163 0.45759141 -0.27888134
v -0.13372183 -0.17841528 0.20874746
v -0.00680554 0.09948044 0.34672362
v -0.00895563 0.12191083 0.36736691
v 0.02277471 0.10184507 0.34538656
v 0.08923782 -0.15229055 0.14926013
v 0.04486109 -0.14003171 0.15009286
v 0.07666138 -0.16020718 0.14385305
v 0.05638377 -0.13229056 0.15441349
v -0.00258830 -0.13978016 0.15192372
v 0.03478952 -0.14727768 0.14595200
v 0.00575773 -0.13230385 0.15568525
v 0.10415696 -0.14385372 0.15396670
v 0.06825475 -0.12006126 0.15924734
v 0.36041814 0.14628306 0.28147328
v 0.22497419 -0.07231252 -0.19506794
v 0.25127959 -0.05590924 -0.13711560
v 0.21363401 -0.04939817 -0.16079801
v -0.34872827 0.55447662 0.01669065
v -0.33722302 0.59141040 -0.00934863
v 1.16603732 0.25639224 0.31147337
v 1.24337482 0.25027660 0.33448932
v 1.12949944 0.29555851 0.30273014
v 1.31221139 0.24387015 0.35904884
v 0.40237904 0.78551239 0.22884619
v 0.41277385 0.77133441 0.25309914
v -0.32213739 0.62670028 -0.03938568
v -0.32170728 0.65001202 -0.02401023
v -0.29855153 0.65408236 -0.07055709
v -0.33684471 0.56539392 -0.02479896
v 0.44864118 -0.43943462 0.12278903
v 0.40517664 -0.42797878 0.09768248
v 0.90383720 -0.63067454 0.20477812
v 0.91522324 -0.57931942 0.20760483
v 0.88198352 -0.61164832 0.20941317
v -0.55756462 0.24938855 0.09265973
v -0.53711033 0.27533159 0.15481764
v -0.51433265 0.30068898 0.20988314
v -0.53147340 0.23455743 0.18228675
v -0.51206589 0.26182690 0.23902090
v -0.57811856 0.27067485 0.00475153
v -0.47768417 0.09503251 0.16783960
v -0.47671655 0.05938140 0.09851930
v -0.46848419 0.08284225 0.16815773
v -0.49195710 0.11172251 0.16441652
v -0.48948088 0.07751484 0.09455884
v -0.46235475 0.02623824 0.03289053
v -0.47557631 0.04592514 0.02823187
v -0.50886047 0.10337265 0.08527401
v 0.39868498 0.03179248 0.15076391
v 0.38136560 0.01479605 0.14242947
v 0.39644617 -0.03492123 0.12316820
v 0.41957152 -0.00307569 0.13015175
v 0.40760899 -0.01811723 0.12550859
v 0.37564081 0.27534989 0.37726396
v 0.37429836 0.25406542 0.36386976
v 0.40772554 0.28991947 0.36037767
v 0.44199497 0.30447349 0.34222484
v 0.44623303 0.33630276 0.35600385
v 0.41317955 0.31913936 0.37411094
v -0.43900332 -0.52316695 0.59054363
v -0.41445073 -0.52145916 0.61517042
v -0.11750913 -0.07209700 0.27800161
v -0.16283861 -0.10434790 0.31288332
v -0.14814216 -0.07902752 0.30414999
v -0.05062687 -0.01365783 0.26426548
v -0.09996298 -0.04470171 0.27669299
v -0.07090291 -0.04302525 0.25632620
v 0.47042537 0.62128049 0.34651235
v 0.44890362 0.61163700 0.37566346
v 0.45257315 0.74744070 0.22528677
v 0.45333600 0.73963284 0.25203446
v 0.44225973 0.73944801 0.27839524
v 0.43800348 0.75344050 0.25127479
v 0.42631269 0.75589550 0.27010581
v -0.36883214 -0.06711629 0.45489937
v -0.40736344 -0.05918889 0.42783156
v -0.35702631 -0.11580843 0.54058307
v -0.42046371 -0.08703062 0.48642367
v 0.74840665 -0.69623858 0.05304964
v 0.73958588 -0.67392898 0.09476269
v 0.22113320 -0.27231672 0.11647733
v 0.18766382 -0.24234226 0.12351458
v -0.01638424 0.64106828 -0.21133459
v -0.04687634 0.64477110 -0.20711985
v -0.06609640 0.69835663 -0.16112849
v -0.07104415 0.67420036 -0.18093532
v -0.07589301 0.64859790 -0.19946197
v -0.28070232 0.43842143 -0.22738406
v -0.26898411 0.38908610 -0.26259953
v -0.28505531 0.48302907 -0.18528253
v -0.25131866 0.47406238 -0.22035515
v 0.03727196 0.30637568 -0.25561276
v 0.08202995 0.30186364 -0.24972859
v -0.13029873 0.30096057 -0.28493074
v -0.14380637 0.26327440 -0.28574660
v 0.11540203 0.65722328 0.48359606
v -0.30590501 0.66316801 0.19537421
v -0.32738957 0.65330213 0.10821145
v 0.22677892 -0.16335452 0.16644555
v 0.17339525 -0.14511643 0.16090123
v 0.20514663 -0.17846973 0.16226473
v 0.15506679 -0.15911521 0.15707253
v 0.18315652 -0.19057006 0.15495165
v 0.13650335 -0.16949478 0.15168458
v 0.12096007 -0.17865206 0.14385964
v 0.16473807 -0.20182723 0.14399286
v 0.11904058 -0.13040940 0.15790980
v -0.55119145 0.15274040 -0.01857744
v -0.53381228 0.12868634 -0.07905613
v -0.52276385 0.10964693 0.00189072
v -0.47200260 0.04857155 -0.04041938
v -0.49612597 0.07353453 0.01787637
v -0.50073779 0.08555479 -0.05766657
v -0.46832940 0.06515604 -0.10689822
v -0.50152874 0.10687394 -0.13000134
v -0.57501841 0.20015918 -0.04020363
v -0.56291413 0.17622948 -0.10104139
v -0.53328204 0.15247037 -0.15348023
v -0.04195523 0.49181592 -0.27229127
v -0.07430977 0.49068636 -0.27314061
v -0.24248925 -0.30910182 0.83988488
v 1.31376660 0.18529584 0.29980764
v 1.38139629 0.18607263 0.31908181
v 0.72610891 -0.65677148 0.10127371
v 0.64309931 -0.62177867 0.04019612
v -0.28642341 0.67882282 0.22221348
v -0.26557305 0.69164616 0.24635369
v -0.30017933 0.65153480 0.25146973
v 0.69087148 -0.51429814 -0.24766028
v 0.65504336 -0.52382720 -0.24145383
v 0.64012581 -0.54070199 -0.23407048
v -0.04583609 0.73797750 0.39762002
v -0.09358227 0.71690166 0.40440798
v 0.63671863 -0.51266420 -0.24011627
v 0.50970364 -0.15265578 -0.09516430
v 0.50936669 -0.16451393 -0.11885732
v 0.64653611 0.18234853 0.13934928
v 0.07957359 0.14327979 0.38446438
v 0.05057511 0.12228715 0.36524397
v 0.79770768 -0.38914317 0.18375057
v 0.78723109 -0.41405156 0.19781478
v 0.83296311 -0.41563171 0.17676988
v -0.31161836 0.20456442 -0.30595601
v -0.45000920 0.15144238 -0.25349110
v -0.15123501 -0.07564513 -0.16456833
v -0.20347258 -0.04833561 -0.17382330
v -0.24174434 -0.05406714 -0.15914342
v 0.87447453 0.29059047 0.00421646
v 0.91987538 0.29888579 0.01755439
v 0.84519005 0.30364683 -0.00076185
v 0.89551103 0.30808681 0.01279578
v -0.53341568 0.36806646 -0.07711080
v -0.48743519 0.36268380 -0.17703578
v -0.26368192 -0.29932901 0.36769244
v -0.53294194 0.13692355 0.06953008
v -0.35059908 -0.16605359 0.63118708
v -0.05965638 0.72157210 -0.13916078
v -0.02223894 0.73987305 -0.12287879
v 0.38962871 0.79926270 0.20380625
v 0.56163239 0.18425040 -0.00090395
v 0.43433362 0.12863350 0.12331468
v 0.47962946 0.18972939 -0.04375163
v 0.62669533 -0.62539291 -0.07475004
v 0.60193926 -0.60629570 -0.06410128
v 0.67793977 -0.59354025 0.13016959
v -0.25123069 -0.22556791 0.12650143
v -0.21724781 -0.21886316 0.11043383
v -0.18287471 -0.21437034 0.09345932
v -0.15218630 -0.20871909 0.12186513
v -0.22639033 -0.21232976 0.06383243
v 0.13670477 0.59553075 -0.24840242
v 0.52200973 0.46492019 0.32243571
v 0.50319970 0.45636076 0.34609276
v 0.47370523 0.47682413 0.37694305
v 0.48062044 0.44713143 0.36850262
v 0.58322358 -0.28478196 -0.18773252
v 0.64790106 -0.29713833 -0.16247135
v 0.62713981 -0.31743366 -0.19343388
v 0.60495633 -0.26518106 -0.15595651
v -0.54085481 -0.48482439 0.65524888
v 0.75762796 0.37877023 0.13542549
v 0.78825474 0.37746516 0.13270694
v -0.17365870 0.46157899 -0.26441950
v 0.42416966 -0.33977908 0.18930168
v 0.39929205 -0.35455909 0.16724168
v 0.38703859 -0.28993037 0.18772851
v 0.37839499 -0.33005604 0.16908103
v 0.37536517 -0.37093380 0.13891020
v -0.04600084 0.45584410 -0.27901980
v -0.09690788 -0.17869133 -0.07449895
v -0.13768810 -0.15675266 -0.08937196
v -0.10629573 -0.19250129 -0.04545781
v -0.12101912 -0.17565262 -0.06956434
v 0.11752418 0.75187927 -0.12264141
v -0.56456339 -0.19641358 0.33284429
v 0.41819113 0.04624353 0.15826997
v 0.43365097 0.00828150 0.13476349
v 0.43617478 0.09333679 0.19017732
v 0.46466738 0.10350123 0.19030583
v 0.45703569 -0.22001228 0.20291415
v 0.47931543 -0.51517719 0.03391118
v 0.46990508 -0.51473904 0.00567520
v 0.44686490 -0.49509367 0.01626146
v 0.43562418 -0.49203929 -0.01180251
v 0.52028918 0.30244443 0.29213923
v 0.47702503 0.31835470 0.32427320
v 0.48051983 -0.31278503 0.21388076
v 0.49430627 -0.30495051 0.21613564
v 0.41592538 0.67460036 0.37292272
v -0.29793015 0.24676508 -0.30196694
v 1.01020563 -0.50709403 0.10259060
v 0.30188259 0.76715195 0.36142892
v -0.39935079 0.36710614 0.39755449
v -0.31327614 0.62242526 0.28083676
v -0.27985117 0.66677773 0.27701384
v -0.24337542 -0.23958793 0.44894394
v 1.12117195 0.21632104 0.28489530
v 1.20252240 0.21716604 0.30433762
v 1.08639586 0.25672838 0.29215467
v 1.14904356 0.18454538 0.25995129
v 1.06873918 0.17958690 0.23833109
v 1.23386538 0.18616603 0.28025639
v 1.04434311 0.21044278 0.26530713
v 1.27993941 0.21390676 0.32461542
v 0.37941003 -0.40694687 0.10296731
v 0.35455239 -0.38583994 0.10785519
v 0.42502436 -0.41627130 0.12967633
v 0.39980203 -0.39370689 0.13482061
v -0.28900149 -0.34283265 0.40220878
v -0.29918894 -0.39387479 0.48549464
v 0.95849776 0.16489691 0.10615470
v 0.91266143 0.18567178 0.05525482
v 0.87082410 0.19637276 0.05673186
v 1.01164293 0.16063701 0.17374471
v 0.35121158 0.17068738 0.31241038
v 0.38168734 0.17992365 0.30723166
v 0.34569579 0.49248126 -0.22777155
v 0.38052842 0.49280268 -0.18930945
v 0.33621824 0.45205471 -0.21788964
v 0.28224263 0.41010216 -0.24108839
v -0.36365083 0.10855295 0.29134321
v 0.97948289 0.30400148 0.03638113
v -0.24456513 -0.25039119 0.44737184
v 0.92601335 -0.53306496 0.19345558
v 0.94657409 -0.50559026 0.17159143
v -0.24693891 0.20542790 -0.30737188
v -0.23578766 0.24588650 -0.30349696
v 0.55684125 -0.56877363 -0.07514703
v 0.55935800 -0.57459646 -0.04065724
v 0.57984602 -0.58969641 -0.05268186
v 0.54935336 0.18793714 0.22238313
v 0.58992183 0.22105031 0.22555813
v -0.45950255 0.41951314 0.12468307
v 0.41515142 -0.10210943 0.13797638
v 0.36685514 -0.06627849 0.12716886
v 0.46174499 -0.13725679 0.15458903
v 0.42637295 -0.08562447 0.12832636
v 0.38338912 -0.05145271 0.12395456
v -0.42792651 0.09435625 0.23443714
v 0.14495477 0.04931571 0.24027172
v 0.14370129 0.09862687 0.31678355
v 0.46931520 -0.11907606 0.13988385
v 0.43391061 -0.06840861 0.12142608
v -0.45028821 0.01962104 -0.02881503
v -0.57196355 0.22422270 0.02611464
v -0.55553401 0.17829983 0.04876398
v 0.85435474 -0.36086240 -0.02629344
v 0.88476741 -0.38936085 -0.03620678
v 0.93804276 -0.43084657 0.01677626
v 0.92638469 -0.42373669 -0.01471916
v 0.50676721 -0.13209172 0.13657814
v 0.47221798 -0.10168949 0.12691703
v 0.80838585 -0.32993174 -0.05175488
v -0.17528024 0.76817358 0.21245235
v -0.15380120 0.78265327 0.19425157
v 0.23320386 0.03756879 0.05674654
v 0.67838180 -0.62931836 -0.17415053
v 0.35837433 -0.34167764 -0.25202507
v 0.39992267 -0.35401782 -0.24867105
v 0.35854834 -0.37125382 -0.23036835
v -0.06288490 0.38146341 -0.28067970
v -0.02602494 0.03320513 0.28807747
v 0.01744090 0.05833943 0.29837650
v -0.01931417 0.05051352 0.30171734
v -0.01437566 0.06556695 0.31577709
v -0.05741709 0.03995913 0.30939794
v 0.02241871 0.08788759 0.33018780
v 0.02090378 0.07433161 0.31499094
v 0.53591251 -0.50391102 -0.21677783
v -0.45224556 -0.02922480 0.03814564
v -0.45552191 -0.01167155 0.03602287
v -0.45882818 0.05892830 0.16921782
v -0.46890023 0.02208608 0.10032649
v 0.10914303 -0.27768844 -0.09372215
v 0.07626629 -0.25657359 -0.05742490
v 0.10827430 -0.26384497 -0.12074623
v 0.02750029 -0.21929032 -0.07413512
v 0.06705190 -0.23051912 -0.10683930
v 0.03637274 -0.23081094 -0.04860875
v 0.10434835 -0.24326667 -0.14674777
v 0.07385065 -0.24641633 -0.08191581
v 1.37007999 0.24302852 0.38226673
v -0.07542443 -0.11448267 0.21180212
v -0.10434774 -0.12284277 0.23563549
v 0.63974786 -0.22391725 -0.06584316
v 0.67086732 -0.24612755 -0.06997633
v -0.47563943 -0.05954655 0.32116890
v 0.37146565 0.45258784 -0.17852467
v 0.41084486 0.49361208 -0.14691675
v 0.68680418 -0.33340657 -0.17292023
v -0.14063612 0.75636488 -0.07739492
v -0.10846397 0.75140697 -0.09261738
v -0.09659117 0.76973331 -0.06485499
v 0.13196844 0.38486925 0.52593648
v 1.31588697 0.31400391 0.13068122
v 1.23598909 0.30638671 0.10922666
v 1.15312636 0.30301371 0.08613856
v 1.30987668 0.26300958 0.12464012
v 1.18348372 0.28835437 0.09148140
v 0.46898189 -0.42624792 0.15332039
v 0.44642770 -0.40211999 0.16017962
v 0.44567102 -0.36337033 0.18821266
v 0.46714681 -0.34982526 0.20335115
v 0.74729013 -0.28739607 -0.05854346
v 1.07263887 0.30077213 0.06331573
v 0.41847092 -0.47895685 -0.08144961
v 0.42534384 -0.48710421 -0.04374942
v 0.41580841 -0.46722546 -0.12450996
v -0.15705162 -0.18743120 0.23433647
v -0.14977944 -0.17571068 0.24468404
v -0.17493966 -0.18917218 0.27571815
v 0.43338960 0.64445770 0.37573960
v 0.47573835 0.50130522 -0.02740505
v -0.57281911 -0.30728891 0.42149335
v -0.55979514 -0.36123440 0.44549200
v -0.54070711 -0.41245216 0.47514683
v -0.57912338 -0.37804946 0.51372552
v -0.53801990 -0.34606966 0.38986304
v -0.57875192 -0.25510222 0.40595645
v -0.55351031 -0.29227883 0.36131102
v 0.82106280 0.25106663 0.20021562
v 0.81369960 0.27617997 0.21213892
v 0.83764827 0.25184715 0.21208307
v 0.85501075 0.22758102 0.20313352
v 0.83180690 0.23149797 0.18888092
v 0.79794216 0.24987069 0.19119008
v 0.80062306 0.23278905 0.17839372
v -0.05797118 0.64911216 0.49076673
v -0.50965762 0.13586675 0.15517661
v 0.25272927 0.00429206 0.05724091
v 0.29878828 0.02748437 0.11654975
v 0.36577150 -0.03516729 0.04105213
v 1.14219058 0.25996238 0.08222291
v 1.22572589 0.26172999 0.10457473
v 0.67996508 -0.31717527 0.19780381
v -0.29956004 -0.24746487 0.69154537
v 0.27272850 0.05350881 0.13164009
v 0.26151225 0.05755668 0.10813855
v 0.30899042 0.07736714 0.14664236
v 0.25799465 0.02757874 0.11009947
v 0.25119215 0.03062879 0.09320576
v -0.49093214 -0.38105118 0.38028955
v -0.46715727 -0.42747620 0.41649038
v -0.51751089 -0.39889699 0.42330837
v -0.51744723 -0.45726889 0.50649607
v -0.49325261 -0.44641730 0.45812476
v -0.49145785 -0.49153629 0.53721809
v -0.46629032 -0.48405609 0.49228749
v -0.44074324 -0.46565571 0.45329389
v -0.46352664 0.40559658 0.19227473
v -0.08488786 -0.01935989 0.28088579
v -0.13321525 -0.05443902 0.30001312
v -0.16503015 0.20860714 0.44189310
v 1.10213637 0.28643283 0.06924358
v 1.06656003 0.25561270 0.06064650
v 1.13252556 0.30919030 0.08377820
v 1.05172133 0.30680805 0.05934126
v 0.27474630 -0.18503369 0.17242503
v 0.31713450 -0.25169837 0.17186236
v 0.31449068 -0.20961082 0.17803587
v 0.29297534 -0.16754083 0.17348301
v 0.36843660 -0.22309998 0.18739010
v 0.36824453 -0.26326337 0.18555932
v 0.34516647 -0.23601457 0.18238145
v 0.33995059 -0.27837497 0.17163557
v 0.33554947 -0.19414759 0.18042934
v 0.47626933 -0.46510628 -0.21602821
v 0.44923031 -0.44620070 -0.21221781
v 0.48202783 -0.43419412 -0.24212924
v 0.42839712 -0.39989027 -0.23494822
v 0.45534024 -0.41607043 -0.23900226
v -0.32611999 -0.11979593 -0.03650670
v -0.32452270 0.59301174 0.30987281
v -0.33194563 0.56433427 0.34007215
v 0.42234039 -0.37857586 0.16468582
v 0.44685906 -0.32819614 0.20341390
v -0.13745517 -0.10371047 -0.14928934
v -0.15702096 -0.13824326 -0.10534932
v 0.57220972 -0.20577681 0.17465971
v 0.58906150 -0.21823984 0.17347252
v 0.13853884 -0.29811189 -0.13172776
v 0.23798019 0.05282904 0.21699701
v 0.25936007 0.02604767 0.17677191
v 0.29300496 -0.35484782 0.09056801
v -0.28399584 -0.23385403 0.14014931
v 0.08182602 0.37943077 -0.27841926
v 0.19589961 0.76948422 0.39133960
v -0.41357860 -0.43644696 0.41672572
v -0.38771698 -0.46279278 0.45695084
v -0.41317436 -0.49230775 0.48944920
v -0.43819615 -0.40075597 0.37808126
v 1.34710085 0.21037447 0.34551376
v 1.40097260 0.21186762 0.36514974
v 1.43599558 0.21947491 0.38009387
v -0.10003653 0.67890441 -0.16978306
v -0.09463966 0.70289129 -0.15002611
v -0.14382094 -0.20190260 -0.00661536
v -0.18097544 -0.20022085 0.00382969
v -0.16699716 -0.18564101 -0.03374740
v -0.14954001 -0.21023864 0.03288822
v -0.18595231 -0.21097513 0.04662910
v -0.11525935 -0.20345053 -0.01325460
v -0.13262329 -0.18953733 -0.04080766
v 0.04117106 -0.23772424 -0.02592397
v 0.00720277 -0.22361934 -0.00126010
v 0.45175982 0.36951855 0.36850205
v 0.48084843 0.38438386 0.34942198
v 0.16826954 0.02999587 0.20172977
v 0.14073703 0.01842383 0.19255008
v 0.09228489 0.01261324 0.20381403
v 0.19636309 0.00726678 0.16698343
v 0.11717100 0.03295201 0.22279355
v -0.46192995 -0.11202121 0.52479714
v -0.49071994 -0.09056962 0.41575587
v -0.45622727 -0.08487444 0.45212916
v -0.48474768 -0.07386987 0.36012518
v -0.44732645 -0.06163792 0.39550894
v -0.48233619 0.36544442 0.22430801
v -0.23845467 -0.38466716 0.85731435
v -0.23195481 -0.33847055 0.83100867
v -0.23271951 -0.36682147 0.81676841
v 0.75809705 0.38230553 0.10590675
v -0.26525220 -0.19912224 0.51322079
v -0.23507273 -0.14248571 0.42334309
v -0.49189940 0.32521504 0.25734764
v 0.64470994 -0.59475374 -0.19346076
v 0.64797437 -0.58117467 -0.21195510
v 0.49979025 0.04968745 0.11353122
v 0.77867913 0.21134673 0.14353134
v 0.69407094 0.20172441 0.13362090
v 0.74022460 0.21319805 0.15543722
v 0.71641493 0.20526081 0.14259876
v 0.79279232 0.21957383 0.16189760
v 1.16286588 0.16946514 0.22017220
v 1.07866049 0.16814661 0.14987171
v 0.93122351 -0.43946457 -0.05542472
v 0.91083407 -0.41566804 -0.04615228
v -0.45589676 0.00080761 0.03495234
v -0.47078308 0.04616618 0.09908161
v -0.45683482 0.01214205 0.03443127
v -0.46940842 0.03507413 0.09946974
v 0.49023083 -0.39833078 -0.25447467
v 0.46246648 -0.38112515 -0.25136364
v 0.51146114 -0.45495120 -0.24208036
v 0.52091151 -0.42001310 -0.25483635
v 0.43133491 0.76378560 0.23068279
v -0.11457396 -0.19886705 0.12742157
v -0.13632873 -0.20078315 0.14582686
v -0.17999309 -0.21344011 0.13928872
v -0.15308499 -0.19992919 0.18276228
v -0.15957150 -0.20564984 0.16356888
v -0.09281197 -0.19204089 0.12660523
v -0.54719782 0.20624185 0.11775214
v -0.58915019 0.24789870 -0.05946776
v 0.50392509 0.14839542 0.21139583
v 0.40258163 -0.31996030 -0.25240174
v 0.40550274 -0.28461328 -0.24656114
v 0.43392479 -0.36692125 -0.24850279
v -0.28795335 -0.26584327 0.70278990
v -0.28790101 -0.25264123 0.64667130
v -0.29477975 -0.23210070 0.62934029
v 1.21551907 0.31375757 0.10904666
v 0.13294022 -0.22569340 0.10919254
v 0.14934184 -0.21359651 0.12869060
v 0.24213296 -0.14422120 0.16707750
v 0.18640441 -0.12507194 0.16213915
v 0.13028191 -0.11034086 0.16071382
v 0.75051737 -0.37811130 -0.17493889
v 0.73763144 -0.39781803 -0.19584942
v 0.73109043 -0.34987059 -0.16063544
v 0.74196494 -0.33468628 -0.13827571
v 0.71699691 -0.30525103 -0.12094793
v 0.76084316 -0.36100847 -0.15396824
v 0.70343870 -0.31698409 -0.14565715
v 0.55431390 -0.16636488 0.14432351
v 1.08107126 0.16467233 0.19746894
v 1.01149046 0.16413759 0.12659103
v 0.65060294 -0.24753520 -0.09497604
v 0.62810928 -0.25311682 -0.12419647
v 0.66801739 -0.28351089 -0.13207385
v -0.35171619 0.52832294 -0.00386776
v -0.35652098 0.50385088 -0.02930561
v 0.01391681 -0.22575921 0.01592178
v 0.04583716 -0.24208251 -0.00720125
v -0.52972567 0.16751613 0.13940927
v 0.66857278 -0.25543070 0.15197654
v 0.07225643 -0.01198976 0.18994382
v 0.63282895 -0.26093194 0.17950851
v 0.66742170 -0.26664811 0.16570672
v 0.19148056 -0.10041109 0.16056556
v 0.24870476 -0.12238345 0.16435732
v -0.46089599 -0.35955036 0.34170294
v -0.24776307 -0.41155115 0.83625793
v -0.19956183 0.77145326 0.14549807
v -0.36127582 0.53864127 0.30844623
v -0.33464894 0.53566045 0.37147921
v -0.37008706 0.50552046 0.33993864
v -0.45837483 0.08786412 -0.17251927
v 0.58163393 -0.16623299 0.09911282
v 0.57635206 -0.16070884 0.05872095
v -0.06373700 0.80287898 0.26127315
v 0.13605714 -0.08435133 0.16128072
v 0.08638561 -0.07426436 0.16680487
v 0.04362515 -0.06969279 0.17546843
v 0.07843967 -0.10031748 0.16346115
v 0.03343008 -0.09517719 0.17055421
v -0.58726335 0.29298338 -0.07275477
v -0.58282685 0.22434707 -0.11984110
v -0.55694914 0.19928311 -0.17327198
v 0.48256975 0.41644740 0.35935211
v 0.45439440 0.40272018 0.38029033
v 0.02697466 0.19877523 -0.20097116
v 0.46951592 0.13689584 0.21609177
v -0.46121451 0.38882616 0.26592413
v 0.70114851 0.33002335 -0.00719532
v 0.75925946 0.24943011 -0.00768244
v 0.24764733 -0.09998477 0.15841734
v 0.19133085 -0.07489167 0.15663850
v 0.30201924 -0.14911272 0.17098249
v 0.30289516 -0.13138136 0.16578601
v 0.13903689 -0.05677825 0.16077891
v 0.55581951 0.32010305 0.27688399
v 0.54392266 0.34809250 0.29035705
v -0.38564965 -0.51597250 0.58479506
v -0.41123196 -0.51917392 0.55472279
v -0.36029777 -0.50188804 0.56224322
v -0.38570246 -0.50352120 0.52574962
v -0.43854991 -0.50904769 0.52415115
v -0.33815852 -0.47582713 0.54151821
v -0.36190215 -0.47527876 0.49875215
v 0.68577880 -0.27537957 -0.10501212
v 0.70078635 -0.27099961 -0.08230628
v 0.70446587 0.29224199 0.20899588
v 0.68890285 0.31035548 0.21156386
v 0.33194074 -0.36385369 0.11318798
v 0.20145088 0.04057498 0.20974459
v -0.48774353 0.12997532 -0.19707796
v 0.13155076 -0.22417518 -0.20663202
v 0.35621652 0.27312982 -0.14197713
v 0.38172358 0.19786073 -0.06597538
v 0.37082997 0.23425183 -0.11199164
v 0.41691196 0.26318604 -0.12663049
v 0.04960743 0.66778505 0.48615947
v -0.28055409 -0.40640584 0.63917363
v 0.29066628 -0.31448391 0.12659344
v -0.17387623 -0.20815983 0.19942838
v 0.62934953 -0.55529588 -0.22269422
v 0.62231332 -0.56791550 -0.20771036
v -0.46318033 0.07192974 0.16797122
v 0.76475644 0.24403492 0.18493429
v 0.75859320 0.26355761 0.19602400
v 0.72229767 0.23083358 0.18102965
v 0.75810778 0.22641553 0.17060679
v 0.70611072 0.20966791 0.16400144
v -0.51763105 0.19856693 0.20501640
v 0.75095010 -0.32272881 -0.11717688
v 0.72785687 -0.29698092 -0.09941518
v 0.75962806 -0.31431857 -0.09544268
v 0.73758161 -0.29116690 -0.07953227
v -0.42736652 -0.33628383 0.30530009
v -0.45001331 -0.30399883 0.27271420
v 0.54963183 -0.16301011 -0.06651613
v 0.93145180 -0.45745298 -0.09460273
v 0.56574523 -0.57939285 -0.00514083
v 0.58826572 -0.59597594 -0.01597275
v 1.20073938 0.31955740 0.10904965
v -0.25666460 0.59803331 0.42623150
v -0.51185012 -0.33155525 0.34559071
v 0.39689979 -0.38506702 -0.23168325
v 0.79947209 -0.52659541 -0.24995464
v 0.45946458 0.25446552 -0.11559948
v 0.44539088 0.30215359 -0.12110576
v 0.50503397 0.27987882 -0.10327441
v 0.48148012 0.31910571 -0.10051489
v 0.43391323 0.35657665 -0.11177802
v 0.40148777 0.30978268 -0.13713399
v 0.43958822 -0.05246249 0.11782624
v -0.28709045 -0.39117879 0.53206635
v -0.27881327 -0.38345033 0.57222718
v 0.52601266 -0.13840951 0.01287958
v 0.67897558 0.19281226 0.14853989
v 0.77046359 -0.34707496 -0.13252193
v 0.75073969 -0.41995659 -0.20480824
v -0.52212059 0.21821044 -0.23075718
v -0.51086938 0.17396325 -0.21744359
v 0.50534773 -0.48472163 -0.21762022
v 0.62620258 -0.61916476 0.00795341
v 0.61200500 -0.61405385 -0.02736269
v 1.42723358 0.36908844 0.22771923
v -0.29634741 0.56712306 0.40063584
v -0.33121833 0.50602329 0.40315339
v -0.05288273 0.05761409 0.32263196
v -0.01042256 0.08085681 0.33040798
v -0.04701790 -0.18695270 0.10933325
v -0.03360435 -0.19716959 0.08482641
v -0.07099199 -0.18539414 0.12336026
v -0.06766284 -0.17887266 0.13407871
v 0.91136098 -0.45716473 -0.12361002
v -0.16391984 -0.06865741 0.32637212
v -0.20235169 -0.10581173 0.36809745
v -0.17712986 -0.09138271 0.33470458
v -0.57633924 -0.20885678 0.40189534
v -0.23683792 0.42949128 -0.25409222
v -0.21171084 0.46728268 -0.24709541
v 1.32746041 0.40158799 0.25080943
v 1.37479889 0.39671528 0.28196681
v -0.27272609 -0.25313616 0.21296033
v -0.23939493 -0.23771334 0.20234314
v -0.26963362 -0.36352208 0.63505876
v -0.00499433 -0.09374769 0.18122110
v -0.03818408 -0.09649226 0.19576468
v 0.53272343 -0.14472787 0.13375302
v 0.55537176 -0.17746475 0.15659939
v -0.07290524 0.00282128 0.28755164
v -0.12010029 -0.03169052 0.29987341
v 0.50563705 -0.11811657 0.12390332
v 0.53445822 -0.15747753 0.14737637
v 1.30761480 0.39280951 0.31334627
v -0.08099073 0.62119633 -0.21732700
v -0.10488448 0.65294981 -0.18880019
v 1.46174443 0.21869634 0.35429263
v 1.48402762 0.21863222 0.31991598
v 1.47420967 0.26049420 0.33581787
v -0.33793178 -0.48953244 0.59901613
v -0.09423909 -0.18126547 0.14968486
v 0.34746411 -0.18003914 0.17939547
v 0.38346040 -0.21281657 0.18840995
v 0.55657029 -0.56267416 -0.10739651
v 0.46550983 -0.31984827 0.21069239
v 0.45155790 -0.07444040 0.02464208
v 0.67737317 -0.55504572 0.15997323
v 0.69841594 -0.58432227 0.15187058
v -0.09418282 -0.18638709 0.13910486
v -0.07310641 -0.19194427 0.11124612
v 1.41478729 0.24988796 0.38831094
v 1.42616761 0.29228228 0.37525845
v 1.44713151 0.25617141 0.36895186
v 1.45463169 0.30056617 0.34595835
v 1.33118081 0.38042626 0.33571985
v 1.39815772 0.35131201 0.36461097
v 1.38913369 0.37148413 0.34974283
v 1.40244579 0.39021322 0.30870467
v 1.37620699 0.38549900 0.32974133
v 1.41679788 0.37896121 0.32885438
v 1.35348034 0.39550582 0.30552250
v 1.41268194 0.37467903 0.22258314
v 1.43667507 0.37760478 0.26349196
v 1.41748321 0.38281348 0.24720675
v 1.41479909 0.38945362 0.27894104
v 1.40964592 0.32479623 0.37382624
v 1.43771982 0.33458024 0.34813035
v 1.45037663 0.36579743 0.27165177
v 1.42615044 0.36073539 0.34207928
v 1.45655417 0.34173504 0.31262040
v 1.44385719 0.36641061 0.30926800
v 1.43228114 0.38164791 0.29814506
v -0.27986738 -0.34697887 0.44815037
v -0.06064242 -0.20038703 0.08376518
v -0.08547348 -0.20660415 0.07588156
v -0.07693335 -0.19933483 0.09595219
v -0.05369520 -0.19359648 0.09759434
v 0.45827964 0.49795467 -0.06467617
v 0.78117323 -0.33704385 -0.10914005
v -0.10997665 -0.00993356 0.30476531
v -0.35847923 0.48670286 -0.06437206
v -0.43606308 -0.00115867 -0.02265342
v 0.79418862 -0.33110723 -0.08258292
v -0.13153827 0.78609544 0.21757078
v -0.02267000 -0.21502313 0.01658642
v 0.65411508 -0.48164842 0.19145834
v 0.65437567 -0.52685326 0.16804112
v -0.11068168 0.78793973 0.24424416
v -0.04434341 0.12828803 0.37411791
v 0.09393814 -0.04544469 0.16965464
v -0.16699964 0.78946829 0.06627820
v 0.22620574 0.01556059 0.17096612
v 0.25840983 -0.01177791 0.14291906
v 0.56869674 -0.38447621 0.21014178
v 0.55050778 -0.40183675 0.20271733
v -0.23097438 0.50716811 -0.21311077
v -0.10387373 -0.20648590 0.08889408
v -0.09466881 -0.19906633 0.11049168
v 0.50205630 0.23340990 -0.09529559
v 0.44647074 0.22559081 -0.09768184
v 0.76964617 -0.30895475 -0.07140374
v 0.47350258 -0.08663557 0.11778852
v -0.32551929 0.50438720 -0.10601926
v -0.31014636 0.49277803 -0.14553863
v -0.35562918 0.47301313 -0.10528664
v 0.76901853 -0.36716455 0.18943906
v 0.29920769 -0.04284098 0.12977271
v -0.37268439 0.47165668 0.37230295
v 0.39712566 0.40869743 -0.13402846
v -0.28222594 -0.20780082 0.56097317
v -0.26197049 -0.17701209 0.48985824
v -0.28036425 -0.22957715 0.58260965
v -0.33709064 0.53823644 -0.04230796
v -0.33354411 0.51929152 -0.07149327
v -0.31613544 0.55260545 -0.08272587
v -0.29509458 0.55755639 -0.11480312
v -0.30625275 0.53624672 -0.10883185
v -0.27760097 0.55274177 -0.14055234
v -0.28930750 0.52377295 -0.14268640
v 0.05631752 -0.04058051 0.18132433
v -0.11343616 0.59401226 -0.22564477
v 0.33303308 -0.32256231 0.14710820
v 0.35322794 -0.34727144 0.14281271
v 0.35933906 -0.30458024 0.17048509
v 0.31119618 -0.34032932 0.11954236
v 0.31295848 -0.29631510 0.15151671
v 0.10789594 -0.18899961 0.13252978
v -0.22791052 -0.11915594 0.40682793
v -0.10024330 -0.21120960 0.05120186
v -0.12052050 -0.21035407 0.02277128
v -0.12248003 -0.21133459 0.06260405
v 0.80501413 -0.36791360 0.16570903
v -0.26369074 0.51475489 -0.17942536
v -0.18394682 -0.21359381 0.17921670
v -0.20931175 -0.22125030 0.15412606
v -0.46490934 -0.51397663 0.56469411
v -0.51681411 -0.49059507 0.59113234
v -0.10941249 0.62468845 -0.20768508
v 0.23230231 -0.01917289 0.14269817
v -0.06384212 0.02222122 0.29731745
v 0.60168648 -0.59987819 0.01939863
v -0.23944825 -0.23129556 0.16613169
v 0.57705855 -0.58226264 0.02951340
v -0.21021557 -0.22450784 0.19169477
v -0.15096697 -0.21255854 0.07642429
v -0.12661850 -0.20694560 0.10420820
v 0.27219206 -0.32986090 0.09889194
v -0.03604984 0.01194904 0.27518845
v 0.40372276 0.45327404 -0.13751152
v -0.37788668 -0.25843439 0.17628279
v -0.33956441 -0.26607284 0.19988543
f 1 2 3
f 4 2 5
f 2 4 6
f 7 8 1
f 9 5 10
f 11 7 12
f 13 14 15
f 16 17 14
f 18 14 19
f 15 20 13
f 15 21 22
f 20 15 23
f 24 25 26
f 27 28 29
f 30 31 25
f 32 33 34
f 35 36 32
f 37 33 38
f 39 32 40
f 40 34 41
f 34 42 43
f 33 37 42
f 44 45 46
f 47 40 48
f 49 39 47
f 39 49 50
f 51 52 53
f 54 55 51
f 56 57 55
f 58 52 59
f 55 54 56
f 60 61 62
f 63 19 61
f 64 65 66
f 65 67 68
f 66 68 69
f 70 65 71
f 72 64 73
f 71 64 74
f 69 75 66
f 54 76 77
f 78 79 76
f 51 80 54
f 76 80 78
f 81 80 53
f 82 83 84
f 84 85 82
f 86 87 88
f 87 89 84
f 88 83 90
f 82 91 83
f 21 17 92
f 17 16 82
f 93 94 95
f 96 97 95
f 95 98 93
f 99 100 101
f 95 99 96
f 94 102 99
f 103 104 57
f 105 59 106
f 107 108 104
f 109 110 111
f 112 113 101
f 114 112 111
f 113 115 96
f 116 117 113
f 12 1 118
f 119 12 120
f 121 122 118
f 123 121 3
f 124 119 125
f 126 11 127
f 127 124 128
f 129 130 131
f 125 130 128
f 131 132 129
f 130 129 133
f 134 123 6
f 12 119 11
f 132 131 120
f 135 7 126
f 136 98 134
f 123 134 115
f 136 134 137
f 87 86 138
f 86 88 139
f 140 89 107
f 105 106 138
f 107 141 140
f 110 62 114
f 142 23 143
f 143 112 142
f 62 20 142
f 105 138 144
f 145 146 144
f 59 105 58
f 146 147 58
f 148 145 149
f 139 148 86
f 138 108 87
f 150 103 56
f 121 123 117
f 129 150 77
f 120 122 132
f 89 140 85
f 140 151 92
f 98 136 152
f 93 152 153
f 152 154 155
f 156 151 157
f 23 22 156
f 143 156 116
f 158 117 157
f 117 158 121
f 159 158 141
f 143 116 112
f 160 159 103
f 104 159 107
f 103 150 160
f 122 158 160
f 161 162 27
f 26 28 163
f 29 164 27
f 165 166 167
f 168 169 165
f 167 170 165
f 171 172 173
f 174 175 172
f 176 171 177
f 173 166 178
f 178 179 173
f 74 72 163
f 26 72 24
f 163 162 180
f 181 161 182
f 183 181 184
f 164 185 182
f 184 186 183
f 31 187 29
f 188 189 190
f 188 191 192
f 190 193 194
f 191 188 195
f 196 197 189
f 197 198 193
f 192 199 188
f 200 199 201
f 200 201 202
f 203 204 205
f 204 206 202
f 202 207 200
f 208 207 209
f 203 210 204
f 206 204 211
f 212 213 214
f 215 214 216
f 217 212 215
f 218 219 217
f 213 212 220
f 221 215 222
f 223 224 214
f 223 213 225
f 224 223 226
f 227 228 220
f 200 196 199
f 197 196 208
f 229 71 230
f 231 232 233
f 233 70 229
f 232 67 70
f 171 176 231
f 233 234 231
f 229 235 233
f 170 167 216
f 194 236 50
f 195 190 237
f 238 239 43
f 240 238 45
f 67 232 241
f 177 242 176
f 243 244 245
f 218 246 247
f 244 248 247
f 247 249 218
f 244 250 248
f 251 243 252
f 253 243 254
f 243 253 244
f 252 245 255
f 255 256 252
f 257 258 238
f 238 240 257
f 259 258 260
f 239 258 261
f 50 35 39
f 237 194 262
f 24 73 263
f 263 30 24
f 67 241 264
f 242 177 265
f 172 171 174
f 36 35 198
f 266 267 268
f 268 210 269
f 270 211 266
f 271 203 272
f 205 201 272
f 273 274 192
f 230 275 229
f 264 242 276
f 68 264 277
f 278 44 279
f 37 280 46
f 281 279 282
f 38 283 37
f 185 284 184
f 284 260 186
f 45 44 240
f 285 217 221
f 246 218 285
f 221 286 285
f 287 288 209
f 209 206 287
f 289 208 290
f 290 283 289
f 291 283 288
f 292 288 293
f 294 291 292
f 252 295 251
f 296 297 251
f 298 296 299
f 278 300 181
f 162 161 301
f 279 281 278
f 181 183 278
f 302 222 175
f 222 303 221
f 304 305 303
f 275 305 235
f 235 304 234
f 303 222 304
f 306 307 308
f 303 307 286
f 234 302 174
f 230 74 180
f 226 168 224
f 255 246 309
f 256 255 310
f 286 311 309
f 211 270 287
f 299 295 312
f 36 198 38
f 198 197 289
f 266 268 299
f 261 48 239
f 180 313 230
f 275 313 305
f 270 312 293
f 314 292 315
f 248 220 249
f 316 282 294
f 283 291 280
f 317 313 301
f 313 317 308
f 301 300 317
f 312 270 299
f 312 256 315
f 311 314 310
f 292 314 294
f 308 316 306
f 307 306 311
f 317 281 316
f 4 5 318
f 319 185 187
f 185 319 284
f 318 320 4
f 320 154 137
f 154 320 321
f 79 322 133
f 210 203 323
f 324 325 326
f 325 324 327
f 326 328 324
f 328 326 329
f 330 331 332
f 333 330 334
f 335 336 337
f 338 339 340
f 341 342 336
f 337 343 335
f 344 345 339
f 346 347 348
f 346 349 350
f 349 346 351
f 348 352 353
f 347 354 352
f 355 356 357
f 357 358 359
f 360 361 362
f 359 361 363
f 356 364 358
f 365 366 367
f 367 368 365
f 365 369 370
f 371 372 373
f 368 374 369
f 375 376 377
f 378 379 380
f 381 382 383
f 379 384 385
f 379 378 384
f 379 386 383
f 386 379 387
f 388 389 390
f 388 391 389
f 392 393 389
f 391 388 394
f 395 396 390
f 397 398 399
f 399 400 397
f 400 399 401
f 402 403 404
f 399 403 405
f 406 407 408
f 409 406 410
f 411 412 413
f 414 415 411
f 415 416 412
f 412 417 408
f 418 413 419
f 420 421 422
f 422 423 420
f 420 424 425
f 423 422 426
f 427 428 429
f 430 431 432
f 433 434 431
f 429 435 427
f 431 430 433
f 434 433 436
f 437 438 439
f 439 440 437
f 441 442 437
f 443 441 444
f 445 446 441
f 444 447 443
f 448 449 450
f 449 448 451
f 452 453 454
f 455 448 456
f 457 452 458
f 459 460 461
f 461 462 463
f 462 460 464
f 336 335 341
f 465 466 467
f 468 469 470
f 468 471 472
f 470 473 474
f 474 475 470
f 470 476 468
f 477 478 479
f 480 481 482
f 483 484 481
f 485 483 480
f 483 485 486
f 480 487 485
f 488 489 490
f 489 491 492
f 491 489 493
f 494 495 492
f 496 488 497
f 498 494 499
f 500 501 502
f 502 503 500
f 504 505 502
f 506 503 507
f 505 504 508
f 509 504 510
f 402 511 512
f 513 514 512
f 512 515 513
f 515 516 517
f 516 515 518
f 519 520 521
f 522 523 524
f 525 526 520
f 527 521 528
f 523 522 529
f 521 523 530
f 531 532 533
f 533 534 535
f 532 536 534
f 532 531 537
f 533 538 531
f 535 539 533
f 540 541 542
f 543 544 545
f 546 547 544
f 548 549 545
f 545 550 543
f 551 548 541
f 552 553 554
f 555 556 557
f 554 555 558
f 556 555 559
f 560 552 561
f 562 563 560
f 564 565 566
f 567 568 564
f 569 567 570
f 568 567 571
f 566 572 564
f 573 574 575
f 574 573 576
f 576 577 574
f 574 578 579
f 580 581 582
f 581 583 576
f 584 585 586
f 587 584 588
f 588 586 589
f 590 591 592
f 585 593 590
f 586 590 594
f 393 392 595
f 596 597 598
f 391 599 392
f 600 393 601
f 69 277 602
f 603 425 276
f 425 603 420
f 75 69 604
f 604 602 605
f 434 606 429
f 607 608 609
f 610 611 612
f 612 613 610
f 608 607 614
f 613 612 615
f 616 617 618
f 617 616 619
f 618 338 616
f 620 621 622
f 623 620 624
f 617 625 622
f 626 627 628
f 582 629 580
f 628 630 631
f 626 632 633
f 633 634 626
f 628 635 626
f 636 637 638
f 637 636 639
f 640 641 642
f 642 636 643
f 644 645 646
f 646 643 644
f 646 647 648
f 649 355 650
f 651 649 652
f 650 357 653
f 654 655 656
f 657 658 656
f 659 660 657
f 661 659 655
f 656 662 654
f 655 654 663
f 656 664 662
f 665 666 667
f 667 668 669
f 670 667 671
f 666 370 668
f 370 666 672
f 673 674 675
f 676 677 678
f 679 680 676
f 681 682 674
f 682 683 678
f 684 685 686
f 686 687 688
f 687 689 690
f 691 692 693
f 693 684 694
f 695 696 697
f 698 699 700
f 701 700 702
f 703 702 695
f 697 699 704
f 705 706 698
f 707 708 709
f 708 707 710
f 711 707 712
f 712 709 713
f 714 715 716
f 717 716 718
f 719 720 721
f 722 723 719
f 724 725 726
f 727 719 728
f 728 721 729
f 730 731 31
f 732 572 733
f 733 734 735
f 736 737 738
f 732 739 740
f 739 732 741
f 742 662 743
f 743 744 745
f 746 747 748
f 749 750 751
f 748 752 746
f 753 754 755
f 754 753 756
f 748 753 757
f 758 759 760
f 761 762 760
f 763 758 764
f 758 763 765
f 759 758 766
f 767 764 768
f 769 447 770
f 771 772 769
f 440 773 444
f 774 771 775
f 771 774 776
f 776 777 771
f 778 779 780
f 781 782 778
f 783 784 785
f 780 784 397
f 784 783 398
f 782 786 779
f 767 785 787
f 561 554 788
f 789 560 790
f 788 791 561
f 792 789 793
f 794 795 796
f 797 796 798
f 799 794 797
f 800 801 802
f 803 804 800
f 796 801 805
f 806 807 808
f 807 809 810
f 811 812 813
f 813 806 814
f 808 810 815
f 816 817 818
f 819 820 816
f 821 817 822
f 823 824 820
f 825 819 826
f 826 816 827
f 828 829 830
f 831 832 833
f 834 835 830
f 836 828 837
f 836 838 828
f 832 839 840
f 830 839 834
f 841 842 843
f 842 841 844
f 843 845 841
f 846 847 848
f 849 850 846
f 846 851 849
f 848 852 853
f 854 852 855
f 848 853 846
f 856 857 858
f 857 859 860
f 859 857 861
f 862 863 860
f 858 864 856
f 865 866 867
f 868 865 869
f 867 870 631
f 871 872 866
f 873 874 875
f 874 876 877
f 878 497 874
f 879 880 881
f 874 873 878
f 882 883 884
f 882 885 886
f 887 888 884
f 885 882 889
f 890 891 892
f 893 894 895
f 892 896 890
f 897 898 899
f 898 900 901
f 897 902 903
f 904 905 901
f 902 897 906
f 907 908 909
f 910 911 912
f 910 913 911
f 908 914 911
f 915 907 916
f 917 918 919
f 611 920 609
f 609 921 607
f 918 917 571
f 922 923 924
f 919 921 925
f 919 926 917
f 926 919 927
f 928 929 930
f 931 932 933
f 934 932 935
f 932 934 930
f 936 937 931
f 938 933 939
f 940 941 942
f 941 943 944
f 945 946 944
f 942 947 940
f 948 949 940
f 950 254 951
f 952 253 950
f 31 30 730
f 139 90 953
f 954 91 955
f 955 956 954
f 668 372 957
f 365 370 366
f 958 959 960
f 961 962 963
f 964 965 960
f 963 966 961
f 967 968 969
f 935 937 969
f 970 971 972
f 969 970 935
f 968 967 973
f 971 970 974
f 973 975 968
f 449 976 454
f 977 978 979
f 979 980 977
f 977 981 982
f 983 981 984
f 985 986 987
f 988 989 985
f 987 990 985
f 985 859 988
f 991 992 987
f 987 993 991
f 993 994 995
f 996 997 998
f 999 996 1000
f 998 1001 1002
f 1003 1001 1004
f 1005 1006 1003
f 662 742 1007
f 1008 1009 1007
f 1007 1010 1008
f 742 1011 1010
f 743 1012 742
f 1013 1014 1015
f 679 780 1014
f 48 1016 47
f 1017 49 1018
f 1018 1019 1017
f 1019 1018 1020
f 1021 1022 1023
f 1023 1024 1021
f 1021 1025 1026
f 1026 1027 1021
f 1023 1028 1029
f 1028 697 1030
f 697 1028 695
f 1031 1032 1033
f 1034 1035 1033
f 1036 1034 1037
f 1038 1036 1039
f 1032 1040 1037
f 1041 596 1042
f 1041 1043 1044
f 1044 597 1041
f 599 1045 598
f 1046 597 1047
f 1047 1044 1048
f 1049 1020 1050
f 1051 1049 1052
f 1053 1049 1054
f 1054 1050 1055
f 1056 1057 1058
f 1059 1060 1061
f 1062 1063 989
f 1064 1062 988
f 989 1065 986
f 986 1066 993
f 1067 1068 1069
f 1068 1067 1070
f 1069 1071 1067
f 1072 1073 1069
f 1069 1074 1072
f 1068 1075 1074
f 1076 1077 794
f 1077 1078 795
f 1079 1080 1081
f 1082 1083 1084
f 1080 1085 1084
f 1086 1087 1088
f 1088 1082 1086
f 1085 1089 1086
f 1090 1091 1092
f 1093 1094 1092
f 1095 1093 1096
f 645 1090 647
f 1097 1098 1090
f 1097 1090 1099
f 1100 1101 1102
f 1103 1104 1101
f 1105 1106 1107
f 1106 1105 1108
f 1102 1106 1109
f 1110 1111 1112
f 1113 1114 1112
f 1112 1115 1110
f 1116 1115 905
f 1117 906 1113
f 1118 1113 1119
f 1120 1117 1118
f 1121 1122 1123
f 1124 1125 1122
f 1123 1126 1121
f 1127 1128 1123
f 1123 1129 1127
f 1130 1131 1132
f 1133 1134 1135
f 1135 1130 1136
f 1137 1138 1139
f 1140 1137 1141
f 786 782 1142
f 1143 1144 1145
f 1142 1146 786
f 1144 1143 1147
f 1148 1143 683
f 1149 1150 1151
f 1152 1153 1154
f 1153 1155 1151
f 1154 1156 1152
f 1150 1157 1154
f 1150 1149 1158
f 1158 1159 1150
f 1160 1161 665
f 672 1161 1162
f 1161 1160 1163
f 665 1164 1160
f 1164 665 670
f 1165 1038 1166
f 1166 1039 1167
f 688 690 1032
f 690 1168 1040
f 49 1017 262
f 262 1169 237
f 1170 1169 1171
f 1172 1173 1174
f 1173 1172 1175
f 1176 1177 1178
f 1175 1177 1179
f 1177 1176 1180
f 1178 1172 1181
f 419 407 1181
f 1182 1183 406
f 1184 1185 649
f 1027 703 1022
f 1186 1187 1188
f 1189 1186 1190
f 1186 1189 1191
f 1190 1188 1192
f 1188 1193 1194
f 1193 1195 1196
f 1187 1197 1193
f 1198 1199 1200
f 1200 1201 863
f 1202 1203 1204
f 1200 1205 1198
f 1206 1207 1208
f 1208 1209 1206
f 1210 1211 1212
f 1213 1214 1215
f 1214 1134 1207
f 1207 1206 1215
f 1216 1131 1213
f 1141 1139 1216
f 1131 1130 1214
f 1217 1218 1219
f 1217 1220 1221
f 1219 1222 1223
f 1224 1219 1225
f 1219 1224 1217
f 1218 1226 1222
f 1227 1228 638
f 1229 1230 1228
f 572 566 734
f 1231 736 1232
f 740 570 732
f 1233 1234 1235
f 1235 1236 1233
f 1237 1238 1239
f 945 1239 1240
f 1241 1242 1243
f 1244 1245 1246
f 1242 1247 1246
f 1248 1249 1241
f 1247 1242 1250
f 825 1251 1252
f 1251 825 1253
f 819 825 1254
f 1252 1255 1256
f 1257 1258 1259
f 1259 1260 1257
f 1257 1261 81
f 1262 1263 1264
f 1265 1266 227
f 225 228 1267
f 1267 1266 1268
f 1266 1265 1269
f 1270 1271 1272
f 1273 1274 1275
f 1275 1276 1273
f 1277 1270 1278
f 1279 1280 1272
f 1281 1282 1283
f 1284 1285 1282
f 1286 1287 1288
f 1289 1290 1286
f 1290 1291 1287
f 1292 1293 1294
f 1294 1295 1292
f 1296 1297 1292
f 1298 1299 1300
f 1301 1302 1303
f 1304 1305 1303
f 1303 1306 1301
f 1302 1307 1308
f 1309 1304 1308
f 1302 1301 1310
f 1311 195 1312
f 195 1311 191
f 318 9 1313
f 1314 1315 1316
f 1313 1317 318
f 1317 1313 1318
f 1319 1314 1320
f 501 500 1321
f 500 1322 1323
f 1324 1325 1326
f 1325 1327 1323
f 1327 1328 1321
f 1329 1330 1331
f 1332 1333 1331
f 1334 1335 1336
f 1337 1329 1335
f 1338 1339 1332
f 1331 1340 1332
f 1341 1342 1343
f 1344 456 1345
f 1346 1341 453
f 1342 1341 1347
f 456 450 1343
f 935 972 934
f 972 1348 1349
f 1350 1351 1352
f 1353 1352 1354
f 1351 1355 1356
f 1352 1356 1357
f 1358 1351 1359
f 1351 1358 1355
f 508 1360 505
f 1361 1362 1363
f 880 879 1364
f 1365 1366 1364
f 1367 1368 496
f 496 880 1367
f 1366 1365 1369
f 1364 1370 1365
f 1371 1372 1373
f 1374 749 1375
f 1376 1377 1374
f 1378 1374 1379
f 1379 1375 1380
f 752 1381 751
f 1221 1382 1217
f 1382 1383 1218
f 1384 1385 1386
f 1387 1384 1388
f 1389 1390 1391
f 1388 1386 1392
f 1393 1391 1394
f 1048 1395 1396
f 1397 1048 1398
f 1395 1399 1400
f 1401 1402 1400
f 1048 1403 1395
f 1404 1405 1406
f 1406 1407 1408
f 1409 1410 1411
f 1405 1404 1412
f 1405 1413 1407
f 1414 1415 1416
f 1417 1416 1418
f 1308 1419 1309
f 1418 1419 1420
f 1415 1421 1309
f 1422 1423 1424
f 1424 1393 1425
f 1391 1393 1389
f 1389 1423 1426
f 1027 1026 1427
f 1428 904 1427
f 1427 1429 1428
f 1430 1429 1431
f 1432 1082 1433
f 1434 1433 1435
f 1436 1437 1438
f 1438 1439 1440
f 1441 1439 1442
f 1443 1444 1436
f 1445 1446 1447
f 1448 1449 1450
f 1446 1451 1448
f 1446 1445 953
f 1451 1446 956
f 1238 1237 1452
f 944 1237 945
f 1452 1453 1238
f 1452 943 1454
f 1455 1456 1457
f 1458 601 1456
f 1047 1459 1046
f 1460 1458 1455
f 1461 1462 1463
f 1463 1464 653
f 1461 1465 1466
f 1465 1461 363
f 1462 1461 1467
f 1468 1436 1469
f 1470 1443 1468
f 1471 1472 1128
f 1472 1473 1474
f 1475 1471 1476
f 1126 1472 1477
f 1478 1479 1480
f 1480 1481 1478
f 1482 1483 1484
f 1485 1486 1487
f 1488 525 519
f 521 527 519
f 519 1489 1488
f 525 1488 1490
f 526 525 1491
f 1492 1493 1494
f 1494 1495 1496
f 1497 1495 1498
f 1499 1500 1501
f 1500 1502 1492
f 1501 1492 1503
f 1503 1494 1504
f 1505 1506 274
f 271 272 1507
f 1508 1509 1510
f 1510 1511 1508
f 1512 1513 1510
f 1514 1515 1510
f 1509 1516 1514
f 1517 1518 1519
f 1520 1521 1522
f 1519 1523 1517
f 1523 1524 1522
f 1522 1525 1520
f 1526 1527 1528
f 1528 1529 334
f 1527 1530 1529
f 1531 1532 1533
f 1534 333 1532
f 1530 1535 1533
f 1536 1531 1537
f 1538 1539 486
f 1540 1541 1542
f 1543 1544 1538
f 484 483 1541
f 1545 1544 385
f 1546 1545 1547
f 1548 1547 1549
f 1547 1548 1546
f 982 1550 977
f 1550 1551 978
f 1552 1553 1554
f 978 1555 1556
f 1554 1555 1557
f 1558 1550 1559
f 1560 664 1561
f 664 1560 744
f 660 1562 658
f 1562 1563 1561
f 1561 1164 1560
f 438 1564 1565
f 1566 1567 1565
f 1568 1566 1569
f 1570 1571 1572
f 1573 1574 1575
f 1576 1572 1577
f 1571 1578 1575
f 1579 1580 1221
f 1581 1411 1582
f 1412 1583 1405
f 1584 1409 1581
f 1581 1585 1584
f 1582 1413 1586
f 1582 1587 1581
f 1587 1582 1588
f 1589 1590 1591
f 1592 1593 1590
f 1590 1594 1595
f 1592 1590 1596
f 1597 1593 1598
f 1599 1600 1601
f 1601 1602 1599
f 1603 1604 1605
f 1606 1600 1607
f 1600 1599 1608
f 1600 1606 1605
f 339 338 344
f 621 1609 618
f 342 1610 340
f 1542 1611 1540
f 1611 1612 1613
f 1614 1615 1616
f 1615 1617 1613
f 1545 1546 1542
f 1544 1545 1539
f 1541 1540 484
f 1197 1187 1618
f 1187 1186 1619
f 1620 1621 1619
f 1618 1622 1197
f 1623 1624 1625
f 1623 1504 1609
f 1504 1623 1503
f 1624 1623 621
f 1626 1501 1625
f 1627 1626 1628
f 1629 1627 1630
f 1631 1632 1633
f 1632 1631 1634
f 1635 1632 1636
f 1637 1638 1639
f 1633 1637 1640
f 1638 1637 1635
f 1310 1641 1302
f 1420 1307 1642
f 1267 1643 225
f 1268 1644 1267
f 168 226 1645
f 1646 1647 1648
f 1648 1649 1646
f 1650 1651 1646
f 1648 1652 1653
f 1654 1652 1655
f 1656 1657 1654
f 1658 1659 1184
f 1660 1184 651
f 1661 1658 1660
f 651 1662 1660
f 1663 1664 1665
f 1665 1666 1667
f 757 755 1668
f 1664 1669 1666
f 1670 1671 1663
f 1665 1672 1663
f 1673 1674 1675
f 1676 1673 1677
f 1678 1679 1676
f 1679 1680 1673
f 1677 1339 1676
f 1681 1682 1683
f 1684 1682 1426
f 611 610 1684
f 920 611 1685
f 1426 1686 1684
f 1326 1687 1324
f 1688 1689 1690
f 1689 1688 1147
f 1691 1688 1692
f 1690 1687 1693
f 1192 1694 1190
f 1695 1696 1694
f 342 341 1194
f 1697 1698 1190
f 1699 1700 1412
f 1699 1701 1700
f 1586 1583 1702
f 1703 1702 1704
f 1705 1706 1707
f 1708 1709 1706
f 1710 1707 1711
f 1712 1713 1714
f 1715 1714 1716
f 1717 1334 1718
f 1719 1337 1334
f 1720 1719 1717
f 1719 1720 1721
f 1722 1717 1723
f 1717 1722 1720
f 1724 1725 1726
f 1727 1728 1729
f 1728 1730 1724
f 1731 1732 1733
f 1734 1735 1727
f 1736 1387 1737
f 1418 1736 1417
f 1392 1738 1388
f 1739 1740 1741
f 1740 1739 1742
f 1743 1744 1745
f 1111 1743 1119
f 1746 1118 1745
f 1742 1746 1740
f 1747 1748 1749
f 1750 1747 1751
f 1752 1747 1753
f 1754 1755 1749
f 1756 1754 1757
f 1758 1757 1759
f 1757 1758 1756
f 1760 1761 1762
f 1122 1763 1124
f 1763 1764 1762
f 1765 889 1760
f 1125 1124 1766
f 1498 1767 1497
f 1768 1767 1769
f 1767 1498 1770
f 1495 1497 1771
f 1772 1773 1774
f 1767 1768 1774
f 1775 1776 1777
f 1776 1778 1779
f 1777 1779 1408
f 1780 1781 1782
f 1778 1783 1782
f 1784 1785 354
f 1786 1787 1788
f 354 347 1784
f 1785 1784 1789
f 1787 1790 1791
f 1792 792 1793
f 793 790 1794
f 1794 1795 793
f 1796 1797 1792
f 1798 1792 1799
f 1800 1801 1802
f 1803 928 1804
f 1801 1805 1804
f 1806 1807 1808
f 1808 1809 1806
f 1810 1811 1812
f 1808 1813 1814
f 1807 1815 1813
f 1816 1817 1818
f 1819 1820 1821
f 1822 1820 1823
f 1817 1816 1822
f 1821 1816 1824
f 1821 1825 1819
f 597 1046 595
f 1826 600 1458
f 1827 1828 1829
f 1830 1831 1832
f 1828 1827 1833
f 1829 1834 1827
f 1829 1831 1835
f 1836 1837 1838
f 1837 1836 1839
f 1840 1841 1842
f 1838 1843 1836
f 1844 1845 1838
f 1846 1844 1847
f 1837 1848 1847
f 1849 1850 1851
f 1852 1853 1854
f 1855 1852 1850
f 1855 1850 1856
f 1857 1144 1858
f 1147 1859 1689
f 1860 1859 1148
f 550 1861 1862
f 1863 1864 1861
f 1865 1866 1867
f 1868 1869 1866
f 1870 1868 1865
f 1871 1867 1872
f 1610 342 1196
f 1873 1874 1875
f 1874 1753 1876
f 1753 1874 1752
f 1877 1878 1876
f 1879 1873 1880
f 1878 1881 1875
f 1882 1883 831
f 833 1884 831
f 1885 1882 1886
f 839 832 1887
f 1888 1889 1890
f 1891 1649 1892
f 1892 1889 1893
f 1653 1890 1648
f 1894 1895 1896
f 1066 1897 994
f 1898 1896 1661
f 1896 1897 1658
f 1899 1900 1901
f 1901 1902 1009
f 1009 1008 1901
f 1902 1903 663
f 1903 1902 1904
f 912 1905 1906
f 1907 1908 1909
f 1906 1909 1910
f 1906 1911 912
f 1910 1912 1906
f 1863 549 1913
f 1914 1915 548
f 1861 550 1863
f 1913 1916 1863
f 1917 1918 1919
f 1920 1921 1922
f 1919 1923 1917
f 1924 1925 1917
f 1919 1920 1926
f 1923 1919 1927
f 1897 1066 1659
f 1659 1065 1185
f 1183 1182 1928
f 1929 1182 409
f 1178 1928 1176
f 1928 1178 1183
f 1182 1929 1930
f 1931 1932 1930
f 1933 1934 1935
f 1934 1933 1936
f 1937 1933 1938
f 1939 1940 1935
f 1935 1941 1939
f 1941 1942 1943
f 1934 1944 1941
f 1945 1892 1946
f 1947 1945 1948
f 1949 1891 1945
f 1949 1945 1604
f 1111 1110 1950
f 1951 1952 1953
f 1110 1954 1953
f 1952 1951 1328
f 1955 1956 1954
f 474 478 1957
f 1958 1959 1960
f 478 477 1960
f 1960 1961 1958
f 1962 1963 384
f 1964 1548 1965
f 1421 1415 1965
f 1963 1421 1549
f 1965 1966 1964
f 1967 1693 1968
f 1969 1968 1970
f 1971 1236 1972
f 1693 1973 1972
f 1692 1690 1967
f 1974 1975 1976
f 1977 1978 1979
f 1979 1980 1977
f 1980 1979 1981
f 1926 1922 1974
f 1982 1974 1642
f 1974 1982 1926
f 1299 1983 1984
f 1985 1295 1986
f 1299 1984 1294
f 1986 1984 1987
f 1988 1985 1989
f 1989 1986 1990
f 1641 1310 1991
f 1992 1993 1994
f 1982 1991 1927
f 1310 1995 1994
f 1996 1997 1998
f 1999 2000 2001
f 2001 2002 1999
f 1996 2003 2004
f 2004 2005 1996
f 1998 2006 1996
f 2007 2008 1754
f 1754 1756 2007
f 2008 2007 2009
f 1686 2010 1685
f 927 925 2011
f 925 920 2012
f 2013 2014 1915
f 2015 2016 2014
f 2014 2017 1913
f 2013 2018 2014
f 1959 2019 1957
f 475 474 2020
f 2021 2022 2023
f 1707 1710 1705
f 2022 1708 1705
f 2023 2024 2021
f 2022 2021 2025
f 973 2026 2027
f 2028 2027 1034
f 2027 2028 973
f 2027 1244 1035
f 2026 2029 1244
f 2030 2031 2032
f 856 2033 2034
f 857 856 2035
f 2036 2037 2038
f 2037 2036 2039
f 2040 2041 2042
f 2042 2043 2040
f 2039 2044 2037
f 2045 2046 2047
f 1839 1841 2048
f 2046 2049 2050
f 2046 2045 1094
f 2047 2051 2045
f 1841 1840 2050
f 2051 2047 2052
f 1770 2053 875
f 2054 1768 2055
f 875 877 1770
f 877 2056 1769
f 2057 1780 2058
f 1163 2059 2058
f 1163 2058 1162
f 1970 1453 1969
f 1236 1235 1970
f 1785 2060 1791
f 2061 2062 2063
f 2064 2065 2062
f 2066 2064 2061
f 1169 1170 1312
f 2067 1005 2068
f 2068 2069 2067
f 2070 2071 2072
f 2072 2005 2070
f 2073 2002 2068
f 579 2074 1806
f 575 579 2075
f 2076 2077 1893
f 2078 2079 2076
f 2080 2077 153
f 1893 2081 2076
f 1604 1603 1949
f 1646 1891 1650
f 1651 1650 2082
f 1604 1947 1601
f 1607 1608 2083
f 2084 2085 2086
f 591 2087 2088
f 2086 2087 2089
f 1882 2086 1883
f 2086 1882 2084
f 2090 2091 2092
f 2093 2094 2090
f 2095 2096 2094
f 2097 2091 2098
f 2094 2093 2095
f 2090 2099 2093
f 2092 2100 2090
f 2101 2102 2103
f 2103 2104 2101
f 2101 2105 2106
f 2107 2108 2109
f 1591 1104 1589
f 2110 2111 1103
f 1596 1589 2112
f 2113 2114 2115
f 2115 2116 2117
f 2118 2119 2117
f 2119 2118 2120
f 2115 2119 2113
f 2121 2122 2117
f 2123 2124 2125
f 766 765 2126
f 2127 2128 2129
f 2130 2131 2128
f 405 2132 2133
f 403 402 2132
f 2134 2133 2135
f 2136 2137 514
f 2138 2139 2140
f 2141 2142 2138
f 2142 1377 2139
f 2141 2143 2144
f 2143 2141 2145
f 2142 2141 750
f 565 1442 2146
f 2147 1232 2148
f 568 1441 565
f 1639 2149 2150
f 2150 2151 2152
f 2150 2153 1639
f 1523 1519 2154
f 2154 2155 1523
f 2155 2154 416
f 2156 2157 2158
f 2158 2159 2156
f 1519 2160 2158
f 489 488 2161
f 2162 741 756
f 735 2163 733
f 741 2162 739
f 739 2143 2164
f 1156 2165 2166
f 2167 1924 2165
f 1157 2167 1156
f 2168 2169 1790
f 2170 2171 2169
f 2172 2173 1045
f 1045 599 2172
f 1043 1041 2174
f 2175 2176 2177
f 2178 2179 2180
f 2181 2182 2176
f 2183 2181 2175
f 2184 2175 2185
f 2186 2187 2188
f 2189 2190 2191
f 2191 2192 2189
f 2193 2186 2194
f 2195 2196 2197
f 908 907 2198
f 2197 2199 2195
f 907 915 2197
f 914 908 2200
f 435 2201 2202
f 2203 2204 2205
f 2205 1383 2203
f 1990 1987 2206
f 2207 2204 1987
f 2208 1990 1580
f 1711 2209 1710
f 2024 2023 2210
f 2209 2211 2210
f 2211 2209 2039
f 2212 2213 2214
f 2214 2215 2212
f 2216 2217 2218
f 2219 2220 2221
f 2222 2223 2220
f 2220 2219 2222
f 2224 2225 2226
f 2227 2228 2229
f 2226 2230 2224
f 2230 2226 2231
f 2225 2232 2229
f 2225 2224 269
f 2233 2234 2235
f 2234 2159 2236
f 2237 2238 2236
f 2233 2239 1657
f 2235 2240 2233
f 2241 2242 1939
f 1939 1943 2241
f 2243 2244 2245
f 2244 2246 2247
f 2245 2247 2248
f 2249 2250 2251
f 2252 1824 2249
f 2248 2250 1818
f 322 79 2253
f 128 322 2254
f 2255 2256 2257
f 1261 2257 78
f 2257 1261 2255
f 2258 1469 2259
f 1469 2258 1468
f 1469 1438 2260
f 2261 2262 2259
f 2263 2258 2264
f 2260 1440 2265
f 2265 2261 2260
f 1569 2266 1568
f 2267 2268 1568
f 1731 2267 2269
f 2270 2269 2271
f 1564 2272 1569
f 2271 2266 2273
f 2274 2275 2204
f 1983 2274 2207
f 2205 2276 2277
f 2278 2279 2275
f 2280 2281 2274
f 2278 2275 1211
f 2282 2283 2085
f 592 2088 2284
f 2285 2286 2287
f 2288 2289 2290
f 2291 2289 2292
f 2286 2285 2291
f 852 2290 2293
f 854 2288 852
f 2290 2285 2294
f 1881 2295 1880
f 2296 2297 2298
f 2295 2299 2300
f 1880 2300 1879
f 2301 2302 2303
f 2304 2305 2302
f 2305 2304 2306
f 2304 2307 2308
f 2307 2304 2301
f 1336 1333 1677
f 1718 1336 1675
f 2309 2310 2311
f 638 2310 1227
f 2096 2312 2098
f 2313 2314 2095
f 2315 2316 2317
f 2317 2318 1536
f 2316 2319 2318
f 2318 1534 1531
f 2320 2321 2316
f 2316 2315 2320
f 178 169 2322
f 962 2323 2324
f 962 961 2323
f 2323 1054 2325
f 1053 1054 2326
f 2327 2328 2325
f 2329 603 265
f 2330 2329 179
f 2331 2332 2333
f 2334 2331 2335
f 2336 2337 2333
f 2338 2339 2340
f 2341 2336 2339
f 2342 2343 2344
f 2345 463 2346
f 464 2342 462
f 2347 2348 2345
f 2346 2349 2345
f 2350 2351 2352
f 2280 2353 2350
f 2354 2355 2351
f 2353 2280 1983
f 2281 2280 1209
f 2356 2357 1385
f 2357 2358 1394
f 2359 606 2360
f 2360 2361 2362
f 2360 2363 2359
f 2364 345 1771
f 345 344 1496
f 1771 1773 2364
f 2365 2366 2367
f 2367 2368 1354
f 2366 2369 2368
f 2366 2365 715
f 2370 2371 2372
f 2373 2370 2374
f 2375 2000 2370
f 2376 2371 1999
f 2377 2006 2378
f 2378 2375 2373
f 1298 2353 1299
f 2354 1298 2379
f 1515 2380 1512
f 2381 1513 2382
f 2383 2381 2384
f 1515 2385 2380
f 2384 2382 2386
f 2387 2388 1097
f 1097 1099 2387
f 2389 1091 2390
f 1955 1954 1116
f 1355 2391 2063
f 2391 2392 2393
f 2394 2061 2393
f 389 2395 2396
f 2395 2397 2398
f 393 600 2395
f 2399 2400 2401
f 1225 2402 1224
f 2402 2403 2404
f 2400 1220 2404
f 2401 2386 2399
f 2400 2399 2405
f 2406 2407 1985
f 2407 2406 2408
f 2408 1296 2407
f 1116 905 1428
f 901 2409 904
f 1955 1116 2410
f 2411 260 2412
f 2413 259 2411
f 2414 2415 2416
f 818 2417 2418
f 2417 2419 2416
f 2415 2420 2418
f 1656 2421 2234
f 2234 2233 1656
f 2422 2423 2424
f 2425 2426 2427
f 145 148 2424
f 2424 2426 145
f 2424 2428 2422
f 1499 2429 593
f 593 2430 591
f 860 990 862
f 2431 2432 2433
f 2434 2435 2436
f 2435 2437 2433
f 2438 2439 2434
f 2439 2440 2435
f 2441 1079 2442
f 2443 1701 1079
f 1079 2441 2443
f 2444 705 2445
f 705 2444 2446
f 706 705 2447
f 2448 1064 861
f 2449 2450 2451
f 2452 1330 2450
f 2453 2451 2454
f 2450 2455 2296
f 2298 2456 2296
f 992 991 2457
f 991 995 2458
f 2459 1204 2457
f 2458 2406 1988
f 1988 2459 2458
f 1159 1158 2460
f 1284 2461 2462
f 2463 2462 2464
f 2465 2466 1482
f 2467 1483 2196
f 2466 2465 2200
f 1484 1937 1482
f 1479 1478 2467
f 1507 2232 271
f 2468 2469 2470
f 929 928 2468
f 2471 1803 2472
f 1803 2471 2468
f 939 929 2470
f 2473 2474 2475
f 2476 2477 1671
f 2478 2479 2477
f 2475 2480 2473
f 2481 2482 2483
f 2483 2484 2481
f 2485 2482 2486
f 2487 2483 2488
f 2489 2490 2482
f 2482 2481 2489
f 619 1610 2491
f 343 337 2364
f 1683 2492 1681
f 1681 2493 2494
f 2492 1683 2495
f 2494 2496 1681
f 2432 2497 2436
f 2498 2499 2431
f 2499 2498 2500
f 2501 2499 2502
f 2497 2432 2501
f 2503 2431 2504
f 2193 2505 798
f 2505 910 2506
f 1911 797 2506
f 2194 2507 2193
f 798 805 2193
f 2508 2509 2510
f 2509 2508 1884
f 2510 2511 2508
f 1885 1886 2512
f 2513 2514 2515
f 2511 2510 2516
f 1122 1121 1763
f 1535 2517 1537
f 2518 2519 2520
f 2518 18 2521
f 2522 2523 2520
f 2520 2524 2522
f 2520 2525 2518
f 2526 2524 2396
f 1136 2527 1135
f 1136 1132 2528
f 2528 2529 1136
f 1135 2530 1133
f 782 781 1145
f 2531 692 958
f 2532 964 2533
f 692 691 959
f 2534 2535 2414
f 2420 2415 2536
f 2537 2414 2538
f 1417 1737 2539
f 1738 1392 2540
f 2539 1738 2541
f 1416 1417 1414
f 2541 2542 2539
f 2543 1283 2544
f 2545 1281 2543
f 2460 2461 2545
f 2461 1284 1281
f 2546 2547 711
f 2548 2549 2547
f 409 2546 1929
f 2200 2198 2466
f 2305 2467 2195
f 563 562 2550
f 560 789 562
f 562 2551 2552
f 2355 2354 2314
f 2553 2554 2555
f 2312 2096 2379
f 2555 2355 2313
f 2379 1300 2312
f 2556 2557 2558
f 2558 2559 2556
f 2560 2561 2556
f 2559 2558 2562
f 2563 2564 2565
f 2558 2566 2567
f 1203 1202 2568
f 2568 2569 1203
f 1203 2570 1198
f 2571 2572 2568
f 2573 2208 1579
f 1579 2571 2573
f 2208 2573 2574
f 2575 1775 2576
f 1775 2575 2577
f 2578 2576 1409
f 1408 1410 1777
f 2576 2578 2575
f 1768 2054 2579
f 2579 2580 2581
f 2581 1772 2579
f 2580 2441 2582
f 2054 2583 2580
f 2584 1191 2585
f 2584 1620 1191
f 1698 2586 1189
f 2586 2587 2588
f 363 1463 359
f 653 2589 650
f 821 2590 2419
f 822 2591 821
f 2592 2590 2593
f 824 2594 822
f 2419 2417 821
f 946 2595 942
f 2596 2597 2565
f 2598 2563 2599
f 2565 2566 2596
f 2597 2600 2599
f 2601 2602 2596
f 2603 2411 2604
f 1056 2413 2603
f 1057 1056 2605
f 2604 894 2603
f 2604 2412 896
f 374 886 373
f 2606 371 2607
f 327 1526 325
f 2608 2609 1526
f 2610 2608 327
f 2611 2612 2608
f 2613 2611 2610
f 2614 461 2348
f 2615 2614 2616
f 862 992 1205
f 1577 1574 2582
f 1574 1573 2581
f 2582 2442 1577
f 2617 2618 2619
f 1127 2617 2620
f 1129 1125 2617
f 2621 2619 2622
f 2623 2624 1213
f 2624 2625 1216
f 2625 2624 2626
f 2627 2628 660
f 2097 2629 2630
f 2098 2631 2097
f 2630 2632 2097
f 2632 2630 2633
f 2630 1898 2634
f 1896 1898 1894
f 2635 2282 2084
f 2084 1885 2635
f 2636 2637 2635
f 2283 2282 2638
f 2249 2639 2252
f 2640 1825 2641
f 2642 2641 2643
f 2251 2644 2249
f 1083 2645 1081
f 2646 2647 2648
f 2649 2650 2651
f 2650 1567 2652
f 440 439 2650
f 2647 1921 2652
f 868 575 2653
f 2653 2654 868
f 2653 2075 2655
f 2656 2657 1280
f 2657 2658 1278
f 1278 2659 1277
f 1280 1279 2656
f 2657 2656 2660
f 955 2523 2661
f 2523 91 2525
f 2293 2294 2662
f 2662 2663 2293
f 2663 2662 2664
f 2662 2665 2666
f 2667 2665 2287
f 1626 1627 2429
f 2033 2668 2032
f 864 2669 2033
f 2032 2670 2030
f 2113 2671 2672
f 2673 2672 2674
f 2675 2676 2677
f 2678 2679 2671
f 2671 2119 2678
f 2680 2681 2682
f 2185 2680 2184
f 2683 2684 2680
f 2175 2184 2183
f 2184 2682 2685
f 775 769 2686
f 2687 774 2688
f 1924 2167 2686
f 2686 2689 775
f 2686 770 1924
f 770 773 1925
f 1507 1506 2690
f 1506 1505 2691
f 2692 2693 2694
f 2692 2695 2696
f 2696 2697 2692
f 2694 2140 2692
f 2693 2698 2699
f 2699 2700 2164
f 2694 2699 2145
f 910 2505 913
f 675 1744 673
f 1744 675 1741
f 680 2701 677
f 674 673 681
f 673 1743 1950
f 2702 2703 2542
f 1415 1414 1966
f 1108 2704 2705
f 2705 2706 1108
f 2707 2704 2708
f 148 139 2428
f 2709 2710 2634
f 2634 1661 2709
f 2711 510 2712
f 2713 2714 2712
f 2712 501 2713
f 2715 2716 2717
f 2718 2719 2715
f 2720 2715 2721
f 2717 2722 2723
f 2722 2724 2725
f 2724 2722 2726
f 1674 2727 2728
f 2729 2292 2730
f 2727 2291 2729
f 2727 1674 2731
f 2728 2729 1723
f 2019 1959 1030
f 2732 2019 704
f 2733 2020 2732
f 2447 2732 706
f 2006 1998 2375
f 2734 2735 2736
f 2737 2738 2739
f 2740 2736 2741
f 2741 2742 2740
f 2743 2048 2744
f 2745 1839 2743
f 1839 2745 1837
f 2746 1830 2747
f 722 2748 2746
f 1831 1830 2749
f 2750 2746 2751
f 2752 2753 2747
f 2747 1832 2752
f 1832 1828 2754
f 2755 2756 1435
f 1434 2627 2757
f 2758 1433 2757
f 1434 2756 2627
f 2759 2755 1087
f 2755 2759 2760
f 2761 2227 2762
f 2227 2761 2563
f 2762 2690 2761
f 30 263 1061
f 604 2763 75
f 1794 791 2764
f 1485 2765 788
f 2766 2767 2765
f 2767 2768 2764
f 1459 1047 1397
f 1490 2769 2770
f 2770 2771 2772
f 1491 1490 2773
f 2774 2775 2769
f 2774 2769 2776
f 2764 2777 1794
f 2486 2778 2779
f 2488 2485 2780
f 2781 2780 2779
f 2782 2783 2490
f 773 440 2649
f 594 592 2784
f 589 594 2785
f 2786 2787 2788
f 2789 2788 2092
f 623 2100 2790
f 2787 1630 2790
f 2790 2791 623
f 834 2792 2786
f 1630 2787 1629
f 2791 1624 620
f 1624 2791 1628
f 2793 1361 2794
f 2794 1363 509
f 1361 2795 1362
f 2796 2795 2793
f 2797 2130 2127
f 2131 2130 2798
f 1858 2797 1857
f 427 2202 1443
f 350 2799 346
f 2800 619 2801
f 2801 2802 2800
f 1195 2803 2491
f 2804 1262 2427
f 2804 2805 2806
f 2427 2423 2804
f 2806 2807 2804
f 1258 2425 1264
f 2387 2808 2809
f 2810 2809 2612
f 2811 2388 2809
f 2808 2812 2813
f 1099 2814 2808
f 1209 1208 2281
f 2352 2815 2350
f 2816 2278 1210
f 2114 1253 2116
f 2817 2121 2818
f 2673 1251 2114
f 2819 2820 1349
f 2821 2822 2823
f 2823 2824 2825
f 2825 2826 2823
f 2826 2827 2828
f 2829 2821 2828
f 603 2329 421
f 2830 2831 681
f 2832 2833 2674
f 1256 2833 2834
f 2833 2832 2835
f 2674 2676 2832
f 1251 2673 1255
f 1843 2836 1842
f 1842 2837 1840
f 1670 2838 2839
f 1663 2840 1670
f 2839 2476 1670
f 2841 2842 2843
f 1712 2844 2842
f 2845 2846 2847
f 2846 2845 2439
f 2847 1835 2845
f 2848 2849 2850
f 2850 2440 2848
f 479 473 2851
f 2852 477 2853
f 2851 2854 479
f 2851 469 2030
f 469 468 2031
f 2855 2856 2857
f 2857 2858 2859
f 2856 2816 2858
f 2860 2861 1964
f 1964 2703 2860
f 1612 1611 2861
f 2862 1102 2863
f 356 355 1063
f 2766 1487 2306
f 2467 2305 1479
f 2864 2865 2866
f 2867 2868 2869
f 2866 2870 2864
f 2871 2867 2872
f 2870 2866 2873
f 1175 2874 1173
f 2875 2876 2754
f 2753 2752 2877
f 2877 2876 493
f 2814 1099 644
f 2517 2814 1230
f 1159 2689 1157
f 1894 2629 1297
f 2312 1293 2631
f 1688 1691 1858
f 2130 2797 2878
f 1692 2879 1691
f 2880 854 2881
f 854 2880 2288
f 847 2882 855
f 2883 2733 2447
f 2545 2687 2460
f 2884 2319 2885
f 2884 2886 333
f 2885 2321 2887
f 2262 2885 2264
f 2886 2884 2262
f 2888 2889 1844
f 2890 2807 2891
f 2889 2888 2806
f 1844 1846 2888
f 814 2891 813
f 906 1117 902
f 905 1114 899
f 2892 2893 2894
f 2895 1000 2892
f 2896 1869 2894
f 2893 1002 2897
f 546 2896 2897
f 547 546 2898
f 1929 711 2899
f 1879 2297 2900
f 2901 2118 2902
f 2903 2901 1075
f 2904 2577 2905
f 2577 2904 1775
f 2577 2906 2907
f 2908 2904 2909
f 2706 2705 2907
f 413 418 411
f 844 414 842
f 2910 2911 414
f 2912 2910 844
f 2454 2456 2913
f 2456 2298 2914
f 2915 2916 2299
f 2299 2295 2915
f 559 553 2917
f 563 2918 552
f 1963 1962 1305
f 2919 1306 378
f 2341 2919 380
f 2920 2921 2922
f 2923 724 1015
f 2924 725 2923
f 2922 2925 726
f 1015 2925 1013
f 2926 2927 2928
f 2929 2930 1179
f 2926 2931 2873
f 2932 2933 2930
f 2928 2104 2926
f 2934 2935 2936
f 2935 2937 2938
f 2935 2934 2939
f 2940 2941 2938
f 2941 939 2936
f 2936 2470 2934
f 876 495 2056
f 497 490 876
f 2942 2943 494
f 2944 2055 2943
f 2945 2946 2947
f 2553 2945 2948
f 2948 2947 2949
f 2950 1622 2951
f 2951 2952 2950
f 2946 2945 2953
f 1622 2950 2954
f 2955 2956 2957
f 2958 2959 2956
f 2956 2960 2961
f 2957 2961 999
f 2961 2962 996
f 2963 723 2964
f 2746 2750 722
f 2964 2750 2965
f 2748 722 727
f 2089 2430 2966
f 2966 1887 2089
f 2616 2967 2615
f 2348 2347 2616
f 2515 1467 2513
f 2099 624 2968
f 2093 2968 2969
f 2923 401 2924
f 2924 2134 2970
f 2133 2134 405
f 2542 2541 2702
f 441 443 445
f 777 2971 772
f 671 2972 2973
f 2974 2975 2976
f 2975 2974 1904
f 2976 2977 1615
f 2978 2977 2979
f 581 580 2980
f 2980 2981 2982
f 2982 2983 2980
f 2980 2984 581
f 2981 627 2985
f 627 2981 630
f 2638 2986 2283
f 2986 2987 2284
f 1062 1064 364
f 2988 362 2989
f 471 2989 2448
f 476 2988 471
f 2990 2991 1234
f 2991 2992 1240
f 2993 542 2994
f 2489 540 2993
f 2995 2996 2997
f 2504 2998 2503
f 2999 3000 3001
f 2503 2995 3002
f 2789 2633 3003
f 2633 2789 2632
f 1667 3004 1665
f 3005 3006 3007
f 2860 3008 3005
f 3007 1616 3005
f 3005 1612 2860
f 3009 3010 1318
f 3011 3012 3013
f 1602 3013 3014
f 3013 1948 3011
f 3014 3015 1599
f 3010 3009 3014
f 3016 2313 2969
f 2802 3016 3017
f 3018 2555 3016
f 3019 3020 3021
f 3022 3023 3024
f 3025 3024 3026
f 3027 3022 3025
f 3028 3029 1564
f 2273 2272 2102
f 3029 3028 3030
f 614 3031 569
f 571 923 568
f 607 918 3031
f 2464 1149 3032
f 3033 3032 3034
f 2948 2352 2553
f 3035 2151 3036
f 2177 2179 3037
f 2179 2178 3035
f 3036 3038 3035
f 1638 3039 2149
f 3038 3036 3040
f 2102 2101 2273
f 2106 3041 3042
f 3030 2109 3029
f 3042 2271 2106
f 2705 3043 2905
f 3043 3044 2909
f 3044 3043 2707
f 778 676 781
f 1014 1013 679
f 780 679 778
f 3045 2957 3046
f 3047 1722 2730
f 2730 3048 3047
f 1723 1718 2728
f 2658 3049 2659
f 2659 3050 2734
f 3050 3051 2735
f 3052 3049 3053
f 3051 3050 3052
f 3054 3055 3056
f 3055 2879 3057
f 3055 3054 2798
f 3058 3054 3059
f 3057 3060 3061
f 3061 3062 3057
f 2998 3063 2995
f 2996 2135 3001
f 3064 459 2614
f 2614 2615 3064
f 2136 2999 2137
f 3065 3066 2999
f 2999 2136 3065
f 1800 2819 3067
f 1349 3068 2819
f 3069 3067 3070
f 3067 3071 3072
f 537 3071 3073
f 3074 2852 3075
f 3076 1470 3077
f 432 428 3076
f 3078 3076 3079
f 3079 3077 2263
f 593 585 1499
f 1501 1626 1499
f 3076 3078 432
f 3080 3078 3081
f 3082 430 3083
f 3084 3083 3080
f 3085 1931 2899
f 2899 712 3085
f 3086 3087 3085
f 3004 1667 3088
f 1137 1140 3089
f 1869 2896 1862
f 3090 3091 1823
f 3092 1822 3093
f 3094 3092 3095
f 3096 3091 3097
f 3091 3096 3093
f 3098 2495 2696
f 3099 3100 3101
f 3006 3102 3099
f 3102 3098 3100
f 2698 2693 615
f 614 2698 608
f 615 2697 613
f 3103 126 3104
f 1457 1459 3105
f 3106 1457 3107
f 3105 1397 639
f 497 878 496
f 3108 3109 3110
f 3111 3112 3109
f 3109 1855 3111
f 3113 3114 3115
f 1631 3116 3117
f 1634 3117 3118
f 3117 2560 3119
f 3116 3120 2560
f 3121 3122 3116
f 1989 2574 1988
f 2756 2755 3123
f 508 1362 1360
f 2991 2990 3124
f 3124 3125 2991
f 3126 2219 3127
f 3128 812 3127
f 3129 3126 3130
f 3127 2221 3128
f 1400 3131 1401
f 1399 3132 3131
f 1403 3133 1399
f 3134 3135 3136
f 3137 3138 3134
f 3138 3137 3139
f 3135 3138 2584
f 3134 976 3137
f 619 2800 617
f 2215 2214 3140
f 3141 3142 2223
f 2223 2222 3141
f 2654 3143 865
f 873 588 881
f 881 589 879
f 2144 2162 747
f 3144 3145 3075
f 2852 3074 3146
f 3075 3147 3144
f 3075 2853 3147
f 2651 1918 2649
f 3148 3149 1289
f 1289 3150 3148
f 931 3151 936
f 1305 1304 1963
f 3152 3153 3154
f 3154 2993 3152
f 3153 3152 2071
f 3155 3156 2994
f 3157 3158 3159
f 3160 3161 3157
f 3162 3158 3163
f 3164 3165 3161
f 3166 3167 3168
f 3166 3169 3167
f 3170 3166 3171
f 3168 63 60
f 2521 19 3167
f 1701 1699 1080
f 2443 3172 1701
f 994 1895 2408
f 1427 3173 1027
f 702 703 2409
f 2215 3174 2218
f 3175 2216 3176
f 3177 3178 3176
f 3174 2215 3179
f 3003 2786 2789
f 835 834 3003
f 924 3180 922
f 1369 1372 3181
f 1369 3182 1366
f 3183 1455 3106
f 3184 1460 3183
f 3185 1826 1460
f 3183 2837 3184
f 2837 3183 2052
f 3184 2836 3186
f 1460 3184 3185
f 1103 3187 2110
f 3188 2112 2110
f 3189 3188 3190
f 3187 3191 3190
f 1100 3192 3187
f 2880 3193 3194
f 3193 2880 3195
f 1297 1296 1894
f 3180 924 3196
f 1997 2069 2001
f 3197 3198 3199
f 3200 3201 3199
f 3199 3202 3197
f 3203 2363 3204
f 3204 3200 3203
f 2363 3203 3205
f 3198 3197 736
f 486 3206 1538
f 3207 3208 3209
f 485 3210 3206
f 3211 3209 3212
f 3213 2939 3214
f 913 2507 3215
f 2939 3216 3215
f 909 913 916
f 2939 3213 2935
f 3217 3218 632
f 3219 3218 3220
f 2835 3221 3217
f 3218 3219 3222
f 2827 3223 3224
f 535 3225 3226
f 3225 2829 3224
f 3111 1856 3227
f 3227 3228 3111
f 2125 3229 2123
f 2124 2123 1849
f 2987 3230 2784
f 1942 3231 3232
f 3233 3234 3232
f 3235 3236 849
f 849 3233 3235
f 3122 3121 3231
f 3236 3235 3237
f 3238 3239 3240
f 3241 3240 1735
f 3242 3243 3244
f 3244 3245 3246
f 3240 3245 3247
f 3248 3249 3239
f 3250 1654 2549
f 3251 3250 2548
f 2156 2421 3251
f 2549 1655 710
f 3252 1559 3253
f 3254 3252 3255
f 981 983 3253
f 1640 3237 1633
f 2153 3236 1640
f 3256 3257 3258
f 3259 426 3258
f 3260 3259 1165
f 3259 3260 3261
f 3258 3262 1165
f 1166 3263 1165
f 3260 3263 3264
f 3265 3266 2687
f 3265 2543 3267
f 2687 2545 3265
f 3267 3268 3265
f 3269 3270 3271
f 3270 3269 1401
f 3272 3271 3273
f 3274 3275 3276
f 3277 3278 3275
f 3279 3277 3274
f 2599 3280 2598
f 2598 3281 2228
f 1015 400 2923
f 3282 2793 3283
f 2793 3282 2796
f 3283 2794 3284
f 1268 1269 1796
f 2551 1797 3285
f 1644 1268 3286
f 3287 3288 3289
f 2720 3228 3289
f 3289 3290 3287
f 2715 2720 2718
f 3228 2720 3112
f 2719 2718 3291
f 3060 1967 1969
f 127 128 3104
f 3292 3103 3293
f 3294 3295 2958
f 3296 2960 3297
f 2960 3296 2962
f 3088 754 2163
f 750 2144 746
f 1580 2206 1382
f 2021 3298 3299
f 3299 457 3136
f 3298 3300 457
f 3301 3302 3303
f 2393 3302 2394
f 3304 3305 3301
f 3306 3307 2392
f 1401 3308 3270
f 3308 3309 3276
f 3310 3274 3311
f 566 2146 738
f 2131 3310 2126
f 2126 3311 766
f 2586 1698 1709
f 1696 3312 1697
f 1944 1934 3313
f 3120 3313 2561
f 3122 1944 3120
f 3313 1936 2601
f 1936 3314 2602
f 3315 3316 3317
f 499 491 3318
f 3317 3319 3315
f 493 3316 491
f 3317 3320 3321
f 3322 3320 3323
f 3324 1715 3325
f 3325 1716 3312
f 2363 2360 3326
f 3326 2362 2041
f 2041 2040 3326
f 2152 3327 2150
f 3327 2152 2882
f 2152 2178 3328
f 1140 1141 3139
f 2986 2638 3329
f 3329 3330 3331
f 3332 3329 3333
f 2987 2986 3332
f 3334 3335 3336
f 3337 2642 3338
f 3336 3339 3334
f 2643 3335 2642
f 2640 2641 3337
f 3340 3341 3342
f 3195 2182 3193
f 3342 3343 3340
f 3211 3344 3345
f 2726 3346 2724
f 2724 3347 3144
f 3347 2992 3145
f 3346 3348 3347
f 3349 2620 2621
f 1890 1653 3350
f 3350 3170 3351
f 3351 1888 3350
f 2240 3170 2239
f 3352 3353 3354
f 3355 3354 3356
f 3357 3358 3354
f 3359 3319 3356
f 3353 3318 3359
f 1703 498 3352
f 3360 3361 3362
f 2168 3363 3364
f 3362 3363 1786
f 3365 3273 3361
f 3366 3367 3368
f 3368 2744 3366
f 1096 3369 1095
f 2744 3368 2743
f 3368 3370 3371
f 3372 3370 3373
f 3374 903 3375
f 2638 2637 3330
f 898 897 3374
f 1454 3376 3377
f 1454 3378 3376
f 3379 350 3380
f 1453 3377 3061
f 351 3062 349
f 3381 3382 3383
f 3384 3381 3385
f 3385 3383 2320
f 2264 2887 2263
f 3386 3081 3381
f 2024 3387 3298
f 2210 3388 2024
f 3389 2929 1180
f 2927 2926 2874
f 2874 1175 2927
f 3390 761 3391
f 761 3390 3392
f 3393 3394 3395
f 3396 2872 3394
f 3397 3398 3399
f 3399 2870 3397
f 3400 3396 3393
f 3401 2871 3396
f 2437 3402 2504
f 2493 3403 2540
f 2702 3403 3404
f 2492 3405 2493
f 1256 3406 1252
f 2834 3407 1256
f 3408 3409 3410
f 2783 2782 3411
f 2490 3154 2782
f 3410 3153 3408
f 2589 3412 652
f 1464 3413 2589
f 3407 2834 3414
f 3217 3415 2835
f 635 3416 3415
f 3417 3407 872
f 2490 2489 3154
f 3151 3418 3148
f 1291 1290 3419
f 453 452 1346
f 3420 227 248
f 227 3420 1265
f 250 3421 3420
f 2550 2552 3421
f 1265 3422 3285
f 253 952 250
f 3423 3424 2534
f 2536 2535 3425
f 3424 3423 3426
f 3426 3427 3424
f 2534 3428 3423
f 2414 2537 2534
f 2555 3018 2553
f 3429 3430 3431
f 3432 3433 3429
f 3434 3430 3435
f 3433 3432 3436
f 3437 2434 3438
f 2497 3439 3438
f 3440 3437 3441
f 2624 2623 2951
f 2626 1621 2625
f 487 1751 3210
f 723 2963 720
f 3442 3443 3444
f 2920 2922 3442
f 3445 3446 3444
f 3444 3447 3442
f 3444 2963 3445
f 2402 1225 633
f 2985 634 1223
f 2403 2402 3222
f 3448 3449 1314
f 3449 3009 1315
f 2410 2714 1955
f 2712 1430 2711
f 1429 1430 2410
f 3450 3451 2910
f 3451 3450 3452
f 2910 2912 3450
f 3453 3454 3455
f 526 3455 524
f 3455 526 3453
f 3155 2898 1006
f 1006 1005 3155
f 2994 547 3155
f 1002 2893 998
f 569 2700 614
f 3456 3375 2636
f 3457 3374 3456
f 2636 2511 3456
f 2710 2709 837
f 837 835 2710
f 3458 3459 833
f 3460 2509 3459
f 1467 2515 3460
f 3459 3458 3461
f 3462 3460 3461
f 3463 3464 1450
f 2397 3463 3465
f 600 1826 2397
f 1450 3466 1448
f 2322 3467 2827
f 2330 2322 2826
f 2322 2330 178
f 3223 3468 3226
f 3468 3223 1645
f 3469 3470 445
f 445 2971 3469
f 451 3471 1138
f 3471 3472 2528
f 451 3089 449
f 1138 1137 451
f 2527 3473 2530
f 2529 3474 2527
f 3474 2529 3475
f 1279 1272 3476
f 1279 3476 3477
f 3478 3479 1274
f 1274 1273 3478
f 3480 3481 3200
f 2043 2843 3480
f 3200 3204 3480
f 3481 2840 3201
f 3016 2802 3018
f 2954 2946 2803
f 3482 2038 3483
f 2967 3483 436
f 3484 3282 1024
f 3284 1025 3283
f 1029 3484 1023
f 3485 2675 2679
f 2676 2675 3486
f 3487 3488 3489
f 3489 3490 3491
f 3393 3492 3400
f 3492 3393 3493
f 3493 3494 3492
f 3488 3495 3490
f 3495 3401 3400
f 3496 3497 3498
f 3499 3500 3501
f 3502 3501 3503
f 3504 3505 3496
f 3505 3506 3497
f 1423 1422 1686
f 3387 3507 3300
f 1341 1346 3508
f 3509 60 110
f 60 3509 3168
f 2481 551 540
f 3510 1760 3511
f 1760 3510 1765
f 1857 2127 1146
f 3226 3512 535
f 2829 3225 3513
f 3485 3514 2381
f 3515 1511 3514
f 3485 2679 3514
f 3514 3516 3515
f 2329 2330 2825
f 3517 2605 893
f 2605 3517 1057
f 3518 893 3519
f 2327 3517 3518
f 894 2604 892
f 2854 2851 3520
f 3520 3521 2854
f 3522 685 2328
f 958 2324 2531
f 685 3522 687
f 692 2531 684
f 3523 1543 3208
f 3208 3207 3523
f 1543 3523 3524
f 3524 387 1543
f 2008 1877 1755
f 2009 3525 2008
f 511 402 3526
f 3526 3527 511
f 3526 404 768
f 3528 3529 3530
f 949 3378 941
f 3378 949 3380
f 430 3082 3053
f 3053 3531 433
f 3051 3052 3532
f 3083 3084 3082
f 1210 1212 1133
f 1502 2053 1493
f 3533 329 3196
f 3196 3534 3180
f 927 3533 926
f 329 331 3534
f 3534 3535 2265
f 2171 2170 3277
f 2171 3058 353
f 3277 3279 2171
f 3146 1961 2852
f 1162 3536 672
f 377 366 3537
f 3538 3539 3536
f 2590 2592 3540
f 2419 3540 2538
f 2592 3541 2740
f 1621 2626 1618
f 1353 3179 3142
f 1354 3542 1353
f 2495 3098 2492
f 923 922 1441
f 2911 2155 415
f 3500 3499 3435
f 3543 3498 3436
f 2025 2587 2022
f 2587 2025 2585
f 3544 2526 2398
f 2530 3545 3546
f 652 3547 651
f 3547 836 1662
f 836 3547 838
f 3548 659 1380
f 3549 1379 661
f 3550 3548 1381
f 3550 2758 3548
f 422 2824 3551
f 3551 2822 3552
f 1025 3284 1431
f 531 3553 3072
f 3554 2389 3555
f 3556 3557 3555
f 2388 3558 1098
f 3555 2390 3556
f 2389 3554 3369
f 1091 2389 1096
f 1967 3060 1692
f 1621 1620 3139
f 3135 2584 3559
f 3332 3560 2987
f 3333 3561 3332
f 1370 3230 1373
f 3561 1371 3560
f 3333 3331 3562
f 3562 3563 3333
f 2337 3564 2532
f 3565 3566 3567
f 2336 382 2337
f 965 964 3566
f 2337 2532 2335
f 2816 1210 3546
f 3568 135 3103
f 3529 1486 557
f 788 558 1485
f 3529 3528 1481
f 879 2785 1370
f 3569 2892 3570
f 1585 2895 3569
f 472 2448 2035
f 1812 1342 1810
f 464 3571 1810
f 1342 1812 1345
f 3572 3097 3573
f 3097 3572 3096
f 3097 3574 3575
f 3573 3575 3576
f 3507 3387 3577
f 2511 2636 2512
f 3026 3020 3578
f 3249 3248 3019
f 3578 3248 3238
f 3026 3579 3025
f 3238 3580 3578
f 3578 3581 3026
f 2623 3582 2952
f 1213 1215 2623
f 839 1887 2792
f 1627 1629 2966
f 814 808 3583
f 2891 814 2890
f 3584 3585 1338
f 3585 3584 3440
f 3586 1338 3587
f 1338 3586 3584
f 2228 2227 2598
f 1205 1200 862
f 1204 2459 1202
f 2190 2189 3588
f 2187 2186 804
f 804 803 2187
f 2248 3588 2245
f 3589 3150 3590
f 3150 1289 3591
f 1288 3592 1286
f 937 936 3589
f 2753 3593 2751
f 3445 2964 3594
f 3593 3182 2965
f 3595 3213 3596
f 3213 3595 2937
f 2025 3299 3559
f 1466 2444 2513
f 698 700 2445
f 2514 2513 3597
f 3598 3531 2658
f 2660 3598 2657
f 1128 1127 1476
f 951 2230 950
f 951 297 2224
f 298 3599 296
f 2169 2168 2170
f 2170 3364 3278
f 3363 2168 1787
f 2968 625 3017
f 363 3600 1465
f 1067 3379 3601
f 1071 2799 3379
f 3136 458 3134
f 3602 3516 2678
f 3287 3603 3602
f 3604 417 2157
f 3451 1524 2911
f 2862 2017 3192
f 3192 2016 3191
f 3605 3606 3607
f 3608 3605 3609
f 3610 3606 3608
f 3605 3607 3611
f 2071 2070 3153
f 3409 3408 3612
f 3419 3613 1291
f 3613 3614 2544
f 3418 3615 3149
f 3613 3419 3616
f 3176 3174 3177
f 3177 3617 3618
f 3174 3179 3617
f 2606 3619 3620
f 3620 2377 3621
f 669 957 3621
f 371 2606 957
f 2373 2972 2378
f 2004 3622 3609
f 2003 3619 3622
f 2201 1231 2147
f 3063 2998 3623
f 2440 2850 2437
f 3063 2970 2996
f 3623 729 3063
f 2850 3624 3402
f 3325 3625 3324
f 3625 3626 3627
f 3324 3627 3628
f 3629 3272 3365
f 94 93 2079
f 3011 2080 155
f 3012 3011 321
f 2035 2034 472
f 3630 375 3537
f 3631 2548 2546
f 3632 952 3633
f 2231 2917 2230
f 2918 3632 2917
f 3281 559 2231
f 428 427 1470
f 3220 3221 3486
f 2384 3220 2383
f 364 356 1062
f 606 434 2361
f 3634 3635 436
f 1102 2862 1100
f 3636 3257 3637
f 3257 3636 3262
f 3257 3256 3638
f 2754 1833 2875
f 1827 3639 3640
f 1833 3640 3323
f 827 818 3641
f 2818 827 2817
f 827 2818 826
f 3512 3286 539
f 3642 3643 2244
f 3644 3642 2243
f 3642 3644 3645
f 3643 3642 3646
f 2310 2309 3629
f 3365 3647 3629
f 2309 3269 3272
f 2311 1402 2309
f 3066 3065 3648
f 2771 2775 3649
f 3645 3650 3651
f 3385 3652 3384
f 3435 3652 3434
f 3381 3384 3386
f 3501 3502 3499
f 1783 3538 1162
f 3653 3504 3654
f 3498 3543 3496
f 2559 3655 3119
f 2562 3656 2559
f 3657 3658 2567
f 507 1360 1971
f 1234 1233 2990
f 3644 802 3650
f 1078 1077 3659
f 3650 1078 3660
f 802 3644 800
f 3661 3118 984
f 3662 3663 1509
f 3663 2570 1516
f 2124 3662 1508
f 2140 3664 2695
f 507 1971 506
f 2675 3485 2383
f 3665 1059 2763
f 2443 2583 3172
f 2583 2054 2944
f 3666 3667 3668
f 1992 3668 1152
f 1994 3666 1992
f 1152 2166 1992
f 869 573 868
f 2349 2346 3577
f 2349 2211 3669
f 2211 2349 3388
f 1347 3508 2342
f 3508 3507 2343
f 2918 563 3632
f 952 3632 3421
f 3670 3671 3672
f 3673 3674 3672
f 3675 3673 3676
f 3671 2772 3676
f 3677 688 1031
f 694 686 3677
f 2517 1230 3678
f 3679 1536 3678
f 3678 1229 3679
f 3680 3681 1228
f 3682 3683 3684
f 3685 3686 3687
f 3686 3688 3689
f 3684 1981 3682
f 2779 2783 3690
f 632 635 3217
f 3691 2868 845
f 2865 2864 3691
f 1174 2865 3692
f 3037 3693 2177
f 3693 3037 3694
f 2836 1843 3695
f 2479 2478 3696
f 3628 2478 2476
f 3626 3697 3696
f 2105 2933 3041
f 2104 2103 2931
f 2933 2105 2928
f 3590 3591 2029
f 2029 2026 3590
f 969 3589 967
f 2029 3592 1245
f 702 2409 701
f 3114 3113 3521
f 2668 3110 2670
f 2670 3114 3520
f 3521 2723 3147
f 2721 2717 3113
f 966 963 3698
f 3566 3565 965
f 2982 2985 3699
f 3700 3699 3701
f 2983 2982 3700
f 1860 3702 1325
f 1325 1324 1860
f 3702 1860 2831
f 2856 2855 2279
f 2857 3700 2855
f 1322 1973 1326
f 503 506 1322
f 671 669 2972
f 3703 2621 3704
f 3704 2622 3705
f 2622 3706 3707
f 1412 1089 1699
f 1087 1089 2759
f 2941 2940 3708
f 3615 3418 3709
f 2940 3710 3709
f 2938 3711 2940
f 2077 2080 1946
f 1635 3712 1638
f 375 3630 3713
f 3537 3539 3630
f 2463 3714 1285
f 1285 3715 1288
f 3714 1243 3715
f 3716 1241 3714
f 2394 3305 3717
f 3717 2066 2394
f 3718 3719 3717
f 1180 3718 3389
f 2201 435 2359
f 2359 3205 2201
f 2148 1444 2147
f 700 701 3597
f 701 900 3720
f 900 898 3457
f 1773 1772 3721
f 3722 3723 2256
f 3723 3724 3725
f 3723 3722 3726
f 3727 3722 2255
f 815 3728 3727
f 2254 2253 3725
f 3296 3729 3730
f 2073 1004 3731
f 3731 3732 2073
f 3732 3731 3733
f 3734 3735 3729
f 3145 3125 3074
f 2795 3736 3124
f 1788 3432 1786
f 2060 3737 1788
f 1786 3429 3362
f 3007 3099 3738
f 1899 1759 3739
f 481 2978 3739
f 487 480 3740
f 1759 1748 482
f 1451 2661 1449
f 889 884 1761
f 3741 3742 887
f 888 2618 1766
f 1824 2252 1821
f 2465 1940 3743
f 1940 2465 1938
f 3743 2242 1907
f 1907 914 3743
f 2519 2518 3744
f 3085 713 3086
f 3087 3086 2064
f 2700 569 740
f 3702 1952 1327
f 3745 3746 1376
f 3747 1376 1378
f 2974 3745 3747
f 3748 3749 3745
f 2006 2377 2003
f 2157 2156 3604
f 3750 3751 3752
f 3753 3724 3754
f 3755 3753 3756
f 3756 3754 3757
f 2817 3641 3758
f 510 2711 509
f 1378 1903 3747
f 2979 2975 1900
f 2855 3701 2277
f 2279 2278 2856
f 1453 1452 3377
f 3759 3760 3454
f 3454 3453 3759
f 1502 1500 584
f 584 587 1502
f 3279 3761 3058
f 3059 3056 351
f 3713 3762 375
f 3763 376 3741
f 376 3763 367
f 3764 3705 3765
f 3766 3487 3165
f 3164 3767 3768
f 3767 3164 3160
f 3768 3766 3164
f 3766 3768 3769
f 3090 3770 3771
f 3771 3772 3773
f 3768 3772 3774
f 2849 727 3624
f 3624 728 3623
f 3348 3346 946
f 946 945 3348
f 3346 2726 2595
f 2896 546 543
f 1249 1248 3775
f 3034 3776 3033
f 3775 3776 3777
f 3778 3779 3034
f 3716 2464 3033
f 3033 1248 3716
f 2612 2813 2609
f 1530 1527 3780
f 1352 1353 1350
f 1359 1350 3141
f 3781 3782 3288
f 3573 3783 3572
f 3572 3710 3784
f 3616 3615 3783
f 3783 3573 3616
f 2496 2494 1390
f 681 1950 2830
f 3391 3132 3390
f 328 3785 3027
f 3785 2011 3022
f 3533 927 3785
f 324 3027 3786
f 890 731 1060
f 187 731 319
f 3787 3788 2667
f 1912 1910 3788
f 1981 1975 3789
f 1921 2647 3789
f 2431 2503 2498
f 3790 3791 3002
f 3000 3790 2997
f 3268 3792 3266
f 3367 3366 3793
f 2840 3481 2838
f 3794 2841 2043
f 683 682 1148
f 2020 2733 475
f 2733 2883 3795
f 2139 3746 3664
f 3757 3751 3796
f 3796 3797 3757
f 3757 3798 3756
f 3751 3750 3799
f 1849 1851 2124
f 3800 3511 3801
f 3612 3510 3800
f 3690 3411 3801
f 3801 1764 3802
f 3758 2122 2817
f 2983 2859 2984
f 3803 583 3804
f 2859 3545 3804
f 3474 3803 3473
f 2859 2983 2857
f 3805 3806 3807
f 3806 3805 3808
f 2811 3806 3809
f 3810 3805 3811
f 2611 2613 3807
f 2809 2810 2811
f 2612 2611 2810
f 3687 3689 3812
f 3242 3687 3813
f 3244 3685 3242
f 2358 2357 3685
f 3110 2668 3108
f 3814 3446 3815
f 3594 3181 3445
f 3181 3594 1369
f 3816 3648 3817
f 3336 3817 3818
f 3819 3816 3335
f 2774 2776 3820
f 3820 3648 2774
f 1736 1418 1978
f 2805 3821 3822
f 2806 3822 2889
f 3822 3823 3824
f 3821 1447 3823
f 3823 3466 3825
f 3597 3720 2514
f 3758 2420 3826
f 100 3827 111
f 3828 3509 109
f 109 3827 3828
f 3828 3829 3351
f 2863 1916 2862
f 1916 2863 1864
f 3491 3163 3489
f 2988 476 3795
f 3795 360 2988
f 1409 1584 2578
f 1584 3569 3830
f 2578 3830 1870
f 1381 752 3550
f 1521 3831 1517
f 1521 1520 3832
f 3758 3826 2122
f 3425 3833 2536
f 419 3692 418
f 1181 1174 419
f 3264 3834 3665
f 3834 3835 1059
f 3665 605 3264
f 605 3665 604
f 1329 1337 2900
f 2900 3836 1879
f 1330 1329 2455
f 2372 3837 3838
f 3839 3840 3841
f 3841 3837 2376
f 3838 1012 2372
f 3525 2009 3840
f 2009 1011 3838
f 885 3842 3843
f 889 1765 885
f 2691 3844 3658
f 983 3656 3255
f 2690 2691 3657
f 3656 2562 3845
f 3679 3681 3846
f 3846 2317 3679
f 3847 3848 3849
f 2331 2334 3850
f 3850 3851 2331
f 3852 3777 3853
f 3853 693 3852
f 691 2334 2533
f 2334 691 3853
f 2140 2694 2138
f 829 3458 840
f 838 3854 829
f 3855 3307 3856
f 3557 3856 3857
f 3856 3557 3855
f 2391 3858 2392
f 3856 3306 3859
f 3307 3860 3303
f 2425 1258 147
f 259 2413 261
f 2069 1997 2072
f 2005 2004 3611
f 1778 1776 2908
f 3654 3861 3653
f 3428 3862 3653
f 3640 2449 2453
f 2450 2449 2452
f 1834 3863 3639
f 1005 2067 3156
f 417 3604 410
f 410 3631 409
f 3604 3251 3631
f 2680 2185 2683
f 3864 1995 3865
f 3667 3666 3864
f 3866 3667 2340
f 3169 2238 3867
f 2238 2237 3868
f 3169 3166 2240
f 3869 3744 3868
f 2929 3389 3304
f 3304 2932 2929
f 524 2912 522
f 3261 423 3259
f 423 3261 424
f 3509 3828 3171
f 1595 3703 3870
f 3705 3764 3704
f 446 3871 442
f 3871 446 3872
f 1564 438 3028
f 3487 3873 3488
f 3874 3875 3488
f 3876 3877 3878
f 961 3877 2326
f 3879 3878 3880
f 3881 3876 3879
f 3698 3882 966
f 3647 3365 3360
f 1847 811 1846
f 1848 3130 811
f 2745 3129 1848
f 3612 3800 3409
f 3086 2365 2065
f 1354 1357 2367
f 1818 2190 2248
f 938 3708 3151
f 2287 3883 2667
f 3609 3884 3608
f 3843 3884 3885
f 3886 3887 2683
f 3887 3886 3888
f 3887 3567 2684
f 2683 3693 3886
f 2661 2522 3544
f 820 819 823
f 3889 3890 823
f 823 1254 3889
f 1101 1100 1103
f 2268 2648 1566
f 3891 3892 2267
f 3543 3893 3654
f 3811 3580 3810
f 3580 3811 3581
f 1759 1899 1758
f 1900 1899 2979
f 624 2099 623
f 3894 851 2663
f 2663 2664 3894
f 3818 3895 3336
f 3404 3405 3102
f 3404 3008 2702
f 3102 3006 3404
f 361 360 3600
f 914 1907 1905
f 2242 2241 1908
f 2664 3896 3897
f 3898 3874 3899
f 3487 3766 3873
f 3873 3769 3899
f 715 714 2366
f 3799 3900 2217
f 2217 2216 3799
f 3797 3796 3175
f 1642 1976 1420
f 2081 3829 3901
f 102 3901 100
f 2385 1515 3902
f 1516 2569 3902
f 3902 2572 2385
f 2447 2446 2883
f 2421 1656 3250
f 1258 1257 53
f 2920 3442 1741
f 2678 2120 3602
f 3782 3781 3903
f 3288 3287 3781
f 3904 3782 3905
f 3905 3903 2901
f 3081 3386 3080
f 3080 3906 3084
f 3194 3343 3907
f 3343 3342 3908
f 864 858 3909
f 2263 3382 3079
f 3910 3911 3875
f 3911 3912 3913
f 3401 3495 3913
f 3910 3875 3898
f 2871 3401 3914
f 3915 2738 3862
f 3505 3504 3916
f 3917 3916 2737
f 2537 3915 3428
f 1372 1371 3815
f 1371 3561 3918
f 1120 3919 3563
f 3815 3918 3814
f 3579 2610 3786
f 3197 3920 737
f 3920 3088 735
f 2690 2762 1507
f 2232 2225 323
f 1340 3863 3587
f 1330 2452 1340
f 3863 1834 3921
f 2846 3586 3921
f 1074 3922 3833
f 1073 1072 1789
f 3427 1072 3425
f 1780 2057 2760
f 2760 3923 1780
f 3123 2057 3924
f 2756 3123 2628
f 3925 2640 3926
f 3899 3925 3898
f 3927 3928 3899
f 3929 3910 3926
f 2079 2078 94
f 1959 1958 1029
f 2593 1271 2592
f 2594 1276 2591
f 2877 3930 2753
f 3930 3931 3593
f 2161 1368 3930
f 3228 3227 3290
f 3229 2125 3515
f 3290 3229 3603
f 3787 1076 799
f 797 1911 799
f 3932 3933 3934
f 3798 3797 3935
f 3933 3936 3935
f 3937 3934 3938
f 3178 3938 3175
f 3886 3694 3939
f 3939 3940 3880
f 3040 3940 3038
f 3294 3356 3941
f 3321 2913 3942
f 3836 1721 1873
f 1426 2496 1389
f 3614 3943 3267
f 2342 464 1347
f 3745 2974 3748
f 3749 3748 3738
f 1615 1614 2976
f 1644 3468 1643
f 2374 745 2373
f 3790 3000 3944
f 3944 3066 3816
f 1921 1920 2651
f 3506 3945 3503
f 3386 3502 3906
f 1978 1977 1736
f 1384 1387 3946
f 1669 3947 1668
f 3948 757 3949
f 752 748 3948
f 3947 3950 3949
f 1535 2812 2517
f 1530 3780 1535
f 3112 2721 3115
f 1961 3146 3951
f 1958 3951 3484
f 2795 2796 3736
f 3851 3850 3779
f 3777 3852 3775
f 3779 3778 3851
f 2082 1603 3952
f 1263 1262 2890
f 1669 1664 2474
f 3947 1669 2473
f 3023 2010 3021
f 1424 3019 1422
f 1932 1931 3719
f 3356 3294 3355
f 2956 2955 2958
f 3157 3953 3160
f 2596 2557 2601
f 2889 3824 1845
f 3821 2805 2422
f 1355 3954 2391
f 3519 895 3955
f 1060 3835 890
f 3835 3956 891
f 3955 1168 3519
f 1168 3955 1167
f 2236 2160 2237
f 3680 3647 3957
f 3647 3680 1227
f 1633 3121 1631
f 3958 3959 3960
f 3734 3297 3958
f 3295 3959 2959
f 3961 3958 3962
f 1789 3963 1785
f 2799 1071 1784
f 2798 2878 3055
f 3964 3879 3965
f 3879 3964 3881
f 3966 3964 3967
f 3967 3965 3040
f 3888 3939 3882
f 2049 2046 1093
f 498 499 3353
f 1406 3923 1404
f 3923 1406 1781
f 2043 2042 3794
f 2209 1711 2044
f 3801 3802 3690
f 2779 3690 2781
f 3202 3004 3920
f 3968 3969 2213
f 2217 3968 2212
f 3970 3341 2183
f 2182 2181 3340
f 3619 2606 3885
f 273 191 3971
f 2051 3107 640
f 2045 640 648
f 3107 2051 3106
f 639 641 3105
f 3892 2646 2268
f 2803 1195 2954
f 341 466 1192
f 465 1695 466
f 1980 3688 3946
f 3946 2356 1384
f 3688 3686 2356
f 1981 3684 1980
f 2245 803 2243
f 3725 3293 2254
f 3646 2501 3643
f 3651 3439 3645
f 325 1528 332
f 3972 971 3637
f 3638 3552 3973
f 3637 3638 3972
f 2538 2742 2537
f 2738 3915 2741
f 3900 809 3968
f 390 2524 395
f 3974 1107 1591
f 2726 2716 3975
f 2068 1003 2073
f 764 767 763
f 785 767 783
f 537 3073 532
f 763 787 2129
f 2922 726 3443
f 2664 2666 3896
f 3341 3970 3345
f 2183 2685 3970
f 2913 2914 3941
f 810 3976 3728
f 3752 3726 3750
f 3724 3723 3752
f 3750 3976 3900
f 1328 1956 2713
f 1732 1731 2270
f 3162 3494 3470
f 3158 3162 3469
f 2507 2194 3214
f 1379 3549 1378
f 2684 381 2681
f 1616 3007 1614
f 3851 3866 2332
f 3778 3977 3866
f 3440 1678 3585
f 850 3327 847
f 3957 3360 3431
f 2292 3907 3048
f 2289 2288 3907
f 3234 3233 3894
f 48 261 1016
f 3978 1058 1016
f 1058 3978 1056
f 3979 3980 3981
f 3982 1576 2645
f 3980 3983 3982
f 1572 1576 1570
f 2480 3983 3984
f 3439 3651 3441
f 3651 3660 3985
f 2501 3646 2497
f 3441 3985 3440
f 3986 2369 3987
f 1606 3987 3952
f 716 717 714
f 3988 3048 3344
f 3735 3734 3961
f 3729 3296 3734
f 3841 3735 3839
f 3962 3989 3961
f 975 3636 974
f 3195 2881 3328
f 3327 850 2153
f 3738 3101 3749
f 2011 2012 3023
f 1553 1552 3881
f 3881 3990 1553
f 3877 3876 3991
f 1117 1120 3562
f 3919 1120 1746
f 2434 3437 2438
f 3586 2846 2438
f 3992 3051 3993
f 3775 3994 1249
f 3994 3677 1250
f 3995 3996 2821
f 886 3843 2607
f 1598 1592 3997
f 3201 1672 3202
f 2595 3975 947
f 947 3998 3999
f 940 3999 948
f 2803 2953 2801
f 3674 3673 4000
f 4000 1043 3674
f 4000 4001 3133
f 3673 3675 4001
f 3042 4002 4003
f 4004 4002 4005
f 2403 3219 2401
f 2386 3219 2384
f 353 3059 348
f 3971 1505 273
f 3254 3844 3971
f 3252 3254 4006
f 2621 3703 3349
f 2620 3349 1476
f 1593 1475 1594
f 4007 4008 4009
f 2464 3716 2463
f 838 3412 3854
f 3462 3461 3413
f 3413 1464 3462
f 4010 3727 1260
f 1270 1277 1271
f 1277 2734 3541
f 2656 3477 3064
f 460 459 4011
f 4011 4012 460
f 4012 4011 3479
f 2018 4013 2015
f 4014 3189 4013
f 3141 4015 1359
f 1359 4016 1358
f 3635 3634 3598
f 1715 3324 2844
f 2844 1712 1715
f 2476 2839 3628
f 1655 1647 4017
f 528 530 4018
f 530 529 4019
f 3912 528 3914
f 3883 4020 4021
f 1076 3787 4021
f 2286 2731 3883
f 2291 2727 2286
f 2731 1680 4020
f 3295 3294 2916
f 2916 2915 3295
f 3472 3471 455
f 3760 4009 3452
f 3452 1525 3451
f 4022 4023 3759
f 4020 4024 4025
f 3255 3845 3254
f 3945 3506 3993
f 3993 3532 3945
f 3993 3917 3992
f 3916 3917 3505
f 883 882 374
f 4026 2013 1914
f 1425 3249 1424
f 2890 3583 1263
f 3727 4010 815
f 2831 2830 3702
f 2587 2586 1708
f 2241 3234 3897
f 3475 3472 4027
f 3803 3474 4028
f 3782 3904 3291
f 3291 3998 2719
f 4029 1764 4030
f 4030 4031 4029
f 4031 4030 1477
f 1608 4032 3937
f 3938 3178 3937
f 3934 4032 3932
f 3186 3695 3825
f 329 3533 328
f 2932 3304 4033
f 2921 2920 2701
f 1013 2921 680
f 3926 3337 3929
f 2640 3925 1825
f 3436 3500 3433
f 3436 3737 3543
f 3720 3457 2516
f 269 3599 268
f 2182 3195 2180
f 1449 3544 3465
f 956 955 1451
f 3774 3770 4034
f 3770 3090 4035
f 4034 4035 1819
f 1034 1036 2028
f 3262 4036 1038
f 2028 4036 975
f 812 3128 806
f 3784 3711 4037
f 2962 3730 997
f 4017 1651 718
f 1721 3836 1719
f 1747 1752 4038
f 4039 3070 4040
f 3303 4041 3301
f 3860 4042 4041
f 484 1617 2978
f 2781 4043 4044
f 4029 4045 3802
f 4044 4045 4046
f 4047 2484 2487
f 2488 4048 2487
f 2487 4049 4047
f 4050 4051 4052
f 2488 2780 4048
f 2018 2013 4053
f 4026 1914 4047
f 4053 4026 4051
f 1593 1597 1475
f 1472 1471 1473
f 2112 3188 4054
f 3997 1596 4054
f 4055 3997 4056
f 4057 4056 3189
f 4056 4057 4055
f 4013 2018 4014
f 2484 1914 551
f 4044 4058 2781
f 4058 4044 4059
f 4014 4053 4050
f 102 2078 3901
f 4050 4057 4014
f 1477 1474 4031
f 4060 1598 4055
f 1598 4060 1597
f 4052 4049 4061
f 4048 4058 4061
f 4062 1473 4063
f 4063 4060 4064
f 4057 4050 4064
f 1474 4062 4046
f 4062 4063 4059
f 4064 4052 4063
f 2426 2425 146
f 2368 4065 3542
f 3618 4065 3986
f 2340 3864 2338
f 2628 3924 1562
f 1160 1563 2059
f 875 587 873
f 3733 2376 3732
f 3741 887 3763
f 3763 883 368
f 3707 3742 3762
f 2306 2308 2766
f 1487 2766 1485
f 635 628 3416
f 869 867 629
f 3416 870 3414
f 518 3675 516
f 3675 518 3392
f 1726 4066 1724
f 4067 1729 4068
f 4003 4069 1726
f 1077 1076 4025
f 2672 2673 2113
f 2353 1298 2351
f 4070 343 3721
f 1012 743 2374
f 2842 2841 1712
f 1802 928 2820
f 2820 2819 1802
f 2194 2188 3596
f 3092 3094 2191
f 3596 2192 3595
f 1144 1857 1142
f 979 1556 4071
f 1442 1437 2148
f 3761 3279 3310
f 331 330 3535
f 3535 2886 2261
f 960 962 958
f 382 381 3564
f 3567 3887 3565
f 2336 2341 382
f 1947 1948 1602
f 1176 1932 3718
f 2064 2066 3087
f 1557 1051 1554
f 1171 1557 1170
f 3991 1552 1052
f 2174 1042 4072
f 4007 4023 2173
f 4008 4007 2172
f 2771 3649 517
f 2610 3579 2613
f 3246 2358 3244
f 1991 1982 1641
f 2325 1055 2327
f 3249 1425 3246
f 4040 1795 4039
f 1799 1793 4040
f 2594 824 4073
f 3652 3385 4074
f 2315 3848 4074
f 3848 3847 3434
f 736 1231 3198
f 4071 4075 979
f 984 980 3661
f 3663 3662 4076
f 750 749 2142
f 1748 1747 3740
f 1751 487 1750
f 1751 4038 3047
f 2277 1226 2205
f 1730 4077 1725
f 2267 1731 3891
f 4077 3813 1733
f 3813 3812 3891
f 3247 3243 1730
f 2307 2472 4078
f 3069 4079 1801
f 2301 2471 2307
f 4078 1805 2768
f 2240 2235 3169
f 1853 1852 2669
f 1852 1855 3108
f 1271 2593 1275
f 1854 4080 1851
f 759 4081 3391
f 1263 4010 1259
f 971 3972 1348
f 3510 3612 3610
f 1765 3610 3842
f 3339 4082 3338
f 3911 3910 4082
f 1221 4083 1579
f 2422 1445 3821
f 984 3655 983
f 4084 4085 3791
f 3944 4084 3790
f 3681 3680 3849
f 3849 3957 3847
f 3771 3574 3090
f 916 3216 915
f 915 4086 2199
f 4087 4086 2934
f 3571 4012 1811
f 1809 1808 4088
f 639 1398 637
f 4069 4042 4066
f 4089 4067 4090
f 4042 3860 4068
f 3240 3241 3238
f 4027 455 1344
f 4091 4092 3979
f 2405 4083 2400
f 1636 4093 1635
f 4093 1636 4075
f 3118 3661 1634
f 1043 4000 1403
f 3985 4094 1678
f 4095 4096 4097
f 2798 3761 2131
f 3966 4093 4071
f 3834 3263 3835
f 1167 3956 1166
f 3598 2660 3635
f 1746 1742 3919
f 2872 2869 3399
f 4083 2405 2571
f 1345 1815 1344
f 1486 3529 1480
f 1481 4098 1484
f 3643 2502 2246
f 2644 2251 4099
f 3914 4018 2871
f 3446 3814 3447
f 3905 4100 3904
f 2903 1070 4100
f 2901 2903 3905
f 2469 2303 4087
f 2303 2469 2301
f 3979 3950 3980
f 1797 2551 792
f 2480 2475 4101
f 3950 3947 3984
f 396 395 4102
f 4102 4103 396
f 4102 3869 4104
f 1990 2208 1989
f 3963 1789 3426
f 3890 3889 4105
f 4073 3890 4106
f 4106 4105 4107
f 872 871 3417
f 3407 3417 3406
f 2083 3618 1607
f 3987 1606 3986
f 169 168 3467
f 3829 2081 1888
f 1927 1993 1923
f 3143 2654 4108
f 4109 4107 4108
f 4107 871 3143
f 4108 4110 4109
f 3848 2315 3846
f 2654 2653 4110
f 4110 2655 4111
f 1285 1284 2463
f 3981 1083 1432
f 4091 1432 2758
f 4082 4112 3911
f 3895 1489 4112
f 528 3912 527
f 1489 3895 2776
f 3339 3895 4082
f 2944 2943 3172
f 671 2973 670
f 710 4017 708
f 4076 1199 3663
f 2948 2949 2352
f 2074 4113 1807
f 1070 2903 1068
f 949 948 3601
f 1588 1586 3358
f 3358 1702 3352
f 1432 4091 3981
f 2645 1083 3982
f 1049 1051 1020
f 1051 1557 1019
f 2761 3657 2564
f 1570 4101 1571
f 4114 4115 4116
f 4117 3943 4114
f 4118 4114 3773
f 3773 4116 3771
f 2868 2867 4019
f 4119 3872 3493
f 3872 4119 3871
f 3753 3755 3292
f 3756 3936 3755
f 3321 3942 3317
f 2913 3321 2454
f 4005 4033 4004
f 4002 4004 4069
f 2933 2932 4005
f 3172 2942 1704
f 3962 3960 1881
f 1881 1878 3962
f 4101 1570 2480
f 4107 4109 4106
f 394 4120 391
f 3483 2967 3482
f 1727 4121 1734
f 3805 3810 4122
f 3808 4122 4123
f 2768 4079 2777
f 2308 4078 2767
f 1462 1467 3462
f 3705 3707 3713
f 2708 1105 3974
f 1591 1595 3974
f 3974 3870 2708
f 2618 888 3706
f 14 18 16
f 3810 3241 1734
f 1735 3247 1728
f 2863 1109 1872
f 3479 3478 4088
f 2689 1159 2688
f 1834 1829 2847
f 2849 2848 2749
f 4103 3832 394
f 2172 4120 4008
f 3660 3659 4094
f 1680 1679 4024
f 4124 3528 2600
f 2600 2597 4124
f 2600 3530 3280
f 559 3281 556
f 3070 4039 3069
f 2647 2646 3682
f 493 2161 2877
f 768 762 3526
f 3478 4096 4125
f 3840 3839 3525
f 3525 3989 1877
f 3555 3857 3554
f 4126 4127 3859
f 3954 4126 3858
f 3464 3463 3185
f 4080 1201 4076
f 4128 1319 3755
f 3103 3292 3568
f 3292 3293 3753
f 3568 4129 1320
f 1320 10 3568
f 4085 4099 2500
f 3034 1155 3778
f 3286 3512 1644
f 3812 3683 3892
f 4027 4130 3475
f 4130 4027 4113
f 1822 3092 1817
f 3677 3994 694
f 1033 1247 1031
f 3744 2521 3867
f 3151 931 938
f 4081 759 3309
f 4130 578 4028
f 4113 2074 4130
f 4028 577 3803
f 3788 3787 1912
f 3565 3888 3698
f 4103 4102 3831
f 2841 3794 1713
f 3335 2643 3819
f 4084 3944 3819
f 3819 4131 4084
f 3692 3691 843
f 1944 3122 1942
f 2108 2107 3398
f 3493 3395 4119
f 2122 3922 2902
f 4072 4132 2174
f 1318 3012 1317
f 3708 938 2941
f 2347 2036 3482
f 2036 2347 3669
f 3046 999 2895
f 2895 1585 3046
f 3357 2955 3045
f 3046 1587 3045
f 3009 3449 3015
f 2655 1809 4125
f 2682 386 3524
f 9 10 1316
f 1314 1319 3448
f 3973 3996 4133
f 2821 2829 3995
f 2758 3550 4091
f 3163 3491 3162
f 2328 2327 3522
f 3519 689 3518
f 3793 4134 3367
f 3373 4016 3372
f 3448 4128 3933
f 4088 1814 3479
f 4133 4135 3973
f 3964 3966 3990
f 3967 3712 3966
f 3744 3869 2519
f 663 3549 655
f 1402 2311 1396
f 1792 1798 1796
f 4134 3793 4127
f 4136 4134 4126
f 4134 4136 3373
f 3927 4034 3928
f 3769 3774 3927
f 3697 3626 465
f 1783 1778 3538
f 2909 3539 2908
f 3963 3893 2060
f 4137 4123 4138
f 3556 3558 4137
f 3557 3556 4138
f 3855 4138 4090
f 4121 1727 4067
f 4123 4121 4089
f 4040 3553 1799
f 2707 3765 3044
f 3252 4006 1559
f 1559 1311 1558
f 3735 3841 3733
f 3185 3186 3464
f 1853 3909 4080
f 3712 3967 3039
f 4009 3760 4007
f 4109 4111 4095
f 4106 4095 4073
f 3626 3625 1695
f 2924 2970 725
f 3159 4139 3157
f 2971 777 3159
f 4139 3792 3953
f 3649 2136 513
f 3668 3977 1153
f 2739 2735 2737
f 3426 3861 3963
f 3160 4118 3767
f 3953 4117 4118
f 2744 2049 1095
f 2643 2639 4131
f 4131 2644 4085
f 2708 3764 2707
f 3320 3316 2875
f 777 776 4139
f 3943 4117 3268
f 629 582 869
f 3314 4098 4124
f 3813 4077 3242
f 2669 864 1853
f 3067 3069 1800
f 2931 2108 3397
f 426 3551 3256
f 3209 3211 3207
f 3129 2745 3371
f 3513 536 3995
f 536 3073 4133
f 3548 2627 659
f 3096 3784 3095
f 10 8 135
f 1726 1732 4003
f 2271 3042 2270
f 3831 4104 1518
f 2773 4140 1491
f 3307 3855 3860
f 2338 3865 2919
f 2339 2338 2341
f 539 1798 538
f 3595 3094 4037
f 2575 1870 2906
f 3344 3211 3988
f 3618 2083 3177
f 3073 3068 4135
f 4101 2479 4141
f 1571 4141 1578
f 1206 2815 3582
f 1276 2594 4097
f 333 1534 2884
f 2109 3030 2107
f 4132 4072 4022
f 3672 4132 3670
f 3759 4140 4022
f 3830 3570 1868
f 4140 2773 3670
f 2907 1871 2706
f 3371 4142 3129
f 3370 3372 4142
f 1578 3697 467
f 3576 4115 3614
f 4098 3314 1937
f 3809 3808 4137
f 3558 2388 3809
f 1366 3931 1367
f 2955 3357 3355
f 3045 1588 3357
f 4126 3954 4136
f 2454 3322 2453
f 1550 1558 1551
f 3831 1521 4103
f 3988 3212 3047
f 3952 717 2082
f 2222 4143 4015
f 3616 3576 3613
f 2906 1865 1871
f 3128 3969 807
f 727 2849 2748
f 3309 3308 4081
f 1703 2942 498
f 3449 3448 3932
f 3392 3527 761
f 2219 3126 4143
f 2773 2770 3671
f 1575 4070 1573
f 1578 467 4070
f 2326 3991 1053
f 3625 3325 1696
f 3550 3948 4092
f 648 642 646
f 2 6 3
f 2 8 5
f 4 137 6
f 8 2 1
f 5 8 10
f 7 1 12
f 14 21 15
f 17 21 14
f 14 13 19
f 20 61 13
f 21 92 22
f 15 22 23
f 25 28 26
f 28 25 29
f 31 29 25
f 33 42 34
f 36 33 32
f 33 36 38
f 32 34 40
f 34 43 41
f 42 45 43
f 37 46 42
f 45 42 46
f 40 41 48
f 39 40 47
f 49 262 50
f 52 147 53
f 55 52 51
f 57 59 55
f 52 55 59
f 54 77 56
f 61 20 62
f 19 13 61
f 65 68 66
f 67 264 68
f 68 277 69
f 65 64 71
f 64 66 73
f 64 72 74
f 75 73 66
f 76 133 77
f 79 133 76
f 80 76 54
f 80 81 78
f 80 51 53
f 83 88 84
f 85 17 82
f 87 84 88
f 89 85 84
f 83 954 90
f 91 954 83
f 17 85 92
f 16 91 82
f 94 99 95
f 97 98 95
f 98 152 93
f 100 111 101
f 99 101 96
f 102 100 99
f 104 106 57
f 59 57 106
f 108 106 104
f 110 114 111
f 113 96 101
f 112 101 111
f 115 97 96
f 117 115 113
f 1 3 118
f 12 118 120
f 122 120 118
f 121 118 3
f 119 131 125
f 11 124 127
f 124 125 128
f 130 125 131
f 130 322 128
f 132 150 129
f 129 77 133
f 123 3 6
f 119 124 11
f 131 119 120
f 7 11 126
f 98 97 134
f 134 97 115
f 134 6 137
f 86 149 138
f 88 90 139
f 89 108 107
f 106 108 138
f 141 151 140
f 62 142 114
f 23 156 143
f 112 114 142
f 20 23 142
f 138 149 144
f 146 58 144
f 105 144 58
f 147 52 58
f 145 144 149
f 148 149 86
f 108 89 87
f 103 57 56
f 123 115 117
f 150 56 77
f 122 160 132
f 140 92 85
f 151 22 92
f 136 154 152
f 152 155 153
f 154 321 155
f 151 141 157
f 22 151 156
f 156 157 116
f 117 116 157
f 158 122 121
f 158 157 141
f 116 113 112
f 159 104 103
f 159 141 107
f 150 132 160
f 158 159 160
f 162 28 27
f 28 162 163
f 164 182 27
f 166 172 167
f 169 166 165
f 170 224 165
f 172 166 173
f 175 167 172
f 171 173 177
f 166 169 178
f 179 177 173
f 72 26 163
f 72 73 24
f 162 301 180
f 161 27 182
f 181 182 184
f 185 184 182
f 186 240 183
f 187 164 29
f 189 193 190
f 191 273 192
f 193 236 194
f 188 190 195
f 197 193 189
f 198 236 193
f 199 189 188
f 199 192 201
f 201 205 202
f 204 202 205
f 206 207 202
f 207 196 200
f 207 206 209
f 210 267 204
f 204 267 211
f 213 223 214
f 214 170 216
f 212 214 215
f 219 212 217
f 212 219 220
f 215 216 222
f 224 170 214
f 213 228 225
f 223 225 226
f 228 213 220
f 196 189 199
f 196 207 208
f 71 74 230
f 232 70 233
f 70 71 229
f 67 65 70
f 176 232 231
f 234 174 231
f 235 234 233
f 167 175 216
f 236 35 50
f 190 194 237
f 239 41 43
f 238 43 45
f 232 176 241
f 242 241 176
f 244 247 245
f 246 245 247
f 248 249 247
f 249 219 218
f 250 3420 248
f 243 245 252
f 243 251 254
f 253 250 244
f 245 246 255
f 256 295 252
f 258 239 238
f 240 186 257
f 258 257 260
f 258 259 261
f 35 32 39
f 194 50 262
f 73 75 263
f 30 25 24
f 241 242 264
f 177 179 265
f 171 231 174
f 35 236 198
f 267 210 268
f 210 323 269
f 211 267 266
f 203 205 272
f 201 274 272
f 274 201 192
f 275 235 229
f 242 265 276
f 264 276 277
f 44 46 279
f 280 279 46
f 279 280 282
f 283 280 37
f 284 186 184
f 260 257 186
f 44 183 240
f 217 215 221
f 218 217 285
f 286 309 285
f 288 290 209
f 206 211 287
f 208 209 290
f 283 38 289
f 283 290 288
f 288 287 293
f 291 288 292
f 295 296 251
f 297 254 251
f 296 295 299
f 300 161 181
f 161 300 301
f 281 300 278
f 183 44 278
f 222 216 175
f 303 286 221
f 305 307 303
f 305 304 235
f 304 302 234
f 222 302 304
f 307 305 308
f 307 311 286
f 302 175 174
f 74 163 180
f 168 165 224
f 246 285 309
f 255 309 310
f 311 310 309
f 270 293 287
f 295 256 312
f 198 289 38
f 197 208 289
f 268 298 299
f 48 41 239
f 313 275 230
f 313 308 305
f 312 315 293
f 292 293 315
f 220 219 249
f 282 291 294
f 291 282 280
f 313 180 301
f 317 316 308
f 300 281 317
f 270 266 299
f 256 310 315
f 314 315 310
f 314 306 294
f 316 294 306
f 306 314 311
f 281 282 316
f 5 9 318
f 185 164 187
f 319 2412 284
f 320 137 4
f 154 136 137
f 320 1317 321
f 322 130 133
f 203 271 323
f 325 332 326
f 324 3786 327
f 328 3027 324
f 326 331 329
f 331 326 332
f 330 332 334
f 336 339 337
f 339 336 340
f 342 340 336
f 343 467 335
f 345 337 339
f 347 352 348
f 349 3376 350
f 346 348 351
f 352 2169 353
f 354 1790 352
f 356 358 357
f 358 361 359
f 361 358 362
f 361 3600 363
f 364 362 358
f 366 377 367
f 368 369 365
f 369 372 370
f 372 369 373
f 374 373 369
f 376 367 377
f 379 383 380
f 382 380 383
f 384 1547 385
f 378 1962 384
f 386 2681 383
f 379 385 387
f 389 2396 390
f 391 392 389
f 393 2395 389
f 388 396 394
f 396 388 390
f 398 403 399
f 400 1014 397
f 399 405 401
f 403 398 404
f 403 2132 405
f 407 413 408
f 406 408 410
f 412 408 413
f 415 412 411
f 416 417 412
f 417 410 408
f 413 407 419
f 421 2824 422
f 423 424 420
f 424 602 425
f 422 3551 426
f 428 431 429
f 431 428 432
f 434 429 431
f 435 2202 427
f 430 3053 433
f 433 3634 436
f 438 1565 439
f 440 444 437
f 442 438 437
f 441 437 444
f 446 442 441
f 447 772 443
f 449 454 450
f 448 3471 451
f 453 450 454
f 448 450 456
f 452 454 458
f 460 462 461
f 462 2344 463
f 460 3571 464
f 335 466 341
f 466 335 467
f 469 473 470
f 471 2448 472
f 473 478 474
f 475 476 470
f 476 471 468
f 478 473 479
f 481 3739 482
f 484 2978 481
f 483 481 480
f 485 3206 486
f 487 3210 485
f 489 492 490
f 491 499 492
f 489 2161 493
f 495 490 492
f 488 490 497
f 494 492 499
f 501 510 502
f 503 1322 500
f 505 503 502
f 503 505 507
f 504 1363 508
f 504 502 510
f 511 515 512
f 514 2132 512
f 515 517 513
f 516 2772 517
f 515 511 518
f 520 523 521
f 523 520 524
f 526 524 520
f 521 530 528
f 522 841 529
f 523 529 530
f 532 534 533
f 534 3225 535
f 536 3513 534
f 531 3072 537
f 538 3553 531
f 539 538 533
f 541 544 542
f 544 541 545
f 547 542 544
f 549 550 545
f 550 1862 543
f 548 545 541
f 553 555 554
f 556 3530 557
f 555 557 558
f 555 553 559
f 552 554 561
f 563 552 560
f 565 2146 566
f 568 565 564
f 567 564 570
f 567 3031 571
f 572 570 564
f 574 579 575
f 573 582 576
f 577 578 574
f 578 2074 579
f 581 576 582
f 583 577 576
f 585 590 586
f 584 586 588
f 586 594 589
f 591 2088 592
f 593 591 590
f 590 592 594
f 392 598 595
f 597 595 598
f 599 598 392
f 393 595 601
f 277 425 602
f 425 277 276
f 603 421 420
f 69 602 604
f 602 424 605
f 606 435 429
f 608 612 609
f 611 609 612
f 613 1683 610
f 607 3031 614
f 612 608 615
f 617 622 618
f 616 1610 619
f 338 340 616
f 621 618 622
f 620 622 624
f 625 624 622
f 627 630 628
f 629 630 580
f 630 629 631
f 632 3222 633
f 634 627 626
f 635 632 626
f 637 2310 638
f 636 641 639
f 641 636 642
f 636 638 643
f 645 647 646
f 643 1230 644
f 647 1094 648
f 355 357 650
f 649 650 652
f 357 359 653
f 655 657 656
f 658 664 656
f 660 658 657
f 659 657 655
f 662 1007 654
f 654 1009 663
f 664 744 662
f 666 668 667
f 668 957 669
f 667 669 671
f 370 372 668
f 666 1161 672
f 674 677 675
f 677 674 678
f 680 677 676
f 682 678 674
f 683 781 678
f 685 687 686
f 687 690 688
f 689 1168 690
f 692 684 693
f 684 686 694
f 696 699 697
f 699 696 700
f 700 696 702
f 702 696 695
f 699 706 704
f 706 699 698
f 708 716 709
f 707 2547 710
f 707 709 712
f 709 715 713
f 715 709 716
f 716 708 718
f 720 726 721
f 723 720 719
f 725 721 726
f 719 721 728
f 721 725 729
f 731 187 31
f 572 734 733
f 734 737 735
f 737 734 738
f 739 2164 740
f 732 733 741
f 662 744 743
f 744 2973 745
f 747 753 748
f 750 746 751
f 752 751 746
f 754 1667 755
f 753 747 756
f 753 755 757
f 759 3391 760
f 762 764 760
f 758 760 764
f 763 2129 765
f 758 765 766
f 764 762 768
f 447 773 770
f 772 447 769
f 773 447 444
f 771 769 775
f 774 3266 776
f 777 772 771
f 779 784 780
f 782 779 778
f 784 779 785
f 784 398 397
f 783 404 398
f 786 785 779
f 785 786 787
f 554 558 788
f 560 561 790
f 791 790 561
f 789 790 793
f 795 801 796
f 796 805 798
f 794 796 797
f 801 795 802
f 804 801 800
f 801 804 805
f 807 810 808
f 809 3976 810
f 812 806 813
f 806 808 814
f 810 3728 815
f 817 2417 818
f 820 817 816
f 817 820 822
f 824 822 820
f 819 816 826
f 816 818 827
f 829 840 830
f 832 840 833
f 835 828 830
f 828 835 837
f 838 829 828
f 839 830 840
f 839 2792 834
f 842 418 843
f 841 522 844
f 845 529 841
f 847 855 848
f 850 847 846
f 851 3233 849
f 852 2293 853
f 852 848 855
f 853 851 846
f 857 860 858
f 859 990 860
f 857 2035 861
f 863 858 860
f 864 2033 856
f 866 870 867
f 865 867 869
f 870 3416 631
f 872 870 866
f 874 877 875
f 876 2056 877
f 497 876 874
f 880 878 881
f 873 881 878
f 883 887 884
f 885 3843 886
f 888 1766 884
f 882 884 889
f 891 895 892
f 894 892 895
f 896 731 890
f 898 901 899
f 900 2409 901
f 902 3331 903
f 905 899 901
f 897 899 906
f 908 911 909
f 911 1905 912
f 913 909 911
f 914 1905 911
f 907 909 916
f 918 921 919
f 920 921 609
f 921 918 607
f 917 923 571
f 923 917 924
f 921 920 925
f 926 924 917
f 919 925 927
f 929 933 930
f 932 930 933
f 932 937 935
f 934 2820 930
f 937 932 931
f 933 929 939
f 941 944 942
f 943 1237 944
f 946 942 944
f 947 3999 940
f 949 941 940
f 254 297 951
f 253 254 950
f 30 1061 730
f 90 956 953
f 91 2523 955
f 956 90 954
f 372 371 957
f 370 672 366
f 959 964 960
f 962 960 963
f 965 963 960
f 966 3877 961
f 968 970 969
f 937 3589 969
f 971 1348 972
f 970 972 935
f 967 2026 973
f 970 968 974
f 975 974 968
f 976 458 454
f 978 1556 979
f 980 981 977
f 981 3253 982
f 981 980 984
f 986 993 987
f 989 986 985
f 990 859 985
f 859 861 988
f 992 990 987
f 993 995 991
f 994 2408 995
f 997 1001 998
f 996 998 1000
f 1001 1006 1002
f 1001 997 1004
f 1006 1001 1003
f 742 1010 1007
f 1009 654 1007
f 1010 1756 1008
f 1011 2007 1010
f 1012 1011 742
f 1014 400 1015
f 780 397 1014
f 1016 1018 47
f 49 47 1018
f 1019 1171 1017
f 1018 1016 1020
f 1022 1028 1023
f 1024 1025 1021
f 1025 1431 1026
f 1027 1022 1021
f 1028 1030 1029
f 697 704 1030
f 1028 1022 695
f 1032 1037 1033
f 1035 1247 1033
f 1034 1033 1037
f 1036 1037 1039
f 1040 1039 1037
f 596 1045 1042
f 1043 1403 1044
f 597 596 1041
f 1045 596 598
f 597 1044 1047
f 1044 1403 1048
f 1020 1058 1050
f 1049 1053 1052
f 1049 1050 1054
f 1050 1057 1055
f 1057 1050 1058
f 1060 730 1061
f 1063 1065 989
f 1062 989 988
f 1065 1066 986
f 1066 994 993
f 1068 1074 1069
f 1067 3601 1070
f 1071 3379 1067
f 1073 1071 1069
f 1074 3833 1072
f 1075 3922 1074
f 1077 795 794
f 1078 802 795
f 1080 1084 1081
f 1083 1081 1084
f 1085 1086 1084
f 1087 1435 1088
f 1082 1084 1086
f 1089 1087 1086
f 1091 1096 1092
f 1094 647 1092
f 1093 1092 1096
f 1090 1092 647
f 1098 1091 1090
f 1090 645 1099
f 1101 1106 1102
f 1104 1107 1101
f 1106 1101 1107
f 1105 2704 1108
f 1106 1108 1109
f 1111 1119 1112
f 1114 1115 1112
f 1115 1954 1110
f 1115 1114 905
f 906 1114 1113
f 1113 1112 1119
f 1117 1113 1118
f 1122 1129 1123
f 1125 1129 1122
f 1126 1477 1121
f 1128 1126 1123
f 1129 2617 1127
f 1131 1139 1132
f 1134 1130 1135
f 1130 1132 1136
f 1138 1132 1139
f 1137 1139 1141
f 782 1145 1142
f 1144 1142 1145
f 1146 787 786
f 1143 1859 1147
f 1143 1145 683
f 1150 1154 1151
f 1153 1151 1154
f 1155 3032 1151
f 1156 2166 1152
f 1157 1156 1154
f 1149 2462 1158
f 1159 1157 1150
f 1161 666 665
f 1161 1163 1162
f 1160 2059 1163
f 1164 1563 1160
f 665 667 670
f 1038 1039 1166
f 1039 1040 1167
f 690 1040 1032
f 1168 1167 1040
f 1017 1169 262
f 1169 1312 237
f 1169 1017 1171
f 1173 2865 1174
f 1172 1177 1175
f 1177 1172 1178
f 1177 1180 1179
f 1176 3718 1180
f 1172 1174 1181
f 407 1183 1181
f 1183 407 406
f 1185 355 649
f 703 695 1022
f 1187 1193 1188
f 1186 1188 1190
f 1189 2588 1191
f 1188 1194 1192
f 1193 1196 1194
f 1195 2491 1196
f 1197 1195 1193
f 1199 1201 1200
f 1201 3909 863
f 1203 1198 1204
f 1205 1204 1198
f 1207 1212 1208
f 1209 2815 1206
f 1211 1208 1212
f 1214 1207 1215
f 1134 1212 1207
f 1206 3582 1215
f 1131 1214 1213
f 1139 1131 1216
f 1130 1134 1214
f 1218 1222 1219
f 1220 4083 1221
f 1222 3699 1223
f 1219 1223 1225
f 1224 1220 1217
f 1226 3701 1222
f 1228 643 638
f 1230 643 1228
f 566 738 734
f 736 738 1232
f 570 572 732
f 1234 1239 1235
f 1236 1971 1233
f 1238 1235 1239
f 1239 1234 1240
f 1242 1246 1243
f 1245 1243 1246
f 1247 1035 1246
f 1249 1242 1241
f 1242 1249 1250
f 1251 1255 1252
f 825 826 1253
f 825 1252 1254
f 1255 2833 1256
f 1258 1264 1259
f 1260 1261 1257
f 1261 78 81
f 1263 1259 1264
f 1266 228 227
f 228 1266 1267
f 1266 1269 1268
f 1265 3285 1269
f 1271 1275 1272
f 1274 1272 1275
f 1276 4097 1273
f 1270 1280 1278
f 1280 1270 1272
f 1282 1287 1283
f 1285 1288 1282
f 1287 1282 1288
f 1290 1287 1286
f 1291 1283 1287
f 1293 1300 1294
f 1295 2407 1292
f 1297 1293 1292
f 1299 1294 1300
f 1302 1308 1303
f 1305 1306 1303
f 1306 3865 1301
f 1307 1419 1308
f 1304 1303 1308
f 1301 1995 1310
f 195 237 1312
f 1311 4006 191
f 9 1316 1313
f 1315 1313 1316
f 1317 320 318
f 1313 1315 1318
f 1314 1316 1320
f 500 1323 1321
f 1322 1326 1323
f 1325 1323 1326
f 1327 1321 1323
f 1328 2713 1321
f 1330 1340 1331
f 1333 1335 1331
f 1335 1333 1336
f 1329 1331 1335
f 1339 1333 1332
f 1340 3587 1332
f 1342 1345 1343
f 456 1343 1345
f 1341 1343 453
f 1341 3508 1347
f 450 453 1343
f 972 1349 934
f 1348 3068 1349
f 1351 1356 1352
f 1352 1357 1354
f 1355 2063 1356
f 1356 2062 1357
f 1351 1350 1359
f 1358 3954 1355
f 1360 507 505
f 1362 508 1363
f 879 1370 1364
f 1366 1367 1364
f 1368 488 496
f 880 1364 1367
f 1365 1372 1369
f 1370 1373 1365
f 1372 1365 1373
f 749 751 1375
f 1377 749 1374
f 1374 1375 1379
f 1375 1381 1380
f 1381 1375 751
f 1382 1218 1217
f 1383 1226 1218
f 1385 1391 1386
f 1384 1386 1388
f 1390 1386 1391
f 1386 1390 1392
f 1391 1385 1394
f 1395 1400 1396
f 1048 1396 1398
f 1399 3131 1400
f 1402 1396 1400
f 1403 1399 1395
f 1405 1407 1406
f 1407 1410 1408
f 1410 1407 1411
f 1404 1089 1412
f 1413 1411 1407
f 1415 1309 1416
f 1416 1419 1418
f 1419 1416 1309
f 1419 1307 1420
f 1421 1304 1309
f 1423 1393 1424
f 1393 1394 1425
f 1393 1423 1389
f 1423 1686 1426
f 1026 1429 1427
f 904 3173 1427
f 1429 2410 1428
f 1429 1026 1431
f 1082 1088 1433
f 1433 1088 1435
f 1437 1439 1438
f 1439 922 1440
f 1439 1437 1442
f 1444 1437 1436
f 1446 1448 1447
f 1449 3465 1450
f 1451 1449 1448
f 1445 2428 953
f 1446 953 956
f 1237 943 1452
f 1237 1239 945
f 1453 1970 1238
f 943 3378 1454
f 1456 1459 1457
f 601 1046 1456
f 1459 1456 1046
f 1458 1456 1455
f 1462 1464 1463
f 1464 2589 653
f 1465 2444 1466
f 1461 1463 363
f 1461 1466 1467
f 1436 1438 1469
f 1443 1436 1468
f 1472 1126 1128
f 1473 4062 1474
f 1471 1128 1476
f 1472 1474 1477
f 1479 1487 1480
f 1481 1484 1478
f 1483 1478 1484
f 1486 1480 1487
f 525 520 519
f 527 1489 519
f 1489 2776 1488
f 1488 2769 1490
f 525 1490 1491
f 1493 1495 1494
f 1495 1771 1496
f 1495 1493 1498
f 1500 1492 1501
f 1502 1493 1492
f 1492 1494 1503
f 1494 1496 1504
f 1506 272 274
f 272 1506 1507
f 1509 1514 1510
f 1511 2125 1508
f 1513 1511 1510
f 1515 1512 1510
f 1516 3902 1514
f 1518 2160 1519
f 1521 1517 1522
f 1523 1522 1517
f 1524 1525 1522
f 1525 4009 1520
f 1527 1529 1528
f 1529 1532 334
f 1530 1533 1529
f 1532 1529 1533
f 333 334 1532
f 1535 1537 1533
f 1531 1533 1537
f 1539 1541 486
f 1541 1539 1542
f 1544 1539 1538
f 483 486 1541
f 1544 387 385
f 1545 385 1547
f 1547 384 1549
f 1548 2861 1546
f 1550 978 977
f 1551 1555 978
f 1553 1555 1554
f 1555 1553 1556
f 1555 1551 1557
f 1550 982 1559
f 664 658 1561
f 1560 2973 744
f 1562 1561 658
f 1563 1164 1561
f 1164 670 1560
f 1564 1569 1565
f 1567 439 1565
f 1566 1565 1569
f 1571 1575 1572
f 1574 1572 1575
f 1572 1574 1577
f 1578 4070 1575
f 1580 1382 1221
f 1411 1413 1582
f 1583 1413 1405
f 1409 1411 1581
f 1585 3569 1584
f 1413 1583 1586
f 1587 1585 1581
f 1582 1586 1588
f 1590 1595 1591
f 1593 1594 1590
f 1594 3703 1595
f 1590 1589 1596
f 1593 1592 1598
f 1600 1605 1601
f 1602 3014 1599
f 1604 1601 1605
f 1600 1608 1607
f 1599 4032 1608
f 1606 3952 1605
f 338 1609 344
f 1609 338 618
f 1610 616 340
f 1611 1613 1540
f 1612 1616 1613
f 1615 1613 1616
f 1617 1540 1613
f 1546 1611 1542
f 1545 1542 1539
f 1540 1617 484
f 1187 1619 1618
f 1186 1191 1619
f 1621 1618 1619
f 1622 2954 1197
f 1624 1628 1625
f 1504 344 1609
f 1623 1625 1503
f 1623 1609 621
f 1501 1503 1625
f 1626 1625 1628
f 1627 1628 1630
f 1632 1637 1633
f 1631 3117 1634
f 1632 1634 1636
f 1638 2149 1639
f 1637 1639 1640
f 1637 1632 1635
f 1641 1307 1302
f 1307 1641 1642
f 1643 226 225
f 1644 1643 1267
f 226 1643 1645
f 1647 1652 1648
f 1649 1891 1646
f 1651 1647 1646
f 1652 1657 1653
f 1652 1647 1655
f 1657 1652 1654
f 1659 1185 1184
f 1184 649 651
f 1658 1184 1660
f 1662 2709 1660
f 1664 1666 1665
f 1666 755 1667
f 755 1666 1668
f 1669 1668 1666
f 1671 1664 1663
f 1672 2840 1663
f 1674 2728 1675
f 1673 1675 1677
f 1679 1673 1676
f 1680 1674 1673
f 1339 3585 1676
f 1682 610 1683
f 1682 2496 1426
f 610 1682 1684
f 611 1684 1685
f 1686 1685 1684
f 1687 1689 1324
f 1689 1687 1690
f 1688 1858 1147
f 1688 1690 1692
f 1687 1973 1693
f 1694 1697 1190
f 1696 1697 1694
f 341 1192 1194
f 1698 1189 1190
f 1700 1583 1412
f 1701 1704 1700
f 1583 1700 1702
f 1702 1700 1704
f 1706 1714 1707
f 1709 1716 1706
f 1707 1713 1711
f 1713 1707 1714
f 1714 1706 1716
f 1334 1336 1718
f 1337 1335 1334
f 1719 1334 1717
f 1720 1752 1721
f 1717 1718 1723
f 1722 4038 1720
f 1725 1732 1726
f 1728 1724 1729
f 1730 1725 1724
f 1732 1725 1733
f 1735 1728 1727
f 1387 1388 1737
f 1736 1737 1417
f 1738 1737 1388
f 1740 1744 1741
f 1739 3447 1742
f 1744 1740 1745
f 1743 1745 1119
f 1118 1119 1745
f 1746 1745 1740
f 1748 1757 1749
f 1747 4038 1751
f 1747 1749 1753
f 1755 1753 1749
f 1754 1749 1757
f 1757 1748 1759
f 1758 1008 1756
f 1761 1124 1762
f 1763 1762 1124
f 1764 3511 1762
f 889 1761 1760
f 1124 1761 1766
f 1767 1774 1497
f 1767 1770 1769
f 1498 2053 1770
f 1497 1773 1771
f 1773 1497 1774
f 1768 2579 1774
f 1776 1779 1777
f 1778 1782 1779
f 1779 1781 1408
f 1781 1779 1782
f 1783 2058 1782
f 1785 1791 354
f 1787 1791 1788
f 347 2799 1784
f 1784 1073 1789
f 1790 354 1791
f 792 793 1793
f 790 791 1794
f 1795 1793 793
f 1797 792 1792
f 1792 1793 1799
f 1801 1804 1802
f 928 1802 1804
f 1805 2472 1804
f 1807 1813 1808
f 1809 2075 1806
f 1811 1813 1812
f 1813 1811 1814
f 1815 1812 1813
f 1817 2190 1818
f 1820 1816 1821
f 1820 4035 1823
f 1816 1820 1822
f 1816 1818 1824
f 1825 3928 1819
f 1046 601 595
f 600 601 1458
f 1828 1831 1829
f 1831 1828 1832
f 1827 3640 1833
f 1834 3639 1827
f 1831 2749 1835
f 1837 1847 1838
f 1836 1841 1839
f 1841 1836 1842
f 1843 1842 1836
f 1845 1843 1838
f 1844 1838 1847
f 1848 811 1847
f 1850 1854 1851
f 1853 4080 1854
f 1852 1854 1850
f 1850 1849 1856
f 1144 1147 1858
f 1859 1324 1689
f 1859 1143 1148
f 1861 1866 1862
f 1864 1867 1861
f 1866 1861 1867
f 1869 1862 1866
f 1868 1866 1865
f 1867 1864 1872
f 342 1194 1196
f 1874 1876 1875
f 1753 1755 1876
f 1874 1721 1752
f 1878 1875 1876
f 1873 1875 1880
f 1881 1880 1875
f 1883 832 831
f 1884 1886 831
f 1882 831 1886
f 832 1883 1887
f 1889 1649 1890
f 1649 1889 1892
f 1889 2081 1893
f 1890 1649 1648
f 1895 1897 1896
f 1897 1895 994
f 1896 1658 1661
f 1897 1659 1658
f 1900 1902 1901
f 1902 663 1009
f 1008 1758 1901
f 1903 3549 663
f 1902 1900 1904
f 1905 1909 1906
f 1908 3896 1909
f 1909 3896 1910
f 1911 2506 912
f 1912 1911 1906
f 549 1915 1913
f 1915 549 548
f 550 549 1863
f 1916 1864 1863
f 1918 1920 1919
f 1921 3789 1922
f 1923 2165 1917
f 1925 1918 1917
f 1920 1922 1926
f 1919 1926 1927
f 1066 1065 1659
f 1065 1063 1185
f 1182 1930 1928
f 1182 406 409
f 1928 1932 1176
f 1178 1181 1183
f 1929 2899 1930
f 1932 1928 1930
f 1934 1941 1935
f 1933 3314 1936
f 1933 1935 1938
f 1940 1938 1935
f 1941 1943 1939
f 1942 3232 1943
f 1944 1942 1941
f 1892 1893 1946
f 1945 1946 1948
f 1891 1892 1945
f 1945 1947 1604
f 1110 1953 1950
f 1952 2830 1953
f 1954 1951 1953
f 1951 1956 1328
f 1956 1951 1954
f 478 1960 1957
f 1959 1957 1960
f 477 1961 1960
f 1961 3951 1958
f 1963 1549 384
f 1548 1549 1965
f 1415 1966 1965
f 1421 1965 1549
f 1966 2703 1964
f 1693 1972 1968
f 1968 1236 1970
f 1236 1968 1972
f 1973 506 1972
f 1690 1693 1967
f 1975 1979 1976
f 1978 1976 1979
f 1980 3946 1977
f 1979 1975 1981
f 1922 1975 1974
f 1974 1976 1642
f 1982 1927 1926
f 1983 2207 1984
f 1295 1984 1986
f 1984 1295 1294
f 1984 2207 1987
f 1985 1986 1989
f 1986 1987 1990
f 1310 1994 1991
f 1993 1991 1994
f 1991 1993 1927
f 1995 3666 1994
f 1997 2001 1998
f 2000 1998 2001
f 2002 3732 1999
f 2003 3622 2004
f 2005 1997 1996
f 2006 2003 1996
f 2008 1755 1754
f 1756 1010 2007
f 2007 1011 2009
f 2010 2012 1685
f 925 2012 2011
f 920 1685 2012
f 2014 1913 1915
f 2016 2017 2014
f 2017 1916 1913
f 2018 2015 2014
f 2019 2020 1957
f 474 1957 2020
f 2022 1705 2023
f 1710 2023 1705
f 1708 1706 1705
f 2024 3298 2021
f 2021 3299 2025
f 2026 1244 2027
f 2027 1035 1034
f 2028 975 973
f 1244 1246 1035
f 2029 1245 1244
f 2031 2034 2032
f 2033 2032 2034
f 856 2034 2035
f 2037 2041 2038
f 2036 3669 2039
f 2041 2037 2042
f 2043 3480 2040
f 2044 2042 2037
f 2046 2050 2047
f 1841 2050 2048
f 2049 2048 2050
f 2045 648 1094
f 2051 640 2045
f 1840 2047 2050
f 2047 1840 2052
f 2053 587 875
f 1768 1769 2055
f 877 1769 1770
f 2056 2055 1769
f 1780 1782 2058
f 2059 2057 2058
f 2058 1783 1162
f 1453 3061 1969
f 1235 1238 1970
f 2060 1788 1791
f 2062 1356 2063
f 2065 1357 2062
f 2064 2062 2061
f 1170 1558 1312
f 1005 1003 2068
f 2069 2072 2067
f 2071 2067 2072
f 2005 3611 2070
f 2002 2069 2068
f 2074 1807 1806
f 579 1806 2075
f 2077 1946 1893
f 2079 2077 2076
f 2077 2079 153
f 2081 3901 2076
f 1603 1650 1949
f 1891 1949 1650
f 1650 1603 2082
f 1947 1602 1601
f 1608 3937 2083
f 2085 2087 2086
f 2087 2085 2088
f 2087 2430 2089
f 2086 2089 1883
f 1882 1885 2084
f 2091 2632 2092
f 2094 2091 2090
f 2096 2098 2094
f 2091 2094 2098
f 2093 2969 2095
f 2099 2968 2093
f 2100 2099 2090
f 2102 2109 2103
f 2104 2105 2101
f 2105 3041 2106
f 2108 2103 2109
f 1104 2111 1589
f 2111 1104 1103
f 1589 2111 2112
f 2114 2116 2115
f 2116 2121 2117
f 2119 2115 2117
f 2118 3903 2120
f 2119 2671 2113
f 2122 2902 2117
f 2124 1508 2125
f 765 2128 2126
f 2128 765 2129
f 2131 2126 2128
f 2132 514 2133
f 402 512 2132
f 2133 2137 2135
f 2137 2133 514
f 2139 3664 2140
f 2142 2139 2138
f 1377 3746 2139
f 2143 2162 2144
f 2141 2138 2145
f 2141 2144 750
f 1442 2148 2146
f 1232 2146 2148
f 1441 1442 565
f 2149 2151 2150
f 2151 2178 2152
f 2153 1640 1639
f 1519 2158 2154
f 2155 1524 1523
f 2154 2157 416
f 2157 2154 2158
f 2159 2421 2156
f 2160 2159 2158
f 488 1368 2161
f 741 2163 756
f 2163 741 733
f 2162 2143 739
f 2143 2145 2164
f 2165 1923 2166
f 1924 1917 2165
f 2167 2165 1156
f 2169 352 1790
f 2171 353 2169
f 2173 1042 1045
f 599 4120 2172
f 1041 1042 2174
f 2176 2179 2177
f 2179 2176 2180
f 2182 2180 2176
f 2181 2176 2175
f 2175 2177 2185
f 2187 2189 2188
f 2190 1817 2191
f 2192 2188 2189
f 2186 2188 2194
f 2196 2198 2197
f 907 2197 2198
f 2199 2302 2195
f 915 2199 2197
f 908 2198 2200
f 2201 2147 2202
f 2204 2276 2205
f 1383 2206 2203
f 1987 2203 2206
f 2204 2203 1987
f 1990 2206 1580
f 2209 2210 1710
f 2023 1710 2210
f 2211 3388 2210
f 2209 2044 2039
f 2213 2220 2214
f 2215 2218 2212
f 2217 2212 2218
f 2220 2213 2221
f 2223 2214 2220
f 2219 4143 2222
f 2225 2229 2226
f 2228 2226 2229
f 2230 951 2224
f 2226 2228 2231
f 2232 2762 2229
f 2224 3599 269
f 2234 2236 2235
f 2159 2160 2236
f 2238 2235 2236
f 2239 1653 1657
f 2240 2239 2233
f 2242 1940 1939
f 1943 3234 2241
f 2244 2247 2245
f 2246 2251 2247
f 2247 2250 2248
f 2250 2247 2251
f 1824 2250 2249
f 2250 1824 1818
f 79 2257 2253
f 322 2253 2254
f 2256 2253 2257
f 2257 79 78
f 1261 1260 2255
f 1469 2260 2259
f 2258 3077 1468
f 1438 1440 2260
f 2262 2264 2259
f 2258 2259 2264
f 1440 3180 2265
f 2261 2259 2260
f 2266 2269 1568
f 2268 1566 1568
f 2267 1568 2269
f 2269 2266 2271
f 2272 2266 1569
f 2266 2272 2273
f 2275 2276 2204
f 2274 2204 2207
f 2276 2279 2277
f 2279 2276 2275
f 2281 2275 2274
f 2275 2281 1211
f 2283 2088 2085
f 2088 2283 2284
f 2286 3883 2287
f 2289 2285 2290
f 2289 3907 2292
f 2285 2289 2291
f 2290 2294 2293
f 2288 2290 852
f 2285 2287 2294
f 2295 2300 1880
f 2297 2300 2298
f 2299 2298 2300
f 2300 2297 1879
f 2302 2199 2303
f 2305 2195 2302
f 2304 2308 2306
f 2307 4078 2308
f 2304 2302 2301
f 1333 1339 1677
f 1336 1677 1675
f 2310 637 2311
f 2310 3629 1227
f 2312 2631 2098
f 2314 2096 2095
f 2316 2318 2317
f 2318 1531 1536
f 2319 1534 2318
f 1534 1532 1531
f 2321 2319 2316
f 2315 4074 2320
f 169 3467 2322
f 2323 2325 2324
f 961 2326 2323
f 1054 1055 2325
f 1054 2323 2326
f 2328 2324 2325
f 603 276 265
f 2329 265 179
f 2332 2339 2333
f 2331 2333 2335
f 2337 2335 2333
f 2339 2332 2340
f 2336 2333 2339
f 2343 2346 2344
f 463 2344 2346
f 2342 2344 462
f 2348 463 2345
f 2349 3669 2345
f 2351 2554 2352
f 2353 2351 2350
f 2355 2554 2351
f 2280 2274 1983
f 2280 2350 1209
f 2357 1394 1385
f 2358 1425 1394
f 606 2361 2360
f 2361 3483 2362
f 2363 3205 2359
f 345 1496 1771
f 344 1504 1496
f 1773 3721 2364
f 2366 2368 2367
f 2368 3542 1354
f 2369 4065 2368
f 2365 713 715
f 2371 3837 2372
f 2370 2372 2374
f 2000 2371 2370
f 2371 2000 1999
f 2006 2375 2378
f 2375 2370 2373
f 2353 1983 1299
f 1298 1300 2379
f 2380 2382 1512
f 1513 1512 2382
f 2381 2382 2384
f 2385 2399 2380
f 2382 2380 2386
f 2388 1098 1097
f 1099 2808 2387
f 1091 1098 2390
f 1954 1115 1116
f 2391 2393 2063
f 2392 3302 2393
f 2061 2063 2393
f 2395 2398 2396
f 2397 3465 2398
f 600 2397 2395
f 2400 2404 2401
f 2402 2404 1224
f 2403 2401 2404
f 1220 1224 2404
f 2386 2380 2399
f 2399 2385 2405
f 2407 1295 1985
f 2406 995 2408
f 1296 1292 2407
f 905 904 1428
f 2409 3173 904
f 1116 1428 2410
f 260 284 2412
f 259 260 2411
f 2415 2418 2416
f 2417 2416 2418
f 2419 2538 2416
f 2420 3641 2418
f 2421 2159 2234
f 2233 1657 1656
f 2423 2426 2424
f 2426 2423 2427
f 148 2428 2424
f 2426 146 145
f 2428 1445 2422
f 2429 2430 593
f 2430 2087 591
f 990 992 862
f 2432 2436 2433
f 2435 2433 2436
f 2437 2504 2433
f 2439 2435 2434
f 2440 2437 2435
f 1079 1081 2442
f 1701 1080 1079
f 2441 2583 2443
f 705 698 2445
f 2444 1465 2446
f 705 2446 2447
f 1064 988 861
f 2450 2296 2451
f 1330 2455 2450
f 2451 2456 2454
f 2455 2297 2296
f 2456 2451 2296
f 991 2458 2457
f 995 2406 2458
f 1204 1205 2457
f 2406 1985 1988
f 2459 2457 2458
f 1158 2461 2460
f 2461 1158 2462
f 2462 1149 2464
f 2466 1483 1482
f 1483 2466 2196
f 2465 3743 2200
f 1937 1938 1482
f 1478 1483 2467
f 2232 323 271
f 2469 4087 2470
f 928 1803 2468
f 1803 1804 2472
f 2471 2469 2468
f 929 2468 2470
f 2474 2477 2475
f 2477 2474 1671
f 2479 2475 2477
f 2480 3984 2473
f 2482 2485 2483
f 2484 551 2481
f 2482 2778 2486
f 2483 2485 2488
f 2490 2778 2482
f 2481 540 2489
f 1610 1196 2491
f 337 345 2364
f 2492 2493 1681
f 2493 2540 2494
f 1683 613 2495
f 2496 1682 1681
f 2497 3438 2436
f 2499 2432 2431
f 2498 3791 2500
f 2499 2500 2502
f 2432 2499 2501
f 2431 2433 2504
f 2505 2506 798
f 910 912 2506
f 797 798 2506
f 2507 2505 2193
f 805 2186 2193
f 2509 2515 2510
f 2508 1886 1884
f 2511 2512 2508
f 1886 2508 2512
f 2514 2510 2515
f 2510 2514 2516
f 1121 4030 1763
f 2517 3678 1537
f 2519 2524 2520
f 18 19 2521
f 2523 2525 2520
f 2524 2526 2522
f 2525 18 2518
f 2524 390 2396
f 2527 2530 1135
f 1132 1138 2528
f 2529 2527 1136
f 2530 3546 1133
f 781 683 1145
f 692 959 958
f 964 959 2533
f 691 2533 959
f 2535 2415 2414
f 2415 2535 2536
f 2414 2416 2538
f 1737 1738 2539
f 1392 2494 2540
f 1738 2540 2541
f 1417 2539 1414
f 2542 1414 2539
f 1283 1291 2544
f 1281 1283 2543
f 2461 1281 2545
f 1284 1282 1281
f 2547 707 711
f 2549 710 2547
f 2546 711 1929
f 2198 2196 2466
f 2467 2196 2195
f 562 2552 2550
f 789 2551 562
f 2551 3285 2552
f 2354 2379 2314
f 2554 2355 2555
f 2096 2314 2379
f 2355 2314 2313
f 1300 1293 2312
f 2557 2566 2558
f 2559 3119 2556
f 2561 2557 2556
f 2558 2567 2562
f 2564 2566 2565
f 2566 2564 2567
f 1202 2573 2568
f 2569 2570 1203
f 2570 1199 1198
f 2572 2569 2568
f 2208 1580 1579
f 2571 2568 2573
f 2573 1202 2574
f 1775 1777 2576
f 2575 2906 2577
f 2576 1410 1409
f 1410 2576 1777
f 2578 1870 2575
f 2054 2580 2579
f 2580 2582 2581
f 1772 1774 2579
f 2441 2442 2582
f 2583 2441 2580
f 1191 2588 2585
f 1620 1619 1191
f 2586 2588 1189
f 2587 2585 2588
f 1463 653 359
f 2589 652 650
f 2590 3540 2419
f 2591 2590 821
f 2590 2591 2593
f 2594 2591 822
f 2417 817 821
f 2595 947 942
f 2597 2599 2565
f 2563 2565 2599
f 2566 2557 2596
f 2600 3280 2599
f 2602 2597 2596
f 2411 2412 2604
f 2413 2411 2603
f 1056 2603 2605
f 894 2605 2603
f 2412 319 896
f 886 2607 373
f 371 373 2607
f 1526 1528 325
f 2609 1527 1526
f 2608 1526 327
f 2612 2609 2608
f 2611 2608 2610
f 461 463 2348
f 2614 2348 2616
f 992 2457 1205
f 1574 2581 2582
f 1573 1772 2581
f 2442 2645 1577
f 2618 3706 2619
f 2617 2619 2620
f 1125 2618 2617
f 2619 3706 2622
f 2624 1216 1213
f 2625 1141 1216
f 2624 2951 2626
f 2628 1562 660
f 2629 1898 2630
f 2631 2629 2097
f 2632 2091 2097
f 2630 2634 2633
f 1898 1661 2634
f 1898 2629 1894
f 2282 2085 2084
f 1885 2512 2635
f 2637 2282 2635
f 2282 2637 2638
f 2639 2641 2252
f 1825 2252 2641
f 2641 2639 2643
f 2644 2639 2249
f 2645 2442 1081
f 2647 2652 2648
f 2650 2652 2651
f 1567 2648 2652
f 439 1567 2650
f 1921 2651 2652
f 575 2075 2653
f 2654 865 868
f 2075 1809 2655
f 2657 1278 1280
f 2658 2659 1278
f 2659 2734 1277
f 1279 3477 2656
f 2656 3064 2660
f 2523 2522 2661
f 91 16 2525
f 2294 2665 2662
f 2663 853 2293
f 2662 2666 2664
f 2665 3788 2666
f 2665 2294 2287
f 1627 2966 2429
f 2668 2670 2032
f 2669 2668 2033
f 2670 3520 2030
f 2671 2677 2672
f 2672 2676 2674
f 2676 2672 2677
f 2679 2677 2671
f 2119 2120 2678
f 2681 386 2682
f 2680 2682 2184
f 2684 2681 2680
f 2184 2685 2183
f 2682 3524 2685
f 769 770 2686
f 774 775 2688
f 2167 2689 2686
f 2689 2688 775
f 770 1925 1924
f 773 2649 1925
f 1506 2691 2690
f 1505 3844 2691
f 2693 2699 2694
f 2695 3100 2696
f 2697 2693 2692
f 2140 2695 2692
f 2698 2700 2699
f 2700 740 2164
f 2699 2164 2145
f 2505 2507 913
f 1744 1743 673
f 675 2701 1741
f 2701 675 677
f 673 1950 681
f 1743 1111 1950
f 2703 1966 2542
f 1414 2542 1966
f 2704 3043 2705
f 2706 1109 1108
f 2704 1105 2708
f 139 953 2428
f 2710 2633 2634
f 1661 1660 2709
f 510 501 2712
f 2714 1430 2712
f 501 1321 2713
f 2716 2722 2717
f 2719 2716 2715
f 2715 2717 2721
f 2722 2725 2723
f 2724 3144 2725
f 2722 2716 2726
f 2727 2729 2728
f 2292 3048 2730
f 2291 2292 2729
f 1674 1680 2731
f 2729 2730 1723
f 1959 1029 1030
f 2019 1030 704
f 2020 2019 2732
f 2732 704 706
f 1998 2000 2375
f 2735 2739 2736
f 2738 2741 2739
f 2736 2739 2741
f 2742 3540 2740
f 2048 2049 2744
f 1839 2048 2743
f 2745 1848 1837
f 1830 1832 2747
f 2748 1830 2746
f 1830 2748 2749
f 2746 2747 2751
f 2753 2751 2747
f 1832 2754 2752
f 1828 1833 2754
f 2756 1434 1435
f 2627 3548 2757
f 1433 1434 2757
f 2756 2628 2627
f 2755 1435 1087
f 2759 3923 2760
f 2227 2229 2762
f 2761 2564 2563
f 2690 3657 2761
f 263 2763 1061
f 2763 263 75
f 791 2765 2764
f 2765 791 788
f 2767 2764 2765
f 2768 2777 2764
f 1047 1048 1397
f 2769 2771 2770
f 2771 517 2772
f 1490 2770 2773
f 2775 2771 2769
f 2769 1488 2776
f 2777 1795 1794
f 2778 2783 2779
f 2485 2486 2780
f 2780 2486 2779
f 2783 2778 2490
f 440 2650 2649
f 592 2284 2784
f 594 2784 2785
f 2787 2790 2788
f 2788 2100 2092
f 2100 2788 2790
f 1630 2791 2790
f 2791 620 623
f 2792 2787 2786
f 2787 2792 1629
f 1624 621 620
f 2791 1630 1628
f 1361 1363 2794
f 1363 504 509
f 2795 3124 1362
f 2795 1361 2793
f 2130 2128 2127
f 2130 2878 2798
f 2797 2127 1857
f 2202 1444 1443
f 2799 347 346
f 619 2491 2801
f 2802 3017 2800
f 2803 2801 2491
f 1262 1264 2427
f 2805 3822 2806
f 2423 2805 2804
f 2807 1262 2804
f 2425 2427 1264
f 2808 2813 2809
f 2809 2813 2612
f 2388 2387 2809
f 2812 3780 2813
f 2814 2812 2808
f 1208 1211 2281
f 2815 1209 2350
f 2278 1211 1210
f 1253 2818 2116
f 2121 2116 2818
f 1251 1253 2114
f 2820 934 1349
f 2822 2824 2823
f 2824 421 2825
f 2826 2828 2823
f 2827 3224 2828
f 2821 2823 2828
f 2329 2825 421
f 2831 682 681
f 2833 1255 2674
f 2833 2835 2834
f 2832 3221 2835
f 2676 3486 2832
f 2673 2674 1255
f 2836 2837 1842
f 2837 2052 1840
f 2838 2842 2839
f 2840 2838 1670
f 2476 1671 1670
f 2842 2838 2843
f 2844 2839 2842
f 2846 3921 2847
f 2845 2440 2439
f 1835 2848 2845
f 2849 3624 2850
f 2440 2845 2848
f 473 469 2851
f 477 479 2853
f 2854 2853 479
f 469 2031 2030
f 468 472 2031
f 2856 2858 2857
f 2858 3545 2859
f 2816 3546 2858
f 2861 1548 1964
f 2703 3008 2860
f 1611 1546 2861
f 1102 1109 2863
f 355 1185 1063
f 1487 1479 2306
f 2305 2306 1479
f 2865 1173 2866
f 2868 2864 2869
f 2870 2869 2864
f 2867 2869 2872
f 2866 2874 2873
f 2874 2866 1173
f 2876 2752 2754
f 2752 2876 2877
f 2876 3316 493
f 1099 645 644
f 2814 644 1230
f 2689 2167 1157
f 2629 2631 1297
f 1293 1297 2631
f 1691 2797 1858
f 2797 1691 2878
f 2879 2878 1691
f 854 855 2881
f 2880 3194 2288
f 2882 2881 855
f 2733 2732 2447
f 2687 2688 2460
f 2319 2321 2885
f 2886 330 333
f 2321 3383 2887
f 2885 2887 2264
f 2884 2885 2262
f 2889 1845 1844
f 2807 2888 2891
f 2888 2807 2806
f 1846 2891 2888
f 2891 1846 813
f 1117 3562 902
f 1114 906 899
f 2893 2897 2894
f 1000 2893 2892
f 1869 3570 2894
f 1002 2898 2897
f 2896 2894 2897
f 546 2897 2898
f 711 712 2899
f 2297 2455 2900
f 2118 2117 2902
f 2901 2902 1075
f 2577 2907 2905
f 2904 1776 1775
f 2906 1871 2907
f 2904 2905 2909
f 2705 2905 2907
f 418 842 411
f 414 411 842
f 2911 415 414
f 2910 414 844
f 2456 2914 2913
f 2298 2299 2914
f 2916 2914 2299
f 2295 3960 2915
f 553 2918 2917
f 2918 553 552
f 1962 378 1305
f 1306 1305 378
f 2919 378 380
f 2921 2925 2922
f 724 2925 1015
f 725 724 2923
f 2925 724 726
f 2925 2921 1013
f 2927 2930 2928
f 2930 2927 1179
f 2931 3397 2873
f 2933 2928 2930
f 2104 2931 2926
f 2935 2938 2936
f 2937 3711 2938
f 2934 3216 2939
f 2941 2936 2938
f 939 2470 2936
f 2470 4087 2934
f 495 2943 2056
f 490 495 876
f 2943 495 494
f 2055 2056 2943
f 2946 2950 2947
f 2945 2947 2948
f 2947 2952 2949
f 1622 2626 2951
f 2952 2947 2950
f 2945 3018 2953
f 2950 2946 2954
f 2956 2961 2957
f 2959 2960 2956
f 2960 2962 2961
f 2961 996 999
f 2962 997 996
f 723 2750 2964
f 2750 723 722
f 2750 2751 2965
f 722 719 727
f 2430 2429 2966
f 1887 1883 2089
f 2967 3635 2615
f 2347 3482 2616
f 1467 1466 2513
f 624 625 2968
f 2968 3017 2969
f 401 2134 2924
f 2134 2135 2970
f 2134 401 405
f 2541 3403 2702
f 443 2971 445
f 2971 443 772
f 2972 745 2973
f 2975 2977 2976
f 2974 3747 1904
f 2977 1617 1615
f 2977 2975 2979
f 580 2981 2980
f 2981 2985 2982
f 2983 2984 2980
f 2984 583 581
f 627 634 2985
f 2981 580 630
f 2986 2284 2283
f 2987 2784 2284
f 1064 2989 364
f 362 364 2989
f 2989 1064 2448
f 2988 2989 471
f 2991 1240 1234
f 2992 3348 1240
f 542 547 2994
f 540 542 2993
f 2996 3001 2997
f 2998 2995 2503
f 3000 2997 3001
f 2995 2997 3002
f 2633 2710 3003
f 2789 2092 2632
f 3004 1672 1665
f 3006 3099 3007
f 3008 3006 3005
f 1616 1612 3005
f 1612 2861 2860
f 3010 3012 1318
f 3012 3010 3013
f 3013 3010 3014
f 1948 2080 3011
f 3015 4032 1599
f 3009 3015 3014
f 2313 2095 2969
f 3016 2969 3017
f 2555 2313 3016
f 3020 3024 3021
f 3023 3021 3024
f 3024 3020 3026
f 3022 3024 3025
f 3029 2272 1564
f 2272 3029 2102
f 3028 3871 3030
f 3031 567 569
f 923 1441 568
f 918 571 3031
f 1149 1151 3032
f 3032 1155 3034
f 2352 2554 2553
f 2151 2149 3036
f 2179 3035 3037
f 2178 2151 3035
f 3038 3037 3035
f 3039 3036 2149
f 3036 3039 3040
f 2101 2106 2273
f 3041 4002 3042
f 2109 2102 3029
f 2271 2273 2106
f 3043 2909 2905
f 3044 3539 2909
f 3043 2704 2707
f 676 678 781
f 1013 680 679
f 679 676 778
f 2957 999 3046
f 1722 1723 2730
f 3048 3988 3047
f 1718 1675 2728
f 3049 3050 2659
f 3050 2735 2734
f 3051 3992 2735
f 3049 3531 3053
f 3050 3049 3052
f 3055 3057 3056
f 2879 3060 3057
f 3054 3761 2798
f 3054 3056 3059
f 3060 1969 3061
f 3062 3056 3057
f 3063 2996 2995
f 2135 2137 3001
f 459 461 2614
f 2615 2660 3064
f 2999 3001 2137
f 3066 3000 2999
f 2136 3649 3065
f 2819 3071 3067
f 3068 3071 2819
f 3067 3072 3070
f 3071 537 3072
f 3071 3068 3073
f 2852 2853 3075
f 1470 1468 3077
f 428 1470 3076
f 3076 3077 3079
f 3077 2258 2263
f 585 1500 1499
f 1626 2429 1499
f 3078 3083 432
f 3078 3079 3081
f 430 432 3083
f 3083 3078 3080
f 1931 1930 2899
f 712 713 3085
f 3087 1931 3085
f 1667 754 3088
f 1140 3137 3089
f 2896 543 1862
f 3091 3093 1823
f 1822 1823 3093
f 3092 3093 3095
f 3091 3574 3097
f 3096 3095 3093
f 2495 2697 2696
f 3100 2695 3101
f 3102 3100 3099
f 3098 2696 3100
f 2693 2697 615
f 2698 615 608
f 2697 2495 613
f 126 127 3104
f 1459 1397 3105
f 1457 3105 3107
f 1397 1398 639
f 878 880 496
f 3109 3115 3110
f 3112 3115 3109
f 1855 1856 3111
f 3114 3110 3115
f 3116 2560 3117
f 3117 3119 3118
f 2560 2556 3119
f 3120 2561 2560
f 3122 3120 3116
f 2574 2459 1988
f 2755 2760 3123
f 1362 2990 1360
f 2990 1362 3124
f 3125 2992 2991
f 2219 2221 3127
f 812 3130 3127
f 3126 3127 3130
f 2221 3969 3128
f 3131 3308 1401
f 3132 4081 3131
f 3133 3132 1399
f 3135 3559 3136
f 3138 3135 3134
f 3137 1140 3139
f 3138 1620 2584
f 976 3089 3137
f 2800 625 617
f 2214 2223 3140
f 3142 3140 2223
f 2222 4015 3141
f 3143 866 865
f 588 589 881
f 589 2785 879
f 2162 756 747
f 3145 3074 3075
f 3074 3736 3146
f 3147 2725 3144
f 2853 2854 3147
f 1918 1925 2649
f 3149 1290 1289
f 3150 936 3148
f 3151 3148 936
f 1304 1421 1963
f 3153 3410 3154
f 2993 2994 3152
f 3152 3156 2071
f 3156 3152 2994
f 3158 3469 3159
f 3161 3158 3157
f 3158 3161 3163
f 3165 3163 3161
f 3167 63 3168
f 3169 3867 3167
f 3166 3168 3171
f 63 61 60
f 19 63 3167
f 1699 1085 1080
f 3172 1704 1701
f 1895 1296 2408
f 3173 703 1027
f 703 3173 2409
f 3174 3176 2218
f 2216 2218 3176
f 3178 3175 3176
f 2215 3140 3179
f 2786 2788 2789
f 834 2786 3003
f 3180 1440 922
f 1372 3815 3181
f 3182 3931 1366
f 1455 1457 3106
f 1460 1455 3183
f 1826 1458 1460
f 2837 2836 3184
f 3183 3106 2052
f 2836 3695 3186
f 3184 3186 3185
f 3187 3190 2110
f 2112 2111 2110
f 3188 2110 3190
f 3191 4013 3190
f 3192 3191 3187
f 3193 3343 3194
f 2880 2881 3195
f 1296 1895 1894
f 924 926 3196
f 2069 2002 2001
f 3198 3203 3199
f 3201 3202 3199
f 3202 3920 3197
f 2363 3326 3204
f 3200 3199 3203
f 3203 3198 3205
f 3197 737 736
f 3206 3208 1538
f 3208 3206 3209
f 3210 3209 3206
f 3209 3210 3212
f 2939 3215 3214
f 2507 3214 3215
f 3216 916 3215
f 913 3215 916
f 3213 2937 2935
f 3218 3222 632
f 3218 3221 3220
f 3221 3218 3217
f 3219 2403 3222
f 3223 3226 3224
f 3225 3224 3226
f 2829 2828 3224
f 1856 2123 3227
f 3228 3112 3111
f 3229 3227 2123
f 2123 1856 1849
f 3230 2785 2784
f 3231 3235 3232
f 3234 1943 3232
f 3236 850 849
f 3233 3232 3235
f 3121 3237 3231
f 3235 3231 3237
f 3239 3245 3240
f 3240 3247 1735
f 3243 3245 3244
f 3245 3239 3246
f 3245 3243 3247
f 3249 3246 3239
f 1654 1655 2549
f 3250 2549 2548
f 2421 3250 3251
f 1655 4017 710
f 1559 982 3253
f 3252 3253 3255
f 983 3255 3253
f 3237 3121 1633
f 3236 3237 1640
f 3257 3262 3258
f 426 3256 3258
f 3259 3258 1165
f 3260 3264 3261
f 3262 1038 1165
f 3263 3260 1165
f 3263 3834 3264
f 3266 774 2687
f 2543 2544 3267
f 2545 2543 3265
f 3268 3266 3265
f 3270 3275 3271
f 3269 1402 1401
f 3271 3278 3273
f 3275 3270 3276
f 3278 3271 3275
f 3277 3275 3274
f 3280 3281 2598
f 3281 2231 2228
f 400 401 2923
f 2793 2794 3283
f 3282 3951 2796
f 2794 509 3284
f 1269 1797 1796
f 1797 1269 3285
f 1268 1796 3286
f 3288 2718 3289
f 3228 3290 3289
f 3290 3603 3287
f 2720 3289 2718
f 2720 2721 3112
f 2718 3288 3291
f 1967 1968 1969
f 128 2254 3104
f 3103 3104 3293
f 3295 2959 2958
f 2960 2959 3297
f 3296 3730 2962
f 754 756 2163
f 2144 747 746
f 2206 1383 1382
f 3298 457 3299
f 457 458 3136
f 3300 452 457
f 3302 2392 3303
f 3302 3305 2394
f 3305 3302 3301
f 3307 3303 2392
f 3308 3276 3270
f 3309 3311 3276
f 3274 3276 3311
f 2146 1232 738
f 3310 3311 2126
f 3311 3309 766
f 1698 3312 1709
f 3312 1698 1697
f 1934 1936 3313
f 3313 2601 2561
f 1944 3313 3120
f 1936 2602 2601
f 3314 4124 2602
f 3316 3320 3317
f 491 3315 3318
f 3319 3318 3315
f 3316 3315 491
f 3320 3322 3321
f 3320 2875 3323
f 1715 1716 3325
f 1716 1709 3312
f 2360 2362 3326
f 2362 2038 2041
f 2040 3204 3326
f 3327 2153 2150
f 2152 3328 2882
f 2178 2180 3328
f 1141 2625 3139
f 2638 3330 3329
f 3330 903 3331
f 3329 3331 3333
f 2986 3329 3332
f 3335 3817 3336
f 2642 3334 3338
f 3339 3338 3334
f 3335 3334 2642
f 2641 2642 3337
f 3341 3345 3342
f 2182 3340 3193
f 3343 3193 3340
f 3344 3342 3345
f 3346 3347 2724
f 3347 3145 3144
f 2992 3125 3145
f 3348 2992 3347
f 2620 2619 2621
f 1653 2239 3350
f 3170 3171 3351
f 1888 1890 3350
f 3170 3350 2239
f 3353 3359 3354
f 3354 3359 3356
f 3358 3352 3354
f 3319 3942 3356
f 3318 3319 3359
f 498 3353 3352
f 3361 3363 3362
f 3363 3361 3364
f 3363 1787 1786
f 3273 3364 3361
f 3367 3370 3368
f 2744 1095 3366
f 3369 3366 1095
f 3368 3371 2743
f 3370 4142 3371
f 3370 3367 3373
f 903 3330 3375
f 2637 3375 3330
f 897 903 3374
f 3376 349 3377
f 3378 3380 3376
f 350 3376 3380
f 3377 3062 3061
f 3062 3377 349
f 3382 2887 3383
f 3381 3383 3385
f 3383 2321 2320
f 2887 3382 2263
f 3081 3382 3381
f 3387 3300 3298
f 3388 3387 2024
f 2929 1179 1180
f 2926 2873 2874
f 1175 1179 2927
f 761 760 3391
f 3390 4001 3392
f 3394 3398 3395
f 2872 3399 3394
f 3398 3394 3399
f 2870 2873 3397
f 3396 3394 3393
f 2871 2872 3396
f 3402 2998 2504
f 3403 2541 2540
f 3403 3405 3404
f 3405 3403 2493
f 3406 1254 1252
f 3407 3406 1256
f 3409 2782 3410
f 2782 3409 3411
f 3154 3410 2782
f 3153 3607 3408
f 3412 3547 652
f 3413 3412 2589
f 2834 3415 3414
f 3415 2834 2835
f 3416 3414 3415
f 3407 3414 872
f 2489 2993 3154
f 3418 3149 3148
f 1290 3149 3419
f 452 3300 1346
f 227 220 248
f 3420 3422 1265
f 3421 3422 3420
f 2552 3422 3421
f 3422 2552 3285
f 952 3421 250
f 3424 2535 2534
f 2535 3424 3425
f 3423 3861 3426
f 3427 3425 3424
f 3428 3653 3423
f 2537 3428 2534
f 3018 2945 2553
f 3430 3847 3431
f 3433 3430 3429
f 3430 3433 3435
f 3432 3737 3436
f 2434 2436 3438
f 3439 3441 3438
f 3437 3438 3441
f 2623 2952 2951
f 1621 3139 2625
f 1751 3212 3210
f 2963 3443 720
f 3443 2963 3444
f 2922 3443 3442
f 3446 3447 3444
f 3447 1739 3442
f 2963 2964 3445
f 1225 634 633
f 634 1225 1223
f 2402 633 3222
f 3449 1315 1314
f 3009 1318 1315
f 2714 1956 1955
f 1430 1431 2711
f 1430 2714 2410
f 3451 2911 2910
f 3450 3454 3452
f 2912 3455 3450
f 3454 3450 3455
f 3455 2912 524
f 526 1491 3453
f 2898 1002 1006
f 1005 3156 3155
f 547 2898 3155
f 2893 1000 998
f 2700 2698 614
f 3375 2637 2636
f 3374 3375 3456
f 2511 2516 3456
f 2709 1662 837
f 835 3003 2710
f 3459 1884 833
f 2509 1884 3459
f 2515 2509 3460
f 3458 3854 3461
f 3460 3459 3461
f 3464 3466 1450
f 3463 1450 3465
f 1826 3463 2397
f 3466 1447 1448
f 3467 3223 2827
f 2322 2827 2826
f 2330 179 178
f 3468 3512 3226
f 3223 3467 1645
f 3470 446 445
f 2971 3159 3469
f 3471 2528 1138
f 3472 2529 2528
f 3089 976 449
f 1137 3089 451
f 3473 3545 2530
f 3474 3473 2527
f 2529 3472 3475
f 1272 1274 3476
f 3476 4011 3477
f 3479 3476 1274
f 1273 4096 3478
f 3481 3201 3200
f 2843 3481 3480
f 3204 2040 3480
f 2840 1672 3201
f 2802 2953 3018
f 2946 2953 2803
f 2038 2362 3483
f 3483 2361 436
f 3282 3283 1024
f 1025 1024 3283
f 3484 1024 1023
f 2675 2677 2679
f 2675 2383 3486
f 3488 3490 3489
f 3490 3492 3491
f 3492 3490 3400
f 3393 3395 3493
f 3494 3491 3492
f 3495 3400 3490
f 3401 3396 3400
f 3497 3501 3498
f 3500 3498 3501
f 3501 3497 3503
f 3505 3497 3496
f 3506 3503 3497
f 1422 2010 1686
f 3507 1346 3300
f 1346 3507 3508
f 60 62 110
f 3509 3171 3168
f 551 541 540
f 1760 1762 3511
f 3510 3610 1765
f 2127 2129 1146
f 3512 539 535
f 3225 534 3513
f 3514 1513 2381
f 1511 1513 3514
f 2679 3516 3514
f 3516 3603 3515
f 2330 2826 2825
f 2605 894 893
f 3517 1055 1057
f 893 895 3519
f 3517 893 3518
f 2604 896 892
f 2851 2030 3520
f 3521 3147 2854
f 685 2531 2328
f 2324 2328 2531
f 3522 689 687
f 2531 685 684
f 1543 1538 3208
f 3207 3970 3523
f 3523 2685 3524
f 387 1544 1543
f 1877 1876 1755
f 3525 1877 2008
f 402 404 3526
f 3527 518 511
f 404 783 768
f 3529 557 3530
f 3378 943 941
f 949 3601 3380
f 3082 3052 3053
f 3531 3634 433
f 3052 3082 3532
f 3084 3532 3082
f 1212 1134 1133
f 2053 1498 1493
f 329 3534 3196
f 3534 2265 3180
f 3533 3196 926
f 331 3535 3534
f 3535 2261 2265
f 2170 3278 3277
f 3058 3059 353
f 3279 3058 2171
f 1961 477 2852
f 3536 366 672
f 366 3536 3537
f 3539 3537 3536
f 2592 2740 3540
f 3540 2742 2538
f 3541 2736 2740
f 2626 1622 1618
f 3179 3140 3142
f 3542 3179 1353
f 3098 3405 2492
f 922 1439 1441
f 2155 416 415
f 3499 3652 3435
f 3498 3500 3436
f 2587 1708 2022
f 2025 3559 2585
f 2526 2396 2398
f 3545 2858 3546
f 3547 1662 651
f 836 837 1662
f 3547 3412 838
f 659 661 1380
f 1379 1380 661
f 3548 1380 1381
f 2758 2757 3548
f 2824 2822 3551
f 2822 3996 3552
f 3284 2711 1431
f 3553 3070 3072
f 2389 2390 3555
f 3557 3857 3555
f 3558 2390 1098
f 2390 3558 3556
f 3554 3793 3369
f 2389 3369 1096
f 3060 2879 1692
f 1620 3138 3139
f 2584 2585 3559
f 3560 3230 2987
f 3561 3560 3332
f 3230 3560 1373
f 1371 1373 3560
f 3331 902 3562
f 3563 3561 3333
f 3564 3566 2532
f 3566 3564 3567
f 382 3564 2337
f 964 2532 3566
f 2532 2533 2335
f 1210 1133 3546
f 135 126 3103
f 1486 558 557
f 558 1486 1485
f 3528 4098 1481
f 2785 3230 1370
f 2892 2894 3570
f 2895 2892 3569
f 2448 861 2035
f 1342 1347 1810
f 3571 1811 1810
f 1812 1815 1345
f 3097 3575 3573
f 3572 3784 3096
f 3574 4116 3575
f 3575 4115 3576
f 3387 3388 3577
f 2636 2635 2512
f 3020 3248 3578
f 3248 3020 3019
f 3248 3239 3238
f 3579 3786 3025
f 3580 3581 3578
f 3581 3579 3026
f 3582 2949 2952
f 1215 3582 2623
f 1887 1629 2792
f 1629 1887 2966
f 808 815 3583
f 814 3583 2890
f 3585 1339 1338
f 3584 3437 3440
f 1338 1332 3587
f 3586 2438 3584
f 2227 2563 2598
f 1200 863 862
f 2459 2574 1202
f 2189 2187 3588
f 2186 805 804
f 803 3588 2187
f 3588 803 2245
f 3150 3591 3590
f 1289 1286 3591
f 3592 3591 1286
f 936 3150 3589
f 3593 2965 2751
f 2964 2965 3594
f 3182 3594 2965
f 3213 3214 3596
f 3595 4037 2937
f 3299 3136 3559
f 2444 2445 2513
f 700 3597 2445
f 2513 2445 3597
f 3531 3049 2658
f 3598 2658 2657
f 1127 2620 1476
f 2230 3633 950
f 297 3599 2224
f 3599 297 296
f 2168 3364 2170
f 3364 3273 3278
f 2168 1790 1787
f 625 2800 3017
f 3600 2446 1465
f 3379 3380 3601
f 2799 350 3379
f 458 976 3134
f 3516 2679 2678
f 3603 3516 3602
f 417 416 2157
f 1524 2155 2911
f 2017 2016 3192
f 2016 2015 3191
f 3606 3408 3607
f 3605 3611 3609
f 3606 3605 3608
f 3607 2070 3611
f 2070 3607 3153
f 3408 3606 3612
f 3613 2544 1291
f 3614 3267 2544
f 3615 3419 3149
f 3419 3615 3616
f 3174 3617 3177
f 3617 4065 3618
f 3179 3542 3617
f 3619 2377 3620
f 2377 2378 3621
f 957 3620 3621
f 2606 3620 957
f 2972 3621 2378
f 3622 3884 3609
f 3619 3885 3622
f 1231 1232 2147
f 2998 3402 3623
f 2850 3402 2437
f 2970 2135 2996
f 729 2970 3063
f 3624 3623 3402
f 3625 3627 3324
f 3626 3696 3627
f 3627 2478 3628
f 3272 3273 3365
f 93 153 2079
f 2080 153 155
f 3011 155 321
f 2034 2031 472
f 375 377 3537
f 2548 2547 2546
f 952 950 3633
f 2917 3633 2230
f 3632 3633 2917
f 559 2917 2231
f 427 1443 1470
f 3221 2832 3486
f 3220 3486 2383
f 356 1063 1062
f 434 436 2361
f 3635 2967 436
f 2862 3192 1100
f 3257 3638 3637
f 3636 4036 3262
f 3256 3552 3638
f 1833 3323 2875
f 3639 2449 3640
f 3640 2453 3323
f 818 2418 3641
f 827 3641 2817
f 2818 1253 826
f 3286 1798 539
f 3643 2246 2244
f 3642 2244 2243
f 3644 3650 3645
f 3642 3645 3646
f 2309 3272 3629
f 3647 1227 3629
f 3269 3271 3272
f 1402 3269 2309
f 3065 2775 3648
f 2775 3065 3649
f 3650 3660 3651
f 3652 3499 3384
f 3652 4074 3434
f 3384 3502 3386
f 3502 3384 3499
f 3538 3536 1162
f 3504 3496 3654
f 3543 3654 3496
f 3655 3118 3119
f 3656 3655 2559
f 3658 2562 2567
f 1360 1233 1971
f 1233 1360 2990
f 802 1078 3650
f 1077 4025 3659
f 1078 3659 3660
f 3644 2243 800
f 3118 3655 984
f 3663 1516 1509
f 2570 2569 1516
f 3662 1509 1508
f 3664 3101 2695
f 1971 1972 506
f 3485 2381 2383
f 1059 1061 2763
f 2583 2944 3172
f 2054 2055 2944
f 3667 3977 3668
f 3668 1153 1152
f 3666 3668 1992
f 2166 1993 1992
f 573 575 868
f 2346 2343 3577
f 2211 2039 3669
f 2349 3577 3388
f 3508 2343 2342
f 3507 3577 2343
f 563 2550 3632
f 3632 2550 3421
f 3671 3676 3672
f 3674 4132 3672
f 3673 3672 3676
f 2772 516 3676
f 688 1032 1031
f 686 688 3677
f 1230 1229 3678
f 1536 1537 3678
f 1229 3681 3679
f 3681 1229 1228
f 3683 3689 3684
f 3686 3689 3687
f 3688 3684 3689
f 1981 3789 3682
f 2783 3411 3690
f 635 3415 3217
f 2868 4019 845
f 2864 2868 3691
f 2865 3691 3692
f 3693 2185 2177
f 3037 3038 3694
f 1843 1845 3695
f 2478 3627 3696
f 2478 2477 2476
f 3697 4141 3696
f 2933 4005 3041
f 2103 2108 2931
f 2105 2104 2928
f 3591 3592 2029
f 2026 967 3590
f 3589 3590 967
f 3592 3715 1245
f 2409 900 701
f 3113 2723 3521
f 3110 3114 2670
f 3114 3521 3520
f 2723 2725 3147
f 2717 2723 3113
f 963 965 3698
f 3565 3698 965
f 2985 1223 3699
f 3699 1222 3701
f 2982 3699 3700
f 3702 1327 1325
f 1324 1859 1860
f 1860 1148 2831
f 2855 2277 2279
f 3700 3701 2855
f 1973 1687 1326
f 506 1973 1322
f 669 3621 2972
f 2621 2622 3704
f 2622 3707 3705
f 3706 3742 3707
f 1089 1085 1699
f 1089 1404 2759
f 2940 3709 3708
f 3418 3708 3709
f 3710 3783 3709
f 3711 3710 2940
f 2080 1948 1946
f 3712 3039 1638
f 3630 3765 3713
f 3539 3044 3630
f 3714 3715 1285
f 3715 3592 1288
f 1243 1245 3715
f 1241 1243 3714
f 3305 3389 3717
f 2066 2061 2394
f 3719 2066 3717
f 3718 3717 3389
f 435 606 2359
f 3205 1231 2201
f 1444 2202 2147
f 701 3720 3597
f 900 3457 3720
f 898 3374 3457
f 1772 1573 3721
f 3723 3725 2256
f 3724 3293 3725
f 3722 3728 3726
f 3722 2256 2255
f 3728 3722 3727
f 2253 2256 3725
f 3729 3731 3730
f 1004 3730 3731
f 3732 2002 2073
f 3731 3729 3733
f 3735 3733 3729
f 3125 3736 3074
f 3736 3125 3124
f 3432 3429 1786
f 3737 3432 1788
f 3429 3431 3362
f 3099 3101 3738
f 1759 482 3739
f 2978 2979 3739
f 480 482 3740
f 1748 3740 482
f 2661 3544 1449
f 884 1766 1761
f 3742 888 887
f 2618 1125 1766
f 2252 1825 1821
f 1940 2242 3743
f 2465 1482 1938
f 2242 1908 1907
f 914 2200 3743
f 2518 2521 3744
f 713 2365 3086
f 3086 2065 2064
f 569 570 740
f 1952 1328 1327
f 3746 1377 1376
f 1376 1374 1378
f 3745 1376 3747
f 3749 3746 3745
f 2377 3619 2003
f 2156 3251 3604
f 3751 3754 3752
f 3724 3752 3754
f 3753 3754 3756
f 3754 3751 3757
f 3641 2420 3758
f 2711 3284 509
f 1903 1904 3747
f 2975 1904 1900
f 3701 1226 2277
f 2278 2816 2856
f 1452 1454 3377
f 3760 3452 3454
f 3453 4140 3759
f 1500 585 584
f 587 2053 1502
f 3761 3054 3058
f 3056 3062 351
f 3762 376 375
f 376 3762 3741
f 3763 368 367
f 3705 3713 3765
f 3487 3489 3165
f 3767 3772 3768
f 3164 3161 3160
f 3766 3165 3164
f 3768 3774 3769
f 3770 3772 3771
f 3772 3767 3773
f 3772 3770 3774
f 727 728 3624
f 728 729 3623
f 3346 2595 946
f 945 1240 3348
f 2726 3975 2595
f 546 544 543
f 1248 3776 3775
f 3776 1248 3033
f 3776 3779 3777
f 3779 3776 3034
f 2464 3032 3033
f 1248 1241 3716
f 2813 3780 2609
f 1527 2609 3780
f 1353 3142 1350
f 1350 3142 3141
f 3782 3291 3288
f 3783 3710 3572
f 3710 3711 3784
f 3615 3709 3783
f 3573 3576 3616
f 2494 1392 1390
f 1950 1953 2830
f 3132 3133 3390
f 3785 3022 3027
f 2011 3023 3022
f 927 2011 3785
f 3027 3025 3786
f 731 730 1060
f 731 896 319
f 3788 2665 2667
f 1910 2666 3788
f 1975 1922 3789
f 2647 3682 3789
f 2503 3002 2498
f 3791 2498 3002
f 3790 3002 2997
f 3792 776 3266
f 3366 3369 3793
f 3481 2843 2838
f 2841 2843 2043
f 682 2831 1148
f 2733 3795 475
f 2883 360 3795
f 3746 3749 3664
f 3751 3799 3796
f 3797 3798 3757
f 3798 3936 3756
f 3750 3900 3799
f 1851 3662 2124
f 3511 1764 3801
f 3510 3511 3800
f 3411 3800 3801
f 1764 4029 3802
f 2122 2121 2817
f 2859 3804 2984
f 583 2984 3804
f 3545 3473 3804
f 3803 3804 3473
f 2983 3700 2857
f 3806 2810 3807
f 3805 4122 3808
f 3806 3808 3809
f 3805 3807 3811
f 2613 3811 3807
f 2810 3806 2811
f 2611 3807 2810
f 3689 3683 3812
f 3687 3812 3813
f 3685 3687 3242
f 2357 3686 3685
f 2668 2669 3108
f 3446 3181 3815
f 3181 3446 3445
f 3594 3182 1369
f 3648 3820 3817
f 3817 3820 3818
f 3816 3817 3335
f 2776 3818 3820
f 3648 2775 2774
f 1418 1420 1978
f 3821 3823 3822
f 3822 3824 2889
f 3823 3825 3824
f 1447 3466 3823
f 3466 3464 3825
f 3720 2516 2514
f 2420 2536 3826
f 3827 109 111
f 3509 110 109
f 3827 3829 3828
f 3829 1888 3351
f 1916 2017 2862
f 2863 1872 1864
f 3163 3165 3489
f 476 475 3795
f 360 362 2988
f 1584 3830 2578
f 3569 3570 3830
f 3830 1868 1870
f 752 3948 3550
f 3831 1518 1517
f 1520 4008 3832
f 3826 3922 2122
f 3833 3826 2536
f 3692 843 418
f 1174 3692 419
f 3834 1059 3665
f 3835 1060 1059
f 605 3261 3264
f 3665 2763 604
f 1337 3836 2900
f 3836 1873 1879
f 1329 2900 2455
f 3837 3840 3838
f 3840 3837 3841
f 3837 2371 2376
f 1012 2374 2372
f 2009 3838 3840
f 1011 1012 3838
f 3842 3884 3843
f 1765 3842 885
f 3844 3845 3658
f 3656 3845 3255
f 2691 3658 3657
f 2562 3658 3845
f 3681 3849 3846
f 2317 1536 3679
f 3848 3846 3849
f 2334 3853 3850
f 3851 2332 2331
f 3777 3850 3853
f 693 694 3852
f 2334 2335 2533
f 691 693 3853
f 2694 2145 2138
f 3458 833 840
f 3854 3458 829
f 3307 3306 3856
f 3856 3859 3857
f 3557 4138 3855
f 3858 3306 2392
f 3306 3858 3859
f 3860 4041 3303
f 1258 53 147
f 2413 3978 261
f 1997 2005 2072
f 2004 3609 3611
f 1776 2904 2908
f 3861 3423 3653
f 3862 3504 3653
f 2449 2451 2453
f 2449 3639 2452
f 3863 2452 3639
f 2067 2071 3156
f 3604 3631 410
f 3631 2546 409
f 3251 2548 3631
f 2185 3693 2683
f 1995 1301 3865
f 3666 1995 3864
f 3667 3864 2340
f 2238 3868 3867
f 2237 4104 3868
f 3166 3170 2240
f 3744 3867 3868
f 3389 3305 3304
f 2932 2930 2929
f 2912 844 522
f 423 426 3259
f 3261 605 424
f 3828 3351 3171
f 3703 3704 3870
f 3764 3870 3704
f 3871 3028 442
f 446 3470 3872
f 438 442 3028
f 3873 3874 3488
f 3875 3495 3488
f 3877 966 3878
f 3877 3991 2326
f 3878 3882 3880
f 3876 3878 3879
f 3882 3878 966
f 3365 3361 3360
f 811 813 1846
f 3130 812 811
f 3129 3130 1848
f 3800 3411 3409
f 2365 2367 2065
f 1357 2065 2367
f 2190 3588 2248
f 3708 3418 3151
f 3883 4021 2667
f 3884 3842 3608
f 3884 3622 3885
f 3887 2684 2683
f 3886 3939 3888
f 3567 381 2684
f 3693 3694 3886
f 2522 2526 3544
f 819 1254 823
f 3890 824 823
f 1254 3406 3889
f 1100 3187 1103
f 2648 1567 1566
f 3892 2268 2267
f 3893 3861 3654
f 3580 3241 3810
f 3811 2613 3581
f 1899 1901 1758
f 1899 3739 2979
f 2099 2100 623
f 851 853 2663
f 2664 3897 3894
f 3895 3339 3336
f 3405 3098 3102
f 3008 2703 2702
f 3006 3008 3404
f 360 2883 3600
f 1907 1909 1905
f 2241 3897 1908
f 3896 1908 3897
f 3874 3873 3899
f 3766 3769 3873
f 3769 3927 3899
f 714 2369 2366
f 3900 3968 2217
f 2216 3796 3799
f 3796 2216 3175
f 1976 1978 1420
f 3829 3827 3901
f 3901 3827 100
f 1515 1514 3902
f 2569 2572 3902
f 2572 2405 2385
f 2446 3600 2883
f 1656 1654 3250
f 1257 81 53
f 3442 1739 1741
f 2120 3781 3602
f 3781 2120 3903
f 3287 3602 3781
f 3782 3903 3905
f 3903 2118 2901
f 3386 3906 3080
f 3906 3945 3084
f 3343 3908 3907
f 3342 3344 3908
f 858 863 3909
f 3382 3081 3079
f 3911 3913 3875
f 3912 3914 3913
f 3495 3875 3913
f 3875 3874 3898
f 3401 3913 3914
f 2738 3916 3862
f 3504 3862 3916
f 3916 2738 2737
f 3915 3862 3428
f 1371 3918 3815
f 3561 3563 3918
f 3919 3918 3563
f 3918 3919 3814
f 2610 327 3786
f 3920 735 737
f 3088 2163 735
f 2762 2232 1507
f 2225 269 323
f 3863 3921 3587
f 2452 3863 1340
f 1834 2847 3921
f 3586 3587 3921
f 3922 3826 3833
f 1072 3427 1789
f 1072 3833 3425
f 2057 3123 2760
f 3923 1781 1780
f 2057 2059 3924
f 3123 3924 2628
f 2640 3337 3926
f 3925 3926 3898
f 3928 3925 3899
f 3910 3898 3926
f 2078 102 94
f 1958 3484 1029
f 1271 3541 2592
f 1276 2593 2591
f 3930 3593 2753
f 3931 3182 3593
f 1368 3931 3930
f 3227 3229 3290
f 2125 1511 3515
f 3229 3515 3603
f 1076 794 799
f 1911 1912 799
f 3933 3935 3934
f 3797 3938 3935
f 3936 3798 3935
f 3934 3935 3938
f 3938 3797 3175
f 3694 3940 3939
f 3940 3965 3880
f 3940 3694 3038
f 3356 3942 3941
f 2913 3941 3942
f 1721 1874 1873
f 2496 1390 1389
f 3943 3268 3267
f 464 1810 1347
f 2974 2976 3748
f 3748 1614 3738
f 1614 3748 2976
f 3468 1645 1643
f 745 2972 2373
f 3000 3066 3944
f 3066 3648 3816
f 1920 1918 2651
f 3945 3906 3503
f 3502 3503 3906
f 1977 1387 1736
f 1387 1977 3946
f 3947 3949 1668
f 757 1668 3949
f 748 757 3948
f 3950 4092 3949
f 2812 2814 2517
f 3780 2812 1535
f 2721 3113 3115
f 3146 2796 3951
f 3951 3282 3484
f 2796 3146 3736
f 3850 3777 3779
f 3852 3994 3775
f 3778 3866 3851
f 1603 1605 3952
f 1262 2807 2890
f 1664 1671 2474
f 1669 2474 2473
f 2010 1422 3021
f 3019 3021 1422
f 1931 3087 3719
f 3294 2958 3355
f 2955 3355 2958
f 3953 4118 3160
f 2557 2561 2601
f 3824 3695 1845
f 2805 2423 2422
f 3954 3858 2391
f 895 891 3955
f 3835 891 890
f 3956 3955 891
f 1168 689 3519
f 3955 3956 1167
f 2160 1518 2237
f 3647 3360 3957
f 3680 1228 1227
f 3121 3116 1631
f 3959 2915 3960
f 3297 3959 3958
f 3959 3297 2959
f 3958 3960 3962
f 3963 2060 1785
f 1071 1073 1784
f 2878 2879 3055
f 3879 3880 3965
f 3964 3990 3881
f 3964 3965 3967
f 3965 3940 3040
f 3939 3880 3882
f 2046 1094 1093
f 499 3318 3353
f 3923 2759 1404
f 1406 1408 1781
f 2042 2044 3794
f 1711 3794 2044
f 3802 4043 3690
f 3690 4043 2781
f 3004 3088 3920
f 3969 2221 2213
f 3968 2213 2212
f 3341 2181 2183
f 2181 3341 3340
f 2606 2607 3885
f 191 4006 3971
f 3107 641 640
f 640 642 648
f 2051 2052 3106
f 641 3107 3105
f 2646 2648 2268
f 1195 1197 2954
f 466 1694 1192
f 1695 1694 466
f 3688 2356 3946
f 2356 1385 1384
f 3686 2357 2356
f 3684 3688 1980
f 803 800 2243
f 3293 3104 2254
f 2501 2502 3643
f 3439 3646 3645
f 1528 334 332
f 971 974 3637
f 3552 3996 3973
f 3638 3973 3972
f 2742 3915 2537
f 3915 2742 2741
f 809 3969 3968
f 2524 2519 395
f 1107 1104 1591
f 2716 2719 3975
f 1003 1004 2073
f 767 787 763
f 767 768 783
f 3073 536 532
f 787 1146 2129
f 726 720 3443
f 2666 1910 3896
f 3970 3207 3345
f 2685 3523 3970
f 2914 2916 3941
f 3976 3726 3728
f 3726 3976 3750
f 3723 3726 3752
f 3976 809 3900
f 1956 2714 2713
f 1731 2269 2270
f 3494 3872 3470
f 3162 3470 3469
f 2194 3596 3214
f 3549 1903 1378
f 381 383 2681
f 3007 3738 1614
f 3866 2340 2332
f 3977 3667 3866
f 1678 1676 3585
f 3327 2882 847
f 3360 3362 3431
f 3907 3908 3048
f 2288 3194 3907
f 3233 851 3894
f 261 3978 1016
f 1058 1020 1016
f 3978 2413 1056
f 3980 3982 3981
f 1576 1577 2645
f 3983 1576 3982
f 1576 3983 1570
f 3983 3980 3984
f 3651 3985 3441
f 3660 4094 3985
f 3646 3439 2497
f 3985 1678 3440
f 2369 714 3987
f 3987 717 3952
f 717 3987 714
f 3048 3908 3344
f 3734 3958 3961
f 3296 3297 3734
f 3735 3961 3839
f 3989 3839 3961
f 3636 3637 974
f 2881 2882 3328
f 850 3236 2153
f 3101 3664 3749
f 2012 2010 3023
f 1552 3876 3881
f 3990 1556 1553
f 3876 1552 3991
f 1120 3563 3562
f 1120 1118 1746
f 3437 3584 2438
f 2846 2439 2438
f 3051 3532 3993
f 3994 1250 1249
f 3677 1031 1250
f 3996 2822 2821
f 3843 3885 2607
f 1592 1596 3997
f 1672 3004 3202
f 3975 3998 947
f 3998 3904 3999
f 3999 4100 948
f 2953 2802 2801
f 3673 4001 4000
f 1043 2174 3674
f 4001 3390 3133
f 3675 3392 4001
f 4002 4069 4003
f 4002 3041 4005
f 3219 2386 2401
f 3219 3220 2384
f 3059 351 348
f 1505 274 273
f 3844 1505 3971
f 3254 3971 4006
f 3703 1594 3349
f 3349 1475 1476
f 1475 3349 1594
f 4008 1520 4009
f 3716 3714 2463
f 3412 3413 3854
f 3461 3854 3413
f 1464 1462 3462
f 3727 2255 1260
f 1277 3541 1271
f 2734 2736 3541
f 3477 459 3064
f 459 3477 4011
f 4012 3571 460
f 4011 3476 3479
f 4013 3191 2015
f 3189 3190 4013
f 4015 4016 1359
f 4016 4136 1358
f 3634 3531 3598
f 3324 3628 2844
f 1712 1714 1715
f 2839 2844 3628
f 1647 1651 4017
f 530 4019 4018
f 529 845 4019
f 528 4018 3914
f 4020 4025 4021
f 3787 2667 4021
f 2731 4020 3883
f 2727 2731 2286
f 1680 4024 4020
f 3294 3941 2916
f 2915 3959 3295
f 3471 448 455
f 4009 1525 3452
f 1525 1524 3451
f 4023 3760 3759
f 4024 3659 4025
f 3845 3844 3254
f 3506 3917 3993
f 3532 3084 3945
f 3917 2737 3992
f 3917 3506 3505
f 882 886 374
f 2013 1915 1914
f 3249 3019 1424
f 3583 4010 1263
f 4010 3583 815
f 2830 1952 3702
f 2586 1709 1708
f 3234 3894 3897
f 3472 455 4027
f 3474 3475 4028
f 3904 3998 3291
f 3998 3975 2719
f 1764 1763 4030
f 4031 4045 4029
f 4030 1121 1477
f 4032 3934 3937
f 3178 2083 3937
f 4032 3015 3932
f 3695 3824 3825
f 3533 3785 328
f 3304 3301 4033
f 2920 1741 2701
f 2921 2701 680
f 3337 3338 3929
f 3925 3928 1825
f 3500 3435 3433
f 3737 3893 3543
f 3457 3456 2516
f 3599 298 268
f 3195 3328 2180
f 3544 2398 3465
f 955 2661 1451
f 3770 4035 4034
f 3090 1823 4035
f 4035 1820 1819
f 1036 4036 2028
f 4036 1036 1038
f 4036 3636 975
f 3128 807 806
f 3711 2937 4037
f 3730 1004 997
f 1651 2082 718
f 3836 1337 1719
f 1752 1720 4038
f 3070 3553 4040
f 4041 4033 3301
f 4042 4004 4041
f 1617 2977 2978
f 4043 4045 4044
f 4045 4043 3802
f 4045 4031 4046
f 2484 2483 2487
f 4048 4049 2487
f 4049 4051 4047
f 4051 4049 4052
f 2780 4058 4048
f 2013 4026 4053
f 1914 2484 4047
f 4026 4047 4051
f 1597 1471 1475
f 1471 1597 1473
f 3188 4056 4054
f 1596 2112 4054
f 3997 4054 4056
f 4056 3188 3189
f 4057 4064 4055
f 2018 4053 4014
f 1914 548 551
f 4058 2780 2781
f 4044 4046 4059
f 4053 4051 4050
f 2078 2076 3901
f 4057 3189 4014
f 1474 4046 4031
f 1598 3997 4055
f 4060 1473 1597
f 4049 4048 4061
f 4058 4059 4061
f 1473 4060 4063
f 4060 4055 4064
f 4050 4052 4064
f 4062 4059 4046
f 4063 4061 4059
f 4052 4061 4063
f 2425 147 146
f 4065 3617 3542
f 4065 2369 3986
f 3864 3865 2338
f 3924 1563 1562
f 1563 3924 2059
f 587 588 873
f 2376 1999 3732
f 887 883 3763
f 883 374 368
f 3742 3741 3762
f 2308 2767 2766
f 2766 2765 1485
f 628 631 3416
f 867 631 629
f 870 872 3414
f 3675 3676 516
f 518 3527 3392
f 4066 1729 1724
f 1729 4066 4068
f 4069 4066 1726
f 1076 4021 4025
f 2673 2114 2113
f 1298 2354 2351
f 343 2364 3721
f 743 745 2374
f 2841 1713 1712
f 928 930 2820
f 2819 1800 1802
f 2188 2192 3596
f 3094 2192 2191
f 2192 3094 3595
f 1857 1146 1142
f 1556 3990 4071
f 1437 1444 2148
f 3279 3274 3310
f 330 2886 3535
f 2886 2262 2261
f 962 2324 958
f 381 3567 3564
f 3887 3888 3565
f 2341 380 382
f 1948 3013 1602
f 1932 3719 3718
f 2066 3719 3087
f 1051 1052 1554
f 1557 1551 1170
f 1552 1554 1052
f 1042 2173 4072
f 4023 4072 2173
f 4007 2173 2172
f 3649 513 517
f 3579 3581 2613
f 2358 3685 3244
f 1982 1642 1641
f 1055 3517 2327
f 1425 2358 3246
f 1795 2777 4039
f 1793 1795 4040
f 824 3890 4073
f 3385 2320 4074
f 3848 3434 4074
f 3847 3430 3434
f 1231 3205 3198
f 4075 980 979
f 980 4075 3661
f 3662 1851 4076
f 749 1377 2142
f 1747 1750 3740
f 487 3740 1750
f 4038 1722 3047
f 1226 1383 2205
f 4077 1733 1725
f 1731 1733 3891
f 3813 3891 1733
f 3812 3892 3891
f 3243 4077 1730
f 2472 1805 4078
f 4079 1805 1801
f 2471 2472 2307
f 1805 4079 2768
f 2235 2238 3169
f 1852 3108 2669
f 1855 3109 3108
f 2593 1276 1275
f 4080 4076 1851
f 4081 3132 3391
f 4010 1260 1259
f 3972 4135 1348
f 3612 3606 3610
f 3610 3608 3842
f 4082 3929 3338
f 3910 3929 4082
f 4083 2571 1579
f 1445 1447 3821
f 3655 3656 983
f 4085 2500 3791
f 4084 3791 3790
f 3680 3957 3849
f 3957 3431 3847
f 3574 3091 3090
f 3216 4086 915
f 4086 2303 2199
f 4086 3216 2934
f 4012 1814 1811
f 1808 1814 4088
f 1398 2311 637
f 4042 4068 4066
f 4067 4068 4090
f 3860 4090 4068
f 3241 3580 3238
f 455 456 1344
f 4092 3950 3979
f 4083 1220 2400
f 4093 3712 1635
f 1636 3661 4075
f 3661 1636 1634
f 4000 3133 1403
f 4094 1679 1678
f 4096 1273 4097
f 3761 3310 2131
f 4093 4075 4071
f 3263 3956 3835
f 3956 3263 1166
f 2660 2615 3635
f 1742 3814 3919
f 2869 2870 3399
f 2405 2572 2571
f 1815 4113 1344
f 3529 1481 1480
f 4098 1937 1484
f 2502 4099 2246
f 2251 2246 4099
f 4018 2867 2871
f 3814 1742 3447
f 4100 3999 3904
f 1070 948 4100
f 2903 4100 3905
f 2303 4086 4087
f 2469 2471 2301
f 3950 3984 3980
f 2551 789 792
f 2475 2479 4101
f 3947 2473 3984
f 395 3869 4102
f 4103 394 396
f 3869 3868 4104
f 2208 2574 1989
f 1789 3427 3426
f 3889 3417 4105
f 3890 4105 4106
f 4105 871 4107
f 871 4105 3417
f 3417 3889 3406
f 3618 3986 1607
f 1606 1607 3986
f 168 1645 3467
f 2081 1889 1888
f 1993 2166 1923
f 2654 4110 4108
f 4107 3143 4108
f 871 866 3143
f 4110 4111 4109
f 2315 2317 3846
f 2653 2655 4110
f 2655 4125 4111
f 1284 2462 2463
f 1083 1082 1432
f 1432 1433 2758
f 4112 3912 3911
f 1489 527 4112
f 3912 4112 527
f 3895 3818 2776
f 3895 4112 4082
f 2943 2942 3172
f 2973 1560 670
f 4017 718 708
f 1199 2570 3663
f 2949 2815 2352
f 4113 1815 1807
f 2903 1075 1068
f 948 1070 3601
f 1586 1702 3358
f 1702 1703 3352
f 4091 3979 3981
f 1083 3981 3982
f 1051 1019 1020
f 1557 1171 1019
f 3657 2567 2564
f 4101 4141 1571
f 4115 3575 4116
f 3943 4115 4114
f 4114 4116 3773
f 4116 3574 3771
f 2867 4018 4019
f 3872 3494 3493
f 4119 3030 3871
f 3755 4129 3292
f 3936 4128 3755
f 3942 3319 3317
f 3321 3322 2454
f 4033 4041 4004
f 4004 4042 4069
f 2932 4033 4005
f 2942 1703 1704
f 3960 2295 1881
f 1878 3989 3962
f 1570 3983 2480
f 4109 4095 4106
f 4120 599 391
f 2967 2616 3482
f 4121 4122 1734
f 3810 1734 4122
f 4122 4121 4123
f 4079 4039 2777
f 4078 2768 2767
f 1467 3460 3462
f 3707 3762 3713
f 1105 1107 3974
f 1595 3870 3974
f 3870 3764 2708
f 888 3742 3706
f 18 2525 16
f 3241 1735 1734
f 3247 1730 1728
f 1109 2706 1872
f 3478 4125 4088
f 1159 2460 2688
f 1829 1835 2847
f 2848 1835 2749
f 3832 4120 394
f 4120 3832 4008
f 3659 4024 4094
f 1679 4094 4024
f 3528 3530 2600
f 2597 2602 4124
f 3530 556 3280
f 3281 3280 556
f 4039 4079 3069
f 2646 3683 3682
f 2161 3930 2877
f 762 3527 3526
f 4096 4111 4125
f 3839 3989 3525
f 3989 1878 1877
f 3857 4127 3554
f 4127 3857 3859
f 4126 3859 3858
f 3463 1826 3185
f 1201 1199 4076
f 1319 4129 3755
f 3292 4129 3568
f 3293 3724 3753
f 4129 1319 1320
f 10 135 3568
f 4099 2502 2500
f 1155 3977 3778
f 3512 3468 1644
f 3683 2646 3892
f 4130 4028 3475
f 4027 1344 4113
f 3092 2191 1817
f 3994 3852 694
f 1247 1250 1031
f 2521 3167 3867
f 931 933 938
f 759 766 3309
f 578 577 4028
f 2074 578 4130
f 577 583 3803
f 3787 799 1912
f 3888 3882 3698
f 4102 4104 3831
f 3794 1711 1713
f 2643 4131 3819
f 3944 3816 3819
f 4131 4085 4084
f 3691 845 843
f 3122 3231 1942
f 2107 3395 3398
f 3395 2107 4119
f 3922 1075 2902
f 4132 3674 2174
f 3012 321 1317
f 938 939 2941
f 2036 2038 3482
f 2347 2345 3669
f 999 1000 2895
f 1585 1587 3046
f 2955 2957 3045
f 1587 1588 3045
f 3449 3932 3015
f 1809 4088 4125
f 386 387 3524
f 10 1320 1316
f 1319 4128 3448
f 3996 3995 4133
f 2829 3513 3995
f 3550 4092 4091
f 3491 3494 3162
f 2327 3518 3522
f 689 3522 3518
f 4134 3373 3367
f 4016 4015 3372
f 4128 3936 3933
f 1814 4012 3479
f 4135 3972 3973
f 3966 4071 3990
f 3712 4093 3966
f 3869 395 2519
f 3549 661 655
f 2311 1398 1396
f 1798 3286 1796
f 3793 3554 4127
f 4134 4127 4126
f 4136 4016 3373
f 4034 1819 3928
f 3774 4034 3927
f 3626 1695 465
f 1778 2908 3538
f 3539 3538 2908
f 3893 3737 2060
f 4123 4089 4138
f 3558 3809 4137
f 3556 4137 4138
f 4138 4089 4090
f 1727 1729 4067
f 4121 4067 4089
f 3553 538 1799
f 3765 3630 3044
f 4006 1311 1559
f 1311 1312 1558
f 3841 2376 3733
f 3186 3825 3464
f 3909 1201 4080
f 3967 3040 3039
f 3760 4023 4007
f 4111 4096 4095
f 4095 4097 4073
f 3625 1696 1695
f 2970 729 725
f 4139 3953 3157
f 777 4139 3159
f 3792 4117 3953
f 2136 514 513
f 3977 1155 1153
f 2735 3992 2737
f 3861 3893 3963
f 4118 3773 3767
f 4117 4114 4118
f 2049 1093 1095
f 2639 2644 4131
f 2644 4099 4085
f 3764 3765 2707
f 3316 2876 2875
f 776 3792 4139
f 4117 3792 3268
f 582 573 869
f 4098 3528 4124
f 4077 3243 3242
f 864 3909 1853
f 3069 1801 1800
f 2108 3398 3397
f 3551 3552 3256
f 3211 3345 3207
f 2745 2743 3371
f 536 4133 3995
f 3073 4135 4133
f 2627 660 659
f 3784 4037 3095
f 8 7 135
f 1732 2270 4003
f 3042 4003 2270
f 4104 2237 1518
f 4140 3453 1491
f 3855 4090 3860
f 3865 1306 2919
f 2338 2919 2341
f 1798 1799 538
f 3094 3095 4037
f 1870 1865 2906
f 3211 3212 3988
f 2083 3178 3177
f 3068 1348 4135
f 2479 3696 4141
f 4141 3697 1578
f 2815 2949 3582
f 2594 4073 4097
f 1534 2319 2884
f 3030 4119 2107
f 4072 4023 4022
f 4132 4022 3670
f 4140 3670 4022
f 3570 1869 1868
f 2773 3671 3670
f 1871 1872 2706
f 4142 3126 3129
f 3372 4143 4142
f 3697 465 467
f 4115 3943 3614
f 3314 1933 1937
f 3808 4123 4137
f 2388 2811 3809
f 3931 1368 1367
f 3357 3354 3355
f 1588 3358 3357
f 3954 1358 4136
f 3322 3323 2453
f 1558 1170 1551
f 1521 3832 4103
f 3212 1751 3047
f 717 718 2082
f 4143 3372 4015
f 3576 3614 3613
f 1865 1867 1871
f 3969 809 807
f 2849 2749 2748
f 3308 3131 4081
f 2942 494 498
f 3448 3933 3932
f 3527 762 761
f 3126 4142 4143
f 2770 2772 3671
f 4070 3721 1573
f 467 343 4070
f 3991 1052 1053
f 3325 3312 1696
f 3948 3949 4092
f 642 643 646

