v -0.771188 -0.375288 0.528384
v -0.741347 -0.396757 0.532321
v -0.754765 -0.350459 0.560847
v -0.709378 -0.420923 0.519466
v -0.718144 -0.424618 0.490536
v -0.726040 -0.378870 0.559746
v -0.772150 -0.398101 0.481280
v -0.745044 -0.413556 0.488797
v -0.699667 -0.435986 0.459623
v -0.724907 -0.427594 0.443024
v -0.798150 -0.376382 0.472503
v -0.794461 -0.350087 0.519496
v -0.560434 -0.234548 0.510777
v -0.570629 -0.216285 0.502286
v -0.585594 -0.227939 0.542992
v -0.583009 -0.202511 0.488167
v -0.605803 -0.190524 0.517876
v -0.558695 -0.229808 0.465576
v -0.548481 -0.244359 0.472190
v -0.576496 -0.249535 0.552918
v -0.594908 -0.207298 0.533980
v -0.620336 -0.224530 0.556395
v -0.611066 -0.246691 0.567597
v 0.156544 -0.553724 -0.214988
v 0.172964 -0.538581 -0.239092
v 0.202582 -0.563056 -0.206093
v 0.237852 -0.528961 -0.246722
v 0.219728 -0.546735 -0.228045
v 0.192328 -0.520000 -0.257954
v 0.137703 -0.518031 -0.227822
v 0.157044 -0.501109 -0.246971
v 0.417074 -0.395969 -0.239942
v 0.419942 -0.432316 -0.222561
v 0.395357 -0.413657 -0.254204
v 0.436173 -0.380903 -0.222996
v 0.439927 -0.417924 -0.205436
v 0.420288 -0.467117 -0.206073
v 0.442829 -0.452436 -0.187531
v 0.410906 -0.358226 -0.257038
v 0.388176 -0.378168 -0.269561
v 0.365160 -0.397994 -0.278939
v 0.395754 -0.447312 -0.238179
v 0.369715 -0.431653 -0.265864
v 0.357115 -0.489673 -0.238802
v 0.365721 -0.461824 -0.251793
v 0.392087 -0.479832 -0.223074
v 0.369338 -0.347068 -0.267622
v 0.345456 -0.369183 -0.278784
v 0.391272 -0.325932 -0.253043
v 0.430091 -0.341084 -0.237821
v -0.781834 -0.203293 0.417698
v -0.767392 -0.186718 0.433118
v -0.744432 -0.206262 0.385476
v -0.805922 -0.217570 0.444091
v -0.786737 -0.199560 0.461801
v -0.795809 -0.218992 0.483740
v -0.769820 -0.203646 0.498707
v -0.744302 -0.175404 0.446320
v -0.760917 -0.186707 0.474201
v -0.545417 -0.274853 0.514574
v -0.552563 -0.254587 0.515714
v -0.566787 -0.271896 0.553015
v -0.540461 -0.260831 0.475685
v 0.169448 -0.590798 -0.155589
v 0.158741 -0.600674 -0.123915
v 0.125489 -0.580792 -0.157803
v 0.149371 -0.606409 -0.094368
v 0.117158 -0.589840 -0.124300
v 0.095803 -0.561852 -0.147367
v 0.198765 -0.607048 -0.102884
v 0.213378 -0.598231 -0.133870
v 0.185645 -0.578591 -0.181463
v 0.140096 -0.568473 -0.189044
v 0.230194 -0.586135 -0.162000
v 0.106234 -0.548869 -0.178737
v -0.806354 -0.237483 0.412206
v -0.816233 -0.238773 0.462614
v -0.776427 -0.243673 0.373799
v -0.793343 -0.268771 0.378533
v -0.784045 -0.219779 0.400103
v -0.758677 -0.223427 0.375845
v -0.616392 -0.178412 0.501307
v -0.622479 -0.171895 0.483286
v -0.646216 -0.172650 0.510229
v -0.638252 -0.186985 0.526042
v -0.669850 -0.161480 0.479030
v -0.676261 -0.170943 0.504887
v -0.645848 -0.164366 0.484474
v -0.673229 -0.185200 0.525090
v -0.625287 -0.178758 0.451751
v -0.595814 -0.192669 0.473169
v -0.629110 -0.204243 0.542402
v -0.607841 -0.384820 0.562627
v -0.590751 -0.363225 0.562577
v -0.634013 -0.358730 0.585077
v -0.653997 -0.328982 0.595539
v -0.681370 -0.343527 0.591448
v -0.655954 -0.375773 0.577970
v -0.609137 -0.341920 0.583133
v -0.578502 -0.331778 0.567683
v -0.621914 -0.318390 0.590773
v -0.578673 -0.343560 0.562276
v -0.774261 -0.224571 0.522638
v -0.741507 -0.211841 0.534024
v -0.734164 -0.177700 0.486227
v -0.739827 -0.193044 0.509940
v -0.705452 -0.204643 0.541572
v -0.707625 -0.186845 0.519164
v -0.556450 -0.312009 0.544130
v -0.560613 -0.292979 0.548812
v -0.584754 -0.313696 0.575356
v -0.631872 -0.293966 0.591137
v -0.669382 -0.300692 0.597235
v -0.592641 -0.292476 0.576169
v -0.702543 -0.312787 0.594624
v -0.682007 -0.273939 0.591309
v -0.719154 -0.284244 0.588529
v -0.777115 -0.323186 0.553221
v -0.811881 -0.323025 0.507151
v -0.792779 -0.296218 0.540193
v -0.751444 -0.300725 0.576276
v -0.765687 -0.273876 0.562781
v -0.731237 -0.329333 0.582760
v -0.818980 -0.349243 0.461660
v -0.829834 -0.317329 0.450240
v -0.777706 -0.389138 0.418765
v -0.796241 -0.360881 0.407998
v -0.805982 -0.329794 0.396950
v -0.822342 -0.265336 0.478009
v -0.828783 -0.286125 0.436100
v -0.821252 -0.293798 0.493492
v -0.800990 -0.269085 0.523780
v -0.821841 -0.259092 0.423600
v -0.705297 -0.360398 0.579407
v -0.752046 -0.411803 0.429491
v -0.675819 -0.394236 0.564161
v -0.693328 -0.412466 0.543263
v -0.705699 -0.172318 0.496324
v -0.645699 -0.173503 0.444830
v -0.667069 -0.202642 0.544405
v -0.700442 -0.225461 0.562418
v -0.601663 -0.269796 0.574079
v -0.641620 -0.269577 0.586116
v -0.719458 -0.167904 0.458462
v -0.687587 -0.176068 0.423988
v -0.708787 -0.182071 0.411544
v -0.728117 -0.192254 0.398262
v -0.666934 -0.172506 0.435630
v -0.695251 -0.161847 0.470317
v -0.801639 -0.242965 0.504723
v -0.659685 -0.222973 0.562015
v -0.626423 -0.404169 0.551927
v -0.584265 -0.393485 0.527570
v -0.644868 -0.421975 0.533781
v -0.598175 -0.411731 0.513063
v -0.650984 -0.245606 0.576366
v -0.692528 -0.248730 0.579556
v -0.731597 -0.257885 0.575235
v -0.738939 -0.233656 0.556531
v -0.773164 -0.248287 0.544452
v 0.283757 -0.534858 -0.228412
v 0.266254 -0.553900 -0.209549
v 0.247989 -0.571010 -0.187428
v 0.212448 -0.500239 -0.272861
v 0.218132 -0.581091 0.099288
v 0.188548 -0.595454 0.066333
v 0.244491 -0.592614 0.064608
v 0.192282 -0.554559 0.123983
v 0.163604 -0.568610 0.090219
v 0.275195 -0.576455 0.091325
v 0.188528 -0.610534 -0.001161
v 0.214541 -0.604253 0.033178
v 0.162664 -0.603189 0.028982
v 0.242942 -0.608084 -0.002484
v 0.272780 -0.597670 0.028760
v 0.166530 -0.612955 -0.035704
v 0.141654 -0.605558 -0.009551
v 0.138498 -0.579235 0.052108
v 0.117973 -0.584498 0.011218
v 0.294616 -0.577652 -0.165414
v 0.301095 -0.514357 -0.243925
v 0.256881 -0.510320 -0.262031
v 0.316506 -0.492364 -0.256604
v 0.273877 -0.489628 -0.274083
v 0.232305 -0.478406 -0.281445
v 0.291280 -0.469706 -0.284633
v 0.177929 -0.483466 -0.262899
v 0.473312 -0.310424 -0.163533
v 0.476384 -0.345304 -0.162801
v 0.462185 -0.316254 -0.192208
v 0.457591 -0.281265 -0.154205
v 0.482991 -0.311470 -0.131084
v 0.465687 -0.355731 -0.183809
v 0.446600 -0.326903 -0.215926
v 0.443949 -0.284694 -0.184876
v 0.480987 -0.373277 -0.145091
v 0.469965 -0.389426 -0.166091
v 0.456380 -0.403839 -0.186508
v 0.485035 -0.336077 -0.141019
v 0.489424 -0.350343 -0.125534
v 0.493752 -0.322969 -0.105288
v 0.496806 -0.365072 -0.098858
v 0.503659 -0.346499 -0.045181
v 0.500771 -0.379552 -0.070855
v 0.502699 -0.334811 -0.076192
v 0.491839 -0.410922 -0.096604
v 0.487741 -0.392804 -0.121649
v 0.476000 -0.416664 -0.144937
v 0.479807 -0.439951 -0.121968
v 0.502489 -0.359496 -0.014755
v 0.491701 -0.428489 -0.070116
v 0.336924 -0.533333 0.123567
v 0.313759 -0.525038 0.155186
v 0.306818 -0.556911 0.110976
v 0.334916 -0.560460 0.075512
v 0.303749 -0.581291 0.055586
v 0.363904 -0.534715 0.091374
v 0.388784 -0.505653 0.104695
v 0.363375 -0.507466 0.132256
v 0.341732 -0.499275 0.158230
v 0.365780 -0.560596 0.039031
v 0.334870 -0.583251 0.016788
v 0.282867 -0.547971 0.145883
v 0.249941 -0.565502 0.126708
v 0.255253 -0.518924 0.167982
v 0.223305 -0.538025 0.150483
v 0.317708 -0.472972 0.178590
v 0.286794 -0.497142 0.177073
v 0.255902 -0.603662 -0.106755
v 0.275540 -0.592701 -0.137955
v 0.213860 -0.612515 -0.036122
v 0.184795 -0.612274 -0.068794
v 0.235745 -0.610426 -0.072413
v 0.270097 -0.608246 -0.040101
v 0.295378 -0.603737 -0.077129
v 0.452130 -0.367274 -0.203885
v 0.428386 -0.293553 -0.211570
v 0.339305 -0.443968 -0.276999
v 0.340588 -0.413598 -0.285111
v 0.329996 -0.469175 -0.267060
v 0.146118 -0.610188 -0.059974
v 0.126522 -0.603862 -0.047134
v 0.435419 -0.435653 0.125736
v 0.405548 -0.452383 0.146346
v 0.429676 -0.464824 0.099039
v 0.414748 -0.498279 0.077447
v 0.406155 -0.474962 0.121076
v 0.370260 -0.472624 0.157152
v 0.381640 -0.486259 0.138491
v 0.381442 -0.425343 0.162511
v 0.458297 -0.418807 0.101059
v 0.452440 -0.452368 0.072713
v 0.411031 -0.404611 0.144449
v 0.435948 -0.385630 0.122866
v 0.439327 -0.488432 0.047935
v 0.460570 -0.476364 0.017086
v 0.305121 -0.448609 -0.291131
v 0.313799 -0.424761 -0.289499
v 0.295142 -0.412894 -0.289709
v 0.273344 -0.435606 -0.290645
v 0.319873 -0.390561 -0.286014
v 0.411011 -0.307330 -0.234633
v 0.120406 -0.534054 -0.205300
v 0.117831 -0.598205 -0.087623
v 0.102211 -0.585962 -0.030417
v 0.496320 -0.409732 -0.013844
v 0.500384 -0.394367 -0.042481
v 0.499931 -0.373810 0.015335
v 0.481322 -0.339042 0.040778
v 0.487163 -0.445934 -0.042422
v 0.487698 -0.314545 -0.022296
v 0.485368 -0.303942 -0.055583
v 0.469514 -0.284448 -0.120246
v 0.478938 -0.293407 -0.088031
v 0.318428 -0.594013 -0.111283
v 0.092687 -0.582169 -0.072132
v 0.090598 -0.573447 -0.111628
v 0.344853 -0.515264 -0.225267
v 0.384416 -0.509775 -0.207340
v 0.417095 -0.499237 -0.188679
v 0.372865 -0.536686 -0.189283
v 0.409513 -0.528058 -0.168754
v 0.443232 -0.484050 -0.168448
v 0.253149 -0.457519 -0.288487
v 0.392810 -0.531547 0.058498
v 0.395499 -0.555789 0.002529
v 0.479401 -0.461384 -0.097119
v 0.462187 -0.489983 -0.122926
v 0.461219 -0.436147 -0.167196
v 0.463900 -0.464515 -0.146248
v 0.439151 -0.512482 -0.146759
v 0.454865 -0.512796 -0.096532
v 0.473771 -0.481498 -0.070137
v 0.429405 -0.537046 -0.121372
v 0.471604 -0.438835 0.044310
v 0.476122 -0.402973 0.073589
v 0.455679 -0.368339 0.097598
v 0.492347 -0.388090 0.045664
v 0.486597 -0.424039 0.015482
v 0.329961 -0.538493 -0.209061
v 0.313234 -0.559557 -0.189116
v 0.302679 -0.599231 -0.009572
v 0.365457 -0.580115 -0.021434
v 0.331590 -0.595996 -0.047884
v 0.357480 -0.587250 -0.084217
v 0.413653 -0.556899 -0.091803
v 0.392046 -0.571418 -0.058230
v 0.379532 -0.572744 -0.116844
v 0.420417 -0.524355 0.025109
v 0.443874 -0.513545 -0.008348
v 0.421038 -0.546264 -0.033120
v 0.476685 -0.461945 -0.013266
v 0.339306 -0.579212 -0.141516
v 0.441133 -0.531766 -0.066437
v 0.461882 -0.499080 -0.040429
v 0.396980 -0.552805 -0.145039
v 0.357776 -0.559992 -0.167584
v -0.679252 -0.437109 0.482278
v 0.200060 -0.464539 -0.274850
v -0.661785 -0.432820 0.508093
v -0.613984 -0.427589 0.493201
v -0.803975 -0.298038 0.386619
v 0.486134 -0.326150 0.009965
v -0.435219 -0.167010 -0.137367
v -0.459124 -0.157492 -0.111280
v -0.449772 -0.148363 -0.149441
v -0.445134 -0.176290 -0.101837
v -0.422355 -0.152752 -0.173204
v -0.434302 -0.131528 -0.187502
v -0.486902 -0.115125 -0.131453
v -0.463907 -0.127868 -0.162455
v -0.473073 -0.137313 -0.121011
v -0.505571 -0.096507 -0.097073
v -0.492456 -0.119883 -0.088922
v -0.027412 0.486038 -0.002723
v -0.042837 0.494462 0.018451
v -0.012325 0.501944 0.015316
v -0.043407 0.513856 0.050505
v -0.028008 0.506613 0.034207
v -0.057608 0.504581 0.035977
v -0.059786 0.482047 0.006110
v -0.074031 0.495685 0.024482
v 0.001891 0.497021 -0.006790
v -0.015036 0.516874 0.053904
v 0.000885 0.515030 0.037900
v -0.593548 0.245297 0.384443
v -0.604096 0.222600 0.340693
v -0.577725 0.221429 0.389774
v -0.576218 0.271859 0.424367
v -0.607986 0.270950 0.376552
v -0.559523 0.245194 0.430409
v -0.588941 0.201524 0.345266
v -0.559840 0.198913 0.392702
v -0.609238 0.201945 0.294414
v -0.136206 0.749860 0.310717
v -0.155383 0.759462 0.333047
v -0.118200 0.740417 0.332750
v -0.137331 0.751160 0.356626
v -0.099420 0.729444 0.354589
v -0.141944 0.749096 0.407111
v -0.117951 0.740992 0.380245
v -0.160885 0.759379 0.382280
v -0.081582 0.714012 0.373737
v -0.178023 0.766953 0.357307
v 0.557510 0.411550 -0.272841
v 0.523873 0.472994 -0.297855
v 0.604747 0.450069 -0.279631
v 0.640078 0.401262 -0.228532
v 0.588688 0.356602 -0.223417
v 0.510756 0.370701 -0.268605
v 0.563519 0.264941 -0.154519
v 0.540520 0.311518 -0.220713
v 0.612452 0.312724 -0.155035
v 0.666869 0.362813 -0.157358
v 0.611395 0.535372 -0.319013
v 0.653429 0.486680 -0.290625
v 0.567832 0.505371 -0.306177
v 0.096087 -0.218934 -0.274129
v 0.159871 -0.192699 -0.284993
v 0.149635 -0.226136 -0.283038
v 0.228730 -0.215194 -0.284562
v 0.182835 -0.236163 -0.286814
v 0.201269 -0.205211 -0.285640
v 0.096803 -0.191118 -0.278017
v 0.160218 -0.171709 -0.287323
v 0.237547 -0.176065 -0.280864
v 0.227388 -0.161148 -0.282963
v -0.504415 -0.247537 0.325005
v -0.506292 -0.245125 0.321548
v -0.533174 -0.252199 0.358297
v -0.466178 -0.231255 0.296417
v -0.467997 -0.227436 0.292756
v -0.471109 -0.225744 0.290662
v -0.464628 -0.236531 0.300128
v -0.528954 -0.256165 0.362347
v -0.502049 -0.251444 0.329054
v -0.129174 0.177612 0.476353
v -0.157231 0.151782 0.476585
v -0.124190 0.143882 0.455440
v -0.097652 0.170517 0.448979
v -0.090286 0.138257 0.430749
v -0.178770 0.092608 0.448707
v -0.151728 0.117501 0.455374
v -0.185281 0.126220 0.470115
v -0.117287 0.109643 0.436141
v -0.388147 -0.274311 0.283988
v -0.364150 -0.267513 0.273373
v -0.375660 -0.258129 0.279478
v -0.412469 -0.281603 0.297835
v -0.403282 -0.266321 0.291394
v -0.331834 -0.231482 0.270396
v -0.360440 -0.242762 0.275921
v -0.349115 -0.249513 0.270923
v -0.314087 -0.211303 0.273004
v -0.344557 -0.225785 0.274023
v -0.377673 -0.240325 0.280641
v -0.391321 -0.253472 0.285359
v -0.323959 -0.240739 0.265557
v -0.340918 -0.260624 0.265373
v 0.061920 -0.547737 -0.090599
v 0.066844 -0.554430 -0.051449
v 0.055625 -0.541215 -0.082134
v 0.054142 -0.530868 -0.115933
v 0.062863 -0.536377 -0.124996
v 0.072960 -0.558332 -0.100454
v 0.048547 -0.527231 -0.108025
v -0.450883 0.032890 -0.312046
v -0.489639 0.040610 -0.286901
v -0.456542 0.065140 -0.323943
v -0.536487 0.084416 -0.262653
v -0.494942 0.072925 -0.297325
v -0.530734 0.052190 -0.253238
v -0.499075 0.108863 -0.305437
v -0.461234 0.101171 -0.332898
v -0.422904 0.060632 -0.343278
v -0.464354 0.140567 -0.338037
v -0.197409 -0.281662 0.012377
v -0.220263 -0.283083 0.027069
v -0.208199 -0.282831 -0.003727
v -0.184624 -0.285382 -0.018400
v -0.183987 -0.278148 0.028055
v -0.206926 -0.278869 0.042016
v -0.161202 -0.283059 0.016095
v -0.174345 -0.285459 -0.001011
v -0.168416 -0.273535 0.043956
v -0.191774 -0.272870 0.057162
v -0.151769 -0.294805 -0.013446
v -0.349682 0.487439 -0.078605
v -0.325154 0.484989 -0.076615
v -0.354410 0.461973 -0.110465
v -0.322903 0.511230 -0.049693
v -0.330985 0.431190 -0.145122
v -0.359721 0.436509 -0.146873
v -0.327794 0.458245 -0.108671
v -0.371980 0.490326 -0.075675
v -0.378336 0.466338 -0.106331
v -0.298306 0.426642 -0.136372
v -0.297754 0.454939 -0.101389
v -0.516907 0.322639 -0.242446
v -0.505835 0.357976 -0.219084
v -0.484466 0.314950 -0.274182
v -0.474990 0.350609 -0.248133
v -0.453635 0.306444 -0.299432
v -0.464784 0.381928 -0.217435
v -0.030028 0.455379 -0.043728
v -0.044550 0.469365 -0.016684
v -0.012968 0.476601 -0.027883
v -0.272300 0.764933 0.436235
v -0.310103 0.750732 0.456914
v -0.259898 0.753196 0.461041
v -0.236733 0.771484 0.410764
v -0.282651 0.773553 0.409961
v -0.298673 0.737087 0.480553
v -0.244463 0.737151 0.483787
v -0.206304 0.748037 0.460460
v -0.222833 0.761964 0.436429
v -0.322789 0.697248 0.513590
v -0.284057 0.720053 0.502448
v -0.337013 0.714784 0.492802
v 0.324545 -0.047417 -0.174510
v 0.278371 -0.051117 -0.238617
v 0.324474 -0.029518 -0.170770
v 0.279321 -0.071701 -0.243421
v 0.220835 -0.075163 -0.277070
v 0.324139 -0.067338 -0.182999
v 0.280895 -0.093053 -0.249062
v 0.350099 -0.045269 -0.082034
v 0.093900 0.416551 0.244618
v 0.114198 0.410805 0.250749
v 0.103390 0.457830 0.227795
v 0.136919 0.403376 0.259579
v 0.122684 0.461397 0.233321
v 0.121021 0.353419 0.269303
v 0.120534 0.510697 0.204698
v 0.103483 0.499005 0.201914
v 0.075778 0.423425 0.240731
v 0.086476 0.456013 0.224114
v 0.142509 0.524408 0.211249
v 0.144722 0.463174 0.242308
v -0.242275 0.471805 0.595245
v -0.206393 0.489182 0.592334
v -0.266670 0.500755 0.591262
v -0.305335 0.480123 0.588179
v -0.290957 0.529377 0.585767
v -0.329958 0.508459 0.580697
v -0.345467 0.453685 0.577798
v -0.368908 0.482922 0.570578
v -0.352922 0.535434 0.570568
v -0.253661 0.546964 0.584444
v -0.230022 0.517787 0.588740
v -0.204225 0.069377 0.436246
v -0.171589 0.058005 0.427986
v -0.163453 0.022628 0.407148
v -0.135793 0.047839 0.415656
v -0.196828 0.036427 0.415922
v -0.220206 0.017165 0.399808
v -0.189293 0.001241 0.393983
v -0.227948 0.046821 0.417922
v -0.209588 -0.139782 0.293146
v -0.228909 -0.144566 0.293054
v -0.223126 -0.166819 0.276639
v -0.263479 -0.183719 0.277089
v -0.242514 -0.173281 0.278111
v -0.249326 -0.155313 0.289457
v -0.218493 -0.113891 0.312410
v -0.238885 -0.124927 0.305935
v -0.203885 -0.164455 0.272105
v -0.219364 -0.187870 0.258634
v -0.259717 -0.199891 0.266687
v -0.239422 -0.192555 0.263774
v 0.132810 -0.504296 0.128092
v 0.108255 -0.516763 0.093815
v 0.134609 -0.509644 0.125981
v 0.110361 -0.522662 0.090539
v 0.134455 -0.512739 0.123448
v 0.086245 -0.525945 0.055056
v 0.102691 -0.506488 0.097226
v 0.160933 -0.494132 0.154510
v 0.160734 -0.496825 0.153047
v 0.627730 0.749480 0.180833
v 0.580781 0.786584 0.163422
v 0.552871 0.656917 0.229424
v 0.470872 0.748470 0.183723
v 0.508978 0.704315 0.209973
v 0.538481 0.817963 0.141158
v 0.446465 0.639520 0.243816
v 0.488171 0.581309 0.265452
v 0.611826 0.898350 0.084007
v 0.566765 0.907528 0.064294
v 0.501316 0.842156 0.113409
v 0.659647 0.877927 0.101546
v 0.325869 -0.377898 0.180595
v 0.348700 -0.354232 0.167705
v 0.320106 -0.374729 0.181109
v 0.341651 -0.350231 0.168767
v 0.360738 -0.326676 0.153424
v 0.334136 -0.344149 0.170281
v 0.313553 -0.369578 0.182405
v 0.369191 -0.331486 0.152132
v 0.300183 -0.400886 0.188816
v 0.295750 -0.398441 0.188832
v 0.305680 -0.404454 0.188427
v 0.333100 -0.381852 0.179577
v -0.302532 -0.021464 -0.297721
v -0.336003 -0.023795 -0.302287
v -0.309976 0.001679 -0.318410
v -0.295844 -0.043213 -0.280142
v -0.328579 -0.045091 -0.283378
v -0.262413 -0.040751 -0.275155
v -0.267504 -0.017536 -0.289564
v -0.322198 -0.065836 -0.267437
v -0.272609 0.007045 -0.306324
v -0.493733 0.502959 -0.023456
v -0.466233 0.502032 -0.036783
v -0.505607 0.482345 -0.047409
v -0.456403 0.524197 -0.013662
v -0.430879 0.521770 -0.025292
v -0.439935 0.499808 -0.048508
v -0.477012 0.481347 -0.060950
v -0.474233 0.549077 0.024757
v -0.447571 0.547455 0.009299
v -0.483178 0.525192 0.000617
v -0.422676 0.544942 -0.003386
v 0.041887 0.502759 0.174905
v 0.026393 0.506411 0.177135
v 0.036302 0.489615 0.199677
v 0.055838 0.502758 0.173675
v 0.050507 0.484682 0.198937
v 0.041373 0.468974 0.220663
v 0.021927 0.497933 0.202122
v 0.008873 0.509640 0.206739
v 0.014364 0.492832 0.227082
v 0.011328 0.514096 0.181213
v 0.027430 0.479583 0.222783
v -0.432636 -0.192090 0.271130
v -0.388912 -0.152435 0.270222
v -0.398145 -0.145912 0.265972
v -0.427017 -0.195581 0.274286
v -0.423413 -0.202347 0.277642
v -0.474239 -0.225728 0.289417
v -0.439656 -0.191776 0.268627
v 0.075924 -0.546533 -0.135635
v 0.076674 -0.565818 -0.060576
v 0.083877 -0.532842 -0.166227
v 0.068415 -0.522861 -0.154825
v -0.427724 0.096666 -0.352026
v -0.284483 -0.086680 -0.254523
v -0.252598 -0.086074 -0.252558
v -0.278546 -0.106914 -0.242137
v -0.240715 -0.123560 -0.225520
v -0.271453 -0.124395 -0.227430
v -0.247185 -0.105737 -0.239557
v -0.216208 -0.105326 -0.235962
v -0.257484 -0.063899 -0.263713
v -0.220772 -0.084718 -0.248495
v -0.070140 0.519387 0.050497
v -0.081118 0.540254 0.063713
v -0.056649 0.526802 0.064812
v -0.096561 0.534818 0.051474
v -0.057899 0.552426 0.096359
v -0.045394 0.533589 0.082072
v -0.068386 0.546612 0.078745
v -0.069344 0.578488 0.111988
v -0.079539 0.573408 0.093584
v -0.091657 0.567710 0.077178
v -0.521586 0.571801 0.090180
v -0.494491 0.574631 0.068288
v -0.528824 0.547850 0.064151
v -0.510398 0.525394 0.017421
v -0.501741 0.549477 0.043133
v -0.537126 0.525009 0.037175
v -0.546696 0.565507 0.112566
v -0.514238 0.595034 0.115378
v -0.487941 0.599668 0.092697
v -0.554996 0.543826 0.085990
v -0.468006 -0.006364 0.221075
v -0.458195 0.025758 0.250709
v -0.493151 0.033433 0.212447
v -0.437628 -0.018052 0.250015
v -0.464347 -0.073835 0.211734
v -0.453510 -0.041388 0.227723
v -0.477627 -0.044811 0.197621
v -0.498341 -0.015067 0.171390
v -0.507287 -0.075949 0.126034
v -0.507847 -0.106906 0.127430
v -0.496672 -0.070418 0.160197
v -0.501863 -0.107980 0.151407
v -0.485449 -0.082291 0.183798
v -0.119424 0.738008 0.289385
v -0.102686 0.727570 0.309943
v -0.104468 0.721491 0.268282
v -0.089754 0.711461 0.287513
v -0.085879 0.715629 0.329953
v 0.294798 0.057431 -0.224225
v 0.238066 0.086528 -0.267635
v 0.313398 0.085585 -0.221320
v 0.259533 0.124084 -0.266451
v 0.292062 0.161398 -0.263278
v 0.198375 0.169113 -0.288021
v 0.238441 0.217669 -0.285466
v 0.175766 0.120870 -0.288303
v 0.356937 0.062650 -0.155258
v 0.225917 0.051460 -0.268468
v 0.339775 0.116853 -0.218162
v 0.418192 0.285112 -0.264477
v 0.464196 0.328322 -0.266366
v 0.450802 0.226686 -0.218034
v 0.494677 0.267927 -0.219890
v 0.477105 0.182318 -0.154301
v 0.409147 0.188512 -0.217643
v 0.439597 0.147768 -0.153442
v 0.478049 0.437326 -0.291359
v -0.061941 0.344585 0.515066
v -0.086504 0.324600 0.528777
v -0.059552 0.312862 0.489834
v -0.109019 0.269268 0.515054
v -0.082960 0.292075 0.505327
v -0.113521 0.302987 0.537506
v -0.105686 0.236127 0.492079
v -0.080513 0.259790 0.481068
v -0.092507 0.357064 0.550217
v -0.120658 0.336120 0.557739
v -0.151049 0.312379 0.561453
v 0.113535 -0.379508 -0.263217
v 0.127955 -0.393111 -0.266802
v 0.088493 -0.404705 -0.244331
v 0.101777 -0.417117 -0.248165
v 0.067914 -0.427393 -0.222011
v 0.114459 -0.427410 -0.250615
v 0.080120 -0.438294 -0.225539
v 0.124508 -0.337756 -0.274245
v 0.142153 -0.352412 -0.278484
v 0.096990 -0.365138 -0.258831
v 0.073661 -0.391174 -0.239732
v -0.074915 0.626143 0.516806
v -0.051634 0.634019 0.486733
v -0.093374 0.654720 0.505669
v -0.049934 0.659402 0.444031
v -0.068158 0.660151 0.476335
v -0.035844 0.635539 0.452016
v -0.024203 0.611470 0.455246
v -0.037629 0.607774 0.492308
v -0.058655 0.597856 0.523868
v -0.112946 0.683187 0.491666
v -0.065617 0.682701 0.432138
v -0.085936 0.686063 0.462856
v -0.459423 -0.319118 0.335942
v -0.477074 -0.331527 0.354579
v -0.459936 -0.344115 0.331279
v -0.478147 -0.311677 0.354596
v -0.439975 -0.308161 0.317448
v -0.441707 -0.332596 0.314437
v -0.444407 -0.360728 0.303195
v -0.480582 -0.382715 0.332507
v -0.462896 -0.371240 0.318006
v -0.477127 -0.356071 0.347576
v -0.492482 -0.368568 0.362826
v -0.492262 -0.344542 0.372037
v 0.012776 0.210763 0.356248
v -0.001875 0.236617 0.365485
v -0.007454 0.190861 0.374842
v 0.032591 0.225459 0.336961
v 0.016456 0.252206 0.343065
v -0.041950 0.192894 0.404866
v -0.029244 0.165940 0.391222
v -0.020956 0.216674 0.386606
v 0.031096 0.185585 0.349473
v 0.009793 0.166276 0.365308
v -0.012823 0.140689 0.379461
v 0.130097 -0.487378 -0.235429
v 0.150930 -0.471575 -0.253521
v -0.233577 0.013448 -0.291527
v -0.234902 0.042810 -0.297431
v -0.276054 0.036140 -0.318522
v -0.235105 0.074038 -0.298453
v -0.320063 0.063858 -0.345639
v -0.278124 0.069046 -0.322196
v -0.316322 0.029569 -0.337281
v -0.193773 0.018908 -0.279900
v -0.231146 -0.012984 -0.280883
v -0.193527 0.048335 -0.281687
v 0.389347 0.054781 -0.075723
v 0.408673 0.074110 -0.074948
v 0.379391 0.087408 -0.152651
v 0.432762 0.097302 -0.075437
v -0.066146 0.096257 -0.266884
v -0.109580 0.089373 -0.264638
v -0.062895 0.131305 -0.264044
v -0.020117 0.065452 -0.274716
v -0.069303 0.062737 -0.266700
v -0.017451 0.103029 -0.274554
v -0.016016 0.143973 -0.270668
v -0.105299 0.121385 -0.261768
v -0.146594 0.114452 -0.266280
v -0.100618 0.154189 -0.255991
v -0.150559 0.083472 -0.269351
v -0.060782 0.167278 -0.257583
v -0.307229 0.135021 0.475153
v -0.334339 0.110453 0.444209
v -0.288370 0.107339 0.452500
v -0.272786 0.078262 0.430271
v -0.247588 0.105294 0.457454
v -0.276251 0.162686 0.500708
v -0.261080 0.134082 0.479229
v -0.327853 0.161856 0.494988
v -0.358847 0.136560 0.465737
v -0.231380 0.161689 0.499580
v -0.220760 0.131765 0.478403
v -0.129925 -0.308918 -0.024537
v -0.138914 -0.306971 -0.046441
v -0.117937 -0.308244 -0.002685
v -0.139041 -0.293659 0.005795
v -0.161485 -0.293774 -0.032860
v -0.098562 -0.326254 -0.009939
v -0.109365 -0.326163 -0.034346
v -0.103500 -0.306738 0.019059
v -0.123734 -0.291035 0.025123
v -0.137077 0.244510 0.521013
v -0.167710 0.217970 0.520950
v -0.133100 0.211136 0.498659
v -0.142686 0.278417 0.542230
v -0.174427 0.251224 0.541931
v -0.192339 0.158646 0.491984
v -0.162308 0.185175 0.498582
v -0.199764 0.190051 0.513672
v -0.208380 0.222241 0.534027
v -0.242817 0.192256 0.520343
v 0.290116 -0.394152 0.189619
v 0.273030 -0.422540 0.193370
v 0.269970 -0.420632 0.193221
v 0.265432 -0.417057 0.193968
v 0.245039 -0.442911 0.193761
v 0.243242 -0.441187 0.193698
v 0.134038 -0.143790 0.249321
v 0.116066 -0.131143 0.258581
v 0.114821 -0.161442 0.245631
v 0.133100 -0.174407 0.236275
v 0.114603 -0.191710 0.230995
v 0.152078 -0.156592 0.239187
v 0.077681 -0.138466 0.261760
v 0.096362 -0.149240 0.253994
v 0.097869 -0.119490 0.266782
v 0.058625 -0.155954 0.253319
v 0.077703 -0.166328 0.246573
v 0.096241 -0.178452 0.238990
v -0.606651 -0.272393 0.238604
v -0.628225 -0.299061 0.230248
v -0.631931 -0.277246 0.256589
v -0.642328 -0.330487 0.225298
v -0.651722 -0.302777 0.248428
v -0.557832 -0.243402 0.228522
v -0.583882 -0.266468 0.218528
v -0.580621 -0.252018 0.249109
v -0.606481 -0.258307 0.268008
v -0.659050 -0.280730 0.273838
v -0.697206 0.424813 0.109968
v -0.710932 0.397655 0.068456
v -0.707336 0.394789 0.121561
v -0.681875 0.450640 0.101423
v -0.696281 0.424362 0.060448
v -0.717494 0.370661 0.024926
v -0.703803 0.398073 0.018053
v -0.677025 0.447204 0.056162
v -0.685619 0.421752 0.014974
v -0.663835 0.475621 0.139207
v -0.679097 0.450750 0.148840
v -0.689728 0.421262 0.160775
v -0.056070 0.637586 0.226478
v -0.047287 0.631519 0.245291
v -0.046542 0.609983 0.209725
v -0.025235 0.582443 0.242615
v -0.030290 0.582862 0.217250
v -0.032147 0.603983 0.253473
v -0.055054 0.612510 0.189603
v -0.065781 0.642094 0.207648
v -0.066807 0.665314 0.244930
v -0.078056 0.671483 0.227029
v -0.057587 0.657467 0.261931
v -0.037534 0.584151 0.194759
v -0.038435 0.606582 0.230392
v -0.281522 -0.209215 0.267586
v -0.305329 -0.220372 0.268526
v -0.300392 -0.232115 0.262029
v -0.287169 -0.197034 0.274682
v -0.278349 -0.223996 0.258617
v 0.299697 -0.140228 0.144371
v 0.319874 -0.130243 0.116259
v 0.284631 -0.127425 0.163595
v 0.315354 -0.154925 0.125850
v 0.333608 -0.144704 0.097352
v 0.279843 -0.153760 0.163941
v 0.270145 -0.115783 0.183033
v 0.263558 -0.140862 0.181973
v 0.294341 -0.105953 0.157012
v 0.306532 -0.117754 0.136081
v -0.336671 0.769679 0.373631
v -0.303404 0.779832 0.352928
v -0.347398 0.767191 0.342130
v -0.273523 0.783988 0.329891
v -0.316085 0.776586 0.322632
v -0.260645 0.783283 0.357791
v -0.330778 0.769739 0.292476
v -0.359962 0.759993 0.310053
v -0.380459 0.751715 0.357952
v -0.559389 0.483282 -0.013654
v -0.586119 0.482826 0.006208
v -0.547270 0.503274 0.010523
v -0.533409 0.482058 -0.032123
v -0.521211 0.503023 -0.007879
v -0.574695 0.501471 0.030202
v -0.615664 0.475723 0.019555
v -0.603215 0.494872 0.044884
v 0.064166 0.483199 0.199297
v 0.077072 0.485232 0.199970
v 0.067807 0.506009 0.172710
v 0.089636 0.490517 0.200714
v 0.077939 0.512424 0.170863
v 0.070953 0.457092 0.221689
v 0.043794 0.444213 0.239062
v 0.059181 0.432528 0.238829
v 0.055972 0.461414 0.220422
v 0.747146 0.393634 -0.080137
v 0.726368 0.415200 -0.163126
v 0.815528 0.458730 -0.091700
v 0.753956 0.381012 0.004341
v 0.683438 0.334212 -0.075832
v 0.789278 0.470055 -0.175320
v 0.855119 0.526698 -0.193953
v 0.825179 0.454492 -0.006948
v 0.131038 -0.463807 -0.244703
v 0.115596 -0.458479 -0.237814
v 0.155135 -0.447152 -0.261671
v 0.167035 -0.421439 -0.272340
v 0.182015 -0.427811 -0.275012
v 0.139834 -0.441460 -0.256645
v 0.174633 -0.454323 -0.267889
v -0.009449 0.533842 0.429144
v -0.011479 0.560738 0.443599
v -0.015712 0.526957 0.473114
v -0.016020 0.586671 0.452763
v -0.020151 0.554333 0.485371
v -0.007697 0.506197 0.411037
v -0.007574 0.534157 0.383218
v -0.035728 0.542066 0.521223
v -0.028093 0.514413 0.511661
v -0.012121 0.499158 0.456165
v 0.148475 -0.293184 0.197704
v 0.169253 -0.273102 0.200832
v 0.130144 -0.274695 0.200301
v 0.131721 -0.239036 0.209895
v 0.150084 -0.255586 0.205294
v 0.150536 -0.220404 0.214416
v 0.112830 -0.257068 0.202764
v 0.189234 -0.251983 0.201155
v 0.127407 -0.311949 0.191736
v 0.110218 -0.292630 0.191919
v -0.348953 -0.086540 -0.251052
v -0.316339 -0.086415 -0.253673
v -0.342314 -0.106638 -0.236729
v -0.302810 -0.125378 -0.226518
v -0.310158 -0.106596 -0.240586
v -0.389610 -0.067226 -0.262390
v -0.355126 -0.066724 -0.266607
v -0.382790 -0.087624 -0.245720
v -0.334767 -0.126600 -0.222704
v -0.375554 -0.108105 -0.230268
v -0.367321 -0.128617 -0.215545
v 0.073810 -0.414353 0.134126
v 0.059138 -0.392163 0.133276
v 0.052892 -0.425380 0.106606
v 0.021761 -0.413807 0.078550
v 0.033823 -0.434950 0.075333
v 0.039514 -0.403832 0.107793
v 0.046954 -0.457433 0.071639
v 0.029495 -0.464237 0.035977
v 0.006283 -0.422179 0.046700
v 0.017408 -0.442551 0.041488
v 0.028037 -0.384139 0.108276
v 0.046395 -0.371860 0.131935
v -0.575063 0.453796 0.425851
v -0.566617 0.425800 0.449168
v -0.545211 0.487038 0.452437
v -0.553917 0.397329 0.467275
v -0.534574 0.461558 0.475095
v -0.500197 0.496489 0.498244
v -0.513189 0.519669 0.477297
v -0.552895 0.510651 0.426112
v -0.600784 0.421136 0.396976
v -0.593590 0.391065 0.419364
v 0.412470 -0.361545 0.136400
v 0.431976 -0.343444 0.112954
v 0.388169 -0.381923 0.156016
v -0.620270 -0.195397 0.416685
v -0.609134 -0.184556 0.461206
v -0.593583 -0.203938 0.434412
v -0.605845 -0.199364 0.424987
v 0.518162 0.221765 -0.154245
v 0.189364 -0.338087 -0.290693
v 0.174013 -0.324192 -0.288738
v 0.222909 -0.308967 -0.293675
v 0.267992 -0.290282 -0.287505
v 0.235451 -0.320758 -0.292977
v 0.256935 -0.280201 -0.288725
v 0.208392 -0.296139 -0.292874
v 0.243853 -0.269212 -0.289333
v 0.290333 -0.253002 -0.277100
v 0.005910 -0.468030 -0.036046
v 0.017481 -0.486073 -0.043119
v 0.015792 -0.467856 -0.000466
v 0.027594 -0.487861 -0.007042
v 0.038120 -0.506503 -0.013423
v 0.042023 -0.485456 0.030437
v 0.011665 -0.480411 -0.076743
v 0.027781 -0.503164 -0.049793
v 0.022009 -0.495606 -0.083148
v -0.297530 0.482968 -0.070566
v 0.403352 -0.211725 -0.167911
v 0.385124 -0.219211 -0.199482
v 0.399778 -0.202843 -0.166922
v 0.414447 -0.202563 -0.129538
v 0.417984 -0.211684 -0.131789
v 0.408410 -0.223676 -0.169465
v 0.428865 -0.216907 -0.092929
v 0.425012 -0.207425 -0.089530
v -0.247558 0.784179 0.306840
v -0.225542 0.781841 0.284887
v -0.263673 0.782522 0.280734
v -0.232951 0.782659 0.332785
v -0.209388 0.779013 0.308886
v -0.287987 0.781172 0.301591
v -0.281145 0.776395 0.254516
v -0.304284 0.774653 0.273459
v -0.242692 0.781251 0.260709
v -0.223615 0.776871 0.241577
v -0.260873 0.775411 0.236157
v 0.349599 0.461745 0.308954
v 0.396873 0.385301 0.321058
v 0.369559 0.473137 0.307708
v 0.302621 0.537613 0.282735
v 0.324986 0.549605 0.281669
v 0.415798 0.397612 0.319461
v 0.397546 0.492378 0.302324
v 0.460261 0.329699 0.316077
v 0.440694 0.315277 0.317018
v 0.487951 0.357587 0.311888
v 0.442814 0.420862 0.314467
v 0.341768 0.040449 -0.157559
v 0.332745 0.021305 -0.159535
v 0.283606 0.031781 -0.226393
v 0.375030 0.037423 -0.077567
v 0.410379 0.058584 0.007159
v 0.428886 0.074958 0.006893
v -0.077875 0.227950 0.457854
v -0.102507 0.203328 0.469640
v -0.072978 0.196690 0.437480
v 0.326908 -0.348219 -0.277114
v 0.373601 -0.300791 -0.248670
v 0.351460 -0.323483 -0.264552
v 0.336762 -0.305092 -0.263849
v 0.311428 -0.332399 -0.276841
v -0.140199 0.597085 0.558589
v -0.104997 0.613144 0.540961
v -0.161177 0.628690 0.549841
v -0.199671 0.611790 0.564190
v -0.177986 0.580017 0.570798
v -0.120601 0.566569 0.564952
v -0.087036 0.583384 0.547967
v -0.124936 0.643691 0.530406
v -0.182860 0.660690 0.538587
v -0.145817 0.674351 0.517232
v 0.039493 -0.436546 -0.194144
v 0.051893 -0.447582 -0.197633
v 0.028977 -0.455209 -0.168639
v 0.022774 -0.471158 -0.141805
v 0.011652 -0.458926 -0.136772
v 0.032897 -0.481792 -0.146275
v 0.040142 -0.465674 -0.172427
v 0.041616 -0.490033 -0.150947
v 0.049875 -0.474231 -0.176529
v 0.062919 -0.457039 -0.201209
v -0.357779 -0.101523 0.283246
v -0.347876 -0.117275 0.284536
v -0.332293 -0.051547 0.311210
v -0.371160 -0.089707 0.279356
v -0.382222 -0.162635 0.273307
v -0.410622 -0.146508 0.260376
v -0.391275 -0.091826 0.268010
v -0.383050 -0.025063 0.292813
v 0.298577 -0.320024 -0.278978
v 0.269954 -0.350234 -0.286015
v 0.325092 -0.291146 -0.265396
v 0.315790 -0.279831 -0.268560
v 0.287819 -0.309612 -0.281746
v 0.257861 -0.340775 -0.288583
v 0.226936 -0.370693 -0.289056
v 0.255802 -0.388117 -0.287200
v 0.240255 -0.379067 -0.287860
v 0.284051 -0.360658 -0.284734
v 0.092438 -0.493518 -0.203922
v 0.110090 -0.478761 -0.225099
v 0.111627 -0.502872 -0.215202
v -0.193877 0.773788 0.333108
v -0.172410 0.767151 0.310076
v -0.219175 0.778096 0.358273
v -0.189018 0.773577 0.287019
v -0.205978 0.777169 0.264232
v -0.632594 0.328455 0.351453
v -0.640211 0.360845 0.333508
v -0.644705 0.301309 0.312984
v -0.622079 0.390073 0.366082
v -0.632326 0.271977 0.325079
v -0.653997 0.276082 0.272106
v -0.639308 0.247796 0.281991
v -0.654474 0.333723 0.297921
v -0.643539 0.394609 0.312815
v 0.154471 -0.125889 0.251242
v 0.137000 -0.112750 0.261171
v 0.119390 -0.099898 0.270154
v 0.064512 0.541204 -0.027378
v 0.077386 0.549539 -0.048461
v 0.052067 0.494761 -0.091010
v 0.058030 0.431452 -0.168031
v 0.040347 0.434631 -0.147619
v 0.067167 0.495870 -0.113514
v 0.098685 0.566444 -0.068971
v 0.092893 0.505249 -0.135975
v 0.128839 0.528496 -0.151527
v 0.088810 0.435238 -0.189135
v 0.128589 0.591160 -0.085138
v -0.510514 -0.147080 0.113762
v -0.511050 -0.184478 0.099863
v -0.507133 -0.143623 0.138391
v -0.502120 -0.149564 0.156891
v -0.493233 -0.113919 0.172049
v -0.511140 -0.186286 0.140724
v -0.511856 -0.182011 0.122426
v -0.509213 -0.159672 0.082103
v -0.506102 -0.193281 0.072801
v -0.510515 -0.125467 0.089243
v 0.607629 0.932759 -0.220034
v 0.606707 0.868556 -0.279166
v 0.565108 0.897926 -0.183815
v 0.651619 0.904658 -0.311408
v 0.664292 0.829045 -0.366876
v 0.582176 0.766120 -0.303540
v 0.565985 0.835848 -0.244967
v 0.621690 0.795198 -0.336124
v 0.528386 0.808391 -0.211898
v 0.525314 0.865016 -0.148650
v -0.049892 0.424832 0.539379
v -0.044119 0.394952 0.518618
v -0.030059 0.442532 0.513390
v -0.016826 0.458289 0.477903
v -0.021645 0.486727 0.496957
v -0.037159 0.470895 0.530571
v -0.046633 0.498665 0.542787
v -0.009507 0.470420 0.435708
v -0.014010 0.428635 0.455121
v -0.025963 0.412840 0.491244
v -0.006909 0.440884 0.413726
v 1.067520 0.767261 -0.148587
v 1.029294 0.689305 -0.102570
v 1.052106 0.734622 -0.215339
v 0.969439 0.612002 -0.061566
v 0.954402 0.596265 -0.141423
v 1.052835 0.800804 -0.259819
v 1.021308 0.705432 -0.281294
v 1.025374 0.762867 -0.312367
v 1.013218 0.664313 -0.177599
v -0.314654 0.580290 0.008075
v -0.295273 0.579205 0.009165
v -0.317790 0.559796 -0.008759
v -0.327295 0.602236 0.025883
v -0.310535 0.599541 0.023499
v -0.332367 0.581339 0.009176
v -0.336935 0.560099 -0.008941
v -0.297329 0.535601 -0.023569
v -0.320547 0.536820 -0.027877
v -0.296539 0.559070 -0.006169
v -0.270917 0.534280 -0.016651
v -0.272292 0.558065 -0.001245
v -0.220071 0.255223 0.551691
v -0.197920 0.319211 0.574528
v -0.235353 0.289009 0.565378
v -0.184346 0.285187 0.559860
v -0.257049 0.223494 0.537783
v -0.253955 0.323011 0.575670
v -0.163281 0.346168 0.576327
v -0.050796 -0.383258 -0.128329
v -0.065999 -0.367873 -0.118049
v -0.049645 -0.367311 -0.153413
v -0.065539 -0.334520 -0.162882
v -0.047266 -0.347301 -0.174417
v -0.066285 -0.353029 -0.142496
v -0.029280 -0.358714 -0.184816
v -0.084244 -0.337688 -0.130598
v -0.082686 -0.350848 -0.106643
v -0.064286 -0.378217 -0.090557
v -0.079761 -0.360298 -0.080309
v 0.382500 0.353824 -0.286990
v 0.430485 0.397505 -0.288516
v 0.445285 0.509378 -0.289054
v 0.397601 0.471519 -0.285890
v 0.372963 0.243088 -0.263429
v 0.049658 -0.495221 -0.155892
v 0.059131 -0.480091 -0.180860
v 0.073186 -0.464203 -0.205134
v 0.091486 -0.447030 -0.228992
v 0.393635 -0.281535 -0.229392
v 0.380164 -0.261570 -0.225824
v 0.359527 -0.280855 -0.246822
v -0.346615 -0.299460 0.252701
v -0.327354 -0.293764 0.242383
v -0.334151 -0.276112 0.257024
v -0.338582 -0.316914 0.232165
v -0.373522 -0.329604 0.254075
v -0.356270 -0.323622 0.243638
v -0.365513 -0.304781 0.262558
v -0.347879 -0.338963 0.216617
v -0.364549 -0.346667 0.228107
v -0.354852 -0.281822 0.265482
v -0.397425 -0.293001 0.286629
v -0.375954 -0.287247 0.275007
v -0.135749 0.747280 0.268777
v -0.153413 0.758714 0.288974
v -0.140349 0.479566 -0.004039
v -0.150416 0.503743 0.011995
v -0.114765 0.482882 0.005766
v -0.128770 0.455687 -0.024781
v -0.102121 0.461922 -0.013731
v -0.169267 0.478481 -0.016200
v -0.079207 0.470879 -0.004154
v -0.125819 0.504886 0.020836
v -0.092768 0.488272 0.014729
v -0.135185 0.529235 0.032408
v -0.104407 0.507841 0.029431
v -0.158559 0.529251 0.023516
v -0.391873 0.733681 0.252402
v -0.419251 0.720617 0.266533
v -0.375012 0.748104 0.279389
v -0.403568 0.734242 0.293576
v -0.382768 0.726816 0.213831
v -0.408752 0.718209 0.229437
v -0.365183 0.742922 0.236881
v -0.347438 0.757820 0.263262
v -0.275158 0.626024 0.045198
v -0.287137 0.612578 0.034638
v -0.292539 0.635049 0.051930
v -0.279772 0.650331 0.064757
v -0.320318 0.622276 0.042417
v -0.310834 0.641174 0.058152
v -0.303955 0.618129 0.038228
v -0.272502 0.594256 0.023197
v -0.292611 0.596366 0.022218
v -0.272705 0.607523 0.032092
v -0.272860 0.578134 0.012297
v -0.437050 0.663484 0.138043
v -0.411994 0.663665 0.118897
v -0.446007 0.645184 0.117245
v -0.462934 0.659530 0.158320
v -0.426441 0.679636 0.157206
v -0.420261 0.644017 0.097698
v -0.453725 0.624344 0.094718
v -0.472740 0.642882 0.138365
v -0.480940 0.623037 0.116141
v -0.388577 0.660605 0.101863
v -0.518892 0.065489 0.207798
v -0.522580 0.033265 0.163487
v -0.527437 0.000463 0.118618
v -0.513967 -0.033905 0.124102
v -0.359029 0.059737 -0.357403
v -0.352953 0.026604 -0.343897
v -0.428483 0.480011 0.545834
v -0.447358 0.505667 0.532581
v -0.466141 0.445222 0.528178
v -0.446482 0.416309 0.537539
v -0.520455 0.434859 0.493179
v -0.503533 0.407097 0.506487
v -0.484027 0.471852 0.514841
v -0.464405 0.528991 0.516451
v -0.009119 -0.420019 -0.152763
v 0.004293 -0.431507 -0.158731
v -0.012572 -0.433722 -0.124545
v -0.001736 -0.457200 -0.101425
v -0.013322 -0.443059 -0.094273
v -0.000389 -0.446331 -0.131063
v 0.017115 -0.443384 -0.164050
v -0.002761 -0.401710 -0.178345
v 0.012017 -0.412926 -0.184534
v 0.026323 -0.424562 -0.189716
v -0.643621 0.498687 0.172355
v -0.645202 0.495786 0.131526
v -0.658304 0.474923 0.182700
v -0.662491 0.472201 0.095279
v -0.627323 0.517982 0.163877
v -0.624988 0.512252 0.124708
v -0.720128 -0.232787 0.349694
v -0.702608 -0.217606 0.359191
v -0.681045 -0.241663 0.328959
v -0.701422 -0.258697 0.320678
v -0.738948 -0.252301 0.344224
v -0.622566 -0.239326 0.323937
v -0.644341 -0.247500 0.312108
v -0.661205 -0.230097 0.339732
v 0.298276 -0.450536 0.189188
v 0.266853 -0.472876 0.188605
v 0.235398 -0.493363 0.180155
v 0.223578 -0.475644 0.185845
v 0.254211 -0.456068 0.193359
v -0.636323 0.316329 -0.144038
v -0.666986 0.332235 -0.104994
v -0.621511 0.348880 -0.136173
v -0.633789 0.388994 -0.092235
v -0.605788 0.378151 -0.124269
v -0.651283 0.362296 -0.100505
v -0.673036 0.379027 -0.064138
v -0.648816 0.281643 -0.146709
v -0.612382 0.265554 -0.188423
v -0.587254 0.337808 -0.172152
v -0.600967 0.303084 -0.182959
v -0.054043 -0.384771 -0.030337
v -0.042730 -0.401548 -0.037895
v -0.045119 -0.382443 0.000236
v -0.047887 -0.400380 -0.069643
v -0.036320 -0.415477 -0.078295
v -0.025588 -0.415600 -0.012993
v -0.034961 -0.399065 -0.005950
v -0.032370 -0.417446 -0.045946
v -0.016073 -0.411042 0.019781
v -0.024921 -0.394275 0.025349
v -0.033935 -0.377610 0.029888
v -0.241175 0.751499 0.179365
v -0.220808 0.737635 0.163075
v -0.258938 0.737486 0.158106
v -0.278643 0.745390 0.173275
v -0.223152 0.762107 0.201217
v -0.203630 0.746653 0.184098
v -0.255155 0.709980 0.123511
v -0.275994 0.720772 0.137877
v -0.238043 0.725405 0.142759
v -0.028266 -0.259222 -0.225128
v -0.059748 -0.253694 -0.208925
v -0.021677 -0.240114 -0.232103
v -0.017565 -0.222176 -0.237186
v 0.032490 -0.223511 -0.256561
v 0.020954 -0.242873 -0.249538
v -0.087656 -0.247135 -0.194980
v -0.058787 -0.236022 -0.214807
v -0.058805 -0.218704 -0.219340
v -0.061433 -0.272468 -0.201578
v 0.427800 -0.260126 -0.177412
v 0.411489 -0.268204 -0.205265
v -0.650213 -0.444916 0.442309
v -0.648045 -0.447967 0.380021
v -0.624315 -0.448309 0.404987
v -0.672930 -0.443592 0.418187
v -0.630988 -0.438748 0.468524
v -0.604219 -0.441695 0.431064
v -0.674054 -0.439053 0.358699
v -0.698879 -0.435070 0.398130
v -0.183834 0.460454 0.593676
v -0.280843 0.450222 0.592469
v -0.219050 0.442101 0.596452
v -0.234947 0.386524 0.591611
v -0.197688 0.411290 0.593938
v -0.257275 0.418892 0.593763
v -0.163283 0.431055 0.591749
v -0.130780 0.448149 0.586959
v 0.249822 0.039203 0.291633
v 0.224932 0.065958 0.306438
v 0.219574 0.034073 0.299545
v 0.191392 0.034432 0.305893
v 0.214266 0.010193 0.291980
v 0.266814 -0.009705 0.251480
v 0.243500 0.010273 0.280480
v 0.236739 -0.010909 0.271901
v 0.274189 0.016501 0.265240
v 0.165351 0.035241 0.310567
v 0.186890 0.011610 0.299302
v 0.195367 0.061109 0.310749
v -0.392994 0.418214 -0.180046
v -0.418372 0.425846 -0.166772
v -0.385350 0.442482 -0.141632
v -0.401159 0.470997 -0.097708
v -0.409489 0.448639 -0.130679
v -0.365620 0.410724 -0.186326
v -0.427782 0.401492 -0.204273
v 0.053070 -0.505060 0.024971
v 0.060132 -0.479607 0.067687
v -0.489647 -0.409756 0.152796
v -0.468048 -0.402261 0.141543
v -0.472007 -0.419302 0.181875
v -0.494667 -0.425982 0.194278
v -0.476648 -0.423559 0.225582
v -0.447966 -0.393415 0.131967
v -0.450862 -0.411023 0.171399
v -0.455130 -0.415163 0.213956
v -0.484698 -0.380276 0.117686
v -0.505664 -0.387215 0.129974
v -0.390774 0.510031 0.559762
v -0.335816 0.583508 0.566875
v -0.373994 0.560313 0.557343
v -0.313919 0.557394 0.578381
v 0.044355 0.414743 0.255450
v 0.029454 0.403507 0.275526
v 0.043400 0.380646 0.271136
v 0.060365 0.398000 0.254902
v 0.078414 0.382945 0.257175
v 0.027877 0.369309 0.292616
v 0.030064 0.433323 0.258881
v 0.008271 0.423842 0.314265
v 0.016929 0.396209 0.301577
v 0.017723 0.427508 0.283356
v 0.035239 0.064785 -0.284646
v 0.038250 0.107544 -0.283997
v 0.032659 0.027346 -0.283201
v -0.022306 0.030881 -0.272828
v 0.095406 0.053876 -0.291328
v 0.100354 0.096811 -0.291069
v 0.110002 0.149588 -0.288873
v 0.041306 0.157521 -0.279489
v -0.401893 0.681313 0.138913
v -0.378841 0.679439 0.122230
v -0.194308 -0.211588 -0.166598
v -0.221113 -0.209804 -0.159111
v -0.203704 -0.194479 -0.177698
v -0.168712 -0.214956 -0.173827
v -0.177307 -0.198714 -0.182785
v -0.242011 -0.174280 -0.183856
v -0.213718 -0.176968 -0.188096
v -0.230965 -0.192037 -0.171562
v -0.186349 -0.181324 -0.191847
v -0.259247 -0.191521 -0.164918
v -0.248695 -0.209640 -0.150675
v -0.375615 0.018640 0.323641
v -0.404055 0.023831 0.303903
v -0.406815 -0.047013 0.267180
v -0.421448 0.003566 0.275365
v -0.354638 0.029729 0.345718
v -0.390115 0.048039 0.336496
v -0.420623 0.083547 0.355392
v -0.434119 0.066486 0.318002
v -0.350386 -0.023847 0.314515
v 0.167240 0.625706 -0.092163
v 0.168510 0.668938 -0.018606
v 0.211972 0.661744 -0.093064
v 0.209441 0.700086 -0.019583
v 0.260600 0.695747 -0.090172
v 0.257206 0.740484 0.057755
v 0.254810 0.729479 -0.016452
v 0.214500 0.715901 0.055016
v 0.134435 0.636981 -0.011243
v 0.177444 0.688505 0.056037
v -0.098572 -0.196972 -0.208918
v -0.059879 -0.200688 -0.223255
v -0.093110 -0.213837 -0.205360
v -0.123625 -0.208959 -0.195007
v -0.117712 -0.224862 -0.189388
v -0.090207 -0.230578 -0.200367
v -0.113131 -0.240627 -0.183325
v -0.016261 -0.204513 -0.240638
v -0.301802 -0.176435 -0.174192
v -0.271453 -0.174062 -0.179291
v -0.288626 -0.193161 -0.158433
v -0.277052 -0.211190 -0.142653
v -0.252924 -0.156971 -0.197195
v -0.071597 0.554409 0.550644
v -0.058217 0.526203 0.549071
v -0.102612 0.537274 0.568572
v -0.136638 0.520620 0.580241
v -0.156870 0.549677 0.576250
v 0.046750 0.362259 -0.209340
v 0.082735 0.360246 -0.228862
v 0.139277 0.358698 -0.251911
v 0.133455 0.449225 -0.208912
v -0.438616 -0.021074 -0.283433
v -0.402532 -0.024000 -0.296495
v -0.432223 -0.044379 -0.267829
v -0.396095 -0.046411 -0.279554
v -0.425444 -0.066379 -0.251657
v -0.361627 -0.046387 -0.283735
v -0.368724 -0.024741 -0.302120
v -0.444846 0.004367 -0.298331
v -0.409318 0.000673 -0.313549
v -0.604402 -0.217883 0.384308
v -0.595268 -0.218565 0.392962
v -0.573905 -0.236496 0.363262
v -0.569647 -0.237609 0.369866
v -0.565789 -0.239096 0.375301
v -0.541268 -0.247711 0.344311
v -0.586812 -0.221419 0.400375
v -0.538341 0.368523 0.480679
v -0.520814 0.339047 0.490239
v -0.567929 0.332206 0.450248
v -0.434236 -0.159319 0.250509
v -0.422968 -0.151914 0.254959
v -0.425304 -0.113584 0.245364
v -0.446642 -0.194754 0.266707
v -0.409593 -0.101195 0.255910
v -0.453457 -0.198637 0.265386
v -0.056014 0.680916 0.360648
v -0.050151 0.666876 0.334439
v -0.070148 0.700043 0.347519
v -0.062717 0.684897 0.322509
v -0.065998 0.694421 0.388465
v -0.043336 0.661359 0.369770
v -0.039125 0.647500 0.340380
v -0.477133 -0.014518 -0.261937
v -0.470180 -0.039014 -0.247953
v -0.483640 0.011684 -0.275025
v 0.995054 0.803799 -0.356142
v 1.026182 0.851997 -0.307595
v 0.981930 0.890306 -0.347052
v 1.043959 0.897930 -0.248693
v 0.953071 0.753648 -0.390373
v 0.990099 0.734173 -0.352949
v 1.068553 0.840467 -0.200112
v 0.272495 -0.329219 0.185791
v 0.251408 -0.354800 0.193179
v 0.289628 -0.346655 0.183792
v 0.309135 -0.320457 0.172765
v 0.271692 -0.284164 0.179223
v 0.252398 -0.309484 0.187782
v 0.292002 -0.303176 0.175942
v 0.281140 -0.385692 0.190520
v 0.303442 -0.360368 0.182897
v 0.268123 -0.372311 0.191540
v -0.198740 -0.111019 0.313620
v -0.190576 -0.140653 0.288580
v -0.211976 -0.081559 0.334664
v -0.232497 -0.092988 0.325689
v 0.025618 0.522966 0.122357
v 0.041547 0.525431 0.116125
v 0.020704 0.526104 0.092775
v 0.035960 0.529112 0.082899
v 0.012681 0.523615 0.063925
v 0.047024 0.533147 0.071234
v 0.053801 0.530329 0.108845
v 0.011244 0.519786 0.155496
v 0.027530 0.515610 0.150804
v 0.008422 0.524297 0.129129
v 0.043652 0.515809 0.147073
v 0.003200 0.525910 0.102505
v -0.004457 0.523604 0.076894
v 0.462406 -0.270043 -0.074978
v 0.467175 -0.280006 -0.039662
v 0.468869 -0.290130 -0.004747
v -0.515070 0.646755 0.265518
v -0.497526 0.662777 0.253270
v -0.526873 0.634414 0.251989
v -0.540040 0.619939 0.264111
v -0.538126 0.623203 0.239826
v -0.551181 0.608662 0.251300
v -0.510005 0.650406 0.239444
v -0.521530 0.638443 0.226748
v -0.475750 0.678453 0.240271
v -0.425793 -0.239516 0.291935
v -0.464223 -0.256723 0.313430
v -0.431061 -0.249121 0.297163
v -0.379428 -0.202860 0.278888
v -0.422135 -0.229296 0.288377
v -0.384235 -0.217083 0.280569
v -0.391885 -0.230599 0.282811
v -0.352933 -0.208975 0.277249
v -0.344410 -0.190823 0.278822
v -0.468302 -0.163570 -0.073418
v -0.488432 -0.144809 -0.040064
v -0.480180 -0.142180 -0.081068
v -0.498303 -0.121142 -0.046898
v -0.504404 -0.121093 -0.002445
v -0.521868 -0.069512 -0.015316
v -0.508753 -0.096814 -0.053671
v -0.512752 -0.095345 -0.008999
v -0.520354 -0.071799 -0.060106
v -0.515170 -0.093541 0.038347
v -0.531895 -0.038647 0.025486
v -0.523077 -0.065485 0.031857
v 0.282494 -0.113641 -0.254037
v 0.224014 -0.120901 -0.281953
v 0.158755 -0.100653 -0.289502
v 0.222370 -0.098275 -0.279753
v 0.159387 -0.125344 -0.289349
v 0.284874 -0.132158 -0.258011
v 0.225375 -0.142063 -0.282974
v 0.160308 -0.148803 -0.288459
v 0.095924 -0.149465 -0.281605
v 0.096518 -0.171543 -0.279792
v 0.036056 -0.168934 -0.264517
v 0.036654 -0.189068 -0.262295
v 0.390498 -0.231555 -0.199317
v 0.370729 -0.245721 -0.225206
v 0.334943 -0.244560 -0.252983
v 0.359549 -0.224133 -0.228920
v 0.341277 -0.254063 -0.249805
v 0.364367 -0.233517 -0.226718
v 0.381340 -0.209870 -0.200320
v 0.349011 -0.265736 -0.247367
v 0.399052 -0.247514 -0.201230
v 0.416283 -0.239567 -0.172481
v 0.371841 0.151547 -0.217616
v 0.329838 0.202914 -0.262940
v 0.283751 0.264984 -0.284404
v 0.332792 0.309603 -0.285531
v -0.242656 -0.289474 0.042603
v -0.231199 -0.284822 0.011374
v -0.239673 -0.284312 -0.005953
v -0.216216 -0.281813 -0.021091
v -0.262237 -0.290119 0.008276
v -0.253507 -0.290906 0.026475
v 0.009532 0.422239 -0.122998
v 0.006500 0.446636 -0.088710
v 0.022026 0.456754 -0.094895
v 0.031698 0.504094 -0.027121
v 0.033590 0.491811 -0.055946
v 0.019688 0.476518 -0.061670
v 0.021096 0.428648 -0.131041
v 0.032741 0.472908 -0.088536
v -0.001293 0.464154 -0.056792
v -0.413718 0.694421 0.175287
v -0.389514 0.697668 0.158080
v 0.228982 0.706838 0.125817
v 0.195462 0.683681 0.125999
v 0.147360 0.657483 0.062637
v 0.268676 0.727218 0.127601
v 0.253051 0.673941 0.189464
v 0.168408 0.654248 0.130667
v 0.223367 0.656027 0.188949
v 0.200205 0.632164 0.190875
v 0.749219 0.805346 -0.425929
v 0.801794 0.759736 -0.436651
v 0.700180 0.764927 -0.404643
v 0.851443 0.808739 -0.433780
v 0.905113 0.779063 -0.419394
v 0.858536 0.724527 -0.424610
v 0.748983 0.713250 -0.418933
v 0.798212 0.843495 -0.429263
v 0.947361 0.834273 -0.391834
v 0.893328 0.860975 -0.412242
v -0.536340 -0.420698 0.382909
v -0.524125 -0.413701 0.369441
v -0.528019 -0.399963 0.403953
v -0.539623 -0.406672 0.422498
v -0.514998 -0.368909 0.403309
v -0.524153 -0.378613 0.419599
v -0.517300 -0.391303 0.389403
v -0.511364 -0.404008 0.357856
v -0.522555 -0.425685 0.333600
v -0.536935 -0.431909 0.344729
v -0.031148 0.522130 0.068411
v -0.086017 0.512798 0.038995
v 0.094551 -0.125531 -0.283091
v 0.033843 -0.121973 -0.269178
v 0.093789 -0.099264 -0.284478
v 0.030406 -0.067199 -0.274329
v 0.092892 -0.071867 -0.285609
v 0.031230 -0.095696 -0.271437
v 0.158044 -0.075076 -0.288815
v -0.184827 0.530425 0.014190
v -0.177623 0.504486 0.001115
v -0.207025 0.506358 -0.011141
v -0.213152 0.532488 0.003705
v -0.190758 0.556386 0.024031
v -0.021327 0.528013 0.089513
v -0.036468 0.538765 0.102244
v -0.013780 0.530726 0.112808
v -0.008374 0.530639 0.137344
v -0.023150 0.542752 0.147503
v -0.029138 0.541720 0.124313
v -0.035169 0.561019 0.159372
v -0.041934 0.559708 0.137351
v 0.403484 -0.196615 0.007849
v 0.408259 -0.187209 -0.032574
v 0.391044 -0.182434 0.017427
v 0.416941 -0.198639 -0.039450
v 0.407539 -0.180925 -0.076119
v 0.414523 -0.190782 -0.081703
v 0.397784 -0.174710 -0.023797
v 0.399413 -0.169927 -0.069115
v 0.387057 -0.160856 -0.013074
v 0.377804 -0.167141 0.029488
v -0.086154 -0.264448 -0.187931
v -0.109560 -0.256549 -0.175949
v 0.204241 -0.512906 0.164278
v 0.193451 -0.494454 0.170816
v 0.174399 -0.530064 0.139080
v -0.517451 -0.332888 0.414293
v -0.508905 -0.321543 0.393352
v -0.518935 -0.319847 0.413971
v -0.524109 -0.328536 0.438963
v -0.515678 -0.349303 0.411385
v -0.506435 -0.337504 0.393452
v -0.510496 -0.309490 0.390179
v -0.519780 -0.309112 0.412232
v -0.497004 -0.297970 0.365990
v -0.496225 -0.309211 0.371817
v -0.496517 -0.289461 0.359113
v -0.511488 -0.299931 0.385411
v -0.152160 0.753438 0.247641
v -0.170253 0.765961 0.267040
v -0.119555 0.729280 0.248565
v -0.135169 0.732875 0.228239
v -0.090850 0.698804 0.247417
v -0.131707 0.210673 -0.239451
v -0.091546 0.221170 -0.232969
v -0.136664 0.178169 -0.251768
v -0.096211 0.187431 -0.246479
v -0.141763 0.146044 -0.260564
v -0.059905 0.201767 -0.246998
v -0.057549 0.237205 -0.231494
v -0.127253 0.243363 -0.223670
v -0.087255 0.254900 -0.215160
v -0.181478 0.173139 -0.264271
v 0.200575 -0.029972 0.277396
v 0.219224 -0.046361 0.260996
v 0.228737 -0.028258 0.266078
v 0.181133 -0.011266 0.291347
v 0.208182 -0.009741 0.284735
v 0.155178 -0.018980 0.293574
v 0.173858 -0.036759 0.282200
v 0.191703 -0.053263 0.269418
v -0.203179 -0.144323 -0.211445
v -0.232617 -0.141031 -0.211639
v -0.210393 -0.125066 -0.223304
v -0.262920 -0.140558 -0.212084
v -0.294086 -0.142272 -0.211138
v -0.283540 -0.157819 -0.194826
v -0.297980 0.390108 0.584140
v -0.316672 0.322878 0.567133
v -0.275142 0.356866 0.581907
v -0.339598 0.356660 0.568756
v -0.358027 0.285895 0.548079
v -0.381406 0.319135 0.550321
v -0.362618 0.389951 0.566796
v -0.064336 0.453865 -0.028109
v -0.050452 0.435667 -0.055837
v -0.075028 0.418953 -0.066842
v -0.088247 0.441012 -0.038381
v -0.116440 0.431514 -0.050136
v 0.108735 0.607929 0.003537
v 0.124564 0.624939 0.076280
v 0.090786 0.584320 0.022822
v 0.146684 0.617507 0.141133
v 0.134760 0.575451 0.166163
v 0.108818 0.594771 0.094899
v -0.216168 0.362204 -0.167628
v -0.172346 0.363476 -0.144307
v -0.214952 0.331457 -0.197779
v -0.177993 0.393356 -0.113279
v -0.139203 0.397778 -0.094237
v -0.261172 0.333914 -0.223062
v -0.263444 0.302783 -0.250561
v -0.167977 0.301573 -0.199747
v -0.215520 0.300260 -0.224149
v -0.169015 0.332825 -0.173512
v -0.125919 0.338874 -0.153902
v -0.131202 0.368944 -0.124598
v 0.288647 -0.026073 0.212521
v 0.258263 -0.028545 0.245245
v 0.297403 -0.001919 0.224170
v 0.318870 -0.016766 0.168358
v 0.327510 0.012836 0.195364
v 0.307587 -0.040221 0.166308
v 0.278109 -0.043283 0.213121
v -0.345288 -0.296451 -0.008828
v -0.321186 -0.292045 -0.016055
v -0.336038 -0.308044 0.016442
v -0.380088 -0.283296 -0.023189
v -0.353801 -0.283161 -0.032284
v -0.369571 -0.299250 -0.001051
v -0.327999 -0.281039 -0.039805
v -0.291456 -0.293723 -0.001057
v -0.313724 -0.301044 0.008346
v -0.297544 -0.286704 -0.024367
v -0.390308 -0.266992 -0.041744
v -0.362266 -0.268805 -0.053205
v -0.143623 -0.219571 -0.181088
v -0.150963 -0.203633 -0.188102
v -0.159182 -0.186643 -0.195226
v -0.022089 0.320996 0.415687
v -0.023451 0.351411 0.439840
v -0.037831 0.302047 0.443481
v -0.011252 0.367548 0.406016
v -0.040900 0.364081 0.494233
v -0.039050 0.332898 0.468627
v -0.023830 0.382355 0.466268
v -0.012460 0.398197 0.430474
v 0.356726 -0.011501 0.026868
v 0.353428 -0.011259 -0.081279
v 0.367990 0.009846 0.009638
v 0.353890 -0.028312 -0.012683
v 0.346777 -0.045295 0.026287
v 0.345219 -0.000933 0.121358
v 0.364162 0.015531 0.091896
v 0.380725 0.027911 0.005814
v 0.382911 0.037210 0.085994
v 0.365232 0.021663 -0.079199
v 0.358445 0.005613 -0.080941
v 0.328085 0.003421 -0.163099
v 0.325691 -0.012965 -0.166615
v 0.895509 0.542398 0.047315
v 0.898821 0.532970 -0.028619
v 0.967897 0.630633 0.011055
v 1.029926 0.714336 -0.033710
v 1.015814 0.737452 0.023717
v 0.819842 0.455705 0.071277
v 0.886003 0.527206 -0.111723
v 0.061748 0.536370 0.099953
v 0.066033 0.542827 0.087758
v 0.073483 0.532986 0.133124
v 0.066774 0.525159 0.139351
v 0.027043 0.525312 0.049731
v 0.043099 0.525285 0.013225
v 0.037302 0.526454 0.033237
v 0.053516 0.536664 0.056810
v 0.358517 0.753878 -0.083136
v 0.371759 0.708739 -0.153684
v 0.310199 0.726394 -0.085519
v 0.390626 0.650549 -0.215766
v 0.323699 0.678587 -0.155383
v 0.290692 0.578600 -0.216298
v 0.272774 0.643536 -0.158299
v 0.342658 0.617281 -0.215479
v 0.415308 0.582388 -0.262326
v -0.624186 0.223254 0.289280
v -0.626088 0.201659 0.242400
v -0.591709 0.143528 0.199664
v -0.594334 0.164483 0.248902
v -0.608266 0.160320 0.197817
v -0.643333 0.224890 0.236859
v -0.594179 0.183146 0.298041
v -0.609958 0.181762 0.246311
v 0.216646 -0.462081 0.188277
v 0.215799 -0.460208 0.188444
v 0.239590 -0.437633 0.193746
v 0.212984 -0.456277 0.188092
v 0.218237 -0.465747 0.187514
v 0.247713 -0.446456 0.193729
v 0.188317 -0.479987 0.174902
v 0.188157 -0.477748 0.175564
v 0.104554 -0.460168 0.133668
v 0.129278 -0.447446 0.158275
v 0.089366 -0.437668 0.134273
v 0.095965 -0.402179 0.156833
v 0.112967 -0.425337 0.157907
v 0.154466 -0.433241 0.176537
v -0.488223 0.461352 -0.085809
v -0.459994 0.458545 -0.101155
v -0.500358 0.441248 -0.112360
v -0.530625 0.442125 -0.094271
v -0.454369 0.408969 -0.184013
v -0.482633 0.414993 -0.161545
v -0.444035 0.432604 -0.149839
v -0.471126 0.437778 -0.131050
v -0.512963 0.419103 -0.138997
v -0.433943 0.454162 -0.116586
v -0.009639 -0.189807 0.217264
v 0.010806 -0.200132 0.211802
v 0.004801 -0.177013 0.233579
v -0.045015 -0.193316 0.205921
v -0.022951 -0.202862 0.199301
v -0.031445 -0.181602 0.223523
v -0.002486 -0.214557 0.193899
v -0.015283 -0.229838 0.174852
v -0.016741 -0.170187 0.239973
v -0.054428 -0.175142 0.230944
v -0.477161 -0.226885 0.288762
v 0.148090 0.158852 0.313234
v 0.122501 0.189907 0.310023
v 0.121933 0.150558 0.319842
v 0.074290 0.208860 0.318374
v 0.097481 0.180008 0.319164
v 0.098091 0.219969 0.306360
v 0.149214 0.207104 0.304027
v 0.146742 0.120487 0.319372
v 0.097631 0.144855 0.328622
v -0.489645 -0.197866 0.229621
v -0.513043 -0.212420 0.219186
v -0.506104 -0.216651 0.249293
v -0.501489 -0.196002 0.201482
v -0.464833 -0.158049 0.221570
v -0.481394 -0.175424 0.212447
v -0.470863 -0.186438 0.237298
v -0.485992 -0.210654 0.256887
v -0.528640 -0.231452 0.270671
v -0.508800 -0.228504 0.278685
v -0.553854 -0.238326 0.260015
v -0.530753 -0.227081 0.239490
v -0.538542 -0.232962 0.208188
v -0.488284 0.673155 0.300084
v -0.475375 0.684916 0.316332
v -0.469427 0.688736 0.289611
v -0.449727 0.705225 0.343330
v -0.421007 0.726834 0.336502
v -0.456440 0.700364 0.314030
v -0.477830 0.681978 0.335985
v -0.499887 0.661607 0.317368
v -0.274352 0.256068 0.551372
v -0.294611 0.289286 0.561288
v -0.215067 0.353171 0.584980
v -0.179099 0.379231 0.587337
v 0.473563 0.856500 0.075815
v 0.439945 0.786324 0.149079
v 0.531116 0.908728 0.034975
v 0.505394 0.897787 -0.004633
v 0.404448 0.819339 0.049102
v 0.417238 0.811350 0.104426
v 0.454984 0.856144 0.028080
v 0.364092 0.775348 0.120534
v 0.383804 0.743030 0.171798
v 0.354137 0.788525 0.058731
v 0.445811 0.839095 -0.031182
v 0.490538 0.873047 -0.056787
v 0.336194 0.050148 0.234825
v 0.353544 0.031424 0.173610
v 0.365199 0.072934 0.225647
v 0.377419 0.052817 0.162864
v 0.400702 0.073136 0.158415
v 0.392105 0.095706 0.220730
v 0.314513 0.072930 0.275751
v 0.346387 0.097884 0.270206
v 0.375933 0.124188 0.267173
v -0.018629 0.561736 0.232177
v -0.022424 0.561066 0.205744
v -0.029541 0.604013 0.279488
v -0.017955 0.564926 0.261616
v -0.023439 0.584794 0.271320
v -0.028577 0.561225 0.181961
v -0.529248 -0.321913 0.469752
v -0.529755 -0.335381 0.465747
v -0.524202 -0.316399 0.440251
v -0.523403 -0.342657 0.436368
v -0.530364 -0.350100 0.460139
v -0.540195 -0.354906 0.487393
v -0.186396 0.752695 0.205308
v -0.205148 0.768068 0.223272
v -0.169086 0.754876 0.226483
v -0.187302 0.769551 0.245291
v -0.151038 0.733174 0.207717
v 0.279156 -0.011984 -0.229334
v 0.219472 -0.004743 -0.269419
v 0.279082 0.008898 -0.227840
v 0.220778 0.021021 -0.269027
v 0.158662 0.038873 -0.288048
v 0.156466 0.006487 -0.287900
v 0.169419 -0.235717 0.207483
v 0.168879 -0.201397 0.215861
v 0.207794 -0.230343 0.198031
v 0.225495 -0.209075 0.193028
v 0.187962 -0.215439 0.206865
v 0.187296 -0.182298 0.215642
v 0.150873 -0.187759 0.226007
v 0.169702 -0.169436 0.227738
v 0.588353 0.962488 -0.015687
v 0.688817 0.977810 0.010231
v 0.635554 0.975236 0.001079
v 0.554871 0.941362 -0.046173
v -0.125478 -0.307497 -0.104529
v -0.148471 -0.294654 -0.089539
v -0.126841 -0.294357 -0.123677
v -0.150170 -0.283689 -0.108468
v -0.174844 -0.276509 -0.092511
v -0.151402 -0.271179 -0.125403
v -0.105103 -0.307251 -0.137674
v -0.122521 -0.317241 -0.082341
v -0.144931 -0.302456 -0.068413
v -0.128018 -0.279671 -0.140051
v -0.105870 -0.290229 -0.153536
v -0.384352 -0.310247 0.273016
v -0.418846 -0.299960 0.300954
v -0.403380 -0.316360 0.284984
v -0.408060 -0.342950 0.276044
v -0.390606 -0.336074 0.264580
v 0.325049 -0.255350 0.147684
v 0.340108 -0.235333 0.130100
v 0.305257 -0.237319 0.154528
v 0.357356 -0.252080 0.123827
v 0.309149 -0.278205 0.162846
v 0.289037 -0.259749 0.167887
v 0.284173 -0.219660 0.163255
v 0.267772 -0.241379 0.174726
v 0.320677 -0.217669 0.138585
v 0.335863 -0.201018 0.119308
v 0.300192 -0.200447 0.149329
v 0.354332 -0.218470 0.109043
v -0.531622 -0.366960 0.451670
v -0.542591 -0.372006 0.476985
v -0.533998 -0.386427 0.439356
v -0.547033 -0.391495 0.463817
v -0.523341 -0.359219 0.430222
v -0.066742 0.376168 0.537638
v -0.085115 0.436222 0.570861
v -0.114429 0.418975 0.580150
v -0.074171 0.406789 0.556913
v -0.058950 0.453545 0.554805
v -0.070949 0.481521 0.564875
v -0.099671 0.464594 0.578784
v -0.225997 0.716357 0.504836
v -0.244708 0.674228 0.541664
v -0.204888 0.690931 0.523877
v -0.265932 0.699479 0.523290
v -0.305199 0.676956 0.533567
v 0.075080 -0.205906 -0.271528
v 0.034749 -0.206446 -0.259635
v -0.020554 -0.166325 -0.245230
v -0.016104 -0.185662 -0.243734
v -0.064717 -0.182861 -0.225396
v -0.404015 0.352579 0.548813
v -0.425544 0.385452 0.544284
v -0.465172 0.346561 0.522707
v -0.484969 0.377739 0.515967
v -0.407740 0.452043 0.556081
v -0.385599 0.421828 0.563036
v -0.321471 0.422758 0.581966
v -0.129759 -0.264370 -0.153398
v -0.153283 -0.257848 -0.140226
v -0.132637 -0.249424 -0.164433
v -0.161286 -0.230014 -0.164251
v -0.137151 -0.234639 -0.173449
v -0.156320 -0.244154 -0.153041
v -0.181104 -0.241106 -0.141654
v -0.177937 -0.254030 -0.126780
v -0.107272 -0.273059 -0.166142
v -0.291822 0.702658 0.118845
v -0.295867 0.727727 0.152271
v -0.297909 0.748945 0.188708
v -0.315518 0.731618 0.166975
v -0.331572 0.713115 0.146625
v -0.318130 0.749805 0.204512
v -0.336065 0.732919 0.182210
v -0.352439 0.714886 0.161575
v -0.085239 -0.282792 -0.178695
v -0.064318 -0.313786 -0.178980
v -0.084806 -0.302016 -0.166401
v -0.063065 -0.292695 -0.192005
v -0.034492 -0.279764 -0.216290
v 0.573528 0.196033 0.153239
v 0.556776 0.207935 0.214555
v 0.540005 0.165527 0.150673
v 0.504069 0.166201 0.211757
v 0.512168 0.145284 0.149888
v 0.527599 0.182088 0.212210
v 0.507091 0.212231 0.261592
v 0.582692 0.196132 0.081855
v 0.615315 0.240046 0.156745
v 0.594512 0.248449 0.217006
v 0.544484 0.161800 0.078904
v 0.394474 0.043683 0.006376
v 0.401937 0.055924 0.085637
v 0.420909 0.071944 0.086136
v -0.314763 -0.161036 -0.190722
v -0.357917 -0.148264 -0.200512
v -0.325741 -0.144777 -0.207192
v 0.697417 1.030576 -0.074998
v 0.644910 1.009225 -0.071799
v 0.677669 1.032834 -0.143719
v 0.632442 1.002478 -0.132797
v 0.601156 0.980682 -0.089797
v 0.727351 1.045162 -0.157288
v -0.166818 0.703635 0.501623
v -0.187368 0.728657 0.482438
v -0.260503 0.394177 -0.156539
v -0.219193 0.392396 -0.135085
v -0.260111 0.364417 -0.191288
v -0.301742 0.369182 -0.211059
v -0.223620 0.421973 -0.102167
v 0.000240 -0.464421 -0.069795
v 0.009795 -0.471280 -0.107812
v 0.020483 -0.484674 -0.113525
v -0.011026 -0.448275 -0.062163
v -0.357227 0.741753 0.446836
v -0.319353 0.761373 0.431658
v -0.364715 0.749284 0.419451
v -0.371852 0.752973 0.389803
v -0.327766 0.767744 0.403714
v -0.292517 0.778886 0.382277
v -0.395244 0.252332 -0.341269
v -0.358355 0.246614 -0.333693
v -0.398121 0.213394 -0.354506
v -0.354377 0.282116 -0.315600
v -0.319543 0.206752 -0.327059
v -0.361195 0.209624 -0.346063
v -0.316459 0.241930 -0.315807
v -0.270196 0.238030 -0.289476
v -0.312754 0.275751 -0.297976
v -0.474744 -0.101680 0.198872
v -0.485600 -0.131411 0.186028
v -0.466907 -0.129114 0.209769
v -0.497135 -0.178331 0.185641
v -0.498043 -0.162142 0.171603
v -0.480744 -0.152432 0.198455
v -0.454481 -0.106978 0.220505
v -0.450961 -0.142669 0.229403
v 0.056893 0.519272 0.143525
v 0.067963 0.548954 0.072959
v 0.078183 0.542165 0.124597
v 0.086338 0.521360 0.167735
v 0.315298 0.505478 -0.259193
v 0.367447 0.546368 -0.260368
v 0.346635 0.429429 -0.284211
v -0.625872 0.179769 0.194823
v -0.416833 -0.397635 0.194645
v -0.435190 -0.406546 0.203625
v -0.431363 -0.401702 0.162604
v -0.422763 -0.391576 0.233815
v -0.441446 -0.400563 0.244471
v -0.405405 -0.383062 0.224253
v 0.529933 0.306504 0.295588
v 0.499865 0.274092 0.297654
v 0.532295 0.233528 0.263239
v 0.610599 0.325987 0.259616
v 0.571521 0.358931 0.288039
v 0.565994 0.269845 0.263976
v 0.478017 0.256702 0.297073
v -0.449655 0.478841 -0.073540
v -0.517641 0.462465 -0.070526
v -0.554494 -0.357133 0.517796
v -0.557014 -0.374482 0.506109
v -0.568698 -0.357796 0.539496
v -0.574880 -0.373392 0.535771
v -0.563813 -0.393879 0.493599
v -0.538762 -0.339908 0.495877
v -0.504750 -0.357336 0.388147
v -0.539755 -0.439617 0.305768
v -0.012098 0.545164 0.251745
v -0.005299 0.526161 0.242035
v -0.010988 0.542036 0.222110
v -0.002218 0.524476 0.213537
v 0.003370 0.508501 0.233585
v -0.013422 0.541684 0.195566
v -0.107366 0.639663 0.128739
v -0.126119 0.672957 0.148537
v -0.096098 0.643518 0.148581
v -0.119698 0.634648 0.109798
v -0.139388 0.668054 0.128908
v -0.153807 0.662297 0.110506
v -0.176120 0.692534 0.128687
v -0.146580 0.703796 0.168243
v -0.161020 0.699051 0.148099
v -0.091865 0.605567 0.110212
v -0.081385 0.609980 0.129383
v -0.293529 -0.318778 0.111644
v -0.273049 -0.305620 0.093557
v -0.281943 -0.309606 0.130868
v -0.302409 -0.322869 0.150028
v -0.313185 -0.332417 0.128739
v -0.304675 -0.322755 0.090668
v -0.247114 -0.285006 0.127952
v -0.269726 -0.296548 0.148689
v -0.260431 -0.296748 0.110922
v 0.703856 0.939312 -0.337970
v 0.707525 0.864327 -0.389412
v 0.749997 0.886279 -0.400663
v -0.618815 0.515660 0.235316
v -0.637642 0.496564 0.211410
v -0.629367 0.490035 0.250857
v -0.649091 0.469260 0.225573
v -0.638271 0.460631 0.270022
v -0.619002 0.482693 0.294343
v -0.610866 0.509227 0.272801
v -0.593752 0.527733 0.293487
v -0.657173 0.437820 0.242456
v -0.660715 0.403633 0.261098
v -0.514930 0.646338 0.296062
v -0.502230 0.660162 0.281760
v -0.528111 0.632364 0.278539
v -0.384528 0.162246 0.482173
v -0.313318 0.221441 0.533223
v -0.350601 0.189186 0.510329
v -0.293454 0.191631 0.518943
v -0.374358 0.218410 0.520810
v -0.410678 0.188827 0.493761
v -0.144779 0.082534 0.435054
v -0.107308 0.076310 0.417989
v -0.079439 0.107132 0.414180
v -0.065030 0.078161 0.398621
v -0.123400 0.015748 0.396960
v -0.094107 0.045321 0.400723
v -0.118180 -0.000261 -0.258798
v -0.074348 0.000565 -0.260605
v -0.119343 -0.028845 -0.253303
v -0.115829 0.028788 -0.262814
v -0.072174 0.030853 -0.264406
v -0.155146 0.024147 -0.269002
v -0.113003 0.058483 -0.264822
v -0.156465 -0.004169 -0.265346
v -0.344311 -0.000433 -0.323050
v -0.385043 0.026673 -0.340655
v -0.376653 -0.000781 -0.321630
v 0.391077 -0.157848 -0.060856
v 0.376156 -0.147097 -0.000544
v 0.382585 -0.146166 -0.051489
v 0.365937 -0.134013 0.013495
v 0.363965 -0.152199 0.043773
v -0.401400 -0.242837 0.287062
v -0.364394 -0.225615 0.277884
v -0.445059 -0.266418 0.311113
v -0.412048 -0.253852 0.292953
v -0.437692 -0.258068 0.303805
v -0.470150 -0.271112 0.326106
v -0.466611 -0.264019 0.319310
v 0.098690 0.368747 0.262090
v -0.153146 0.053380 -0.270384
v -0.191974 0.078697 -0.281171
v -0.193516 -0.009426 -0.274932
v -0.103937 -0.322111 -0.117743
v -0.084706 -0.320836 -0.150570
v -0.101623 -0.333897 -0.094884
v -0.577476 0.166145 0.299772
v -0.571711 0.182093 0.347566
v -0.551867 0.163153 0.348011
v -0.539392 0.176953 0.393415
v -0.378612 -0.174863 0.275909
v -0.341818 -0.135057 0.284207
v -0.319772 -0.074397 0.307382
v 0.363015 -0.136758 -0.157670
v 0.372389 -0.128287 -0.093501
v 0.366514 -0.147030 -0.159030
v 0.375385 -0.134297 -0.041118
v 0.376362 -0.138957 -0.100291
v 0.369088 -0.123104 -0.029178
v 0.368992 -0.117336 -0.084174
v 0.363911 -0.111714 -0.015055
v 0.359987 -0.125746 -0.153612
v 0.338128 -0.147565 -0.214672
v 0.343610 -0.157829 -0.211562
v 0.078826 -0.194781 0.229507
v 0.060309 -0.182273 0.235987
v 0.062428 -0.210728 0.217232
v 0.044429 -0.197379 0.222408
v 0.025196 -0.186111 0.227964
v 0.029856 -0.212339 0.206587
v 0.047303 -0.226503 0.201924
v 0.096758 -0.208553 0.222887
v 0.079644 -0.225155 0.211957
v 0.188612 -0.335273 0.196289
v 0.210590 -0.313060 0.195468
v 0.168079 -0.313530 0.196650
v 0.189545 -0.292345 0.197704
v 0.145989 -0.332785 0.192067
v 0.209887 -0.269812 0.195525
v -0.392055 0.058841 -0.355196
v -0.416437 0.028554 -0.329788
v -0.345650 0.694590 0.126998
v -0.325718 0.689978 0.113450
v -0.357543 0.675936 0.107425
v -0.366800 0.697401 0.141847
v -0.311668 0.709084 0.132430
v -0.374964 0.714412 0.177355
v -0.308722 0.308274 -0.274528
v -0.304868 0.339357 -0.245177
v -0.349512 0.315618 -0.290893
v -0.599353 -0.397052 0.195814
v -0.604658 -0.364018 0.186620
v -0.575901 -0.397083 0.177817
v -0.561760 -0.421952 0.196589
v -0.606094 -0.422306 0.229071
v -0.620810 -0.396123 0.214096
v -0.585151 -0.422814 0.212674
v -0.578491 -0.325740 0.164248
v -0.581908 -0.363685 0.167104
v -0.599631 -0.327548 0.185000
v -0.559351 -0.362195 0.148148
v -0.551694 -0.395672 0.160479
v 0.447860 -0.327605 0.087235
v 0.458991 -0.313777 0.058948
v 0.427976 -0.310812 0.098869
v 0.425900 -0.285292 0.080421
v 0.413296 -0.300158 0.106705
v 0.440258 -0.296532 0.071855
v 0.411981 -0.327193 0.122890
v 0.397655 -0.317271 0.129570
v 0.465984 -0.301345 0.028302
v -0.512003 -0.291720 0.380809
v -0.495305 -0.282321 0.352731
v -0.513190 -0.283822 0.376550
v -0.494724 -0.275458 0.346606
v -0.495013 -0.268647 0.341624
v -0.515698 -0.275990 0.372720
v -0.520924 -0.299222 0.409763
v -0.522791 -0.289407 0.407524
v 0.263134 -0.203369 0.173940
v 0.246188 -0.224373 0.183025
v 0.058233 -0.129908 0.268195
v 0.038296 -0.123454 0.275758
v 0.038892 -0.148002 0.260155
v 0.016876 -0.118469 0.283958
v 0.018226 -0.142202 0.266932
v 0.020950 -0.163566 0.248357
v -0.022512 -0.152958 0.262228
v -0.000142 -0.157620 0.255081
v -0.003634 -0.137772 0.274304
v -0.039371 -0.164838 0.247211
v -0.769332 -0.305126 0.345082
v -0.772096 -0.336129 0.351143
v -0.720508 -0.281131 0.315106
v -0.734751 -0.308505 0.312357
v -0.757261 -0.276477 0.342621
v -0.506928 -0.029668 -0.217892
v -0.497738 -0.054896 -0.204513
v -0.462575 -0.062524 -0.233085
v -0.487335 -0.079757 -0.190417
v -0.514722 -0.067076 -0.155387
v -0.539887 -0.015452 -0.179826
v -0.527483 -0.041463 -0.167770
v -0.454066 -0.085700 -0.217719
v -0.274748 -0.299633 0.041213
v -0.268750 -0.286663 -0.012035
v -0.245479 -0.281187 -0.025081
v -0.283974 -0.298132 0.021111
v -0.305085 -0.307311 0.032467
v -0.295382 -0.310388 0.054943
v -0.264005 -0.298491 0.058997
v -0.284786 -0.310202 0.075053
v -0.306306 0.684044 0.100996
v -0.318913 0.664996 0.083450
v -0.337755 0.670487 0.094673
v -0.367112 0.656099 0.087468
v -0.329019 0.646279 0.065689
v -0.347459 0.651353 0.075421
v -0.286409 0.676030 0.089242
v -0.299796 0.658919 0.073766
v -0.009299 0.532582 0.274313
v -0.002708 0.512310 0.263633
v 0.005973 0.492885 0.254192
v 0.240992 -0.093149 0.221702
v 0.225614 -0.080973 0.239443
v 0.216060 -0.105845 0.233230
v 0.281340 -0.095375 0.178345
v 0.267539 -0.084579 0.200418
v 0.255632 -0.104682 0.202528
v 0.252835 -0.073081 0.221961
v 0.281760 -0.068900 0.191997
v 0.247133 -0.129267 0.199331
v 0.231424 -0.117873 0.216543
v 0.353343 0.158716 0.296553
v 0.262620 0.132291 0.309895
v 0.289726 0.100524 0.299317
v 0.294735 0.163168 0.310180
v 0.324871 0.198237 0.310805
v 0.322307 0.128280 0.297290
v 0.142436 -0.372858 0.185985
v 0.165745 -0.355224 0.193236
v 0.123759 -0.349943 0.183606
v 0.185761 -0.377964 0.194363
v 0.209219 -0.357434 0.196239
v 0.228472 -0.378117 0.195638
v 0.161653 -0.395594 0.187293
v 0.204489 -0.398910 0.194328
v -0.478120 0.082505 0.290291
v -0.486342 0.061732 0.251031
v -0.446493 0.047587 0.282783
v -0.198975 0.717868 0.146323
v -0.169641 0.655655 0.093852
v -0.192270 0.684360 0.110572
v -0.553047 0.012096 0.016262
v -0.544398 -0.018080 -0.026049
v -0.541604 -0.012876 0.020439
v -0.532318 -0.043787 -0.021029
v -0.533229 -0.046794 -0.066802
v -0.558589 0.006766 -0.030882
v -0.547709 -0.021098 -0.073759
v 0.122379 -0.557084 0.067528
v 0.246760 -0.331278 -0.291131
v 0.202621 -0.350699 -0.291173
v 0.214797 -0.361605 -0.290226
v 0.277933 -0.299993 -0.284850
v 0.183565 -0.389418 -0.283432
v 0.170957 -0.379106 -0.282751
v 0.086827 -0.567721 -0.017990
v 0.102322 -0.564580 0.025259
v 0.080051 -0.311477 -0.262544
v 0.053523 -0.301187 -0.254392
v 0.108648 -0.284732 -0.274264
v 0.103836 -0.323769 -0.269045
v 0.134268 -0.296571 -0.280355
v 0.142365 -0.259452 -0.282610
v 0.169331 -0.270736 -0.287050
v 0.044408 -0.268230 -0.254904
v 0.078585 -0.275038 -0.266414
v 0.024761 -0.292912 -0.243662
v 0.110661 -0.249832 -0.276261
v -0.436840 0.373665 -0.239677
v -0.408955 0.364383 -0.256236
v -0.445654 0.342031 -0.272073
v -0.423208 0.297492 -0.316236
v -0.416597 0.332783 -0.289250
v -0.428332 0.258975 -0.336457
v -0.459977 0.267048 -0.320047
v -0.385188 0.323805 -0.295745
v -0.265217 0.665152 0.077718
v -0.249306 0.680393 0.092383
v -0.243621 0.650566 0.066524
v -0.271273 0.693333 0.105416
v -0.232726 0.694989 0.109017
v -0.209218 0.674666 0.094147
v -0.212865 -0.226054 -0.145345
v -0.239805 -0.226864 -0.135591
v -0.267243 -0.229002 -0.126544
v -0.396118 0.095185 -0.361947
v -0.398212 0.133708 -0.363346
v -0.430905 0.135793 -0.356170
v -0.399139 0.173476 -0.361674
v -0.362570 0.133913 -0.357996
v 0.015248 0.514057 0.019442
v -0.450687 -0.387474 0.283248
v -0.470091 -0.397067 0.296627
v -0.461446 -0.409688 0.256415
v -0.482322 -0.418929 0.268964
v -0.488994 -0.407768 0.309782
v 0.486060 0.116517 0.080330
v 0.488207 0.130841 0.151437
v 0.462342 0.100517 0.083193
v 0.476844 0.113725 0.002755
v 0.450817 0.092910 0.005037
v 0.512861 0.136279 0.078300
v 0.483095 0.155549 0.212939
v 0.542641 0.169362 0.000950
v 0.507205 0.138713 0.000861
v -0.215654 0.707672 0.127022
v -0.531743 0.625782 0.213300
v -0.561425 0.597019 0.237930
v -0.548304 0.611383 0.226813
v -0.572397 0.584552 0.222967
v -0.558212 0.598170 0.211781
v -0.500627 0.652741 0.211812
v -0.541890 0.612086 0.197747
v -0.501378 -0.176580 0.047469
v -0.495360 -0.206153 0.042872
v -0.508791 -0.223028 0.087898
v -0.500096 -0.228060 0.064650
v -0.429165 -0.384258 0.123155
v -0.410959 -0.375015 0.114667
v -0.413213 -0.391781 0.154660
v -0.399708 -0.388164 0.186440
v -0.508118 -0.244415 0.319253
v -0.536391 -0.249660 0.354197
v -0.509288 -0.243986 0.317830
v -0.538850 -0.248317 0.350841
v -0.511168 0.639390 0.197163
v -0.488024 0.651126 0.178492
v -0.520933 0.624385 0.180310
v -0.506189 0.616481 0.138841
v -0.529545 0.606565 0.160505
v -0.498089 0.635683 0.159983
v -0.477163 0.665251 0.194737
v -0.279472 0.764179 0.211894
v -0.260438 0.760028 0.195470
v -0.241935 0.770764 0.218413
v -0.026982 0.581321 0.492233
v -0.086080 0.509125 0.568971
v 0.248641 -0.422831 -0.287334
v 0.223790 -0.444522 -0.283306
v 0.274127 -0.399023 -0.287983
v -0.716891 0.299998 0.105074
v -0.708177 0.326635 0.149246
v -0.722326 0.334269 0.091815
v -0.720065 0.367313 0.079080
v -0.711478 0.361600 0.135126
v -0.725607 0.340172 0.034518
v -0.694375 0.352882 0.190291
v -0.473974 -0.278247 0.333876
v -0.614771 -0.218331 0.374495
v -0.627282 -0.220093 0.363561
v -0.650881 -0.196210 0.396111
v -0.684440 -0.207571 0.371559
v -0.667552 -0.199961 0.384005
v -0.643075 -0.223147 0.351631
v -0.635302 -0.194573 0.407189
v -0.004499 0.528513 0.162136
v -0.002215 0.525873 0.187307
v 0.021396 -0.004446 0.340011
v 0.044830 -0.017753 0.326131
v 0.047506 0.028582 0.339728
v 0.095199 0.037297 0.325777
v 0.072968 0.056231 0.336847
v 0.070398 0.012658 0.327009
v 0.050505 0.075445 0.347673
v 0.119275 0.053441 0.323270
v 0.097348 0.075564 0.332217
v 0.074809 0.097737 0.340912
v 0.058204 0.538166 -0.005402
v 0.045536 0.501177 -0.065997
v 0.078619 0.567914 0.040001
v -0.051677 0.673842 0.400916
v -0.038411 0.652814 0.410085
v -0.081679 0.705150 0.417703
v -0.103967 0.710941 0.447129
v -0.248871 0.778678 0.384621
v 0.203462 0.141699 0.312290
v 0.230630 0.109304 0.310990
v 0.234059 0.166525 0.311600
v 0.199715 0.095690 0.313160
v 0.204934 0.201411 0.307700
v 0.232748 0.238321 0.307626
v 0.256677 0.079003 0.302454
v 0.264307 0.200611 0.312257
v -0.322086 0.763039 0.246077
v -0.299563 0.764919 0.228774
v -0.340408 0.747993 0.220688
v -0.074608 -0.365215 -0.052076
v -0.060468 -0.383729 -0.060961
v -0.050453 -0.394480 -0.100168
v -0.037479 -0.408614 -0.109085
v -0.036381 -0.396492 -0.137433
v 0.250273 -0.264914 0.184080
v 0.231221 -0.289214 0.191150
v 0.231618 -0.334386 0.194037
v 0.079880 -0.379517 0.154762
v 0.101651 -0.365381 0.171247
v 0.065591 -0.358709 0.152362
v 0.119093 -0.388196 0.173745
v 0.137240 -0.411294 0.175439
v -0.028136 0.295149 -0.208257
v -0.054160 0.272456 -0.211258
v -0.025829 0.330552 -0.180987
v -0.084482 0.288049 -0.193382
v -0.051720 0.306396 -0.186802
v -0.051858 0.338408 -0.159153
v -0.025969 0.362423 -0.150902
v -0.006113 0.358806 -0.172579
v 0.708790 0.848443 0.118946
v 0.759662 0.814151 0.133870
v 0.788790 0.940143 0.041824
v 0.738495 0.964995 0.026433
v 0.839240 0.909288 0.057922
v 0.887111 0.872540 0.074708
v 0.848561 1.001681 -0.056890
v 0.898580 0.975593 -0.039638
v 0.677049 0.709724 0.195535
v 0.726676 0.670557 0.202173
v -0.114544 0.530988 0.041333
v -0.180267 -0.128133 -0.221681
v -0.174025 -0.148893 -0.211485
v -0.195000 -0.163120 -0.201173
v -0.185007 -0.106789 -0.233366
v -0.223434 -0.159049 -0.199308
v 0.066568 -0.030035 0.313227
v -0.005662 -0.038405 0.337120
v 0.018513 -0.049952 0.322543
v -0.006622 -0.080338 0.316011
v 0.041224 -0.059935 0.309176
v 0.017009 -0.088487 0.302963
v -0.002910 0.010856 0.354367
v 0.024045 0.045310 0.352700
v 0.114205 -0.223464 0.216218
v 0.132429 -0.205793 0.222370
v 0.096261 -0.240686 0.206969
v -0.023635 0.594322 0.304568
v -0.029777 0.614262 0.310237
v -0.023076 0.607538 0.339794
v -0.017797 0.586436 0.332886
v -0.018565 0.573812 0.295524
v -0.032449 0.641432 0.375675
v -0.023427 0.620716 0.376861
v -0.030296 0.627867 0.342356
v -0.016553 0.599314 0.373219
v -0.518956 -0.063887 0.080821
v -0.552169 -0.242676 0.430827
v -0.544538 -0.252561 0.396626
v -0.561457 -0.233828 0.424427
v -0.543446 -0.253817 0.435405
v -0.570788 -0.228311 0.416319
v -0.582029 -0.210194 0.444769
v -0.551174 -0.246718 0.391869
v -0.570112 -0.218183 0.455943
v -0.557041 -0.242755 0.386492
v -0.355048 0.561006 -0.006278
v -0.341144 0.537153 -0.028771
v -0.360411 0.537854 -0.026331
v -0.349545 0.583501 0.012218
v 0.157487 -0.366591 -0.281090
v 0.190799 -0.283185 -0.290507
v 0.155892 -0.310004 -0.285160
v -0.705311 0.266112 0.117766
v -0.698813 0.291745 0.162720
v -0.688040 0.317203 0.205087
v -0.719706 0.273883 0.058644
v -0.726889 0.307415 0.046174
v -0.130658 -0.192115 -0.200117
v -0.166787 -0.168461 -0.202955
v -0.137284 -0.173668 -0.205953
v -0.104284 -0.178594 -0.212853
v -0.056449 -0.364340 0.005554
v -0.044008 -0.360116 0.033366
v -0.066717 -0.366183 -0.023163
v -0.436496 -0.289715 0.314613
v -0.458766 -0.299711 0.334000
v -0.456148 -0.285770 0.328010
v -0.478476 -0.297036 0.349756
v 0.343489 -0.389716 0.176438
v 0.277088 -0.426230 0.193864
v 0.314761 -0.412502 0.187029
v -0.204692 0.640349 0.066552
v -0.226426 0.663199 0.079432
v -0.186809 0.648278 0.079200
v 0.417189 -0.232412 0.031595
v 0.408559 -0.245769 0.064434
v 0.425084 -0.241820 0.027327
v 0.429500 -0.229095 -0.009494
v 0.407717 -0.220869 0.036996
v 0.397691 -0.234197 0.068898
v 0.435596 -0.238155 -0.013957
v 0.415321 -0.277215 0.085997
v 0.425427 -0.263329 0.056357
v 0.406608 -0.269617 0.089825
v 0.417441 -0.255033 0.060734
v 0.432366 -0.250467 0.022845
v -0.424742 0.702602 0.210020
v -0.450858 0.692004 0.225770
v -0.435413 0.706176 0.244158
v -0.439249 0.688150 0.192894
v -0.465041 0.678843 0.209993
v -0.399179 0.710409 0.193683
v -0.358407 0.731608 0.197917
v 0.352222 0.781396 -0.010397
v 0.303189 0.756027 -0.012038
v 0.404125 0.779595 -0.086304
v 0.304404 0.763480 0.060295
v 0.055996 0.538500 0.038503
v 0.056597 0.538527 0.016870
v 0.045088 0.520633 -0.010627
v 0.044366 0.511370 -0.038240
v 0.071312 0.556430 0.056715
v -0.200857 0.478977 -0.030462
v -0.193181 0.450977 -0.054269
v -0.149069 0.425385 -0.064504
v -0.185235 0.422450 -0.082369
v -0.159331 0.452242 -0.038267
v -0.075785 0.699335 0.305877
v -0.714696 0.345258 -0.019142
v -0.702086 0.373782 -0.024420
v -0.702218 0.321511 -0.062238
v -0.689869 0.351652 -0.065458
v -0.684187 0.398946 -0.025648
v -0.523792 0.540627 0.452584
v 0.397318 -0.260593 0.092942
v 0.383758 -0.277721 0.117004
v 0.402364 -0.292917 0.111540
v 0.393233 -0.286189 0.114582
v 0.368674 -0.297431 0.137446
v 0.385838 -0.249021 0.096567
v 0.372101 -0.266381 0.119821
v 0.227911 -0.413078 -0.284819
v 0.200446 -0.434984 -0.278650
v 0.210809 -0.405190 -0.283760
v 0.578078 0.230424 -0.077714
v 0.627101 0.279503 -0.075971
v -0.457218 -0.184260 -0.065391
v -0.479462 -0.167874 -0.033154
v -0.431968 -0.195023 -0.092147
v -0.446992 -0.204578 -0.057043
v -0.471533 -0.190236 -0.026647
v -0.420137 -0.213889 -0.081749
v -0.492205 0.275050 -0.293436
v -0.497633 0.232623 -0.305365
v -0.463869 0.225047 -0.332645
v 0.978428 0.643787 -0.251250
v 0.920120 0.584378 -0.220743
v 0.923371 0.633969 -0.318786
v 0.965569 0.686068 -0.340620
v 0.864128 0.646392 -0.376136
v 0.810876 0.600907 -0.350743
v -0.246783 0.596655 0.028635
v -0.247206 0.578903 0.018265
v -0.245783 0.557984 0.006240
v -0.217958 0.557355 0.015041
v 0.184112 0.282219 -0.280824
v 0.239126 0.335500 -0.281154
v -0.166979 0.730678 0.187165
v -0.132438 0.706443 0.188616
v -0.182772 0.725635 0.166535
v -0.113629 0.676138 0.168740
v -0.101682 0.677060 0.188927
v -0.118492 0.706705 0.208872
v -0.014320 0.553199 0.285312
v -0.013956 0.565031 0.323484
v -0.010621 0.542805 0.311521
v -0.006575 0.520133 0.298452
v -0.045979 -0.148090 0.270298
v -0.078272 -0.169678 0.239660
v -0.063053 -0.159613 0.255280
v -0.087282 -0.153783 0.265612
v -0.070387 -0.141555 0.280686
v -0.026566 -0.132909 0.283610
v 0.033678 0.451960 -0.120237
v -0.224763 -0.272806 -0.060067
v -0.199724 -0.272748 -0.075792
v -0.221483 -0.278473 -0.040004
v -0.168525 -0.291150 -0.053235
v -0.192169 -0.283681 -0.036824
v -0.172480 -0.285063 -0.073110
v -0.196959 -0.279505 -0.056202
v -0.546047 0.462640 -0.054539
v -0.570996 0.466264 -0.033595
v -0.559367 0.444496 -0.074090
v -0.563563 0.292046 -0.222515
v -0.573074 0.252379 -0.230539
v -0.579937 0.212090 -0.233578
v -0.619976 0.227426 -0.189323
v -0.534374 0.241418 -0.270815
v -0.578969 -0.224271 0.408179
v 0.225873 -0.145492 0.208640
v 0.243166 -0.157431 0.193035
v 0.224123 -0.175814 0.199903
v 0.209615 -0.133544 0.224250
v 0.206124 -0.163461 0.213515
v 0.193102 -0.121449 0.238555
v -0.408185 0.730184 0.398563
v -0.413961 0.730565 0.367837
v -0.402282 0.725192 0.426900
v -0.601647 0.532530 0.255548
v -0.607682 0.537157 0.223392
v -0.624591 0.519292 0.200295
v -0.610925 0.537835 0.191372
v -0.583198 0.569470 0.232420
v -0.596061 0.554832 0.213891
v -0.592618 0.552466 0.242556
v -0.586797 0.548358 0.274093
v -0.579659 0.566351 0.259439
v 0.306550 -0.171432 -0.251988
v 0.257261 -0.187186 -0.276705
v 0.296086 -0.160838 -0.257116
v 0.317468 -0.180404 -0.246173
v 0.275607 -0.196709 -0.271743
v 0.333635 -0.136032 -0.214504
v -0.117236 -0.323231 -0.058574
v -0.081503 -0.346362 -0.016514
v -0.090857 -0.345649 -0.043355
v -0.097342 -0.341509 -0.069616
v 0.452850 -0.272544 0.008007
v 0.452928 -0.261918 -0.027972
v -0.156510 -0.058319 -0.250938
v -0.190783 -0.061423 -0.257207
v -0.156994 -0.032188 -0.259296
v -0.119336 -0.056688 -0.246469
v -0.155298 -0.083704 -0.241017
v -0.188477 -0.084589 -0.245390
v -0.224504 -0.062018 -0.259665
v -0.192233 -0.035890 -0.267122
v -0.227999 -0.037880 -0.269865
v -0.057812 0.281449 0.464704
v -0.109553 -0.158294 -0.217739
v -0.069226 -0.162897 -0.228678
v 0.544674 0.743047 -0.272157
v 0.492395 0.782834 -0.185135
v 0.486238 0.834307 -0.118740
v 0.573589 0.676009 -0.318372
v 0.612210 0.700115 -0.346693
v -0.104434 0.704453 0.228541
v -0.089887 0.675525 0.208387
v -0.194021 0.533632 0.583517
v -0.171526 0.504887 0.587492
v -0.150008 0.476608 0.589131
v -0.117230 0.492498 0.581643
v -0.519152 0.611256 0.392148
v -0.512340 0.600314 0.421395
v -0.492881 0.635991 0.418269
v -0.541347 0.588210 0.365298
v -0.537314 0.574998 0.394651
v -0.523404 0.619551 0.363124
v -0.499157 0.643126 0.389736
v -0.484291 0.625902 0.445711
v -0.462973 0.662661 0.437738
v -0.473422 0.612827 0.470888
v -0.453429 0.652019 0.462774
v -0.503868 0.586508 0.449920
v 0.236787 -0.060546 0.242323
v 0.248098 -0.043980 0.243481
v 0.265873 -0.057325 0.218169
v 0.295513 -0.055998 0.178705
v 0.208967 -0.067948 0.255245
v -0.132698 0.710532 0.475525
v -0.152289 0.734104 0.456548
v -0.656393 0.245799 -0.144802
v -0.659062 0.209972 -0.139688
v -0.687051 0.266440 -0.100392
v -0.683445 0.198161 -0.084038
v -0.703050 0.222635 -0.036049
v -0.688174 0.232090 -0.092986
v -0.708995 0.289207 -0.055486
v -0.709511 0.255826 -0.046508
v -0.722447 0.281137 -0.000148
v -0.515926 -0.207942 0.171357
v -0.511680 -0.196058 0.156298
v -0.524338 -0.220948 0.189005
v 0.053220 0.236846 0.318842
v 0.075312 0.248618 0.303432
v 0.052175 0.198897 0.333276
v 0.074239 0.172140 0.330858
v 0.035156 0.264566 0.321422
v 0.055229 0.276390 0.302505
v 0.099233 0.265933 0.291955
v 0.077295 0.292254 0.287903
v 0.123386 0.237581 0.297863
v 0.183630 0.490463 -0.214138
v 0.203514 0.411825 -0.255600
v 0.107690 0.288799 -0.265270
v 0.065196 0.287910 -0.252493
v 0.172461 0.564389 -0.158593
v 0.237094 0.535212 -0.216010
v 0.435231 -0.272132 0.050404
v 0.448488 -0.283988 0.041451
v 0.095762 -0.518220 -0.192571
v 0.232225 -0.429923 0.194212
v 0.257252 -0.408974 0.194383
v 0.244821 -0.395765 0.194857
v 0.220349 -0.416687 0.194113
v 0.195005 -0.435395 0.188712
v -0.189952 -0.078554 0.338460
v -0.209219 -0.046908 0.359167
v -0.180209 -0.038640 0.367804
v -0.213434 -0.014128 0.380219
v -0.231469 -0.061403 0.345265
v -0.168416 -0.088442 0.332118
v -0.156265 -0.058861 0.355053
v -0.178667 -0.115829 0.309101
v 0.206327 -0.448323 0.188215
v 0.808899 0.776780 0.144204
v 0.931413 0.835873 0.082056
v 0.945759 0.942764 -0.020366
v 0.988422 0.905853 -0.002823
v 0.772202 0.631707 0.201916
v 0.853335 0.738922 0.147016
v 0.016744 0.474741 0.246683
v 0.029521 0.458370 0.241643
v -0.063363 0.613657 0.169437
v -0.052742 0.584296 0.152381
v -0.072073 0.612743 0.149286
v -0.085682 0.645391 0.168690
v -0.060535 0.582217 0.131751
v -0.049311 0.556880 0.116137
v -0.045281 0.584780 0.173399
v -0.299404 0.605895 0.571316
v -0.276277 0.576611 0.579972
v -0.358175 0.606637 0.551453
v -0.322146 0.630722 0.555113
v -0.335192 0.252889 0.542925
v -0.436277 0.216994 0.500278
v -0.618621 0.245899 0.334290
v -0.106578 0.562533 0.063550
v -0.124045 0.558640 0.052154
v -0.135015 0.590316 0.063727
v -0.143879 0.556583 0.042287
v -0.604115 -0.235794 0.335642
v -0.589906 -0.235357 0.346360
v -0.568833 -0.241468 0.319200
v -0.587936 -0.242623 0.308194
v -0.505022 -0.148764 0.048062
v -0.485438 -0.195240 0.012066
v -0.463545 -0.211830 -0.020759
v -0.478037 -0.220337 0.012672
v -0.509029 -0.121430 0.044372
v -0.491320 -0.171059 0.009077
v -0.512478 -0.095693 0.086086
v -0.259844 0.638464 0.055415
v -0.337217 0.626101 0.048060
v -0.676709 0.413708 0.211052
v -0.669603 0.446251 0.195661
v 0.081210 -0.470961 0.102879
v 0.067194 -0.448353 0.104951
v 0.072035 -0.542839 0.004065
v 0.059328 -0.542950 -0.037083
v 0.073772 -0.547215 -0.001936
v 0.061554 -0.547688 -0.043731
v 0.077782 -0.555037 -0.008954
v 0.093706 -0.550173 0.034664
v 0.113849 -0.540827 0.076950
v 0.090267 -0.541557 0.041232
v 0.089539 -0.536615 0.046228
v -0.101635 0.388596 0.567707
v -0.131374 0.368979 0.573835
v -0.595499 0.552594 0.182326
v -0.609776 0.533304 0.155561
v -0.604031 0.525212 0.115580
v -0.590969 0.545949 0.145330
v -0.471369 -0.206542 0.261587
v -0.456314 -0.176962 0.242767
v -0.172552 0.237631 -0.239888
v -0.124146 0.275934 -0.204267
v -0.176864 0.205326 -0.253753
v -0.217807 0.268514 -0.245858
v -0.169343 0.269780 -0.222030
v -0.221236 0.236268 -0.262703
v -0.123558 0.307857 -0.180850
v 0.098087 0.110982 0.333254
v 0.121028 0.085648 0.326914
v 0.121656 0.117059 0.325788
v 0.074832 0.135942 0.338788
v 0.052133 0.160800 0.344003
v 0.052016 0.119957 0.349060
v -0.348274 0.729986 0.470915
v -0.359484 0.672087 0.517749
v -0.373725 0.689192 0.497981
v -0.385172 0.704448 0.476697
v -0.374766 0.635687 0.066800
v -0.355195 0.630911 0.056079
v -0.381208 0.613636 0.046271
v -0.361697 0.609367 0.036631
v -0.387138 0.590073 0.026348
v -0.023218 -0.143902 -0.248065
v 0.034660 -0.146617 -0.266631
v 0.577577 0.946555 -0.130127
v 0.534410 0.909552 -0.091301
v -0.292549 -0.263798 0.239028
v -0.313525 -0.270065 0.248554
v -0.307595 -0.286733 0.230392
v -0.253881 -0.234205 0.237261
v -0.275393 -0.240582 0.246309
v -0.271188 -0.257109 0.227425
v -0.286767 -0.279350 0.216371
v -0.231937 -0.228455 0.225957
v -0.249023 -0.250165 0.213511
v -0.300123 -0.300614 0.203230
v -0.319990 -0.309250 0.218845
v 0.149001 0.265965 0.292577
v 0.123652 0.293403 0.284281
v 0.100019 0.316633 0.277413
v -0.398587 0.249382 0.526632
v -0.422100 0.281411 0.528534
v 0.318502 -0.100528 0.118685
v 0.328837 -0.111724 0.097590
v 0.339770 -0.123803 0.078133
v -0.122276 0.732747 0.428978
v -0.519386 -0.072105 -0.105897
v -0.533714 -0.046646 -0.115341
v -0.500895 -0.091688 -0.142939
v -0.548710 -0.020854 -0.125047
v -0.556295 -0.240298 0.290818
v -0.537069 -0.238760 0.300002
v -0.610789 -0.249059 0.296485
v -0.580301 -0.246186 0.279717
v 0.318489 0.635244 0.239501
v 0.355199 0.566134 0.276966
v 0.360133 0.658369 0.230768
v 0.285288 0.619345 0.242403
v 0.410972 0.695227 0.213247
v 0.395185 0.594299 0.265490
v 0.436428 0.526741 0.289160
v -0.422553 -0.323714 0.298888
v 0.281725 0.052412 0.283205
v -0.623789 0.453329 0.318232
v -0.642906 0.428395 0.291090
v -0.625055 0.422062 0.342809
v 0.415446 0.735211 -0.156622
v 0.455180 0.759373 -0.166661
v 0.400212 0.808230 -0.015898
v 0.446232 0.806095 -0.097782
v 0.433894 0.677907 -0.219591
v 0.472906 0.700923 -0.229556
v -0.298797 -0.187946 0.278138
v -0.329503 -0.206859 0.275661
v -0.272118 -0.170413 0.283973
v 0.257552 0.283424 0.308050
v 0.292280 0.240805 0.313551
v 0.352087 0.232707 0.311925
v 0.316850 0.281706 0.315252
v 0.378970 -0.336892 0.149310
v 0.357519 -0.358874 0.165987
v 0.067596 -0.244878 -0.264934
v -0.035490 0.272341 0.420687
v -0.055345 0.250799 0.441559
v -0.030375 0.243898 0.401544
v -0.064967 0.166394 0.419816
v -0.053098 0.137443 0.404687
v -0.050461 0.221229 0.421436
v -0.311467 -0.320036 0.187124
v -0.330269 -0.330336 0.203122
v -0.321738 -0.335355 0.167407
v -0.356817 -0.357227 0.195121
v -0.339814 -0.346972 0.182484
v -0.291231 -0.308603 0.168774
v -0.349749 -0.357722 0.157157
v -0.331928 -0.345470 0.143996
v 0.071605 -0.325122 0.166660
v 0.058828 -0.307544 0.165118
v 0.053185 -0.339971 0.149981
v 0.046347 -0.291439 0.164994
v 0.041858 -0.323194 0.148300
v 0.076206 -0.291512 0.180202
v 0.025242 -0.337935 0.129459
v 0.035322 -0.353959 0.130572
v 0.110797 0.550455 0.161982
v 0.096596 0.534024 0.164149
v 0.084462 0.553949 0.114824
v -0.187328 0.613114 0.053602
v -0.174415 0.584285 0.042700
v -0.207162 0.607641 0.044100
v -0.222581 0.631892 0.055814
v -0.240420 0.623185 0.046493
v -0.196275 0.581851 0.033535
v -0.220457 0.580148 0.025777
v -0.227577 0.602916 0.036151
v -0.153953 0.586651 0.052624
v -0.166118 0.555936 0.033124
v 0.272209 0.502421 0.283814
v 0.321251 0.435461 0.308247
v 0.285700 0.523592 0.282894
v 0.308553 0.410414 0.308159
v 0.354168 0.346391 0.317373
v 0.368628 0.365420 0.318776
v 0.334385 0.451265 0.309051
v 0.382131 0.376898 0.320417
v 0.004249 0.279561 0.352551
v 0.020813 0.292436 0.327290
v 0.038382 0.303970 0.304503
v -0.017896 0.542339 0.171127
v -0.465453 0.182255 -0.338605
v -0.104007 0.600048 0.092453
v -0.133950 0.628959 0.092726
v -0.037643 0.110480 0.390904
v -0.145558 -0.279666 0.033281
v 0.461574 0.123930 -0.076957
v 0.406761 0.116343 -0.151958
v 0.092397 -0.014430 -0.288860
v 0.156195 -0.022051 -0.287634
v 0.092518 -0.043667 -0.287167
v 0.156453 -0.049117 -0.288204
v 0.219828 -0.051922 -0.274411
v 0.219194 -0.028773 -0.271732
v -0.440055 0.572143 0.031683
v -0.466878 0.574381 0.048477
v -0.433551 0.597488 0.053710
v -0.409198 0.593969 0.038228
v -0.415394 0.568984 0.017771
v -0.460214 0.599811 0.071899
v -0.000812 0.497425 0.285678
v 0.007370 0.475086 0.274370
v -0.189440 0.763690 0.409445
v -0.205065 0.771559 0.383653
v -0.410606 0.534942 0.546080
v -0.428633 0.557503 0.530058
v -0.445138 0.578135 0.512657
v 0.600150 0.609663 0.243695
v 0.533836 0.525021 0.278697
v -0.026551 0.029755 0.369176
v -0.047292 0.052341 0.383698
v -0.054900 -0.004306 0.368292
v 0.001886 0.064326 0.365270
v -0.105860 -0.011571 0.379948
v -0.082720 -0.034386 0.363100
v -0.076624 0.018812 0.384603
v -0.030624 -0.023411 0.352316
v -0.075729 0.644793 0.188386
v -0.185790 0.141297 -0.272450
v -0.025097 -0.118801 -0.251799
v -0.074848 -0.114678 -0.238245
v -0.026481 -0.091581 -0.255951
v -0.072560 -0.140116 -0.233030
v -0.582382 -0.441778 0.399724
v -0.566433 -0.428485 0.424750
v -0.574176 -0.412935 0.476916
v -0.587750 -0.429358 0.455795
v -0.554570 -0.411218 0.446408
v -0.549638 -0.425694 0.400832
v -0.564937 -0.440088 0.375664
v -0.150243 0.623351 0.077792
v -0.118205 0.594971 0.076855
v -0.168152 0.618061 0.064857
v -0.318210 -0.196071 -0.151042
v -0.348035 -0.199659 -0.141920
v -0.332774 -0.180558 -0.167289
v -0.377855 -0.169831 -0.174129
v -0.346412 -0.165523 -0.184276
v -0.363269 -0.184306 -0.157587
v -0.392606 -0.185903 -0.143819
v -0.377175 -0.201554 -0.129698
v -0.408166 -0.170752 -0.158718
v -0.229676 -0.284893 0.057929
v -0.251755 -0.294195 0.075379
v -0.238140 -0.286223 0.091368
v -0.289959 -0.065129 -0.266497
v -0.033486 -0.379482 -0.162745
v -0.018058 -0.390900 -0.171282
v -0.011281 -0.369053 -0.193505
v 0.381745 -0.148965 -0.106051
v 0.388083 -0.159025 -0.111187
v 0.371258 -0.156094 -0.159654
v 0.376791 -0.164812 -0.160356
v 0.394791 -0.168940 -0.116137
v 0.382653 -0.173155 -0.161622
v -0.324062 -0.336120 0.104858
v -0.315544 -0.322061 0.067451
v 0.509522 0.721325 -0.247566
v 0.537038 0.654480 -0.295616
v 0.240024 0.586396 0.243141
v 0.259701 0.604780 0.242162
v 0.323088 -0.053681 0.119275
v 0.310254 -0.067516 0.145546
v -0.583135 0.172701 -0.231506
v -0.623160 0.189956 -0.186204
v -0.621882 0.153903 -0.179928
v -0.582225 0.135357 -0.226647
v -0.540357 0.120153 -0.269391
v -0.492992 0.217225 0.471021
v -0.460107 0.246906 0.502136
v -0.514872 0.245298 0.470290
v -0.482062 0.277714 0.501066
v -0.519700 0.194232 0.434659
v -0.540963 0.219235 0.433947
v -0.444398 0.314047 0.527103
v -0.502352 0.308470 0.497228
v -0.534353 0.274053 0.466529
v -0.018968 0.086084 0.378059
v -0.526873 0.283192 -0.260278
v -0.133217 -0.036858 0.369629
v -0.108447 -0.059651 0.353177
v 0.117680 -0.479676 0.132140
v 0.071635 -0.499770 0.063675
v 0.143129 -0.466581 0.157999
v 0.153217 -0.480823 0.157028
v 0.093386 -0.491024 0.100265
v 0.127262 -0.494671 0.130252
v 0.080656 -0.515323 0.059422
v -0.394094 0.646864 0.515246
v -0.408635 0.663774 0.495110
v -0.523463 0.023057 -0.242218
v -0.515298 -0.003879 -0.230301
v -0.561445 0.038938 -0.201154
v -0.550901 0.011304 -0.190803
v -0.593947 0.059103 -0.153808
v -0.579297 0.031791 -0.144061
v -0.577878 0.100362 -0.219751
v -0.570953 0.068295 -0.211094
v -0.606382 0.088227 -0.163421
v -0.426000 -0.351142 0.288978
v -0.431882 -0.377776 0.270428
v -0.413948 -0.369474 0.258689
v -0.189311 0.109771 -0.278120
v -0.297593 0.510000 -0.044409
v -0.028358 -0.245053 0.154497
v -0.010182 -0.260288 0.151066
v 0.016232 -0.227969 0.189293
v 0.003103 -0.244240 0.170806
v 0.033022 -0.242854 0.185480
v 0.019268 -0.259594 0.167673
v 0.005506 -0.276027 0.148774
v -0.008544 -0.290875 0.128588
v -0.152633 -0.108108 -0.230596
v -0.076055 -0.087221 -0.244119
v -0.118620 -0.084117 -0.239002
v -0.076330 -0.058659 -0.250027
v -0.116689 -0.110725 -0.231168
v -0.748808 -0.395072 0.369825
v -0.765473 -0.367002 0.359470
v -0.426281 -0.066134 0.247337
v -0.438473 -0.127813 0.236837
v -0.441764 -0.085601 0.232319
v -0.446274 0.705752 0.370622
v -0.478103 0.678495 0.359864
v -0.443421 0.702891 0.397098
v -0.503965 0.654534 0.337161
v -0.503478 0.648238 0.362200
v -0.470506 0.670042 0.410996
v -0.437991 0.697583 0.424021
v -0.475674 0.674882 0.384043
v 0.395306 -0.207432 0.044103
v 0.414184 -0.209129 0.000602
v 0.424253 -0.208190 -0.044611
v 0.422838 -0.219730 -0.004984
v 0.384276 -0.220072 0.075269
v 0.380434 -0.192514 0.053328
v 0.367985 -0.204308 0.083827
v 0.260566 0.459767 -0.257848
v -0.393670 0.582819 0.541603
v -0.411574 0.603483 0.524664
v -0.566255 -0.287269 0.168031
v -0.585114 -0.291730 0.189378
v -0.606155 -0.295492 0.210225
v -0.546791 -0.251688 0.177531
v -0.563502 -0.259641 0.197916
v -0.375636 0.068158 0.370861
v -0.335416 0.056029 0.382397
v -0.321584 0.018456 0.358476
v -0.266709 0.481416 -0.060195
v -0.233788 0.480022 -0.045909
v -0.264222 0.452635 -0.088586
v -0.269002 0.508572 -0.035732
v -0.238097 0.507385 -0.023984
v -0.242338 0.533659 -0.007144
v -0.537266 -0.419892 0.180604
v -0.527970 -0.392358 0.144414
v -0.512908 -0.415880 0.165836
v -0.595513 0.470219 -0.008870
v -0.441642 0.638402 0.485719
v -0.427545 0.622181 0.506370
v -0.342021 0.652314 0.537240
v -0.420517 0.678191 0.473464
v -0.003589 -0.403853 0.051449
v -0.012233 -0.386756 0.055167
v -0.006536 -0.428758 0.013357
v 0.011304 -0.394721 0.081162
v 0.581100 0.474872 0.280887
v 0.626959 0.433347 0.271270
v 0.648855 0.565712 0.248481
v 0.481430 0.461833 0.301617
v 0.527536 0.404771 0.301757
v -0.111480 -0.272049 0.071981
v -0.134618 -0.263185 0.080558
v -0.128750 -0.276150 0.051727
v -0.094413 -0.266109 0.093735
v -0.117611 -0.256148 0.101821
v -0.158939 -0.259001 0.092455
v -0.142182 -0.250089 0.113117
v -0.101232 -0.246330 0.124005
v -0.125780 -0.239138 0.134832
v -0.530504 -0.279514 0.439545
v -0.536166 -0.266407 0.438101
v -0.534759 -0.277796 0.475744
v -0.526111 -0.279378 0.405484
v -0.527030 -0.292384 0.440051
v -0.530986 -0.293725 0.474838
v 0.094292 0.570366 0.104853
v -0.045613 0.569884 0.525442
v -0.542463 -0.435661 0.221822
v -0.585080 -0.439365 0.250426
v -0.564986 -0.438222 0.236128
v -0.542767 -0.441627 0.264369
v -0.561689 -0.445072 0.276968
v -0.518525 -0.431356 0.207829
v -0.418066 -0.087895 -0.235407
v 0.014581 0.360262 0.319812
v 0.041388 0.343193 0.287475
v -0.444893 -0.167712 0.246711
v -0.461160 -0.202599 0.264023
v -0.480482 -0.227702 0.288195
v -0.485718 -0.228223 0.286985
v 0.653860 0.968360 -0.252817
v 0.758731 0.946715 -0.359548
v 0.768693 0.995457 -0.307805
v 0.709128 0.994336 -0.280040
v 0.665879 1.011500 -0.196121
v 0.620691 0.982004 -0.166619
v 0.341102 -0.098948 0.066831
v 0.307769 -0.090079 0.141282
v 0.349079 -0.109722 0.046867
v -0.409881 -0.109250 -0.219426
v -0.278742 0.102835 -0.320092
v -0.321703 0.099635 -0.345231
v -0.278088 0.136780 -0.315856
v -0.276393 0.170651 -0.309449
v -0.228913 0.171059 -0.284299
v -0.232001 0.138539 -0.291363
v -0.322181 0.135237 -0.340337
v -0.321470 0.171043 -0.334768
v -0.361578 0.096568 -0.360379
v 0.325361 -0.087473 -0.193236
v 0.354004 -0.099379 -0.132899
v 0.327777 -0.105957 -0.203102
v 0.350933 -0.083087 -0.116554
v 0.349210 -0.064517 -0.097884
v 0.355519 -0.080473 -0.031058
v 0.349673 -0.064890 -0.002281
v 0.062387 -0.274511 0.180631
v 0.078961 -0.257528 0.194645
v 0.094272 -0.274409 0.192467
v 0.090656 -0.309449 0.180698
v -0.570035 0.556725 0.131334
v -0.560218 0.576872 0.156730
v -0.550663 0.595140 0.178987
v -0.568516 0.582894 0.193515
v -0.579334 0.565480 0.171376
v -0.538223 0.586857 0.137659
v 0.137727 -0.527699 0.115138
v 0.110703 -0.531378 0.082965
v 0.110431 -0.526439 0.087074
v 0.134483 -0.517698 0.120362
v -0.521876 0.635697 0.314041
v -0.524451 0.627430 0.336851
v -0.536747 0.620048 0.293990
v 0.017667 0.453578 0.265313
v 0.350568 -0.187398 0.095284
v 0.316309 -0.184099 0.131886
v 0.297492 -0.168158 0.147022
v 0.280121 -0.184449 0.162412
v 0.332516 -0.170769 0.109324
v 0.349000 -0.160015 0.080415
v 0.364632 -0.176418 0.065448
v -0.351470 -0.236687 -0.099387
v -0.322848 -0.234763 -0.109033
v -0.342271 -0.253447 -0.081927
v -0.371009 -0.253312 -0.071298
v -0.281598 -0.261822 -0.078844
v -0.307991 -0.265625 -0.069986
v -0.286977 -0.248161 -0.099113
v -0.314205 -0.251436 -0.090449
v -0.294860 -0.231865 -0.117596
v -0.334846 -0.268252 -0.061966
v -0.334394 -0.216870 -0.125822
v -0.305690 -0.213905 -0.134618
v -0.477134 -0.286345 0.342043
v -0.451643 -0.275102 0.319511
v 0.430651 -0.238601 -0.139120
v 0.422887 -0.223366 -0.134755
v 0.442171 -0.242851 -0.102683
v 0.434123 -0.228215 -0.097038
v 0.043799 -0.523386 -0.101144
v 0.037973 -0.517762 -0.095144
v 0.044191 -0.510326 -0.130087
v 0.050477 -0.513911 -0.136878
v 0.057064 -0.499017 -0.162512
v 0.057954 -0.517306 -0.145009
v 0.037494 -0.504900 -0.124355
v 0.067779 -0.484306 -0.186894
v 0.066070 -0.502717 -0.170762
v -0.069704 -0.344897 0.010029
v -0.085320 -0.324983 0.014274
v -0.055957 -0.341498 0.035962
v -0.070409 -0.322474 0.038255
v -0.467593 0.098211 0.330835
v -0.454241 0.111170 0.372043
v -0.499880 0.122892 0.340480
v -0.509066 0.109365 0.296146
v -0.536092 0.130866 0.299483
v -0.466998 0.147358 0.424488
v -0.486269 0.134414 0.383789
v -0.436402 0.124256 0.412038
v -0.515000 0.155683 0.390864
v -0.528138 0.143832 0.345993
v -0.495195 0.170158 0.432223
v 0.378118 -0.305094 0.135779
v 0.386934 -0.310951 0.133395
v -0.260872 0.626181 0.567755
v -0.238407 0.594330 0.574156
v -0.216148 0.563283 0.578976
v 0.284735 -0.434761 0.192906
v 0.189109 -0.484091 0.173503
v -0.559245 0.580826 0.314368
v -0.560416 0.566612 0.339304
v -0.542862 0.599201 0.337325
v -0.541541 0.609651 0.313737
v -0.559289 0.550438 0.367212
v -0.721086 -0.398568 0.328615
v -0.734949 -0.369701 0.319611
v 0.294526 0.375067 0.308217
v 0.337252 0.318164 0.316458
v 0.410808 0.298530 0.314979
v 0.394709 0.284297 0.313940
v -0.299601 0.398206 -0.173881
v -0.262024 0.423422 -0.121118
v -0.334729 0.403859 -0.183999
v -0.378569 -0.371686 0.138019
v -0.395879 -0.382108 0.146505
v -0.392647 -0.365411 0.106406
v -0.366746 -0.368800 0.168346
v -0.383255 -0.378935 0.177825
v -0.427616 -0.357248 0.086286
v -0.408318 -0.349848 0.076888
v -0.404868 0.098831 0.393940
v -0.384407 0.115783 0.431504
v -0.441668 0.164822 0.461438
v -0.413169 0.140447 0.449214
v -0.104669 0.406201 -0.078852
v 0.371390 -0.234786 0.101641
v 0.342609 -0.272214 0.142804
v 0.161815 0.387489 0.270616
v 0.145855 0.334037 0.278604
v 0.190472 0.359124 0.284121
v 0.170643 0.449644 0.257315
v 0.202069 0.418111 0.276516
v 0.172485 0.306635 0.288960
v 0.223032 0.323633 0.297148
v 0.201925 0.274290 0.299024
v 0.176351 0.235038 0.300761
v -0.087849 0.350544 -0.139469
v -0.094678 0.379364 -0.109348
v -0.362593 0.171831 -0.353930
v 0.351178 -0.137597 0.060053
v 0.357264 -0.121218 0.029282
v -0.004419 0.503483 0.322963
v -0.007623 0.528689 0.338724
v -0.005857 0.507329 0.365573
v 0.000794 0.477927 0.307779
v -0.002927 0.479789 0.347243
v -0.111704 -0.145626 0.276877
v -0.095396 -0.132047 0.293245
v -0.135529 -0.135936 0.288716
v -0.102345 -0.164340 0.249759
v -0.126204 -0.158336 0.260516
v -0.149065 -0.151895 0.271342
v 0.358399 -0.100919 0.002161
v 0.365236 -0.106169 -0.071066
v 0.351978 -0.090154 0.023274
v 0.332585 -0.088521 0.089543
v 0.344009 -0.079097 0.048885
v 0.360612 -0.094249 -0.053524
v -0.492360 0.569904 0.475269
v -0.460174 0.596982 0.493186
v -0.479320 0.550655 0.497289
v 0.912632 0.697748 -0.392285
v -0.524981 -0.304589 0.440399
v -0.529235 -0.308370 0.472979
v 0.174439 0.561417 0.214337
v 0.172831 0.510923 0.236914
v 0.215970 0.522560 0.255011
v 0.261163 0.470494 0.286348
v 0.250394 0.428232 0.289948
v 0.225518 0.559754 0.246989
v 0.183035 0.601205 0.198244
v 0.208752 0.474793 0.265534
v -0.559886 0.110483 0.203115
v -0.560751 0.132182 0.251751
v -0.576269 0.127307 0.201421
v -0.578530 0.148364 0.250730
v -0.558550 0.149232 0.300371
v -0.539997 0.113650 0.252430
v -0.518914 -0.226494 0.125782
v -0.523993 -0.269760 0.114401
v -0.525089 -0.233877 0.141730
v -0.514324 -0.222516 0.108177
v -0.535369 -0.275688 0.131114
v -0.534276 -0.242788 0.158388
v -0.540128 -0.318639 0.126731
v -0.523932 -0.313590 0.110168
v -0.008947 0.560095 0.398362
v -0.009663 0.553247 0.353417
v -0.591433 0.299475 0.415570
v -0.551890 0.303152 0.459910
v -0.582464 0.361279 0.437237
v -0.621293 0.298477 0.365696
v -0.605374 0.327978 0.403584
v -0.581634 0.029913 -0.087673
v -0.563854 0.005397 -0.134511
v -0.564088 0.004393 -0.080611
v -0.594870 0.056185 -0.040934
v -0.575404 0.031583 -0.035568
v -0.600218 0.055745 -0.095626
v -0.339176 0.375966 -0.223106
v -0.344241 0.346706 -0.259476
v -0.373062 -0.366137 0.205823
v -0.296884 0.050250 0.397220
v -0.313163 0.081797 0.419640
v -0.260528 0.049712 0.410817
v -0.217657 -0.255522 0.163252
v -0.241758 -0.262815 0.182121
v -0.232878 -0.271410 0.145460
v -0.225742 -0.243538 0.197901
v -0.278926 -0.290845 0.185289
v -0.256422 -0.280787 0.165737
v -0.264844 -0.271184 0.200101
v -0.201493 -0.238491 0.181183
v -0.208946 -0.223608 0.212873
v 0.028089 0.095604 0.358341
v -0.143634 -0.153580 -0.212978
v -0.113818 -0.135674 -0.223940
v -0.148878 -0.131584 -0.221035
v -0.640619 0.489915 0.090354
v -0.617455 0.503742 0.083590
v 0.736482 0.494716 0.224760
v 0.813001 0.597694 0.189267
v 0.694930 0.526750 0.242918
v 0.891419 0.701752 0.140358
v -0.066705 0.680868 0.283170
v -0.056553 0.669194 0.300275
v -0.592005 0.514667 0.073472
v -0.581074 0.535693 0.103053
v -0.564426 0.522333 0.057829
v -0.630588 0.482000 0.050677
v 0.002288 -0.377453 0.082967
v -0.020824 -0.370624 0.057995
v 0.349113 -0.448319 0.174545
v 0.359879 -0.403974 0.171710
v 0.329633 -0.427262 0.183762
v -0.688255 0.234113 0.128611
v -0.684470 0.258555 0.174615
v -0.676561 0.283043 0.218398
v -0.665612 0.228479 0.183853
v -0.660868 0.251989 0.228954
v -0.706302 0.240949 0.070696
v -0.587172 0.119842 0.151019
v -0.580928 0.094071 0.103371
v -0.571848 0.102586 0.152662
v -0.604559 0.137336 0.149529
v -0.598528 0.113332 0.101706
v -0.574361 0.065808 0.057309
v -0.592109 0.087216 0.055198
v -0.619281 0.133744 0.099468
v 0.116211 0.018440 0.314972
v 0.091521 -0.002727 0.314863
v 0.086863 -0.041971 0.301599
v 0.136193 -0.000385 0.304408
v 0.111413 -0.018147 0.303720
v -0.018775 0.291657 0.394917
v -0.012383 0.263508 0.378084
v -0.003962 0.307914 0.366236
v 0.010217 0.320930 0.337130
v 0.003204 0.350314 0.351453
v -0.008649 0.337303 0.384295
v -0.626918 -0.449879 0.348026
v -0.602714 -0.449707 0.373401
v -0.286746 -0.162245 0.286779
v -0.317449 -0.185566 0.279199
v -0.309157 -0.162810 0.285034
v -0.254028 -0.111168 0.312855
v -0.279170 -0.135284 0.297645
v -0.261103 -0.141386 0.296406
v -0.012271 0.576876 0.365443
v -0.011881 0.584931 0.409446
v -0.040552 0.626288 0.265164
v -0.036684 0.623499 0.286161
v -0.037114 0.633514 0.312383
v -0.043803 0.641976 0.291851
v -0.046121 0.652887 0.310724
v -0.510064 -0.244000 0.316447
v -0.511429 -0.243729 0.314619
v -0.540305 -0.247860 0.347657
v -0.543061 -0.246122 0.340354
v 0.146799 -0.544963 0.105995
v 0.164643 -0.511738 0.146869
v -0.151705 -0.268649 0.061206
v -0.175635 -0.266462 0.073772
v -0.345350 0.512543 -0.051319
v -0.366002 0.514097 -0.048933
v -0.373386 0.563084 -0.001080
v -0.379501 0.539473 -0.020825
v -0.386220 0.516208 -0.043067
v -0.573193 0.369772 -0.156471
v -0.551618 0.329793 -0.207892
v -0.589702 0.403711 -0.109424
v -0.559095 0.397753 -0.137833
v -0.273585 0.204577 -0.301474
v -0.225150 0.203705 -0.275162
v -0.431531 0.218300 -0.349812
v -0.432339 0.176798 -0.356018
v -0.221831 0.644219 0.555495
v -0.571799 0.582366 0.248268
v -0.583314 0.569728 0.204647
v -0.135288 -0.220993 0.168815
v -0.160391 -0.219390 0.183214
v -0.151094 -0.235597 0.148452
v -0.176536 -0.235416 0.164162
v -0.167407 -0.248495 0.127712
v -0.192743 -0.250636 0.144787
v -0.208559 -0.263939 0.125699
v -0.183760 -0.259398 0.107685
v -0.185082 -0.220260 0.198140
v -0.659807 0.157559 0.041470
v -0.650619 0.132800 -0.006627
v -0.635847 0.132253 0.047802
v -0.604637 0.083025 0.005521
v -0.612743 0.109005 0.052142
v -0.626844 0.107409 0.000302
v -0.615648 0.081396 -0.047402
v -0.636762 0.107657 -0.055157
v -0.682154 0.185539 0.033140
v -0.671961 0.160675 -0.015233
v -0.656279 0.135666 -0.064172
v -0.371994 0.383831 -0.225752
v -0.400958 0.392495 -0.219012
v -0.540381 -0.293597 0.512505
v 0.877206 0.554648 0.111514
v 0.951082 0.648875 0.072467
v 0.160991 -0.501386 0.150826
v 0.088580 -0.532764 0.051043
v -0.560929 0.594625 0.262710
v -0.549535 0.606828 0.277437
v -0.568106 0.579912 0.275864
v 0.196467 -0.397808 -0.283430
v 0.153810 -0.414147 -0.270736
v 0.126599 -0.435367 -0.253475
v -0.394699 0.716813 0.452952
v -0.429914 0.689695 0.449895
v 0.141195 -0.404808 -0.269038
v 0.330434 -0.122162 -0.210803
v 0.288794 -0.147921 -0.259200
v 0.423055 0.091239 0.157786
v -0.211951 0.101114 0.457007
v -0.236892 0.076095 0.436863
v 0.341047 -0.309367 0.156577
v 0.323271 -0.334366 0.171054
v 0.352233 -0.319748 0.155053
v -0.541494 0.158649 -0.273907
v -0.615696 0.119749 -0.172593
v -0.400760 -0.130796 -0.204352
v -0.444611 -0.108461 -0.202044
v -0.476084 -0.104203 -0.176112
v 0.490299 0.540435 -0.295527
v 0.531954 0.567093 -0.305733
v 0.459039 0.611240 -0.267436
v 0.499609 0.633627 -0.278890
v -0.721975 0.313991 -0.010547
v -0.679796 0.300336 -0.104705
v -0.499101 -0.430518 0.238462
v -0.642817 0.155756 0.095570
v -0.561890 -0.240424 0.380824
v -0.367535 0.586735 0.017607
v -0.343991 0.605403 0.030060
v -0.078044 0.690668 0.265604
v 0.124272 0.222906 -0.282844
v 0.164353 0.076785 -0.288299
v 0.039514 0.223209 -0.266076
v 0.051605 -0.537301 -0.074810
v 0.048165 -0.533210 -0.068168
v 0.158948 -0.489730 0.155849
v -0.503348 -0.263551 0.080105
v -0.490916 -0.264611 0.060823
v -0.474863 -0.268015 0.041022
v -0.460596 -0.300410 0.048587
v -0.486446 -0.236349 0.039866
v -0.228692 0.451290 -0.071931
v 0.008179 0.452472 0.294353
v 0.001720 0.451822 0.329850
v -0.005515 0.477731 0.390995
v -0.002573 0.448570 0.370657
v 0.208076 -0.246554 -0.288625
v 0.266147 -0.234452 -0.280683
v 0.227930 -0.257813 -0.289315
v 0.249736 -0.224842 -0.282569
v -0.725272 -0.418322 0.382695
v 0.289377 0.690891 0.189130
v 0.333175 0.712645 0.184258
v -0.494215 0.388688 -0.191628
v 0.004270 -0.306996 0.128099
v -0.010638 -0.319583 0.107132
v -0.024017 -0.274812 0.130227
v -0.023298 -0.303177 0.107312
v -0.025869 -0.329428 0.084746
v -0.378681 0.355183 -0.263266
v -0.362981 -0.218757 -0.115086
v -0.405262 -0.200456 -0.113385
v -0.380442 -0.236274 -0.087000
v -0.391724 -0.218265 -0.100862
v -0.257062 0.614530 0.038464
v -0.635277 -0.261641 0.284905
v 0.140504 0.031205 0.313650
v 0.161039 0.009429 0.303235
v 0.143467 0.060241 0.319548
v 0.168455 0.061051 0.315273
v 0.041048 -0.171674 0.242024
v 0.004246 -0.447662 0.006435
v -0.005557 -0.450027 -0.028458
v -0.015798 -0.432219 -0.020591
v -0.021852 -0.432652 -0.054125
v 0.057790 0.317686 0.286056
v 0.024831 0.331773 0.310059
v 0.048164 -0.258502 0.182398
v 0.063466 -0.241729 0.198055
v -0.026974 0.630757 0.414788
v -0.539485 0.199488 -0.274655
v 0.471121 -0.353083 0.069936
v -0.098737 0.725534 0.401026
v -0.615589 0.358402 0.386793
v -0.573346 0.564079 0.293338
v -0.556204 0.594162 0.293736
v -0.422319 -0.264255 0.300180
v 0.702600 0.382122 0.208250
v 0.772125 0.472014 0.190522
v 0.667976 0.401887 0.247562
v 0.730107 0.373993 0.153098
v 0.667447 0.299505 0.157943
v 0.801525 0.460816 0.138424
v 0.642901 0.306553 0.216020
v 0.847696 0.570843 0.160265
v -0.030080 -0.353960 0.059789
v -0.041116 -0.336502 0.060946
v -0.006196 -0.361423 0.084016
v -0.015290 -0.345761 0.084550
v -0.521610 -0.436664 0.251489
v -0.522429 -0.433965 0.294054
v 0.584029 0.207897 0.003119
v 0.534360 0.188709 -0.078581
v 0.495537 0.153877 -0.078485
v 0.628160 0.243121 0.085428
v 0.006586 0.117257 0.368679
v 0.029993 0.142733 0.357006
v -0.063744 0.394761 -0.097681
v -0.038502 0.414786 -0.086833
v -0.055836 0.367944 -0.128956
v -0.084383 0.320070 -0.167979
v -0.515110 0.090819 0.251951
v 0.571558 0.591857 -0.320801
v -0.430561 -0.275602 0.308021
v 0.369885 -0.367242 0.162175
v 0.392657 -0.345992 0.144143
v -0.501252 0.148001 -0.310405
v -0.500836 0.189626 -0.310780
v 0.030789 -0.508440 -0.089288
v 0.036561 -0.517128 -0.056209
v 0.043174 -0.527272 -0.062242
v 0.174030 0.127098 0.314768
v 0.176089 0.174814 0.309257
v -0.695203 0.388193 0.175075
v 0.059647 -0.101704 0.282454
v 0.038976 -0.095100 0.291748
v 0.079214 -0.109529 0.274337
v 0.082284 -0.077956 0.287515
v 0.062614 -0.068699 0.297848
v -0.541340 0.090581 0.205432
v -0.130085 -0.081469 0.338843
v -0.152532 -0.011320 0.386196
v 0.101325 -0.088113 0.278753
v 0.106053 -0.054257 0.291287
v -0.584635 0.059351 0.009491
v -0.687673 0.209848 0.081247
v -0.666081 0.181207 0.089484
v 0.429870 -0.217069 -0.048880
v 0.434671 -0.226487 -0.052972
v 0.441126 -0.259932 0.016874
v 0.442910 -0.248424 -0.019700
v 0.142063 -0.081177 0.272178
v 0.124307 -0.067402 0.281639
v 0.420281 -0.199328 -0.086132
v -0.483932 0.675917 0.269746
v -0.461142 0.691819 0.257609
v -0.075749 -0.028957 -0.255648
v 0.078296 -0.508339 -0.180846
v -0.039758 -0.301751 -0.205074
v -0.015367 -0.310171 -0.218010
v -0.043924 -0.324912 -0.191474
v -0.390854 0.289375 -0.321935
v -0.256173 -0.054839 0.341946
v -0.235169 -0.031743 0.363060
v -0.262936 -0.029466 0.354641
v -0.272321 -0.004877 0.366868
v -0.294987 -0.037262 0.336153
v -0.250420 0.022743 0.394794
v -0.241824 -0.003949 0.379322
v 0.054575 -0.415053 -0.217828
v -0.528271 -0.033090 0.074650
v -0.538285 -0.005354 0.068720
v -0.541567 0.061534 0.158796
v -0.540959 0.028951 0.113139
v -0.201477 -0.263830 -0.095008
v -0.227144 -0.264925 -0.080636
v -0.203372 -0.253039 -0.113319
v -0.259808 -0.244701 -0.108654
v -0.233043 -0.241916 -0.118856
v -0.255528 -0.257814 -0.088630
v -0.206560 -0.240320 -0.130436
v -0.229277 -0.254567 -0.100393
v 0.964230 0.796323 0.080981
v -0.296769 -0.247173 0.253303
v -0.318456 -0.253956 0.259252
v 0.349968 -0.166637 -0.207952
v 0.356611 -0.174692 -0.204854
v -0.494798 -0.227754 0.283967
v -0.030071 0.390443 -0.119170
v -0.018016 0.438406 -0.074198
v 0.279434 -0.243966 -0.278897
v -0.427315 0.622255 0.075563
v -0.403180 0.618246 0.059036
v -0.396378 0.640269 0.080604
v -0.145770 0.400511 0.585115
v 0.805144 0.673978 -0.409054
v 0.752891 0.631394 -0.384710
v 0.703382 0.595684 -0.360117
v 0.869302 0.583932 -0.292413
v 0.756810 0.560251 -0.326647
v 0.018234 -0.366568 0.108255
v 0.009171 -0.350736 0.107984
v 0.015187 -0.322654 0.128539
v 0.030725 -0.307561 0.147495
v 0.401008 -0.178499 -0.120511
v 0.656221 0.564556 -0.337236
v -0.025002 -0.421453 -0.117255
v -0.025031 -0.429551 -0.086640
v -0.022661 -0.408573 -0.145695
v -0.389050 -0.374636 0.215217
v -0.380706 -0.354105 0.238281
v -0.396959 -0.361862 0.248131
v -0.017842 0.608313 0.414602
v 0.025732 0.511110 -0.001921
v -0.703836 -0.308439 0.286937
v -0.711297 -0.338490 0.285151
v -0.708952 -0.369598 0.288096
v -0.740103 -0.339056 0.313603
v -0.686951 -0.336301 0.262164
v -0.688160 -0.282229 0.292632
v -0.676967 -0.306252 0.266129
v 0.444570 0.239756 0.295676
v 0.425282 0.307195 0.316150
v 0.460801 0.247306 0.296262
v 0.487058 0.200239 0.260966
v 0.468649 0.191879 0.261237
v 0.426885 0.228759 0.295643
v 0.449534 0.182136 0.262511
v -0.377654 0.628011 0.533654
v -0.623718 0.157072 0.147065
v -0.026602 -0.062456 -0.260561
v 0.278977 -0.031286 -0.233485
v 0.349556 -0.028306 -0.087806
v 0.750840 0.490204 -0.250635
v 0.809703 0.536262 -0.268364
v 0.228705 -0.246795 0.190408
v -0.537519 -0.260256 0.400480
v 0.031684 -0.006248 -0.280620
v -0.024379 -0.001578 -0.269297
v 0.093081 0.017499 -0.290505
v 0.030716 -0.037492 -0.277494
v -0.025893 -0.032407 -0.265134
v -0.666666 -0.365705 0.243406
v -0.658936 -0.396998 0.249219
v -0.687051 -0.368062 0.263192
v -0.697232 -0.399165 0.295623
v -0.677241 -0.398331 0.269714
v -0.677472 -0.423622 0.308410
v -0.658834 -0.423564 0.282280
v -0.641910 -0.422852 0.261962
v -0.678097 0.378553 0.227641
v -0.276655 -0.108710 0.309370
v -0.305205 -0.139470 0.292200
v -0.468734 0.190057 0.468941
v 0.704091 0.522707 -0.306368
v 0.694186 0.445741 -0.236988
v 0.653739 0.642503 -0.366492
v 0.611427 0.616024 -0.341214
v -0.110219 -0.225858 0.156299
v -0.078145 -0.257268 0.116222
v -0.085903 -0.234097 0.146189
v -0.095615 -0.211695 0.176843
v -0.048990 -0.231557 0.159965
v -0.042252 -0.259358 0.133316
v -0.063023 -0.245400 0.138509
v -0.057145 -0.271034 0.111169
v -0.071613 -0.220108 0.167252
v 0.023382 -0.390545 -0.207778
v 0.006208 -0.379579 -0.201231
v 0.037934 -0.365563 -0.229029
v -0.002384 -0.344582 -0.213046
v 0.018082 -0.354649 -0.221690
v -0.497374 -0.146372 0.003990
v -0.577337 0.546538 0.315308
v -0.579930 0.527082 0.341500
v -0.000199 -0.335536 0.107591
v 0.018860 -0.292016 0.147613
v -0.390318 -0.151510 -0.189539
v -0.420105 -0.183650 -0.125382
v 0.171989 -0.138700 0.240193
v 0.189213 -0.151098 0.227463
v -0.176214 -0.265922 -0.110455
v -0.057475 -0.054176 0.346521
v -0.031629 -0.069341 0.330929
v -0.087603 -0.304447 0.041089
v -0.513827 -0.265361 0.097830
v -0.266615 0.270829 -0.272719
v -0.171593 0.752008 0.434366
v -0.624821 -0.422251 0.245004
v -0.602687 -0.439907 0.264879
v -0.618955 -0.440991 0.280565
v -0.640563 -0.396063 0.231439
v 0.923557 0.669821 0.117819
v 0.992337 0.759524 0.066857
v 1.038314 0.818662 0.025126
v -0.400012 0.542055 -0.013309
v -0.393298 0.565945 0.006791
v -0.428434 -0.243495 -0.038686
v -0.454981 -0.233277 -0.015018
v -0.437538 -0.224408 -0.048515
v -0.444481 -0.255139 -0.007690
v -0.467755 -0.245994 0.015110
v -0.399867 -0.250107 -0.057265
v -0.409336 -0.232450 -0.070488
v -0.252721 -0.268312 -0.067811
v -0.277828 -0.272801 -0.056929
v -0.001407 0.380353 0.369643
v 0.007049 0.389466 0.333686
v -0.103318 -0.100777 0.322837
v -0.120730 -0.118856 0.307029
v -0.158113 -0.125209 0.299905
v -0.076620 -0.115867 0.308121
v -0.144876 -0.103329 0.320682
v -0.580374 -0.235438 0.355499
v -0.555538 -0.242362 0.328105
v -0.547239 -0.244637 0.335169
v -0.523405 -0.240361 0.307165
v -0.515295 -0.242490 0.311867
v -0.674704 0.342736 0.244324
v -0.553771 -0.328720 0.537239
v -0.538187 -0.310516 0.508662
v -0.537845 -0.325724 0.502825
v 0.314303 0.748347 0.126771
v -0.463055 -0.249327 0.308790
v -0.420692 -0.219414 0.284597
v -0.666423 0.308061 0.259519
v 0.078482 -0.487957 -0.194264
v 0.094978 -0.473509 -0.216724
v 0.305702 0.030403 0.248790
v 0.466397 0.118334 0.154196
v 0.440817 0.086331 0.085395
v 0.440715 0.133021 0.216837
v 0.444735 0.106031 0.156368
v 0.462490 0.145470 0.214918
v 0.747673 0.374681 0.083722
v 0.688752 0.314661 0.007841
v 0.449584 -0.251504 -0.065101
v 0.440915 -0.237244 -0.058035
v -0.548597 0.019989 0.063736
v -0.566393 0.074278 0.105255
v -0.560183 0.043510 0.059980
v -0.553596 0.052987 0.108655
v 0.056660 -0.338824 -0.247399
v 0.033630 -0.328059 -0.239357
v 0.056705 -0.377783 -0.234857
v 0.078026 -0.351230 -0.253649
v -0.050564 0.650757 0.277673
v -0.424446 -0.326886 0.052327
v -0.444365 -0.331051 0.064031
v -0.478193 -0.301515 0.064443
v -0.446142 -0.364471 0.096584
v -0.463086 -0.336022 0.076200
v -0.388345 -0.342235 0.067971
v -0.667585 0.205003 0.137237
v -0.701691 0.215742 0.022875
v 0.171185 0.090314 0.316758
v -0.005243 -0.286229 -0.230268
v 0.007226 -0.263699 -0.240521
v 0.009418 -0.318685 -0.229503
v -0.531128 -0.269438 0.403346
v -0.519446 -0.268424 0.369557
v -0.524169 -0.261688 0.366166
v 0.699248 0.674234 -0.392894
v -0.215189 -0.277770 0.073147
v -0.199776 -0.268818 0.089436
v -0.120287 -0.206044 0.188149
v -0.144893 -0.203182 0.201039
v -0.169086 -0.202502 0.214313
v 0.328777 -0.236461 -0.255955
v 0.299509 -0.261506 -0.274985
v 0.321753 -0.229114 -0.258290
v 0.349941 -0.209699 -0.232999
v 0.343716 -0.202972 -0.234959
v 0.355095 -0.216405 -0.231168
v 0.313369 -0.221459 -0.260908
v 0.200095 -0.093144 0.248161
v 0.683199 0.302756 0.087368
v 0.632197 0.256482 0.006141
v 0.327365 -0.188677 -0.240960
v 0.290789 -0.205460 -0.267079
v 0.303223 -0.213650 -0.263509
v -0.655060 0.466237 0.053465
v -0.664786 0.441959 0.015296
v -0.274019 -0.281172 -0.034442
v -0.249548 -0.275929 -0.046021
v -0.645428 0.179288 0.143249
v 0.261003 -0.170175 0.177174
v -0.170646 -0.145378 0.280982
v 0.206175 -0.195268 0.204577
v 0.243063 -0.188802 0.186373
v -0.130343 -0.188283 0.217776
v -0.106016 -0.192139 0.206307
v -0.646641 -0.364001 0.225326
v -0.553689 -0.342636 0.528933
v -0.489088 0.665749 0.225651
v -0.599650 0.504589 0.317487
v -0.581080 0.504994 0.370075
v -0.603338 0.478831 0.344110
v -0.618751 0.082421 -0.104511
v 0.295811 -0.079644 0.165831
v 0.322561 -0.078267 0.115430
v -0.390372 0.745556 0.325215
v -0.154092 -0.186025 0.229569
v -0.176956 -0.184979 0.240894
v -0.198713 -0.185452 0.250770
v -0.192456 -0.203643 0.226931
v -0.214745 -0.206775 0.238228
v -0.715253 0.247975 0.011459
v -0.690138 0.190675 -0.025260
v -0.672436 0.165818 -0.074061
v 0.001377 0.418960 0.350943
v -0.004563 0.410666 0.390962
v -0.234076 0.106140 -0.296330
v 0.145267 0.088912 0.321558
v -0.659913 0.368368 0.280197
v 0.221302 0.604781 -0.160100
v 0.293691 0.383586 -0.282349
v -0.092343 -0.179931 0.223148
v -0.116422 -0.175385 0.233741
v -0.081772 -0.197885 0.195950
v -0.068272 -0.185652 0.213840
v -0.140001 -0.171434 0.244835
v 0.078774 0.338064 0.272534
v 0.059860 0.359008 0.270281
v -0.585093 -0.448799 0.349058
v -0.609327 -0.449929 0.323077
v -0.570007 -0.447447 0.330896
v -0.593702 -0.448843 0.304437
v -0.635091 -0.441521 0.300185
v -0.555426 -0.444501 0.317219
v -0.578255 -0.447120 0.289950
v 0.336155 -0.196097 -0.237340
v 0.362938 -0.182441 -0.202839
v 0.278009 0.331086 0.308214
v 0.238917 0.377180 0.294250
v -0.054634 -0.318501 0.061904
v -0.082057 -0.079753 0.336351
v -0.634563 0.111153 -0.113718
v -0.186365 -0.227030 -0.155018
v -0.029648 0.257714 -0.231730
v -0.017911 0.188419 -0.261644
v -0.026096 0.224746 -0.248355
v -0.007022 0.283793 -0.228937
v -0.284607 0.653970 0.552750
v -0.505924 -0.380229 0.376321
v -0.090090 -0.285024 0.066534
v -0.465099 -0.372525 0.106658
v 0.102878 -0.453483 -0.232893
v 0.083251 -0.469400 -0.210303
v -0.557342 0.083814 0.155112
v 0.406076 0.211494 0.295740
v 0.375247 0.262375 0.312814
v 0.381498 0.187525 0.296014
v 0.428002 0.167940 0.263821
v 0.403255 0.148476 0.265072
v -0.645210 0.202307 0.190336
v 0.373791 -0.195963 -0.201599
v 0.368800 -0.189434 -0.201970
v 0.392563 -0.188754 -0.164726
v 0.388028 -0.181239 -0.163206
v -0.626300 -0.363708 0.206317
v -0.621033 -0.328818 0.205708
v 0.357056 -0.113494 -0.145314
v 0.453904 -0.261670 -0.110436
v 0.047046 -0.521308 -0.019616
v 0.053196 -0.532068 -0.025389
v 0.654181 0.729447 -0.376193
v -0.531518 0.559131 0.424148
v -0.664068 -0.333162 0.243525
v -0.023184 -0.334930 -0.202763
v 0.300670 -0.373580 -0.285184
v 0.008824 0.301934 -0.226649
v 0.006805 0.346954 -0.195630
v 0.027177 0.368459 -0.193068
v 0.021087 0.396767 -0.165123
v 0.008357 0.389050 -0.158944
v -0.008127 0.321033 -0.203568
v 0.130391 -0.033696 0.293384
v -0.506681 -0.417500 0.322120
v -0.496848 -0.393866 0.345845
v 0.334472 -0.067016 0.080325
v 0.417151 0.116526 0.218456
v 0.377828 -0.202572 -0.201002
v 0.307653 -0.270260 -0.272001
v -0.655994 0.175091 -0.132052
v -0.647252 0.141979 -0.123025
v 0.039513 -0.402523 -0.213410
v 0.070754 -0.538357 0.009565
v 0.057093 -0.538592 -0.030909
v 0.838671 0.884446 -0.416095
v -0.557203 0.531812 0.396897
v -0.579629 0.480365 0.398787
v -0.307314 -0.012359 0.345252
v -0.283882 0.020847 0.380067
v -0.335276 -0.333672 0.078809
v -0.326054 -0.316890 0.042396
v -0.354738 -0.344645 0.088768
v -0.342797 -0.348586 0.117460
v 0.442178 -0.257963 -0.145547
v -0.338692 -0.153254 0.282708
v -0.377449 -0.188382 0.277636
v -0.339517 -0.171890 0.281043
v -0.666708 -0.261870 0.301724
v -0.538898 0.363774 -0.188211
v -0.526025 0.393624 -0.165289
v 0.719875 1.026676 -0.223381
v 0.780459 1.032038 -0.245462
v -0.537696 -0.358953 0.130946
v -0.517468 -0.353914 0.115641
v -0.494146 -0.324577 0.374639
v -0.236257 -0.211072 0.247238
v -0.257136 -0.216999 0.254047
v 0.183397 -0.079602 0.261039
v 0.176433 -0.108571 0.251294
v -0.279048 -0.083684 0.319133
v -0.306136 -0.117158 0.297969
v 0.166163 -0.065010 0.272490
v 0.159373 -0.095082 0.262288
v 0.750158 1.033043 -0.076916
v -0.393524 0.493572 -0.068824
v -0.407499 0.518937 -0.034971
v 1.059698 0.819817 -0.030621
v 1.069840 0.797750 -0.085576
v 1.069808 0.873714 -0.136277
v -0.550461 -0.437390 0.357803
v -0.360985 -0.360662 0.128393
v -0.058166 -0.206263 0.187271
v -0.035831 -0.216936 0.180187
v 0.029640 -0.496321 -0.118987
v 0.033410 -0.275606 0.165714
v 0.334554 -0.030449 0.101378
v 0.179861 -0.465163 0.176132
v 0.185939 -0.473575 0.175787
v -0.373942 -0.355338 0.097816
v -0.367653 -0.334193 0.059791
v 1.020549 0.864141 0.011698
v 1.025688 0.938439 -0.094961
v 1.053818 0.888162 -0.066080
v 1.044739 0.931564 -0.178261
v 0.798086 1.020876 -0.069553
v 0.937950 1.008044 -0.141261
v 0.886192 1.029915 -0.158197
v 0.841156 1.031695 -0.254164
v 0.832992 1.043023 -0.167437
v 0.899607 1.022829 -0.250435
v 0.779538 1.048223 -0.167414
v 0.799831 0.905288 -0.404309
v 0.870543 0.936999 -0.380853
v 0.813124 0.946807 -0.375573
v 0.830836 0.995370 -0.323543
v 0.985698 0.977756 -0.119801
v 1.004324 0.974139 -0.211267
v 0.928059 0.917863 -0.372165
v 0.954732 1.004217 -0.235155
v 1.002281 0.940578 -0.287162
v 0.950171 0.969845 -0.312889
v 0.891966 0.987565 -0.325360
v -0.503032 -0.427140 0.281681
v -0.358349 -0.313849 0.024292
v -0.393933 -0.300575 0.008208
v -0.380888 -0.318777 0.032408
v -0.346869 -0.325937 0.051387
v 0.013079 0.489457 -0.032307
v 0.396504 -0.195524 -0.165978
v -0.311147 -0.095832 0.303004
v -0.663940 0.420937 -0.023207
v -0.567232 0.035970 0.012779
v 0.410928 -0.194595 -0.127326
v -0.445766 0.705003 0.278830
v -0.302787 -0.277317 -0.047679
v 0.179730 -0.417057 0.188137
v 0.169148 -0.451732 0.176714
v -0.431443 0.717549 0.305106
v -0.357420 0.088504 0.408505
v -0.162678 -0.167768 0.255367
v -0.451883 0.674231 0.176176
v -0.055630 -0.095336 0.320753
v -0.029913 -0.106031 0.306816
v 0.106403 -0.328819 0.181928
v 0.085726 -0.344362 0.168945
v -0.544809 0.421386 -0.116954
v -0.417839 -0.300941 0.019785
v -0.403224 -0.323084 0.041634
v 0.029756 0.301135 -0.235256
v 0.005973 0.257238 -0.246031
v 0.406176 -0.187336 -0.124166
v 0.148442 -0.049501 0.283113
v -0.633831 0.424088 -0.050874
v -0.615589 0.412074 -0.080818
v -0.653548 0.403177 -0.058818
v 0.326553 -0.295272 0.158886
v -0.005846 -0.113217 0.294253
v -0.604180 0.450709 0.371430
v -0.005869 0.390898 -0.139908
v -0.499320 -0.256334 0.333251
v -0.463431 -0.242511 0.304389
v -0.496808 -0.262186 0.337197
v -0.641929 0.459518 0.017038
v -0.642717 0.440050 -0.018783
v -0.619810 0.456599 -0.013140
v -0.599012 0.453575 -0.034793
v -0.614440 0.442429 -0.040507
v -0.583255 0.448951 -0.052743
v -0.598698 0.431970 -0.066929
v -0.183937 -0.165148 0.264800
v -0.424519 0.475337 -0.086293
v -0.054544 -0.295455 0.086097
v -0.038757 -0.312348 0.085019
v -0.038748 -0.286632 0.108390
v -0.071034 -0.301000 0.063491
v -0.073195 -0.279565 0.088705
v -0.223711 -0.275670 0.107859
v -0.421154 -0.210168 0.281140
v -0.406543 -0.281447 -0.011348
v -0.418110 -0.262312 -0.026669
v -0.431865 -0.277758 0.003654
v 0.357071 -0.286557 0.139480
v -0.574295 0.425520 -0.092224
v -0.480918 -0.341661 0.088809
v -0.494098 -0.304210 0.079721
v -0.652942 -0.441298 0.325754
v -0.699685 -0.422212 0.341833
v -0.415746 0.496816 -0.059226
v -0.051008 -0.126217 0.294739
v -0.285386 -0.060250 0.327855
v 0.067957 -0.531310 0.014326
v -0.509026 -0.308453 0.094648
v 0.062048 -0.520474 0.019510
v -0.498810 -0.347902 0.101651
v -0.455328 -0.272991 0.021188
v -0.440557 -0.300561 0.033264
v -0.107183 -0.288372 0.045256
v -0.252899 -0.082096 0.327976
v -0.009698 0.417209 -0.106683
v -0.549403 -0.281863 0.148716
v -0.558444 -0.322859 0.144573
f 1 2 3
f 4 2 5
f 2 4 6
f 7 8 1
f 9 5 10
f 11 7 12
f 13 14 15
f 16 17 14
f 18 14 19
f 15 20 13
f 15 21 22
f 20 15 23
f 24 25 26
f 27 28 29
f 30 31 25
f 32 33 34
f 35 36 32
f 37 33 38
f 39 32 40
f 40 34 41
f 34 42 43
f 33 37 42
f 44 45 46
f 47 40 48
f 49 39 47
f 39 49 50
f 51 52 53
f 54 55 51
f 56 57 55
f 58 52 59
f 55 54 56
f 60 61 62
f 63 19 61
f 64 65 66
f 65 67 68
f 66 68 69
f 70 65 71
f 72 64 73
f 71 64 74
f 69 75 66
f 54 76 77
f 78 79 76
f 51 80 54
f 76 80 78
f 81 80 53
f 82 83 84
f 84 85 82
f 86 87 88
f 87 89 84
f 88 83 90
f 82 91 83
f 21 17 92
f 17 16 82
f 93 94 95
f 96 97 95
f 95 98 93
f 99 100 101
f 95 99 96
f 94 102 99
f 103 104 57
f 105 59 106
f 107 108 104
f 109 110 111
f 112 113 101
f 114 112 111
f 113 115 96
f 116 117 113
f 12 1 118
f 119 12 120
f 121 122 118
f 123 121 3
f 124 119 125
f 126 11 127
f 127 124 128
f 129 130 131
f 125 130 128
f 131 132 129
f 130 129 133
f 134 123 6
f 12 119 11
f 132 131 120
f 135 7 126
f 136 98 134
f 123 134 115
f 136 134 137
f 87 86 138
f 86 88 139
f 140 89 107
f 105 106 138
f 107 141 140
f 110 62 114
f 142 23 143
f 143 112 142
f 62 20 142
f 105 138 144
f 145 146 144
f 59 105 58
f 146 147 58
f 148 145 149
f 139 148 86
f 138 108 87
f 150 103 56
f 121 123 117
f 129 150 77
f 120 122 132
f 89 140 85
f 140 151 92
f 98 136 152
f 93 152 153
f 152 154 155
f 156 151 157
f 23 22 156
f 143 156 116
f 158 117 157
f 117 158 121
f 159 158 141
f 143 116 112
f 160 159 103
f 104 159 107
f 103 150 160
f 122 158 160
f 161 162 27
f 26 28 163
f 29 164 27
f 165 166 167
f 168 169 165
f 167 170 165
f 171 172 173
f 174 175 172
f 176 171 177
f 173 166 178
f 178 179 173
f 74 72 163
f 26 72 24
f 163 162 180
f 181 161 182
f 183 181 184
f 164 185 182
f 184 186 183
f 31 187 29
f 188 189 190
f 188 191 192
f 190 193 194
f 191 188 195
f 196 197 189
f 197 198 193
f 192 199 188
f 200 199 201
f 200 201 202
f 203 204 205
f 204 206 202
f 202 207 200
f 208 207 209
f 203 210 204
f 206 204 211
f 212 213 214
f 215 214 216
f 217 212 215
f 218 219 217
f 213 212 220
f 221 215 222
f 223 224 214
f 223 213 225
f 224 223 226
f 227 228 220
f 200 196 199
f 197 196 208
f 229 71 230
f 231 232 233
f 233 70 229
f 232 67 70
f 171 176 231
f 233 234 231
f 229 235 233
f 170 167 216
f 194 236 50
f 195 190 237
f 238 239 43
f 240 238 45
f 67 232 241
f 177 242 176
f 243 244 245
f 218 246 247
f 244 248 247
f 247 249 218
f 244 250 248
f 251 243 252
f 253 243 254
f 243 253 244
f 252 245 255
f 255 256 252
f 257 258 238
f 238 240 257
f 259 258 260
f 239 258 261
f 50 35 39
f 237 194 262
f 24 73 263
f 263 30 24
f 67 241 264
f 242 177 265
f 172 171 174
f 36 35 198
f 266 267 268
f 268 210 269
f 270 211 266
f 271 203 272
f 205 201 272
f 273 274 192
f 230 275 229
f 264 242 276
f 68 264 277
f 278 44 279
f 37 280 46
f 281 279 282
f 38 283 37
f 185 284 184
f 284 260 186
f 45 44 240
f 285 217 221
f 246 218 285
f 221 286 285
f 287 288 209
f 209 206 287
f 289 208 290
f 290 283 289
f 291 283 288
f 292 288 293
f 294 291 292
f 252 295 251
f 296 297 251
f 298 296 299
f 278 300 181
f 162 161 301
f 279 281 278
f 181 183 278
f 302 222 175
f 222 303 221
f 304 305 303
f 275 305 235
f 235 304 234
f 303 222 304
f 306 307 308
f 303 307 286
f 234 302 174
f 230 74 180
f 226 168 224
f 255 246 309
f 256 255 310
f 286 311 309
f 211 270 287
f 299 295 312
f 36 198 38
f 198 197 289
f 266 268 299
f 261 48 239
f 180 313 230
f 275 313 305
f 270 312 293
f 314 292 315
f 248 220 249
f 316 282 294
f 283 291 280
f 317 313 301
f 313 317 308
f 301 300 317
f 312 270 299
f 312 256 315
f 311 314 310
f 292 314 294
f 308 316 306
f 307 306 311
f 317 281 316
f 4 5 318
f 319 185 187
f 185 319 284
f 318 320 4
f 320 154 137
f 154 320 321
f 79 322 133
f 210 203 323
f 324 325 326
f 325 324 327
f 326 328 324
f 328 326 329
f 330 331 332
f 333 330 334
f 335 336 337
f 338 339 340
f 341 342 336
f 337 343 335
f 344 345 339
f 346 347 348
f 346 349 350
f 349 346 351
f 348 352 353
f 347 354 352
f 355 356 357
f 357 358 359
f 360 361 362
f 359 361 363
f 356 364 358
f 365 366 367
f 367 368 365
f 365 369 370
f 371 372 373
f 368 374 369
f 375 376 377
f 378 379 380
f 381 382 383
f 379 384 385
f 379 378 384
f 379 386 383
f 386 379 387
f 388 389 390
f 388 391 389
f 392 393 389
f 391 388 394
f 395 396 390
f 397 398 399
f 399 400 397
f 400 399 401
f 402 403 404
f 399 403 405
f 406 407 408
f 409 406 410
f 411 412 413
f 414 415 411
f 415 416 412
f 412 417 408
f 418 413 419
f 420 421 422
f 422 423 420
f 420 424 425
f 423 422 426
f 427 428 429
f 430 431 432
f 433 434 431
f 429 435 427
f 431 430 433
f 434 433 436
f 437 438 439
f 439 440 437
f 441 442 437
f 443 441 444
f 445 446 441
f 444 447 443
f 448 449 450
f 449 448 451
f 452 453 454
f 455 448 456
f 457 452 458
f 459 460 461
f 461 462 463
f 462 460 464
f 336 335 341
f 465 466 467
f 468 469 470
f 468 471 472
f 470 473 474
f 474 475 470
f 470 476 468
f 477 478 479
f 480 481 482
f 483 484 481
f 485 483 480
f 483 485 486
f 480 487 485
f 488 489 490
f 489 491 492
f 491 489 493
f 494 495 492
f 496 488 497
f 498 494 499
f 500 501 502
f 502 503 500
f 504 505 502
f 506 503 507
f 505 504 508
f 509 504 510
f 402 511 512
f 513 514 512
f 512 515 513
f 515 516 517
f 516 515 518
f 519 520 521
f 522 523 524
f 525 526 520
f 527 521 528
f 523 522 529
f 521 523 530
f 531 532 533
f 533 534 535
f 532 536 534
f 532 531 537
f 533 538 531
f 535 539 533
f 540 541 542
f 543 544 545
f 546 547 544
f 548 549 545
f 545 550 543
f 551 548 541
f 552 553 554
f 555 556 557
f 554 555 558
f 556 555 559
f 560 552 561
f 562 563 560
f 564 565 566
f 567 568 564
f 569 567 570
f 568 567 571
f 566 572 564
f 573 574 575
f 574 573 576
f 576 577 574
f 574 578 579
f 580 581 582
f 581 583 576
f 584 585 586
f 587 584 588
f 588 586 589
f 590 591 592
f 585 593 590
f 586 590 594
f 393 392 595
f 596 597 598
f 391 599 392
f 600 393 601
f 69 277 602
f 603 425 276
f 425 603 420
f 75 69 604
f 604 602 605
f 434 606 429
f 607 608 609
f 610 611 612
f 612 613 610
f 608 607 614
f 613 612 615
f 616 617 618
f 617 616 619
f 618 338 616
f 620 621 622
f 623 620 624
f 617 625 622
f 626 627 628
f 582 629 580
f 628 630 631
f 626 632 633
f 633 634 626
f 628 635 626
f 636 637 638
f 637 636 639
f 640 641 642
f 642 636 643
f 644 645 646
f 646 643 644
f 646 647 648
f 649 355 650
f 651 649 652
f 650 357 653
f 654 655 656
f 657 658 656
f 659 660 657
f 661 659 655
f 656 662 654
f 655 654 663
f 656 664 662
f 665 666 667
f 667 668 669
f 670 667 671
f 666 370 668
f 370 666 672
f 673 674 675
f 676 677 678
f 679 680 676
f 681 682 674
f 682 683 678
f 684 685 686
f 686 687 688
f 687 689 690
f 691 692 693
f 693 684 694
f 695 696 697
f 698 699 700
f 701 700 702
f 703 702 695
f 697 699 704
f 705 706 698
f 707 708 709
f 708 707 710
f 711 707 712
f 712 709 713
f 714 715 716
f 717 716 718
f 719 720 721
f 722 723 719
f 724 725 726
f 727 719 728
f 728 721 729
f 730 731 31
f 732 572 733
f 733 734 735
f 736 737 738
f 732 739 740
f 739 732 741
f 742 662 743
f 743 744 745
f 746 747 748
f 749 750 751
f 748 752 746
f 753 754 755
f 754 753 756
f 748 753 757
f 758 759 760
f 761 762 760
f 763 758 764
f 758 763 765
f 759 758 766
f 767 764 768
f 769 447 770
f 771 772 769
f 440 773 444
f 774 771 775
f 771 774 776
f 776 777 771
f 778 779 780
f 781 782 778
f 783 784 785
f 780 784 397
f 784 783 398
f 782 786 779
f 767 785 787
f 561 554 788
f 789 560 790
f 788 791 561
f 792 789 793
f 794 795 796
f 797 796 798
f 799 794 797
f 800 801 802
f 803 804 800
f 796 801 805
f 806 807 808
f 807 809 810
f 811 812 813
f 813 806 814
f 808 810 815
f 816 817 818
f 819 820 816
f 821 817 822
f 823 824 820
f 825 819 826
f 826 816 827
f 828 829 830
f 831 832 833
f 834 835 830
f 836 828 837
f 836 838 828
f 832 839 840
f 830 839 834
f 841 842 843
f 842 841 844
f 843 845 841
f 846 847 848
f 849 850 846
f 846 851 849
f 848 852 853
f 854 852 855
f 848 853 846
f 856 857 858
f 857 859 860
f 859 857 861
f 862 863 860
f 858 864 856
f 865 866 867
f 868 865 869
f 867 870 631
f 871 872 866
f 873 874 875
f 874 876 877
f 878 497 874
f 879 880 881
f 874 873 878
f 882 883 884
f 882 885 886
f 887 888 884
f 885 882 889
f 890 891 892
f 893 894 895
f 892 896 890
f 897 898 899
f 898 900 901
f 897 902 903
f 904 905 901
f 902 897 906
f 907 908 909
f 910 911 912
f 910 913 911
f 908 914 911
f 915 907 916
f 917 918 919
f 611 920 609
f 609 921 607
f 918 917 571
f 922 923 924
f 919 921 925
f 919 926 917
f 926 919 927
f 928 929 930
f 931 932 933
f 934 932 935
f 932 934 930
f 936 937 931
f 938 933 939
f 940 941 942
f 941 943 944
f 945 946 944
f 942 947 940
f 948 949 940
f 950 254 951
f 952 253 950
f 31 30 730
f 139 90 953
f 954 91 955
f 955 956 954
f 668 372 957
f 365 370 366
f 958 959 960
f 961 962 963
f 964 965 960
f 963 966 961
f 967 968 969
f 935 937 969
f 970 971 972
f 969 970 935
f 968 967 973
f 971 970 974
f 973 975 968
f 449 976 454
f 977 978 979
f 979 980 977
f 977 981 982
f 983 981 984
f 985 986 987
f 988 989 985
f 987 990 985
f 985 859 988
f 991 992 987
f 987 993 991
f 993 994 995
f 996 997 998
f 999 996 1000
f 998 1001 1002
f 1003 1001 1004
f 1005 1006 1003
f 662 742 1007
f 1008 1009 1007
f 1007 1010 1008
f 742 1011 1010
f 743 1012 742
f 1013 1014 1015
f 679 780 1014
f 48 1016 47
f 1017 49 1018
f 1018 1019 1017
f 1019 1018 1020
f 1021 1022 1023
f 1023 1024 1021
f 1021 1025 1026
f 1026 1027 1021
f 1023 1028 1029
f 1028 697 1030
f 697 1028 695
f 1031 1032 1033
f 1034 1035 1033
f 1036 1034 1037
f 1038 1036 1039
f 1032 1040 1037
f 1041 596 1042
f 1041 1043 1044
f 1044 597 1041
f 599 1045 598
f 1046 597 1047
f 1047 1044 1048
f 1049 1020 1050
f 1051 1049 1052
f 1053 1049 1054
f 1054 1050 1055
f 1056 1057 1058
f 1059 1060 1061
f 1062 1063 989
f 1064 1062 988
f 989 1065 986
f 986 1066 993
f 1067 1068 1069
f 1068 1067 1070
f 1069 1071 1067
f 1072 1073 1069
f 1069 1074 1072
f 1068 1075 1074
f 1076 1077 794
f 1077 1078 795
f 1079 1080 1081
f 1082 1083 1084
f 1080 1085 1084
f 1086 1087 1088
f 1088 1082 1086
f 1085 1089 1086
f 1090 1091 1092
f 1093 1094 1092
f 1095 1093 1096
f 645 1090 647
f 1097 1098 1090
f 1097 1090 1099
f 1100 1101 1102
f 1103 1104 1101
f 1105 1106 1107
f 1106 1105 1108
f 1102 1106 1109
f 1110 1111 1112
f 1113 1114 1112
f 1112 1115 1110
f 1116 1115 905
f 1117 906 1113
f 1118 1113 1119
f 1120 1117 1118
f 1121 1122 1123
f 1124 1125 1122
f 1123 1126 1121
f 1127 1128 1123
f 1123 1129 1127
f 1130 1131 1132
f 1133 1134 1135
f 1135 1130 1136
f 1137 1138 1139
f 1140 1137 1141
f 786 782 1142
f 1143 1144 1145
f 1142 1146 786
f 1144 1143 1147
f 1148 1143 683
f 1149 1150 1151
f 1152 1153 1154
f 1153 1155 1151
f 1154 1156 1152
f 1150 1157 1154
f 1150 1149 1158
f 1158 1159 1150
f 1160 1161 665
f 672 1161 1162
f 1161 1160 1163
f 665 1164 1160
f 1164 665 670
f 1165 1038 1166
f 1166 1039 1167
f 688 690 1032
f 690 1168 1040
f 49 1017 262
f 262 1169 237
f 1170 1169 1171
f 1172 1173 1174
f 1173 1172 1175
f 1176 1177 1178
f 1175 1177 1179
f 1177 1176 1180
f 1178 1172 1181
f 419 407 1181
f 1182 1183 406
f 1184 1185 649
f 1027 703 1022
f 1186 1187 1188
f 1189 1186 1190
f 1186 1189 1191
f 1190 1188 1192
f 1188 1193 1194
f 1193 1195 1196
f 1187 1197 1193
f 1198 1199 1200
f 1200 1201 863
f 1202 1203 1204
f 1200 1205 1198
f 1206 1207 1208
f 1208 1209 1206
f 1210 1211 1212
f 1213 1214 1215
f 1214 1134 1207
f 1207 1206 1215
f 1216 1131 1213
f 1141 1139 1216
f 1131 1130 1214
f 1217 1218 1219
f 1217 1220 1221
f 1219 1222 1223
f 1224 1219 1225
f 1219 1224 1217
f 1218 1226 1222
f 1227 1228 638
f 1229 1230 1228
f 572 566 734
f 1231 736 1232
f 740 570 732
f 1233 1234 1235
f 1235 1236 1233
f 1237 1238 1239
f 945 1239 1240
f 1241 1242 1243
f 1244 1245 1246
f 1242 1247 1246
f 1248 1249 1241
f 1247 1242 1250
f 825 1251 1252
f 1251 825 1253
f 819 825 1254
f 1252 1255 1256
f 1257 1258 1259
f 1259 1260 1257
f 1257 1261 81
f 1262 1263 1264
f 1265 1266 227
f 225 228 1267
f 1267 1266 1268
f 1266 1265 1269
f 1270 1271 1272
f 1273 1274 1275
f 1275 1276 1273
f 1277 1270 1278
f 1279 1280 1272
f 1281 1282 1283
f 1284 1285 1282
f 1286 1287 1288
f 1289 1290 1286
f 1290 1291 1287
f 1292 1293 1294
f 1294 1295 1292
f 1296 1297 1292
f 1298 1299 1300
f 1301 1302 1303
f 1304 1305 1303
f 1303 1306 1301
f 1302 1307 1308
f 1309 1304 1308
f 1302 1301 1310
f 1311 195 1312
f 195 1311 191
f 318 9 1313
f 1314 1315 1316
f 1313 1317 318
f 1317 1313 1318
f 1319 1314 1320
f 501 500 1321
f 500 1322 1323
f 1324 1325 1326
f 1325 1327 1323
f 1327 1328 1321
f 1329 1330 1331
f 1332 1333 1331
f 1334 1335 1336
f 1337 1329 1335
f 1338 1339 1332
f 1331 1340 1332
f 1341 1342 1343
f 1344 456 1345
f 1346 1341 453
f 1342 1341 1347
f 456 450 1343
f 935 972 934
f 972 1348 1349
f 1350 1351 1352
f 1353 1352 1354
f 1351 1355 1356
f 1352 1356 1357
f 1358 1351 1359
f 1351 1358 1355
f 508 1360 505
f 1361 1362 1363
f 880 879 1364
f 1365 1366 1364
f 1367 1368 496
f 496 880 1367
f 1366 1365 1369
f 1364 1370 1365
f 1371 1372 1373
f 1374 749 1375
f 1376 1377 1374
f 1378 1374 1379
f 1379 1375 1380
f 752 1381 751
f 1221 1382 1217
f 1382 1383 1218
f 1384 1385 1386
f 1387 1384 1388
f 1389 1390 1391
f 1388 1386 1392
f 1393 1391 1394
f 1048 1395 1396
f 1397 1048 1398
f 1395 1399 1400
f 1401 1402 1400
f 1048 1403 1395
f 1404 1405 1406
f 1406 1407 1408
f 1409 1410 1411
f 1405 1404 1412
f 1405 1413 1407
f 1414 1415 1416
f 1417 1416 1418
f 1308 1419 1309
f 1418 1419 1420
f 1415 1421 1309
f 1422 1423 1424
f 1424 1393 1425
f 1391 1393 1389
f 1389 1423 1426
f 1027 1026 1427
f 1428 904 1427
f 1427 1429 1428
f 1430 1429 1431
f 1432 1082 1433
f 1434 1433 1435
f 1436 1437 1438
f 1438 1439 1440
f 1441 1439 1442
f 1443 1444 1436
f 1445 1446 1447
f 1448 1449 1450
f 1446 1451 1448
f 1446 1445 953
f 1451 1446 956
f 1238 1237 1452
f 944 1237 945
f 1452 1453 1238
f 1452 943 1454
f 1455 1456 1457
f 1458 601 1456
f 1047 1459 1046
f 1460 1458 1455
f 1461 1462 1463
f 1463 1464 653
f 1461 1465 1466
f 1465 1461 363
f 1462 1461 1467
f 1468 1436 1469
f 1470 1443 1468
f 1471 1472 1128
f 1472 1473 1474
f 1475 1471 1476
f 1126 1472 1477
f 1478 1479 1480
f 1480 1481 1478
f 1482 1483 1484
f 1485 1486 1487
f 1488 525 519
f 521 527 519
f 519 1489 1488
f 525 1488 1490
f 526 525 1491
f 1492 1493 1494
f 1494 1495 1496
f 1497 1495 1498
f 1499 1500 1501
f 1500 1502 1492
f 1501 1492 1503
f 1503 1494 1504
f 1505 1506 274
f 271 272 1507
f 1508 1509 1510
f 1510 1511 1508
f 1512 1513 1510
f 1514 1515 1510
f 1509 1516 1514
f 1517 1518 1519
f 1520 1521 1522
f 1519 1523 1517
f 1523 1524 1522
f 1522 1525 1520
f 1526 1527 1528
f 1528 1529 334
f 1527 1530 1529
f 1531 1532 1533
f 1534 333 1532
f 1530 1535 1533
f 1536 1531 1537
f 1538 1539 486
f 1540 1541 1542
f 1543 1544 1538
f 484 483 1541
f 1545 1544 385
f 1546 1545 1547
f 1548 1547 1549
f 1547 1548 1546
f 982 1550 977
f 1550 1551 978
f 1552 1553 1554
f 978 1555 1556
f 1554 1555 1557
f 1558 1550 1559
f 1560 664 1561
f 664 1560 744
f 660 1562 658
f 1562 1563 1561
f 1561 1164 1560
f 438 1564 1565
f 1566 1567 1565
f 1568 1566 1569
f 1570 1571 1572
f 1573 1574 1575
f 1576 1572 1577
f 1571 1578 1575
f 1579 1580 1221
f 1581 1411 1582
f 1412 1583 1405
f 1584 1409 1581
f 1581 1585 1584
f 1582 1413 1586
f 1582 1587 1581
f 1587 1582 1588
f 1589 1590 1591
f 1592 1593 1590
f 1590 1594 1595
f 1592 1590 1596
f 1597 1593 1598
f 1599 1600 1601
f 1601 1602 1599
f 1603 1604 1605
f 1606 1600 1607
f 1600 1599 1608
f 1600 1606 1605
f 339 338 344
f 621 1609 618
f 342 1610 340
f 1542 1611 1540
f 1611 1612 1613
f 1614 1615 1616
f 1615 1617 1613
f 1545 1546 1542
f 1544 1545 1539
f 1541 1540 484
f 1197 1187 1618
f 1187 1186 1619
f 1620 1621 1619
f 1618 1622 1197
f 1623 1624 1625
f 1623 1504 1609
f 1504 1623 1503
f 1624 1623 621
f 1626 1501 1625
f 1627 1626 1628
f 1629 1627 1630
f 1631 1632 1633
f 1632 1631 1634
f 1635 1632 1636
f 1637 1638 1639
f 1633 1637 1640
f 1638 1637 1635
f 1310 1641 1302
f 1420 1307 1642
f 1267 1643 225
f 1268 1644 1267
f 168 226 1645
f 1646 1647 1648
f 1648 1649 1646
f 1650 1651 1646
f 1648 1652 1653
f 1654 1652 1655
f 1656 1657 1654
f 1658 1659 1184
f 1660 1184 651
f 1661 1658 1660
f 651 1662 1660
f 1663 1664 1665
f 1665 1666 1667
f 757 755 1668
f 1664 1669 1666
f 1670 1671 1663
f 1665 1672 1663
f 1673 1674 1675
f 1676 1673 1677
f 1678 1679 1676
f 1679 1680 1673
f 1677 1339 1676
f 1681 1682 1683
f 1684 1682 1426
f 611 610 1684
f 920 611 1685
f 1426 1686 1684
f 1326 1687 1324
f 1688 1689 1690
f 1689 1688 1147
f 1691 1688 1692
f 1690 1687 1693
f 1192 1694 1190
f 1695 1696 1694
f 342 341 1194
f 1697 1698 1190
f 1699 1700 1412
f 1699 1701 1700
f 1586 1583 1702
f 1703 1702 1704
f 1705 1706 1707
f 1708 1709 1706
f 1710 1707 1711
f 1712 1713 1714
f 1715 1714 1716
f 1717 1334 1718
f 1719 1337 1334
f 1720 1719 1717
f 1719 1720 1721
f 1722 1717 1723
f 1717 1722 1720
f 1724 1725 1726
f 1727 1728 1729
f 1728 1730 1724
f 1731 1732 1733
f 1734 1735 1727
f 1736 1387 1737
f 1418 1736 1417
f 1392 1738 1388
f 1739 1740 1741
f 1740 1739 1742
f 1743 1744 1745
f 1111 1743 1119
f 1746 1118 1745
f 1742 1746 1740
f 1747 1748 1749
f 1750 1747 1751
f 1752 1747 1753
f 1754 1755 1749
f 1756 1754 1757
f 1758 1757 1759
f 1757 1758 1756
f 1760 1761 1762
f 1122 1763 1124
f 1763 1764 1762
f 1765 889 1760
f 1125 1124 1766
f 1498 1767 1497
f 1768 1767 1769
f 1767 1498 1770
f 1495 1497 1771
f 1772 1773 1774
f 1767 1768 1774
f 1775 1776 1777
f 1776 1778 1779
f 1777 1779 1408
f 1780 1781 1782
f 1778 1783 1782
f 1784 1785 354
f 1786 1787 1788
f 354 347 1784
f 1785 1784 1789
f 1787 1790 1791
f 1792 792 1793
f 793 790 1794
f 1794 1795 793
f 1796 1797 1792
f 1798 1792 1799
f 1800 1801 1802
f 1803 928 1804
f 1801 1805 1804
f 1806 1807 1808
f 1808 1809 1806
f 1810 1811 1812
f 1808 1813 1814
f 1807 1815 1813
f 1816 1817 1818
f 1819 1820 1821
f 1822 1820 1823
f 1817 1816 1822
f 1821 1816 1824
f 1821 1825 1819
f 597 1046 595
f 1826 600 1458
f 1827 1828 1829
f 1830 1831 1832
f 1828 1827 1833
f 1829 1834 1827
f 1829 1831 1835
f 1836 1837 1838
f 1837 1836 1839
f 1840 1841 1842
f 1838 1843 1836
f 1844 1845 1838
f 1846 1844 1847
f 1837 1848 1847
f 1849 1850 1851
f 1852 1853 1854
f 1855 1852 1850
f 1855 1850 1856
f 1857 1144 1858
f 1147 1859 1689
f 1860 1859 1148
f 550 1861 1862
f 1863 1864 1861
f 1865 1866 1867
f 1868 1869 1866
f 1870 1868 1865
f 1871 1867 1872
f 1610 342 1196
f 1873 1874 1875
f 1874 1753 1876
f 1753 1874 1752
f 1877 1878 1876
f 1879 1873 1880
f 1878 1881 1875
f 1882 1883 831
f 833 1884 831
f 1885 1882 1886
f 839 832 1887
f 1888 1889 1890
f 1891 1649 1892
f 1892 1889 1893
f 1653 1890 1648
f 1894 1895 1896
f 1066 1897 994
f 1898 1896 1661
f 1896 1897 1658
f 1899 1900 1901
f 1901 1902 1009
f 1009 1008 1901
f 1902 1903 663
f 1903 1902 1904
f 912 1905 1906
f 1907 1908 1909
f 1906 1909 1910
f 1906 1911 912
f 1910 1912 1906
f 1863 549 1913
f 1914 1915 548
f 1861 550 1863
f 1913 1916 1863
f 1917 1918 1919
f 1920 1921 1922
f 1919 1923 1917
f 1924 1925 1917
f 1919 1920 1926
f 1923 1919 1927
f 1897 1066 1659
f 1659 1065 1185
f 1183 1182 1928
f 1929 1182 409
f 1178 1928 1176
f 1928 1178 1183
f 1182 1929 1930
f 1931 1932 1930
f 1933 1934 1935
f 1934 1933 1936
f 1937 1933 1938
f 1939 1940 1935
f 1935 1941 1939
f 1941 1942 1943
f 1934 1944 1941
f 1945 1892 1946
f 1947 1945 1948
f 1949 1891 1945
f 1949 1945 1604
f 1111 1110 1950
f 1951 1952 1953
f 1110 1954 1953
f 1952 1951 1328
f 1955 1956 1954
f 474 478 1957
f 1958 1959 1960
f 478 477 1960
f 1960 1961 1958
f 1962 1963 384
f 1964 1548 1965
f 1421 1415 1965
f 1963 1421 1549
f 1965 1966 1964
f 1967 1693 1968
f 1969 1968 1970
f 1971 1236 1972
f 1693 1973 1972
f 1692 1690 1967
f 1974 1975 1976
f 1977 1978 1979
f 1979 1980 1977
f 1980 1979 1981
f 1926 1922 1974
f 1982 1974 1642
f 1974 1982 1926
f 1299 1983 1984
f 1985 1295 1986
f 1299 1984 1294
f 1986 1984 1987
f 1988 1985 1989
f 1989 1986 1990
f 1641 1310 1991
f 1992 1993 1994
f 1982 1991 1927
f 1310 1995 1994
f 1996 1997 1998
f 1999 2000 2001
f 2001 2002 1999
f 1996 2003 2004
f 2004 2005 1996
f 1998 2006 1996
f 2007 2008 1754
f 1754 1756 2007
f 2008 2007 2009
f 1686 2010 1685
f 927 925 2011
f 925 920 2012
f 2013 2014 1915
f 2015 2016 2014
f 2014 2017 1913
f 2013 2018 2014
f 1959 2019 1957
f 475 474 2020
f 2021 2022 2023
f 1707 1710 1705
f 2022 1708 1705
f 2023 2024 2021
f 2022 2021 2025
f 973 2026 2027
f 2028 2027 1034
f 2027 2028 973
f 2027 1244 1035
f 2026 2029 1244
f 2030 2031 2032
f 856 2033 2034
f 857 856 2035
f 2036 2037 2038
f 2037 2036 2039
f 2040 2041 2042
f 2042 2043 2040
f 2039 2044 2037
f 2045 2046 2047
f 1839 1841 2048
f 2046 2049 2050
f 2046 2045 1094
f 2047 2051 2045
f 1841 1840 2050
f 2051 2047 2052
f 1770 2053 875
f 2054 1768 2055
f 875 877 1770
f 877 2056 1769
f 2057 1780 2058
f 1163 2059 2058
f 1163 2058 1162
f 1970 1453 1969
f 1236 1235 1970
f 1785 2060 1791
f 2061 2062 2063
f 2064 2065 2062
f 2066 2064 2061
f 1169 1170 1312
f 2067 1005 2068
f 2068 2069 2067
f 2070 2071 2072
f 2072 2005 2070
f 2073 2002 2068
f 579 2074 1806
f 575 579 2075
f 2076 2077 1893
f 2078 2079 2076
f 2080 2077 153
f 1893 2081 2076
f 1604 1603 1949
f 1646 1891 1650
f 1651 1650 2082
f 1604 1947 1601
f 1607 1608 2083
f 2084 2085 2086
f 591 2087 2088
f 2086 2087 2089
f 1882 2086 1883
f 2086 1882 2084
f 2090 2091 2092
f 2093 2094 2090
f 2095 2096 2094
f 2097 2091 2098
f 2094 2093 2095
f 2090 2099 2093
f 2092 2100 2090
f 2101 2102 2103
f 2103 2104 2101
f 2101 2105 2106
f 2107 2108 2109
f 1591 1104 1589
f 2110 2111 1103
f 1596 1589 2112
f 2113 2114 2115
f 2115 2116 2117
f 2118 2119 2117
f 2119 2118 2120
f 2115 2119 2113
f 2121 2122 2117
f 2123 2124 2125
f 766 765 2126
f 2127 2128 2129
f 2130 2131 2128
f 405 2132 2133
f 403 402 2132
f 2134 2133 2135
f 2136 2137 514
f 2138 2139 2140
f 2141 2142 2138
f 2142 1377 2139
f 2141 2143 2144
f 2143 2141 2145
f 2142 2141 750
f 565 1442 2146
f 2147 1232 2148
f 568 1441 565
f 1639 2149 2150
f 2150 2151 2152
f 2150 2153 1639
f 1523 1519 2154
f 2154 2155 1523
f 2155 2154 416
f 2156 2157 2158
f 2158 2159 2156
f 1519 2160 2158
f 489 488 2161
f 2162 741 756
f 735 2163 733
f 741 2162 739
f 739 2143 2164
f 1156 2165 2166
f 2167 1924 2165
f 1157 2167 1156
f 2168 2169 1790
f 2170 2171 2169
f 2172 2173 1045
f 1045 599 2172
f 1043 1041 2174
f 2175 2176 2177
f 2178 2179 2180
f 2181 2182 2176
f 2183 2181 2175
f 2184 2175 2185
f 2186 2187 2188
f 2189 2190 2191
f 2191 2192 2189
f 2193 2186 2194
f 2195 2196 2197
f 908 907 2198
f 2197 2199 2195
f 907 915 2197
f 914 908 2200
f 435 2201 2202
f 2203 2204 2205
f 2205 1383 2203
f 1990 1987 2206
f 2207 2204 1987
f 2208 1990 1580
f 1711 2209 1710
f 2024 2023 2210
f 2209 2211 2210
f 2211 2209 2039
f 2212 2213 2214
f 2214 2215 2212
f 2216 2217 2218
f 2219 2220 2221
f 2222 2223 2220
f 2220 2219 2222
f 2224 2225 2226
f 2227 2228 2229
f 2226 2230 2224
f 2230 2226 2231
f 2225 2232 2229
f 2225 2224 269
f 2233 2234 2235
f 2234 2159 2236
f 2237 2238 2236
f 2233 2239 1657
f 2235 2240 2233
f 2241 2242 1939
f 1939 1943 2241
f 2243 2244 2245
f 2244 2246 2247
f 2245 2247 2248
f 2249 2250 2251
f 2252 1824 2249
f 2248 2250 1818
f 322 79 2253
f 128 322 2254
f 2255 2256 2257
f 1261 2257 78
f 2257 1261 2255
f 2258 1469 2259
f 1469 2258 1468
f 1469 1438 2260
f 2261 2262 2259
f 2263 2258 2264
f 2260 1440 2265
f 2265 2261 2260
f 1569 2266 1568
f 2267 2268 1568
f 1731 2267 2269
f 2270 2269 2271
f 1564 2272 1569
f 2271 2266 2273
f 2274 2275 2204
f 1983 2274 2207
f 2205 2276 2277
f 2278 2279 2275
f 2280 2281 2274
f 2278 2275 1211
f 2282 2283 2085
f 592 2088 2284
f 2285 2286 2287
f 2288 2289 2290
f 2291 2289 2292
f 2286 2285 2291
f 852 2290 2293
f 854 2288 852
f 2290 2285 2294
f 1881 2295 1880
f 2296 2297 2298
f 2295 2299 2300
f 1880 2300 1879
f 2301 2302 2303
f 2304 2305 2302
f 2305 2304 2306
f 2304 2307 2308
f 2307 2304 2301
f 1336 1333 1677
f 1718 1336 1675
f 2309 2310 2311
f 638 2310 1227
f 2096 2312 2098
f 2313 2314 2095
f 2315 2316 2317
f 2317 2318 1536
f 2316 2319 2318
f 2318 1534 1531
f 2320 2321 2316
f 2316 2315 2320
f 178 169 2322
f 962 2323 2324
f 962 961 2323
f 2323 1054 2325
f 1053 1054 2326
f 2327 2328 2325
f 2329 603 265
f 2330 2329 179
f 2331 2332 2333
f 2334 2331 2335
f 2336 2337 2333
f 2338 2339 2340
f 2341 2336 2339
f 2342 2343 2344
f 2345 463 2346
f 464 2342 462
f 2347 2348 2345
f 2346 2349 2345
f 2350 2351 2352
f 2280 2353 2350
f 2354 2355 2351
f 2353 2280 1983
f 2281 2280 1209
f 2356 2357 1385
f 2357 2358 1394
f 2359 606 2360
f 2360 2361 2362
f 2360 2363 2359
f 2364 345 1771
f 345 344 1496
f 1771 1773 2364
f 2365 2366 2367
f 2367 2368 1354
f 2366 2369 2368
f 2366 2365 715
f 2370 2371 2372
f 2373 2370 2374
f 2375 2000 2370
f 2376 2371 1999
f 2377 2006 2378
f 2378 2375 2373
f 1298 2353 1299
f 2354 1298 2379
f 1515 2380 1512
f 2381 1513 2382
f 2383 2381 2384
f 1515 2385 2380
f 2384 2382 2386
f 2387 2388 1097
f 1097 1099 2387
f 2389 1091 2390
f 1955 1954 1116
f 1355 2391 2063
f 2391 2392 2393
f 2394 2061 2393
f 389 2395 2396
f 2395 2397 2398
f 393 600 2395
f 2399 2400 2401
f 1225 2402 1224
f 2402 2403 2404
f 2400 1220 2404
f 2401 2386 2399
f 2400 2399 2405
f 2406 2407 1985
f 2407 2406 2408
f 2408 1296 2407
f 1116 905 1428
f 901 2409 904
f 1955 1116 2410
f 2411 260 2412
f 2413 259 2411
f 2414 2415 2416
f 818 2417 2418
f 2417 2419 2416
f 2415 2420 2418
f 1656 2421 2234
f 2234 2233 1656
f 2422 2423 2424
f 2425 2426 2427
f 145 148 2424
f 2424 2426 145
f 2424 2428 2422
f 1499 2429 593
f 593 2430 591
f 860 990 862
f 2431 2432 2433
f 2434 2435 2436
f 2435 2437 2433
f 2438 2439 2434
f 2439 2440 2435
f 2441 1079 2442
f 2443 1701 1079
f 1079 2441 2443
f 2444 705 2445
f 705 2444 2446
f 706 705 2447
f 2448 1064 861
f 2449 2450 2451
f 2452 1330 2450
f 2453 2451 2454
f 2450 2455 2296
f 2298 2456 2296
f 992 991 2457
f 991 995 2458
f 2459 1204 2457
f 2458 2406 1988
f 1988 2459 2458
f 1159 1158 2460
f 1284 2461 2462
f 2463 2462 2464
f 2465 2466 1482
f 2467 1483 2196
f 2466 2465 2200
f 1484 1937 1482
f 1479 1478 2467
f 1507 2232 271
f 2468 2469 2470
f 929 928 2468
f 2471 1803 2472
f 1803 2471 2468
f 939 929 2470
f 2473 2474 2475
f 2476 2477 1671
f 2478 2479 2477
f 2475 2480 2473
f 2481 2482 2483
f 2483 2484 2481
f 2485 2482 2486
f 2487 2483 2488
f 2489 2490 2482
f 2482 2481 2489
f 619 1610 2491
f 343 337 2364
f 1683 2492 1681
f 1681 2493 2494
f 2492 1683 2495
f 2494 2496 1681
f 2432 2497 2436
f 2498 2499 2431
f 2499 2498 2500
f 2501 2499 2502
f 2497 2432 2501
f 2503 2431 2504
f 2193 2505 798
f 2505 910 2506
f 1911 797 2506
f 2194 2507 2193
f 798 805 2193
f 2508 2509 2510
f 2509 2508 1884
f 2510 2511 2508
f 1885 1886 2512
f 2513 2514 2515
f 2511 2510 2516
f 1122 1121 1763
f 1535 2517 1537
f 2518 2519 2520
f 2518 18 2521
f 2522 2523 2520
f 2520 2524 2522
f 2520 2525 2518
f 2526 2524 2396
f 1136 2527 1135
f 1136 1132 2528
f 2528 2529 1136
f 1135 2530 1133
f 782 781 1145
f 2531 692 958
f 2532 964 2533
f 692 691 959
f 2534 2535 2414
f 2420 2415 2536
f 2537 2414 2538
f 1417 1737 2539
f 1738 1392 2540
f 2539 1738 2541
f 1416 1417 1414
f 2541 2542 2539
f 2543 1283 2544
f 2545 1281 2543
f 2460 2461 2545
f 2461 1284 1281
f 2546 2547 711
f 2548 2549 2547
f 409 2546 1929
f 2200 2198 2466
f 2305 2467 2195
f 563 562 2550
f 560 789 562
f 562 2551 2552
f 2355 2354 2314
f 2553 2554 2555
f 2312 2096 2379
f 2555 2355 2313
f 2379 1300 2312
f 2556 2557 2558
f 2558 2559 2556
f 2560 2561 2556
f 2559 2558 2562
f 2563 2564 2565
f 2558 2566 2567
f 1203 1202 2568
f 2568 2569 1203
f 1203 2570 1198
f 2571 2572 2568
f 2573 2208 1579
f 1579 2571 2573
f 2208 2573 2574
f 2575 1775 2576
f 1775 2575 2577
f 2578 2576 1409
f 1408 1410 1777
f 2576 2578 2575
f 1768 2054 2579
f 2579 2580 2581
f 2581 1772 2579
f 2580 2441 2582
f 2054 2583 2580
f 2584 1191 2585
f 2584 1620 1191
f 1698 2586 1189
f 2586 2587 2588
f 363 1463 359
f 653 2589 650
f 821 2590 2419
f 822 2591 821
f 2592 2590 2593
f 824 2594 822
f 2419 2417 821
f 946 2595 942
f 2596 2597 2565
f 2598 2563 2599
f 2565 2566 2596
f 2597 2600 2599
f 2601 2602 2596
f 2603 2411 2604
f 1056 2413 2603
f 1057 1056 2605
f 2604 894 2603
f 2604 2412 896
f 374 886 373
f 2606 371 2607
f 327 1526 325
f 2608 2609 1526
f 2610 2608 327
f 2611 2612 2608
f 2613 2611 2610
f 2614 461 2348
f 2615 2614 2616
f 862 992 1205
f 1577 1574 2582
f 1574 1573 2581
f 2582 2442 1577
f 2617 2618 2619
f 1127 2617 2620
f 1129 1125 2617
f 2621 2619 2622
f 2623 2624 1213
f 2624 2625 1216
f 2625 2624 2626
f 2627 2628 660
f 2097 2629 2630
f 2098 2631 2097
f 2630 2632 2097
f 2632 2630 2633
f 2630 1898 2634
f 1896 1898 1894
f 2635 2282 2084
f 2084 1885 2635
f 2636 2637 2635
f 2283 2282 2638
f 2249 2639 2252
f 2640 1825 2641
f 2642 2641 2643
f 2251 2644 2249
f 1083 2645 1081
f 2646 2647 2648
f 2649 2650 2651
f 2650 1567 2652
f 440 439 2650
f 2647 1921 2652
f 868 575 2653
f 2653 2654 868
f 2653 2075 2655
f 2656 2657 1280
f 2657 2658 1278
f 1278 2659 1277
f 1280 1279 2656
f 2657 2656 2660
f 955 2523 2661
f 2523 91 2525
f 2293 2294 2662
f 2662 2663 2293
f 2663 2662 2664
f 2662 2665 2666
f 2667 2665 2287
f 1626 1627 2429
f 2033 2668 2032
f 864 2669 2033
f 2032 2670 2030
f 2113 2671 2672
f 2673 2672 2674
f 2675 2676 2677
f 2678 2679 2671
f 2671 2119 2678
f 2680 2681 2682
f 2185 2680 2184
f 2683 2684 2680
f 2175 2184 2183
f 2184 2682 2685
f 775 769 2686
f 2687 774 2688
f 1924 2167 2686
f 2686 2689 775
f 2686 770 1924
f 770 773 1925
f 1507 1506 2690
f 1506 1505 2691
f 2692 2693 2694
f 2692 2695 2696
f 2696 2697 2692
f 2694 2140 2692
f 2693 2698 2699
f 2699 2700 2164
f 2694 2699 2145
f 910 2505 913
f 675 1744 673
f 1744 675 1741
f 680 2701 677
f 674 673 681
f 673 1743 1950
f 2702 2703 2542
f 1415 1414 1966
f 1108 2704 2705
f 2705 2706 1108
f 2707 2704 2708
f 148 139 2428
f 2709 2710 2634
f 2634 1661 2709
f 2711 510 2712
f 2713 2714 2712
f 2712 501 2713
f 2715 2716 2717
f 2718 2719 2715
f 2720 2715 2721
f 2717 2722 2723
f 2722 2724 2725
f 2724 2722 2726
f 1674 2727 2728
f 2729 2292 2730
f 2727 2291 2729
f 2727 1674 2731
f 2728 2729 1723
f 2019 1959 1030
f 2732 2019 704
f 2733 2020 2732
f 2447 2732 706
f 2006 1998 2375
f 2734 2735 2736
f 2737 2738 2739
f 2740 2736 2741
f 2741 2742 2740
f 2743 2048 2744
f 2745 1839 2743
f 1839 2745 1837
f 2746 1830 2747
f 722 2748 2746
f 1831 1830 2749
f 2750 2746 2751
f 2752 2753 2747
f 2747 1832 2752
f 1832 1828 2754
f 2755 2756 1435
f 1434 2627 2757
f 2758 1433 2757
f 1434 2756 2627
f 2759 2755 1087
f 2755 2759 2760
f 2761 2227 2762
f 2227 2761 2563
f 2762 2690 2761
f 30 263 1061
f 604 2763 75
f 1794 791 2764
f 1485 2765 788
f 2766 2767 2765
f 2767 2768 2764
f 1459 1047 1397
f 1490 2769 2770
f 2770 2771 2772
f 1491 1490 2773
f 2774 2775 2769
f 2774 2769 2776
f 2764 2777 1794
f 2486 2778 2779
f 2488 2485 2780
f 2781 2780 2779
f 2782 2783 2490
f 773 440 2649
f 594 592 2784
f 589 594 2785
f 2786 2787 2788
f 2789 2788 2092
f 623 2100 2790
f 2787 1630 2790
f 2790 2791 623
f 834 2792 2786
f 1630 2787 1629
f 2791 1624 620
f 1624 2791 1628
f 2793 1361 2794
f 2794 1363 509
f 1361 2795 1362
f 2796 2795 2793
f 2797 2130 2127
f 2131 2130 2798
f 1858 2797 1857
f 427 2202 1443
f 350 2799 346
f 2800 619 2801
f 2801 2802 2800
f 1195 2803 2491
f 2804 1262 2427
f 2804 2805 2806
f 2427 2423 2804
f 2806 2807 2804
f 1258 2425 1264
f 2387 2808 2809
f 2810 2809 2612
f 2811 2388 2809
f 2808 2812 2813
f 1099 2814 2808
f 1209 1208 2281
f 2352 2815 2350
f 2816 2278 1210
f 2114 1253 2116
f 2817 2121 2818
f 2673 1251 2114
f 2819 2820 1349
f 2821 2822 2823
f 2823 2824 2825
f 2825 2826 2823
f 2826 2827 2828
f 2829 2821 2828
f 603 2329 421
f 2830 2831 681
f 2832 2833 2674
f 1256 2833 2834
f 2833 2832 2835
f 2674 2676 2832
f 1251 2673 1255
f 1843 2836 1842
f 1842 2837 1840
f 1670 2838 2839
f 1663 2840 1670
f 2839 2476 1670
f 2841 2842 2843
f 1712 2844 2842
f 2845 2846 2847
f 2846 2845 2439
f 2847 1835 2845
f 2848 2849 2850
f 2850 2440 2848
f 479 473 2851
f 2852 477 2853
f 2851 2854 479
f 2851 469 2030
f 469 468 2031
f 2855 2856 2857
f 2857 2858 2859
f 2856 2816 2858
f 2860 2861 1964
f 1964 2703 2860
f 1612 1611 2861
f 2862 1102 2863
f 356 355 1063
f 2766 1487 2306
f 2467 2305 1479
f 2864 2865 2866
f 2867 2868 2869
f 2866 2870 2864
f 2871 2867 2872
f 2870 2866 2873
f 1175 2874 1173
f 2875 2876 2754
f 2753 2752 2877
f 2877 2876 493
f 2814 1099 644
f 2517 2814 1230
f 1159 2689 1157
f 1894 2629 1297
f 2312 1293 2631
f 1688 1691 1858
f 2130 2797 2878
f 1692 2879 1691
f 2880 854 2881
f 854 2880 2288
f 847 2882 855
f 2883 2733 2447
f 2545 2687 2460
f 2884 2319 2885
f 2884 2886 333
f 2885 2321 2887
f 2262 2885 2264
f 2886 2884 2262
f 2888 2889 1844
f 2890 2807 2891
f 2889 2888 2806
f 1844 1846 2888
f 814 2891 813
f 906 1117 902
f 905 1114 899
f 2892 2893 2894
f 2895 1000 2892
f 2896 1869 2894
f 2893 1002 2897
f 546 2896 2897
f 547 546 2898
f 1929 711 2899
f 1879 2297 2900
f 2901 2118 2902
f 2903 2901 1075
f 2904 2577 2905
f 2577 2904 1775
f 2577 2906 2907
f 2908 2904 2909
f 2706 2705 2907
f 413 418 411
f 844 414 842
f 2910 2911 414
f 2912 2910 844
f 2454 2456 2913
f 2456 2298 2914
f 2915 2916 2299
f 2299 2295 2915
f 559 553 2917
f 563 2918 552
f 1963 1962 1305
f 2919 1306 378
f 2341 2919 380
f 2920 2921 2922
f 2923 724 1015
f 2924 725 2923
f 2922 2925 726
f 1015 2925 1013
f 2926 2927 2928
f 2929 2930 1179
f 2926 2931 2873
f 2932 2933 2930
f 2928 2104 2926
f 2934 2935 2936
f 2935 2937 2938
f 2935 2934 2939
f 2940 2941 2938
f 2941 939 2936
f 2936 2470 2934
f 876 495 2056
f 497 490 876
f 2942 2943 494
f 2944 2055 2943
f 2945 2946 2947
f 2553 2945 2948
f 2948 2947 2949
f 2950 1622 2951
f 2951 2952 2950
f 2946 2945 2953
f 1622 2950 2954
f 2955 2956 2957
f 2958 2959 2956
f 2956 2960 2961
f 2957 2961 999
f 2961 2962 996
f 2963 723 2964
f 2746 2750 722
f 2964 2750 2965
f 2748 722 727
f 2089 2430 2966
f 2966 1887 2089
f 2616 2967 2615
f 2348 2347 2616
f 2515 1467 2513
f 2099 624 2968
f 2093 2968 2969
f 2923 401 2924
f 2924 2134 2970
f 2133 2134 405
f 2542 2541 2702
f 441 443 445
f 777 2971 772
f 671 2972 2973
f 2974 2975 2976
f 2975 2974 1904
f 2976 2977 1615
f 2978 2977 2979
f 581 580 2980
f 2980 2981 2982
f 2982 2983 2980
f 2980 2984 581
f 2981 627 2985
f 627 2981 630
f 2638 2986 2283
f 2986 2987 2284
f 1062 1064 364
f 2988 362 2989
f 471 2989 2448
f 476 2988 471
f 2990 2991 1234
f 2991 2992 1240
f 2993 542 2994
f 2489 540 2993
f 2995 2996 2997
f 2504 2998 2503
f 2999 3000 3001
f 2503 2995 3002
f 2789 2633 3003
f 2633 2789 2632
f 1667 3004 1665
f 3005 3006 3007
f 2860 3008 3005
f 3007 1616 3005
f 3005 1612 2860
f 3009 3010 1318
f 3011 3012 3013
f 1602 3013 3014
f 3013 1948 3011
f 3014 3015 1599
f 3010 3009 3014
f 3016 2313 2969
f 2802 3016 3017
f 3018 2555 3016
f 3019 3020 3021
f 3022 3023 3024
f 3025 3024 3026
f 3027 3022 3025
f 3028 3029 1564
f 2273 2272 2102
f 3029 3028 3030
f 614 3031 569
f 571 923 568
f 607 918 3031
f 2464 1149 3032
f 3033 3032 3034
f 2948 2352 2553
f 3035 2151 3036
f 2177 2179 3037
f 2179 2178 3035
f 3036 3038 3035
f 1638 3039 2149
f 3038 3036 3040
f 2102 2101 2273
f 2106 3041 3042
f 3030 2109 3029
f 3042 2271 2106
f 2705 3043 2905
f 3043 3044 2909
f 3044 3043 2707
f 778 676 781
f 1014 1013 679
f 780 679 778
f 3045 2957 3046
f 3047 1722 2730
f 2730 3048 3047
f 1723 1718 2728
f 2658 3049 2659
f 2659 3050 2734
f 3050 3051 2735
f 3052 3049 3053
f 3051 3050 3052
f 3054 3055 3056
f 3055 2879 3057
f 3055 3054 2798
f 3058 3054 3059
f 3057 3060 3061
f 3061 3062 3057
f 2998 3063 2995
f 2996 2135 3001
f 3064 459 2614
f 2614 2615 3064
f 2136 2999 2137
f 3065 3066 2999
f 2999 2136 3065
f 1800 2819 3067
f 1349 3068 2819
f 3069 3067 3070
f 3067 3071 3072
f 537 3071 3073
f 3074 2852 3075
f 3076 1470 3077
f 432 428 3076
f 3078 3076 3079
f 3079 3077 2263
f 593 585 1499
f 1501 1626 1499
f 3076 3078 432
f 3080 3078 3081
f 3082 430 3083
f 3084 3083 3080
f 3085 1931 2899
f 2899 712 3085
f 3086 3087 3085
f 3004 1667 3088
f 1137 1140 3089
f 1869 2896 1862
f 3090 3091 1823
f 3092 1822 3093
f 3094 3092 3095
f 3096 3091 3097
f 3091 3096 3093
f 3098 2495 2696
f 3099 3100 3101
f 3006 3102 3099
f 3102 3098 3100
f 2698 2693 615
f 614 2698 608
f 615 2697 613
f 3103 126 3104
f 1457 1459 3105
f 3106 1457 3107
f 3105 1397 639
f 497 878 496
f 3108 3109 3110
f 3111 3112 3109
f 3109 1855 3111
f 3113 3114 3115
f 1631 3116 3117
f 1634 3117 3118
f 3117 2560 3119
f 3116 3120 2560
f 3121 3122 3116
f 1989 2574 1988
f 2756 2755 3123
f 508 1362 1360
f 2991 2990 3124
f 3124 3125 2991
f 3126 2219 3127
f 3128 812 3127
f 3129 3126 3130
f 3127 2221 3128
f 1400 3131 1401
f 1399 3132 3131
f 1403 3133 1399
f 3134 3135 3136
f 3137 3138 3134
f 3138 3137 3139
f 3135 3138 2584
f 3134 976 3137
f 619 2800 617
f 2215 2214 3140
f 3141 3142 2223
f 2223 2222 3141
f 2654 3143 865
f 873 588 881
f 881 589 879
f 2144 2162 747
f 3144 3145 3075
f 2852 3074 3146
f 3075 3147 3144
f 3075 2853 3147
f 2651 1918 2649
f 3148 3149 1289
f 1289 3150 3148
f 931 3151 936
f 1305 1304 1963
f 3152 3153 3154
f 3154 2993 3152
f 3153 3152 2071
f 3155 3156 2994
f 3157 3158 3159
f 3160 3161 3157
f 3162 3158 3163
f 3164 3165 3161
f 3166 3167 3168
f 3166 3169 3167
f 3170 3166 3171
f 3168 63 60
f 2521 19 3167
f 1701 1699 1080
f 2443 3172 1701
f 994 1895 2408
f 1427 3173 1027
f 702 703 2409
f 2215 3174 2218
f 3175 2216 3176
f 3177 3178 3176
f 3174 2215 3179
f 3003 2786 2789
f 835 834 3003
f 924 3180 922
f 1369 1372 3181
f 1369 3182 1366
f 3183 1455 3106
f 3184 1460 3183
f 3185 1826 1460
f 3183 2837 3184
f 2837 3183 2052
f 3184 2836 3186
f 1460 3184 3185
f 1103 3187 2110
f 3188 2112 2110
f 3189 3188 3190
f 3187 3191 3190
f 1100 3192 3187
f 2880 3193 3194
f 3193 2880 3195
f 1297 1296 1894
f 3180 924 3196
f 1997 2069 2001
f 3197 3198 3199
f 3200 3201 3199
f 3199 3202 3197
f 3203 2363 3204
f 3204 3200 3203
f 2363 3203 3205
f 3198 3197 736
f 486 3206 1538
f 3207 3208 3209
f 485 3210 3206
f 3211 3209 3212
f 3213 2939 3214
f 913 2507 3215
f 2939 3216 3215
f 909 913 916
f 2939 3213 2935
f 3217 3218 632
f 3219 3218 3220
f 2835 3221 3217
f 3218 3219 3222
f 2827 3223 3224
f 535 3225 3226
f 3225 2829 3224
f 3111 1856 3227
f 3227 3228 3111
f 2125 3229 2123
f 2124 2123 1849
f 2987 3230 2784
f 1942 3231 3232
f 3233 3234 3232
f 3235 3236 849
f 849 3233 3235
f 3122 3121 3231
f 3236 3235 3237
f 3238 3239 3240
f 3241 3240 1735
f 3242 3243 3244
f 3244 3245 3246
f 3240 3245 3247
f 3248 3249 3239
f 3250 1654 2549
f 3251 3250 2548
f 2156 2421 3251
f 2549 1655 710
f 3252 1559 3253
f 3254 3252 3255
f 981 983 3253
f 1640 3237 1633
f 2153 3236 1640
f 3256 3257 3258
f 3259 426 3258
f 3260 3259 1165
f 3259 3260 3261
f 3258 3262 1165
f 1166 3263 1165
f 3260 3263 3264
f 3265 3266 2687
f 3265 2543 3267
f 2687 2545 3265
f 3267 3268 3265
f 3269 3270 3271
f 3270 3269 1401
f 3272 3271 3273
f 3274 3275 3276
f 3277 3278 3275
f 3279 3277 3274
f 2599 3280 2598
f 2598 3281 2228
f 1015 400 2923
f 3282 2793 3283
f 2793 3282 2796
f 3283 2794 3284
f 1268 1269 1796
f 2551 1797 3285
f 1644 1268 3286
f 3287 3288 3289
f 2720 3228 3289
f 3289 3290 3287
f 2715 2720 2718
f 3228 2720 3112
f 2719 2718 3291
f 3060 1967 1969
f 127 128 3104
f 3292 3103 3293
f 3294 3295 2958
f 3296 2960 3297
f 2960 3296 2962
f 3088 754 2163
f 750 2144 746
f 1580 2206 1382
f 2021 3298 3299
f 3299 457 3136
f 3298 3300 457
f 3301 3302 3303
f 2393 3302 2394
f 3304 3305 3301
f 3306 3307 2392
f 1401 3308 3270
f 3308 3309 3276
f 3310 3274 3311
f 566 2146 738
f 2131 3310 2126
f 2126 3311 766
f 2586 1698 1709
f 1696 3312 1697
f 1944 1934 3313
f 3120 3313 2561
f 3122 1944 3120
f 3313 1936 2601
f 1936 3314 2602
f 3315 3316 3317
f 499 491 3318
f 3317 3319 3315
f 493 3316 491
f 3317 3320 3321
f 3322 3320 3323
f 3324 1715 3325
f 3325 1716 3312
f 2363 2360 3326
f 3326 2362 2041
f 2041 2040 3326
f 2152 3327 2150
f 3327 2152 2882
f 2152 2178 3328
f 1140 1141 3139
f 2986 2638 3329
f 3329 3330 3331
f 3332 3329 3333
f 2987 2986 3332
f 3334 3335 3336
f 3337 2642 3338
f 3336 3339 3334
f 2643 3335 2642
f 2640 2641 3337
f 3340 3341 3342
f 3195 2182 3193
f 3342 3343 3340
f 3211 3344 3345
f 2726 3346 2724
f 2724 3347 3144
f 3347 2992 3145
f 3346 3348 3347
f 3349 2620 2621
f 1890 1653 3350
f 3350 3170 3351
f 3351 1888 3350
f 2240 3170 2239
f 3352 3353 3354
f 3355 3354 3356
f 3357 3358 3354
f 3359 3319 3356
f 3353 3318 3359
f 1703 498 3352
f 3360 3361 3362
f 2168 3363 3364
f 3362 3363 1786
f 3365 3273 3361
f 3366 3367 3368
f 3368 2744 3366
f 1096 3369 1095
f 2744 3368 2743
f 3368 3370 3371
f 3372 3370 3373
f 3374 903 3375
f 2638 2637 3330
f 898 897 3374
f 1454 3376 3377
f 1454 3378 3376
f 3379 350 3380
f 1453 3377 3061
f 351 3062 349
f 3381 3382 3383
f 3384 3381 3385
f 3385 3383 2320
f 2264 2887 2263
f 3386 3081 3381
f 2024 3387 3298
f 2210 3388 2024
f 3389 2929 1180
f 2927 2926 2874
f 2874 1175 2927
f 3390 761 3391
f 761 3390 3392
f 3393 3394 3395
f 3396 2872 3394
f 3397 3398 3399
f 3399 2870 3397
f 3400 3396 3393
f 3401 2871 3396
f 2437 3402 2504
f 2493 3403 2540
f 2702 3403 3404
f 2492 3405 2493
f 1256 3406 1252
f 2834 3407 1256
f 3408 3409 3410
f 2783 2782 3411
f 2490 3154 2782
f 3410 3153 3408
f 2589 3412 652
f 1464 3413 2589
f 3407 2834 3414
f 3217 3415 2835
f 635 3416 3415
f 3417 3407 872
f 2490 2489 3154
f 3151 3418 3148
f 1291 1290 3419
f 453 452 1346
f 3420 227 248
f 227 3420 1265
f 250 3421 3420
f 2550 2552 3421
f 1265 3422 3285
f 253 952 250
f 3423 3424 2534
f 2536 2535 3425
f 3424 3423 3426
f 3426 3427 3424
f 2534 3428 3423
f 2414 2537 2534
f 2555 3018 2553
f 3429 3430 3431
f 3432 3433 3429
f 3434 3430 3435
f 3433 3432 3436
f 3437 2434 3438
f 2497 3439 3438
f 3440 3437 3441
f 2624 2623 2951
f 2626 1621 2625
f 487 1751 3210
f 723 2963 720
f 3442 3443 3444
f 2920 2922 3442
f 3445 3446 3444
f 3444 3447 3442
f 3444 2963 3445
f 2402 1225 633
f 2985 634 1223
f 2403 2402 3222
f 3448 3449 1314
f 3449 3009 1315
f 2410 2714 1955
f 2712 1430 2711
f 1429 1430 2410
f 3450 3451 2910
f 3451 3450 3452
f 2910 2912 3450
f 3453 3454 3455
f 526 3455 524
f 3455 526 3453
f 3155 2898 1006
f 1006 1005 3155
f 2994 547 3155
f 1002 2893 998
f 569 2700 614
f 3456 3375 2636
f 3457 3374 3456
f 2636 2511 3456
f 2710 2709 837
f 837 835 2710
f 3458 3459 833
f 3460 2509 3459
f 1467 2515 3460
f 3459 3458 3461
f 3462 3460 3461
f 3463 3464 1450
f 2397 3463 3465
f 600 1826 2397
f 1450 3466 1448
f 2322 3467 2827
f 2330 2322 2826
f 2322 2330 178
f 3223 3468 3226
f 3468 3223 1645
f 3469 3470 445
f 445 2971 3469
f 451 3471 1138
f 3471 3472 2528
f 451 3089 449
f 1138 1137 451
f 2527 3473 2530
f 2529 3474 2527
f 3474 2529 3475
f 1279 1272 3476
f 1279 3476 3477
f 3478 3479 1274
f 1274 1273 3478
f 3480 3481 3200
f 2043 2843 3480
f 3200 3204 3480
f 3481 2840 3201
f 3016 2802 3018
f 2954 2946 2803
f 3482 2038 3483
f 2967 3483 436
f 3484 3282 1024
f 3284 1025 3283
f 1029 3484 1023
f 3485 2675 2679
f 2676 2675 3486
f 3487 3488 3489
f 3489 3490 3491
f 3393 3492 3400
f 3492 3393 3493
f 3493 3494 3492
f 3488 3495 3490
f 3495 3401 3400
f 3496 3497 3498
f 3499 3500 3501
f 3502 3501 3503
f 3504 3505 3496
f 3505 3506 3497
f 1423 1422 1686
f 3387 3507 3300
f 1341 1346 3508
f 3509 60 110
f 60 3509 3168
f 2481 551 540
f 3510 1760 3511
f 1760 3510 1765
f 1857 2127 1146
f 3226 3512 535
f 2829 3225 3513
f 3485 3514 2381
f 3515 1511 3514
f 3485 2679 3514
f 3514 3516 3515
f 2329 2330 2825
f 3517 2605 893
f 2605 3517 1057
f 3518 893 3519
f 2327 3517 3518
f 894 2604 892
f 2854 2851 3520
f 3520 3521 2854
f 3522 685 2328
f 958 2324 2531
f 685 3522 687
f 692 2531 684
f 3523 1543 3208
f 3208 3207 3523
f 1543 3523 3524
f 3524 387 1543
f 2008 1877 1755
f 2009 3525 2008
f 511 402 3526
f 3526 3527 511
f 3526 404 768
f 3528 3529 3530
f 949 3378 941
f 3378 949 3380
f 430 3082 3053
f 3053 3531 433
f 3051 3052 3532
f 3083 3084 3082
f 1210 1212 1133
f 1502 2053 1493
f 3533 329 3196
f 3196 3534 3180
f 927 3533 926
f 329 331 3534
f 3534 3535 2265
f 2171 2170 3277
f 2171 3058 353
f 3277 3279 2171
f 3146 1961 2852
f 1162 3536 672
f 377 366 3537
f 3538 3539 3536
f 2590 2592 3540
f 2419 3540 2538
f 2592 3541 2740
f 1621 2626 1618
f 1353 3179 3142
f 1354 3542 1353
f 2495 3098 2492
f 923 922 1441
f 2911 2155 415
f 3500 3499 3435
f 3543 3498 3436
f 2025 2587 2022
f 2587 2025 2585
f 3544 2526 2398
f 2530 3545 3546
f 652 3547 651
f 3547 836 1662
f 836 3547 838
f 3548 659 1380
f 3549 1379 661
f 3550 3548 1381
f 3550 2758 3548
f 422 2824 3551
f 3551 2822 3552
f 1025 3284 1431
f 531 3553 3072
f 3554 2389 3555
f 3556 3557 3555
f 2388 3558 1098
f 3555 2390 3556
f 2389 3554 3369
f 1091 2389 1096
f 1967 3060 1692
f 1621 1620 3139
f 3135 2584 3559
f 3332 3560 2987
f 3333 3561 3332
f 1370 3230 1373
f 3561 1371 3560
f 3333 3331 3562
f 3562 3563 3333
f 2337 3564 2532
f 3565 3566 3567
f 2336 382 2337
f 965 964 3566
f 2337 2532 2335
f 2816 1210 3546
f 3568 135 3103
f 3529 1486 557
f 788 558 1485
f 3529 3528 1481
f 879 2785 1370
f 3569 2892 3570
f 1585 2895 3569
f 472 2448 2035
f 1812 1342 1810
f 464 3571 1810
f 1342 1812 1345
f 3572 3097 3573
f 3097 3572 3096
f 3097 3574 3575
f 3573 3575 3576
f 3507 3387 3577
f 2511 2636 2512
f 3026 3020 3578
f 3249 3248 3019
f 3578 3248 3238
f 3026 3579 3025
f 3238 3580 3578
f 3578 3581 3026
f 2623 3582 2952
f 1213 1215 2623
f 839 1887 2792
f 1627 1629 2966
f 814 808 3583
f 2891 814 2890
f 3584 3585 1338
f 3585 3584 3440
f 3586 1338 3587
f 1338 3586 3584
f 2228 2227 2598
f 1205 1200 862
f 1204 2459 1202
f 2190 2189 3588
f 2187 2186 804
f 804 803 2187
f 2248 3588 2245
f 3589 3150 3590
f 3150 1289 3591
f 1288 3592 1286
f 937 936 3589
f 2753 3593 2751
f 3445 2964 3594
f 3593 3182 2965
f 3595 3213 3596
f 3213 3595 2937
f 2025 3299 3559
f 1466 2444 2513
f 698 700 2445
f 2514 2513 3597
f 3598 3531 2658
f 2660 3598 2657
f 1128 1127 1476
f 951 2230 950
f 951 297 2224
f 298 3599 296
f 2169 2168 2170
f 2170 3364 3278
f 3363 2168 1787
f 2968 625 3017
f 363 3600 1465
f 1067 3379 3601
f 1071 2799 3379
f 3136 458 3134
f 3602 3516 2678
f 3287 3603 3602
f 3604 417 2157
f 3451 1524 2911
f 2862 2017 3192
f 3192 2016 3191
f 3605 3606 3607
f 3608 3605 3609
f 3610 3606 3608
f 3605 3607 3611
f 2071 2070 3153
f 3409 3408 3612
f 3419 3613 1291
f 3613 3614 2544
f 3418 3615 3149
f 3613 3419 3616
f 3176 3174 3177
f 3177 3617 3618
f 3174 3179 3617
f 2606 3619 3620
f 3620 2377 3621
f 669 957 3621
f 371 2606 957
f 2373 2972 2378
f 2004 3622 3609
f 2003 3619 3622
f 2201 1231 2147
f 3063 2998 3623
f 2440 2850 2437
f 3063 2970 2996
f 3623 729 3063
f 2850 3624 3402
f 3325 3625 3324
f 3625 3626 3627
f 3324 3627 3628
f 3629 3272 3365
f 94 93 2079
f 3011 2080 155
f 3012 3011 321
f 2035 2034 472
f 3630 375 3537
f 3631 2548 2546
f 3632 952 3633
f 2231 2917 2230
f 2918 3632 2917
f 3281 559 2231
f 428 427 1470
f 3220 3221 3486
f 2384 3220 2383
f 364 356 1062
f 606 434 2361
f 3634 3635 436
f 1102 2862 1100
f 3636 3257 3637
f 3257 3636 3262
f 3257 3256 3638
f 2754 1833 2875
f 1827 3639 3640
f 1833 3640 3323
f 827 818 3641
f 2818 827 2817
f 827 2818 826
f 3512 3286 539
f 3642 3643 2244
f 3644 3642 2243
f 3642 3644 3645
f 3643 3642 3646
f 2310 2309 3629
f 3365 3647 3629
f 2309 3269 3272
f 2311 1402 2309
f 3066 3065 3648
f 2771 2775 3649
f 3645 3650 3651
f 3385 3652 3384
f 3435 3652 3434
f 3381 3384 3386
f 3501 3502 3499
f 1783 3538 1162
f 3653 3504 3654
f 3498 3543 3496
f 2559 3655 3119
f 2562 3656 2559
f 3657 3658 2567
f 507 1360 1971
f 1234 1233 2990
f 3644 802 3650
f 1078 1077 3659
f 3650 1078 3660
f 802 3644 800
f 3661 3118 984
f 3662 3663 1509
f 3663 2570 1516
f 2124 3662 1508
f 2140 3664 2695
f 507 1971 506
f 2675 3485 2383
f 3665 1059 2763
f 2443 2583 3172
f 2583 2054 2944
f 3666 3667 3668
f 1992 3668 1152
f 1994 3666 1992
f 1152 2166 1992
f 869 573 868
f 2349 2346 3577
f 2349 2211 3669
f 2211 2349 3388
f 1347 3508 2342
f 3508 3507 2343
f 2918 563 3632
f 952 3632 3421
f 3670 3671 3672
f 3673 3674 3672
f 3675 3673 3676
f 3671 2772 3676
f 3677 688 1031
f 694 686 3677
f 2517 1230 3678
f 3679 1536 3678
f 3678 1229 3679
f 3680 3681 1228
f 3682 3683 3684
f 3685 3686 3687
f 3686 3688 3689
f 3684 1981 3682
f 2779 2783 3690
f 632 635 3217
f 3691 2868 845
f 2865 2864 3691
f 1174 2865 3692
f 3037 3693 2177
f 3693 3037 3694
f 2836 1843 3695
f 2479 2478 3696
f 3628 2478 2476
f 3626 3697 3696
f 2105 2933 3041
f 2104 2103 2931
f 2933 2105 2928
f 3590 3591 2029
f 2029 2026 3590
f 969 3589 967
f 2029 3592 1245
f 702 2409 701
f 3114 3113 3521
f 2668 3110 2670
f 2670 3114 3520
f 3521 2723 3147
f 2721 2717 3113
f 966 963 3698
f 3566 3565 965
f 2982 2985 3699
f 3700 3699 3701
f 2983 2982 3700
f 1860 3702 1325
f 1325 1324 1860
f 3702 1860 2831
f 2856 2855 2279
f 2857 3700 2855
f 1322 1973 1326
f 503 506 1322
f 671 669 2972
f 3703 2621 3704
f 3704 2622 3705
f 2622 3706 3707
f 1412 1089 1699
f 1087 1089 2759
f 2941 2940 3708
f 3615 3418 3709
f 2940 3710 3709
f 2938 3711 2940
f 2077 2080 1946
f 1635 3712 1638
f 375 3630 3713
f 3537 3539 3630
f 2463 3714 1285
f 1285 3715 1288
f 3714 1243 3715
f 3716 1241 3714
f 2394 3305 3717
f 3717 2066 2394
f 3718 3719 3717
f 1180 3718 3389
f 2201 435 2359
f 2359 3205 2201
f 2148 1444 2147
f 700 701 3597
f 701 900 3720
f 900 898 3457
f 1773 1772 3721
f 3722 3723 2256
f 3723 3724 3725
f 3723 3722 3726
f 3727 3722 2255
f 815 3728 3727
f 2254 2253 3725
f 3296 3729 3730
f 2073 1004 3731
f 3731 3732 2073
f 3732 3731 3733
f 3734 3735 3729
f 3145 3125 3074
f 2795 3736 3124
f 1788 3432 1786
f 2060 3737 1788
f 1786 3429 3362
f 3007 3099 3738
f 1899 1759 3739
f 481 2978 3739
f 487 480 3740
f 1759 1748 482
f 1451 2661 1449
f 889 884 1761
f 3741 3742 887
f 888 2618 1766
f 1824 2252 1821
f 2465 1940 3743
f 1940 2465 1938
f 3743 2242 1907
f 1907 914 3743
f 2519 2518 3744
f 3085 713 3086
f 3087 3086 2064
f 2700 569 740
f 3702 1952 1327
f 3745 3746 1376
f 3747 1376 1378
f 2974 3745 3747
f 3748 3749 3745
f 2006 2377 2003
f 2157 2156 3604
f 3750 3751 3752
f 3753 3724 3754
f 3755 3753 3756
f 3756 3754 3757
f 2817 3641 3758
f 510 2711 509
f 1378 1903 3747
f 2979 2975 1900
f 2855 3701 2277
f 2279 2278 2856
f 1453 1452 3377
f 3759 3760 3454
f 3454 3453 3759
f 1502 1500 584
f 584 587 1502
f 3279 3761 3058
f 3059 3056 351
f 3713 3762 375
f 3763 376 3741
f 376 3763 367
f 3764 3705 3765
f 3766 3487 3165
f 3164 3767 3768
f 3767 3164 3160
f 3768 3766 3164
f 3766 3768 3769
f 3090 3770 3771
f 3771 3772 3773
f 3768 3772 3774
f 2849 727 3624
f 3624 728 3623
f 3348 3346 946
f 946 945 3348
f 3346 2726 2595
f 2896 546 543
f 1249 1248 3775
f 3034 3776 3033
f 3775 3776 3777
f 3778 3779 3034
f 3716 2464 3033
f 3033 1248 3716
f 2612 2813 2609
f 1530 1527 3780
f 1352 1353 1350
f 1359 1350 3141
f 3781 3782 3288
f 3573 3783 3572
f 3572 3710 3784
f 3616 3615 3783
f 3783 3573 3616
f 2496 2494 1390
f 681 1950 2830
f 3391 3132 3390
f 328 3785 3027
f 3785 2011 3022
f 3533 927 3785
f 324 3027 3786
f 890 731 1060
f 187 731 319
f 3787 3788 2667
f 1912 1910 3788
f 1981 1975 3789
f 1921 2647 3789
f 2431 2503 2498
f 3790 3791 3002
f 3000 3790 2997
f 3268 3792 3266
f 3367 3366 3793
f 2840 3481 2838
f 3794 2841 2043
f 683 682 1148
f 2020 2733 475
f 2733 2883 3795
f 2139 3746 3664
f 3757 3751 3796
f 3796 3797 3757
f 3757 3798 3756
f 3751 3750 3799
f 1849 1851 2124
f 3800 3511 3801
f 3612 3510 3800
f 3690 3411 3801
f 3801 1764 3802
f 3758 2122 2817
f 2983 2859 2984
f 3803 583 3804
f 2859 3545 3804
f 3474 3803 3473
f 2859 2983 2857
f 3805 3806 3807
f 3806 3805 3808
f 2811 3806 3809
f 3810 3805 3811
f 2611 2613 3807
f 2809 2810 2811
f 2612 2611 2810
f 3687 3689 3812
f 3242 3687 3813
f 3244 3685 3242
f 2358 2357 3685
f 3110 2668 3108
f 3814 3446 3815
f 3594 3181 3445
f 3181 3594 1369
f 3816 3648 3817
f 3336 3817 3818
f 3819 3816 3335
f 2774 2776 3820
f 3820 3648 2774
f 1736 1418 1978
f 2805 3821 3822
f 2806 3822 2889
f 3822 3823 3824
f 3821 1447 3823
f 3823 3466 3825
f 3597 3720 2514
f 3758 2420 3826
f 100 3827 111
f 3828 3509 109
f 109 3827 3828
f 3828 3829 3351
f 2863 1916 2862
f 1916 2863 1864
f 3491 3163 3489
f 2988 476 3795
f 3795 360 2988
f 1409 1584 2578
f 1584 3569 3830
f 2578 3830 1870
f 1381 752 3550
f 1521 3831 1517
f 1521 1520 3832
f 3758 3826 2122
f 3425 3833 2536
f 419 3692 418
f 1181 1174 419
f 3264 3834 3665
f 3834 3835 1059
f 3665 605 3264
f 605 3665 604
f 1329 1337 2900
f 2900 3836 1879
f 1330 1329 2455
f 2372 3837 3838
f 3839 3840 3841
f 3841 3837 2376
f 3838 1012 2372
f 3525 2009 3840
f 2009 1011 3838
f 885 3842 3843
f 889 1765 885
f 2691 3844 3658
f 983 3656 3255
f 2690 2691 3657
f 3656 2562 3845
f 3679 3681 3846
f 3846 2317 3679
f 3847 3848 3849
f 2331 2334 3850
f 3850 3851 2331
f 3852 3777 3853
f 3853 693 3852
f 691 2334 2533
f 2334 691 3853
f 2140 2694 2138
f 829 3458 840
f 838 3854 829
f 3855 3307 3856
f 3557 3856 3857
f 3856 3557 3855
f 2391 3858 2392
f 3856 3306 3859
f 3307 3860 3303
f 2425 1258 147
f 259 2413 261
f 2069 1997 2072
f 2005 2004 3611
f 1778 1776 2908
f 3654 3861 3653
f 3428 3862 3653
f 3640 2449 2453
f 2450 2449 2452
f 1834 3863 3639
f 1005 2067 3156
f 417 3604 410
f 410 3631 409
f 3604 3251 3631
f 2680 2185 2683
f 3864 1995 3865
f 3667 3666 3864
f 3866 3667 2340
f 3169 2238 3867
f 2238 2237 3868
f 3169 3166 2240
f 3869 3744 3868
f 2929 3389 3304
f 3304 2932 2929
f 524 2912 522
f 3261 423 3259
f 423 3261 424
f 3509 3828 3171
f 1595 3703 3870
f 3705 3764 3704
f 446 3871 442
f 3871 446 3872
f 1564 438 3028
f 3487 3873 3488
f 3874 3875 3488
f 3876 3877 3878
f 961 3877 2326
f 3879 3878 3880
f 3881 3876 3879
f 3698 3882 966
f 3647 3365 3360
f 1847 811 1846
f 1848 3130 811
f 2745 3129 1848
f 3612 3800 3409
f 3086 2365 2065
f 1354 1357 2367
f 1818 2190 2248
f 938 3708 3151
f 2287 3883 2667
f 3609 3884 3608
f 3843 3884 3885
f 3886 3887 2683
f 3887 3886 3888
f 3887 3567 2684
f 2683 3693 3886
f 2661 2522 3544
f 820 819 823
f 3889 3890 823
f 823 1254 3889
f 1101 1100 1103
f 2268 2648 1566
f 3891 3892 2267
f 3543 3893 3654
f 3811 3580 3810
f 3580 3811 3581
f 1759 1899 1758
f 1900 1899 2979
f 624 2099 623
f 3894 851 2663
f 2663 2664 3894
f 3818 3895 3336
f 3404 3405 3102
f 3404 3008 2702
f 3102 3006 3404
f 361 360 3600
f 914 1907 1905
f 2242 2241 1908
f 2664 3896 3897
f 3898 3874 3899
f 3487 3766 3873
f 3873 3769 3899
f 715 714 2366
f 3799 3900 2217
f 2217 2216 3799
f 3797 3796 3175
f 1642 1976 1420
f 2081 3829 3901
f 102 3901 100
f 2385 1515 3902
f 1516 2569 3902
f 3902 2572 2385
f 2447 2446 2883
f 2421 1656 3250
f 1258 1257 53
f 2920 3442 1741
f 2678 2120 3602
f 3782 3781 3903
f 3288 3287 3781
f 3904 3782 3905
f 3905 3903 2901
f 3081 3386 3080
f 3080 3906 3084
f 3194 3343 3907
f 3343 3342 3908
f 864 858 3909
f 2263 3382 3079
f 3910 3911 3875
f 3911 3912 3913
f 3401 3495 3913
f 3910 3875 3898
f 2871 3401 3914
f 3915 2738 3862
f 3505 3504 3916
f 3917 3916 2737
f 2537 3915 3428
f 1372 1371 3815
f 1371 3561 3918
f 1120 3919 3563
f 3815 3918 3814
f 3579 2610 3786
f 3197 3920 737
f 3920 3088 735
f 2690 2762 1507
f 2232 2225 323
f 1340 3863 3587
f 1330 2452 1340
f 3863 1834 3921
f 2846 3586 3921
f 1074 3922 3833
f 1073 1072 1789
f 3427 1072 3425
f 1780 2057 2760
f 2760 3923 1780
f 3123 2057 3924
f 2756 3123 2628
f 3925 2640 3926
f 3899 3925 3898
f 3927 3928 3899
f 3929 3910 3926
f 2079 2078 94
f 1959 1958 1029
f 2593 1271 2592
f 2594 1276 2591
f 2877 3930 2753
f 3930 3931 3593
f 2161 1368 3930
f 3228 3227 3290
f 3229 2125 3515
f 3290 3229 3603
f 3787 1076 799
f 797 1911 799
f 3932 3933 3934
f 3798 3797 3935
f 3933 3936 3935
f 3937 3934 3938
f 3178 3938 3175
f 3886 3694 3939
f 3939 3940 3880
f 3040 3940 3038
f 3294 3356 3941
f 3321 2913 3942
f 3836 1721 1873
f 1426 2496 1389
f 3614 3943 3267
f 2342 464 1347
f 3745 2974 3748
f 3749 3748 3738
f 1615 1614 2976
f 1644 3468 1643
f 2374 745 2373
f 3790 3000 3944
f 3944 3066 3816
f 1921 1920 2651
f 3506 3945 3503
f 3386 3502 3906
f 1978 1977 1736
f 1384 1387 3946
f 1669 3947 1668
f 3948 757 3949
f 752 748 3948
f 3947 3950 3949
f 1535 2812 2517
f 1530 3780 1535
f 3112 2721 3115
f 1961 3146 3951
f 1958 3951 3484
f 2795 2796 3736
f 3851 3850 3779
f 3777 3852 3775
f 3779 3778 3851
f 2082 1603 3952
f 1263 1262 2890
f 1669 1664 2474
f 3947 1669 2473
f 3023 2010 3021
f 1424 3019 1422
f 1932 1931 3719
f 3356 3294 3355
f 2956 2955 2958
f 3157 3953 3160
f 2596 2557 2601
f 2889 3824 1845
f 3821 2805 2422
f 1355 3954 2391
f 3519 895 3955
f 1060 3835 890
f 3835 3956 891
f 3955 1168 3519
f 1168 3955 1167
f 2236 2160 2237
f 3680 3647 3957
f 3647 3680 1227
f 1633 3121 1631
f 3958 3959 3960
f 3734 3297 3958
f 3295 3959 2959
f 3961 3958 3962
f 1789 3963 1785
f 2799 1071 1784
f 2798 2878 3055
f 3964 3879 3965
f 3879 3964 3881
f 3966 3964 3967
f 3967 3965 3040
f 3888 3939 3882
f 2049 2046 1093
f 498 499 3353
f 1406 3923 1404
f 3923 1406 1781
f 2043 2042 3794
f 2209 1711 2044
f 3801 3802 3690
f 2779 3690 2781
f 3202 3004 3920
f 3968 3969 2213
f 2217 3968 2212
f 3970 3341 2183
f 2182 2181 3340
f 3619 2606 3885
f 273 191 3971
f 2051 3107 640
f 2045 640 648
f 3107 2051 3106
f 639 641 3105
f 3892 2646 2268
f 2803 1195 2954
f 341 466 1192
f 465 1695 466
f 1980 3688 3946
f 3946 2356 1384
f 3688 3686 2356
f 1981 3684 1980
f 2245 803 2243
f 3725 3293 2254
f 3646 2501 3643
f 3651 3439 3645
f 325 1528 332
f 3972 971 3637
f 3638 3552 3973
f 3637 3638 3972
f 2538 2742 2537
f 2738 3915 2741
f 3900 809 3968
f 390 2524 395
f 3974 1107 1591
f 2726 2716 3975
f 2068 1003 2073
f 764 767 763
f 785 767 783
f 537 3073 532
f 763 787 2129
f 2922 726 3443
f 2664 2666 3896
f 3341 3970 3345
f 2183 2685 3970
f 2913 2914 3941
f 810 3976 3728
f 3752 3726 3750
f 3724 3723 3752
f 3750 3976 3900
f 1328 1956 2713
f 1732 1731 2270
f 3162 3494 3470
f 3158 3162 3469
f 2507 2194 3214
f 1379 3549 1378
f 2684 381 2681
f 1616 3007 1614
f 3851 3866 2332
f 3778 3977 3866
f 3440 1678 3585
f 850 3327 847
f 3957 3360 3431
f 2292 3907 3048
f 2289 2288 3907
f 3234 3233 3894
f 48 261 1016
f 3978 1058 1016
f 1058 3978 1056
f 3979 3980 3981
f 3982 1576 2645
f 3980 3983 3982
f 1572 1576 1570
f 2480 3983 3984
f 3439 3651 3441
f 3651 3660 3985
f 2501 3646 2497
f 3441 3985 3440
f 3986 2369 3987
f 1606 3987 3952
f 716 717 714
f 3988 3048 3344
f 3735 3734 3961
f 3729 3296 3734
f 3841 3735 3839
f 3962 3989 3961
f 975 3636 974
f 3195 2881 3328
f 3327 850 2153
f 3738 3101 3749
f 2011 2012 3023
f 1553 1552 3881
f 3881 3990 1553
f 3877 3876 3991
f 1117 1120 3562
f 3919 1120 1746
f 2434 3437 2438
f 3586 2846 2438
f 3992 3051 3993
f 3775 3994 1249
f 3994 3677 1250
f 3995 3996 2821
f 886 3843 2607
f 1598 1592 3997
f 3201 1672 3202
f 2595 3975 947
f 947 3998 3999
f 940 3999 948
f 2803 2953 2801
f 3674 3673 4000
f 4000 1043 3674
f 4000 4001 3133
f 3673 3675 4001
f 3042 4002 4003
f 4004 4002 4005
f 2403 3219 2401
f 2386 3219 2384
f 353 3059 348
f 3971 1505 273
f 3254 3844 3971
f 3252 3254 4006
f 2621 3703 3349
f 2620 3349 1476
f 1593 1475 1594
f 4007 4008 4009
f 2464 3716 2463
f 838 3412 3854
f 3462 3461 3413
f 3413 1464 3462
f 4010 3727 1260
f 1270 1277 1271
f 1277 2734 3541
f 2656 3477 3064
f 460 459 4011
f 4011 4012 460
f 4012 4011 3479
f 2018 4013 2015
f 4014 3189 4013
f 3141 4015 1359
f 1359 4016 1358
f 3635 3634 3598
f 1715 3324 2844
f 2844 1712 1715
f 2476 2839 3628
f 1655 1647 4017
f 528 530 4018
f 530 529 4019
f 3912 528 3914
f 3883 4020 4021
f 1076 3787 4021
f 2286 2731 3883
f 2291 2727 2286
f 2731 1680 4020
f 3295 3294 2916
f 2916 2915 3295
f 3472 3471 455
f 3760 4009 3452
f 3452 1525 3451
f 4022 4023 3759
f 4020 4024 4025
f 3255 3845 3254
f 3945 3506 3993
f 3993 3532 3945
f 3993 3917 3992
f 3916 3917 3505
f 883 882 374
f 4026 2013 1914
f 1425 3249 1424
f 2890 3583 1263
f 3727 4010 815
f 2831 2830 3702
f 2587 2586 1708
f 2241 3234 3897
f 3475 3472 4027
f 3803 3474 4028
f 3782 3904 3291
f 3291 3998 2719
f 4029 1764 4030
f 4030 4031 4029
f 4031 4030 1477
f 1608 4032 3937
f 3938 3178 3937
f 3934 4032 3932
f 3186 3695 3825
f 329 3533 328
f 2932 3304 4033
f 2921 2920 2701
f 1013 2921 680
f 3926 3337 3929
f 2640 3925 1825
f 3436 3500 3433
f 3436 3737 3543
f 3720 3457 2516
f 269 3599 268
f 2182 3195 2180
f 1449 3544 3465
f 956 955 1451
f 3774 3770 4034
f 3770 3090 4035
f 4034 4035 1819
f 1034 1036 2028
f 3262 4036 1038
f 2028 4036 975
f 812 3128 806
f 3784 3711 4037
f 2962 3730 997
f 4017 1651 718
f 1721 3836 1719
f 1747 1752 4038
f 4039 3070 4040
f 3303 4041 3301
f 3860 4042 4041
f 484 1617 2978
f 2781 4043 4044
f 4029 4045 3802
f 4044 4045 4046
f 4047 2484 2487
f 2488 4048 2487
f 2487 4049 4047
f 4050 4051 4052
f 2488 2780 4048
f 2018 2013 4053
f 4026 1914 4047
f 4053 4026 4051
f 1593 1597 1475
f 1472 1471 1473
f 2112 3188 4054
f 3997 1596 4054
f 4055 3997 4056
f 4057 4056 3189
f 4056 4057 4055
f 4013 2018 4014
f 2484 1914 551
f 4044 4058 2781
f 4058 4044 4059
f 4014 4053 4050
f 102 2078 3901
f 4050 4057 4014
f 1477 1474 4031
f 4060 1598 4055
f 1598 4060 1597
f 4052 4049 4061
f 4048 4058 4061
f 4062 1473 4063
f 4063 4060 4064
f 4057 4050 4064
f 1474 4062 4046
f 4062 4063 4059
f 4064 4052 4063
f 2426 2425 146
f 2368 4065 3542
f 3618 4065 3986
f 2340 3864 2338
f 2628 3924 1562
f 1160 1563 2059
f 875 587 873
f 3733 2376 3732
f 3741 887 3763
f 3763 883 368
f 3707 3742 3762
f 2306 2308 2766
f 1487 2766 1485
f 635 628 3416
f 869 867 629
f 3416 870 3414
f 518 3675 516
f 3675 518 3392
f 1726 4066 1724
f 4067 1729 4068
f 4003 4069 1726
f 1077 1076 4025
f 2672 2673 2113
f 2353 1298 2351
f 4070 343 3721
f 1012 743 2374
f 2842 2841 1712
f 1802 928 2820
f 2820 2819 1802
f 2194 2188 3596
f 3092 3094 2191
f 3596 2192 3595
f 1144 1857 1142
f 979 1556 4071
f 1442 1437 2148
f 3761 3279 3310
f 331 330 3535
f 3535 2886 2261
f 960 962 958
f 382 381 3564
f 3567 3887 3565
f 2336 2341 382
f 1947 1948 1602
f 1176 1932 3718
f 2064 2066 3087
f 1557 1051 1554
f 1171 1557 1170
f 3991 1552 1052
f 2174 1042 4072
f 4007 4023 2173
f 4008 4007 2172
f 2771 3649 517
f 2610 3579 2613
f 3246 2358 3244
f 1991 1982 1641
f 2325 1055 2327
f 3249 1425 3246
f 4040 1795 4039
f 1799 1793 4040
f 2594 824 4073
f 3652 3385 4074
f 2315 3848 4074
f 3848 3847 3434
f 736 1231 3198
f 4071 4075 979
f 984 980 3661
f 3663 3662 4076
f 750 749 2142
f 1748 1747 3740
f 1751 487 1750
f 1751 4038 3047
f 2277 1226 2205
f 1730 4077 1725
f 2267 1731 3891
f 4077 3813 1733
f 3813 3812 3891
f 3247 3243 1730
f 2307 2472 4078
f 3069 4079 1801
f 2301 2471 2307
f 4078 1805 2768
f 2240 2235 3169
f 1853 1852 2669
f 1852 1855 3108
f 1271 2593 1275
f 1854 4080 1851
f 759 4081 3391
f 1263 4010 1259
f 971 3972 1348
f 3510 3612 3610
f 1765 3610 3842
f 3339 4082 3338
f 3911 3910 4082
f 1221 4083 1579
f 2422 1445 3821
f 984 3655 983
f 4084 4085 3791
f 3944 4084 3790
f 3681 3680 3849
f 3849 3957 3847
f 3771 3574 3090
f 916 3216 915
f 915 4086 2199
f 4087 4086 2934
f 3571 4012 1811
f 1809 1808 4088
f 639 1398 637
f 4069 4042 4066
f 4089 4067 4090
f 4042 3860 4068
f 3240 3241 3238
f 4027 455 1344
f 4091 4092 3979
f 2405 4083 2400
f 1636 4093 1635
f 4093 1636 4075
f 3118 3661 1634
f 1043 4000 1403
f 3985 4094 1678
f 4095 4096 4097
f 2798 3761 2131
f 3966 4093 4071
f 3834 3263 3835
f 1167 3956 1166
f 3598 2660 3635
f 1746 1742 3919
f 2872 2869 3399
f 4083 2405 2571
f 1345 1815 1344
f 1486 3529 1480
f 1481 4098 1484
f 3643 2502 2246
f 2644 2251 4099
f 3914 4018 2871
f 3446 3814 3447
f 3905 4100 3904
f 2903 1070 4100
f 2901 2903 3905
f 2469 2303 4087
f 2303 2469 2301
f 3979 3950 3980
f 1797 2551 792
f 2480 2475 4101
f 3950 3947 3984
f 396 395 4102
f 4102 4103 396
f 4102 3869 4104
f 1990 2208 1989
f 3963 1789 3426
f 3890 3889 4105
f 4073 3890 4106
f 4106 4105 4107
f 872 871 3417
f 3407 3417 3406
f 2083 3618 1607
f 3987 1606 3986
f 169 168 3467
f 3829 2081 1888
f 1927 1993 1923
f 3143 2654 4108
f 4109 4107 4108
f 4107 871 3143
f 4108 4110 4109
f 3848 2315 3846
f 2654 2653 4110
f 4110 2655 4111
f 1285 1284 2463
f 3981 1083 1432
f 4091 1432 2758
f 4082 4112 3911
f 3895 1489 4112
f 528 3912 527
f 1489 3895 2776
f 3339 3895 4082
f 2944 2943 3172
f 671 2973 670
f 710 4017 708
f 4076 1199 3663
f 2948 2949 2352
f 2074 4113 1807
f 1070 2903 1068
f 949 948 3601
f 1588 1586 3358
f 3358 1702 3352
f 1432 4091 3981
f 2645 1083 3982
f 1049 1051 1020
f 1051 1557 1019
f 2761 3657 2564
f 1570 4101 1571
f 4114 4115 4116
f 4117 3943 4114
f 4118 4114 3773
f 3773 4116 3771
f 2868 2867 4019
f 4119 3872 3493
f 3872 4119 3871
f 3753 3755 3292
f 3756 3936 3755
f 3321 3942 3317
f 2913 3321 2454
f 4005 4033 4004
f 4002 4004 4069
f 2933 2932 4005
f 3172 2942 1704
f 3962 3960 1881
f 1881 1878 3962
f 4101 1570 2480
f 4107 4109 4106
f 394 4120 391
f 3483 2967 3482
f 1727 4121 1734
f 3805 3810 4122
f 3808 4122 4123
f 2768 4079 2777
f 2308 4078 2767
f 1462 1467 3462
f 3705 3707 3713
f 2708 1105 3974
f 1591 1595 3974
f 3974 3870 2708
f 2618 888 3706
f 14 18 16
f 3810 3241 1734
f 1735 3247 1728
f 2863 1109 1872
f 3479 3478 4088
f 2689 1159 2688
f 1834 1829 2847
f 2849 2848 2749
f 4103 3832 394
f 2172 4120 4008
f 3660 3659 4094
f 1680 1679 4024
f 4124 3528 2600
f 2600 2597 4124
f 2600 3530 3280
f 559 3281 556
f 3070 4039 3069
f 2647 2646 3682
f 493 2161 2877
f 768 762 3526
f 3478 4096 4125
f 3840 3839 3525
f 3525 3989 1877
f 3555 3857 3554
f 4126 4127 3859
f 3954 4126 3858
f 3464 3463 3185
f 4080 1201 4076
f 4128 1319 3755
f 3103 3292 3568
f 3292 3293 3753
f 3568 4129 1320
f 1320 10 3568
f 4085 4099 2500
f 3034 1155 3778
f 3286 3512 1644
f 3812 3683 3892
f 4027 4130 3475
f 4130 4027 4113
f 1822 3092 1817
f 3677 3994 694
f 1033 1247 1031
f 3744 2521 3867
f 3151 931 938
f 4081 759 3309
f 4130 578 4028
f 4113 2074 4130
f 4028 577 3803
f 3788 3787 1912
f 3565 3888 3698
f 4103 4102 3831
f 2841 3794 1713
f 3335 2643 3819
f 4084 3944 3819
f 3819 4131 4084
f 3692 3691 843
f 1944 3122 1942
f 2108 2107 3398
f 3493 3395 4119
f 2122 3922 2902
f 4072 4132 2174
f 1318 3012 1317
f 3708 938 2941
f 2347 2036 3482
f 2036 2347 3669
f 3046 999 2895
f 2895 1585 3046
f 3357 2955 3045
f 3046 1587 3045
f 3009 3449 3015
f 2655 1809 4125
f 2682 386 3524
f 9 10 1316
f 1314 1319 3448
f 3973 3996 4133
f 2821 2829 3995
f 2758 3550 4091
f 3163 3491 3162
f 2328 2327 3522
f 3519 689 3518
f 3793 4134 3367
f 3373 4016 3372
f 3448 4128 3933
f 4088 1814 3479
f 4133 4135 3973
f 3964 3966 3990
f 3967 3712 3966
f 3744 3869 2519
f 663 3549 655
f 1402 2311 1396
f 1792 1798 1796
f 4134 3793 4127
f 4136 4134 4126
f 4134 4136 3373
f 3927 4034 3928
f 3769 3774 3927
f 3697 3626 465
f 1783 1778 3538
f 2909 3539 2908
f 3963 3893 2060
f 4137 4123 4138
f 3556 3558 4137
f 3557 3556 4138
f 3855 4138 4090
f 4121 1727 4067
f 4123 4121 4089
f 4040 3553 1799
f 2707 3765 3044
f 3252 4006 1559
f 1559 1311 1558
f 3735 3841 3733
f 3185 3186 3464
f 1853 3909 4080
f 3712 3967 3039
f 4009 3760 4007
f 4109 4111 4095
f 4106 4095 4073
f 3626 3625 1695
f 2924 2970 725
f 3159 4139 3157
f 2971 777 3159
f 4139 3792 3953
f 3649 2136 513
f 3668 3977 1153
f 2739 2735 2737
f 3426 3861 3963
f 3160 4118 3767
f 3953 4117 4118
f 2744 2049 1095
f 2643 2639 4131
f 4131 2644 4085
f 2708 3764 2707
f 3320 3316 2875
f 777 776 4139
f 3943 4117 3268
f 629 582 869
f 3314 4098 4124
f 3813 4077 3242
f 2669 864 1853
f 3067 3069 1800
f 2931 2108 3397
f 426 3551 3256
f 3209 3211 3207
f 3129 2745 3371
f 3513 536 3995
f 536 3073 4133
f 3548 2627 659
f 3096 3784 3095
f 10 8 135
f 1726 1732 4003
f 2271 3042 2270
f 3831 4104 1518
f 2773 4140 1491
f 3307 3855 3860
f 2338 3865 2919
f 2339 2338 2341
f 539 1798 538
f 3595 3094 4037
f 2575 1870 2906
f 3344 3211 3988
f 3618 2083 3177
f 3073 3068 4135
f 4101 2479 4141
f 1571 4141 1578
f 1206 2815 3582
f 1276 2594 4097
f 333 1534 2884
f 2109 3030 2107
f 4132 4072 4022
f 3672 4132 3670
f 3759 4140 4022
f 3830 3570 1868
f 4140 2773 3670
f 2907 1871 2706
f 3371 4142 3129
f 3370 3372 4142
f 1578 3697 467
f 3576 4115 3614
f 4098 3314 1937
f 3809 3808 4137
f 3558 2388 3809
f 1366 3931 1367
f 2955 3357 3355
f 3045 1588 3357
f 4126 3954 4136
f 2454 3322 2453
f 1550 1558 1551
f 3831 1521 4103
f 3988 3212 3047
f 3952 717 2082
f 2222 4143 4015
f 3616 3576 3613
f 2906 1865 1871
f 3128 3969 807
f 727 2849 2748
f 3309 3308 4081
f 1703 2942 498
f 3449 3448 3932
f 3392 3527 761
f 2219 3126 4143
f 2773 2770 3671
f 1575 4070 1573
f 1578 467 4070
f 2326 3991 1053
f 3625 3325 1696
f 3550 3948 4092
f 648 642 646
f 2 6 3
f 2 8 5
f 4 137 6
f 8 2 1
f 5 8 10
f 7 1 12
f 14 21 15
f 17 21 14
f 14 13 19
f 20 61 13
f 21 92 22
f 15 22 23
f 25 28 26
f 28 25 29
f 31 29 25
f 33 42 34
f 36 33 32
f 33 36 38
f 32 34 40
f 34 43 41
f 42 45 43
f 37 46 42
f 45 42 46
f 40 41 48
f 39 40 47
f 49 262 50
f 52 147 53
f 55 52 51
f 57 59 55
f 52 55 59
f 54 77 56
f 61 20 62
f 19 13 61
f 65 68 66
f 67 264 68
f 68 277 69
f 65 64 71
f 64 66 73
f 64 72 74
f 75 73 66
f 76 133 77
f 79 133 76
f 80 76 54
f 80 81 78
f 80 51 53
f 83 88 84
f 85 17 82
f 87 84 88
f 89 85 84
f 83 954 90
f 91 954 83
f 17 85 92
f 16 91 82
f 94 99 95
f 97 98 95
f 98 152 93
f 100 111 101
f 99 101 96
f 102 100 99
f 104 106 57
f 59 57 106
f 108 106 104
f 110 114 111
f 113 96 101
f 112 101 111
f 115 97 96
f 117 115 113
f 1 3 118
f 12 118 120
f 122 120 118
f 121 118 3
f 119 131 125
f 11 124 127
f 124 125 128
f 130 125 131
f 130 322 128
f 132 150 129
f 129 77 133
f 123 3 6
f 119 124 11
f 131 119 120
f 7 11 126
f 98 97 134
f 134 97 115
f 134 6 137
f 86 149 138
f 88 90 139
f 89 108 107
f 106 108 138
f 141 151 140
f 62 142 114
f 23 156 143
f 112 114 142
f 20 23 142
f 138 149 144
f 146 58 144
f 105 144 58
f 147 52 58
f 145 144 149
f 148 149 86
f 108 89 87
f 103 57 56
f 123 115 117
f 150 56 77
f 122 160 132
f 140 92 85
f 151 22 92
f 136 154 152
f 152 155 153
f 154 321 155
f 151 141 157
f 22 151 156
f 156 157 116
f 117 116 157
f 158 122 121
f 158 157 141
f 116 113 112
f 159 104 103
f 159 141 107
f 150 132 160
f 158 159 160
f 162 28 27
f 28 162 163
f 164 182 27
f 166 172 167
f 169 166 165
f 170 224 165
f 172 166 173
f 175 167 172
f 171 173 177
f 166 169 178
f 179 177 173
f 72 26 163
f 72 73 24
f 162 301 180
f 161 27 182
f 181 182 184
f 185 184 182
f 186 240 183
f 187 164 29
f 189 193 190
f 191 273 192
f 193 236 194
f 188 190 195
f 197 193 189
f 198 236 193
f 199 189 188
f 199 192 201
f 201 205 202
f 204 202 205
f 206 207 202
f 207 196 200
f 207 206 209
f 210 267 204
f 204 267 211
f 213 223 214
f 214 170 216
f 212 214 215
f 219 212 217
f 212 219 220
f 215 216 222
f 224 170 214
f 213 228 225
f 223 225 226
f 228 213 220
f 196 189 199
f 196 207 208
f 71 74 230
f 232 70 233
f 70 71 229
f 67 65 70
f 176 232 231
f 234 174 231
f 235 234 233
f 167 175 216
f 236 35 50
f 190 194 237
f 239 41 43
f 238 43 45
f 232 176 241
f 242 241 176
f 244 247 245
f 246 245 247
f 248 249 247
f 249 219 218
f 250 3420 248
f 243 245 252
f 243 251 254
f 253 250 244
f 245 246 255
f 256 295 252
f 258 239 238
f 240 186 257
f 258 257 260
f 258 259 261
f 35 32 39
f 194 50 262
f 73 75 263
f 30 25 24
f 241 242 264
f 177 179 265
f 171 231 174
f 35 236 198
f 267 210 268
f 210 323 269
f 211 267 266
f 203 205 272
f 201 274 272
f 274 201 192
f 275 235 229
f 242 265 276
f 264 276 277
f 44 46 279
f 280 279 46
f 279 280 282
f 283 280 37
f 284 186 184
f 260 257 186
f 44 183 240
f 217 215 221
f 218 217 285
f 286 309 285
f 288 290 209
f 206 211 287
f 208 209 290
f 283 38 289
f 283 290 288
f 288 287 293
f 291 288 292
f 295 296 251
f 297 254 251
f 296 295 299
f 300 161 181
f 161 300 301
f 281 300 278
f 183 44 278
f 222 216 175
f 303 286 221
f 305 307 303
f 305 304 235
f 304 302 234
f 222 302 304
f 307 305 308
f 307 311 286
f 302 175 174
f 74 163 180
f 168 165 224
f 246 285 309
f 255 309 310
f 311 310 309
f 270 293 287
f 295 256 312
f 198 289 38
f 197 208 289
f 268 298 299
f 48 41 239
f 313 275 230
f 313 308 305
f 312 315 293
f 292 293 315
f 220 219 249
f 282 291 294
f 291 282 280
f 313 180 301
f 317 316 308
f 300 281 317
f 270 266 299
f 256 310 315
f 314 315 310
f 314 306 294
f 316 294 306
f 306 314 311
f 281 282 316
f 5 9 318
f 185 164 187
f 319 2412 284
f 320 137 4
f 154 136 137
f 320 1317 321
f 322 130 133
f 203 271 323
f 325 332 326
f 324 3786 327
f 328 3027 324
f 326 331 329
f 331 326 332
f 330 332 334
f 336 339 337
f 339 336 340
f 342 340 336
f 343 467 335
f 345 337 339
f 347 352 348
f 349 3376 350
f 346 348 351
f 352 2169 353
f 354 1790 352
f 356 358 357
f 358 361 359
f 361 358 362
f 361 3600 363
f 364 362 358
f 366 377 367
f 368 369 365
f 369 372 370
f 372 369 373
f 374 373 369
f 376 367 377
f 379 383 380
f 382 380 383
f 384 1547 385
f 378 1962 384
f 386 2681 383
f 379 385 387
f 389 2396 390
f 391 392 389
f 393 2395 389
f 388 396 394
f 396 388 390
f 398 403 399
f 400 1014 397
f 399 405 401
f 403 398 404
f 403 2132 405
f 407 413 408
f 406 408 410
f 412 408 413
f 415 412 411
f 416 417 412
f 417 410 408
f 413 407 419
f 421 2824 422
f 423 424 420
f 424 602 425
f 422 3551 426
f 428 431 429
f 431 428 432
f 434 429 431
f 435 2202 427
f 430 3053 433
f 433 3634 436
f 438 1565 439
f 440 444 437
f 442 438 437
f 441 437 444
f 446 442 441
f 447 772 443
f 449 454 450
f 448 3471 451
f 453 450 454
f 448 450 456
f 452 454 458
f 460 462 461
f 462 2344 463
f 460 3571 464
f 335 466 341
f 466 335 467
f 469 473 470
f 471 2448 472
f 473 478 474
f 475 476 470
f 476 471 468
f 478 473 479
f 481 3739 482
f 484 2978 481
f 483 481 480
f 485 3206 486
f 487 3210 485
f 489 492 490
f 491 499 492
f 489 2161 493
f 495 490 492
f 488 490 497
f 494 492 499
f 501 510 502
f 503 1322 500
f 505 503 502
f 503 505 507
f 504 1363 508
f 504 502 510
f 511 515 512
f 514 2132 512
f 515 517 513
f 516 2772 517
f 515 511 518
f 520 523 521
f 523 520 524
f 526 524 520
f 521 530 528
f 522 841 529
f 523 529 530
f 532 534 533
f 534 3225 535
f 536 3513 534
f 531 3072 537
f 538 3553 531
f 539 538 533
f 541 544 542
f 544 541 545
f 547 542 544
f 549 550 545
f 550 1862 543
f 548 545 541
f 553 555 554
f 556 3530 557
f 555 557 558
f 555 553 559
f 552 554 561
f 563 552 560
f 565 2146 566
f 568 565 564
f 567 564 570
f 567 3031 571
f 572 570 564
f 574 579 575
f 573 582 576
f 577 578 574
f 578 2074 579
f 581 576 582
f 583 577 576
f 585 590 586
f 584 586 588
f 586 594 589
f 591 2088 592
f 593 591 590
f 590 592 594
f 392 598 595
f 597 595 598
f 599 598 392
f 393 595 601
f 277 425 602
f 425 277 276
f 603 421 420
f 69 602 604
f 602 424 605
f 606 435 429
f 608 612 609
f 611 609 612
f 613 1683 610
f 607 3031 614
f 612 608 615
f 617 622 618
f 616 1610 619
f 338 340 616
f 621 618 622
f 620 622 624
f 625 624 622
f 627 630 628
f 629 630 580
f 630 629 631
f 632 3222 633
f 634 627 626
f 635 632 626
f 637 2310 638
f 636 641 639
f 641 636 642
f 636 638 643
f 645 647 646
f 643 1230 644
f 647 1094 648
f 355 357 650
f 649 650 652
f 357 359 653
f 655 657 656
f 658 664 656
f 660 658 657
f 659 657 655
f 662 1007 654
f 654 1009 663
f 664 744 662
f 666 668 667
f 668 957 669
f 667 669 671
f 370 372 668
f 666 1161 672
f 674 677 675
f 677 674 678
f 680 677 676
f 682 678 674
f 683 781 678
f 685 687 686
f 687 690 688
f 689 1168 690
f 692 684 693
f 684 686 694
f 696 699 697
f 699 696 700
f 700 696 702
f 702 696 695
f 699 706 704
f 706 699 698
f 708 716 709
f 707 2547 710
f 707 709 712
f 709 715 713
f 715 709 716
f 716 708 718
f 720 726 721
f 723 720 719
f 725 721 726
f 719 721 728
f 721 725 729
f 731 187 31
f 572 734 733
f 734 737 735
f 737 734 738
f 739 2164 740
f 732 733 741
f 662 744 743
f 744 2973 745
f 747 753 748
f 750 746 751
f 752 751 746
f 754 1667 755
f 753 747 756
f 753 755 757
f 759 3391 760
f 762 764 760
f 758 760 764
f 763 2129 765
f 758 765 766
f 764 762 768
f 447 773 770
f 772 447 769
f 773 447 444
f 771 769 775
f 774 3266 776
f 777 772 771
f 779 784 780
f 782 779 778
f 784 779 785
f 784 398 397
f 783 404 398
f 786 785 779
f 785 786 787
f 554 558 788
f 560 561 790
f 791 790 561
f 789 790 793
f 795 801 796
f 796 805 798
f 794 796 797
f 801 795 802
f 804 801 800
f 801 804 805
f 807 810 808
f 809 3976 810
f 812 806 813
f 806 808 814
f 810 3728 815
f 817 2417 818
f 820 817 816
f 817 820 822
f 824 822 820
f 819 816 826
f 816 818 827
f 829 840 830
f 832 840 833
f 835 828 830
f 828 835 837
f 838 829 828
f 839 830 840
f 839 2792 834
f 842 418 843
f 841 522 844
f 845 529 841
f 847 855 848
f 850 847 846
f 851 3233 849
f 852 2293 853
f 852 848 855
f 853 851 846
f 857 860 858
f 859 990 860
f 857 2035 861
f 863 858 860
f 864 2033 856
f 866 870 867
f 865 867 869
f 870 3416 631
f 872 870 866
f 874 877 875
f 876 2056 877
f 497 876 874
f 880 878 881
f 873 881 878
f 883 887 884
f 885 3843 886
f 888 1766 884
f 882 884 889
f 891 895 892
f 894 892 895
f 896 731 890
f 898 901 899
f 900 2409 901
f 902 3331 903
f 905 899 901
f 897 899 906
f 908 911 909
f 911 1905 912
f 913 909 911
f 914 1905 911
f 907 909 916
f 918 921 919
f 920 921 609
f 921 918 607
f 917 923 571
f 923 917 924
f 921 920 925
f 926 924 917
f 919 925 927
f 929 933 930
f 932 930 933
f 932 937 935
f 934 2820 930
f 937 932 931
f 933 929 939
f 941 944 942
f 943 1237 944
f 946 942 944
f 947 3999 940
f 949 941 940
f 254 297 951
f 253 254 950
f 30 1061 730
f 90 956 953
f 91 2523 955
f 956 90 954
f 372 371 957
f 370 672 366
f 959 964 960
f 962 960 963
f 965 963 960
f 966 3877 961
f 968 970 969
f 937 3589 969
f 971 1348 972
f 970 972 935
f 967 2026 973
f 970 968 974
f 975 974 968
f 976 458 454
f 978 1556 979
f 980 981 977
f 981 3253 982
f 981 980 984
f 986 993 987
f 989 986 985
f 990 859 985
f 859 861 988
f 992 990 987
f 993 995 991
f 994 2408 995
f 997 1001 998
f 996 998 1000
f 1001 1006 1002
f 1001 997 1004
f 1006 1001 1003
f 742 1010 1007
f 1009 654 1007
f 1010 1756 1008
f 1011 2007 1010
f 1012 1011 742
f 1014 400 1015
f 780 397 1014
f 1016 1018 47
f 49 47 1018
f 1019 1171 1017
f 1018 1016 1020
f 1022 1028 1023
f 1024 1025 1021
f 1025 1431 1026
f 1027 1022 1021
f 1028 1030 1029
f 697 704 1030
f 1028 1022 695
f 1032 1037 1033
f 1035 1247 1033
f 1034 1033 1037
f 1036 1037 1039
f 1040 1039 1037
f 596 1045 1042
f 1043 1403 1044
f 597 596 1041
f 1045 596 598
f 597 1044 1047
f 1044 1403 1048
f 1020 1058 1050
f 1049 1053 1052
f 1049 1050 1054
f 1050 1057 1055
f 1057 1050 1058
f 1060 730 1061
f 1063 1065 989
f 1062 989 988
f 1065 1066 986
f 1066 994 993
f 1068 1074 1069
f 1067 3601 1070
f 1071 3379 1067
f 1073 1071 1069
f 1074 3833 1072
f 1075 3922 1074
f 1077 795 794
f 1078 802 795
f 1080 1084 1081
f 1083 1081 1084
f 1085 1086 1084
f 1087 1435 1088
f 1082 1084 1086
f 1089 1087 1086
f 1091 1096 1092
f 1094 647 1092
f 1093 1092 1096
f 1090 1092 647
f 1098 1091 1090
f 1090 645 1099
f 1101 1106 1102
f 1104 1107 1101
f 1106 1101 1107
f 1105 2704 1108
f 1106 1108 1109
f 1111 1119 1112
f 1114 1115 1112
f 1115 1954 1110
f 1115 1114 905
f 906 1114 1113
f 1113 1112 1119
f 1117 1113 1118
f 1122 1129 1123
f 1125 1129 1122
f 1126 1477 1121
f 1128 1126 1123
f 1129 2617 1127
f 1131 1139 1132
f 1134 1130 1135
f 1130 1132 1136
f 1138 1132 1139
f 1137 1139 1141
f 782 1145 1142
f 1144 1142 1145
f 1146 787 786
f 1143 1859 1147
f 1143 1145 683
f 1150 1154 1151
f 1153 1151 1154
f 1155 3032 1151
f 1156 2166 1152
f 1157 1156 1154
f 1149 2462 1158
f 1159 1157 1150
f 1161 666 665
f 1161 1163 1162
f 1160 2059 1163
f 1164 1563 1160
f 665 667 670
f 1038 1039 1166
f 1039 1040 1167
f 690 1040 1032
f 1168 1167 1040
f 1017 1169 262
f 1169 1312 237
f 1169 1017 1171
f 1173 2865 1174
f 1172 1177 1175
f 1177 1172 1178
f 1177 1180 1179
f 1176 3718 1180
f 1172 1174 1181
f 407 1183 1181
f 1183 407 406
f 1185 355 649
f 703 695 1022
f 1187 1193 1188
f 1186 1188 1190
f 1189 2588 1191
f 1188 1194 1192
f 1193 1196 1194
f 1195 2491 1196
f 1197 1195 1193
f 1199 1201 1200
f 1201 3909 863
f 1203 1198 1204
f 1205 1204 1198
f 1207 1212 1208
f 1209 2815 1206
f 1211 1208 1212
f 1214 1207 1215
f 1134 1212 1207
f 1206 3582 1215
f 1131 1214 1213
f 1139 1131 1216
f 1130 1134 1214
f 1218 1222 1219
f 1220 4083 1221
f 1222 3699 1223
f 1219 1223 1225
f 1224 1220 1217
f 1226 3701 1222
f 1228 643 638
f 1230 643 1228
f 566 738 734
f 736 738 1232
f 570 572 732
f 1234 1239 1235
f 1236 1971 1233
f 1238 1235 1239
f 1239 1234 1240
f 1242 1246 1243
f 1245 1243 1246
f 1247 1035 1246
f 1249 1242 1241
f 1242 1249 1250
f 1251 1255 1252
f 825 826 1253
f 825 1252 1254
f 1255 2833 1256
f 1258 1264 1259
f 1260 1261 1257
f 1261 78 81
f 1263 1259 1264
f 1266 228 227
f 228 1266 1267
f 1266 1269 1268
f 1265 3285 1269
f 1271 1275 1272
f 1274 1272 1275
f 1276 4097 1273
f 1270 1280 1278
f 1280 1270 1272
f 1282 1287 1283
f 1285 1288 1282
f 1287 1282 1288
f 1290 1287 1286
f 1291 1283 1287
f 1293 1300 1294
f 1295 2407 1292
f 1297 1293 1292
f 1299 1294 1300
f 1302 1308 1303
f 1305 1306 1303
f 1306 3865 1301
f 1307 1419 1308
f 1304 1303 1308
f 1301 1995 1310
f 195 237 1312
f 1311 4006 191
f 9 1316 1313
f 1315 1313 1316
f 1317 320 318
f 1313 1315 1318
f 1314 1316 1320
f 500 1323 1321
f 1322 1326 1323
f 1325 1323 1326
f 1327 1321 1323
f 1328 2713 1321
f 1330 1340 1331
f 1333 1335 1331
f 1335 1333 1336
f 1329 1331 1335
f 1339 1333 1332
f 1340 3587 1332
f 1342 1345 1343
f 456 1343 1345
f 1341 1343 453
f 1341 3508 1347
f 450 453 1343
f 972 1349 934
f 1348 3068 1349
f 1351 1356 1352
f 1352 1357 1354
f 1355 2063 1356
f 1356 2062 1357
f 1351 1350 1359
f 1358 3954 1355
f 1360 507 505
f 1362 508 1363
f 879 1370 1364
f 1366 1367 1364
f 1368 488 496
f 880 1364 1367
f 1365 1372 1369
f 1370 1373 1365
f 1372 1365 1373
f 749 751 1375
f 1377 749 1374
f 1374 1375 1379
f 1375 1381 1380
f 1381 1375 751
f 1382 1218 1217
f 1383 1226 1218
f 1385 1391 1386
f 1384 1386 1388
f 1390 1386 1391
f 1386 1390 1392
f 1391 1385 1394
f 1395 1400 1396
f 1048 1396 1398
f 1399 3131 1400
f 1402 1396 1400
f 1403 1399 1395
f 1405 1407 1406
f 1407 1410 1408
f 1410 1407 1411
f 1404 1089 1412
f 1413 1411 1407
f 1415 1309 1416
f 1416 1419 1418
f 1419 1416 1309
f 1419 1307 1420
f 1421 1304 1309
f 1423 1393 1424
f 1393 1394 1425
f 1393 1423 1389
f 1423 1686 1426
f 1026 1429 1427
f 904 3173 1427
f 1429 2410 1428
f 1429 1026 1431
f 1082 1088 1433
f 1433 1088 1435
f 1437 1439 1438
f 1439 922 1440
f 1439 1437 1442
f 1444 1437 1436
f 1446 1448 1447
f 1449 3465 1450
f 1451 1449 1448
f 1445 2428 953
f 1446 953 956
f 1237 943 1452
f 1237 1239 945
f 1453 1970 1238
f 943 3378 1454
f 1456 1459 1457
f 601 1046 1456
f 1459 1456 1046
f 1458 1456 1455
f 1462 1464 1463
f 1464 2589 653
f 1465 2444 1466
f 1461 1463 363
f 1461 1466 1467
f 1436 1438 1469
f 1443 1436 1468
f 1472 1126 1128
f 1473 4062 1474
f 1471 1128 1476
f 1472 1474 1477
f 1479 1487 1480
f 1481 1484 1478
f 1483 1478 1484
f 1486 1480 1487
f 525 520 519
f 527 1489 519
f 1489 2776 1488
f 1488 2769 1490
f 525 1490 1491
f 1493 1495 1494
f 1495 1771 1496
f 1495 1493 1498
f 1500 1492 1501
f 1502 1493 1492
f 1492 1494 1503
f 1494 1496 1504
f 1506 272 274
f 272 1506 1507
f 1509 1514 1510
f 1511 2125 1508
f 1513 1511 1510
f 1515 1512 1510
f 1516 3902 1514
f 1518 2160 1519
f 1521 1517 1522
f 1523 1522 1517
f 1524 1525 1522
f 1525 4009 1520
f 1527 1529 1528
f 1529 1532 334
f 1530 1533 1529
f 1532 1529 1533
f 333 334 1532
f 1535 1537 1533
f 1531 1533 1537
f 1539 1541 486
f 1541 1539 1542
f 1544 1539 1538
f 483 486 1541
f 1544 387 385
f 1545 385 1547
f 1547 384 1549
f 1548 2861 1546
f 1550 978 977
f 1551 1555 978
f 1553 1555 1554
f 1555 1553 1556
f 1555 1551 1557
f 1550 982 1559
f 664 658 1561
f 1560 2973 744
f 1562 1561 658
f 1563 1164 1561
f 1164 670 1560
f 1564 1569 1565
f 1567 439 1565
f 1566 1565 1569
f 1571 1575 1572
f 1574 1572 1575
f 1572 1574 1577
f 1578 4070 1575
f 1580 1382 1221
f 1411 1413 1582
f 1583 1413 1405
f 1409 1411 1581
f 1585 3569 1584
f 1413 1583 1586
f 1587 1585 1581
f 1582 1586 1588
f 1590 1595 1591
f 1593 1594 1590
f 1594 3703 1595
f 1590 1589 1596
f 1593 1592 1598
f 1600 1605 1601
f 1602 3014 1599
f 1604 1601 1605
f 1600 1608 1607
f 1599 4032 1608
f 1606 3952 1605
f 338 1609 344
f 1609 338 618
f 1610 616 340
f 1611 1613 1540
f 1612 1616 1613
f 1615 1613 1616
f 1617 1540 1613
f 1546 1611 1542
f 1545 1542 1539
f 1540 1617 484
f 1187 1619 1618
f 1186 1191 1619
f 1621 1618 1619
f 1622 2954 1197
f 1624 1628 1625
f 1504 344 1609
f 1623 1625 1503
f 1623 1609 621
f 1501 1503 1625
f 1626 1625 1628
f 1627 1628 1630
f 1632 1637 1633
f 1631 3117 1634
f 1632 1634 1636
f 1638 2149 1639
f 1637 1639 1640
f 1637 1632 1635
f 1641 1307 1302
f 1307 1641 1642
f 1643 226 225
f 1644 1643 1267
f 226 1643 1645
f 1647 1652 1648
f 1649 1891 1646
f 1651 1647 1646
f 1652 1657 1653
f 1652 1647 1655
f 1657 1652 1654
f 1659 1185 1184
f 1184 649 651
f 1658 1184 1660
f 1662 2709 1660
f 1664 1666 1665
f 1666 755 1667
f 755 1666 1668
f 1669 1668 1666
f 1671 1664 1663
f 1672 2840 1663
f 1674 2728 1675
f 1673 1675 1677
f 1679 1673 1676
f 1680 1674 1673
f 1339 3585 1676
f 1682 610 1683
f 1682 2496 1426
f 610 1682 1684
f 611 1684 1685
f 1686 1685 1684
f 1687 1689 1324
f 1689 1687 1690
f 1688 1858 1147
f 1688 1690 1692
f 1687 1973 1693
f 1694 1697 1190
f 1696 1697 1694
f 341 1192 1194
f 1698 1189 1190
f 1700 1583 1412
f 1701 1704 1700
f 1583 1700 1702
f 1702 1700 1704
f 1706 1714 1707
f 1709 1716 1706
f 1707 1713 1711
f 1713 1707 1714
f 1714 1706 1716
f 1334 1336 1718
f 1337 1335 1334
f 1719 1334 1717
f 1720 1752 1721
f 1717 1718 1723
f 1722 4038 1720
f 1725 1732 1726
f 1728 1724 1729
f 1730 1725 1724
f 1732 1725 1733
f 1735 1728 1727
f 1387 1388 1737
f 1736 1737 1417
f 1738 1737 1388
f 1740 1744 1741
f 1739 3447 1742
f 1744 1740 1745
f 1743 1745 1119
f 1118 1119 1745
f 1746 1745 1740
f 1748 1757 1749
f 1747 4038 1751
f 1747 1749 1753
f 1755 1753 1749
f 1754 1749 1757
f 1757 1748 1759
f 1758 1008 1756
f 1761 1124 1762
f 1763 1762 1124
f 1764 3511 1762
f 889 1761 1760
f 1124 1761 1766
f 1767 1774 1497
f 1767 1770 1769
f 1498 2053 1770
f 1497 1773 1771
f 1773 1497 1774
f 1768 2579 1774
f 1776 1779 1777
f 1778 1782 1779
f 1779 1781 1408
f 1781 1779 1782
f 1783 2058 1782
f 1785 1791 354
f 1787 1791 1788
f 347 2799 1784
f 1784 1073 1789
f 1790 354 1791
f 792 793 1793
f 790 791 1794
f 1795 1793 793
f 1797 792 1792
f 1792 1793 1799
f 1801 1804 1802
f 928 1802 1804
f 1805 2472 1804
f 1807 1813 1808
f 1809 2075 1806
f 1811 1813 1812
f 1813 1811 1814
f 1815 1812 1813
f 1817 2190 1818
f 1820 1816 1821
f 1820 4035 1823
f 1816 1820 1822
f 1816 1818 1824
f 1825 3928 1819
f 1046 601 595
f 600 601 1458
f 1828 1831 1829
f 1831 1828 1832
f 1827 3640 1833
f 1834 3639 1827
f 1831 2749 1835
f 1837 1847 1838
f 1836 1841 1839
f 1841 1836 1842
f 1843 1842 1836
f 1845 1843 1838
f 1844 1838 1847
f 1848 811 1847
f 1850 1854 1851
f 1853 4080 1854
f 1852 1854 1850
f 1850 1849 1856
f 1144 1147 1858
f 1859 1324 1689
f 1859 1143 1148
f 1861 1866 1862
f 1864 1867 1861
f 1866 1861 1867
f 1869 1862 1866
f 1868 1866 1865
f 1867 1864 1872
f 342 1194 1196
f 1874 1876 1875
f 1753 1755 1876
f 1874 1721 1752
f 1878 1875 1876
f 1873 1875 1880
f 1881 1880 1875
f 1883 832 831
f 1884 1886 831
f 1882 831 1886
f 832 1883 1887
f 1889 1649 1890
f 1649 1889 1892
f 1889 2081 1893
f 1890 1649 1648
f 1895 1897 1896
f 1897 1895 994
f 1896 1658 1661
f 1897 1659 1658
f 1900 1902 1901
f 1902 663 1009
f 1008 1758 1901
f 1903 3549 663
f 1902 1900 1904
f 1905 1909 1906
f 1908 3896 1909
f 1909 3896 1910
f 1911 2506 912
f 1912 1911 1906
f 549 1915 1913
f 1915 549 548
f 550 549 1863
f 1916 1864 1863
f 1918 1920 1919
f 1921 3789 1922
f 1923 2165 1917
f 1925 1918 1917
f 1920 1922 1926
f 1919 1926 1927
f 1066 1065 1659
f 1065 1063 1185
f 1182 1930 1928
f 1182 406 409
f 1928 1932 1176
f 1178 1181 1183
f 1929 2899 1930
f 1932 1928 1930
f 1934 1941 1935
f 1933 3314 1936
f 1933 1935 1938
f 1940 1938 1935
f 1941 1943 1939
f 1942 3232 1943
f 1944 1942 1941
f 1892 1893 1946
f 1945 1946 1948
f 1891 1892 1945
f 1945 1947 1604
f 1110 1953 1950
f 1952 2830 1953
f 1954 1951 1953
f 1951 1956 1328
f 1956 1951 1954
f 478 1960 1957
f 1959 1957 1960
f 477 1961 1960
f 1961 3951 1958
f 1963 1549 384
f 1548 1549 1965
f 1415 1966 1965
f 1421 1965 1549
f 1966 2703 1964
f 1693 1972 1968
f 1968 1236 1970
f 1236 1968 1972
f 1973 506 1972
f 1690 1693 1967
f 1975 1979 1976
f 1978 1976 1979
f 1980 3946 1977
f 1979 1975 1981
f 1922 1975 1974
f 1974 1976 1642
f 1982 1927 1926
f 1983 2207 1984
f 1295 1984 1986
f 1984 1295 1294
f 1984 2207 1987
f 1985 1986 1989
f 1986 1987 1990
f 1310 1994 1991
f 1993 1991 1994
f 1991 1993 1927
f 1995 3666 1994
f 1997 2001 1998
f 2000 1998 2001
f 2002 3732 1999
f 2003 3622 2004
f 2005 1997 1996
f 2006 2003 1996
f 2008 1755 1754
f 1756 1010 2007
f 2007 1011 2009
f 2010 2012 1685
f 925 2012 2011
f 920 1685 2012
f 2014 1913 1915
f 2016 2017 2014
f 2017 1916 1913
f 2018 2015 2014
f 2019 2020 1957
f 474 1957 2020
f 2022 1705 2023
f 1710 2023 1705
f 1708 1706 1705
f 2024 3298 2021
f 2021 3299 2025
f 2026 1244 2027
f 2027 1035 1034
f 2028 975 973
f 1244 1246 1035
f 2029 1245 1244
f 2031 2034 2032
f 2033 2032 2034
f 856 2034 2035
f 2037 2041 2038
f 2036 3669 2039
f 2041 2037 2042
f 2043 3480 2040
f 2044 2042 2037
f 2046 2050 2047
f 1841 2050 2048
f 2049 2048 2050
f 2045 648 1094
f 2051 640 2045
f 1840 2047 2050
f 2047 1840 2052
f 2053 587 875
f 1768 1769 2055
f 877 1769 1770
f 2056 2055 1769
f 1780 1782 2058
f 2059 2057 2058
f 2058 1783 1162
f 1453 3061 1969
f 1235 1238 1970
f 2060 1788 1791
f 2062 1356 2063
f 2065 1357 2062
f 2064 2062 2061
f 1170 1558 1312
f 1005 1003 2068
f 2069 2072 2067
f 2071 2067 2072
f 2005 3611 2070
f 2002 2069 2068
f 2074 1807 1806
f 579 1806 2075
f 2077 1946 1893
f 2079 2077 2076
f 2077 2079 153
f 2081 3901 2076
f 1603 1650 1949
f 1891 1949 1650
f 1650 1603 2082
f 1947 1602 1601
f 1608 3937 2083
f 2085 2087 2086
f 2087 2085 2088
f 2087 2430 2089
f 2086 2089 1883
f 1882 1885 2084
f 2091 2632 2092
f 2094 2091 2090
f 2096 2098 2094
f 2091 2094 2098
f 2093 2969 2095
f 2099 2968 2093
f 2100 2099 2090
f 2102 2109 2103
f 2104 2105 2101
f 2105 3041 2106
f 2108 2103 2109
f 1104 2111 1589
f 2111 1104 1103
f 1589 2111 2112
f 2114 2116 2115
f 2116 2121 2117
f 2119 2115 2117
f 2118 3903 2120
f 2119 2671 2113
f 2122 2902 2117
f 2124 1508 2125
f 765 2128 2126
f 2128 765 2129
f 2131 2126 2128
f 2132 514 2133
f 402 512 2132
f 2133 2137 2135
f 2137 2133 514
f 2139 3664 2140
f 2142 2139 2138
f 1377 3746 2139
f 2143 2162 2144
f 2141 2138 2145
f 2141 2144 750
f 1442 2148 2146
f 1232 2146 2148
f 1441 1442 565
f 2149 2151 2150
f 2151 2178 2152
f 2153 1640 1639
f 1519 2158 2154
f 2155 1524 1523
f 2154 2157 416
f 2157 2154 2158
f 2159 2421 2156
f 2160 2159 2158
f 488 1368 2161
f 741 2163 756
f 2163 741 733
f 2162 2143 739
f 2143 2145 2164
f 2165 1923 2166
f 1924 1917 2165
f 2167 2165 1156
f 2169 352 1790
f 2171 353 2169
f 2173 1042 1045
f 599 4120 2172
f 1041 1042 2174
f 2176 2179 2177
f 2179 2176 2180
f 2182 2180 2176
f 2181 2176 2175
f 2175 2177 2185
f 2187 2189 2188
f 2190 1817 2191
f 2192 2188 2189
f 2186 2188 2194
f 2196 2198 2197
f 907 2197 2198
f 2199 2302 2195
f 915 2199 2197
f 908 2198 2200
f 2201 2147 2202
f 2204 2276 2205
f 1383 2206 2203
f 1987 2203 2206
f 2204 2203 1987
f 1990 2206 1580
f 2209 2210 1710
f 2023 1710 2210
f 2211 3388 2210
f 2209 2044 2039
f 2213 2220 2214
f 2215 2218 2212
f 2217 2212 2218
f 2220 2213 2221
f 2223 2214 2220
f 2219 4143 2222
f 2225 2229 2226
f 2228 2226 2229
f 2230 951 2224
f 2226 2228 2231
f 2232 2762 2229
f 2224 3599 269
f 2234 2236 2235
f 2159 2160 2236
f 2238 2235 2236
f 2239 1653 1657
f 2240 2239 2233
f 2242 1940 1939
f 1943 3234 2241
f 2244 2247 2245
f 2246 2251 2247
f 2247 2250 2248
f 2250 2247 2251
f 1824 2250 2249
f 2250 1824 1818
f 79 2257 2253
f 322 2253 2254
f 2256 2253 2257
f 2257 79 78
f 1261 1260 2255
f 1469 2260 2259
f 2258 3077 1468
f 1438 1440 2260
f 2262 2264 2259
f 2258 2259 2264
f 1440 3180 2265
f 2261 2259 2260
f 2266 2269 1568
f 2268 1566 1568
f 2267 1568 2269
f 2269 2266 2271
f 2272 2266 1569
f 2266 2272 2273
f 2275 2276 2204
f 2274 2204 2207
f 2276 2279 2277
f 2279 2276 2275
f 2281 2275 2274
f 2275 2281 1211
f 2283 2088 2085
f 2088 2283 2284
f 2286 3883 2287
f 2289 2285 2290
f 2289 3907 2292
f 2285 2289 2291
f 2290 2294 2293
f 2288 2290 852
f 2285 2287 2294
f 2295 2300 1880
f 2297 2300 2298
f 2299 2298 2300
f 2300 2297 1879
f 2302 2199 2303
f 2305 2195 2302
f 2304 2308 2306
f 2307 4078 2308
f 2304 2302 2301
f 1333 1339 1677
f 1336 1677 1675
f 2310 637 2311
f 2310 3629 1227
f 2312 2631 2098
f 2314 2096 2095
f 2316 2318 2317
f 2318 1531 1536
f 2319 1534 2318
f 1534 1532 1531
f 2321 2319 2316
f 2315 4074 2320
f 169 3467 2322
f 2323 2325 2324
f 961 2326 2323
f 1054 1055 2325
f 1054 2323 2326
f 2328 2324 2325
f 603 276 265
f 2329 265 179
f 2332 2339 2333
f 2331 2333 2335
f 2337 2335 2333
f 2339 2332 2340
f 2336 2333 2339
f 2343 2346 2344
f 463 2344 2346
f 2342 2344 462
f 2348 463 2345
f 2349 3669 2345
f 2351 2554 2352
f 2353 2351 2350
f 2355 2554 2351
f 2280 2274 1983
f 2280 2350 1209
f 2357 1394 1385
f 2358 1425 1394
f 606 2361 2360
f 2361 3483 2362
f 2363 3205 2359
f 345 1496 1771
f 344 1504 1496
f 1773 3721 2364
f 2366 2368 2367
f 2368 3542 1354
f 2369 4065 2368
f 2365 713 715
f 2371 3837 2372
f 2370 2372 2374
f 2000 2371 2370
f 2371 2000 1999
f 2006 2375 2378
f 2375 2370 2373
f 2353 1983 1299
f 1298 1300 2379
f 2380 2382 1512
f 1513 1512 2382
f 2381 2382 2384
f 2385 2399 2380
f 2382 2380 2386
f 2388 1098 1097
f 1099 2808 2387
f 1091 1098 2390
f 1954 1115 1116
f 2391 2393 2063
f 2392 3302 2393
f 2061 2063 2393
f 2395 2398 2396
f 2397 3465 2398
f 600 2397 2395
f 2400 2404 2401
f 2402 2404 1224
f 2403 2401 2404
f 1220 1224 2404
f 2386 2380 2399
f 2399 2385 2405
f 2407 1295 1985
f 2406 995 2408
f 1296 1292 2407
f 905 904 1428
f 2409 3173 904
f 1116 1428 2410
f 260 284 2412
f 259 260 2411
f 2415 2418 2416
f 2417 2416 2418
f 2419 2538 2416
f 2420 3641 2418
f 2421 2159 2234
f 2233 1657 1656
f 2423 2426 2424
f 2426 2423 2427
f 148 2428 2424
f 2426 146 145
f 2428 1445 2422
f 2429 2430 593
f 2430 2087 591
f 990 992 862
f 2432 2436 2433
f 2435 2433 2436
f 2437 2504 2433
f 2439 2435 2434
f 2440 2437 2435
f 1079 1081 2442
f 1701 1080 1079
f 2441 2583 2443
f 705 698 2445
f 2444 1465 2446
f 705 2446 2447
f 1064 988 861
f 2450 2296 2451
f 1330 2455 2450
f 2451 2456 2454
f 2455 2297 2296
f 2456 2451 2296
f 991 2458 2457
f 995 2406 2458
f 1204 1205 2457
f 2406 1985 1988
f 2459 2457 2458
f 1158 2461 2460
f 2461 1158 2462
f 2462 1149 2464
f 2466 1483 1482
f 1483 2466 2196
f 2465 3743 2200
f 1937 1938 1482
f 1478 1483 2467
f 2232 323 271
f 2469 4087 2470
f 928 1803 2468
f 1803 1804 2472
f 2471 2469 2468
f 929 2468 2470
f 2474 2477 2475
f 2477 2474 1671
f 2479 2475 2477
f 2480 3984 2473
f 2482 2485 2483
f 2484 551 2481
f 2482 2778 2486
f 2483 2485 2488
f 2490 2778 2482
f 2481 540 2489
f 1610 1196 2491
f 337 345 2364
f 2492 2493 1681
f 2493 2540 2494
f 1683 613 2495
f 2496 1682 1681
f 2497 3438 2436
f 2499 2432 2431
f 2498 3791 2500
f 2499 2500 2502
f 2432 2499 2501
f 2431 2433 2504
f 2505 2506 798
f 910 912 2506
f 797 798 2506
f 2507 2505 2193
f 805 2186 2193
f 2509 2515 2510
f 2508 1886 1884
f 2511 2512 2508
f 1886 2508 2512
f 2514 2510 2515
f 2510 2514 2516
f 1121 4030 1763
f 2517 3678 1537
f 2519 2524 2520
f 18 19 2521
f 2523 2525 2520
f 2524 2526 2522
f 2525 18 2518
f 2524 390 2396
f 2527 2530 1135
f 1132 1138 2528
f 2529 2527 1136
f 2530 3546 1133
f 781 683 1145
f 692 959 958
f 964 959 2533
f 691 2533 959
f 2535 2415 2414
f 2415 2535 2536
f 2414 2416 2538
f 1737 1738 2539
f 1392 2494 2540
f 1738 2540 2541
f 1417 2539 1414
f 2542 1414 2539
f 1283 1291 2544
f 1281 1283 2543
f 2461 1281 2545
f 1284 1282 1281
f 2547 707 711
f 2549 710 2547
f 2546 711 1929
f 2198 2196 2466
f 2467 2196 2195
f 562 2552 2550
f 789 2551 562
f 2551 3285 2552
f 2354 2379 2314
f 2554 2355 2555
f 2096 2314 2379
f 2355 2314 2313
f 1300 1293 2312
f 2557 2566 2558
f 2559 3119 2556
f 2561 2557 2556
f 2558 2567 2562
f 2564 2566 2565
f 2566 2564 2567
f 1202 2573 2568
f 2569 2570 1203
f 2570 1199 1198
f 2572 2569 2568
f 2208 1580 1579
f 2571 2568 2573
f 2573 1202 2574
f 1775 1777 2576
f 2575 2906 2577
f 2576 1410 1409
f 1410 2576 1777
f 2578 1870 2575
f 2054 2580 2579
f 2580 2582 2581
f 1772 1774 2579
f 2441 2442 2582
f 2583 2441 2580
f 1191 2588 2585
f 1620 1619 1191
f 2586 2588 1189
f 2587 2585 2588
f 1463 653 359
f 2589 652 650
f 2590 3540 2419
f 2591 2590 821
f 2590 2591 2593
f 2594 2591 822
f 2417 817 821
f 2595 947 942
f 2597 2599 2565
f 2563 2565 2599
f 2566 2557 2596
f 2600 3280 2599
f 2602 2597 2596
f 2411 2412 2604
f 2413 2411 2603
f 1056 2603 2605
f 894 2605 2603
f 2412 319 896
f 886 2607 373
f 371 373 2607
f 1526 1528 325
f 2609 1527 1526
f 2608 1526 327
f 2612 2609 2608
f 2611 2608 2610
f 461 463 2348
f 2614 2348 2616
f 992 2457 1205
f 1574 2581 2582
f 1573 1772 2581
f 2442 2645 1577
f 2618 3706 2619
f 2617 2619 2620
f 1125 2618 2617
f 2619 3706 2622
f 2624 1216 1213
f 2625 1141 1216
f 2624 2951 2626
f 2628 1562 660
f 2629 1898 2630
f 2631 2629 2097
f 2632 2091 2097
f 2630 2634 2633
f 1898 1661 2634
f 1898 2629 1894
f 2282 2085 2084
f 1885 2512 2635
f 2637 2282 2635
f 2282 2637 2638
f 2639 2641 2252
f 1825 2252 2641
f 2641 2639 2643
f 2644 2639 2249
f 2645 2442 1081
f 2647 2652 2648
f 2650 2652 2651
f 1567 2648 2652
f 439 1567 2650
f 1921 2651 2652
f 575 2075 2653
f 2654 865 868
f 2075 1809 2655
f 2657 1278 1280
f 2658 2659 1278
f 2659 2734 1277
f 1279 3477 2656
f 2656 3064 2660
f 2523 2522 2661
f 91 16 2525
f 2294 2665 2662
f 2663 853 2293
f 2662 2666 2664
f 2665 3788 2666
f 2665 2294 2287
f 1627 2966 2429
f 2668 2670 2032
f 2669 2668 2033
f 2670 3520 2030
f 2671 2677 2672
f 2672 2676 2674
f 2676 2672 2677
f 2679 2677 2671
f 2119 2120 2678
f 2681 386 2682
f 2680 2682 2184
f 2684 2681 2680
f 2184 2685 2183
f 2682 3524 2685
f 769 770 2686
f 774 775 2688
f 2167 2689 2686
f 2689 2688 775
f 770 1925 1924
f 773 2649 1925
f 1506 2691 2690
f 1505 3844 2691
f 2693 2699 2694
f 2695 3100 2696
f 2697 2693 2692
f 2140 2695 2692
f 2698 2700 2699
f 2700 740 2164
f 2699 2164 2145
f 2505 2507 913
f 1744 1743 673
f 675 2701 1741
f 2701 675 677
f 673 1950 681
f 1743 1111 1950
f 2703 1966 2542
f 1414 2542 1966
f 2704 3043 2705
f 2706 1109 1108
f 2704 1105 2708
f 139 953 2428
f 2710 2633 2634
f 1661 1660 2709
f 510 501 2712
f 2714 1430 2712
f 501 1321 2713
f 2716 2722 2717
f 2719 2716 2715
f 2715 2717 2721
f 2722 2725 2723
f 2724 3144 2725
f 2722 2716 2726
f 2727 2729 2728
f 2292 3048 2730
f 2291 2292 2729
f 1674 1680 2731
f 2729 2730 1723
f 1959 1029 1030
f 2019 1030 704
f 2020 2019 2732
f 2732 704 706
f 1998 2000 2375
f 2735 2739 2736
f 2738 2741 2739
f 2736 2739 2741
f 2742 3540 2740
f 2048 2049 2744
f 1839 2048 2743
f 2745 1848 1837
f 1830 1832 2747
f 2748 1830 2746
f 1830 2748 2749
f 2746 2747 2751
f 2753 2751 2747
f 1832 2754 2752
f 1828 1833 2754
f 2756 1434 1435
f 2627 3548 2757
f 1433 1434 2757
f 2756 2628 2627
f 2755 1435 1087
f 2759 3923 2760
f 2227 2229 2762
f 2761 2564 2563
f 2690 3657 2761
f 263 2763 1061
f 2763 263 75
f 791 2765 2764
f 2765 791 788
f 2767 2764 2765
f 2768 2777 2764
f 1047 1048 1397
f 2769 2771 2770
f 2771 517 2772
f 1490 2770 2773
f 2775 2771 2769
f 2769 1488 2776
f 2777 1795 1794
f 2778 2783 2779
f 2485 2486 2780
f 2780 2486 2779
f 2783 2778 2490
f 440 2650 2649
f 592 2284 2784
f 594 2784 2785
f 2787 2790 2788
f 2788 2100 2092
f 2100 2788 2790
f 1630 2791 2790
f 2791 620 623
f 2792 2787 2786
f 2787 2792 1629
f 1624 621 620
f 2791 1630 1628
f 1361 1363 2794
f 1363 504 509
f 2795 3124 1362
f 2795 1361 2793
f 2130 2128 2127
f 2130 2878 2798
f 2797 2127 1857
f 2202 1444 1443
f 2799 347 346
f 619 2491 2801
f 2802 3017 2800
f 2803 2801 2491
f 1262 1264 2427
f 2805 3822 2806
f 2423 2805 2804
f 2807 1262 2804
f 2425 2427 1264
f 2808 2813 2809
f 2809 2813 2612
f 2388 2387 2809
f 2812 3780 2813
f 2814 2812 2808
f 1208 1211 2281
f 2815 1209 2350
f 2278 1211 1210
f 1253 2818 2116
f 2121 2116 2818
f 1251 1253 2114
f 2820 934 1349
f 2822 2824 2823
f 2824 421 2825
f 2826 2828 2823
f 2827 3224 2828
f 2821 2823 2828
f 2329 2825 421
f 2831 682 681
f 2833 1255 2674
f 2833 2835 2834
f 2832 3221 2835
f 2676 3486 2832
f 2673 2674 1255
f 2836 2837 1842
f 2837 2052 1840
f 2838 2842 2839
f 2840 2838 1670
f 2476 1671 1670
f 2842 2838 2843
f 2844 2839 2842
f 2846 3921 2847
f 2845 2440 2439
f 1835 2848 2845
f 2849 3624 2850
f 2440 2845 2848
f 473 469 2851
f 477 479 2853
f 2854 2853 479
f 469 2031 2030
f 468 472 2031
f 2856 2858 2857
f 2858 3545 2859
f 2816 3546 2858
f 2861 1548 1964
f 2703 3008 2860
f 1611 1546 2861
f 1102 1109 2863
f 355 1185 1063
f 1487 1479 2306
f 2305 2306 1479
f 2865 1173 2866
f 2868 2864 2869
f 2870 2869 2864
f 2867 2869 2872
f 2866 2874 2873
f 2874 2866 1173
f 2876 2752 2754
f 2752 2876 2877
f 2876 3316 493
f 1099 645 644
f 2814 644 1230
f 2689 2167 1157
f 2629 2631 1297
f 1293 1297 2631
f 1691 2797 1858
f 2797 1691 2878
f 2879 2878 1691
f 854 855 2881
f 2880 3194 2288
f 2882 2881 855
f 2733 2732 2447
f 2687 2688 2460
f 2319 2321 2885
f 2886 330 333
f 2321 3383 2887
f 2885 2887 2264
f 2884 2885 2262
f 2889 1845 1844
f 2807 2888 2891
f 2888 2807 2806
f 1846 2891 2888
f 2891 1846 813
f 1117 3562 902
f 1114 906 899
f 2893 2897 2894
f 1000 2893 2892
f 1869 3570 2894
f 1002 2898 2897
f 2896 2894 2897
f 546 2897 2898
f 711 712 2899
f 2297 2455 2900
f 2118 2117 2902
f 2901 2902 1075
f 2577 2907 2905
f 2904 1776 1775
f 2906 1871 2907
f 2904 2905 2909
f 2705 2905 2907
f 418 842 411
f 414 411 842
f 2911 415 414
f 2910 414 844
f 2456 2914 2913
f 2298 2299 2914
f 2916 2914 2299
f 2295 3960 2915
f 553 2918 2917
f 2918 553 552
f 1962 378 1305
f 1306 1305 378
f 2919 378 380
f 2921 2925 2922
f 724 2925 1015
f 725 724 2923
f 2925 724 726
f 2925 2921 1013
f 2927 2930 2928
f 2930 2927 1179
f 2931 3397 2873
f 2933 2928 2930
f 2104 2931 2926
f 2935 2938 2936
f 2937 3711 2938
f 2934 3216 2939
f 2941 2936 2938
f 939 2470 2936
f 2470 4087 2934
f 495 2943 2056
f 490 495 876
f 2943 495 494
f 2055 2056 2943
f 2946 2950 2947
f 2945 2947 2948
f 2947 2952 2949
f 1622 2626 2951
f 2952 2947 2950
f 2945 3018 2953
f 2950 2946 2954
f 2956 2961 2957
f 2959 2960 2956
f 2960 2962 2961
f 2961 996 999
f 2962 997 996
f 723 2750 2964
f 2750 723 722
f 2750 2751 2965
f 722 719 727
f 2430 2429 2966
f 1887 1883 2089
f 2967 3635 2615
f 2347 3482 2616
f 1467 1466 2513
f 624 625 2968
f 2968 3017 2969
f 401 2134 2924
f 2134 2135 2970
f 2134 401 405
f 2541 3403 2702
f 443 2971 445
f 2971 443 772
f 2972 745 2973
f 2975 2977 2976
f 2974 3747 1904
f 2977 1617 1615
f 2977 2975 2979
f 580 2981 2980
f 2981 2985 2982
f 2983 2984 2980
f 2984 583 581
f 627 634 2985
f 2981 580 630
f 2986 2284 2283
f 2987 2784 2284
f 1064 2989 364
f 362 364 2989
f 2989 1064 2448
f 2988 2989 471
f 2991 1240 1234
f 2992 3348 1240
f 542 547 2994
f 540 542 2993
f 2996 3001 2997
f 2998 2995 2503
f 3000 2997 3001
f 2995 2997 3002
f 2633 2710 3003
f 2789 2092 2632
f 3004 1672 1665
f 3006 3099 3007
f 3008 3006 3005
f 1616 1612 3005
f 1612 2861 2860
f 3010 3012 1318
f 3012 3010 3013
f 3013 3010 3014
f 1948 2080 3011
f 3015 4032 1599
f 3009 3015 3014
f 2313 2095 2969
f 3016 2969 3017
f 2555 2313 3016
f 3020 3024 3021
f 3023 3021 3024
f 3024 3020 3026
f 3022 3024 3025
f 3029 2272 1564
f 2272 3029 2102
f 3028 3871 3030
f 3031 567 569
f 923 1441 568
f 918 571 3031
f 1149 1151 3032
f 3032 1155 3034
f 2352 2554 2553
f 2151 2149 3036
f 2179 3035 3037
f 2178 2151 3035
f 3038 3037 3035
f 3039 3036 2149
f 3036 3039 3040
f 2101 2106 2273
f 3041 4002 3042
f 2109 2102 3029
f 2271 2273 2106
f 3043 2909 2905
f 3044 3539 2909
f 3043 2704 2707
f 676 678 781
f 1013 680 679
f 679 676 778
f 2957 999 3046
f 1722 1723 2730
f 3048 3988 3047
f 1718 1675 2728
f 3049 3050 2659
f 3050 2735 2734
f 3051 3992 2735
f 3049 3531 3053
f 3050 3049 3052
f 3055 3057 3056
f 2879 3060 3057
f 3054 3761 2798
f 3054 3056 3059
f 3060 1969 3061
f 3062 3056 3057
f 3063 2996 2995
f 2135 2137 3001
f 459 461 2614
f 2615 2660 3064
f 2999 3001 2137
f 3066 3000 2999
f 2136 3649 3065
f 2819 3071 3067
f 3068 3071 2819
f 3067 3072 3070
f 3071 537 3072
f 3071 3068 3073
f 2852 2853 3075
f 1470 1468 3077
f 428 1470 3076
f 3076 3077 3079
f 3077 2258 2263
f 585 1500 1499
f 1626 2429 1499
f 3078 3083 432
f 3078 3079 3081
f 430 432 3083
f 3083 3078 3080
f 1931 1930 2899
f 712 713 3085
f 3087 1931 3085
f 1667 754 3088
f 1140 3137 3089
f 2896 543 1862
f 3091 3093 1823
f 1822 1823 3093
f 3092 3093 3095
f 3091 3574 3097
f 3096 3095 3093
f 2495 2697 2696
f 3100 2695 3101
f 3102 3100 3099
f 3098 2696 3100
f 2693 2697 615
f 2698 615 608
f 2697 2495 613
f 126 127 3104
f 1459 1397 3105
f 1457 3105 3107
f 1397 1398 639
f 878 880 496
f 3109 3115 3110
f 3112 3115 3109
f 1855 1856 3111
f 3114 3110 3115
f 3116 2560 3117
f 3117 3119 3118
f 2560 2556 3119
f 3120 2561 2560
f 3122 3120 3116
f 2574 2459 1988
f 2755 2760 3123
f 1362 2990 1360
f 2990 1362 3124
f 3125 2992 2991
f 2219 2221 3127
f 812 3130 3127
f 3126 3127 3130
f 2221 3969 3128
f 3131 3308 1401
f 3132 4081 3131
f 3133 3132 1399
f 3135 3559 3136
f 3138 3135 3134
f 3137 1140 3139
f 3138 1620 2584
f 976 3089 3137
f 2800 625 617
f 2214 2223 3140
f 3142 3140 2223
f 2222 4015 3141
f 3143 866 865
f 588 589 881
f 589 2785 879
f 2162 756 747
f 3145 3074 3075
f 3074 3736 3146
f 3147 2725 3144
f 2853 2854 3147
f 1918 1925 2649
f 3149 1290 1289
f 3150 936 3148
f 3151 3148 936
f 1304 1421 1963
f 3153 3410 3154
f 2993 2994 3152
f 3152 3156 2071
f 3156 3152 2994
f 3158 3469 3159
f 3161 3158 3157
f 3158 3161 3163
f 3165 3163 3161
f 3167 63 3168
f 3169 3867 3167
f 3166 3168 3171
f 63 61 60
f 19 63 3167
f 1699 1085 1080
f 3172 1704 1701
f 1895 1296 2408
f 3173 703 1027
f 703 3173 2409
f 3174 3176 2218
f 2216 2218 3176
f 3178 3175 3176
f 2215 3140 3179
f 2786 2788 2789
f 834 2786 3003
f 3180 1440 922
f 1372 3815 3181
f 3182 3931 1366
f 1455 1457 3106
f 1460 1455 3183
f 1826 1458 1460
f 2837 2836 3184
f 3183 3106 2052
f 2836 3695 3186
f 3184 3186 3185
f 3187 3190 2110
f 2112 2111 2110
f 3188 2110 3190
f 3191 4013 3190
f 3192 3191 3187
f 3193 3343 3194
f 2880 2881 3195
f 1296 1895 1894
f 924 926 3196
f 2069 2002 2001
f 3198 3203 3199
f 3201 3202 3199
f 3202 3920 3197
f 2363 3326 3204
f 3200 3199 3203
f 3203 3198 3205
f 3197 737 736
f 3206 3208 1538
f 3208 3206 3209
f 3210 3209 3206
f 3209 3210 3212
f 2939 3215 3214
f 2507 3214 3215
f 3216 916 3215
f 913 3215 916
f 3213 2937 2935
f 3218 3222 632
f 3218 3221 3220
f 3221 3218 3217
f 3219 2403 3222
f 3223 3226 3224
f 3225 3224 3226
f 2829 2828 3224
f 1856 2123 3227
f 3228 3112 3111
f 3229 3227 2123
f 2123 1856 1849
f 3230 2785 2784
f 3231 3235 3232
f 3234 1943 3232
f 3236 850 849
f 3233 3232 3235
f 3121 3237 3231
f 3235 3231 3237
f 3239 3245 3240
f 3240 3247 1735
f 3243 3245 3244
f 3245 3239 3246
f 3245 3243 3247
f 3249 3246 3239
f 1654 1655 2549
f 3250 2549 2548
f 2421 3250 3251
f 1655 4017 710
f 1559 982 3253
f 3252 3253 3255
f 983 3255 3253
f 3237 3121 1633
f 3236 3237 1640
f 3257 3262 3258
f 426 3256 3258
f 3259 3258 1165
f 3260 3264 3261
f 3262 1038 1165
f 3263 3260 1165
f 3263 3834 3264
f 3266 774 2687
f 2543 2544 3267
f 2545 2543 3265
f 3268 3266 3265
f 3270 3275 3271
f 3269 1402 1401
f 3271 3278 3273
f 3275 3270 3276
f 3278 3271 3275
f 3277 3275 3274
f 3280 3281 2598
f 3281 2231 2228
f 400 401 2923
f 2793 2794 3283
f 3282 3951 2796
f 2794 509 3284
f 1269 1797 1796
f 1797 1269 3285
f 1268 1796 3286
f 3288 2718 3289
f 3228 3290 3289
f 3290 3603 3287
f 2720 3289 2718
f 2720 2721 3112
f 2718 3288 3291
f 1967 1968 1969
f 128 2254 3104
f 3103 3104 3293
f 3295 2959 2958
f 2960 2959 3297
f 3296 3730 2962
f 754 756 2163
f 2144 747 746
f 2206 1383 1382
f 3298 457 3299
f 457 458 3136
f 3300 452 457
f 3302 2392 3303
f 3302 3305 2394
f 3305 3302 3301
f 3307 3303 2392
f 3308 3276 3270
f 3309 3311 3276
f 3274 3276 3311
f 2146 1232 738
f 3310 3311 2126
f 3311 3309 766
f 1698 3312 1709
f 3312 1698 1697
f 1934 1936 3313
f 3313 2601 2561
f 1944 3313 3120
f 1936 2602 2601
f 3314 4124 2602
f 3316 3320 3317
f 491 3315 3318
f 3319 3318 3315
f 3316 3315 491
f 3320 3322 3321
f 3320 2875 3323
f 1715 1716 3325
f 1716 1709 3312
f 2360 2362 3326
f 2362 2038 2041
f 2040 3204 3326
f 3327 2153 2150
f 2152 3328 2882
f 2178 2180 3328
f 1141 2625 3139
f 2638 3330 3329
f 3330 903 3331
f 3329 3331 3333
f 2986 3329 3332
f 3335 3817 3336
f 2642 3334 3338
f 3339 3338 3334
f 3335 3334 2642
f 2641 2642 3337
f 3341 3345 3342
f 2182 3340 3193
f 3343 3193 3340
f 3344 3342 3345
f 3346 3347 2724
f 3347 3145 3144
f 2992 3125 3145
f 3348 2992 3347
f 2620 2619 2621
f 1653 2239 3350
f 3170 3171 3351
f 1888 1890 3350
f 3170 3350 2239
f 3353 3359 3354
f 3354 3359 3356
f 3358 3352 3354
f 3319 3942 3356
f 3318 3319 3359
f 498 3353 3352
f 3361 3363 3362
f 3363 3361 3364
f 3363 1787 1786
f 3273 3364 3361
f 3367 3370 3368
f 2744 1095 3366
f 3369 3366 1095
f 3368 3371 2743
f 3370 4142 3371
f 3370 3367 3373
f 903 3330 3375
f 2637 3375 3330
f 897 903 3374
f 3376 349 3377
f 3378 3380 3376
f 350 3376 3380
f 3377 3062 3061
f 3062 3377 349
f 3382 2887 3383
f 3381 3383 3385
f 3383 2321 2320
f 2887 3382 2263
f 3081 3382 3381
f 3387 3300 3298
f 3388 3387 2024
f 2929 1179 1180
f 2926 2873 2874
f 1175 1179 2927
f 761 760 3391
f 3390 4001 3392
f 3394 3398 3395
f 2872 3399 3394
f 3398 3394 3399
f 2870 2873 3397
f 3396 3394 3393
f 2871 2872 3396
f 3402 2998 2504
f 3403 2541 2540
f 3403 3405 3404
f 3405 3403 2493
f 3406 1254 1252
f 3407 3406 1256
f 3409 2782 3410
f 2782 3409 3411
f 3154 3410 2782
f 3153 3607 3408
f 3412 3547 652
f 3413 3412 2589
f 2834 3415 3414
f 3415 2834 2835
f 3416 3414 3415
f 3407 3414 872
f 2489 2993 3154
f 3418 3149 3148
f 1290 3149 3419
f 452 3300 1346
f 227 220 248
f 3420 3422 1265
f 3421 3422 3420
f 2552 3422 3421
f 3422 2552 3285
f 952 3421 250
f 3424 2535 2534
f 2535 3424 3425
f 3423 3861 3426
f 3427 3425 3424
f 3428 3653 3423
f 2537 3428 2534
f 3018 2945 2553
f 3430 3847 3431
f 3433 3430 3429
f 3430 3433 3435
f 3432 3737 3436
f 2434 2436 3438
f 3439 3441 3438
f 3437 3438 3441
f 2623 2952 2951
f 1621 3139 2625
f 1751 3212 3210
f 2963 3443 720
f 3443 2963 3444
f 2922 3443 3442
f 3446 3447 3444
f 3447 1739 3442
f 2963 2964 3445
f 1225 634 633
f 634 1225 1223
f 2402 633 3222
f 3449 1315 1314
f 3009 1318 1315
f 2714 1956 1955
f 1430 1431 2711
f 1430 2714 2410
f 3451 2911 2910
f 3450 3454 3452
f 2912 3455 3450
f 3454 3450 3455
f 3455 2912 524
f 526 1491 3453
f 2898 1002 1006
f 1005 3156 3155
f 547 2898 3155
f 2893 1000 998
f 2700 2698 614
f 3375 2637 2636
f 3374 3375 3456
f 2511 2516 3456
f 2709 1662 837
f 835 3003 2710
f 3459 1884 833
f 2509 1884 3459
f 2515 2509 3460
f 3458 3854 3461
f 3460 3459 3461
f 3464 3466 1450
f 3463 1450 3465
f 1826 3463 2397
f 3466 1447 1448
f 3467 3223 2827
f 2322 2827 2826
f 2330 179 178
f 3468 3512 3226
f 3223 3467 1645
f 3470 446 445
f 2971 3159 3469
f 3471 2528 1138
f 3472 2529 2528
f 3089 976 449
f 1137 3089 451
f 3473 3545 2530
f 3474 3473 2527
f 2529 3472 3475
f 1272 1274 3476
f 3476 4011 3477
f 3479 3476 1274
f 1273 4096 3478
f 3481 3201 3200
f 2843 3481 3480
f 3204 2040 3480
f 2840 1672 3201
f 2802 2953 3018
f 2946 2953 2803
f 2038 2362 3483
f 3483 2361 436
f 3282 3283 1024
f 1025 1024 3283
f 3484 1024 1023
f 2675 2677 2679
f 2675 2383 3486
f 3488 3490 3489
f 3490 3492 3491
f 3492 3490 3400
f 3393 3395 3493
f 3494 3491 3492
f 3495 3400 3490
f 3401 3396 3400
f 3497 3501 3498
f 3500 3498 3501
f 3501 3497 3503
f 3505 3497 3496
f 3506 3503 3497
f 1422 2010 1686
f 3507 1346 3300
f 1346 3507 3508
f 60 62 110
f 3509 3171 3168
f 551 541 540
f 1760 1762 3511
f 3510 3610 1765
f 2127 2129 1146
f 3512 539 535
f 3225 534 3513
f 3514 1513 2381
f 1511 1513 3514
f 2679 3516 3514
f 3516 3603 3515
f 2330 2826 2825
f 2605 894 893
f 3517 1055 1057
f 893 895 3519
f 3517 893 3518
f 2604 896 892
f 2851 2030 3520
f 3521 3147 2854
f 685 2531 2328
f 2324 2328 2531
f 3522 689 687
f 2531 685 684
f 1543 1538 3208
f 3207 3970 3523
f 3523 2685 3524
f 387 1544 1543
f 1877 1876 1755
f 3525 1877 2008
f 402 404 3526
f 3527 518 511
f 404 783 768
f 3529 557 3530
f 3378 943 941
f 949 3601 3380
f 3082 3052 3053
f 3531 3634 433
f 3052 3082 3532
f 3084 3532 3082
f 1212 1134 1133
f 2053 1498 1493
f 329 3534 3196
f 3534 2265 3180
f 3533 3196 926
f 331 3535 3534
f 3535 2261 2265
f 2170 3278 3277
f 3058 3059 353
f 3279 3058 2171
f 1961 477 2852
f 3536 366 672
f 366 3536 3537
f 3539 3537 3536
f 2592 2740 3540
f 3540 2742 2538
f 3541 2736 2740
f 2626 1622 1618
f 3179 3140 3142
f 3542 3179 1353
f 3098 3405 2492
f 922 1439 1441
f 2155 416 415
f 3499 3652 3435
f 3498 3500 3436
f 2587 1708 2022
f 2025 3559 2585
f 2526 2396 2398
f 3545 2858 3546
f 3547 1662 651
f 836 837 1662
f 3547 3412 838
f 659 661 1380
f 1379 1380 661
f 3548 1380 1381
f 2758 2757 3548
f 2824 2822 3551
f 2822 3996 3552
f 3284 2711 1431
f 3553 3070 3072
f 2389 2390 3555
f 3557 3857 3555
f 3558 2390 1098
f 2390 3558 3556
f 3554 3793 3369
f 2389 3369 1096
f 3060 2879 1692
f 1620 3138 3139
f 2584 2585 3559
f 3560 3230 2987
f 3561 3560 3332
f 3230 3560 1373
f 1371 1373 3560
f 3331 902 3562
f 3563 3561 3333
f 3564 3566 2532
f 3566 3564 3567
f 382 3564 2337
f 964 2532 3566
f 2532 2533 2335
f 1210 1133 3546
f 135 126 3103
f 1486 558 557
f 558 1486 1485
f 3528 4098 1481
f 2785 3230 1370
f 2892 2894 3570
f 2895 2892 3569
f 2448 861 2035
f 1342 1347 1810
f 3571 1811 1810
f 1812 1815 1345
f 3097 3575 3573
f 3572 3784 3096
f 3574 4116 3575
f 3575 4115 3576
f 3387 3388 3577
f 2636 2635 2512
f 3020 3248 3578
f 3248 3020 3019
f 3248 3239 3238
f 3579 3786 3025
f 3580 3581 3578
f 3581 3579 3026
f 3582 2949 2952
f 1215 3582 2623
f 1887 1629 2792
f 1629 1887 2966
f 808 815 3583
f 814 3583 2890
f 3585 1339 1338
f 3584 3437 3440
f 1338 1332 3587
f 3586 2438 3584
f 2227 2563 2598
f 1200 863 862
f 2459 2574 1202
f 2189 2187 3588
f 2186 805 804
f 803 3588 2187
f 3588 803 2245
f 3150 3591 3590
f 1289 1286 3591
f 3592 3591 1286
f 936 3150 3589
f 3593 2965 2751
f 2964 2965 3594
f 3182 3594 2965
f 3213 3214 3596
f 3595 4037 2937
f 3299 3136 3559
f 2444 2445 2513
f 700 3597 2445
f 2513 2445 3597
f 3531 3049 2658
f 3598 2658 2657
f 1127 2620 1476
f 2230 3633 950
f 297 3599 2224
f 3599 297 296
f 2168 3364 2170
f 3364 3273 3278
f 2168 1790 1787
f 625 2800 3017
f 3600 2446 1465
f 3379 3380 3601
f 2799 350 3379
f 458 976 3134
f 3516 2679 2678
f 3603 3516 3602
f 417 416 2157
f 1524 2155 2911
f 2017 2016 3192
f 2016 2015 3191
f 3606 3408 3607
f 3605 3611 3609
f 3606 3605 3608
f 3607 2070 3611
f 2070 3607 3153
f 3408 3606 3612
f 3613 2544 1291
f 3614 3267 2544
f 3615 3419 3149
f 3419 3615 3616
f 3174 3617 3177
f 3617 4065 3618
f 3179 3542 3617
f 3619 2377 3620
f 2377 2378 3621
f 957 3620 3621
f 2606 3620 957
f 2972 3621 2378
f 3622 3884 3609
f 3619 3885 3622
f 1231 1232 2147
f 2998 3402 3623
f 2850 3402 2437
f 2970 2135 2996
f 729 2970 3063
f 3624 3623 3402
f 3625 3627 3324
f 3626 3696 3627
f 3627 2478 3628
f 3272 3273 3365
f 93 153 2079
f 2080 153 155
f 3011 155 321
f 2034 2031 472
f 375 377 3537
f 2548 2547 2546
f 952 950 3633
f 2917 3633 2230
f 3632 3633 2917
f 559 2917 2231
f 427 1443 1470
f 3221 2832 3486
f 3220 3486 2383
f 356 1063 1062
f 434 436 2361
f 3635 2967 436
f 2862 3192 1100
f 3257 3638 3637
f 3636 4036 3262
f 3256 3552 3638
f 1833 3323 2875
f 3639 2449 3640
f 3640 2453 3323
f 818 2418 3641
f 827 3641 2817
f 2818 1253 826
f 3286 1798 539
f 3643 2246 2244
f 3642 2244 2243
f 3644 3650 3645
f 3642 3645 3646
f 2309 3272 3629
f 3647 1227 3629
f 3269 3271 3272
f 1402 3269 2309
f 3065 2775 3648
f 2775 3065 3649
f 3650 3660 3651
f 3652 3499 3384
f 3652 4074 3434
f 3384 3502 3386
f 3502 3384 3499
f 3538 3536 1162
f 3504 3496 3654
f 3543 3654 3496
f 3655 3118 3119
f 3656 3655 2559
f 3658 2562 2567
f 1360 1233 1971
f 1233 1360 2990
f 802 1078 3650
f 1077 4025 3659
f 1078 3659 3660
f 3644 2243 800
f 3118 3655 984
f 3663 1516 1509
f 2570 2569 1516
f 3662 1509 1508
f 3664 3101 2695
f 1971 1972 506
f 3485 2381 2383
f 1059 1061 2763
f 2583 2944 3172
f 2054 2055 2944
f 3667 3977 3668
f 3668 1153 1152
f 3666 3668 1992
f 2166 1993 1992
f 573 575 868
f 2346 2343 3577
f 2211 2039 3669
f 2349 3577 3388
f 3508 2343 2342
f 3507 3577 2343
f 563 2550 3632
f 3632 2550 3421
f 3671 3676 3672
f 3674 4132 3672
f 3673 3672 3676
f 2772 516 3676
f 688 1032 1031
f 686 688 3677
f 1230 1229 3678
f 1536 1537 3678
f 1229 3681 3679
f 3681 1229 1228
f 3683 3689 3684
f 3686 3689 3687
f 3688 3684 3689
f 1981 3789 3682
f 2783 3411 3690
f 635 3415 3217
f 2868 4019 845
f 2864 2868 3691
f 2865 3691 3692
f 3693 2185 2177
f 3037 3038 3694
f 1843 1845 3695
f 2478 3627 3696
f 2478 2477 2476
f 3697 4141 3696
f 2933 4005 3041
f 2103 2108 2931
f 2105 2104 2928
f 3591 3592 2029
f 2026 967 3590
f 3589 3590 967
f 3592 3715 1245
f 2409 900 701
f 3113 2723 3521
f 3110 3114 2670
f 3114 3521 3520
f 2723 2725 3147
f 2717 2723 3113
f 963 965 3698
f 3565 3698 965
f 2985 1223 3699
f 3699 1222 3701
f 2982 3699 3700
f 3702 1327 1325
f 1324 1859 1860
f 1860 1148 2831
f 2855 2277 2279
f 3700 3701 2855
f 1973 1687 1326
f 506 1973 1322
f 669 3621 2972
f 2621 2622 3704
f 2622 3707 3705
f 3706 3742 3707
f 1089 1085 1699
f 1089 1404 2759
f 2940 3709 3708
f 3418 3708 3709
f 3710 3783 3709
f 3711 3710 2940
f 2080 1948 1946
f 3712 3039 1638
f 3630 3765 3713
f 3539 3044 3630
f 3714 3715 1285
f 3715 3592 1288
f 1243 1245 3715
f 1241 1243 3714
f 3305 3389 3717
f 2066 2061 2394
f 3719 2066 3717
f 3718 3717 3389
f 435 606 2359
f 3205 1231 2201
f 1444 2202 2147
f 701 3720 3597
f 900 3457 3720
f 898 3374 3457
f 1772 1573 3721
f 3723 3725 2256
f 3724 3293 3725
f 3722 3728 3726
f 3722 2256 2255
f 3728 3722 3727
f 2253 2256 3725
f 3729 3731 3730
f 1004 3730 3731
f 3732 2002 2073
f 3731 3729 3733
f 3735 3733 3729
f 3125 3736 3074
f 3736 3125 3124
f 3432 3429 1786
f 3737 3432 1788
f 3429 3431 3362
f 3099 3101 3738
f 1759 482 3739
f 2978 2979 3739
f 480 482 3740
f 1748 3740 482
f 2661 3544 1449
f 884 1766 1761
f 3742 888 887
f 2618 1125 1766
f 2252 1825 1821
f 1940 2242 3743
f 2465 1482 1938
f 2242 1908 1907
f 914 2200 3743
f 2518 2521 3744
f 713 2365 3086
f 3086 2065 2064
f 569 570 740
f 1952 1328 1327
f 3746 1377 1376
f 1376 1374 1378
f 3745 1376 3747
f 3749 3746 3745
f 2377 3619 2003
f 2156 3251 3604
f 3751 3754 3752
f 3724 3752 3754
f 3753 3754 3756
f 3754 3751 3757
f 3641 2420 3758
f 2711 3284 509
f 1903 1904 3747
f 2975 1904 1900
f 3701 1226 2277
f 2278 2816 2856
f 1452 1454 3377
f 3760 3452 3454
f 3453 4140 3759
f 1500 585 584
f 587 2053 1502
f 3761 3054 3058
f 3056 3062 351
f 3762 376 375
f 376 3762 3741
f 3763 368 367
f 3705 3713 3765
f 3487 3489 3165
f 3767 3772 3768
f 3164 3161 3160
f 3766 3165 3164
f 3768 3774 3769
f 3770 3772 3771
f 3772 3767 3773
f 3772 3770 3774
f 727 728 3624
f 728 729 3623
f 3346 2595 946
f 945 1240 3348
f 2726 3975 2595
f 546 544 543
f 1248 3776 3775
f 3776 1248 3033
f 3776 3779 3777
f 3779 3776 3034
f 2464 3032 3033
f 1248 1241 3716
f 2813 3780 2609
f 1527 2609 3780
f 1353 3142 1350
f 1350 3142 3141
f 3782 3291 3288
f 3783 3710 3572
f 3710 3711 3784
f 3615 3709 3783
f 3573 3576 3616
f 2494 1392 1390
f 1950 1953 2830
f 3132 3133 3390
f 3785 3022 3027
f 2011 3023 3022
f 927 2011 3785
f 3027 3025 3786
f 731 730 1060
f 731 896 319
f 3788 2665 2667
f 1910 2666 3788
f 1975 1922 3789
f 2647 3682 3789
f 2503 3002 2498
f 3791 2498 3002
f 3790 3002 2997
f 3792 776 3266
f 3366 3369 3793
f 3481 2843 2838
f 2841 2843 2043
f 682 2831 1148
f 2733 3795 475
f 2883 360 3795
f 3746 3749 3664
f 3751 3799 3796
f 3797 3798 3757
f 3798 3936 3756
f 3750 3900 3799
f 1851 3662 2124
f 3511 1764 3801
f 3510 3511 3800
f 3411 3800 3801
f 1764 4029 3802
f 2122 2121 2817
f 2859 3804 2984
f 583 2984 3804
f 3545 3473 3804
f 3803 3804 3473
f 2983 3700 2857
f 3806 2810 3807
f 3805 4122 3808
f 3806 3808 3809
f 3805 3807 3811
f 2613 3811 3807
f 2810 3806 2811
f 2611 3807 2810
f 3689 3683 3812
f 3687 3812 3813
f 3685 3687 3242
f 2357 3686 3685
f 2668 2669 3108
f 3446 3181 3815
f 3181 3446 3445
f 3594 3182 1369
f 3648 3820 3817
f 3817 3820 3818
f 3816 3817 3335
f 2776 3818 3820
f 3648 2775 2774
f 1418 1420 1978
f 3821 3823 3822
f 3822 3824 2889
f 3823 3825 3824
f 1447 3466 3823
f 3466 3464 3825
f 3720 2516 2514
f 2420 2536 3826
f 3827 109 111
f 3509 110 109
f 3827 3829 3828
f 3829 1888 3351
f 1916 2017 2862
f 2863 1872 1864
f 3163 3165 3489
f 476 475 3795
f 360 362 2988
f 1584 3830 2578
f 3569 3570 3830
f 3830 1868 1870
f 752 3948 3550
f 3831 1518 1517
f 1520 4008 3832
f 3826 3922 2122
f 3833 3826 2536
f 3692 843 418
f 1174 3692 419
f 3834 1059 3665
f 3835 1060 1059
f 605 3261 3264
f 3665 2763 604
f 1337 3836 2900
f 3836 1873 1879
f 1329 2900 2455
f 3837 3840 3838
f 3840 3837 3841
f 3837 2371 2376
f 1012 2374 2372
f 2009 3838 3840
f 1011 1012 3838
f 3842 3884 3843
f 1765 3842 885
f 3844 3845 3658
f 3656 3845 3255
f 2691 3658 3657
f 2562 3658 3845
f 3681 3849 3846
f 2317 1536 3679
f 3848 3846 3849
f 2334 3853 3850
f 3851 2332 2331
f 3777 3850 3853
f 693 694 3852
f 2334 2335 2533
f 691 693 3853
f 2694 2145 2138
f 3458 833 840
f 3854 3458 829
f 3307 3306 3856
f 3856 3859 3857
f 3557 4138 3855
f 3858 3306 2392
f 3306 3858 3859
f 3860 4041 3303
f 1258 53 147
f 2413 3978 261
f 1997 2005 2072
f 2004 3609 3611
f 1776 2904 2908
f 3861 3423 3653
f 3862 3504 3653
f 2449 2451 2453
f 2449 3639 2452
f 3863 2452 3639
f 2067 2071 3156
f 3604 3631 410
f 3631 2546 409
f 3251 2548 3631
f 2185 3693 2683
f 1995 1301 3865
f 3666 1995 3864
f 3667 3864 2340
f 2238 3868 3867
f 2237 4104 3868
f 3166 3170 2240
f 3744 3867 3868
f 3389 3305 3304
f 2932 2930 2929
f 2912 844 522
f 423 426 3259
f 3261 605 424
f 3828 3351 3171
f 3703 3704 3870
f 3764 3870 3704
f 3871 3028 442
f 446 3470 3872
f 438 442 3028
f 3873 3874 3488
f 3875 3495 3488
f 3877 966 3878
f 3877 3991 2326
f 3878 3882 3880
f 3876 3878 3879
f 3882 3878 966
f 3365 3361 3360
f 811 813 1846
f 3130 812 811
f 3129 3130 1848
f 3800 3411 3409
f 2365 2367 2065
f 1357 2065 2367
f 2190 3588 2248
f 3708 3418 3151
f 3883 4021 2667
f 3884 3842 3608
f 3884 3622 3885
f 3887 2684 2683
f 3886 3939 3888
f 3567 381 2684
f 3693 3694 3886
f 2522 2526 3544
f 819 1254 823
f 3890 824 823
f 1254 3406 3889
f 1100 3187 1103
f 2648 1567 1566
f 3892 2268 2267
f 3893 3861 3654
f 3580 3241 3810
f 3811 2613 3581
f 1899 1901 1758
f 1899 3739 2979
f 2099 2100 623
f 851 853 2663
f 2664 3897 3894
f 3895 3339 3336
f 3405 3098 3102
f 3008 2703 2702
f 3006 3008 3404
f 360 2883 3600
f 1907 1909 1905
f 2241 3897 1908
f 3896 1908 3897
f 3874 3873 3899
f 3766 3769 3873
f 3769 3927 3899
f 714 2369 2366
f 3900 3968 2217
f 2216 3796 3799
f 3796 2216 3175
f 1976 1978 1420
f 3829 3827 3901
f 3901 3827 100
f 1515 1514 3902
f 2569 2572 3902
f 2572 2405 2385
f 2446 3600 2883
f 1656 1654 3250
f 1257 81 53
f 3442 1739 1741
f 2120 3781 3602
f 3781 2120 3903
f 3287 3602 3781
f 3782 3903 3905
f 3903 2118 2901
f 3386 3906 3080
f 3906 3945 3084
f 3343 3908 3907
f 3342 3344 3908
f 858 863 3909
f 3382 3081 3079
f 3911 3913 3875
f 3912 3914 3913
f 3495 3875 3913
f 3875 3874 3898
f 3401 3913 3914
f 2738 3916 3862
f 3504 3862 3916
f 3916 2738 2737
f 3915 3862 3428
f 1371 3918 3815
f 3561 3563 3918
f 3919 3918 3563
f 3918 3919 3814
f 2610 327 3786
f 3920 735 737
f 3088 2163 735
f 2762 2232 1507
f 2225 269 323
f 3863 3921 3587
f 2452 3863 1340
f 1834 2847 3921
f 3586 3587 3921
f 3922 3826 3833
f 1072 3427 1789
f 1072 3833 3425
f 2057 3123 2760
f 3923 1781 1780
f 2057 2059 3924
f 3123 3924 2628
f 2640 3337 3926
f 3925 3926 3898
f 3928 3925 3899
f 3910 3898 3926
f 2078 102 94
f 1958 3484 1029
f 1271 3541 2592
f 1276 2593 2591
f 3930 3593 2753
f 3931 3182 3593
f 1368 3931 3930
f 3227 3229 3290
f 2125 1511 3515
f 3229 3515 3603
f 1076 794 799
f 1911 1912 799
f 3933 3935 3934
f 3797 3938 3935
f 3936 3798 3935
f 3934 3935 3938
f 3938 3797 3175
f 3694 3940 3939
f 3940 3965 3880
f 3940 3694 3038
f 3356 3942 3941
f 2913 3941 3942
f 1721 1874 1873
f 2496 1390 1389
f 3943 3268 3267
f 464 1810 1347
f 2974 2976 3748
f 3748 1614 3738
f 1614 3748 2976
f 3468 1645 1643
f 745 2972 2373
f 3000 3066 3944
f 3066 3648 3816
f 1920 1918 2651
f 3945 3906 3503
f 3502 3503 3906
f 1977 1387 1736
f 1387 1977 3946
f 3947 3949 1668
f 757 1668 3949
f 748 757 3948
f 3950 4092 3949
f 2812 2814 2517
f 3780 2812 1535
f 2721 3113 3115
f 3146 2796 3951
f 3951 3282 3484
f 2796 3146 3736
f 3850 3777 3779
f 3852 3994 3775
f 3778 3866 3851
f 1603 1605 3952
f 1262 2807 2890
f 1664 1671 2474
f 1669 2474 2473
f 2010 1422 3021
f 3019 3021 1422
f 1931 3087 3719
f 3294 2958 3355
f 2955 3355 2958
f 3953 4118 3160
f 2557 2561 2601
f 3824 3695 1845
f 2805 2423 2422
f 3954 3858 2391
f 895 891 3955
f 3835 891 890
f 3956 3955 891
f 1168 689 3519
f 3955 3956 1167
f 2160 1518 2237
f 3647 3360 3957
f 3680 1228 1227
f 3121 3116 1631
f 3959 2915 3960
f 3297 3959 3958
f 3959 3297 2959
f 3958 3960 3962
f 3963 2060 1785
f 1071 1073 1784
f 2878 2879 3055
f 3879 3880 3965
f 3964 3990 3881
f 3964 3965 3967
f 3965 3940 3040
f 3939 3880 3882
f 2046 1094 1093
f 499 3318 3353
f 3923 2759 1404
f 1406 1408 1781
f 2042 2044 3794
f 1711 3794 2044
f 3802 4043 3690
f 3690 4043 2781
f 3004 3088 3920
f 3969 2221 2213
f 3968 2213 2212
f 3341 2181 2183
f 2181 3341 3340
f 2606 2607 3885
f 191 4006 3971
f 3107 641 640
f 640 642 648
f 2051 2052 3106
f 641 3107 3105
f 2646 2648 2268
f 1195 1197 2954
f 466 1694 1192
f 1695 1694 466
f 3688 2356 3946
f 2356 1385 1384
f 3686 2357 2356
f 3684 3688 1980
f 803 800 2243
f 3293 3104 2254
f 2501 2502 3643
f 3439 3646 3645
f 1528 334 332
f 971 974 3637
f 3552 3996 3973
f 3638 3973 3972
f 2742 3915 2537
f 3915 2742 2741
f 809 3969 3968
f 2524 2519 395
f 1107 1104 1591
f 2716 2719 3975
f 1003 1004 2073
f 767 787 763
f 767 768 783
f 3073 536 532
f 787 1146 2129
f 726 720 3443
f 2666 1910 3896
f 3970 3207 3345
f 2685 3523 3970
f 2914 2916 3941
f 3976 3726 3728
f 3726 3976 3750
f 3723 3726 3752
f 3976 809 3900
f 1956 2714 2713
f 1731 2269 2270
f 3494 3872 3470
f 3162 3470 3469
f 2194 3596 3214
f 3549 1903 1378
f 381 383 2681
f 3007 3738 1614
f 3866 2340 2332
f 3977 3667 3866
f 1678 1676 3585
f 3327 2882 847
f 3360 3362 3431
f 3907 3908 3048
f 2288 3194 3907
f 3233 851 3894
f 261 3978 1016
f 1058 1020 1016
f 3978 2413 1056
f 3980 3982 3981
f 1576 1577 2645
f 3983 1576 3982
f 1576 3983 1570
f 3983 3980 3984
f 3651 3985 3441
f 3660 4094 3985
f 3646 3439 2497
f 3985 1678 3440
f 2369 714 3987
f 3987 717 3952
f 717 3987 714
f 3048 3908 3344
f 3734 3958 3961
f 3296 3297 3734
f 3735 3961 3839
f 3989 3839 3961
f 3636 3637 974
f 2881 2882 3328
f 850 3236 2153
f 3101 3664 3749
f 2012 2010 3023
f 1552 3876 3881
f 3990 1556 1553
f 3876 1552 3991
f 1120 3563 3562
f 1120 1118 1746
f 3437 3584 2438
f 2846 2439 2438
f 3051 3532 3993
f 3994 1250 1249
f 3677 1031 1250
f 3996 2822 2821
f 3843 3885 2607
f 1592 1596 3997
f 1672 3004 3202
f 3975 3998 947
f 3998 3904 3999
f 3999 4100 948
f 2953 2802 2801
f 3673 4001 4000
f 1043 2174 3674
f 4001 3390 3133
f 3675 3392 4001
f 4002 4069 4003
f 4002 3041 4005
f 3219 2386 2401
f 3219 3220 2384
f 3059 351 348
f 1505 274 273
f 3844 1505 3971
f 3254 3971 4006
f 3703 1594 3349
f 3349 1475 1476
f 1475 3349 1594
f 4008 1520 4009
f 3716 3714 2463
f 3412 3413 3854
f 3461 3854 3413
f 1464 1462 3462
f 3727 2255 1260
f 1277 3541 1271
f 2734 2736 3541
f 3477 459 3064
f 459 3477 4011
f 4012 3571 460
f 4011 3476 3479
f 4013 3191 2015
f 3189 3190 4013
f 4015 4016 1359
f 4016 4136 1358
f 3634 3531 3598
f 3324 3628 2844
f 1712 1714 1715
f 2839 2844 3628
f 1647 1651 4017
f 530 4019 4018
f 529 845 4019
f 528 4018 3914
f 4020 4025 4021
f 3787 2667 4021
f 2731 4020 3883
f 2727 2731 2286
f 1680 4024 4020
f 3294 3941 2916
f 2915 3959 3295
f 3471 448 455
f 4009 1525 3452
f 1525 1524 3451
f 4023 3760 3759
f 4024 3659 4025
f 3845 3844 3254
f 3506 3917 3993
f 3532 3084 3945
f 3917 2737 3992
f 3917 3506 3505
f 882 886 374
f 2013 1915 1914
f 3249 3019 1424
f 3583 4010 1263
f 4010 3583 815
f 2830 1952 3702
f 2586 1709 1708
f 3234 3894 3897
f 3472 455 4027
f 3474 3475 4028
f 3904 3998 3291
f 3998 3975 2719
f 1764 1763 4030
f 4031 4045 4029
f 4030 1121 1477
f 4032 3934 3937
f 3178 2083 3937
f 4032 3015 3932
f 3695 3824 3825
f 3533 3785 328
f 3304 3301 4033
f 2920 1741 2701
f 2921 2701 680
f 3337 3338 3929
f 3925 3928 1825
f 3500 3435 3433
f 3737 3893 3543
f 3457 3456 2516
f 3599 298 268
f 3195 3328 2180
f 3544 2398 3465
f 955 2661 1451
f 3770 4035 4034
f 3090 1823 4035
f 4035 1820 1819
f 1036 4036 2028
f 4036 1036 1038
f 4036 3636 975
f 3128 807 806
f 3711 2937 4037
f 3730 1004 997
f 1651 2082 718
f 3836 1337 1719
f 1752 1720 4038
f 3070 3553 4040
f 4041 4033 3301
f 4042 4004 4041
f 1617 2977 2978
f 4043 4045 4044
f 4045 4043 3802
f 4045 4031 4046
f 2484 2483 2487
f 4048 4049 2487
f 4049 4051 4047
f 4051 4049 4052
f 2780 4058 4048
f 2013 4026 4053
f 1914 2484 4047
f 4026 4047 4051
f 1597 1471 1475
f 1471 1597 1473
f 3188 4056 4054
f 1596 2112 4054
f 3997 4054 4056
f 4056 3188 3189
f 4057 4064 4055
f 2018 4053 4014
f 1914 548 551
f 4058 2780 2781
f 4044 4046 4059
f 4053 4051 4050
f 2078 2076 3901
f 4057 3189 4014
f 1474 4046 4031
f 1598 3997 4055
f 4060 1473 1597
f 4049 4048 4061
f 4058 4059 4061
f 1473 4060 4063
f 4060 4055 4064
f 4050 4052 4064
f 4062 4059 4046
f 4063 4061 4059
f 4052 4061 4063
f 2425 147 146
f 4065 3617 3542
f 4065 2369 3986
f 3864 3865 2338
f 3924 1563 1562
f 1563 3924 2059
f 587 588 873
f 2376 1999 3732
f 887 883 3763
f 883 374 368
f 3742 3741 3762
f 2308 2767 2766
f 2766 2765 1485
f 628 631 3416
f 867 631 629
f 870 872 3414
f 3675 3676 516
f 518 3527 3392
f 4066 1729 1724
f 1729 4066 4068
f 4069 4066 1726
f 1076 4021 4025
f 2673 2114 2113
f 1298 2354 2351
f 343 2364 3721
f 743 745 2374
f 2841 1713 1712
f 928 930 2820
f 2819 1800 1802
f 2188 2192 3596
f 3094 2192 2191
f 2192 3094 3595
f 1857 1146 1142
f 1556 3990 4071
f 1437 1444 2148
f 3279 3274 3310
f 330 2886 3535
f 2886 2262 2261
f 962 2324 958
f 381 3567 3564
f 3887 3888 3565
f 2341 380 382
f 1948 3013 1602
f 1932 3719 3718
f 2066 3719 3087
f 1051 1052 1554
f 1557 1551 1170
f 1552 1554 1052
f 1042 2173 4072
f 4023 4072 2173
f 4007 2173 2172
f 3649 513 517
f 3579 3581 2613
f 2358 3685 3244
f 1982 1642 1641
f 1055 3517 2327
f 1425 2358 3246
f 1795 2777 4039
f 1793 1795 4040
f 824 3890 4073
f 3385 2320 4074
f 3848 3434 4074
f 3847 3430 3434
f 1231 3205 3198
f 4075 980 979
f 980 4075 3661
f 3662 1851 4076
f 749 1377 2142
f 1747 1750 3740
f 487 3740 1750
f 4038 1722 3047
f 1226 1383 2205
f 4077 1733 1725
f 1731 1733 3891
f 3813 3891 1733
f 3812 3892 3891
f 3243 4077 1730
f 2472 1805 4078
f 4079 1805 1801
f 2471 2472 2307
f 1805 4079 2768
f 2235 2238 3169
f 1852 3108 2669
f 1855 3109 3108
f 2593 1276 1275
f 4080 4076 1851
f 4081 3132 3391
f 4010 1260 1259
f 3972 4135 1348
f 3612 3606 3610
f 3610 3608 3842
f 4082 3929 3338
f 3910 3929 4082
f 4083 2571 1579
f 1445 1447 3821
f 3655 3656 983
f 4085 2500 3791
f 4084 3791 3790
f 3680 3957 3849
f 3957 3431 3847
f 3574 3091 3090
f 3216 4086 915
f 4086 2303 2199
f 4086 3216 2934
f 4012 1814 1811
f 1808 1814 4088
f 1398 2311 637
f 4042 4068 4066
f 4067 4068 4090
f 3860 4090 4068
f 3241 3580 3238
f 455 456 1344
f 4092 3950 3979
f 4083 1220 2400
f 4093 3712 1635
f 1636 3661 4075
f 3661 1636 1634
f 4000 3133 1403
f 4094 1679 1678
f 4096 1273 4097
f 3761 3310 2131
f 4093 4075 4071
f 3263 3956 3835
f 3956 3263 1166
f 2660 2615 3635
f 1742 3814 3919
f 2869 2870 3399
f 2405 2572 2571
f 1815 4113 1344
f 3529 1481 1480
f 4098 1937 1484
f 2502 4099 2246
f 2251 2246 4099
f 4018 2867 2871
f 3814 1742 3447
f 4100 3999 3904
f 1070 948 4100
f 2903 4100 3905
f 2303 4086 4087
f 2469 2471 2301
f 3950 3984 3980
f 2551 789 792
f 2475 2479 4101
f 3947 2473 3984
f 395 3869 4102
f 4103 394 396
f 3869 3868 4104
f 2208 2574 1989
f 1789 3427 3426
f 3889 3417 4105
f 3890 4105 4106
f 4105 871 4107
f 871 4105 3417
f 3417 3889 3406
f 3618 3986 1607
f 1606 1607 3986
f 168 1645 3467
f 2081 1889 1888
f 1993 2166 1923
f 2654 4110 4108
f 4107 3143 4108
f 871 866 3143
f 4110 4111 4109
f 2315 2317 3846
f 2653 2655 4110
f 2655 4125 4111
f 1284 2462 2463
f 1083 1082 1432
f 1432 1433 2758
f 4112 3912 3911
f 1489 527 4112
f 3912 4112 527
f 3895 3818 2776
f 3895 4112 4082
f 2943 2942 3172
f 2973 1560 670
f 4017 718 708
f 1199 2570 3663
f 2949 2815 2352
f 4113 1815 1807
f 2903 1075 1068
f 948 1070 3601
f 1586 1702 3358
f 1702 1703 3352
f 4091 3979 3981
f 1083 3981 3982
f 1051 1019 1020
f 1557 1171 1019
f 3657 2567 2564
f 4101 4141 1571
f 4115 3575 4116
f 3943 4115 4114
f 4114 4116 3773
f 4116 3574 3771
f 2867 4018 4019
f 3872 3494 3493
f 4119 3030 3871
f 3755 4129 3292
f 3936 4128 3755
f 3942 3319 3317
f 3321 3322 2454
f 4033 4041 4004
f 4004 4042 4069
f 2932 4033 4005
f 2942 1703 1704
f 3960 2295 1881
f 1878 3989 3962
f 1570 3983 2480
f 4109 4095 4106
f 4120 599 391
f 2967 2616 3482
f 4121 4122 1734
f 3810 1734 4122
f 4122 4121 4123
f 4079 4039 2777
f 4078 2768 2767
f 1467 3460 3462
f 3707 3762 3713
f 1105 1107 3974
f 1595 3870 3974
f 3870 3764 2708
f 888 3742 3706
f 18 2525 16
f 3241 1735 1734
f 3247 1730 1728
f 1109 2706 1872
f 3478 4125 4088
f 1159 2460 2688
f 1829 1835 2847
f 2848 1835 2749
f 3832 4120 394
f 4120 3832 4008
f 3659 4024 4094
f 1679 4094 4024
f 3528 3530 2600
f 2597 2602 4124
f 3530 556 3280
f 3281 3280 556
f 4039 4079 3069
f 2646 3683 3682
f 2161 3930 2877
f 762 3527 3526
f 4096 4111 4125
f 3839 3989 3525
f 3989 1878 1877
f 3857 4127 3554
f 4127 3857 3859
f 4126 3859 3858
f 3463 1826 3185
f 1201 1199 4076
f 1319 4129 3755
f 3292 4129 3568
f 3293 3724 3753
f 4129 1319 1320
f 10 135 3568
f 4099 2502 2500
f 1155 3977 3778
f 3512 3468 1644
f 3683 2646 3892
f 4130 4028 3475
f 4027 1344 4113
f 3092 2191 1817
f 3994 3852 694
f 1247 1250 1031
f 2521 3167 3867
f 931 933 938
f 759 766 3309
f 578 577 4028
f 2074 578 4130
f 577 583 3803
f 3787 799 1912
f 3888 3882 3698
f 4102 4104 3831
f 3794 1711 1713
f 2643 4131 3819
f 3944 3816 3819
f 4131 4085 4084
f 3691 845 843
f 3122 3231 1942
f 2107 3395 3398
f 3395 2107 4119
f 3922 1075 2902
f 4132 3674 2174
f 3012 321 1317
f 938 939 2941
f 2036 2038 3482
f 2347 2345 3669
f 999 1000 2895
f 1585 1587 3046
f 2955 2957 3045
f 1587 1588 3045
f 3449 3932 3015
f 1809 4088 4125
f 386 387 3524
f 10 1320 1316
f 1319 4128 3448
f 3996 3995 4133
f 2829 3513 3995
f 3550 4092 4091
f 3491 3494 3162
f 2327 3518 3522
f 689 3522 3518
f 4134 3373 3367
f 4016 4015 3372
f 4128 3936 3933
f 1814 4012 3479
f 4135 3972 3973
f 3966 4071 3990
f 3712 4093 3966
f 3869 395 2519
f 3549 661 655
f 2311 1398 1396
f 1798 3286 1796
f 3793 3554 4127
f 4134 4127 4126
f 4136 4016 3373
f 4034 1819 3928
f 3774 4034 3927
f 3626 1695 465
f 1778 2908 3538
f 3539 3538 2908
f 3893 3737 2060
f 4123 4089 4138
f 3558 3809 4137
f 3556 4137 4138
f 4138 4089 4090
f 1727 1729 4067
f 4121 4067 4089
f 3553 538 1799
f 3765 3630 3044
f 4006 1311 1559
f 1311 1312 1558
f 3841 2376 3733
f 3186 3825 3464
f 3909 1201 4080
f 3967 3040 3039
f 3760 4023 4007
f 4111 4096 4095
f 4095 4097 4073
f 3625 1696 1695
f 2970 729 725
f 4139 3953 3157
f 777 4139 3159
f 3792 4117 3953
f 2136 514 513
f 3977 1155 1153
f 2735 3992 2737
f 3861 3893 3963
f 4118 3773 3767
f 4117 4114 4118
f 2049 1093 1095
f 2639 2644 4131
f 2644 4099 4085
f 3764 3765 2707
f 3316 2876 2875
f 776 3792 4139
f 4117 3792 3268
f 582 573 869
f 4098 3528 4124
f 4077 3243 3242
f 864 3909 1853
f 3069 1801 1800
f 2108 3398 3397
f 3551 3552 3256
f 3211 3345 3207
f 2745 2743 3371
f 536 4133 3995
f 3073 4135 4133
f 2627 660 659
f 3784 4037 3095
f 8 7 135
f 1732 2270 4003
f 3042 4003 2270
f 4104 2237 1518
f 4140 3453 1491
f 3855 4090 3860
f 3865 1306 2919
f 2338 2919 2341
f 1798 1799 538
f 3094 3095 4037
f 1870 1865 2906
f 3211 3212 3988
f 2083 3178 3177
f 3068 1348 4135
f 2479 3696 4141
f 4141 3697 1578
f 2815 2949 3582
f 2594 4073 4097
f 1534 2319 2884
f 3030 4119 2107
f 4072 4023 4022
f 4132 4022 3670
f 4140 3670 4022
f 3570 1869 1868
f 2773 3671 3670
f 1871 1872 2706
f 4142 3126 3129
f 3372 4143 4142
f 3697 465 467
f 4115 3943 3614
f 3314 1933 1937
f 3808 4123 4137
f 2388 2811 3809
f 3931 1368 1367
f 3357 3354 3355
f 1588 3358 3357
f 3954 1358 4136
f 3322 3323 2453
f 1558 1170 1551
f 1521 3832 4103
f 3212 1751 3047
f 717 718 2082
f 4143 3372 4015
f 3576 3614 3613
f 1865 1867 1871
f 3969 809 807
f 2849 2749 2748
f 3308 3131 4081
f 2942 494 498
f 3448 3933 3932
f 3527 762 761
f 3126 4142 4143
f 2770 2772 3671
f 4070 3721 1573
f 467 343 4070
f 3991 1052 1053
f 3325 3312 1696
f 3948 3949 4092
f 642 643 646