v 26.873350 29.049053 24.787357
v 27.083330 28.877289 24.676334
v 26.796061 28.786488 24.819040
v 26.997135 24.272923 26.812889
v 27.195236 24.333029 26.661842
v 27.380638 23.826693 26.849022
v 25.640226 20.667877 27.865522
v 25.980831 20.625683 27.912247
v 25.836330 20.892891 27.807180
v 26.711823 24.321703 26.951292
v 27.040855 23.724283 27.112188
v 26.449514 27.478130 25.248806
v 26.261475 27.428745 25.361168
v 26.358730 27.762402 25.231226
v 30.108116 27.770800 24.930462
v 29.933096 27.764860 24.736317
v 30.151262 27.995312 24.704399
v 26.893421 23.964544 31.584440
v 26.827229 23.920235 31.258108
v 26.784906 23.742670 31.547031
v 30.509781 29.586895 25.888783
v 30.595716 29.259212 25.771179
v 30.532034 29.523172 25.540442
v 26.854712 22.886158 27.542610
v 26.671450 22.549307 27.703953
v 26.751816 22.795301 27.802505
v 30.439053 28.437052 26.847719
v 30.349680 28.234104 27.048405
v 30.421185 28.169550 26.743490
v 30.465086 28.965008 26.706181
v 30.401688 29.294365 26.753914
v 30.354195 29.078556 26.988680
v 26.466923 28.089903 25.094830
v 26.564947 27.797558 25.114578
v 27.653486 30.125782 27.938166
v 27.840813 30.021957 28.088360
v 27.856318 30.280926 27.922108
v 30.194811 22.447229 29.429844
v 30.250996 22.704348 29.530090
v 30.184378 22.622509 29.727959
v 29.359755 26.282631 26.715950
v 29.519140 26.608036 26.552633
v 29.486195 26.469973 26.875254
v 26.518879 28.638681 24.989960
v 26.763378 28.502947 24.860519
v 25.036924 19.695112 27.152346
v 25.246954 19.692228 27.520388
v 24.962397 20.058191 27.384628
v 25.162109 19.331398 26.607777
v 25.482758 19.097542 26.562254
v 25.392094 19.236126 26.969660
v 25.213587 19.236326 26.182886
v 28.538263 25.251169 35.555588
v 28.563852 25.445860 35.314552
v 28.264488 25.433916 35.421299
v 27.456163 25.460915 35.155121
v 27.273188 25.204063 35.358105
v 27.600409 25.308805 35.434422
v 28.013105 25.574587 35.263233
v 27.937403 25.379219 35.470547
v 28.537491 25.025381 35.742710
v 28.785664 25.040218 35.657249
v 27.102716 23.204096 35.837410
v 26.848236 23.422474 35.713886
v 26.847143 23.146814 35.650944
v 26.620100 23.379709 35.478413
v 28.221725 23.859016 26.366751
v 27.957382 23.970469 26.451944
v 28.036901 24.398325 26.229765
v 29.902370 27.507967 25.016182
v 27.057001 24.423603 32.477051
v 27.236855 24.665863 32.559170
v 27.262157 24.534727 32.133095
v 28.809423 25.435408 34.307617
v 28.691774 25.508591 34.608074
v 28.978859 25.373301 34.595848
v 26.484295 30.195755 26.528933
v 26.467848 30.195835 26.325745
v 26.352686 30.056574 26.419750
v 28.724783 21.481825 29.908070
v 28.532675 21.553671 30.092321
v 28.486563 21.377075 29.851273
v 30.493261 29.184542 26.501024
v 30.540352 28.860077 26.435740
v 30.559036 29.094156 26.240648
v 28.172352 24.571100 26.099348
v 27.072065 24.290932 32.047344
v 27.250443 24.436298 31.727118
v 28.330082 21.494589 30.015215
v 28.373167 21.624254 30.251486
v 28.149599 21.590315 30.169281
v 29.650364 26.684467 27.205181
v 29.553080 26.228624 27.480843
v 29.509670 26.353861 27.179178
v 26.375156 27.182072 25.349661
v 26.151371 29.691730 26.319283
v 26.226200 29.853416 26.449871
v 26.302210 29.965210 26.282928
v 29.035837 25.019552 35.513863
v 28.997574 24.778683 35.737236
v 27.475975 24.665594 31.822170
v 29.198017 22.079905 31.402098
v 29.378944 22.141998 31.102146
v 29.461100 22.229511 31.485737
v 28.961079 21.429325 29.691954
v 28.997694 21.624893 29.941895
v 29.659533 25.639561 29.582603
v 29.693710 25.485167 29.950941
v 29.881172 25.175219 30.039452
v 26.979719 24.146034 31.306507
v 26.729324 23.695778 31.241941
v 26.558514 23.081112 34.650135
v 26.737944 22.830725 34.511391
v 26.732311 22.859276 34.918339
v 26.942083 22.653194 34.788506
v 25.880260 18.999781 25.320473
v 26.004173 18.898132 25.663631
v 25.636215 19.030308 25.606287
v 25.559923 19.021955 26.091360
v 25.842863 18.946926 26.510162
v 28.008522 21.702066 30.445440
v 27.876007 21.626049 30.180864
v 25.940037 20.995438 24.751537
v 25.770739 21.235277 24.964369
v 26.196808 21.288023 24.810888
v 26.017920 21.616196 25.126034
v 28.120216 27.290253 24.356682
v 27.920555 27.419544 24.439434
v 28.057880 27.587170 24.343079
v 29.569365 26.953163 28.104309
v 29.550846 26.420094 28.332674
v 29.597530 26.624130 27.968164
v 26.856600 24.131645 31.035673
v 26.704689 23.905197 30.965893
v 26.705605 24.160179 30.835192
v 27.858513 27.807171 24.430201
v 27.921894 28.150143 24.340712
v 28.091240 27.852736 24.278303
v 30.114466 21.728127 28.021412
v 30.055729 21.556602 27.910152
v 30.096964 21.796625 27.727612
v 30.017994 21.585291 27.507267
v 25.255682 19.329220 25.390919
v 25.544813 19.184462 25.191929
v 27.675762 24.829937 31.591509
v 27.422413 24.634037 31.470146
v 26.598225 28.959389 24.953346
v 29.872458 25.252110 29.607281
v 30.263731 22.919296 29.778755
v 28.363960 25.311674 25.711565
v 28.469418 25.690798 25.515083
v 28.479568 25.200575 25.810957
v 26.672924 21.293695 24.611639
v 26.526346 21.732178 24.941120
v 27.511679 28.436609 24.527798
v 27.320290 28.180122 24.662176
v 27.245396 28.480257 24.641993
v 26.588213 23.046591 34.239075
v 26.178093 27.109842 25.474998
v 28.187601 26.379564 24.605150
v 28.229746 26.237906 24.791437
v 27.995459 26.221525 24.780806
v 30.323643 23.373917 30.381224
v 30.352180 23.518181 30.086885
v 30.369787 23.708820 30.391697
v 30.428150 29.833118 25.744928
v 28.496002 25.523809 34.335678
v 27.172419 22.738401 35.652885
v 27.482319 22.599327 35.698902
v 27.423464 22.792400 35.842304
v 27.124592 23.471344 35.871964
v 26.909636 23.738407 35.755077
v 28.564543 25.572115 34.825493
v 28.841299 25.448120 34.893414
v 27.999044 21.499788 29.939142
v 29.940763 21.416710 28.437582
v 29.962549 21.344105 28.123688
v 30.061335 21.582027 28.220768
v 29.936882 23.256006 33.882038
v 29.975140 23.588442 34.004116
v 29.863274 23.306351 34.224434
v 30.247719 22.207830 28.613583
v 30.172541 21.976435 28.720602
v 30.198677 21.999565 28.432549
v 26.449545 23.340292 34.385204
v 26.430403 23.360996 34.791115
v 26.712740 29.242842 24.927906
v 26.987835 29.299953 24.765934
v 29.653666 26.787966 26.719057
v 30.094450 22.661751 30.179455
v 30.102781 22.547495 29.922964
v 30.185003 22.823465 30.067318
v 25.257023 19.226875 25.768852
v 25.004065 19.440609 25.922974
v 29.313025 23.621870 35.834759
v 29.446730 23.905178 35.684776
v 29.236996 23.911182 35.923912
v 27.060211 22.467348 32.534298
v 27.159170 22.385363 32.318668
v 27.256992 22.267820 32.637562
v 27.083265 22.424788 32.851162
v 25.888659 28.901674 27.453362
v 25.963383 29.187468 27.174572
v 25.773754 28.877405 27.207951
v 25.884251 29.151388 26.937969
v 25.264875 25.799623 29.962297
v 24.906544 25.578526 29.607210
v 25.170097 25.149605 29.940857
v 30.592625 28.768663 26.175640
v 30.610022 29.007879 25.971832
v 30.269766 29.414709 27.011044
v 30.195187 29.178877 27.279150
v 29.621998 22.817396 34.169273
v 29.515163 22.873762 34.586147
v 29.404375 22.620152 34.258503
v 30.502766 28.365974 26.565447
v 29.432913 26.575600 26.013834
v 29.686672 26.887449 25.899817
v 29.594540 26.748043 26.222017
v 30.500322 28.643126 26.641685
v 26.550011 20.800472 24.456778
v 26.748829 20.598774 24.397081
v 26.423464 20.487755 24.410990
v 25.742195 26.933765 25.850174
v 25.562956 27.133732 26.001003
v 25.794928 27.354193 25.737146
v 26.602123 29.339697 27.738461
v 26.800722 29.676050 27.657452
v 26.510088 29.632105 27.448801
v 30.551218 29.340424 26.060480
v 29.631596 22.309591 31.089506
v 29.855793 22.508390 31.046211
v 29.740313 22.433859 31.421822
v 26.773867 22.883661 35.275036
v 26.574593 23.097376 35.045109
v 26.987537 22.736917 35.441288
v 26.898842 22.909208 35.557808
v 27.117949 22.951458 35.771564
v 28.281786 24.899353 25.920073
v 28.386827 24.102287 26.230955
v 28.452406 24.609568 26.053722
v 25.587296 28.570189 27.218800
v 25.710226 28.838867 26.947805
v 26.536556 19.767324 24.654522
v 26.209129 19.639711 24.638895
v 26.313065 19.923824 24.509798
v 29.207266 27.194317 24.735210
v 29.450577 27.511282 24.612778
v 29.452549 27.178200 24.943401
v 28.606052 25.464441 33.999016
v 30.040825 24.307024 33.354687
v 30.045595 24.470079 33.041767
v 29.915161 24.622509 33.303001
v 24.868355 24.996893 29.557222
v 27.679600 27.523504 24.562740
v 27.537489 27.853485 24.604443
v 30.287352 23.156073 30.084150
v 30.238947 23.073982 30.371832
v 27.034168 28.632257 24.715502
v 26.961226 22.685766 35.166561
v 29.721611 23.076149 34.387321
v 26.328474 29.989523 26.579123
v 27.051208 24.196445 31.646942
v 26.917303 24.045162 31.965322
v 25.428749 22.033176 26.812588
v 25.061274 21.936020 26.493479
v 25.065969 21.838511 26.731262
v 24.670937 20.387135 27.047281
v 24.773178 20.018896 26.909407
v 28.218445 25.137932 35.670456
v 30.634741 28.601185 25.603064
v 30.584812 28.401199 25.347458
v 30.626297 28.710672 25.250826
v 26.730844 23.513977 31.541649
v 29.052582 26.654631 25.023638
v 29.020847 26.904032 24.813101
v 29.234632 26.886955 25.014629
v 27.666021 28.154667 24.493765
v 26.783546 22.767590 33.760090
v 26.701904 22.910435 33.523582
v 26.882080 22.645617 33.499428
v 26.783030 22.805241 33.210480
v 27.473579 24.762569 32.222103
v 30.475969 28.147036 26.451944
v 30.421976 27.946499 26.274059
v 30.537518 28.220190 26.177977
v 28.390234 25.461489 33.692181
v 28.704739 25.426935 33.596901
v 29.953968 27.225121 25.795431
v 29.844498 27.065636 26.115248
v 29.287880 21.795788 29.963280
v 29.030207 21.774202 30.210804
v 26.060076 19.083487 25.110598
v 25.762739 19.142698 25.047863
v 26.825710 22.696241 31.037277
v 27.008406 22.392906 31.051411
v 26.974323 22.552490 31.362312
v 29.608011 26.120539 28.210114
v 25.729872 21.138802 27.663815
v 25.410482 21.181337 27.518755
v 25.504168 20.937447 27.705830
v 27.370157 22.180006 32.956474
v 26.403891 23.077805 30.124374
v 26.570318 22.751928 30.188374
v 26.552000 22.979521 30.424227
v 26.651136 22.553196 27.425377
v 29.224461 26.109533 26.496321
v 29.221773 26.284101 26.121300
v 29.373240 26.435207 26.349731
v 26.807112 23.806267 31.897268
v 28.684603 21.265232 29.662182
v 25.515522 19.453760 27.558163
v 25.463236 19.683439 27.747177
v 26.838873 22.516668 30.755621
v 30.414225 28.744041 26.931376
v 28.299242 29.271250 28.546730
v 28.406975 29.536186 28.447693
v 28.196196 29.504875 28.429632
v 25.673103 21.364948 27.518539
v 25.969753 21.351873 27.679056
v 29.693640 22.777967 33.822514
v 29.752781 22.756155 33.453640
v 29.867510 23.002401 33.708637
v 29.825294 20.999044 27.615108
v 29.697178 20.782072 27.289869
v 29.838638 21.104931 27.222839
v 27.748493 22.672440 35.866455
v 27.715393 22.892679 35.969738
v 28.043045 22.794477 35.976681
v 28.113956 30.964567 26.986607
v 28.268475 30.837227 27.227383
v 28.441210 30.989750 26.947348
v 30.624691 29.022503 25.202940
v 30.653612 28.881424 25.445307
v 29.025656 20.466490 28.583805
v 29.264853 20.759693 28.723299
v 28.955273 20.689243 28.921913
v 30.136360 23.062685 32.054119
v 29.938414 22.734085 32.097015
v 30.050825 22.834967 31.696537
v 26.058596 29.453272 26.915915
v 27.357664 28.702202 24.567450
v 29.620699 22.363947 31.800959
v 30.223623 28.022768 27.239773
v 30.153116 27.743698 27.123657
v 30.303886 27.964535 26.932348
v 30.025404 22.345028 29.824448
v 30.115211 22.378551 29.621801
v 25.585062 26.813393 26.056688
v 30.489429 29.418396 26.332947
v 25.805696 19.471804 24.701378
v 25.789879 19.282644 24.863901
v 25.533548 19.533278 24.758900
v 28.813242 25.253119 35.429825
v 26.692070 19.584576 27.306837
v 26.907389 19.799515 27.453766
v 26.628124 19.772089 27.558910
v 30.279581 28.839672 27.244802
v 26.465099 20.240774 24.424171
v 26.677500 20.047667 24.527336
v 26.067368 20.084494 24.461706
v 26.893965 20.378960 24.448523
v 25.064276 21.670143 26.929098
v 25.487917 21.883621 27.059132
v 30.140375 21.810892 28.264133
v 30.199738 22.087030 28.110237
v 27.434921 24.882702 32.644608
v 25.531652 28.527889 26.943085
v 29.747292 26.933447 27.346157
v 29.813719 27.188465 27.466726
v 29.668333 26.789536 27.640850
v 27.011223 28.346918 24.774334
v 27.164747 25.165480 26.088631
v 27.192242 24.687433 26.421278
v 26.855972 25.196281 26.224119
v 28.278946 25.501688 34.044407
v 27.715883 21.747385 30.445541
v 27.036562 22.233221 30.750711
v 27.226250 22.150127 31.023741
v 29.232084 22.615772 34.621353
v 29.147299 22.427290 34.250481
v 24.931402 19.552086 26.273706
v 27.707287 24.869171 31.929070
v 28.616169 27.426352 29.544758
v 28.530550 27.957661 29.189404
v 28.375128 27.820774 29.406868
v 27.277636 29.353935 24.641777
v 27.126360 29.540054 24.759287
v 26.362803 28.844049 25.132877
v 27.024263 24.572550 32.892708
v 30.204706 23.116478 31.604366
v 29.784855 22.604107 32.464661
v 29.714787 22.480217 32.120808
v 30.556175 28.558886 26.379826
v 30.335663 23.296303 29.775379
v 27.360090 27.563749 29.968971
v 27.145948 27.405699 30.090250
v 27.478027 27.262642 30.265179
v 27.221754 19.389040 25.979748
v 27.081755 19.370955 25.724934
v 27.305542 19.505756 25.749681
v 25.391293 21.633852 27.189699
v 29.047506 27.324341 28.972740
v 29.180859 26.768650 29.226500
v 29.244167 26.841930 28.977198
v 26.930435 22.774284 27.237360
v 27.098518 23.143242 27.258110
v 27.302134 22.920301 26.995520
v 26.866514 22.666664 26.846558
v 28.441996 21.146194 29.593624
v 26.799877 23.901310 32.290268
v 26.574980 22.742874 28.197784
v 26.609419 22.467054 28.228041
v 26.553020 22.590591 28.441683
v 24.976803 19.553688 25.614637
v 28.918671 24.502907 35.922955
v 29.188133 24.490892 35.777859
v 29.231638 24.752832 35.561314
v 26.665691 23.113485 35.385555
v 28.021236 23.033161 36.052998
v 28.342770 22.957840 36.047268
v 28.313776 23.206524 36.108925
v 29.677050 27.213646 25.117226
v 29.690891 27.484945 24.829689
v 24.831490 26.358109 28.304495
v 24.918707 26.794235 28.275059
v 24.947754 26.778074 27.877762
v 24.926525 26.343327 27.873495
v 24.737877 25.877651 28.760511
v 24.823252 26.399931 28.729004
v 25.188316 21.000280 27.550514
v 25.098743 21.237148 27.327522
v 26.002478 29.410414 26.688633
v 26.173018 29.719625 26.674124
v 29.600071 26.652914 26.974833
v 29.769245 26.956768 26.884428
v 27.174891 23.689592 35.891220
v 28.303308 29.766411 28.338415
v 27.681597 29.827856 28.075441
v 25.305544 20.737131 27.742462
v 29.535608 22.547417 33.629318
v 29.496996 25.960230 27.429562
v 26.644726 23.107483 33.293243
v 26.715471 23.011127 32.967472
v 29.974976 29.780552 27.267195
v 29.935825 29.544298 27.475193
v 30.103510 29.504341 27.265707
v 26.517073 22.553402 29.285826
v 26.672207 22.348522 29.639160
v 26.482002 22.674816 29.596846
v 28.250088 25.508385 25.555960
v 27.386639 23.302570 27.031025
v 28.431671 30.964022 25.466045
v 28.199947 30.991657 25.675732
v 28.517208 31.091955 25.757168
v 25.107531 20.529778 27.686058
v 25.467388 20.435917 27.892992
v 29.729439 27.806017 24.508715
v 26.746382 23.571012 31.856241
v 25.969156 19.857849 24.519127
v 25.999086 23.696970 30.134241
v 25.955019 23.472778 29.843729
v 26.211905 23.388834 30.104603
v 27.256268 22.572264 35.421059
v 28.742294 27.558714 29.290194
v 26.565504 19.999310 27.753685
v 26.387732 19.767145 27.693848
v 29.877117 25.120615 30.395102
v 29.700642 25.384680 30.284946
v 29.844801 25.091619 30.727537
v 30.024622 24.857241 30.827736
v 28.072981 19.834860 26.116243
v 28.386389 19.932449 26.325842
v 28.075878 19.770107 26.451904
v 27.771843 19.653631 26.229599
v 29.504595 24.827364 34.825626
v 29.447996 24.978018 34.551643
v 29.329266 25.065989 34.836765
v 28.142429 30.855974 25.407965
v 28.410133 26.385967 24.671223
v 28.424623 26.253538 24.866274
v 29.129219 27.498295 28.757162
v 30.150316 21.937887 27.921217
v 25.679655 28.586437 27.485245
v 29.772079 21.971779 26.696394
v 29.938808 21.768850 27.083893
v 29.820339 21.577221 26.780699
v 29.171734 28.611486 23.622911
v 29.399967 28.443047 23.737192
v 29.061995 28.207962 23.830582
v 29.315350 27.207211 28.601547
v 29.699362 20.899731 26.951958
v 26.207863 28.546694 28.149410
v 26.061646 28.677849 27.915258
v 25.923590 28.383224 28.090939
v 30.462006 29.652308 26.180080
v 30.267611 23.361013 31.860907
v 29.497622 22.591757 33.935410
v 30.272268 24.242279 31.877863
v 30.311502 23.917843 31.972111
v 30.344875 23.999077 31.590883
v 27.131386 27.726622 29.702555
v 26.849434 27.907227 29.316610
v 26.816202 27.583010 29.757101
v 30.209740 22.295664 29.124821
v 30.289127 22.504915 28.860462
v 30.273642 22.625412 29.244267
v 28.934322 21.193531 29.446568
v 28.660130 21.006086 29.405651
v 29.955341 22.657745 31.366163
v 29.851271 22.576351 31.752625
v 24.821209 25.847404 28.284016
v 24.919043 25.332697 28.173159
v 24.753923 25.227303 28.728832
v 30.199907 27.689541 26.827753
v 26.326780 26.908243 25.427456
v 27.179817 24.394552 31.371754
v 26.686859 22.850222 30.727259
v 26.700283 23.031292 31.003321
v 27.236755 22.286976 33.208694
v 27.522028 22.114292 33.272179
v 27.949701 30.721613 27.403166
v 28.241720 30.608788 27.572222
v 25.399603 24.498259 27.853676
v 25.122917 24.881800 28.006144
v 25.315298 25.086851 27.616428
v 26.806585 19.888119 24.691408
v 26.653145 22.568150 27.979189
v 29.854013 27.115999 27.070272
v 25.589191 28.286482 27.741205
v 25.491581 28.297844 27.479246
v 25.436182 28.076561 27.703562
v 25.489248 27.992819 27.957754
v 30.218452 22.448624 27.934782
v 30.162117 22.241156 27.756920
v 29.830183 30.272392 27.071228
v 29.639997 30.231974 27.288654
v 29.811640 30.022175 27.284199
v 26.095985 28.988966 25.605232
v 25.987625 29.000124 25.886086
v 26.137463 29.263752 25.739084
v 26.472818 25.480013 30.671516
v 26.049063 25.392487 30.499075
v 26.412151 24.996502 30.660133
v 27.527308 22.090374 32.741241
v 24.974855 19.707815 25.307899
v 27.530172 22.415634 35.223450
v 27.852589 22.315529 35.032917
v 27.851418 22.396084 35.412914
v 28.752214 26.508610 24.810755
v 28.599516 26.383846 24.803637
v 28.569036 26.517488 24.644079
v 29.965029 21.311703 27.780165
v 29.901220 22.128780 26.993132
v 30.087309 27.578234 25.191051
v 27.844624 25.023697 31.457060
v 27.584116 24.897470 31.322903
v 25.368431 21.408421 27.338287
v 25.242561 19.491520 25.090494
v 26.830143 25.640596 25.889122
v 27.137701 25.636721 25.734905
v 25.673433 28.441521 26.148680
v 25.501144 28.301903 26.418064
v 25.659836 28.602646 26.391394
v 25.344824 20.187674 27.859943
v 25.664087 20.120857 27.964336
v 24.759565 21.764978 26.414446
v 25.685596 28.196609 28.023027
v 25.828110 28.569172 27.771330
v 28.408014 19.873281 26.715889
v 28.649508 28.053814 29.028112
v 26.136532 23.251381 28.203568
v 26.377134 22.884888 28.422682
v 26.040005 23.138302 28.549685
v 29.351213 20.657831 28.473734
v 24.931547 24.719299 28.457331
v 29.784863 21.223078 26.859636
v 29.919203 21.429756 27.156021
v 24.681662 20.023127 26.393631
v 24.784542 19.797241 25.928728
v 27.670094 22.036205 33.055332
v 26.251417 29.806906 26.116056
v 28.379084 25.592440 34.622208
v 29.744263 24.475264 34.499626
v 29.641594 24.565159 34.806320
v 29.740623 24.237955 34.801682
v 29.544968 20.918446 28.540730
v 29.718605 21.240236 28.679657
v 29.459612 21.004347 28.780268
v 28.299913 30.199087 28.039377
v 28.635181 30.183119 27.962257
v 28.422470 30.410549 27.794439
v 28.689375 26.678339 24.650984
v 28.880896 26.674704 24.829554
v 26.715702 22.482862 30.273235
v 26.693249 22.647253 30.477097
v 30.257387 22.288551 28.290056
v 29.675858 21.721643 26.446920
v 29.766281 22.374233 30.736048
v 29.541540 22.199226 30.778353
v 29.213717 30.081467 24.173210
v 29.113407 29.818775 23.983883
v 28.967310 30.101986 24.248121
v 27.764025 22.109222 24.747210
v 27.770508 21.682756 24.599667
v 27.433830 21.797852 24.616871
v 27.167734 29.113409 24.650742
v 30.323517 23.026115 29.438452
v 25.993137 29.368423 26.443302
v 26.100565 29.618324 26.505384
v 26.738491 23.640385 32.207687
v 28.160934 25.562672 34.361477
v 30.263309 27.839239 25.095982
v 29.461855 26.769276 28.467957
v 29.549488 26.169849 28.732285
v 26.907969 24.164959 32.385658
v 27.414169 22.208609 33.540596
v 26.631710 23.675653 35.541237
v 30.587303 28.476099 26.145140
v 27.425398 22.075228 31.273520
v 27.202902 22.275593 31.385159
v 26.053780 27.383585 25.508429
v 28.579815 26.242714 24.999165
v 28.028706 19.959196 25.778467
v 27.706251 19.831738 25.618038
v 27.932550 20.135929 25.427542
v 28.273096 20.261002 25.604034
v 26.398533 22.286703 27.522745
v 26.509216 22.280428 27.794350
v 26.108574 26.825880 25.575953
v 25.678097 21.579212 27.400927
v 25.544327 28.142973 26.171471
v 25.367790 28.009329 26.426241
v 27.653580 30.966894 26.356630
v 27.364977 30.856741 26.295641
v 27.456820 30.903410 26.518749
v 27.678589 30.966707 26.638462
v 27.208616 22.513334 35.023808
v 28.825897 25.396860 35.181831
v 25.795938 28.069559 28.322489
v 27.599035 22.031269 31.550198
v 27.691683 21.929888 31.141527
v 27.873659 21.937145 31.558958
v 26.095381 29.216530 27.393438
v 28.311069 19.835661 27.068806
v 28.045940 19.759106 26.790251
v 28.523376 26.032610 25.236710
v 28.628281 25.977417 25.380751
v 28.920979 25.375057 33.957253
v 28.228098 29.974716 24.498819
v 28.425533 30.188211 24.545298
v 28.474966 29.846645 24.295183
v 25.378675 27.275848 26.218239
v 25.545723 27.556030 25.995838
v 28.964972 23.919704 36.070560
v 29.100166 24.205774 35.952374
v 29.562063 21.975027 29.969185
v 29.538149 21.816305 29.700256
v 25.202265 24.297413 28.246185
v 27.835711 21.982639 32.843567
v 27.137461 20.772226 24.428555
v 29.930285 21.553431 28.733139
v 30.029522 27.451036 27.045172
v 29.894739 27.250463 27.235388
v 26.295135 22.856174 28.792894
v 29.869808 27.284271 25.286861
v 29.219500 20.946024 28.974743
v 28.257761 26.070210 25.032495
v 26.725721 23.383453 32.153004
v 26.961582 22.611982 34.379948
v 30.275911 24.343290 31.565638
v 30.020327 30.052076 26.998421
v 30.117222 30.186432 26.705328
v 29.971813 30.298498 26.867741
v 28.388874 29.555567 24.171906
v 28.233568 29.667444 24.331371
v 29.351273 25.280764 31.261618
v 29.129141 25.259840 31.568972
v 29.432192 25.143145 31.619446
v 26.480104 22.645073 28.691360
v 29.738237 21.468887 28.962828
v 28.773754 29.843121 24.127028
v 29.649763 21.344049 26.463394
v 30.357721 23.556023 30.672215
v 25.543051 23.948015 28.086094
v 28.778334 26.933485 24.606754
v 30.573105 28.263212 25.667625
v 26.531164 27.022696 25.294704
v 26.535273 26.748255 25.339314
v 26.565582 23.234003 30.679064
v 29.342569 24.197430 35.763588
v 27.494049 20.860254 24.535448
v 27.224377 20.523245 24.512468
v 26.729031 28.145660 24.949907
v 28.246346 21.691885 30.438551
v 27.030638 24.387632 31.092567
v 26.947489 22.665016 32.266163
v 26.060030 28.234358 28.377003
v 26.396437 29.803532 25.718102
v 26.528429 29.800638 25.485764
v 26.312361 29.532059 25.598246
v 27.940866 25.492502 34.087776
v 27.815216 25.551609 34.383984
v 27.196957 28.040405 29.272186
v 27.508341 29.149647 24.513178
v 29.414646 26.508898 28.847898
v 30.332232 23.661875 31.733002
v 27.337044 21.626064 29.627016
v 27.199640 21.612083 29.282080
v 27.527103 21.431328 29.381685
v 27.635345 21.493296 29.670938
v 29.615288 24.736937 34.541061
v 26.424335 30.099562 26.132748
v 25.590973 25.291319 30.264975
v 25.998333 24.808321 30.474005
v 27.574625 22.470364 35.521633
v 29.124620 23.359222 35.941372
v 29.323185 23.336864 35.692097
v 25.366831 23.802023 28.468273
v 28.227575 29.387711 24.198210
v 28.026207 29.488630 24.363846
v 29.094923 29.513794 28.210777
v 29.327173 29.491581 28.058638
v 29.259567 29.742098 27.959703
v 26.269604 29.472672 27.344244
v 26.308121 29.266628 27.578232
v 25.516420 19.353331 24.933310
v 30.544134 28.336575 26.341036
v 28.705574 26.214169 25.155706
v 25.322397 27.984901 27.483288
v 30.358028 27.926411 26.621801
v 29.499949 20.480783 27.326117
v 29.362337 20.355631 27.053686
v 29.554316 20.609373 27.012657
v 26.981657 22.527193 33.182663
v 28.037848 29.204912 24.254080
v 26.868196 25.976099 25.586378
v 25.050144 24.166399 28.659580
v 27.460968 25.191225 25.932924
v 27.552591 24.505394 26.350872
v 25.694456 28.782797 26.646692
v 25.810709 28.896923 26.336622
v 25.827393 28.748924 26.081369
v 28.574427 25.546787 35.057560
v 28.266520 25.639639 34.901241
v 27.850782 21.979828 32.261211
v 27.726110 22.010361 31.901194
v 28.002754 21.936781 31.955030
v 28.387596 20.085442 25.964262
v 29.940788 21.291775 27.462833
v 27.930984 22.150991 34.172710
v 27.871164 22.235744 34.604321
v 27.584621 22.257158 34.269958
v 25.264795 19.945042 27.733934
v 29.494680 26.694614 25.722176
v 27.233196 30.008739 27.755301
v 26.971563 29.953207 27.621185
v 27.072590 29.715958 27.797327
v 26.820717 20.160135 27.795307
v 26.520832 20.315659 27.882473
v 30.218845 29.914255 26.744043
v 27.396135 23.030136 35.921074
v 25.958559 27.039581 25.641758
v 29.996462 29.270411 27.540516
v 29.782478 29.374464 27.729673
v 29.798683 29.041605 27.858759
v 29.320314 21.942701 30.274340
v 30.422029 29.809505 25.469265
v 28.857147 27.030222 29.622274
v 28.948990 27.135046 29.372698
v 28.111210 30.691591 25.155390
v 27.891748 30.741209 25.355509
v 28.072241 22.600365 35.835609
v 29.787027 21.125280 28.338316
v 28.533800 30.568764 27.580059
v 29.607960 22.111525 30.228918
v 25.805683 21.878485 25.498873
v 26.324583 22.040115 25.345299
v 27.158186 22.497272 34.661171
v 26.242176 20.921919 24.600388
v 25.884665 20.728363 24.645412
v 29.501526 21.426033 29.204441
v 29.488003 21.205147 28.967665
v 28.420971 21.705521 30.457270
v 30.033329 21.930550 27.358036
v 26.709221 23.740007 32.592003
v 29.697315 27.090305 27.766624
v 26.073788 28.935259 27.668869
v 27.128941 22.403742 33.524612
v 24.832279 24.567137 28.926399
v 26.814348 22.856359 31.326517
v 29.333452 26.388224 29.288376
v 29.445778 26.191156 29.221306
v 30.379656 23.875591 30.700151
v 30.354372 24.063763 30.373983
v 30.338627 24.207153 30.679749
v 29.235521 23.156239 26.471258
v 29.076813 23.055880 26.390228
v 28.921213 23.581877 26.350443
v 25.412268 28.276026 27.201399
v 30.302271 30.082859 25.602076
v 30.321527 30.088854 25.937496
v 28.130299 30.501961 24.923872
v 27.897079 30.561020 25.099775
v 26.856709 22.349310 30.493221
v 26.122185 23.963312 30.393982
v 25.759716 24.012274 30.143593
v 25.181841 20.778952 24.905645
v 25.267094 20.566399 24.788940
v 24.979342 20.787228 24.996370
v 30.059668 21.654747 28.509251
v 30.069880 21.806629 28.816887
v 27.488457 22.361481 34.750458
v 27.246046 22.418840 34.314102
v 27.699989 25.350058 25.719612
v 27.410671 25.686884 25.554836
v 27.996265 23.292322 36.081566
v 27.699022 23.145828 36.016937
v 27.971888 20.493599 28.669035
v 28.180374 20.502869 28.857227
v 28.020346 20.730299 28.951855
v 26.879612 24.315353 32.809937
v 28.359076 22.741144 35.923317
v 27.929098 30.887674 25.615692
v 27.996397 30.990416 25.843050
v 28.436646 29.988838 28.197609
v 28.185326 29.980326 28.213993
v 26.926682 24.093021 35.706696
v 26.674946 23.989843 35.558666
v 29.171030 26.612707 29.522102
v 29.001581 27.212175 29.172754
v 28.636988 28.685040 23.710484
v 28.793457 28.372091 23.760435
v 28.483179 28.364851 23.865696
v 28.383652 28.656136 23.868244
v 28.629593 29.121414 23.737261
v 28.515617 28.908558 23.766661
v 28.446928 29.113979 23.878260
v 29.117210 25.272133 34.849041
v 29.023441 25.314310 35.064941
v 30.036869 22.173693 29.521879
v 30.127676 22.199081 29.313471
v 27.810097 20.750444 28.735882
v 27.748974 20.521715 28.454754
v 27.443249 30.452248 27.568907
v 27.653271 30.382504 27.751280
v 27.673075 30.601448 27.502172
v 28.400738 24.807903 35.870785
v 28.659407 20.728405 29.130373
v 28.417025 20.867413 29.310472
v 27.001778 22.551193 33.912121
v 28.584848 29.573271 24.047588
v 30.374550 29.729792 26.478489
v 30.267241 30.036951 26.484314
v 29.532661 22.480825 33.337521
v 29.495100 23.609968 35.539631
v 30.104691 22.082087 27.572285
v 29.997290 22.270288 27.219406
v 26.610653 30.338360 26.198704
v 29.588005 20.782909 28.212465
v 29.453724 22.087784 30.512802
v 28.117487 30.378593 27.867723
v 25.213392 24.037170 29.479219
v 25.041956 24.079416 29.068304
v 25.377684 23.676245 29.132618
v 27.763048 19.720211 25.927818
v 25.000338 19.869595 25.072300
v 25.259516 19.666142 24.883360
v 26.626184 23.569639 27.548216
v 26.747089 23.126099 27.708078
v 26.529184 23.303537 27.810745
v 29.600763 25.119810 31.350189
v 29.520954 25.321640 30.925024
v 26.499895 19.516806 24.850014
v 26.260162 29.232891 25.452520
v 27.008263 28.017845 24.845196
v 27.607695 28.859707 24.443876
v 27.338005 28.943649 24.564079
v 29.703489 27.427515 27.911953
v 26.650480 22.917150 27.952251
v 26.903379 30.142681 27.431913
v 27.057350 30.321533 27.406532
v 26.862829 30.286200 27.212317
v 27.999308 21.971941 33.158745
v 26.741182 29.922976 27.444971
v 28.232679 22.361309 35.212276
v 25.579853 19.712921 24.640308
v 26.269669 22.968336 29.539968
v 26.339457 22.818064 29.280710
v 30.427469 29.459635 26.563297
v 30.579615 28.861765 24.926109
v 26.929937 22.694849 31.656704
v 26.183041 20.590485 24.492506
v 25.842566 20.463581 24.558922
v 27.409805 21.281816 24.489231
v 28.071838 22.258984 24.923159
v 28.351227 22.278244 25.158602
v 28.337353 21.937899 24.985903
v 29.018871 29.755190 28.118181
v 27.407305 22.174690 32.411915
v 29.404543 22.685116 26.500854
v 26.354023 28.935539 27.890373
v 30.223442 30.285093 25.865358
v 28.264193 22.111418 34.069416
v 27.974182 22.062475 33.744499
v 26.454250 29.493223 25.323658
v 28.689997 25.563057 25.786551
v 28.725233 25.924448 25.536715
v 28.820782 25.886425 25.720861
v 28.838057 25.546066 26.003565
v 26.906416 30.353329 25.623363
v 26.787132 30.397749 25.872843
v 27.010643 30.555525 25.816488
v 27.693386 24.963808 32.323811
v 29.619316 20.647047 27.619911
v 26.149780 29.471855 27.146296
v 25.757202 23.494215 28.324547
v 28.414743 27.276318 29.856897
v 29.163271 27.596720 24.354677
v 28.725164 30.431379 27.666674
v 28.164967 25.270708 32.614769
v 27.920210 25.133867 32.451820
v 27.889048 25.233383 32.892296
v 27.873564 25.333254 33.379211
v 28.150316 25.355289 33.031937
v 26.862595 22.234203 30.225622
v 27.072620 22.086391 30.464840
v 27.793129 24.718117 26.126457
v 26.436121 22.856779 29.868877
v 28.297035 25.589815 35.178257
v 26.917387 29.410664 27.867863
v 28.350641 22.583702 35.757351
v 27.224527 20.822443 28.248308
v 27.333937 21.067432 28.547842
v 27.055359 21.158819 28.352304
v 26.721138 23.164885 31.287069
v 26.399435 29.952682 25.922039
v 30.321331 29.939812 25.257921
v 27.423975 27.835709 29.628592
v 27.504776 28.178583 29.180777
v 24.772863 20.130234 25.312885
v 28.605778 22.258341 25.437992
v 28.568113 22.495266 25.689533
v 28.840374 22.251907 25.720324
v 29.127228 29.259180 28.308630
v 27.686525 23.412294 36.029148
v 25.853531 29.066137 26.481031
v 25.729481 26.281101 26.162535
v 25.716549 26.612272 25.985329
v 25.882137 26.449286 25.891623
v 26.193359 18.931664 25.488188
v 28.117752 20.313501 28.602859
v 29.851490 24.184872 34.388962
v 29.829174 24.445593 34.148056
v 27.329899 22.317129 33.896629
v 30.014027 30.407759 26.652061
v 27.686066 25.596460 34.639687
v 27.559273 25.583540 34.881485
v 27.896883 25.656321 34.873375
v 28.161486 25.179773 32.199753
v 28.778940 22.523836 25.958155
v 26.216772 29.588554 25.895197
v 26.038723 29.253098 26.013338
v 26.330805 19.017155 25.328001
v 30.122519 22.904844 31.303808
v 30.246073 23.164980 31.231520
v 30.595371 28.382690 25.909075
v 27.910891 24.989712 31.716822
v 29.301590 22.055868 30.799540
v 26.241987 22.321905 27.203238
v 29.100887 25.422482 31.199236
v 25.735641 28.286528 25.912066
v 25.949930 28.749416 25.764231
v 25.932011 28.467100 25.646788
v 25.817741 28.542427 25.907091
v 27.648827 25.071447 32.752472
v 26.737030 23.329063 31.846626
v 24.907873 24.492027 29.362665
v 28.246714 31.081652 25.952772
v 27.919416 31.019409 26.116791
v 28.301092 31.127781 26.239832
v 28.751442 26.368919 24.968903
v 30.522093 28.111452 25.963703
v 25.635574 27.960360 25.940287
v 25.433201 27.828463 26.195087
v 28.572084 25.614817 25.638849
v 30.037737 23.463892 33.656502
v 29.621206 20.985636 26.623213
v 28.209484 20.771852 29.151791
v 28.042950 20.980751 29.230438
v 27.447941 30.213913 27.771921
v 27.246496 30.290518 27.593254
v 27.828110 29.026041 24.340569
v 26.090109 29.484091 26.173290
v 25.943890 29.179121 26.264572
v 26.472589 27.411947 29.778803
v 26.133312 27.553680 29.356899
v 26.112806 27.215099 29.757818
v 25.552050 20.396336 24.626684
v 25.506350 20.662876 24.747536
v 29.323357 22.829201 34.973942
v 26.880087 22.031088 29.631645
v 26.867130 22.135946 29.931850
v 26.412291 23.303877 30.364813
v 25.432562 26.912394 26.242643
v 30.340500 28.522936 27.156296
v 26.480553 23.360548 35.167168
v 26.241550 23.471004 27.893078
v 26.441494 23.071196 28.087645
v 29.507725 27.330751 28.249353
v 26.911280 22.673370 32.591831
v 27.236845 30.483562 27.375994
v 28.038204 30.151388 28.075857
v 29.548922 22.278111 26.478111
v 29.690924 22.379820 26.700085
v 27.690136 22.028166 32.517902
v 27.815197 25.085636 35.653988
v 30.032551 22.728186 31.001516
v 24.973850 25.882086 27.841183
v 29.984217 27.497467 27.304960
v 29.868980 27.480146 27.592121
v 25.614351 20.930874 24.841246
v 26.322849 23.813253 27.574610
v 27.648502 22.162840 33.858150
v 27.672119 22.093138 33.550076
v 29.597918 29.985088 27.515718
v 29.750731 29.711678 27.561630
v 24.979576 20.995607 25.088158
v 24.741222 21.110043 25.269022
v 24.828020 21.215355 25.278437
v 28.248911 29.135742 24.067120
v 30.242483 27.670576 26.511406
v 25.554218 19.871269 27.888453
v 25.852829 19.808321 27.908463
v 26.861015 22.714537 32.898537
v 25.106735 25.461134 27.745201
v 27.675077 30.779024 25.578913
v 27.649742 30.610439 25.312803
v 27.420721 30.655796 25.556866
v 27.365086 30.436636 25.286348
v 28.668041 22.452488 35.116142
v 28.492538 22.516893 35.508575
v 29.307323 25.928373 26.916216
v 27.293690 30.788210 26.035717
v 27.084597 30.706507 26.233667
v 27.796133 29.315855 24.418690
v 28.800249 19.978197 27.581131
v 29.109245 20.137978 27.640022
v 28.911257 20.074757 27.938881
v 29.871176 30.608234 26.608934
v 30.058504 30.488157 26.366396
v 26.344845 29.709414 27.166830
v 28.865992 22.392847 34.614147
v 29.033262 22.615646 35.028389
v 28.851748 22.652056 35.424740
v 24.742590 24.918434 29.183912
v 25.111279 20.508007 24.835018
v 24.916271 20.665623 24.985458
v 25.935333 18.893347 26.035526
v 27.932508 25.041121 32.052124
v 26.050636 19.285763 24.853775
v 28.155752 20.142252 28.375351
v 28.373470 20.292734 28.664846
v 25.780731 27.784794 25.726873
v 27.677605 20.174051 28.056643
v 27.903507 20.275633 28.362831
v 27.666231 20.354177 28.230240
v 27.393538 23.291208 35.955566
v 24.353296 21.287680 26.294161
v 24.366920 21.158434 26.475006
v 24.415791 21.347025 26.519430
v 29.744186 21.658752 29.214230
v 28.082941 28.937326 24.149834
v 28.485113 28.416115 28.926125
v 25.181637 24.519897 29.816761
v 28.842485 29.555418 23.883080
v 25.275093 27.720221 26.436945
v 25.352642 27.561411 26.247099
v 30.145012 29.945480 24.718586
v 29.974401 30.223053 24.844427
v 30.174664 30.074379 25.022196
v 30.039835 30.308931 25.115282
v 30.478733 27.994469 25.750473
v 29.007040 22.871008 35.647133
v 28.666561 22.726149 35.761463
v 27.489338 20.544292 28.245539
v 26.626863 23.329727 33.079594
v 24.353926 21.088131 26.191689
v 24.374929 21.266247 26.023394
v 24.401865 20.975971 25.897179
v 29.596277 25.786560 27.761154
v 29.601517 25.881575 29.163052
v 26.440947 23.498217 30.535736
v 25.544308 26.506321 26.287308
v 25.352844 26.673882 26.535723
v 27.232552 25.442095 34.877304
v 29.996845 22.890953 32.453442
v 30.299549 30.094778 26.224998
v 30.169415 30.273060 26.437025
v 25.865093 27.661642 28.954781
v 25.789038 27.332577 29.327919
v 27.442736 30.207827 24.994923
v 27.730024 30.165522 24.818035
v 27.509808 29.968933 24.785421
v 27.036745 30.468428 27.172859
v 26.269146 28.050802 25.228285
v 25.743732 19.091957 27.024288
v 26.774422 22.942383 32.656193
v 29.565567 29.151718 28.028959
v 29.559696 29.455133 27.891079
v 24.782320 21.790779 26.159035
v 26.840836 30.406872 26.956419
v 30.168005 22.963982 30.957260
v 26.449135 23.642271 35.267399
v 28.419638 25.374670 32.845192
v 28.348366 25.420128 33.142746
v 28.505722 25.430933 33.122414
v 29.770422 25.070211 31.095688
v 30.116001 22.639824 27.559782
v 25.266462 20.940353 24.962597
v 28.663219 22.926462 26.211664
v 28.402861 23.008696 26.255533
v 28.436428 23.411037 26.336750
v 28.611185 23.456867 26.312710
v 24.761105 20.890144 25.163504
v 29.234400 25.194311 34.568775
v 28.416111 29.338732 24.024807
v 28.620411 29.325764 23.855251
v 30.015209 27.349888 26.758806
v 30.084389 27.407221 26.404266
v 30.426245 27.893814 26.009102
v 30.285223 27.682726 26.187857
v 28.348028 25.211458 31.984766
v 28.128237 25.116873 31.850506
v 25.247456 23.786152 28.808077
v 28.906967 29.287218 28.425507
v 26.266531 23.604391 30.349728
v 29.041586 25.204866 35.276779
v 30.457390 29.652964 25.222162
v 24.900806 21.047598 27.336485
v 25.838188 24.351898 30.330177
v 26.217573 24.315720 30.538214
v 27.796490 29.609713 24.510584
v 29.428888 22.165556 26.266970
v 29.235050 22.557878 26.325251
v 27.939575 26.272423 30.891884
v 27.426407 26.445469 30.771688
v 27.771208 25.825603 31.088293
v 27.291840 22.275295 32.028992
v 27.046814 22.538280 31.990339
v 29.840429 30.465639 26.866304
v 28.591593 31.165962 26.049782
v 26.039707 19.470280 24.698296
v 29.159641 22.830347 35.328712
v 25.986042 22.065477 27.307989
v 26.814262 22.911903 32.361443
v 28.657513 24.068123 26.232847
v 28.771994 23.502840 26.330256
v 26.899000 20.986273 28.118269
v 26.272034 19.379328 24.846478
v 28.134518 22.466940 35.603313
v 28.550652 22.207747 34.335087
v 28.562490 22.116455 33.929951
v 27.212439 30.778513 26.545670
v 27.434774 30.860422 26.749805
v 30.161795 29.733568 27.010548
v 29.913294 30.085924 24.535158
v 29.717075 30.357725 24.704317
v 28.840845 29.274698 23.703020
v 26.734364 23.261551 31.563551
v 29.679010 25.016024 31.669699
v 27.435642 21.994730 30.976088
v 27.672966 30.404236 25.050035
v 29.612904 25.511484 27.709541
v 29.446650 25.737623 27.322388
v 29.816523 30.519888 25.082731
v 30.270025 23.207754 30.914778
v 30.202129 23.018867 30.655676
v 30.060394 23.775318 33.666039
v 28.652716 30.877445 27.108782
v 27.223299 30.732590 26.846422
v 27.440460 30.777195 27.028048
v 29.517704 21.632397 29.447426
v 29.753815 21.833111 29.455463
v 28.888426 22.989283 26.305965
v 29.034763 25.330189 33.587940
v 25.904213 23.669876 27.977715
v 25.741896 19.543373 27.757595
v 26.733337 30.108067 27.266264
v 30.357775 23.729591 29.751766
v 29.691883 27.826698 28.055073
v 30.359026 23.515095 29.442907
v 30.298830 24.065170 29.338024
v 26.371950 28.352558 25.108871
v 26.900999 21.452824 28.468338
v 26.781401 21.271650 28.192551
v 25.206362 26.878496 26.784275
v 25.103714 27.103952 27.089186
v 25.167532 27.268858 26.713116
v 26.255070 21.362926 27.848488
v 26.201164 21.593615 27.781553
v 29.941349 24.159933 34.013161
v 30.565044 29.341448 25.211216
v 30.463446 29.498932 24.917776
v 26.306898 19.168049 25.083117
v 28.362741 30.455130 24.784447
v 28.615837 30.415413 24.648155
v 28.183249 30.265415 24.703218
v 26.485172 27.745348 29.347458
v 25.059570 21.462114 27.116003
v 29.613958 21.995897 26.411098
v 25.791233 22.112909 27.068151
v 30.319105 29.608749 26.760670
v 28.929132 20.937048 29.195225
v 30.623795 29.159346 25.478062
v 28.359404 26.524708 24.529289
v 24.760509 21.663517 26.640957
v 27.803751 22.506050 35.690571
v 30.145739 23.195616 32.450459
v 30.031303 23.042213 32.789310
v 29.188192 25.705137 26.678307
v 29.407116 26.125788 27.081787
v 30.204967 29.035282 24.007597
v 30.373188 28.882465 24.311514
v 30.188595 28.714731 24.080803
v 26.559061 28.362062 24.987354
v 29.986431 24.885735 28.600256
v 29.924948 25.107670 28.759518
v 30.135113 24.603302 29.033901
v 28.175756 24.256973 36.050091
v 27.950645 24.469341 35.954479
v 27.928583 24.139776 36.023079
v 30.307354 24.336098 30.978992
v 30.227224 24.529377 30.614149
v 30.184324 24.610180 30.917913
v 30.003986 23.896126 33.918945
v 29.929808 23.884689 34.229664
v 28.051027 24.803677 35.844452
v 27.693390 24.734373 35.798218
v 29.740290 25.585073 29.056547
v 30.335300 23.022718 28.597538
v 30.340176 22.959934 29.038563
v 28.575571 26.879898 24.493376
v 29.548767 22.805302 26.647751
v 27.662695 26.817924 30.580366
v 30.161230 23.896843 33.079910
v 30.105778 23.985289 33.365540
v 30.111969 23.665800 33.363930
v 28.058588 21.891041 24.755508
v 29.494139 29.731810 27.781395
v 28.946609 27.219965 24.540691
v 25.029108 26.744232 27.481104
v 27.338186 25.943256 30.931908
v 26.145330 20.338751 27.940277
v 26.321117 20.608604 27.917065
v 24.687454 21.374962 25.485836
v 24.757507 21.560873 25.646183
v 24.867401 21.405779 25.423153
v 26.453943 21.663939 28.051123
v 30.359695 23.904409 30.067324
v 28.007259 29.445953 28.376314
v 27.857056 29.385536 28.317263
v 27.936243 29.081091 28.501953
v 29.985397 23.214869 33.613342
v 30.062662 23.352762 33.368256
v 27.903414 30.513765 27.687449
v 29.077765 23.633650 36.032509
v 24.545847 21.503773 26.572084
v 24.543867 21.603765 26.343853
v 27.228857 27.816866 24.771004
v 26.993073 27.729660 24.908855
v 25.942543 21.561495 27.581736
v 27.146400 19.537813 25.459759
v 26.504765 23.280636 33.992332
v 28.316273 28.345730 29.021437
v 26.791327 27.786469 25.003244
v 30.175991 30.214310 25.326054
v 27.398436 23.554611 35.962704
v 30.291098 23.601408 32.085243
v 26.944925 25.252045 34.853943
v 27.106180 25.285900 35.108944
v 29.914190 22.647886 27.086878
v 29.812176 22.511625 26.901127
v 29.673138 22.945902 26.799591
v 29.829922 21.058952 28.000586
v 26.283354 20.042362 27.866817
v 29.340630 22.309483 33.257824
v 29.333971 22.347431 33.478184
v 29.114920 22.193575 33.310223
v 28.862181 29.532177 28.336361
v 27.608694 25.441919 34.138203
v 27.869787 21.805208 30.764490
v 29.977850 25.043961 29.370583
v 25.453892 26.204708 26.666647
v 25.969343 27.706766 25.530653
v 26.524996 19.103088 25.384665
v 27.942398 26.378801 24.614214
v 27.370214 24.990597 33.060841
v 25.915386 29.013182 26.119255
v 29.425753 27.726040 28.360739
v 30.061764 24.836660 30.510181
v 29.500629 28.783054 28.201075
v 29.347946 28.978764 28.264620
v 29.904533 27.798122 27.728912
v 30.059256 24.843718 29.180904
v 28.254473 26.034994 31.002577
v 28.146023 25.786203 31.172176
v 25.850895 29.104921 26.693674
v 29.128115 29.474031 23.733501
v 27.663033 30.904741 26.908079
v 27.099714 30.679998 25.986500
v 24.622395 21.074263 27.021786
v 24.822617 20.792854 27.371233
v 26.458799 18.965746 25.665243
v 30.193892 24.323696 28.866673
v 30.032009 24.642242 28.421059
v 25.979389 20.072952 27.953367
v 30.327782 29.796297 24.953745
v 28.539221 29.767967 28.323599
v 28.133211 22.257267 34.840439
v 28.685947 30.134781 24.384924
v 28.125566 26.533232 24.494484
v 27.875578 26.539213 24.546240
v 28.041790 26.740883 24.453659
v 30.056484 28.893652 27.605600
v 28.643301 22.922722 35.977917
v 28.623600 23.154345 36.087151
v 28.503471 22.723818 25.989281
v 28.696203 26.844521 29.982790
v 26.771620 24.033630 32.707016
v 28.548679 21.984882 33.032387
v 28.767872 22.076475 33.371899
v 28.358492 21.982977 33.262825
v 29.350817 29.226290 28.169436
v 27.478857 29.927191 27.927513
v 29.591341 28.117470 28.210550
v 25.513763 24.740211 30.193466
v 28.787346 23.650820 36.129864
v 24.771322 21.501760 26.853218
v 29.257215 21.620291 29.698792
v 26.410254 24.274811 34.266315
v 26.332724 24.061502 34.520737
v 26.376192 24.377451 34.554039
v 30.269691 23.823448 32.315804
v 27.729355 25.179428 31.265965
v 30.161106 24.548317 31.803238
v 30.182283 24.445219 32.088902
v 29.923325 22.168638 29.748663
v 29.923643 22.002684 29.470400
v 26.579159 22.234894 28.231302
v 26.567413 22.276569 28.032759
v 28.983002 24.584066 26.321922
v 28.757341 24.639919 26.137423
v 28.778515 25.114012 26.060560
v 26.726217 19.436007 25.125113
v 26.515100 19.290098 25.101786
v 30.126347 24.685184 31.189608
v 28.776314 29.762140 28.250004
v 28.296165 22.685743 25.708960
v 27.937239 27.046276 24.462858
v 27.772177 26.742399 24.562738
v 26.166048 27.723824 25.363335
v 24.827784 20.261021 25.121714
v 28.154106 21.765976 30.715643
v 25.379362 19.980341 24.657282
v 25.657835 19.881647 24.562508
v 24.725952 25.419579 29.204300
v 29.576176 24.875938 34.246956
v 29.518833 25.003046 33.853207
v 29.361044 25.107342 34.244030
v 26.414322 23.595938 34.132057
v 26.483534 23.516394 33.780773
v 27.782198 25.616453 35.094223
v 28.491966 26.684381 24.512239
v 28.192480 26.970385 24.385794
v 28.393362 26.909307 24.406179
v 28.280764 26.710392 24.437910
v 27.133810 20.250969 27.876328
v 26.880205 20.429571 27.920126
v 28.070522 25.123772 31.585073
v 25.424053 27.040579 29.269394
v 25.758221 26.967957 29.723707
v 28.368675 27.443779 24.248886
v 28.300106 27.200144 24.325886
v 28.211985 27.529236 24.275372
v 30.400694 27.964558 25.261528
v 30.249531 27.696194 25.370428
v 29.791140 23.095182 26.991678
v 29.766214 21.999119 29.710245
v 27.928732 28.433477 24.288969
v 27.755365 28.373236 24.411333
v 29.140959 28.992008 28.398727
v 28.264904 23.956768 36.102577
v 28.870701 23.379658 36.086117
v 25.381071 27.702919 28.175045
v 25.210941 27.486177 28.096149
v 25.288734 27.450844 28.405104
v 27.688677 28.599932 24.418173
v 30.324278 28.564478 24.389977
v 30.188322 28.582577 27.480404
v 29.991356 28.552435 27.791992
v 27.608223 26.528961 24.683924
v 26.701529 22.219915 29.347233
v 27.270096 24.719055 31.159382
v 28.609049 27.090967 24.429190
v 30.218674 24.441885 29.383358
v 30.033621 21.963669 29.192711
v 30.100977 23.544462 27.778051
v 30.033627 24.084358 27.908432
v 30.256214 23.362617 28.178211
v 27.161648 29.477468 27.944050
v 27.645039 26.978348 24.619987
v 28.163139 28.136684 29.230982
v 27.561651 28.550501 28.752058
v 27.788017 28.358768 29.032137
v 28.926048 29.023422 28.513844
v 28.351442 28.076315 24.035791
v 28.137003 28.180925 24.171452
v 28.262743 28.410044 24.007927
v 28.463202 27.126688 24.360592
v 25.843340 22.237165 26.871664
v 26.226925 28.953783 25.341543
v 28.014624 31.058287 26.487478
v 25.907318 25.714783 26.397713
v 25.915705 26.121929 26.070822
v 26.081404 25.826450 26.166079
v 29.907631 24.455462 33.717087
v 29.729101 24.715582 33.972885
v 27.562593 30.903000 26.077003
v 26.388277 21.857344 27.928349
v 27.410860 19.690189 25.512669
v 29.497850 26.777193 25.474642
v 29.297628 26.515074 25.597088
v 26.610470 24.079287 33.449146
v 26.489162 24.128128 33.903797
v 26.653711 24.466009 33.748447
v 26.057108 26.587723 25.675890
v 25.901535 26.729025 25.758657
v 30.150917 23.571541 33.024361
v 30.054949 23.205330 33.087811
v 30.152588 23.363375 32.746746
v 29.745792 24.798965 33.582569
v 27.104269 29.142811 28.085022
v 28.804647 24.123234 26.248222
v 27.751112 19.643429 26.534567
v 30.329473 23.428175 31.148558
v 25.138504 26.624504 27.140728
v 27.989534 30.080923 24.658623
v 24.844625 20.465860 27.406054
v 29.292728 22.058308 26.051054
v 29.330576 21.773865 25.965794
v 29.100004 21.999535 25.811647
v 28.421410 20.077799 28.326012
v 28.086815 28.491884 24.149466
v 29.925537 21.718723 29.019436
v 28.067364 25.443428 33.738190
v 28.211376 22.190178 34.476448
v 30.234621 28.263357 24.522425
v 30.101805 28.384361 24.237249
v 26.514055 23.777517 33.622265
v 30.307056 23.400290 31.491608
v 30.363451 23.686708 31.376066
v 25.305931 19.832949 24.746693
v 26.740885 29.054150 28.000507
v 27.228006 30.630707 27.117470
v 25.468313 24.024483 29.855129
v 25.082773 20.236862 27.663221
v 26.590462 23.675596 33.239548
v 25.038813 20.829197 27.564939
v 27.018810 25.086420 35.289219
v 29.275293 24.439608 26.643091
v 29.311640 24.840324 26.795036
v 29.580818 24.272409 27.041952
v 29.246403 20.759893 26.189995
v 29.289991 21.115240 26.003424
v 29.472658 21.031157 26.301760
v 29.007177 25.607090 26.296751
v 29.021263 25.084652 26.374393
v 30.308966 22.560793 28.470913
v 26.779053 23.077703 31.864183
v 28.815916 20.294950 26.098812
v 29.005066 20.490089 26.127407
v 28.889307 20.228113 26.335161
v 30.028294 24.095272 33.670033
v 24.611607 20.742811 27.068068
v 24.489445 20.658463 26.727127
v 30.238665 28.300964 27.362036
v 25.627256 23.431938 28.748749
v 28.686186 20.226662 28.498316
v 29.230751 21.410639 29.451666
v 26.849691 24.476210 33.190468
v 26.557375 23.433767 33.433170
v 25.056952 26.300081 27.499205
v 29.215916 21.177145 29.211241
v 28.211428 21.088867 29.473402
v 27.457205 24.997763 35.594830
v 27.745232 29.159546 28.357054
v 28.558516 23.944948 26.259926
v 29.818638 28.160599 24.198156
v 29.614531 28.290651 23.939798
v 29.932089 28.518574 23.952875
v 29.711449 24.656885 34.284962
v 27.734213 23.749235 26.673540
v 27.433838 24.195160 26.613005
v 26.179792 27.858162 28.965202
v 30.337212 23.446184 28.840694
v 25.764109 19.272146 27.466549
v 26.639580 23.356180 30.985418
v 29.236868 24.972286 35.322788
v 26.216488 23.168203 29.824638
v 27.877953 29.706306 28.225138
v 30.092077 29.807531 24.410534
v 29.839899 29.937481 24.251698
v 29.989309 29.655771 24.109587
v 29.697252 29.792553 24.010780
v 26.618452 30.104725 25.710007
v 26.828091 30.077757 25.380453
v 27.938932 30.342562 24.863432
v 27.938049 19.938124 27.795378
v 27.639652 19.870274 27.500818
v 27.958755 19.847567 27.467836
v 29.653831 30.181973 24.399408
v 29.400795 30.424049 24.573818
v 27.229530 25.515514 30.968958
v 27.574110 25.490849 31.113394
v 29.535341 24.655111 35.079037
v 29.637581 24.423437 35.046761
v 29.543833 24.445696 35.301708
v 24.997501 26.134333 29.546009
v 24.794733 25.985231 29.190176
v 28.821449 27.648392 29.105589
v 30.507797 28.114662 25.450195
v 26.204826 28.099848 28.651720
v 26.532192 28.093529 28.871773
v 26.371109 28.351553 28.450674
v 26.262506 26.676903 25.511305
v 28.212919 25.421392 33.387772
v 30.253141 24.458895 31.257959
v 30.170406 24.589592 31.489849
v 25.505484 22.131262 26.239981
v 25.443838 22.120214 26.553745
v 25.899307 22.313082 26.564426
v 30.185852 24.575508 29.596672
v 30.308163 24.160511 29.704559
v 26.076990 18.980896 26.898376
v 26.703144 19.088373 25.783684
v 26.569830 18.973562 26.096813
v 28.455986 22.290771 34.781239
v 25.276533 27.078583 26.471043
v 30.232908 23.501398 32.412495
v 26.360285 23.638536 34.937866
v 28.409304 20.573336 29.009453
v 28.943283 25.318550 32.622952
v 29.194540 25.247557 32.541065
v 28.979248 25.283279 32.346867
v 25.984756 22.314594 26.186949
v 29.757698 27.033718 25.568733
v 25.305313 19.432076 27.273458
v 27.593197 23.061148 26.923330
v 27.445381 30.639757 27.311411
v 28.674284 20.461620 28.824755
v 28.860161 27.565983 24.247728
v 28.684570 20.054869 28.179638
v 28.647299 30.892916 25.229656
v 28.355591 30.797300 25.195662
v 25.738689 23.754572 29.917814
v 24.448095 21.202028 26.709858
v 24.448771 20.976702 26.740799
v 28.239864 22.835190 26.058060
v 27.470392 20.473440 24.699730
v 29.438175 26.882994 25.228399
v 29.660818 27.026512 25.338533
v 26.045500 21.119358 27.781826
v 26.346722 21.107967 27.892447
v 30.361591 23.320108 29.180370
v 30.384104 27.845304 25.558580
v 26.354029 23.690027 34.533455
v 27.813341 27.194866 30.265741
v 27.617846 27.568815 29.955605
v 26.759340 23.133224 32.125896
v 25.105194 27.453737 27.216661
v 25.123306 27.450033 26.918131
v 29.473106 21.301712 26.156342
v 24.589878 20.420414 25.585176
v 24.640455 20.530416 25.365774
v 27.942472 23.831522 36.063793
v 28.187550 23.688732 36.117279
v 27.526897 29.608206 28.058411
v 30.281084 22.674150 28.129892
v 26.535830 24.498297 34.076984
v 29.899391 21.840437 29.258892
v 29.654253 30.639582 26.857317
v 29.652477 30.448891 27.083235
v 26.586338 24.018927 30.764091
v 28.904648 22.078829 33.079777
v 29.382467 22.208347 31.886528
v 28.981436 22.576275 26.160337
v 30.290174 24.299931 30.001062
v 25.807684 20.375446 27.960546
v 28.661224 29.948093 28.170284
v 26.057970 26.370598 25.776680
v 26.128538 26.152107 25.870565
v 26.275223 26.359987 25.627827
v 28.019472 29.787481 24.493208
v 27.705032 30.794073 27.199049
v 25.102940 27.433804 27.574005
v 25.182899 27.726347 27.337126
v 28.808367 30.796577 25.015999
v 28.550667 30.671598 24.942181
v 30.247477 23.700752 28.412350
v 26.404486 24.014805 30.618832
v 26.511549 24.233042 30.691565
v 27.629286 24.000299 35.975060
v 28.120518 29.202694 28.524830
v 26.636318 22.992664 33.856880
v 26.399570 26.536854 25.466223
v 27.370590 23.829000 35.934822
v 26.640432 30.172628 27.005938
v 27.665308 23.689798 36.017517
v 27.962261 23.554850 36.081619
v 26.732121 23.171986 32.417427
v 29.090080 30.538235 24.649961
v 29.156403 30.299120 24.389168
v 28.882647 30.364679 24.505159
v 29.350796 26.235834 29.542459
v 28.752413 28.098978 28.912605
v 26.696306 23.450132 32.489925
v 28.927401 25.373545 31.398098
v 28.350597 21.749514 30.629889
v 27.735388 25.391476 33.818951
v 29.407595 24.711321 35.334774
v 25.629124 26.043808 26.480280
v 25.097998 21.957508 26.223190
v 28.571301 23.411568 36.138443
v 26.314476 29.909496 26.761118
v 28.870010 21.965204 25.546343
v 29.120966 25.968410 30.411310
v 28.992025 25.715919 30.863888
v 29.263514 25.547338 30.841818
v 27.138229 21.836763 29.865158
v 27.437828 25.127996 31.124123
v 26.665005 23.879850 32.999855
v 26.415644 22.508751 26.496599
v 26.486860 22.496937 26.052359
v 29.182947 25.267488 32.862312
v 26.918896 19.387875 25.430962
v 28.482346 26.109190 30.838530
v 28.233976 26.343588 30.777126
v 28.949305 28.720818 28.590950
v 28.756773 28.779680 28.675228
v 26.906427 28.786730 28.258261
v 27.973370 25.232895 31.387884
v 28.011734 22.799690 25.769175
v 28.059895 25.480742 31.311710
v 26.671509 21.576841 28.287466
v 26.315939 22.443720 26.887203
v 30.324047 23.769327 29.069218
v 28.632460 28.507450 28.824831
v 29.458176 30.396929 27.287041
v 24.983337 21.641653 25.638338
v 26.909357 21.908716 29.326096
v 28.253212 31.060019 26.742052
v 29.534077 25.761757 29.887871
v 26.439558 23.796236 33.925175
v 26.548574 28.687483 28.201780
v 27.031620 30.585375 26.919302
v 25.569565 27.453184 28.895958
v 29.511805 22.307411 32.106030
v 25.618988 23.624619 29.559582
v 29.699493 24.969131 32.861820
v 29.731827 24.896845 33.209579
v 29.906397 24.735462 32.962875
v 29.819529 30.869141 25.842798
v 29.773245 30.897120 26.181793
v 29.942984 30.745497 26.012936
v 26.766174 19.097286 26.205683
v 26.875711 19.167671 26.001678
v 28.186560 19.992186 28.079231
v 27.356270 29.376907 28.063755
v 29.146891 29.974817 27.867809
v 28.828886 25.273520 32.115547
v 29.022484 25.255819 32.148930
v 28.986500 25.245653 31.903671
v 26.660944 24.806473 35.098930
v 26.532578 24.746979 34.839546
v 26.504532 24.511103 35.099964
v 26.572300 23.202868 33.632008
v 28.296070 30.633759 24.993460
v 26.007959 19.140078 27.309391
v 29.077988 25.974733 26.222878
v 27.552979 20.787457 28.500851
v 27.597483 21.053741 28.827370
v 29.182917 25.300346 26.675505
v 29.427948 20.724102 26.497841
v 30.217804 23.695892 32.649380
v 27.955971 28.668968 28.779203
v 28.001963 28.350216 29.060280
v 24.935062 26.486200 29.104359
v 30.328020 28.161667 24.770531
v 26.110172 28.521172 25.370892
v 26.012222 28.247244 25.466711
v 26.426334 24.560686 30.656553
v 26.703373 23.888046 27.268959
v 27.113890 25.087559 30.964296
v 26.863520 25.513899 30.822571
v 26.774708 25.065355 30.807947
v 30.090216 24.809875 30.170742
v 26.474592 24.578968 34.341843
v 27.683439 19.763884 27.176796
v 28.799044 28.436592 28.756750
v 29.089901 22.230909 33.588257
v 28.826643 22.151854 33.742470
v 30.293173 23.271282 30.645422
v 29.497717 25.936483 29.563292
v 29.618382 26.510969 27.540987
v 28.491907 29.302828 28.546371
v 28.613024 21.944510 25.263601
v 28.564999 21.497066 25.174932
v 29.447279 25.145247 32.719345
v 26.649307 22.491901 29.966965
v 29.221813 25.228565 33.915558
v 28.884365 29.983347 28.027454
v 25.281075 26.421267 26.878832
v 30.219820 24.059811 32.544159
v 30.253242 24.152260 32.196640
v 28.443056 25.751581 31.161999
v 25.043184 27.134600 27.504402
v 29.652502 25.870571 28.606867
v 27.313232 29.697178 27.924675
v 25.624798 22.052372 25.880991
v 29.098848 25.296921 34.275864
v 26.311123 23.893080 34.770870
v 29.824223 24.982702 27.982948
v 30.055119 24.369965 28.207344
v 28.357094 25.460691 31.404419
v 30.229738 24.031965 28.652706
v 29.420757 29.939566 24.052244
v 29.410631 30.173908 24.276997
v 29.440186 30.185600 27.485470
v 29.188576 26.625877 25.211491
v 29.059998 26.390890 25.352760
v 29.000330 26.450182 25.172966
v 29.592085 26.066027 27.787704
v 27.296997 19.424990 26.342960
v 27.500317 19.519091 26.314383
v 27.414352 19.532179 26.586086
v 27.068232 20.170027 24.639126
v 29.776045 22.143909 29.976530
v 26.686714 23.235207 32.737709
v 28.567080 19.897367 27.027786
v 25.519581 24.319191 30.097015
v 27.837008 25.424936 31.241102
v 27.514954 25.252747 33.613678
v 27.460997 25.330904 33.927185
v 25.266302 28.006548 27.130798
v 28.259235 21.567352 24.864462
v 28.083994 21.215729 24.779951
v 28.018112 21.550472 24.677402
v 29.601049 25.294527 27.567415
v 27.713491 29.500196 28.193893
v 26.211351 26.401854 30.394413
v 26.138935 25.899469 30.487608
v 26.550711 25.960278 30.651611
v 27.998528 19.787767 27.127829
v 29.521193 24.188507 35.501858
v 28.569126 20.995144 25.309418
v 28.823538 21.166765 25.503611
v 26.508101 22.080013 28.048090
v 25.552744 21.512335 25.264101
v 25.346859 21.744839 25.595095
v 27.749571 21.555269 29.929909
v 27.893797 21.407560 29.698181
v 26.472364 22.623117 28.961693
v 27.461260 21.648308 29.904158
v 25.047535 21.189407 25.186104
v 30.038977 27.392984 25.478422
v 28.168163 27.683666 29.652098
v 28.161171 21.999445 33.475948
v 26.583908 30.239578 25.983503
v 25.722878 24.199266 27.717810
v 27.009134 26.394421 30.711573
v 26.395243 23.747446 30.564846
v 27.482817 25.490799 34.405354
v 29.682358 24.997631 32.534050
v 27.075056 30.334917 25.401463
v 28.746422 31.001604 26.886988
v 29.950653 23.131216 27.292719
v 30.150005 22.994743 27.726316
v 27.031864 29.737444 24.900547
v 27.298859 29.761639 24.767231
v 26.619770 22.549473 27.152147
v 29.014757 27.858370 24.071192
v 28.800686 27.929602 23.988503
v 26.079462 28.739895 25.490503
v 24.568323 21.339853 26.791315
v 27.917927 28.720881 24.263060
v 27.586115 25.166010 33.195694
v 26.858437 24.836720 35.332573
v 26.681881 24.539019 35.349529
v 26.968203 24.500025 35.587898
v 29.378210 23.270521 26.566116
v 26.408840 22.041107 27.848799
v 29.186163 20.257418 26.826231
v 29.170017 20.422907 26.470087
v 29.391750 20.498278 26.755539
v 24.554964 20.865013 25.445208
v 24.713207 20.614185 25.205248
v 29.601036 26.332281 27.859821
v 26.693844 23.447769 31.257524
v 25.780331 21.810268 27.337564
v 29.402266 25.704386 30.389114
v 29.645033 25.344101 30.597746
v 25.377804 21.190811 25.083651
v 30.143969 22.043673 29.005211
v 28.664825 25.405872 33.019489
v 28.850195 25.389706 33.274025
v 28.908770 25.355579 32.946003
v 30.011997 30.476738 25.383038
v 25.837019 28.130388 25.693975
v 28.492184 28.785210 28.758949
v 28.344727 28.729073 28.791492
v 27.146099 19.614975 27.023693
v 27.393654 19.750750 27.215265
v 27.148386 19.754694 27.295525
v 30.335548 23.428976 30.877886
v 26.935863 19.457592 26.877851
v 26.951460 19.335278 26.605038
v 27.153112 19.487936 26.734779
v 29.107489 26.346195 25.528807
v 29.273672 26.579071 25.400814
v 28.785532 26.206758 30.503876
v 25.170826 27.745213 26.967392
v 25.802166 26.582554 30.069559
v 25.865719 26.215214 30.280439
v 26.974840 24.697489 30.935106
v 26.787230 19.948866 27.653141
v 26.383635 23.931789 34.208050
v 26.514738 27.019119 30.193565
v 26.855103 27.227789 30.159466
v 27.149504 24.895084 33.277493
v 27.193119 24.796766 32.961651
v 28.118784 25.239189 25.721550
v 28.142393 25.756315 25.326283
v 27.916834 25.626820 25.432760
v 27.962206 24.984232 25.911318
v 28.041851 26.733929 30.554300
v 27.363087 22.793989 26.648085
v 27.598389 22.902628 26.807953
v 27.737747 22.881557 26.563728
v 29.813057 24.769794 27.768799
v 25.373775 25.901756 27.035528
v 29.198494 20.271484 27.959963
v 28.968277 20.225950 28.256695
v 28.411701 26.660240 30.397648
v 28.036764 25.625149 34.637028
v 26.189426 21.994108 27.577665
v 27.253447 27.009302 30.440681
v 27.995060 29.936556 28.198523
v 28.407583 26.079580 25.104246
v 25.052179 20.019733 24.910387
v 28.440617 25.287966 32.380756
v 27.437931 20.312658 28.038723
v 29.453699 25.129812 33.121632
v 29.517311 21.576887 26.178349
v 29.843039 25.337315 28.905159
v 28.269186 27.799849 24.175529
v 28.573509 25.316212 31.612291
v 28.379721 25.280222 31.603888
v 28.478157 25.245451 31.800638
v 28.631571 29.542156 28.418606
v 26.545221 24.245676 35.344223
v 29.185255 28.708097 28.447729
v 26.878914 22.813440 31.922127
v 29.354321 31.157005 26.123928
v 29.215155 31.185253 25.890373
v 28.966139 31.194210 26.165239
v 29.692791 20.796638 27.884783
v 30.413546 28.414486 24.687151
v 26.949106 25.964590 30.800758
v 29.643248 25.865658 28.107761
v 30.497267 28.221207 25.148539
v 28.273302 24.513803 35.988071
v 27.638166 25.815485 25.329094
v 28.235472 28.981430 28.658587
v 28.393026 29.035858 28.657562
v 29.559214 25.127394 27.375746
v 29.205555 26.239475 29.957270
v 29.782658 25.269194 28.127480
v 28.529200 27.359283 24.284136
v 30.000959 28.060776 24.465542
v 26.544907 22.485760 28.855936
v 29.217087 22.310469 26.152431
v 25.158094 21.442810 25.357573
v 28.135815 27.191963 30.123665
v 27.907045 27.602966 29.846088
v 29.016678 20.857708 25.847027
v 28.727903 20.739687 25.612217
v 26.734735 30.436279 26.068539
v 26.542074 23.558474 30.744373
v 29.429846 25.142849 32.405067
v 26.600063 25.145008 26.402664
v 26.414757 24.920282 26.684673
v 26.308363 25.504669 26.282013
v 25.349611 28.152796 26.668228
v 26.916714 24.735575 26.536304
v 29.892904 23.640148 27.361286
v 29.831392 24.166655 27.455248
v 28.570896 21.680534 30.337553
v 24.389925 20.888439 26.427483
v 25.936081 27.983339 25.544493
v 28.170797 28.683773 24.055584
v 27.253403 25.059641 33.490257
v 28.640623 23.933628 36.124062
v 28.435633 31.136093 26.498199
v 30.168564 24.383978 32.363491
v 28.068583 21.852669 31.146765
v 25.020132 27.134701 27.878220
v 26.526510 21.991016 28.182217
v 24.638039 20.901443 25.296104
v 28.973808 27.843699 28.799889
v 28.994923 28.326729 28.656351
v 28.854540 28.101320 28.821291
v 25.159863 26.600399 29.422295
v 27.214659 19.909105 27.541199
v 27.382652 20.085720 27.799122
v 27.040249 20.024986 27.684254
v 25.547083 19.261806 27.291145
v 28.559614 29.068932 28.637304
v 26.478363 19.204823 27.104786
v 26.566500 19.381075 27.186693
v 26.425030 19.359774 27.340637
v 30.080135 24.652334 32.028286
v 29.993538 24.768747 31.869879
v 29.927483 24.812925 32.109760
v 25.112185 25.904898 27.525408
v 29.379408 20.362122 27.644949
v 28.217642 19.900827 27.756977
v 29.612303 30.020670 24.176786
v 27.755449 27.239683 24.541569
v 26.651894 24.385386 30.762342
v 26.698601 24.666952 30.780397
v 27.141933 30.177992 25.172718
v 29.611246 23.723166 26.918354
v 26.232857 19.085533 27.172676
v 24.971405 26.833099 28.640472
v 28.121529 28.526087 28.912735
v 28.214821 28.705444 28.798260
v 28.092539 28.871096 28.679932
v 26.639763 22.121529 28.679411
v 26.776333 21.783495 28.659679
v 26.726387 22.075075 29.012930
v 29.729025 25.612362 28.480721
v 29.775120 23.340399 34.584232
v 28.719471 25.771257 31.011408
v 24.904432 20.363678 24.987793
v 27.162514 30.524164 25.577042
v 26.939342 29.913057 25.095644
v 29.333843 25.183544 33.528606
v 26.030016 23.921320 27.679043
v 28.992371 24.122242 26.334707
v 25.199793 26.151257 27.226770
v 27.790550 21.257320 24.593456
v 25.049282 27.151648 28.211803
v 25.143677 27.191254 28.510168
v 28.678968 25.474480 31.360310
v 26.123466 26.847229 30.105762
v 26.432087 26.700407 30.382986
v 24.424500 21.310064 25.781996
v 24.481220 21.462814 25.810268
v 24.483595 21.296562 25.606915
v 27.863569 20.973938 29.029154
v 27.897810 21.141230 29.269974
v 28.259678 19.852688 27.413998
v 26.377329 22.754675 29.063797
v 26.961418 19.595808 25.152769
v 27.399101 26.003752 25.248322
v 26.943264 30.617670 26.480072
v 27.223972 25.408354 34.443092
v 27.271809 25.331465 34.178894
v 27.373968 29.041056 28.243372
v 24.413965 20.774405 26.095886
v 28.973225 26.490995 30.006002
v 29.049265 26.699608 29.670155
v 29.045252 30.752785 24.920856
v 29.268822 30.655478 24.812742
v 29.663843 25.675146 28.024130
v 29.279259 20.464056 28.252022
v 26.521933 21.346869 28.026981
v 29.521036 23.076147 34.973022
v 28.843542 26.218328 25.307888
v 29.735762 28.654280 23.721777
v 29.966909 29.142092 23.764437
v 30.124681 29.347738 24.015385
v 26.184958 28.305870 25.270432
v 27.988190 23.090719 26.571165
v 27.789064 23.043938 26.774580
v 29.532179 28.808067 23.584814
v 25.988649 23.254971 29.514481
v 28.994968 30.233011 27.730080
v 29.292761 22.185043 32.219677
v 29.383739 26.015757 29.893648
v 28.937243 25.900082 25.947624
v 26.752863 19.664351 24.873426
v 27.827312 22.022566 33.369965
v 28.260792 23.462543 36.126629
v 26.280657 18.883520 25.970476
v 24.563251 20.324753 25.947359
v 26.438566 18.936563 26.449286
v 25.869406 19.657419 24.597178
v 29.874775 23.600433 34.415634
v 26.111971 25.372107 26.518948
v 28.593386 24.648327 26.064283
v 30.006277 28.848774 23.809109
v 29.809383 28.933674 23.639860
v 29.799599 23.028378 34.036293
v 28.708965 25.266424 31.856020
v 29.243137 27.710623 28.563911
v 29.128792 27.988323 28.622768
v 26.799314 22.983404 31.605627
v 27.584112 21.688150 30.165760
v 30.318344 22.906712 28.287603
v 28.285208 21.319523 29.772245
v 26.649805 23.548382 32.854336
v 26.282358 28.576942 25.175228
v 27.129553 24.894474 35.497093
v 28.695366 29.306128 28.506884
v 29.396276 24.471189 35.562622
v 28.862923 21.603956 25.463957
v 27.712292 26.237961 24.830080
v 30.480682 28.711494 24.638430
v 29.655579 23.136435 34.700005
v 26.202150 28.733591 25.285847
v 25.770170 23.328665 29.166361
v 26.732594 24.274675 35.532536
v 26.443308 29.171295 25.159416
v 30.090504 22.788183 30.678883
v 26.324184 18.971899 26.820377
v 26.134535 19.776236 27.827766
v 26.276543 19.486788 27.578478
v 27.409065 19.638369 26.921787
v 25.127228 20.145929 24.802002
v 24.748106 19.983097 25.586124
v 26.644709 26.381025 30.597067
v 25.476515 20.106689 24.598753
v 27.714216 19.685108 26.850060
v 28.004145 21.217993 29.473410
v 27.178677 28.844086 28.306440
v 29.517317 30.620790 24.903751
v 30.450850 28.274387 24.905289
v 30.540491 28.511627 24.980677
v 27.976473 23.450722 26.625834
v 27.875158 23.282724 26.736727
v 24.438461 21.082903 25.708164
v 28.766216 21.647097 30.157042
v 29.868492 27.107021 26.586006
v 30.058205 27.782471 27.420311
v 26.956211 19.239027 26.285612
v 26.790375 19.193996 26.535595
v 28.335379 22.520744 25.400515
v 29.040813 21.872395 30.499096
v 28.793303 21.765507 30.431036
v 29.950771 23.059837 33.403454
v 25.555332 24.757727 27.513462
v 28.767117 28.994198 23.640642
v 28.954235 28.807562 23.592815
v 29.074070 29.154285 23.590553
v 29.920044 30.702564 26.296812
v 28.901669 26.491518 24.992626
v 25.366314 28.241302 26.920702
v 25.261566 25.648361 27.386944
v 25.464796 25.330345 27.265242
v 27.155878 25.966146 25.428879
v 27.348139 21.254164 28.793184
v 29.079176 23.650488 26.398388
v 29.972433 24.877607 31.124401
v 28.300550 28.898895 23.948402
v 27.197117 20.508774 28.049353
v 29.780521 25.398493 28.348272
v 24.500130 21.122730 25.531178
v 24.590893 21.130253 25.394932
v 29.539545 25.070635 31.915709
v 29.790749 24.930557 31.917179
v 26.328281 24.157158 34.802631
v 29.894947 24.798460 32.657337
v 29.894310 24.823309 32.371899
v 28.274565 25.195597 31.707479
v 28.195456 25.275915 31.498997
v 25.110598 27.385742 27.883661
v 28.447950 19.956615 28.009918
v 27.777336 29.897116 24.639246
v 26.469788 24.663668 34.586811
v 26.403492 24.455679 34.828602
v 30.343174 24.186018 31.289770
v 26.825535 22.918905 32.111526
v 26.151834 19.277136 27.487991
v 26.332266 19.231592 27.312141
v 28.180580 21.947674 32.938980
v 28.728754 22.001541 32.806149
v 29.045092 22.109097 32.828461
v 30.046003 24.563021 32.763477
v 25.254507 28.012751 26.872431
v 29.248348 30.339705 27.477818
v 29.253901 30.145571 27.652014
v 30.065010 24.632839 32.242455
v 30.051502 24.605013 32.497612
v 25.205870 27.650366 27.694532
v 29.133224 25.293140 33.221882
v 29.268473 25.177404 31.880508
v 25.953278 19.326408 27.595337
v 28.070322 22.711895 25.422304
v 29.346714 25.322081 27.010899
v 29.138281 22.093489 31.967388
v 29.241962 22.121231 31.690182
v 30.179392 24.120871 32.829571
v 30.147982 24.353624 32.633606
v 26.855881 25.074356 35.091732
v 26.713213 25.016901 34.841801
v 26.473190 23.941038 35.326077
v 26.768208 22.790438 34.097218
v 27.562962 29.269365 28.205139
v 26.619711 24.920357 34.590569
v 29.385582 24.907862 35.090565
v 29.205914 25.140327 35.082691
v 30.374496 24.038397 30.999744
v 28.734379 29.062002 28.591146
v 28.502333 22.042501 33.585575
v 27.748703 25.509764 35.293930
v 30.085030 28.335575 27.663021
v 28.857122 26.351028 25.116215
v 27.030210 19.272614 25.990145
v 27.154705 19.338999 26.203951
v 27.528917 19.634535 25.770470
v 26.675573 26.541805 25.303923
v 30.491911 29.034708 24.601851
v 27.478344 22.126087 31.830799
v 27.568634 22.088509 32.171589
v 25.454258 26.644487 29.739517
v 25.956781 21.738201 27.508986
v 28.494078 19.905781 27.682484
v 26.640184 27.497616 25.144720
v 27.322483 19.423677 26.172659
v 27.480621 19.530388 26.023840
v 28.299665 22.047348 33.757275
v 25.814116 20.235893 24.509521
v 26.133354 20.325943 24.448217
v 28.084461 29.738312 28.309002
v 25.502367 28.437946 26.673494
v 27.437977 21.341354 29.061827
v 26.088783 28.011724 25.383890
v 24.481812 20.518181 26.372952
v 24.578409 20.329302 26.691685
v 28.680771 25.355753 32.689034
v 26.626415 21.076109 28.004671
v 27.390076 27.531115 24.725616
v 29.821772 30.739222 25.481331
v 29.602623 30.995152 25.651676
v 29.580767 30.810858 25.258741
v 29.348516 31.005024 25.418180
v 28.638906 25.433807 33.273190
v 28.465830 25.445742 33.366699
v 30.199436 27.553823 25.682781
v 27.240770 19.774979 25.196983
v 27.573893 19.969818 25.280474
v 27.372089 21.858433 30.404192
v 26.164242 20.870287 27.870234
v 30.346651 29.201538 24.288403
v 25.238192 27.879702 26.671984
v 30.382454 28.069265 25.000095
v 28.874147 31.164963 25.839518
v 28.377150 21.940920 32.671062
v 28.452578 21.928413 32.312363
v 28.630285 21.959940 32.550858
v 27.927597 20.071346 28.092451
v 27.560720 21.877367 30.735689
v 26.012241 23.096031 28.901041
v 29.912216 22.308861 30.037195
v 29.785479 22.249918 30.211430
v 29.770256 23.614944 34.799660
v 29.661604 23.341438 34.937412
v 29.379765 29.966280 27.707670
v 28.173433 20.496553 25.271587
v 29.645103 23.610401 35.179333
v 29.603212 23.903217 35.371342
v 27.278080 22.013758 30.723009
v 27.480003 22.762615 25.490444
v 27.798370 22.799221 25.464655
v 27.658579 22.725285 25.237030
v 27.812035 20.839035 24.738520
v 26.645378 20.631884 27.936466
v 28.814566 20.487158 25.891628
v 26.873270 23.372948 27.435682
v 27.400124 22.143896 31.555525
v 26.701559 27.219477 25.165657
v 26.531538 27.262581 25.250547
v 29.500668 27.895638 24.254921
v 29.279049 28.044258 24.007629
v 30.087837 30.520891 26.010023
v 30.096151 28.070427 27.546856
v 27.359324 29.568956 24.660852
v 27.550163 29.451593 24.554672
v 25.145182 19.437729 26.957878
v 29.237000 21.976660 30.569225
v 29.654480 30.829233 26.554035
v 29.492666 23.448689 26.694456
v 27.755817 22.509192 25.002754
v 25.335926 27.818792 27.846617
v 25.589550 25.612024 26.884686
v 26.625149 22.407522 25.616684
v 26.881376 22.625351 25.872011
v 28.717587 24.789906 35.845783
v 29.273764 20.239679 27.346159
v 29.033573 20.072645 27.307272
v 29.647738 24.188322 35.188206
v 30.380535 23.924665 31.261715
v 30.375975 23.703690 31.009834
v 29.105766 23.105284 35.809376
v 26.349760 23.911417 35.042366
v 26.398731 24.207479 35.084782
v 29.346731 28.072727 28.427557
v 28.005642 21.951214 32.606434
v 26.992630 24.714191 33.252151
v 26.822960 24.621889 33.513332
v 26.721031 24.378151 33.422741
v 29.324154 21.460186 25.935471
v 29.367163 25.066397 26.963961
v 26.445562 24.385155 27.078808
v 30.199821 23.867393 32.825272
v 29.374813 31.125393 25.689819
v 29.114983 31.114857 25.605003
v 29.489531 23.290251 35.320240
v 26.969379 26.188972 25.334478
v 27.212542 26.151541 25.206636
v 28.913626 26.156792 25.507275
v 26.821016 26.371519 25.292072
v 26.531841 26.394308 25.453360
v 27.789841 20.394934 25.030704
v 29.249744 24.008377 26.540762
v 29.228954 23.696136 26.486071
v 27.578081 28.917263 28.422731
v 29.082951 26.175434 25.897175
v 26.851612 26.715282 25.155985
v 26.987541 26.518330 25.112530
v 28.101944 21.340399 29.716892
v 29.376781 25.147667 32.135109
v 29.670097 25.001085 32.203274
v 28.153358 21.929625 32.317410
v 27.308844 26.511515 24.890808
v 27.163836 26.329214 25.089489
v 28.739943 19.981792 26.841808
v 28.280340 25.877831 25.262444
v 27.095358 21.965744 30.176357
v 27.324129 21.779816 30.111427
v 25.670904 25.000717 27.220041
v 26.952410 28.233231 28.890732
v 26.733677 28.448654 28.521765
v 28.565125 28.004936 23.971813
v 29.268696 26.423485 25.825335
v 28.625601 31.181940 26.294283
v 25.943039 25.255819 26.745136
v 29.326405 22.400890 33.751766
v 26.992796 25.126289 34.101059
v 27.006369 25.249884 34.374290
v 29.190607 25.227436 32.280754
v 26.231108 22.907932 29.036966
v 29.552225 24.700634 27.154503
v 27.138897 21.331175 28.630495
v 29.726477 24.665419 27.484600
v 27.554193 29.716579 24.640781
v 29.173893 31.126991 26.415625
v 24.623865 21.575373 25.802965
v 24.857094 21.750412 25.901396
v 25.126596 26.912321 28.961588
v 27.477865 30.800203 25.813751
v 26.638268 29.473356 25.081205
v 29.544706 25.623848 30.194315
v 29.725035 23.909895 35.005707
v 25.948221 27.951202 28.633183
v 25.225616 20.248940 24.728779
v 28.464672 20.604677 25.447411
v 26.565783 24.804445 34.400822
v 28.824268 30.608562 24.772034
v 28.990286 20.078825 26.980829
v 29.180180 20.177736 27.099194
v 27.725952 26.398317 24.669765
v 29.506325 25.007326 27.201639
v 26.499226 19.053431 26.811306
v 28.824018 21.851898 30.744381
v 28.562395 21.773664 30.647867
v 27.936050 22.873173 26.210457
v 27.384855 22.568422 25.177477
v 26.288057 25.916811 25.955862
v 26.308569 26.168678 25.738371
v 26.540257 26.009726 25.738262
v 28.733986 21.973852 32.289368
v 25.578636 20.211578 24.566675
v 29.300453 30.827488 25.083130
v 28.634125 27.624592 24.161577
v 30.430275 29.351698 24.602547
v 30.626228 28.684122 25.913235
v 30.643272 28.927244 25.695238
v 29.066868 21.943586 30.787039
v 26.790518 24.906366 34.039474
v 26.754869 25.006851 34.323807
v 24.565208 21.341248 25.552280
v 28.736937 25.307222 32.365677
v 28.788696 19.966183 27.180040
v 26.985729 21.560368 28.737707
v 29.026047 30.891462 26.950020
v 29.392250 30.787004 26.883280
v 29.307346 30.978954 26.646969
v 28.876368 22.000444 31.977135
v 29.016325 22.062590 32.278908
v 26.196671 26.506870 25.602837
v 26.721165 20.855896 27.988197
v 26.608475 22.308193 28.865929
v 26.859043 30.515469 26.702126
v 27.368454 19.845913 27.427593
v 29.699625 22.613060 33.106861
v 26.854782 27.485653 25.030783
v 26.942030 27.204090 25.029200
v 28.136158 23.407995 26.504244
v 26.953655 21.738268 29.000402
v 28.832417 25.302113 31.624159
v 29.931425 28.325949 27.888081
v 30.372133 29.894302 26.284124
v 25.244713 26.301491 29.773476
v 28.360716 21.863279 31.323860
v 28.579271 21.896347 31.497538
v 28.387831 21.892872 31.679264
v 28.960566 31.064264 26.689140
v 28.807222 31.158175 26.472383
v 27.081266 21.793110 29.566078
v 29.370817 23.011820 35.241848
v 28.886845 27.721350 28.957264
v 29.090952 21.314774 25.722170
v 29.931482 24.874632 31.414663
v 27.080229 30.160240 27.576674
v 26.541304 25.612946 26.062338
v 30.216299 22.168283 28.869213
v 25.531410 26.249546 30.047606
v 28.883307 22.934252 35.867958
v 26.820879 30.532393 26.246368
v 26.243942 24.333172 27.244818
v 26.058451 24.274120 27.399881
v 26.232967 29.715269 26.924311
v 28.647453 20.117029 26.198055
v 26.836689 24.382940 30.889683
v 26.736080 24.199957 33.114170
v 25.245584 27.421576 26.446693
v 27.669838 23.333557 26.862835
v 25.760080 25.628384 26.627264
v 29.444569 30.592293 27.096077
v 27.746227 30.908022 25.841343
v 24.496862 20.786108 25.622313
v 29.502914 21.876871 26.207146
v 30.254475 23.071728 28.024685
v 26.642920 23.637180 30.981651
v 25.888876 24.295603 27.503199
v 25.744862 24.558746 27.443453
v 25.860664 24.656073 27.271727
v 26.187222 21.789322 27.694828
v 28.370529 25.790960 25.383726
v 29.902626 22.894407 33.119511
v 29.852596 22.746094 32.801205
v 27.970657 30.865955 27.171862
v 27.119932 21.463745 24.537640
v 27.022200 21.821711 24.748327
v 27.362940 25.507902 34.643745
v 30.231174 23.341116 32.179878
v 28.570436 20.386435 25.745384
v 25.355288 20.332338 24.676735
v 28.580702 21.929504 31.925886
v 29.463820 31.139618 25.877634
v 28.192818 23.045883 26.363501
v 27.233530 25.192438 33.861923
v 26.998362 24.996111 33.814991
v 26.607466 21.896627 28.384298
v 26.590551 22.182573 28.432283
v 26.977398 22.683514 26.302670
v 29.542053 28.424458 28.239998
v 29.781977 28.397097 28.042038
v 29.792507 28.697418 27.975025
v 26.959620 26.823570 30.501213
v 28.608597 25.153791 25.901129
v 26.575453 22.402073 28.641380
v 28.620453 28.854105 28.706667
v 28.356453 20.812160 25.193457
v 28.349516 21.161560 25.026419
v 26.667271 24.694443 33.978004
v 26.615763 24.763853 34.193382
v 27.363276 20.094692 24.936119
v 27.025229 19.852081 24.895681
v 28.670986 19.967352 27.899025
v 26.120476 22.225775 25.772268
v 29.418278 29.325386 23.634211
v 29.439346 29.650888 23.834330
v 29.785044 29.453417 23.809507
v 26.706018 26.693794 30.506941
v 30.070534 22.420206 27.406698
v 29.264217 23.065735 35.530594
v 27.486780 26.359676 24.840668
v 27.422609 26.198938 25.024160
v 28.888031 25.526087 31.182219
v 28.586576 25.265341 32.074722
v 29.683487 22.242292 30.467522
v 29.163485 25.216175 32.076996
v 24.807413 20.658937 25.081106
v 29.008825 30.949369 25.252754
v 28.962109 21.980894 31.364964
v 29.129303 22.014572 31.082298
v 30.260668 24.429308 30.302141
v 25.191536 21.896114 25.921434
v 27.224012 29.977259 24.938997
v 29.620380 31.048655 26.007973
v 29.992144 30.637270 25.724087
v 26.174124 18.891140 26.449936
v 24.999516 20.436958 24.892628
v 24.925400 19.653271 26.717545
v 27.236368 30.684809 25.797415
v 27.816505 26.025887 25.048035
v 27.594082 26.071621 25.069361
v 28.738417 30.604786 27.462847
v 30.031000 22.626184 30.404015
v 29.949594 22.572313 30.700800
v 29.885469 22.414289 30.376497
v 29.792496 28.169312 28.023172
v 27.045551 30.663050 26.699642
v 26.556755 29.931072 27.213005
v 24.806629 21.289396 27.077860
v 27.391659 22.225410 24.865702
v 25.749697 20.047829 24.514954
v 29.467615 22.381565 33.071663
v 29.571869 25.019503 33.458027
v 26.713366 24.697477 26.680712
v 27.517408 22.804626 26.241156
v 26.632141 19.054241 26.500221
v 26.587101 22.388697 29.071922
v 27.269667 24.184561 35.829319
v 26.865360 29.498354 24.897625
v 30.135590 21.826784 28.554226
v 30.139172 22.831150 30.390392
v 30.409216 29.870825 26.043301
v 29.108633 22.305140 33.902828
v 28.859745 22.250002 34.123619
v 30.127483 24.189772 33.078915
v 28.769457 31.055683 25.527372
v 29.734884 26.920261 26.420143
v 26.473043 23.988867 27.360157
v 28.159403 21.893549 31.616489
v 24.564552 21.636639 26.096315
v 24.433090 21.477634 26.053185
v 26.654449 30.316942 26.723732
v 26.684017 30.405821 26.452158
v 28.660837 20.253876 25.975349
v 30.204620 30.305910 26.143614
v 26.680006 29.746605 25.222263
v 26.811853 29.680197 25.027641
v 30.144884 30.378288 25.644747
v 28.053366 25.656946 35.067467
v 26.915833 30.571447 26.039482
v 29.831806 23.903625 34.614357
v 26.959166 21.034775 24.442263
v 27.288309 28.372663 28.846941
v 27.104372 27.499063 24.890133
v 26.486780 19.551962 27.455305
v 28.679880 20.026855 26.508772
v 26.809792 24.769920 33.788528
v 26.936724 20.707550 28.028452
v 29.992382 22.767773 27.258066
v 29.183983 22.154381 32.542816
v 28.887030 22.029905 32.569874
v 26.759354 26.951136 25.176035
v 28.714878 27.274502 24.385923
v 28.897028 23.129215 35.993988
v 25.314188 27.277605 28.757046
v 27.960485 28.019249 29.395540
v 30.045788 24.738342 31.623613
v 30.062439 24.749971 31.388254
v 24.468058 20.679876 25.812014
v 28.863605 30.728220 27.248272
v 29.176826 30.684320 27.151789
v 26.741188 19.419779 27.023140
v 29.557940 20.731085 26.754656
v 30.258030 27.964653 24.887583
v 28.544456 19.892273 27.332497
v 27.141232 19.381533 26.453995
v 30.306116 29.655983 24.641518
v 30.244131 29.511841 24.323942
v 30.013285 22.487900 30.120508
v 26.913292 19.603657 27.157694
v 26.801094 19.314640 26.774038
v 29.502409 22.344086 32.450348
v 29.050375 22.274595 25.968811
v 25.770697 25.965126 26.335613
v 26.551773 23.816128 30.764122
v 28.952700 20.144241 26.653542
v 26.640646 19.216892 26.853182
v 29.881430 24.884457 31.673473
v 28.058407 26.019537 25.036331
v 29.664869 29.127514 23.603975
v 29.137930 26.317074 25.691793
v 30.131180 24.723238 29.856153
v 29.114607 21.687897 25.718790
v 28.888493 21.922710 31.059717
v 26.829859 25.157166 34.594921
v 28.296375 23.309881 26.404730
v 29.312084 22.457588 34.012604
v 27.706617 27.930901 29.522110
v 26.677078 26.224106 25.484751
v 25.719143 25.825953 30.288158
v 27.864321 30.923494 27.016460
v 29.275433 30.516239 27.289509
v 29.509558 31.035120 26.331745
v 27.703186 21.211084 29.169107
v 29.478657 20.535410 27.939453
v 27.225004 27.217445 24.858185
v 25.176857 27.591892 26.680925
v 27.874651 22.710993 25.219339
v 27.346695 26.949308 24.806421
v 27.042791 26.936729 25.002888
v 27.163528 26.704906 24.951193
v 27.678165 22.822201 25.828531
v 27.271063 22.750357 25.869366
v 27.087919 22.608063 25.514278
v 26.005457 24.750135 27.090477
v 26.177225 24.847176 26.895645
v 27.296829 22.245121 31.707943
v 29.931931 28.105339 27.830555
v 29.783470 24.982588 31.457022
v 28.603762 24.511572 35.988228
v 26.993851 24.854301 33.541031
v 25.798271 25.149370 26.969683
v 29.936396 27.187565 26.315664
v 28.355894 21.809111 30.917467
v 28.763008 21.916969 31.326546
v 28.617376 21.857315 31.069984
v 27.456659 19.941536 27.614662
v 27.674480 20.007383 27.812561
v 28.793100 21.954239 31.636013
v 29.030697 22.031813 31.679901
v 27.921610 30.998440 26.798574
v 28.175234 21.455984 29.926489
v 28.283112 21.911268 31.983669
v 27.081808 28.559553 28.537474
v 25.683882 27.770077 28.587027
v 27.079645 25.361309 34.626263
v 30.334217 27.734123 25.870886
v 27.517014 27.236034 24.680641
v 29.386538 25.542154 27.155598
v 28.116873 20.819464 24.985048
v 26.387764 19.085142 27.059660
v 26.443466 26.256699 25.592232
v 26.028505 19.520706 27.737986
v 26.105799 23.050245 29.223101
v 26.594019 22.383591 28.406769
v 26.472681 20.861282 27.923845
v 28.083271 22.547136 25.149569
v 27.118780 23.899656 35.842888
v 27.793129 21.318449 29.445765
v 25.568911 27.885227 28.257349
v 24.410870 21.440182 26.296049
v 27.475513 26.717552 24.740484
v 26.720684 19.239626 25.418751
v 28.466265 24.226667 36.077347
v 28.799290 24.213989 36.054470
v 27.118990 22.426741 31.696873
v 26.891367 19.237019 25.725224
v 27.770903 28.790279 28.616066
v 28.466581 23.675343 36.143848
v 28.442234 27.708746 24.133827
v 30.553127 29.186050 24.907225
v 28.982271 26.135424 25.693457
v 27.339973 24.621416 35.720825
v 27.625332 24.359083 35.901150
v 29.209394 22.209192 33.069016
v 27.360559 28.708363 28.497816
v 26.464794 30.104418 26.746552
v 28.548613 30.718418 27.370941
v 29.008532 30.515537 27.432735
v 26.911131 22.241241 25.149672
v 27.177839 21.474318 28.922018
v 29.345266 22.267881 32.807304
v 26.417635 29.939913 26.958513
v 25.454050 27.590527 28.506107
v 29.263922 28.395805 28.453815
v 29.620155 22.482365 32.796421
v 28.612520 31.090008 26.712311
v 29.313431 28.987034 23.545053
v 30.126577 24.346264 32.858318
v 30.105961 27.413649 26.052988
f 1 2 3
f 4 5 6
f 7 8 9
f 10 4 11
f 12 13 14
f 15 16 17
f 18 19 20
f 21 22 23
f 24 25 26
f 27 28 29
f 30 31 32
f 14 33 34
f 35 36 37
f 38 39 40
f 41 42 43
f 44 3 45
f 67 68 69
f 16 15 70
f 71 72 73
f 74 75 76
f 77 78 79
f 80 81 82
f 83 84 85
f 69 86 67
f 87 71 73
f 88 87 73
f 12 14 34
f 89 90 91
f 92 93 94
f 13 12 95
f 96 97 98
f 73 101 88
f 102 103 104
f 105 106 80
f 107 108 109
f 18 110 19
f 19 111 20
f 112 113 114
f 114 113 115
f 121 122 91
f 123 124 125
f 125 124 126
f 127 128 129
f 130 131 132
f 19 133 134
f 134 133 135
f 136 137 138
f 139 140 141
f 141 140 142
f 101 145 146
f 147 1 3
f 107 109 148
f 149 40 39
f 150 151 152
f 153 125 154
f 155 156 157
f 113 112 158
f 159 13 95
f 160 161 162
f 163 164 165
f 125 126 154
f 21 23 166
f 74 167 75
f 173 174 75
f 175 91 122
f 176 177 178
f 179 180 181
f 182 183 184
f 185 112 186
f 187 188 1
f 90 89 81
f 43 42 189
f 190 191 192
f 1 147 187
f 198 199 200
f 201 198 200
f 19 134 111
f 202 203 204
f 205 204 203
f 206 207 208
f 209 210 85
f 32 211 212
f 213 214 215
f 29 216 27
f 217 218 219
f 83 31 30
f 216 220 27
f 221 222 223
f 224 225 226
f 227 228 229
f 85 210 230
f 231 232 233
f 239 240 86
f 241 150 152
f 98 79 78
f 242 204 243
f 244 245 246
f 247 248 249
f 167 74 250
f 251 252 253
f 208 207 254
f 136 255 256
f 192 257 258
f 3 259 45
f 115 260 114
f 213 261 214
f 79 262 77
f 88 263 87
f 87 263 264
f 265 266 267
f 271 272 273
f 111 274 20
f 275 276 277
f 277 276 247
f 156 278 256
f 256 278 136
f 279 280 281
f 281 280 282
f 72 283 73
f 73 283 101
f 284 285 286
f 287 250 288
f 218 289 290
f 106 291 292
f 295 296 297
f 131 298 132
f 299 300 301
f 200 302 201
f 303 304 305
f 79 98 97
f 24 306 25
f 307 308 309
f 18 310 264
f 82 311 80
f 296 295 314
f 32 315 30
f 316 317 318
f 299 319 300
f 299 320 319
f 321 322 323
f 324 325 326
f 330 331 332
f 333 334 273
f 335 336 337
f 338 339 340
f 203 341 205
f 157 259 342
f 79 97 262
f 104 231 233
f 343 104 233
f 344 345 346
f 347 348 191
f 157 342 155
f 225 224 349
f 85 230 350
f 355 356 357
f 32 358 315
f 359 360 246
f 361 359 246
f 360 359 362
f 267 363 364
f 265 267 364
f 184 365 366
f 278 156 155
f 140 139 178
f 177 140 178
f 72 367 283
f 242 243 368
f 369 370 371
f 372 45 259
f 157 372 259
f 373 374 375
f 250 287 376
f 167 250 376
f 122 121 377
f 378 379 296
f 215 380 381
f 88 101 146
f 383 101 283
f 384 385 386
f 387 188 388
f 147 3 44
f 389 147 44
f 390 72 71
f 219 42 309
f 18 264 263
f 110 18 263
f 32 212 358
f 391 338 340
f 211 32 31
f 392 393 339
f 220 216 394
f 149 395 257
f 192 149 257
f 396 397 398
f 399 400 401
f 364 363 402
f 403 404 405
f 406 407 408
f 409 406 408
f 82 410 311
f 22 21 230
f 210 22 230
f 264 310 411
f 412 413 414
f 70 423 424
f 425 426 427
f 428 425 427
f 425 429 430
f 431 301 300
f 432 431 300
f 433 205 341
f 434 433 341
f 92 435 436
f 318 317 438
f 36 35 439
f 204 205 243
f 301 431 440
f 322 321 441
f 94 93 442
f 443 444 282
f 280 443 282
f 445 446 447
f 448 449 450
f 451 150 239
f 407 452 408
f 453 454 455
f 257 164 163
f 258 257 163
f 16 70 424
f 458 16 424
f 20 459 310
f 18 20 310
f 246 245 460
f 361 246 460
f 461 462 463
f 212 211 447
f 384 465 385
f 220 30 315
f 27 220 315
f 357 466 467
f 468 469 470
f 471 468 470
f 239 150 241
f 277 247 249
f 472 473 474
f 475 472 474
f 476 477 478
f 479 454 453
f 480 481 161
f 160 480 161
f 405 482 403
f 105 80 311
f 483 139 141
f 202 204 484
f 485 486 487
f 488 489 490
f 405 491 482
f 219 218 290
f 326 325 492
f 493 494 495
f 496 350 230
f 21 496 230
f 338 391 497
f 441 321 498
f 499 500 501
f 502 503 504
f 505 506 507
f 217 219 309
f 508 311 509
f 510 511 233
f 512 513 514
f 346 345 515
f 406 306 24
f 407 406 24
f 359 223 222
f 362 359 222
f 516 159 95
f 517 263 88
f 146 517 88
f 518 295 519
f 520 302 521
f 331 522 523
f 511 510 340
f 524 525 526
f 360 527 244
f 246 360 244
f 26 25 528
f 92 436 529
f 369 92 529
f 530 531 532
f 533 530 532
f 534 366 535
f 536 537 538
f 394 84 220
f 539 540 541
f 542 543 544
f 200 545 302
f 547 548 549
f 550 551 552
f 177 553 140
f 140 553 142
f 485 554 486
f 15 555 70
f 556 557 145
f 300 558 432
f 373 560 561
f 562 563 564
f 457 565 566
f 266 567 267
f 530 568 569
f 473 570 474
f 465 571 385
f 572 573 574
f 335 575 336
f 525 576 513
f 513 576 514
f 577 578 326
f 302 581 521
f 98 582 96
f 167 583 75
f 75 583 173
f 584 585 586
f 587 588 589
f 590 591 592
f 550 593 594
f 595 596 304
f 366 597 184
f 366 483 535
f 530 484 531
f 485 487 598
f 599 231 600
f 601 602 603
f 604 605 606
f 1 607 2
f 39 608 149
f 609 433 610
f 459 611 310
f 310 611 411
f 376 612 167
f 275 594 276
f 15 613 555
f 596 518 305
f 131 614 615
f 87 616 71
f 521 617 520
f 192 191 40
f 149 192 40
f 378 296 314
f 394 619 209
f 379 620 621
f 296 379 621
f 622 13 159
f 481 551 623
f 133 19 110
f 300 319 558
f 624 625 626
f 627 624 626
f 25 306 628
f 629 25 628
f 424 423 249
f 159 516 630
f 631 402 558
f 563 562 632
f 633 563 632
f 634 635 636
f 637 634 636
f 550 552 593
f 551 481 480
f 552 551 480
f 259 3 2
f 342 259 2
f 638 260 115
f 348 38 40
f 191 348 40
f 189 436 435
f 365 139 483
f 366 365 483
f 495 568 640
f 201 302 520
f 641 642 643
f 203 202 644
f 570 645 646
f 474 570 646
f 264 411 616
f 87 264 616
f 30 220 84
f 83 30 84
f 151 647 648
f 649 288 250
f 74 649 250
f 650 651 652
f 225 653 654
f 226 225 654
f 657 291 658
f 576 525 659
f 578 577 487
f 486 578 487
f 581 302 545
f 660 581 545
f 362 222 661
f 314 295 518
f 596 314 518
f 583 167 612
f 662 588 176
f 529 663 664
f 573 665 574
f 70 555 666
f 424 249 248
f 458 424 248
f 70 666 423
f 589 667 336
f 587 589 336
f 161 481 668
f 231 599 232
f 459 669 611
f 38 505 507
f 39 38 507
f 113 670 115
f 213 215 498
f 321 213 498
f 671 499 501
f 672 673 674
f 536 672 674
f 607 1 188
f 387 607 188
f 242 531 484
f 204 242 484
f 675 676 652
f 677 678 679
f 573 414 680
f 429 425 512
f 588 662 681
f 131 130 614
f 502 504 397
f 603 602 682
f 495 494 569
f 568 495 569
f 569 202 484
f 530 569 484
f 184 597 182
f 683 598 487
f 577 683 487
f 163 165 684
f 659 525 524
f 685 659 524
f 343 233 511
f 686 276 594
f 271 687 272
f 688 689 516
f 95 688 516
f 136 278 137
f 518 519 690
f 305 518 690
f 339 393 511
f 340 339 511
f 692 693 661
f 34 33 694
f 676 650 652
f 84 394 209
f 85 84 209
f 91 90 695
f 103 600 231
f 104 103 231
f 296 621 297
f 110 263 517
f 696 110 517
f 199 198 697
f 568 530 533
f 495 640 698
f 699 700 701
f 702 703 612
f 376 702 612
f 503 502 704
f 607 387 705
f 706 615 614
f 491 706 614
f 500 707 501
f 708 709 710
f 711 708 710
f 477 476 712
f 582 98 713
f 543 714 715
f 544 543 715
f 78 713 98
f 216 29 284
f 560 373 375
f 97 434 262
f 304 596 305
f 665 573 680
f 476 585 712
f 578 486 142
f 178 139 365
f 659 685 719
f 720 721 676
f 507 608 39
f 698 493 495
f 412 414 573
f 722 723 724
f 229 725 726
f 728 284 286
f 648 647 729
f 730 532 531
f 346 515 731
f 732 733 734
f 735 201 520
f 721 720 736
f 561 560 737
f 738 576 659
f 373 739 740
f 564 741 742
f 743 564 742
f 744 173 745
f 746 747 748
f 749 624 627
f 578 142 750
f 326 578 750
f 751 752 753
f 217 755 218
f 756 757 758
f 282 735 281
f 759 760 466
f 672 761 673
f 226 763 224
f 764 765 766
f 657 767 291
f 291 767 292
f 23 768 166
f 465 769 770
f 771 772 479
f 587 774 588
f 588 774 176
f 523 592 775
f 776 767 657
f 777 778 126
f 96 610 97
f 115 779 638
f 125 780 123
f 123 780 781
f 681 782 783
f 90 784 695
f 486 785 142
f 142 785 141
f 611 786 411
f 371 787 132
f 132 787 130
f 202 788 644
f 617 789 520
f 576 790 514
f 295 791 519
f 792 793 405
f 794 795 796
f 797 798 799
f 284 728 216
f 216 728 394
f 242 800 531
f 166 801 802
f 803 804 771
f 596 805 314
f 314 805 378
f 461 806 807
f 662 811 812
f 752 813 753
f 753 813 814
f 815 739 816
f 819 820 821
f 616 822 71
f 71 822 390
f 553 750 142
f 479 824 454
f 454 824 825
f 590 826 591
f 156 372 157
f 177 176 774
f 827 438 826
f 590 827 826
f 830 831 770
f 832 833 834
f 835 832 834
f 836 837 838
f 76 75 174
f 839 76 174
f 174 173 744
f 639 174 744
f 840 839 174
f 639 840 174
f 348 347 841
f 842 348 841
f 741 368 243
f 819 843 844
f 845 846 847
f 849 509 850
f 309 42 41
f 307 309 41
f 851 281 789
f 852 652 682
f 159 630 763
f 622 159 763
f 761 853 854
f 673 761 854
f 83 85 350
f 855 322 441
f 29 346 731
f 284 29 731
f 857 141 785
f 858 857 785
f 371 370 787
f 78 859 713
f 670 814 779
f 115 670 779
f 465 384 769
f 772 771 804
f 548 547 813
f 752 548 813
f 720 676 675
f 774 587 860
f 767 776 861
f 862 590 592
f 523 862 592
f 863 864 865
f 569 494 788
f 202 569 788
f 866 624 472
f 475 866 472
f 869 870 871
f 677 679 872
f 873 677 872
f 245 244 874
f 780 125 153
f 483 141 857
f 535 483 857
f 875 539 541
f 701 875 541
f 694 45 372
f 876 694 372
f 610 433 434
f 97 610 434
f 705 877 878
f 607 705 878
f 130 787 879
f 528 412 880
f 26 528 880
f 881 882 883
f 581 660 884
f 228 757 885
f 2 607 878
f 342 2 878
f 549 548 886
f 450 888 889
f 448 450 889
f 853 890 350
f 496 853 350
f 404 403 831
f 619 394 728
f 286 619 728
f 333 273 891
f 791 295 297
f 892 791 297
f 893 894 781
f 780 893 781
f 692 661 895
f 896 897 898
f 724 899 722
f 900 545 200
f 199 900 200
f 798 797 901
f 227 229 726
f 902 227 726
f 903 802 801
f 242 368 800
f 904 751 905
f 647 623 729
f 875 701 906
f 907 908 909
f 910 907 909
f 911 912 913
f 914 383 283
f 367 914 283
f 325 915 732
f 725 916 644
f 176 178 811
f 662 176 811
f 685 917 719
f 789 281 735
f 520 789 735
f 384 386 918
f 248 247 919
f 775 592 920
f 921 922 923
f 924 925 923
f 324 326 750
f 805 926 927
f 378 805 927
f 811 178 365
f 739 815 928
f 740 739 928
f 929 888 450
f 228 227 931
f 933 934 935
f 936 519 791
f 814 813 779
f 937 582 713
f 429 512 514
f 472 624 749
f 473 472 749
f 768 938 801
f 166 768 801
f 561 816 739
f 373 561 739
f 585 584 712
f 939 940 704
f 502 939 704
f 638 779 813
f 547 638 813
f 644 788 726
f 725 644 726
f 880 871 870
f 26 880 870
f 790 576 738
f 864 790 738
f 902 726 788
f 494 902 788
f 942 943 944
f 284 731 285
f 945 723 722
f 742 741 947
f 948 949 950
f 820 819 952
f 953 954 584
f 955 753 814
f 674 673 956
f 459 20 274
f 957 958 959
f 960 922 921
f 943 961 944
f 962 541 963
f 37 846 35
f 965 966 391
f 967 687 271
f 145 968 556
f 969 861 600
f 628 306 970
f 600 103 969
f 678 677 971
f 972 632 562
f 973 974 975
f 914 367 976
f 669 459 977
f 978 790 864
f 962 699 701
f 541 962 701
f 979 980 981
f 982 729 623
f 285 983 286
f 984 654 985
f 986 151 648
f 180 179 987
f 683 577 988
f 989 990 821
f 991 992 756
f 86 240 67
f 993 877 705
f 851 955 814
f 670 851 814
f 994 995 609
f 610 96 609
f 286 967 619
f 996 997 998
f 894 1000 781
f 1001 380 214
f 214 380 215
f 449 1002 1003
f 305 1004 303
f 303 1004 463
f 349 1005 225
f 225 1005 653
f 358 1006 315
f 1008 1009 572
f 572 1009 573
f 614 1010 491
f 201 1011 198
f 845 1012 992
f 992 1012 882
f 36 1013 37
f 37 1013 862
f 1014 1015 485
f 485 1015 554
f 545 1016 660
f 1018 965 510
f 582 994 96
f 96 994 609
f 512 1019 513
f 1020 1021 370
f 781 1022 123
f 123 1022 124
f 871 1023 869
f 753 1024 751
f 751 1024 905
f 617 1025 1024
f 538 1026 1027
f 454 979 455
f 720 1031 736
f 515 1032 731
f 731 1032 285
f 565 1033 566
f 566 1033 1034
f 282 1035 735
f 735 1035 201
f 513 1036 525
f 1037 1038 1039
f 1039 1038 1040
f 1041 1042 886
f 41 1043 307
f 1044 1045 635
f 993 1046 736
f 736 1046 721
f 1047 1048 1049
f 820 989 821
f 1050 956 1051
f 963 995 994
f 725 1052 916
f 1053 1054 1041
f 1041 1054 1055
f 790 1056 514
f 914 1060 383
f 383 1060 968
f 968 145 383
f 952 1062 1063
f 846 991 35
f 984 1064 654
f 1065 1066 1067
f 844 1067 1066
f 681 1072 782
f 736 1073 993
f 385 571 1074
f 254 978 1075
f 303 929 304
f 602 1076 682
f 682 1076 852
f 633 985 1077
f 1077 985 1078
f 1079 1080 1081
f 1081 1080 1082
f 687 983 1083
f 653 1078 654
f 654 1078 985
f 844 1086 1067
f 444 443 1087
f 967 286 983
f 687 967 983
f 442 93 1091
f 1092 793 107
f 380 1001 1054
f 1053 380 1054
f 130 879 1010
f 614 130 1010
f 27 315 1006
f 28 27 1006
f 1004 305 690
f 1093 1004 690
f 1005 349 1094
f 1095 1005 1094
f 339 338 1097
f 392 339 1097
f 854 1098 1099
f 673 854 1099
f 997 1100 1101
f 998 997 1101
f 509 311 410
f 850 509 410
f 1009 1008 871
f 880 1009 871
f 1102 1103 1104
f 882 1012 1105
f 33 14 1106
f 1011 201 1035
f 1108 1011 1035
f 1015 1014 901
f 1109 765 1110
f 572 574 917
f 1105 1112 883
f 882 1105 883
f 965 1018 1113
f 966 965 1113
f 686 594 593
f 994 582 962
f 963 994 962
f 513 1019 1036
f 1115 1116 1117
f 1118 873 872
f 534 535 1119
f 1022 781 1000
f 1121 1122 1123
f 1124 1121 1123
f 617 521 1025
f 584 586 953
f 1024 753 955
f 617 1024 955
f 1026 538 537
f 478 477 1126
f 1127 852 1128
f 922 914 976
f 923 922 976
f 1129 1130 1032
f 515 1129 1032
f 1131 285 1132
f 960 1133 1134
f 864 738 1135
f 865 864 1135
f 819 844 1066
f 952 819 1066
f 945 722 1136
f 1004 1093 1137
f 463 1004 1137
f 840 639 1138
f 789 617 955
f 851 789 955
f 1009 880 412
f 573 1009 412
f 768 23 1139
f 787 370 1021
f 879 787 1021
f 1141 1142 715
f 1038 1037 772
f 804 1038 772
f 1143 721 1046
f 1014 1144 1145
f 901 1014 1145
f 1146 1147 1148
f 1013 827 590
f 862 1013 590
f 1149 199 1150
f 1046 993 705
f 920 592 591
f 372 156 876
f 1092 615 706
f 793 1092 706
f 674 956 1151
f 1152 455 979
f 824 479 772
f 1037 824 772
f 405 793 706
f 491 405 706
f 922 960 1060
f 914 922 1060
f 1056 790 978
f 254 1056 978
f 228 931 758
f 757 228 758
f 340 510 965
f 391 340 965
f 1054 1001 1154
f 1055 1054 1154
f 1155 628 970
f 697 198 1011
f 1156 697 1011
f 551 550 982
f 623 551 982
f 226 654 1064
f 863 1075 978
f 864 863 978
f 908 907 986
f 648 908 986
f 1157 799 1158
f 1159 933 935
f 991 846 845
f 992 991 845
f 952 1066 1062
f 245 874 1160
f 1153 245 1160
f 1162 904 1163
f 1164 1165 636
f 635 1164 636
f 211 1166 447
f 526 525 1036
f 1167 1168 1080
f 1079 1167 1080
f 1128 852 1076
f 1169 1128 1076
f 1164 635 1045
f 274 1170 977
f 459 274 977
f 872 679 1171
f 632 984 985
f 633 632 985
f 620 379 1172
f 1173 1040 1038
f 804 1173 1038
f 1174 1175 442
f 1091 1174 442
f 1080 1168 1176
f 1082 1080 1176
f 783 589 588
f 681 783 588
f 1084 1055 1154
f 536 674 1151
f 1177 966 1113
f 1178 1177 1113
f 180 987 1179
f 332 331 1180
f 1060 960 1134
f 968 1060 1134
f 562 975 972
f 1165 1181 1182
f 658 1183 1184
f 938 768 1139
f 1099 1051 956
f 673 1099 956
f 285 1131 983
f 798 1185 1158
f 799 798 1158
f 798 901 1145
f 1185 798 1145
f 649 1186 288
f 979 981 1152
f 1061 1153 1160
f 995 742 947
f 609 995 947
f 461 463 1137
f 806 461 1137
f 685 1187 917
f 1033 1188 1034
f 881 883 1189
f 164 395 1190
f 101 383 145
f 158 112 185
f 164 257 395
f 879 1191 1010
f 1190 1192 1193
f 1194 33 1106
f 935 1195 1196
f 1197 1198 1199
f 1200 1201 320
f 1202 954 953
f 349 949 1094
f 1203 1204 1139
f 1160 1205 1061
f 871 1008 1023
f 1203 1139 23
f 651 1206 1207
f 803 1206 1208
f 997 996 1209
f 1210 432 558
f 485 1211 1014
f 1212 364 1155
f 1213 211 31
f 1214 508 509
f 334 333 1215
f 1216 552 480
f 363 267 1217
f 333 1203 1215
f 1219 1220 1097
f 1221 307 1043
f 342 878 877
f 94 442 1222
f 1223 1224 1225
f 1194 1226 33
f 1227 1228 1229
f 1233 1234 1235
f 1236 1237 180
f 148 1240 1092
f 107 148 1092
f 506 1241 1242
f 686 593 1243
f 1244 1015 901
f 1147 1146 1245
f 1246 1247 1248
f 1155 970 1212
f 1249 605 604
f 1110 1027 1250
f 919 247 1251
f 1027 1110 765
f 427 1252 428
f 1147 1253 1148
f 1254 1255 8
f 1200 1259 1201
f 536 538 672
f 301 9 299
f 164 1260 165
f 165 1260 795
f 1261 1262 1263
f 179 1264 987
f 987 1264 1265
f 523 1266 862
f 862 1266 37
f 1270 1271 876
f 320 1272 319
f 400 1273 401
f 185 1274 158
f 385 1275 386
f 1271 1276 876
f 1081 1277 938
f 938 1277 801
f 1027 445 538
f 538 445 672
f 500 1279 707
f 707 1279 497
f 94 435 92
f 447 764 212
f 1282 1283 1284
f 774 1285 177
f 177 1285 553
f 1254 1286 760
f 760 1286 466
f 1287 1288 1289
f 757 881 885
f 31 890 1213
f 899 1290 722
f 702 1291 703
f 553 324 750
f 121 1292 377
f 148 1293 1240
f 1094 1294 1095
f 1064 1295 226
f 964 1205 1296
f 162 1297 160
f 367 1298 976
f 886 1161 549
f 963 1299 995
f 1191 1300 1010
f 1010 1300 491
f 1301 1235 1234
f 1265 1248 987
f 1075 208 254
f 1302 1109 1303
f 1021 1304 879
f 879 1304 1191
f 1228 1305 1229
f 1306 1146 1307
f 433 1308 205
f 205 1308 243
f 672 1166 761
f 602 1309 1076
f 1182 1310 1165
f 953 1237 1202
f 41 1222 1043
f 1044 1311 1045
f 964 1314 951
f 1296 1314 964
f 1227 1315 1316
f 395 1192 1190
f 1254 1317 1286
f 1139 1318 938
f 438 1319 826
f 548 1320 886
f 364 1212 265
f 682 1321 603
f 1322 1323 1324
f 212 1325 358
f 45 1226 44
f 44 1226 1194
f 943 1328 961
f 918 1329 384
f 616 1330 822
f 1331 1332 1333
f 945 1334 723
f 723 1334 1110
f 756 1335 991
f 991 1335 35
f 765 446 1027
f 1027 446 445
f 1191 1336 1300
f 1260 164 1190
f 714 206 208
f 1337 714 208
f 467 466 1286
f 846 37 1266
f 847 846 1266
f 1272 320 1201
f 1275 385 1074
f 1277 1081 1082
f 651 650 1208
f 1206 651 1208
f 1340 106 105
f 1341 1342 1343
f 1279 500 1344
f 512 425 428
f 1019 512 428
f 1345 557 556
f 1346 1347 499
f 671 1346 499
f 841 347 1348
f 1349 841 1348
f 540 539 973
f 1350 413 1351
f 764 447 446
f 765 764 446
f 1352 1353 1354
f 874 1355 1356
f 1160 874 1356
f 1285 774 860
f 346 29 28
f 344 346 28
f 83 350 890
f 31 83 890
f 1042 1041 1055
f 1288 1287 855
f 441 1288 855
f 1144 1014 1211
f 785 486 554
f 858 785 554
f 471 1357 1235
f 1301 471 1235
f 1290 899 1358
f 943 1359 1328
f 165 795 794
f 684 165 794
f 1360 1324 1361
f 1356 1296 1205
f 1160 1356 1205
f 203 644 916
f 341 203 916
f 14 13 1362
f 1106 14 1362
f 324 553 1285
f 1292 121 1364
f 723 1110 1250
f 724 723 1250
f 254 207 1367
f 1056 254 1367
f 609 947 1308
f 433 609 1308
f 1205 964 293
f 1061 1205 293
f 1016 545 900
f 439 35 1335
f 1368 1369 1370
f 514 1056 1367
f 429 514 1367
f 1161 886 1042
f 1371 1372 1274
f 185 1371 1274
f 38 348 842
f 505 38 842
f 1374 552 1216
f 1375 1376 1377
f 759 1378 1379
f 968 1380 556
f 1101 1381 1382
f 1383 1384 1385
f 613 1386 1387
f 1284 1388 1282
f 1308 947 741
f 243 1308 741
f 1173 1103 1102
f 1040 1173 1102
f 742 995 1299
f 743 742 1299
f 1166 672 445
f 447 1166 445
f 1389 1184 1349
f 1390 137 1391
f 975 974 972
f 1222 41 43
f 94 1222 43
f 984 632 972
f 1392 1303 1334
f 945 1392 1334
f 1315 1227 1229
f 1193 1315 1229
f 1146 1148 1307
f 1121 961 1328
f 1122 1121 1328
f 766 765 1109
f 1302 766 1109
f 1283 858 554
f 1015 1283 554
f 1136 722 1290
f 849 337 1214
f 509 849 1214
f 504 503 1209
f 996 504 1209
f 1319 438 317
f 402 363 1210
f 558 402 1210
f 1395 1396 1397
f 652 651 1321
f 682 652 1321
f 1320 548 752
f 853 761 1213
f 890 853 1213
f 160 1322 1216
f 480 160 1216
f 342 1398 155
f 1321 651 1207
f 1399 1225 1224
f 1081 938 1318
f 1079 1081 1318
f 267 567 1217
f 1400 358 1325
f 1401 1400 1325
f 1323 1402 1361
f 1324 1323 1361
f 23 22 1215
f 1203 23 1215
f 1403 1002 449
f 448 1403 449
f 694 33 1226
f 45 694 1226
f 517 146 1404
f 696 517 1404
f 1405 686 1243
f 901 797 1244
f 1398 342 877
f 507 506 1242
f 608 507 1242
f 1175 1043 1222
f 442 1175 1222
f 1406 1193 1229
f 1305 1406 1229
f 373 740 374
f 842 841 1407
f 1408 1409 1410
f 758 931 1411
f 1361 1412 1360
f 1413 386 1275
f 1414 940 1415
f 411 786 1330
f 616 411 1330
f 945 1136 1416
f 1392 945 1416
f 1417 1418 1419
f 834 1417 1419
f 1383 1420 1384
f 1179 987 1248
f 1247 1179 1248
f 1421 265 1212
f 970 1421 1212
f 896 898 1249
f 604 896 1249
f 384 1329 769
f 539 875 1422
f 980 634 1423
f 981 980 1423
f 1423 634 637
f 1250 1027 1026
f 1424 1425 1426
f 948 950 1425
f 276 686 1251
f 247 276 1251
f 1334 1303 1109
f 1110 1334 1109
f 1427 1428 954
f 1044 635 1429
f 1259 1430 1201
f 9 301 7
f 43 189 435
f 94 43 435
f 105 311 508
f 401 1273 1431
f 1432 755 1433
f 764 766 1325
f 212 764 1325
f 1434 1435 1436
f 1283 1015 1244
f 1284 1283 1244
f 630 1437 1438
f 1439 1440 1441
f 841 1349 1407
f 1166 211 1213
f 761 1166 1213
f 1442 1428 1427
f 954 1202 1427
f 1202 1237 1236
f 1443 1411 931
f 799 1157 1444
f 1445 474 646
f 279 281 851
f 395 149 608
f 966 1177 1446
f 1197 1447 1198
f 650 1448 1208
f 820 952 1063
f 949 349 224
f 1094 949 948
f 1450 1451 1452
f 667 589 783
f 1453 1063 1062
f 1390 1454 1418
f 998 1101 1382
f 1072 681 1455
f 702 376 1456
f 1457 1320 752
f 1458 1459 1399
f 1434 1460 1435
f 1461 1462 707
f 1464 931 227
f 1182 1181 1465
f 1466 1075 863
f 968 1134 1380
f 1460 1434 1468
f 1471 1472 1473
f 1474 1475 1476
f 1477 1478 910
f 1241 506 1479
f 977 1170 1480
f 1481 1482 1483
f 1484 1427 1202
f 1487 344 28
f 917 574 1488
f 1063 1453 1489
f 1340 105 1490
f 390 822 1491
f 1492 1087 443
f 1447 1493 1252
f 1494 783 782
f 105 508 1490
f 850 410 1495
f 208 1075 1337
f 1262 1497 1263
f 1124 1123 240
f 1498 1124 240
f 1499 1500 1501
f 712 1502 1368
f 477 712 1368
f 740 1503 1504
f 1498 1157 1158
f 1124 1498 1158
f 997 1209 1505
f 1242 1241 1506
f 936 1508 519
f 519 1508 690
f 1162 1457 904
f 966 1461 391
f 462 1510 463
f 463 1510 303
f 439 1511 36
f 1079 1512 1167
f 1513 1514 1515
f 699 1516 700
f 700 1516 1517
f 1208 1518 803
f 803 1518 804
f 1519 1520 1521
f 1168 1522 1523
f 1524 1525 1253
f 585 1526 1527
f 1527 1526 1528
f 1529 1530 207
f 207 1530 1367
f 831 1531 770
f 1083 1532 687
f 687 1532 272
f 1533 1534 1535
f 516 1536 630
f 630 1536 1437
f 924 1456 1537
f 671 1538 1539
f 1539 1538 1357
f 1540 1541 1542
f 1542 1541 1421
f 1305 1543 1406
f 1406 1543 1544
f 1314 1546 1547
f 1041 1548 1053
f 1053 1548 1162
f 1197 1549 1095
f 1095 1549 1005
f 1344 1550 1279
f 989 1552 850
f 850 1552 849
f 1553 1554 1555
f 1460 1492 1372
f 1542 1556 1540
f 218 1557 289
f 452 1559 408
f 847 1560 845
f 845 1560 1012
f 849 1561 337
f 337 1561 335
f 1251 1562 919
f 1322 1377 1216
f 1216 1377 1374
f 1453 1563 1489
f 1190 1544 1260
f 1564 1565 453
f 807 1466 1566
f 1359 1569 1328
f 1570 693 692
f 1265 1439 1248
f 1248 1439 1246
f 1571 423 1572
f 1243 1376 1420
f 320 1573 1200
f 1200 1573 1574
f 1242 1575 608
f 1386 1576 1387
f 186 1577 185
f 398 1578 1579
f 977 1580 669
f 1581 1582 1198
f 1198 1582 1199
f 1012 1465 1105
f 1475 1583 1476
f 1335 1588 439
f 1214 1494 508
f 1589 1479 597
f 1590 1435 1341
f 1590 1436 1435
f 224 1438 949
f 1349 1591 1407
f 1592 1593 1151
f 1179 1236 180
f 135 1594 134
f 227 902 1464
f 1332 1595 1289
f 343 1596 104
f 1121 1597 961
f 1260 1598 795
f 1427 1484 251
f 1317 1599 566
f 566 1599 457
f 1319 1600 826
f 826 1600 591
f 910 1354 907
f 1425 1601 1602
f 1602 1601 1603
f 676 1604 650
f 1182 1605 1310
f 1606 1607 1581
f 1608 1609 1564
f 1368 1502 1428
f 1428 1502 954
f 1410 1610 1241
f 1611 1612 1142
f 1529 207 206
f 465 770 1531
f 571 465 1531
f 1457 1162 1548
f 1320 1457 1548
f 121 91 695
f 1364 121 695
f 277 249 1571
f 562 564 743
f 975 562 743
f 1461 966 1446
f 1462 1461 1446
f 318 1261 1614
f 316 318 1614
f 337 336 667
f 1214 337 667
f 1274 1615 158
f 440 457 7
f 301 440 7
f 962 582 937
f 699 962 937
f 146 145 557
f 1404 146 557
f 689 1616 1536
f 516 689 1536
f 1516 699 937
f 883 1112 1618
f 1189 883 1618
f 1518 1208 1448
f 1103 1518 1448
f 1168 1167 1522
f 133 110 696
f 1621 669 1580
f 362 661 693
f 1622 1623 1624
f 1526 585 476
f 830 1625 404
f 831 830 404
f 1305 1293 1543
f 571 1531 1626
f 1532 1083 1576
f 1386 1532 1576
f 1627 786 611
f 669 1627 611
f 971 1628 678
f 1518 1103 1173
f 804 1518 1173
f 895 606 605
f 1629 1364 695
f 784 1629 695
f 510 233 232
f 1018 510 232
f 963 541 540
f 1299 963 540
f 1456 924 1630
f 702 1456 1630
f 1528 1526 1631
f 738 659 719
f 1135 738 719
f 1094 948 1632
f 1294 1094 1632
f 1389 1349 1348
f 1538 1233 1235
f 1357 1538 1235
f 1541 1540 1633
f 266 1541 1633
f 1635 262 434
f 942 944 1636
f 1637 1638 1639
f 1640 1003 1002
f 819 821 843
f 820 1063 1552
f 989 820 1552
f 1265 1440 1439
f 1083 983 1131
f 1546 1314 1296
f 865 1135 1488
f 763 630 1438
f 224 763 1438
f 1548 1041 886
f 1320 1548 886
f 1641 1345 1525
f 1549 1197 1199
f 1330 786 1642
f 1124 1158 1185
f 1121 1124 1185
f 1643 1644 1556
f 1542 1643 1556
f 1247 251 1484
f 1179 1247 1484
f 1552 1063 1561
f 849 1552 1561
f 1554 1553 1645
f 1492 1460 1468
f 1087 1492 1468
f 1273 400 1646
f 1557 218 755
f 1560 847 1605
f 1182 1560 1605
f 1560 1182 1465
f 1012 1560 1465
f 593 552 1374
f 1243 593 1374
f 1306 1647 1648
f 1146 1306 1648
f 429 1367 1530
f 430 429 1530
f 1349 1184 1591
f 1649 1392 1416
f 1650 1649 1416
f 1234 1233 796
f 1428 1442 1369
f 1368 1428 1369
f 1377 1322 1324
f 1375 1377 1324
f 1443 931 1464
f 1651 1443 1464
f 1384 1420 1376
f 1375 1384 1376
f 536 1151 1593
f 537 536 1593
f 1544 1190 1193
f 1406 1544 1193
f 1254 8 1599
f 1317 1254 1599
f 556 1380 1652
f 1345 556 1652
f 1569 1359 1653
f 1307 1148 1654
f 1156 1011 1108
f 1195 1655 1196
f 1656 409 1643
f 1573 320 299
f 9 1573 299
f 1575 1242 1506
f 1657 1575 1506
f 1561 1063 1489
f 335 1561 1489
f 1658 1074 571
f 1626 1658 571
f 1541 266 265
f 1421 1541 265
f 1005 1549 653
f 973 975 743
f 537 1593 1659
f 989 850 1495
f 990 989 1495
f 1403 1661 1002
f 1594 135 1612
f 330 332 1662
f 662 812 1455
f 681 662 1455
f 287 1537 1456
f 376 287 1456
f 751 904 1457
f 752 751 1457
f 108 1663 469
f 1664 1372 1371
f 497 391 1461
f 707 497 1461
f 1665 1651 1464
f 902 1665 1464
f 1666 1105 1465
f 1181 1666 1465
f 1101 1100 1667
f 1381 1101 1667
f 1595 1332 1331
f 343 1668 1596
f 1669 1566 1466
f 863 1669 1466
f 1670 1671 1672
f 1434 1642 1468
f 1673 1674 1675
f 1425 950 1601
f 479 453 1565
f 771 479 1565
f 949 1438 950
f 1321 1207 1624
f 603 1321 1624
f 1676 1547 1546
f 1677 1676 1546
f 929 303 1510
f 888 929 1510
f 1453 1062 1678
f 182 597 1479
f 506 182 1479
f 1484 1202 1236
f 1179 1484 1236
f 721 1143 1604
f 676 721 1604
f 584 954 1502
f 712 584 1502
f 1319 1358 1600
f 1411 1443 1679
f 1599 8 7
f 457 1599 7
f 899 724 1680
f 1478 1352 1354
f 910 1478 1354
f 1681 1682 1683
f 650 1604 1448
f 1687 1372 1492
f 477 1368 1370
f 1126 477 1370
f 428 1252 1493
f 1019 428 1493
f 1609 1206 1688
f 1253 1525 1148
f 1498 241 1157
f 1690 1221 1477
f 540 973 743
f 1299 540 743
f 557 1345 1641
f 1404 557 1641
f 719 917 1488
f 1135 719 1488
f 1691 843 1692
f 1693 1478 1477
f 1221 1693 1477
f 1694 1474 1476
f 988 1694 1476
f 1185 1145 1597
f 1121 1185 1597
f 1695 1550 1344
f 1696 1415 1697
f 1529 1698 1530
f 1544 1543 1598
f 1260 1544 1598
f 1371 185 1577
f 1374 1377 1376
f 1243 1374 1376
f 17 1458 1699
f 974 1700 1701
f 1476 1583 683
f 988 1476 683
f 1702 1142 1612
f 1494 1214 667
f 783 1494 667
f 10 11 1703
f 657 658 1389
f 1704 1404 1641
f 1494 782 1490
f 508 1494 1490
f 1704 1705 1706
f 1565 1564 1609
f 1390 1418 137
f 493 1665 902
f 148 109 1707
f 1614 1261 1263
f 1301 1707 109
f 1571 249 423
f 173 583 745
f 138 137 1418
f 494 493 902
f 1708 1590 1341
f 1150 199 697
f 1709 1521 1520
f 807 806 1141
f 915 325 324
f 1198 1447 1252
f 1649 1650 1710
f 1262 1261 1511
f 669 1621 1627
f 1478 1693 1472
f 1711 1712 1332
f 1206 1609 1207
f 531 800 730
f 1184 1389 658
f 1177 1178 1713
f 1714 1625 1663
f 369 371 1715
f 1716 317 316
f 1717 1718 898
f 924 1537 925
f 137 278 1391
f 67 240 1123
f 1719 1554 1645
f 595 304 1720
f 1721 1370 1369
f 1600 1358 1722
f 1095 1294 1723
f 1724 1344 1725
f 1344 1724 1695
f 1206 803 1688
f 1726 1306 1307
f 1252 427 1727
f 131 615 1728
f 298 131 1728
f 1729 1588 1335
f 1556 1730 1540
f 1731 649 74
f 1733 1316 1734
f 1307 1654 1735
f 1736 1734 1316
f 1315 1736 1316
f 1737 601 1738
f 1026 537 1739
f 1740 1741 1742
f 1743 1091 93
f 1744 1745 1746
f 362 693 1747
f 1389 1348 1748
f 1749 1627 1621
f 645 570 1750
f 807 1141 1751
f 1752 1148 1525
f 1753 1754 1630
f 924 1753 1630
f 730 800 1755
f 1756 1757 1758
f 1759 1175 1174
f 1760 1511 439
f 542 544 1706
f 836 1128 1169
f 1761 1762 1763
f 1709 1764 1521
f 806 1611 1142
f 1141 806 1142
f 1766 1718 1767
f 241 1498 240
f 239 241 240
f 1351 1768 1350
f 1156 1108 1621
f 1580 1156 1621
f 755 1432 1557
f 793 1714 107
f 777 1769 1770
f 449 1720 450
f 175 1771 1772
f 1772 1771 711
f 680 1773 665
f 684 1713 163
f 711 1774 708
f 708 1774 1640
f 926 595 1720
f 555 1776 666
f 1413 1777 386
f 884 1333 1778
f 859 1779 713
f 713 1779 937
f 852 675 652
f 524 1780 685
f 923 925 921
f 1147 1781 1253
f 1093 1782 1137
f 1137 1782 806
f 1783 957 703
f 1784 1719 1670
f 720 1127 1031
f 1517 911 1785
f 1130 1132 1032
f 1032 1132 285
f 1180 1786 332
f 1787 1788 1119
f 388 1789 1790
f 782 1183 1490
f 409 1791 406
f 490 1792 1793
f 1422 1794 539
f 539 1794 973
f 993 1796 877
f 877 1796 1398
f 976 1797 923
f 923 1797 924
f 1141 1337 1751
f 1347 1725 499
f 1390 1391 1398
f 1193 1657 1315
f 797 1801 1244
f 1802 1430 1768
f 1803 1804 1805
f 132 1808 371
f 371 1808 1715
f 274 1809 1170
f 1170 1809 936
f 402 1810 364
f 364 1810 1155
f 1704 1524 1705
f 1811 1637 1639
f 470 1812 1118
f 1118 1812 873
f 1022 1813 124
f 1636 1717 942
f 1407 812 1814
f 1815 1816 1817
f 1176 1818 1082
f 1571 1572 1432
f 1432 1572 1557
f 972 1819 984
f 984 1819 1064
f 1074 1820 1821
f 1822 1823 1824
f 1407 1591 1455
f 1177 1825 1446
f 1826 1827 1828
f 1829 1741 1830
f 1241 1610 1506
f 601 1623 1738
f 1625 792 404
f 404 792 405
f 1831 1638 1637
f 1581 1727 1606
f 649 1721 1186
f 1581 1832 1582
f 1833 1834 1761
f 1761 1834 1762
f 1704 1835 1404
f 1557 1776 289
f 357 1836 466
f 1341 1837 1342
f 998 1838 996
f 996 1838 1839
f 1840 1298 1841
f 451 1842 1843
f 1844 1845 815
f 1648 1846 1146
f 1847 1848 1849
f 1609 1688 1565
f 1811 1639 873
f 873 1639 677
f 1734 1850 1733
f 1294 1851 1723
f 1049 1852 1853
f 1329 1854 1831
f 583 1855 745
f 745 1855 959
f 1155 1856 628
f 397 1857 398
f 1511 1858 36
f 481 1859 668
f 1115 1861 921
f 1086 1862 1067
f 1670 1863 1671
f 1864 598 683
f 1228 1865 1305
f 1305 1865 1293
f 1417 1866 1418
f 1867 1868 1869
f 317 1870 1319
f 1411 1729 758
f 1649 1872 1392
f 1392 1872 1303
f 697 1873 1150
f 1874 1875 1876
f 1370 1731 1126
f 1877 915 324
f 1399 1878 1458
f 1253 1879 1524
f 1571 1740 277
f 1880 1743 1808
f 1532 1881 272
f 1075 1751 1337
f 1148 1752 1654
f 816 1883 815
f 815 1883 1844
f 1577 1837 1371
f 1614 1884 316
f 316 1884 1885
f 1886 1759 1850
f 1811 1887 1637
f 645 1764 646
f 1316 1888 1227
f 1714 793 792
f 1625 1714 792
f 577 326 492
f 988 577 492
f 1769 124 1813
f 1420 1383 1889
f 175 122 1771
f 475 474 1445
f 1745 475 1445
f 426 425 430
f 16 458 1890
f 17 16 1890
f 1301 109 468
f 471 1301 468
f 1773 680 1891
f 1713 684 1825
f 1177 1713 1825
f 1774 711 1771
f 1144 1450 1892
f 603 1624 1623
f 601 603 1623
f 1894 1777 1895
f 1345 1652 1752
f 1525 1345 1752
f 291 106 1340
f 658 291 1340
f 587 336 575
f 860 587 575
f 974 973 1794
f 1112 1105 1666
f 597 366 534
f 1589 597 534
f 1896 1897 1767
f 1306 1726 1647
f 1779 859 1898
f 912 1779 1898
f 805 596 595
f 926 805 595
f 918 386 1777
f 1894 918 1777
f 690 1508 1899
f 1093 690 1899
f 1782 1093 1899
f 1006 358 1400
f 1719 1784 1900
f 1554 1719 1900
f 1811 873 1812
f 1636 944 1452
f 307 1221 1690
f 308 307 1690
f 1127 720 675
f 852 1127 675
f 615 1092 1240
f 1728 615 1240
f 911 1517 1516
f 912 911 1516
f 1901 1902 1903
f 715 1142 1702
f 544 715 1702
f 563 633 1904
f 736 1031 1073
f 1905 5 4
f 1408 1906 1907
f 90 81 1908
f 784 90 1908
f 1128 836 838
f 918 1894 1854
f 1329 918 1854
f 1910 1064 1819
f 1796 993 1073
f 1911 1796 1073
f 1762 543 542
f 1763 1762 542
f 1797 1912 1753
f 924 1797 1753
f 1284 1244 1801
f 981 1423 1914
f 1725 1347 1915
f 694 876 1276
f 34 694 1276
f 1779 912 1516
f 937 1779 1516
f 1292 1364 1916
f 642 1292 1916
f 1917 427 426
f 1657 1193 1192
f 1575 1657 1192
f 1317 566 1034
f 1796 1454 1390
f 1398 1796 1390
f 806 1782 1611
f 1430 1259 1918
f 1768 1430 1918
f 900 199 1149
f 1471 1352 1478
f 1472 1471 1478
f 1383 1385 1866
f 1652 1654 1752
f 1920 1921 1922
f 86 69 1845
f 1529 1923 1698
f 1924 1925 1926
f 1808 132 298
f 1880 1808 298
f 936 1809 1508
f 280 279 1615
f 1810 402 631
f 1155 1810 1856
f 1622 1523 1623
f 1885 1928 1716
f 316 1885 1716
f 1929 1930 1931
f 1932 1933 1934
f 1812 470 469
f 1019 1493 1935
f 1036 1019 1935
f 1198 1252 1727
f 1581 1198 1727
f 1048 1936 1852
f 1049 1048 1852
f 974 1701 1819
f 972 974 1819
f 1262 1511 1760
f 1497 1262 1760
f 1532 1386 1881
f 1460 1372 1664
f 1435 1460 1664
f 1678 1519 1937
f 1679 1588 1729
f 1411 1679 1729
f 1581 1607 1832
f 1522 1938 1738
f 928 815 1845
f 69 928 1845
f 1360 1412 1939
f 715 714 1337
f 1141 715 1337
f 1641 1525 1524
f 1704 1641 1524
f 138 1418 1866
f 1385 138 1866
f 1721 649 1731
f 1370 1721 1731
f 1704 1706 1835
f 423 666 1572
f 1594 1612 1611
f 1940 1941 1702
f 1836 357 356
f 759 466 1836
f 108 469 468
f 109 108 468
f 1183 658 1340
f 1490 1183 1340
f 1040 1102 1942
f 1785 1040 1942
f 1473 1943 1471
f 1610 1410 1409
f 1734 1610 1409
f 1707 1301 1234
f 1944 1689 1545
f 1698 1945 430
f 1530 1698 430
f 1946 1947 1948
f 1458 17 1890
f 1459 1458 1890
f 629 628 1856
f 1802 629 1856
f 1949 1950 1951
f 1854 1894 1846
f 1648 1854 1846
f 608 1575 1192
f 395 608 1192
f 1952 1880 298
f 1728 1952 298
f 92 369 1715
f 93 92 1715
f 258 163 1713
f 1178 258 1713
f 108 107 1714
f 1663 108 1714
f 960 921 1861
f 1133 960 1861
f 897 942 1717
f 898 897 1717
f 1855 583 612
f 703 1855 612
f 657 1389 1748
f 776 657 1748
f 1537 1116 925
f 261 181 1953
f 733 1805 734
f 319 1272 631
f 558 319 631
f 1857 1147 1245
f 398 1857 1245
f 1831 1954 1638
f 1859 481 623
f 647 1859 623
f 1956 1039 1040
f 1785 1956 1040
f 155 1398 1391
f 278 155 1391
f 1517 1785 1942
f 1957 1517 1942
f 1952 1728 1865
f 1228 1952 1865
f 76 1126 1731
f 74 76 1731
f 1863 1670 1719
f 1645 1863 1719
f 1858 827 1013
f 36 1858 1013
f 929 450 1720
f 304 929 1720
f 756 758 1729
f 1335 756 1729
f 1958 1186 1721
f 1369 1958 1721
f 899 1680 1722
f 1358 899 1722
f 1197 1095 1723
f 1447 1197 1723
f 1023 1008 1959
f 1353 1352 1960
f 1444 1353 1960
f 1961 1447 1723
f 1851 1961 1723
f 895 605 1962
f 692 895 1962
f 1865 1728 1240
f 1293 1865 1240
f 1396 1963 1964
f 1397 1396 1964
f 500 499 1725
f 1344 500 1725
f 1358 1319 1870
f 1290 1358 1870
f 771 1565 1688
f 803 771 1688
f 1735 1965 1726
f 1307 1735 1726
f 1966 1967 1838
f 275 277 1740
f 1742 275 1740
f 1710 1650 1658
f 1626 1710 1658
f 1971 990 1972
f 439 1588 1760
f 1879 1763 1705
f 1524 1879 1705
f 537 1659 1739
f 1743 93 1715
f 1808 1743 1715
f 1973 1521 1764
f 645 1973 1764
f 1974 665 1773
f 696 1404 1835
f 1466 807 1751
f 1075 1466 1751
f 1646 1355 1975
f 1273 1646 1975
f 1883 816 1976
f 1607 730 1755
f 1948 1947 1884
f 1614 1948 1884
f 1948 1614 1263
f 1696 1948 1263
f 1878 1699 1458
f 1759 1174 1733
f 1850 1759 1733
f 1164 1045 1977
f 1888 1316 1733
f 1174 1888 1733
f 1978 1783 1979
f 1443 1980 1679
f 534 1119 1788
f 1589 534 1788
f 542 1706 1705
f 1763 542 1705
f 1956 1785 911
f 913 1956 911
f 1253 1781 1879
f 1855 703 957
f 959 1855 957
f 1127 1128 838
f 1031 1127 838
f 1072 1184 1183
f 782 1072 1183
f 1072 1455 1591
f 1184 1072 1591
f 1657 1506 1736
f 1315 1657 1736
f 1734 1409 1850
f 1982 1983 769
f 1622 1984 1985
f 1610 1734 1736
f 1506 1610 1736
f 1435 1664 1837
f 1341 1435 1837
f 1986 1091 1743
f 1880 1986 1743
f 335 1987 575
f 317 1716 1870
f 1738 1623 1523
f 1522 1738 1523
f 1655 1195 1950
f 1146 1846 1245
f 1655 1259 1988
f 1989 1001 214
f 908 648 1990
f 1500 489 1991
f 1669 863 865
f 971 1639 1638
f 971 677 1639
f 1792 919 1562
f 288 1186 1816
f 1375 1324 1360
f 1915 1724 1725
f 1223 1992 1993
f 82 81 89
f 1621 1108 1749
f 1407 1455 812
f 1822 1826 1828
f 1194 1106 1994
f 1664 1371 1837
f 1995 1849 1996
f 1741 1990 1742
f 1997 1991 489
f 462 1669 1998
f 1722 1680 1999
f 2000 1596 1668
f 1818 1277 1082
f 1832 1607 1755
f 830 1887 2001
f 1746 1745 1445
f 707 1462 501
f 2002 1690 1477
f 1975 1355 2003
f 1025 521 2004
f 1547 2006 1314
f 2006 1547 2008
f 2010 1953 181
f 1347 1346 1932
f 1426 1903 2011
f 1444 1157 2012
f 2013 2014 1992
f 2015 179 181
f 2016 1681 1683
f 2017 2018 482
f 491 2017 482
f 2019 1480 1170
f 2020 1774 1771
f 1410 1241 2021
f 1997 489 488
f 82 89 2022
f 2023 1087 1468
f 1194 1994 2024
f 602 601 1737
f 1136 1290 2026
f 1091 1986 1888
f 1174 1091 1888
f 2027 1528 1631
f 2028 1718 1717
f 1636 2028 1717
f 1297 162 2029
f 2030 1878 1399
f 2031 214 261
f 1953 2031 261
f 2032 1422 389
f 865 2033 1669
f 2035 1422 875
f 1178 1113 2036
f 1545 2037 1944
f 2038 2039 467
f 1534 1533 1505
f 1822 1828 2040
f 1879 1781 2043
f 1903 1902 2011
f 2045 1445 646
f 529 436 1129
f 629 1351 528
f 25 629 528
f 408 1848 1847
f 409 408 1847
f 1255 1254 760
f 1557 1572 666
f 1776 1557 666
f 990 1495 2046
f 2047 1980 1443
f 1651 2047 1443
f 1168 1523 2048
f 2049 2050 1881
f 2051 2052 1503
f 68 2051 1503
f 69 68 928
f 292 2054 106
f 106 2054 80
f 189 2055 436
f 436 2055 1129
f 345 2056 1020
f 1020 2056 1021
f 1442 253 1671
f 344 2056 345
f 527 2003 244
f 1676 2057 2058
f 897 2059 942
f 767 2060 292
f 292 2060 2061
f 323 322 2062
f 526 2063 524
f 832 2064 2065
f 2065 2064 2066
f 1051 2067 1050
f 1742 2068 275
f 275 2068 594
f 835 837 832
f 1627 2023 786
f 368 2069 800
f 800 2069 1755
f 526 2070 2071
f 2071 2070 1851
f 561 2072 816
f 816 2072 1976
f 561 737 2072
f 2073 934 1692
f 799 2074 797
f 797 2074 1801
f 1118 2075 470
f 838 2076 1031
f 1778 2004 884
f 933 2077 1086
f 1086 2077 1862
f 1227 2078 1228
f 1228 2078 1952
f 1991 1501 1500
f 980 1429 634
f 321 2015 213
f 1979 1291 1754
f 892 2019 791
f 679 2081 1171
f 1171 2081 2082
f 1670 2084 1784
f 1784 2084 2085
f 1862 1378 1925
f 1384 127 1385
f 898 1756 1249
f 2086 2087 1380
f 2088 1917 1963
f 1678 2089 1453
f 1453 2089 1563
f 1143 2090 1604
f 1604 2090 1448
f 462 1566 1669
f 671 2093 1538
f 1538 2093 1233
f 409 1656 1791
f 970 1656 1421
f 1580 2094 1156
f 2095 2096 2039
f 660 2097 884
f 884 2097 1333
f 1331 2098 1595
f 1595 2098 2099
f 2100 1672 252
f 1755 2101 1832
f 2102 2103 1739
f 2104 2105 1915
f 1606 2106 1607
f 1958 2107 1186
f 1186 2107 1816
f 1683 2108 678
f 678 2108 679
f 1086 1691 933
f 1507 2109 1188
f 1359 2110 1653
f 147 2035 187
f 970 1791 1656
f 1221 2111 1693
f 2112 2113 1596
f 2114 1724 2115
f 1622 1985 1523
f 1523 1985 2048
f 1407 1814 842
f 2119 279 851
f 1679 2120 1588
f 1588 2120 1760
f 2122 2123 1509
f 1233 2124 796
f 1136 2125 1416
f 1416 2125 1650
f 1413 1946 1697
f 1712 2126 1332
f 1332 2126 1333
f 1849 1848 1996
f 1401 2128 1400
f 1928 2026 1716
f 1990 729 2129
f 2130 2131 2057
f 1431 2132 401
f 689 2133 1616
f 891 2030 2134
f 2135 747 2136
f 1381 1923 2137
f 1836 1926 759
f 631 2138 1810
f 1810 2138 1856
f 2139 1937 1973
f 1276 2140 34
f 1963 1945 1964
f 2141 2142 1745
f 904 2143 1163
f 361 2144 2145
f 2145 2144 894
f 438 2146 318
f 318 2146 1261
f 564 2147 741
f 741 2147 368
f 1692 2148 2073
f 1362 2149 1106
f 1106 2149 1994
f 1873 2019 892
f 1115 2152 1861
f 2153 1988 1574
f 1520 1823 1709
f 255 2154 256
f 1673 2155 2156
f 2156 2157 2158
f 843 1971 1692
f 2159 1117 2160
f 1225 2013 1223
f 1776 2161 289
f 1300 2017 491
f 1431 2162 2163
f 2164 2020 377
f 9 2165 1573
f 1479 2021 1241
f 1223 2166 1224
f 1077 2167 633
f 1386 2168 1881
f 1152 2169 455
f 2170 2171 2172
f 1062 2173 1678
f 1678 2173 1519
f 1292 2174 377
f 377 2174 2164
f 574 2175 1488
f 1348 2176 1748
f 1748 2176 2177
f 1265 2062 1440
f 214 2031 1989
f 1422 2032 1794
f 503 1534 1209
f 1034 2038 1317
f 1953 2178 2179
f 1709 2040 2045
f 401 2142 399
f 1250 2180 724
f 724 2180 1680
f 626 2181 627
f 1654 2087 1735
f 2182 2183 856
f 378 2184 379
f 379 2184 1172
f 2185 2186 2187
f 1962 2188 692
f 692 2188 1570
f 760 2189 1255
f 1482 2190 1896
f 1896 2190 1897
f 24 2191 407
f 273 2050 891
f 2050 2049 1878
f 1677 2130 2057
f 1676 1677 2057
f 81 80 2054
f 1908 81 2054
f 621 620 2192
f 2054 292 2061
f 1908 2054 2061
f 1359 2059 2110
f 2193 2194 2140
f 2059 1359 943
f 942 2059 943
f 471 470 2075
f 1357 471 2075
f 697 1156 2094
f 1873 697 2094
f 671 501 2093
f 1500 2195 2196
f 555 613 1387
f 1776 555 1387
f 2063 526 2071
f 2064 832 837
f 836 2064 837
f 2067 1051 2197
f 1675 2067 2197
f 2068 982 550
f 594 2068 550
f 858 1283 1282
f 837 835 2076
f 838 837 2076
f 844 843 1691
f 1086 844 1691
f 2023 1627 1749
f 1087 2023 1749
f 2069 368 2147
f 1904 2069 2147
f 1024 1025 905
f 2070 526 1036
f 1935 2070 1036
f 898 1718 1756
f 2056 2198 1304
f 1021 2056 1304
f 1382 1381 2137
f 1833 1382 2137
f 2074 799 1444
f 1960 2074 1444
f 2163 626 625
f 1431 2163 625
f 1035 282 444
f 1108 1035 444
f 2004 1778 905
f 1025 2004 905
f 1726 1965 1954
f 2078 1227 1888
f 1986 2078 1888
f 387 2199 2200
f 767 2202 2060
f 572 917 1187
f 1008 572 1187
f 2067 1675 1674
f 2203 2067 1674
f 1362 13 622
f 1295 1362 622
f 2015 321 323
f 1284 1801 2204
f 1388 1284 2204
f 1375 1360 127
f 1384 1375 127
f 2081 679 2108
f 2084 1670 1672
f 2100 2084 1672
f 896 604 2205
f 1953 2010 2178
f 1625 830 2001
f 1663 1625 2001
f 1396 2206 2106
f 979 454 825
f 980 979 825
f 229 228 885
f 2070 1935 1961
f 1851 2070 1961
f 2071 1851 2207
f 1783 703 1291
f 1979 1783 1291
f 776 1748 2177
f 1429 635 634
f 2208 1644 2209
f 2089 1678 1937
f 2139 2089 1937
f 8 1255 2165
f 9 8 2165
f 1427 251 253
f 1442 1427 253
f 2211 1048 2212
f 586 1527 2213
f 1103 1448 2090
f 1104 1103 2090
f 2069 1904 2101
f 1755 2069 2101
f 2214 1462 2215
f 1233 2093 2124
f 1300 2219 2017
f 1100 997 1505
f 1479 1589 2021
f 2097 660 2220
f 2170 2097 2220
f 2098 1331 2170
f 2172 2098 2170
f 2064 836 1169
f 2066 2064 1169
f 2221 390 1491
f 1436 2222 2223
f 2105 2085 2084
f 2100 2105 2084
f 2105 2100 2115
f 1915 2105 2115
f 730 1607 2106
f 2107 1958 1863
f 1645 2107 1863
f 1583 1475 2224
f 2225 1693 2111
f 335 1489 1853
f 1902 10 2226
f 1493 1447 1961
f 1935 1493 1961
f 860 575 1987
f 827 1858 2146
f 438 827 2146
f 1246 1439 2227
f 563 1904 2147
f 564 563 2147
f 1362 1295 2149
f 1992 1223 2013
f 1875 2228 2229
f 2230 1989 2179
f 2182 2230 2179
f 2109 1507 1689
f 2035 147 389
f 1422 2035 389
f 2231 2232 2072
f 631 1272 2138
f 1130 1129 2055
f 1176 1168 2048
f 1767 1718 2028
f 306 406 1791
f 970 306 1791
f 908 1990 2233
f 909 908 2233
f 2133 2234 2235
f 1616 2133 2235
f 2236 1570 2188
f 1960 2237 2238
f 1809 274 111
f 1820 1074 1658
f 2120 1679 1980
f 2239 2120 1980
f 1652 1380 2087
f 1654 1652 2087
f 1446 1825 2215
f 1462 1446 2215
f 2125 1136 2026
f 1928 2125 2026
f 1275 1947 1946
f 1413 1275 1946
f 12 34 2140
f 1792 490 2196
f 919 1792 2196
f 1880 1952 2078
f 1986 1880 2078
f 1511 1261 2146
f 1858 1511 2146
f 272 1881 2050
f 273 272 2050
f 1766 1767 1897
f 1497 1760 2120
f 2239 1497 2120
f 1720 449 1003
f 926 1720 1003
f 426 430 1945
f 1963 426 1945
f 1690 2002 2240
f 1528 2027 1765
f 2132 1431 625
f 2097 2170 1331
f 1333 2097 1331
f 2133 2241 2242
f 2234 2133 2242
f 1797 976 1298
f 1912 1797 1298
f 2030 891 2050
f 1878 2030 2050
f 461 807 1566
f 462 461 1566
f 1917 426 1963
f 2223 1434 1436
f 2243 1772 2046
f 1510 462 1998
f 1703 11 2191
f 2009 460 245
f 1153 2009 245
f 2244 2081 2108
f 408 1559 1848
f 2082 2081 2245
f 2143 904 905
f 1778 2143 905
f 1862 2077 1378
f 1727 427 1917
f 1606 1727 1917
f 1876 1875 2169
f 1152 1876 2169
f 746 2246 2220
f 2247 2248 2242
f 570 2249 1750
f 1843 2250 451
f 1837 1577 1342
f 2164 2251 2252
f 693 1570 1747
f 1445 2045 1746
f 2253 2071 2207
f 2179 1989 2031
f 1953 2179 2031
f 226 1295 622
f 763 226 622
f 2254 2255 1534
f 1887 1811 2001
f 356 1924 1926
f 1836 356 1926
f 1818 1176 2155
f 910 909 2002
f 1477 910 2002
f 122 377 2020
f 1771 122 2020
f 927 2164 2184
f 378 927 2184
f 1784 2085 2245
f 1900 1784 2245
f 833 1793 2256
f 834 833 2256
f 874 244 2003
f 1355 874 2003
f 581 884 2004
f 521 581 2004
f 755 217 2257
f 1433 755 2257
f 482 2018 1920
f 403 482 1920
f 196 856 2183
f 1765 196 2183
f 951 1314 2006
f 1062 1066 2173
f 1926 1925 1378
f 759 1926 1378
f 1152 981 2258
f 180 1237 2010
f 181 180 2010
f 1971 843 821
f 990 1971 821
f 1424 1426 2011
f 2259 1424 2011
f 1353 1444 2012
f 1417 834 2256
f 1656 1643 1542
f 1421 1656 1542
f 1286 1317 2038
f 467 1286 2038
f 2260 1288 441
f 746 2136 747
f 1979 2261 2262
f 2161 1776 1387
f 1576 2161 1387
f 1343 2091 1708
f 1341 1343 1708
f 261 213 2015
f 181 261 2015
f 936 791 2019
f 1170 936 2019
f 1273 1975 2162
f 1431 1273 2162
f 1554 1900 2263
f 1555 1554 2263
f 2215 1825 684
f 794 2215 684
f 1574 1573 2165
f 665 2264 2175
f 574 665 2175
f 1630 1754 1291
f 702 1630 1291
f 2166 1223 1993
f 2142 475 1745
f 770 769 1983
f 410 82 2022
f 1495 410 2022
f 2168 1386 613
f 1642 786 2023
f 1468 1642 2023
f 642 1172 2174
f 1292 642 2174
f 2033 865 1488
f 2175 2033 1488
f 2265 1473 1472
f 1026 1739 2180
f 1250 1026 2180
f 2266 935 934
f 2073 2266 934
f 1348 347 2176
f 2062 1265 1264
f 323 2062 1264
f 2267 1850 1409
f 1937 1519 1521
f 1973 1937 1521
f 1870 1716 2026
f 1290 1870 2026
f 1763 1879 2043
f 1761 1763 2043
f 2058 2057 1827
f 1200 1574 1988
f 1259 1200 1988
f 1143 2268 2090
f 1073 1031 2076
f 1911 1073 2076
f 1224 2134 2030
f 1399 1224 2030
f 2032 389 2024
f 1874 1876 2269
f 1945 1698 2272
f 1964 1945 2272
f 1534 503 2254
f 2272 1698 1923
f 1381 2272 1923
f 2273 1037 1039
f 2274 187 2035
f 1972 990 2046
f 1811 2275 2001
f 2182 2276 2183
f 1505 2277 1100
f 505 842 1814
f 2142 401 2132
f 1741 1829 2233
f 2279 627 2181
f 1962 1757 2188
f 2184 2164 2174
f 1172 2184 2174
f 1708 2091 2280
f 2186 1653 2110
f 1609 1608 2281
f 1764 1709 2045
f 646 1764 2045
f 934 933 1691
f 1692 934 1691
f 2190 1482 1481
f 444 1087 1749
f 1108 444 1749
f 2282 2283 2212
f 733 1803 1805
f 885 881 1189
f 1402 1323 2284
f 1008 1187 1959
f 1501 1991 2013
f 1225 1501 2013
f 1954 1831 1647
f 1726 1954 1647
f 1044 1429 2273
f 1853 1852 1987
f 335 1853 1987
f 2285 2267 2265
f 2258 981 1914
f 2008 2286 2037
f 1379 1378 2077
f 2040 1828 1746
f 2045 2040 1746
f 2061 2060 2287
f 2288 2061 2287
f 1823 1822 2040
f 1709 1823 2040
f 2289 1849 1995
f 2187 2290 2185
f 2291 2292 2293
f 2290 2187 2205
f 2172 2171 2294
f 1113 1018 2036
f 1505 1209 1534
f 1985 2296 2048
f 1854 1648 1647
f 1831 1854 1647
f 2256 1793 2297
f 1998 1669 2033
f 253 252 1672
f 1671 253 1672
f 2298 2134 2166
f 1915 2115 1724
f 210 2299 2300
f 2060 2301 2287
f 273 334 271
f 586 585 1527
f 2261 2302 2303
f 737 2231 2072
f 1867 1869 2016
f 1555 1681 2305
f 2306 2282 2212
f 1990 648 729
f 835 834 1419
f 396 398 1579
f 1195 2307 1950
f 2308 2309 2310
f 1243 1420 1405
f 2294 2311 2312
f 920 591 1999
f 1603 1601 2313
f 2314 1159 2153
f 1596 2000 2112
f 892 1150 1873
f 2096 1929 1931
f 1052 725 229
f 2233 1990 1741
f 2315 1949 1951
f 1112 1666 2316
f 2317 1924 1824
f 1181 1165 1164
f 2258 1876 1152
f 855 2318 322
f 2134 1224 2166
f 2193 2319 2320
f 1931 2039 2096
f 1995 2051 2321
f 1426 2291 1903
f 560 2293 737
f 344 2198 2056
f 2229 2169 1875
f 1661 2322 709
f 1628 1965 2323
f 620 1172 642
f 2203 2309 1592
f 1401 2324 2128
f 854 853 2325
f 1098 854 2325
f 2326 1529 206
f 2327 2328 2329
f 2330 2308 2310
f 1876 2331 2269
f 708 1640 2332
f 709 708 2332
f 1001 1989 2333
f 1154 1001 2333
f 2334 1626 1531
f 2224 1475 2335
f 2336 2075 1118
f 757 756 2337
f 881 757 2337
f 375 1901 2338
f 560 375 2338
f 2339 505 1814
f 183 2339 1814
f 1834 1833 2340
f 1977 1045 2342
f 2343 1023 2344
f 1635 434 2345
f 2346 1481 1483
f 133 696 2347
f 135 133 2347
f 1491 822 2348
f 1077 1078 2349
f 1503 2350 6
f 1504 1503 6
f 1982 769 1329
f 2351 2207 1632
f 1593 1592 2352
f 825 824 2353
f 2355 598 1864
f 1838 998 1966
f 2356 2021 1589
f 1788 2356 1589
f 111 2357 1809
f 1830 1741 1740
f 2358 2359 2360
f 1023 1959 2344
f 1802 2361 1430
f 1859 647 2362
f 2363 2318 2364
f 1097 1220 2364
f 522 2365 1605
f 606 2366 2367
f 1219 1097 338
f 1279 1550 2369
f 2370 1897 2190
f 2372 2311 2294
f 2171 2372 2294
f 888 1510 1998
f 1841 1298 367
f 643 642 1916
f 2331 1876 2258
f 1875 1874 2373
f 1995 2374 2289
f 2375 2376 2261
f 2377 2378 1918
f 409 1847 2379
f 2380 2381 2382
f 1302 2380 2382
f 1839 2383 1857
f 2384 986 907
f 1891 680 2385
f 1928 2386 2125
f 1766 2279 2387
f 2388 1766 2387
f 2302 2389 2390
f 2303 2302 2390
f 2391 2163 2162
f 2392 2391 2162
f 2139 1047 2393
f 2089 2139 2393
f 2261 2303 2262
f 1556 1644 2394
f 2395 2396 2397
f 2043 1781 2398
f 2392 2162 1975
f 2399 1119 535
f 2400 2230 718
f 2401 2029 2402
f 1965 1628 2403
f 1954 1965 2403
f 2404 2305 1681
f 2405 599 600
f 1683 1682 2406
f 2108 1683 2406
f 2229 2158 2408
f 2409 2410 102
f 2411 1707 1234
f 1770 1660 2412
f 2413 1790 1789
f 1674 1673 2414
f 2160 1117 1116
f 2197 2415 1675
f 2416 2037 1545
f 2419 2273 1039
f 2029 162 2420
f 2402 2029 2421
f 775 920 2422
f 2423 2424 2425
f 1336 1191 2426
f 2427 1164 1977
f 229 2428 1052
f 2367 2430 606
f 6 452 11
f 4 6 11
f 528 1351 413
f 412 528 413
f 1592 2309 2352
f 1661 1951 2322
f 1996 1848 1559
f 2350 1996 1559
f 2432 2318 855
f 1287 2432 855
f 1616 2235 1603
f 2433 1958 1369
f 1442 2433 1369
f 2434 10 1902
f 1901 2434 1902
f 1847 1849 2435
f 870 2191 24
f 26 870 24
f 2436 1676 2058
f 2437 2315 1951
f 1661 1403 1951
f 1978 2368 1783
f 136 128 255
f 255 128 1939
f 2274 2439 187
f 187 2439 188
f 184 183 2440
f 812 183 1814
f 2423 190 2441
f 166 2442 21
f 21 2442 496
f 458 1499 1890
f 2443 381 2444
f 1246 2445 1247
f 1247 2445 251
f 455 2446 453
f 453 2446 1564
f 847 522 1605
f 42 2447 189
f 189 2447 2055
f 248 2195 458
f 515 663 1129
f 1129 663 529
f 869 2448 1703
f 619 2299 209
f 209 2299 210
f 747 643 748
f 748 643 2449
f 1843 668 2250
f 2316 2452 1112
f 77 2453 78
f 78 2453 859
f 1920 2334 403
f 627 2370 749
f 749 2370 2454
f 802 2455 1098
f 1098 2455 1099
f 2274 2456 2457
f 2197 903 2458
f 2274 906 2456
f 859 2342 1898
f 1898 2342 2460
f 640 2277 698
f 1066 1065 2173
f 586 2461 953
f 953 2461 1237
f 153 221 780
f 222 2462 661
f 661 2462 895
f 1414 2463 940
f 940 2463 704
f 1144 2355 1450
f 1550 1219 2369
f 256 1270 156
f 156 1270 876
f 2464 1271 1270
f 467 2465 357
f 357 2465 355
f 1323 1297 2284
f 749 2346 473
f 473 2346 2466
f 2395 1309 2396
f 2302 2467 2389
f 1300 1336 2219
f 1818 2458 1277
f 598 1211 485
f 2189 1379 2468
f 1282 1388 2469
f 1162 2444 1053
f 2000 2470 2312
f 2312 2470 2471
f 688 2472 689
f 686 1405 2473
f 1052 2345 916
f 1601 1437 2313
f 1550 1441 1219
f 1418 1454 1419
f 1667 2475 1381
f 1381 2475 2272
f 1415 2476 1697
f 1697 2476 1413
f 5 1504 6
f 1512 1513 1167
f 732 2211 733
f 698 1535 493
f 493 1535 1665
f 2477 1539 2478
f 1895 1578 1894
f 1894 1578 1846
f 1434 2348 1642
f 2480 2481 2308
f 2308 2481 2309
f 2291 1602 2292
f 355 1930 2482
f 1199 2349 1549
f 1288 1711 1289
f 1289 1711 1332
f 1615 1687 280
f 1805 1694 2483
f 1439 1695 2227
f 17 1699 2484
f 1994 1700 2024
f 2024 1700 2032
f 2111 2285 2225
f 645 2485 1973
f 1973 2485 2139
f 135 1940 1612
f 1612 1940 1702
f 1790 2199 388
f 388 2199 387
f 1665 2255 1651
f 1770 1730 777
f 1745 1744 2141
f 2131 1744 2486
f 605 1758 1962
f 1962 1758 1757
f 1079 2487 1512
f 1512 2487 2488
f 2282 1803 2283
f 1482 1804 1483
f 191 2489 347
f 347 2489 2176
f 2152 1817 1553
f 1553 1817 1645
f 915 1936 732
f 1885 1820 1928
f 1928 1820 2386
f 1822 1824 2490
f 356 1824 1924
f 1827 1826 2491
f 1827 2486 1828
f 1433 1830 1432
f 397 1839 1857
f 2221 1841 390
f 1845 1842 86
f 1598 2411 795
f 1668 2492 2000
f 1735 1867 1965
f 1965 1867 2323
f 1997 2014 1991
f 1991 2014 2013
f 860 1877 1285
f 1285 1877 324
f 2111 1886 2285
f 1597 1892 2493
f 2259 2351 1424
f 1424 2351 2494
f 1899 2495 1782
f 1178 2441 258
f 1787 1906 1788
f 1788 1906 1408
f 1520 2317 1823
f 1823 2317 1824
f 2249 2496 2282
f 2282 2496 1803
f 1710 1921 1649
f 2497 2491 2482
f 2482 2491 1826
f 2498 1933 2477
f 1994 1701 1700
f 1515 1938 1513
f 1689 2095 2109
f 1706 1941 1835
f 161 2499 162
f 162 2499 2420
f 1761 1966 1833
f 451 2362 150
f 665 1974 2264
f 2264 1974 889
f 1992 2500 2397
f 1887 1982 1637
f 1608 1984 2281
f 2257 2501 1433
f 1293 2502 1543
f 1543 2502 1598
f 1452 2503 1636
f 1636 2503 2028
f 1133 2404 1869
f 2301 2504 2287
f 2423 2036 2424
f 698 1533 1535
f 2121 2505 2303
f 2374 2506 1122
f 1503 2052 2350
f 2350 2052 1996
f 334 2300 271
f 271 2300 2299
f 215 2507 498
f 747 641 643
f 944 2493 1452
f 939 2508 940
f 940 2508 1415
f 2293 2509 737
f 737 2509 2231
f 543 2510 714
f 714 2510 206
f 1605 2511 1310
f 2512 2102 1659
f 1659 2102 1739
f 1934 2104 1932
f 1473 1907 1906
f 2312 2112 2000
f 1246 2114 2445
f 113 2119 670
f 670 2119 851
f 1526 2122 1631
f 1631 2122 1509
f 2215 2124 2214
f 2443 1712 1711
f 1990 2129 1742
f 1742 2129 2068
f 1674 2513 2203
f 926 2251 927
f 927 2251 2164
f 1149 2136 900
f 1900 2244 2263
f 2131 2141 1744
f 710 2148 2514
f 1852 2515 1987
f 1987 2515 860
f 2464 2154 2516
f 288 2160 287
f 1832 2517 1582
f 1582 2517 1199
f 2187 2518 2205
f 2101 2167 1832
f 2516 2519 2520
f 2520 2519 2521
f 2186 2185 2522
f 2523 2185 2524
f 2343 2525 2526
f 2168 2049 1881
f 2192 2527 621
f 95 2194 688
f 688 2194 2193
f 2152 1815 1817
f 1304 2198 2528
f 2075 2478 1357
f 1357 2478 1539
f 2077 2468 1379
f 969 2202 861
f 861 2202 767
f 138 129 136
f 136 129 128
f 2172 2471 2098
f 1395 2206 1396
f 2477 2336 2498
f 2498 2336 2529
f 586 2213 2276
f 2276 2213 2183
f 2093 2214 2124
f 1512 1514 1513
f 1491 2222 2221
f 2221 2222 2531
f 1119 2469 1787
f 1787 2469 1388
f 2265 2225 2285
f 2343 2226 2448
f 1724 2227 1695
f 2359 2253 2360
f 2360 2253 2532
f 2229 2228 2158
f 2158 2228 2156
f 2055 2533 1130
f 2028 2335 1767
f 1916 2534 2327
f 2535 2536 2504
f 2163 2236 626
f 1924 2537 1925
f 1925 2537 2538
f 492 2483 988
f 988 2483 1694
f 2311 2539 2540
f 1471 2237 1352
f 1352 2237 1960
f 2531 1840 2221
f 2221 1840 1841
f 1662 2541 330
f 330 2541 2511
f 2257 2240 2501
f 2520 2241 2472
f 1149 2135 2136
f 1491 2223 2222
f 1772 2243 175
f 175 2243 2542
f 1102 2413 1942
f 2171 2246 2543
f 2231 2248 2232
f 1859 2250 668
f 1540 2412 1633
f 2207 2532 2253
f 2255 2254 2544
f 1100 2545 1667
f 2012 2384 1353
f 2443 2260 2507
f 1979 2262 1978
f 1576 2547 2161
f 1626 1922 1710
f 1710 1922 1921
f 1412 2548 1939
f 1939 2548 255
f 1887 1983 1982
f 2062 2363 1440
f 1789 2457 1957
f 1957 2457 2456
f 1790 2268 2199
f 2324 2528 2128
f 2128 2528 2198
f 1759 2549 1175
f 1175 2549 1043
f 469 2275 1812
f 1812 2275 1811
f 1433 1829 1830
f 1897 2279 1766
f 1757 2550 2188
f 2303 2280 2121
f 2121 2280 2091
f 1902 2526 2011
f 733 2283 1803
f 2029 2284 1297
f 1429 2353 2273
f 1662 1914 1423
f 2037 2286 2551
f 784 2288 1629
f 1816 2159 288
f 288 2159 2160
f 2290 2524 2185
f 1972 2514 1971
f 2293 2292 2552
f 1603 2292 1602
f 1034 2553 2038
f 2038 2553 2039
f 2087 1868 1735
f 1735 1868 1867
f 2043 1967 1761
f 1761 1967 1966
f 2158 2296 2408
f 1276 2319 2140
f 2140 2319 2193
f 2033 2554 1998
f 1998 2554 888
f 102 2113 2540
f 2540 2113 2112
f 356 2490 1824
f 413 2555 414
f 1895 1579 1578
f 448 2437 1403
f 1403 2437 1951
f 1536 2313 1437
f 2189 2314 2556
f 1891 2315 2437
f 2516 2320 2464
f 2464 2320 2319
f 2106 2088 1396
f 1396 2088 1963
f 1995 2321 2374
f 2374 2321 2506
f 2096 2551 1929
f 1929 2551 2286
f 2016 2323 1867
f 613 2484 2168
f 2168 2484 1699
f 496 2325 853
f 2059 2557 2110
f 2110 2557 2518
f 370 664 1020
f 1020 664 663
f 710 2559 711
f 711 2559 1772
f 640 2560 2545
f 1002 2332 1640
f 2230 2333 1989
f 1046 2200 1143
f 811 2440 812
f 812 2440 183
f 872 2529 1118
f 1118 2529 2336
f 992 2337 756
f 1361 2562 1412
f 1412 2562 2519
f 969 2410 2301
f 182 2339 183
f 206 2340 2326
f 1356 2563 1296
f 1311 2460 1045
f 1045 2460 2342
f 2360 2344 2358
f 1885 1821 1820
f 1483 2466 2346
f 1835 2347 696
f 1562 2473 2297
f 948 2494 1632
f 1632 2494 2351
f 1150 2566 1149
f 1149 2566 2527
f 400 2567 1646
f 1646 2567 2563
f 1583 1864 683
f 1414 2568 2239
f 2239 2568 1497
f 1408 2356 1788
f 1899 2357 2495
f 1959 2358 2344
f 1272 2361 2138
f 330 2365 331
f 331 2365 522
f 895 2366 606
f 1006 1487 28
f 338 2369 1219
f 1481 2454 2190
f 2190 2454 2370
f 1866 2570 1383
f 1383 2570 1889
f 1993 2488 2166
f 1916 2449 643
f 333 2571 1203
f 1203 2571 1204
f 1912 2375 1753
f 1753 2375 1754
f 1950 2377 1655
f 1644 2379 2209
f 1401 2381 2324
f 1401 2382 2381
f 2378 2385 2555
f 1658 2386 1820
f 1756 2388 1757
f 2181 2387 2279
f 2165 2556 1574
f 2531 2376 1912
f 1912 2376 2375
f 2233 2572 909
f 1049 2393 1047
f 777 2394 778
f 1289 2575 1287
f 1287 2575 2432
f 1781 2383 2398
f 1838 2383 1839
f 1838 2398 2383
f 2242 2521 2247
f 89 2542 2022
f 2022 2542 2243
f 1282 2399 858
f 1154 2400 1084
f 1402 2401 2247
f 971 2403 1628
f 2177 2405 776
f 2263 1682 1555
f 1555 1682 1681
f 2263 2406 1682
f 1134 2086 1380
f 1980 2576 2239
f 2239 2576 1414
f 1774 2252 1640
f 1640 2252 2251
f 2155 2157 2156
f 2173 2538 1519
f 2535 2409 2539
f 1680 2103 1999
f 1999 2103 2102
f 1801 2238 2204
f 2204 2238 2237
f 77 2577 2452
f 1874 2414 2373
f 2155 2415 1818
f 1311 2419 913
f 2029 2420 2421
f 1883 2421 2420
f 775 2422 2578
f 1180 2578 2480
f 2480 2578 2422
f 1018 2424 2036
f 1164 2427 1181
f 1181 2427 1666
f 1189 2428 885
f 885 2428 229
f 2205 2430 2290
f 2235 2552 1603
f 1603 2552 2292
f 1671 2433 1442
f 2523 2522 2185
f 2523 2435 2522
f 478 2123 2122
f 1999 2579 920
f 920 2579 2422
f 2008 2436 2286
f 2368 1978 2546
f 2439 2274 2457
f 1789 2439 2457
f 2442 166 802
f 1098 2442 802
f 1499 458 2195
f 1500 1499 2195
f 359 361 2145
f 223 359 2145
f 192 258 2441
f 190 192 2441
f 12 2140 2194
f 95 12 2194
f 2446 455 2169
f 2229 2446 2169
f 217 309 308
f 2257 217 308
f 2447 42 219
f 290 2447 219
f 2195 248 919
f 2196 2195 919
f 663 515 345
f 1020 663 345
f 2448 869 1023
f 2343 2448 1023
f 2299 619 967
f 271 2299 967
f 2442 1098 2325
f 496 2442 2325
f 1977 2453 2316
f 502 397 396
f 939 502 396
f 1225 1399 1459
f 1501 1225 1459
f 1346 671 1539
f 2477 1346 1539
f 2453 1977 2342
f 859 2453 2342
f 833 832 2065
f 488 833 2065
f 2334 1920 1922
f 1626 2334 1922
f 2208 2580 778
f 625 624 866
f 2132 625 866
f 2370 627 2279
f 1897 2370 2279
f 2455 802 903
f 2197 2455 903
f 2455 2197 1051
f 1099 2455 1051
f 1126 76 839
f 478 1126 839
f 325 732 734
f 492 325 734
f 1896 1475 1474
f 1482 1896 1474
f 730 2106 2206
f 532 730 2206
f 2581 2307 2266
f 2073 2581 2266
f 2277 640 2545
f 1100 2277 2545
f 221 153 2462
f 222 221 2462
f 1151 956 1050
f 1592 1151 1050
f 2462 153 2366
f 895 2462 2366
f 2581 2073 2148
f 2463 1414 2576
f 2544 2463 2576
f 2301 2060 2202
f 969 2301 2202
f 2355 1144 1211
f 598 2355 1211
f 239 86 1842
f 451 239 1842
f 1270 256 2154
f 2464 1270 2154
f 2465 467 2039
f 1931 2465 2039
f 1750 2306 2485
f 645 1750 2485
f 882 881 2337
f 992 882 2337
f 1322 160 1297
f 1323 1322 1297
f 2346 749 2454
f 1481 2346 2454
f 1266 523 522
f 847 1266 522
f 2458 1818 2415
f 2197 2458 2415
f 801 1277 2458
f 903 801 2458
f 2461 2178 2010
f 1237 2461 2010
f 2444 1162 1163
f 2099 2470 2582
f 2472 688 2193
f 2345 1052 2583
f 1635 2345 2583
f 1426 1425 1602
f 2291 1426 1602
f 2475 1667 2584
f 1397 2475 2584
f 1546 1296 2563
f 2476 1415 2508
f 1895 2476 2508
f 2476 1895 1777
f 1413 2476 1777
f 2211 732 1936
f 1048 2211 1936
f 1535 1534 2255
f 1665 1535 2255
f 262 1635 2577
f 77 262 2577
f 2348 1434 2223
f 1491 2348 2223
f 1274 1372 1687
f 1615 1274 1687
f 1263 1497 2568
f 1696 1263 2568
f 1930 355 2465
f 1931 1930 2465
f 2349 1199 2517
f 1077 2349 2517
f 1616 1603 2313
f 1536 1616 2313
f 1711 1288 2260
f 2443 1711 2260
f 1580 977 1480
f 2094 1580 1480
f 1661 709 2332
f 1002 1661 2332
f 1145 1144 1892
f 1597 1145 1892
f 950 1438 1437
f 1601 950 1437
f 1578 398 1245
f 1846 1578 1245
f 1249 1756 1758
f 605 1249 1758
f 134 1594 2495
f 2267 2285 1886
f 1850 2267 1886
f 1940 135 2347
f 503 704 2254
f 504 996 1839
f 397 504 1839
f 1364 1629 2534
f 1916 1364 2534
f 1187 685 1780
f 1959 1187 1780
f 1295 1064 1910
f 2149 1295 1910
f 1079 1318 2487
f 1804 1482 1474
f 2018 2585 1921
f 1920 2018 1921
f 2489 191 190
f 2423 2489 190
f 1936 915 2515
f 1852 1936 2515
f 2486 1827 2057
f 2131 2486 2057
f 2411 1598 2502
f 1707 2411 2502
f 2586 2492 392
f 1863 1958 2433
f 1671 1863 2433
f 1044 2273 2419
f 1311 1044 2419
f 2014 1997 2500
f 1992 2014 2500
f 1877 860 2515
f 915 1877 2515
f 1918 2378 1350
f 1768 1918 1350
f 1773 1891 2437
f 448 1773 2437
f 1769 1813 1893
f 2130 400 399
f 2131 2130 399
f 1770 1769 1893
f 1660 1770 1893
f 2351 2259 2532
f 2207 2351 2532
f 2485 2306 1047
f 2139 2485 1047
f 2357 111 134
f 2495 2357 134
f 2439 1789 388
f 188 2439 388
f 2441 1178 2036
f 2423 2441 2036
f 1906 1787 1943
f 1473 1906 1943
f 1910 1819 1701
f 2317 1520 2537
f 1924 2317 2537
f 1553 1555 2305
f 2152 1553 2305
f 760 759 1379
f 2189 760 1379
f 1311 913 2460
f 1415 1696 2568
f 1414 1415 2568
f 2498 1171 2082
f 2107 1645 1817
f 1816 2107 1817
f 1737 1738 1938
f 1515 1737 1938
f 1410 2021 2356
f 1408 1410 2356
f 1122 1328 1569
f 2374 1122 1569
f 2095 1689 1944
f 2096 2095 1944
f 1912 1298 1840
f 2531 1912 1840
f 2499 161 668
f 1843 2499 668
f 2362 451 2250
f 1859 2362 2250
f 332 1786 2587
f 1662 332 2587
f 2066 2395 2588
f 2516 2520 2320
f 1385 127 129
f 138 1385 129
f 2245 2081 2244
f 1900 2245 2244
f 2580 2290 2430
f 2234 2242 2248
f 2231 2234 2248
f 2503 1452 1451
f 2224 2503 1451
f 2504 2301 2410
f 1765 2183 2213
f 1188 2109 2553
f 1034 1188 2553
f 2507 215 381
f 2443 2507 381
f 1923 1529 2326
f 2137 1923 2326
f 641 2192 620
f 642 641 620
f 1346 2477 1933
f 1932 1346 1933
f 1780 524 2063
f 2359 1780 2063
f 961 1597 2493
f 944 961 2493
f 2203 1592 1050
f 2067 2203 1050
f 2212 1048 1047
f 2306 2212 1047
f 2294 2312 2471
f 2172 2294 2471
f 2510 543 1762
f 1834 2510 1762
f 2511 1605 2365
f 330 2511 2365
f 2541 637 1310
f 2511 2541 1310
f 2102 2512 2579
f 1999 2102 2579
f 2085 2105 2104
f 1934 2085 2104
f 1472 1693 2225
f 2265 1472 2225
f 1746 1828 2486
f 1744 1746 2486
f 835 1419 1911
f 2076 835 1911
f 2119 113 158
f 2122 1526 476
f 478 2122 476
f 794 796 2124
f 2215 794 2124
f 1423 637 2541
f 1662 1423 2541
f 2513 1874 2269
f 2310 2513 2269
f 2251 926 1003
f 1640 2251 1003
f 1360 1939 128
f 127 1360 128
f 1908 2061 2288
f 784 1908 2288
f 1663 2001 2275
f 469 1663 2275
f 2012 152 2384
f 2016 1683 2323
f 2517 1832 2167
f 1077 2517 2167
f 2518 2187 2186
f 2110 2518 2186
f 2154 255 2548
f 2516 2154 2548
f 830 770 1983
f 1887 830 1983
f 1083 1131 2547
f 1576 1083 2547
f 1195 935 2266
f 2307 1195 2266
f 2234 2231 2509
f 2235 2234 2509
f 2220 660 1016
f 746 2220 1016
f 1964 2272 2475
f 1397 1964 2475
f 2519 2516 2548
f 1412 2519 2548
f 1207 1609 2281
f 1624 1207 2281
f 2527 2192 2135
f 1149 2527 2135
f 2447 290 2533
f 2055 2447 2533
f 2129 729 982
f 2068 2129 982
f 1815 1117 2159
f 1816 1815 2159
f 1450 1452 2493
f 1892 1450 2493
f 2478 2075 2336
f 2477 2478 2336
f 2468 1159 2314
f 2189 2468 2314
f 1159 935 1196
f 2153 1159 1196
f 980 825 2353
f 1429 980 2353
f 1318 1139 1204
f 2557 896 2205
f 2518 2557 2205
f 2099 2098 2471
f 2470 2099 2471
f 1169 1076 1309
f 1606 1917 2088
f 2106 1606 2088
f 2018 2017 2219
f 2585 2018 2219
f 1873 2094 1480
f 2019 1873 1480
f 2469 1119 2399
f 1282 2469 2399
f 1853 1489 1563
f 1049 1853 1563
f 2226 10 1703
f 2448 2226 1703
f 2253 2359 2063
f 2071 2253 2063
f 2361 1802 1856
f 2138 2361 1856
f 2335 2028 2503
f 2224 2335 2503
f 2483 492 734
f 1805 2483 734
f 2535 2539 2328
f 2237 1471 1943
f 2204 2237 1943
f 1905 375 374
f 5 1905 374
f 343 511 393
f 1668 343 393
f 2177 2176 2425
f 360 362 1747
f 527 360 1747
f 2413 1102 1104
f 1790 2413 1104
f 2412 1540 1730
f 1770 2412 1730
f 1903 2291 2338
f 1901 1903 2338
f 2008 2037 2416
f 2006 2008 2416
f 2260 441 498
f 2507 2260 498
f 1904 633 2167
f 2101 1904 2167
f 2510 1834 2340
f 206 2510 2340
f 1018 232 2424
f 2363 2062 322
f 2318 2363 322
f 2100 252 2589
f 2115 2100 2589
f 1608 1564 2408
f 2549 1759 1886
f 2111 2549 1886
f 2142 2132 866
f 475 2142 866
f 2550 1757 2388
f 2280 2303 2390
f 1708 2280 2390
f 2259 2011 2526
f 2525 2259 2526
f 2526 1902 2226
f 2343 2526 2226
f 1622 1624 2281
f 1984 1622 2281
f 1988 2153 1196
f 1655 1988 1196
f 2265 2267 1907
f 1473 2265 1907
f 2046 1772 2559
f 1972 2046 2559
f 2524 2208 2209
f 2523 2524 2209
f 2514 1972 2559
f 710 2514 2559
f 1692 1971 2514
f 2148 1692 2514
f 2293 560 2338
f 2291 2293 2338
f 2553 2109 2095
f 2039 2553 2095
f 1868 2087 2086
f 1869 1868 2086
f 1967 2043 2398
f 1838 1967 2398
f 2319 1276 1271
f 2464 2319 1271
f 2555 413 1350
f 2378 2555 1350
f 2153 1574 2556
f 2314 2153 2556
f 2586 2432 2582
f 2492 2586 2582
f 2533 290 2590
f 2228 1875 2373
f 2156 2228 2373
f 2364 2586 392
f 1097 2364 392
f 1778 1333 2126
f 2143 1778 2126
f 2551 2096 1944
f 2037 2551 1944
f 355 2482 2490
f 356 355 2490
f 2130 1677 2567
f 400 2130 2567
f 2484 613 15
f 17 2484 15
f 2557 2059 897
f 896 2557 897
f 369 529 664
f 370 369 664
f 2329 2328 2372
f 766 1302 2382
f 568 533 2560
f 640 568 2560
f 2200 1046 705
f 387 2200 705
f 831 403 2334
f 1531 831 2334
f 861 776 2405
f 600 861 2405
f 1896 1767 2335
f 1475 1896 2335
f 2440 811 365
f 184 2440 365
f 1402 2247 2562
f 1361 1402 2562
f 103 102 2410
f 969 103 2410
f 2340 1833 2137
f 2326 2340 2137
f 857 858 2399
f 535 857 2399
f 1355 1646 2563
f 1356 1355 2563
f 1395 1397 2584
f 341 916 2345
f 434 341 2345
f 1821 1947 1275
f 1074 1821 1275
f 1638 1954 2403
f 971 1638 2403
f 1330 1642 2348
f 822 1330 2348
f 2473 1562 1251
f 686 2473 1251
f 653 1549 2349
f 1078 653 2349
f 2566 297 621
f 2527 2566 621
f 1831 1637 1982
f 1329 1831 1982
f 1643 409 2379
f 1644 1643 2379
f 1659 1593 2352
f 2512 1659 2352
f 1687 1492 443
f 280 1687 443
f 1037 2273 2353
f 824 1037 2353
f 892 297 2566
f 1150 892 2566
f 2567 1677 1546
f 2563 2567 1546
f 1673 1675 2415
f 2155 1673 2415
f 1259 1655 2377
f 1918 1259 2377
f 1633 2271 1111
f 266 1633 1111
f 1451 1450 2355
f 2499 1843 1844
f 1382 1833 1966
f 998 1382 1966
f 497 1279 2369
f 338 497 2369
f 1508 1809 2357
f 1899 1508 2357
f 1571 1432 1830
f 1740 1571 1830
f 891 2134 2571
f 333 891 2571
f 2327 2329 2449
f 1916 2327 2449
f 1417 2256 2570
f 1866 1417 2570
f 1201 1430 2361
f 1272 1201 2361
f 151 150 2362
f 647 151 2362
f 1794 2032 1700
f 974 1794 1700
f 957 1783 2368
f 958 957 2368
f 1400 2128 1487
f 1006 1400 1487
f 1611 1782 2495
f 1594 1611 2495
f 2570 2256 2297
f 1889 2570 2297
f 1347 1932 2104
f 1915 1347 2104
f 2298 2166 2488
f 2487 2298 2488
f 2488 1993 1514
f 1512 2488 1514
f 72 390 1841
f 367 72 1841
f 2571 2134 2298
f 1204 2571 2298
f 1872 1649 1921
f 2585 1872 1921
f 1979 1754 2375
f 2261 1979 2375
f 2209 2379 2523
f 361 460 2431
f 1354 1353 2384
f 907 1354 2384
f 2385 680 414
f 2555 2385 414
f 2394 1644 2208
f 778 2394 2208
f 1650 2125 2386
f 1658 1650 2386
f 604 606 2430
f 2205 604 2430
f 2388 1756 1718
f 1766 2388 1718
f 1255 2189 2556
f 2165 1255 2556
f 2232 2248 2402
f 2302 2261 2376
f 2002 909 2572
f 2572 2233 1829
f 2583 1052 2428
f 1730 1556 2394
f 777 1730 2394
f 2575 1289 1595
f 2099 2575 1595
f 1956 913 2419
f 1039 1956 2419
f 2316 1666 2427
f 1977 2316 2427
f 2504 2536 2287
f 2288 2287 2536
f 1515 2397 2396
f 1737 1515 2396
f 2562 2247 2521
f 2519 2562 2521
f 2521 2242 2241
f 2520 2521 2241
f 2003 527 2392
f 1975 2003 2392
f 2400 718 2216
f 1084 2400 2216
f 2401 2402 2248
f 2247 2401 2248
f 2016 1869 2404
f 1681 2016 2404
f 1133 1869 2086
f 1134 1133 2086
f 2576 1980 2047
f 2544 2576 2047
f 2020 2164 2252
f 1774 2020 2252
f 2296 1985 1984
f 2157 2048 2296
f 2158 2157 2296
f 1176 2048 2157
f 2155 1176 2157
f 1520 1519 2538
f 2537 1520 2538
f 2538 2173 1065
f 1925 2538 1065
f 2409 102 2540
f 2539 2409 2540
f 2180 1739 2103
f 1680 2180 2103
f 2238 1801 2074
f 1960 2238 2074
f 796 795 2411
f 1234 796 2411
f 2271 1633 2412
f 1660 2271 2412
f 2583 1618 2577
f 1635 2583 2577
f 2575 2099 2582
f 2432 2575 2582
f 1957 1942 2413
f 1789 1957 2413
f 2414 1673 2156
f 2373 2414 2156
f 1537 287 2160
f 1116 1537 2160
f 2381 2426 2324
f 2144 361 2431
f 2481 2512 2352
f 2309 2481 2352
f 1950 2307 2322
f 1951 1950 2322
f 2422 2579 2480
f 1499 1501 1459
f 1890 1499 1459
f 308 1690 2240
f 2257 308 2240
f 374 740 1504
f 5 374 1504
f 399 2142 2141
f 2131 399 2141
f 839 840 2123
f 478 839 2123
f 893 223 2145
f 894 893 2145
f 893 780 221
f 223 893 221
f 2581 709 2322
f 2307 2581 2322
f 1016 900 2136
f 746 1016 2136
f 2277 1505 1533
f 698 2277 1533
f 1104 2090 2268
f 1790 1104 2268
f 1441 1440 1220
f 1219 1441 1220
f 1436 1590 2389
f 2467 1436 2389
f 2380 2585 2219
f 1336 2380 2219
f 1388 2204 1943
f 1787 1388 1943
f 1405 1420 1889
f 1441 1550 1695
f 1439 1441 1695
f 1454 1796 1911
f 1419 1454 1911
f 2211 2212 2283
f 733 2211 2283
f 1563 2089 2393
f 1049 1563 2393
f 1930 1929 2497
f 2482 1930 2497
f 2330 2310 2269
f 1694 1805 1804
f 1474 1694 1804
f 1699 1878 2049
f 2168 1699 2049
f 1747 1570 2391
f 1780 2359 2358
f 1959 1780 2358
f 2496 1483 1804
f 1803 2496 1804
f 2543 2329 2372
f 2171 2543 2372
f 1842 1845 1844
f 1843 1842 1844
f 2497 1929 2286
f 1933 2498 2082
f 1934 1933 2082
f 1949 2378 2377
f 1950 1949 2377
f 2378 1949 2385
f 1976 2402 2421
f 1883 1976 2421
f 1976 2072 2232
f 2402 1976 2232
f 2500 2588 2395
f 2397 2500 2395
f 2303 2505 2262
f 2065 2066 2588
f 488 2065 2588
f 2114 1246 2227
f 1724 2114 2227
f 2126 1712 1163
f 2143 2126 1163
f 2513 1674 2414
f 1874 2513 2414
f 2244 2108 2406
f 2263 2244 2406
f 2525 2343 2344
f 2360 2525 2344
f 1130 2533 2590
f 1132 1130 2590
f 2327 2534 2536
f 2236 2163 2391
f 1570 2236 2391
f 2584 1667 2545
f 2560 2584 2545
f 2161 2547 2590
f 2363 2364 1220
f 1440 2363 1220
f 2284 2029 2401
f 1402 2284 2401
f 1914 1662 2587
f 1579 1895 2508
f 2315 1891 2385
f 1949 2315 2385
f 2328 2327 2536
f 2535 2328 2536
f 2269 2331 2330
f 2587 1786 2330
f 2331 2587 2330
f 2333 2230 2400
f 1154 2333 2400
f 2560 533 1395
f 2584 2560 1395
f 2355 1864 1451
f 2387 2181 2550
f 2388 2387 2550
f 2392 527 1747
f 2391 2392 1747
f 2405 2177 2425
f 599 2405 2425
f 2408 2296 1984
f 1608 2408 1984
f 2409 2535 2504
f 2410 2409 2504
f 2420 2499 1844
f 1883 2420 1844
f 2435 1849 2289
f 2522 2435 2289
f 2435 2523 2379
f 1847 2435 2379
f 104 1596 2113
f 102 104 2113
f 2404 1133 1861
f 2509 2293 2552
f 2235 2509 2552
f 1997 488 2588
f 2500 1997 2588
f 2506 67 1123
f 1122 2506 1123
f 2222 1436 2467
f 2531 2222 2467
f 2236 2188 2550
f 2424 232 599
f 2425 2424 599
f 91 175 2542
f 89 91 2542
f 506 505 2339
f 182 506 2339
f 126 124 1769
f 777 126 1769
f 22 210 2300
f 489 1500 2196
f 490 489 2196
f 2114 2115 2589
f 2445 2114 2589
f 252 251 2445
f 2589 252 2445
f 637 636 1165
f 1310 637 1165
f 2452 2316 2453
f 77 2452 2453
f 1547 1676 2436
f 2008 1547 2436
f 1180 331 2578
f 523 775 2578
f 331 523 2578
f 740 928 68
f 1503 740 68
f 700 2456 906
f 701 700 906
f 889 888 2554
f 2264 889 2554
f 2463 2544 2254
f 704 2463 2254
f 1115 921 925
f 1116 1115 925
f 1171 2498 2529
f 872 1171 2529
f 2461 586 2276
f 2178 2461 2276
f 2456 700 1517
f 1957 2456 1517
f 1325 766 2382
f 1401 1325 2382
f 570 473 2466
f 2249 570 2466
f 533 532 2206
f 1395 533 2206
f 2467 2302 2376
f 2531 2467 2376
f 1215 22 2300
f 334 1215 2300
f 2207 1851 1294
f 1632 2207 1294
f 2446 2229 2408
f 1564 2446 2408
f 1425 1424 2494
f 948 1425 2494
f 1802 1768 1351
f 629 1802 1351
f 2481 2480 2579
f 2512 2481 2579
f 1722 1999 591
f 1600 1722 591
f 869 1703 2191
f 870 869 2191
f 678 1628 2323
f 1683 678 2323
f 2480 2308 1180
f 2350 1559 452
f 6 2350 452
f 1302 1303 1872
f 2268 1143 2200
f 2199 2268 2200
f 44 1194 2024
f 389 44 2024
f 448 889 1974
f 1773 448 1974
f 748 2543 2246
f 746 748 2246
f 544 1702 1941
f 1706 544 1941
f 1862 1925 1065
f 1067 1862 1065
f 1696 1697 1946
f 1948 1696 1946
f 1147 1857 2383
f 1781 1147 2383
f 2585 2380 1302
f 1872 2585 1302
f 2066 1169 1309
f 2395 2066 1309
f 2496 2249 2466
f 1483 2496 2466
f 2058 1827 2491
f 2497 2058 2491
f 912 1898 2460
f 913 912 2460
f 1562 2297 1793
f 1792 1562 1793
f 1528 1765 2213
f 1527 1528 2213
f 2586 2364 2318
f 2432 2586 2318
f 2580 2208 2524
f 2290 2580 2524
f 2502 1293 148
f 1707 2502 148
f 602 1737 2396
f 1309 602 2396
f 67 2506 2321
f 68 67 2321
f 2051 68 2321
f 4 10 2434
f 1905 4 2434
f 2306 1750 2249
f 2282 2306 2249
f 1907 2267 1409
f 1408 1907 1409
f 1221 1043 2549
f 2111 1221 2549
f 2311 2540 2112
f 2312 2311 2112
f 1995 1996 2052
f 2051 1995 2052
f 2182 2179 2178
f 2276 2182 2178
f 1992 2397 1993
f 2175 2264 2554
f 2033 2175 2554
f 1653 2186 2522
f 2289 1653 2522
f 2525 2360 2532
f 2259 2525 2532
f 501 1462 2214
f 2093 501 2214
f 1115 1117 1815
f 2152 1115 1815
f 933 1159 2468
f 2077 933 2468
f 1514 1993 2397
f 1515 1514 2397
f 2534 1629 2288
f 2536 2534 2288
f 2543 748 2449
f 2329 2543 2449
f 2135 2192 641
f 747 2135 641
f 1618 2583 2428
f 1189 1618 2428
f 2547 1131 1132
f 2590 2547 1132
f 2170 2220 2246
f 2171 2170 2246
f 2489 2423 2425
f 2176 2489 2425
f 1304 2528 1191
f 2035 875 906
f 2274 2035 906
f 179 2015 323
f 1264 179 323
f 1495 2022 2243
f 2046 1495 2243
f 2490 2482 1826
f 1822 2490 1826
f 1884 1947 1821
f 1885 1884 1821
f 1615 279 2119
f 158 1615 2119
f 153 154 2367
f 2366 153 2367
f 1487 2128 2198
f 344 1487 2198
f 2289 2374 1569
f 1653 2289 1569
f 2546 1978 2262
f 2505 2546 2262
f 2181 626 2236
f 2550 2181 2236
f 1138 1509 2123
f 840 1138 2123
f 2436 2058 2497
f 2286 2436 2497
f 393 392 2492
f 1668 393 2492
f 709 2581 2148
f 710 709 2148
f 2224 1451 1864
f 1583 2224 1864
f 2492 2582 2470
f 2000 2492 2470
f 2149 1910 1701
f 1994 2149 1701
f 1941 1940 2347
f 1835 1941 2347
f 2501 2572 1829
f 1433 2501 1829
f 2305 2404 1861
f 2152 2305 1861
f 2473 1405 1889
f 2297 2473 1889
f 2331 2258 1914
f 2587 2331 1914
f 1590 1708 2390
f 2389 1590 2390
f 778 2580 154
f 126 778 154
f 2444 1163 1712
f 2443 2444 1712
f 2472 2193 2320
f 2520 2472 2320
f 1522 1167 1513
f 1938 1522 1513
f 2487 1318 1204
f 2298 2487 1204
f 2203 2513 2310
f 2309 2203 2310
f 2580 2430 2367
f 154 2580 2367
f 939 396 1579
f 2508 939 1579
f 2539 2311 2372
f 2328 2539 2372
f 1618 1112 2452
f 2577 1618 2452
f 1786 1180 2308
f 2330 1786 2308
f 986 2384 152
f 151 986 152
f 1934 2082 2245
f 2085 1934 2245
f 2572 2501 2240
f 2002 2572 2240
f 2426 1191 2528
f 2324 2426 2528
f 2544 2047 1651
f 2255 2544 1651
f 2590 290 289
f 2161 2590 289
f 833 488 490
f 1793 833 490
f 856 718 2230
f 2182 856 2230
f 2241 2133 689
f 2472 2241 689
f 241 152 2012
f 1157 241 2012
f 1336 2426 2381
f 2380 1336 2381
f 1053 2444 381
f 380 1053 381
f 407 2191 11
f 452 407 11
f 1905 2434 1901
f 375 1905 1901