v -1.075633 -1.013677 0.683343
v -1.040746 -1.025507 0.657287
v -1.039209 -1.009923 0.727219
v -1.010126 -1.030969 0.619244
v -1.032975 -1.019661 0.589399
v -1.007905 -1.020838 0.691545
v -1.096741 -1.004857 0.621353
v -1.063897 -1.016084 0.605575
v -1.024127 -1.006872 0.550217
v -1.058466 -0.995221 0.547096
v -1.130111 -0.985475 0.640036
v -1.105692 -0.993466 0.707207
v -0.892542 -0.671204 0.725702
v -0.917828 -0.646735 0.724879
v -0.928410 -0.719438 0.774275
v -0.947036 -0.625861 0.717611
v -0.985391 -0.673479 0.768834
v -0.883599 -0.608833 0.676427
v -0.861361 -0.635760 0.677908
v -0.901621 -0.742946 0.774109
v -0.956199 -0.695551 0.776531
v -0.964580 -0.774386 0.803631
v -0.934417 -0.794720 0.798883
v 0.501049 -1.009102 -0.211474
v 0.513655 -0.982991 -0.243273
v 0.556448 -1.022066 -0.198606
v 0.581611 -0.959285 -0.246912
v 0.569274 -0.992586 -0.226923
v 0.527494 -0.949061 -0.263423
v 0.466175 -0.946346 -0.226579
v 0.479588 -0.915695 -0.246542
v 0.715963 -0.792913 -0.194375
v 0.730527 -0.831282 -0.182393
v 0.696244 -0.800926 -0.210664
v 0.735503 -0.788522 -0.176478
v 0.749628 -0.827171 -0.163518
v 0.741336 -0.869040 -0.170791
v 0.761541 -0.863582 -0.149665
v 0.696209 -0.751431 -0.206694
v 0.674089 -0.761360 -0.219793
v 0.654266 -0.773302 -0.231439
v 0.709030 -0.837765 -0.201006
v 0.674444 -0.811943 -0.226085
v 0.685524 -0.883790 -0.213637
v 0.683058 -0.847617 -0.219653
v 0.716606 -0.875494 -0.191835
v 0.635041 -0.723680 -0.205849
v 0.614669 -0.736394 -0.218646
v 0.656191 -0.713189 -0.191507
v 0.716519 -0.744432 -0.186701
v -1.215544 -0.738938 0.697527
v -1.209531 -0.723753 0.726058
v -1.201823 -0.682332 0.626561
v -1.213068 -0.795525 0.738169
v -1.198239 -0.787841 0.774157
v -1.173226 -0.846353 0.796512
v -1.149317 -0.840284 0.821566
v -1.191729 -0.709694 0.745884
v -1.176200 -0.778861 0.794402
v -0.851329 -0.724761 0.716906
v -0.871208 -0.698113 0.723803
v -0.874905 -0.764114 0.762882
v -0.844435 -0.665814 0.677887
v 0.528464 -1.067368 -0.124782
v 0.519994 -1.081522 -0.077953
v 0.474059 -1.047960 -0.126053
v 0.511932 -1.088892 -0.035491
v 0.467680 -1.058400 -0.075968
v 0.433616 -1.007731 -0.108541
v 0.567212 -1.090885 -0.050746
v 0.579198 -1.075733 -0.095131
v 0.542697 -1.048285 -0.163389
v 0.487046 -1.031757 -0.173510
v 0.592859 -1.054356 -0.135643
v 0.441616 -0.992709 -0.156950
v -1.214522 -0.787827 0.672586
v -1.196506 -0.845174 0.753522
v -1.201989 -0.744255 0.594167
v -1.198145 -0.789937 0.591124
v -1.213068 -0.743597 0.659321
v -1.202698 -0.707339 0.604674
v -1.013584 -0.654531 0.758926
v -1.033737 -0.631367 0.742097
v -1.054538 -0.694969 0.790170
v -1.025920 -0.726038 0.799064
v -1.107473 -0.665422 0.766238
v -1.091740 -0.725623 0.803119
v -1.071630 -0.650177 0.759205
v -1.062796 -0.770166 0.819852
v -1.051722 -0.598604 0.702170
v -0.978827 -0.609145 0.709238
v -0.995208 -0.751104 0.804006
v -0.859854 -0.971545 0.697037
v -0.839945 -0.932965 0.713754
v -0.886103 -0.962052 0.730929
v -0.910651 -0.947852 0.761999
v -0.939468 -0.982084 0.744081
v -0.913951 -0.992994 0.707068
v -0.862443 -0.921008 0.746612
v -0.839066 -0.875748 0.744744
v -0.884538 -0.903833 0.770146
v -0.832930 -0.894116 0.730103
v -1.119973 -0.890835 0.832364
v -1.091817 -0.874147 0.844315
v -1.152981 -0.765891 0.806411
v -1.123948 -0.826103 0.832369
v -1.062279 -0.845049 0.841506
v -1.095515 -0.803114 0.831473
v -0.836177 -0.815330 0.736225
v -0.853529 -0.788561 0.748694
v -0.857147 -0.854420 0.764362
v -0.908597 -0.885122 0.789921
v -0.936608 -0.933201 0.790327
v -0.879714 -0.832922 0.777123
v -0.967014 -0.970491 0.779304
v -0.965238 -0.917668 0.813634
v -0.996460 -0.956302 0.808947
v -1.068972 -0.992734 0.756673
v -1.134017 -0.965635 0.727313
v -1.097286 -0.968119 0.779755
v -1.031327 -0.981444 0.790752
v -1.061095 -0.959997 0.814584
v -1.001657 -0.996101 0.758957
v -1.161402 -0.956140 0.656721
v -1.185058 -0.917582 0.670630
v -1.124965 -0.956774 0.564154
v -1.152578 -0.924708 0.575015
v -1.175124 -0.884721 0.583084
v -1.178745 -0.890401 0.752276
v -1.200235 -0.872678 0.676094
v -1.158049 -0.931115 0.743665
v -1.123630 -0.936170 0.795842
v -1.211885 -0.829015 0.677208
v -0.972327 -1.006204 0.720361
v -1.092460 -0.979177 0.552761
v -0.945834 -1.015793 0.679046
v -0.979237 -1.030150 0.647376
v -1.124977 -0.747854 0.808593
v -1.091841 -0.607060 0.703970
v -1.030298 -0.803282 0.826673
v -1.028799 -0.876494 0.841193
v -0.905674 -0.813729 0.789331
v -0.935645 -0.867955 0.806167
v -1.168173 -0.696399 0.758998
v -1.156871 -0.631582 0.688841
v -1.180001 -0.645895 0.672571
v -1.194982 -0.662617 0.650983
v -1.127760 -0.618409 0.700073
v -1.141682 -0.678991 0.766495
v -1.148589 -0.895912 0.802371
v -0.997577 -0.829246 0.826159
v -0.888040 -1.000267 0.668693
v -0.840838 -0.962361 0.657615
v -0.921047 -1.019758 0.635114
v -0.866473 -0.984237 0.625460
v -0.965478 -0.850024 0.818871
v -0.996132 -0.899832 0.831424
v -1.027575 -0.937429 0.831148
v -1.059434 -0.910716 0.843547
v -1.090483 -0.930329 0.829161
v 0.630805 -0.960436 -0.219643
v 0.619780 -0.995253 -0.199179
v 0.606707 -1.026944 -0.171011
v 0.540102 -0.912066 -0.273840
v 0.588591 -1.068417 0.193676
v 0.558132 -1.080848 0.159040
v 0.621631 -1.083750 0.154137
v 0.550114 -1.027182 0.218682
v 0.521268 -1.036762 0.184142
v 0.651618 -1.067526 0.182441
v 0.561706 -1.099331 0.081372
v 0.590475 -1.094587 0.120048
v 0.529567 -1.085311 0.118293
v 0.620224 -1.096665 0.076160
v 0.650859 -1.085739 0.111328
v 0.536026 -1.100047 0.040794
v 0.504808 -1.083964 0.074422
v 0.494318 -1.042388 0.144589
v 0.470644 -1.042169 0.100206
v 0.654715 -1.027396 -0.138724
v 0.640266 -0.924233 -0.232297
v 0.593315 -0.924225 -0.258561
v 0.646310 -0.888195 -0.238732
v 0.600715 -0.887359 -0.262914
v 0.549746 -0.871914 -0.271837
v 0.608299 -0.854442 -0.264316
v 0.492333 -0.881938 -0.256885
v 0.770770 -0.731388 -0.108914
v 0.782576 -0.773878 -0.113387
v 0.755925 -0.734017 -0.139577
v 0.739128 -0.692280 -0.091745
v 0.784664 -0.734141 -0.074910
v 0.769509 -0.780129 -0.135724
v 0.735835 -0.738877 -0.164143
v 0.719679 -0.694058 -0.123733
v 0.793418 -0.805883 -0.099460
v 0.781399 -0.817032 -0.122191
v 0.766588 -0.823164 -0.143560
v 0.792948 -0.765741 -0.089835
v 0.801173 -0.782794 -0.076334
v 0.801606 -0.747875 -0.050254
v 0.812729 -0.799449 -0.051327
v 0.818403 -0.775050 0.008151
v 0.820077 -0.816201 -0.024588
v 0.815347 -0.761298 -0.022038
v 0.812955 -0.848325 -0.054716
v 0.804885 -0.827864 -0.078402
v 0.793541 -0.846485 -0.104129
v 0.802445 -0.872253 -0.082557
v 0.820413 -0.791504 0.038130
v 0.816871 -0.869157 -0.027914
v 0.705992 -1.020261 0.214525
v 0.678199 -1.010790 0.251990
v 0.680634 -1.046784 0.202639
v 0.708061 -1.045426 0.160373
v 0.680510 -1.068213 0.140176
v 0.731687 -1.017143 0.175314
v 0.749977 -0.984744 0.187239
v 0.726276 -0.990305 0.221855
v 0.700009 -0.979983 0.253177
v 0.734583 -1.037069 0.115618
v 0.707979 -1.061417 0.092857
v 0.651149 -1.036992 0.243104
v 0.619840 -1.054547 0.222611
v 0.609153 -0.995010 0.264580
v 0.579839 -1.013658 0.246111
v 0.661634 -0.941841 0.275048
v 0.636422 -0.970818 0.274163
v 0.625280 -1.078327 -0.058610
v 0.640709 -1.056080 -0.101669
v 0.588422 -1.100934 0.036610
v 0.555048 -1.099670 -0.003404
v 0.608523 -1.093682 -0.011610
v 0.645077 -1.089930 0.028165
v 0.666000 -1.074956 -0.020430
v 0.753207 -0.784510 -0.156574
v 0.698873 -0.698332 -0.151040
v 0.646815 -0.820469 -0.242047
v 0.632646 -0.783596 -0.240391
v 0.649339 -0.853842 -0.240989
v 0.510550 -1.093518 0.011282
v 0.485515 -1.078801 0.029052
v 0.778524 -0.897551 0.206916
v 0.752066 -0.920274 0.234713
v 0.779464 -0.934030 0.174753
v 0.771005 -0.971112 0.152090
v 0.760024 -0.949213 0.203912
v 0.721245 -0.946800 0.249588
v 0.738909 -0.964766 0.227265
v 0.714304 -0.881267 0.253161
v 0.796479 -0.874134 0.173968
v 0.796661 -0.915183 0.140199
v 0.739545 -0.854074 0.228698
v 0.759925 -0.828415 0.199962
v 0.789201 -0.953887 0.113936
v 0.803534 -0.934239 0.074574
v 0.611932 -0.823479 -0.261585
v 0.607825 -0.791703 -0.248198
v 0.578115 -0.772962 -0.240958
v 0.567894 -0.802295 -0.254669
v 0.594211 -0.751451 -0.229322
v 0.677694 -0.704388 -0.173922
v 0.452881 -0.972210 -0.196646
v 0.472075 -1.069402 -0.024025
v 0.450816 -1.039081 0.052064
v 0.823527 -0.854076 0.034537
v 0.823112 -0.834267 0.003696
v 0.822846 -0.810662 0.069868
v 0.791136 -0.762810 0.102124
v 0.817465 -0.890997 0.002592
v 0.789634 -0.729729 0.038759
v 0.783859 -0.717313 0.006541
v 0.757385 -0.695880 -0.056731
v 0.772753 -0.705627 -0.024800
v 0.683627 -1.052365 -0.065784
v 0.436967 -1.031542 -0.000536
v 0.431176 -1.020450 -0.055130
v 0.683018 -0.920824 -0.205113
v 0.718932 -0.913809 -0.179956
v 0.747552 -0.906671 -0.156211
v 0.716341 -0.952215 -0.162640
v 0.748724 -0.944105 -0.136051
v 0.770133 -0.898867 -0.132700
v 0.559587 -0.835868 -0.266318
v 0.755701 -1.006364 0.134188
v 0.757423 -1.021573 0.069747
v 0.807197 -0.897378 -0.056970
v 0.793131 -0.918378 -0.084179
v 0.779064 -0.857238 -0.127876
v 0.788310 -0.888455 -0.108511
v 0.774016 -0.933358 -0.110196
v 0.792994 -0.947758 -0.053893
v 0.807646 -0.922508 -0.026506
v 0.772248 -0.966796 -0.080833
v 0.809711 -0.894995 0.103813
v 0.808595 -0.851770 0.138549
v 0.774667 -0.804472 0.167632
v 0.820485 -0.830695 0.104600
v 0.818806 -0.873856 0.068416
v 0.676536 -0.957914 -0.190722
v 0.667111 -0.994215 -0.168606
v 0.677902 -1.079210 0.063882
v 0.732220 -1.046700 0.044843
v 0.701424 -1.064471 0.015026
v 0.720555 -1.042195 -0.031874
v 0.764623 -0.997893 -0.044449
v 0.751164 -1.025111 -0.001942
v 0.735019 -1.013578 -0.073762
v 0.776464 -0.990170 0.091728
v 0.792252 -0.970061 0.049229
v 0.775026 -1.000771 0.024601
v 0.812907 -0.912808 0.036967
v 0.698115 -1.023214 -0.105459
v 0.786996 -0.975660 -0.017243
v 0.802657 -0.947050 0.009183
v 0.744493 -0.980271 -0.108733
v 0.709291 -0.989240 -0.138040
v -0.989881 -1.017102 0.568512
v 0.503981 -0.845886 -0.257439
v -0.955482 -1.023491 0.598073
v -0.898545 -0.997105 0.590496
v -1.189469 -0.837902 0.588007
v 0.791571 -0.744827 0.070394
v -0.593720 -0.306465 -0.134196
v -0.645022 -0.298059 -0.130154
v -0.612197 -0.274484 -0.147608
v -0.627648 -0.333241 -0.115296
v -0.564163 -0.284409 -0.160946
v -0.581085 -0.248163 -0.174684
v -0.682070 -0.228222 -0.153137
v -0.631783 -0.240735 -0.160571
v -0.663081 -0.263437 -0.142324
v -0.736697 -0.216747 -0.149958
v -0.719051 -0.253327 -0.140872
v -0.004005 0.594397 -0.262192
v -0.023468 0.618133 -0.233914
v 0.020336 0.595903 -0.222122
v -0.022030 0.633935 -0.169037
v -0.000689 0.617741 -0.195969
v -0.043097 0.635299 -0.204559
v -0.053367 0.620880 -0.271355
v -0.071043 0.637785 -0.239149
v 0.040367 0.565971 -0.243535
v 0.015366 0.618528 -0.158708
v 0.037534 0.600285 -0.183383
v -0.856004 0.207602 0.428591
v -0.901721 0.162283 0.392760
v -0.835575 0.174706 0.443568
v -0.809379 0.247294 0.452821
v -0.878379 0.246700 0.412559
v -0.783702 0.214908 0.468494
v -0.887943 0.129301 0.405836
v -0.816422 0.146932 0.458069
v -0.943582 0.113415 0.342804
v -0.210752 0.778178 0.180516
v -0.243108 0.769904 0.210066
v -0.195141 0.763193 0.209973
v -0.227432 0.754825 0.237913
v -0.178837 0.744771 0.237515
v -0.243100 0.729495 0.286825
v -0.210493 0.736899 0.264326
v -0.260447 0.747520 0.261346
v -0.163409 0.719224 0.259475
v -0.276124 0.762471 0.234869
v 0.765447 0.370799 -0.407648
v 0.736497 0.407445 -0.430788
v 0.788325 0.381466 -0.420278
v 0.813490 0.352109 -0.390566
v 0.788077 0.342485 -0.375728
v 0.734515 0.361576 -0.396050
v 0.763117 0.316939 -0.325183
v 0.754727 0.333480 -0.363029
v 0.799041 0.326385 -0.337949
v 0.827221 0.335292 -0.352478
v 0.778468 0.432954 -0.449488
v 0.808205 0.396096 -0.432942
v 0.758493 0.418117 -0.440514
v 0.228133 -0.412539 -0.182796
v 0.262307 -0.387181 -0.174945
v 0.273983 -0.439102 -0.176850
v 0.332113 -0.446037 -0.169094
v 0.309609 -0.466521 -0.177675
v 0.300603 -0.418909 -0.168115
v 0.218026 -0.371394 -0.191488
v 0.252702 -0.353694 -0.180339
v 0.307568 -0.376438 -0.152891
v 0.292267 -0.348346 -0.156285
v -0.804438 -0.477599 0.591795
v -0.839307 -0.444594 0.590064
v -0.822064 -0.504922 0.605789
v -0.790692 -0.442035 0.575171
v -0.828979 -0.409484 0.574119
v -0.873176 -0.385080 0.567824
v -0.761970 -0.479435 0.571791
v -0.797615 -0.541286 0.604993
v -0.778304 -0.516036 0.589762
v -0.143144 0.090080 0.555436
v -0.178200 0.058445 0.565524
v -0.117068 0.060098 0.548707
v -0.080803 0.092206 0.531840
v -0.056141 0.064961 0.525703
v -0.193441 -0.010752 0.560903
v -0.153777 0.025009 0.558482
v -0.214116 0.026733 0.568507
v -0.093249 0.030250 0.541993
v -0.662820 -0.567508 0.447258
v -0.608311 -0.493376 0.421036
v -0.639131 -0.517651 0.452560
v -0.710185 -0.645038 0.476048
v -0.690448 -0.594708 0.479717
v -0.557009 -0.408473 0.436790
v -0.618092 -0.475329 0.457167
v -0.580786 -0.446048 0.428523
v -0.537016 -0.378828 0.445940
v -0.600643 -0.440198 0.460975
v -0.656560 -0.512526 0.483015
v -0.672700 -0.550935 0.481932
v -0.517424 -0.386085 0.409536
v -0.548807 -0.428005 0.398212
v 0.381475 -0.941740 -0.016271
v 0.389766 -0.951098 0.035066
v 0.363840 -0.911384 0.001098
v 0.358880 -0.899394 -0.047207
v 0.379124 -0.929210 -0.066363
v 0.403244 -0.979034 -0.035275
v 0.341242 -0.876072 -0.030277
v -0.586035 0.057659 -0.310805
v -0.645878 0.061473 -0.263375
v -0.583223 0.101517 -0.328397
v -0.702967 0.106433 -0.238906
v -0.642377 0.103976 -0.276265
v -0.706872 0.064011 -0.230177
v -0.636150 0.143746 -0.289572
v -0.578178 0.143144 -0.345112
v -0.526038 0.099271 -0.397463
v -0.571101 0.182690 -0.360532
v -0.194755 -0.456573 0.073386
v -0.243515 -0.438755 0.077888
v -0.207075 -0.453319 0.054923
v -0.159903 -0.468650 0.050604
v -0.181575 -0.458676 0.093518
v -0.232039 -0.438214 0.095778
v -0.130987 -0.481036 0.094173
v -0.145875 -0.475720 0.071783
v -0.165373 -0.460994 0.117699
v -0.217127 -0.437402 0.118071
v -0.097854 -0.494862 0.070877
v -0.378264 0.630212 -0.350589
v -0.350605 0.640974 -0.361333
v -0.380827 0.605715 -0.375592
v -0.353532 0.657245 -0.334225
v -0.355000 0.593558 -0.421716
v -0.386559 0.575952 -0.401558
v -0.351098 0.619868 -0.390475
v -0.411280 0.618600 -0.332100
v -0.416005 0.591422 -0.353417
v -0.327376 0.609457 -0.435335
v -0.325530 0.632111 -0.399389
v -0.624699 0.324949 -0.289543
v -0.609288 0.363015 -0.290798
v -0.576200 0.328228 -0.338846
v -0.561743 0.367945 -0.338044
v -0.527421 0.337998 -0.393374
v -0.547905 0.408953 -0.333581
v -0.017387 0.563249 -0.327872
v -0.035539 0.597131 -0.302682
v 0.015056 0.561209 -0.284794
v -0.380637 0.743827 0.297164
v -0.417411 0.729479 0.316761
v -0.364274 0.723773 0.322334
v -0.344743 0.751873 0.276989
v -0.395094 0.761201 0.272398
v -0.400883 0.706841 0.342835
v -0.345286 0.699734 0.347190
v -0.310316 0.712800 0.326338
v -0.328691 0.734476 0.302049
v -0.419843 0.656155 0.391040
v -0.381741 0.681467 0.369730
v -0.438663 0.683016 0.362332
v 0.316179 -0.150915 -0.122131
v 0.282110 -0.151821 -0.193728
v 0.313100 -0.109045 -0.149022
v 0.289468 -0.195977 -0.168180
v 0.248560 -0.195696 -0.222639
v 0.321210 -0.191912 -0.102336
v 0.298746 -0.237294 -0.147621
v 0.338582 -0.148449 -0.041735
v 0.200882 0.458950 0.138312
v 0.229262 0.445441 0.132961
v 0.218961 0.506128 0.065577
v 0.256445 0.426013 0.128644
v 0.250151 0.492652 0.059892
v 0.226880 0.374468 0.194345
v 0.258777 0.528426 -0.010712
v 0.224966 0.540842 -0.005353
v 0.172667 0.468937 0.143362
v 0.188808 0.514777 0.071493
v 0.295236 0.511100 -0.015538
v 0.280083 0.473287 0.057221
v -0.385801 0.380583 0.563344
v -0.332879 0.403852 0.537684
v -0.401799 0.410725 0.557974
v -0.457985 0.387112 0.569457
v -0.417194 0.442112 0.549532
v -0.475072 0.417058 0.558511
v -0.512645 0.363578 0.564816
v -0.531079 0.393205 0.553989
v -0.491035 0.447800 0.541874
v -0.363460 0.466620 0.526157
v -0.348286 0.434186 0.532703
v -0.240072 -0.045303 0.557738
v -0.176042 -0.047692 0.552772
v -0.159738 -0.083820 0.543826
v -0.111898 -0.040048 0.543269
v -0.228365 -0.085047 0.548980
v -0.291130 -0.117646 0.541542
v -0.216965 -0.124423 0.537932
v -0.297736 -0.077900 0.550247
v -0.249109 -0.268328 0.456873
v -0.313592 -0.270757 0.453130
v -0.267867 -0.280612 0.432460
v -0.399204 -0.300043 0.432351
v -0.331224 -0.283758 0.431414
v -0.382700 -0.284659 0.450372
v -0.299315 -0.252392 0.475247
v -0.370249 -0.266971 0.469641
v -0.209769 -0.287672 0.434029
v -0.235607 -0.295359 0.406239
v -0.356087 -0.296435 0.408787
v -0.293315 -0.289857 0.406589
v 0.403714 -0.872109 0.238281
v 0.380623 -0.878379 0.205905
v 0.419355 -0.886551 0.229753
v 0.397082 -0.891827 0.197286
v 0.433606 -0.901954 0.221900
v 0.359261 -0.879884 0.168785
v 0.360663 -0.862645 0.214404
v 0.443007 -0.876588 0.256547
v 0.456947 -0.892923 0.249283
v 0.777617 0.500071 -0.183286
v 0.754098 0.519736 -0.188915
v 0.721424 0.473622 -0.174611
v 0.670710 0.519338 -0.188482
v 0.696459 0.495428 -0.178075
v 0.728832 0.538707 -0.200975
v 0.644638 0.473884 -0.160293
v 0.670811 0.448302 -0.158886
v 0.793655 0.562139 -0.208333
v 0.763644 0.574769 -0.226064
v 0.701476 0.557706 -0.218680
v 0.819529 0.546238 -0.196021
v 0.604746 -0.762628 0.289764
v 0.624824 -0.733141 0.274275
v 0.589918 -0.742226 0.297604
v 0.609214 -0.712571 0.282602
v 0.624868 -0.684397 0.263091
v 0.595024 -0.692493 0.291200
v 0.576280 -0.722311 0.306681
v 0.641771 -0.704790 0.254796
v 0.581180 -0.791439 0.297673
v 0.566921 -0.771450 0.305016
v 0.598807 -0.814091 0.291182
v 0.623269 -0.785376 0.282111
v -0.315569 -0.059082 -0.502479
v -0.391954 -0.054897 -0.450995
v -0.319951 -0.010320 -0.541821
v -0.312051 -0.106891 -0.467518
v -0.387820 -0.102534 -0.418178
v -0.231874 -0.108695 -0.499543
v -0.234485 -0.060367 -0.533454
v -0.383327 -0.149784 -0.389875
v -0.238326 -0.009968 -0.570294
v -0.614567 0.574675 -0.180284
v -0.575935 0.581297 -0.209559
v -0.626668 0.546349 -0.196088
v -0.564884 0.605386 -0.190498
v -0.524164 0.612413 -0.222305
v -0.534097 0.588442 -0.241716
v -0.587703 0.551782 -0.224744
v -0.593750 0.618121 -0.138670
v -0.554626 0.624497 -0.167723
v -0.603461 0.598204 -0.160657
v -0.515148 0.631256 -0.199353
v 0.090273 0.581381 -0.011426
v 0.067046 0.583434 0.003753
v 0.089508 0.560389 0.040523
v 0.114327 0.580298 -0.026540
v 0.113432 0.558539 0.029388
v 0.106779 0.528212 0.090957
v 0.067284 0.564170 0.051745
v 0.047994 0.571562 0.062554
v 0.061016 0.540900 0.105192
v 0.046291 0.588446 0.018196
v 0.082882 0.533378 0.097968
v -0.863451 -0.345742 0.548791
v -0.790516 -0.314758 0.536702
v -0.841398 -0.298654 0.528133
v -0.816216 -0.365902 0.555464
v -0.774649 -0.395838 0.556205
v -0.920869 -0.369220 0.554477
v -0.915155 -0.335059 0.535515
v 0.403113 -0.966309 -0.087325
v 0.410620 -0.988712 0.018447
v 0.408047 -0.951380 -0.134842
v 0.381171 -0.914745 -0.112532
v -0.522178 0.144552 -0.415367
v -0.304775 -0.200562 -0.410099
v -0.227312 -0.200284 -0.438613
v -0.299351 -0.242156 -0.381229
v -0.218323 -0.272231 -0.368959
v -0.291683 -0.277047 -0.348660
v -0.223885 -0.238747 -0.404846
v -0.149484 -0.232942 -0.410137
v -0.229592 -0.156014 -0.469272
v -0.151364 -0.195924 -0.445506
v -0.061794 0.649860 -0.178115
v -0.080552 0.664692 -0.156281
v -0.042135 0.648525 -0.145226
v -0.105491 0.665101 -0.185499
v -0.048796 0.662193 -0.095777
v -0.028428 0.646480 -0.112890
v -0.062031 0.664021 -0.125899
v -0.068790 0.681597 -0.082362
v -0.082226 0.682477 -0.110591
v -0.099957 0.682274 -0.138931
v -0.664187 0.624651 -0.071998
v -0.625208 0.631502 -0.092492
v -0.668981 0.604718 -0.092877
v -0.639592 0.591420 -0.135247
v -0.631922 0.611823 -0.113627
v -0.674018 0.584910 -0.114541
v -0.702249 0.615800 -0.054801
v -0.657698 0.644084 -0.051379
v -0.618477 0.651258 -0.072235
v -0.706392 0.596526 -0.076898
v -0.993758 -0.238465 0.291875
v -0.949231 -0.162952 0.352960
v -0.991408 -0.182053 0.253768
v -0.956489 -0.216492 0.379656
v -1.037466 -0.354409 0.290319
v -1.006875 -0.280519 0.327573
v -1.017974 -0.324118 0.239780
v -1.000765 -0.276349 0.168751
v -0.971797 -0.388461 0.081656
v -0.967408 -0.459011 0.095198
v -1.002986 -0.389247 0.152048
v -0.995619 -0.470985 0.144141
v -1.028384 -0.407278 0.211445
v -0.179388 0.784230 0.146114
v -0.164306 0.769899 0.176701
v -0.150046 0.782451 0.109289
v -0.135723 0.770466 0.139735
v -0.149470 0.751190 0.205371
v 0.344787 0.104305 -0.307094
v 0.305082 0.120405 -0.341631
v 0.393044 0.155186 -0.317590
v 0.357480 0.175613 -0.351431
v 0.424039 0.226993 -0.358733
v 0.308566 0.191849 -0.361898
v 0.384278 0.253279 -0.373152
v 0.256348 0.131938 -0.351734
v 0.414599 0.139598 -0.267516
v 0.267439 0.063792 -0.330598
v 0.453394 0.204061 -0.325572
v 0.637186 0.333153 -0.379423
v 0.692201 0.350219 -0.386851
v 0.654685 0.305383 -0.344388
v 0.710627 0.321778 -0.353188
v 0.660228 0.287321 -0.304915
v 0.589802 0.281260 -0.338360
v 0.597258 0.262528 -0.296637
v 0.706612 0.398696 -0.419344
v -0.101703 0.266402 0.501827
v -0.147040 0.240983 0.527009
v -0.077649 0.232835 0.500597
v -0.162915 0.180811 0.547603
v -0.120409 0.208261 0.525631
v -0.192354 0.213713 0.549702
v -0.134074 0.149819 0.543702
v -0.094317 0.177091 0.521806
v -0.174057 0.274517 0.526413
v -0.221483 0.247025 0.550476
v -0.265767 0.219675 0.569956
v 0.331840 -0.650726 -0.182426
v 0.353871 -0.673834 -0.188867
v 0.317160 -0.680494 -0.172215
v 0.338482 -0.703151 -0.180410
v 0.304343 -0.709331 -0.156513
v 0.359618 -0.725030 -0.187895
v 0.325457 -0.731176 -0.165428
v 0.321924 -0.596849 -0.184146
v 0.347389 -0.621145 -0.189222
v 0.307457 -0.626451 -0.176019
v 0.294060 -0.656330 -0.163971
v -0.176965 0.566309 0.374524
v -0.151892 0.578809 0.349866
v -0.197880 0.596953 0.366515
v -0.146269 0.617914 0.318306
v -0.172094 0.608122 0.342401
v -0.127240 0.589470 0.324700
v -0.107204 0.562763 0.329843
v -0.131128 0.551300 0.355700
v -0.155885 0.537729 0.380851
v -0.218216 0.629915 0.356589
v -0.163513 0.648547 0.310099
v -0.190893 0.639756 0.333458
v -0.791975 -0.825260 0.524422
v -0.808296 -0.871905 0.549769
v -0.808452 -0.858397 0.506857
v -0.797385 -0.839315 0.563883
v -0.767083 -0.765013 0.496284
v -0.786518 -0.805931 0.481873
v -0.807801 -0.837148 0.462217
v -0.840895 -0.911222 0.502048
v -0.828178 -0.879840 0.483216
v -0.822607 -0.896742 0.528716
v -0.830079 -0.921962 0.546688
v -0.817305 -0.903105 0.570380
v 0.086365 0.135914 0.424252
v 0.065808 0.158673 0.431213
v 0.063179 0.114915 0.450135
v 0.107526 0.158935 0.396644
v 0.087651 0.180200 0.404680
v 0.012255 0.118013 0.480729
v 0.035925 0.093395 0.474811
v 0.041207 0.138767 0.456354
v 0.108549 0.113513 0.416021
v 0.086430 0.091327 0.443036
v 0.060566 0.069060 0.468400
v 0.439721 -0.882540 -0.226079
v 0.451853 -0.852415 -0.238246
v -0.156621 -0.009415 -0.570223
v -0.160979 0.046124 -0.593885
v -0.241991 0.045884 -0.601250
v -0.168070 0.104333 -0.610714
v -0.326809 0.102849 -0.602618
v -0.247205 0.106149 -0.620694
v -0.323800 0.042849 -0.579319
v -0.082021 -0.012140 -0.543912
v -0.153950 -0.060476 -0.539953
v -0.087010 0.040766 -0.560725
v 0.421745 0.128565 -0.212313
v 0.471116 0.175390 -0.229085
v 0.469845 0.186770 -0.279075
v 0.528523 0.218089 -0.242549
v 0.047901 0.054547 -0.379570
v 0.011377 0.065850 -0.442880
v 0.045364 0.097116 -0.379841
v 0.078389 0.011647 -0.345139
v 0.048493 0.012950 -0.378916
v 0.082337 0.053692 -0.341035
v 0.085334 0.096086 -0.334898
v 0.004166 0.113023 -0.449376
v -0.045493 0.134206 -0.524321
v -0.006777 0.163368 -0.458420
v -0.034859 0.081513 -0.514012
v 0.038418 0.142312 -0.383615
v -0.414775 0.076263 0.567844
v -0.473307 0.052995 0.558200
v -0.392883 0.030773 0.562588
v -0.380099 -0.018634 0.555676
v -0.320206 0.009986 0.565163
v -0.370122 0.096144 0.575057
v -0.341885 0.054492 0.571228
v -0.443862 0.116187 0.569043
v -0.496337 0.095652 0.561194
v -0.303204 0.076562 0.577436
v -0.275713 0.036578 0.572577
v -0.051304 -0.513199 0.069615
v -0.068249 -0.499945 0.042777
v -0.033597 -0.524163 0.096507
v -0.081165 -0.503606 0.095632
v -0.113590 -0.484600 0.046786
v 0.010316 -0.543797 0.095279
v -0.007327 -0.530321 0.066787
v -0.015090 -0.534046 0.125236
v -0.062765 -0.510806 0.122981
v -0.202113 0.152452 0.566161
v -0.237827 0.125023 0.577237
v -0.171779 0.120792 0.561577
v -0.233907 0.185650 0.568623
v -0.270979 0.159017 0.580648
v -0.240331 0.063794 0.575001
v -0.206479 0.091774 0.571764
v -0.270443 0.099703 0.580214
v -0.303949 0.135574 0.583138
v -0.335259 0.115089 0.580558
v 0.553500 -0.752039 0.314098
v 0.556252 -0.818302 0.299640
v 0.542413 -0.798919 0.306824
v 0.529158 -0.780264 0.316450
v 0.530955 -0.842584 0.296273
v 0.517322 -0.823859 0.303425
v 0.303247 -0.346601 0.420962
v 0.275901 -0.318958 0.434406
v 0.282583 -0.377736 0.435974
v 0.310100 -0.405764 0.421817
v 0.287384 -0.438531 0.430005
v 0.329771 -0.373721 0.405805
v 0.224794 -0.320750 0.458327
v 0.254186 -0.349268 0.448010
v 0.247302 -0.291271 0.445649
v 0.201630 -0.353977 0.462203
v 0.231028 -0.382233 0.453319
v 0.259453 -0.410623 0.442375
v -1.063355 -0.655613 0.297040
v -1.049900 -0.712489 0.300865
v -1.082962 -0.665009 0.318612
v -1.035881 -0.764536 0.313256
v -1.070319 -0.721063 0.321890
v -1.059764 -0.590150 0.285440
v -1.045562 -0.649108 0.278266
v -1.075149 -0.596652 0.304262
v -1.092001 -0.607574 0.326684
v -1.104319 -0.677847 0.347869
v -0.949755 0.458911 -0.019259
v -0.939384 0.417963 -0.059533
v -0.980927 0.421288 0.017162
v -0.912756 0.489432 -0.048374
v -0.903794 0.451568 -0.085452
v -0.921948 0.379831 -0.095805
v -0.888595 0.415060 -0.117365
v -0.865878 0.480050 -0.102420
v -0.853999 0.445483 -0.131315
v -0.915338 0.526107 -0.008469
v -0.953350 0.499632 0.024148
v -0.983719 0.465262 0.063111
v -0.062070 0.719037 0.051234
v -0.050837 0.709395 0.080748
v -0.042888 0.691903 0.036776
v -0.009710 0.646508 0.095397
v -0.015268 0.657249 0.058066
v -0.025208 0.672033 0.102754
v -0.055026 0.697842 0.008901
v -0.074905 0.725061 0.023441
v -0.084462 0.743780 0.072558
v -0.098051 0.750147 0.044742
v -0.073852 0.733232 0.100172
v -0.026165 0.665393 0.026408
v -0.031655 0.683446 0.067432
v -0.422824 -0.317403 0.413387
v -0.490735 -0.355262 0.422795
v -0.451917 -0.341633 0.395680
v -0.468848 -0.331648 0.436597
v -0.387449 -0.313866 0.386146
v 0.454948 -0.385362 0.213069
v 0.451006 -0.367769 0.172697
v 0.430323 -0.350648 0.228121
v 0.481465 -0.422000 0.199651
v 0.477051 -0.405342 0.160212
v 0.455506 -0.406230 0.249713
v 0.408533 -0.318572 0.244583
v 0.430384 -0.372633 0.265833
v 0.407557 -0.299143 0.203181
v 0.427294 -0.332411 0.186925
v -0.457875 0.775243 0.237920
v -0.422497 0.784586 0.219597
v -0.471266 0.780587 0.207392
v -0.387411 0.789455 0.199649
v -0.436869 0.789127 0.189356
v -0.373092 0.780698 0.227161
v -0.451873 0.789740 0.156760
v -0.484964 0.780380 0.173835
v -0.504587 0.766263 0.223643
v -0.689386 0.539236 -0.152452
v -0.720236 0.534374 -0.138369
v -0.680649 0.563326 -0.135277
v -0.659993 0.541384 -0.171904
v -0.649275 0.568507 -0.155340
v -0.714305 0.555888 -0.121003
v -0.757011 0.520834 -0.133485
v -0.751669 0.543886 -0.114846
v 0.139033 0.557063 0.018950
v 0.165998 0.554490 0.009297
v 0.139241 0.578503 -0.040235
v 0.194300 0.549317 0.001096
v 0.165157 0.574857 -0.052501
v 0.160091 0.520349 0.077708
v 0.118225 0.484885 0.150892
v 0.145002 0.477094 0.147469
v 0.132658 0.524350 0.084152
v 0.856493 0.340258 -0.326846
v 0.850994 0.347389 -0.366583
v 0.882382 0.355951 -0.338012
v 0.849972 0.344588 -0.290038
v 0.828998 0.330232 -0.313798
v 0.874393 0.365029 -0.378789
v 0.902489 0.387994 -0.388102
v 0.878572 0.358480 -0.298734
v 0.418854 -0.824184 -0.218580
v 0.391273 -0.798280 -0.201242
v 0.432046 -0.794419 -0.223771
v 0.419761 -0.740926 -0.210331
v 0.446507 -0.763724 -0.222105
v 0.404827 -0.770221 -0.208799
v 0.464755 -0.819818 -0.240606
v -0.049956 0.479720 0.336437
v -0.068573 0.508491 0.335039
v -0.070263 0.468431 0.366173
v -0.087483 0.536108 0.333363
v -0.090617 0.496940 0.362869
v -0.029649 0.450121 0.339082
v -0.030076 0.490134 0.302763
v -0.114775 0.482615 0.389478
v -0.093214 0.454602 0.394456
v -0.048077 0.438741 0.370700
v 0.349554 -0.600910 0.383709
v 0.375909 -0.574807 0.383507
v 0.320013 -0.575997 0.393719
v 0.317581 -0.523601 0.406182
v 0.346195 -0.549289 0.395266
v 0.341886 -0.493001 0.402258
v 0.291941 -0.551049 0.402389
v 0.399913 -0.545767 0.375822
v 0.322437 -0.623091 0.376696
v 0.293597 -0.598144 0.384034
v -0.443849 -0.187838 -0.312829
v -0.377829 -0.195640 -0.364634
v -0.434396 -0.231137 -0.292300
v -0.360929 -0.276686 -0.313844
v -0.370553 -0.238641 -0.340124
v -0.512481 -0.135162 -0.284301
v -0.451168 -0.142924 -0.335413
v -0.502802 -0.180271 -0.264757
v -0.423163 -0.271333 -0.271682
v -0.491372 -0.223314 -0.247157
v -0.478399 -0.263669 -0.230291
v 0.278096 -0.738494 0.273125
v 0.251202 -0.704033 0.276553
v 0.256045 -0.746182 0.236177
v 0.213670 -0.715519 0.199535
v 0.236655 -0.750954 0.195697
v 0.230952 -0.711250 0.239767
v 0.262105 -0.786162 0.192059
v 0.244269 -0.786745 0.149181
v 0.199315 -0.716666 0.157762
v 0.220540 -0.751964 0.153087
v 0.208841 -0.678693 0.243438
v 0.227100 -0.672278 0.279782
v -0.819788 0.466538 0.406648
v -0.800654 0.422108 0.433355
v -0.766972 0.478835 0.423684
v -0.775734 0.380021 0.454206
v -0.748974 0.437892 0.449885
v -0.694742 0.452268 0.467290
v -0.711709 0.490056 0.441252
v -0.780238 0.519562 0.393167
v -0.867647 0.450037 0.388884
v -0.847267 0.402355 0.415899
v 0.721716 -0.788899 0.218207
v 0.736433 -0.764262 0.188504
v 0.701865 -0.815886 0.244069
v -1.066151 -0.553177 0.648575
v -1.013633 -0.599141 0.704158
v -0.982039 -0.553747 0.661397
v -1.023515 -0.549168 0.655110
v 0.716018 0.305363 -0.313862
v 0.387625 -0.615995 -0.194879
v 0.363832 -0.592496 -0.192477
v 0.405707 -0.589547 -0.193017
v 0.447237 -0.588822 -0.185680
v 0.428004 -0.612579 -0.192662
v 0.424523 -0.566071 -0.186414
v 0.381305 -0.565941 -0.191899
v 0.399494 -0.542479 -0.186234
v 0.444729 -0.545907 -0.176688
v 0.220755 -0.772076 0.061879
v 0.244477 -0.800898 0.057086
v 0.230566 -0.782090 0.105176
v 0.255071 -0.812138 0.101208
v 0.279542 -0.837269 0.096840
v 0.270096 -0.817661 0.145393
v 0.238274 -0.784769 0.014775
v 0.268130 -0.825299 0.052299
v 0.261311 -0.808617 0.009119
v -0.326851 0.650093 -0.366710
v 0.606211 -0.571070 -0.081986
v 0.581353 -0.577707 -0.112831
v 0.585238 -0.549325 -0.080283
v 0.608674 -0.548272 -0.041375
v 0.629092 -0.569307 -0.044315
v 0.628693 -0.596459 -0.086730
v 0.648983 -0.571368 -0.002822
v 0.629222 -0.550724 0.001675
v -0.353024 0.793334 0.177851
v -0.319964 0.798262 0.152744
v -0.368495 0.799055 0.148320
v -0.338508 0.784233 0.205564
v -0.305024 0.788948 0.181010
v -0.402347 0.794395 0.169852
v -0.384506 0.799811 0.116945
v -0.417970 0.795323 0.137937
v -0.335715 0.803903 0.123293
v -0.303833 0.807682 0.093921
v -0.352113 0.803810 0.092578
v 0.509168 0.358940 -0.074386
v 0.532344 0.321842 -0.089262
v 0.545126 0.378466 -0.095863
v 0.484583 0.408398 -0.072316
v 0.519104 0.421500 -0.094090
v 0.570663 0.346845 -0.110049
v 0.583619 0.400243 -0.117202
v 0.595333 0.328042 -0.131682
v 0.554086 0.299426 -0.113040
v 0.636585 0.356793 -0.148060
v 0.610349 0.373326 -0.128868
v 0.370960 0.088458 -0.251569
v 0.340521 0.036475 -0.230258
v 0.309652 0.051226 -0.292216
v 0.383066 0.077671 -0.190841
v 0.418925 0.120022 -0.162057
v 0.463072 0.168092 -0.184138
v -0.069412 0.147784 0.516226
v -0.106907 0.120472 0.538058
v -0.044806 0.120206 0.510460
v 0.576967 -0.706914 -0.204124
v 0.618247 -0.680807 -0.175836
v 0.597174 -0.692569 -0.190499
v 0.563870 -0.665059 -0.179548
v 0.543669 -0.681573 -0.192623
v -0.235703 0.533059 0.429204
v -0.204254 0.551106 0.400630
v -0.255891 0.567038 0.421380
v -0.291234 0.547767 0.453370
v -0.272424 0.512514 0.460909
v -0.216648 0.501801 0.435240
v -0.183960 0.521199 0.406713
v -0.225212 0.583452 0.392435
v -0.277455 0.603398 0.410166
v -0.246566 0.618139 0.381712
v 0.271488 -0.714343 -0.126674
v 0.293896 -0.736710 -0.135119
v 0.263909 -0.741133 -0.099954
v 0.259631 -0.765798 -0.067889
v 0.237100 -0.741641 -0.059988
v 0.281563 -0.786208 -0.075797
v 0.286005 -0.762499 -0.108321
v 0.302307 -0.804323 -0.085291
v 0.306731 -0.782012 -0.118138
v 0.314871 -0.757423 -0.144572
v -0.742182 -0.255605 0.523568
v -0.700578 -0.283109 0.526872
v -0.658993 -0.194167 0.521389
v -0.792288 -0.239247 0.512486
v -0.747005 -0.341220 0.538498
v -0.900369 -0.296615 0.513385
v -0.865883 -0.246396 0.493739
v -0.800743 -0.167608 0.483585
v 0.515277 -0.657604 -0.186398
v 0.496197 -0.679872 -0.196802
v 0.535686 -0.639515 -0.173344
v 0.511524 -0.615138 -0.171747
v 0.490792 -0.634602 -0.183668
v 0.471381 -0.657702 -0.193213
v 0.453070 -0.683578 -0.201175
v 0.507775 -0.727112 -0.215783
v 0.478395 -0.705306 -0.207073
v 0.524841 -0.702106 -0.204551
v 0.396012 -0.876105 -0.182985
v 0.406851 -0.851676 -0.205121
v 0.427654 -0.909560 -0.204945
v -0.290741 0.776692 0.208458
v -0.257979 0.783633 0.181742
v -0.324434 0.771632 0.231459
v -0.272506 0.795519 0.152416
v -0.287700 0.803713 0.123067
v -0.927346 0.341783 0.372950
v -0.947073 0.395107 0.344895
v -0.958798 0.300187 0.340157
v -0.909855 0.426845 0.368988
v -0.938366 0.248278 0.361714
v -0.984521 0.252841 0.296867
v -0.968230 0.200203 0.316786
v -0.976614 0.355433 0.312408
v -0.959688 0.448051 0.310503
v 0.320961 -0.317444 0.398910
v 0.295247 -0.291561 0.413327
v 0.268291 -0.265405 0.426152
v 0.210681 0.478761 -0.207341
v 0.247232 0.476773 -0.223235
v 0.190508 0.418837 -0.224644
v 0.205904 0.353985 -0.254144
v 0.167760 0.353907 -0.238619
v 0.228012 0.417505 -0.241202
v 0.291397 0.487544 -0.245758
v 0.276232 0.430088 -0.267364
v 0.333320 0.457233 -0.297637
v 0.257895 0.368692 -0.282387
v 0.340966 0.507098 -0.271990
v -0.933531 -0.534234 0.096036
v -0.895157 -0.589830 0.105627
v -0.969421 -0.538670 0.139455
v -0.995761 -0.542788 0.179818
v -1.021219 -0.475669 0.193489
v -0.963293 -0.597963 0.174095
v -0.933032 -0.595733 0.141001
v -0.884209 -0.529514 0.051781
v -0.848559 -0.579020 0.070538
v -0.914919 -0.464519 0.037658
v 0.838360 0.629951 -0.328969
v 0.829703 0.619423 -0.363561
v 0.782965 0.615081 -0.337538
v 0.886229 0.637930 -0.353089
v 0.882441 0.617975 -0.388425
v 0.779073 0.579610 -0.407415
v 0.775754 0.602672 -0.373343
v 0.828902 0.598299 -0.398473
v 0.727430 0.588990 -0.380942
v 0.730912 0.602673 -0.344433
v -0.108164 0.357367 0.467664
v -0.084099 0.324062 0.471873
v -0.071934 0.377993 0.438602
v -0.045239 0.394170 0.407601
v -0.069484 0.425460 0.400870
v -0.096752 0.408964 0.431355
v -0.120864 0.437943 0.424145
v -0.025563 0.407145 0.375774
v -0.022333 0.360396 0.412912
v -0.048436 0.344230 0.443621
v -0.002937 0.374266 0.381301
v 1.017186 0.471724 -0.305037
v 0.983400 0.433087 -0.307918
v 1.021552 0.476218 -0.343491
v 0.944538 0.402416 -0.308478
v 0.946671 0.404327 -0.350724
v 1.033683 0.514706 -0.337880
v 1.017505 0.484997 -0.384341
v 1.029426 0.521301 -0.372149
v 0.986754 0.436428 -0.350035
v -0.370493 0.684892 -0.254236
v -0.354437 0.687237 -0.259398
v -0.364997 0.678573 -0.281991
v -0.389128 0.689530 -0.213204
v -0.373493 0.691478 -0.225986
v -0.388029 0.681002 -0.243098
v -0.385051 0.673397 -0.272660
v -0.338761 0.673924 -0.310524
v -0.358842 0.669938 -0.308833
v -0.346931 0.681777 -0.285133
v -0.318591 0.676290 -0.307615
v -0.328144 0.683531 -0.283188
v -0.340253 0.171227 0.583786
v -0.339364 0.228524 0.581374
v -0.376971 0.206508 0.582303
v -0.305531 0.193857 0.581425
v -0.371738 0.151945 0.580379
v -0.411831 0.240504 0.580889
v -0.296624 0.253883 0.569084
v 0.108765 -0.566743 -0.033831
v 0.076251 -0.542533 -0.021095
v 0.103200 -0.540155 -0.063730
v 0.062649 -0.492001 -0.082372
v 0.100426 -0.513690 -0.092015
v 0.067748 -0.516968 -0.052235
v 0.136151 -0.540172 -0.101777
v 0.029770 -0.499524 -0.041560
v 0.040720 -0.522984 -0.009251
v 0.086733 -0.567247 0.009975
v 0.053772 -0.546467 0.021913
v 0.611013 0.369659 -0.403436
v 0.665181 0.387547 -0.410864
v 0.674481 0.442190 -0.432293
v 0.634508 0.430836 -0.423021
v 0.570918 0.307981 -0.373401
v 0.322605 -0.821705 -0.096794
v 0.327306 -0.800914 -0.129543
v 0.335400 -0.777803 -0.155602
v 0.346069 -0.752561 -0.175342
v 0.640203 -0.670862 -0.158496
v 0.607431 -0.641107 -0.146148
v 0.585105 -0.651601 -0.164648
v -0.565625 -0.475331 0.353367
v -0.511777 -0.425763 0.329676
v -0.526075 -0.422739 0.365758
v -0.551309 -0.473247 0.315325
v -0.652686 -0.589490 0.367619
v -0.602302 -0.527573 0.341807
v -0.619079 -0.536064 0.378233
v -0.583643 -0.516132 0.302565
v -0.633415 -0.572010 0.329956
v -0.583473 -0.480022 0.388226
v -0.689058 -0.621486 0.439723
v -0.638641 -0.547741 0.412994
v -0.194378 0.795368 0.115295
v -0.225796 0.791174 0.150452
v -0.181762 0.651704 -0.321779
v -0.193398 0.660442 -0.286165
v -0.142511 0.646597 -0.299229
v -0.170685 0.639875 -0.361904
v -0.129482 0.632900 -0.337045
v -0.219005 0.656636 -0.339578
v -0.089219 0.626080 -0.306534
v -0.155966 0.656950 -0.265106
v -0.104642 0.641714 -0.271476
v -0.169820 0.667191 -0.236438
v -0.119931 0.653873 -0.239515
v -0.205168 0.669412 -0.257163
v -0.515392 0.765535 0.105214
v -0.545596 0.753121 0.121418
v -0.499680 0.774599 0.138829
v -0.529855 0.761384 0.154521
v -0.497992 0.762949 0.058148
v -0.530924 0.754302 0.074507
v -0.482911 0.774693 0.088972
v -0.467339 0.784167 0.122400
v -0.348517 0.707895 -0.193937
v -0.358020 0.699101 -0.211624
v -0.362780 0.711608 -0.176264
v -0.349982 0.723581 -0.157095
v -0.386112 0.699888 -0.183935
v -0.378800 0.712931 -0.158779
v -0.371557 0.700276 -0.198692
v -0.342488 0.693302 -0.238559
v -0.358755 0.692335 -0.235237
v -0.345926 0.698125 -0.220538
v -0.336812 0.688713 -0.259393
v -0.549622 0.707517 -0.034223
v -0.512191 0.709970 -0.054461
v -0.560130 0.691455 -0.054043
v -0.587860 0.702805 -0.014481
v -0.538126 0.722260 -0.014259
v -0.521378 0.693347 -0.076121
v -0.569622 0.674491 -0.074723
v -0.600143 0.687806 -0.033231
v -0.610331 0.670637 -0.052645
v -0.477189 0.710551 -0.075293
v -0.998282 -0.134078 0.230244
v -1.005313 -0.190820 0.140550
v -0.989576 -0.234005 0.052707
v -0.979770 -0.299903 0.069505
v -0.402201 0.098625 -0.552142
v -0.400060 0.043734 -0.524743
v -0.601934 0.402112 0.524163
v -0.620153 0.434413 0.504544
v -0.652658 0.382480 0.506366
v -0.629963 0.350823 0.519937
v -0.726501 0.398858 0.471155
v -0.701298 0.363113 0.487756
v -0.674140 0.416250 0.488483
v -0.637739 0.468179 0.481200
v 0.192397 -0.657303 -0.071232
v 0.217392 -0.687955 -0.081585
v 0.190865 -0.683093 -0.041361
v 0.213166 -0.737034 -0.017124
v 0.191144 -0.706075 -0.008194
v 0.213950 -0.713908 -0.051376
v 0.241244 -0.716157 -0.091114
v 0.196008 -0.629410 -0.097508
v 0.222805 -0.660325 -0.107960
v 0.248073 -0.688734 -0.117554
v -0.909179 0.559730 0.031255
v -0.872470 0.546106 -0.032806
v -0.947236 0.537546 0.066182
v -0.871804 0.514096 -0.069091
v -0.867231 0.575674 0.004030
v -0.828867 0.562044 -0.048667
v -1.181911 -0.664639 0.532254
v -1.180658 -0.632167 0.552319
v -1.158985 -0.626448 0.466205
v -1.155947 -0.671247 0.452242
v -1.179561 -0.705627 0.519399
v -1.133856 -0.552918 0.435895
v -1.136425 -0.594941 0.412546
v -1.156799 -0.589120 0.487391
v 0.626114 -0.903500 0.286086
v 0.599778 -0.930032 0.284715
v 0.572808 -0.952115 0.274687
v 0.543915 -0.915012 0.279287
v 0.570171 -0.894311 0.289339
v -0.774618 0.315978 -0.193712
v -0.810653 0.333374 -0.177850
v -0.751643 0.349045 -0.197580
v -0.760867 0.398292 -0.185560
v -0.730994 0.381824 -0.199509
v -0.784755 0.366456 -0.183370
v -0.812821 0.388396 -0.170484
v -0.798739 0.281812 -0.187726
v -0.755494 0.268419 -0.208926
v -0.713816 0.335390 -0.218152
v -0.734301 0.302273 -0.214680
v 0.110030 -0.606544 0.072882
v 0.133466 -0.631785 0.060958
v 0.121566 -0.619077 0.106030
v 0.124450 -0.614354 0.028168
v 0.147633 -0.643169 0.014822
v 0.161160 -0.673545 0.085063
v 0.142739 -0.644113 0.095545
v 0.153861 -0.660942 0.048771
v 0.169682 -0.681281 0.123647
v 0.152136 -0.651992 0.132213
v 0.132854 -0.626803 0.141032
v -0.307711 0.797244 0.005382
v -0.278836 0.790360 -0.026015
v -0.325501 0.787224 -0.020923
v -0.354239 0.789351 0.006763
v -0.290176 0.804480 0.032841
v -0.260662 0.796525 -0.000142
v -0.317653 0.769732 -0.073471
v -0.343114 0.774512 -0.045814
v -0.297935 0.781656 -0.050457
v 0.120388 -0.426641 -0.177158
v 0.077498 -0.412223 -0.177934
v 0.128459 -0.407586 -0.189590
v 0.132834 -0.387469 -0.200999
v 0.178653 -0.402082 -0.191373
v 0.172275 -0.424097 -0.184379
v 0.033314 -0.403552 -0.179522
v 0.083989 -0.394669 -0.194891
v 0.088374 -0.375410 -0.210955
v 0.070040 -0.429527 -0.159051
v 0.684657 -0.659096 -0.107539
v 0.662326 -0.664196 -0.135371
v -0.971173 -0.993562 0.527201
v -0.990983 -0.958586 0.476444
v -0.954003 -0.969630 0.498057
v -1.008131 -0.981922 0.507766
v -0.934206 -0.999037 0.556005
v -0.916890 -0.975920 0.526581
v -1.026103 -0.942789 0.462169
v -1.043954 -0.967437 0.498271
v -0.316168 0.374226 0.541273
v -0.440336 0.357178 0.575410
v -0.368418 0.350527 0.566169
v -0.397687 0.295333 0.580176
v -0.348244 0.319614 0.567386
v -0.420864 0.326710 0.578547
v -0.297046 0.344213 0.544458
v -0.246201 0.369265 0.516081
v 0.298987 0.014730 0.185899
v 0.281681 0.050215 0.211093
v 0.284679 -0.004935 0.235269
v 0.269900 -0.026722 0.282478
v 0.290814 -0.057249 0.260509
v 0.318805 -0.068083 0.186359
v 0.303018 -0.037372 0.211141
v 0.309557 -0.086172 0.238334
v 0.313998 -0.019204 0.159625
v 0.254796 -0.049907 0.326404
v 0.277395 -0.079175 0.306242
v 0.264226 0.028385 0.258612
v -0.433260 0.521654 -0.395191
v -0.476156 0.505011 -0.357069
v -0.423450 0.558762 -0.374545
v -0.456394 0.578306 -0.324763
v -0.465419 0.543687 -0.341525
v -0.394904 0.541618 -0.428202
v -0.488413 0.463955 -0.371251
v 0.295529 -0.843570 0.140956
v 0.288896 -0.818142 0.188032
v -0.864343 -0.786505 0.305592
v -0.826785 -0.755448 0.294777
v -0.855994 -0.804411 0.337469
v -0.885252 -0.833068 0.349440
v -0.870815 -0.848935 0.380663
v -0.783644 -0.718298 0.283090
v -0.819856 -0.768919 0.325841
v -0.843114 -0.815405 0.367620
v -0.831274 -0.736988 0.262075
v -0.870366 -0.764163 0.273107
v -0.547943 0.423551 0.537125
v -0.449130 0.506974 0.514857
v -0.506705 0.478791 0.519007
v -0.432505 0.474778 0.536061
v 0.123108 0.431664 0.212420
v 0.098490 0.389903 0.268719
v 0.122446 0.372760 0.268078
v 0.149150 0.419457 0.210207
v 0.175543 0.407073 0.206358
v 0.097179 0.333191 0.316150
v 0.097496 0.444723 0.213229
v 0.053435 0.379880 0.313407
v 0.075497 0.355366 0.315670
v 0.074718 0.408821 0.267675
v 0.112480 0.016968 -0.334978
v 0.123012 0.064918 -0.330884
v 0.106477 -0.029986 -0.335659
v 0.076066 -0.030298 -0.346570
v 0.152457 0.018555 -0.337631
v 0.170682 0.072599 -0.339158
v 0.200347 0.132323 -0.339814
v 0.136728 0.114993 -0.323452
v -0.501974 0.725765 -0.032911
v -0.467723 0.726928 -0.051932
v -0.172397 -0.402276 -0.196589
v -0.231732 -0.406589 -0.181617
v -0.179716 -0.381823 -0.230741
v -0.114691 -0.395797 -0.205341
v -0.118391 -0.376492 -0.237635
v -0.255677 -0.361209 -0.246681
v -0.189599 -0.358328 -0.263543
v -0.242357 -0.385291 -0.214472
v -0.124221 -0.353333 -0.270608
v -0.303243 -0.385445 -0.191856
v -0.290033 -0.407207 -0.160518
v -0.722437 -0.097668 0.500608
v -0.803208 -0.107069 0.467665
v -0.900040 -0.215124 0.449683
v -0.887102 -0.158732 0.427262
v -0.642172 -0.074704 0.517028
v -0.715465 -0.053826 0.499164
v -0.723369 -0.000845 0.499255
v -0.808421 -0.048744 0.460079
v -0.694244 -0.155780 0.511457
v 0.394606 0.532441 -0.297080
v 0.396853 0.560185 -0.258978
v 0.446199 0.553913 -0.317739
v 0.442280 0.573388 -0.276757
v 0.492892 0.568784 -0.333500
v 0.483727 0.579321 -0.243238
v 0.484096 0.583006 -0.290819
v 0.444346 0.574345 -0.229569
v 0.350257 0.544153 -0.237666
v 0.403720 0.566891 -0.212887
v 0.042390 -0.346730 -0.242572
v 0.089771 -0.353033 -0.228108
v 0.043690 -0.367963 -0.221490
v -0.006015 -0.367003 -0.230720
v -0.008157 -0.385381 -0.205355
v 0.039023 -0.386944 -0.200466
v -0.013181 -0.401553 -0.180221
v 0.133090 -0.365368 -0.213374
v -0.378145 -0.359205 -0.194820
v -0.319274 -0.361444 -0.222545
v -0.360747 -0.382786 -0.166982
v -0.345596 -0.404762 -0.137782
v -0.269172 -0.334975 -0.279869
v -0.164073 0.492864 0.411591
v -0.143302 0.465365 0.417253
v -0.197851 0.472701 0.440914
v -0.237716 0.450637 0.473106
v -0.254937 0.480388 0.467038
v 0.178333 0.289486 -0.265216
v 0.232730 0.303984 -0.293681
v 0.308277 0.327264 -0.334655
v 0.323882 0.396369 -0.318561
v -0.583821 -0.034848 -0.276045
v -0.524269 -0.041236 -0.327413
v -0.578134 -0.081983 -0.259323
v -0.519656 -0.088789 -0.305442
v -0.569307 -0.128228 -0.242848
v -0.456917 -0.096253 -0.360718
v -0.461222 -0.048603 -0.388647
v -0.586380 0.011986 -0.293260
v -0.526714 0.006214 -0.351005
v -1.076071 -0.509649 0.588447
v -1.037071 -0.503272 0.606527
v -1.049578 -0.462699 0.554735
v -1.009797 -0.459987 0.578304
v -0.964982 -0.465013 0.596377
v -0.987490 -0.423042 0.560551
v -0.993241 -0.504537 0.619750
v -0.747993 0.341814 0.470811
v -0.719195 0.307592 0.485021
v -0.792590 0.316410 0.454504
v -1.006194 -0.325724 0.463291
v -0.957637 -0.306562 0.491636
v -0.996011 -0.300555 0.436714
v -0.964949 -0.335692 0.514658
v -0.937043 -0.268573 0.468250
v -1.008512 -0.346056 0.486311
v -0.122378 0.694940 0.244340
v -0.097897 0.700807 0.211514
v -0.135733 0.725558 0.228765
v -0.111023 0.729509 0.194205
v -0.149638 0.688191 0.273813
v -0.108097 0.664807 0.254110
v -0.082882 0.671973 0.220192
v -0.643064 -0.029525 -0.239191
v -0.636242 -0.076227 -0.227150
v -0.646240 0.016679 -0.251183
v 1.034223 0.551583 -0.367409
v 1.042229 0.544909 -0.333688
v 1.048096 0.568172 -0.328984
v 1.042860 0.537751 -0.301451
v 1.015453 0.552967 -0.404024
v 1.019042 0.527977 -0.401261
v 1.031971 0.509161 -0.303460
v 0.517382 -0.653038 0.331341
v 0.495325 -0.682663 0.343390
v 0.540621 -0.678127 0.322189
v 0.558873 -0.648837 0.305388
v 0.508937 -0.597605 0.322913
v 0.490127 -0.626535 0.340305
v 0.536017 -0.623912 0.314257
v 0.537978 -0.731210 0.323498
v 0.560133 -0.701224 0.314319
v 0.518748 -0.708007 0.333048
v -0.234181 -0.247894 0.479996
v -0.191201 -0.274538 0.458990
v -0.288343 -0.225812 0.496248
v -0.360857 -0.243498 0.489745
v 0.059909 0.604918 -0.075826
v 0.084230 0.598667 -0.096151
v 0.055880 0.607130 -0.111553
v 0.079527 0.595233 -0.132824
v 0.049622 0.604886 -0.147094
v 0.101187 0.579382 -0.151542
v 0.107425 0.590207 -0.115549
v 0.041646 0.601846 -0.020744
v 0.063713 0.597103 -0.038084
v 0.036381 0.611041 -0.055799
v 0.087912 0.594312 -0.056627
v 0.031503 0.616411 -0.089385
v 0.025541 0.618735 -0.123424
v 0.739626 -0.667201 -0.002971
v 0.749509 -0.677469 0.031474
v 0.755674 -0.689157 0.065120
v -0.659549 0.693135 0.131617
v -0.635354 0.706689 0.106894
v -0.682199 0.684657 0.111276
v -0.708506 0.674389 0.140088
v -0.705405 0.676127 0.091550
v -0.734935 0.667023 0.119516
v -0.655370 0.697066 0.085789
v -0.675503 0.686830 0.066313
v -0.608607 0.720283 0.085153
v -0.709898 -0.546109 0.534583
v -0.736553 -0.600705 0.559357
v -0.716296 -0.583990 0.533571
v -0.677714 -0.446913 0.519794
v -0.710666 -0.507107 0.539920
v -0.674947 -0.482437 0.512982
v -0.680021 -0.517049 0.508616
v -0.633743 -0.448158 0.488422
v -0.629879 -0.417610 0.495924
v -0.686212 -0.333131 -0.113872
v -0.750845 -0.334854 -0.107875
v -0.702548 -0.291974 -0.129174
v -0.766268 -0.287891 -0.124259
v -0.818149 -0.336501 -0.090329
v -0.845466 -0.237974 -0.119919
v -0.780878 -0.244984 -0.136160
v -0.832775 -0.284477 -0.107633
v -0.795833 -0.205911 -0.144080
v -0.883504 -0.334848 -0.055964
v -0.907641 -0.228260 -0.086338
v -0.897151 -0.277553 -0.073675
v 0.307753 -0.274436 -0.133277
v 0.271766 -0.280240 -0.176754
v 0.217437 -0.235880 -0.236854
v 0.260227 -0.240019 -0.197271
v 0.230370 -0.278619 -0.212307
v 0.317136 -0.307092 -0.126398
v 0.282013 -0.316069 -0.162884
v 0.242153 -0.317222 -0.192495
v 0.199302 -0.307396 -0.220308
v 0.209584 -0.341687 -0.202984
v 0.165805 -0.325953 -0.225872
v 0.173326 -0.355518 -0.210107
v 0.604088 -0.603784 -0.115951
v 0.579978 -0.613313 -0.139397
v 0.511784 -0.575860 -0.157791
v 0.535454 -0.563624 -0.138128
v 0.533410 -0.599733 -0.156383
v 0.556758 -0.587384 -0.137224
v 0.560366 -0.554468 -0.112810
v 0.557173 -0.624850 -0.158252
v 0.630840 -0.632363 -0.123512
v 0.654589 -0.625839 -0.095263
v 0.520927 0.246973 -0.332806
v 0.497633 0.273279 -0.366676
v 0.464841 0.304960 -0.384359
v 0.542712 0.343065 -0.394998
v -0.291722 -0.425255 0.086547
v -0.253912 -0.438497 0.061823
v -0.264878 -0.438631 0.045083
v -0.219413 -0.450252 0.035794
v -0.309902 -0.429411 0.057074
v -0.300412 -0.426844 0.072348
v 0.068966 0.404715 -0.292662
v 0.051933 0.464593 -0.299943
v 0.092260 0.425796 -0.259238
v 0.095256 0.503750 -0.228190
v 0.111285 0.459819 -0.230458
v 0.076281 0.479318 -0.261587
v 0.106941 0.370201 -0.253783
v 0.126337 0.414603 -0.230567
v 0.033683 0.517602 -0.297846
v -0.525439 0.735486 0.006997
v -0.490486 0.740357 -0.010404
v 0.454429 0.554781 -0.181355
v 0.416894 0.550823 -0.164463
v 0.362487 0.557379 -0.193279
v 0.492369 0.557910 -0.196285
v 0.471822 0.518354 -0.138674
v 0.379108 0.545501 -0.144420
v 0.436718 0.514688 -0.120758
v 0.403465 0.510632 -0.100763
v 0.945679 0.613430 -0.403233
v 0.957751 0.588801 -0.422411
v 0.890567 0.593466 -0.416919
v 1.003598 0.600174 -0.389822
v 1.010915 0.577852 -0.399718
v 0.969552 0.561375 -0.433692
v 0.902723 0.565240 -0.438535
v 0.992931 0.620283 -0.376053
v 1.034822 0.575537 -0.362130
v 1.031943 0.595551 -0.354061
v -0.856328 -0.945539 0.534594
v -0.853536 -0.944556 0.532791
v -0.834698 -0.940492 0.568762
v -0.836440 -0.943412 0.572155
v -0.820993 -0.926269 0.594452
v -0.819983 -0.927255 0.599709
v -0.834179 -0.939537 0.565544
v -0.851435 -0.940429 0.527609
v -0.873992 -0.939063 0.494426
v -0.878461 -0.940966 0.499102
v -0.007215 0.632734 -0.134111
v -0.088017 0.651511 -0.210006
v 0.186648 -0.268879 -0.242295
v 0.143970 -0.253902 -0.266967
v 0.172750 -0.225270 -0.266591
v 0.118915 -0.167820 -0.307920
v 0.159140 -0.178723 -0.289510
v 0.130566 -0.212442 -0.288809
v 0.204135 -0.189109 -0.262709
v -0.239636 0.672013 -0.274223
v -0.228689 0.664567 -0.303974
v -0.259955 0.668046 -0.317785
v -0.270534 0.674971 -0.288525
v -0.250587 0.681008 -0.250151
v 0.002208 0.630417 -0.100600
v -0.019435 0.643012 -0.081539
v 0.008693 0.625918 -0.068827
v 0.014454 0.619165 -0.037636
v -0.004981 0.631162 -0.022581
v -0.012265 0.637826 -0.051736
v -0.021864 0.648663 -0.011179
v -0.030872 0.654350 -0.038686
v 0.586401 -0.515799 0.095423
v 0.575474 -0.503707 0.050746
v 0.558561 -0.491154 0.097615
v 0.600783 -0.524290 0.049860
v 0.558991 -0.494323 0.004118
v 0.584918 -0.515415 0.003809
v 0.546846 -0.479009 0.052566
v 0.530373 -0.468948 0.005742
v 0.517107 -0.448717 0.056385
v 0.528970 -0.461142 0.101709
v 0.026693 -0.419505 -0.156773
v -0.018284 -0.416221 -0.154201
v 0.545044 -0.970507 0.257893
v 0.517651 -0.932015 0.262847
v 0.517442 -0.983540 0.232349
v -0.810222 -0.875550 0.630282
v -0.808758 -0.866333 0.615834
v -0.808162 -0.840713 0.636306
v -0.808199 -0.842874 0.650833
v -0.813613 -0.904769 0.616566
v -0.813201 -0.896873 0.604883
v -0.804322 -0.830667 0.619596
v -0.805430 -0.801963 0.636462
v -0.795344 -0.805628 0.597792
v -0.802184 -0.843000 0.595948
v -0.786724 -0.765807 0.594887
v -0.798780 -0.791313 0.617447
v -0.209722 0.801961 0.084456
v -0.240675 0.801587 0.119909
v -0.165110 0.789912 0.078878
v -0.180894 0.791862 0.048898
v -0.123022 0.770418 0.074156
v -0.098221 0.307400 -0.555570
v -0.041412 0.277831 -0.486330
v -0.077759 0.247310 -0.545753
v -0.022537 0.218397 -0.471442
v -0.059787 0.189351 -0.534820
v 0.025200 0.191759 -0.395041
v 0.008067 0.248862 -0.411786
v -0.119050 0.368012 -0.562051
v -0.061740 0.339688 -0.499521
v -0.140537 0.270329 -0.603319
v 0.306479 -0.153296 0.310361
v 0.325599 -0.176127 0.292084
v 0.317298 -0.132128 0.266029
v 0.285449 -0.128531 0.328962
v 0.298451 -0.106642 0.286023
v 0.270219 -0.150283 0.366975
v 0.293536 -0.175029 0.349996
v 0.314905 -0.197988 0.332824
v -0.138835 -0.298187 -0.337670
v -0.209819 -0.302805 -0.332465
v -0.145339 -0.266867 -0.373653
v -0.281477 -0.307224 -0.314495
v -0.349327 -0.308875 -0.284898
v -0.335344 -0.336142 -0.253724
v -0.469903 0.303963 0.576667
v -0.482425 0.253100 0.570168
v -0.443037 0.272989 0.579188
v -0.512684 0.283569 0.564699
v -0.517182 0.234376 0.558229
v -0.550738 0.263817 0.550692
v -0.538665 0.313039 0.557743
v -0.073116 0.603832 -0.341751
v -0.056657 0.571221 -0.370431
v -0.100963 0.582884 -0.409858
v -0.115639 0.612646 -0.375777
v -0.159531 0.621708 -0.403595
v 0.305829 0.530001 -0.214591
v 0.321652 0.549053 -0.170791
v 0.265021 0.522934 -0.194176
v 0.339664 0.540340 -0.119824
v 0.305580 0.534813 -0.082111
v 0.283556 0.546015 -0.148584
v -0.269279 0.577239 -0.530044
v -0.228911 0.578999 -0.523166
v -0.266073 0.540830 -0.567471
v -0.234754 0.609282 -0.481693
v -0.193151 0.604860 -0.466933
v -0.306116 0.530609 -0.562537
v -0.305410 0.489176 -0.593359
v -0.210112 0.495725 -0.584219
v -0.260064 0.498214 -0.597687
v -0.221122 0.540931 -0.557911
v -0.171281 0.530971 -0.534112
v -0.183281 0.572264 -0.504735
v 0.331961 -0.097001 0.161487
v 0.325863 -0.113258 0.216537
v 0.326296 -0.050800 0.131462
v 0.336730 -0.080178 0.101375
v 0.334540 -0.030405 0.077753
v 0.342482 -0.125416 0.137497
v 0.339935 -0.139242 0.195683
v -0.467712 -0.453986 0.060415
v -0.422142 -0.440703 0.046403
v -0.454768 -0.448793 0.086828
v -0.530209 -0.477226 0.042952
v -0.482581 -0.456555 0.031780
v -0.514131 -0.475767 0.074862
v -0.436269 -0.444113 0.020442
v -0.365087 -0.430599 0.053621
v -0.409577 -0.435230 0.069692
v -0.377445 -0.435747 0.031966
v -0.548032 -0.473159 0.010964
v -0.498475 -0.454042 0.002302
v -0.059873 -0.389326 -0.207826
v -0.059777 -0.370468 -0.237091
v -0.063175 -0.348327 -0.267132
v 0.011233 0.240368 0.444572
v -0.007197 0.273744 0.446098
v -0.018115 0.221682 0.471947
v 0.017595 0.290855 0.417535
v -0.060902 0.289330 0.473946
v -0.038604 0.254755 0.474185
v -0.026456 0.309092 0.446469
v -0.001312 0.325415 0.416318
v 0.342478 -0.079527 -0.010132
v 0.334778 -0.073262 -0.096456
v 0.347032 -0.031419 -0.061552
v 0.341698 -0.113423 -0.012938
v 0.347520 -0.142668 0.036561
v 0.340849 -0.056878 0.039970
v 0.346991 -0.027542 -0.008490
v 0.360979 0.018991 -0.102086
v 0.359339 0.018608 -0.052162
v 0.356680 0.025924 -0.163640
v 0.341566 -0.025368 -0.131629
v 0.322777 -0.015964 -0.205149
v 0.314528 -0.064740 -0.176678
v 0.898491 0.385650 -0.269652
v 0.909112 0.377869 -0.305061
v 0.934209 0.408075 -0.272070
v 0.973702 0.434942 -0.271525
v 0.959328 0.441384 -0.243144
v 0.865690 0.368682 -0.265656
v 0.911195 0.377665 -0.346278
v 0.129396 0.578629 -0.132083
v 0.150663 0.564263 -0.146193
v 0.158885 0.577957 -0.104683
v 0.135423 0.585784 -0.090658
v 0.071827 0.586541 -0.168497
v 0.109995 0.532231 -0.197393
v 0.091780 0.562169 -0.185502
v 0.121062 0.559449 -0.166517
v 0.570104 0.581489 -0.350570
v 0.587310 0.560302 -0.387902
v 0.533667 0.577313 -0.344102
v 0.611439 0.528271 -0.416362
v 0.551337 0.553123 -0.380641
v 0.527060 0.502159 -0.393977
v 0.507717 0.540173 -0.368130
v 0.574713 0.518325 -0.407519
v 0.641517 0.487327 -0.431331
v -0.953967 0.153391 0.331401
v -0.982009 0.103949 0.270578
v -0.999713 -0.012738 0.203752
v -0.974847 0.032337 0.283771
v -0.998819 0.018932 0.202438
v -0.991011 0.150513 0.259486
v -0.936359 0.080647 0.352657
v -0.976944 0.064549 0.278154
v 0.505759 -0.863541 0.287145
v 0.492081 -0.845520 0.294167
v 0.503839 -0.805632 0.312366
v 0.478291 -0.827753 0.302414
v 0.522180 -0.885452 0.282085
v 0.547714 -0.864953 0.291431
v 0.480983 -0.880331 0.271352
v 0.467212 -0.863115 0.278359
v 0.334988 -0.805849 0.263177
v 0.361044 -0.793426 0.292819
v 0.306562 -0.773365 0.268814
v 0.302355 -0.728209 0.305201
v 0.332091 -0.761728 0.299733
v 0.388072 -0.777681 0.316526
v -0.599548 0.517183 -0.235246
v -0.556139 0.522973 -0.268757
v -0.612219 0.479540 -0.243266
v -0.650783 0.476583 -0.214156
v -0.534756 0.450852 -0.326495
v -0.581417 0.443259 -0.284471
v -0.522307 0.492309 -0.317085
v -0.568481 0.483932 -0.277993
v -0.625416 0.440348 -0.248153
v -0.510591 0.531600 -0.305244
v 0.110996 -0.436153 0.440193
v 0.138617 -0.459584 0.433297
v 0.129654 -0.400925 0.455851
v 0.063358 -0.442799 0.424268
v 0.092126 -0.466337 0.418774
v 0.082353 -0.412890 0.445983
v 0.119663 -0.488936 0.412189
v 0.100137 -0.511952 0.385875
v 0.100184 -0.377466 0.462098
v 0.052432 -0.389840 0.450706
v -0.967730 -0.363300 0.533215
v 0.220393 0.149573 0.281328
v 0.198259 0.176062 0.300846
v 0.196880 0.119908 0.322545
v 0.151019 0.166386 0.353995
v 0.173614 0.144399 0.339622
v 0.176283 0.199214 0.317298
v 0.226537 0.209849 0.258442
v 0.220123 0.092179 0.302867
v 0.175971 0.091705 0.360219
v -1.068600 -0.478440 0.318354
v -1.058973 -0.531197 0.287830
v -1.076702 -0.479232 0.335889
v -1.046230 -0.535004 0.268547
v -1.067132 -0.430290 0.329658
v -1.061086 -0.481142 0.296253
v -1.071134 -0.430253 0.354382
v -1.074985 -0.433191 0.373474
v -1.085736 -0.487273 0.353022
v -1.081079 -0.442336 0.389696
v -1.083713 -0.539071 0.322899
v -1.070773 -0.532469 0.305463
v -1.044109 -0.588085 0.268154
v -0.617784 0.709128 0.175122
v -0.601623 0.716148 0.192208
v -0.597064 0.723568 0.155640
v -0.573764 0.728791 0.217421
v -0.545816 0.749125 0.204456
v -0.581752 0.729711 0.184318
v -0.604682 0.709965 0.217614
v -0.633631 0.696725 0.203564
v -0.410144 0.187598 0.577687
v -0.447894 0.221299 0.574278
v -0.370619 0.262569 0.580605
v -0.324630 0.287345 0.568318
v 0.676751 0.575136 -0.243962
v 0.645353 0.544753 -0.207080
v 0.735465 0.585918 -0.249735
v 0.710361 0.594561 -0.278481
v 0.607995 0.583860 -0.270865
v 0.622945 0.567885 -0.234962
v 0.656540 0.587931 -0.275811
v 0.575548 0.562844 -0.223719
v 0.595337 0.535000 -0.192166
v 0.564388 0.581718 -0.263884
v 0.644063 0.592913 -0.313427
v 0.692225 0.598110 -0.312431
v 0.336897 0.021946 0.060870
v 0.343546 -0.004194 0.029735
v 0.351373 0.049314 0.016480
v 0.356030 0.030938 -0.014181
v 0.375148 0.071130 -0.054004
v 0.369954 0.081296 -0.024145
v 0.328533 0.052547 0.088774
v 0.345275 0.074170 0.043920
v 0.364826 0.099301 0.002926
v 0.003962 0.622013 0.088651
v -0.001108 0.632966 0.050121
v -0.028738 0.657972 0.142298
v -0.000389 0.609324 0.132312
v -0.013953 0.633717 0.137914
v -0.011427 0.641638 0.017550
v -0.810836 -0.808263 0.672388
v -0.807471 -0.844445 0.665143
v -0.808463 -0.804956 0.654183
v -0.808273 -0.877343 0.641834
v -0.806494 -0.877934 0.652189
v -0.806763 -0.882755 0.665389
v -0.243150 0.801072 0.026849
v -0.273005 0.807798 0.061177
v -0.226018 0.803018 0.054936
v -0.256245 0.807385 0.090244
v -0.197241 0.790581 0.020306
v 0.280178 -0.055200 -0.246372
v 0.234452 -0.044223 -0.297723
v 0.288688 -0.002216 -0.272007
v 0.244835 0.008439 -0.316477
v 0.198291 0.017836 -0.335901
v 0.187420 -0.036025 -0.324574
v 0.370296 -0.519493 0.388897
v 0.363055 -0.460945 0.389814
v 0.419755 -0.515328 0.359804
v 0.435112 -0.485200 0.338163
v 0.390866 -0.488126 0.374709
v 0.380477 -0.428826 0.370997
v 0.336524 -0.433458 0.405958
v 0.355230 -0.401037 0.388796
v 0.796962 0.600125 -0.252447
v 0.866121 0.586982 -0.215258
v 0.832339 0.595205 -0.230900
v 0.767547 0.604037 -0.278661
v -0.053075 -0.479016 -0.023993
v -0.096864 -0.471948 -0.015584
v -0.062083 -0.461132 -0.055744
v -0.106506 -0.457942 -0.046094
v -0.151940 -0.455619 -0.035497
v -0.112363 -0.445660 -0.077435
v -0.019039 -0.466825 -0.064591
v -0.040084 -0.497011 0.007746
v -0.083708 -0.486110 0.014418
v -0.066969 -0.445292 -0.087703
v -0.022754 -0.447665 -0.095988
v -0.669982 -0.604349 0.403859
v -0.732248 -0.695980 0.467978
v -0.716134 -0.675438 0.429962
v -0.743166 -0.721857 0.416588
v -0.700285 -0.656016 0.392579
v 0.559679 -0.573093 0.266589
v 0.566085 -0.552293 0.239291
v 0.532951 -0.546012 0.274801
v 0.590328 -0.576737 0.233576
v 0.549780 -0.597049 0.291774
v 0.523022 -0.570471 0.300383
v 0.504062 -0.517032 0.284949
v 0.494227 -0.542432 0.311090
v 0.538859 -0.524695 0.246556
v 0.541372 -0.506188 0.215766
v 0.509787 -0.494513 0.255977
v 0.569006 -0.534557 0.209283
v -0.810201 -0.906657 0.631998
v -0.810699 -0.911200 0.642282
v -0.819548 -0.929089 0.604845
v -0.822234 -0.934995 0.613255
v -0.811926 -0.905960 0.624653
v -0.126903 0.300345 0.499588
v -0.175635 0.364672 0.491633
v -0.224274 0.339163 0.520705
v -0.151726 0.333361 0.496300
v -0.132525 0.388322 0.461290
v -0.155698 0.417419 0.454597
v -0.198149 0.394082 0.485495
v -0.323872 0.671527 0.371448
v -0.336205 0.621734 0.422890
v -0.300582 0.639566 0.393774
v -0.359996 0.653582 0.397435
v -0.398806 0.627756 0.421084
v 0.207956 -0.388546 -0.190261
v 0.177002 -0.379761 -0.199488
v 0.121620 -0.311677 -0.246521
v 0.130251 -0.339859 -0.228424
v 0.084763 -0.328726 -0.246434
v -0.580088 0.292619 0.541700
v -0.605872 0.321525 0.531354
v -0.647984 0.300572 0.513951
v -0.675129 0.330430 0.501327
v -0.582679 0.371200 0.539488
v -0.561846 0.341851 0.550405
v -0.492456 0.334178 0.571323
v -0.067705 -0.431186 -0.118888
v -0.114786 -0.434658 -0.109270
v -0.065182 -0.418215 -0.149282
v -0.113133 -0.411143 -0.173425
v -0.061660 -0.404735 -0.178748
v -0.114265 -0.423648 -0.141212
v -0.165226 -0.429800 -0.129876
v -0.163080 -0.438953 -0.097209
v -0.022227 -0.431082 -0.126071
v -0.359648 0.759617 -0.069052
v -0.370218 0.775956 -0.019839
v -0.384345 0.787664 0.031634
v -0.399497 0.774883 0.003370
v -0.413401 0.760003 -0.022847
v -0.416177 0.784646 0.053187
v -0.431031 0.772407 0.023668
v -0.444567 0.757809 -0.003409
v 0.021731 -0.436240 -0.131477
v 0.061457 -0.468727 -0.110482
v 0.020096 -0.455106 -0.103310
v 0.064043 -0.448086 -0.136814
v 0.112018 -0.445766 -0.161348
v 0.695187 0.320268 -0.212547
v 0.668818 0.320630 -0.195521
v 0.644047 0.297852 -0.200169
v 0.567289 0.264101 -0.166083
v 0.588974 0.270403 -0.185300
v 0.619071 0.294593 -0.182695
v 0.596102 0.290650 -0.162986
v 0.721074 0.316850 -0.231430
v 0.740390 0.338275 -0.222392
v 0.714267 0.342674 -0.205133
v 0.668815 0.299086 -0.219698
v 0.384517 0.070085 -0.135082
v 0.380511 0.067355 -0.089831
v 0.410884 0.115828 -0.121401
v -0.395416 -0.334471 -0.221984
v -0.464632 -0.299851 -0.211887
v -0.410322 -0.305753 -0.247979
v 0.899852 0.616464 -0.238811
v 0.858999 0.615154 -0.253178
v 0.904690 0.633189 -0.265219
v 0.862188 0.625116 -0.279366
v 0.823071 0.614702 -0.276697
v 0.945133 0.625176 -0.258067
v -0.268175 0.653582 0.367728
v -0.289870 0.685813 0.348784
v -0.302498 0.597379 -0.484619
v -0.270964 0.606891 -0.487487
v -0.304656 0.566931 -0.525735
v -0.337193 0.549352 -0.510866
v -0.272577 0.629817 -0.442767
v 0.215228 -0.756736 0.020793
v 0.235952 -0.764730 -0.024513
v 0.258698 -0.788412 -0.031231
v 0.193685 -0.725161 0.028308
v -0.469506 0.730428 0.309758
v -0.431921 0.749538 0.291813
v -0.481779 0.747403 0.282754
v -0.492968 0.759761 0.254559
v -0.445109 0.764924 0.265810
v -0.408719 0.775362 0.247137
v -0.444422 0.333669 -0.513355
v -0.397096 0.356949 -0.568009
v -0.451353 0.289345 -0.515023
v -0.392716 0.402780 -0.557099
v -0.344762 0.327804 -0.616930
v -0.399675 0.309446 -0.573076
v -0.347713 0.378473 -0.610334
v -0.295172 0.393010 -0.631755
v -0.348566 0.426174 -0.595139
v -1.046840 -0.420152 0.259345
v -1.038278 -0.484435 0.234468
v -1.059569 -0.429225 0.298480
v -1.032581 -0.540083 0.244047
v -1.016058 -0.543657 0.214732
v -1.051525 -0.484752 0.268557
v -1.051709 -0.373686 0.331781
v -1.059964 -0.383386 0.365766
v 0.111784 0.591011 -0.074659
v 0.172043 0.547997 -0.157787
v 0.182718 0.567561 -0.116552
v 0.191404 0.568028 -0.062907
v 0.551466 0.458308 -0.409008
v 0.603082 0.476042 -0.421869
v 0.580398 0.412913 -0.413124
v -1.000082 0.057697 0.199080
v -0.767287 -0.728699 0.339037
v -0.808328 -0.775242 0.354049
v -0.777749 -0.727025 0.313183
v -0.791206 -0.771721 0.378459
v -0.825333 -0.818194 0.394677
v -0.750658 -0.719047 0.360608
v 0.662516 0.348415 -0.167911
v 0.619489 0.320025 -0.154668
v 0.643673 0.319276 -0.176763
v 0.729107 0.368447 -0.195659
v 0.703645 0.375055 -0.178579
v 0.688373 0.344793 -0.187025
v 0.574908 0.290368 -0.139040
v -0.544786 0.558313 -0.256838
v -0.638334 0.513296 -0.206735
v -0.811548 -0.893752 0.683673
v -0.815245 -0.921145 0.659022
v -0.820632 -0.906121 0.698559
v -0.826212 -0.932849 0.681998
v -0.828770 -0.946744 0.629856
v -0.808560 -0.851759 0.682750
v -0.820732 -0.920087 0.585451
v -0.899509 -0.929004 0.461169
v 0.012867 0.586805 0.126385
v 0.026619 0.567498 0.119559
v 0.017630 0.600689 0.080920
v 0.031562 0.583605 0.072387
v 0.042321 0.552098 0.112415
v 0.012727 0.612815 0.041240
v -0.128702 0.727081 -0.081942
v -0.156316 0.749299 -0.062327
v -0.113825 0.728832 -0.055885
v -0.146115 0.724761 -0.107499
v -0.173885 0.746005 -0.087302
v -0.194177 0.742405 -0.110824
v -0.222126 0.761934 -0.085936
v -0.185180 0.769944 -0.037102
v -0.202685 0.766307 -0.062243
v -0.103905 0.704192 -0.097024
v -0.089794 0.704618 -0.070266
v -0.425636 -0.420700 0.157934
v -0.378202 -0.410725 0.133950
v -0.412828 -0.407279 0.173431
v -0.460338 -0.426306 0.200428
v -0.473491 -0.442784 0.185945
v -0.432829 -0.429756 0.144183
v -0.343913 -0.388749 0.173589
v -0.390886 -0.390629 0.193425
v -0.365318 -0.400365 0.150865
v 0.944725 0.653424 -0.340092
v 0.933892 0.635247 -0.376491
v 0.975935 0.638242 -0.359634
v -0.910624 0.595733 0.140411
v -0.932666 0.570056 0.105419
v -0.938261 0.571926 0.182693
v -0.962358 0.543297 0.147734
v -0.957056 0.538880 0.227450
v -0.923018 0.562089 0.255911
v -0.906407 0.592483 0.212399
v -0.869095 0.605842 0.238119
v -0.981883 0.507139 0.192607
v -0.989884 0.462270 0.236891
v -0.657215 0.688644 0.181021
v -0.638011 0.701670 0.153270
v -0.682214 0.681258 0.160105
v -0.526244 0.132297 0.558316
v -0.442097 0.169588 0.571894
v -0.478961 0.151729 0.565816
v -0.404155 0.134357 0.574994
v -0.516269 0.184437 0.558705
v -0.560300 0.164316 0.551076
v -0.132244 -0.008144 0.550920
v -0.069924 0.001766 0.534919
v -0.031518 0.038742 0.519349
v -0.006204 0.013753 0.512511
v -0.088875 -0.068088 0.535167
v -0.045831 -0.024475 0.527483
v 0.017555 -0.064333 -0.419028
v 0.048424 -0.068378 -0.372122
v 0.017354 -0.105898 -0.405358
v 0.017556 -0.022192 -0.428907
v 0.048323 -0.028030 -0.376937
v -0.023724 -0.016733 -0.491227
v 0.015727 0.020873 -0.436337
v -0.022943 -0.062520 -0.476158
v -0.395975 -0.006423 -0.487259
v -0.466974 0.048020 -0.451029
v -0.464482 -0.000492 -0.419455
v 0.500777 -0.438762 0.009523
v 0.487144 -0.414861 0.062786
v 0.471271 -0.406137 0.016002
v 0.459119 -0.379130 0.071766
v 0.498408 -0.427495 0.108189
v -0.690135 -0.551754 0.508110
v -0.643198 -0.479008 0.484604
v -0.740258 -0.661064 0.538910
v -0.703364 -0.588704 0.509571
v -0.727186 -0.621969 0.535884
v -0.755540 -0.681577 0.563783
v -0.744204 -0.641244 0.560274
v 0.201832 0.392888 0.200952
v -0.027388 0.031223 -0.503405
v -0.094977 0.095781 -0.574728
v -0.080342 -0.062516 -0.522646
v -0.010617 -0.487391 -0.031886
v 0.022658 -0.476387 -0.073209
v 0.001741 -0.508825 0.000233
v -0.930379 0.054037 0.361250
v -0.875504 0.102109 0.417872
v -0.863747 0.078127 0.429699
v -0.798144 0.121809 0.472466
v -0.713468 -0.374041 0.535373
v -0.668809 -0.316935 0.523501
v -0.629994 -0.229860 0.523210
v 0.389874 -0.340921 -0.053101
v 0.408063 -0.336219 -0.009825
v 0.407402 -0.371133 -0.061985
v 0.445073 -0.371323 0.024962
v 0.427461 -0.368820 -0.020350
v 0.422964 -0.336989 0.036331
v 0.393468 -0.304901 0.001861
v 0.406149 -0.303247 0.049291
v 0.376805 -0.312075 -0.043894
v 0.368039 -0.349921 -0.092354
v 0.385028 -0.377830 -0.098578
v 0.235829 -0.444188 0.440854
v 0.207858 -0.416794 0.450620
v 0.212607 -0.476751 0.432180
v 0.185902 -0.451030 0.440746
v 0.158201 -0.425679 0.448913
v 0.165393 -0.482765 0.425030
v 0.191051 -0.506130 0.416327
v 0.263220 -0.471036 0.430058
v 0.238965 -0.501719 0.422563
v 0.411753 -0.654891 0.365850
v 0.437697 -0.628174 0.362221
v 0.380422 -0.627273 0.374727
v 0.406692 -0.601088 0.372616
v 0.352883 -0.649736 0.369034
v 0.430237 -0.572361 0.362846
v -0.467548 0.097886 -0.477476
v -0.527479 0.052965 -0.375092
v -0.425882 0.744112 -0.047618
v -0.398524 0.744326 -0.068614
v -0.436859 0.727818 -0.071930
v -0.456842 0.742922 -0.028407
v -0.385112 0.760799 -0.044775
v -0.477974 0.754860 0.014147
v -0.346741 0.470945 -0.573346
v -0.342625 0.512224 -0.544821
v -0.386324 0.446881 -0.539656
v -0.972169 -0.831332 0.325829
v -0.985442 -0.794060 0.299321
v -0.953734 -0.819332 0.311374
v -0.940866 -0.849469 0.342178
v -0.970319 -0.870874 0.368324
v -0.988131 -0.840209 0.340584
v -0.956754 -0.862323 0.355361
v -0.976928 -0.742391 0.260985
v -0.965022 -0.783673 0.283645
v -0.998133 -0.750088 0.278171
v -0.940870 -0.771676 0.268353
v -0.931268 -0.804369 0.297619
v 0.747661 -0.741797 0.158360
v 0.754145 -0.721727 0.127838
v 0.713810 -0.707421 0.177926
v 0.694093 -0.658302 0.166816
v 0.686732 -0.678935 0.194363
v 0.721334 -0.686875 0.149428
v 0.702620 -0.730447 0.205438
v 0.676081 -0.702183 0.220281
v 0.756843 -0.703983 0.097066
v -0.791270 -0.749887 0.612721
v -0.776195 -0.724761 0.590256
v -0.783416 -0.707331 0.607395
v -0.765932 -0.682897 0.585321
v -0.758078 -0.640500 0.583083
v -0.777616 -0.664495 0.603454
v -0.801999 -0.760696 0.632483
v -0.798160 -0.718513 0.627469
v 0.474650 -0.486921 0.297463
v 0.464368 -0.513876 0.323563
v 0.193980 -0.293431 0.465725
v 0.162412 -0.267580 0.473327
v 0.171230 -0.327018 0.470207
v 0.129315 -0.243809 0.480012
v 0.139779 -0.301915 0.476688
v 0.149566 -0.363723 0.466473
v 0.087266 -0.317337 0.478233
v 0.119071 -0.339509 0.473061
v 0.107188 -0.279247 0.482158
v 0.069571 -0.355333 0.467231
v -1.167065 -0.801431 0.508047
v -1.152647 -0.848228 0.505497
v -1.150070 -0.720514 0.444616
v -1.141621 -0.770871 0.440951
v -1.175570 -0.752515 0.512041
v -0.694295 -0.072450 -0.205226
v -0.682560 -0.117877 -0.195745
v -0.625899 -0.122075 -0.214514
v -0.667244 -0.161265 -0.184786
v -0.721249 -0.153987 -0.173388
v -0.751927 -0.069303 -0.189394
v -0.737950 -0.112756 -0.182039
v -0.612516 -0.166304 -0.201365
v -0.346164 -0.420699 0.087283
v -0.320699 -0.432702 0.039237
v -0.276219 -0.439384 0.026206
v -0.354645 -0.425361 0.072009
v -0.399402 -0.429161 0.089824
v -0.391954 -0.423419 0.106316
v -0.338944 -0.416890 0.100755
v -0.385906 -0.418124 0.120011
v -0.374795 0.743683 -0.091315
v -0.387600 0.727433 -0.114275
v -0.410088 0.727362 -0.092595
v -0.445995 0.710927 -0.096591
v -0.397262 0.712885 -0.139467
v -0.419383 0.711983 -0.118336
v -0.353586 0.741185 -0.115186
v -0.368062 0.726773 -0.135787
v 0.012791 0.551608 0.169972
v 0.028988 0.532495 0.165296
v 0.047653 0.516623 0.161033
v 0.371479 -0.263924 0.280841
v 0.353800 -0.240747 0.298861
v 0.366146 -0.287928 0.319330
v 0.389885 -0.270082 0.220313
v 0.374237 -0.243930 0.238520
v 0.389184 -0.289806 0.262283
v 0.358969 -0.220111 0.256489
v 0.362714 -0.203017 0.210535
v 0.406955 -0.341879 0.282557
v 0.385764 -0.313739 0.300472
v 0.359795 0.126808 0.029422
v 0.306043 0.127552 0.141933
v 0.318298 0.088182 0.115365
v 0.329280 0.145881 0.097778
v 0.353327 0.163776 0.056182
v 0.337913 0.106719 0.070643
v 0.356175 -0.698325 0.349983
v 0.384184 -0.678393 0.361682
v 0.325419 -0.668072 0.355643
v 0.414945 -0.707824 0.353630
v 0.442220 -0.683156 0.356834
v 0.470136 -0.710612 0.346723
v 0.386986 -0.728747 0.342182
v 0.443348 -0.736079 0.343499
v -0.896774 -0.057022 0.398798
v -0.955804 -0.115967 0.330788
v -0.886588 -0.103022 0.410588
v -0.250449 0.778268 -0.057083
v -0.217343 0.737848 -0.132375
v -0.243919 0.756270 -0.107826
v -0.922225 -0.149867 -0.094350
v -0.868064 -0.159936 -0.130029
v -0.915846 -0.186653 -0.092859
v -0.857107 -0.197052 -0.127182
v -0.810512 -0.169675 -0.148926
v -0.878423 -0.125151 -0.129640
v -0.825148 -0.133364 -0.151518
v 0.465513 -0.997308 0.161585
v 0.449341 -0.635259 -0.192247
v 0.409409 -0.638918 -0.196379
v 0.430675 -0.661528 -0.197734
v 0.468750 -0.611656 -0.183983
v 0.413043 -0.689485 -0.201445
v 0.391797 -0.667177 -0.197000
v 0.424595 -0.994722 0.070114
v 0.443344 -0.997588 0.117908
v 0.261688 -0.544556 -0.174077
v 0.227541 -0.517306 -0.169977
v 0.275368 -0.516867 -0.179763
v 0.293303 -0.571262 -0.178992
v 0.307754 -0.542967 -0.183931
v 0.290751 -0.490416 -0.181133
v 0.323909 -0.516548 -0.184457
v 0.202913 -0.466563 -0.175243
v 0.240219 -0.490688 -0.177233
v 0.191203 -0.490833 -0.166315
v 0.255785 -0.464520 -0.179690
v -0.500964 0.421458 -0.381754
v -0.456653 0.439810 -0.430816
v -0.514083 0.379269 -0.389584
v -0.480727 0.354732 -0.450410
v -0.468950 0.397233 -0.443196
v -0.491672 0.312809 -0.452408
v -0.540230 0.297974 -0.392256
v -0.426515 0.420783 -0.494434
v -0.333394 0.736244 -0.139667
v -0.313795 0.749388 -0.121332
v -0.313540 0.728352 -0.163013
v -0.336338 0.756092 -0.095187
v -0.292604 0.761366 -0.101281
v -0.267312 0.748945 -0.127783
v -0.223496 -0.422956 -0.148109
v -0.278574 -0.424581 -0.128907
v -0.331691 -0.423089 -0.108675
v -0.465183 0.148502 -0.493463
v -0.461246 0.197310 -0.503538
v -0.516617 0.188193 -0.429620
v -0.456919 0.244057 -0.511665
v -0.401138 0.208927 -0.570168
v 0.058938 0.575650 -0.204805
v -0.830489 -0.853661 0.437755
v -0.849974 -0.888434 0.455436
v -0.852129 -0.856790 0.410247
v -0.871644 -0.887133 0.425209
v -0.862242 -0.914683 0.471559
v 0.554713 0.242949 -0.189450
v 0.534107 0.237170 -0.166960
v 0.499784 0.204991 -0.170272
v 0.574232 0.247608 -0.217878
v 0.515677 0.211027 -0.202380
v 0.612244 0.274729 -0.205924
v 0.516230 0.229991 -0.145909
v 0.692100 0.297920 -0.244305
v 0.634535 0.276685 -0.231726
v -0.270910 0.771073 -0.079968
v -0.694033 0.674834 0.047094
v -0.759808 0.657625 0.097379
v -0.726978 0.665576 0.070959
v -0.782828 0.645634 0.073165
v -0.746162 0.652484 0.048927
v -0.643687 0.697896 0.043986
v -0.711260 0.661351 0.027206
v -0.828071 -0.518080 0.013220
v -0.795167 -0.561347 0.039006
v -0.858239 -0.628910 0.123649
v -0.812946 -0.612990 0.095368
v -0.736398 -0.676307 0.268669
v -0.686340 -0.630567 0.250762
v -0.731052 -0.679771 0.297810
v -0.721457 -0.676692 0.321388
v -0.881730 -0.418344 0.582975
v -0.855491 -0.473161 0.602935
v -0.928117 -0.399466 0.569162
v -0.896849 -0.447764 0.595394
v -0.659924 0.685031 0.025598
v -0.624814 0.694896 0.005307
v -0.674588 0.670381 0.007137
v -0.648664 0.662723 -0.031599
v -0.686098 0.653113 -0.012200
v -0.638428 0.680464 -0.012895
v -0.610327 0.708399 0.023539
v -0.368442 0.797906 0.061619
v -0.337497 0.799378 0.034983
v -0.320581 0.805657 0.064259
v -0.110480 0.524460 0.360011
v -0.177946 0.444990 0.447448
v 0.528140 -0.778455 -0.240228
v 0.515851 -0.811008 -0.251474
v 0.541332 -0.749355 -0.227670
v -1.007694 0.279442 0.041117
v -1.016914 0.324717 0.095762
v -0.993410 0.331500 0.007202
v -0.970016 0.378005 -0.027718
v -1.004101 0.376292 0.056860
v -0.951571 0.339104 -0.069365
v -1.016579 0.372881 0.148258
v -0.767620 -0.721892 0.568353
v -1.107696 -0.521083 0.566075
v -1.131428 -0.537740 0.540398
v -1.133798 -0.574060 0.621436
v -1.171829 -0.608454 0.577035
v -1.157047 -0.588636 0.600573
v -1.148030 -0.559485 0.513086
v -1.103327 -0.562394 0.637794
v 0.021256 0.609843 -0.005392
v 0.028185 0.597935 0.030709
v 0.111805 -0.082819 0.476500
v 0.143196 -0.109271 0.465068
v 0.140434 -0.058304 0.456048
v 0.193383 -0.065689 0.416091
v 0.166035 -0.036342 0.430316
v 0.169949 -0.086904 0.443459
v 0.139090 -0.008191 0.442375
v 0.213352 -0.043278 0.383692
v 0.187753 -0.013929 0.399307
v 0.161999 0.014646 0.413303
v 0.181851 0.490635 -0.196238
v 0.163782 0.435060 -0.215381
v 0.228305 0.525525 -0.179370
v -0.135624 0.656764 0.284327
v -0.119794 0.627057 0.291709
v -0.178618 0.680741 0.299649
v -0.208150 0.672876 0.322422
v -0.359212 0.767509 0.252399
v 0.266133 0.144804 0.213910
v 0.283991 0.107815 0.188574
v 0.291693 0.168182 0.168144
v 0.262583 0.085622 0.235500
v 0.275275 0.207668 0.192330
v 0.304262 0.233711 0.147525
v 0.299619 0.069874 0.162672
v 0.318021 0.189177 0.123792
v -0.433857 0.790113 0.104631
v -0.400575 0.794366 0.084683
v -0.449347 0.780570 0.071962
v 0.067858 -0.567325 0.052635
v 0.098205 -0.589132 0.041098
v 0.116039 -0.592259 -0.003320
v 0.142615 -0.620568 -0.016905
v 0.138767 -0.594581 -0.046712
v 0.479781 -0.570264 0.333545
v 0.460720 -0.599383 0.351040
v 0.467720 -0.655658 0.352506
v 0.273853 -0.694883 0.309047
v 0.298880 -0.682854 0.335414
v 0.247616 -0.664413 0.312559
v 0.328719 -0.714538 0.330646
v 0.359112 -0.746719 0.324259
v 0.032781 0.288433 -0.362875
v -0.010543 0.310576 -0.429387
v 0.015852 0.351413 -0.379694
v -0.082056 0.401502 -0.507798
v -0.029747 0.373837 -0.443846
v -0.048824 0.435821 -0.451811
v -0.001977 0.414647 -0.392529
v 0.053634 0.340114 -0.324186
v 0.840436 0.527670 -0.187449
v 0.858061 0.507541 -0.183307
v 0.908172 0.555208 -0.194917
v 0.889798 0.574287 -0.202035
v 0.921997 0.534418 -0.190231
v 0.932148 0.512146 -0.187596
v 0.965552 0.568203 -0.222306
v 0.973987 0.549705 -0.218348
v 0.798074 0.480685 -0.180473
v 0.816335 0.462103 -0.185068
v -0.135802 0.665776 -0.212535
v -0.078641 -0.262250 -0.363675
v -0.073493 -0.293963 -0.329704
v -0.131201 -0.327020 -0.303674
v -0.081536 -0.228407 -0.398995
v -0.199757 -0.331789 -0.297429
v 0.173710 -0.136714 0.453119
v 0.080497 -0.111560 0.491324
v 0.113879 -0.135020 0.480697
v 0.085538 -0.166042 0.490689
v 0.146625 -0.160516 0.470170
v 0.120033 -0.188688 0.481580
v 0.080076 -0.057950 0.487070
v 0.111061 -0.031295 0.467453
v 0.290214 -0.497680 0.418402
v 0.314473 -0.466097 0.416095
v 0.265183 -0.526513 0.412477
v -0.030181 0.623765 0.183331
v -0.045537 0.650458 0.184703
v -0.051619 0.615873 0.226052
v -0.035706 0.588911 0.224590
v -0.015204 0.598086 0.179258
v -0.093002 0.635583 0.260676
v -0.076263 0.607823 0.264260
v -0.067769 0.643568 0.224820
v -0.058898 0.581011 0.265564
v -0.939940 -0.324350 -0.002895
v -0.850875 -0.581141 0.642593
v -0.821891 -0.561183 0.620513
v -0.876456 -0.552696 0.640943
v -0.832565 -0.612921 0.643292
v -0.909845 -0.529586 0.636661
v -0.943993 -0.565613 0.667121
v -0.846373 -0.527976 0.620148
v -0.910928 -0.584878 0.672670
v -0.879464 -0.499598 0.616887
v -0.409104 0.666855 -0.255933
v -0.381402 0.663361 -0.300192
v -0.408568 0.655188 -0.283616
v -0.409103 0.676705 -0.226430
v 0.370433 -0.644490 -0.193073
v 0.354026 -0.541721 -0.188699
v 0.337306 -0.568221 -0.188541
v -1.014865 0.223761 0.070947
v -1.021444 0.268678 0.130449
v -1.018739 0.317425 0.186558
v -0.990156 0.241257 -0.012572
v -0.975295 0.292519 -0.040537
v -0.007808 -0.345509 -0.256402
v -0.067630 -0.322720 -0.297896
v -0.011181 -0.320158 -0.283419
v 0.038617 -0.321844 -0.265279
v 0.096218 -0.596794 0.115248
v 0.109670 -0.604825 0.148944
v 0.082339 -0.584166 0.083403
v -0.749076 -0.719628 0.505893
v -0.778063 -0.785981 0.535903
v -0.765333 -0.744184 0.541677
v -0.788185 -0.802114 0.570868
v 0.646879 -0.812335 0.273233
v 0.573452 -0.841133 0.294871
v 0.622074 -0.841482 0.285485
v -0.268462 0.725356 -0.168909
v -0.290977 0.739446 -0.146165
v -0.242669 0.732105 -0.151706
v 0.637869 -0.565871 0.130972
v 0.638814 -0.580516 0.165951
v 0.657001 -0.582617 0.125777
v 0.652791 -0.569464 0.087538
v 0.617363 -0.548395 0.134262
v 0.618621 -0.562997 0.169691
v 0.672277 -0.588746 0.080107
v 0.672263 -0.634947 0.180293
v 0.676064 -0.617071 0.150470
v 0.653930 -0.615217 0.190138
v 0.657430 -0.597609 0.160043
v 0.676287 -0.601687 0.117205
v -0.546061 0.741618 0.047651
v -0.578621 0.732091 0.065546
v -0.562053 0.743066 0.091554
v -0.560786 0.729113 0.024621
v -0.595128 0.721057 0.043243
v -0.512223 0.749584 0.030831
v -0.464266 0.768794 0.041565
v 0.562050 0.588894 -0.307686
v 0.523561 0.587601 -0.300959
v 0.605303 0.583758 -0.353223
v 0.523353 0.581140 -0.254648
v 0.139973 0.535771 -0.178201
v 0.159497 0.511386 -0.187640
v 0.127296 0.498713 -0.204795
v 0.143828 0.463722 -0.209863
v 0.197213 0.533889 -0.168126
v -0.251873 0.659670 -0.352522
v -0.245241 0.648229 -0.392687
v -0.201890 0.628772 -0.423708
v -0.239814 0.631952 -0.436731
v -0.210069 0.645611 -0.380396
v -0.122741 0.752975 0.168787
v -0.898159 0.347215 -0.126333
v -0.867699 0.383030 -0.143314
v -0.870310 0.320079 -0.150129
v -0.841968 0.355696 -0.162754
v -0.835260 0.414840 -0.153949
v -0.725420 0.527841 0.411216
v 0.636193 -0.597312 0.196733
v 0.630101 -0.616915 0.223792
v 0.665146 -0.655551 0.207235
v 0.647098 -0.635548 0.216833
v 0.621282 -0.639308 0.248388
v 0.616876 -0.579069 0.201223
v 0.611714 -0.597820 0.229015
v 0.492692 -0.755825 -0.226552
v 0.478248 -0.787059 -0.236157
v 0.462072 -0.733640 -0.215551
v 0.758848 0.311055 -0.288073
v 0.797647 0.321432 -0.300517
v -0.670474 -0.376135 -0.094352
v -0.735070 -0.384911 -0.086891
v -0.611464 -0.369844 -0.096823
v -0.654516 -0.418433 -0.070588
v -0.718484 -0.434350 -0.061937
v -0.596300 -0.405825 -0.074555
v -0.590325 0.289967 -0.334936
v -0.603715 0.253234 -0.326701
v -0.551799 0.259126 -0.385309
v 0.978963 0.447362 -0.392866
v 0.938138 0.415156 -0.393708
v 0.957350 0.468123 -0.428337
v 0.993613 0.500783 -0.418134
v 0.936664 0.499904 -0.449275
v 0.893728 0.469432 -0.451663
v -0.319982 0.695730 -0.231821
v -0.315573 0.689384 -0.252585
v -0.307117 0.683491 -0.275696
v -0.281211 0.682371 -0.264370
v 0.340998 0.283835 -0.362525
v 0.430940 0.343106 -0.383642
v -0.214142 0.787602 -0.006711
v -0.168926 0.772883 -0.010728
v -0.231563 0.783698 -0.032610
v -0.140757 0.751883 -0.036351
v -0.126434 0.753289 -0.009643
v -0.153439 0.774659 0.016866
v -0.001643 0.573628 0.174827
v -0.020855 0.562968 0.222461
v -0.005754 0.538263 0.219445
v 0.010564 0.515322 0.216603
v 0.053987 -0.296893 0.482190
v 0.020718 -0.366973 0.454405
v 0.037146 -0.333972 0.470790
v 0.002219 -0.313716 0.474715
v 0.018456 -0.277691 0.486565
v 0.073472 -0.258204 0.487815
v 0.143939 0.377078 -0.232073
v -0.242642 -0.446808 -0.009810
v -0.197223 -0.451797 -0.022945
v -0.231385 -0.448098 0.014440
v -0.128665 -0.475143 0.020846
v -0.173665 -0.462430 0.028300
v -0.141391 -0.464908 -0.006267
v -0.186313 -0.456818 0.003800
v -0.670962 0.510952 -0.183937
v -0.697990 0.514964 -0.164732
v -0.682846 0.479747 -0.191392
v -0.689402 0.292635 -0.245006
v -0.707406 0.258828 -0.238239
v -0.725162 0.224580 -0.230875
v -0.775579 0.233441 -0.202301
v -0.656456 0.253253 -0.277851
v -0.949461 -0.513355 0.629728
v 0.402171 -0.368515 0.316646
v 0.426433 -0.398470 0.299094
v 0.418823 -0.426718 0.328713
v 0.379885 -0.340340 0.335370
v 0.393533 -0.397746 0.346368
v 0.357787 -0.314578 0.353680
v -0.528973 0.738551 0.268200
v -0.537051 0.746368 0.237139
v -0.520012 0.724623 0.296898
v -0.881359 0.614092 0.170771
v -0.876865 0.611648 0.102901
v -0.896224 0.588594 0.068718
v -0.856499 0.601278 0.039302
v -0.817884 0.638158 0.100858
v -0.839584 0.622013 0.071637
v -0.851338 0.628579 0.133237
v -0.848195 0.626589 0.197747
v -0.821982 0.640497 0.160319
v 0.359621 -0.388957 -0.128705
v 0.331003 -0.402813 -0.151916
v 0.341069 -0.362601 -0.125754
v 0.382611 -0.415777 -0.133322
v 0.357196 -0.429254 -0.154379
v 0.355236 -0.323055 -0.086468
v -0.024325 -0.514225 0.038083
v 0.049122 -0.563791 0.091051
v 0.032671 -0.548196 0.061280
v 0.016751 -0.529230 0.031475
v 0.724376 -0.654187 0.087060
v 0.719190 -0.642242 0.052218
v -0.024984 -0.148215 -0.432208
v -0.081501 -0.152964 -0.467093
v -0.023824 -0.107175 -0.456593
v 0.017824 -0.146362 -0.387264
v -0.025755 -0.187388 -0.403880
v -0.082387 -0.192043 -0.433808
v -0.151821 -0.154035 -0.478256
v -0.080018 -0.109008 -0.496795
v -0.152556 -0.108483 -0.508815
v -0.054413 0.200816 0.497316
v 0.033242 -0.293248 -0.289593
v 0.078090 -0.300441 -0.267468
v 0.735140 0.564069 -0.414353
v 0.685934 0.577986 -0.386789
v 0.683669 0.593321 -0.349563
v 0.752057 0.530004 -0.440438
v 0.790628 0.549524 -0.436147
v -0.137960 0.774592 0.045281
v -0.112358 0.753015 0.017342
v -0.299374 0.457620 0.500511
v -0.283130 0.427431 0.506259
v -0.265572 0.398407 0.511345
v -0.218968 0.422334 0.479361
v -0.691108 0.629114 0.320893
v -0.687415 0.603403 0.357077
v -0.642772 0.639740 0.334506
v -0.738267 0.622681 0.303345
v -0.738473 0.595872 0.340725
v -0.690157 0.649019 0.283984
v -0.645981 0.659060 0.299762
v -0.635896 0.615104 0.368575
v -0.594972 0.657410 0.338395
v -0.625331 0.586035 0.401262
v -0.585235 0.633119 0.369832
v -0.680416 0.572963 0.392653
v 0.343013 -0.197940 0.274184
v 0.333944 -0.156171 0.246631
v 0.348880 -0.179536 0.228126
v 0.352517 -0.165028 0.176873
v 0.334872 -0.219465 0.315942
v -0.237829 0.664209 0.344312
v -0.257167 0.696026 0.327924
v -0.820971 0.245463 -0.179679
v -0.840957 0.206057 -0.171617
v -0.861768 0.260693 -0.158525
v -0.898686 0.173844 -0.135800
v -0.934668 0.189021 -0.101868
v -0.882370 0.218966 -0.146639
v -0.896324 0.280419 -0.134271
v -0.918372 0.236484 -0.117597
v -0.949426 0.260773 -0.082531
v -1.009512 -0.593475 0.227314
v -0.987746 -0.597336 0.203148
v -1.027570 -0.589842 0.249437
v 0.129491 0.186288 0.366123
v 0.154461 0.219282 0.330835
v 0.129127 0.137963 0.386663
v 0.152134 0.115939 0.374579
v 0.109306 0.206010 0.375471
v 0.133499 0.238006 0.341513
v 0.183965 0.258511 0.289545
v 0.162183 0.277516 0.301034
v 0.205492 0.236122 0.275831
v 0.397719 0.440049 -0.349465
v 0.406005 0.388535 -0.368499
v 0.246087 0.256382 -0.323529
v 0.193065 0.236318 -0.298009
v 0.395269 0.490383 -0.326477
v 0.467688 0.476205 -0.374443
v 0.697997 -0.640356 0.137056
v 0.724801 -0.669123 0.119273
v 0.416370 -0.932811 -0.174688
v 0.487918 -0.785703 0.322830
v 0.513551 -0.759668 0.326173
v 0.494060 -0.736374 0.336216
v 0.467868 -0.762314 0.332907
v 0.440941 -0.785539 0.323598
v -0.220128 -0.215218 0.502225
v -0.280113 -0.190578 0.515999
v -0.198744 -0.166013 0.523044
v -0.284630 -0.155073 0.529901
v -0.357409 -0.214898 0.507311
v -0.163037 -0.217979 0.502074
v -0.143160 -0.175840 0.518026
v -0.176020 -0.251806 0.482212
v 0.461806 -0.808243 0.312491
v 0.872241 0.486729 -0.185360
v 0.940122 0.489590 -0.191722
v 0.978392 0.530196 -0.215335
v 0.981296 0.510479 -0.214286
v 0.832209 0.444748 -0.193073
v 0.883270 0.466998 -0.193205
v 0.068872 0.503768 0.157238
v 0.092624 0.493417 0.154039
v -0.066464 0.701799 -0.017705
v -0.048188 0.676109 -0.028241
v -0.077825 0.703844 -0.043863
v -0.100605 0.729422 -0.029644
v -0.057962 0.679484 -0.054943
v -0.039206 0.658907 -0.066635
v -0.037837 0.671460 -0.001584
v -0.398675 0.537242 0.500436
v -0.379364 0.501443 0.517234
v -0.469474 0.537545 0.487771
v -0.420153 0.568597 0.472665
v -0.480692 0.202805 0.566076
v -0.595459 0.193413 0.540294
v -0.918488 0.202066 0.378591
v -0.123630 0.681268 -0.165767
v -0.152324 0.680175 -0.190594
v -0.170615 0.698146 -0.172094
v -0.184374 0.679718 -0.212950
v -1.124661 -0.518725 0.464760
v -1.107620 -0.492778 0.496122
v -1.105334 -0.485280 0.430595
v -1.114433 -0.523409 0.398169
v -0.852053 -0.461301 -0.010588
v -0.764000 -0.499815 -0.015400
v -0.699147 -0.477589 -0.033467
v -0.736957 -0.537575 0.014346
v -0.869208 -0.398292 -0.034370
v -0.785453 -0.449615 -0.043211
v -0.927608 -0.395330 0.016519
v -0.332830 0.717862 -0.178469
v -0.403919 0.698533 -0.166376
v -0.998405 0.467641 0.151955
v -0.977605 0.506978 0.107457
v 0.310725 -0.814088 0.227811
v 0.283105 -0.781447 0.232404
v 0.372753 -0.905834 0.108932
v 0.358049 -0.899271 0.063403
v 0.387623 -0.926660 0.097435
v 0.372707 -0.921562 0.050153
v 0.403914 -0.956523 0.084755
v 0.422206 -0.958710 0.130867
v 0.443406 -0.957856 0.172502
v 0.405607 -0.928910 0.141449
v 0.391215 -0.907809 0.150928
v -0.200013 0.307475 0.524165
v -0.249531 0.280602 0.549123
v -0.814414 0.610073 0.016368
v -0.824084 0.587408 -0.015634
v -0.786841 0.574905 -0.059178
v -0.781983 0.597337 -0.029694
v -1.063934 -0.395283 0.413334
v -1.062805 -0.388528 0.392711
v -0.178873 0.388692 -0.608478
v -0.138654 0.427061 -0.562364
v -0.159946 0.330066 -0.608472
v -0.250863 0.450013 -0.619266
v -0.195902 0.444466 -0.600998
v -0.238488 0.397223 -0.632041
v -0.156335 0.482096 -0.553501
v 0.181638 0.038910 0.380273
v 0.206513 0.010209 0.364042
v 0.200350 0.065003 0.343479
v 0.156643 0.065586 0.394309
v 0.132099 0.090405 0.406197
v 0.136196 0.041616 0.425038
v -0.455241 0.708464 0.335612
v -0.460969 0.627215 0.410404
v -0.478989 0.655041 0.380666
v -0.494781 0.681943 0.352239
v -0.453518 0.695546 -0.122896
v -0.426320 0.697153 -0.145597
v -0.459821 0.680954 -0.150255
v -0.431401 0.684066 -0.174839
v -0.465320 0.667029 -0.177913
v 0.112342 -0.278566 -0.267024
v 0.155594 -0.292080 -0.245355
v 0.799753 0.617497 -0.304480
v 0.745043 0.606367 -0.309338
v -0.412946 -0.351017 0.329008
v -0.468663 -0.379265 0.345987
v -0.459370 -0.388477 0.307146
v -0.312181 -0.316304 0.344666
v -0.367052 -0.321640 0.353686
v -0.360645 -0.337196 0.314258
v -0.409003 -0.365544 0.286636
v -0.262043 -0.323074 0.337592
v -0.311727 -0.336114 0.301727
v -0.451959 -0.398248 0.263530
v -0.500997 -0.429553 0.288916
v 0.237618 0.275750 0.229478
v 0.216866 0.302657 0.241481
v 0.194213 0.323653 0.252067
v -0.553352 0.214929 0.549000
v -0.587914 0.243679 0.538031
v 0.404411 -0.284749 0.158694
v 0.422478 -0.317761 0.143072
v 0.444535 -0.353215 0.129242
v -0.224962 0.704228 0.307646
v -0.754861 -0.180785 -0.157377
v -0.772652 -0.143577 -0.163550
v -0.701900 -0.192218 -0.163445
v -0.789439 -0.104728 -0.168492
v -1.098024 -0.501949 0.372369
v -1.091089 -0.459334 0.406911
v -1.115788 -0.570291 0.372782
v -1.097808 -0.552112 0.344667
v 0.531231 0.480231 -0.128557
v 0.556863 0.436857 -0.116287
v 0.572490 0.490691 -0.149961
v 0.493835 0.471106 -0.107803
v 0.618630 0.503739 -0.170460
v 0.598340 0.454435 -0.138685
v 0.625216 0.423714 -0.138817
v -0.755379 -0.744205 0.456190
v 0.313272 0.033283 0.136434
v -0.928416 0.522985 0.297673
v -0.963657 0.497015 0.270790
v -0.923769 0.476940 0.335871
v 0.618674 0.565384 -0.391168
v 0.650178 0.570761 -0.390689
v 0.601739 0.589630 -0.311729
v 0.642008 0.587383 -0.352817
v 0.641141 0.535124 -0.420753
v 0.668700 0.542104 -0.421572
v -0.522708 -0.354603 0.455405
v -0.586727 -0.411246 0.467071
v -0.453341 -0.312260 0.450819
v 0.332912 0.257886 0.104739
v 0.344650 0.208567 0.082239
v 0.379388 0.182084 0.018675
v 0.371835 0.226649 0.044903
v 0.661963 -0.728029 0.244315
v 0.644395 -0.756083 0.265476
v 0.215278 -0.442291 -0.180746
v 0.001153 0.191460 0.467439
v -0.032228 0.171054 0.492473
v 0.020426 0.163939 0.461897
v -0.020491 0.094032 0.504342
v 0.004298 0.068775 0.498411
v -0.010235 0.143620 0.486670
v -0.485544 -0.430582 0.245156
v -0.534100 -0.468471 0.273953
v -0.508560 -0.457039 0.230078
v -0.607289 -0.548904 0.289683
v -0.557573 -0.498810 0.260447
v -0.437843 -0.404470 0.217769
v -0.571853 -0.519306 0.246122
v -0.522164 -0.476137 0.216007
v 0.244960 -0.628245 0.344347
v 0.221224 -0.605776 0.349368
v 0.223966 -0.637786 0.316241
v 0.198438 -0.586625 0.355930
v 0.201937 -0.615731 0.321058
v 0.242745 -0.592504 0.373353
v 0.184833 -0.623105 0.288883
v 0.205326 -0.645172 0.283769
v 0.258214 0.547696 -0.077076
v 0.221946 0.559428 -0.070894
v 0.210757 0.557170 -0.126436
v -0.248681 0.709273 -0.190899
v -0.231249 0.693569 -0.211300
v -0.275798 0.704309 -0.206362
v -0.292831 0.717829 -0.184176
v -0.314719 0.710035 -0.198051
v -0.260812 0.691786 -0.228150
v -0.289241 0.690257 -0.241437
v -0.300495 0.700088 -0.219379
v -0.200581 0.695441 -0.192694
v -0.217831 0.679957 -0.232813
v 0.423666 0.387465 -0.025012
v 0.444173 0.327600 -0.027315
v 0.452837 0.397437 -0.049790
v 0.415259 0.313603 -0.000166
v 0.429134 0.260886 -0.018749
v 0.461066 0.279024 -0.044695
v 0.475448 0.342249 -0.051293
v 0.495606 0.299213 -0.067622
v 0.069319 0.203175 0.410713
v 0.090639 0.227064 0.382262
v 0.113519 0.257171 0.349167
v 0.003740 0.622826 0.007528
v -0.562339 0.220904 -0.374732
v -0.121571 0.702637 -0.123613
v -0.167477 0.721522 -0.131487
v 0.029710 0.044046 0.491939
v -0.113414 -0.486118 0.119897
v 0.590215 0.253336 -0.254018
v 0.531778 0.229154 -0.288069
v 0.142770 -0.082326 -0.323670
v 0.186192 -0.088090 -0.308230
v 0.148548 -0.130730 -0.309082
v 0.192396 -0.139707 -0.287588
v 0.238772 -0.147362 -0.250329
v 0.233125 -0.096713 -0.275930
v -0.545607 0.641598 -0.144092
v -0.585482 0.636781 -0.116613
v -0.537574 0.658703 -0.120913
v -0.499999 0.662591 -0.149397
v -0.507013 0.646966 -0.174316
v -0.577568 0.655347 -0.095151
v 0.028947 0.494481 0.214603
v 0.049982 0.475868 0.213693
v -0.294136 0.741554 0.282177
v -0.309934 0.757018 0.256594
v -0.563847 0.454763 0.515090
v -0.579688 0.486788 0.489135
v -0.595745 0.519976 0.461469
v 0.744336 0.454309 -0.174661
v 0.696025 0.427685 -0.163421
v 0.049003 -0.033814 0.496720
v 0.020493 -0.010158 0.504861
v 0.013137 -0.068151 0.510589
v 0.083259 -0.005593 0.476691
v -0.059334 -0.089843 0.527250
v -0.023513 -0.107362 0.518301
v -0.018282 -0.046924 0.519580
v 0.046595 -0.089430 0.501075
v -0.087918 0.728242 -0.003388
v -0.122342 0.210994 -0.595795
v 0.102280 -0.241187 -0.288485
v 0.063380 -0.230784 -0.312169
v 0.092368 -0.200741 -0.308548
v 0.070747 -0.267603 -0.289820
v -0.902946 -0.957786 0.509997
v -0.869755 -0.958464 0.543542
v -0.851676 -0.965478 0.595901
v -0.882013 -0.975080 0.560259
v -0.841947 -0.951238 0.579300
v -0.860991 -0.949496 0.536777
v -0.891965 -0.947059 0.503083
v -0.192665 0.717698 -0.153412
v -0.143695 0.700803 -0.149005
v -0.220273 0.713535 -0.173147
v -0.413442 -0.377878 -0.142662
v -0.462872 -0.373017 -0.122292
v -0.431972 -0.354883 -0.167011
v -0.498506 -0.324121 -0.164468
v -0.449248 -0.330086 -0.190690
v -0.481043 -0.348847 -0.143885
v -0.528054 -0.342394 -0.127606
v -0.510432 -0.368907 -0.108017
v -0.546144 -0.315581 -0.145529
v -0.281835 -0.422329 0.102705
v -0.330468 -0.412298 0.115373
v -0.317222 -0.405489 0.134060
v -0.308591 -0.154719 -0.437946
v 0.136501 -0.567149 -0.074956
v 0.167188 -0.597869 -0.086654
v 0.169921 -0.569605 -0.110963
v 0.452195 -0.401134 -0.029376
v 0.480455 -0.432703 -0.035861
v 0.430422 -0.401366 -0.070259
v 0.457429 -0.431425 -0.076592
v 0.509946 -0.461948 -0.039804
v 0.486286 -0.459831 -0.080567
v -0.480560 -0.453673 0.171373
v -0.438232 -0.436695 0.128866
v 0.699263 0.551100 -0.419374
v 0.721614 0.514132 -0.442248
v 0.428527 0.457216 -0.066493
v 0.459976 0.463290 -0.088196
v 0.352334 -0.154836 0.117525
v 0.364219 -0.191144 0.160121
v -0.741062 0.188809 -0.222656
v -0.793401 0.196312 -0.195468
v -0.808118 0.156094 -0.189240
v -0.753572 0.150635 -0.215676
v -0.695590 0.146356 -0.247614
v -0.677120 0.193682 0.515889
v -0.629025 0.221275 0.526856
v -0.706778 0.220288 0.500936
v -0.660618 0.248725 0.513106
v -0.734157 0.160633 0.499613
v -0.758969 0.186488 0.484281
v -0.619408 0.271860 0.526322
v -0.690639 0.276912 0.499444
v -0.735477 0.248683 0.485651
v 0.056132 0.019488 0.484952
v -0.640873 0.288402 -0.285611
v -0.101864 -0.134394 0.526274
v -0.059005 -0.149199 0.518718
v 0.361559 -0.833377 0.255794
v 0.314824 -0.845054 0.183152
v 0.387291 -0.821228 0.284555
v 0.409662 -0.843686 0.275049
v 0.337045 -0.841526 0.221866
v 0.384586 -0.855331 0.247323
v 0.338753 -0.865068 0.176605
v -0.506518 0.598437 0.425106
v -0.523634 0.628225 0.393895
v -0.706592 0.019593 -0.221700
v -0.702168 -0.026158 -0.213439
v -0.766220 0.021508 -0.199379
v -0.761031 -0.023975 -0.194721
v -0.821812 0.023494 -0.177472
v -0.815063 -0.020759 -0.174821
v -0.762373 0.109662 -0.209557
v -0.767039 0.066223 -0.204394
v -0.822687 0.068635 -0.180369
v -0.779378 -0.783501 0.439851
v -0.803506 -0.808089 0.419026
v -0.768871 -0.754943 0.399319
v -0.106746 0.152634 -0.586279
v -0.331655 0.663563 -0.336892
v 0.078799 -0.527020 0.353755
v 0.107840 -0.547112 0.348225
v 0.146031 -0.510392 0.404429
v 0.127162 -0.532208 0.378943
v 0.171009 -0.531173 0.396086
v 0.152321 -0.550799 0.370983
v 0.134301 -0.564582 0.341354
v 0.116659 -0.572511 0.307261
v -0.024350 -0.224364 -0.372925
v 0.057036 -0.191235 -0.332914
v 0.019374 -0.186177 -0.365841
v 0.052361 -0.150528 -0.350209
v 0.022812 -0.224734 -0.341038
v -1.107463 -0.922913 0.498641
v -1.133104 -0.889881 0.502284
v -0.975371 -0.265167 0.408856
v -1.036922 -0.339762 0.401915
v -1.024555 -0.318262 0.368367
v -0.569634 0.723444 0.247352
v -0.606457 0.701330 0.247007
v -0.566235 0.713659 0.276256
v -0.642203 0.686461 0.232499
v -0.646625 0.673670 0.265872
v -0.601860 0.676628 0.306809
v -0.559772 0.699145 0.305612
v -0.605628 0.690923 0.275576
v 0.593209 -0.528569 0.136522
v 0.611281 -0.535710 0.094005
v 0.623568 -0.541312 0.048713
v 0.633194 -0.552619 0.091782
v 0.595664 -0.542769 0.172840
v 0.565464 -0.504750 0.138953
v 0.568945 -0.518889 0.176212
v 0.485698 0.429884 -0.391568
v -0.523293 0.509827 0.491584
v -0.540312 0.541634 0.462150
v -0.991327 -0.695633 0.245947
v -1.011931 -0.700120 0.264517
v -1.031135 -0.705727 0.282138
v -1.008054 -0.644227 0.242377
v -1.027375 -0.645442 0.260840
v -0.631545 -0.012317 0.523517
v -0.547137 -0.031803 0.535417
v -0.562486 -0.093871 0.529745
v -0.304231 0.656795 -0.367087
v -0.279890 0.660119 -0.361943
v -0.301198 0.641646 -0.402588
v -0.310342 0.667635 -0.334870
v -0.287038 0.669382 -0.328319
v -0.296554 0.676783 -0.300075
v -0.920969 -0.833087 0.328886
v -0.903628 -0.786153 0.284935
v -0.895784 -0.812439 0.316640
v -0.726341 0.517735 -0.148546
v -0.572406 0.604650 0.400990
v -0.556954 0.573696 0.431959
v -0.440876 0.597899 0.442294
v -0.538233 0.656021 0.364035
v 0.180398 -0.683863 0.163728
v 0.162927 -0.654593 0.170461
v 0.187733 -0.714090 0.116099
v 0.193420 -0.682576 0.204106
v 0.720466 0.411974 -0.173844
v 0.744157 0.399920 -0.186760
v 0.765946 0.437462 -0.181201
v 0.651847 0.400488 -0.147479
v 0.678029 0.384799 -0.161640
v -0.068356 -0.498956 0.188827
v -0.118246 -0.470207 0.185852
v -0.092883 -0.492043 0.151164
v -0.040093 -0.505781 0.231463
v -0.086514 -0.476739 0.229499
v -0.168407 -0.441290 0.184473
v -0.133460 -0.446102 0.228293
v -0.051729 -0.481878 0.275768
v -0.094365 -0.451251 0.275583
v -0.813952 -0.684848 0.646268
v -0.820876 -0.647694 0.644016
v -0.831788 -0.698525 0.676719
v -0.795935 -0.676608 0.623307
v -0.810948 -0.724317 0.649332
v -0.822429 -0.733897 0.676543
v 0.244613 0.548727 -0.135971
v -0.135282 0.510162 0.385360
v -0.924951 -0.874596 0.374114
v -0.949067 -0.895690 0.397451
v -0.938004 -0.887555 0.386403
v -0.916749 -0.906998 0.418958
v -0.925309 -0.914720 0.428671
v -0.907838 -0.856119 0.361775
v -0.557780 -0.172887 -0.226901
v 0.075096 0.301924 0.355304
v 0.118614 0.313336 0.314028
v -1.041701 -0.353113 0.429663
v -1.042020 -0.365963 0.451821
v -1.009674 -0.367206 0.504243
v -1.043308 -0.382022 0.468996
v 0.893795 0.647080 -0.319299
v 0.992300 0.638623 -0.323773
v 0.997777 0.630680 -0.297148
v 0.951720 0.654829 -0.305956
v 0.903134 0.641730 -0.288755
v 0.853200 0.630152 -0.297688
v 0.399738 -0.275379 0.111905
v 0.389102 -0.254980 0.175333
v 0.415554 -0.307728 0.096868
v -0.544333 -0.215251 -0.211486
v -0.254524 0.166523 -0.631620
v -0.330011 0.162630 -0.613606
v -0.264107 0.225846 -0.638315
v -0.275199 0.283602 -0.640630
v -0.207673 0.282768 -0.635912
v -0.192071 0.223460 -0.631142
v -0.334775 0.219833 -0.617064
v -0.340051 0.274889 -0.618731
v -0.401714 0.155241 -0.564976
v 0.328645 -0.230343 -0.089207
v 0.358515 -0.254162 -0.029387
v 0.337093 -0.264553 -0.083147
v 0.350570 -0.221947 -0.027488
v 0.343523 -0.185966 -0.031060
v 0.364297 -0.215562 0.033297
v 0.355360 -0.182405 0.039436
v 0.218670 -0.571217 0.379888
v 0.241017 -0.551127 0.398881
v 0.266618 -0.574004 0.390803
v 0.268301 -0.615479 0.367374
v -0.741387 0.606762 -0.041447
v -0.734414 0.626338 -0.017009
v -0.724001 0.644247 0.006069
v -0.762266 0.636602 0.024823
v -0.774180 0.618168 -0.001528
v -0.695580 0.634930 -0.033076
v 0.466863 -0.953220 0.208749
v 0.426110 -0.927952 0.181046
v 0.411505 -0.906929 0.188969
v 0.448499 -0.923322 0.215406
v -0.672399 0.676937 0.212644
v -0.683636 0.664616 0.247706
v -0.703002 0.670442 0.192271
v 0.072913 0.459301 0.213509
v 0.540306 -0.490099 0.181529
v 0.511853 -0.474780 0.224235
v 0.482915 -0.440836 0.235709
v 0.480751 -0.462492 0.268183
v 0.510389 -0.457504 0.189126
v 0.506259 -0.441614 0.150623
v 0.535933 -0.475585 0.143386
v -0.478975 -0.418377 -0.061113
v -0.430764 -0.417408 -0.072754
v -0.464839 -0.434724 -0.034748
v -0.513962 -0.443851 -0.026499
v -0.356849 -0.439023 -0.033416
v -0.403914 -0.438631 -0.018807
v -0.368969 -0.432811 -0.060996
v -0.416847 -0.431782 -0.045848
v -0.382237 -0.419792 -0.088836
v -0.450854 -0.442971 -0.007070
v -0.446298 -0.396691 -0.098250
v -0.397475 -0.400567 -0.116137
v -0.778755 -0.762334 0.571401
v -0.753256 -0.701907 0.541603
v 0.676383 -0.623671 -0.060806
v 0.651055 -0.594291 -0.050665
v 0.695574 -0.625387 -0.022881
v 0.670548 -0.595873 -0.010889
v 0.323760 -0.858216 -0.016294
v 0.304391 -0.843590 -0.005645
v 0.320835 -0.841295 -0.058965
v 0.339547 -0.860317 -0.073779
v 0.342005 -0.842105 -0.112170
v 0.359045 -0.884341 -0.091769
v 0.301220 -0.825085 -0.047556
v 0.347427 -0.822224 -0.144626
v 0.362875 -0.866970 -0.130749
v 0.065247 -0.575984 0.121784
v 0.028052 -0.555182 0.125067
v 0.080896 -0.584425 0.154708
v 0.045619 -0.564063 0.157581
v -0.821579 -0.004808 0.455356
v -0.739687 0.039945 0.498874
v -0.836786 0.028254 0.449400
v -0.908402 -0.021449 0.389105
v -0.917848 0.006563 0.379771
v -0.682882 0.108559 0.523444
v -0.758879 0.071700 0.493990
v -0.658979 0.077160 0.528963
v -0.778922 0.097695 0.485039
v -0.851043 0.054621 0.440630
v -0.708704 0.135230 0.513682
v 0.637705 -0.658460 0.241363
v 0.654979 -0.678845 0.232025
v -0.352363 0.564068 0.475217
v -0.332255 0.525764 0.486670
v -0.315002 0.490104 0.494263
v 0.596271 -0.869219 0.290771
v 0.496983 -0.902013 0.266206
v -0.773472 0.639105 0.244823
v -0.784146 0.618295 0.283265
v -0.732270 0.643395 0.264863
v -0.720241 0.658890 0.227889
v -0.787834 0.590834 0.321198
v -1.086039 -0.895971 0.447154
v -1.109173 -0.860863 0.443852
v 0.387724 0.298202 0.030561
v 0.399675 0.243875 0.011266
v 0.475136 0.246276 -0.070154
v 0.439794 0.222783 -0.044297
v -0.331682 0.581911 -0.473391
v -0.300969 0.622000 -0.442141
v -0.361520 0.562498 -0.454122
v -0.630445 -0.579054 0.255088
v -0.681443 -0.629992 0.278282
v -0.635211 -0.582773 0.229574
v -0.622256 -0.569259 0.274538
v -0.672577 -0.622940 0.299787
v -0.690661 -0.626743 0.218109
v -0.640176 -0.583167 0.198364
v -0.640159 0.037841 0.528786
v -0.562273 0.069806 0.548816
v -0.615399 0.139133 0.540959
v -0.586269 0.107474 0.547673
v -0.147685 0.595127 -0.442553
v 0.594520 -0.558624 0.204882
v 0.583412 -0.597570 0.260038
v 0.280006 0.396239 0.126998
v 0.250124 0.349373 0.186795
v 0.300113 0.355145 0.127464
v 0.305712 0.440123 0.065089
v 0.326882 0.391781 0.076564
v 0.269923 0.315687 0.179110
v 0.318108 0.308155 0.120314
v 0.288306 0.276693 0.166015
v 0.257210 0.243960 0.213004
v -0.118949 0.513670 -0.496830
v -0.134207 0.559145 -0.474815
v -0.400776 0.260223 -0.573691
v 0.469752 -0.390803 0.117382
v 0.435419 -0.342430 0.083332
v 0.008646 0.476342 0.262632
v -0.009832 0.501444 0.262945
v -0.010973 0.462025 0.303944
v 0.029259 0.452330 0.263721
v 0.009646 0.433946 0.306463
v -0.036216 -0.294113 0.477646
v -0.020185 -0.259767 0.491396
v -0.078598 -0.276859 0.480084
v -0.013488 -0.344527 0.457415
v -0.051181 -0.323103 0.459385
v -0.092853 -0.303815 0.460564
v 0.392882 -0.271968 0.063281
v 0.382207 -0.275280 0.013870
v 0.382037 -0.242494 0.077356
v 0.386893 -0.245428 0.127676
v 0.371927 -0.214012 0.090687
v 0.372715 -0.246259 0.024820
v -0.668126 0.538940 0.424941
v -0.611339 0.553949 0.432161
v -0.653801 0.503599 0.454381
v 0.980189 0.530351 -0.434490
v -0.809342 -0.764807 0.652819
v -0.815563 -0.770956 0.675882
v 0.346652 0.496460 -0.040572
v 0.326611 0.474763 0.006578
v 0.374628 0.439458 -0.009710
v 0.396918 0.375342 0.003555
v 0.371272 0.359340 0.037571
v 0.399905 0.450514 -0.041176
v 0.372064 0.506529 -0.075390
v 0.350631 0.420919 0.029699
v -1.004426 -0.066720 0.209344
v -0.973870 -0.018954 0.295363
v -1.002618 -0.040430 0.205632
v -0.974685 0.005317 0.289203
v -0.924776 0.030493 0.370250
v -0.971018 -0.044832 0.303999
v -0.931394 -0.643395 0.177994
v -0.905987 -0.680900 0.190920
v -0.960788 -0.644852 0.201144
v -0.897568 -0.638630 0.151760
v -0.938381 -0.687213 0.210243
v -0.986383 -0.644539 0.222111
v -0.922372 -0.724477 0.228606
v -0.888288 -0.712450 0.212596
v -0.047556 0.518124 0.302612
v -0.026409 0.527515 0.264219
v -0.836260 0.284906 0.436619
v -0.763873 0.280332 0.470231
v -0.821598 0.357108 0.437516
v -0.903177 0.291621 0.394877
v -0.864675 0.327789 0.419334
v -0.852735 -0.057949 -0.151892
v -0.803754 -0.063525 -0.172023
v -0.839778 -0.096610 -0.152263
v -0.898757 -0.052347 -0.123360
v -0.888825 -0.089734 -0.126892
v -0.863230 -0.016695 -0.151475
v -0.369686 0.527351 -0.486286
v -0.378348 0.488522 -0.515447
v -0.656980 -0.604194 0.316538
v -0.459608 -0.051440 0.544143
v -0.461049 0.003300 0.550765
v -0.373815 -0.066661 0.548537
v -0.269882 -0.369549 0.241761
v -0.314816 -0.357343 0.253442
v -0.311831 -0.378179 0.204123
v -0.265451 -0.345968 0.292009
v -0.404395 -0.379445 0.240136
v -0.357872 -0.373151 0.220089
v -0.360994 -0.355572 0.268495
v -0.221566 -0.365032 0.284674
v -0.215599 -0.339505 0.332619
v 0.112379 0.018696 0.452692
v -0.016339 -0.291528 -0.312227
v 0.027542 -0.260802 -0.315276
v -0.021232 -0.259364 -0.342009
v -0.829895 0.534441 -0.081328
v -0.789021 0.550968 -0.087991
v 0.806207 0.409504 -0.204500
v 0.847511 0.428548 -0.204889
v 0.786110 0.423052 -0.191977
v 0.892485 0.448368 -0.204711
v -0.097664 0.748418 0.132205
v -0.088610 0.728854 0.160520
v -0.749062 0.565165 -0.092182
v -0.746486 0.586294 -0.067114
v -0.710234 0.576848 -0.099688
v -0.789804 0.525424 -0.114522
v 0.175063 -0.653783 0.209467
v 0.144350 -0.630189 0.177822
v 0.686906 -0.910775 0.269367
v 0.677907 -0.844471 0.264796
v 0.652367 -0.874277 0.280098
v -1.015609 0.167260 0.094170
v -1.019653 0.210983 0.158767
v -1.013400 0.259603 0.218607
v -1.012704 0.154885 0.179193
v -1.002802 0.202930 0.242672
v -0.998754 0.186923 0.011499
v -1.007372 -0.051193 0.118683
v -0.996072 -0.080336 0.036082
v -1.010505 -0.079871 0.117269
v -1.005610 -0.019568 0.121122
v -0.995153 -0.048057 0.040961
v -0.968542 -0.101342 -0.035994
v -0.970672 -0.068186 -0.030057
v -0.996047 -0.011235 0.045049
v 0.220055 -0.095046 0.400575
v 0.198356 -0.115750 0.429619
v 0.203531 -0.164238 0.440644
v 0.245865 -0.123459 0.384135
v 0.226092 -0.144013 0.415238
v 0.028902 0.210175 0.441390
v 0.046776 0.183065 0.436867
v 0.052113 0.229079 0.414866
v 0.072965 0.250804 0.386418
v 0.055810 0.277989 0.388326
v 0.035389 0.258405 0.417255
v -0.974130 -0.940682 0.456638
v -0.938515 -0.951656 0.480666
v -0.512799 -0.332060 0.467390
v -0.577595 -0.384795 0.474343
v -0.573952 -0.358178 0.484731
v -0.435354 -0.269922 0.484417
v -0.508012 -0.308137 0.481352
v -0.442700 -0.292847 0.466019
v -0.042623 0.554099 0.265502
v -0.064984 0.545607 0.302421
v -0.044307 0.696870 0.112597
v -0.045205 0.682332 0.145894
v -0.060834 0.677017 0.183293
v -0.061447 0.703515 0.150369
v -0.076363 0.703589 0.178150
v -0.973998 -0.390591 0.547481
v -1.015445 -0.392403 0.518429
v -0.942455 -0.430579 0.581399
v -1.028582 -0.423707 0.533363
v 0.490702 -0.992232 0.199686
v 0.491925 -0.944411 0.238899
v -0.144593 -0.464735 0.148174
v -0.196483 -0.438421 0.147356
v -0.378750 0.649067 -0.325418
v -0.408961 0.639459 -0.308640
v -0.437720 0.660074 -0.232903
v -0.440464 0.646559 -0.259561
v -0.444195 0.629515 -0.284096
v -0.695695 0.369727 -0.220118
v -0.671235 0.327451 -0.248918
v -0.712732 0.414898 -0.199236
v -0.679834 0.405071 -0.220766
v -0.285906 0.339636 -0.639532
v -0.223670 0.341059 -0.636956
v -0.501484 0.271479 -0.449665
v -0.509754 0.230254 -0.441755
v -0.312278 0.585529 0.442093
v -0.792330 0.650095 0.127134
v -0.800856 0.629601 0.046066
v -0.093904 -0.422099 0.323182
v -0.132501 -0.391752 0.325660
v -0.136905 -0.420024 0.276532
v -0.179126 -0.390319 0.279333
v -0.179755 -0.416671 0.229555
v -0.225148 -0.390391 0.233909
v -0.265348 -0.392778 0.192843
v -0.217595 -0.414551 0.186425
v -0.172808 -0.363060 0.328469
v -0.978931 0.056047 -0.023224
v -0.949118 0.041048 -0.077135
v -0.976304 0.009725 -0.021833
v -0.939532 -0.044360 -0.081608
v -0.973147 -0.031665 -0.024815
v -0.944517 -0.003346 -0.077743
v -0.906677 -0.011532 -0.120460
v -0.911964 0.032447 -0.119508
v -0.978833 0.106568 -0.030000
v -0.949139 0.089437 -0.080723
v -0.913054 0.078968 -0.121536
v -0.404963 0.503577 -0.453406
v -0.444569 0.481492 -0.414223
v -0.835091 -0.754661 0.711481
v 0.881860 0.398651 -0.241971
v 0.919020 0.418323 -0.243110
v 0.472413 -0.914395 0.243636
v 0.376022 -0.893432 0.160433
v -0.763851 0.658823 0.150563
v -0.733782 0.665131 0.172130
v -0.790475 0.648667 0.184699
v 0.435962 -0.711627 -0.207183
v 0.396386 -0.718487 -0.201681
v 0.381023 -0.747255 -0.197428
v -0.508680 0.705910 0.324484
v -0.549880 0.680041 0.334775
v 0.375011 -0.696217 -0.194777
v 0.345644 -0.295026 -0.083066
v 0.327429 -0.335958 -0.124561
v 0.402312 0.114219 -0.088674
v -0.255026 -0.004381 0.565688
v -0.306551 -0.034938 0.558000
v 0.592855 -0.644072 0.277568
v 0.578401 -0.671622 0.298003
v 0.609739 -0.664578 0.271022
v -0.684918 0.183563 -0.257401
v -0.817558 0.113395 -0.184247
v -0.529819 -0.255526 -0.196920
v -0.597219 -0.207947 -0.187624
v -0.650009 -0.202234 -0.172864
v 0.704021 0.450343 -0.440749
v 0.726860 0.460001 -0.447839
v 0.670744 0.495363 -0.437261
v 0.696071 0.502958 -0.441267
v -0.926430 0.306446 -0.105057
v -0.837384 0.298834 -0.169552
v -0.891450 -0.874486 0.394099
v -0.999304 0.030584 0.045491
v -0.920054 -0.478397 0.609134
v -0.434926 0.672223 -0.204558
v -0.407951 0.686933 -0.196106
v -0.109153 0.761842 0.103278
v 0.244126 0.206786 -0.340536
v 0.220806 0.073853 -0.344252
v 0.148382 0.172663 -0.307479
v 0.347595 -0.888998 0.016270
v 0.331073 -0.872428 0.028999
v 0.427874 -0.861460 0.265454
v -0.827888 -0.655824 0.148637
v -0.782764 -0.634535 0.126003
v -0.733834 -0.606849 0.104573
v -0.711905 -0.615477 0.142508
v -0.762332 -0.590255 0.069682
v -0.275208 0.647188 -0.400183
v 0.051471 0.429705 0.265760
v 0.031319 0.406288 0.310047
v -0.008106 0.419611 0.343054
v 0.013691 0.388564 0.347732
v 0.341707 -0.492543 -0.181070
v 0.391533 -0.497658 -0.175485
v 0.371855 -0.518013 -0.184386
v 0.362330 -0.472254 -0.172326
v -1.077049 -0.948437 0.496567
v 0.509018 0.522768 -0.156312
v 0.549900 0.528405 -0.174540
v -0.594830 0.402591 -0.289093
v 0.141889 -0.588575 0.300934
v 0.126308 -0.592138 0.264848
v 0.087690 -0.555083 0.312751
v 0.098885 -0.575528 0.270035
v 0.111107 -0.592502 0.227366
v -0.415828 0.463106 -0.476431
v -0.493761 -0.395167 -0.085710
v -0.559012 -0.367494 -0.100150
v -0.528370 -0.424565 -0.053649
v -0.542991 -0.397902 -0.078395
v -0.332318 0.703062 -0.210667
v -1.111529 -0.622816 0.356234
v 0.238440 -0.072854 0.366151
v 0.262564 -0.101502 0.347724
v 0.231059 -0.019705 0.345984
v 0.247591 0.004711 0.304045
v 0.179127 -0.389606 0.458877
v 0.208005 -0.748357 0.109931
v 0.198735 -0.739899 0.067887
v 0.179463 -0.705810 0.075683
v 0.173551 -0.692437 0.037666
v 0.140162 0.295167 0.309028
v 0.094135 0.278125 0.353602
v 0.194940 -0.551275 0.387520
v 0.215994 -0.528884 0.407741
v -0.101989 0.599051 0.296890
v -0.671587 0.218832 -0.267621
v 0.785456 -0.782925 0.134428
v -0.193567 0.711871 0.285479
v -0.889669 0.376011 0.396876
v -0.812260 0.634228 0.222382
v -0.756925 0.654449 0.207246
v -0.717926 -0.629088 0.510936
v 0.791229 0.379494 -0.217189
v 0.826883 0.396110 -0.219839
v 0.767568 0.389891 -0.201305
v 0.814453 0.367275 -0.235689
v 0.779661 0.353330 -0.230062
v 0.847651 0.381873 -0.239553
v 0.754634 0.361885 -0.212355
v 0.863752 0.413525 -0.220953
v 0.122785 -0.609055 0.184652
v 0.096094 -0.589849 0.190132
v 0.156657 -0.629886 0.215486
v 0.135913 -0.610201 0.221773
v -0.906218 -0.893701 0.407063
v -0.893325 -0.921765 0.451874
v 0.743210 0.312889 -0.256224
v 0.709604 0.298049 -0.276363
v 0.652215 0.279549 -0.265208
v 0.765197 0.331375 -0.242262
v 0.086062 0.044313 0.461063
v 0.110891 0.067121 0.434811
v -0.084889 0.542887 -0.435455
v -0.039003 0.527844 -0.389835
v -0.067468 0.493214 -0.449582
v -0.101282 0.460372 -0.507712
v -0.964886 -0.076316 0.314972
v 0.748681 0.473655 -0.453189
v -0.732805 -0.673009 0.510348
v 0.669403 -0.783365 0.255158
v 0.687928 -0.755778 0.231778
v -0.627453 0.181168 -0.302952
v -0.616500 0.217268 -0.315717
v 0.283500 -0.827851 0.002533
v 0.291102 -0.844076 0.046369
v 0.312043 -0.859077 0.038799
v 0.242025 0.119211 0.259230
v 0.246806 0.179259 0.237453
v -1.005425 0.422836 0.105914
v 0.185985 -0.237990 0.464019
v 0.153436 -0.212776 0.472650
v 0.217361 -0.264074 0.454999
v 0.209735 -0.212951 0.448870
v 0.178866 -0.186418 0.459991
v -1.003528 -0.096469 0.217338
v -0.090242 -0.190151 0.511975
v -0.138533 -0.116243 0.533978
v 0.239867 -0.239108 0.437915
v 0.232537 -0.191094 0.427837
v -0.934066 -0.081564 -0.086911
v -1.001784 0.132045 0.029597
v -1.001576 0.078999 0.040643
v 0.643934 -0.558353 0.045665
v 0.663447 -0.578283 0.039655
v 0.698269 -0.625002 0.104493
v 0.693901 -0.612522 0.068501
v 0.286668 -0.242094 0.400530
v 0.260255 -0.217116 0.414413
v 0.608084 -0.533318 0.003351
v -0.615841 0.715865 0.130176
v -0.590584 0.730149 0.109980
v 0.049517 -0.108871 -0.363370
v 0.386973 -0.897240 -0.152043
v 0.105048 -0.466002 -0.141388
v 0.144390 -0.489196 -0.146471
v 0.101089 -0.488831 -0.118144
v -0.436160 0.377452 -0.506833
v -0.439014 -0.214501 0.513877
v -0.359879 -0.183302 0.521558
v -0.445741 -0.181535 0.525020
v -0.453157 -0.144372 0.533377
v -0.543534 -0.184117 0.526053
v -0.369224 -0.109928 0.541878
v -0.364381 -0.148560 0.533026
v 0.281991 -0.685725 -0.147585
v -0.952081 -0.262322 -0.019969
v -0.960687 -0.211722 -0.032133
v -1.011878 -0.144537 0.126437
v -0.996722 -0.183734 0.040402
v -0.205762 -0.447202 -0.051844
v -0.252721 -0.445650 -0.037078
v -0.211899 -0.441949 -0.082694
v -0.319320 -0.435177 -0.078995
v -0.268577 -0.436157 -0.097250
v -0.309440 -0.441082 -0.049230
v -0.216545 -0.434259 -0.115460
v -0.260757 -0.442628 -0.066307
v 0.941005 0.468855 -0.204234
v -0.425776 -0.341242 0.365121
v -0.487025 -0.376775 0.379807
v 0.407168 -0.406190 -0.105346
v 0.433312 -0.434694 -0.111020
v -1.067407 -0.406630 0.429527
v -0.020501 0.474661 -0.397118
v 0.001001 0.518329 -0.342849
v 0.419272 -0.522302 -0.176990
v -0.529841 0.676621 -0.098603
v -0.493094 0.678596 -0.124497
v -0.485392 0.694276 -0.099434
v -0.275073 0.312926 0.546931
v 0.918110 0.533832 -0.450244
v 0.870928 0.504849 -0.457129
v 0.832171 0.477222 -0.459650
v 0.918223 0.437085 -0.429420
v 0.857963 0.441048 -0.449559
v 0.189046 -0.650582 0.247813
v 0.169875 -0.627723 0.253162
v 0.164156 -0.604889 0.294682
v 0.180426 -0.597411 0.327091
v 0.538277 -0.487971 -0.041224
v 0.801727 0.452757 -0.456397
v 0.167202 -0.651479 -0.029851
v 0.169316 -0.674471 0.002352
v 0.166354 -0.625524 -0.059526
v -0.705344 -0.662112 0.340189
v -0.682000 -0.633101 0.355238
v -0.727752 -0.695778 0.378238
v -0.083110 0.572395 0.300372
v 0.078053 0.543283 -0.219944
v -1.116528 -0.747992 0.388385
v -1.102844 -0.797210 0.392609
v -1.085198 -0.840399 0.400589
v -1.128375 -0.818824 0.440804
v -1.079212 -0.783130 0.356915
v -1.126768 -0.695594 0.389245
v -1.093055 -0.732386 0.349109
v 0.487514 0.229593 -0.098052
v 0.513536 0.271930 -0.092833
v 0.530313 0.259779 -0.120060
v 0.547718 0.259162 -0.145206
v 0.500602 0.225968 -0.123859
v 0.448455 0.200615 -0.072276
v 0.457573 0.192055 -0.098223
v -0.488668 0.568408 0.456364
v -1.005357 0.018359 0.121793
v 0.084201 -0.158061 -0.325300
v 0.278886 -0.104474 -0.220525
v 0.333669 -0.112906 -0.071794
v 0.856870 0.384695 -0.417000
v 0.883561 0.409298 -0.424715
v 0.449665 -0.542713 0.345982
v -0.805932 -0.597236 0.620404
v 0.106167 -0.076162 -0.331551
v 0.075903 -0.072602 -0.344102
v 0.143577 -0.032749 -0.333160
v 0.110458 -0.122215 -0.322354
v 0.078573 -0.115073 -0.337277
v -1.040631 -0.817863 0.348361
v -1.022204 -0.855253 0.367713
v -1.062371 -0.827391 0.369568
v -1.063624 -0.876457 0.410504
v -1.042170 -0.863874 0.385138
v -1.037539 -0.904240 0.422772
v -1.017903 -0.892035 0.403114
v -0.999915 -0.884055 0.390005
v -1.007590 0.420019 0.195859
v -0.509528 -0.281567 0.496543
v -0.576860 -0.329118 0.497514
v -0.646642 0.166881 0.530440
v 0.830151 0.416004 -0.443278
v 0.834657 0.365808 -0.404770
v 0.808896 0.514405 -0.454461
v 0.774775 0.491982 -0.455498
v -0.055302 -0.453344 0.321973
v -0.009863 -0.510509 0.276152
v -0.017186 -0.483389 0.321051
v -0.019886 -0.449875 0.364175
v 0.047408 -0.504268 0.358488
v 0.055206 -0.534706 0.316731
v 0.019952 -0.510687 0.319408
v 0.030057 -0.535680 0.275639
v 0.014348 -0.478173 0.361684
v 0.230470 -0.631244 -0.129924
v 0.201207 -0.600790 -0.120560
v 0.239253 -0.602118 -0.148800
v 0.174598 -0.542314 -0.133115
v 0.208049 -0.572419 -0.140831
v -0.803096 -0.393172 -0.068552
v -0.827914 0.613552 0.261498
v -0.836288 0.585773 0.301029
v 0.149433 -0.609069 0.259131
v 0.158190 -0.581000 0.334032
v -0.514689 -0.292396 -0.181766
v -0.576004 -0.336748 -0.118677
v 0.345843 -0.343229 0.383010
v 0.369840 -0.369701 0.365110
v -0.159021 -0.447111 -0.065818
v 0.013406 -0.125930 0.509389
v 0.050038 -0.145232 0.500459
v 0.003962 -0.542541 0.157498
v -0.869090 -0.670948 0.170481
v -0.301813 0.443108 -0.616568
v -0.276321 0.722210 0.306850
v -0.984217 -0.877655 0.379396
v -0.960402 -0.900821 0.406398
v -0.973983 -0.906263 0.413848
v -1.004365 -0.847919 0.353937
v 0.903710 0.432078 -0.220995
v 0.946350 0.451915 -0.220604
v 0.983889 0.468249 -0.217764
v -0.476530 0.638566 -0.230824
v -0.470747 0.653386 -0.205008
v -0.619729 -0.483132 -0.012956
v -0.677351 -0.510186 -0.002184
v -0.637582 -0.455424 -0.043380
v -0.653737 -0.530214 0.031951
v -0.708718 -0.561971 0.048000
v -0.565095 -0.460084 -0.020012
v -0.580667 -0.436999 -0.048820
v -0.299394 -0.442644 -0.021842
v -0.345246 -0.439692 -0.006852
v 0.037786 0.308302 0.387807
v 0.055635 0.328749 0.354553
v -0.043112 -0.205289 0.505701
v -0.063397 -0.242637 0.495672
v -0.125394 -0.262110 0.481571
v -0.000641 -0.221908 0.499916
v -0.110235 -0.227907 0.499637
v -1.082826 -0.473568 0.526765
v -1.088602 -0.455224 0.465765
v -1.062709 -0.435175 0.501112
v -1.074960 -0.427047 0.445481
v -1.049541 -0.404694 0.483789
v -1.007331 0.366313 0.236118
v -0.822339 -0.842695 0.721697
v -0.823011 -0.786891 0.704886
v -0.814078 -0.819715 0.695435
v 0.532643 0.559871 -0.210803
v -0.735388 -0.559536 0.562253
v -0.721377 -0.468175 0.546234
v -0.998789 0.309435 0.270196
v 0.369993 -0.846818 -0.162293
v 0.379528 -0.824018 -0.185979
v 0.325004 -0.000334 0.108691
v 0.483303 0.198676 -0.144658
v 0.451021 0.162279 -0.147920
v 0.428057 0.154995 -0.093531
v 0.438456 0.157469 -0.118955
v 0.469022 0.193082 -0.121755
v 0.834686 0.355253 -0.259672
v 0.819786 0.334463 -0.279473
v 0.709940 -0.632212 0.015482
v 0.685116 -0.602271 0.029741
v -0.965357 -0.170111 -0.038552
v -0.998007 -0.111329 0.032669
v -0.967364 -0.134444 -0.039463
v -0.999132 -0.144487 0.033949
v 0.249705 -0.573143 -0.163658
v 0.216833 -0.544513 -0.157450
v 0.268075 -0.630207 -0.156376
v 0.280108 -0.600564 -0.169718
v -0.067249 0.721002 0.126262
v -0.647787 -0.580978 0.162665
v -0.697802 -0.620972 0.181570
v -0.760362 -0.647951 0.161710
v -0.739940 -0.667171 0.235814
v -0.746925 -0.658083 0.198941
v -0.589437 -0.539580 0.176761
v -1.012579 0.112657 0.110196
v -0.975434 0.158811 -0.042846
v 0.242637 0.061246 0.281364
v 0.152620 -0.466602 -0.162986
v 0.162508 -0.445166 -0.175237
v 0.181711 -0.515947 -0.151633
v -0.797808 -0.635952 0.621024
v -0.776451 -0.622019 0.602403
v -0.782629 -0.580802 0.603278
v 0.851734 0.539385 -0.447819
v -0.267928 -0.418507 0.123192
v -0.247177 -0.414969 0.150578
v -0.055098 -0.419804 0.365812
v -0.090752 -0.390390 0.368217
v -0.129154 -0.361656 0.370077
v 0.490113 -0.552809 -0.160395
v 0.467889 -0.568687 -0.175151
v 0.466660 -0.529993 -0.162266
v 0.490519 -0.518413 -0.142517
v 0.464655 -0.494724 -0.143189
v 0.513975 -0.540896 -0.140555
v 0.441015 -0.506134 -0.163175
v 0.346124 -0.264413 0.337269
v 0.802450 0.343287 -0.251649
v 0.785348 0.324537 -0.268046
v 0.408841 -0.443191 -0.137853
v 0.384982 -0.455681 -0.158146
v 0.413416 -0.481433 -0.161502
v -0.827711 0.504301 -0.111634
v -0.820783 0.472377 -0.137499
v -0.333171 -0.437048 0.017397
v -0.287966 -0.441218 0.003846
v -1.008419 0.062388 0.118908
v 0.452701 -0.430088 0.282697
v -0.139515 -0.287028 0.460259
v 0.407333 -0.456721 0.354650
v 0.446065 -0.456519 0.312286
v -0.057273 -0.383089 0.404625
v -0.022955 -0.410968 0.402540
v -1.021006 -0.809931 0.331759
v -0.814731 -0.868026 0.704982
v -0.626679 0.709863 0.063483
v -0.882054 0.577107 0.279694
v -0.838051 0.550925 0.339378
v -0.886022 0.540426 0.319746
v -0.870214 0.026831 -0.152039
v 0.375781 -0.227869 0.192775
v 0.375358 -0.217736 0.143669
v -0.516182 0.766764 0.189868
v -0.094513 -0.356263 0.406015
v -0.136351 -0.331032 0.406390
v -0.183256 -0.309932 0.406238
v -0.171339 -0.335642 0.371502
v -0.217887 -0.315622 0.373445
v -0.965493 0.211032 -0.060865
v -0.944835 0.139359 -0.089110
v -0.908937 0.126614 -0.127071
v 0.035000 0.357846 0.351724
v 0.018155 0.340779 0.385351
v -0.178436 0.163762 -0.623018
v 0.224294 0.035703 0.324587
v -0.987744 0.410720 0.277680
v 0.454975 0.519594 -0.350274
v 0.512146 0.384643 -0.399935
v 0.001642 -0.393002 0.431597
v -0.032189 -0.368049 0.434153
v 0.009713 -0.438492 0.399874
v 0.033321 -0.418114 0.428444
v -0.069273 -0.344088 0.435871
v 0.170734 0.341227 0.259969
v 0.146649 0.356941 0.265344
v -0.925221 -0.939724 0.472643
v -0.958594 -0.928907 0.445947
v -0.914441 -0.934664 0.469271
v -0.945065 -0.922134 0.440489
v -0.989972 -0.913490 0.422946
v -0.906071 -0.932709 0.466328
v -0.934073 -0.918495 0.435706
v 0.436862 -0.469685 -0.141494
v 0.461356 -0.462518 -0.114639
v 0.360579 0.279577 0.065371
v 0.345609 0.336331 0.077054
v 0.063241 -0.570569 0.193281
v -0.017098 -0.165457 0.510577
v -0.870982 0.072647 -0.153738
v -0.167238 -0.417925 -0.163429
v 0.050029 0.228915 -0.345848
v 0.083162 0.139507 -0.327539
v 0.067496 0.181646 -0.332218
v 0.084852 0.227253 -0.298859
v -0.376374 0.598143 0.451075
v -0.833478 -0.934528 0.558727
v -0.020297 -0.525779 0.191995
v -0.787465 -0.704686 0.249927
v 0.367475 -0.774626 -0.187075
v 0.356232 -0.799700 -0.169505
v -1.012887 -0.109416 0.119122
v 0.414108 0.173624 -0.042631
v 0.407866 0.201618 -0.014998
v 0.384727 0.148960 -0.008649
v 0.420226 0.158918 -0.068639
v 0.389220 0.127848 -0.035093
v -1.004937 0.103292 0.191963
v 0.515464 -0.511247 -0.115921
v 0.489356 -0.488038 -0.116255
v 0.540268 -0.508902 -0.081628
v 0.514399 -0.485840 -0.082028
v -1.003395 -0.802519 0.315510
v -1.017134 -0.757323 0.295563
v 0.366844 -0.283704 -0.035322
v 0.724666 -0.659422 -0.038512
v 0.303247 -0.855920 0.091147
v 0.324154 -0.870578 0.083916
v 0.837472 0.571210 -0.427457
v -0.734143 0.563783 0.376844
v -1.056349 -0.772768 0.332498
v 0.138899 -0.513788 -0.125392
v 0.557745 -0.725255 -0.216267
v 0.111075 0.233372 -0.277386
v 0.097569 0.283023 -0.275889
v 0.141397 0.290884 -0.254695
v 0.121526 0.323150 -0.251586
v 0.083326 0.343102 -0.282802
v 0.068616 0.278968 -0.310102
v 0.252894 -0.170813 0.400361
v -0.869494 -0.931012 0.484946
v -0.847878 -0.930835 0.517274
v 0.362041 -0.185024 0.103609
v 0.394864 0.117292 -0.061061
v 0.538908 -0.533002 -0.114202
v 0.489609 -0.591659 -0.172917
v -0.856506 0.163518 -0.163911
v -0.866292 0.118660 -0.157525
v 0.257248 -0.659846 -0.139151
v 0.357629 -0.890667 0.119156
v 0.342366 -0.883623 0.074819
v 1.023420 0.612646 -0.345469
v -0.786975 0.557513 0.358375
v -0.832374 0.510365 0.374891
v -0.557195 -0.143722 0.528790
v -0.459192 -0.101735 0.539196
v -0.485436 -0.460689 0.154003
v -0.444982 -0.442799 0.109966
v -0.533947 -0.494432 0.180020
v -0.529363 -0.487641 0.200198
v 0.705853 -0.656891 -0.074658
v -0.645905 -0.351830 0.514903
v -0.690162 -0.409968 0.528218
v -0.633306 -0.385482 0.505387
v -1.132980 -0.643616 0.397484
v -0.654596 0.363511 -0.250752
v -0.639632 0.401410 -0.251253
v 0.953829 0.637083 -0.280059
v 0.995420 0.618801 -0.275116
v -0.911664 -0.757290 0.254452
v -0.877039 -0.739451 0.241541
v -0.808545 -0.876198 0.587301
v -0.269541 -0.303285 0.375921
v -0.326054 -0.301966 0.380016
v 0.324839 -0.242200 0.353640
v 0.335279 -0.290067 0.370785
v -0.516902 -0.252180 0.509057
v -0.587724 -0.298057 0.508912
v 0.302244 -0.219823 0.369371
v 0.311603 -0.266233 0.386193
v 0.933285 0.604391 -0.230947
v -0.449482 0.607246 -0.306255
v -0.483221 0.620402 -0.254328
v 0.997349 0.471747 -0.243782
v 1.008677 0.470775 -0.271347
v 1.023848 0.505306 -0.271748
v -0.884067 -0.942882 0.500808
v -0.579499 -0.530683 0.228569
v 0.041157 -0.464984 0.396419
v 0.071354 -0.489484 0.391643
v 0.280447 -0.808282 -0.038628
v 0.175775 -0.568792 0.363061
v 0.342523 -0.109965 0.069755
v 0.435626 -0.827631 0.296566
v 0.452883 -0.846476 0.286792
v -0.584102 -0.536359 0.205588
v -0.539666 -0.499133 0.154555
v 0.982043 0.489528 -0.216082
v 1.011944 0.522357 -0.242854
v 1.007577 0.500580 -0.242633
v 1.033324 0.530722 -0.271367
v 0.952314 0.586319 -0.226624
v 1.013684 0.558723 -0.246542
v 1.008732 0.575767 -0.248746
v 1.022196 0.600752 -0.272508
v 0.997017 0.592533 -0.251275
v 1.036072 0.583829 -0.271732
v 0.976569 0.609946 -0.254117
v 1.012607 0.625009 -0.338129
v 1.041749 0.603773 -0.317725
v 1.023986 0.620498 -0.316314
v 1.029426 0.610856 -0.293268
v 1.014485 0.541357 -0.244004
v 1.039141 0.550398 -0.271300
v 1.048896 0.587129 -0.323126
v 1.040638 0.567428 -0.271687
v 1.050019 0.559346 -0.299077
v 1.052086 0.577195 -0.296311
v 1.046375 0.593604 -0.293724
v -0.884799 -0.908455 0.439407
v -0.500870 -0.471388 0.105190
v -0.561908 -0.505454 0.089951
v -0.548551 -0.502765 0.124002
v -0.491586 -0.466379 0.131889
v 0.059250 0.526989 -0.256879
v 0.563851 -0.529247 -0.080640
v -0.605850 -0.264829 0.518290
v -0.804803 0.443997 -0.158347
v -0.928068 -0.115848 -0.091851
v 0.587671 -0.529149 -0.040921
v -0.572954 0.738573 0.138044
v -0.390733 -0.439180 0.007554
v 0.415787 -0.758362 0.333224
v 0.413960 -0.805032 0.307121
v -0.557341 0.745680 0.169648
v -0.547580 0.023811 0.543951
v -0.110977 -0.321506 0.436023
v -0.574697 0.716430 0.004354
v 0.022423 -0.182970 0.502824
v 0.059848 -0.201405 0.495204
v 0.295857 -0.640451 0.361587
v 0.270730 -0.654009 0.340048
v -0.664964 0.440620 -0.218932
v -0.611227 -0.541089 0.106361
v -0.597778 -0.540857 0.143232
v 0.145584 0.233454 -0.276981
v 0.109959 0.195528 -0.293150
v 0.563948 -0.510478 -0.041028
v 0.278174 -0.196125 0.384987
v -0.760852 0.448315 -0.172043
v -0.739505 0.429334 -0.184374
v -0.784964 0.419106 -0.173214
v 0.572925 -0.621747 0.283999
v 0.095154 -0.221663 0.487231
v -0.881360 0.497149 0.356754
v 0.037479 0.402952 -0.337797
v -0.762376 -0.556612 0.586492
v -0.743569 -0.518835 0.566970
v -0.756207 -0.598252 0.583554
v -0.789053 0.497021 -0.137804
v -0.777454 0.471193 -0.157898
v -0.751552 0.496354 -0.153480
v -0.724920 0.494210 -0.164109
v -0.740087 0.476402 -0.167286
v -0.707655 0.487340 -0.174789
v -0.722032 0.459597 -0.180294
v -0.157653 -0.302043 0.435349
v -0.500170 0.567163 -0.291589
v 0.045206 -0.555014 0.233315
v 0.081019 -0.574614 0.231364
v 0.066698 -0.557077 0.273640
v 0.024061 -0.549682 0.193834
v 0.004388 -0.532095 0.233105
v -0.296236 -0.398002 0.159292
v -0.742861 -0.430179 0.552580
v -0.579833 -0.505704 0.055033
v -0.599841 -0.499362 0.020255
v -0.630777 -0.539229 0.068913
v 0.603638 -0.619497 0.254183
v -0.697021 0.447778 -0.196329
v -0.793817 -0.690368 0.214641
v -0.806668 -0.675105 0.179562
v -1.007712 -0.925298 0.437596
v -1.057953 -0.922961 0.453031
v -0.491124 0.596989 -0.274864
v 0.037744 -0.239404 0.493602
v -0.528900 -0.219784 0.519249
v 0.340444 -0.877231 0.127670
v -0.849651 -0.696446 0.196245
v 0.319545 -0.862745 0.135018
v -0.837558 -0.717479 0.228405
v -0.683045 -0.574648 0.084664
v -0.661946 -0.579109 0.123518
v -0.042759 -0.518274 0.154867
v -0.435077 -0.243973 0.500192
v 0.019601 0.463766 -0.345561
v -0.966809 -0.691668 0.228297
v -0.951957 -0.734130 0.244387
f 1 2 3
f 4 2 5
f 2 4 6
f 7 8 1
f 9 5 10
f 11 7 12
f 13 14 15
f 16 17 14
f 18 14 19
f 15 20 13
f 15 21 22
f 20 15 23
f 24 25 26
f 27 28 29
f 30 31 25
f 32 33 34
f 35 36 32
f 37 33 38
f 39 32 40
f 40 34 41
f 34 42 43
f 33 37 42
f 44 45 46
f 47 40 48
f 49 39 47
f 39 49 50
f 51 52 53
f 54 55 51
f 56 57 55
f 58 52 59
f 55 54 56
f 60 61 62
f 63 19 61
f 64 65 66
f 65 67 68
f 66 68 69
f 70 65 71
f 72 64 73
f 71 64 74
f 69 75 66
f 54 76 77
f 78 79 76
f 51 80 54
f 76 80 78
f 81 80 53
f 82 83 84
f 84 85 82
f 86 87 88
f 87 89 84
f 88 83 90
f 82 91 83
f 21 17 92
f 17 16 82
f 93 94 95
f 96 97 95
f 95 98 93
f 99 100 101
f 95 99 96
f 94 102 99
f 103 104 57
f 105 59 106
f 107 108 104
f 109 110 111
f 112 113 101
f 114 112 111
f 113 115 96
f 116 117 113
f 12 1 118
f 119 12 120
f 121 122 118
f 123 121 3
f 124 119 125
f 126 11 127
f 127 124 128
f 129 130 131
f 125 130 128
f 131 132 129
f 130 129 133
f 134 123 6
f 12 119 11
f 132 131 120
f 135 7 126
f 136 98 134
f 123 134 115
f 136 134 137
f 87 86 138
f 86 88 139
f 140 89 107
f 105 106 138
f 107 141 140
f 110 62 114
f 142 23 143
f 143 112 142
f 62 20 142
f 105 138 144
f 145 146 144
f 59 105 58
f 146 147 58
f 148 145 149
f 139 148 86
f 138 108 87
f 150 103 56
f 121 123 117
f 129 150 77
f 120 122 132
f 89 140 85
f 140 151 92
f 98 136 152
f 93 152 153
f 152 154 155
f 156 151 157
f 23 22 156
f 143 156 116
f 158 117 157
f 117 158 121
f 159 158 141
f 143 116 112
f 160 159 103
f 104 159 107
f 103 150 160
f 122 158 160
f 161 162 27
f 26 28 163
f 29 164 27
f 165 166 167
f 168 169 165
f 167 170 165
f 171 172 173
f 174 175 172
f 176 171 177
f 173 166 178
f 178 179 173
f 74 72 163
f 26 72 24
f 163 162 180
f 181 161 182
f 183 181 184
f 164 185 182
f 184 186 183
f 31 187 29
f 188 189 190
f 188 191 192
f 190 193 194
f 191 188 195
f 196 197 189
f 197 198 193
f 192 199 188
f 200 199 201
f 200 201 202
f 203 204 205
f 204 206 202
f 202 207 200
f 208 207 209
f 203 210 204
f 206 204 211
f 212 213 214
f 215 214 216
f 217 212 215
f 218 219 217
f 213 212 220
f 221 215 222
f 223 224 214
f 223 213 225
f 224 223 226
f 227 228 220
f 200 196 199
f 197 196 208
f 229 71 230
f 231 232 233
f 233 70 229
f 232 67 70
f 171 176 231
f 233 234 231
f 229 235 233
f 170 167 216
f 194 236 50
f 195 190 237
f 238 239 43
f 240 238 45
f 67 232 241
f 177 242 176
f 243 244 245
f 218 246 247
f 244 248 247
f 247 249 218
f 244 250 248
f 251 243 252
f 253 243 254
f 243 253 244
f 252 245 255
f 255 256 252
f 257 258 238
f 238 240 257
f 259 258 260
f 239 258 261
f 50 35 39
f 237 194 262
f 24 73 263
f 263 30 24
f 67 241 264
f 242 177 265
f 172 171 174
f 36 35 198
f 266 267 268
f 268 210 269
f 270 211 266
f 271 203 272
f 205 201 272
f 273 274 192
f 230 275 229
f 264 242 276
f 68 264 277
f 278 44 279
f 37 280 46
f 281 279 282
f 38 283 37
f 185 284 184
f 284 260 186
f 45 44 240
f 285 217 221
f 246 218 285
f 221 286 285
f 287 288 209
f 209 206 287
f 289 208 290
f 290 283 289
f 291 283 288
f 292 288 293
f 294 291 292
f 252 295 251
f 296 297 251
f 298 296 299
f 278 300 181
f 162 161 301
f 279 281 278
f 181 183 278
f 302 222 175
f 222 303 221
f 304 305 303
f 275 305 235
f 235 304 234
f 303 222 304
f 306 307 308
f 303 307 286
f 234 302 174
f 230 74 180
f 226 168 224
f 255 246 309
f 256 255 310
f 286 311 309
f 211 270 287
f 299 295 312
f 36 198 38
f 198 197 289
f 266 268 299
f 261 48 239
f 180 313 230
f 275 313 305
f 270 312 293
f 314 292 315
f 248 220 249
f 316 282 294
f 283 291 280
f 317 313 301
f 313 317 308
f 301 300 317
f 312 270 299
f 312 256 315
f 311 314 310
f 292 314 294
f 308 316 306
f 307 306 311
f 317 281 316
f 4 5 318
f 319 185 187
f 185 319 284
f 318 320 4
f 320 154 137
f 154 320 321
f 79 322 133
f 210 203 323
f 324 325 326
f 325 324 327
f 326 328 324
f 328 326 329
f 330 331 332
f 333 330 334
f 335 336 337
f 338 339 340
f 341 342 336
f 337 343 335
f 344 345 339
f 346 347 348
f 346 349 350
f 349 346 351
f 348 352 353
f 347 354 352
f 355 356 357
f 357 358 359
f 360 361 362
f 359 361 363
f 356 364 358
f 365 366 367
f 367 368 365
f 365 369 370
f 371 372 373
f 368 374 369
f 375 376 377
f 378 379 380
f 381 382 383
f 379 384 385
f 379 378 384
f 379 386 383
f 386 379 387
f 388 389 390
f 388 391 389
f 392 393 389
f 391 388 394
f 395 396 390
f 397 398 399
f 399 400 397
f 400 399 401
f 402 403 404
f 399 403 405
f 406 407 408
f 409 406 410
f 411 412 413
f 414 415 411
f 415 416 412
f 412 417 408
f 418 413 419
f 420 421 422
f 422 423 420
f 420 424 425
f 423 422 426
f 427 428 429
f 430 431 432
f 433 434 431
f 429 435 427
f 431 430 433
f 434 433 436
f 437 438 439
f 439 440 437
f 441 442 437
f 443 441 444
f 445 446 441
f 444 447 443
f 448 449 450
f 449 448 451
f 452 453 454
f 455 448 456
f 457 452 458
f 459 460 461
f 461 462 463
f 462 460 464
f 336 335 341
f 465 466 467
f 468 469 470
f 468 471 472
f 470 473 474
f 474 475 470
f 470 476 468
f 477 478 479
f 480 481 482
f 483 484 481
f 485 483 480
f 483 485 486
f 480 487 485
f 488 489 490
f 489 491 492
f 491 489 493
f 494 495 492
f 496 488 497
f 498 494 499
f 500 501 502
f 502 503 500
f 504 505 502
f 506 503 507
f 505 504 508
f 509 504 510
f 402 511 512
f 513 514 512
f 512 515 513
f 515 516 517
f 516 515 518
f 519 520 521
f 522 523 524
f 525 526 520
f 527 521 528
f 523 522 529
f 521 523 530
f 531 532 533
f 533 534 535
f 532 536 534
f 532 531 537
f 533 538 531
f 535 539 533
f 540 541 542
f 543 544 545
f 546 547 544
f 548 549 545
f 545 550 543
f 551 548 541
f 552 553 554
f 555 556 557
f 554 555 558
f 556 555 559
f 560 552 561
f 562 563 560
f 564 565 566
f 567 568 564
f 569 567 570
f 568 567 571
f 566 572 564
f 573 574 575
f 574 573 576
f 576 577 574
f 574 578 579
f 580 581 582
f 581 583 576
f 584 585 586
f 587 584 588
f 588 586 589
f 590 591 592
f 585 593 590
f 586 590 594
f 393 392 595
f 596 597 598
f 391 599 392
f 600 393 601
f 69 277 602
f 603 425 276
f 425 603 420
f 75 69 604
f 604 602 605
f 434 606 429
f 607 608 609
f 610 611 612
f 612 613 610
f 608 607 614
f 613 612 615
f 616 617 618
f 617 616 619
f 618 338 616
f 620 621 622
f 623 620 624
f 617 625 622
f 626 627 628
f 582 629 580
f 628 630 631
f 626 632 633
f 633 634 626
f 628 635 626
f 636 637 638
f 637 636 639
f 640 641 642
f 642 636 643
f 644 645 646
f 646 643 644
f 646 647 648
f 649 355 650
f 651 649 652
f 650 357 653
f 654 655 656
f 657 658 656
f 659 660 657
f 661 659 655
f 656 662 654
f 655 654 663
f 656 664 662
f 665 666 667
f 667 668 669
f 670 667 671
f 666 370 668
f 370 666 672
f 673 674 675
f 676 677 678
f 679 680 676
f 681 682 674
f 682 683 678
f 684 685 686
f 686 687 688
f 687 689 690
f 691 692 693
f 693 684 694
f 695 696 697
f 698 699 700
f 701 700 702
f 703 702 695
f 697 699 704
f 705 706 698
f 707 708 709
f 708 707 710
f 711 707 712
f 712 709 713
f 714 715 716
f 717 716 718
f 719 720 721
f 722 723 719
f 724 725 726
f 727 719 728
f 728 721 729
f 730 731 31
f 732 572 733
f 733 734 735
f 736 737 738
f 732 739 740
f 739 732 741
f 742 662 743
f 743 744 745
f 746 747 748
f 749 750 751
f 748 752 746
f 753 754 755
f 754 753 756
f 748 753 757
f 758 759 760
f 761 762 760
f 763 758 764
f 758 763 765
f 759 758 766
f 767 764 768
f 769 447 770
f 771 772 769
f 440 773 444
f 774 771 775
f 771 774 776
f 776 777 771
f 778 779 780
f 781 782 778
f 783 784 785
f 780 784 397
f 784 783 398
f 782 786 779
f 767 785 787
f 561 554 788
f 789 560 790
f 788 791 561
f 792 789 793
f 794 795 796
f 797 796 798
f 799 794 797
f 800 801 802
f 803 804 800
f 796 801 805
f 806 807 808
f 807 809 810
f 811 812 813
f 813 806 814
f 808 810 815
f 816 817 818
f 819 820 816
f 821 817 822
f 823 824 820
f 825 819 826
f 826 816 827
f 828 829 830
f 831 832 833
f 834 835 830
f 836 828 837
f 836 838 828
f 832 839 840
f 830 839 834
f 841 842 843
f 842 841 844
f 843 845 841
f 846 847 848
f 849 850 846
f 846 851 849
f 848 852 853
f 854 852 855
f 848 853 846
f 856 857 858
f 857 859 860
f 859 857 861
f 862 863 860
f 858 864 856
f 865 866 867
f 868 865 869
f 867 870 631
f 871 872 866
f 873 874 875
f 874 876 877
f 878 497 874
f 879 880 881
f 874 873 878
f 882 883 884
f 882 885 886
f 887 888 884
f 885 882 889
f 890 891 892
f 893 894 895
f 892 896 890
f 897 898 899
f 898 900 901
f 897 902 903
f 904 905 901
f 902 897 906
f 907 908 909
f 910 911 912
f 910 913 911
f 908 914 911
f 915 907 916
f 917 918 919
f 611 920 609
f 609 921 607
f 918 917 571
f 922 923 924
f 919 921 925
f 919 926 917
f 926 919 927
f 928 929 930
f 931 932 933
f 934 932 935
f 932 934 930
f 936 937 931
f 938 933 939
f 940 941 942
f 941 943 944
f 945 946 944
f 942 947 940
f 948 949 940
f 950 254 951
f 952 253 950
f 31 30 730
f 139 90 953
f 954 91 955
f 955 956 954
f 668 372 957
f 365 370 366
f 958 959 960
f 961 962 963
f 964 965 960
f 963 966 961
f 967 968 969
f 935 937 969
f 970 971 972
f 969 970 935
f 968 967 973
f 971 970 974
f 973 975 968
f 449 976 454
f 977 978 979
f 979 980 977
f 977 981 982
f 983 981 984
f 985 986 987
f 988 989 985
f 987 990 985
f 985 859 988
f 991 992 987
f 987 993 991
f 993 994 995
f 996 997 998
f 999 996 1000
f 998 1001 1002
f 1003 1001 1004
f 1005 1006 1003
f 662 742 1007
f 1008 1009 1007
f 1007 1010 1008
f 742 1011 1010
f 743 1012 742
f 1013 1014 1015
f 679 780 1014
f 48 1016 47
f 1017 49 1018
f 1018 1019 1017
f 1019 1018 1020
f 1021 1022 1023
f 1023 1024 1021
f 1021 1025 1026
f 1026 1027 1021
f 1023 1028 1029
f 1028 697 1030
f 697 1028 695
f 1031 1032 1033
f 1034 1035 1033
f 1036 1034 1037
f 1038 1036 1039
f 1032 1040 1037
f 1041 596 1042
f 1041 1043 1044
f 1044 597 1041
f 599 1045 598
f 1046 597 1047
f 1047 1044 1048
f 1049 1020 1050
f 1051 1049 1052
f 1053 1049 1054
f 1054 1050 1055
f 1056 1057 1058
f 1059 1060 1061
f 1062 1063 989
f 1064 1062 988
f 989 1065 986
f 986 1066 993
f 1067 1068 1069
f 1068 1067 1070
f 1069 1071 1067
f 1072 1073 1069
f 1069 1074 1072
f 1068 1075 1074
f 1076 1077 794
f 1077 1078 795
f 1079 1080 1081
f 1082 1083 1084
f 1080 1085 1084
f 1086 1087 1088
f 1088 1082 1086
f 1085 1089 1086
f 1090 1091 1092
f 1093 1094 1092
f 1095 1093 1096
f 645 1090 647
f 1097 1098 1090
f 1097 1090 1099
f 1100 1101 1102
f 1103 1104 1101
f 1105 1106 1107
f 1106 1105 1108
f 1102 1106 1109
f 1110 1111 1112
f 1113 1114 1112
f 1112 1115 1110
f 1116 1115 905
f 1117 906 1113
f 1118 1113 1119
f 1120 1117 1118
f 1121 1122 1123
f 1124 1125 1122
f 1123 1126 1121
f 1127 1128 1123
f 1123 1129 1127
f 1130 1131 1132
f 1133 1134 1135
f 1135 1130 1136
f 1137 1138 1139
f 1140 1137 1141
f 786 782 1142
f 1143 1144 1145
f 1142 1146 786
f 1144 1143 1147
f 1148 1143 683
f 1149 1150 1151
f 1152 1153 1154
f 1153 1155 1151
f 1154 1156 1152
f 1150 1157 1154
f 1150 1149 1158
f 1158 1159 1150
f 1160 1161 665
f 672 1161 1162
f 1161 1160 1163
f 665 1164 1160
f 1164 665 670
f 1165 1038 1166
f 1166 1039 1167
f 688 690 1032
f 690 1168 1040
f 49 1017 262
f 262 1169 237
f 1170 1169 1171
f 1172 1173 1174
f 1173 1172 1175
f 1176 1177 1178
f 1175 1177 1179
f 1177 1176 1180
f 1178 1172 1181
f 419 407 1181
f 1182 1183 406
f 1184 1185 649
f 1027 703 1022
f 1186 1187 1188
f 1189 1186 1190
f 1186 1189 1191
f 1190 1188 1192
f 1188 1193 1194
f 1193 1195 1196
f 1187 1197 1193
f 1198 1199 1200
f 1200 1201 863
f 1202 1203 1204
f 1200 1205 1198
f 1206 1207 1208
f 1208 1209 1206
f 1210 1211 1212
f 1213 1214 1215
f 1214 1134 1207
f 1207 1206 1215
f 1216 1131 1213
f 1141 1139 1216
f 1131 1130 1214
f 1217 1218 1219
f 1217 1220 1221
f 1219 1222 1223
f 1224 1219 1225
f 1219 1224 1217
f 1218 1226 1222
f 1227 1228 638
f 1229 1230 1228
f 572 566 734
f 1231 736 1232
f 740 570 732
f 1233 1234 1235
f 1235 1236 1233
f 1237 1238 1239
f 945 1239 1240
f 1241 1242 1243
f 1244 1245 1246
f 1242 1247 1246
f 1248 1249 1241
f 1247 1242 1250
f 825 1251 1252
f 1251 825 1253
f 819 825 1254
f 1252 1255 1256
f 1257 1258 1259
f 1259 1260 1257
f 1257 1261 81
f 1262 1263 1264
f 1265 1266 227
f 225 228 1267
f 1267 1266 1268
f 1266 1265 1269
f 1270 1271 1272
f 1273 1274 1275
f 1275 1276 1273
f 1277 1270 1278
f 1279 1280 1272
f 1281 1282 1283
f 1284 1285 1282
f 1286 1287 1288
f 1289 1290 1286
f 1290 1291 1287
f 1292 1293 1294
f 1294 1295 1292
f 1296 1297 1292
f 1298 1299 1300
f 1301 1302 1303
f 1304 1305 1303
f 1303 1306 1301
f 1302 1307 1308
f 1309 1304 1308
f 1302 1301 1310
f 1311 195 1312
f 195 1311 191
f 318 9 1313
f 1314 1315 1316
f 1313 1317 318
f 1317 1313 1318
f 1319 1314 1320
f 501 500 1321
f 500 1322 1323
f 1324 1325 1326
f 1325 1327 1323
f 1327 1328 1321
f 1329 1330 1331
f 1332 1333 1331
f 1334 1335 1336
f 1337 1329 1335
f 1338 1339 1332
f 1331 1340 1332
f 1341 1342 1343
f 1344 456 1345
f 1346 1341 453
f 1342 1341 1347
f 456 450 1343
f 935 972 934
f 972 1348 1349
f 1350 1351 1352
f 1353 1352 1354
f 1351 1355 1356
f 1352 1356 1357
f 1358 1351 1359
f 1351 1358 1355
f 508 1360 505
f 1361 1362 1363
f 880 879 1364
f 1365 1366 1364
f 1367 1368 496
f 496 880 1367
f 1366 1365 1369
f 1364 1370 1365
f 1371 1372 1373
f 1374 749 1375
f 1376 1377 1374
f 1378 1374 1379
f 1379 1375 1380
f 752 1381 751
f 1221 1382 1217
f 1382 1383 1218
f 1384 1385 1386
f 1387 1384 1388
f 1389 1390 1391
f 1388 1386 1392
f 1393 1391 1394
f 1048 1395 1396
f 1397 1048 1398
f 1395 1399 1400
f 1401 1402 1400
f 1048 1403 1395
f 1404 1405 1406
f 1406 1407 1408
f 1409 1410 1411
f 1405 1404 1412
f 1405 1413 1407
f 1414 1415 1416
f 1417 1416 1418
f 1308 1419 1309
f 1418 1419 1420
f 1415 1421 1309
f 1422 1423 1424
f 1424 1393 1425
f 1391 1393 1389
f 1389 1423 1426
f 1027 1026 1427
f 1428 904 1427
f 1427 1429 1428
f 1430 1429 1431
f 1432 1082 1433
f 1434 1433 1435
f 1436 1437 1438
f 1438 1439 1440
f 1441 1439 1442
f 1443 1444 1436
f 1445 1446 1447
f 1448 1449 1450
f 1446 1451 1448
f 1446 1445 953
f 1451 1446 956
f 1238 1237 1452
f 944 1237 945
f 1452 1453 1238
f 1452 943 1454
f 1455 1456 1457
f 1458 601 1456
f 1047 1459 1046
f 1460 1458 1455
f 1461 1462 1463
f 1463 1464 653
f 1461 1465 1466
f 1465 1461 363
f 1462 1461 1467
f 1468 1436 1469
f 1470 1443 1468
f 1471 1472 1128
f 1472 1473 1474
f 1475 1471 1476
f 1126 1472 1477
f 1478 1479 1480
f 1480 1481 1478
f 1482 1483 1484
f 1485 1486 1487
f 1488 525 519
f 521 527 519
f 519 1489 1488
f 525 1488 1490
f 526 525 1491
f 1492 1493 1494
f 1494 1495 1496
f 1497 1495 1498
f 1499 1500 1501
f 1500 1502 1492
f 1501 1492 1503
f 1503 1494 1504
f 1505 1506 274
f 271 272 1507
f 1508 1509 1510
f 1510 1511 1508
f 1512 1513 1510
f 1514 1515 1510
f 1509 1516 1514
f 1517 1518 1519
f 1520 1521 1522
f 1519 1523 1517
f 1523 1524 1522
f 1522 1525 1520
f 1526 1527 1528
f 1528 1529 334
f 1527 1530 1529
f 1531 1532 1533
f 1534 333 1532
f 1530 1535 1533
f 1536 1531 1537
f 1538 1539 486
f 1540 1541 1542
f 1543 1544 1538
f 484 483 1541
f 1545 1544 385
f 1546 1545 1547
f 1548 1547 1549
f 1547 1548 1546
f 982 1550 977
f 1550 1551 978
f 1552 1553 1554
f 978 1555 1556
f 1554 1555 1557
f 1558 1550 1559
f 1560 664 1561
f 664 1560 744
f 660 1562 658
f 1562 1563 1561
f 1561 1164 1560
f 438 1564 1565
f 1566 1567 1565
f 1568 1566 1569
f 1570 1571 1572
f 1573 1574 1575
f 1576 1572 1577
f 1571 1578 1575
f 1579 1580 1221
f 1581 1411 1582
f 1412 1583 1405
f 1584 1409 1581
f 1581 1585 1584
f 1582 1413 1586
f 1582 1587 1581
f 1587 1582 1588
f 1589 1590 1591
f 1592 1593 1590
f 1590 1594 1595
f 1592 1590 1596
f 1597 1593 1598
f 1599 1600 1601
f 1601 1602 1599
f 1603 1604 1605
f 1606 1600 1607
f 1600 1599 1608
f 1600 1606 1605
f 339 338 344
f 621 1609 618
f 342 1610 340
f 1542 1611 1540
f 1611 1612 1613
f 1614 1615 1616
f 1615 1617 1613
f 1545 1546 1542
f 1544 1545 1539
f 1541 1540 484
f 1197 1187 1618
f 1187 1186 1619
f 1620 1621 1619
f 1618 1622 1197
f 1623 1624 1625
f 1623 1504 1609
f 1504 1623 1503
f 1624 1623 621
f 1626 1501 1625
f 1627 1626 1628
f 1629 1627 1630
f 1631 1632 1633
f 1632 1631 1634
f 1635 1632 1636
f 1637 1638 1639
f 1633 1637 1640
f 1638 1637 1635
f 1310 1641 1302
f 1420 1307 1642
f 1267 1643 225
f 1268 1644 1267
f 168 226 1645
f 1646 1647 1648
f 1648 1649 1646
f 1650 1651 1646
f 1648 1652 1653
f 1654 1652 1655
f 1656 1657 1654
f 1658 1659 1184
f 1660 1184 651
f 1661 1658 1660
f 651 1662 1660
f 1663 1664 1665
f 1665 1666 1667
f 757 755 1668
f 1664 1669 1666
f 1670 1671 1663
f 1665 1672 1663
f 1673 1674 1675
f 1676 1673 1677
f 1678 1679 1676
f 1679 1680 1673
f 1677 1339 1676
f 1681 1682 1683
f 1684 1682 1426
f 611 610 1684
f 920 611 1685
f 1426 1686 1684
f 1326 1687 1324
f 1688 1689 1690
f 1689 1688 1147
f 1691 1688 1692
f 1690 1687 1693
f 1192 1694 1190
f 1695 1696 1694
f 342 341 1194
f 1697 1698 1190
f 1699 1700 1412
f 1699 1701 1700
f 1586 1583 1702
f 1703 1702 1704
f 1705 1706 1707
f 1708 1709 1706
f 1710 1707 1711
f 1712 1713 1714
f 1715 1714 1716
f 1717 1334 1718
f 1719 1337 1334
f 1720 1719 1717
f 1719 1720 1721
f 1722 1717 1723
f 1717 1722 1720
f 1724 1725 1726
f 1727 1728 1729
f 1728 1730 1724
f 1731 1732 1733
f 1734 1735 1727
f 1736 1387 1737
f 1418 1736 1417
f 1392 1738 1388
f 1739 1740 1741
f 1740 1739 1742
f 1743 1744 1745
f 1111 1743 1119
f 1746 1118 1745
f 1742 1746 1740
f 1747 1748 1749
f 1750 1747 1751
f 1752 1747 1753
f 1754 1755 1749
f 1756 1754 1757
f 1758 1757 1759
f 1757 1758 1756
f 1760 1761 1762
f 1122 1763 1124
f 1763 1764 1762
f 1765 889 1760
f 1125 1124 1766
f 1498 1767 1497
f 1768 1767 1769
f 1767 1498 1770
f 1495 1497 1771
f 1772 1773 1774
f 1767 1768 1774
f 1775 1776 1777
f 1776 1778 1779
f 1777 1779 1408
f 1780 1781 1782
f 1778 1783 1782
f 1784 1785 354
f 1786 1787 1788
f 354 347 1784
f 1785 1784 1789
f 1787 1790 1791
f 1792 792 1793
f 793 790 1794
f 1794 1795 793
f 1796 1797 1792
f 1798 1792 1799
f 1800 1801 1802
f 1803 928 1804
f 1801 1805 1804
f 1806 1807 1808
f 1808 1809 1806
f 1810 1811 1812
f 1808 1813 1814
f 1807 1815 1813
f 1816 1817 1818
f 1819 1820 1821
f 1822 1820 1823
f 1817 1816 1822
f 1821 1816 1824
f 1821 1825 1819
f 597 1046 595
f 1826 600 1458
f 1827 1828 1829
f 1830 1831 1832
f 1828 1827 1833
f 1829 1834 1827
f 1829 1831 1835
f 1836 1837 1838
f 1837 1836 1839
f 1840 1841 1842
f 1838 1843 1836
f 1844 1845 1838
f 1846 1844 1847
f 1837 1848 1847
f 1849 1850 1851
f 1852 1853 1854
f 1855 1852 1850
f 1855 1850 1856
f 1857 1144 1858
f 1147 1859 1689
f 1860 1859 1148
f 550 1861 1862
f 1863 1864 1861
f 1865 1866 1867
f 1868 1869 1866
f 1870 1868 1865
f 1871 1867 1872
f 1610 342 1196
f 1873 1874 1875
f 1874 1753 1876
f 1753 1874 1752
f 1877 1878 1876
f 1879 1873 1880
f 1878 1881 1875
f 1882 1883 831
f 833 1884 831
f 1885 1882 1886
f 839 832 1887
f 1888 1889 1890
f 1891 1649 1892
f 1892 1889 1893
f 1653 1890 1648
f 1894 1895 1896
f 1066 1897 994
f 1898 1896 1661
f 1896 1897 1658
f 1899 1900 1901
f 1901 1902 1009
f 1009 1008 1901
f 1902 1903 663
f 1903 1902 1904
f 912 1905 1906
f 1907 1908 1909
f 1906 1909 1910
f 1906 1911 912
f 1910 1912 1906
f 1863 549 1913
f 1914 1915 548
f 1861 550 1863
f 1913 1916 1863
f 1917 1918 1919
f 1920 1921 1922
f 1919 1923 1917
f 1924 1925 1917
f 1919 1920 1926
f 1923 1919 1927
f 1897 1066 1659
f 1659 1065 1185
f 1183 1182 1928
f 1929 1182 409
f 1178 1928 1176
f 1928 1178 1183
f 1182 1929 1930
f 1931 1932 1930
f 1933 1934 1935
f 1934 1933 1936
f 1937 1933 1938
f 1939 1940 1935
f 1935 1941 1939
f 1941 1942 1943
f 1934 1944 1941
f 1945 1892 1946
f 1947 1945 1948
f 1949 1891 1945
f 1949 1945 1604
f 1111 1110 1950
f 1951 1952 1953
f 1110 1954 1953
f 1952 1951 1328
f 1955 1956 1954
f 474 478 1957
f 1958 1959 1960
f 478 477 1960
f 1960 1961 1958
f 1962 1963 384
f 1964 1548 1965
f 1421 1415 1965
f 1963 1421 1549
f 1965 1966 1964
f 1967 1693 1968
f 1969 1968 1970
f 1971 1236 1972
f 1693 1973 1972
f 1692 1690 1967
f 1974 1975 1976
f 1977 1978 1979
f 1979 1980 1977
f 1980 1979 1981
f 1926 1922 1974
f 1982 1974 1642
f 1974 1982 1926
f 1299 1983 1984
f 1985 1295 1986
f 1299 1984 1294
f 1986 1984 1987
f 1988 1985 1989
f 1989 1986 1990
f 1641 1310 1991
f 1992 1993 1994
f 1982 1991 1927
f 1310 1995 1994
f 1996 1997 1998
f 1999 2000 2001
f 2001 2002 1999
f 1996 2003 2004
f 2004 2005 1996
f 1998 2006 1996
f 2007 2008 1754
f 1754 1756 2007
f 2008 2007 2009
f 1686 2010 1685
f 927 925 2011
f 925 920 2012
f 2013 2014 1915
f 2015 2016 2014
f 2014 2017 1913
f 2013 2018 2014
f 1959 2019 1957
f 475 474 2020
f 2021 2022 2023
f 1707 1710 1705
f 2022 1708 1705
f 2023 2024 2021
f 2022 2021 2025
f 973 2026 2027
f 2028 2027 1034
f 2027 2028 973
f 2027 1244 1035
f 2026 2029 1244
f 2030 2031 2032
f 856 2033 2034
f 857 856 2035
f 2036 2037 2038
f 2037 2036 2039
f 2040 2041 2042
f 2042 2043 2040
f 2039 2044 2037
f 2045 2046 2047
f 1839 1841 2048
f 2046 2049 2050
f 2046 2045 1094
f 2047 2051 2045
f 1841 1840 2050
f 2051 2047 2052
f 1770 2053 875
f 2054 1768 2055
f 875 877 1770
f 877 2056 1769
f 2057 1780 2058
f 1163 2059 2058
f 1163 2058 1162
f 1970 1453 1969
f 1236 1235 1970
f 1785 2060 1791
f 2061 2062 2063
f 2064 2065 2062
f 2066 2064 2061
f 1169 1170 1312
f 2067 1005 2068
f 2068 2069 2067
f 2070 2071 2072
f 2072 2005 2070
f 2073 2002 2068
f 579 2074 1806
f 575 579 2075
f 2076 2077 1893
f 2078 2079 2076
f 2080 2077 153
f 1893 2081 2076
f 1604 1603 1949
f 1646 1891 1650
f 1651 1650 2082
f 1604 1947 1601
f 1607 1608 2083
f 2084 2085 2086
f 591 2087 2088
f 2086 2087 2089
f 1882 2086 1883
f 2086 1882 2084
f 2090 2091 2092
f 2093 2094 2090
f 2095 2096 2094
f 2097 2091 2098
f 2094 2093 2095
f 2090 2099 2093
f 2092 2100 2090
f 2101 2102 2103
f 2103 2104 2101
f 2101 2105 2106
f 2107 2108 2109
f 1591 1104 1589
f 2110 2111 1103
f 1596 1589 2112
f 2113 2114 2115
f 2115 2116 2117
f 2118 2119 2117
f 2119 2118 2120
f 2115 2119 2113
f 2121 2122 2117
f 2123 2124 2125
f 766 765 2126
f 2127 2128 2129
f 2130 2131 2128
f 405 2132 2133
f 403 402 2132
f 2134 2133 2135
f 2136 2137 514
f 2138 2139 2140
f 2141 2142 2138
f 2142 1377 2139
f 2141 2143 2144
f 2143 2141 2145
f 2142 2141 750
f 565 1442 2146
f 2147 1232 2148
f 568 1441 565
f 1639 2149 2150
f 2150 2151 2152
f 2150 2153 1639
f 1523 1519 2154
f 2154 2155 1523
f 2155 2154 416
f 2156 2157 2158
f 2158 2159 2156
f 1519 2160 2158
f 489 488 2161
f 2162 741 756
f 735 2163 733
f 741 2162 739
f 739 2143 2164
f 1156 2165 2166
f 2167 1924 2165
f 1157 2167 1156
f 2168 2169 1790
f 2170 2171 2169
f 2172 2173 1045
f 1045 599 2172
f 1043 1041 2174
f 2175 2176 2177
f 2178 2179 2180
f 2181 2182 2176
f 2183 2181 2175
f 2184 2175 2185
f 2186 2187 2188
f 2189 2190 2191
f 2191 2192 2189
f 2193 2186 2194
f 2195 2196 2197
f 908 907 2198
f 2197 2199 2195
f 907 915 2197
f 914 908 2200
f 435 2201 2202
f 2203 2204 2205
f 2205 1383 2203
f 1990 1987 2206
f 2207 2204 1987
f 2208 1990 1580
f 1711 2209 1710
f 2024 2023 2210
f 2209 2211 2210
f 2211 2209 2039
f 2212 2213 2214
f 2214 2215 2212
f 2216 2217 2218
f 2219 2220 2221
f 2222 2223 2220
f 2220 2219 2222
f 2224 2225 2226
f 2227 2228 2229
f 2226 2230 2224
f 2230 2226 2231
f 2225 2232 2229
f 2225 2224 269
f 2233 2234 2235
f 2234 2159 2236
f 2237 2238 2236
f 2233 2239 1657
f 2235 2240 2233
f 2241 2242 1939
f 1939 1943 2241
f 2243 2244 2245
f 2244 2246 2247
f 2245 2247 2248
f 2249 2250 2251
f 2252 1824 2249
f 2248 2250 1818
f 322 79 2253
f 128 322 2254
f 2255 2256 2257
f 1261 2257 78
f 2257 1261 2255
f 2258 1469 2259
f 1469 2258 1468
f 1469 1438 2260
f 2261 2262 2259
f 2263 2258 2264
f 2260 1440 2265
f 2265 2261 2260
f 1569 2266 1568
f 2267 2268 1568
f 1731 2267 2269
f 2270 2269 2271
f 1564 2272 1569
f 2271 2266 2273
f 2274 2275 2204
f 1983 2274 2207
f 2205 2276 2277
f 2278 2279 2275
f 2280 2281 2274
f 2278 2275 1211
f 2282 2283 2085
f 592 2088 2284
f 2285 2286 2287
f 2288 2289 2290
f 2291 2289 2292
f 2286 2285 2291
f 852 2290 2293
f 854 2288 852
f 2290 2285 2294
f 1881 2295 1880
f 2296 2297 2298
f 2295 2299 2300
f 1880 2300 1879
f 2301 2302 2303
f 2304 2305 2302
f 2305 2304 2306
f 2304 2307 2308
f 2307 2304 2301
f 1336 1333 1677
f 1718 1336 1675
f 2309 2310 2311
f 638 2310 1227
f 2096 2312 2098
f 2313 2314 2095
f 2315 2316 2317
f 2317 2318 1536
f 2316 2319 2318
f 2318 1534 1531
f 2320 2321 2316
f 2316 2315 2320
f 178 169 2322
f 962 2323 2324
f 962 961 2323
f 2323 1054 2325
f 1053 1054 2326
f 2327 2328 2325
f 2329 603 265
f 2330 2329 179
f 2331 2332 2333
f 2334 2331 2335
f 2336 2337 2333
f 2338 2339 2340
f 2341 2336 2339
f 2342 2343 2344
f 2345 463 2346
f 464 2342 462
f 2347 2348 2345
f 2346 2349 2345
f 2350 2351 2352
f 2280 2353 2350
f 2354 2355 2351
f 2353 2280 1983
f 2281 2280 1209
f 2356 2357 1385
f 2357 2358 1394
f 2359 606 2360
f 2360 2361 2362
f 2360 2363 2359
f 2364 345 1771
f 345 344 1496
f 1771 1773 2364
f 2365 2366 2367
f 2367 2368 1354
f 2366 2369 2368
f 2366 2365 715
f 2370 2371 2372
f 2373 2370 2374
f 2375 2000 2370
f 2376 2371 1999
f 2377 2006 2378
f 2378 2375 2373
f 1298 2353 1299
f 2354 1298 2379
f 1515 2380 1512
f 2381 1513 2382
f 2383 2381 2384
f 1515 2385 2380
f 2384 2382 2386
f 2387 2388 1097
f 1097 1099 2387
f 2389 1091 2390
f 1955 1954 1116
f 1355 2391 2063
f 2391 2392 2393
f 2394 2061 2393
f 389 2395 2396
f 2395 2397 2398
f 393 600 2395
f 2399 2400 2401
f 1225 2402 1224
f 2402 2403 2404
f 2400 1220 2404
f 2401 2386 2399
f 2400 2399 2405
f 2406 2407 1985
f 2407 2406 2408
f 2408 1296 2407
f 1116 905 1428
f 901 2409 904
f 1955 1116 2410
f 2411 260 2412
f 2413 259 2411
f 2414 2415 2416
f 818 2417 2418
f 2417 2419 2416
f 2415 2420 2418
f 1656 2421 2234
f 2234 2233 1656
f 2422 2423 2424
f 2425 2426 2427
f 145 148 2424
f 2424 2426 145
f 2424 2428 2422
f 1499 2429 593
f 593 2430 591
f 860 990 862
f 2431 2432 2433
f 2434 2435 2436
f 2435 2437 2433
f 2438 2439 2434
f 2439 2440 2435
f 2441 1079 2442
f 2443 1701 1079
f 1079 2441 2443
f 2444 705 2445
f 705 2444 2446
f 706 705 2447
f 2448 1064 861
f 2449 2450 2451
f 2452 1330 2450
f 2453 2451 2454
f 2450 2455 2296
f 2298 2456 2296
f 992 991 2457
f 991 995 2458
f 2459 1204 2457
f 2458 2406 1988
f 1988 2459 2458
f 1159 1158 2460
f 1284 2461 2462
f 2463 2462 2464
f 2465 2466 1482
f 2467 1483 2196
f 2466 2465 2200
f 1484 1937 1482
f 1479 1478 2467
f 1507 2232 271
f 2468 2469 2470
f 929 928 2468
f 2471 1803 2472
f 1803 2471 2468
f 939 929 2470
f 2473 2474 2475
f 2476 2477 1671
f 2478 2479 2477
f 2475 2480 2473
f 2481 2482 2483
f 2483 2484 2481
f 2485 2482 2486
f 2487 2483 2488
f 2489 2490 2482
f 2482 2481 2489
f 619 1610 2491
f 343 337 2364
f 1683 2492 1681
f 1681 2493 2494
f 2492 1683 2495
f 2494 2496 1681
f 2432 2497 2436
f 2498 2499 2431
f 2499 2498 2500
f 2501 2499 2502
f 2497 2432 2501
f 2503 2431 2504
f 2193 2505 798
f 2505 910 2506
f 1911 797 2506
f 2194 2507 2193
f 798 805 2193
f 2508 2509 2510
f 2509 2508 1884
f 2510 2511 2508
f 1885 1886 2512
f 2513 2514 2515
f 2511 2510 2516
f 1122 1121 1763
f 1535 2517 1537
f 2518 2519 2520
f 2518 18 2521
f 2522 2523 2520
f 2520 2524 2522
f 2520 2525 2518
f 2526 2524 2396
f 1136 2527 1135
f 1136 1132 2528
f 2528 2529 1136
f 1135 2530 1133
f 782 781 1145
f 2531 692 958
f 2532 964 2533
f 692 691 959
f 2534 2535 2414
f 2420 2415 2536
f 2537 2414 2538
f 1417 1737 2539
f 1738 1392 2540
f 2539 1738 2541
f 1416 1417 1414
f 2541 2542 2539
f 2543 1283 2544
f 2545 1281 2543
f 2460 2461 2545
f 2461 1284 1281
f 2546 2547 711
f 2548 2549 2547
f 409 2546 1929
f 2200 2198 2466
f 2305 2467 2195
f 563 562 2550
f 560 789 562
f 562 2551 2552
f 2355 2354 2314
f 2553 2554 2555
f 2312 2096 2379
f 2555 2355 2313
f 2379 1300 2312
f 2556 2557 2558
f 2558 2559 2556
f 2560 2561 2556
f 2559 2558 2562
f 2563 2564 2565
f 2558 2566 2567
f 1203 1202 2568
f 2568 2569 1203
f 1203 2570 1198
f 2571 2572 2568
f 2573 2208 1579
f 1579 2571 2573
f 2208 2573 2574
f 2575 1775 2576
f 1775 2575 2577
f 2578 2576 1409
f 1408 1410 1777
f 2576 2578 2575
f 1768 2054 2579
f 2579 2580 2581
f 2581 1772 2579
f 2580 2441 2582
f 2054 2583 2580
f 2584 1191 2585
f 2584 1620 1191
f 1698 2586 1189
f 2586 2587 2588
f 363 1463 359
f 653 2589 650
f 821 2590 2419
f 822 2591 821
f 2592 2590 2593
f 824 2594 822
f 2419 2417 821
f 946 2595 942
f 2596 2597 2565
f 2598 2563 2599
f 2565 2566 2596
f 2597 2600 2599
f 2601 2602 2596
f 2603 2411 2604
f 1056 2413 2603
f 1057 1056 2605
f 2604 894 2603
f 2604 2412 896
f 374 886 373
f 2606 371 2607
f 327 1526 325
f 2608 2609 1526
f 2610 2608 327
f 2611 2612 2608
f 2613 2611 2610
f 2614 461 2348
f 2615 2614 2616
f 862 992 1205
f 1577 1574 2582
f 1574 1573 2581
f 2582 2442 1577
f 2617 2618 2619
f 1127 2617 2620
f 1129 1125 2617
f 2621 2619 2622
f 2623 2624 1213
f 2624 2625 1216
f 2625 2624 2626
f 2627 2628 660
f 2097 2629 2630
f 2098 2631 2097
f 2630 2632 2097
f 2632 2630 2633
f 2630 1898 2634
f 1896 1898 1894
f 2635 2282 2084
f 2084 1885 2635
f 2636 2637 2635
f 2283 2282 2638
f 2249 2639 2252
f 2640 1825 2641
f 2642 2641 2643
f 2251 2644 2249
f 1083 2645 1081
f 2646 2647 2648
f 2649 2650 2651
f 2650 1567 2652
f 440 439 2650
f 2647 1921 2652
f 868 575 2653
f 2653 2654 868
f 2653 2075 2655
f 2656 2657 1280
f 2657 2658 1278
f 1278 2659 1277
f 1280 1279 2656
f 2657 2656 2660
f 955 2523 2661
f 2523 91 2525
f 2293 2294 2662
f 2662 2663 2293
f 2663 2662 2664
f 2662 2665 2666
f 2667 2665 2287
f 1626 1627 2429
f 2033 2668 2032
f 864 2669 2033
f 2032 2670 2030
f 2113 2671 2672
f 2673 2672 2674
f 2675 2676 2677
f 2678 2679 2671
f 2671 2119 2678
f 2680 2681 2682
f 2185 2680 2184
f 2683 2684 2680
f 2175 2184 2183
f 2184 2682 2685
f 775 769 2686
f 2687 774 2688
f 1924 2167 2686
f 2686 2689 775
f 2686 770 1924
f 770 773 1925
f 1507 1506 2690
f 1506 1505 2691
f 2692 2693 2694
f 2692 2695 2696
f 2696 2697 2692
f 2694 2140 2692
f 2693 2698 2699
f 2699 2700 2164
f 2694 2699 2145
f 910 2505 913
f 675 1744 673
f 1744 675 1741
f 680 2701 677
f 674 673 681
f 673 1743 1950
f 2702 2703 2542
f 1415 1414 1966
f 1108 2704 2705
f 2705 2706 1108
f 2707 2704 2708
f 148 139 2428
f 2709 2710 2634
f 2634 1661 2709
f 2711 510 2712
f 2713 2714 2712
f 2712 501 2713
f 2715 2716 2717
f 2718 2719 2715
f 2720 2715 2721
f 2717 2722 2723
f 2722 2724 2725
f 2724 2722 2726
f 1674 2727 2728
f 2729 2292 2730
f 2727 2291 2729
f 2727 1674 2731
f 2728 2729 1723
f 2019 1959 1030
f 2732 2019 704
f 2733 2020 2732
f 2447 2732 706
f 2006 1998 2375
f 2734 2735 2736
f 2737 2738 2739
f 2740 2736 2741
f 2741 2742 2740
f 2743 2048 2744
f 2745 1839 2743
f 1839 2745 1837
f 2746 1830 2747
f 722 2748 2746
f 1831 1830 2749
f 2750 2746 2751
f 2752 2753 2747
f 2747 1832 2752
f 1832 1828 2754
f 2755 2756 1435
f 1434 2627 2757
f 2758 1433 2757
f 1434 2756 2627
f 2759 2755 1087
f 2755 2759 2760
f 2761 2227 2762
f 2227 2761 2563
f 2762 2690 2761
f 30 263 1061
f 604 2763 75
f 1794 791 2764
f 1485 2765 788
f 2766 2767 2765
f 2767 2768 2764
f 1459 1047 1397
f 1490 2769 2770
f 2770 2771 2772
f 1491 1490 2773
f 2774 2775 2769
f 2774 2769 2776
f 2764 2777 1794
f 2486 2778 2779
f 2488 2485 2780
f 2781 2780 2779
f 2782 2783 2490
f 773 440 2649
f 594 592 2784
f 589 594 2785
f 2786 2787 2788
f 2789 2788 2092
f 623 2100 2790
f 2787 1630 2790
f 2790 2791 623
f 834 2792 2786
f 1630 2787 1629
f 2791 1624 620
f 1624 2791 1628
f 2793 1361 2794
f 2794 1363 509
f 1361 2795 1362
f 2796 2795 2793
f 2797 2130 2127
f 2131 2130 2798
f 1858 2797 1857
f 427 2202 1443
f 350 2799 346
f 2800 619 2801
f 2801 2802 2800
f 1195 2803 2491
f 2804 1262 2427
f 2804 2805 2806
f 2427 2423 2804
f 2806 2807 2804
f 1258 2425 1264
f 2387 2808 2809
f 2810 2809 2612
f 2811 2388 2809
f 2808 2812 2813
f 1099 2814 2808
f 1209 1208 2281
f 2352 2815 2350
f 2816 2278 1210
f 2114 1253 2116
f 2817 2121 2818
f 2673 1251 2114
f 2819 2820 1349
f 2821 2822 2823
f 2823 2824 2825
f 2825 2826 2823
f 2826 2827 2828
f 2829 2821 2828
f 603 2329 421
f 2830 2831 681
f 2832 2833 2674
f 1256 2833 2834
f 2833 2832 2835
f 2674 2676 2832
f 1251 2673 1255
f 1843 2836 1842
f 1842 2837 1840
f 1670 2838 2839
f 1663 2840 1670
f 2839 2476 1670
f 2841 2842 2843
f 1712 2844 2842
f 2845 2846 2847
f 2846 2845 2439
f 2847 1835 2845
f 2848 2849 2850
f 2850 2440 2848
f 479 473 2851
f 2852 477 2853
f 2851 2854 479
f 2851 469 2030
f 469 468 2031
f 2855 2856 2857
f 2857 2858 2859
f 2856 2816 2858
f 2860 2861 1964
f 1964 2703 2860
f 1612 1611 2861
f 2862 1102 2863
f 356 355 1063
f 2766 1487 2306
f 2467 2305 1479
f 2864 2865 2866
f 2867 2868 2869
f 2866 2870 2864
f 2871 2867 2872
f 2870 2866 2873
f 1175 2874 1173
f 2875 2876 2754
f 2753 2752 2877
f 2877 2876 493
f 2814 1099 644
f 2517 2814 1230
f 1159 2689 1157
f 1894 2629 1297
f 2312 1293 2631
f 1688 1691 1858
f 2130 2797 2878
f 1692 2879 1691
f 2880 854 2881
f 854 2880 2288
f 847 2882 855
f 2883 2733 2447
f 2545 2687 2460
f 2884 2319 2885
f 2884 2886 333
f 2885 2321 2887
f 2262 2885 2264
f 2886 2884 2262
f 2888 2889 1844
f 2890 2807 2891
f 2889 2888 2806
f 1844 1846 2888
f 814 2891 813
f 906 1117 902
f 905 1114 899
f 2892 2893 2894
f 2895 1000 2892
f 2896 1869 2894
f 2893 1002 2897
f 546 2896 2897
f 547 546 2898
f 1929 711 2899
f 1879 2297 2900
f 2901 2118 2902
f 2903 2901 1075
f 2904 2577 2905
f 2577 2904 1775
f 2577 2906 2907
f 2908 2904 2909
f 2706 2705 2907
f 413 418 411
f 844 414 842
f 2910 2911 414
f 2912 2910 844
f 2454 2456 2913
f 2456 2298 2914
f 2915 2916 2299
f 2299 2295 2915
f 559 553 2917
f 563 2918 552
f 1963 1962 1305
f 2919 1306 378
f 2341 2919 380
f 2920 2921 2922
f 2923 724 1015
f 2924 725 2923
f 2922 2925 726
f 1015 2925 1013
f 2926 2927 2928
f 2929 2930 1179
f 2926 2931 2873
f 2932 2933 2930
f 2928 2104 2926
f 2934 2935 2936
f 2935 2937 2938
f 2935 2934 2939
f 2940 2941 2938
f 2941 939 2936
f 2936 2470 2934
f 876 495 2056
f 497 490 876
f 2942 2943 494
f 2944 2055 2943
f 2945 2946 2947
f 2553 2945 2948
f 2948 2947 2949
f 2950 1622 2951
f 2951 2952 2950
f 2946 2945 2953
f 1622 2950 2954
f 2955 2956 2957
f 2958 2959 2956
f 2956 2960 2961
f 2957 2961 999
f 2961 2962 996
f 2963 723 2964
f 2746 2750 722
f 2964 2750 2965
f 2748 722 727
f 2089 2430 2966
f 2966 1887 2089
f 2616 2967 2615
f 2348 2347 2616
f 2515 1467 2513
f 2099 624 2968
f 2093 2968 2969
f 2923 401 2924
f 2924 2134 2970
f 2133 2134 405
f 2542 2541 2702
f 441 443 445
f 777 2971 772
f 671 2972 2973
f 2974 2975 2976
f 2975 2974 1904
f 2976 2977 1615
f 2978 2977 2979
f 581 580 2980
f 2980 2981 2982
f 2982 2983 2980
f 2980 2984 581
f 2981 627 2985
f 627 2981 630
f 2638 2986 2283
f 2986 2987 2284
f 1062 1064 364
f 2988 362 2989
f 471 2989 2448
f 476 2988 471
f 2990 2991 1234
f 2991 2992 1240
f 2993 542 2994
f 2489 540 2993
f 2995 2996 2997
f 2504 2998 2503
f 2999 3000 3001
f 2503 2995 3002
f 2789 2633 3003
f 2633 2789 2632
f 1667 3004 1665
f 3005 3006 3007
f 2860 3008 3005
f 3007 1616 3005
f 3005 1612 2860
f 3009 3010 1318
f 3011 3012 3013
f 1602 3013 3014
f 3013 1948 3011
f 3014 3015 1599
f 3010 3009 3014
f 3016 2313 2969
f 2802 3016 3017
f 3018 2555 3016
f 3019 3020 3021
f 3022 3023 3024
f 3025 3024 3026
f 3027 3022 3025
f 3028 3029 1564
f 2273 2272 2102
f 3029 3028 3030
f 614 3031 569
f 571 923 568
f 607 918 3031
f 2464 1149 3032
f 3033 3032 3034
f 2948 2352 2553
f 3035 2151 3036
f 2177 2179 3037
f 2179 2178 3035
f 3036 3038 3035
f 1638 3039 2149
f 3038 3036 3040
f 2102 2101 2273
f 2106 3041 3042
f 3030 2109 3029
f 3042 2271 2106
f 2705 3043 2905
f 3043 3044 2909
f 3044 3043 2707
f 778 676 781
f 1014 1013 679
f 780 679 778
f 3045 2957 3046
f 3047 1722 2730
f 2730 3048 3047
f 1723 1718 2728
f 2658 3049 2659
f 2659 3050 2734
f 3050 3051 2735
f 3052 3049 3053
f 3051 3050 3052
f 3054 3055 3056
f 3055 2879 3057
f 3055 3054 2798
f 3058 3054 3059
f 3057 3060 3061
f 3061 3062 3057
f 2998 3063 2995
f 2996 2135 3001
f 3064 459 2614
f 2614 2615 3064
f 2136 2999 2137
f 3065 3066 2999
f 2999 2136 3065
f 1800 2819 3067
f 1349 3068 2819
f 3069 3067 3070
f 3067 3071 3072
f 537 3071 3073
f 3074 2852 3075
f 3076 1470 3077
f 432 428 3076
f 3078 3076 3079
f 3079 3077 2263
f 593 585 1499
f 1501 1626 1499
f 3076 3078 432
f 3080 3078 3081
f 3082 430 3083
f 3084 3083 3080
f 3085 1931 2899
f 2899 712 3085
f 3086 3087 3085
f 3004 1667 3088
f 1137 1140 3089
f 1869 2896 1862
f 3090 3091 1823
f 3092 1822 3093
f 3094 3092 3095
f 3096 3091 3097
f 3091 3096 3093
f 3098 2495 2696
f 3099 3100 3101
f 3006 3102 3099
f 3102 3098 3100
f 2698 2693 615
f 614 2698 608
f 615 2697 613
f 3103 126 3104
f 1457 1459 3105
f 3106 1457 3107
f 3105 1397 639
f 497 878 496
f 3108 3109 3110
f 3111 3112 3109
f 3109 1855 3111
f 3113 3114 3115
f 1631 3116 3117
f 1634 3117 3118
f 3117 2560 3119
f 3116 3120 2560
f 3121 3122 3116
f 1989 2574 1988
f 2756 2755 3123
f 508 1362 1360
f 2991 2990 3124
f 3124 3125 2991
f 3126 2219 3127
f 3128 812 3127
f 3129 3126 3130
f 3127 2221 3128
f 1400 3131 1401
f 1399 3132 3131
f 1403 3133 1399
f 3134 3135 3136
f 3137 3138 3134
f 3138 3137 3139
f 3135 3138 2584
f 3134 976 3137
f 619 2800 617
f 2215 2214 3140
f 3141 3142 2223
f 2223 2222 3141
f 2654 3143 865
f 873 588 881
f 881 589 879
f 2144 2162 747
f 3144 3145 3075
f 2852 3074 3146
f 3075 3147 3144
f 3075 2853 3147
f 2651 1918 2649
f 3148 3149 1289
f 1289 3150 3148
f 931 3151 936
f 1305 1304 1963
f 3152 3153 3154
f 3154 2993 3152
f 3153 3152 2071
f 3155 3156 2994
f 3157 3158 3159
f 3160 3161 3157
f 3162 3158 3163
f 3164 3165 3161
f 3166 3167 3168
f 3166 3169 3167
f 3170 3166 3171
f 3168 63 60
f 2521 19 3167
f 1701 1699 1080
f 2443 3172 1701
f 994 1895 2408
f 1427 3173 1027
f 702 703 2409
f 2215 3174 2218
f 3175 2216 3176
f 3177 3178 3176
f 3174 2215 3179
f 3003 2786 2789
f 835 834 3003
f 924 3180 922
f 1369 1372 3181
f 1369 3182 1366
f 3183 1455 3106
f 3184 1460 3183
f 3185 1826 1460
f 3183 2837 3184
f 2837 3183 2052
f 3184 2836 3186
f 1460 3184 3185
f 1103 3187 2110
f 3188 2112 2110
f 3189 3188 3190
f 3187 3191 3190
f 1100 3192 3187
f 2880 3193 3194
f 3193 2880 3195
f 1297 1296 1894
f 3180 924 3196
f 1997 2069 2001
f 3197 3198 3199
f 3200 3201 3199
f 3199 3202 3197
f 3203 2363 3204
f 3204 3200 3203
f 2363 3203 3205
f 3198 3197 736
f 486 3206 1538
f 3207 3208 3209
f 485 3210 3206
f 3211 3209 3212
f 3213 2939 3214
f 913 2507 3215
f 2939 3216 3215
f 909 913 916
f 2939 3213 2935
f 3217 3218 632
f 3219 3218 3220
f 2835 3221 3217
f 3218 3219 3222
f 2827 3223 3224
f 535 3225 3226
f 3225 2829 3224
f 3111 1856 3227
f 3227 3228 3111
f 2125 3229 2123
f 2124 2123 1849
f 2987 3230 2784
f 1942 3231 3232
f 3233 3234 3232
f 3235 3236 849
f 849 3233 3235
f 3122 3121 3231
f 3236 3235 3237
f 3238 3239 3240
f 3241 3240 1735
f 3242 3243 3244
f 3244 3245 3246
f 3240 3245 3247
f 3248 3249 3239
f 3250 1654 2549
f 3251 3250 2548
f 2156 2421 3251
f 2549 1655 710
f 3252 1559 3253
f 3254 3252 3255
f 981 983 3253
f 1640 3237 1633
f 2153 3236 1640
f 3256 3257 3258
f 3259 426 3258
f 3260 3259 1165
f 3259 3260 3261
f 3258 3262 1165
f 1166 3263 1165
f 3260 3263 3264
f 3265 3266 2687
f 3265 2543 3267
f 2687 2545 3265
f 3267 3268 3265
f 3269 3270 3271
f 3270 3269 1401
f 3272 3271 3273
f 3274 3275 3276
f 3277 3278 3275
f 3279 3277 3274
f 2599 3280 2598
f 2598 3281 2228
f 1015 400 2923
f 3282 2793 3283
f 2793 3282 2796
f 3283 2794 3284
f 1268 1269 1796
f 2551 1797 3285
f 1644 1268 3286
f 3287 3288 3289
f 2720 3228 3289
f 3289 3290 3287
f 2715 2720 2718
f 3228 2720 3112
f 2719 2718 3291
f 3060 1967 1969
f 127 128 3104
f 3292 3103 3293
f 3294 3295 2958
f 3296 2960 3297
f 2960 3296 2962
f 3088 754 2163
f 750 2144 746
f 1580 2206 1382
f 2021 3298 3299
f 3299 457 3136
f 3298 3300 457
f 3301 3302 3303
f 2393 3302 2394
f 3304 3305 3301
f 3306 3307 2392
f 1401 3308 3270
f 3308 3309 3276
f 3310 3274 3311
f 566 2146 738
f 2131 3310 2126
f 2126 3311 766
f 2586 1698 1709
f 1696 3312 1697
f 1944 1934 3313
f 3120 3313 2561
f 3122 1944 3120
f 3313 1936 2601
f 1936 3314 2602
f 3315 3316 3317
f 499 491 3318
f 3317 3319 3315
f 493 3316 491
f 3317 3320 3321
f 3322 3320 3323
f 3324 1715 3325
f 3325 1716 3312
f 2363 2360 3326
f 3326 2362 2041
f 2041 2040 3326
f 2152 3327 2150
f 3327 2152 2882
f 2152 2178 3328
f 1140 1141 3139
f 2986 2638 3329
f 3329 3330 3331
f 3332 3329 3333
f 2987 2986 3332
f 3334 3335 3336
f 3337 2642 3338
f 3336 3339 3334
f 2643 3335 2642
f 2640 2641 3337
f 3340 3341 3342
f 3195 2182 3193
f 3342 3343 3340
f 3211 3344 3345
f 2726 3346 2724
f 2724 3347 3144
f 3347 2992 3145
f 3346 3348 3347
f 3349 2620 2621
f 1890 1653 3350
f 3350 3170 3351
f 3351 1888 3350
f 2240 3170 2239
f 3352 3353 3354
f 3355 3354 3356
f 3357 3358 3354
f 3359 3319 3356
f 3353 3318 3359
f 1703 498 3352
f 3360 3361 3362
f 2168 3363 3364
f 3362 3363 1786
f 3365 3273 3361
f 3366 3367 3368
f 3368 2744 3366
f 1096 3369 1095
f 2744 3368 2743
f 3368 3370 3371
f 3372 3370 3373
f 3374 903 3375
f 2638 2637 3330
f 898 897 3374
f 1454 3376 3377
f 1454 3378 3376
f 3379 350 3380
f 1453 3377 3061
f 351 3062 349
f 3381 3382 3383
f 3384 3381 3385
f 3385 3383 2320
f 2264 2887 2263
f 3386 3081 3381
f 2024 3387 3298
f 2210 3388 2024
f 3389 2929 1180
f 2927 2926 2874
f 2874 1175 2927
f 3390 761 3391
f 761 3390 3392
f 3393 3394 3395
f 3396 2872 3394
f 3397 3398 3399
f 3399 2870 3397
f 3400 3396 3393
f 3401 2871 3396
f 2437 3402 2504
f 2493 3403 2540
f 2702 3403 3404
f 2492 3405 2493
f 1256 3406 1252
f 2834 3407 1256
f 3408 3409 3410
f 2783 2782 3411
f 2490 3154 2782
f 3410 3153 3408
f 2589 3412 652
f 1464 3413 2589
f 3407 2834 3414
f 3217 3415 2835
f 635 3416 3415
f 3417 3407 872
f 2490 2489 3154
f 3151 3418 3148
f 1291 1290 3419
f 453 452 1346
f 3420 227 248
f 227 3420 1265
f 250 3421 3420
f 2550 2552 3421
f 1265 3422 3285
f 253 952 250
f 3423 3424 2534
f 2536 2535 3425
f 3424 3423 3426
f 3426 3427 3424
f 2534 3428 3423
f 2414 2537 2534
f 2555 3018 2553
f 3429 3430 3431
f 3432 3433 3429
f 3434 3430 3435
f 3433 3432 3436
f 3437 2434 3438
f 2497 3439 3438
f 3440 3437 3441
f 2624 2623 2951
f 2626 1621 2625
f 487 1751 3210
f 723 2963 720
f 3442 3443 3444
f 2920 2922 3442
f 3445 3446 3444
f 3444 3447 3442
f 3444 2963 3445
f 2402 1225 633
f 2985 634 1223
f 2403 2402 3222
f 3448 3449 1314
f 3449 3009 1315
f 2410 2714 1955
f 2712 1430 2711
f 1429 1430 2410
f 3450 3451 2910
f 3451 3450 3452
f 2910 2912 3450
f 3453 3454 3455
f 526 3455 524
f 3455 526 3453
f 3155 2898 1006
f 1006 1005 3155
f 2994 547 3155
f 1002 2893 998
f 569 2700 614
f 3456 3375 2636
f 3457 3374 3456
f 2636 2511 3456
f 2710 2709 837
f 837 835 2710
f 3458 3459 833
f 3460 2509 3459
f 1467 2515 3460
f 3459 3458 3461
f 3462 3460 3461
f 3463 3464 1450
f 2397 3463 3465
f 600 1826 2397
f 1450 3466 1448
f 2322 3467 2827
f 2330 2322 2826
f 2322 2330 178
f 3223 3468 3226
f 3468 3223 1645
f 3469 3470 445
f 445 2971 3469
f 451 3471 1138
f 3471 3472 2528
f 451 3089 449
f 1138 1137 451
f 2527 3473 2530
f 2529 3474 2527
f 3474 2529 3475
f 1279 1272 3476
f 1279 3476 3477
f 3478 3479 1274
f 1274 1273 3478
f 3480 3481 3200
f 2043 2843 3480
f 3200 3204 3480
f 3481 2840 3201
f 3016 2802 3018
f 2954 2946 2803
f 3482 2038 3483
f 2967 3483 436
f 3484 3282 1024
f 3284 1025 3283
f 1029 3484 1023
f 3485 2675 2679
f 2676 2675 3486
f 3487 3488 3489
f 3489 3490 3491
f 3393 3492 3400
f 3492 3393 3493
f 3493 3494 3492
f 3488 3495 3490
f 3495 3401 3400
f 3496 3497 3498
f 3499 3500 3501
f 3502 3501 3503
f 3504 3505 3496
f 3505 3506 3497
f 1423 1422 1686
f 3387 3507 3300
f 1341 1346 3508
f 3509 60 110
f 60 3509 3168
f 2481 551 540
f 3510 1760 3511
f 1760 3510 1765
f 1857 2127 1146
f 3226 3512 535
f 2829 3225 3513
f 3485 3514 2381
f 3515 1511 3514
f 3485 2679 3514
f 3514 3516 3515
f 2329 2330 2825
f 3517 2605 893
f 2605 3517 1057
f 3518 893 3519
f 2327 3517 3518
f 894 2604 892
f 2854 2851 3520
f 3520 3521 2854
f 3522 685 2328
f 958 2324 2531
f 685 3522 687
f 692 2531 684
f 3523 1543 3208
f 3208 3207 3523
f 1543 3523 3524
f 3524 387 1543
f 2008 1877 1755
f 2009 3525 2008
f 511 402 3526
f 3526 3527 511
f 3526 404 768
f 3528 3529 3530
f 949 3378 941
f 3378 949 3380
f 430 3082 3053
f 3053 3531 433
f 3051 3052 3532
f 3083 3084 3082
f 1210 1212 1133
f 1502 2053 1493
f 3533 329 3196
f 3196 3534 3180
f 927 3533 926
f 329 331 3534
f 3534 3535 2265
f 2171 2170 3277
f 2171 3058 353
f 3277 3279 2171
f 3146 1961 2852
f 1162 3536 672
f 377 366 3537
f 3538 3539 3536
f 2590 2592 3540
f 2419 3540 2538
f 2592 3541 2740
f 1621 2626 1618
f 1353 3179 3142
f 1354 3542 1353
f 2495 3098 2492
f 923 922 1441
f 2911 2155 415
f 3500 3499 3435
f 3543 3498 3436
f 2025 2587 2022
f 2587 2025 2585
f 3544 2526 2398
f 2530 3545 3546
f 652 3547 651
f 3547 836 1662
f 836 3547 838
f 3548 659 1380
f 3549 1379 661
f 3550 3548 1381
f 3550 2758 3548
f 422 2824 3551
f 3551 2822 3552
f 1025 3284 1431
f 531 3553 3072
f 3554 2389 3555
f 3556 3557 3555
f 2388 3558 1098
f 3555 2390 3556
f 2389 3554 3369
f 1091 2389 1096
f 1967 3060 1692
f 1621 1620 3139
f 3135 2584 3559
f 3332 3560 2987
f 3333 3561 3332
f 1370 3230 1373
f 3561 1371 3560
f 3333 3331 3562
f 3562 3563 3333
f 2337 3564 2532
f 3565 3566 3567
f 2336 382 2337
f 965 964 3566
f 2337 2532 2335
f 2816 1210 3546
f 3568 135 3103
f 3529 1486 557
f 788 558 1485
f 3529 3528 1481
f 879 2785 1370
f 3569 2892 3570
f 1585 2895 3569
f 472 2448 2035
f 1812 1342 1810
f 464 3571 1810
f 1342 1812 1345
f 3572 3097 3573
f 3097 3572 3096
f 3097 3574 3575
f 3573 3575 3576
f 3507 3387 3577
f 2511 2636 2512
f 3026 3020 3578
f 3249 3248 3019
f 3578 3248 3238
f 3026 3579 3025
f 3238 3580 3578
f 3578 3581 3026
f 2623 3582 2952
f 1213 1215 2623
f 839 1887 2792
f 1627 1629 2966
f 814 808 3583
f 2891 814 2890
f 3584 3585 1338
f 3585 3584 3440
f 3586 1338 3587
f 1338 3586 3584
f 2228 2227 2598
f 1205 1200 862
f 1204 2459 1202
f 2190 2189 3588
f 2187 2186 804
f 804 803 2187
f 2248 3588 2245
f 3589 3150 3590
f 3150 1289 3591
f 1288 3592 1286
f 937 936 3589
f 2753 3593 2751
f 3445 2964 3594
f 3593 3182 2965
f 3595 3213 3596
f 3213 3595 2937
f 2025 3299 3559
f 1466 2444 2513
f 698 700 2445
f 2514 2513 3597
f 3598 3531 2658
f 2660 3598 2657
f 1128 1127 1476
f 951 2230 950
f 951 297 2224
f 298 3599 296
f 2169 2168 2170
f 2170 3364 3278
f 3363 2168 1787
f 2968 625 3017
f 363 3600 1465
f 1067 3379 3601
f 1071 2799 3379
f 3136 458 3134
f 3602 3516 2678
f 3287 3603 3602
f 3604 417 2157
f 3451 1524 2911
f 2862 2017 3192
f 3192 2016 3191
f 3605 3606 3607
f 3608 3605 3609
f 3610 3606 3608
f 3605 3607 3611
f 2071 2070 3153
f 3409 3408 3612
f 3419 3613 1291
f 3613 3614 2544
f 3418 3615 3149
f 3613 3419 3616
f 3176 3174 3177
f 3177 3617 3618
f 3174 3179 3617
f 2606 3619 3620
f 3620 2377 3621
f 669 957 3621
f 371 2606 957
f 2373 2972 2378
f 2004 3622 3609
f 2003 3619 3622
f 2201 1231 2147
f 3063 2998 3623
f 2440 2850 2437
f 3063 2970 2996
f 3623 729 3063
f 2850 3624 3402
f 3325 3625 3324
f 3625 3626 3627
f 3324 3627 3628
f 3629 3272 3365
f 94 93 2079
f 3011 2080 155
f 3012 3011 321
f 2035 2034 472
f 3630 375 3537
f 3631 2548 2546
f 3632 952 3633
f 2231 2917 2230
f 2918 3632 2917
f 3281 559 2231
f 428 427 1470
f 3220 3221 3486
f 2384 3220 2383
f 364 356 1062
f 606 434 2361
f 3634 3635 436
f 1102 2862 1100
f 3636 3257 3637
f 3257 3636 3262
f 3257 3256 3638
f 2754 1833 2875
f 1827 3639 3640
f 1833 3640 3323
f 827 818 3641
f 2818 827 2817
f 827 2818 826
f 3512 3286 539
f 3642 3643 2244
f 3644 3642 2243
f 3642 3644 3645
f 3643 3642 3646
f 2310 2309 3629
f 3365 3647 3629
f 2309 3269 3272
f 2311 1402 2309
f 3066 3065 3648
f 2771 2775 3649
f 3645 3650 3651
f 3385 3652 3384
f 3435 3652 3434
f 3381 3384 3386
f 3501 3502 3499
f 1783 3538 1162
f 3653 3504 3654
f 3498 3543 3496
f 2559 3655 3119
f 2562 3656 2559
f 3657 3658 2567
f 507 1360 1971
f 1234 1233 2990
f 3644 802 3650
f 1078 1077 3659
f 3650 1078 3660
f 802 3644 800
f 3661 3118 984
f 3662 3663 1509
f 3663 2570 1516
f 2124 3662 1508
f 2140 3664 2695
f 507 1971 506
f 2675 3485 2383
f 3665 1059 2763
f 2443 2583 3172
f 2583 2054 2944
f 3666 3667 3668
f 1992 3668 1152
f 1994 3666 1992
f 1152 2166 1992
f 869 573 868
f 2349 2346 3577
f 2349 2211 3669
f 2211 2349 3388
f 1347 3508 2342
f 3508 3507 2343
f 2918 563 3632
f 952 3632 3421
f 3670 3671 3672
f 3673 3674 3672
f 3675 3673 3676
f 3671 2772 3676
f 3677 688 1031
f 694 686 3677
f 2517 1230 3678
f 3679 1536 3678
f 3678 1229 3679
f 3680 3681 1228
f 3682 3683 3684
f 3685 3686 3687
f 3686 3688 3689
f 3684 1981 3682
f 2779 2783 3690
f 632 635 3217
f 3691 2868 845
f 2865 2864 3691
f 1174 2865 3692
f 3037 3693 2177
f 3693 3037 3694
f 2836 1843 3695
f 2479 2478 3696
f 3628 2478 2476
f 3626 3697 3696
f 2105 2933 3041
f 2104 2103 2931
f 2933 2105 2928
f 3590 3591 2029
f 2029 2026 3590
f 969 3589 967
f 2029 3592 1245
f 702 2409 701
f 3114 3113 3521
f 2668 3110 2670
f 2670 3114 3520
f 3521 2723 3147
f 2721 2717 3113
f 966 963 3698
f 3566 3565 965
f 2982 2985 3699
f 3700 3699 3701
f 2983 2982 3700
f 1860 3702 1325
f 1325 1324 1860
f 3702 1860 2831
f 2856 2855 2279
f 2857 3700 2855
f 1322 1973 1326
f 503 506 1322
f 671 669 2972
f 3703 2621 3704
f 3704 2622 3705
f 2622 3706 3707
f 1412 1089 1699
f 1087 1089 2759
f 2941 2940 3708
f 3615 3418 3709
f 2940 3710 3709
f 2938 3711 2940
f 2077 2080 1946
f 1635 3712 1638
f 375 3630 3713
f 3537 3539 3630
f 2463 3714 1285
f 1285 3715 1288
f 3714 1243 3715
f 3716 1241 3714
f 2394 3305 3717
f 3717 2066 2394
f 3718 3719 3717
f 1180 3718 3389
f 2201 435 2359
f 2359 3205 2201
f 2148 1444 2147
f 700 701 3597
f 701 900 3720
f 900 898 3457
f 1773 1772 3721
f 3722 3723 2256
f 3723 3724 3725
f 3723 3722 3726
f 3727 3722 2255
f 815 3728 3727
f 2254 2253 3725
f 3296 3729 3730
f 2073 1004 3731
f 3731 3732 2073
f 3732 3731 3733
f 3734 3735 3729
f 3145 3125 3074
f 2795 3736 3124
f 1788 3432 1786
f 2060 3737 1788
f 1786 3429 3362
f 3007 3099 3738
f 1899 1759 3739
f 481 2978 3739
f 487 480 3740
f 1759 1748 482
f 1451 2661 1449
f 889 884 1761
f 3741 3742 887
f 888 2618 1766
f 1824 2252 1821
f 2465 1940 3743
f 1940 2465 1938
f 3743 2242 1907
f 1907 914 3743
f 2519 2518 3744
f 3085 713 3086
f 3087 3086 2064
f 2700 569 740
f 3702 1952 1327
f 3745 3746 1376
f 3747 1376 1378
f 2974 3745 3747
f 3748 3749 3745
f 2006 2377 2003
f 2157 2156 3604
f 3750 3751 3752
f 3753 3724 3754
f 3755 3753 3756
f 3756 3754 3757
f 2817 3641 3758
f 510 2711 509
f 1378 1903 3747
f 2979 2975 1900
f 2855 3701 2277
f 2279 2278 2856
f 1453 1452 3377
f 3759 3760 3454
f 3454 3453 3759
f 1502 1500 584
f 584 587 1502
f 3279 3761 3058
f 3059 3056 351
f 3713 3762 375
f 3763 376 3741
f 376 3763 367
f 3764 3705 3765
f 3766 3487 3165
f 3164 3767 3768
f 3767 3164 3160
f 3768 3766 3164
f 3766 3768 3769
f 3090 3770 3771
f 3771 3772 3773
f 3768 3772 3774
f 2849 727 3624
f 3624 728 3623
f 3348 3346 946
f 946 945 3348
f 3346 2726 2595
f 2896 546 543
f 1249 1248 3775
f 3034 3776 3033
f 3775 3776 3777
f 3778 3779 3034
f 3716 2464 3033
f 3033 1248 3716
f 2612 2813 2609
f 1530 1527 3780
f 1352 1353 1350
f 1359 1350 3141
f 3781 3782 3288
f 3573 3783 3572
f 3572 3710 3784
f 3616 3615 3783
f 3783 3573 3616
f 2496 2494 1390
f 681 1950 2830
f 3391 3132 3390
f 328 3785 3027
f 3785 2011 3022
f 3533 927 3785
f 324 3027 3786
f 890 731 1060
f 187 731 319
f 3787 3788 2667
f 1912 1910 3788
f 1981 1975 3789
f 1921 2647 3789
f 2431 2503 2498
f 3790 3791 3002
f 3000 3790 2997
f 3268 3792 3266
f 3367 3366 3793
f 2840 3481 2838
f 3794 2841 2043
f 683 682 1148
f 2020 2733 475
f 2733 2883 3795
f 2139 3746 3664
f 3757 3751 3796
f 3796 3797 3757
f 3757 3798 3756
f 3751 3750 3799
f 1849 1851 2124
f 3800 3511 3801
f 3612 3510 3800
f 3690 3411 3801
f 3801 1764 3802
f 3758 2122 2817
f 2983 2859 2984
f 3803 583 3804
f 2859 3545 3804
f 3474 3803 3473
f 2859 2983 2857
f 3805 3806 3807
f 3806 3805 3808
f 2811 3806 3809
f 3810 3805 3811
f 2611 2613 3807
f 2809 2810 2811
f 2612 2611 2810
f 3687 3689 3812
f 3242 3687 3813
f 3244 3685 3242
f 2358 2357 3685
f 3110 2668 3108
f 3814 3446 3815
f 3594 3181 3445
f 3181 3594 1369
f 3816 3648 3817
f 3336 3817 3818
f 3819 3816 3335
f 2774 2776 3820
f 3820 3648 2774
f 1736 1418 1978
f 2805 3821 3822
f 2806 3822 2889
f 3822 3823 3824
f 3821 1447 3823
f 3823 3466 3825
f 3597 3720 2514
f 3758 2420 3826
f 100 3827 111
f 3828 3509 109
f 109 3827 3828
f 3828 3829 3351
f 2863 1916 2862
f 1916 2863 1864
f 3491 3163 3489
f 2988 476 3795
f 3795 360 2988
f 1409 1584 2578
f 1584 3569 3830
f 2578 3830 1870
f 1381 752 3550
f 1521 3831 1517
f 1521 1520 3832
f 3758 3826 2122
f 3425 3833 2536
f 419 3692 418
f 1181 1174 419
f 3264 3834 3665
f 3834 3835 1059
f 3665 605 3264
f 605 3665 604
f 1329 1337 2900
f 2900 3836 1879
f 1330 1329 2455
f 2372 3837 3838
f 3839 3840 3841
f 3841 3837 2376
f 3838 1012 2372
f 3525 2009 3840
f 2009 1011 3838
f 885 3842 3843
f 889 1765 885
f 2691 3844 3658
f 983 3656 3255
f 2690 2691 3657
f 3656 2562 3845
f 3679 3681 3846
f 3846 2317 3679
f 3847 3848 3849
f 2331 2334 3850
f 3850 3851 2331
f 3852 3777 3853
f 3853 693 3852
f 691 2334 2533
f 2334 691 3853
f 2140 2694 2138
f 829 3458 840
f 838 3854 829
f 3855 3307 3856
f 3557 3856 3857
f 3856 3557 3855
f 2391 3858 2392
f 3856 3306 3859
f 3307 3860 3303
f 2425 1258 147
f 259 2413 261
f 2069 1997 2072
f 2005 2004 3611
f 1778 1776 2908
f 3654 3861 3653
f 3428 3862 3653
f 3640 2449 2453
f 2450 2449 2452
f 1834 3863 3639
f 1005 2067 3156
f 417 3604 410
f 410 3631 409
f 3604 3251 3631
f 2680 2185 2683
f 3864 1995 3865
f 3667 3666 3864
f 3866 3667 2340
f 3169 2238 3867
f 2238 2237 3868
f 3169 3166 2240
f 3869 3744 3868
f 2929 3389 3304
f 3304 2932 2929
f 524 2912 522
f 3261 423 3259
f 423 3261 424
f 3509 3828 3171
f 1595 3703 3870
f 3705 3764 3704
f 446 3871 442
f 3871 446 3872
f 1564 438 3028
f 3487 3873 3488
f 3874 3875 3488
f 3876 3877 3878
f 961 3877 2326
f 3879 3878 3880
f 3881 3876 3879
f 3698 3882 966
f 3647 3365 3360
f 1847 811 1846
f 1848 3130 811
f 2745 3129 1848
f 3612 3800 3409
f 3086 2365 2065
f 1354 1357 2367
f 1818 2190 2248
f 938 3708 3151
f 2287 3883 2667
f 3609 3884 3608
f 3843 3884 3885
f 3886 3887 2683
f 3887 3886 3888
f 3887 3567 2684
f 2683 3693 3886
f 2661 2522 3544
f 820 819 823
f 3889 3890 823
f 823 1254 3889
f 1101 1100 1103
f 2268 2648 1566
f 3891 3892 2267
f 3543 3893 3654
f 3811 3580 3810
f 3580 3811 3581
f 1759 1899 1758
f 1900 1899 2979
f 624 2099 623
f 3894 851 2663
f 2663 2664 3894
f 3818 3895 3336
f 3404 3405 3102
f 3404 3008 2702
f 3102 3006 3404
f 361 360 3600
f 914 1907 1905
f 2242 2241 1908
f 2664 3896 3897
f 3898 3874 3899
f 3487 3766 3873
f 3873 3769 3899
f 715 714 2366
f 3799 3900 2217
f 2217 2216 3799
f 3797 3796 3175
f 1642 1976 1420
f 2081 3829 3901
f 102 3901 100
f 2385 1515 3902
f 1516 2569 3902
f 3902 2572 2385
f 2447 2446 2883
f 2421 1656 3250
f 1258 1257 53
f 2920 3442 1741
f 2678 2120 3602
f 3782 3781 3903
f 3288 3287 3781
f 3904 3782 3905
f 3905 3903 2901
f 3081 3386 3080
f 3080 3906 3084
f 3194 3343 3907
f 3343 3342 3908
f 864 858 3909
f 2263 3382 3079
f 3910 3911 3875
f 3911 3912 3913
f 3401 3495 3913
f 3910 3875 3898
f 2871 3401 3914
f 3915 2738 3862
f 3505 3504 3916
f 3917 3916 2737
f 2537 3915 3428
f 1372 1371 3815
f 1371 3561 3918
f 1120 3919 3563
f 3815 3918 3814
f 3579 2610 3786
f 3197 3920 737
f 3920 3088 735
f 2690 2762 1507
f 2232 2225 323
f 1340 3863 3587
f 1330 2452 1340
f 3863 1834 3921
f 2846 3586 3921
f 1074 3922 3833
f 1073 1072 1789
f 3427 1072 3425
f 1780 2057 2760
f 2760 3923 1780
f 3123 2057 3924
f 2756 3123 2628
f 3925 2640 3926
f 3899 3925 3898
f 3927 3928 3899
f 3929 3910 3926
f 2079 2078 94
f 1959 1958 1029
f 2593 1271 2592
f 2594 1276 2591
f 2877 3930 2753
f 3930 3931 3593
f 2161 1368 3930
f 3228 3227 3290
f 3229 2125 3515
f 3290 3229 3603
f 3787 1076 799
f 797 1911 799
f 3932 3933 3934
f 3798 3797 3935
f 3933 3936 3935
f 3937 3934 3938
f 3178 3938 3175
f 3886 3694 3939
f 3939 3940 3880
f 3040 3940 3038
f 3294 3356 3941
f 3321 2913 3942
f 3836 1721 1873
f 1426 2496 1389
f 3614 3943 3267
f 2342 464 1347
f 3745 2974 3748
f 3749 3748 3738
f 1615 1614 2976
f 1644 3468 1643
f 2374 745 2373
f 3790 3000 3944
f 3944 3066 3816
f 1921 1920 2651
f 3506 3945 3503
f 3386 3502 3906
f 1978 1977 1736
f 1384 1387 3946
f 1669 3947 1668
f 3948 757 3949
f 752 748 3948
f 3947 3950 3949
f 1535 2812 2517
f 1530 3780 1535
f 3112 2721 3115
f 1961 3146 3951
f 1958 3951 3484
f 2795 2796 3736
f 3851 3850 3779
f 3777 3852 3775
f 3779 3778 3851
f 2082 1603 3952
f 1263 1262 2890
f 1669 1664 2474
f 3947 1669 2473
f 3023 2010 3021
f 1424 3019 1422
f 1932 1931 3719
f 3356 3294 3355
f 2956 2955 2958
f 3157 3953 3160
f 2596 2557 2601
f 2889 3824 1845
f 3821 2805 2422
f 1355 3954 2391
f 3519 895 3955
f 1060 3835 890
f 3835 3956 891
f 3955 1168 3519
f 1168 3955 1167
f 2236 2160 2237
f 3680 3647 3957
f 3647 3680 1227
f 1633 3121 1631
f 3958 3959 3960
f 3734 3297 3958
f 3295 3959 2959
f 3961 3958 3962
f 1789 3963 1785
f 2799 1071 1784
f 2798 2878 3055
f 3964 3879 3965
f 3879 3964 3881
f 3966 3964 3967
f 3967 3965 3040
f 3888 3939 3882
f 2049 2046 1093
f 498 499 3353
f 1406 3923 1404
f 3923 1406 1781
f 2043 2042 3794
f 2209 1711 2044
f 3801 3802 3690
f 2779 3690 2781
f 3202 3004 3920
f 3968 3969 2213
f 2217 3968 2212
f 3970 3341 2183
f 2182 2181 3340
f 3619 2606 3885
f 273 191 3971
f 2051 3107 640
f 2045 640 648
f 3107 2051 3106
f 639 641 3105
f 3892 2646 2268
f 2803 1195 2954
f 341 466 1192
f 465 1695 466
f 1980 3688 3946
f 3946 2356 1384
f 3688 3686 2356
f 1981 3684 1980
f 2245 803 2243
f 3725 3293 2254
f 3646 2501 3643
f 3651 3439 3645
f 325 1528 332
f 3972 971 3637
f 3638 3552 3973
f 3637 3638 3972
f 2538 2742 2537
f 2738 3915 2741
f 3900 809 3968
f 390 2524 395
f 3974 1107 1591
f 2726 2716 3975
f 2068 1003 2073
f 764 767 763
f 785 767 783
f 537 3073 532
f 763 787 2129
f 2922 726 3443
f 2664 2666 3896
f 3341 3970 3345
f 2183 2685 3970
f 2913 2914 3941
f 810 3976 3728
f 3752 3726 3750
f 3724 3723 3752
f 3750 3976 3900
f 1328 1956 2713
f 1732 1731 2270
f 3162 3494 3470
f 3158 3162 3469
f 2507 2194 3214
f 1379 3549 1378
f 2684 381 2681
f 1616 3007 1614
f 3851 3866 2332
f 3778 3977 3866
f 3440 1678 3585
f 850 3327 847
f 3957 3360 3431
f 2292 3907 3048
f 2289 2288 3907
f 3234 3233 3894
f 48 261 1016
f 3978 1058 1016
f 1058 3978 1056
f 3979 3980 3981
f 3982 1576 2645
f 3980 3983 3982
f 1572 1576 1570
f 2480 3983 3984
f 3439 3651 3441
f 3651 3660 3985
f 2501 3646 2497
f 3441 3985 3440
f 3986 2369 3987
f 1606 3987 3952
f 716 717 714
f 3988 3048 3344
f 3735 3734 3961
f 3729 3296 3734
f 3841 3735 3839
f 3962 3989 3961
f 975 3636 974
f 3195 2881 3328
f 3327 850 2153
f 3738 3101 3749
f 2011 2012 3023
f 1553 1552 3881
f 3881 3990 1553
f 3877 3876 3991
f 1117 1120 3562
f 3919 1120 1746
f 2434 3437 2438
f 3586 2846 2438
f 3992 3051 3993
f 3775 3994 1249
f 3994 3677 1250
f 3995 3996 2821
f 886 3843 2607
f 1598 1592 3997
f 3201 1672 3202
f 2595 3975 947
f 947 3998 3999
f 940 3999 948
f 2803 2953 2801
f 3674 3673 4000
f 4000 1043 3674
f 4000 4001 3133
f 3673 3675 4001
f 3042 4002 4003
f 4004 4002 4005
f 2403 3219 2401
f 2386 3219 2384
f 353 3059 348
f 3971 1505 273
f 3254 3844 3971
f 3252 3254 4006
f 2621 3703 3349
f 2620 3349 1476
f 1593 1475 1594
f 4007 4008 4009
f 2464 3716 2463
f 838 3412 3854
f 3462 3461 3413
f 3413 1464 3462
f 4010 3727 1260
f 1270 1277 1271
f 1277 2734 3541
f 2656 3477 3064
f 460 459 4011
f 4011 4012 460
f 4012 4011 3479
f 2018 4013 2015
f 4014 3189 4013
f 3141 4015 1359
f 1359 4016 1358
f 3635 3634 3598
f 1715 3324 2844
f 2844 1712 1715
f 2476 2839 3628
f 1655 1647 4017
f 528 530 4018
f 530 529 4019
f 3912 528 3914
f 3883 4020 4021
f 1076 3787 4021
f 2286 2731 3883
f 2291 2727 2286
f 2731 1680 4020
f 3295 3294 2916
f 2916 2915 3295
f 3472 3471 455
f 3760 4009 3452
f 3452 1525 3451
f 4022 4023 3759
f 4020 4024 4025
f 3255 3845 3254
f 3945 3506 3993
f 3993 3532 3945
f 3993 3917 3992
f 3916 3917 3505
f 883 882 374
f 4026 2013 1914
f 1425 3249 1424
f 2890 3583 1263
f 3727 4010 815
f 2831 2830 3702
f 2587 2586 1708
f 2241 3234 3897
f 3475 3472 4027
f 3803 3474 4028
f 3782 3904 3291
f 3291 3998 2719
f 4029 1764 4030
f 4030 4031 4029
f 4031 4030 1477
f 1608 4032 3937
f 3938 3178 3937
f 3934 4032 3932
f 3186 3695 3825
f 329 3533 328
f 2932 3304 4033
f 2921 2920 2701
f 1013 2921 680
f 3926 3337 3929
f 2640 3925 1825
f 3436 3500 3433
f 3436 3737 3543
f 3720 3457 2516
f 269 3599 268
f 2182 3195 2180
f 1449 3544 3465
f 956 955 1451
f 3774 3770 4034
f 3770 3090 4035
f 4034 4035 1819
f 1034 1036 2028
f 3262 4036 1038
f 2028 4036 975
f 812 3128 806
f 3784 3711 4037
f 2962 3730 997
f 4017 1651 718
f 1721 3836 1719
f 1747 1752 4038
f 4039 3070 4040
f 3303 4041 3301
f 3860 4042 4041
f 484 1617 2978
f 2781 4043 4044
f 4029 4045 3802
f 4044 4045 4046
f 4047 2484 2487
f 2488 4048 2487
f 2487 4049 4047
f 4050 4051 4052
f 2488 2780 4048
f 2018 2013 4053
f 4026 1914 4047
f 4053 4026 4051
f 1593 1597 1475
f 1472 1471 1473
f 2112 3188 4054
f 3997 1596 4054
f 4055 3997 4056
f 4057 4056 3189
f 4056 4057 4055
f 4013 2018 4014
f 2484 1914 551
f 4044 4058 2781
f 4058 4044 4059
f 4014 4053 4050
f 102 2078 3901
f 4050 4057 4014
f 1477 1474 4031
f 4060 1598 4055
f 1598 4060 1597
f 4052 4049 4061
f 4048 4058 4061
f 4062 1473 4063
f 4063 4060 4064
f 4057 4050 4064
f 1474 4062 4046
f 4062 4063 4059
f 4064 4052 4063
f 2426 2425 146
f 2368 4065 3542
f 3618 4065 3986
f 2340 3864 2338
f 2628 3924 1562
f 1160 1563 2059
f 875 587 873
f 3733 2376 3732
f 3741 887 3763
f 3763 883 368
f 3707 3742 3762
f 2306 2308 2766
f 1487 2766 1485
f 635 628 3416
f 869 867 629
f 3416 870 3414
f 518 3675 516
f 3675 518 3392
f 1726 4066 1724
f 4067 1729 4068
f 4003 4069 1726
f 1077 1076 4025
f 2672 2673 2113
f 2353 1298 2351
f 4070 343 3721
f 1012 743 2374
f 2842 2841 1712
f 1802 928 2820
f 2820 2819 1802
f 2194 2188 3596
f 3092 3094 2191
f 3596 2192 3595
f 1144 1857 1142
f 979 1556 4071
f 1442 1437 2148
f 3761 3279 3310
f 331 330 3535
f 3535 2886 2261
f 960 962 958
f 382 381 3564
f 3567 3887 3565
f 2336 2341 382
f 1947 1948 1602
f 1176 1932 3718
f 2064 2066 3087
f 1557 1051 1554
f 1171 1557 1170
f 3991 1552 1052
f 2174 1042 4072
f 4007 4023 2173
f 4008 4007 2172
f 2771 3649 517
f 2610 3579 2613
f 3246 2358 3244
f 1991 1982 1641
f 2325 1055 2327
f 3249 1425 3246
f 4040 1795 4039
f 1799 1793 4040
f 2594 824 4073
f 3652 3385 4074
f 2315 3848 4074
f 3848 3847 3434
f 736 1231 3198
f 4071 4075 979
f 984 980 3661
f 3663 3662 4076
f 750 749 2142
f 1748 1747 3740
f 1751 487 1750
f 1751 4038 3047
f 2277 1226 2205
f 1730 4077 1725
f 2267 1731 3891
f 4077 3813 1733
f 3813 3812 3891
f 3247 3243 1730
f 2307 2472 4078
f 3069 4079 1801
f 2301 2471 2307
f 4078 1805 2768
f 2240 2235 3169
f 1853 1852 2669
f 1852 1855 3108
f 1271 2593 1275
f 1854 4080 1851
f 759 4081 3391
f 1263 4010 1259
f 971 3972 1348
f 3510 3612 3610
f 1765 3610 3842
f 3339 4082 3338
f 3911 3910 4082
f 1221 4083 1579
f 2422 1445 3821
f 984 3655 983
f 4084 4085 3791
f 3944 4084 3790
f 3681 3680 3849
f 3849 3957 3847
f 3771 3574 3090
f 916 3216 915
f 915 4086 2199
f 4087 4086 2934
f 3571 4012 1811
f 1809 1808 4088
f 639 1398 637
f 4069 4042 4066
f 4089 4067 4090
f 4042 3860 4068
f 3240 3241 3238
f 4027 455 1344
f 4091 4092 3979
f 2405 4083 2400
f 1636 4093 1635
f 4093 1636 4075
f 3118 3661 1634
f 1043 4000 1403
f 3985 4094 1678
f 4095 4096 4097
f 2798 3761 2131
f 3966 4093 4071
f 3834 3263 3835
f 1167 3956 1166
f 3598 2660 3635
f 1746 1742 3919
f 2872 2869 3399
f 4083 2405 2571
f 1345 1815 1344
f 1486 3529 1480
f 1481 4098 1484
f 3643 2502 2246
f 2644 2251 4099
f 3914 4018 2871
f 3446 3814 3447
f 3905 4100 3904
f 2903 1070 4100
f 2901 2903 3905
f 2469 2303 4087
f 2303 2469 2301
f 3979 3950 3980
f 1797 2551 792
f 2480 2475 4101
f 3950 3947 3984
f 396 395 4102
f 4102 4103 396
f 4102 3869 4104
f 1990 2208 1989
f 3963 1789 3426
f 3890 3889 4105
f 4073 3890 4106
f 4106 4105 4107
f 872 871 3417
f 3407 3417 3406
f 2083 3618 1607
f 3987 1606 3986
f 169 168 3467
f 3829 2081 1888
f 1927 1993 1923
f 3143 2654 4108
f 4109 4107 4108
f 4107 871 3143
f 4108 4110 4109
f 3848 2315 3846
f 2654 2653 4110
f 4110 2655 4111
f 1285 1284 2463
f 3981 1083 1432
f 4091 1432 2758
f 4082 4112 3911
f 3895 1489 4112
f 528 3912 527
f 1489 3895 2776
f 3339 3895 4082
f 2944 2943 3172
f 671 2973 670
f 710 4017 708
f 4076 1199 3663
f 2948 2949 2352
f 2074 4113 1807
f 1070 2903 1068
f 949 948 3601
f 1588 1586 3358
f 3358 1702 3352
f 1432 4091 3981
f 2645 1083 3982
f 1049 1051 1020
f 1051 1557 1019
f 2761 3657 2564
f 1570 4101 1571
f 4114 4115 4116
f 4117 3943 4114
f 4118 4114 3773
f 3773 4116 3771
f 2868 2867 4019
f 4119 3872 3493
f 3872 4119 3871
f 3753 3755 3292
f 3756 3936 3755
f 3321 3942 3317
f 2913 3321 2454
f 4005 4033 4004
f 4002 4004 4069
f 2933 2932 4005
f 3172 2942 1704
f 3962 3960 1881
f 1881 1878 3962
f 4101 1570 2480
f 4107 4109 4106
f 394 4120 391
f 3483 2967 3482
f 1727 4121 1734
f 3805 3810 4122
f 3808 4122 4123
f 2768 4079 2777
f 2308 4078 2767
f 1462 1467 3462
f 3705 3707 3713
f 2708 1105 3974
f 1591 1595 3974
f 3974 3870 2708
f 2618 888 3706
f 14 18 16
f 3810 3241 1734
f 1735 3247 1728
f 2863 1109 1872
f 3479 3478 4088
f 2689 1159 2688
f 1834 1829 2847
f 2849 2848 2749
f 4103 3832 394
f 2172 4120 4008
f 3660 3659 4094
f 1680 1679 4024
f 4124 3528 2600
f 2600 2597 4124
f 2600 3530 3280
f 559 3281 556
f 3070 4039 3069
f 2647 2646 3682
f 493 2161 2877
f 768 762 3526
f 3478 4096 4125
f 3840 3839 3525
f 3525 3989 1877
f 3555 3857 3554
f 4126 4127 3859
f 3954 4126 3858
f 3464 3463 3185
f 4080 1201 4076
f 4128 1319 3755
f 3103 3292 3568
f 3292 3293 3753
f 3568 4129 1320
f 1320 10 3568
f 4085 4099 2500
f 3034 1155 3778
f 3286 3512 1644
f 3812 3683 3892
f 4027 4130 3475
f 4130 4027 4113
f 1822 3092 1817
f 3677 3994 694
f 1033 1247 1031
f 3744 2521 3867
f 3151 931 938
f 4081 759 3309
f 4130 578 4028
f 4113 2074 4130
f 4028 577 3803
f 3788 3787 1912
f 3565 3888 3698
f 4103 4102 3831
f 2841 3794 1713
f 3335 2643 3819
f 4084 3944 3819
f 3819 4131 4084
f 3692 3691 843
f 1944 3122 1942
f 2108 2107 3398
f 3493 3395 4119
f 2122 3922 2902
f 4072 4132 2174
f 1318 3012 1317
f 3708 938 2941
f 2347 2036 3482
f 2036 2347 3669
f 3046 999 2895
f 2895 1585 3046
f 3357 2955 3045
f 3046 1587 3045
f 3009 3449 3015
f 2655 1809 4125
f 2682 386 3524
f 9 10 1316
f 1314 1319 3448
f 3973 3996 4133
f 2821 2829 3995
f 2758 3550 4091
f 3163 3491 3162
f 2328 2327 3522
f 3519 689 3518
f 3793 4134 3367
f 3373 4016 3372
f 3448 4128 3933
f 4088 1814 3479
f 4133 4135 3973
f 3964 3966 3990
f 3967 3712 3966
f 3744 3869 2519
f 663 3549 655
f 1402 2311 1396
f 1792 1798 1796
f 4134 3793 4127
f 4136 4134 4126
f 4134 4136 3373
f 3927 4034 3928
f 3769 3774 3927
f 3697 3626 465
f 1783 1778 3538
f 2909 3539 2908
f 3963 3893 2060
f 4137 4123 4138
f 3556 3558 4137
f 3557 3556 4138
f 3855 4138 4090
f 4121 1727 4067
f 4123 4121 4089
f 4040 3553 1799
f 2707 3765 3044
f 3252 4006 1559
f 1559 1311 1558
f 3735 3841 3733
f 3185 3186 3464
f 1853 3909 4080
f 3712 3967 3039
f 4009 3760 4007
f 4109 4111 4095
f 4106 4095 4073
f 3626 3625 1695
f 2924 2970 725
f 3159 4139 3157
f 2971 777 3159
f 4139 3792 3953
f 3649 2136 513
f 3668 3977 1153
f 2739 2735 2737
f 3426 3861 3963
f 3160 4118 3767
f 3953 4117 4118
f 2744 2049 1095
f 2643 2639 4131
f 4131 2644 4085
f 2708 3764 2707
f 3320 3316 2875
f 777 776 4139
f 3943 4117 3268
f 629 582 869
f 3314 4098 4124
f 3813 4077 3242
f 2669 864 1853
f 3067 3069 1800
f 2931 2108 3397
f 426 3551 3256
f 3209 3211 3207
f 3129 2745 3371
f 3513 536 3995
f 536 3073 4133
f 3548 2627 659
f 3096 3784 3095
f 10 8 135
f 1726 1732 4003
f 2271 3042 2270
f 3831 4104 1518
f 2773 4140 1491
f 3307 3855 3860
f 2338 3865 2919
f 2339 2338 2341
f 539 1798 538
f 3595 3094 4037
f 2575 1870 2906
f 3344 3211 3988
f 3618 2083 3177
f 3073 3068 4135
f 4101 2479 4141
f 1571 4141 1578
f 1206 2815 3582
f 1276 2594 4097
f 333 1534 2884
f 2109 3030 2107
f 4132 4072 4022
f 3672 4132 3670
f 3759 4140 4022
f 3830 3570 1868
f 4140 2773 3670
f 2907 1871 2706
f 3371 4142 3129
f 3370 3372 4142
f 1578 3697 467
f 3576 4115 3614
f 4098 3314 1937
f 3809 3808 4137
f 3558 2388 3809
f 1366 3931 1367
f 2955 3357 3355
f 3045 1588 3357
f 4126 3954 4136
f 2454 3322 2453
f 1550 1558 1551
f 3831 1521 4103
f 3988 3212 3047
f 3952 717 2082
f 2222 4143 4015
f 3616 3576 3613
f 2906 1865 1871
f 3128 3969 807
f 727 2849 2748
f 3309 3308 4081
f 1703 2942 498
f 3449 3448 3932
f 3392 3527 761
f 2219 3126 4143
f 2773 2770 3671
f 1575 4070 1573
f 1578 467 4070
f 2326 3991 1053
f 3625 3325 1696
f 3550 3948 4092
f 648 642 646
f 2 6 3
f 2 8 5
f 4 137 6
f 8 2 1
f 5 8 10
f 7 1 12
f 14 21 15
f 17 21 14
f 14 13 19
f 20 61 13
f 21 92 22
f 15 22 23
f 25 28 26
f 28 25 29
f 31 29 25
f 33 42 34
f 36 33 32
f 33 36 38
f 32 34 40
f 34 43 41
f 42 45 43
f 37 46 42
f 45 42 46
f 40 41 48
f 39 40 47
f 49 262 50
f 52 147 53
f 55 52 51
f 57 59 55
f 52 55 59
f 54 77 56
f 61 20 62
f 19 13 61
f 65 68 66
f 67 264 68
f 68 277 69
f 65 64 71
f 64 66 73
f 64 72 74
f 75 73 66
f 76 133 77
f 79 133 76
f 80 76 54
f 80 81 78
f 80 51 53
f 83 88 84
f 85 17 82
f 87 84 88
f 89 85 84
f 83 954 90
f 91 954 83
f 17 85 92
f 16 91 82
f 94 99 95
f 97 98 95
f 98 152 93
f 100 111 101
f 99 101 96
f 102 100 99
f 104 106 57
f 59 57 106
f 108 106 104
f 110 114 111
f 113 96 101
f 112 101 111
f 115 97 96
f 117 115 113
f 1 3 118
f 12 118 120
f 122 120 118
f 121 118 3
f 119 131 125
f 11 124 127
f 124 125 128
f 130 125 131
f 130 322 128
f 132 150 129
f 129 77 133
f 123 3 6
f 119 124 11
f 131 119 120
f 7 11 126
f 98 97 134
f 134 97 115
f 134 6 137
f 86 149 138
f 88 90 139
f 89 108 107
f 106 108 138
f 141 151 140
f 62 142 114
f 23 156 143
f 112 114 142
f 20 23 142
f 138 149 144
f 146 58 144
f 105 144 58
f 147 52 58
f 145 144 149
f 148 149 86
f 108 89 87
f 103 57 56
f 123 115 117
f 150 56 77
f 122 160 132
f 140 92 85
f 151 22 92
f 136 154 152
f 152 155 153
f 154 321 155
f 151 141 157
f 22 151 156
f 156 157 116
f 117 116 157
f 158 122 121
f 158 157 141
f 116 113 112
f 159 104 103
f 159 141 107
f 150 132 160
f 158 159 160
f 162 28 27
f 28 162 163
f 164 182 27
f 166 172 167
f 169 166 165
f 170 224 165
f 172 166 173
f 175 167 172
f 171 173 177
f 166 169 178
f 179 177 173
f 72 26 163
f 72 73 24
f 162 301 180
f 161 27 182
f 181 182 184
f 185 184 182
f 186 240 183
f 187 164 29
f 189 193 190
f 191 273 192
f 193 236 194
f 188 190 195
f 197 193 189
f 198 236 193
f 199 189 188
f 199 192 201
f 201 205 202
f 204 202 205
f 206 207 202
f 207 196 200
f 207 206 209
f 210 267 204
f 204 267 211
f 213 223 214
f 214 170 216
f 212 214 215
f 219 212 217
f 212 219 220
f 215 216 222
f 224 170 214
f 213 228 225
f 223 225 226
f 228 213 220
f 196 189 199
f 196 207 208
f 71 74 230
f 232 70 233
f 70 71 229
f 67 65 70
f 176 232 231
f 234 174 231
f 235 234 233
f 167 175 216
f 236 35 50
f 190 194 237
f 239 41 43
f 238 43 45
f 232 176 241
f 242 241 176
f 244 247 245
f 246 245 247
f 248 249 247
f 249 219 218
f 250 3420 248
f 243 245 252
f 243 251 254
f 253 250 244
f 245 246 255
f 256 295 252
f 258 239 238
f 240 186 257
f 258 257 260
f 258 259 261
f 35 32 39
f 194 50 262
f 73 75 263
f 30 25 24
f 241 242 264
f 177 179 265
f 171 231 174
f 35 236 198
f 267 210 268
f 210 323 269
f 211 267 266
f 203 205 272
f 201 274 272
f 274 201 192
f 275 235 229
f 242 265 276
f 264 276 277
f 44 46 279
f 280 279 46
f 279 280 282
f 283 280 37
f 284 186 184
f 260 257 186
f 44 183 240
f 217 215 221
f 218 217 285
f 286 309 285
f 288 290 209
f 206 211 287
f 208 209 290
f 283 38 289
f 283 290 288
f 288 287 293
f 291 288 292
f 295 296 251
f 297 254 251
f 296 295 299
f 300 161 181
f 161 300 301
f 281 300 278
f 183 44 278
f 222 216 175
f 303 286 221
f 305 307 303
f 305 304 235
f 304 302 234
f 222 302 304
f 307 305 308
f 307 311 286
f 302 175 174
f 74 163 180
f 168 165 224
f 246 285 309
f 255 309 310
f 311 310 309
f 270 293 287
f 295 256 312
f 198 289 38
f 197 208 289
f 268 298 299
f 48 41 239
f 313 275 230
f 313 308 305
f 312 315 293
f 292 293 315
f 220 219 249
f 282 291 294
f 291 282 280
f 313 180 301
f 317 316 308
f 300 281 317
f 270 266 299
f 256 310 315
f 314 315 310
f 314 306 294
f 316 294 306
f 306 314 311
f 281 282 316
f 5 9 318
f 185 164 187
f 319 2412 284
f 320 137 4
f 154 136 137
f 320 1317 321
f 322 130 133
f 203 271 323
f 325 332 326
f 324 3786 327
f 328 3027 324
f 326 331 329
f 331 326 332
f 330 332 334
f 336 339 337
f 339 336 340
f 342 340 336
f 343 467 335
f 345 337 339
f 347 352 348
f 349 3376 350
f 346 348 351
f 352 2169 353
f 354 1790 352
f 356 358 357
f 358 361 359
f 361 358 362
f 361 3600 363
f 364 362 358
f 366 377 367
f 368 369 365
f 369 372 370
f 372 369 373
f 374 373 369
f 376 367 377
f 379 383 380
f 382 380 383
f 384 1547 385
f 378 1962 384
f 386 2681 383
f 379 385 387
f 389 2396 390
f 391 392 389
f 393 2395 389
f 388 396 394
f 396 388 390
f 398 403 399
f 400 1014 397
f 399 405 401
f 403 398 404
f 403 2132 405
f 407 413 408
f 406 408 410
f 412 408 413
f 415 412 411
f 416 417 412
f 417 410 408
f 413 407 419
f 421 2824 422
f 423 424 420
f 424 602 425
f 422 3551 426
f 428 431 429
f 431 428 432
f 434 429 431
f 435 2202 427
f 430 3053 433
f 433 3634 436
f 438 1565 439
f 440 444 437
f 442 438 437
f 441 437 444
f 446 442 441
f 447 772 443
f 449 454 450
f 448 3471 451
f 453 450 454
f 448 450 456
f 452 454 458
f 460 462 461
f 462 2344 463
f 460 3571 464
f 335 466 341
f 466 335 467
f 469 473 470
f 471 2448 472
f 473 478 474
f 475 476 470
f 476 471 468
f 478 473 479
f 481 3739 482
f 484 2978 481
f 483 481 480
f 485 3206 486
f 487 3210 485
f 489 492 490
f 491 499 492
f 489 2161 493
f 495 490 492
f 488 490 497
f 494 492 499
f 501 510 502
f 503 1322 500
f 505 503 502
f 503 505 507
f 504 1363 508
f 504 502 510
f 511 515 512
f 514 2132 512
f 515 517 513
f 516 2772 517
f 515 511 518
f 520 523 521
f 523 520 524
f 526 524 520
f 521 530 528
f 522 841 529
f 523 529 530
f 532 534 533
f 534 3225 535
f 536 3513 534
f 531 3072 537
f 538 3553 531
f 539 538 533
f 541 544 542
f 544 541 545
f 547 542 544
f 549 550 545
f 550 1862 543
f 548 545 541
f 553 555 554
f 556 3530 557
f 555 557 558
f 555 553 559
f 552 554 561
f 563 552 560
f 565 2146 566
f 568 565 564
f 567 564 570
f 567 3031 571
f 572 570 564
f 574 579 575
f 573 582 576
f 577 578 574
f 578 2074 579
f 581 576 582
f 583 577 576
f 585 590 586
f 584 586 588
f 586 594 589
f 591 2088 592
f 593 591 590
f 590 592 594
f 392 598 595
f 597 595 598
f 599 598 392
f 393 595 601
f 277 425 602
f 425 277 276
f 603 421 420
f 69 602 604
f 602 424 605
f 606 435 429
f 608 612 609
f 611 609 612
f 613 1683 610
f 607 3031 614
f 612 608 615
f 617 622 618
f 616 1610 619
f 338 340 616
f 621 618 622
f 620 622 624
f 625 624 622
f 627 630 628
f 629 630 580
f 630 629 631
f 632 3222 633
f 634 627 626
f 635 632 626
f 637 2310 638
f 636 641 639
f 641 636 642
f 636 638 643
f 645 647 646
f 643 1230 644
f 647 1094 648
f 355 357 650
f 649 650 652
f 357 359 653
f 655 657 656
f 658 664 656
f 660 658 657
f 659 657 655
f 662 1007 654
f 654 1009 663
f 664 744 662
f 666 668 667
f 668 957 669
f 667 669 671
f 370 372 668
f 666 1161 672
f 674 677 675
f 677 674 678
f 680 677 676
f 682 678 674
f 683 781 678
f 685 687 686
f 687 690 688
f 689 1168 690
f 692 684 693
f 684 686 694
f 696 699 697
f 699 696 700
f 700 696 702
f 702 696 695
f 699 706 704
f 706 699 698
f 708 716 709
f 707 2547 710
f 707 709 712
f 709 715 713
f 715 709 716
f 716 708 718
f 720 726 721
f 723 720 719
f 725 721 726
f 719 721 728
f 721 725 729
f 731 187 31
f 572 734 733
f 734 737 735
f 737 734 738
f 739 2164 740
f 732 733 741
f 662 744 743
f 744 2973 745
f 747 753 748
f 750 746 751
f 752 751 746
f 754 1667 755
f 753 747 756
f 753 755 757
f 759 3391 760
f 762 764 760
f 758 760 764
f 763 2129 765
f 758 765 766
f 764 762 768
f 447 773 770
f 772 447 769
f 773 447 444
f 771 769 775
f 774 3266 776
f 777 772 771
f 779 784 780
f 782 779 778
f 784 779 785
f 784 398 397
f 783 404 398
f 786 785 779
f 785 786 787
f 554 558 788
f 560 561 790
f 791 790 561
f 789 790 793
f 795 801 796
f 796 805 798
f 794 796 797
f 801 795 802
f 804 801 800
f 801 804 805
f 807 810 808
f 809 3976 810
f 812 806 813
f 806 808 814
f 810 3728 815
f 817 2417 818
f 820 817 816
f 817 820 822
f 824 822 820
f 819 816 826
f 816 818 827
f 829 840 830
f 832 840 833
f 835 828 830
f 828 835 837
f 838 829 828
f 839 830 840
f 839 2792 834
f 842 418 843
f 841 522 844
f 845 529 841
f 847 855 848
f 850 847 846
f 851 3233 849
f 852 2293 853
f 852 848 855
f 853 851 846
f 857 860 858
f 859 990 860
f 857 2035 861
f 863 858 860
f 864 2033 856
f 866 870 867
f 865 867 869
f 870 3416 631
f 872 870 866
f 874 877 875
f 876 2056 877
f 497 876 874
f 880 878 881
f 873 881 878
f 883 887 884
f 885 3843 886
f 888 1766 884
f 882 884 889
f 891 895 892
f 894 892 895
f 896 731 890
f 898 901 899
f 900 2409 901
f 902 3331 903
f 905 899 901
f 897 899 906
f 908 911 909
f 911 1905 912
f 913 909 911
f 914 1905 911
f 907 909 916
f 918 921 919
f 920 921 609
f 921 918 607
f 917 923 571
f 923 917 924
f 921 920 925
f 926 924 917
f 919 925 927
f 929 933 930
f 932 930 933
f 932 937 935
f 934 2820 930
f 937 932 931
f 933 929 939
f 941 944 942
f 943 1237 944
f 946 942 944
f 947 3999 940
f 949 941 940
f 254 297 951
f 253 254 950
f 30 1061 730
f 90 956 953
f 91 2523 955
f 956 90 954
f 372 371 957
f 370 672 366
f 959 964 960
f 962 960 963
f 965 963 960
f 966 3877 961
f 968 970 969
f 937 3589 969
f 971 1348 972
f 970 972 935
f 967 2026 973
f 970 968 974
f 975 974 968
f 976 458 454
f 978 1556 979
f 980 981 977
f 981 3253 982
f 981 980 984
f 986 993 987
f 989 986 985
f 990 859 985
f 859 861 988
f 992 990 987
f 993 995 991
f 994 2408 995
f 997 1001 998
f 996 998 1000
f 1001 1006 1002
f 1001 997 1004
f 1006 1001 1003
f 742 1010 1007
f 1009 654 1007
f 1010 1756 1008
f 1011 2007 1010
f 1012 1011 742
f 1014 400 1015
f 780 397 1014
f 1016 1018 47
f 49 47 1018
f 1019 1171 1017
f 1018 1016 1020
f 1022 1028 1023
f 1024 1025 1021
f 1025 1431 1026
f 1027 1022 1021
f 1028 1030 1029
f 697 704 1030
f 1028 1022 695
f 1032 1037 1033
f 1035 1247 1033
f 1034 1033 1037
f 1036 1037 1039
f 1040 1039 1037
f 596 1045 1042
f 1043 1403 1044
f 597 596 1041
f 1045 596 598
f 597 1044 1047
f 1044 1403 1048
f 1020 1058 1050
f 1049 1053 1052
f 1049 1050 1054
f 1050 1057 1055
f 1057 1050 1058
f 1060 730 1061
f 1063 1065 989
f 1062 989 988
f 1065 1066 986
f 1066 994 993
f 1068 1074 1069
f 1067 3601 1070
f 1071 3379 1067
f 1073 1071 1069
f 1074 3833 1072
f 1075 3922 1074
f 1077 795 794
f 1078 802 795
f 1080 1084 1081
f 1083 1081 1084
f 1085 1086 1084
f 1087 1435 1088
f 1082 1084 1086
f 1089 1087 1086
f 1091 1096 1092
f 1094 647 1092
f 1093 1092 1096
f 1090 1092 647
f 1098 1091 1090
f 1090 645 1099
f 1101 1106 1102
f 1104 1107 1101
f 1106 1101 1107
f 1105 2704 1108
f 1106 1108 1109
f 1111 1119 1112
f 1114 1115 1112
f 1115 1954 1110
f 1115 1114 905
f 906 1114 1113
f 1113 1112 1119
f 1117 1113 1118
f 1122 1129 1123
f 1125 1129 1122
f 1126 1477 1121
f 1128 1126 1123
f 1129 2617 1127
f 1131 1139 1132
f 1134 1130 1135
f 1130 1132 1136
f 1138 1132 1139
f 1137 1139 1141
f 782 1145 1142
f 1144 1142 1145
f 1146 787 786
f 1143 1859 1147
f 1143 1145 683
f 1150 1154 1151
f 1153 1151 1154
f 1155 3032 1151
f 1156 2166 1152
f 1157 1156 1154
f 1149 2462 1158
f 1159 1157 1150
f 1161 666 665
f 1161 1163 1162
f 1160 2059 1163
f 1164 1563 1160
f 665 667 670
f 1038 1039 1166
f 1039 1040 1167
f 690 1040 1032
f 1168 1167 1040
f 1017 1169 262
f 1169 1312 237
f 1169 1017 1171
f 1173 2865 1174
f 1172 1177 1175
f 1177 1172 1178
f 1177 1180 1179
f 1176 3718 1180
f 1172 1174 1181
f 407 1183 1181
f 1183 407 406
f 1185 355 649
f 703 695 1022
f 1187 1193 1188
f 1186 1188 1190
f 1189 2588 1191
f 1188 1194 1192
f 1193 1196 1194
f 1195 2491 1196
f 1197 1195 1193
f 1199 1201 1200
f 1201 3909 863
f 1203 1198 1204
f 1205 1204 1198
f 1207 1212 1208
f 1209 2815 1206
f 1211 1208 1212
f 1214 1207 1215
f 1134 1212 1207
f 1206 3582 1215
f 1131 1214 1213
f 1139 1131 1216
f 1130 1134 1214
f 1218 1222 1219
f 1220 4083 1221
f 1222 3699 1223
f 1219 1223 1225
f 1224 1220 1217
f 1226 3701 1222
f 1228 643 638
f 1230 643 1228
f 566 738 734
f 736 738 1232
f 570 572 732
f 1234 1239 1235
f 1236 1971 1233
f 1238 1235 1239
f 1239 1234 1240
f 1242 1246 1243
f 1245 1243 1246
f 1247 1035 1246
f 1249 1242 1241
f 1242 1249 1250
f 1251 1255 1252
f 825 826 1253
f 825 1252 1254
f 1255 2833 1256
f 1258 1264 1259
f 1260 1261 1257
f 1261 78 81
f 1263 1259 1264
f 1266 228 227
f 228 1266 1267
f 1266 1269 1268
f 1265 3285 1269
f 1271 1275 1272
f 1274 1272 1275
f 1276 4097 1273
f 1270 1280 1278
f 1280 1270 1272
f 1282 1287 1283
f 1285 1288 1282
f 1287 1282 1288
f 1290 1287 1286
f 1291 1283 1287
f 1293 1300 1294
f 1295 2407 1292
f 1297 1293 1292
f 1299 1294 1300
f 1302 1308 1303
f 1305 1306 1303
f 1306 3865 1301
f 1307 1419 1308
f 1304 1303 1308
f 1301 1995 1310
f 195 237 1312
f 1311 4006 191
f 9 1316 1313
f 1315 1313 1316
f 1317 320 318
f 1313 1315 1318
f 1314 1316 1320
f 500 1323 1321
f 1322 1326 1323
f 1325 1323 1326
f 1327 1321 1323
f 1328 2713 1321
f 1330 1340 1331
f 1333 1335 1331
f 1335 1333 1336
f 1329 1331 1335
f 1339 1333 1332
f 1340 3587 1332
f 1342 1345 1343
f 456 1343 1345
f 1341 1343 453
f 1341 3508 1347
f 450 453 1343
f 972 1349 934
f 1348 3068 1349
f 1351 1356 1352
f 1352 1357 1354
f 1355 2063 1356
f 1356 2062 1357
f 1351 1350 1359
f 1358 3954 1355
f 1360 507 505
f 1362 508 1363
f 879 1370 1364
f 1366 1367 1364
f 1368 488 496
f 880 1364 1367
f 1365 1372 1369
f 1370 1373 1365
f 1372 1365 1373
f 749 751 1375
f 1377 749 1374
f 1374 1375 1379
f 1375 1381 1380
f 1381 1375 751
f 1382 1218 1217
f 1383 1226 1218
f 1385 1391 1386
f 1384 1386 1388
f 1390 1386 1391
f 1386 1390 1392
f 1391 1385 1394
f 1395 1400 1396
f 1048 1396 1398
f 1399 3131 1400
f 1402 1396 1400
f 1403 1399 1395
f 1405 1407 1406
f 1407 1410 1408
f 1410 1407 1411
f 1404 1089 1412
f 1413 1411 1407
f 1415 1309 1416
f 1416 1419 1418
f 1419 1416 1309
f 1419 1307 1420
f 1421 1304 1309
f 1423 1393 1424
f 1393 1394 1425
f 1393 1423 1389
f 1423 1686 1426
f 1026 1429 1427
f 904 3173 1427
f 1429 2410 1428
f 1429 1026 1431
f 1082 1088 1433
f 1433 1088 1435
f 1437 1439 1438
f 1439 922 1440
f 1439 1437 1442
f 1444 1437 1436
f 1446 1448 1447
f 1449 3465 1450
f 1451 1449 1448
f 1445 2428 953
f 1446 953 956
f 1237 943 1452
f 1237 1239 945
f 1453 1970 1238
f 943 3378 1454
f 1456 1459 1457
f 601 1046 1456
f 1459 1456 1046
f 1458 1456 1455
f 1462 1464 1463
f 1464 2589 653
f 1465 2444 1466
f 1461 1463 363
f 1461 1466 1467
f 1436 1438 1469
f 1443 1436 1468
f 1472 1126 1128
f 1473 4062 1474
f 1471 1128 1476
f 1472 1474 1477
f 1479 1487 1480
f 1481 1484 1478
f 1483 1478 1484
f 1486 1480 1487
f 525 520 519
f 527 1489 519
f 1489 2776 1488
f 1488 2769 1490
f 525 1490 1491
f 1493 1495 1494
f 1495 1771 1496
f 1495 1493 1498
f 1500 1492 1501
f 1502 1493 1492
f 1492 1494 1503
f 1494 1496 1504
f 1506 272 274
f 272 1506 1507
f 1509 1514 1510
f 1511 2125 1508
f 1513 1511 1510
f 1515 1512 1510
f 1516 3902 1514
f 1518 2160 1519
f 1521 1517 1522
f 1523 1522 1517
f 1524 1525 1522
f 1525 4009 1520
f 1527 1529 1528
f 1529 1532 334
f 1530 1533 1529
f 1532 1529 1533
f 333 334 1532
f 1535 1537 1533
f 1531 1533 1537
f 1539 1541 486
f 1541 1539 1542
f 1544 1539 1538
f 483 486 1541
f 1544 387 385
f 1545 385 1547
f 1547 384 1549
f 1548 2861 1546
f 1550 978 977
f 1551 1555 978
f 1553 1555 1554
f 1555 1553 1556
f 1555 1551 1557
f 1550 982 1559
f 664 658 1561
f 1560 2973 744
f 1562 1561 658
f 1563 1164 1561
f 1164 670 1560
f 1564 1569 1565
f 1567 439 1565
f 1566 1565 1569
f 1571 1575 1572
f 1574 1572 1575
f 1572 1574 1577
f 1578 4070 1575
f 1580 1382 1221
f 1411 1413 1582
f 1583 1413 1405
f 1409 1411 1581
f 1585 3569 1584
f 1413 1583 1586
f 1587 1585 1581
f 1582 1586 1588
f 1590 1595 1591
f 1593 1594 1590
f 1594 3703 1595
f 1590 1589 1596
f 1593 1592 1598
f 1600 1605 1601
f 1602 3014 1599
f 1604 1601 1605
f 1600 1608 1607
f 1599 4032 1608
f 1606 3952 1605
f 338 1609 344
f 1609 338 618
f 1610 616 340
f 1611 1613 1540
f 1612 1616 1613
f 1615 1613 1616
f 1617 1540 1613
f 1546 1611 1542
f 1545 1542 1539
f 1540 1617 484
f 1187 1619 1618
f 1186 1191 1619
f 1621 1618 1619
f 1622 2954 1197
f 1624 1628 1625
f 1504 344 1609
f 1623 1625 1503
f 1623 1609 621
f 1501 1503 1625
f 1626 1625 1628
f 1627 1628 1630
f 1632 1637 1633
f 1631 3117 1634
f 1632 1634 1636
f 1638 2149 1639
f 1637 1639 1640
f 1637 1632 1635
f 1641 1307 1302
f 1307 1641 1642
f 1643 226 225
f 1644 1643 1267
f 226 1643 1645
f 1647 1652 1648
f 1649 1891 1646
f 1651 1647 1646
f 1652 1657 1653
f 1652 1647 1655
f 1657 1652 1654
f 1659 1185 1184
f 1184 649 651
f 1658 1184 1660
f 1662 2709 1660
f 1664 1666 1665
f 1666 755 1667
f 755 1666 1668
f 1669 1668 1666
f 1671 1664 1663
f 1672 2840 1663
f 1674 2728 1675
f 1673 1675 1677
f 1679 1673 1676
f 1680 1674 1673
f 1339 3585 1676
f 1682 610 1683
f 1682 2496 1426
f 610 1682 1684
f 611 1684 1685
f 1686 1685 1684
f 1687 1689 1324
f 1689 1687 1690
f 1688 1858 1147
f 1688 1690 1692
f 1687 1973 1693
f 1694 1697 1190
f 1696 1697 1694
f 341 1192 1194
f 1698 1189 1190
f 1700 1583 1412
f 1701 1704 1700
f 1583 1700 1702
f 1702 1700 1704
f 1706 1714 1707
f 1709 1716 1706
f 1707 1713 1711
f 1713 1707 1714
f 1714 1706 1716
f 1334 1336 1718
f 1337 1335 1334
f 1719 1334 1717
f 1720 1752 1721
f 1717 1718 1723
f 1722 4038 1720
f 1725 1732 1726
f 1728 1724 1729
f 1730 1725 1724
f 1732 1725 1733
f 1735 1728 1727
f 1387 1388 1737
f 1736 1737 1417
f 1738 1737 1388
f 1740 1744 1741
f 1739 3447 1742
f 1744 1740 1745
f 1743 1745 1119
f 1118 1119 1745
f 1746 1745 1740
f 1748 1757 1749
f 1747 4038 1751
f 1747 1749 1753
f 1755 1753 1749
f 1754 1749 1757
f 1757 1748 1759
f 1758 1008 1756
f 1761 1124 1762
f 1763 1762 1124
f 1764 3511 1762
f 889 1761 1760
f 1124 1761 1766
f 1767 1774 1497
f 1767 1770 1769
f 1498 2053 1770
f 1497 1773 1771
f 1773 1497 1774
f 1768 2579 1774
f 1776 1779 1777
f 1778 1782 1779
f 1779 1781 1408
f 1781 1779 1782
f 1783 2058 1782
f 1785 1791 354
f 1787 1791 1788
f 347 2799 1784
f 1784 1073 1789
f 1790 354 1791
f 792 793 1793
f 790 791 1794
f 1795 1793 793
f 1797 792 1792
f 1792 1793 1799
f 1801 1804 1802
f 928 1802 1804
f 1805 2472 1804
f 1807 1813 1808
f 1809 2075 1806
f 1811 1813 1812
f 1813 1811 1814
f 1815 1812 1813
f 1817 2190 1818
f 1820 1816 1821
f 1820 4035 1823
f 1816 1820 1822
f 1816 1818 1824
f 1825 3928 1819
f 1046 601 595
f 600 601 1458
f 1828 1831 1829
f 1831 1828 1832
f 1827 3640 1833
f 1834 3639 1827
f 1831 2749 1835
f 1837 1847 1838
f 1836 1841 1839
f 1841 1836 1842
f 1843 1842 1836
f 1845 1843 1838
f 1844 1838 1847
f 1848 811 1847
f 1850 1854 1851
f 1853 4080 1854
f 1852 1854 1850
f 1850 1849 1856
f 1144 1147 1858
f 1859 1324 1689
f 1859 1143 1148
f 1861 1866 1862
f 1864 1867 1861
f 1866 1861 1867
f 1869 1862 1866
f 1868 1866 1865
f 1867 1864 1872
f 342 1194 1196
f 1874 1876 1875
f 1753 1755 1876
f 1874 1721 1752
f 1878 1875 1876
f 1873 1875 1880
f 1881 1880 1875
f 1883 832 831
f 1884 1886 831
f 1882 831 1886
f 832 1883 1887
f 1889 1649 1890
f 1649 1889 1892
f 1889 2081 1893
f 1890 1649 1648
f 1895 1897 1896
f 1897 1895 994
f 1896 1658 1661
f 1897 1659 1658
f 1900 1902 1901
f 1902 663 1009
f 1008 1758 1901
f 1903 3549 663
f 1902 1900 1904
f 1905 1909 1906
f 1908 3896 1909
f 1909 3896 1910
f 1911 2506 912
f 1912 1911 1906
f 549 1915 1913
f 1915 549 548
f 550 549 1863
f 1916 1864 1863
f 1918 1920 1919
f 1921 3789 1922
f 1923 2165 1917
f 1925 1918 1917
f 1920 1922 1926
f 1919 1926 1927
f 1066 1065 1659
f 1065 1063 1185
f 1182 1930 1928
f 1182 406 409
f 1928 1932 1176
f 1178 1181 1183
f 1929 2899 1930
f 1932 1928 1930
f 1934 1941 1935
f 1933 3314 1936
f 1933 1935 1938
f 1940 1938 1935
f 1941 1943 1939
f 1942 3232 1943
f 1944 1942 1941
f 1892 1893 1946
f 1945 1946 1948
f 1891 1892 1945
f 1945 1947 1604
f 1110 1953 1950
f 1952 2830 1953
f 1954 1951 1953
f 1951 1956 1328
f 1956 1951 1954
f 478 1960 1957
f 1959 1957 1960
f 477 1961 1960
f 1961 3951 1958
f 1963 1549 384
f 1548 1549 1965
f 1415 1966 1965
f 1421 1965 1549
f 1966 2703 1964
f 1693 1972 1968
f 1968 1236 1970
f 1236 1968 1972
f 1973 506 1972
f 1690 1693 1967
f 1975 1979 1976
f 1978 1976 1979
f 1980 3946 1977
f 1979 1975 1981
f 1922 1975 1974
f 1974 1976 1642
f 1982 1927 1926
f 1983 2207 1984
f 1295 1984 1986
f 1984 1295 1294
f 1984 2207 1987
f 1985 1986 1989
f 1986 1987 1990
f 1310 1994 1991
f 1993 1991 1994
f 1991 1993 1927
f 1995 3666 1994
f 1997 2001 1998
f 2000 1998 2001
f 2002 3732 1999
f 2003 3622 2004
f 2005 1997 1996
f 2006 2003 1996
f 2008 1755 1754
f 1756 1010 2007
f 2007 1011 2009
f 2010 2012 1685
f 925 2012 2011
f 920 1685 2012
f 2014 1913 1915
f 2016 2017 2014
f 2017 1916 1913
f 2018 2015 2014
f 2019 2020 1957
f 474 1957 2020
f 2022 1705 2023
f 1710 2023 1705
f 1708 1706 1705
f 2024 3298 2021
f 2021 3299 2025
f 2026 1244 2027
f 2027 1035 1034
f 2028 975 973
f 1244 1246 1035
f 2029 1245 1244
f 2031 2034 2032
f 2033 2032 2034
f 856 2034 2035
f 2037 2041 2038
f 2036 3669 2039
f 2041 2037 2042
f 2043 3480 2040
f 2044 2042 2037
f 2046 2050 2047
f 1841 2050 2048
f 2049 2048 2050
f 2045 648 1094
f 2051 640 2045
f 1840 2047 2050
f 2047 1840 2052
f 2053 587 875
f 1768 1769 2055
f 877 1769 1770
f 2056 2055 1769
f 1780 1782 2058
f 2059 2057 2058
f 2058 1783 1162
f 1453 3061 1969
f 1235 1238 1970
f 2060 1788 1791
f 2062 1356 2063
f 2065 1357 2062
f 2064 2062 2061
f 1170 1558 1312
f 1005 1003 2068
f 2069 2072 2067
f 2071 2067 2072
f 2005 3611 2070
f 2002 2069 2068
f 2074 1807 1806
f 579 1806 2075
f 2077 1946 1893
f 2079 2077 2076
f 2077 2079 153
f 2081 3901 2076
f 1603 1650 1949
f 1891 1949 1650
f 1650 1603 2082
f 1947 1602 1601
f 1608 3937 2083
f 2085 2087 2086
f 2087 2085 2088
f 2087 2430 2089
f 2086 2089 1883
f 1882 1885 2084
f 2091 2632 2092
f 2094 2091 2090
f 2096 2098 2094
f 2091 2094 2098
f 2093 2969 2095
f 2099 2968 2093
f 2100 2099 2090
f 2102 2109 2103
f 2104 2105 2101
f 2105 3041 2106
f 2108 2103 2109
f 1104 2111 1589
f 2111 1104 1103
f 1589 2111 2112
f 2114 2116 2115
f 2116 2121 2117
f 2119 2115 2117
f 2118 3903 2120
f 2119 2671 2113
f 2122 2902 2117
f 2124 1508 2125
f 765 2128 2126
f 2128 765 2129
f 2131 2126 2128
f 2132 514 2133
f 402 512 2132
f 2133 2137 2135
f 2137 2133 514
f 2139 3664 2140
f 2142 2139 2138
f 1377 3746 2139
f 2143 2162 2144
f 2141 2138 2145
f 2141 2144 750
f 1442 2148 2146
f 1232 2146 2148
f 1441 1442 565
f 2149 2151 2150
f 2151 2178 2152
f 2153 1640 1639
f 1519 2158 2154
f 2155 1524 1523
f 2154 2157 416
f 2157 2154 2158
f 2159 2421 2156
f 2160 2159 2158
f 488 1368 2161
f 741 2163 756
f 2163 741 733
f 2162 2143 739
f 2143 2145 2164
f 2165 1923 2166
f 1924 1917 2165
f 2167 2165 1156
f 2169 352 1790
f 2171 353 2169
f 2173 1042 1045
f 599 4120 2172
f 1041 1042 2174
f 2176 2179 2177
f 2179 2176 2180
f 2182 2180 2176
f 2181 2176 2175
f 2175 2177 2185
f 2187 2189 2188
f 2190 1817 2191
f 2192 2188 2189
f 2186 2188 2194
f 2196 2198 2197
f 907 2197 2198
f 2199 2302 2195
f 915 2199 2197
f 908 2198 2200
f 2201 2147 2202
f 2204 2276 2205
f 1383 2206 2203
f 1987 2203 2206
f 2204 2203 1987
f 1990 2206 1580
f 2209 2210 1710
f 2023 1710 2210
f 2211 3388 2210
f 2209 2044 2039
f 2213 2220 2214
f 2215 2218 2212
f 2217 2212 2218
f 2220 2213 2221
f 2223 2214 2220
f 2219 4143 2222
f 2225 2229 2226
f 2228 2226 2229
f 2230 951 2224
f 2226 2228 2231
f 2232 2762 2229
f 2224 3599 269
f 2234 2236 2235
f 2159 2160 2236
f 2238 2235 2236
f 2239 1653 1657
f 2240 2239 2233
f 2242 1940 1939
f 1943 3234 2241
f 2244 2247 2245
f 2246 2251 2247
f 2247 2250 2248
f 2250 2247 2251
f 1824 2250 2249
f 2250 1824 1818
f 79 2257 2253
f 322 2253 2254
f 2256 2253 2257
f 2257 79 78
f 1261 1260 2255
f 1469 2260 2259
f 2258 3077 1468
f 1438 1440 2260
f 2262 2264 2259
f 2258 2259 2264
f 1440 3180 2265
f 2261 2259 2260
f 2266 2269 1568
f 2268 1566 1568
f 2267 1568 2269
f 2269 2266 2271
f 2272 2266 1569
f 2266 2272 2273
f 2275 2276 2204
f 2274 2204 2207
f 2276 2279 2277
f 2279 2276 2275
f 2281 2275 2274
f 2275 2281 1211
f 2283 2088 2085
f 2088 2283 2284
f 2286 3883 2287
f 2289 2285 2290
f 2289 3907 2292
f 2285 2289 2291
f 2290 2294 2293
f 2288 2290 852
f 2285 2287 2294
f 2295 2300 1880
f 2297 2300 2298
f 2299 2298 2300
f 2300 2297 1879
f 2302 2199 2303
f 2305 2195 2302
f 2304 2308 2306
f 2307 4078 2308
f 2304 2302 2301
f 1333 1339 1677
f 1336 1677 1675
f 2310 637 2311
f 2310 3629 1227
f 2312 2631 2098
f 2314 2096 2095
f 2316 2318 2317
f 2318 1531 1536
f 2319 1534 2318
f 1534 1532 1531
f 2321 2319 2316
f 2315 4074 2320
f 169 3467 2322
f 2323 2325 2324
f 961 2326 2323
f 1054 1055 2325
f 1054 2323 2326
f 2328 2324 2325
f 603 276 265
f 2329 265 179
f 2332 2339 2333
f 2331 2333 2335
f 2337 2335 2333
f 2339 2332 2340
f 2336 2333 2339
f 2343 2346 2344
f 463 2344 2346
f 2342 2344 462
f 2348 463 2345
f 2349 3669 2345
f 2351 2554 2352
f 2353 2351 2350
f 2355 2554 2351
f 2280 2274 1983
f 2280 2350 1209
f 2357 1394 1385
f 2358 1425 1394
f 606 2361 2360
f 2361 3483 2362
f 2363 3205 2359
f 345 1496 1771
f 344 1504 1496
f 1773 3721 2364
f 2366 2368 2367
f 2368 3542 1354
f 2369 4065 2368
f 2365 713 715
f 2371 3837 2372
f 2370 2372 2374
f 2000 2371 2370
f 2371 2000 1999
f 2006 2375 2378
f 2375 2370 2373
f 2353 1983 1299
f 1298 1300 2379
f 2380 2382 1512
f 1513 1512 2382
f 2381 2382 2384
f 2385 2399 2380
f 2382 2380 2386
f 2388 1098 1097
f 1099 2808 2387
f 1091 1098 2390
f 1954 1115 1116
f 2391 2393 2063
f 2392 3302 2393
f 2061 2063 2393
f 2395 2398 2396
f 2397 3465 2398
f 600 2397 2395
f 2400 2404 2401
f 2402 2404 1224
f 2403 2401 2404
f 1220 1224 2404
f 2386 2380 2399
f 2399 2385 2405
f 2407 1295 1985
f 2406 995 2408
f 1296 1292 2407
f 905 904 1428
f 2409 3173 904
f 1116 1428 2410
f 260 284 2412
f 259 260 2411
f 2415 2418 2416
f 2417 2416 2418
f 2419 2538 2416
f 2420 3641 2418
f 2421 2159 2234
f 2233 1657 1656
f 2423 2426 2424
f 2426 2423 2427
f 148 2428 2424
f 2426 146 145
f 2428 1445 2422
f 2429 2430 593
f 2430 2087 591
f 990 992 862
f 2432 2436 2433
f 2435 2433 2436
f 2437 2504 2433
f 2439 2435 2434
f 2440 2437 2435
f 1079 1081 2442
f 1701 1080 1079
f 2441 2583 2443
f 705 698 2445
f 2444 1465 2446
f 705 2446 2447
f 1064 988 861
f 2450 2296 2451
f 1330 2455 2450
f 2451 2456 2454
f 2455 2297 2296
f 2456 2451 2296
f 991 2458 2457
f 995 2406 2458
f 1204 1205 2457
f 2406 1985 1988
f 2459 2457 2458
f 1158 2461 2460
f 2461 1158 2462
f 2462 1149 2464
f 2466 1483 1482
f 1483 2466 2196
f 2465 3743 2200
f 1937 1938 1482
f 1478 1483 2467
f 2232 323 271
f 2469 4087 2470
f 928 1803 2468
f 1803 1804 2472
f 2471 2469 2468
f 929 2468 2470
f 2474 2477 2475
f 2477 2474 1671
f 2479 2475 2477
f 2480 3984 2473
f 2482 2485 2483
f 2484 551 2481
f 2482 2778 2486
f 2483 2485 2488
f 2490 2778 2482
f 2481 540 2489
f 1610 1196 2491
f 337 345 2364
f 2492 2493 1681
f 2493 2540 2494
f 1683 613 2495
f 2496 1682 1681
f 2497 3438 2436
f 2499 2432 2431
f 2498 3791 2500
f 2499 2500 2502
f 2432 2499 2501
f 2431 2433 2504
f 2505 2506 798
f 910 912 2506
f 797 798 2506
f 2507 2505 2193
f 805 2186 2193
f 2509 2515 2510
f 2508 1886 1884
f 2511 2512 2508
f 1886 2508 2512
f 2514 2510 2515
f 2510 2514 2516
f 1121 4030 1763
f 2517 3678 1537
f 2519 2524 2520
f 18 19 2521
f 2523 2525 2520
f 2524 2526 2522
f 2525 18 2518
f 2524 390 2396
f 2527 2530 1135
f 1132 1138 2528
f 2529 2527 1136
f 2530 3546 1133
f 781 683 1145
f 692 959 958
f 964 959 2533
f 691 2533 959
f 2535 2415 2414
f 2415 2535 2536
f 2414 2416 2538
f 1737 1738 2539
f 1392 2494 2540
f 1738 2540 2541
f 1417 2539 1414
f 2542 1414 2539
f 1283 1291 2544
f 1281 1283 2543
f 2461 1281 2545
f 1284 1282 1281
f 2547 707 711
f 2549 710 2547
f 2546 711 1929
f 2198 2196 2466
f 2467 2196 2195
f 562 2552 2550
f 789 2551 562
f 2551 3285 2552
f 2354 2379 2314
f 2554 2355 2555
f 2096 2314 2379
f 2355 2314 2313
f 1300 1293 2312
f 2557 2566 2558
f 2559 3119 2556
f 2561 2557 2556
f 2558 2567 2562
f 2564 2566 2565
f 2566 2564 2567
f 1202 2573 2568
f 2569 2570 1203
f 2570 1199 1198
f 2572 2569 2568
f 2208 1580 1579
f 2571 2568 2573
f 2573 1202 2574
f 1775 1777 2576
f 2575 2906 2577
f 2576 1410 1409
f 1410 2576 1777
f 2578 1870 2575
f 2054 2580 2579
f 2580 2582 2581
f 1772 1774 2579
f 2441 2442 2582
f 2583 2441 2580
f 1191 2588 2585
f 1620 1619 1191
f 2586 2588 1189
f 2587 2585 2588
f 1463 653 359
f 2589 652 650
f 2590 3540 2419
f 2591 2590 821
f 2590 2591 2593
f 2594 2591 822
f 2417 817 821
f 2595 947 942
f 2597 2599 2565
f 2563 2565 2599
f 2566 2557 2596
f 2600 3280 2599
f 2602 2597 2596
f 2411 2412 2604
f 2413 2411 2603
f 1056 2603 2605
f 894 2605 2603
f 2412 319 896
f 886 2607 373
f 371 373 2607
f 1526 1528 325
f 2609 1527 1526
f 2608 1526 327
f 2612 2609 2608
f 2611 2608 2610
f 461 463 2348
f 2614 2348 2616
f 992 2457 1205
f 1574 2581 2582
f 1573 1772 2581
f 2442 2645 1577
f 2618 3706 2619
f 2617 2619 2620
f 1125 2618 2617
f 2619 3706 2622
f 2624 1216 1213
f 2625 1141 1216
f 2624 2951 2626
f 2628 1562 660
f 2629 1898 2630
f 2631 2629 2097
f 2632 2091 2097
f 2630 2634 2633
f 1898 1661 2634
f 1898 2629 1894
f 2282 2085 2084
f 1885 2512 2635
f 2637 2282 2635
f 2282 2637 2638
f 2639 2641 2252
f 1825 2252 2641
f 2641 2639 2643
f 2644 2639 2249
f 2645 2442 1081
f 2647 2652 2648
f 2650 2652 2651
f 1567 2648 2652
f 439 1567 2650
f 1921 2651 2652
f 575 2075 2653
f 2654 865 868
f 2075 1809 2655
f 2657 1278 1280
f 2658 2659 1278
f 2659 2734 1277
f 1279 3477 2656
f 2656 3064 2660
f 2523 2522 2661
f 91 16 2525
f 2294 2665 2662
f 2663 853 2293
f 2662 2666 2664
f 2665 3788 2666
f 2665 2294 2287
f 1627 2966 2429
f 2668 2670 2032
f 2669 2668 2033
f 2670 3520 2030
f 2671 2677 2672
f 2672 2676 2674
f 2676 2672 2677
f 2679 2677 2671
f 2119 2120 2678
f 2681 386 2682
f 2680 2682 2184
f 2684 2681 2680
f 2184 2685 2183
f 2682 3524 2685
f 769 770 2686
f 774 775 2688
f 2167 2689 2686
f 2689 2688 775
f 770 1925 1924
f 773 2649 1925
f 1506 2691 2690
f 1505 3844 2691
f 2693 2699 2694
f 2695 3100 2696
f 2697 2693 2692
f 2140 2695 2692
f 2698 2700 2699
f 2700 740 2164
f 2699 2164 2145
f 2505 2507 913
f 1744 1743 673
f 675 2701 1741
f 2701 675 677
f 673 1950 681
f 1743 1111 1950
f 2703 1966 2542
f 1414 2542 1966
f 2704 3043 2705
f 2706 1109 1108
f 2704 1105 2708
f 139 953 2428
f 2710 2633 2634
f 1661 1660 2709
f 510 501 2712
f 2714 1430 2712
f 501 1321 2713
f 2716 2722 2717
f 2719 2716 2715
f 2715 2717 2721
f 2722 2725 2723
f 2724 3144 2725
f 2722 2716 2726
f 2727 2729 2728
f 2292 3048 2730
f 2291 2292 2729
f 1674 1680 2731
f 2729 2730 1723
f 1959 1029 1030
f 2019 1030 704
f 2020 2019 2732
f 2732 704 706
f 1998 2000 2375
f 2735 2739 2736
f 2738 2741 2739
f 2736 2739 2741
f 2742 3540 2740
f 2048 2049 2744
f 1839 2048 2743
f 2745 1848 1837
f 1830 1832 2747
f 2748 1830 2746
f 1830 2748 2749
f 2746 2747 2751
f 2753 2751 2747
f 1832 2754 2752
f 1828 1833 2754
f 2756 1434 1435
f 2627 3548 2757
f 1433 1434 2757
f 2756 2628 2627
f 2755 1435 1087
f 2759 3923 2760
f 2227 2229 2762
f 2761 2564 2563
f 2690 3657 2761
f 263 2763 1061
f 2763 263 75
f 791 2765 2764
f 2765 791 788
f 2767 2764 2765
f 2768 2777 2764
f 1047 1048 1397
f 2769 2771 2770
f 2771 517 2772
f 1490 2770 2773
f 2775 2771 2769
f 2769 1488 2776
f 2777 1795 1794
f 2778 2783 2779
f 2485 2486 2780
f 2780 2486 2779
f 2783 2778 2490
f 440 2650 2649
f 592 2284 2784
f 594 2784 2785
f 2787 2790 2788
f 2788 2100 2092
f 2100 2788 2790
f 1630 2791 2790
f 2791 620 623
f 2792 2787 2786
f 2787 2792 1629
f 1624 621 620
f 2791 1630 1628
f 1361 1363 2794
f 1363 504 509
f 2795 3124 1362
f 2795 1361 2793
f 2130 2128 2127
f 2130 2878 2798
f 2797 2127 1857
f 2202 1444 1443
f 2799 347 346
f 619 2491 2801
f 2802 3017 2800
f 2803 2801 2491
f 1262 1264 2427
f 2805 3822 2806
f 2423 2805 2804
f 2807 1262 2804
f 2425 2427 1264
f 2808 2813 2809
f 2809 2813 2612
f 2388 2387 2809
f 2812 3780 2813
f 2814 2812 2808
f 1208 1211 2281
f 2815 1209 2350
f 2278 1211 1210
f 1253 2818 2116
f 2121 2116 2818
f 1251 1253 2114
f 2820 934 1349
f 2822 2824 2823
f 2824 421 2825
f 2826 2828 2823
f 2827 3224 2828
f 2821 2823 2828
f 2329 2825 421
f 2831 682 681
f 2833 1255 2674
f 2833 2835 2834
f 2832 3221 2835
f 2676 3486 2832
f 2673 2674 1255
f 2836 2837 1842
f 2837 2052 1840
f 2838 2842 2839
f 2840 2838 1670
f 2476 1671 1670
f 2842 2838 2843
f 2844 2839 2842
f 2846 3921 2847
f 2845 2440 2439
f 1835 2848 2845
f 2849 3624 2850
f 2440 2845 2848
f 473 469 2851
f 477 479 2853
f 2854 2853 479
f 469 2031 2030
f 468 472 2031
f 2856 2858 2857
f 2858 3545 2859
f 2816 3546 2858
f 2861 1548 1964
f 2703 3008 2860
f 1611 1546 2861
f 1102 1109 2863
f 355 1185 1063
f 1487 1479 2306
f 2305 2306 1479
f 2865 1173 2866
f 2868 2864 2869
f 2870 2869 2864
f 2867 2869 2872
f 2866 2874 2873
f 2874 2866 1173
f 2876 2752 2754
f 2752 2876 2877
f 2876 3316 493
f 1099 645 644
f 2814 644 1230
f 2689 2167 1157
f 2629 2631 1297
f 1293 1297 2631
f 1691 2797 1858
f 2797 1691 2878
f 2879 2878 1691
f 854 855 2881
f 2880 3194 2288
f 2882 2881 855
f 2733 2732 2447
f 2687 2688 2460
f 2319 2321 2885
f 2886 330 333
f 2321 3383 2887
f 2885 2887 2264
f 2884 2885 2262
f 2889 1845 1844
f 2807 2888 2891
f 2888 2807 2806
f 1846 2891 2888
f 2891 1846 813
f 1117 3562 902
f 1114 906 899
f 2893 2897 2894
f 1000 2893 2892
f 1869 3570 2894
f 1002 2898 2897
f 2896 2894 2897
f 546 2897 2898
f 711 712 2899
f 2297 2455 2900
f 2118 2117 2902
f 2901 2902 1075
f 2577 2907 2905
f 2904 1776 1775
f 2906 1871 2907
f 2904 2905 2909
f 2705 2905 2907
f 418 842 411
f 414 411 842
f 2911 415 414
f 2910 414 844
f 2456 2914 2913
f 2298 2299 2914
f 2916 2914 2299
f 2295 3960 2915
f 553 2918 2917
f 2918 553 552
f 1962 378 1305
f 1306 1305 378
f 2919 378 380
f 2921 2925 2922
f 724 2925 1015
f 725 724 2923
f 2925 724 726
f 2925 2921 1013
f 2927 2930 2928
f 2930 2927 1179
f 2931 3397 2873
f 2933 2928 2930
f 2104 2931 2926
f 2935 2938 2936
f 2937 3711 2938
f 2934 3216 2939
f 2941 2936 2938
f 939 2470 2936
f 2470 4087 2934
f 495 2943 2056
f 490 495 876
f 2943 495 494
f 2055 2056 2943
f 2946 2950 2947
f 2945 2947 2948
f 2947 2952 2949
f 1622 2626 2951
f 2952 2947 2950
f 2945 3018 2953
f 2950 2946 2954
f 2956 2961 2957
f 2959 2960 2956
f 2960 2962 2961
f 2961 996 999
f 2962 997 996
f 723 2750 2964
f 2750 723 722
f 2750 2751 2965
f 722 719 727
f 2430 2429 2966
f 1887 1883 2089
f 2967 3635 2615
f 2347 3482 2616
f 1467 1466 2513
f 624 625 2968
f 2968 3017 2969
f 401 2134 2924
f 2134 2135 2970
f 2134 401 405
f 2541 3403 2702
f 443 2971 445
f 2971 443 772
f 2972 745 2973
f 2975 2977 2976
f 2974 3747 1904
f 2977 1617 1615
f 2977 2975 2979
f 580 2981 2980
f 2981 2985 2982
f 2983 2984 2980
f 2984 583 581
f 627 634 2985
f 2981 580 630
f 2986 2284 2283
f 2987 2784 2284
f 1064 2989 364
f 362 364 2989
f 2989 1064 2448
f 2988 2989 471
f 2991 1240 1234
f 2992 3348 1240
f 542 547 2994
f 540 542 2993
f 2996 3001 2997
f 2998 2995 2503
f 3000 2997 3001
f 2995 2997 3002
f 2633 2710 3003
f 2789 2092 2632
f 3004 1672 1665
f 3006 3099 3007
f 3008 3006 3005
f 1616 1612 3005
f 1612 2861 2860
f 3010 3012 1318
f 3012 3010 3013
f 3013 3010 3014
f 1948 2080 3011
f 3015 4032 1599
f 3009 3015 3014
f 2313 2095 2969
f 3016 2969 3017
f 2555 2313 3016
f 3020 3024 3021
f 3023 3021 3024
f 3024 3020 3026
f 3022 3024 3025
f 3029 2272 1564
f 2272 3029 2102
f 3028 3871 3030
f 3031 567 569
f 923 1441 568
f 918 571 3031
f 1149 1151 3032
f 3032 1155 3034
f 2352 2554 2553
f 2151 2149 3036
f 2179 3035 3037
f 2178 2151 3035
f 3038 3037 3035
f 3039 3036 2149
f 3036 3039 3040
f 2101 2106 2273
f 3041 4002 3042
f 2109 2102 3029
f 2271 2273 2106
f 3043 2909 2905
f 3044 3539 2909
f 3043 2704 2707
f 676 678 781
f 1013 680 679
f 679 676 778
f 2957 999 3046
f 1722 1723 2730
f 3048 3988 3047
f 1718 1675 2728
f 3049 3050 2659
f 3050 2735 2734
f 3051 3992 2735
f 3049 3531 3053
f 3050 3049 3052
f 3055 3057 3056
f 2879 3060 3057
f 3054 3761 2798
f 3054 3056 3059
f 3060 1969 3061
f 3062 3056 3057
f 3063 2996 2995
f 2135 2137 3001
f 459 461 2614
f 2615 2660 3064
f 2999 3001 2137
f 3066 3000 2999
f 2136 3649 3065
f 2819 3071 3067
f 3068 3071 2819
f 3067 3072 3070
f 3071 537 3072
f 3071 3068 3073
f 2852 2853 3075
f 1470 1468 3077
f 428 1470 3076
f 3076 3077 3079
f 3077 2258 2263
f 585 1500 1499
f 1626 2429 1499
f 3078 3083 432
f 3078 3079 3081
f 430 432 3083
f 3083 3078 3080
f 1931 1930 2899
f 712 713 3085
f 3087 1931 3085
f 1667 754 3088
f 1140 3137 3089
f 2896 543 1862
f 3091 3093 1823
f 1822 1823 3093
f 3092 3093 3095
f 3091 3574 3097
f 3096 3095 3093
f 2495 2697 2696
f 3100 2695 3101
f 3102 3100 3099
f 3098 2696 3100
f 2693 2697 615
f 2698 615 608
f 2697 2495 613
f 126 127 3104
f 1459 1397 3105
f 1457 3105 3107
f 1397 1398 639
f 878 880 496
f 3109 3115 3110
f 3112 3115 3109
f 1855 1856 3111
f 3114 3110 3115
f 3116 2560 3117
f 3117 3119 3118
f 2560 2556 3119
f 3120 2561 2560
f 3122 3120 3116
f 2574 2459 1988
f 2755 2760 3123
f 1362 2990 1360
f 2990 1362 3124
f 3125 2992 2991
f 2219 2221 3127
f 812 3130 3127
f 3126 3127 3130
f 2221 3969 3128
f 3131 3308 1401
f 3132 4081 3131
f 3133 3132 1399
f 3135 3559 3136
f 3138 3135 3134
f 3137 1140 3139
f 3138 1620 2584
f 976 3089 3137
f 2800 625 617
f 2214 2223 3140
f 3142 3140 2223
f 2222 4015 3141
f 3143 866 865
f 588 589 881
f 589 2785 879
f 2162 756 747
f 3145 3074 3075
f 3074 3736 3146
f 3147 2725 3144
f 2853 2854 3147
f 1918 1925 2649
f 3149 1290 1289
f 3150 936 3148
f 3151 3148 936
f 1304 1421 1963
f 3153 3410 3154
f 2993 2994 3152
f 3152 3156 2071
f 3156 3152 2994
f 3158 3469 3159
f 3161 3158 3157
f 3158 3161 3163
f 3165 3163 3161
f 3167 63 3168
f 3169 3867 3167
f 3166 3168 3171
f 63 61 60
f 19 63 3167
f 1699 1085 1080
f 3172 1704 1701
f 1895 1296 2408
f 3173 703 1027
f 703 3173 2409
f 3174 3176 2218
f 2216 2218 3176
f 3178 3175 3176
f 2215 3140 3179
f 2786 2788 2789
f 834 2786 3003
f 3180 1440 922
f 1372 3815 3181
f 3182 3931 1366
f 1455 1457 3106
f 1460 1455 3183
f 1826 1458 1460
f 2837 2836 3184
f 3183 3106 2052
f 2836 3695 3186
f 3184 3186 3185
f 3187 3190 2110
f 2112 2111 2110
f 3188 2110 3190
f 3191 4013 3190
f 3192 3191 3187
f 3193 3343 3194
f 2880 2881 3195
f 1296 1895 1894
f 924 926 3196
f 2069 2002 2001
f 3198 3203 3199
f 3201 3202 3199
f 3202 3920 3197
f 2363 3326 3204
f 3200 3199 3203
f 3203 3198 3205
f 3197 737 736
f 3206 3208 1538
f 3208 3206 3209
f 3210 3209 3206
f 3209 3210 3212
f 2939 3215 3214
f 2507 3214 3215
f 3216 916 3215
f 913 3215 916
f 3213 2937 2935
f 3218 3222 632
f 3218 3221 3220
f 3221 3218 3217
f 3219 2403 3222
f 3223 3226 3224
f 3225 3224 3226
f 2829 2828 3224
f 1856 2123 3227
f 3228 3112 3111
f 3229 3227 2123
f 2123 1856 1849
f 3230 2785 2784
f 3231 3235 3232
f 3234 1943 3232
f 3236 850 849
f 3233 3232 3235
f 3121 3237 3231
f 3235 3231 3237
f 3239 3245 3240
f 3240 3247 1735
f 3243 3245 3244
f 3245 3239 3246
f 3245 3243 3247
f 3249 3246 3239
f 1654 1655 2549
f 3250 2549 2548
f 2421 3250 3251
f 1655 4017 710
f 1559 982 3253
f 3252 3253 3255
f 983 3255 3253
f 3237 3121 1633
f 3236 3237 1640
f 3257 3262 3258
f 426 3256 3258
f 3259 3258 1165
f 3260 3264 3261
f 3262 1038 1165
f 3263 3260 1165
f 3263 3834 3264
f 3266 774 2687
f 2543 2544 3267
f 2545 2543 3265
f 3268 3266 3265
f 3270 3275 3271
f 3269 1402 1401
f 3271 3278 3273
f 3275 3270 3276
f 3278 3271 3275
f 3277 3275 3274
f 3280 3281 2598
f 3281 2231 2228
f 400 401 2923
f 2793 2794 3283
f 3282 3951 2796
f 2794 509 3284
f 1269 1797 1796
f 1797 1269 3285
f 1268 1796 3286
f 3288 2718 3289
f 3228 3290 3289
f 3290 3603 3287
f 2720 3289 2718
f 2720 2721 3112
f 2718 3288 3291
f 1967 1968 1969
f 128 2254 3104
f 3103 3104 3293
f 3295 2959 2958
f 2960 2959 3297
f 3296 3730 2962
f 754 756 2163
f 2144 747 746
f 2206 1383 1382
f 3298 457 3299
f 457 458 3136
f 3300 452 457
f 3302 2392 3303
f 3302 3305 2394
f 3305 3302 3301
f 3307 3303 2392
f 3308 3276 3270
f 3309 3311 3276
f 3274 3276 3311
f 2146 1232 738
f 3310 3311 2126
f 3311 3309 766
f 1698 3312 1709
f 3312 1698 1697
f 1934 1936 3313
f 3313 2601 2561
f 1944 3313 3120
f 1936 2602 2601
f 3314 4124 2602
f 3316 3320 3317
f 491 3315 3318
f 3319 3318 3315
f 3316 3315 491
f 3320 3322 3321
f 3320 2875 3323
f 1715 1716 3325
f 1716 1709 3312
f 2360 2362 3326
f 2362 2038 2041
f 2040 3204 3326
f 3327 2153 2150
f 2152 3328 2882
f 2178 2180 3328
f 1141 2625 3139
f 2638 3330 3329
f 3330 903 3331
f 3329 3331 3333
f 2986 3329 3332
f 3335 3817 3336
f 2642 3334 3338
f 3339 3338 3334
f 3335 3334 2642
f 2641 2642 3337
f 3341 3345 3342
f 2182 3340 3193
f 3343 3193 3340
f 3344 3342 3345
f 3346 3347 2724
f 3347 3145 3144
f 2992 3125 3145
f 3348 2992 3347
f 2620 2619 2621
f 1653 2239 3350
f 3170 3171 3351
f 1888 1890 3350
f 3170 3350 2239
f 3353 3359 3354
f 3354 3359 3356
f 3358 3352 3354
f 3319 3942 3356
f 3318 3319 3359
f 498 3353 3352
f 3361 3363 3362
f 3363 3361 3364
f 3363 1787 1786
f 3273 3364 3361
f 3367 3370 3368
f 2744 1095 3366
f 3369 3366 1095
f 3368 3371 2743
f 3370 4142 3371
f 3370 3367 3373
f 903 3330 3375
f 2637 3375 3330
f 897 903 3374
f 3376 349 3377
f 3378 3380 3376
f 350 3376 3380
f 3377 3062 3061
f 3062 3377 349
f 3382 2887 3383
f 3381 3383 3385
f 3383 2321 2320
f 2887 3382 2263
f 3081 3382 3381
f 3387 3300 3298
f 3388 3387 2024
f 2929 1179 1180
f 2926 2873 2874
f 1175 1179 2927
f 761 760 3391
f 3390 4001 3392
f 3394 3398 3395
f 2872 3399 3394
f 3398 3394 3399
f 2870 2873 3397
f 3396 3394 3393
f 2871 2872 3396
f 3402 2998 2504
f 3403 2541 2540
f 3403 3405 3404
f 3405 3403 2493
f 3406 1254 1252
f 3407 3406 1256
f 3409 2782 3410
f 2782 3409 3411
f 3154 3410 2782
f 3153 3607 3408
f 3412 3547 652
f 3413 3412 2589
f 2834 3415 3414
f 3415 2834 2835
f 3416 3414 3415
f 3407 3414 872
f 2489 2993 3154
f 3418 3149 3148
f 1290 3149 3419
f 452 3300 1346
f 227 220 248
f 3420 3422 1265
f 3421 3422 3420
f 2552 3422 3421
f 3422 2552 3285
f 952 3421 250
f 3424 2535 2534
f 2535 3424 3425
f 3423 3861 3426
f 3427 3425 3424
f 3428 3653 3423
f 2537 3428 2534
f 3018 2945 2553
f 3430 3847 3431
f 3433 3430 3429
f 3430 3433 3435
f 3432 3737 3436
f 2434 2436 3438
f 3439 3441 3438
f 3437 3438 3441
f 2623 2952 2951
f 1621 3139 2625
f 1751 3212 3210
f 2963 3443 720
f 3443 2963 3444
f 2922 3443 3442
f 3446 3447 3444
f 3447 1739 3442
f 2963 2964 3445
f 1225 634 633
f 634 1225 1223
f 2402 633 3222
f 3449 1315 1314
f 3009 1318 1315
f 2714 1956 1955
f 1430 1431 2711
f 1430 2714 2410
f 3451 2911 2910
f 3450 3454 3452
f 2912 3455 3450
f 3454 3450 3455
f 3455 2912 524
f 526 1491 3453
f 2898 1002 1006
f 1005 3156 3155
f 547 2898 3155
f 2893 1000 998
f 2700 2698 614
f 3375 2637 2636
f 3374 3375 3456
f 2511 2516 3456
f 2709 1662 837
f 835 3003 2710
f 3459 1884 833
f 2509 1884 3459
f 2515 2509 3460
f 3458 3854 3461
f 3460 3459 3461
f 3464 3466 1450
f 3463 1450 3465
f 1826 3463 2397
f 3466 1447 1448
f 3467 3223 2827
f 2322 2827 2826
f 2330 179 178
f 3468 3512 3226
f 3223 3467 1645
f 3470 446 445
f 2971 3159 3469
f 3471 2528 1138
f 3472 2529 2528
f 3089 976 449
f 1137 3089 451
f 3473 3545 2530
f 3474 3473 2527
f 2529 3472 3475
f 1272 1274 3476
f 3476 4011 3477
f 3479 3476 1274
f 1273 4096 3478
f 3481 3201 3200
f 2843 3481 3480
f 3204 2040 3480
f 2840 1672 3201
f 2802 2953 3018
f 2946 2953 2803
f 2038 2362 3483
f 3483 2361 436
f 3282 3283 1024
f 1025 1024 3283
f 3484 1024 1023
f 2675 2677 2679
f 2675 2383 3486
f 3488 3490 3489
f 3490 3492 3491
f 3492 3490 3400
f 3393 3395 3493
f 3494 3491 3492
f 3495 3400 3490
f 3401 3396 3400
f 3497 3501 3498
f 3500 3498 3501
f 3501 3497 3503
f 3505 3497 3496
f 3506 3503 3497
f 1422 2010 1686
f 3507 1346 3300
f 1346 3507 3508
f 60 62 110
f 3509 3171 3168
f 551 541 540
f 1760 1762 3511
f 3510 3610 1765
f 2127 2129 1146
f 3512 539 535
f 3225 534 3513
f 3514 1513 2381
f 1511 1513 3514
f 2679 3516 3514
f 3516 3603 3515
f 2330 2826 2825
f 2605 894 893
f 3517 1055 1057
f 893 895 3519
f 3517 893 3518
f 2604 896 892
f 2851 2030 3520
f 3521 3147 2854
f 685 2531 2328
f 2324 2328 2531
f 3522 689 687
f 2531 685 684
f 1543 1538 3208
f 3207 3970 3523
f 3523 2685 3524
f 387 1544 1543
f 1877 1876 1755
f 3525 1877 2008
f 402 404 3526
f 3527 518 511
f 404 783 768
f 3529 557 3530
f 3378 943 941
f 949 3601 3380
f 3082 3052 3053
f 3531 3634 433
f 3052 3082 3532
f 3084 3532 3082
f 1212 1134 1133
f 2053 1498 1493
f 329 3534 3196
f 3534 2265 3180
f 3533 3196 926
f 331 3535 3534
f 3535 2261 2265
f 2170 3278 3277
f 3058 3059 353
f 3279 3058 2171
f 1961 477 2852
f 3536 366 672
f 366 3536 3537
f 3539 3537 3536
f 2592 2740 3540
f 3540 2742 2538
f 3541 2736 2740
f 2626 1622 1618
f 3179 3140 3142
f 3542 3179 1353
f 3098 3405 2492
f 922 1439 1441
f 2155 416 415
f 3499 3652 3435
f 3498 3500 3436
f 2587 1708 2022
f 2025 3559 2585
f 2526 2396 2398
f 3545 2858 3546
f 3547 1662 651
f 836 837 1662
f 3547 3412 838
f 659 661 1380
f 1379 1380 661
f 3548 1380 1381
f 2758 2757 3548
f 2824 2822 3551
f 2822 3996 3552
f 3284 2711 1431
f 3553 3070 3072
f 2389 2390 3555
f 3557 3857 3555
f 3558 2390 1098
f 2390 3558 3556
f 3554 3793 3369
f 2389 3369 1096
f 3060 2879 1692
f 1620 3138 3139
f 2584 2585 3559
f 3560 3230 2987
f 3561 3560 3332
f 3230 3560 1373
f 1371 1373 3560
f 3331 902 3562
f 3563 3561 3333
f 3564 3566 2532
f 3566 3564 3567
f 382 3564 2337
f 964 2532 3566
f 2532 2533 2335
f 1210 1133 3546
f 135 126 3103
f 1486 558 557
f 558 1486 1485
f 3528 4098 1481
f 2785 3230 1370
f 2892 2894 3570
f 2895 2892 3569
f 2448 861 2035
f 1342 1347 1810
f 3571 1811 1810
f 1812 1815 1345
f 3097 3575 3573
f 3572 3784 3096
f 3574 4116 3575
f 3575 4115 3576
f 3387 3388 3577
f 2636 2635 2512
f 3020 3248 3578
f 3248 3020 3019
f 3248 3239 3238
f 3579 3786 3025
f 3580 3581 3578
f 3581 3579 3026
f 3582 2949 2952
f 1215 3582 2623
f 1887 1629 2792
f 1629 1887 2966
f 808 815 3583
f 814 3583 2890
f 3585 1339 1338
f 3584 3437 3440
f 1338 1332 3587
f 3586 2438 3584
f 2227 2563 2598
f 1200 863 862
f 2459 2574 1202
f 2189 2187 3588
f 2186 805 804
f 803 3588 2187
f 3588 803 2245
f 3150 3591 3590
f 1289 1286 3591
f 3592 3591 1286
f 936 3150 3589
f 3593 2965 2751
f 2964 2965 3594
f 3182 3594 2965
f 3213 3214 3596
f 3595 4037 2937
f 3299 3136 3559
f 2444 2445 2513
f 700 3597 2445
f 2513 2445 3597
f 3531 3049 2658
f 3598 2658 2657
f 1127 2620 1476
f 2230 3633 950
f 297 3599 2224
f 3599 297 296
f 2168 3364 2170
f 3364 3273 3278
f 2168 1790 1787
f 625 2800 3017
f 3600 2446 1465
f 3379 3380 3601
f 2799 350 3379
f 458 976 3134
f 3516 2679 2678
f 3603 3516 3602
f 417 416 2157
f 1524 2155 2911
f 2017 2016 3192
f 2016 2015 3191
f 3606 3408 3607
f 3605 3611 3609
f 3606 3605 3608
f 3607 2070 3611
f 2070 3607 3153
f 3408 3606 3612
f 3613 2544 1291
f 3614 3267 2544
f 3615 3419 3149
f 3419 3615 3616
f 3174 3617 3177
f 3617 4065 3618
f 3179 3542 3617
f 3619 2377 3620
f 2377 2378 3621
f 957 3620 3621
f 2606 3620 957
f 2972 3621 2378
f 3622 3884 3609
f 3619 3885 3622
f 1231 1232 2147
f 2998 3402 3623
f 2850 3402 2437
f 2970 2135 2996
f 729 2970 3063
f 3624 3623 3402
f 3625 3627 3324
f 3626 3696 3627
f 3627 2478 3628
f 3272 3273 3365
f 93 153 2079
f 2080 153 155
f 3011 155 321
f 2034 2031 472
f 375 377 3537
f 2548 2547 2546
f 952 950 3633
f 2917 3633 2230
f 3632 3633 2917
f 559 2917 2231
f 427 1443 1470
f 3221 2832 3486
f 3220 3486 2383
f 356 1063 1062
f 434 436 2361
f 3635 2967 436
f 2862 3192 1100
f 3257 3638 3637
f 3636 4036 3262
f 3256 3552 3638
f 1833 3323 2875
f 3639 2449 3640
f 3640 2453 3323
f 818 2418 3641
f 827 3641 2817
f 2818 1253 826
f 3286 1798 539
f 3643 2246 2244
f 3642 2244 2243
f 3644 3650 3645
f 3642 3645 3646
f 2309 3272 3629
f 3647 1227 3629
f 3269 3271 3272
f 1402 3269 2309
f 3065 2775 3648
f 2775 3065 3649
f 3650 3660 3651
f 3652 3499 3384
f 3652 4074 3434
f 3384 3502 3386
f 3502 3384 3499
f 3538 3536 1162
f 3504 3496 3654
f 3543 3654 3496
f 3655 3118 3119
f 3656 3655 2559
f 3658 2562 2567
f 1360 1233 1971
f 1233 1360 2990
f 802 1078 3650
f 1077 4025 3659
f 1078 3659 3660
f 3644 2243 800
f 3118 3655 984
f 3663 1516 1509
f 2570 2569 1516
f 3662 1509 1508
f 3664 3101 2695
f 1971 1972 506
f 3485 2381 2383
f 1059 1061 2763
f 2583 2944 3172
f 2054 2055 2944
f 3667 3977 3668
f 3668 1153 1152
f 3666 3668 1992
f 2166 1993 1992
f 573 575 868
f 2346 2343 3577
f 2211 2039 3669
f 2349 3577 3388
f 3508 2343 2342
f 3507 3577 2343
f 563 2550 3632
f 3632 2550 3421
f 3671 3676 3672
f 3674 4132 3672
f 3673 3672 3676
f 2772 516 3676
f 688 1032 1031
f 686 688 3677
f 1230 1229 3678
f 1536 1537 3678
f 1229 3681 3679
f 3681 1229 1228
f 3683 3689 3684
f 3686 3689 3687
f 3688 3684 3689
f 1981 3789 3682
f 2783 3411 3690
f 635 3415 3217
f 2868 4019 845
f 2864 2868 3691
f 2865 3691 3692
f 3693 2185 2177
f 3037 3038 3694
f 1843 1845 3695
f 2478 3627 3696
f 2478 2477 2476
f 3697 4141 3696
f 2933 4005 3041
f 2103 2108 2931
f 2105 2104 2928
f 3591 3592 2029
f 2026 967 3590
f 3589 3590 967
f 3592 3715 1245
f 2409 900 701
f 3113 2723 3521
f 3110 3114 2670
f 3114 3521 3520
f 2723 2725 3147
f 2717 2723 3113
f 963 965 3698
f 3565 3698 965
f 2985 1223 3699
f 3699 1222 3701
f 2982 3699 3700
f 3702 1327 1325
f 1324 1859 1860
f 1860 1148 2831
f 2855 2277 2279
f 3700 3701 2855
f 1973 1687 1326
f 506 1973 1322
f 669 3621 2972
f 2621 2622 3704
f 2622 3707 3705
f 3706 3742 3707
f 1089 1085 1699
f 1089 1404 2759
f 2940 3709 3708
f 3418 3708 3709
f 3710 3783 3709
f 3711 3710 2940
f 2080 1948 1946
f 3712 3039 1638
f 3630 3765 3713
f 3539 3044 3630
f 3714 3715 1285
f 3715 3592 1288
f 1243 1245 3715
f 1241 1243 3714
f 3305 3389 3717
f 2066 2061 2394
f 3719 2066 3717
f 3718 3717 3389
f 435 606 2359
f 3205 1231 2201
f 1444 2202 2147
f 701 3720 3597
f 900 3457 3720
f 898 3374 3457
f 1772 1573 3721
f 3723 3725 2256
f 3724 3293 3725
f 3722 3728 3726
f 3722 2256 2255
f 3728 3722 3727
f 2253 2256 3725
f 3729 3731 3730
f 1004 3730 3731
f 3732 2002 2073
f 3731 3729 3733
f 3735 3733 3729
f 3125 3736 3074
f 3736 3125 3124
f 3432 3429 1786
f 3737 3432 1788
f 3429 3431 3362
f 3099 3101 3738
f 1759 482 3739
f 2978 2979 3739
f 480 482 3740
f 1748 3740 482
f 2661 3544 1449
f 884 1766 1761
f 3742 888 887
f 2618 1125 1766
f 2252 1825 1821
f 1940 2242 3743
f 2465 1482 1938
f 2242 1908 1907
f 914 2200 3743
f 2518 2521 3744
f 713 2365 3086
f 3086 2065 2064
f 569 570 740
f 1952 1328 1327
f 3746 1377 1376
f 1376 1374 1378
f 3745 1376 3747
f 3749 3746 3745
f 2377 3619 2003
f 2156 3251 3604
f 3751 3754 3752
f 3724 3752 3754
f 3753 3754 3756
f 3754 3751 3757
f 3641 2420 3758
f 2711 3284 509
f 1903 1904 3747
f 2975 1904 1900
f 3701 1226 2277
f 2278 2816 2856
f 1452 1454 3377
f 3760 3452 3454
f 3453 4140 3759
f 1500 585 584
f 587 2053 1502
f 3761 3054 3058
f 3056 3062 351
f 3762 376 375
f 376 3762 3741
f 3763 368 367
f 3705 3713 3765
f 3487 3489 3165
f 3767 3772 3768
f 3164 3161 3160
f 3766 3165 3164
f 3768 3774 3769
f 3770 3772 3771
f 3772 3767 3773
f 3772 3770 3774
f 727 728 3624
f 728 729 3623
f 3346 2595 946
f 945 1240 3348
f 2726 3975 2595
f 546 544 543
f 1248 3776 3775
f 3776 1248 3033
f 3776 3779 3777
f 3779 3776 3034
f 2464 3032 3033
f 1248 1241 3716
f 2813 3780 2609
f 1527 2609 3780
f 1353 3142 1350
f 1350 3142 3141
f 3782 3291 3288
f 3783 3710 3572
f 3710 3711 3784
f 3615 3709 3783
f 3573 3576 3616
f 2494 1392 1390
f 1950 1953 2830
f 3132 3133 3390
f 3785 3022 3027
f 2011 3023 3022
f 927 2011 3785
f 3027 3025 3786
f 731 730 1060
f 731 896 319
f 3788 2665 2667
f 1910 2666 3788
f 1975 1922 3789
f 2647 3682 3789
f 2503 3002 2498
f 3791 2498 3002
f 3790 3002 2997
f 3792 776 3266
f 3366 3369 3793
f 3481 2843 2838
f 2841 2843 2043
f 682 2831 1148
f 2733 3795 475
f 2883 360 3795
f 3746 3749 3664
f 3751 3799 3796
f 3797 3798 3757
f 3798 3936 3756
f 3750 3900 3799
f 1851 3662 2124
f 3511 1764 3801
f 3510 3511 3800
f 3411 3800 3801
f 1764 4029 3802
f 2122 2121 2817
f 2859 3804 2984
f 583 2984 3804
f 3545 3473 3804
f 3803 3804 3473
f 2983 3700 2857
f 3806 2810 3807
f 3805 4122 3808
f 3806 3808 3809
f 3805 3807 3811
f 2613 3811 3807
f 2810 3806 2811
f 2611 3807 2810
f 3689 3683 3812
f 3687 3812 3813
f 3685 3687 3242
f 2357 3686 3685
f 2668 2669 3108
f 3446 3181 3815
f 3181 3446 3445
f 3594 3182 1369
f 3648 3820 3817
f 3817 3820 3818
f 3816 3817 3335
f 2776 3818 3820
f 3648 2775 2774
f 1418 1420 1978
f 3821 3823 3822
f 3822 3824 2889
f 3823 3825 3824
f 1447 3466 3823
f 3466 3464 3825
f 3720 2516 2514
f 2420 2536 3826
f 3827 109 111
f 3509 110 109
f 3827 3829 3828
f 3829 1888 3351
f 1916 2017 2862
f 2863 1872 1864
f 3163 3165 3489
f 476 475 3795
f 360 362 2988
f 1584 3830 2578
f 3569 3570 3830
f 3830 1868 1870
f 752 3948 3550
f 3831 1518 1517
f 1520 4008 3832
f 3826 3922 2122
f 3833 3826 2536
f 3692 843 418
f 1174 3692 419
f 3834 1059 3665
f 3835 1060 1059
f 605 3261 3264
f 3665 2763 604
f 1337 3836 2900
f 3836 1873 1879
f 1329 2900 2455
f 3837 3840 3838
f 3840 3837 3841
f 3837 2371 2376
f 1012 2374 2372
f 2009 3838 3840
f 1011 1012 3838
f 3842 3884 3843
f 1765 3842 885
f 3844 3845 3658
f 3656 3845 3255
f 2691 3658 3657
f 2562 3658 3845
f 3681 3849 3846
f 2317 1536 3679
f 3848 3846 3849
f 2334 3853 3850
f 3851 2332 2331
f 3777 3850 3853
f 693 694 3852
f 2334 2335 2533
f 691 693 3853
f 2694 2145 2138
f 3458 833 840
f 3854 3458 829
f 3307 3306 3856
f 3856 3859 3857
f 3557 4138 3855
f 3858 3306 2392
f 3306 3858 3859
f 3860 4041 3303
f 1258 53 147
f 2413 3978 261
f 1997 2005 2072
f 2004 3609 3611
f 1776 2904 2908
f 3861 3423 3653
f 3862 3504 3653
f 2449 2451 2453
f 2449 3639 2452
f 3863 2452 3639
f 2067 2071 3156
f 3604 3631 410
f 3631 2546 409
f 3251 2548 3631
f 2185 3693 2683
f 1995 1301 3865
f 3666 1995 3864
f 3667 3864 2340
f 2238 3868 3867
f 2237 4104 3868
f 3166 3170 2240
f 3744 3867 3868
f 3389 3305 3304
f 2932 2930 2929
f 2912 844 522
f 423 426 3259
f 3261 605 424
f 3828 3351 3171
f 3703 3704 3870
f 3764 3870 3704
f 3871 3028 442
f 446 3470 3872
f 438 442 3028
f 3873 3874 3488
f 3875 3495 3488
f 3877 966 3878
f 3877 3991 2326
f 3878 3882 3880
f 3876 3878 3879
f 3882 3878 966
f 3365 3361 3360
f 811 813 1846
f 3130 812 811
f 3129 3130 1848
f 3800 3411 3409
f 2365 2367 2065
f 1357 2065 2367
f 2190 3588 2248
f 3708 3418 3151
f 3883 4021 2667
f 3884 3842 3608
f 3884 3622 3885
f 3887 2684 2683
f 3886 3939 3888
f 3567 381 2684
f 3693 3694 3886
f 2522 2526 3544
f 819 1254 823
f 3890 824 823
f 1254 3406 3889
f 1100 3187 1103
f 2648 1567 1566
f 3892 2268 2267
f 3893 3861 3654
f 3580 3241 3810
f 3811 2613 3581
f 1899 1901 1758
f 1899 3739 2979
f 2099 2100 623
f 851 853 2663
f 2664 3897 3894
f 3895 3339 3336
f 3405 3098 3102
f 3008 2703 2702
f 3006 3008 3404
f 360 2883 3600
f 1907 1909 1905
f 2241 3897 1908
f 3896 1908 3897
f 3874 3873 3899
f 3766 3769 3873
f 3769 3927 3899
f 714 2369 2366
f 3900 3968 2217
f 2216 3796 3799
f 3796 2216 3175
f 1976 1978 1420
f 3829 3827 3901
f 3901 3827 100
f 1515 1514 3902
f 2569 2572 3902
f 2572 2405 2385
f 2446 3600 2883
f 1656 1654 3250
f 1257 81 53
f 3442 1739 1741
f 2120 3781 3602
f 3781 2120 3903
f 3287 3602 3781
f 3782 3903 3905
f 3903 2118 2901
f 3386 3906 3080
f 3906 3945 3084
f 3343 3908 3907
f 3342 3344 3908
f 858 863 3909
f 3382 3081 3079
f 3911 3913 3875
f 3912 3914 3913
f 3495 3875 3913
f 3875 3874 3898
f 3401 3913 3914
f 2738 3916 3862
f 3504 3862 3916
f 3916 2738 2737
f 3915 3862 3428
f 1371 3918 3815
f 3561 3563 3918
f 3919 3918 3563
f 3918 3919 3814
f 2610 327 3786
f 3920 735 737
f 3088 2163 735
f 2762 2232 1507
f 2225 269 323
f 3863 3921 3587
f 2452 3863 1340
f 1834 2847 3921
f 3586 3587 3921
f 3922 3826 3833
f 1072 3427 1789
f 1072 3833 3425
f 2057 3123 2760
f 3923 1781 1780
f 2057 2059 3924
f 3123 3924 2628
f 2640 3337 3926
f 3925 3926 3898
f 3928 3925 3899
f 3910 3898 3926
f 2078 102 94
f 1958 3484 1029
f 1271 3541 2592
f 1276 2593 2591
f 3930 3593 2753
f 3931 3182 3593
f 1368 3931 3930
f 3227 3229 3290
f 2125 1511 3515
f 3229 3515 3603
f 1076 794 799
f 1911 1912 799
f 3933 3935 3934
f 3797 3938 3935
f 3936 3798 3935
f 3934 3935 3938
f 3938 3797 3175
f 3694 3940 3939
f 3940 3965 3880
f 3940 3694 3038
f 3356 3942 3941
f 2913 3941 3942
f 1721 1874 1873
f 2496 1390 1389
f 3943 3268 3267
f 464 1810 1347
f 2974 2976 3748
f 3748 1614 3738
f 1614 3748 2976
f 3468 1645 1643
f 745 2972 2373
f 3000 3066 3944
f 3066 3648 3816
f 1920 1918 2651
f 3945 3906 3503
f 3502 3503 3906
f 1977 1387 1736
f 1387 1977 3946
f 3947 3949 1668
f 757 1668 3949
f 748 757 3948
f 3950 4092 3949
f 2812 2814 2517
f 3780 2812 1535
f 2721 3113 3115
f 3146 2796 3951
f 3951 3282 3484
f 2796 3146 3736
f 3850 3777 3779
f 3852 3994 3775
f 3778 3866 3851
f 1603 1605 3952
f 1262 2807 2890
f 1664 1671 2474
f 1669 2474 2473
f 2010 1422 3021
f 3019 3021 1422
f 1931 3087 3719
f 3294 2958 3355
f 2955 3355 2958
f 3953 4118 3160
f 2557 2561 2601
f 3824 3695 1845
f 2805 2423 2422
f 3954 3858 2391
f 895 891 3955
f 3835 891 890
f 3956 3955 891
f 1168 689 3519
f 3955 3956 1167
f 2160 1518 2237
f 3647 3360 3957
f 3680 1228 1227
f 3121 3116 1631
f 3959 2915 3960
f 3297 3959 3958
f 3959 3297 2959
f 3958 3960 3962
f 3963 2060 1785
f 1071 1073 1784
f 2878 2879 3055
f 3879 3880 3965
f 3964 3990 3881
f 3964 3965 3967
f 3965 3940 3040
f 3939 3880 3882
f 2046 1094 1093
f 499 3318 3353
f 3923 2759 1404
f 1406 1408 1781
f 2042 2044 3794
f 1711 3794 2044
f 3802 4043 3690
f 3690 4043 2781
f 3004 3088 3920
f 3969 2221 2213
f 3968 2213 2212
f 3341 2181 2183
f 2181 3341 3340
f 2606 2607 3885
f 191 4006 3971
f 3107 641 640
f 640 642 648
f 2051 2052 3106
f 641 3107 3105
f 2646 2648 2268
f 1195 1197 2954
f 466 1694 1192
f 1695 1694 466
f 3688 2356 3946
f 2356 1385 1384
f 3686 2357 2356
f 3684 3688 1980
f 803 800 2243
f 3293 3104 2254
f 2501 2502 3643
f 3439 3646 3645
f 1528 334 332
f 971 974 3637
f 3552 3996 3973
f 3638 3973 3972
f 2742 3915 2537
f 3915 2742 2741
f 809 3969 3968
f 2524 2519 395
f 1107 1104 1591
f 2716 2719 3975
f 1003 1004 2073
f 767 787 763
f 767 768 783
f 3073 536 532
f 787 1146 2129
f 726 720 3443
f 2666 1910 3896
f 3970 3207 3345
f 2685 3523 3970
f 2914 2916 3941
f 3976 3726 3728
f 3726 3976 3750
f 3723 3726 3752
f 3976 809 3900
f 1956 2714 2713
f 1731 2269 2270
f 3494 3872 3470
f 3162 3470 3469
f 2194 3596 3214
f 3549 1903 1378
f 381 383 2681
f 3007 3738 1614
f 3866 2340 2332
f 3977 3667 3866
f 1678 1676 3585
f 3327 2882 847
f 3360 3362 3431
f 3907 3908 3048
f 2288 3194 3907
f 3233 851 3894
f 261 3978 1016
f 1058 1020 1016
f 3978 2413 1056
f 3980 3982 3981
f 1576 1577 2645
f 3983 1576 3982
f 1576 3983 1570
f 3983 3980 3984
f 3651 3985 3441
f 3660 4094 3985
f 3646 3439 2497
f 3985 1678 3440
f 2369 714 3987
f 3987 717 3952
f 717 3987 714
f 3048 3908 3344
f 3734 3958 3961
f 3296 3297 3734
f 3735 3961 3839
f 3989 3839 3961
f 3636 3637 974
f 2881 2882 3328
f 850 3236 2153
f 3101 3664 3749
f 2012 2010 3023
f 1552 3876 3881
f 3990 1556 1553
f 3876 1552 3991
f 1120 3563 3562
f 1120 1118 1746
f 3437 3584 2438
f 2846 2439 2438
f 3051 3532 3993
f 3994 1250 1249
f 3677 1031 1250
f 3996 2822 2821
f 3843 3885 2607
f 1592 1596 3997
f 1672 3004 3202
f 3975 3998 947
f 3998 3904 3999
f 3999 4100 948
f 2953 2802 2801
f 3673 4001 4000
f 1043 2174 3674
f 4001 3390 3133
f 3675 3392 4001
f 4002 4069 4003
f 4002 3041 4005
f 3219 2386 2401
f 3219 3220 2384
f 3059 351 348
f 1505 274 273
f 3844 1505 3971
f 3254 3971 4006
f 3703 1594 3349
f 3349 1475 1476
f 1475 3349 1594
f 4008 1520 4009
f 3716 3714 2463
f 3412 3413 3854
f 3461 3854 3413
f 1464 1462 3462
f 3727 2255 1260
f 1277 3541 1271
f 2734 2736 3541
f 3477 459 3064
f 459 3477 4011
f 4012 3571 460
f 4011 3476 3479
f 4013 3191 2015
f 3189 3190 4013
f 4015 4016 1359
f 4016 4136 1358
f 3634 3531 3598
f 3324 3628 2844
f 1712 1714 1715
f 2839 2844 3628
f 1647 1651 4017
f 530 4019 4018
f 529 845 4019
f 528 4018 3914
f 4020 4025 4021
f 3787 2667 4021
f 2731 4020 3883
f 2727 2731 2286
f 1680 4024 4020
f 3294 3941 2916
f 2915 3959 3295
f 3471 448 455
f 4009 1525 3452
f 1525 1524 3451
f 4023 3760 3759
f 4024 3659 4025
f 3845 3844 3254
f 3506 3917 3993
f 3532 3084 3945
f 3917 2737 3992
f 3917 3506 3505
f 882 886 374
f 2013 1915 1914
f 3249 3019 1424
f 3583 4010 1263
f 4010 3583 815
f 2830 1952 3702
f 2586 1709 1708
f 3234 3894 3897
f 3472 455 4027
f 3474 3475 4028
f 3904 3998 3291
f 3998 3975 2719
f 1764 1763 4030
f 4031 4045 4029
f 4030 1121 1477
f 4032 3934 3937
f 3178 2083 3937
f 4032 3015 3932
f 3695 3824 3825
f 3533 3785 328
f 3304 3301 4033
f 2920 1741 2701
f 2921 2701 680
f 3337 3338 3929
f 3925 3928 1825
f 3500 3435 3433
f 3737 3893 3543
f 3457 3456 2516
f 3599 298 268
f 3195 3328 2180
f 3544 2398 3465
f 955 2661 1451
f 3770 4035 4034
f 3090 1823 4035
f 4035 1820 1819
f 1036 4036 2028
f 4036 1036 1038
f 4036 3636 975
f 3128 807 806
f 3711 2937 4037
f 3730 1004 997
f 1651 2082 718
f 3836 1337 1719
f 1752 1720 4038
f 3070 3553 4040
f 4041 4033 3301
f 4042 4004 4041
f 1617 2977 2978
f 4043 4045 4044
f 4045 4043 3802
f 4045 4031 4046
f 2484 2483 2487
f 4048 4049 2487
f 4049 4051 4047
f 4051 4049 4052
f 2780 4058 4048
f 2013 4026 4053
f 1914 2484 4047
f 4026 4047 4051
f 1597 1471 1475
f 1471 1597 1473
f 3188 4056 4054
f 1596 2112 4054
f 3997 4054 4056
f 4056 3188 3189
f 4057 4064 4055
f 2018 4053 4014
f 1914 548 551
f 4058 2780 2781
f 4044 4046 4059
f 4053 4051 4050
f 2078 2076 3901
f 4057 3189 4014
f 1474 4046 4031
f 1598 3997 4055
f 4060 1473 1597
f 4049 4048 4061
f 4058 4059 4061
f 1473 4060 4063
f 4060 4055 4064
f 4050 4052 4064
f 4062 4059 4046
f 4063 4061 4059
f 4052 4061 4063
f 2425 147 146
f 4065 3617 3542
f 4065 2369 3986
f 3864 3865 2338
f 3924 1563 1562
f 1563 3924 2059
f 587 588 873
f 2376 1999 3732
f 887 883 3763
f 883 374 368
f 3742 3741 3762
f 2308 2767 2766
f 2766 2765 1485
f 628 631 3416
f 867 631 629
f 870 872 3414
f 3675 3676 516
f 518 3527 3392
f 4066 1729 1724
f 1729 4066 4068
f 4069 4066 1726
f 1076 4021 4025
f 2673 2114 2113
f 1298 2354 2351
f 343 2364 3721
f 743 745 2374
f 2841 1713 1712
f 928 930 2820
f 2819 1800 1802
f 2188 2192 3596
f 3094 2192 2191
f 2192 3094 3595
f 1857 1146 1142
f 1556 3990 4071
f 1437 1444 2148
f 3279 3274 3310
f 330 2886 3535
f 2886 2262 2261
f 962 2324 958
f 381 3567 3564
f 3887 3888 3565
f 2341 380 382
f 1948 3013 1602
f 1932 3719 3718
f 2066 3719 3087
f 1051 1052 1554
f 1557 1551 1170
f 1552 1554 1052
f 1042 2173 4072
f 4023 4072 2173
f 4007 2173 2172
f 3649 513 517
f 3579 3581 2613
f 2358 3685 3244
f 1982 1642 1641
f 1055 3517 2327
f 1425 2358 3246
f 1795 2777 4039
f 1793 1795 4040
f 824 3890 4073
f 3385 2320 4074
f 3848 3434 4074
f 3847 3430 3434
f 1231 3205 3198
f 4075 980 979
f 980 4075 3661
f 3662 1851 4076
f 749 1377 2142
f 1747 1750 3740
f 487 3740 1750
f 4038 1722 3047
f 1226 1383 2205
f 4077 1733 1725
f 1731 1733 3891
f 3813 3891 1733
f 3812 3892 3891
f 3243 4077 1730
f 2472 1805 4078
f 4079 1805 1801
f 2471 2472 2307
f 1805 4079 2768
f 2235 2238 3169
f 1852 3108 2669
f 1855 3109 3108
f 2593 1276 1275
f 4080 4076 1851
f 4081 3132 3391
f 4010 1260 1259
f 3972 4135 1348
f 3612 3606 3610
f 3610 3608 3842
f 4082 3929 3338
f 3910 3929 4082
f 4083 2571 1579
f 1445 1447 3821
f 3655 3656 983
f 4085 2500 3791
f 4084 3791 3790
f 3680 3957 3849
f 3957 3431 3847
f 3574 3091 3090
f 3216 4086 915
f 4086 2303 2199
f 4086 3216 2934
f 4012 1814 1811
f 1808 1814 4088
f 1398 2311 637
f 4042 4068 4066
f 4067 4068 4090
f 3860 4090 4068
f 3241 3580 3238
f 455 456 1344
f 4092 3950 3979
f 4083 1220 2400
f 4093 3712 1635
f 1636 3661 4075
f 3661 1636 1634
f 4000 3133 1403
f 4094 1679 1678
f 4096 1273 4097
f 3761 3310 2131
f 4093 4075 4071
f 3263 3956 3835
f 3956 3263 1166
f 2660 2615 3635
f 1742 3814 3919
f 2869 2870 3399
f 2405 2572 2571
f 1815 4113 1344
f 3529 1481 1480
f 4098 1937 1484
f 2502 4099 2246
f 2251 2246 4099
f 4018 2867 2871
f 3814 1742 3447
f 4100 3999 3904
f 1070 948 4100
f 2903 4100 3905
f 2303 4086 4087
f 2469 2471 2301
f 3950 3984 3980
f 2551 789 792
f 2475 2479 4101
f 3947 2473 3984
f 395 3869 4102
f 4103 394 396
f 3869 3868 4104
f 2208 2574 1989
f 1789 3427 3426
f 3889 3417 4105
f 3890 4105 4106
f 4105 871 4107
f 871 4105 3417
f 3417 3889 3406
f 3618 3986 1607
f 1606 1607 3986
f 168 1645 3467
f 2081 1889 1888
f 1993 2166 1923
f 2654 4110 4108
f 4107 3143 4108
f 871 866 3143
f 4110 4111 4109
f 2315 2317 3846
f 2653 2655 4110
f 2655 4125 4111
f 1284 2462 2463
f 1083 1082 1432
f 1432 1433 2758
f 4112 3912 3911
f 1489 527 4112
f 3912 4112 527
f 3895 3818 2776
f 3895 4112 4082
f 2943 2942 3172
f 2973 1560 670
f 4017 718 708
f 1199 2570 3663
f 2949 2815 2352
f 4113 1815 1807
f 2903 1075 1068
f 948 1070 3601
f 1586 1702 3358
f 1702 1703 3352
f 4091 3979 3981
f 1083 3981 3982
f 1051 1019 1020
f 1557 1171 1019
f 3657 2567 2564
f 4101 4141 1571
f 4115 3575 4116
f 3943 4115 4114
f 4114 4116 3773
f 4116 3574 3771
f 2867 4018 4019
f 3872 3494 3493
f 4119 3030 3871
f 3755 4129 3292
f 3936 4128 3755
f 3942 3319 3317
f 3321 3322 2454
f 4033 4041 4004
f 4004 4042 4069
f 2932 4033 4005
f 2942 1703 1704
f 3960 2295 1881
f 1878 3989 3962
f 1570 3983 2480
f 4109 4095 4106
f 4120 599 391
f 2967 2616 3482
f 4121 4122 1734
f 3810 1734 4122
f 4122 4121 4123
f 4079 4039 2777
f 4078 2768 2767
f 1467 3460 3462
f 3707 3762 3713
f 1105 1107 3974
f 1595 3870 3974
f 3870 3764 2708
f 888 3742 3706
f 18 2525 16
f 3241 1735 1734
f 3247 1730 1728
f 1109 2706 1872
f 3478 4125 4088
f 1159 2460 2688
f 1829 1835 2847
f 2848 1835 2749
f 3832 4120 394
f 4120 3832 4008
f 3659 4024 4094
f 1679 4094 4024
f 3528 3530 2600
f 2597 2602 4124
f 3530 556 3280
f 3281 3280 556
f 4039 4079 3069
f 2646 3683 3682
f 2161 3930 2877
f 762 3527 3526
f 4096 4111 4125
f 3839 3989 3525
f 3989 1878 1877
f 3857 4127 3554
f 4127 3857 3859
f 4126 3859 3858
f 3463 1826 3185
f 1201 1199 4076
f 1319 4129 3755
f 3292 4129 3568
f 3293 3724 3753
f 4129 1319 1320
f 10 135 3568
f 4099 2502 2500
f 1155 3977 3778
f 3512 3468 1644
f 3683 2646 3892
f 4130 4028 3475
f 4027 1344 4113
f 3092 2191 1817
f 3994 3852 694
f 1247 1250 1031
f 2521 3167 3867
f 931 933 938
f 759 766 3309
f 578 577 4028
f 2074 578 4130
f 577 583 3803
f 3787 799 1912
f 3888 3882 3698
f 4102 4104 3831
f 3794 1711 1713
f 2643 4131 3819
f 3944 3816 3819
f 4131 4085 4084
f 3691 845 843
f 3122 3231 1942
f 2107 3395 3398
f 3395 2107 4119
f 3922 1075 2902
f 4132 3674 2174
f 3012 321 1317
f 938 939 2941
f 2036 2038 3482
f 2347 2345 3669
f 999 1000 2895
f 1585 1587 3046
f 2955 2957 3045
f 1587 1588 3045
f 3449 3932 3015
f 1809 4088 4125
f 386 387 3524
f 10 1320 1316
f 1319 4128 3448
f 3996 3995 4133
f 2829 3513 3995
f 3550 4092 4091
f 3491 3494 3162
f 2327 3518 3522
f 689 3522 3518
f 4134 3373 3367
f 4016 4015 3372
f 4128 3936 3933
f 1814 4012 3479
f 4135 3972 3973
f 3966 4071 3990
f 3712 4093 3966
f 3869 395 2519
f 3549 661 655
f 2311 1398 1396
f 1798 3286 1796
f 3793 3554 4127
f 4134 4127 4126
f 4136 4016 3373
f 4034 1819 3928
f 3774 4034 3927
f 3626 1695 465
f 1778 2908 3538
f 3539 3538 2908
f 3893 3737 2060
f 4123 4089 4138
f 3558 3809 4137
f 3556 4137 4138
f 4138 4089 4090
f 1727 1729 4067
f 4121 4067 4089
f 3553 538 1799
f 3765 3630 3044
f 4006 1311 1559
f 1311 1312 1558
f 3841 2376 3733
f 3186 3825 3464
f 3909 1201 4080
f 3967 3040 3039
f 3760 4023 4007
f 4111 4096 4095
f 4095 4097 4073
f 3625 1696 1695
f 2970 729 725
f 4139 3953 3157
f 777 4139 3159
f 3792 4117 3953
f 2136 514 513
f 3977 1155 1153
f 2735 3992 2737
f 3861 3893 3963
f 4118 3773 3767
f 4117 4114 4118
f 2049 1093 1095
f 2639 2644 4131
f 2644 4099 4085
f 3764 3765 2707
f 3316 2876 2875
f 776 3792 4139
f 4117 3792 3268
f 582 573 869
f 4098 3528 4124
f 4077 3243 3242
f 864 3909 1853
f 3069 1801 1800
f 2108 3398 3397
f 3551 3552 3256
f 3211 3345 3207
f 2745 2743 3371
f 536 4133 3995
f 3073 4135 4133
f 2627 660 659
f 3784 4037 3095
f 8 7 135
f 1732 2270 4003
f 3042 4003 2270
f 4104 2237 1518
f 4140 3453 1491
f 3855 4090 3860
f 3865 1306 2919
f 2338 2919 2341
f 1798 1799 538
f 3094 3095 4037
f 1870 1865 2906
f 3211 3212 3988
f 2083 3178 3177
f 3068 1348 4135
f 2479 3696 4141
f 4141 3697 1578
f 2815 2949 3582
f 2594 4073 4097
f 1534 2319 2884
f 3030 4119 2107
f 4072 4023 4022
f 4132 4022 3670
f 4140 3670 4022
f 3570 1869 1868
f 2773 3671 3670
f 1871 1872 2706
f 4142 3126 3129
f 3372 4143 4142
f 3697 465 467
f 4115 3943 3614
f 3314 1933 1937
f 3808 4123 4137
f 2388 2811 3809
f 3931 1368 1367
f 3357 3354 3355
f 1588 3358 3357
f 3954 1358 4136
f 3322 3323 2453
f 1558 1170 1551
f 1521 3832 4103
f 3212 1751 3047
f 717 718 2082
f 4143 3372 4015
f 3576 3614 3613
f 1865 1867 1871
f 3969 809 807
f 2849 2749 2748
f 3308 3131 4081
f 2942 494 498
f 3448 3933 3932
f 3527 762 761
f 3126 4142 4143
f 2770 2772 3671
f 4070 3721 1573
f 467 343 4070
f 3991 1052 1053
f 3325 3312 1696
f 3948 3949 4092
f 642 643 646