v -1.238005 -0.350048 1.287921
v -1.229378 -0.383302 1.292163
v -1.237803 -0.316896 1.330128
v -1.207084 -0.438613 1.274762
v -1.193322 -0.432327 1.226630
v -1.225915 -0.365865 1.334172
v -1.206620 -0.386009 1.221969
v -1.203081 -0.406108 1.227225
v -1.156823 -0.461963 1.171550
v -1.150968 -0.437001 1.148134
v -1.209945 -0.369408 1.218075
v -1.238974 -0.326856 1.280503
v -0.883995 -0.238828 1.295163
v -0.904109 -0.236923 1.270201
v -0.928652 -0.212125 1.351484
v -0.923791 -0.245536 1.238317
v -0.959045 -0.214697 1.300941
v -0.885219 -0.273581 1.185023
v -0.860978 -0.273130 1.211904
v -0.911868 -0.223161 1.377264
v -0.943878 -0.208740 1.330886
v -0.986712 -0.199081 1.365437
v -0.974444 -0.208523 1.389196
v 0.656315 -1.240494 -0.311635
v 0.669341 -1.211125 -0.344765
v 0.730275 -1.256183 -0.304712
v 0.755241 -1.189556 -0.359417
v 0.743925 -1.224455 -0.333846
v 0.682248 -1.174119 -0.371594
v 0.600077 -1.165277 -0.328505
v 0.612660 -1.130354 -0.355640
v 0.886951 -0.977845 -0.351363
v 0.914071 -1.025556 -0.337230
v 0.867817 -0.998173 -0.372895
v 0.905885 -0.961149 -0.325343
v 0.932691 -1.007411 -0.312366
v 0.935999 -1.068914 -0.326014
v 0.956179 -1.047328 -0.301365
v 0.853953 -0.924037 -0.368861
v 0.832319 -0.945374 -0.388426
v 0.812730 -0.967977 -0.402733
v 0.892293 -1.045105 -0.358546
v 0.845667 -1.020205 -0.389400
v 0.874921 -1.107712 -0.362199
v 0.864505 -1.065582 -0.375269
v 0.909820 -1.089330 -0.346175
v 0.778916 -0.892420 -0.378561
v 0.758216 -0.915287 -0.395695
v 0.799834 -0.871948 -0.356130
v 0.873621 -0.905946 -0.338985
v -1.147683 -0.289405 1.175941
v -1.143998 -0.271105 1.191328
v -1.085297 -0.307555 1.108499
v -1.187077 -0.287662 1.217050
v -1.177663 -0.267625 1.236346
v -1.197445 -0.265301 1.260235
v -1.175850 -0.245100 1.273694
v -1.124402 -0.257850 1.202384
v -1.154587 -0.251927 1.246729
v -0.841333 -0.277599 1.332110
v -0.863966 -0.251193 1.317285
v -0.891522 -0.250409 1.391729
v -0.835223 -0.282718 1.236092
v 0.693780 -1.309757 -0.242030
v 0.679306 -1.328964 -0.205865
v 0.621635 -1.289723 -0.238289
v 0.664112 -1.340601 -0.172915
v 0.609863 -1.305484 -0.198920
v 0.561783 -1.244208 -0.220584
v 0.736326 -1.335621 -0.189830
v 0.756190 -1.315897 -0.225181
v 0.713415 -1.286096 -0.273512
v 0.639548 -1.267900 -0.277493
v 0.776088 -1.290623 -0.258415
v 0.573169 -1.222745 -0.260928
v -1.161944 -0.312149 1.171706
v -1.205382 -0.290269 1.238421
v -1.097425 -0.333416 1.100362
v -1.112752 -0.343463 1.107130
v -1.133040 -0.307842 1.151376
v -1.086983 -0.322235 1.100015
v -0.971973 -0.224340 1.271322
v -0.977625 -0.236512 1.236838
v -1.014799 -0.216332 1.290624
v -1.007142 -0.207746 1.316155
v -1.040509 -0.232195 1.237228
v -1.055327 -0.220234 1.283027
v -1.009335 -0.230700 1.243454
v -1.057124 -0.208670 1.311160
v -0.977137 -0.267548 1.168262
v -0.941239 -0.257496 1.206941
v -0.997201 -0.200168 1.341715
v -1.053401 -0.497116 1.407193
v -0.998659 -0.468448 1.428072
v -1.087670 -0.408113 1.428552
v -1.102686 -0.325959 1.426891
v -1.161274 -0.337950 1.401439
v -1.140698 -0.422169 1.397505
v -1.020263 -0.388423 1.447437
v -0.939048 -0.383543 1.445651
v -1.028512 -0.319157 1.443585
v -0.950126 -0.423552 1.439921
v -1.193664 -0.238311 1.294518
v -1.156723 -0.219152 1.308005
v -1.126582 -0.238949 1.258819
v -1.143234 -0.229358 1.285637
v -1.109681 -0.204871 1.322592
v -1.103513 -0.216370 1.298955
v -0.868116 -0.344105 1.410764
v -0.876694 -0.291663 1.402108
v -0.941087 -0.325214 1.444878
v -1.032045 -0.262952 1.428322
v -1.108502 -0.264818 1.413008
v -0.949061 -0.272628 1.429886
v -1.170845 -0.275612 1.390711
v -1.111442 -0.225122 1.392309
v -1.173659 -0.236858 1.372201
v -1.240337 -0.288027 1.319448
v -1.236240 -0.312442 1.271760
v -1.236811 -0.272673 1.306735
v -1.218076 -0.257798 1.348388
v -1.215296 -0.240741 1.331030
v -1.214618 -0.292524 1.363168
v -1.212043 -0.355364 1.213054
v -1.209705 -0.340328 1.207070
v -1.145476 -0.395841 1.130528
v -1.143180 -0.379690 1.126508
v -1.138585 -0.366477 1.120971
v -1.219740 -0.295441 1.251286
v -1.197021 -0.328244 1.196177
v -1.230445 -0.302058 1.262600
v -1.228725 -0.265625 1.293082
v -1.183554 -0.319169 1.185278
v -1.202535 -0.351217 1.370248
v -1.146342 -0.414622 1.135283
v -1.179027 -0.434533 1.360677
v -1.200743 -0.444737 1.318077
v -1.092846 -0.228165 1.270878
v -1.001981 -0.265779 1.161137
v -1.054641 -0.198397 1.335665
v -1.112951 -0.199187 1.345939
v -0.961314 -0.232773 1.410869
v -1.037753 -0.223636 1.407043
v -1.099145 -0.247590 1.213477
v -1.048041 -0.273900 1.140196
v -1.067116 -0.281688 1.129875
v -1.079819 -0.293362 1.119283
v -1.026634 -0.267566 1.151783
v -1.072088 -0.237145 1.226565
v -1.215410 -0.263956 1.278090
v -1.050346 -0.194366 1.359669
v -1.101940 -0.512825 1.368186
v -1.009511 -0.560076 1.354999
v -1.138193 -0.518260 1.319914
v -1.051297 -0.574318 1.306212
v -1.044275 -0.201399 1.383772
v -1.113345 -0.204366 1.369446
v -1.172390 -0.217975 1.350904
v -1.166608 -0.213780 1.329502
v -1.207056 -0.235629 1.313071
v 0.818842 -1.192152 -0.342686
v 0.808641 -1.227638 -0.318042
v 0.793936 -1.260599 -0.289601
v 0.692761 -1.134126 -0.392981
v 0.718928 -1.303752 0.051849
v 0.686739 -1.324574 0.007797
v 0.771450 -1.317947 0.006359
v 0.657828 -1.255845 0.082488
v 0.628751 -1.272892 0.038262
v 0.806390 -1.291704 0.048276
v 0.707706 -1.348673 -0.075737
v 0.737195 -1.337548 -0.035531
v 0.658560 -1.335284 -0.036533
v 0.784028 -1.333842 -0.080253
v 0.818181 -1.313399 -0.039628
v 0.682699 -1.353430 -0.112507
v 0.635802 -1.337638 -0.078442
v 0.603587 -1.284956 -0.005422
v 0.582912 -1.289008 -0.048761
v 0.851749 -1.256018 -0.273059
v 0.825590 -1.154862 -0.363027
v 0.764639 -1.152869 -0.380764
v 0.827142 -1.116232 -0.379182
v 0.767943 -1.113081 -0.397336
v 0.698901 -1.089460 -0.404704
v 0.771624 -1.076264 -0.411778
v 0.623796 -1.092650 -0.377864
v 0.928249 -0.865464 -0.232079
v 0.950927 -0.913956 -0.236918
v 0.912576 -0.876193 -0.271265
v 0.884079 -0.821385 -0.215695
v 0.945066 -0.860964 -0.191699
v 0.938458 -0.929866 -0.266553
v 0.892301 -0.890180 -0.305636
v 0.862953 -0.829098 -0.256116
v 0.972406 -0.945560 -0.224400
v 0.962387 -0.969146 -0.254928
v 0.948780 -0.989095 -0.284617
v 0.960957 -0.897465 -0.208134
v 0.975544 -0.912037 -0.194488
v 0.969109 -0.869461 -0.164965
v 0.995339 -0.922916 -0.170031
v 0.999201 -0.886464 -0.103049
v 1.010580 -0.934576 -0.143016
v 0.990210 -0.877154 -0.135551
v 1.010156 -0.978356 -0.183455
v 0.993257 -0.962705 -0.205441
v 0.985548 -0.996328 -0.240728
v 1.004033 -1.018367 -0.222600
v 1.007254 -0.900489 -0.068768
v 1.021792 -0.996062 -0.155993
v 0.875640 -1.221100 0.117172
v 0.827691 -1.217155 0.159861
v 0.842509 -1.259826 0.086193
v 0.888246 -1.248641 0.038360
v 0.853308 -1.284391 0.001316
v 0.918596 -1.206902 0.072867
v 0.940684 -1.161726 0.103957
v 0.901914 -1.178978 0.142636
v 0.856662 -1.174499 0.177380
v 0.930251 -1.228228 -0.012150
v 0.896945 -1.267307 -0.050388
v 0.792782 -1.254139 0.133691
v 0.754557 -1.281041 0.095695
v 0.724755 -1.208053 0.158959
v 0.690354 -1.234671 0.124042
v 0.790536 -1.135706 0.201588
v 0.758376 -1.174942 0.185380
v 0.809914 -1.312349 -0.201941
v 0.832914 -1.286633 -0.239387
v 0.750082 -1.345396 -0.118463
v 0.714315 -1.349084 -0.151400
v 0.783013 -1.332579 -0.161391
v 0.823579 -1.320087 -0.126739
v 0.856307 -1.299116 -0.172677
v 0.922733 -0.945127 -0.296130
v 0.841694 -0.840077 -0.293823
v 0.814374 -1.035425 -0.403170
v 0.789452 -0.985691 -0.411062
v 0.824462 -1.076961 -0.391875
v 0.655482 -1.348276 -0.135713
v 0.619542 -1.333379 -0.117402
v 0.961719 -1.047668 0.146735
v 0.925493 -1.085605 0.177629
v 0.975865 -1.088102 0.103020
v 0.972854 -1.134359 0.063235
v 0.947581 -1.116287 0.136835
v 0.884068 -1.128023 0.187202
v 0.916101 -1.144321 0.159990
v 0.861502 -1.048836 0.197128
v 0.985993 -1.010154 0.105990
v 0.999532 -1.055680 0.060002
v 0.897139 -1.006388 0.171754
v 0.925636 -0.966021 0.136963
v 0.998826 -1.103733 0.016570
v 1.017274 -1.072851 -0.032911
v 0.770940 -1.039337 -0.420417
v 0.760699 -0.997689 -0.416006
v 0.719925 -0.969682 -0.412439
v 0.711475 -1.007758 -0.415460
v 0.736352 -0.939111 -0.406283
v 0.820802 -0.853975 -0.328091
v 0.586287 -1.196243 -0.296956
v 0.610011 -1.321281 -0.159136
v 0.566819 -1.287718 -0.091158
v 1.026947 -0.969899 -0.075655
v 1.020785 -0.949687 -0.112188
v 1.014898 -0.920442 -0.029781
v 0.964584 -0.872101 0.008393
v 1.028422 -1.017969 -0.121666
v 0.955461 -0.839303 -0.068906
v 0.944401 -0.830914 -0.104692
v 0.906114 -0.819481 -0.174407
v 0.927187 -0.824234 -0.138753
v 0.882557 -1.272546 -0.215483
v 0.556935 -1.278696 -0.134378
v 0.555220 -1.263141 -0.177881
v 0.878043 -1.147729 -0.347266
v 0.919536 -1.130717 -0.331773
v 0.950975 -1.108788 -0.312578
v 0.921412 -1.169963 -0.312331
v 0.957922 -1.146507 -0.293052
v 0.974427 -1.083049 -0.288006
v 0.705916 -1.048373 -0.413854
v 0.956463 -1.182748 0.025497
v 0.964726 -1.201096 -0.064605
v 1.016690 -1.040675 -0.198145
v 1.004562 -1.081417 -0.236045
v 0.972964 -1.023930 -0.273107
v 0.992078 -1.053367 -0.258007
v 0.985297 -1.116871 -0.267849
v 1.009274 -1.110520 -0.205233
v 1.022822 -1.065687 -0.165710
v 0.987132 -1.150023 -0.238552
v 1.015926 -1.023782 0.013042
v 1.001681 -0.975596 0.060004
v 0.945795 -0.929203 0.095085
v 1.014868 -0.945263 0.015156
v 1.025010 -0.994049 -0.032798
v 0.874845 -1.185759 -0.327818
v 0.866221 -1.222202 -0.302933
v 0.860899 -1.298311 -0.088865
v 0.933945 -1.242717 -0.102621
v 0.897098 -1.275755 -0.138836
v 0.925348 -1.248061 -0.186712
v 0.979275 -1.182548 -0.200007
v 0.961463 -1.213928 -0.153800
v 0.945116 -1.216591 -0.229619
v 0.987077 -1.153658 -0.024883
v 1.008449 -1.123199 -0.076357
v 0.989582 -1.171350 -0.116841
v 1.026949 -1.043616 -0.080055
v 0.902412 -1.241389 -0.253660
v 1.004469 -1.140657 -0.164796
v 1.020252 -1.093346 -0.124502
v 0.956007 -1.182510 -0.265473
v 0.915661 -1.206951 -0.286365
v -1.161361 -0.487514 1.211691
v 0.633073 -1.051637 -0.393549
v -1.157214 -0.508840 1.263227
v -1.083799 -0.572392 1.249946
v -1.126918 -0.354295 1.114136
v 0.961872 -0.852615 -0.031596
v -1.027142 -0.874957 -0.278087
v -1.183386 -0.898538 -0.140312
v -1.134648 -0.874516 -0.354706
v -1.076127 -0.891013 -0.086070
v -0.958517 -0.848602 -0.492820
v -1.056997 -0.831311 -0.582877
v -1.404761 -0.849706 -0.288515
v -1.244753 -0.851388 -0.441619
v -1.294546 -0.886233 -0.208282
v -1.531256 -0.827197 -0.133324
v -1.427227 -0.877854 -0.063196
v -0.312820 0.567997 -0.208238
v -0.330192 0.599669 -0.190304
v -0.286264 0.578995 -0.171709
v -0.328929 0.624608 -0.141374
v -0.306570 0.604761 -0.156503
v -0.349706 0.624304 -0.172440
v -0.358756 0.592580 -0.221730
v -0.374544 0.622217 -0.201473
v -0.267929 0.546013 -0.186532
v -0.287590 0.606496 -0.119780
v -0.265815 0.586262 -0.131882
v -1.102476 0.241815 0.525579
v -1.183459 0.207653 0.516293
v -1.068082 0.223604 0.548894
v -1.031430 0.273480 0.530630
v -1.135787 0.259288 0.499661
v -0.998099 0.252749 0.551143
v -1.149727 0.188469 0.542819
v -1.032016 0.204351 0.569948
v -1.272671 0.168592 0.501337
v -0.526746 0.725336 0.156397
v -0.551795 0.720755 0.174275
v -0.511810 0.713860 0.180237
v -0.535871 0.710525 0.198286
v -0.495170 0.701771 0.203691
v -0.540386 0.698777 0.242031
v -0.517823 0.699905 0.223129
v -0.559024 0.709339 0.215772
v -0.478019 0.683491 0.224171
v -0.575468 0.718796 0.191196
v 0.464019 0.432679 -0.089826
v 0.439643 0.470186 -0.099922
v 0.496661 0.464230 -0.080098
v 0.522221 0.429996 -0.061231
v 0.488428 0.396508 -0.070205
v 0.430442 0.396272 -0.100857
v 0.474638 0.329353 -0.047156
v 0.455062 0.358430 -0.080303
v 0.507610 0.367516 -0.038537
v 0.542215 0.401775 -0.029634
v 0.505615 0.525393 -0.080578
v 0.530909 0.493988 -0.070442
v 0.471927 0.498549 -0.090152
v 0.049298 -0.400185 -0.312252
v 0.126327 -0.372104 -0.343437
v 0.155499 -0.467671 -0.344995
v 0.291371 -0.497552 -0.358317
v 0.240150 -0.528559 -0.360249
v 0.216775 -0.442190 -0.356516
v 0.026208 -0.326557 -0.315967
v 0.108593 -0.314752 -0.342485
v 0.238515 -0.371241 -0.349503
v 0.204976 -0.321379 -0.347897
v -0.887727 -0.284028 0.828114
v -0.904792 -0.283842 0.809944
v -0.900589 -0.311552 0.890987
v -0.861661 -0.243963 0.785790
v -0.881157 -0.237171 0.770962
v -0.900958 -0.236580 0.759147
v -0.840298 -0.253291 0.803275
v -0.878626 -0.308996 0.915818
v -0.865674 -0.286435 0.850393
v -0.387685 0.129083 0.500897
v -0.421396 0.094928 0.515053
v -0.370598 0.098127 0.491031
v -0.339101 0.126915 0.477317
v -0.323256 0.098038 0.468076
v -0.438520 0.021496 0.523227
v -0.404218 0.061862 0.506100
v -0.455504 0.057281 0.529906
v -0.355500 0.067226 0.482132
v -0.533491 -0.510093 0.726872
v -0.528237 -0.508023 0.682168
v -0.530309 -0.458817 0.756140
v -0.537909 -0.513932 0.776603
v -0.535915 -0.459356 0.802732
v -0.530125 -0.412123 0.734043
v -0.540144 -0.409030 0.773016
v -0.523772 -0.459446 0.713587
v -0.544229 -0.368613 0.742066
v -0.560206 -0.363663 0.776328
v -0.573050 -0.360664 0.815604
v -0.548763 -0.407150 0.815871
v -0.514392 -0.459547 0.676883
v -0.520560 -0.505661 0.643401
v 0.467740 -1.169017 -0.139247
v 0.474507 -1.179021 -0.092559
v 0.432619 -1.130130 -0.121746
v 0.426233 -1.116823 -0.169705
v 0.466047 -1.152673 -0.184804
v 0.508349 -1.214612 -0.158094
v 0.391574 -1.087955 -0.156173
v -1.167058 -0.168191 -1.081595
v -1.394496 -0.164199 -1.016349
v -1.152940 -0.044608 -1.064722
v -1.557521 -0.022821 -0.911188
v -1.372501 -0.042827 -1.005287
v -1.585953 -0.141119 -0.912605
v -1.339080 0.069793 -0.976713
v -1.129839 0.070888 -1.030509
v -0.925798 -0.032082 -1.086400
v -1.100303 0.174688 -0.982357
v -0.455297 -0.586262 0.111767
v -0.471274 -0.603758 0.145511
v -0.464375 -0.599635 0.064320
v -0.443110 -0.574820 0.041078
v -0.443197 -0.568607 0.151298
v -0.460340 -0.587494 0.182776
v -0.419594 -0.543985 0.127745
v -0.433031 -0.561631 0.088108
v -0.428888 -0.548503 0.183891
v -0.447580 -0.568368 0.213110
v -0.402664 -0.533055 0.074728
v -0.748568 0.635477 -0.385753
v -0.705628 0.622359 -0.383404
v -0.748021 0.606568 -0.419633
v -0.707936 0.650910 -0.352434
v -0.697389 0.564601 -0.458574
v -0.746744 0.578704 -0.459104
v -0.702416 0.592990 -0.418401
v -0.792965 0.651337 -0.384967
v -0.796518 0.622632 -0.417309
v -0.652689 0.551999 -0.452275
v -0.659600 0.582064 -0.413182
v -1.211333 0.454487 -0.654262
v -1.152603 0.500477 -0.598171
v -1.091983 0.450945 -0.694520
v -1.046434 0.494705 -0.630998
v -0.964036 0.451150 -0.722631
v -1.007439 0.532089 -0.572928
v -0.332339 0.511013 -0.260572
v -0.345004 0.555439 -0.241986
v -0.297119 0.528539 -0.225187
v -0.651268 0.708625 0.252249
v -0.681536 0.692624 0.274639
v -0.636379 0.691618 0.277030
v -0.623861 0.716368 0.229873
v -0.665261 0.725527 0.229775
v -0.667822 0.671908 0.298888
v -0.619553 0.672294 0.303521
v -0.590178 0.687400 0.281969
v -0.608011 0.703315 0.255054
v -0.687756 0.622988 0.344664
v -0.652437 0.650663 0.325395
v -0.701753 0.645907 0.318962
v 0.304764 -0.104833 -0.202906
v 0.232690 -0.124536 -0.279302
v 0.293527 -0.081517 -0.197945
v 0.243302 -0.152988 -0.286951
v 0.160202 -0.155428 -0.323497
v 0.314882 -0.135470 -0.213500
v 0.254180 -0.186921 -0.296557
v 0.352681 -0.076575 -0.091124
v -0.074747 0.429062 0.214659
v -0.046948 0.413563 0.224701
v -0.074046 0.447599 0.175152
v -0.016669 0.396811 0.238117
v -0.041853 0.435927 0.184708
v -0.029631 0.368062 0.274193
v -0.042113 0.455556 0.141451
v -0.080101 0.462343 0.132543
v -0.099572 0.443919 0.207075
v -0.100954 0.459758 0.168583
v 0.004517 0.453297 0.155457
v -0.006014 0.425466 0.198919
v -0.624308 0.397847 0.499958
v -0.582938 0.414112 0.478977
v -0.650492 0.424061 0.490822
v -0.695499 0.407830 0.507221
v -0.674634 0.450825 0.480996
v -0.720248 0.435169 0.494287
v -0.739253 0.389478 0.517811
v -0.763134 0.419124 0.504689
v -0.741762 0.461391 0.478387
v -0.630990 0.466458 0.463632
v -0.607955 0.439232 0.471121
v -0.472596 -0.017832 0.544133
v -0.424631 -0.015276 0.519720
v -0.412597 -0.053053 0.518334
v -0.375978 -0.004528 0.492849
v -0.460747 -0.057642 0.545850
v -0.497703 -0.091587 0.575663
v -0.450688 -0.100414 0.550220
v -0.506878 -0.050924 0.568808
v -0.460639 -0.321257 0.615461
v -0.487360 -0.325478 0.646339
v -0.462094 -0.366573 0.620246
v -0.506105 -0.371500 0.680066
v -0.484483 -0.369263 0.650091
v -0.513494 -0.329681 0.677340
v -0.488092 -0.279668 0.633541
v -0.519111 -0.287716 0.666515
v -0.439549 -0.365225 0.589435
v -0.444407 -0.408448 0.582785
v -0.483262 -0.412827 0.640521
v -0.464065 -0.410360 0.611920
v 0.448087 -1.019268 0.140068
v 0.428729 -1.035058 0.108310
v 0.463140 -1.040858 0.128301
v 0.445474 -1.055992 0.095154
v 0.481103 -1.069313 0.113164
v 0.408223 -1.048097 0.069166
v 0.410639 -1.015846 0.117090
v 0.480948 -1.024278 0.154438
v 0.498881 -1.053581 0.142142
v 0.549331 0.657449 0.276941
v 0.510741 0.685351 0.255384
v 0.500970 0.612749 0.272668
v 0.428759 0.667631 0.216391
v 0.464122 0.644225 0.250267
v 0.473943 0.703433 0.221443
v 0.425480 0.613184 0.248511
v 0.461361 0.578208 0.271528
v 0.528992 0.749543 0.226897
v 0.490620 0.749847 0.185214
v 0.439654 0.711664 0.178978
v 0.569098 0.736120 0.258587
v 0.656810 -0.917526 0.201744
v 0.687614 -0.881421 0.187073
v 0.631444 -0.890512 0.202121
v 0.660513 -0.855114 0.188475
v 0.686695 -0.818540 0.168507
v 0.639353 -0.829076 0.192947
v 0.612573 -0.864804 0.206065
v 0.715991 -0.844090 0.166038
v 0.624110 -0.950018 0.206649
v 0.600346 -0.922319 0.206804
v 0.657999 -0.981221 0.208652
v 0.692201 -0.946627 0.203370
v -0.390849 -0.307175 -0.913657
v -0.518247 -0.348046 -1.007823
v -0.400231 -0.196181 -0.930062
v -0.380284 -0.409849 -0.893631
v -0.501167 -0.454988 -0.982345
v -0.307731 -0.354064 -0.782167
v -0.312572 -0.257444 -0.796152
v -0.479608 -0.546929 -0.949423
v -0.317984 -0.153731 -0.809222
v -1.029027 0.709393 -0.336986
v -0.982116 0.707184 -0.356274
v -1.061326 0.687537 -0.368698
v -0.960156 0.726648 -0.323235
v -0.916654 0.720531 -0.337086
v -0.933966 0.698492 -0.368563
v -1.009346 0.682672 -0.386763
v -0.981509 0.737212 -0.263655
v -0.941332 0.740487 -0.286589
v -1.002993 0.725771 -0.301695
v -0.901589 0.737609 -0.302924
v -0.191298 0.536650 0.082365
v -0.207656 0.550376 0.081289
v -0.182432 0.523718 0.120621
v -0.176437 0.523016 0.082500
v -0.166797 0.510293 0.122088
v -0.161081 0.497800 0.158509
v -0.199269 0.538006 0.118620
v -0.217203 0.554063 0.116164
v -0.198191 0.526104 0.154080
v -0.225228 0.565341 0.079486
v -0.179049 0.511415 0.156291
v -0.871552 -0.176958 0.741011
v -0.802592 -0.134101 0.734169
v -0.833226 -0.121073 0.729168
v -0.846197 -0.183677 0.749292
v -0.824284 -0.198648 0.759325
v -0.921654 -0.243667 0.747746
v -0.901742 -0.181406 0.732673
v 0.510746 -1.196354 -0.201910
v 0.512663 -1.227207 -0.112841
v 0.517503 -1.174776 -0.243187
v 0.468203 -1.132537 -0.227833
v -0.913886 0.084661 -1.049820
v -0.355374 -0.571415 -0.842547
v -0.298826 -0.507362 -0.746977
v -0.342977 -0.620283 -0.806284
v -0.295702 -0.576931 -0.680465
v -0.332789 -0.644146 -0.759784
v -0.296118 -0.552766 -0.717852
v -0.275387 -0.471488 -0.611259
v -0.302955 -0.439294 -0.767048
v -0.273464 -0.428598 -0.635162
v -0.370440 0.644538 -0.155555
v -0.393029 0.662450 -0.139029
v -0.351906 0.641892 -0.127121
v -0.412573 0.665494 -0.163629
v -0.360789 0.653529 -0.084560
v -0.335853 0.637547 -0.096706
v -0.376143 0.658526 -0.112688
v -0.385757 0.671763 -0.070784
v -0.401144 0.676283 -0.097177
v -0.417124 0.680418 -0.122263
v -1.040394 0.720512 -0.157568
v -1.001552 0.735483 -0.194750
v -1.062142 0.713362 -0.194458
v -1.044994 0.718646 -0.272115
v -1.021896 0.728108 -0.233131
v -1.086125 0.705704 -0.233446
v -1.078762 0.700856 -0.113867
v -1.018199 0.726928 -0.122023
v -0.981848 0.741942 -0.157559
v -1.103630 0.693514 -0.149016
v -1.104184 -0.185622 0.630358
v -1.028615 -0.071768 0.642389
v -1.178922 -0.178828 0.599066
v -0.986366 -0.093404 0.668367
v -1.103551 -0.275321 0.643963
v -1.060408 -0.183720 0.657264
v -1.155722 -0.310599 0.611892
v -1.252612 -0.362937 0.562470
v -1.290470 -0.587035 0.496285
v -1.236254 -0.619977 0.491676
v -1.227138 -0.478005 0.552397
v -1.197044 -0.548465 0.532555
v -1.168748 -0.405694 0.594174
v -0.500072 0.731122 0.135522
v -0.486534 0.718556 0.159474
v -0.472925 0.732726 0.111365
v -0.460548 0.721038 0.135291
v -0.472393 0.704482 0.182036
v 0.213083 0.015371 -0.227746
v 0.139101 0.040702 -0.275533
v 0.234854 0.056642 -0.204889
v 0.169170 0.086782 -0.252028
v 0.212289 0.137070 -0.220815
v 0.094886 0.127864 -0.281889
v 0.153581 0.182192 -0.246932
v 0.057808 0.079331 -0.302876
v 0.287682 0.049360 -0.139766
v 0.123509 -0.001049 -0.292950
v 0.265877 0.105304 -0.177806
v 0.352845 0.303762 -0.134908
v 0.393827 0.353352 -0.115547
v 0.381984 0.266330 -0.106808
v 0.420139 0.314670 -0.092531
v 0.405826 0.240827 -0.066954
v 0.341689 0.214084 -0.126842
v 0.370742 0.191933 -0.080696
v 0.405242 0.437546 -0.109390
v -0.364253 0.292728 0.477017
v -0.390588 0.274258 0.491005
v -0.342255 0.260304 0.474067
v -0.396748 0.219836 0.502247
v -0.368060 0.242237 0.488008
v -0.420173 0.251976 0.506353
v -0.375385 0.188134 0.495570
v -0.347195 0.210062 0.482099
v -0.414927 0.305197 0.491268
v -0.445448 0.282892 0.507848
v -0.480113 0.255504 0.526887
v 0.340864 -0.817259 -0.356142
v 0.382745 -0.846819 -0.367528
v 0.322872 -0.854731 -0.339573
v 0.361648 -0.884369 -0.353390
v 0.307413 -0.889191 -0.316864
v 0.398410 -0.908225 -0.360772
v 0.343910 -0.918551 -0.331358
v 0.307117 -0.740877 -0.355405
v 0.360548 -0.777718 -0.367903
v 0.291720 -0.779633 -0.339109
v 0.278621 -0.816331 -0.318544
v -0.461296 0.556462 0.370035
v -0.438719 0.568593 0.342767
v -0.482413 0.586786 0.352741
v -0.440826 0.603791 0.297700
v -0.460823 0.596706 0.325951
v -0.417754 0.578051 0.312492
v -0.394032 0.553758 0.324753
v -0.416819 0.541831 0.356296
v -0.440598 0.527825 0.383892
v -0.503308 0.618238 0.332948
v -0.462198 0.630624 0.281215
v -0.481847 0.625944 0.307330
v -0.575212 -0.587403 0.843563
v -0.593905 -0.608187 0.896154
v -0.610803 -0.627702 0.788528
v -0.570073 -0.557119 0.939862
v -0.563789 -0.572031 0.789403
v -0.596152 -0.613179 0.737670
v -0.635686 -0.640850 0.678320
v -0.678353 -0.665168 0.766635
v -0.654713 -0.651259 0.723529
v -0.632211 -0.645344 0.836599
v -0.661328 -0.665861 0.883267
v -0.621779 -0.632436 0.946523
v -0.180662 0.156999 0.422397
v -0.203116 0.181204 0.427567
v -0.213716 0.133870 0.431160
v -0.146127 0.184437 0.410268
v -0.170172 0.208920 0.412761
v -0.263752 0.139279 0.447126
v -0.245243 0.114126 0.438408
v -0.234093 0.158327 0.438343
v -0.159150 0.134351 0.415101
v -0.194046 0.111212 0.421948
v -0.227308 0.090723 0.428175
v 0.549728 -1.088153 -0.341963
v 0.560989 -1.053241 -0.366402
v -0.279179 -0.106626 -0.675745
v -0.286522 -0.009929 -0.670855
v -0.324424 -0.044775 -0.809371
v -0.299351 0.081785 -0.657390
v -0.416074 0.038704 -0.919101
v -0.335322 0.062524 -0.792089
v -0.407841 -0.079827 -0.935731
v -0.271038 -0.059201 -0.550834
v -0.275742 -0.200502 -0.670159
v -0.280442 0.022160 -0.544491
v 0.325161 0.062382 -0.064631
v 0.340896 0.098852 -0.050483
v 0.310220 0.092628 -0.118267
v 0.362670 0.141721 -0.036941
v -0.274843 0.122080 -0.331652
v -0.300342 0.118956 -0.368456
v -0.285058 0.154321 -0.335725
v -0.212522 0.081497 -0.318058
v -0.264369 0.085199 -0.327534
v -0.219433 0.116240 -0.320857
v -0.225607 0.149106 -0.321668
v -0.313440 0.157471 -0.371865
v -0.317179 0.159996 -0.436608
v -0.328148 0.190334 -0.377399
v -0.301270 0.109661 -0.437220
v -0.297887 0.183240 -0.341118
v -0.624025 0.085088 0.593312
v -0.651572 0.078647 0.606881
v -0.592579 0.049224 0.589030
v -0.568719 0.008906 0.587910
v -0.538899 0.028749 0.568309
v -0.595893 0.100487 0.580516
v -0.565091 0.065961 0.574119
v -0.659065 0.117523 0.596345
v -0.688174 0.110887 0.608270
v -0.535292 0.091516 0.561055
v -0.509073 0.057016 0.553133
v -0.362448 -0.504456 0.071184
v -0.376113 -0.515981 0.031059
v -0.345353 -0.489592 0.105674
v -0.387406 -0.516479 0.112705
v -0.414380 -0.545927 0.030343
v -0.293344 -0.470393 0.103267
v -0.311985 -0.481204 0.073594
v -0.325862 -0.474270 0.134949
v -0.369554 -0.497424 0.144649
v -0.428876 0.191892 0.519163
v -0.464824 0.158933 0.535054
v -0.407167 0.160387 0.510860
v -0.453342 0.223858 0.524393
v -0.490218 0.190989 0.542262
v -0.477049 0.091392 0.538988
v -0.441754 0.127234 0.525049
v -0.501458 0.123969 0.548557
v -0.528446 0.156764 0.555832
v -0.564272 0.125225 0.568330
v 0.583272 -0.897218 0.210293
v 0.592832 -0.977599 0.204569
v 0.570629 -0.949260 0.205809
v 0.555158 -0.924915 0.210169
v 0.564572 -1.000742 0.197176
v 0.543789 -0.971788 0.200541
v 0.021100 -0.333916 0.258654
v -0.032104 -0.297401 0.263433
v 0.003378 -0.352522 0.252274
v 0.063690 -0.392748 0.248224
v 0.045461 -0.408851 0.240082
v 0.079379 -0.374156 0.255045
v -0.100366 -0.288215 0.267687
v -0.051493 -0.317768 0.258139
v -0.080014 -0.265149 0.270268
v -0.122865 -0.310647 0.264362
v -0.073160 -0.336727 0.252462
v -0.016979 -0.369280 0.244571
v -0.996411 -0.510646 0.592752
v -0.979244 -0.527443 0.578861
v -0.972834 -0.483727 0.649696
v -0.960370 -0.539072 0.568589
v -0.959731 -0.497103 0.638993
v -1.034777 -0.502017 0.575344
v -1.018952 -0.533285 0.555300
v -1.009259 -0.486913 0.609406
v -0.981879 -0.466172 0.663993
v -0.957547 -0.453820 0.727410
v -1.438047 0.465657 0.021467
v -1.487444 0.463092 -0.051863
v -1.470973 0.423139 0.055518
v -1.396412 0.508227 -0.008007
v -1.444237 0.502389 -0.077810
v -1.530332 0.462242 -0.136266
v -1.485232 0.498643 -0.157079
v -1.393071 0.541267 -0.099406
v -1.433256 0.534266 -0.172749
v -1.344827 0.518218 0.050053
v -1.383986 0.472262 0.083670
v -1.414419 0.426576 0.119312
v -0.378316 0.693310 0.066021
v -0.367615 0.684443 0.091927
v -0.351225 0.673869 0.052342
v -0.306603 0.635827 0.110003
v -0.312465 0.645510 0.075657
v -0.333188 0.655824 0.112669
v -0.365126 0.679721 0.024875
v -0.391477 0.699759 0.040768
v -0.406302 0.708793 0.085188
v -0.419033 0.715798 0.061578
v -0.397212 0.698752 0.107966
v -0.325282 0.652252 0.044003
v -0.339313 0.666437 0.081213
v -0.501454 -0.414309 0.669074
v -0.516921 -0.414580 0.700304
v -0.501659 -0.458482 0.645202
v -0.526074 -0.371788 0.710302
v -0.486226 -0.456157 0.616811
v 0.403025 -0.424056 0.188830
v 0.431650 -0.390611 0.161455
v 0.348135 -0.384774 0.208329
v 0.457984 -0.463297 0.168391
v 0.480871 -0.431002 0.140469
v 0.379003 -0.458078 0.206995
v 0.294209 -0.345059 0.226418
v 0.319400 -0.418579 0.224715
v 0.335527 -0.309788 0.202314
v 0.382534 -0.350691 0.181821
v -0.721832 0.748014 0.207866
v -0.694133 0.755402 0.185873
v -0.737232 0.760037 0.182754
v -0.668194 0.757105 0.163690
v -0.709916 0.765801 0.161293
v -0.653154 0.744732 0.186141
v -0.726727 0.773316 0.134385
v -0.753561 0.766961 0.154596
v -0.765289 0.747815 0.202248
v -1.149747 0.679922 -0.304871
v -1.194160 0.664704 -0.258854
v -1.114875 0.695058 -0.271744
v -1.108562 0.685893 -0.341913
v -1.073615 0.705080 -0.309056
v -1.160832 0.676765 -0.226080
v -1.253674 0.636652 -0.215624
v -1.216287 0.650447 -0.181713
v -0.150570 0.497295 0.123369
v -0.132133 0.484579 0.124796
v -0.160836 0.509123 0.082275
v -0.109512 0.472488 0.127423
v -0.142327 0.495287 0.081819
v -0.123356 0.472253 0.164144
v -0.143442 0.471630 0.196656
v -0.122190 0.458010 0.201180
v -0.142939 0.484881 0.160963
v 0.595768 0.414485 0.020182
v 0.579803 0.435550 -0.018596
v 0.639999 0.452915 0.033638
v 0.602600 0.402560 0.062695
v 0.555536 0.380946 0.009618
v 0.621436 0.472232 -0.005105
v 0.669517 0.512868 0.009722
v 0.648509 0.441487 0.075416
v 0.506194 -1.018118 -0.357008
v 0.458438 -0.988942 -0.350577
v 0.520818 -0.982224 -0.376114
v 0.495145 -0.917120 -0.382927
v 0.537956 -0.944169 -0.388229
v 0.475462 -0.954301 -0.370089
v 0.573297 -1.015045 -0.383856
v -0.330579 0.482942 0.337889
v -0.350417 0.506177 0.336940
v -0.357728 0.467407 0.373417
v -0.371323 0.529910 0.333142
v -0.376858 0.491353 0.370749
v -0.309070 0.460835 0.338166
v -0.302083 0.497144 0.299500
v -0.402493 0.475013 0.399417
v -0.383160 0.450944 0.403747
v -0.336482 0.444497 0.375215
v 0.291469 -0.658671 0.217810
v 0.310473 -0.636449 0.227711
v 0.219340 -0.598290 0.217088
v 0.165047 -0.523087 0.226479
v 0.238673 -0.579801 0.227692
v 0.182520 -0.505675 0.235648
v 0.144370 -0.537697 0.215379
v 0.325523 -0.610882 0.233977
v 0.269624 -0.676537 0.205598
v 0.196567 -0.611909 0.203635
v -0.602939 -0.656013 -0.939898
v -0.454756 -0.619341 -0.909171
v -0.559061 -0.706378 -0.877839
v -0.403343 -0.695049 -0.804856
v -0.428450 -0.669259 -0.861094
v -0.847529 -0.611525 -0.995305
v -0.641501 -0.583733 -0.993706
v -0.793781 -0.686584 -0.927665
v -0.515269 -0.734054 -0.809800
v -0.732307 -0.738742 -0.852088
v -0.668057 -0.767956 -0.772273
v 0.301334 -0.846375 0.144751
v 0.244726 -0.776898 0.143572
v 0.276646 -0.849521 0.120637
v 0.196098 -0.772314 0.100335
v 0.250541 -0.849032 0.093067
v 0.220874 -0.776593 0.123322
v 0.296459 -0.914555 0.088828
v 0.268902 -0.913442 0.052763
v 0.170374 -0.764486 0.075237
v 0.223653 -0.844151 0.062273
v 0.157114 -0.696838 0.129020
v 0.179661 -0.700067 0.145180
v -1.026463 0.432918 0.441122
v -1.004451 0.407682 0.471940
v -0.971116 0.465086 0.445128
v -0.977533 0.383579 0.495813
v -0.950905 0.439980 0.473029
v -0.903579 0.465334 0.470532
v -0.921901 0.490193 0.445800
v -0.987961 0.491002 0.411963
v -1.086967 0.395811 0.432607
v -1.063164 0.370865 0.465333
v 0.860988 -0.929730 0.153207
v 0.883053 -0.892606 0.115315
v 0.831477 -0.970551 0.183614
v -0.969672 -0.302516 1.075982
v -0.957643 -0.264765 1.183997
v -0.939996 -0.298049 1.102937
v -0.954082 -0.302066 1.085773
v 0.440203 0.287731 -0.055688
v 0.429935 -0.765778 -0.377535
v 0.382668 -0.736642 -0.373514
v 0.456165 -0.724588 -0.372241
v 0.523577 -0.711081 -0.358952
v 0.495984 -0.750125 -0.373405
v 0.485098 -0.684868 -0.357684
v 0.408280 -0.695430 -0.371531
v 0.438320 -0.655678 -0.359459
v 0.516366 -0.647904 -0.336020
v 0.217901 -0.893081 -0.026467
v 0.256725 -0.953130 -0.044280
v 0.242284 -0.906320 0.013548
v 0.280549 -0.964196 0.001620
v 0.312442 -1.007714 -0.007845
v 0.307087 -0.967977 0.045917
v 0.237523 -0.935941 -0.089139
v 0.289516 -0.999180 -0.058045
v 0.271261 -0.983699 -0.107498
v -0.663998 0.612896 -0.378549
v 0.714991 -0.669382 -0.218841
v 0.689334 -0.677822 -0.257056
v 0.691326 -0.633294 -0.208861
v 0.715042 -0.631335 -0.165150
v 0.738584 -0.667405 -0.175784
v 0.742417 -0.706912 -0.226646
v 0.759161 -0.669995 -0.130691
v 0.735085 -0.634326 -0.119454
v -0.643537 0.756960 0.142573
v -0.619644 0.758005 0.122198
v -0.659098 0.768709 0.118112
v -0.628702 0.744215 0.165326
v -0.604896 0.744328 0.145833
v -0.683886 0.767659 0.139456
v -0.675122 0.776982 0.091500
v -0.700375 0.775604 0.113032
v -0.634968 0.770389 0.096884
v -0.610597 0.772083 0.075164
v -0.650752 0.778478 0.069757
v 0.333252 0.478131 0.270883
v 0.370576 0.436741 0.281957
v 0.366941 0.503787 0.271858
v 0.291452 0.516114 0.245437
v 0.327599 0.542655 0.247035
v 0.402519 0.461232 0.281457
v 0.397848 0.527275 0.272570
v 0.432191 0.419109 0.274724
v 0.401326 0.395753 0.275818
v 0.461539 0.442205 0.274500
v 0.432195 0.484572 0.282085
v 0.274816 0.012641 -0.158371
v 0.271354 -0.016410 -0.172268
v 0.202641 -0.020169 -0.244991
v 0.317202 0.031772 -0.077775
v 0.345593 0.087230 0.011816
v 0.358020 0.119095 0.019493
v -0.328222 0.178673 0.474066
v -0.356499 0.157130 0.486731
v -0.310087 0.148774 0.465675
v 0.706780 -0.870274 -0.385905
v 0.749199 -0.825881 -0.343196
v 0.727917 -0.846246 -0.366812
v 0.683259 -0.805087 -0.357993
v 0.661324 -0.831036 -0.377256
v -0.517209 0.522149 0.412171
v -0.487050 0.540770 0.393221
v -0.537213 0.554945 0.398684
v -0.571642 0.534984 0.418427
v -0.551678 0.502357 0.428852
v -0.497532 0.492152 0.422792
v -0.467363 0.510964 0.405672
v -0.507476 0.572788 0.377048
v -0.557773 0.589427 0.381341
v -0.528234 0.606149 0.357698
v 0.257829 -0.882739 -0.266496
v 0.295383 -0.920710 -0.288447
v 0.252575 -0.912155 -0.233822
v 0.252721 -0.938863 -0.196228
v 0.216352 -0.889181 -0.169319
v 0.285887 -0.975809 -0.215362
v 0.287649 -0.949729 -0.254812
v 0.317808 -1.003244 -0.228791
v 0.320731 -0.978016 -0.269128
v 0.330064 -0.949540 -0.303021
v -0.753417 -0.093446 0.715281
v -0.730013 -0.123535 0.721350
v -0.696333 -0.065941 0.686193
v -0.786636 -0.073794 0.711371
v -0.778814 -0.156471 0.740769
v -0.874309 -0.123781 0.724960
v -0.842720 -0.074740 0.712568
v -0.804514 -0.019996 0.683911
v 0.622417 -0.796136 -0.371368
v 0.599720 -0.829705 -0.384343
v 0.645671 -0.768133 -0.351341
v 0.613447 -0.734670 -0.346062
v 0.588538 -0.765321 -0.365876
v 0.563976 -0.800866 -0.379702
v 0.539946 -0.839054 -0.387460
v 0.620399 -0.897620 -0.397521
v 0.577691 -0.866465 -0.392191
v 0.640081 -0.862074 -0.390594
v 0.482736 -1.081263 -0.301644
v 0.493813 -1.051139 -0.331643
v 0.538085 -1.120317 -0.313271
v -0.590478 0.730830 0.168571
v -0.566407 0.733175 0.150927
v -0.614098 0.730770 0.186978
v -0.580538 0.747354 0.126673
v -0.595189 0.760785 0.101396
v -1.200182 0.297553 0.439759
v -1.224073 0.322519 0.402775
v -1.275083 0.268260 0.418135
v -1.152664 0.357682 0.419807
v -1.246974 0.246130 0.454386
v -1.352944 0.245797 0.388652
v -1.328249 0.218861 0.429652
v -1.297173 0.294553 0.378240
v -1.239513 0.353224 0.361990
v 0.039747 -0.312878 0.265001
v -0.012045 -0.275583 0.269136
v -0.059023 -0.241370 0.274519
v -0.072211 0.430949 -0.089461
v -0.026220 0.428362 -0.086808
v -0.087839 0.391710 -0.150058
v -0.064501 0.337853 -0.200502
v -0.113118 0.344394 -0.206364
v -0.041232 0.386090 -0.146513
v 0.026288 0.441209 -0.081727
v 0.014365 0.394828 -0.140387
v 0.074611 0.420793 -0.127084
v -0.003659 0.343083 -0.192512
v 0.081381 0.466434 -0.072578
v -1.166275 -0.679336 0.455554
v -1.083684 -0.713016 0.420718
v -1.148249 -0.607415 0.500504
v -1.123639 -0.548826 0.533816
v -1.158246 -0.478083 0.569410
v -1.073489 -0.604886 0.497441
v -1.080961 -0.654857 0.463647
v -1.167555 -0.758312 0.397697
v -1.075080 -0.771622 0.369855
v -1.251835 -0.728038 0.423518
v 0.567056 0.775112 0.036245
v 0.571250 0.743547 0.001955
v 0.515814 0.736585 0.021645
v 0.625274 0.787092 0.018625
v 0.634481 0.749939 -0.008248
v 0.531379 0.672473 -0.037175
v 0.519845 0.705302 -0.012615
v 0.581669 0.708784 -0.023380
v 0.472860 0.674670 -0.023904
v 0.468285 0.703976 0.010295
v -0.386201 0.369409 0.458480
v -0.363232 0.341107 0.460572
v -0.361733 0.386870 0.438685
v -0.338519 0.403900 0.410747
v -0.361528 0.427835 0.407692
v -0.385048 0.411459 0.434252
v -0.407409 0.434901 0.428722
v -0.314055 0.421177 0.376437
v -0.315396 0.377699 0.412155
v -0.338909 0.359263 0.440391
v -0.289912 0.397160 0.378196
v 0.851044 0.663841 0.135933
v 0.808997 0.598050 0.121577
v 0.844628 0.664990 0.100443
v 0.754556 0.539525 0.105392
v 0.744873 0.546742 0.065313
v 0.855238 0.723614 0.112961
v 0.829020 0.666419 0.061623
v 0.841244 0.719176 0.080115
v 0.800731 0.602075 0.082446
v -0.706810 0.714606 -0.265104
v -0.673422 0.706026 -0.263421
v -0.708931 0.698424 -0.295035
v -0.730981 0.738030 -0.231468
v -0.701596 0.727241 -0.234873
v -0.739517 0.725258 -0.263659
v -0.744844 0.709422 -0.295645
v -0.670265 0.668239 -0.319009
v -0.709226 0.677238 -0.324324
v -0.672348 0.689969 -0.291527
v -0.630688 0.663511 -0.310324
v -0.634904 0.685329 -0.284379
v -0.558540 0.189818 0.559585
v -0.549192 0.255571 0.544560
v -0.590646 0.223470 0.558765
v -0.518710 0.223416 0.545021
v -0.596262 0.158679 0.572037
v -0.623319 0.257351 0.555307
v -0.509154 0.286280 0.524886
v -0.079138 -0.529313 -0.000137
v -0.150124 -0.490201 0.019235
v -0.093181 -0.513113 -0.024483
v -0.176022 -0.463752 -0.035487
v -0.105991 -0.494516 -0.051859
v -0.164147 -0.478407 -0.006822
v -0.033933 -0.543735 -0.084737
v -0.231726 -0.465204 -0.006144
v -0.218926 -0.471976 0.024034
v -0.134398 -0.499844 0.042026
v -0.203850 -0.476631 0.050494
v 0.322467 0.349545 -0.148269
v 0.366428 0.397574 -0.125602
v 0.381046 0.480328 -0.109453
v 0.341104 0.444331 -0.124314
v 0.307430 0.249623 -0.159984
v 0.351410 -1.025075 -0.238111
v 0.355241 -1.000502 -0.278131
v 0.364937 -0.972864 -0.312111
v 0.379349 -0.942367 -0.340225
v 0.770935 -0.808769 -0.315051
v 0.727888 -0.767651 -0.304456
v 0.705314 -0.783904 -0.333793
v -0.545094 -0.579335 0.526283
v -0.529825 -0.572410 0.500888
v -0.524659 -0.544395 0.569886
v -0.549666 -0.596225 0.461665
v -0.581837 -0.612533 0.512023
v -0.566626 -0.604788 0.484155
v -0.557755 -0.585867 0.557267
v -0.566010 -0.611279 0.428046
v -0.585396 -0.620074 0.446312
v -0.535723 -0.549452 0.602495
v -0.550301 -0.557466 0.686272
v -0.544022 -0.553512 0.641261
v -0.513582 0.743668 0.110548
v -0.540774 0.738415 0.132131
v -0.470341 0.610426 -0.281819
v -0.477793 0.642123 -0.256355
v -0.435213 0.614788 -0.255971
v -0.464953 0.571983 -0.308303
v -0.427459 0.577595 -0.280056
v -0.507152 0.607130 -0.307518
v -0.391380 0.584841 -0.251588
v -0.445804 0.644597 -0.232454
v -0.402989 0.618896 -0.229391
v -0.459700 0.668316 -0.210298
v -0.417159 0.645897 -0.207825
v -0.487855 0.667906 -0.233470
v -0.791194 0.766668 0.094094
v -0.818258 0.757525 0.111713
v -0.771409 0.768404 0.124411
v -0.797729 0.758327 0.142072
v -0.783084 0.769683 0.045622
v -0.812293 0.762940 0.064234
v -0.763102 0.773127 0.075283
v -0.744372 0.774963 0.105111
v -0.649128 0.732484 -0.189494
v -0.664866 0.726655 -0.211049
v -0.673450 0.743286 -0.178743
v -0.655996 0.748615 -0.155864
v -0.717266 0.747196 -0.199181
v -0.699606 0.753693 -0.169901
v -0.691030 0.736996 -0.205263
v -0.640764 0.711786 -0.235006
v -0.671605 0.717530 -0.237007
v -0.643315 0.719980 -0.215620
v -0.638583 0.700998 -0.258135
v -0.877168 0.761170 -0.076860
v -0.843846 0.767788 -0.097861
v -0.901443 0.759790 -0.111828
v -0.910892 0.752301 -0.053503
v -0.852230 0.761922 -0.044135
v -0.866929 0.766237 -0.134007
v -0.924148 0.757441 -0.149128
v -0.936850 0.750768 -0.086446
v -0.960616 0.747518 -0.121544
v -0.811832 0.770990 -0.116434
v -1.253270 -0.157691 0.577308
v -1.346892 -0.311909 0.537889
v -1.434257 -0.474012 0.482740
v -1.359232 -0.525226 0.495061
v -0.544954 0.012323 -1.014343
v -0.538819 -0.109439 -1.028546
v -0.822798 0.431403 0.498262
v -0.841753 0.458515 0.481311
v -0.861020 0.412378 0.506199
v -0.838491 0.382030 0.519777
v -0.927378 0.414742 0.495019
v -0.902154 0.388233 0.511912
v -0.882499 0.439830 0.489690
v -0.859504 0.483674 0.462033
v 0.116699 -0.728972 -0.121176
v 0.169149 -0.799761 -0.165306
v 0.125185 -0.754341 -0.094206
v 0.183651 -0.851908 -0.101490
v 0.136755 -0.778403 -0.066146
v 0.174174 -0.826837 -0.134709
v 0.214036 -0.861918 -0.203749
v 0.110470 -0.702140 -0.148074
v 0.166792 -0.771421 -0.194568
v 0.215822 -0.832599 -0.234852
v -1.289558 0.533703 0.095070
v -1.298717 0.562654 0.016337
v -1.325567 0.485768 0.131629
v -1.347190 0.550534 -0.036360
v -1.249021 0.578957 0.057854
v -1.249181 0.603926 -0.019435
v -1.027638 -0.346169 1.020522
v -1.025130 -0.333637 1.026826
v -0.983659 -0.372686 0.930115
v -0.984528 -0.383827 0.925622
v -1.032476 -0.357458 1.018584
v -0.962734 -0.387573 0.845687
v -0.963460 -0.399713 0.836471
v -0.981830 -0.361556 0.937334
v 0.726535 -1.092719 0.210091
v 0.693816 -1.126774 0.195570
v 0.662116 -1.155286 0.170885
v 0.609497 -1.103803 0.176354
v 0.638704 -1.079518 0.197594
v -1.514476 0.450740 -0.502219
v -1.536223 0.470454 -0.418348
v -1.444964 0.493463 -0.479956
v -1.404751 0.545428 -0.394790
v -1.376295 0.533058 -0.456386
v -1.470963 0.508951 -0.407548
v -1.475086 0.521011 -0.331167
v -1.581564 0.404209 -0.518876
v -1.536705 0.376341 -0.609913
v -1.394073 0.476271 -0.546780
v -1.465329 0.429344 -0.580104
v -0.095974 -0.514503 0.080156
v -0.026332 -0.569174 0.057928
v -0.073613 -0.521075 0.096780
v -0.046387 -0.557173 0.040038
v 0.020621 -0.623622 0.008758
v 0.061243 -0.655747 0.049545
v -0.004078 -0.580631 0.075302
v 0.039506 -0.640300 0.028926
v 0.084837 -0.669937 0.070630
v 0.019180 -0.592270 0.092444
v -0.050400 -0.527915 0.112192
v -0.618262 0.779390 -0.001235
v -0.594068 0.773100 -0.022294
v -0.634646 0.779632 -0.027587
v -0.658468 0.782535 -0.006989
v -0.602020 0.777105 0.025729
v -0.577441 0.770152 0.004110
v -0.628118 0.771698 -0.072217
v -0.651416 0.777754 -0.053048
v -0.610877 0.773892 -0.047810
v -0.131887 -0.397602 -0.177130
v -0.195275 -0.380444 -0.157249
v -0.129318 -0.367616 -0.202539
v -0.127070 -0.335561 -0.221590
v -0.050825 -0.364071 -0.262498
v -0.054048 -0.401175 -0.242425
v -0.248585 -0.386415 -0.165772
v -0.192349 -0.355009 -0.182645
v -0.187384 -0.328075 -0.203932
v -0.195883 -0.404268 -0.128879
v 0.815971 -0.787251 -0.242713
v 0.793023 -0.796637 -0.280572
v -1.104192 -0.529776 1.132331
v -1.036826 -0.532279 0.992773
v -1.043362 -0.568168 1.044176
v -1.097139 -0.497383 1.086386
v -1.101374 -0.555839 1.189353
v -1.039789 -0.600116 1.106188
v -1.025770 -0.497614 0.956393
v -1.086629 -0.467077 1.055459
v -0.556362 0.389863 0.486692
v -0.668981 0.379209 0.517690
v -0.596808 0.371434 0.508074
v -0.611182 0.318898 0.535016
v -0.568169 0.344223 0.514971
v -0.640979 0.349460 0.527004
v -0.528658 0.365469 0.494357
v -0.493224 0.384004 0.476926
v 0.120633 0.073122 0.317423
v 0.077547 0.093023 0.337015
v 0.075017 0.049732 0.330119
v 0.026386 0.026458 0.336706
v 0.069518 0.005072 0.321482
v 0.175890 0.009549 0.280189
v 0.122714 0.029882 0.309178
v 0.118876 -0.016705 0.302372
v 0.171173 0.054292 0.288550
v -0.022307 0.003141 0.337689
v 0.015567 -0.020164 0.325276
v 0.035194 0.070422 0.345817
v -0.806190 0.567559 -0.499730
v -0.873527 0.582383 -0.489537
v -0.800891 0.594322 -0.455129
v -0.847744 0.640097 -0.412867
v -0.859198 0.611004 -0.448043
v -0.744221 0.553132 -0.505274
v -0.891279 0.554222 -0.538724
v 0.338176 -1.008350 0.040216
v 0.334097 -0.965626 0.086366
v -0.770499 -0.661241 0.422026
v -0.732168 -0.665916 0.398375
v -0.743981 -0.655754 0.444523
v -0.778975 -0.651230 0.470219
v -0.749061 -0.652611 0.508170
v -0.695939 -0.667051 0.376248
v -0.708979 -0.657180 0.419058
v -0.718478 -0.652730 0.478758
v -0.763296 -0.678436 0.387349
v -0.802588 -0.670047 0.410902
v -0.783749 0.446806 0.488514
v -0.715664 0.503264 0.450319
v -0.759980 0.486026 0.458946
v -0.696159 0.477799 0.468601
v -0.131552 0.441306 0.237173
v -0.151509 0.421247 0.273290
v -0.126061 0.402926 0.280352
v -0.107674 0.425231 0.244000
v -0.082741 0.407981 0.252405
v -0.152218 0.377048 0.316635
v -0.155051 0.456513 0.231762
v -0.205120 0.417806 0.305194
v -0.178767 0.397846 0.310149
v -0.176718 0.438595 0.267784
v -0.139056 0.063449 -0.323345
v -0.140025 0.101178 -0.322506
v -0.132042 0.025678 -0.321042
v -0.201932 0.043715 -0.314006
v -0.054288 0.030565 -0.329758
v -0.049650 0.070957 -0.324322
v -0.031354 0.117003 -0.312607
v -0.135346 0.140858 -0.317164
v -0.819963 0.768613 -0.064088
v -0.788762 0.772174 -0.082398
v -0.346507 -0.558450 -0.432416
v -0.359562 -0.600512 -0.472644
v -0.328581 -0.566604 -0.488672
v -0.332877 -0.506898 -0.369874
v -0.317402 -0.509597 -0.417882
v -0.330816 -0.626588 -0.592597
v -0.314542 -0.575942 -0.540821
v -0.342116 -0.612304 -0.533957
v -0.303750 -0.512750 -0.463590
v -0.366784 -0.646650 -0.545381
v -0.379625 -0.631484 -0.479550
v -0.755970 0.027168 0.662323
v -0.830460 0.024435 0.663006
v -0.888270 -0.057834 0.693248
v -0.907299 -0.023379 0.669577
v -0.703660 0.028678 0.647504
v -0.768432 0.058864 0.649150
v -0.808456 0.095007 0.638197
v -0.871992 0.063669 0.645429
v -0.723568 -0.026417 0.675863
v 0.137782 0.502880 -0.057224
v 0.142899 0.537205 -0.004313
v 0.190575 0.540944 -0.041609
v 0.192992 0.571445 0.006774
v 0.237864 0.575328 -0.028925
v 0.244887 0.620088 0.064550
v 0.237101 0.602937 0.015775
v 0.202354 0.591532 0.057924
v 0.089356 0.503394 -0.014810
v 0.154492 0.559176 0.050375
v -0.229938 -0.326460 -0.241437
v -0.181354 -0.299753 -0.221938
v -0.234878 -0.345077 -0.218119
v -0.273410 -0.387899 -0.265309
v -0.282707 -0.400484 -0.234011
v -0.242985 -0.366455 -0.193151
v -0.292007 -0.414507 -0.202059
v -0.124798 -0.302738 -0.234945
v -0.421694 -0.700086 -0.589823
v -0.363331 -0.666123 -0.610055
v -0.411722 -0.675559 -0.521391
v -0.414892 -0.656336 -0.452676
v -0.325722 -0.639914 -0.649893
v -0.448312 0.483395 0.414689
v -0.428588 0.458190 0.422163
v -0.477511 0.465159 0.431631
v -0.509710 0.447279 0.446182
v -0.531247 0.473201 0.437710
v -0.098879 0.287379 -0.247142
v -0.030328 0.287124 -0.238791
v 0.053071 0.293379 -0.229029
v 0.065572 0.363089 -0.180408
v -1.155893 -0.417875 -1.055399
v -0.915091 -0.404405 -1.085853
v -1.125437 -0.532087 -1.011227
v -0.888209 -0.516275 -1.049271
v -1.077222 -0.631006 -0.948243
v -0.673101 -0.490588 -1.037274
v -0.695744 -0.380919 -1.067927
v -1.169065 -0.294530 -1.078922
v -0.928733 -0.282305 -1.104581
v -0.958031 -0.334760 0.975707
v -0.950036 -0.331106 0.986321
v -0.947481 -0.350896 0.887257
v -0.942675 -0.345100 0.899404
v -0.937154 -0.339643 0.911952
v -0.943121 -0.338552 0.823518
v -0.941407 -0.328895 0.997878
v -0.948791 0.359075 0.514621
v -0.920040 0.332546 0.530631
v -1.002249 0.326534 0.513182
v -0.962794 -0.179119 0.706688
v -0.919218 -0.143951 0.718093
v -0.961571 -0.139805 0.703771
v -0.933473 -0.199920 0.722236
v -0.903382 -0.097824 0.711158
v -0.964486 -0.230127 0.708699
v -0.441736 0.661626 0.216033
v -0.422287 0.665556 0.191444
v -0.457810 0.685213 0.201351
v -0.437667 0.687586 0.177006
v -0.461270 0.659295 0.240095
v -0.422422 0.638461 0.227963
v -0.401959 0.644206 0.201095
v -1.390846 -0.414664 -0.977258
v -1.360043 -0.532583 -0.925825
v -1.401604 -0.289956 -1.007570
v 0.837282 0.758495 0.084361
v 0.853844 0.768371 0.118252
v 0.844778 0.799975 0.118413
v 0.862438 0.772309 0.149549
v 0.810538 0.738361 0.043961
v 0.821933 0.713897 0.049567
v 0.863021 0.725286 0.144936
v 0.541933 -0.781707 0.220642
v 0.521456 -0.817178 0.224718
v 0.571533 -0.812093 0.214916
v 0.592227 -0.774818 0.204228
v 0.516489 -0.709797 0.218245
v 0.501886 -0.746812 0.224610
v 0.559657 -0.743914 0.212117
v 0.567505 -0.872816 0.214993
v 0.593878 -0.839237 0.210053
v 0.548226 -0.846852 0.219845
v -0.457320 -0.272353 0.600958
v -0.434861 -0.319632 0.583623
v -0.486885 -0.231096 0.615834
v -0.521973 -0.243773 0.651539
v -0.229144 0.574660 -0.001000
v -0.210386 0.560507 -0.003854
v -0.238760 0.583708 -0.045411
v -0.218856 0.566964 -0.051049
v -0.249687 0.587920 -0.089643
v -0.200958 0.546187 -0.057847
v -0.193505 0.543754 -0.008207
v -0.236891 0.576809 0.041104
v -0.218655 0.562875 0.041629
v -0.249323 0.587681 0.001106
v -0.201318 0.549540 0.040832
v -0.260960 0.597180 -0.039995
v -0.272794 0.604047 -0.080893
v 0.880617 -0.784662 -0.119719
v 0.895104 -0.791236 -0.081467
v 0.905304 -0.799875 -0.043217
v -0.935857 0.717191 0.119572
v -0.916198 0.731078 0.095281
v -0.964609 0.713191 0.100511
v -0.982700 0.695793 0.131921
v -0.995514 0.708215 0.083224
v -1.015944 0.689472 0.117117
v -0.943526 0.727149 0.073034
v -0.972267 0.722352 0.052345
v -0.892410 0.742321 0.074022
v -0.718920 -0.273667 0.835101
v -0.741840 -0.290028 0.880008
v -0.678510 -0.297713 0.862484
v -0.718576 -0.236631 0.780416
v -0.753209 -0.253210 0.810678
v -0.690802 -0.262329 0.800911
v -0.657400 -0.289760 0.822603
v -0.633311 -0.287742 0.788839
v -0.659539 -0.256782 0.771635
v -1.211527 -0.910893 0.036582
v -1.320875 -0.904630 0.150947
v -1.319442 -0.904820 -0.006033
v -1.424713 -0.884808 0.118841
v -1.393373 -0.864408 0.254273
v -1.579430 -0.778714 0.196239
v -1.524881 -0.843121 0.072823
v -1.489234 -0.832131 0.231655
v -1.617979 -0.777595 0.014399
v -1.423034 -0.785740 0.345668
v -1.591726 -0.683094 0.302811
v -1.511207 -0.743572 0.330051
v 0.265146 -0.225479 -0.306087
v 0.179269 -0.229181 -0.336608
v 0.086037 -0.178012 -0.332140
v 0.170083 -0.189907 -0.329525
v 0.092723 -0.218037 -0.334884
v 0.279009 -0.267279 -0.314678
v 0.189449 -0.273094 -0.343004
v 0.099288 -0.262701 -0.338531
v 0.016196 -0.237672 -0.314441
v 0.019785 -0.281636 -0.315315
v -0.056213 -0.251141 -0.280399
v -0.055492 -0.290243 -0.276793
v 0.717115 -0.715879 -0.263871
v 0.692482 -0.728630 -0.297133
v 0.610695 -0.677261 -0.314861
v 0.637979 -0.656451 -0.283905
v 0.638319 -0.710214 -0.320542
v 0.663575 -0.691400 -0.290843
v 0.665231 -0.641523 -0.248814
v 0.668833 -0.745646 -0.326609
v 0.751474 -0.755050 -0.271255
v 0.775885 -0.746036 -0.233911
v 0.302287 0.158936 -0.151480
v 0.259091 0.194035 -0.189109
v 0.213558 0.239923 -0.209724
v 0.270981 0.296120 -0.176630
v -0.483484 -0.614305 0.185628
v -0.479721 -0.616182 0.099509
v -0.485169 -0.625246 0.044125
v -0.469695 -0.608966 0.008383
v -0.498185 -0.634036 0.089758
v -0.491717 -0.625046 0.142874
v -0.248831 0.382729 -0.264001
v -0.265747 0.433519 -0.253252
v -0.215834 0.412188 -0.226386
v -0.209529 0.487713 -0.168397
v -0.190393 0.445627 -0.180330
v -0.233712 0.460591 -0.213495
v -0.197246 0.363904 -0.238878
v -0.169995 0.403297 -0.192798
v -0.281887 0.482927 -0.240344
v -0.827460 0.762456 -0.013334
v -0.796345 0.769218 -0.032535
v 0.222013 0.598910 0.110607
v 0.176114 0.568221 0.104990
v 0.102524 0.525648 0.043332
v 0.262589 0.625337 0.115681
v 0.251603 0.593610 0.162748
v 0.125049 0.534462 0.100017
v 0.209066 0.564869 0.158218
v 0.162939 0.532600 0.154381
v 0.708388 0.764603 -0.001453
v 0.729994 0.742458 -0.003309
v 0.652240 0.721065 -0.020782
v 0.778601 0.780705 0.036619
v 0.796489 0.761419 0.039859
v 0.750426 0.720041 -0.000308
v 0.671331 0.695866 -0.025651
v 0.756890 0.797587 0.034326
v 0.825423 0.785206 0.082791
v 0.809105 0.804111 0.079396
v -0.839231 -0.700830 0.954192
v -0.788086 -0.702866 0.897926
v -0.802564 -0.702329 1.034092
v -0.863150 -0.691826 1.097691
v -0.707911 -0.674683 1.048649
v -0.764266 -0.681659 1.104617
v -0.747494 -0.699287 0.978259
v -0.744317 -0.693855 0.850732
v -0.786467 -0.686223 0.769452
v -0.824761 -0.686960 0.815174
v -0.311484 0.622509 -0.107967
v -0.392150 0.645882 -0.182251
v 0.011393 -0.196118 -0.314208
v -0.062379 -0.173534 -0.289240
v 0.003895 -0.155716 -0.315886
v -0.087636 -0.093616 -0.302246
v -0.008141 -0.116904 -0.319006
v -0.073584 -0.134259 -0.295024
v 0.076363 -0.141367 -0.330465
v -0.519688 0.666257 -0.255902
v -0.511987 0.639761 -0.280788
v -0.548176 0.638075 -0.303465
v -0.554560 0.664701 -0.277481
v -0.529922 0.687639 -0.233313
v -0.297037 0.617636 -0.072240
v -0.321780 0.631565 -0.063953
v -0.283976 0.610159 -0.034943
v -0.271093 0.601367 0.002887
v -0.293753 0.617099 0.005149
v -0.307908 0.624455 -0.029710
v -0.316668 0.636096 0.008261
v -0.331706 0.641880 -0.023542
v 0.667898 -0.556569 0.020135
v 0.667552 -0.537850 -0.022844
v 0.631466 -0.519548 0.040665
v 0.696782 -0.575021 -0.042056
v 0.659294 -0.525481 -0.070774
v 0.686566 -0.563446 -0.088501
v 0.634169 -0.499607 -0.003062
v 0.628722 -0.485947 -0.053564
v 0.598312 -0.459108 0.016100
v 0.591421 -0.480766 0.061595
v -0.252034 -0.405815 -0.135991
v -0.298793 -0.428284 -0.168216
v 0.631558 -1.179811 0.140110
v 0.582677 -1.124789 0.149377
v 0.603339 -1.199247 0.102560
v -0.661597 -0.573796 1.138607
v -0.619840 -0.552206 1.079255
v -0.660835 -0.510645 1.154278
v -0.704135 -0.519590 1.220160
v -0.677996 -0.631270 1.103453
v -0.631698 -0.610258 1.048259
v -0.625194 -0.490319 1.090665
v -0.675404 -0.449748 1.153118
v -0.598309 -0.464363 1.029214
v -0.587702 -0.524985 1.021386
v -0.625849 -0.408786 1.020233
v -0.647605 -0.432063 1.084494
v -0.528034 0.754238 0.084152
v -0.554814 0.752279 0.106519
v -0.486603 0.742235 0.086321
v -0.501939 0.748146 0.060452
v -0.446027 0.727275 0.085919
v -0.381421 0.266809 -0.445032
v -0.364046 0.247188 -0.392560
v -0.357587 0.236604 -0.441292
v -0.345277 0.219524 -0.384809
v -0.335966 0.201771 -0.438012
v -0.314576 0.209683 -0.348295
v -0.332505 0.236908 -0.355795
v -0.405944 0.295220 -0.447806
v -0.383491 0.275577 -0.398530
v -0.361737 0.258639 -0.517711
v 0.048773 -0.099453 0.302014
v 0.096054 -0.128851 0.290072
v 0.108462 -0.069246 0.296595
v 0.004477 -0.071777 0.312566
v 0.059977 -0.044063 0.312173
v -0.043871 -0.099366 0.307664
v -0.002970 -0.128950 0.299350
v 0.041622 -0.160549 0.291208
v -0.284713 -0.509866 -0.544503
v -0.298146 -0.584620 -0.636459
v -0.279024 -0.497478 -0.580586
v -0.326590 -0.648171 -0.706598
v -0.383021 -0.698914 -0.742390
v -0.369205 -0.686047 -0.676028
v -0.685372 0.324975 0.540636
v -0.696144 0.264279 0.560451
v -0.655203 0.291339 0.549110
v -0.726042 0.300592 0.550202
v -0.732219 0.239623 0.570476
v -0.762675 0.276897 0.560165
v -0.753246 0.336290 0.537909
v -0.381125 0.543544 -0.274152
v -0.371876 0.495939 -0.293678
v -0.413356 0.484995 -0.325980
v -0.420495 0.533759 -0.304294
v -0.460230 0.527662 -0.334368
v 0.035755 0.476013 -0.021205
v 0.048387 0.496438 0.039774
v -0.016045 0.459835 -0.024202
v 0.068683 0.501318 0.097502
v 0.018796 0.475880 0.110192
v -0.003690 0.477377 0.040415
v -0.549621 0.463985 -0.487195
v -0.517181 0.447679 -0.451003
v -0.528968 0.433974 -0.517610
v -0.529310 0.486858 -0.423262
v -0.493051 0.480537 -0.390953
v -0.562638 0.457243 -0.557339
v -0.535071 0.434242 -0.593642
v -0.477178 0.379882 -0.491603
v -0.502615 0.407082 -0.543853
v -0.499874 0.411823 -0.473941
v -0.469546 0.394405 -0.431190
v -0.483405 0.435992 -0.413867
v 0.229814 -0.012960 0.241880
v 0.171103 -0.039879 0.277890
v 0.225476 0.034210 0.246311
v 0.278316 0.010556 0.189096
v 0.265390 0.057257 0.208560
v 0.279155 -0.039699 0.195823
v 0.222411 -0.065901 0.248066
v -0.588347 -0.681934 0.122240
v -0.554012 -0.666517 0.070572
v -0.563635 -0.662118 0.175753
v -0.668707 -0.729038 0.123114
v -0.615823 -0.702595 0.068773
v -0.626682 -0.700578 0.166650
v -0.568438 -0.679720 0.008820
v -0.519164 -0.647144 0.079368
v -0.539481 -0.653392 0.130721
v -0.525490 -0.655071 0.013568
v -0.716174 -0.758410 0.085047
v -0.645876 -0.724185 0.018663
v -0.312815 -0.451281 -0.298432
v -0.300279 -0.446243 -0.337248
v -0.289444 -0.442983 -0.375908
v -0.271834 0.266036 0.436083
v -0.294401 0.297624 0.437998
v -0.296216 0.245468 0.455258
v -0.268686 0.320215 0.412293
v -0.340462 0.310286 0.460232
v -0.317814 0.278025 0.458629
v -0.316093 0.329381 0.440302
v -0.292107 0.349550 0.412488
v 0.340647 -0.001840 0.028853
v 0.330441 -0.031672 -0.093964
v 0.336844 0.019912 0.005583
v 0.349954 -0.034403 -0.012292
v 0.353534 -0.056357 0.037448
v 0.310654 0.030386 0.131304
v 0.326002 0.046664 0.094095
v 0.336134 0.040034 0.001007
v 0.332311 0.070470 0.083182
v 0.316754 0.007913 -0.087220
v 0.322010 -0.012438 -0.093013
v 0.275672 -0.041023 -0.183692
v 0.283857 -0.061297 -0.191568
v 0.700529 0.483514 0.130180
v 0.699430 0.487353 0.089966
v 0.754929 0.537366 0.143319
v 0.809375 0.595831 0.157370
v 0.801658 0.597059 0.189004
v 0.648685 0.437388 0.117215
v 0.689543 0.497117 0.048955
v -0.176539 0.524054 -0.013003
v -0.157148 0.503139 -0.018987
v -0.151500 0.502034 0.033911
v -0.169899 0.518948 0.036715
v -0.229523 0.567232 -0.098769
v -0.193062 0.509020 -0.118311
v -0.211320 0.540646 -0.108157
v -0.183112 0.521677 -0.065595
v 0.315952 0.624169 -0.013973
v 0.325278 0.595396 -0.049538
v 0.279188 0.603095 -0.019813
v 0.339365 0.561835 -0.079081
v 0.287552 0.571364 -0.057294
v 0.254490 0.497623 -0.104322
v 0.244091 0.539507 -0.069059
v 0.300499 0.533771 -0.088956
v 0.358565 0.522709 -0.099210
v -1.301162 0.193578 0.467195
v -1.390238 0.158564 0.438335
v -1.437423 0.013141 0.478566
v -1.338068 0.085974 0.510723
v -1.461738 0.065238 0.440917
v -1.411457 0.193994 0.395055
v -1.241096 0.143528 0.531272
v -1.366300 0.122214 0.477252
v 0.539735 -1.020467 0.184674
v 0.520121 -0.991020 0.190704
v 0.529228 -0.947794 0.205070
v 0.506181 -0.967263 0.196026
v 0.568783 -1.057753 0.179526
v 0.595492 -1.036387 0.195988
v 0.518029 -1.037668 0.166228
v 0.499446 -1.008066 0.175340
v 0.384359 -0.947263 0.150576
v 0.407378 -0.932932 0.173159
v 0.347940 -0.903743 0.147793
v 0.324857 -0.839583 0.165660
v 0.371463 -0.892631 0.169755
v 0.429575 -0.916510 0.190903
v -1.042638 0.653800 -0.415245
v -0.981967 0.642302 -0.428842
v -1.083682 0.621920 -0.445775
v -1.146354 0.628444 -0.423353
v -0.973493 0.565573 -0.521679
v -1.055158 0.576891 -0.501897
v -0.944485 0.597020 -0.477521
v -1.015428 0.610522 -0.463062
v -1.131842 0.587212 -0.479015
v -0.920235 0.627449 -0.439413
v -0.243754 -0.358239 0.284781
v -0.202763 -0.365991 0.257286
v -0.217249 -0.337704 0.283635
v -0.299940 -0.377285 0.320087
v -0.268780 -0.376762 0.285163
v -0.276469 -0.354293 0.318446
v -0.228895 -0.380161 0.256036
v -0.251882 -0.393420 0.254562
v -0.251677 -0.329315 0.315164
v -0.302561 -0.351264 0.357418
v -0.942520 -0.259591 0.735427
v -0.009469 0.166111 0.368508
v -0.031768 0.193404 0.372779
v -0.044228 0.140450 0.380162
v -0.087644 0.190425 0.391801
v -0.065662 0.165173 0.387372
v -0.054101 0.221104 0.373910
v -0.000854 0.222159 0.354793
v -0.021839 0.116206 0.370506
v -0.081379 0.115480 0.388140
v -1.061042 -0.406581 0.614807
v -1.061904 -0.463493 0.585100
v -1.040910 -0.415567 0.623604
v -1.074830 -0.467698 0.579418
v -1.069194 -0.330655 0.641765
v -1.078430 -0.401188 0.611338
v -1.050636 -0.344905 0.643014
v -1.031243 -0.366127 0.648585
v -1.014889 -0.422128 0.648532
v -1.008320 -0.384670 0.668536
v -1.016077 -0.456454 0.627770
v -1.042116 -0.461993 0.598769
v -1.051799 -0.513311 0.557816
v -0.884291 0.720819 0.162397
v -0.864923 0.721637 0.179127
v -0.865871 0.734290 0.144557
v -0.832913 0.723337 0.202508
v -0.806771 0.741032 0.189250
v -0.845595 0.732542 0.171966
v -0.864189 0.710105 0.202956
v -0.895440 0.704196 0.189400
v -0.629914 0.193177 0.571363
v -0.663811 0.228394 0.567518
v -0.580522 0.287493 0.540687
v -0.538996 0.315845 0.520859
v 0.412823 0.710016 0.130911
v 0.396790 0.682091 0.173963
v 0.460204 0.740762 0.137047
v 0.438520 0.724299 0.088436
v 0.355593 0.678730 0.077540
v 0.371245 0.685790 0.126151
v 0.394508 0.699257 0.082373
v 0.334949 0.665398 0.122358
v 0.359872 0.658784 0.170364
v 0.319916 0.660472 0.073380
v 0.385671 0.680953 0.035938
v 0.426992 0.702839 0.042495
v 0.246754 0.102155 0.240453
v 0.291900 0.078432 0.178229
v 0.273747 0.125601 0.222653
v 0.309190 0.100821 0.160324
v 0.324108 0.123327 0.151062
v 0.296389 0.149191 0.210584
v 0.198966 0.121457 0.283289
v 0.231528 0.146219 0.267729
v 0.260432 0.171688 0.255783
v -0.281621 0.614171 0.109735
v -0.287996 0.623262 0.074090
v -0.337545 0.641661 0.145656
v -0.286181 0.602687 0.146307
v -0.311623 0.623231 0.145892
v -0.301503 0.630063 0.040494
v -0.753955 -0.447395 1.292749
v -0.755015 -0.512510 1.285379
v -0.710190 -0.456069 1.224109
v -0.711309 -0.583962 1.200389
v -0.768121 -0.577309 1.262628
v -0.829067 -0.555080 1.323051
v -0.560702 0.766357 0.030761
v -0.585789 0.771741 0.053022
v -0.543929 0.761023 0.057492
v -0.569736 0.763899 0.080136
v -0.518491 0.752468 0.034417
v 0.213457 -0.075943 -0.263746
v 0.127324 -0.067507 -0.309752
v 0.203714 -0.050078 -0.256392
v 0.121130 -0.037139 -0.303957
v 0.034087 -0.005260 -0.325787
v 0.038719 -0.040954 -0.329905
v 0.254398 -0.558675 0.235300
v 0.195535 -0.485840 0.241248
v 0.335717 -0.583048 0.234665
v 0.343065 -0.553758 0.232028
v 0.265676 -0.534997 0.238920
v 0.206451 -0.463590 0.245010
v 0.127831 -0.437664 0.244482
v 0.141351 -0.417816 0.250559
v 0.513162 0.777467 0.143789
v 0.596610 0.801276 0.226304
v 0.552158 0.795175 0.189612
v 0.487115 0.754592 0.096035
v -0.346634 -0.495255 -0.042499
v -0.390476 -0.526569 -0.064274
v -0.349819 -0.490654 -0.086351
v -0.390425 -0.524523 -0.115747
v -0.422336 -0.560389 -0.136395
v -0.385735 -0.519973 -0.168134
v -0.300124 -0.465331 -0.057551
v -0.339057 -0.494826 0.000132
v -0.385532 -0.523698 -0.014543
v -0.349093 -0.483443 -0.131067
v -0.303217 -0.454496 -0.095279
v -0.567923 -0.591821 0.594755
v -0.555949 -0.563211 0.736601
v -0.576557 -0.597493 0.638576
v -0.607671 -0.626122 0.586959
v -0.595155 -0.619909 0.546419
v 0.584124 -0.669038 0.179854
v 0.593923 -0.633923 0.159291
v 0.535847 -0.635861 0.191739
v 0.635684 -0.665400 0.145637
v 0.573123 -0.706036 0.197675
v 0.527166 -0.672472 0.206671
v 0.479286 -0.600577 0.203579
v 0.472350 -0.635749 0.215702
v 0.544121 -0.600877 0.173794
v 0.553935 -0.567686 0.153030
v 0.487218 -0.566269 0.188643
v 0.603359 -0.601487 0.135688
v -0.793117 -0.633627 1.222101
v -0.856203 -0.610137 1.283520
v -0.826172 -0.673871 1.165776
v -0.891472 -0.648739 1.229924
v -0.732578 -0.640560 1.161311
v -0.387972 0.323492 0.476324
v -0.436290 0.377858 0.469238
v -0.466526 0.360082 0.483940
v -0.411824 0.352001 0.473896
v -0.409683 0.394642 0.453569
v -0.432908 0.418158 0.447573
v -0.461419 0.401259 0.462384
v -0.600484 0.649423 0.331396
v -0.614022 0.601752 0.382077
v -0.579272 0.622334 0.358941
v -0.634619 0.628229 0.354253
v -0.671671 0.600330 0.372775
v 0.002824 -0.349911 -0.301327
v -0.055219 -0.326684 -0.271333
v -0.123722 -0.237212 -0.253062
v -0.121410 -0.269068 -0.245503
v -0.180359 -0.274506 -0.236606
v -0.789958 0.313993 0.547380
v -0.814691 0.349583 0.533359
v -0.851455 0.327295 0.540874
v -0.876917 0.359049 0.526229
v -0.801985 0.401704 0.513033
v -0.778675 0.370104 0.526312
v -0.713145 0.358070 0.528979
v -0.344313 -0.474561 -0.174965
v -0.376774 -0.514591 -0.220379
v -0.335863 -0.465398 -0.217120
v -0.348650 -0.506231 -0.320281
v -0.324845 -0.457178 -0.257846
v -0.363902 -0.509426 -0.270889
v -0.384552 -0.552295 -0.316813
v -0.401366 -0.554354 -0.257264
v -0.302830 -0.441913 -0.132592
v -0.668467 0.774229 -0.078015
v -0.675007 0.780550 -0.033303
v -0.682687 0.781605 0.014106
v -0.699684 0.780098 -0.013275
v -0.717933 0.777716 -0.040563
v -0.708140 0.779584 0.035025
v -0.725991 0.777860 0.006766
v -0.745156 0.775077 -0.021594
v -0.252031 -0.423907 -0.104238
v -0.185752 -0.446139 -0.065931
v -0.248410 -0.440372 -0.071097
v -0.192841 -0.426357 -0.098196
v -0.130972 -0.425172 -0.147172
v 0.489091 0.310856 0.134634
v 0.481991 0.326649 0.179414
v 0.458405 0.284377 0.135177
v 0.422318 0.278113 0.183904
v 0.428813 0.257443 0.136984
v 0.451653 0.302818 0.180501
v 0.440799 0.327568 0.221281
v 0.492985 0.302268 0.088161
v 0.521534 0.337694 0.136726
v 0.513815 0.351159 0.180850
v 0.460681 0.272921 0.086584
v 0.338366 0.061659 0.004771
v 0.339429 0.093469 0.081427
v 0.348944 0.118136 0.083288
v -0.444401 -0.724792 -0.661629
v -0.608411 -0.775437 -0.690215
v -0.476276 -0.738794 -0.736330
v 0.617267 0.838840 0.182900
v 0.571344 0.815498 0.150364
v 0.617001 0.842038 0.132025
v 0.574565 0.809286 0.103945
v 0.536774 0.786578 0.104819
v 0.663289 0.853276 0.153760
v -0.549195 0.638731 0.335454
v -0.570324 0.666257 0.309472
v -0.601046 0.510376 -0.478557
v -0.564421 0.497380 -0.453498
v -0.584710 0.482303 -0.518770
v -0.626571 0.500117 -0.542025
v -0.574064 0.533124 -0.418096
v 0.198191 -0.874442 -0.065292
v 0.223951 -0.914143 -0.131094
v 0.258915 -0.962973 -0.153920
v 0.152580 -0.800534 -0.036110
v -0.726832 0.693822 0.274408
v -0.694669 0.713589 0.252789
v -0.738783 0.715086 0.251834
v -0.751249 0.733785 0.228286
v -0.707882 0.732357 0.230881
v -0.679331 0.741889 0.208393
v -0.717314 0.414164 -0.801870
v -0.606038 0.413708 -0.773252
v -0.713953 0.361771 -0.865686
v -0.626138 0.447928 -0.718894
v -0.493969 0.362681 -0.764144
v -0.587343 0.367197 -0.827025
v -0.523111 0.403618 -0.724144
v -0.469157 0.382786 -0.656498
v -0.553041 0.433718 -0.680468
v -1.124543 -0.356996 0.622085
v -1.122599 -0.434909 0.592058
v -1.091664 -0.333504 0.636736
v -1.086874 -0.480105 0.571302
v -1.102109 -0.506509 0.556921
v -1.097146 -0.408894 0.605432
v -1.068692 -0.257753 0.662409
v -1.046179 -0.261271 0.668667
v -0.185819 0.535044 0.038966
v -0.133845 0.482201 -0.024133
v -0.128644 0.485713 0.031550
v -0.119767 0.481928 0.082133
v 0.270995 0.450243 -0.130993
v 0.318554 0.490607 -0.111994
v 0.293882 0.400061 -0.146367
v -1.480075 0.117609 0.396554
v -0.660054 -0.648533 0.423503
v -0.688526 -0.651770 0.449590
v -0.675825 -0.655327 0.396170
v -0.666018 -0.648508 0.488912
v -0.690157 -0.652055 0.522946
v -0.642997 -0.643695 0.458296
v 0.484993 0.403985 0.253926
v 0.455110 0.381028 0.253869
v 0.471194 0.349967 0.220315
v 0.534867 0.399868 0.223251
v 0.516366 0.430071 0.255069
v 0.502250 0.372931 0.221589
v 0.424566 0.358644 0.254580
v -0.955256 0.671962 -0.398197
v -1.099544 0.660348 -0.396166
v -0.891373 -0.520400 1.378239
v -0.916708 -0.573572 1.341604
v -0.937295 -0.491910 1.408982
v -0.969779 -0.527777 1.389836
v -0.954105 -0.609518 1.294626
v -0.812306 -0.491569 1.347134
v -0.659737 -0.656419 0.996952
v -0.823327 -0.664523 0.692465
v -0.261801 0.581696 0.147847
v -0.239205 0.561442 0.149639
v -0.257816 0.592672 0.111053
v -0.236764 0.572286 0.113495
v -0.218140 0.542719 0.151798
v -0.265512 0.601771 0.074943
v -0.454208 0.713643 -0.059637
v -0.482219 0.729806 -0.037326
v -0.437771 0.710879 -0.034845
v -0.470499 0.716637 -0.083804
v -0.499011 0.732424 -0.061684
v -0.515827 0.735048 -0.085146
v -0.543268 0.750011 -0.063858
v -0.509540 0.744082 -0.014321
v -0.526441 0.747252 -0.039419
v -0.426931 0.695339 -0.079691
v -0.411021 0.691782 -0.054498
v -0.509086 -0.606559 0.321875
v -0.496061 -0.606491 0.292766
v -0.501003 -0.596872 0.340503
v -0.517299 -0.599912 0.361604
v -0.524570 -0.607888 0.343506
v -0.517122 -0.615827 0.298683
v -0.476108 -0.580059 0.332876
v -0.490853 -0.584995 0.359220
v -0.486946 -0.594296 0.313285
v 0.683305 0.829866 0.040404
v 0.685131 0.790193 0.009024
v 0.728373 0.813908 0.034493
v -1.208414 0.528303 0.191655
v -1.266129 0.505074 0.166936
v -1.229381 0.479574 0.233205
v -1.291491 0.455543 0.206922
v -1.243320 0.432689 0.276208
v -1.178530 0.462343 0.295264
v -1.169013 0.506589 0.251338
v -1.112429 0.533547 0.265045
v -1.308241 0.407925 0.248488
v -1.314315 0.364537 0.291562
v -0.922768 0.702901 0.167601
v -0.909178 0.720077 0.140804
v -0.951648 0.700117 0.148398
v -0.726773 0.141341 0.606277
v -0.664742 0.167179 0.584146
v -0.696005 0.149581 0.596009
v -0.629516 0.133687 0.584119
v -0.732164 0.183455 0.590922
v -0.765084 0.172216 0.600654
v -0.389456 0.028404 0.498790
v -0.340951 0.037645 0.473355
v -0.307820 0.070691 0.458487
v -0.292237 0.045112 0.447653
v -0.361005 -0.034178 0.485330
v -0.326049 0.010223 0.463588
v -0.266198 -0.030695 -0.362693
v -0.239707 -0.001651 -0.319187
v -0.255472 -0.086476 -0.359050
v -0.277026 0.023970 -0.364452
v -0.252716 0.043511 -0.323587
v -0.277371 -0.013410 -0.442485
v -0.288320 0.074208 -0.366010
v -0.269175 -0.081049 -0.444255
v -0.530372 -0.230912 -1.023783
v -0.715658 -0.134998 -1.086184
v -0.709347 -0.260136 -1.084683
v 0.595903 -0.444561 -0.038196
v 0.560277 -0.417980 0.034182
v 0.561378 -0.403167 -0.024805
v 0.522048 -0.376389 0.051196
v 0.548033 -0.441646 0.082137
v -0.620262 -0.321988 0.843666
v -0.603107 -0.321366 0.805140
v -0.595876 -0.370357 0.907336
v -0.584549 -0.361978 0.858931
v -0.635561 -0.329156 0.888497
v -0.650440 -0.343651 0.939603
v -0.696637 -0.311957 0.911037
v -0.056547 0.389213 0.262482
v -0.287941 0.051258 -0.439584
v -0.293992 0.097185 -0.536455
v -0.265698 -0.142195 -0.552878
v -0.293292 -0.472336 -0.019832
v -0.241655 -0.454438 -0.038205
v -0.282861 -0.475431 0.015677
v -1.204909 0.119367 0.556397
v -1.112820 0.169162 0.565847
v -1.072425 0.149682 0.586451
v -0.993868 0.183849 0.589554
v -0.759787 -0.182685 0.750715
v -0.713245 -0.158225 0.730089
v -0.678645 -0.104548 0.696120
v 0.457810 -0.319542 -0.171044
v 0.489065 -0.312302 -0.083392
v 0.486082 -0.362668 -0.168257
v 0.528181 -0.360296 -0.013110
v 0.516897 -0.355875 -0.088065
v 0.496913 -0.317303 -0.001280
v 0.464506 -0.268658 -0.075776
v 0.468749 -0.273240 0.012152
v 0.433783 -0.276838 -0.169499
v 0.403368 -0.335548 -0.253601
v 0.436069 -0.378460 -0.245221
v -0.040189 -0.384079 0.236429
v -0.097835 -0.353851 0.246408
v -0.066510 -0.396315 0.228456
v -0.124705 -0.368552 0.240432
v -0.175140 -0.349884 0.258902
v -0.152537 -0.380655 0.235630
v -0.093692 -0.405626 0.220366
v 0.023846 -0.422744 0.230687
v -0.001059 -0.433944 0.220770
v 0.415829 -0.768686 0.221837
v 0.435580 -0.739394 0.227753
v 0.358015 -0.716655 0.219913
v 0.377072 -0.690480 0.228033
v 0.336262 -0.738117 0.208171
v 0.392173 -0.660772 0.231512
v -0.716729 -0.011389 -1.069408
v -0.931837 -0.156532 -1.104982
v -0.737826 0.775470 -0.069004
v -0.711518 0.774345 -0.086340
v -0.759493 0.773582 -0.099508
v -0.766220 0.773582 -0.051109
v -0.692497 0.777664 -0.059466
v -0.774316 0.771364 -0.002668
v -0.581310 0.457369 -0.635483
v -0.606186 0.478425 -0.588959
v -0.645735 0.473875 -0.663876
v -0.919618 -0.608977 0.492232
v -0.948954 -0.603135 0.489074
v -0.903219 -0.628322 0.470587
v -0.871525 -0.631355 0.486036
v -0.902207 -0.597703 0.541874
v -0.925315 -0.585835 0.523685
v -0.891079 -0.616513 0.509266
v -0.971101 -0.617522 0.477995
v -0.936428 -0.625247 0.468867
v -0.978662 -0.594453 0.497073
v -0.912515 -0.644889 0.451349
v -0.876217 -0.644667 0.452345
v 0.898988 -0.860234 0.075152
v 0.907148 -0.834022 0.034598
v 0.843113 -0.829224 0.090465
v 0.810029 -0.773932 0.065086
v 0.796750 -0.801567 0.100842
v 0.854709 -0.802072 0.052696
v 0.825236 -0.861903 0.126823
v 0.777780 -0.834133 0.134229
v 0.909108 -0.813875 -0.004780
v -0.682648 -0.383458 1.065640
v -0.665483 -0.363412 0.999163
v -0.725574 -0.347541 1.038106
v -0.712002 -0.330296 0.969526
v -0.758863 -0.308710 0.937178
v -0.770827 -0.324642 1.006304
v -0.703300 -0.397321 1.138164
v -0.739543 -0.357452 1.114556
v 0.416685 -0.563012 0.215323
v 0.409948 -0.596165 0.223981
v -0.143534 -0.263589 0.280512
v -0.180565 -0.241860 0.300336
v -0.165862 -0.289835 0.282473
v -0.213129 -0.221909 0.325407
v -0.202688 -0.272322 0.306126
v -0.190771 -0.314946 0.283314
v -0.256922 -0.290047 0.344617
v -0.226539 -0.301920 0.311535
v -0.234397 -0.256328 0.334918
v -0.279942 -0.321905 0.351817
v -1.050997 -0.378317 1.021189
v -1.058558 -0.389647 1.024207
v -0.986936 -0.394020 0.922586
v -0.991246 -0.404468 0.919516
v -1.041745 -0.367656 1.019172
v -1.561931 -0.515828 -0.796830
v -1.511163 -0.628645 -0.720665
v -1.308743 -0.637324 -0.855455
v -1.438073 -0.725008 -0.631848
v -1.597036 -0.703004 -0.471016
v -1.713802 -0.476970 -0.639048
v -1.666102 -0.597238 -0.560007
v -1.237919 -0.724137 -0.770833
v -0.502401 -0.627526 0.188862
v -0.501924 -0.640434 0.027217
v -0.486447 -0.630422 -0.019780
v -0.511118 -0.637872 0.138946
v -0.525724 -0.640079 0.185740
v -0.514036 -0.627585 0.231619
v -0.493771 -0.617150 0.227908
v -0.504653 -0.617113 0.266593
v -0.686942 0.770243 -0.103044
v -0.706704 0.766304 -0.129930
v -0.732193 0.771028 -0.115119
v -0.781596 0.771087 -0.132620
v -0.726380 0.762857 -0.159791
v -0.753295 0.768562 -0.147166
v -0.662995 0.763189 -0.119111
v -0.681498 0.758739 -0.143189
v -0.252760 0.550452 0.185584
v -0.229251 0.531718 0.187043
v -0.206790 0.514737 0.188656
v 0.189259 -0.266311 0.258732
v 0.138815 -0.228748 0.271931
v 0.148006 -0.299029 0.264857
v 0.288075 -0.270376 0.222056
v 0.240197 -0.231878 0.241539
v 0.240995 -0.305533 0.243196
v 0.192484 -0.194864 0.259726
v 0.253264 -0.160407 0.232336
v 0.259838 -0.379153 0.239446
v 0.202527 -0.339121 0.252862
v 0.221789 0.193882 0.286071
v 0.114502 0.163202 0.326768
v 0.153938 0.140837 0.310583
v 0.148909 0.189862 0.314378
v 0.183197 0.218639 0.302797
v 0.188361 0.166607 0.297220
v 0.370857 -0.812999 0.198760
v 0.393794 -0.793264 0.211750
v 0.313480 -0.754510 0.193892
v 0.440292 -0.839200 0.214639
v 0.462923 -0.812808 0.222856
v 0.498495 -0.848405 0.221478
v 0.417248 -0.860482 0.202093
v 0.475084 -0.875017 0.214570
v -1.003643 0.034187 0.630545
v -1.091030 -0.054385 0.620624
v -0.947395 0.009219 0.647628
v -0.569290 0.762914 -0.042943
v -0.532928 0.736634 -0.107365
v -0.560393 0.751489 -0.087216
v -1.713175 -0.503125 0.217666
v -1.726873 -0.605136 0.089981
v -1.659353 -0.602416 0.265652
v -1.660063 -0.702661 0.148267
v -1.698283 -0.690374 -0.055402
v -1.777523 -0.493063 0.023892
v -1.763884 -0.582195 -0.132939
v 0.556004 -1.226698 0.019184
v 0.530680 -0.774811 -0.375946
v 0.469594 -0.790726 -0.380550
v 0.505065 -0.814436 -0.383356
v 0.556814 -0.737339 -0.361628
v 0.480340 -0.854329 -0.384775
v 0.444461 -0.831509 -0.380524
v 0.522993 -1.232862 -0.068151
v 0.537733 -1.232439 -0.024385
v 0.173191 -0.639986 -0.308618
v 0.096793 -0.579508 -0.272094
v 0.184569 -0.602426 -0.332057
v 0.244229 -0.694789 -0.336376
v 0.259343 -0.655797 -0.353236
v 0.204709 -0.564062 -0.349902
v 0.282171 -0.616625 -0.363203
v 0.022321 -0.485287 -0.260205
v 0.104076 -0.543249 -0.301183
v 0.018437 -0.518993 -0.228529
v 0.122938 -0.505426 -0.326555
v -0.911493 0.524377 -0.593571
v -0.819047 0.516650 -0.609013
v -0.935293 0.491011 -0.655419
v -0.838090 0.453093 -0.738971
v -0.827536 0.488085 -0.672205
v -0.851061 0.408237 -0.807745
v -0.996097 0.401616 -0.792015
v -0.728852 0.483349 -0.675423
v -0.638407 0.753787 -0.134912
v -0.621057 0.758907 -0.113425
v -0.613109 0.742956 -0.150521
v -0.645106 0.768050 -0.096226
v -0.603885 0.762639 -0.090801
v -0.577795 0.751064 -0.109311
v -0.380139 -0.592202 -0.408598
v -0.398251 -0.621015 -0.411659
v -0.426675 -0.643436 -0.384156
v -0.715359 0.105058 -1.032714
v -0.713207 0.207725 -0.982685
v -0.898966 0.189008 -0.999594
v -0.712680 0.293403 -0.926864
v -0.558674 0.225019 -0.930037
v -0.245617 0.559967 -0.144205
v -0.677209 -0.652990 0.616225
v -0.700164 -0.659188 0.655378
v -0.715529 -0.654915 0.557854
v -0.741976 -0.658304 0.591086
v -0.725439 -0.668889 0.692719
v 0.404418 0.208598 0.087325
v 0.401575 0.229366 0.139957
v 0.381413 0.176002 0.087227
v 0.400457 0.193183 0.031255
v 0.376462 0.154869 0.026089
v 0.430929 0.241622 0.086554
v 0.393693 0.252482 0.188240
v 0.459716 0.268022 0.037321
v 0.428619 0.231609 0.034583
v -0.586379 0.764063 -0.067441
v -1.001282 0.715883 0.032067
v -1.050280 0.679692 0.102903
v -1.026963 0.700466 0.066335
v -1.087268 0.667240 0.088103
v -1.059440 0.690347 0.048837
v -0.945506 0.733910 0.025037
v -1.031662 0.708562 0.011027
v -1.149711 -0.824059 0.333985
v -1.050791 -0.819373 0.313775
v -0.995933 -0.729000 0.392067
v -0.979195 -0.770723 0.346768
v -0.663230 -0.665360 0.357233
v -0.634130 -0.660982 0.342551
v -0.645432 -0.650424 0.377665
v -0.633397 -0.642248 0.402609
v -0.919518 -0.287975 0.794795
v -0.916242 -0.315697 0.869653
v -0.932895 -0.295405 0.781293
v -0.927774 -0.321438 0.852218
v -0.973098 0.729035 0.000925
v -0.943088 0.741186 -0.027554
v -1.000843 0.723324 -0.024275
v -0.994330 0.732731 -0.088462
v -1.027071 0.715907 -0.051453
v -0.970130 0.738225 -0.057078
v -0.916394 0.744419 0.000168
v -0.666576 0.781723 0.041851
v -0.642326 0.782007 0.020154
v -0.626399 0.778630 0.047749
v -0.395947 0.516291 0.365747
v -0.456173 0.440919 0.439912
v 0.655005 -0.970578 -0.406333
v 0.643390 -1.010767 -0.403405
v 0.668306 -0.932274 -0.404504
v -1.566122 0.343098 0.060781
v -1.508922 0.340662 0.139420
v -1.548828 0.384220 0.016440
v -1.522572 0.423953 -0.021180
v -1.495033 0.381512 0.094819
v -1.568170 0.425147 -0.109840
v -1.446933 0.340674 0.203368
v -0.609113 -0.386471 0.961212
v -0.965411 -0.339213 0.965464
v -0.971931 -0.345153 0.955615
v -0.998739 -0.308523 1.056078
v -1.018885 -0.323538 1.036555
v -1.010827 -0.314111 1.045961
v -0.978057 -0.351914 0.945940
v -0.984856 -0.304637 1.066523
v -0.257464 0.591920 0.040258
v -0.244609 0.582303 0.077081
v -0.219023 -0.048852 0.376533
v -0.197235 -0.073224 0.353056
v -0.189578 -0.020859 0.369027
v -0.134472 -0.020212 0.347239
v -0.156072 0.003384 0.365387
v -0.168131 -0.045255 0.348272
v -0.174822 0.025614 0.383608
v -0.095926 0.003495 0.349052
v -0.118612 0.026114 0.364557
v -0.138250 0.047913 0.381005
v -0.109799 0.444379 -0.087745
v -0.123169 0.410149 -0.147476
v -0.063420 0.458039 -0.027128
v -0.442591 0.634185 0.254973
v -0.420918 0.609798 0.268577
v -0.480961 0.657656 0.264004
v -0.501391 0.655047 0.287707
v -0.638623 0.730331 0.207444
v 0.048687 0.163976 0.348999
v 0.079689 0.138594 0.339762
v 0.081224 0.189559 0.335071
v 0.042720 0.115182 0.350846
v 0.052714 0.219448 0.337225
v 0.081984 0.248168 0.320347
v 0.117044 0.116384 0.324530
v 0.113498 0.217170 0.321121
v -0.717407 0.778079 0.084613
v -0.691396 0.779944 0.063427
v -0.735052 0.776941 0.055501
v -0.186340 -0.478850 0.073841
v -0.116497 -0.507767 0.062089
v -0.063819 -0.544088 0.020962
v 0.004823 -0.605477 -0.011457
v -0.008958 -0.585953 -0.032789
v 0.463791 -0.671371 0.224318
v 0.451719 -0.706408 0.228521
v 0.483965 -0.781696 0.226725
v 0.267986 -0.774224 0.162110
v 0.290651 -0.766331 0.178411
v 0.201726 -0.700926 0.160833
v 0.347878 -0.827946 0.182999
v 0.394342 -0.878119 0.187433
v -0.306500 0.267324 -0.332617
v -0.349757 0.266495 -0.361453
v -0.321976 0.304235 -0.332505
v -0.402374 0.307113 -0.401379
v -0.365964 0.300375 -0.363859
v -0.380687 0.339954 -0.362446
v -0.336291 0.346636 -0.329196
v -0.275487 0.316212 -0.303725
v 0.608313 0.711388 0.280356
v 0.646004 0.678856 0.290318
v 0.675405 0.769183 0.273695
v 0.636574 0.792649 0.255953
v 0.711444 0.738265 0.282769
v 0.743095 0.701867 0.283586
v 0.731932 0.806835 0.239404
v 0.763332 0.780793 0.247654
v 0.586236 0.623078 0.288100
v 0.619597 0.585912 0.282692
v -0.434678 0.667462 -0.187220
v -0.268791 -0.411841 -0.475976
v -0.273602 -0.428342 -0.444993
v -0.292794 -0.513559 -0.505400
v -0.265498 -0.384515 -0.502615
v -0.304295 -0.582893 -0.589774
v -0.173329 -0.098906 0.330840
v -0.246148 -0.081749 0.388402
v -0.223374 -0.105243 0.361854
v -0.246488 -0.141939 0.374088
v -0.198638 -0.130296 0.335966
v -0.220775 -0.164857 0.344707
v -0.239543 -0.025694 0.398938
v -0.209029 0.001998 0.389494
v 0.092901 -0.469802 0.227750
v 0.112255 -0.454955 0.236980
v 0.069941 -0.481686 0.216678
v -0.330133 0.611659 0.181144
v -0.356910 0.631540 0.178056
v -0.352007 0.602444 0.214814
v -0.324479 0.581525 0.218468
v -0.302742 0.591366 0.182670
v -0.400097 0.615852 0.238904
v -0.374669 0.594136 0.247957
v -0.378655 0.623214 0.208950
v -0.347768 0.572904 0.254529
v -1.411495 -0.671167 0.425502
v -0.880127 -0.301837 1.091543
v -0.881040 -0.314998 0.998691
v -0.902098 -0.307670 1.063815
v -0.853523 -0.300602 1.119135
v -0.919683 -0.316477 1.036681
v -0.925180 -0.290799 1.125796
v -0.903059 -0.320054 0.971897
v -0.906726 -0.280627 1.155313
v -0.918963 -0.326419 0.948082
v -0.780269 0.722058 -0.293121
v -0.747452 0.688630 -0.325900
v -0.785650 0.702267 -0.324441
v -0.771906 0.737338 -0.260071
v 0.405669 -0.806993 -0.375227
v 0.350270 -0.660210 -0.369334
v 0.325915 -0.700582 -0.366177
v -1.577071 0.298833 0.111622
v -1.515128 0.299866 0.188745
v -1.449554 0.301488 0.250723
v -1.619700 0.342543 -0.033327
v -1.598419 0.385745 -0.075729
v -0.265666 -0.377038 -0.296171
v -0.280326 -0.437376 -0.411341
v -0.259111 -0.364507 -0.325438
v -0.226121 -0.307412 -0.264071
v -0.143750 -0.480543 0.112396
v -0.120903 -0.481904 0.128314
v -0.165848 -0.479613 0.094315
v -0.544009 -0.521492 0.829512
v -0.553785 -0.535585 0.884623
v -0.550185 -0.478131 0.909157
v -0.564877 -0.498608 0.964911
v 0.738374 -0.978447 0.204083
v 0.625455 -1.011329 0.206497
v 0.703741 -1.016249 0.211806
v -0.568405 0.734933 -0.148001
v -0.595342 0.748040 -0.130354
v -0.550511 0.736624 -0.128272
v 0.728100 -0.644489 0.023929
v 0.723170 -0.666600 0.060695
v 0.756251 -0.675030 0.010791
v 0.755182 -0.657922 -0.030134
v 0.698394 -0.612094 0.039908
v 0.691903 -0.636350 0.074611
v 0.782675 -0.689802 -0.041739
v 0.773538 -0.747198 0.074738
v 0.782258 -0.723741 0.038323
v 0.742898 -0.720293 0.083976
v 0.752332 -0.695403 0.048995
v 0.785384 -0.704824 -0.000472
v -0.834891 0.758410 0.035159
v -0.864791 0.751098 0.054243
v -0.840724 0.754699 0.082357
v -0.859244 0.755306 0.006496
v -0.890491 0.748115 0.027146
v -0.804510 0.765678 0.016255
v -0.754014 0.774605 0.026433
v 0.313482 0.646518 0.027342
v 0.276822 0.627759 0.022453
v 0.350899 0.640797 -0.009451
v 0.283605 0.642378 0.069431
v -0.163206 0.494261 -0.074201
v -0.139235 0.467272 -0.082552
v -0.172927 0.474546 -0.128931
v -0.150754 0.439377 -0.139634
v -0.103074 0.465762 -0.027126
v -0.544839 0.605333 -0.331587
v -0.541535 0.567926 -0.361297
v -0.499337 0.525579 -0.363700
v -0.536956 0.527640 -0.392365
v -0.503261 0.568709 -0.335662
v -0.449199 0.706193 0.157485
v -1.564445 0.459027 -0.228889
v -1.516387 0.494530 -0.243195
v -1.588597 0.448493 -0.325047
v -1.535006 0.485558 -0.331220
v -1.460597 0.529032 -0.251919
v -0.938102 0.515110 0.416167
v 0.713939 -0.692590 0.094123
v 0.700335 -0.722866 0.123956
v 0.759281 -0.775577 0.108482
v 0.728408 -0.749670 0.115675
v 0.683201 -0.756517 0.150566
v 0.682835 -0.663648 0.106084
v 0.670653 -0.694829 0.133964
v 0.603169 -0.936029 -0.398683
v 0.587206 -0.975546 -0.394876
v 0.557220 -0.905153 -0.393142
v 0.487280 0.310417 -0.005493
v 0.520084 0.347017 0.001288
v -1.109495 -0.901022 0.067665
v -1.218121 -0.906285 0.171325
v -0.978977 -0.871011 -0.043792
v -1.015883 -0.880525 0.089964
v -1.120169 -0.894559 0.182433
v -0.895958 -0.844838 -0.009358
v -1.141312 0.397969 -0.759488
v -1.193007 0.334261 -0.823093
v -1.030216 0.340015 -0.859751
v 0.780433 0.609144 0.042132
v 0.724094 0.557972 0.025041
v 0.746204 0.622296 0.007358
v 0.791756 0.671488 0.027637
v 0.717052 0.645786 -0.015628
v 0.662691 0.600824 -0.030522
v -0.606573 0.711845 -0.222403
v -0.603303 0.700335 -0.245842
v -0.598127 0.684700 -0.271344
v -0.562563 0.686015 -0.253691
v 0.095659 0.234700 -0.250185
v 0.172389 0.293108 -0.210479
v -0.535564 0.756330 0.008475
v -0.492561 0.740864 0.011091
v -0.552374 0.760164 -0.017514
v -0.465460 0.727101 -0.012389
v -0.449197 0.724090 0.012783
v -0.476052 0.737452 0.036594
v -0.277339 0.570509 0.184210
v -0.298297 0.560641 0.221105
v -0.273119 0.540239 0.222314
v -0.248884 0.520969 0.222922
v -0.283443 -0.277508 0.380503
v -0.324466 -0.347011 0.398797
v -0.304236 -0.313333 0.391093
v -0.326681 -0.303300 0.432019
v -0.308052 -0.263567 0.418547
v -0.262116 -0.239677 0.368216
v -0.145360 0.368083 -0.202430
v -0.465496 -0.615852 -0.124477
v -0.446283 -0.591484 -0.139975
v -0.470282 -0.614143 -0.055242
v -0.422244 -0.556011 -0.021134
v -0.449319 -0.584791 -0.013476
v -0.424753 -0.560013 -0.076811
v -0.450574 -0.590200 -0.074564
v -1.149327 0.661708 -0.369652
v -1.186124 0.662051 -0.330472
v -1.195696 0.634515 -0.391906
v -1.385030 0.410981 -0.651806
v -1.455497 0.352610 -0.694527
v -1.524498 0.285714 -0.732557
v -1.604025 0.316634 -0.634022
v -1.339082 0.337602 -0.767683
v -0.931892 -0.323726 1.014783
v 0.235017 -0.410540 0.245236
v 0.297944 -0.451491 0.233308
v 0.283861 -0.481714 0.237755
v 0.175081 -0.368732 0.256105
v 0.218369 -0.438646 0.246574
v 0.117602 -0.327985 0.264523
v -0.783594 0.714527 0.245256
v -0.794354 0.730119 0.218158
v -0.773143 0.693875 0.269755
v -1.152913 0.552677 0.208696
v -1.183163 0.575528 0.151228
v -1.235162 0.553577 0.127957
v -1.201036 0.597909 0.088803
v -1.111694 0.635887 0.127713
v -1.154900 0.617409 0.111103
v -1.133849 0.597062 0.167766
v -1.102198 0.575697 0.222012
v -1.088476 0.616366 0.180817
v 0.369920 -0.400036 -0.307712
v 0.293684 -0.421797 -0.346188
v 0.328817 -0.355379 -0.316865
v 0.416604 -0.443112 -0.294851
v 0.353202 -0.469568 -0.337039
v 0.377058 -0.293296 -0.255434
v -0.327301 -0.489532 0.039279
v -0.232768 -0.465798 0.101030
v -0.252494 -0.471046 0.076352
v -0.269047 -0.474272 0.048127
v 0.858583 -0.765756 -0.024886
v 0.851101 -0.755322 -0.064885
v -0.258491 -0.207957 -0.434801
v -0.262589 -0.289252 -0.539824
v -0.262832 -0.148722 -0.442608
v -0.245352 -0.139016 -0.351739
v -0.255468 -0.258953 -0.421834
v -0.263530 -0.343929 -0.523980
v -0.273042 -0.366169 -0.651023
v -0.263244 -0.219088 -0.548281
v -0.273909 -0.288524 -0.661605
v -0.321250 0.227709 0.469187
v -0.224529 -0.286423 -0.286235
v -0.180434 -0.248076 -0.252211
v 0.484919 0.643425 -0.048993
v 0.431298 0.650131 -0.032533
v 0.425041 0.677822 0.001712
v 0.501585 0.612237 -0.064728
v 0.546434 0.642473 -0.053056
v -0.460209 0.733614 0.061597
v -0.433657 0.720574 0.037462
v -0.568593 0.455362 0.452932
v -0.544906 0.430293 0.461099
v -0.519479 0.406987 0.469231
v -0.486235 0.423841 0.454616
v -0.925341 0.609529 0.312339
v -0.916192 0.583445 0.349115
v -0.882429 0.619974 0.318642
v -0.968360 0.596695 0.302227
v -0.960892 0.568166 0.342529
v -0.931347 0.634856 0.273919
v -0.890099 0.643458 0.284648
v -0.872612 0.595254 0.350700
v -0.840170 0.632519 0.315711
v -0.860786 0.570194 0.379692
v -0.829680 0.607634 0.343053
v -0.905494 0.557915 0.384015
v 0.144477 -0.160490 0.275995
v 0.158227 -0.096666 0.277632
v 0.206951 -0.127001 0.255726
v 0.269650 -0.095900 0.215461
v 0.089130 -0.193746 0.282416
v -0.523679 0.649360 0.311482
v -0.543983 0.676136 0.287666
v -1.643286 0.352143 -0.528545
v -1.700010 0.291720 -0.529742
v -1.651832 0.384426 -0.420343
v -1.743366 0.269084 -0.387478
v -1.712556 0.307747 -0.259281
v -1.700046 0.332014 -0.408609
v -1.635871 0.408147 -0.311790
v -1.677333 0.362165 -0.290546
v -1.641432 0.379864 -0.178792
v -1.064223 -0.541173 0.536719
v -1.066771 -0.567456 0.521540
v -1.060329 -0.524794 0.547830
v -0.111198 0.215424 0.393716
v -0.078019 0.247952 0.372220
v -0.123268 0.160966 0.405472
v -0.101796 0.138133 0.398080
v -0.136248 0.240631 0.393116
v -0.103223 0.274001 0.368526
v -0.047958 0.280627 0.346592
v -0.072946 0.307223 0.339982
v -0.023989 0.251985 0.352189
v 0.136178 0.406692 -0.152884
v 0.144447 0.349690 -0.190307
v -0.008053 0.233393 -0.268924
v -0.076714 0.233855 -0.275372
v 0.135884 0.458955 -0.107000
v 0.200124 0.453748 -0.125548
v 0.817379 -0.751715 0.027567
v 0.859663 -0.781083 0.014115
v 0.526657 -1.149602 -0.280601
v 0.516078 -0.926196 0.209991
v 0.541041 -0.901753 0.214450
v 0.523550 -0.877193 0.218310
v 0.499359 -0.902956 0.212788
v 0.476426 -0.925202 0.204413
v -0.451066 -0.216681 0.580485
v -0.485010 -0.179675 0.597718
v -0.438132 -0.149806 0.553778
v -0.490282 -0.134261 0.584899
v -0.525011 -0.199342 0.635223
v -0.418752 -0.216030 0.551482
v -0.403944 -0.159306 0.529546
v -0.427795 -0.269925 0.569446
v 0.493231 -0.946695 0.200896
v 0.679133 0.641858 0.286167
v 0.768800 0.665326 0.271986
v 0.790172 0.749537 0.249471
v 0.812356 0.716567 0.244937
v 0.646621 0.549871 0.265663
v 0.705078 0.605747 0.269197
v -0.185336 0.499346 0.190575
v -0.164309 0.485178 0.193218
v -0.379790 0.684413 -0.002148
v -0.355329 0.662481 -0.014820
v -0.395292 0.688158 -0.028595
v -0.421663 0.707938 -0.009629
v -0.370447 0.667144 -0.043289
v -0.346286 0.647780 -0.054672
v -0.340237 0.657649 0.014290
v -0.673288 0.525790 0.441252
v -0.651951 0.495972 0.455831
v -0.734965 0.526788 0.427875
v -0.693364 0.550196 0.415954
v -0.699544 0.202467 0.579515
v -0.801195 0.204711 0.590987
v -1.215377 0.226450 0.486721
v -0.435187 0.683707 -0.145408
v -0.455134 0.686197 -0.167533
v -0.478457 0.704104 -0.148310
v -0.477153 0.687917 -0.189354
v -0.960137 -0.376332 0.855679
v -0.956109 -0.366860 0.866006
v -0.964625 -0.391282 0.774080
v -0.967606 -0.407494 0.761380
v -1.241395 -0.820162 0.347719
v -1.102009 -0.864705 0.263554
v -1.026820 -0.873143 0.187637
v -1.005387 -0.845675 0.254141
v -1.331909 -0.809458 0.351764
v -1.198274 -0.876462 0.268544
v -1.329995 -0.706933 0.428825
v -0.630807 0.737812 -0.169852
v -0.744708 0.756747 -0.191699
v -1.373264 0.390738 0.210318
v -1.353871 0.437216 0.169640
v 0.359967 -0.958322 0.121582
v 0.323009 -0.910930 0.120647
v 0.430137 -1.103943 -0.006446
v 0.414537 -1.105483 -0.055238
v 0.455774 -1.137702 -0.025953
v 0.441874 -1.138344 -0.073046
v 0.486026 -1.181583 -0.046601
v 0.500610 -1.178125 -0.002329
v 0.517506 -1.170058 0.040034
v 0.470966 -1.131752 0.018651
v 0.447253 -1.095454 0.038218
v -0.440275 0.333888 0.488803
v -0.472663 0.312459 0.505517
v -1.163907 0.635128 0.047875
v -1.206095 0.618712 0.018468
v -1.200164 0.639702 -0.059954
v -1.162786 0.651951 -0.023835
v -1.014669 -0.316552 0.671560
v -1.030104 -0.283725 0.668698
v -0.420938 0.323220 -0.510921
v -0.429614 0.324701 -0.447752
v -0.390810 0.293487 -0.514845
v -0.471825 0.381509 -0.565450
v -0.450311 0.351055 -0.503780
v -0.438330 0.354335 -0.582714
v -0.451286 0.357363 -0.442558
v -0.099624 0.070244 0.379319
v -0.078401 0.048401 0.364788
v -0.060280 0.093057 0.376407
v -0.119285 0.091494 0.393128
v -0.138796 0.112769 0.405346
v -0.156766 0.068872 0.396575
v -0.714625 0.670141 0.296048
v -0.725182 0.595494 0.362321
v -0.738238 0.619094 0.338016
v -0.750203 0.644617 0.315145
v -0.802840 0.768705 -0.168867
v -0.773150 0.764423 -0.181573
v -0.821775 0.764033 -0.206398
v -0.790638 0.758233 -0.217906
v -0.837664 0.756082 -0.243612
v -0.126226 -0.203098 -0.262478
v -0.058056 -0.212389 -0.284048
v 0.521338 0.763401 0.062080
v 0.472788 0.730444 0.051168
v -0.494434 -0.533167 0.518406
v -0.510680 -0.538720 0.542488
v -0.513056 -0.564716 0.478610
v -0.462319 -0.490926 0.531527
v -0.479102 -0.495047 0.557230
v -0.477616 -0.527783 0.494877
v -0.495321 -0.558245 0.457544
v -0.446182 -0.487198 0.504318
v -0.461322 -0.522554 0.470051
v -0.512460 -0.580774 0.424560
v -0.531330 -0.587933 0.442629
v 0.002317 0.282724 0.327709
v -0.022492 0.312303 0.318000
v -0.048102 0.338458 0.308190
v -0.766305 0.219306 0.581722
v -0.797337 0.255968 0.569683
v 0.378911 -0.276596 0.163071
v 0.419400 -0.318006 0.142138
v 0.461444 -0.359263 0.122113
v -0.520411 0.680716 0.266573
v -1.625335 -0.752300 -0.213787
v -1.704531 -0.654618 -0.299864
v -1.507735 -0.788423 -0.377728
v -1.765123 -0.539584 -0.384854
v -0.987665 -0.419863 0.694390
v -0.984088 -0.393784 0.709725
v -0.966895 -0.424561 0.749695
v -0.987242 -0.444480 0.678805
v 0.323195 0.597965 0.212100
v 0.360604 0.566111 0.248056
v 0.356583 0.618749 0.212918
v 0.287680 0.574181 0.210103
v 0.390528 0.640847 0.214169
v 0.392105 0.588554 0.248434
v 0.428194 0.550914 0.272085
v -0.585197 -0.604116 0.687146
v 0.161914 0.097014 0.300693
v -1.178666 0.422188 0.338774
v -1.246225 0.390108 0.319298
v -1.170099 0.387199 0.380865
v 0.359427 0.614317 -0.044451
v 0.393718 0.631389 -0.039446
v 0.349227 0.662583 0.031444
v 0.386164 0.657683 -0.004798
v 0.374058 0.583169 -0.072091
v 0.407938 0.601332 -0.065829
v -0.562359 -0.328648 0.738291
v -0.583867 -0.324437 0.770785
v -0.538429 -0.331021 0.708160
v 0.112014 0.279858 0.304552
v 0.146593 0.247494 0.308435
v 0.218856 0.249244 0.293670
v 0.181721 0.280100 0.298493
v 0.753384 -0.870568 0.163747
v 0.724310 -0.908891 0.187335
v 0.032778 -0.448409 -0.288140
v -0.275454 0.214266 0.450049
v -0.301451 0.196184 0.462748
v -0.255029 0.185002 0.444323
v -0.292912 0.120740 0.456551
v -0.276000 0.094630 0.447014
v -0.282408 0.166569 0.455263
v -0.526249 -0.595717 0.398107
v -0.545964 -0.603165 0.413000
v -0.535884 -0.604323 0.377018
v -0.577302 -0.619793 0.400211
v -0.556082 -0.611313 0.388918
v -0.507593 -0.589883 0.380817
v -0.562804 -0.617961 0.367930
v -0.542584 -0.611481 0.358057
v 0.150660 -0.625273 0.175525
v 0.073451 -0.555932 0.178441
v 0.128805 -0.625341 0.162726
v -0.003605 -0.496643 0.185614
v 0.052179 -0.555058 0.168534
v 0.096414 -0.554046 0.190345
v 0.032515 -0.552279 0.159582
v 0.107928 -0.622780 0.150557
v -0.043991 0.468040 0.092917
v -0.087750 0.472572 0.085059
v -0.096932 0.473633 0.031384
v -0.542698 0.721017 -0.168622
v -0.519514 0.705792 -0.189610
v -0.562780 0.718653 -0.187638
v -0.586479 0.731568 -0.166567
v -0.605146 0.727080 -0.184484
v -0.542589 0.704629 -0.210431
v -0.570121 0.702285 -0.228813
v -0.584710 0.715833 -0.205126
v -0.498347 0.705229 -0.168894
v -0.501820 0.688380 -0.211359
v 0.211179 0.454020 0.245266
v 0.256393 0.418187 0.271800
v 0.252046 0.486306 0.244381
v 0.216773 0.384555 0.275172
v 0.257500 0.347422 0.285292
v 0.296910 0.379772 0.282795
v 0.296000 0.449713 0.271187
v 0.335159 0.409779 0.282266
v -0.194992 0.234733 0.413433
v -0.162116 0.266173 0.390862
v -0.129388 0.299388 0.363405
v -0.279045 0.609558 0.039945
v -1.065813 0.264475 -0.924692
v -0.443096 0.698633 -0.103920
v -0.487435 0.718989 -0.106554
v -0.259512 0.070118 0.436086
v -0.403541 -0.523808 0.160652
v 0.389495 0.186888 -0.025595
v 0.337920 0.141980 -0.097635
v -0.037373 -0.043414 -0.327940
v 0.049569 -0.073985 -0.330446
v -0.022630 -0.079585 -0.323594
v 0.062719 -0.107122 -0.330351
v 0.149153 -0.124643 -0.319038
v 0.137402 -0.096156 -0.314884
v -0.924161 0.750398 -0.248479
v -0.962674 0.745553 -0.225031
v -0.906953 0.757803 -0.210081
v -0.871854 0.759464 -0.229385
v -0.886961 0.749976 -0.266418
v -0.943914 0.751935 -0.186563
v -0.225237 0.503182 0.223676
v -0.201574 0.486870 0.225244
v -0.582574 0.708323 0.234541
v -0.598989 0.718486 0.209394
v -0.801335 0.472527 0.469831
v -0.817144 0.496624 0.449216
v -0.832293 0.520549 0.427991
v 0.536260 0.576025 0.284081
v 0.495601 0.538712 0.281772
v -0.258831 -0.002536 0.418833
v -0.276136 0.020835 0.434638
v -0.289236 -0.036436 0.433969
v -0.226356 0.024273 0.407505
v -0.341928 -0.057748 0.473114
v -0.318611 -0.077287 0.454110
v -0.308910 -0.013707 0.451065
v -0.268107 -0.058946 0.412727
v -0.406197 0.704316 0.015553
v -0.335089 0.215728 -0.522335
v -0.132371 -0.166280 -0.272887
v -0.188821 -0.182818 -0.282542
v -0.143220 -0.126600 -0.283271
v -0.182769 -0.217938 -0.267818
v -0.978134 -0.636551 1.021616
v -0.959232 -0.659504 1.094532
v -0.992315 -0.625195 1.236929
v -1.022823 -0.620641 1.172633
v -0.928008 -0.665420 1.165422
v -0.896618 -0.687354 1.021275
v -0.920295 -0.663663 0.942302
v -0.505178 0.720611 -0.127991
v -0.459968 0.701975 -0.126882
v -0.523530 0.721333 -0.148536
v -0.482762 -0.704735 -0.463430
v -0.582349 -0.740356 -0.377168
v -0.512490 -0.734615 -0.531756
v -0.698024 -0.801895 -0.522031
v -0.555480 -0.762304 -0.608605
v -0.633177 -0.773012 -0.443841
v -0.775657 -0.815003 -0.334240
v -0.704816 -0.782616 -0.272640
v -0.861867 -0.841292 -0.409622
v -0.473437 -0.600086 0.219645
v -0.484676 -0.605662 0.257725
v -0.474406 -0.591225 0.281342
v -0.368098 -0.499784 -0.870704
v -0.021603 -0.565352 -0.056805
v 0.046969 -0.631193 -0.100402
v 0.037455 -0.605619 -0.128065
v 0.548262 -0.398035 -0.092883
v 0.581137 -0.439579 -0.099420
v 0.518638 -0.404371 -0.165001
v 0.553060 -0.445221 -0.163740
v 0.613292 -0.480314 -0.109223
v 0.586853 -0.484922 -0.166584
v -0.532269 -0.617254 0.321883
v -0.527809 -0.628098 0.266946
v 0.444569 0.620008 -0.058436
v 0.462630 0.587893 -0.074566
v 0.206549 0.515456 0.204430
v 0.248862 0.546069 0.206436
v 0.321602 -0.071990 0.148322
v 0.311985 -0.129931 0.183535
v -1.589070 0.208819 -0.761357
v -1.665841 0.248042 -0.649365
v -1.721316 0.167608 -0.653027
v -1.645199 0.120126 -0.780211
v -1.516984 0.085698 -0.891231
v -0.876077 0.222581 0.584107
v -0.833858 0.238599 0.577477
v -0.909090 0.251343 0.568116
v -0.863860 0.272024 0.562621
v -0.928540 0.206061 0.588323
v -0.964267 0.230011 0.570534
v -0.825505 0.292418 0.555810
v -0.892396 0.303484 0.547240
v -0.940354 0.278602 0.550820
v -0.242993 0.046891 0.423303
v -1.274527 0.400453 -0.712475
v -0.374563 -0.107875 0.499696
v -0.346559 -0.123785 0.477744
v 0.411814 -0.978007 0.151032
v 0.363892 -1.002843 0.083873
v 0.433503 -0.962036 0.174320
v 0.452184 -0.983426 0.171531
v 0.388512 -0.992139 0.121198
v 0.432042 -1.000334 0.147856
v 0.387984 -1.028281 0.078494
v -0.764440 0.572967 0.378312
v -0.777321 0.597719 0.354260
v -1.597824 -0.265907 -0.894108
v -1.590171 -0.392735 -0.855275
v -1.740145 -0.220135 -0.748753
v -1.737398 -0.348842 -0.702682
v -1.821789 -0.155329 -0.583447
v -1.823186 -0.282747 -0.529303
v -1.690784 0.017680 -0.787057
v -1.724045 -0.096717 -0.777015
v -1.802010 -0.035660 -0.622770
v -0.620563 -0.632717 0.631917
v -0.657120 -0.647078 0.575468
v -0.638710 -0.642375 0.535713
v -0.312224 0.162165 -0.528668
v -0.667488 0.642127 -0.347087
v -0.271344 -0.406207 0.250973
v -0.222997 -0.408624 0.227206
v -0.179266 -0.390927 0.232578
v -0.202952 -0.400073 0.230327
v -0.120373 -0.412639 0.214930
v -0.144286 -0.418012 0.210858
v -0.164763 -0.422515 0.207237
v -0.181820 -0.426603 0.202063
v -0.253614 -0.298596 -0.402794
v -0.198631 -0.142263 -0.295488
v -0.236470 -0.187054 -0.341242
v -0.211292 -0.097371 -0.305764
v -0.229535 -0.227722 -0.325893
v -1.070654 -0.419137 1.031101
v -1.065651 -0.402895 1.027485
v -0.965576 -0.114601 0.691272
v -1.010016 -0.196223 0.689586
v -1.026882 -0.183543 0.680461
v -0.825082 0.710333 0.229825
v -0.861526 0.694201 0.230711
v -0.818681 0.693426 0.255990
v -0.898459 0.686941 0.217707
v -0.896349 0.665343 0.250957
v -0.849344 0.655809 0.286995
v -0.810059 0.672371 0.281971
v -0.856641 0.676623 0.257750
v 0.663665 -0.578654 0.058085
v 0.700043 -0.591824 0.001002
v 0.723485 -0.609829 -0.059285
v 0.728674 -0.625375 -0.016017
v 0.656019 -0.604391 0.091020
v 0.623265 -0.544203 0.077566
v 0.613404 -0.571464 0.108932
v 0.213831 0.402064 -0.157157
v -0.776151 0.509395 0.437216
v -0.791007 0.532835 0.414970
v -1.005557 -0.600190 0.495203
v -1.007363 -0.578647 0.512775
v -0.997908 -0.554868 0.537927
v -1.035829 -0.569542 0.519850
v -1.032490 -0.552119 0.533799
v -0.722207 0.072787 0.635364
v -0.658068 0.037299 0.625977
v -0.649885 -0.008978 0.641049
v -0.623351 0.607402 -0.369039
v -0.583529 0.605182 -0.352803
v -0.618888 0.574429 -0.401985
v -0.626943 0.637259 -0.337815
v -0.586895 0.636446 -0.323011
v -0.591858 0.663191 -0.296381
v -0.843388 -0.644032 0.465707
v -0.841320 -0.658476 0.433036
v -0.808644 -0.653976 0.444708
v -1.222198 0.653171 -0.278092
v -0.817908 0.582050 0.368524
v -0.804863 0.557056 0.392405
v -0.710277 0.572538 0.389286
v -0.788959 0.623521 0.330836
v 0.109583 -0.681478 0.091337
v 0.042986 -0.602058 0.108758
v 0.144518 -0.753459 0.048898
v 0.133926 -0.690386 0.110906
v 0.526459 0.498668 0.276070
v 0.552180 0.461981 0.257069
v 0.568480 0.537563 0.279170
v 0.462113 0.509198 0.281521
v 0.492006 0.467558 0.275648
v -0.370142 -0.484931 0.214884
v -0.398037 -0.507445 0.238182
v -0.386706 -0.503967 0.189213
v -0.354577 -0.466321 0.237649
v -0.383013 -0.486655 0.262610
v -0.419002 -0.527460 0.265476
v -0.404325 -0.505117 0.290874
v -0.368672 -0.464945 0.284092
v -0.389931 -0.481402 0.314829
v -0.789751 -0.324442 1.172078
v -0.823065 -0.307056 1.146193
v -0.808665 -0.305015 1.256004
v -0.779282 -0.331235 1.086354
v -0.757357 -0.355168 1.195590
v -0.783505 -0.340078 1.274596
v -0.054793 0.469081 0.034673
v -0.421137 0.500694 0.393279
v -0.840063 -0.638022 0.516625
v -0.878959 -0.615750 0.575875
v -0.862222 -0.628576 0.542209
v -0.831442 -0.645411 0.591587
v -0.853852 -0.639347 0.626513
v -0.811830 -0.645094 0.494119
v -1.012809 -0.710249 -0.870757
v -0.182941 0.348297 0.351758
v -0.125658 0.355125 0.324099
v -1.000674 -0.226698 0.690029
v -0.992191 -0.269936 0.691714
v -0.962745 -0.282871 0.721412
v -0.981029 -0.313134 0.705574
v 0.619938 0.818224 0.053823
v 0.735301 0.838245 0.071828
v 0.732956 0.850749 0.104912
v 0.679724 0.852160 0.078648
v 0.619586 0.834610 0.094310
v 0.570417 0.799469 0.075998
v 0.417660 -0.248426 0.105734
v 0.338805 -0.236025 0.185028
v 0.451028 -0.290762 0.085881
v -0.936571 -0.766866 -0.784227
v -0.351826 0.157716 -0.765030
v -0.427408 0.145922 -0.885092
v -0.374440 0.236685 -0.737177
v -0.402738 0.299072 -0.709645
v -0.371719 0.281261 -0.610136
v -0.342421 0.228760 -0.624968
v -0.444657 0.235730 -0.844077
v -0.467187 0.307599 -0.803917
v -0.550252 0.127012 -0.977701
v 0.327062 -0.171423 -0.226823
v 0.395450 -0.193221 -0.147509
v 0.341203 -0.210384 -0.240281
v 0.378613 -0.152413 -0.128771
v 0.363796 -0.112508 -0.107887
v 0.398290 -0.142334 -0.021090
v 0.374992 -0.101054 0.009333
v 0.019855 -0.494695 0.194131
v 0.044869 -0.489792 0.204550
v 0.120594 -0.547644 0.202346
v 0.173175 -0.620882 0.189450
v -1.119984 0.678886 -0.068410
v -1.090155 0.688933 -0.038212
v -1.060336 0.698542 -0.011883
v -1.093146 0.678286 0.029115
v -1.127471 0.665264 0.005308
v -1.053288 0.708488 -0.081381
v 0.536769 -1.157891 0.079870
v 0.487279 -1.121624 0.059830
v 0.464038 -1.083762 0.078490
v 0.504774 -1.108443 0.096945
v -0.930360 0.682671 0.199445
v -0.933084 0.659787 0.235806
v -0.963292 0.678778 0.182099
v -0.178328 0.471484 0.227894
v 0.565533 -0.536676 0.128302
v 0.498204 -0.532935 0.170627
v 0.439258 -0.496279 0.188851
v 0.425763 -0.529666 0.203892
v 0.512824 -0.500826 0.148139
v 0.530854 -0.469717 0.119577
v 0.578520 -0.507872 0.098259
v -0.619096 -0.727701 -0.163880
v -0.535204 -0.691928 -0.252319
v -0.597777 -0.708808 -0.109514
v -0.679172 -0.746792 -0.027160
v -0.489642 -0.650582 -0.188676
v -0.530053 -0.669211 -0.122791
v -0.479258 -0.655411 -0.259509
v -0.530344 -0.678232 -0.188739
v -0.471235 -0.664955 -0.328049
v -0.582620 -0.693525 -0.051562
v -0.551260 -0.712545 -0.313591
v -0.471297 -0.681429 -0.394955
v -0.578925 -0.439508 0.970886
v -0.565607 -0.421017 0.915514
v 0.799257 -0.742264 -0.192148
v 0.766004 -0.704313 -0.184250
v 0.821104 -0.742309 -0.148704
v 0.787235 -0.705622 -0.139809
v 0.360435 -1.064724 -0.144144
v 0.330588 -1.043819 -0.133251
v 0.352614 -1.047412 -0.193555
v 0.386651 -1.070125 -0.203686
v 0.387100 -1.047869 -0.246868
v 0.424839 -1.097712 -0.214785
v 0.320908 -1.025733 -0.183349
v 0.392025 -1.023176 -0.285661
v 0.427527 -1.074932 -0.256081
v -0.211063 -0.460657 0.122274
v -0.272535 -0.459690 0.128617
v -0.188931 -0.456279 0.140542
v -0.251430 -0.450153 0.150258
v -0.923682 0.091089 0.632648
v -0.856606 0.121723 0.630056
v -0.977144 0.111837 0.619826
v -1.062060 0.054643 0.614753
v -1.115990 0.074774 0.597712
v -0.847303 0.158294 0.615645
v -0.905354 0.143507 0.619605
v -0.802837 0.134207 0.624171
v -0.951700 0.163515 0.606348
v -1.027226 0.130659 0.604528
v -0.889776 0.181661 0.604117
v 0.709845 -0.782610 0.144352
v 0.739903 -0.808267 0.139195
v -0.630828 0.548865 0.426258
v -0.610202 0.514827 0.437412
v -0.589854 0.483338 0.445391
v 0.670140 -1.050124 0.209122
v 0.545060 -1.076294 0.157158
v -1.013187 0.612509 0.247688
v -1.013007 0.579724 0.290181
v -0.971711 0.625525 0.260424
v -0.970124 0.653688 0.220263
v -1.007603 0.547970 0.332208
v -1.006924 -0.445779 0.924135
v -1.000064 -0.428405 0.919940
v 0.178795 0.349484 0.281390
v 0.218731 0.313860 0.290718
v 0.331353 0.342514 0.278701
v 0.293644 0.312267 0.281868
v -0.642064 0.524512 -0.495816
v -0.612061 0.541334 -0.438473
v -0.689430 0.538783 -0.504051
v -0.592927 -0.635812 0.354457
v -0.617922 -0.644108 0.363853
v -0.608041 -0.653386 0.331583
v -0.584822 -0.626171 0.376524
v -0.608377 -0.634894 0.387157
v -0.663490 -0.684765 0.323454
v -0.636122 -0.678829 0.308018
v -0.759139 0.106982 0.629869
v -0.719843 0.109438 0.619583
v -0.801593 0.165210 0.609113
v -0.760615 0.137790 0.616101
v -0.454412 0.479698 -0.358096
v 0.646451 -0.633353 0.119954
v 0.623794 -0.700047 0.168671
v 0.014282 0.375136 0.254715
v -0.002001 0.343359 0.287540
v 0.046175 0.346526 0.275091
v 0.030746 0.408828 0.221355
v 0.067771 0.381767 0.249643
v 0.025168 0.313578 0.301770
v 0.078925 0.313991 0.292445
v 0.053204 0.281214 0.313131
v 0.027080 0.251207 0.334419
v -0.434502 0.385033 -0.391600
v -0.445947 0.431274 -0.377817
v -0.571206 0.304985 -0.879858
v 0.504215 -0.401033 0.102193
v 0.485841 -0.333353 0.068097
v -0.250512 0.490665 0.260558
v -0.274152 0.509690 0.260536
v -0.279406 0.476535 0.299314
v -0.226276 0.472768 0.261533
v -0.255636 0.456746 0.299803
v -0.349713 -0.291704 0.470726
v -0.332611 -0.248959 0.456609
v -0.374266 -0.281507 0.506401
v -0.344609 -0.340616 0.440312
v -0.365076 -0.333075 0.480255
v -0.386862 -0.326278 0.517276
v 0.441873 -0.230173 0.029059
v 0.441987 -0.225954 -0.063128
v 0.415133 -0.188173 0.050416
v 0.384613 -0.206806 0.128285
v 0.386844 -0.147721 0.076647
v 0.420080 -0.184176 -0.044857
v -0.891145 0.532758 0.413711
v -0.846992 0.545336 0.405149
v -0.875884 0.508273 0.439450
v 0.769159 0.694311 0.007781
v -0.729151 -0.399639 1.214399
v -0.764027 -0.388317 1.288363
v 0.077553 0.472137 0.166420
v 0.050605 0.442080 0.190031
v 0.125838 0.450516 0.213019
v 0.172091 0.419684 0.249753
v 0.136373 0.384581 0.258913
v 0.164031 0.483303 0.205672
v 0.115946 0.501375 0.155113
v 0.092946 0.416703 0.227480
v -1.366902 -0.084131 0.536135
v -1.263581 0.018568 0.562747
v -1.406802 -0.037728 0.510330
v -1.304577 0.050753 0.539145
v -1.163550 0.096275 0.578333
v -1.214050 -0.009869 0.583405
v -1.013892 -0.645719 0.464812
v -0.952314 -0.670366 0.437684
v -1.022504 -0.613599 0.488938
v -1.006024 -0.685320 0.432023
v -0.973222 -0.643966 0.462273
v -1.031296 -0.588933 0.506009
v -0.924524 -0.659121 0.442769
v -0.894149 -0.680111 0.418911
v -0.323855 0.518929 0.299161
v -0.297525 0.530065 0.260376
v -1.064674 0.292710 0.508400
v -0.971070 0.303554 0.532453
v -1.034292 0.348272 0.492081
v -1.169596 0.277222 0.471825
v -1.098987 0.311619 0.484618
v -1.840645 -0.331961 -0.285132
v -1.804550 -0.412912 -0.462376
v -1.811846 -0.460555 -0.210760
v -1.831523 -0.242080 -0.118440
v -1.812172 -0.369456 -0.046340
v -1.851644 -0.202523 -0.354649
v -0.678068 0.516125 -0.554650
v -0.663306 0.495320 -0.608456
v -0.598985 -0.628436 0.414176
v -0.603096 -0.001830 0.612037
v -0.621879 0.041444 0.606025
v -0.553087 -0.032955 0.591278
v -0.447997 -0.539491 0.383076
v -0.462274 -0.546029 0.410790
v -0.462876 -0.562615 0.355846
v -0.446165 -0.517200 0.443203
v -0.494330 -0.574418 0.404911
v -0.477696 -0.568738 0.382256
v -0.478118 -0.552159 0.435387
v -0.432433 -0.511761 0.413429
v -0.431170 -0.483505 0.474915
v -0.192410 0.047164 0.400796
v -0.255170 -0.349865 -0.354318
v -0.225617 -0.260798 -0.307432
v -0.253450 -0.328812 -0.380320
v -1.293149 0.591288 -0.066492
v -1.238417 0.628200 -0.101974
v 0.616057 0.471963 0.232147
v 0.667110 0.519344 0.238770
v 0.595115 0.501812 0.260338
v 0.723169 0.573514 0.244006
v -0.424244 0.705992 0.132000
v -0.416239 0.689329 0.153558
v -1.183420 0.660118 -0.142454
v -1.151729 0.669302 -0.103512
v -1.130898 0.686083 -0.187583
v -1.277684 0.616551 -0.148438
v 0.065693 -0.610623 0.124016
v -0.027652 -0.534725 0.126285
v 0.823509 -1.092623 0.207708
v 0.796536 -1.012664 0.204028
v 0.760875 -1.054128 0.214123
v -1.581910 0.250107 0.166895
v -1.514691 0.257926 0.241531
v -1.443839 0.264471 0.300076
v -1.507099 0.214086 0.295189
v -1.430650 0.229098 0.348686
v -1.635646 0.292948 0.017205
v -1.533990 -0.074466 0.430663
v -1.621987 -0.173430 0.363049
v -1.505681 -0.143787 0.466243
v -1.554387 -0.003215 0.387928
v -1.639780 -0.082259 0.314195
v -1.697348 -0.281004 0.273526
v -1.716357 -0.172602 0.218081
v -1.649883 0.007647 0.258462
v -0.109284 -0.045126 0.331173
v -0.144237 -0.070949 0.329146
v -0.145769 -0.125723 0.311835
v -0.079155 -0.071419 0.318099
v -0.116040 -0.097995 0.313535
v -0.249011 0.235843 0.433676
v -0.226083 0.207420 0.431074
v -0.219937 0.262107 0.413132
v -0.188334 0.292246 0.387632
v -0.214120 0.318923 0.384511
v -0.244344 0.290824 0.412748
v -0.982534 -0.564228 0.897997
v -0.985038 -0.602546 0.954243
v -0.578930 -0.291394 0.727999
v -0.607053 -0.289335 0.757830
v -0.626424 -0.255348 0.743142
v -0.556944 -0.251050 0.684970
v -0.592054 -0.254398 0.714697
v -0.549688 -0.291440 0.697409
v -0.322120 0.551270 0.258755
v -0.346651 0.541359 0.296701
v -0.362104 0.672732 0.118812
v -0.363592 0.658650 0.145756
v -0.381159 0.650604 0.173721
v -0.385907 0.672729 0.147555
v -0.402326 0.669709 0.167537
v -0.945208 -0.307843 0.767947
v -0.956594 -0.325048 0.754270
v -0.936397 -0.328989 0.837054
v -0.949323 -0.348358 0.810746
v 0.578121 -1.214841 0.061386
v 0.558543 -1.142374 0.116447
v -0.413514 -0.527929 0.212090
v -0.433631 -0.548584 0.239880
v -0.748517 0.663333 -0.354857
v -0.789530 0.678259 -0.354281
v -0.815396 0.734588 -0.287944
v -0.823703 0.716429 -0.320076
v -0.831115 0.694178 -0.351034
v -1.325113 0.519613 -0.512116
v -1.314505 0.462875 -0.604998
v -1.310348 0.570057 -0.433956
v -1.260114 0.559199 -0.480183
v -0.434854 0.346867 -0.683896
v -0.404271 0.322091 -0.596886
v -0.866104 0.350531 -0.876299
v -0.882297 0.277898 -0.940957
v -0.592078 0.569789 0.404225
v -1.071421 0.651866 0.141407
v -1.124644 0.651802 0.070344
v -0.391901 -0.466788 0.370402
v -0.405266 -0.474534 0.406707
v -0.406146 -0.494784 0.347618
v -0.419689 -0.504456 0.380857
v -0.420685 -0.520412 0.321705
v -0.434555 -0.531714 0.353077
v -0.449220 -0.554671 0.326395
v -0.435278 -0.543165 0.295527
v -0.417829 -0.479472 0.441853
v -1.720612 0.127031 0.025141
v -1.781996 0.070007 -0.105027
v -1.726326 0.035338 0.090739
v -1.788838 -0.150797 0.030060
v -1.725469 -0.065924 0.156029
v -1.789398 -0.035066 -0.038716
v -1.835887 -0.117077 -0.188716
v -1.827508 -0.000511 -0.253307
v -1.708407 0.207409 -0.036931
v -1.765135 0.163082 -0.165437
v -1.808133 0.103651 -0.309248
v -0.740184 0.529827 -0.557050
v -0.812169 0.542131 -0.551062
v -0.821431 -0.316377 1.346860
v 0.693683 0.486665 0.168359
v 0.747698 0.539717 0.178731
v 0.523997 -1.092832 0.129157
v 0.426731 -1.069354 0.055948
v -1.033531 0.664570 0.153943
v -0.997553 0.673239 0.167299
v -1.047334 0.632424 0.193039
v 0.516966 -0.878246 -0.388583
v 0.456755 -0.893480 -0.378949
v 0.435164 -0.930530 -0.366046
v -0.762001 0.670459 0.292673
v -0.799523 0.648771 0.306843
v 0.420422 -0.871032 -0.374252
v 0.357153 -0.251297 -0.250954
v 0.298729 -0.310867 -0.318866
v 0.338933 0.147655 0.147813
v -0.488241 0.020539 0.546754
v -0.519978 -0.010632 0.566291
v 0.638405 -0.765525 0.180310
v 0.617673 -0.802814 0.197708
v 0.662837 -0.792426 0.173786
v -1.464206 0.181455 -0.859373
v -1.766902 0.072641 -0.646569
v -0.854397 -0.800799 -0.694870
v -1.152516 -0.788913 -0.677115
v -1.347646 -0.800296 -0.536073
v 0.416145 0.508786 -0.099375
v 0.448789 0.533154 -0.091024
v 0.393687 0.547492 -0.089976
v 0.427476 0.567601 -0.082810
v -1.606336 0.421308 -0.207511
v -1.597106 0.429904 -0.422915
v -0.778935 -0.650640 0.536391
v -1.655254 0.090955 0.197925
v -0.929790 -0.333171 0.928167
v -0.804618 0.748622 -0.253946
v -0.760477 0.748914 -0.226004
v -0.433838 0.718254 0.109439
v 0.002138 0.178996 -0.290608
v 0.039383 0.034550 -0.317177
v -0.132745 0.190389 -0.303744
v 0.401439 -1.099853 -0.105940
v 0.373376 -1.076120 -0.092025
v 0.466665 -1.002462 0.164774
v -0.910400 -0.730677 0.371126
v -0.887218 -0.758148 0.332207
v -0.858374 -0.777228 0.293040
v -0.776225 -0.746347 0.296166
v -0.951481 -0.802505 0.299100
v -0.579781 0.569854 -0.384205
v -0.201661 0.455590 0.263932
v -0.230840 0.437281 0.301799
v -0.285844 0.439211 0.338863
v -0.261396 0.417373 0.340566
v 0.315234 -0.579107 -0.364671
v 0.420147 -0.584073 -0.344944
v 0.381810 -0.621209 -0.362836
v 0.359503 -0.544498 -0.352708
v -1.077543 -0.439888 1.039422
v 0.289565 0.618030 0.166270
v 0.324802 0.639171 0.168440
v -1.100450 0.540570 -0.547044
v -0.115587 -0.451789 0.185476
v -0.132071 -0.451855 0.178295
v -0.239697 -0.417138 0.221572
v -0.197473 -0.430963 0.194382
v -0.149145 -0.452332 0.168659
v -0.734866 0.507606 -0.614679
v -0.652503 -0.751966 -0.217576
v -0.840750 -0.828473 -0.158972
v -0.718555 -0.771003 -0.070757
v -0.770519 -0.798324 -0.113855
v -0.623807 0.722660 -0.201380
v -0.962899 -0.440327 0.738730
v -0.068437 -0.020391 0.335050
v -0.035080 -0.045412 0.323138
v -0.053255 0.026049 0.350788
v -0.008867 0.048278 0.350325
v -0.148091 -0.331378 0.261447
v 0.197213 -0.834368 0.029333
v 0.172551 -0.820114 -0.003969
v 0.120698 -0.738038 0.022144
v 0.099702 -0.719922 -0.003652
v -0.099206 0.331890 0.332077
v -0.156200 0.324058 0.357460
v -0.053382 -0.447121 0.202177
v -0.027424 -0.442055 0.210610
v -0.396714 0.586239 0.280668
v -1.403923 0.265180 -0.816977
v 0.959436 -0.897845 0.050998
v -0.498800 0.682407 0.245628
v -1.128689 0.332866 0.454823
v -1.056215 0.595809 0.234746
v -1.008868 0.645044 0.206262
v -0.556349 -0.410544 0.863667
v 0.586781 0.411570 0.189612
v 0.631614 0.450924 0.196952
v 0.572044 0.432315 0.226866
v 0.597208 0.400063 0.148926
v 0.557105 0.366675 0.141532
v 0.642946 0.439798 0.158219
v 0.548136 0.378694 0.184206
v 0.681912 0.497790 0.204893
v -0.098969 -0.484209 0.142132
v -0.167993 -0.453566 0.156023
v -0.006241 -0.540908 0.138644
v -0.079006 -0.487267 0.153824
v -0.806749 -0.648473 0.563069
v -0.795714 -0.663984 0.655289
v 0.492432 0.302146 0.040636
v 0.453817 0.271820 -0.011218
v 0.420588 0.230648 -0.017442
v 0.525913 0.332393 0.091255
v -0.209820 0.068585 0.415599
v -0.175107 0.089788 0.410421
v -0.404627 0.434317 -0.343593
v -0.361534 0.444917 -0.310109
v -0.393782 0.385101 -0.355810
v -0.419618 0.343414 -0.399484
v -1.156334 -0.034422 0.601885
v 0.482799 0.556656 -0.082491
v -0.541455 -0.465475 0.854408
v 0.772041 -0.938519 0.186645
v 0.801461 -0.898856 0.159967
v -1.296086 0.170450 -0.935059
v -1.246040 0.258438 -0.882962
v 0.301467 -1.018497 -0.121718
v 0.318726 -1.031825 -0.069574
v 0.345932 -1.055856 -0.080322
v 0.014537 0.139737 0.361161
v 0.022613 0.192288 0.353747
v -1.435751 0.382425 0.159295
v -0.159838 -0.211664 0.296420
v -0.192380 -0.188008 0.318009
v -0.122521 -0.236827 0.280553
v -0.138401 -0.182290 0.295251
v -0.170387 -0.155553 0.313657
v -1.315952 -0.124470 0.558065
v -0.370918 -0.173019 0.502477
v -0.398453 -0.088433 0.514541
v -0.101068 -0.210342 0.282800
v -0.113509 -0.153828 0.297380
v -1.777233 -0.271547 0.097695
v -1.646579 0.235080 0.074340
v -1.653733 0.167514 0.135308
v 0.748497 -0.643883 -0.073788
v 0.774052 -0.677948 -0.085327
v 0.818908 -0.734484 -0.011481
v 0.814052 -0.721761 -0.052494
v -0.034144 -0.216451 0.280390
v -0.076362 -0.183984 0.287153
v 0.711319 -0.599491 -0.105325
v -0.890368 0.733895 0.119284
v -0.867261 0.745346 0.100448
v -0.225676 -0.049034 -0.313461
v 0.473801 -1.108646 -0.267075
v -0.126102 -0.450226 -0.114475
v -0.053847 -0.493446 -0.149401
v -0.117119 -0.473666 -0.082223
v -0.722619 0.453447 -0.738283
v -0.569618 -0.169540 0.656011
v -0.529779 -0.156544 0.620872
v -0.575730 -0.128717 0.643467
v -0.582769 -0.087553 0.632410
v -0.628148 -0.095520 0.665546
v -0.542979 -0.074135 0.599049
v -0.535618 -0.115099 0.608846
v 0.267232 -0.850573 -0.294251
v -1.491754 -0.621937 0.413613
v -1.563215 -0.559043 0.392646
v -1.414881 -0.264353 0.518667
v -1.501120 -0.414646 0.463946
v -0.436190 -0.590176 -0.207598
v -0.455087 -0.615509 -0.196997
v -0.420687 -0.588255 -0.275590
v -0.443028 -0.636198 -0.313379
v -0.418901 -0.615342 -0.341526
v -0.460452 -0.633874 -0.239112
v -0.400853 -0.587862 -0.343204
v -0.438830 -0.614323 -0.269767
v 0.781023 0.630800 0.248016
v -0.495241 -0.499105 0.582960
v -0.509338 -0.502858 0.611030
v 0.473677 -0.420167 -0.235212
v 0.513055 -0.460333 -0.226689
v -0.996857 -0.347192 0.687585
v -0.349603 0.394075 -0.322073
v -0.319542 0.461703 -0.276398
v 0.472646 -0.618023 -0.338598
v -0.888281 0.763594 -0.172100
v -0.854515 0.766083 -0.191603
v -0.834018 0.769259 -0.153176
v -0.500730 0.339739 0.500681
v 0.692440 0.671465 -0.024047
v 0.636712 0.626611 -0.041148
v 0.586985 0.587460 -0.057255
v 0.693538 0.575936 -0.008604
v 0.612875 0.560700 -0.045295
v 0.087164 -0.617814 0.137958
v 0.013477 -0.547323 0.149797
v -0.043170 -0.494128 0.171400
v -0.024492 -0.495954 0.178098
v 0.642725 -0.520262 -0.121943
v 0.543302 0.554119 -0.069945
v 0.068407 -0.678209 -0.051558
v 0.082055 -0.700245 -0.028204
v 0.056961 -0.655193 -0.075167
v -0.620821 -0.636779 0.433181
v -0.603677 -0.628810 0.469909
v -0.621137 -0.636750 0.499844
v -0.371105 0.563786 0.290225
v -0.227403 0.526778 -0.156221
v -0.957429 -0.433696 0.815707
v -0.956059 -0.444635 0.811814
v -0.956682 -0.457336 0.811762
v -0.995579 -0.415987 0.917910
v -0.942442 -0.476277 0.712714
v -0.959859 -0.423150 0.821483
v -0.949710 -0.465406 0.718821
v 0.358607 0.308564 0.259715
v 0.367574 0.370438 0.276854
v 0.392488 0.334601 0.256781
v 0.410321 0.303982 0.224458
v 0.379193 0.278813 0.228492
v 0.323893 0.280594 0.263893
v 0.348329 0.252158 0.233693
v -0.750868 0.549858 0.402664
v -1.567598 0.067804 0.337842
v -0.157324 -0.083783 -0.293037
v 0.223445 -0.099535 -0.271474
v 0.338563 -0.054426 -0.099948
v 0.597358 0.496167 -0.038528
v 0.642103 0.534226 -0.023420
v 0.402734 -0.628907 0.229865
v -0.852561 -0.313054 1.027114
v -0.118752 -0.013219 -0.316200
v -0.188501 0.002851 -0.308279
v -0.049130 -0.007075 -0.330671
v -0.103336 -0.053092 -0.309619
v -0.173161 -0.039983 -0.301429
v -0.934733 -0.518968 0.628053
v -0.925286 -0.533374 0.633626
v -0.937075 -0.488370 0.711444
v -0.960511 -0.474610 0.816939
v -0.934727 -0.504402 0.717399
v -0.967162 -0.497440 0.831323
v -0.935059 -0.526183 0.734092
v -0.917607 -0.552706 0.651836
v -1.381780 0.347851 0.253572
v -0.602207 -0.215929 0.702093
v -0.641429 -0.219841 0.729628
v -0.840654 0.193081 0.598908
v 0.569131 0.525283 -0.059055
v 0.557713 0.462373 -0.050729
v 0.564823 0.614420 -0.059566
v 0.520730 0.582904 -0.072096
v -0.375676 -0.456121 0.334825
v -0.340068 -0.447884 0.256656
v -0.354389 -0.443093 0.301332
v -0.360488 -0.430467 0.349322
v -0.309703 -0.411916 0.279778
v -0.287726 -0.419641 0.244283
v -0.325670 -0.429664 0.270825
v -0.302355 -0.433372 0.232740
v -0.338838 -0.420929 0.312614
v 0.166412 -0.741105 -0.222923
v 0.104816 -0.674017 -0.176319
v 0.166326 -0.709448 -0.252224
v 0.028413 -0.579037 -0.159793
v 0.099662 -0.644679 -0.207265
v -1.295770 -0.877627 0.266350
v -1.060497 0.558365 0.277631
v -1.059506 0.522843 0.321165
v -0.060864 -0.491073 0.163632
v -0.097912 -0.451364 0.191055
v -0.773408 -0.812184 -0.606523
v -0.927735 -0.856648 -0.212408
v 0.096120 -0.352781 0.260862
v 0.155916 -0.394939 0.254814
v -0.414326 -0.557724 -0.196950
v -0.294717 -0.098190 0.430982
v -0.270670 -0.119643 0.404133
v -0.306055 -0.460030 0.159988
v -0.931428 -0.700027 0.406988
v -0.503294 0.410605 -0.626673
v -0.564057 0.695812 0.261530
v -0.909041 -0.576530 0.588034
v -0.893430 -0.599136 0.622292
v -0.910876 -0.579521 0.684405
v -0.924942 -0.560656 0.569292
v 0.736254 0.550303 0.212565
v 0.791023 0.604985 0.219232
v 0.835014 0.647388 0.226658
v -0.862343 0.729041 -0.313529
v -0.850916 0.744588 -0.279480
v -0.857274 -0.823564 0.124260
v -0.938526 -0.845373 0.191492
v -0.931918 -0.853800 0.106855
v -0.854059 -0.812106 0.198810
v -0.910760 -0.818060 0.250029
v -0.767971 -0.787517 0.051436
v -0.825778 -0.816073 0.020343
v -0.474676 -0.633909 -0.164774
v -0.498339 -0.648054 -0.115370
v -0.239759 0.345647 0.381704
v -0.209477 0.372057 0.346874
v -0.341140 -0.188099 0.471815
v -0.359114 -0.234425 0.491398
v -0.400603 -0.273601 0.538798
v -0.313711 -0.205229 0.439074
v -0.387389 -0.222433 0.522495
v -0.952127 -0.357754 0.876323
v -0.960461 -0.375150 0.786211
v -0.954884 -0.361288 0.798640
v -0.976540 -0.369040 0.725447
v -0.967068 -0.345855 0.740333
v -1.380815 0.309244 0.298872
v -0.867053 -0.403494 1.411160
v -0.809061 -0.367391 1.356661
v -0.805498 -0.427741 1.357377
v 0.299880 0.646265 0.118987
v -0.781562 -0.274584 0.850945
v -0.780963 -0.234549 0.789141
v -1.370894 0.275411 0.344528
v 0.434407 -1.048986 -0.292600
v 0.444735 -1.020525 -0.324441
v 0.213046 0.078477 0.263689
v 0.377655 0.200570 0.143320
v 0.362741 0.145658 0.085709
v 0.341088 0.199626 0.197531
v 0.356409 0.173447 0.145502
v 0.366466 0.225975 0.192885
v 0.602349 0.397981 0.105872
v 0.561686 0.368447 0.052730
v 0.838728 -0.747294 -0.105895
v 0.803757 -0.711745 -0.095298
v -1.621938 -0.479907 0.362171
v -1.595065 -0.262607 0.404004
v -1.666500 -0.385833 0.322211
v -1.554886 -0.344183 0.438074
v 0.168075 -0.675876 -0.281361
v 0.096291 -0.613270 -0.239744
v 0.226463 -0.767676 -0.289755
v 0.233986 -0.732283 -0.314576
v -0.391978 0.687568 0.128719
v -0.681071 -0.710475 0.285648
v -0.710241 -0.713752 0.307576
v -0.805389 -0.736681 0.327847
v -0.693044 -0.685659 0.342358
v -0.740155 -0.711182 0.331586
v -0.610568 -0.670093 0.293929
v -1.581537 0.195458 0.224997
v -1.691982 0.275164 -0.092902
v 0.003636 0.092641 0.358988
v -0.058573 -0.465250 -0.183118
v -0.058349 -0.434530 -0.214768
v 0.021329 -0.550129 -0.193689
v -0.818045 -0.317356 1.056729
v -0.813189 -0.312659 0.974494
v -0.849576 -0.308598 0.943992
v 0.615177 0.652172 -0.042843
v -0.461977 -0.583011 0.246779
v -0.449244 -0.563505 0.270847
v -0.377035 -0.437849 0.387771
v -0.391026 -0.442619 0.426693
v -0.404370 -0.445071 0.464782
v 0.582265 -0.646134 -0.309799
v 0.552468 -0.675772 -0.337480
v 0.549509 -0.615821 -0.306708
v 0.583398 -0.590020 -0.271225
v 0.549155 -0.556452 -0.269554
v 0.612360 -0.622829 -0.276911
v 0.510347 -0.584242 -0.308542
v 0.095591 -0.260457 0.274204
v 0.561982 0.363415 0.097244
v 0.525754 0.335482 0.045420
v 0.464007 -0.483929 -0.281885
v 0.410930 -0.512462 -0.325083
v 0.463978 -0.550333 -0.314688
v -1.337166 0.579677 -0.122026
v -1.376956 0.568936 -0.185465
v -0.502661 -0.645414 -0.042672
v -0.483160 -0.633058 -0.090405
v -1.576832 0.134410 0.282834
v 0.361895 -0.491350 0.218885
v -0.410326 -0.321355 0.551266
v 0.274660 -0.509220 0.240007
v 0.350775 -0.523202 0.226890
v -0.376455 -0.409752 0.439040
v -0.361208 -0.408352 0.397866
v -0.941826 -0.548814 0.564366
v -0.875937 -0.460517 1.401286
v -0.918841 0.738724 0.049115
v -1.116757 0.493425 0.309273
v -1.054065 0.489934 0.364154
v -1.114176 0.456851 0.352993
v -1.846413 -0.079145 -0.415303
v 0.297454 -0.196886 0.208263
v 0.350088 -0.167088 0.153979
v -0.780149 0.756015 0.173181
v -0.391557 -0.409251 0.478855
v -0.407650 -0.408137 0.516575
v -0.425385 -0.407664 0.551063
v -0.418513 -0.446474 0.500418
v -0.434130 -0.448422 0.533015
v -1.669359 0.332062 -0.140496
v -1.741885 0.242048 -0.217337
v -1.779699 0.193447 -0.354320
v -0.235918 0.394965 0.343047
v -0.265227 0.371801 0.379665
v -0.317934 0.162301 -0.641332
v -0.037030 0.070552 0.363534
v -1.310460 0.326525 0.335462
v 0.193200 0.501050 -0.086210
v 0.238224 0.348688 -0.174728
v -0.343713 -0.378196 0.400882
v -0.361218 -0.375931 0.443018
v -0.343587 -0.404426 0.357144
v -0.324081 -0.378298 0.359474
v -0.378870 -0.372155 0.483632
v -0.074000 0.362091 0.298261
v -0.100111 0.383379 0.288867
v -0.933277 -0.628865 0.869898
v -0.937614 -0.591105 0.809256
v -0.889757 -0.648223 0.796437
v -0.902709 -0.612024 0.732895
v -0.936979 -0.555792 0.763750
v -0.854048 -0.660594 0.737897
v -0.876341 -0.628308 0.672662
v 0.508973 -0.521478 -0.272952
v 0.551048 -0.499180 -0.222396
v 0.143915 0.314027 0.291126
v 0.106026 0.348923 0.273981
v -0.231497 -0.442290 0.168512
v -0.319339 -0.141976 0.450967
v -1.825205 0.034467 -0.463744
v -0.365505 -0.553056 -0.374993
v -0.287691 0.235379 -0.330063
v -0.236909 0.181795 -0.321347
v -0.263893 0.209586 -0.325186
v -0.238041 0.242817 -0.309134
v -0.653090 0.577152 0.402076
v -0.700141 -0.684904 0.928935
v -0.333480 -0.463304 0.196194
v -0.726465 -0.683890 0.363698
v 0.416657 -0.964622 -0.345875
v 0.402176 -0.995403 -0.318737
v -1.467141 -0.208000 0.495148
v 0.289183 0.251542 0.269282
v 0.255636 0.280864 0.286482
v 0.255129 0.222329 0.276579
v 0.318158 0.224906 0.239442
v 0.288742 0.198077 0.246224
v -1.494884 0.167505 0.347321
v 0.615792 -0.571565 -0.230205
v 0.585700 -0.536039 -0.223862
v 0.644633 -0.561499 -0.184487
v 0.617641 -0.523801 -0.173802
v -0.949423 -0.577462 0.519019
v -0.973853 -0.568305 0.525214
v 0.413443 -0.234754 -0.161405
v 0.861100 -0.780475 -0.159680
v 0.340414 -1.037783 -0.016967
v 0.365370 -1.060425 -0.027083
v 0.597196 0.679081 -0.037459
v -0.950776 0.540892 0.380789
v -0.946494 -0.507915 0.630925
v -0.044809 -0.519634 -0.115435
v 0.685888 -0.898297 -0.398596
v -0.197045 0.249941 -0.293629
v -0.215715 0.287892 -0.284892
v -0.149771 0.295447 -0.255358
v -0.177575 0.324006 -0.249954
v -0.233027 0.333478 -0.274460
v -0.259393 0.275551 -0.308156
v -0.082727 -0.126417 0.301916
v -0.753957 -0.678748 0.729576
v -0.707848 -0.680384 0.808189
v 0.356110 -0.108815 0.108822
v 0.317791 0.174074 0.202813
v 0.641647 -0.606537 -0.239125
v 0.583641 -0.704238 -0.341221
v -1.750227 0.220061 -0.520163
v -1.792136 0.134488 -0.498542
v 0.220397 -0.801178 -0.263251
v 0.407946 -1.078193 0.010467
v 0.389629 -1.080877 -0.039590
v 0.787750 0.816636 0.073831
v -0.999779 0.518373 0.373541
v -1.042998 0.460012 0.404595
v -0.638918 -0.053823 0.654203
v -0.591834 -0.045448 0.622265
v -0.544085 -0.630761 0.293167
v -0.543137 -0.643745 0.225428
v -0.563031 -0.636389 0.310559
v -0.550022 -0.620839 0.337043
v 0.838925 -0.781439 -0.201873
v -0.697478 -0.193277 0.740634
v -0.740716 -0.209958 0.763633
v -0.680472 -0.225837 0.755183
v -0.961485 -0.412024 0.829050
v -1.247996 0.508559 -0.559121
v -1.186721 0.549635 -0.517482
v 0.674732 0.852649 0.116447
v 0.725902 0.855592 0.138651
v -0.879988 -0.662268 0.432565
v -0.843309 -0.677896 0.410430
v -0.595673 -0.583458 0.994136
v -0.451357 -0.450474 0.562326
v -0.468918 -0.453418 0.589891
v 0.045531 -0.224009 0.281049
v 0.063338 -0.288538 0.270834
v -0.610878 -0.176628 0.688465
v -0.653923 -0.182754 0.716522
v -0.001441 -0.189555 0.286889
v 0.012528 -0.251335 0.275539
v 0.662211 0.840238 0.207190
v -0.838876 0.668510 -0.381876
v -0.873467 0.709077 -0.345601
v 0.846199 0.660077 0.197226
v 0.851708 0.662494 0.168215
v 0.862581 0.723015 0.175437
v -0.868924 -0.680399 0.871905
v -0.570337 -0.627721 0.346638
v -0.320888 -0.399272 0.318711
v -0.290945 -0.394390 0.284019
v 0.290300 -0.999287 -0.170848
v -0.077111 -0.450171 0.196188
v 0.319993 -0.019585 0.118706
v 0.472271 -0.965365 0.188445
v 0.485666 -0.985112 0.182938
v -0.584459 -0.644710 0.322082
v -0.585911 -0.659055 0.277977
v 0.826617 0.681941 0.235432
v 0.841537 0.750280 0.211509
v 0.850873 0.711654 0.205924
v 0.859139 0.767870 0.179978
v 0.697748 0.826681 0.225280
v 0.801883 0.809375 0.210738
v 0.774125 0.830851 0.203189
v 0.767414 0.852680 0.157147
v 0.742056 0.845342 0.190384
v 0.800338 0.842771 0.169974
v 0.705477 0.853399 0.173251
v 0.767745 0.825060 0.069779
v 0.805639 0.833289 0.108192
v 0.774918 0.838708 0.094897
v 0.776524 0.849532 0.125679
v 0.824963 0.782610 0.213738
v 0.846356 0.801040 0.180871
v 0.828779 0.820931 0.115242
v 0.826444 0.825575 0.177485
v 0.852557 0.805940 0.149994
v 0.835032 0.828871 0.146717
v 0.809976 0.842884 0.139171
v -0.768842 -0.661507 0.622732
v -0.590913 -0.673648 0.212513
v -0.666986 -0.720346 0.203757
v -0.620644 -0.687691 0.241128
v -0.563270 -0.650001 0.255984
v -0.250535 0.506211 -0.200327
v 0.668802 -0.597540 -0.196959
v -0.665541 -0.144018 0.705827
v -1.401126 0.562898 -0.257341
v -1.752283 -0.391059 0.160938
v 0.692711 -0.595112 -0.152031
v -0.843503 0.746473 0.128261
v -0.529114 -0.662059 -0.054717
v 0.452057 -0.897280 0.204158
v 0.454738 -0.944355 0.191516
v -0.822729 0.745777 0.157825
v -0.683461 0.077021 0.621269
v -0.397773 -0.368200 0.521462
v -0.884737 0.753536 -0.022751
v -0.293356 -0.161702 0.421093
v -0.267761 -0.181658 0.388795
v 0.246655 -0.689123 0.190874
v 0.224119 -0.697462 0.175892
v -1.200487 0.595120 -0.451049
v -0.706706 -0.737415 0.236061
v -0.651413 -0.701764 0.264488
v -0.144357 0.245578 -0.282039
v -0.198403 0.220299 -0.304399
v 0.668640 -0.559062 -0.136602
v -0.044605 -0.156940 0.293342
v -1.349015 0.588471 -0.323575
v -1.339704 0.579915 -0.381363
v -1.411476 0.555442 -0.327727
v 0.609396 -0.737018 0.188250
v -0.241744 -0.201902 0.355700
v -1.104639 0.424258 0.394898
v -0.290624 0.361671 -0.297372
v -0.837354 -0.289941 0.876355
v -0.814328 -0.263100 0.825066
v -0.801791 -0.296468 0.905232
v -1.317678 0.603115 -0.199477
v -1.340941 0.596004 -0.262955
v -1.280182 0.627052 -0.269170
v -1.247679 0.639013 -0.318054
v -1.289294 0.619453 -0.317998
v -1.228684 0.638840 -0.353358
v -1.280178 0.611714 -0.367069
v -0.417947 -0.365748 0.556865
v -0.900989 0.657179 -0.406715
v -0.270101 -0.436208 0.198886
v -0.213594 -0.436068 0.183292
v -0.254688 -0.426022 0.212161
v -0.287217 -0.447359 0.181325
v -0.317202 -0.447916 0.216572
v -0.462681 -0.574006 0.302871
v -0.803685 -0.215905 0.772292
v -0.723437 -0.755099 0.171154
v -0.787632 -0.790163 0.144849
v -0.775419 -0.775045 0.213818
v 0.655772 -0.729207 0.158611
v -1.250012 0.604037 -0.412377
v -0.771999 -0.703350 0.358009
v -0.834208 -0.720820 0.359725
v -0.975238 -0.528440 0.856413
v -1.015676 -0.468026 0.935904
v -0.885921 0.684902 -0.376386
v -0.288031 -0.222713 0.403580
v -0.619059 -0.136390 0.676438
v 0.387074 -1.057055 0.023421
v -0.863763 -0.701231 0.390554
v 0.364383 -1.036035 0.033141
v -0.806638 -0.691974 0.384792
v -0.822310 -0.784430 0.253447
v -0.744146 -0.747275 0.265773
v -0.351208 -0.479649 0.172177
v -0.563652 -0.210336 0.670163
v -0.305577 0.410859 -0.288507
v -0.992458 -0.621103 0.480430
v -0.951818 -0.638662 0.461456
f 1 2 3
f 4 2 5
f 2 4 6
f 7 8 1
f 9 5 10
f 11 7 12
f 13 14 15
f 16 17 14
f 18 14 19
f 15 20 13
f 15 21 22
f 20 15 23
f 24 25 26
f 27 28 29
f 30 31 25
f 32 33 34
f 35 36 32
f 37 33 38
f 39 32 40
f 40 34 41
f 34 42 43
f 33 37 42
f 44 45 46
f 47 40 48
f 49 39 47
f 39 49 50
f 51 52 53
f 54 55 51
f 56 57 55
f 58 52 59
f 55 54 56
f 60 61 62
f 63 19 61
f 64 65 66
f 65 67 68
f 66 68 69
f 70 65 71
f 72 64 73
f 71 64 74
f 69 75 66
f 54 76 77
f 78 79 76
f 51 80 54
f 76 80 78
f 81 80 53
f 82 83 84
f 84 85 82
f 86 87 88
f 87 89 84
f 88 83 90
f 82 91 83
f 21 17 92
f 17 16 82
f 93 94 95
f 96 97 95
f 95 98 93
f 99 100 101
f 95 99 96
f 94 102 99
f 103 104 57
f 105 59 106
f 107 108 104
f 109 110 111
f 112 113 101
f 114 112 111
f 113 115 96
f 116 117 113
f 12 1 118
f 119 12 120
f 121 122 118
f 123 121 3
f 124 119 125
f 126 11 127
f 127 124 128
f 129 130 131
f 125 130 128
f 131 132 129
f 130 129 133
f 134 123 6
f 12 119 11
f 132 131 120
f 135 7 126
f 136 98 134
f 123 134 115
f 136 134 137
f 87 86 138
f 86 88 139
f 140 89 107
f 105 106 138
f 107 141 140
f 110 62 114
f 142 23 143
f 143 112 142
f 62 20 142
f 105 138 144
f 145 146 144
f 59 105 58
f 146 147 58
f 148 145 149
f 139 148 86
f 138 108 87
f 150 103 56
f 121 123 117
f 129 150 77
f 120 122 132
f 89 140 85
f 140 151 92
f 98 136 152
f 93 152 153
f 152 154 155
f 156 151 157
f 23 22 156
f 143 156 116
f 158 117 157
f 117 158 121
f 159 158 141
f 143 116 112
f 160 159 103
f 104 159 107
f 103 150 160
f 122 158 160
f 161 162 27
f 26 28 163
f 29 164 27
f 165 166 167
f 168 169 165
f 167 170 165
f 171 172 173
f 174 175 172
f 176 171 177
f 173 166 178
f 178 179 173
f 74 72 163
f 26 72 24
f 163 162 180
f 181 161 182
f 183 181 184
f 164 185 182
f 184 186 183
f 31 187 29
f 188 189 190
f 188 191 192
f 190 193 194
f 191 188 195
f 196 197 189
f 197 198 193
f 192 199 188
f 200 199 201
f 200 201 202
f 203 204 205
f 204 206 202
f 202 207 200
f 208 207 209
f 203 210 204
f 206 204 211
f 212 213 214
f 215 214 216
f 217 212 215
f 218 219 217
f 213 212 220
f 221 215 222
f 223 224 214
f 223 213 225
f 224 223 226
f 227 228 220
f 200 196 199
f 197 196 208
f 229 71 230
f 231 232 233
f 233 70 229
f 232 67 70
f 171 176 231
f 233 234 231
f 229 235 233
f 170 167 216
f 194 236 50
f 195 190 237
f 238 239 43
f 240 238 45
f 67 232 241
f 177 242 176
f 243 244 245
f 218 246 247
f 244 248 247
f 247 249 218
f 244 250 248
f 251 243 252
f 253 243 254
f 243 253 244
f 252 245 255
f 255 256 252
f 257 258 238
f 238 240 257
f 259 258 260
f 239 258 261
f 50 35 39
f 237 194 262
f 24 73 263
f 263 30 24
f 67 241 264
f 242 177 265
f 172 171 174
f 36 35 198
f 266 267 268
f 268 210 269
f 270 211 266
f 271 203 272
f 205 201 272
f 273 274 192
f 230 275 229
f 264 242 276
f 68 264 277
f 278 44 279
f 37 280 46
f 281 279 282
f 38 283 37
f 185 284 184
f 284 260 186
f 45 44 240
f 285 217 221
f 246 218 285
f 221 286 285
f 287 288 209
f 209 206 287
f 289 208 290
f 290 283 289
f 291 283 288
f 292 288 293
f 294 291 292
f 252 295 251
f 296 297 251
f 298 296 299
f 278 300 181
f 162 161 301
f 279 281 278
f 181 183 278
f 302 222 175
f 222 303 221
f 304 305 303
f 275 305 235
f 235 304 234
f 303 222 304
f 306 307 308
f 303 307 286
f 234 302 174
f 230 74 180
f 226 168 224
f 255 246 309
f 256 255 310
f 286 311 309
f 211 270 287
f 299 295 312
f 36 198 38
f 198 197 289
f 266 268 299
f 261 48 239
f 180 313 230
f 275 313 305
f 270 312 293
f 314 292 315
f 248 220 249
f 316 282 294
f 283 291 280
f 317 313 301
f 313 317 308
f 301 300 317
f 312 270 299
f 312 256 315
f 311 314 310
f 292 314 294
f 308 316 306
f 307 306 311
f 317 281 316
f 4 5 318
f 319 185 187
f 185 319 284
f 318 320 4
f 320 154 137
f 154 320 321
f 79 322 133
f 210 203 323
f 324 325 326
f 325 324 327
f 326 328 324
f 328 326 329
f 330 331 332
f 333 330 334
f 335 336 337
f 338 339 340
f 341 342 336
f 337 343 335
f 344 345 339
f 346 347 348
f 346 349 350
f 349 346 351
f 348 352 353
f 347 354 352
f 355 356 357
f 357 358 359
f 360 361 362
f 359 361 363
f 356 364 358
f 365 366 367
f 367 368 365
f 365 369 370
f 371 372 373
f 368 374 369
f 375 376 377
f 378 379 380
f 381 382 383
f 379 384 385
f 379 378 384
f 379 386 383
f 386 379 387
f 388 389 390
f 388 391 389
f 392 393 389
f 391 388 394
f 395 396 390
f 397 398 399
f 399 400 397
f 400 399 401
f 402 403 404
f 399 403 405
f 406 407 408
f 409 406 410
f 411 412 413
f 414 415 411
f 415 416 412
f 412 417 408
f 418 413 419
f 420 421 422
f 422 423 420
f 420 424 425
f 423 422 426
f 427 428 429
f 430 431 432
f 433 434 431
f 429 435 427
f 431 430 433
f 434 433 436
f 437 438 439
f 439 440 437
f 441 442 437
f 443 441 444
f 445 446 441
f 444 447 443
f 448 449 450
f 449 448 451
f 452 453 454
f 455 448 456
f 457 452 458
f 459 460 461
f 461 462 463
f 462 460 464
f 336 335 341
f 465 466 467
f 468 469 470
f 468 471 472
f 470 473 474
f 474 475 470
f 470 476 468
f 477 478 479
f 480 481 482
f 483 484 481
f 485 483 480
f 483 485 486
f 480 487 485
f 488 489 490
f 489 491 492
f 491 489 493
f 494 495 492
f 496 488 497
f 498 494 499
f 500 501 502
f 502 503 500
f 504 505 502
f 506 503 507
f 505 504 508
f 509 504 510
f 402 511 512
f 513 514 512
f 512 515 513
f 515 516 517
f 516 515 518
f 519 520 521
f 522 523 524
f 525 526 520
f 527 521 528
f 523 522 529
f 521 523 530
f 531 532 533
f 533 534 535
f 532 536 534
f 532 531 537
f 533 538 531
f 535 539 533
f 540 541 542
f 543 544 545
f 546 547 544
f 548 549 545
f 545 550 543
f 551 548 541
f 552 553 554
f 555 556 557
f 554 555 558
f 556 555 559
f 560 552 561
f 562 563 560
f 564 565 566
f 567 568 564
f 569 567 570
f 568 567 571
f 566 572 564
f 573 574 575
f 574 573 576
f 576 577 574
f 574 578 579
f 580 581 582
f 581 583 576
f 584 585 586
f 587 584 588
f 588 586 589
f 590 591 592
f 585 593 590
f 586 590 594
f 393 392 595
f 596 597 598
f 391 599 392
f 600 393 601
f 69 277 602
f 603 425 276
f 425 603 420
f 75 69 604
f 604 602 605
f 434 606 429
f 607 608 609
f 610 611 612
f 612 613 610
f 608 607 614
f 613 612 615
f 616 617 618
f 617 616 619
f 618 338 616
f 620 621 622
f 623 620 624
f 617 625 622
f 626 627 628
f 582 629 580
f 628 630 631
f 626 632 633
f 633 634 626
f 628 635 626
f 636 637 638
f 637 636 639
f 640 641 642
f 642 636 643
f 644 645 646
f 646 643 644
f 646 647 648
f 649 355 650
f 651 649 652
f 650 357 653
f 654 655 656
f 657 658 656
f 659 660 657
f 661 659 655
f 656 662 654
f 655 654 663
f 656 664 662
f 665 666 667
f 667 668 669
f 670 667 671
f 666 370 668
f 370 666 672
f 673 674 675
f 676 677 678
f 679 680 676
f 681 682 674
f 682 683 678
f 684 685 686
f 686 687 688
f 687 689 690
f 691 692 693
f 693 684 694
f 695 696 697
f 698 699 700
f 701 700 702
f 703 702 695
f 697 699 704
f 705 706 698
f 707 708 709
f 708 707 710
f 711 707 712
f 712 709 713
f 714 715 716
f 717 716 718
f 719 720 721
f 722 723 719
f 724 725 726
f 727 719 728
f 728 721 729
f 730 731 31
f 732 572 733
f 733 734 735
f 736 737 738
f 732 739 740
f 739 732 741
f 742 662 743
f 743 744 745
f 746 747 748
f 749 750 751
f 748 752 746
f 753 754 755
f 754 753 756
f 748 753 757
f 758 759 760
f 761 762 760
f 763 758 764
f 758 763 765
f 759 758 766
f 767 764 768
f 769 447 770
f 771 772 769
f 440 773 444
f 774 771 775
f 771 774 776
f 776 777 771
f 778 779 780
f 781 782 778
f 783 784 785
f 780 784 397
f 784 783 398
f 782 786 779
f 767 785 787
f 561 554 788
f 789 560 790
f 788 791 561
f 792 789 793
f 794 795 796
f 797 796 798
f 799 794 797
f 800 801 802
f 803 804 800
f 796 801 805
f 806 807 808
f 807 809 810
f 811 812 813
f 813 806 814
f 808 810 815
f 816 817 818
f 819 820 816
f 821 817 822
f 823 824 820
f 825 819 826
f 826 816 827
f 828 829 830
f 831 832 833
f 834 835 830
f 836 828 837
f 836 838 828
f 832 839 840
f 830 839 834
f 841 842 843
f 842 841 844
f 843 845 841
f 846 847 848
f 849 850 846
f 846 851 849
f 848 852 853
f 854 852 855
f 848 853 846
f 856 857 858
f 857 859 860
f 859 857 861
f 862 863 860
f 858 864 856
f 865 866 867
f 868 865 869
f 867 870 631
f 871 872 866
f 873 874 875
f 874 876 877
f 878 497 874
f 879 880 881
f 874 873 878
f 882 883 884
f 882 885 886
f 887 888 884
f 885 882 889
f 890 891 892
f 893 894 895
f 892 896 890
f 897 898 899
f 898 900 901
f 897 902 903
f 904 905 901
f 902 897 906
f 907 908 909
f 910 911 912
f 910 913 911
f 908 914 911
f 915 907 916
f 917 918 919
f 611 920 609
f 609 921 607
f 918 917 571
f 922 923 924
f 919 921 925
f 919 926 917
f 926 919 927
f 928 929 930
f 931 932 933
f 934 932 935
f 932 934 930
f 936 937 931
f 938 933 939
f 940 941 942
f 941 943 944
f 945 946 944
f 942 947 940
f 948 949 940
f 950 254 951
f 952 253 950
f 31 30 730
f 139 90 953
f 954 91 955
f 955 956 954
f 668 372 957
f 365 370 366
f 958 959 960
f 961 962 963
f 964 965 960
f 963 966 961
f 967 968 969
f 935 937 969
f 970 971 972
f 969 970 935
f 968 967 973
f 971 970 974
f 973 975 968
f 449 976 454
f 977 978 979
f 979 980 977
f 977 981 982
f 983 981 984
f 985 986 987
f 988 989 985
f 987 990 985
f 985 859 988
f 991 992 987
f 987 993 991
f 993 994 995
f 996 997 998
f 999 996 1000
f 998 1001 1002
f 1003 1001 1004
f 1005 1006 1003
f 662 742 1007
f 1008 1009 1007
f 1007 1010 1008
f 742 1011 1010
f 743 1012 742
f 1013 1014 1015
f 679 780 1014
f 48 1016 47
f 1017 49 1018
f 1018 1019 1017
f 1019 1018 1020
f 1021 1022 1023
f 1023 1024 1021
f 1021 1025 1026
f 1026 1027 1021
f 1023 1028 1029
f 1028 697 1030
f 697 1028 695
f 1031 1032 1033
f 1034 1035 1033
f 1036 1034 1037
f 1038 1036 1039
f 1032 1040 1037
f 1041 596 1042
f 1041 1043 1044
f 1044 597 1041
f 599 1045 598
f 1046 597 1047
f 1047 1044 1048
f 1049 1020 1050
f 1051 1049 1052
f 1053 1049 1054
f 1054 1050 1055
f 1056 1057 1058
f 1059 1060 1061
f 1062 1063 989
f 1064 1062 988
f 989 1065 986
f 986 1066 993
f 1067 1068 1069
f 1068 1067 1070
f 1069 1071 1067
f 1072 1073 1069
f 1069 1074 1072
f 1068 1075 1074
f 1076 1077 794
f 1077 1078 795
f 1079 1080 1081
f 1082 1083 1084
f 1080 1085 1084
f 1086 1087 1088
f 1088 1082 1086
f 1085 1089 1086
f 1090 1091 1092
f 1093 1094 1092
f 1095 1093 1096
f 645 1090 647
f 1097 1098 1090
f 1097 1090 1099
f 1100 1101 1102
f 1103 1104 1101
f 1105 1106 1107
f 1106 1105 1108
f 1102 1106 1109
f 1110 1111 1112
f 1113 1114 1112
f 1112 1115 1110
f 1116 1115 905
f 1117 906 1113
f 1118 1113 1119
f 1120 1117 1118
f 1121 1122 1123
f 1124 1125 1122
f 1123 1126 1121
f 1127 1128 1123
f 1123 1129 1127
f 1130 1131 1132
f 1133 1134 1135
f 1135 1130 1136
f 1137 1138 1139
f 1140 1137 1141
f 786 782 1142
f 1143 1144 1145
f 1142 1146 786
f 1144 1143 1147
f 1148 1143 683
f 1149 1150 1151
f 1152 1153 1154
f 1153 1155 1151
f 1154 1156 1152
f 1150 1157 1154
f 1150 1149 1158
f 1158 1159 1150
f 1160 1161 665
f 672 1161 1162
f 1161 1160 1163
f 665 1164 1160
f 1164 665 670
f 1165 1038 1166
f 1166 1039 1167
f 688 690 1032
f 690 1168 1040
f 49 1017 262
f 262 1169 237
f 1170 1169 1171
f 1172 1173 1174
f 1173 1172 1175
f 1176 1177 1178
f 1175 1177 1179
f 1177 1176 1180
f 1178 1172 1181
f 419 407 1181
f 1182 1183 406
f 1184 1185 649
f 1027 703 1022
f 1186 1187 1188
f 1189 1186 1190
f 1186 1189 1191
f 1190 1188 1192
f 1188 1193 1194
f 1193 1195 1196
f 1187 1197 1193
f 1198 1199 1200
f 1200 1201 863
f 1202 1203 1204
f 1200 1205 1198
f 1206 1207 1208
f 1208 1209 1206
f 1210 1211 1212
f 1213 1214 1215
f 1214 1134 1207
f 1207 1206 1215
f 1216 1131 1213
f 1141 1139 1216
f 1131 1130 1214
f 1217 1218 1219
f 1217 1220 1221
f 1219 1222 1223
f 1224 1219 1225
f 1219 1224 1217
f 1218 1226 1222
f 1227 1228 638
f 1229 1230 1228
f 572 566 734
f 1231 736 1232
f 740 570 732
f 1233 1234 1235
f 1235 1236 1233
f 1237 1238 1239
f 945 1239 1240
f 1241 1242 1243
f 1244 1245 1246
f 1242 1247 1246
f 1248 1249 1241
f 1247 1242 1250
f 825 1251 1252
f 1251 825 1253
f 819 825 1254
f 1252 1255 1256
f 1257 1258 1259
f 1259 1260 1257
f 1257 1261 81
f 1262 1263 1264
f 1265 1266 227
f 225 228 1267
f 1267 1266 1268
f 1266 1265 1269
f 1270 1271 1272
f 1273 1274 1275
f 1275 1276 1273
f 1277 1270 1278
f 1279 1280 1272
f 1281 1282 1283
f 1284 1285 1282
f 1286 1287 1288
f 1289 1290 1286
f 1290 1291 1287
f 1292 1293 1294
f 1294 1295 1292
f 1296 1297 1292
f 1298 1299 1300
f 1301 1302 1303
f 1304 1305 1303
f 1303 1306 1301
f 1302 1307 1308
f 1309 1304 1308
f 1302 1301 1310
f 1311 195 1312
f 195 1311 191
f 318 9 1313
f 1314 1315 1316
f 1313 1317 318
f 1317 1313 1318
f 1319 1314 1320
f 501 500 1321
f 500 1322 1323
f 1324 1325 1326
f 1325 1327 1323
f 1327 1328 1321
f 1329 1330 1331
f 1332 1333 1331
f 1334 1335 1336
f 1337 1329 1335
f 1338 1339 1332
f 1331 1340 1332
f 1341 1342 1343
f 1344 456 1345
f 1346 1341 453
f 1342 1341 1347
f 456 450 1343
f 935 972 934
f 972 1348 1349
f 1350 1351 1352
f 1353 1352 1354
f 1351 1355 1356
f 1352 1356 1357
f 1358 1351 1359
f 1351 1358 1355
f 508 1360 505
f 1361 1362 1363
f 880 879 1364
f 1365 1366 1364
f 1367 1368 496
f 496 880 1367
f 1366 1365 1369
f 1364 1370 1365
f 1371 1372 1373
f 1374 749 1375
f 1376 1377 1374
f 1378 1374 1379
f 1379 1375 1380
f 752 1381 751
f 1221 1382 1217
f 1382 1383 1218
f 1384 1385 1386
f 1387 1384 1388
f 1389 1390 1391
f 1388 1386 1392
f 1393 1391 1394
f 1048 1395 1396
f 1397 1048 1398
f 1395 1399 1400
f 1401 1402 1400
f 1048 1403 1395
f 1404 1405 1406
f 1406 1407 1408
f 1409 1410 1411
f 1405 1404 1412
f 1405 1413 1407
f 1414 1415 1416
f 1417 1416 1418
f 1308 1419 1309
f 1418 1419 1420
f 1415 1421 1309
f 1422 1423 1424
f 1424 1393 1425
f 1391 1393 1389
f 1389 1423 1426
f 1027 1026 1427
f 1428 904 1427
f 1427 1429 1428
f 1430 1429 1431
f 1432 1082 1433
f 1434 1433 1435
f 1436 1437 1438
f 1438 1439 1440
f 1441 1439 1442
f 1443 1444 1436
f 1445 1446 1447
f 1448 1449 1450
f 1446 1451 1448
f 1446 1445 953
f 1451 1446 956
f 1238 1237 1452
f 944 1237 945
f 1452 1453 1238
f 1452 943 1454
f 1455 1456 1457
f 1458 601 1456
f 1047 1459 1046
f 1460 1458 1455
f 1461 1462 1463
f 1463 1464 653
f 1461 1465 1466
f 1465 1461 363
f 1462 1461 1467
f 1468 1436 1469
f 1470 1443 1468
f 1471 1472 1128
f 1472 1473 1474
f 1475 1471 1476
f 1126 1472 1477
f 1478 1479 1480
f 1480 1481 1478
f 1482 1483 1484
f 1485 1486 1487
f 1488 525 519
f 521 527 519
f 519 1489 1488
f 525 1488 1490
f 526 525 1491
f 1492 1493 1494
f 1494 1495 1496
f 1497 1495 1498
f 1499 1500 1501
f 1500 1502 1492
f 1501 1492 1503
f 1503 1494 1504
f 1505 1506 274
f 271 272 1507
f 1508 1509 1510
f 1510 1511 1508
f 1512 1513 1510
f 1514 1515 1510
f 1509 1516 1514
f 1517 1518 1519
f 1520 1521 1522
f 1519 1523 1517
f 1523 1524 1522
f 1522 1525 1520
f 1526 1527 1528
f 1528 1529 334
f 1527 1530 1529
f 1531 1532 1533
f 1534 333 1532
f 1530 1535 1533
f 1536 1531 1537
f 1538 1539 486
f 1540 1541 1542
f 1543 1544 1538
f 484 483 1541
f 1545 1544 385
f 1546 1545 1547
f 1548 1547 1549
f 1547 1548 1546
f 982 1550 977
f 1550 1551 978
f 1552 1553 1554
f 978 1555 1556
f 1554 1555 1557
f 1558 1550 1559
f 1560 664 1561
f 664 1560 744
f 660 1562 658
f 1562 1563 1561
f 1561 1164 1560
f 438 1564 1565
f 1566 1567 1565
f 1568 1566 1569
f 1570 1571 1572
f 1573 1574 1575
f 1576 1572 1577
f 1571 1578 1575
f 1579 1580 1221
f 1581 1411 1582
f 1412 1583 1405
f 1584 1409 1581
f 1581 1585 1584
f 1582 1413 1586
f 1582 1587 1581
f 1587 1582 1588
f 1589 1590 1591
f 1592 1593 1590
f 1590 1594 1595
f 1592 1590 1596
f 1597 1593 1598
f 1599 1600 1601
f 1601 1602 1599
f 1603 1604 1605
f 1606 1600 1607
f 1600 1599 1608
f 1600 1606 1605
f 339 338 344
f 621 1609 618
f 342 1610 340
f 1542 1611 1540
f 1611 1612 1613
f 1614 1615 1616
f 1615 1617 1613
f 1545 1546 1542
f 1544 1545 1539
f 1541 1540 484
f 1197 1187 1618
f 1187 1186 1619
f 1620 1621 1619
f 1618 1622 1197
f 1623 1624 1625
f 1623 1504 1609
f 1504 1623 1503
f 1624 1623 621
f 1626 1501 1625
f 1627 1626 1628
f 1629 1627 1630
f 1631 1632 1633
f 1632 1631 1634
f 1635 1632 1636
f 1637 1638 1639
f 1633 1637 1640
f 1638 1637 1635
f 1310 1641 1302
f 1420 1307 1642
f 1267 1643 225
f 1268 1644 1267
f 168 226 1645
f 1646 1647 1648
f 1648 1649 1646
f 1650 1651 1646
f 1648 1652 1653
f 1654 1652 1655
f 1656 1657 1654
f 1658 1659 1184
f 1660 1184 651
f 1661 1658 1660
f 651 1662 1660
f 1663 1664 1665
f 1665 1666 1667
f 757 755 1668
f 1664 1669 1666
f 1670 1671 1663
f 1665 1672 1663
f 1673 1674 1675
f 1676 1673 1677
f 1678 1679 1676
f 1679 1680 1673
f 1677 1339 1676
f 1681 1682 1683
f 1684 1682 1426
f 611 610 1684
f 920 611 1685
f 1426 1686 1684
f 1326 1687 1324
f 1688 1689 1690
f 1689 1688 1147
f 1691 1688 1692
f 1690 1687 1693
f 1192 1694 1190
f 1695 1696 1694
f 342 341 1194
f 1697 1698 1190
f 1699 1700 1412
f 1699 1701 1700
f 1586 1583 1702
f 1703 1702 1704
f 1705 1706 1707
f 1708 1709 1706
f 1710 1707 1711
f 1712 1713 1714
f 1715 1714 1716
f 1717 1334 1718
f 1719 1337 1334
f 1720 1719 1717
f 1719 1720 1721
f 1722 1717 1723
f 1717 1722 1720
f 1724 1725 1726
f 1727 1728 1729
f 1728 1730 1724
f 1731 1732 1733
f 1734 1735 1727
f 1736 1387 1737
f 1418 1736 1417
f 1392 1738 1388
f 1739 1740 1741
f 1740 1739 1742
f 1743 1744 1745
f 1111 1743 1119
f 1746 1118 1745
f 1742 1746 1740
f 1747 1748 1749
f 1750 1747 1751
f 1752 1747 1753
f 1754 1755 1749
f 1756 1754 1757
f 1758 1757 1759
f 1757 1758 1756
f 1760 1761 1762
f 1122 1763 1124
f 1763 1764 1762
f 1765 889 1760
f 1125 1124 1766
f 1498 1767 1497
f 1768 1767 1769
f 1767 1498 1770
f 1495 1497 1771
f 1772 1773 1774
f 1767 1768 1774
f 1775 1776 1777
f 1776 1778 1779
f 1777 1779 1408
f 1780 1781 1782
f 1778 1783 1782
f 1784 1785 354
f 1786 1787 1788
f 354 347 1784
f 1785 1784 1789
f 1787 1790 1791
f 1792 792 1793
f 793 790 1794
f 1794 1795 793
f 1796 1797 1792
f 1798 1792 1799
f 1800 1801 1802
f 1803 928 1804
f 1801 1805 1804
f 1806 1807 1808
f 1808 1809 1806
f 1810 1811 1812
f 1808 1813 1814
f 1807 1815 1813
f 1816 1817 1818
f 1819 1820 1821
f 1822 1820 1823
f 1817 1816 1822
f 1821 1816 1824
f 1821 1825 1819
f 597 1046 595
f 1826 600 1458
f 1827 1828 1829
f 1830 1831 1832
f 1828 1827 1833
f 1829 1834 1827
f 1829 1831 1835
f 1836 1837 1838
f 1837 1836 1839
f 1840 1841 1842
f 1838 1843 1836
f 1844 1845 1838
f 1846 1844 1847
f 1837 1848 1847
f 1849 1850 1851
f 1852 1853 1854
f 1855 1852 1850
f 1855 1850 1856
f 1857 1144 1858
f 1147 1859 1689
f 1860 1859 1148
f 550 1861 1862
f 1863 1864 1861
f 1865 1866 1867
f 1868 1869 1866
f 1870 1868 1865
f 1871 1867 1872
f 1610 342 1196
f 1873 1874 1875
f 1874 1753 1876
f 1753 1874 1752
f 1877 1878 1876
f 1879 1873 1880
f 1878 1881 1875
f 1882 1883 831
f 833 1884 831
f 1885 1882 1886
f 839 832 1887
f 1888 1889 1890
f 1891 1649 1892
f 1892 1889 1893
f 1653 1890 1648
f 1894 1895 1896
f 1066 1897 994
f 1898 1896 1661
f 1896 1897 1658
f 1899 1900 1901
f 1901 1902 1009
f 1009 1008 1901
f 1902 1903 663
f 1903 1902 1904
f 912 1905 1906
f 1907 1908 1909
f 1906 1909 1910
f 1906 1911 912
f 1910 1912 1906
f 1863 549 1913
f 1914 1915 548
f 1861 550 1863
f 1913 1916 1863
f 1917 1918 1919
f 1920 1921 1922
f 1919 1923 1917
f 1924 1925 1917
f 1919 1920 1926
f 1923 1919 1927
f 1897 1066 1659
f 1659 1065 1185
f 1183 1182 1928
f 1929 1182 409
f 1178 1928 1176
f 1928 1178 1183
f 1182 1929 1930
f 1931 1932 1930
f 1933 1934 1935
f 1934 1933 1936
f 1937 1933 1938
f 1939 1940 1935
f 1935 1941 1939
f 1941 1942 1943
f 1934 1944 1941
f 1945 1892 1946
f 1947 1945 1948
f 1949 1891 1945
f 1949 1945 1604
f 1111 1110 1950
f 1951 1952 1953
f 1110 1954 1953
f 1952 1951 1328
f 1955 1956 1954
f 474 478 1957
f 1958 1959 1960
f 478 477 1960
f 1960 1961 1958
f 1962 1963 384
f 1964 1548 1965
f 1421 1415 1965
f 1963 1421 1549
f 1965 1966 1964
f 1967 1693 1968
f 1969 1968 1970
f 1971 1236 1972
f 1693 1973 1972
f 1692 1690 1967
f 1974 1975 1976
f 1977 1978 1979
f 1979 1980 1977
f 1980 1979 1981
f 1926 1922 1974
f 1982 1974 1642
f 1974 1982 1926
f 1299 1983 1984
f 1985 1295 1986
f 1299 1984 1294
f 1986 1984 1987
f 1988 1985 1989
f 1989 1986 1990
f 1641 1310 1991
f 1992 1993 1994
f 1982 1991 1927
f 1310 1995 1994
f 1996 1997 1998
f 1999 2000 2001
f 2001 2002 1999
f 1996 2003 2004
f 2004 2005 1996
f 1998 2006 1996
f 2007 2008 1754
f 1754 1756 2007
f 2008 2007 2009
f 1686 2010 1685
f 927 925 2011
f 925 920 2012
f 2013 2014 1915
f 2015 2016 2014
f 2014 2017 1913
f 2013 2018 2014
f 1959 2019 1957
f 475 474 2020
f 2021 2022 2023
f 1707 1710 1705
f 2022 1708 1705
f 2023 2024 2021
f 2022 2021 2025
f 973 2026 2027
f 2028 2027 1034
f 2027 2028 973
f 2027 1244 1035
f 2026 2029 1244
f 2030 2031 2032
f 856 2033 2034
f 857 856 2035
f 2036 2037 2038
f 2037 2036 2039
f 2040 2041 2042
f 2042 2043 2040
f 2039 2044 2037
f 2045 2046 2047
f 1839 1841 2048
f 2046 2049 2050
f 2046 2045 1094
f 2047 2051 2045
f 1841 1840 2050
f 2051 2047 2052
f 1770 2053 875
f 2054 1768 2055
f 875 877 1770
f 877 2056 1769
f 2057 1780 2058
f 1163 2059 2058
f 1163 2058 1162
f 1970 1453 1969
f 1236 1235 1970
f 1785 2060 1791
f 2061 2062 2063
f 2064 2065 2062
f 2066 2064 2061
f 1169 1170 1312
f 2067 1005 2068
f 2068 2069 2067
f 2070 2071 2072
f 2072 2005 2070
f 2073 2002 2068
f 579 2074 1806
f 575 579 2075
f 2076 2077 1893
f 2078 2079 2076
f 2080 2077 153
f 1893 2081 2076
f 1604 1603 1949
f 1646 1891 1650
f 1651 1650 2082
f 1604 1947 1601
f 1607 1608 2083
f 2084 2085 2086
f 591 2087 2088
f 2086 2087 2089
f 1882 2086 1883
f 2086 1882 2084
f 2090 2091 2092
f 2093 2094 2090
f 2095 2096 2094
f 2097 2091 2098
f 2094 2093 2095
f 2090 2099 2093
f 2092 2100 2090
f 2101 2102 2103
f 2103 2104 2101
f 2101 2105 2106
f 2107 2108 2109
f 1591 1104 1589
f 2110 2111 1103
f 1596 1589 2112
f 2113 2114 2115
f 2115 2116 2117
f 2118 2119 2117
f 2119 2118 2120
f 2115 2119 2113
f 2121 2122 2117
f 2123 2124 2125
f 766 765 2126
f 2127 2128 2129
f 2130 2131 2128
f 405 2132 2133
f 403 402 2132
f 2134 2133 2135
f 2136 2137 514
f 2138 2139 2140
f 2141 2142 2138
f 2142 1377 2139
f 2141 2143 2144
f 2143 2141 2145
f 2142 2141 750
f 565 1442 2146
f 2147 1232 2148
f 568 1441 565
f 1639 2149 2150
f 2150 2151 2152
f 2150 2153 1639
f 1523 1519 2154
f 2154 2155 1523
f 2155 2154 416
f 2156 2157 2158
f 2158 2159 2156
f 1519 2160 2158
f 489 488 2161
f 2162 741 756
f 735 2163 733
f 741 2162 739
f 739 2143 2164
f 1156 2165 2166
f 2167 1924 2165
f 1157 2167 1156
f 2168 2169 1790
f 2170 2171 2169
f 2172 2173 1045
f 1045 599 2172
f 1043 1041 2174
f 2175 2176 2177
f 2178 2179 2180
f 2181 2182 2176
f 2183 2181 2175
f 2184 2175 2185
f 2186 2187 2188
f 2189 2190 2191
f 2191 2192 2189
f 2193 2186 2194
f 2195 2196 2197
f 908 907 2198
f 2197 2199 2195
f 907 915 2197
f 914 908 2200
f 435 2201 2202
f 2203 2204 2205
f 2205 1383 2203
f 1990 1987 2206
f 2207 2204 1987
f 2208 1990 1580
f 1711 2209 1710
f 2024 2023 2210
f 2209 2211 2210
f 2211 2209 2039
f 2212 2213 2214
f 2214 2215 2212
f 2216 2217 2218
f 2219 2220 2221
f 2222 2223 2220
f 2220 2219 2222
f 2224 2225 2226
f 2227 2228 2229
f 2226 2230 2224
f 2230 2226 2231
f 2225 2232 2229
f 2225 2224 269
f 2233 2234 2235
f 2234 2159 2236
f 2237 2238 2236
f 2233 2239 1657
f 2235 2240 2233
f 2241 2242 1939
f 1939 1943 2241
f 2243 2244 2245
f 2244 2246 2247
f 2245 2247 2248
f 2249 2250 2251
f 2252 1824 2249
f 2248 2250 1818
f 322 79 2253
f 128 322 2254
f 2255 2256 2257
f 1261 2257 78
f 2257 1261 2255
f 2258 1469 2259
f 1469 2258 1468
f 1469 1438 2260
f 2261 2262 2259
f 2263 2258 2264
f 2260 1440 2265
f 2265 2261 2260
f 1569 2266 1568
f 2267 2268 1568
f 1731 2267 2269
f 2270 2269 2271
f 1564 2272 1569
f 2271 2266 2273
f 2274 2275 2204
f 1983 2274 2207
f 2205 2276 2277
f 2278 2279 2275
f 2280 2281 2274
f 2278 2275 1211
f 2282 2283 2085
f 592 2088 2284
f 2285 2286 2287
f 2288 2289 2290
f 2291 2289 2292
f 2286 2285 2291
f 852 2290 2293
f 854 2288 852
f 2290 2285 2294
f 1881 2295 1880
f 2296 2297 2298
f 2295 2299 2300
f 1880 2300 1879
f 2301 2302 2303
f 2304 2305 2302
f 2305 2304 2306
f 2304 2307 2308
f 2307 2304 2301
f 1336 1333 1677
f 1718 1336 1675
f 2309 2310 2311
f 638 2310 1227
f 2096 2312 2098
f 2313 2314 2095
f 2315 2316 2317
f 2317 2318 1536
f 2316 2319 2318
f 2318 1534 1531
f 2320 2321 2316
f 2316 2315 2320
f 178 169 2322
f 962 2323 2324
f 962 961 2323
f 2323 1054 2325
f 1053 1054 2326
f 2327 2328 2325
f 2329 603 265
f 2330 2329 179
f 2331 2332 2333
f 2334 2331 2335
f 2336 2337 2333
f 2338 2339 2340
f 2341 2336 2339
f 2342 2343 2344
f 2345 463 2346
f 464 2342 462
f 2347 2348 2345
f 2346 2349 2345
f 2350 2351 2352
f 2280 2353 2350
f 2354 2355 2351
f 2353 2280 1983
f 2281 2280 1209
f 2356 2357 1385
f 2357 2358 1394
f 2359 606 2360
f 2360 2361 2362
f 2360 2363 2359
f 2364 345 1771
f 345 344 1496
f 1771 1773 2364
f 2365 2366 2367
f 2367 2368 1354
f 2366 2369 2368
f 2366 2365 715
f 2370 2371 2372
f 2373 2370 2374
f 2375 2000 2370
f 2376 2371 1999
f 2377 2006 2378
f 2378 2375 2373
f 1298 2353 1299
f 2354 1298 2379
f 1515 2380 1512
f 2381 1513 2382
f 2383 2381 2384
f 1515 2385 2380
f 2384 2382 2386
f 2387 2388 1097
f 1097 1099 2387
f 2389 1091 2390
f 1955 1954 1116
f 1355 2391 2063
f 2391 2392 2393
f 2394 2061 2393
f 389 2395 2396
f 2395 2397 2398
f 393 600 2395
f 2399 2400 2401
f 1225 2402 1224
f 2402 2403 2404
f 2400 1220 2404
f 2401 2386 2399
f 2400 2399 2405
f 2406 2407 1985
f 2407 2406 2408
f 2408 1296 2407
f 1116 905 1428
f 901 2409 904
f 1955 1116 2410
f 2411 260 2412
f 2413 259 2411
f 2414 2415 2416
f 818 2417 2418
f 2417 2419 2416
f 2415 2420 2418
f 1656 2421 2234
f 2234 2233 1656
f 2422 2423 2424
f 2425 2426 2427
f 145 148 2424
f 2424 2426 145
f 2424 2428 2422
f 1499 2429 593
f 593 2430 591
f 860 990 862
f 2431 2432 2433
f 2434 2435 2436
f 2435 2437 2433
f 2438 2439 2434
f 2439 2440 2435
f 2441 1079 2442
f 2443 1701 1079
f 1079 2441 2443
f 2444 705 2445
f 705 2444 2446
f 706 705 2447
f 2448 1064 861
f 2449 2450 2451
f 2452 1330 2450
f 2453 2451 2454
f 2450 2455 2296
f 2298 2456 2296
f 992 991 2457
f 991 995 2458
f 2459 1204 2457
f 2458 2406 1988
f 1988 2459 2458
f 1159 1158 2460
f 1284 2461 2462
f 2463 2462 2464
f 2465 2466 1482
f 2467 1483 2196
f 2466 2465 2200
f 1484 1937 1482
f 1479 1478 2467
f 1507 2232 271
f 2468 2469 2470
f 929 928 2468
f 2471 1803 2472
f 1803 2471 2468
f 939 929 2470
f 2473 2474 2475
f 2476 2477 1671
f 2478 2479 2477
f 2475 2480 2473
f 2481 2482 2483
f 2483 2484 2481
f 2485 2482 2486
f 2487 2483 2488
f 2489 2490 2482
f 2482 2481 2489
f 619 1610 2491
f 343 337 2364
f 1683 2492 1681
f 1681 2493 2494
f 2492 1683 2495
f 2494 2496 1681
f 2432 2497 2436
f 2498 2499 2431
f 2499 2498 2500
f 2501 2499 2502
f 2497 2432 2501
f 2503 2431 2504
f 2193 2505 798
f 2505 910 2506
f 1911 797 2506
f 2194 2507 2193
f 798 805 2193
f 2508 2509 2510
f 2509 2508 1884
f 2510 2511 2508
f 1885 1886 2512
f 2513 2514 2515
f 2511 2510 2516
f 1122 1121 1763
f 1535 2517 1537
f 2518 2519 2520
f 2518 18 2521
f 2522 2523 2520
f 2520 2524 2522
f 2520 2525 2518
f 2526 2524 2396
f 1136 2527 1135
f 1136 1132 2528
f 2528 2529 1136
f 1135 2530 1133
f 782 781 1145
f 2531 692 958
f 2532 964 2533
f 692 691 959
f 2534 2535 2414
f 2420 2415 2536
f 2537 2414 2538
f 1417 1737 2539
f 1738 1392 2540
f 2539 1738 2541
f 1416 1417 1414
f 2541 2542 2539
f 2543 1283 2544
f 2545 1281 2543
f 2460 2461 2545
f 2461 1284 1281
f 2546 2547 711
f 2548 2549 2547
f 409 2546 1929
f 2200 2198 2466
f 2305 2467 2195
f 563 562 2550
f 560 789 562
f 562 2551 2552
f 2355 2354 2314
f 2553 2554 2555
f 2312 2096 2379
f 2555 2355 2313
f 2379 1300 2312
f 2556 2557 2558
f 2558 2559 2556
f 2560 2561 2556
f 2559 2558 2562
f 2563 2564 2565
f 2558 2566 2567
f 1203 1202 2568
f 2568 2569 1203
f 1203 2570 1198
f 2571 2572 2568
f 2573 2208 1579
f 1579 2571 2573
f 2208 2573 2574
f 2575 1775 2576
f 1775 2575 2577
f 2578 2576 1409
f 1408 1410 1777
f 2576 2578 2575
f 1768 2054 2579
f 2579 2580 2581
f 2581 1772 2579
f 2580 2441 2582
f 2054 2583 2580
f 2584 1191 2585
f 2584 1620 1191
f 1698 2586 1189
f 2586 2587 2588
f 363 1463 359
f 653 2589 650
f 821 2590 2419
f 822 2591 821
f 2592 2590 2593
f 824 2594 822
f 2419 2417 821
f 946 2595 942
f 2596 2597 2565
f 2598 2563 2599
f 2565 2566 2596
f 2597 2600 2599
f 2601 2602 2596
f 2603 2411 2604
f 1056 2413 2603
f 1057 1056 2605
f 2604 894 2603
f 2604 2412 896
f 374 886 373
f 2606 371 2607
f 327 1526 325
f 2608 2609 1526
f 2610 2608 327
f 2611 2612 2608
f 2613 2611 2610
f 2614 461 2348
f 2615 2614 2616
f 862 992 1205
f 1577 1574 2582
f 1574 1573 2581
f 2582 2442 1577
f 2617 2618 2619
f 1127 2617 2620
f 1129 1125 2617
f 2621 2619 2622
f 2623 2624 1213
f 2624 2625 1216
f 2625 2624 2626
f 2627 2628 660
f 2097 2629 2630
f 2098 2631 2097
f 2630 2632 2097
f 2632 2630 2633
f 2630 1898 2634
f 1896 1898 1894
f 2635 2282 2084
f 2084 1885 2635
f 2636 2637 2635
f 2283 2282 2638
f 2249 2639 2252
f 2640 1825 2641
f 2642 2641 2643
f 2251 2644 2249
f 1083 2645 1081
f 2646 2647 2648
f 2649 2650 2651
f 2650 1567 2652
f 440 439 2650
f 2647 1921 2652
f 868 575 2653
f 2653 2654 868
f 2653 2075 2655
f 2656 2657 1280
f 2657 2658 1278
f 1278 2659 1277
f 1280 1279 2656
f 2657 2656 2660
f 955 2523 2661
f 2523 91 2525
f 2293 2294 2662
f 2662 2663 2293
f 2663 2662 2664
f 2662 2665 2666
f 2667 2665 2287
f 1626 1627 2429
f 2033 2668 2032
f 864 2669 2033
f 2032 2670 2030
f 2113 2671 2672
f 2673 2672 2674
f 2675 2676 2677
f 2678 2679 2671
f 2671 2119 2678
f 2680 2681 2682
f 2185 2680 2184
f 2683 2684 2680
f 2175 2184 2183
f 2184 2682 2685
f 775 769 2686
f 2687 774 2688
f 1924 2167 2686
f 2686 2689 775
f 2686 770 1924
f 770 773 1925
f 1507 1506 2690
f 1506 1505 2691
f 2692 2693 2694
f 2692 2695 2696
f 2696 2697 2692
f 2694 2140 2692
f 2693 2698 2699
f 2699 2700 2164
f 2694 2699 2145
f 910 2505 913
f 675 1744 673
f 1744 675 1741
f 680 2701 677
f 674 673 681
f 673 1743 1950
f 2702 2703 2542
f 1415 1414 1966
f 1108 2704 2705
f 2705 2706 1108
f 2707 2704 2708
f 148 139 2428
f 2709 2710 2634
f 2634 1661 2709
f 2711 510 2712
f 2713 2714 2712
f 2712 501 2713
f 2715 2716 2717
f 2718 2719 2715
f 2720 2715 2721
f 2717 2722 2723
f 2722 2724 2725
f 2724 2722 2726
f 1674 2727 2728
f 2729 2292 2730
f 2727 2291 2729
f 2727 1674 2731
f 2728 2729 1723
f 2019 1959 1030
f 2732 2019 704
f 2733 2020 2732
f 2447 2732 706
f 2006 1998 2375
f 2734 2735 2736
f 2737 2738 2739
f 2740 2736 2741
f 2741 2742 2740
f 2743 2048 2744
f 2745 1839 2743
f 1839 2745 1837
f 2746 1830 2747
f 722 2748 2746
f 1831 1830 2749
f 2750 2746 2751
f 2752 2753 2747
f 2747 1832 2752
f 1832 1828 2754
f 2755 2756 1435
f 1434 2627 2757
f 2758 1433 2757
f 1434 2756 2627
f 2759 2755 1087
f 2755 2759 2760
f 2761 2227 2762
f 2227 2761 2563
f 2762 2690 2761
f 30 263 1061
f 604 2763 75
f 1794 791 2764
f 1485 2765 788
f 2766 2767 2765
f 2767 2768 2764
f 1459 1047 1397
f 1490 2769 2770
f 2770 2771 2772
f 1491 1490 2773
f 2774 2775 2769
f 2774 2769 2776
f 2764 2777 1794
f 2486 2778 2779
f 2488 2485 2780
f 2781 2780 2779
f 2782 2783 2490
f 773 440 2649
f 594 592 2784
f 589 594 2785
f 2786 2787 2788
f 2789 2788 2092
f 623 2100 2790
f 2787 1630 2790
f 2790 2791 623
f 834 2792 2786
f 1630 2787 1629
f 2791 1624 620
f 1624 2791 1628
f 2793 1361 2794
f 2794 1363 509
f 1361 2795 1362
f 2796 2795 2793
f 2797 2130 2127
f 2131 2130 2798
f 1858 2797 1857
f 427 2202 1443
f 350 2799 346
f 2800 619 2801
f 2801 2802 2800
f 1195 2803 2491
f 2804 1262 2427
f 2804 2805 2806
f 2427 2423 2804
f 2806 2807 2804
f 1258 2425 1264
f 2387 2808 2809
f 2810 2809 2612
f 2811 2388 2809
f 2808 2812 2813
f 1099 2814 2808
f 1209 1208 2281
f 2352 2815 2350
f 2816 2278 1210
f 2114 1253 2116
f 2817 2121 2818
f 2673 1251 2114
f 2819 2820 1349
f 2821 2822 2823
f 2823 2824 2825
f 2825 2826 2823
f 2826 2827 2828
f 2829 2821 2828
f 603 2329 421
f 2830 2831 681
f 2832 2833 2674
f 1256 2833 2834
f 2833 2832 2835
f 2674 2676 2832
f 1251 2673 1255
f 1843 2836 1842
f 1842 2837 1840
f 1670 2838 2839
f 1663 2840 1670
f 2839 2476 1670
f 2841 2842 2843
f 1712 2844 2842
f 2845 2846 2847
f 2846 2845 2439
f 2847 1835 2845
f 2848 2849 2850
f 2850 2440 2848
f 479 473 2851
f 2852 477 2853
f 2851 2854 479
f 2851 469 2030
f 469 468 2031
f 2855 2856 2857
f 2857 2858 2859
f 2856 2816 2858
f 2860 2861 1964
f 1964 2703 2860
f 1612 1611 2861
f 2862 1102 2863
f 356 355 1063
f 2766 1487 2306
f 2467 2305 1479
f 2864 2865 2866
f 2867 2868 2869
f 2866 2870 2864
f 2871 2867 2872
f 2870 2866 2873
f 1175 2874 1173
f 2875 2876 2754
f 2753 2752 2877
f 2877 2876 493
f 2814 1099 644
f 2517 2814 1230
f 1159 2689 1157
f 1894 2629 1297
f 2312 1293 2631
f 1688 1691 1858
f 2130 2797 2878
f 1692 2879 1691
f 2880 854 2881
f 854 2880 2288
f 847 2882 855
f 2883 2733 2447
f 2545 2687 2460
f 2884 2319 2885
f 2884 2886 333
f 2885 2321 2887
f 2262 2885 2264
f 2886 2884 2262
f 2888 2889 1844
f 2890 2807 2891
f 2889 2888 2806
f 1844 1846 2888
f 814 2891 813
f 906 1117 902
f 905 1114 899
f 2892 2893 2894
f 2895 1000 2892
f 2896 1869 2894
f 2893 1002 2897
f 546 2896 2897
f 547 546 2898
f 1929 711 2899
f 1879 2297 2900
f 2901 2118 2902
f 2903 2901 1075
f 2904 2577 2905
f 2577 2904 1775
f 2577 2906 2907
f 2908 2904 2909
f 2706 2705 2907
f 413 418 411
f 844 414 842
f 2910 2911 414
f 2912 2910 844
f 2454 2456 2913
f 2456 2298 2914
f 2915 2916 2299
f 2299 2295 2915
f 559 553 2917
f 563 2918 552
f 1963 1962 1305
f 2919 1306 378
f 2341 2919 380
f 2920 2921 2922
f 2923 724 1015
f 2924 725 2923
f 2922 2925 726
f 1015 2925 1013
f 2926 2927 2928
f 2929 2930 1179
f 2926 2931 2873
f 2932 2933 2930
f 2928 2104 2926
f 2934 2935 2936
f 2935 2937 2938
f 2935 2934 2939
f 2940 2941 2938
f 2941 939 2936
f 2936 2470 2934
f 876 495 2056
f 497 490 876
f 2942 2943 494
f 2944 2055 2943
f 2945 2946 2947
f 2553 2945 2948
f 2948 2947 2949
f 2950 1622 2951
f 2951 2952 2950
f 2946 2945 2953
f 1622 2950 2954
f 2955 2956 2957
f 2958 2959 2956
f 2956 2960 2961
f 2957 2961 999
f 2961 2962 996
f 2963 723 2964
f 2746 2750 722
f 2964 2750 2965
f 2748 722 727
f 2089 2430 2966
f 2966 1887 2089
f 2616 2967 2615
f 2348 2347 2616
f 2515 1467 2513
f 2099 624 2968
f 2093 2968 2969
f 2923 401 2924
f 2924 2134 2970
f 2133 2134 405
f 2542 2541 2702
f 441 443 445
f 777 2971 772
f 671 2972 2973
f 2974 2975 2976
f 2975 2974 1904
f 2976 2977 1615
f 2978 2977 2979
f 581 580 2980
f 2980 2981 2982
f 2982 2983 2980
f 2980 2984 581
f 2981 627 2985
f 627 2981 630
f 2638 2986 2283
f 2986 2987 2284
f 1062 1064 364
f 2988 362 2989
f 471 2989 2448
f 476 2988 471
f 2990 2991 1234
f 2991 2992 1240
f 2993 542 2994
f 2489 540 2993
f 2995 2996 2997
f 2504 2998 2503
f 2999 3000 3001
f 2503 2995 3002
f 2789 2633 3003
f 2633 2789 2632
f 1667 3004 1665
f 3005 3006 3007
f 2860 3008 3005
f 3007 1616 3005
f 3005 1612 2860
f 3009 3010 1318
f 3011 3012 3013
f 1602 3013 3014
f 3013 1948 3011
f 3014 3015 1599
f 3010 3009 3014
f 3016 2313 2969
f 2802 3016 3017
f 3018 2555 3016
f 3019 3020 3021
f 3022 3023 3024
f 3025 3024 3026
f 3027 3022 3025
f 3028 3029 1564
f 2273 2272 2102
f 3029 3028 3030
f 614 3031 569
f 571 923 568
f 607 918 3031
f 2464 1149 3032
f 3033 3032 3034
f 2948 2352 2553
f 3035 2151 3036
f 2177 2179 3037
f 2179 2178 3035
f 3036 3038 3035
f 1638 3039 2149
f 3038 3036 3040
f 2102 2101 2273
f 2106 3041 3042
f 3030 2109 3029
f 3042 2271 2106
f 2705 3043 2905
f 3043 3044 2909
f 3044 3043 2707
f 778 676 781
f 1014 1013 679
f 780 679 778
f 3045 2957 3046
f 3047 1722 2730
f 2730 3048 3047
f 1723 1718 2728
f 2658 3049 2659
f 2659 3050 2734
f 3050 3051 2735
f 3052 3049 3053
f 3051 3050 3052
f 3054 3055 3056
f 3055 2879 3057
f 3055 3054 2798
f 3058 3054 3059
f 3057 3060 3061
f 3061 3062 3057
f 2998 3063 2995
f 2996 2135 3001
f 3064 459 2614
f 2614 2615 3064
f 2136 2999 2137
f 3065 3066 2999
f 2999 2136 3065
f 1800 2819 3067
f 1349 3068 2819
f 3069 3067 3070
f 3067 3071 3072
f 537 3071 3073
f 3074 2852 3075
f 3076 1470 3077
f 432 428 3076
f 3078 3076 3079
f 3079 3077 2263
f 593 585 1499
f 1501 1626 1499
f 3076 3078 432
f 3080 3078 3081
f 3082 430 3083
f 3084 3083 3080
f 3085 1931 2899
f 2899 712 3085
f 3086 3087 3085
f 3004 1667 3088
f 1137 1140 3089
f 1869 2896 1862
f 3090 3091 1823
f 3092 1822 3093
f 3094 3092 3095
f 3096 3091 3097
f 3091 3096 3093
f 3098 2495 2696
f 3099 3100 3101
f 3006 3102 3099
f 3102 3098 3100
f 2698 2693 615
f 614 2698 608
f 615 2697 613
f 3103 126 3104
f 1457 1459 3105
f 3106 1457 3107
f 3105 1397 639
f 497 878 496
f 3108 3109 3110
f 3111 3112 3109
f 3109 1855 3111
f 3113 3114 3115
f 1631 3116 3117
f 1634 3117 3118
f 3117 2560 3119
f 3116 3120 2560
f 3121 3122 3116
f 1989 2574 1988
f 2756 2755 3123
f 508 1362 1360
f 2991 2990 3124
f 3124 3125 2991
f 3126 2219 3127
f 3128 812 3127
f 3129 3126 3130
f 3127 2221 3128
f 1400 3131 1401
f 1399 3132 3131
f 1403 3133 1399
f 3134 3135 3136
f 3137 3138 3134
f 3138 3137 3139
f 3135 3138 2584
f 3134 976 3137
f 619 2800 617
f 2215 2214 3140
f 3141 3142 2223
f 2223 2222 3141
f 2654 3143 865
f 873 588 881
f 881 589 879
f 2144 2162 747
f 3144 3145 3075
f 2852 3074 3146
f 3075 3147 3144
f 3075 2853 3147
f 2651 1918 2649
f 3148 3149 1289
f 1289 3150 3148
f 931 3151 936
f 1305 1304 1963
f 3152 3153 3154
f 3154 2993 3152
f 3153 3152 2071
f 3155 3156 2994
f 3157 3158 3159
f 3160 3161 3157
f 3162 3158 3163
f 3164 3165 3161
f 3166 3167 3168
f 3166 3169 3167
f 3170 3166 3171
f 3168 63 60
f 2521 19 3167
f 1701 1699 1080
f 2443 3172 1701
f 994 1895 2408
f 1427 3173 1027
f 702 703 2409
f 2215 3174 2218
f 3175 2216 3176
f 3177 3178 3176
f 3174 2215 3179
f 3003 2786 2789
f 835 834 3003
f 924 3180 922
f 1369 1372 3181
f 1369 3182 1366
f 3183 1455 3106
f 3184 1460 3183
f 3185 1826 1460
f 3183 2837 3184
f 2837 3183 2052
f 3184 2836 3186
f 1460 3184 3185
f 1103 3187 2110
f 3188 2112 2110
f 3189 3188 3190
f 3187 3191 3190
f 1100 3192 3187
f 2880 3193 3194
f 3193 2880 3195
f 1297 1296 1894
f 3180 924 3196
f 1997 2069 2001
f 3197 3198 3199
f 3200 3201 3199
f 3199 3202 3197
f 3203 2363 3204
f 3204 3200 3203
f 2363 3203 3205
f 3198 3197 736
f 486 3206 1538
f 3207 3208 3209
f 485 3210 3206
f 3211 3209 3212
f 3213 2939 3214
f 913 2507 3215
f 2939 3216 3215
f 909 913 916
f 2939 3213 2935
f 3217 3218 632
f 3219 3218 3220
f 2835 3221 3217
f 3218 3219 3222
f 2827 3223 3224
f 535 3225 3226
f 3225 2829 3224
f 3111 1856 3227
f 3227 3228 3111
f 2125 3229 2123
f 2124 2123 1849
f 2987 3230 2784
f 1942 3231 3232
f 3233 3234 3232
f 3235 3236 849
f 849 3233 3235
f 3122 3121 3231
f 3236 3235 3237
f 3238 3239 3240
f 3241 3240 1735
f 3242 3243 3244
f 3244 3245 3246
f 3240 3245 3247
f 3248 3249 3239
f 3250 1654 2549
f 3251 3250 2548
f 2156 2421 3251
f 2549 1655 710
f 3252 1559 3253
f 3254 3252 3255
f 981 983 3253
f 1640 3237 1633
f 2153 3236 1640
f 3256 3257 3258
f 3259 426 3258
f 3260 3259 1165
f 3259 3260 3261
f 3258 3262 1165
f 1166 3263 1165
f 3260 3263 3264
f 3265 3266 2687
f 3265 2543 3267
f 2687 2545 3265
f 3267 3268 3265
f 3269 3270 3271
f 3270 3269 1401
f 3272 3271 3273
f 3274 3275 3276
f 3277 3278 3275
f 3279 3277 3274
f 2599 3280 2598
f 2598 3281 2228
f 1015 400 2923
f 3282 2793 3283
f 2793 3282 2796
f 3283 2794 3284
f 1268 1269 1796
f 2551 1797 3285
f 1644 1268 3286
f 3287 3288 3289
f 2720 3228 3289
f 3289 3290 3287
f 2715 2720 2718
f 3228 2720 3112
f 2719 2718 3291
f 3060 1967 1969
f 127 128 3104
f 3292 3103 3293
f 3294 3295 2958
f 3296 2960 3297
f 2960 3296 2962
f 3088 754 2163
f 750 2144 746
f 1580 2206 1382
f 2021 3298 3299
f 3299 457 3136
f 3298 3300 457
f 3301 3302 3303
f 2393 3302 2394
f 3304 3305 3301
f 3306 3307 2392
f 1401 3308 3270
f 3308 3309 3276
f 3310 3274 3311
f 566 2146 738
f 2131 3310 2126
f 2126 3311 766
f 2586 1698 1709
f 1696 3312 1697
f 1944 1934 3313
f 3120 3313 2561
f 3122 1944 3120
f 3313 1936 2601
f 1936 3314 2602
f 3315 3316 3317
f 499 491 3318
f 3317 3319 3315
f 493 3316 491
f 3317 3320 3321
f 3322 3320 3323
f 3324 1715 3325
f 3325 1716 3312
f 2363 2360 3326
f 3326 2362 2041
f 2041 2040 3326
f 2152 3327 2150
f 3327 2152 2882
f 2152 2178 3328
f 1140 1141 3139
f 2986 2638 3329
f 3329 3330 3331
f 3332 3329 3333
f 2987 2986 3332
f 3334 3335 3336
f 3337 2642 3338
f 3336 3339 3334
f 2643 3335 2642
f 2640 2641 3337
f 3340 3341 3342
f 3195 2182 3193
f 3342 3343 3340
f 3211 3344 3345
f 2726 3346 2724
f 2724 3347 3144
f 3347 2992 3145
f 3346 3348 3347
f 3349 2620 2621
f 1890 1653 3350
f 3350 3170 3351
f 3351 1888 3350
f 2240 3170 2239
f 3352 3353 3354
f 3355 3354 3356
f 3357 3358 3354
f 3359 3319 3356
f 3353 3318 3359
f 1703 498 3352
f 3360 3361 3362
f 2168 3363 3364
f 3362 3363 1786
f 3365 3273 3361
f 3366 3367 3368
f 3368 2744 3366
f 1096 3369 1095
f 2744 3368 2743
f 3368 3370 3371
f 3372 3370 3373
f 3374 903 3375
f 2638 2637 3330
f 898 897 3374
f 1454 3376 3377
f 1454 3378 3376
f 3379 350 3380
f 1453 3377 3061
f 351 3062 349
f 3381 3382 3383
f 3384 3381 3385
f 3385 3383 2320
f 2264 2887 2263
f 3386 3081 3381
f 2024 3387 3298
f 2210 3388 2024
f 3389 2929 1180
f 2927 2926 2874
f 2874 1175 2927
f 3390 761 3391
f 761 3390 3392
f 3393 3394 3395
f 3396 2872 3394
f 3397 3398 3399
f 3399 2870 3397
f 3400 3396 3393
f 3401 2871 3396
f 2437 3402 2504
f 2493 3403 2540
f 2702 3403 3404
f 2492 3405 2493
f 1256 3406 1252
f 2834 3407 1256
f 3408 3409 3410
f 2783 2782 3411
f 2490 3154 2782
f 3410 3153 3408
f 2589 3412 652
f 1464 3413 2589
f 3407 2834 3414
f 3217 3415 2835
f 635 3416 3415
f 3417 3407 872
f 2490 2489 3154
f 3151 3418 3148
f 1291 1290 3419
f 453 452 1346
f 3420 227 248
f 227 3420 1265
f 250 3421 3420
f 2550 2552 3421
f 1265 3422 3285
f 253 952 250
f 3423 3424 2534
f 2536 2535 3425
f 3424 3423 3426
f 3426 3427 3424
f 2534 3428 3423
f 2414 2537 2534
f 2555 3018 2553
f 3429 3430 3431
f 3432 3433 3429
f 3434 3430 3435
f 3433 3432 3436
f 3437 2434 3438
f 2497 3439 3438
f 3440 3437 3441
f 2624 2623 2951
f 2626 1621 2625
f 487 1751 3210
f 723 2963 720
f 3442 3443 3444
f 2920 2922 3442
f 3445 3446 3444
f 3444 3447 3442
f 3444 2963 3445
f 2402 1225 633
f 2985 634 1223
f 2403 2402 3222
f 3448 3449 1314
f 3449 3009 1315
f 2410 2714 1955
f 2712 1430 2711
f 1429 1430 2410
f 3450 3451 2910
f 3451 3450 3452
f 2910 2912 3450
f 3453 3454 3455
f 526 3455 524
f 3455 526 3453
f 3155 2898 1006
f 1006 1005 3155
f 2994 547 3155
f 1002 2893 998
f 569 2700 614
f 3456 3375 2636
f 3457 3374 3456
f 2636 2511 3456
f 2710 2709 837
f 837 835 2710
f 3458 3459 833
f 3460 2509 3459
f 1467 2515 3460
f 3459 3458 3461
f 3462 3460 3461
f 3463 3464 1450
f 2397 3463 3465
f 600 1826 2397
f 1450 3466 1448
f 2322 3467 2827
f 2330 2322 2826
f 2322 2330 178
f 3223 3468 3226
f 3468 3223 1645
f 3469 3470 445
f 445 2971 3469
f 451 3471 1138
f 3471 3472 2528
f 451 3089 449
f 1138 1137 451
f 2527 3473 2530
f 2529 3474 2527
f 3474 2529 3475
f 1279 1272 3476
f 1279 3476 3477
f 3478 3479 1274
f 1274 1273 3478
f 3480 3481 3200
f 2043 2843 3480
f 3200 3204 3480
f 3481 2840 3201
f 3016 2802 3018
f 2954 2946 2803
f 3482 2038 3483
f 2967 3483 436
f 3484 3282 1024
f 3284 1025 3283
f 1029 3484 1023
f 3485 2675 2679
f 2676 2675 3486
f 3487 3488 3489
f 3489 3490 3491
f 3393 3492 3400
f 3492 3393 3493
f 3493 3494 3492
f 3488 3495 3490
f 3495 3401 3400
f 3496 3497 3498
f 3499 3500 3501
f 3502 3501 3503
f 3504 3505 3496
f 3505 3506 3497
f 1423 1422 1686
f 3387 3507 3300
f 1341 1346 3508
f 3509 60 110
f 60 3509 3168
f 2481 551 540
f 3510 1760 3511
f 1760 3510 1765
f 1857 2127 1146
f 3226 3512 535
f 2829 3225 3513
f 3485 3514 2381
f 3515 1511 3514
f 3485 2679 3514
f 3514 3516 3515
f 2329 2330 2825
f 3517 2605 893
f 2605 3517 1057
f 3518 893 3519
f 2327 3517 3518
f 894 2604 892
f 2854 2851 3520
f 3520 3521 2854
f 3522 685 2328
f 958 2324 2531
f 685 3522 687
f 692 2531 684
f 3523 1543 3208
f 3208 3207 3523
f 1543 3523 3524
f 3524 387 1543
f 2008 1877 1755
f 2009 3525 2008
f 511 402 3526
f 3526 3527 511
f 3526 404 768
f 3528 3529 3530
f 949 3378 941
f 3378 949 3380
f 430 3082 3053
f 3053 3531 433
f 3051 3052 3532
f 3083 3084 3082
f 1210 1212 1133
f 1502 2053 1493
f 3533 329 3196
f 3196 3534 3180
f 927 3533 926
f 329 331 3534
f 3534 3535 2265
f 2171 2170 3277
f 2171 3058 353
f 3277 3279 2171
f 3146 1961 2852
f 1162 3536 672
f 377 366 3537
f 3538 3539 3536
f 2590 2592 3540
f 2419 3540 2538
f 2592 3541 2740
f 1621 2626 1618
f 1353 3179 3142
f 1354 3542 1353
f 2495 3098 2492
f 923 922 1441
f 2911 2155 415
f 3500 3499 3435
f 3543 3498 3436
f 2025 2587 2022
f 2587 2025 2585
f 3544 2526 2398
f 2530 3545 3546
f 652 3547 651
f 3547 836 1662
f 836 3547 838
f 3548 659 1380
f 3549 1379 661
f 3550 3548 1381
f 3550 2758 3548
f 422 2824 3551
f 3551 2822 3552
f 1025 3284 1431
f 531 3553 3072
f 3554 2389 3555
f 3556 3557 3555
f 2388 3558 1098
f 3555 2390 3556
f 2389 3554 3369
f 1091 2389 1096
f 1967 3060 1692
f 1621 1620 3139
f 3135 2584 3559
f 3332 3560 2987
f 3333 3561 3332
f 1370 3230 1373
f 3561 1371 3560
f 3333 3331 3562
f 3562 3563 3333
f 2337 3564 2532
f 3565 3566 3567
f 2336 382 2337
f 965 964 3566
f 2337 2532 2335
f 2816 1210 3546
f 3568 135 3103
f 3529 1486 557
f 788 558 1485
f 3529 3528 1481
f 879 2785 1370
f 3569 2892 3570
f 1585 2895 3569
f 472 2448 2035
f 1812 1342 1810
f 464 3571 1810
f 1342 1812 1345
f 3572 3097 3573
f 3097 3572 3096
f 3097 3574 3575
f 3573 3575 3576
f 3507 3387 3577
f 2511 2636 2512
f 3026 3020 3578
f 3249 3248 3019
f 3578 3248 3238
f 3026 3579 3025
f 3238 3580 3578
f 3578 3581 3026
f 2623 3582 2952
f 1213 1215 2623
f 839 1887 2792
f 1627 1629 2966
f 814 808 3583
f 2891 814 2890
f 3584 3585 1338
f 3585 3584 3440
f 3586 1338 3587
f 1338 3586 3584
f 2228 2227 2598
f 1205 1200 862
f 1204 2459 1202
f 2190 2189 3588
f 2187 2186 804
f 804 803 2187
f 2248 3588 2245
f 3589 3150 3590
f 3150 1289 3591
f 1288 3592 1286
f 937 936 3589
f 2753 3593 2751
f 3445 2964 3594
f 3593 3182 2965
f 3595 3213 3596
f 3213 3595 2937
f 2025 3299 3559
f 1466 2444 2513
f 698 700 2445
f 2514 2513 3597
f 3598 3531 2658
f 2660 3598 2657
f 1128 1127 1476
f 951 2230 950
f 951 297 2224
f 298 3599 296
f 2169 2168 2170
f 2170 3364 3278
f 3363 2168 1787
f 2968 625 3017
f 363 3600 1465
f 1067 3379 3601
f 1071 2799 3379
f 3136 458 3134
f 3602 3516 2678
f 3287 3603 3602
f 3604 417 2157
f 3451 1524 2911
f 2862 2017 3192
f 3192 2016 3191
f 3605 3606 3607
f 3608 3605 3609
f 3610 3606 3608
f 3605 3607 3611
f 2071 2070 3153
f 3409 3408 3612
f 3419 3613 1291
f 3613 3614 2544
f 3418 3615 3149
f 3613 3419 3616
f 3176 3174 3177
f 3177 3617 3618
f 3174 3179 3617
f 2606 3619 3620
f 3620 2377 3621
f 669 957 3621
f 371 2606 957
f 2373 2972 2378
f 2004 3622 3609
f 2003 3619 3622
f 2201 1231 2147
f 3063 2998 3623
f 2440 2850 2437
f 3063 2970 2996
f 3623 729 3063
f 2850 3624 3402
f 3325 3625 3324
f 3625 3626 3627
f 3324 3627 3628
f 3629 3272 3365
f 94 93 2079
f 3011 2080 155
f 3012 3011 321
f 2035 2034 472
f 3630 375 3537
f 3631 2548 2546
f 3632 952 3633
f 2231 2917 2230
f 2918 3632 2917
f 3281 559 2231
f 428 427 1470
f 3220 3221 3486
f 2384 3220 2383
f 364 356 1062
f 606 434 2361
f 3634 3635 436
f 1102 2862 1100
f 3636 3257 3637
f 3257 3636 3262
f 3257 3256 3638
f 2754 1833 2875
f 1827 3639 3640
f 1833 3640 3323
f 827 818 3641
f 2818 827 2817
f 827 2818 826
f 3512 3286 539
f 3642 3643 2244
f 3644 3642 2243
f 3642 3644 3645
f 3643 3642 3646
f 2310 2309 3629
f 3365 3647 3629
f 2309 3269 3272
f 2311 1402 2309
f 3066 3065 3648
f 2771 2775 3649
f 3645 3650 3651
f 3385 3652 3384
f 3435 3652 3434
f 3381 3384 3386
f 3501 3502 3499
f 1783 3538 1162
f 3653 3504 3654
f 3498 3543 3496
f 2559 3655 3119
f 2562 3656 2559
f 3657 3658 2567
f 507 1360 1971
f 1234 1233 2990
f 3644 802 3650
f 1078 1077 3659
f 3650 1078 3660
f 802 3644 800
f 3661 3118 984
f 3662 3663 1509
f 3663 2570 1516
f 2124 3662 1508
f 2140 3664 2695
f 507 1971 506
f 2675 3485 2383
f 3665 1059 2763
f 2443 2583 3172
f 2583 2054 2944
f 3666 3667 3668
f 1992 3668 1152
f 1994 3666 1992
f 1152 2166 1992
f 869 573 868
f 2349 2346 3577
f 2349 2211 3669
f 2211 2349 3388
f 1347 3508 2342
f 3508 3507 2343
f 2918 563 3632
f 952 3632 3421
f 3670 3671 3672
f 3673 3674 3672
f 3675 3673 3676
f 3671 2772 3676
f 3677 688 1031
f 694 686 3677
f 2517 1230 3678
f 3679 1536 3678
f 3678 1229 3679
f 3680 3681 1228
f 3682 3683 3684
f 3685 3686 3687
f 3686 3688 3689
f 3684 1981 3682
f 2779 2783 3690
f 632 635 3217
f 3691 2868 845
f 2865 2864 3691
f 1174 2865 3692
f 3037 3693 2177
f 3693 3037 3694
f 2836 1843 3695
f 2479 2478 3696
f 3628 2478 2476
f 3626 3697 3696
f 2105 2933 3041
f 2104 2103 2931
f 2933 2105 2928
f 3590 3591 2029
f 2029 2026 3590
f 969 3589 967
f 2029 3592 1245
f 702 2409 701
f 3114 3113 3521
f 2668 3110 2670
f 2670 3114 3520
f 3521 2723 3147
f 2721 2717 3113
f 966 963 3698
f 3566 3565 965
f 2982 2985 3699
f 3700 3699 3701
f 2983 2982 3700
f 1860 3702 1325
f 1325 1324 1860
f 3702 1860 2831
f 2856 2855 2279
f 2857 3700 2855
f 1322 1973 1326
f 503 506 1322
f 671 669 2972
f 3703 2621 3704
f 3704 2622 3705
f 2622 3706 3707
f 1412 1089 1699
f 1087 1089 2759
f 2941 2940 3708
f 3615 3418 3709
f 2940 3710 3709
f 2938 3711 2940
f 2077 2080 1946
f 1635 3712 1638
f 375 3630 3713
f 3537 3539 3630
f 2463 3714 1285
f 1285 3715 1288
f 3714 1243 3715
f 3716 1241 3714
f 2394 3305 3717
f 3717 2066 2394
f 3718 3719 3717
f 1180 3718 3389
f 2201 435 2359
f 2359 3205 2201
f 2148 1444 2147
f 700 701 3597
f 701 900 3720
f 900 898 3457
f 1773 1772 3721
f 3722 3723 2256
f 3723 3724 3725
f 3723 3722 3726
f 3727 3722 2255
f 815 3728 3727
f 2254 2253 3725
f 3296 3729 3730
f 2073 1004 3731
f 3731 3732 2073
f 3732 3731 3733
f 3734 3735 3729
f 3145 3125 3074
f 2795 3736 3124
f 1788 3432 1786
f 2060 3737 1788
f 1786 3429 3362
f 3007 3099 3738
f 1899 1759 3739
f 481 2978 3739
f 487 480 3740
f 1759 1748 482
f 1451 2661 1449
f 889 884 1761
f 3741 3742 887
f 888 2618 1766
f 1824 2252 1821
f 2465 1940 3743
f 1940 2465 1938
f 3743 2242 1907
f 1907 914 3743
f 2519 2518 3744
f 3085 713 3086
f 3087 3086 2064
f 2700 569 740
f 3702 1952 1327
f 3745 3746 1376
f 3747 1376 1378
f 2974 3745 3747
f 3748 3749 3745
f 2006 2377 2003
f 2157 2156 3604
f 3750 3751 3752
f 3753 3724 3754
f 3755 3753 3756
f 3756 3754 3757
f 2817 3641 3758
f 510 2711 509
f 1378 1903 3747
f 2979 2975 1900
f 2855 3701 2277
f 2279 2278 2856
f 1453 1452 3377
f 3759 3760 3454
f 3454 3453 3759
f 1502 1500 584
f 584 587 1502
f 3279 3761 3058
f 3059 3056 351
f 3713 3762 375
f 3763 376 3741
f 376 3763 367
f 3764 3705 3765
f 3766 3487 3165
f 3164 3767 3768
f 3767 3164 3160
f 3768 3766 3164
f 3766 3768 3769
f 3090 3770 3771
f 3771 3772 3773
f 3768 3772 3774
f 2849 727 3624
f 3624 728 3623
f 3348 3346 946
f 946 945 3348
f 3346 2726 2595
f 2896 546 543
f 1249 1248 3775
f 3034 3776 3033
f 3775 3776 3777
f 3778 3779 3034
f 3716 2464 3033
f 3033 1248 3716
f 2612 2813 2609
f 1530 1527 3780
f 1352 1353 1350
f 1359 1350 3141
f 3781 3782 3288
f 3573 3783 3572
f 3572 3710 3784
f 3616 3615 3783
f 3783 3573 3616
f 2496 2494 1390
f 681 1950 2830
f 3391 3132 3390
f 328 3785 3027
f 3785 2011 3022
f 3533 927 3785
f 324 3027 3786
f 890 731 1060
f 187 731 319
f 3787 3788 2667
f 1912 1910 3788
f 1981 1975 3789
f 1921 2647 3789
f 2431 2503 2498
f 3790 3791 3002
f 3000 3790 2997
f 3268 3792 3266
f 3367 3366 3793
f 2840 3481 2838
f 3794 2841 2043
f 683 682 1148
f 2020 2733 475
f 2733 2883 3795
f 2139 3746 3664
f 3757 3751 3796
f 3796 3797 3757
f 3757 3798 3756
f 3751 3750 3799
f 1849 1851 2124
f 3800 3511 3801
f 3612 3510 3800
f 3690 3411 3801
f 3801 1764 3802
f 3758 2122 2817
f 2983 2859 2984
f 3803 583 3804
f 2859 3545 3804
f 3474 3803 3473
f 2859 2983 2857
f 3805 3806 3807
f 3806 3805 3808
f 2811 3806 3809
f 3810 3805 3811
f 2611 2613 3807
f 2809 2810 2811
f 2612 2611 2810
f 3687 3689 3812
f 3242 3687 3813
f 3244 3685 3242
f 2358 2357 3685
f 3110 2668 3108
f 3814 3446 3815
f 3594 3181 3445
f 3181 3594 1369
f 3816 3648 3817
f 3336 3817 3818
f 3819 3816 3335
f 2774 2776 3820
f 3820 3648 2774
f 1736 1418 1978
f 2805 3821 3822
f 2806 3822 2889
f 3822 3823 3824
f 3821 1447 3823
f 3823 3466 3825
f 3597 3720 2514
f 3758 2420 3826
f 100 3827 111
f 3828 3509 109
f 109 3827 3828
f 3828 3829 3351
f 2863 1916 2862
f 1916 2863 1864
f 3491 3163 3489
f 2988 476 3795
f 3795 360 2988
f 1409 1584 2578
f 1584 3569 3830
f 2578 3830 1870
f 1381 752 3550
f 1521 3831 1517
f 1521 1520 3832
f 3758 3826 2122
f 3425 3833 2536
f 419 3692 418
f 1181 1174 419
f 3264 3834 3665
f 3834 3835 1059
f 3665 605 3264
f 605 3665 604
f 1329 1337 2900
f 2900 3836 1879
f 1330 1329 2455
f 2372 3837 3838
f 3839 3840 3841
f 3841 3837 2376
f 3838 1012 2372
f 3525 2009 3840
f 2009 1011 3838
f 885 3842 3843
f 889 1765 885
f 2691 3844 3658
f 983 3656 3255
f 2690 2691 3657
f 3656 2562 3845
f 3679 3681 3846
f 3846 2317 3679
f 3847 3848 3849
f 2331 2334 3850
f 3850 3851 2331
f 3852 3777 3853
f 3853 693 3852
f 691 2334 2533
f 2334 691 3853
f 2140 2694 2138
f 829 3458 840
f 838 3854 829
f 3855 3307 3856
f 3557 3856 3857
f 3856 3557 3855
f 2391 3858 2392
f 3856 3306 3859
f 3307 3860 3303
f 2425 1258 147
f 259 2413 261
f 2069 1997 2072
f 2005 2004 3611
f 1778 1776 2908
f 3654 3861 3653
f 3428 3862 3653
f 3640 2449 2453
f 2450 2449 2452
f 1834 3863 3639
f 1005 2067 3156
f 417 3604 410
f 410 3631 409
f 3604 3251 3631
f 2680 2185 2683
f 3864 1995 3865
f 3667 3666 3864
f 3866 3667 2340
f 3169 2238 3867
f 2238 2237 3868
f 3169 3166 2240
f 3869 3744 3868
f 2929 3389 3304
f 3304 2932 2929
f 524 2912 522
f 3261 423 3259
f 423 3261 424
f 3509 3828 3171
f 1595 3703 3870
f 3705 3764 3704
f 446 3871 442
f 3871 446 3872
f 1564 438 3028
f 3487 3873 3488
f 3874 3875 3488
f 3876 3877 3878
f 961 3877 2326
f 3879 3878 3880
f 3881 3876 3879
f 3698 3882 966
f 3647 3365 3360
f 1847 811 1846
f 1848 3130 811
f 2745 3129 1848
f 3612 3800 3409
f 3086 2365 2065
f 1354 1357 2367
f 1818 2190 2248
f 938 3708 3151
f 2287 3883 2667
f 3609 3884 3608
f 3843 3884 3885
f 3886 3887 2683
f 3887 3886 3888
f 3887 3567 2684
f 2683 3693 3886
f 2661 2522 3544
f 820 819 823
f 3889 3890 823
f 823 1254 3889
f 1101 1100 1103
f 2268 2648 1566
f 3891 3892 2267
f 3543 3893 3654
f 3811 3580 3810
f 3580 3811 3581
f 1759 1899 1758
f 1900 1899 2979
f 624 2099 623
f 3894 851 2663
f 2663 2664 3894
f 3818 3895 3336
f 3404 3405 3102
f 3404 3008 2702
f 3102 3006 3404
f 361 360 3600
f 914 1907 1905
f 2242 2241 1908
f 2664 3896 3897
f 3898 3874 3899
f 3487 3766 3873
f 3873 3769 3899
f 715 714 2366
f 3799 3900 2217
f 2217 2216 3799
f 3797 3796 3175
f 1642 1976 1420
f 2081 3829 3901
f 102 3901 100
f 2385 1515 3902
f 1516 2569 3902
f 3902 2572 2385
f 2447 2446 2883
f 2421 1656 3250
f 1258 1257 53
f 2920 3442 1741
f 2678 2120 3602
f 3782 3781 3903
f 3288 3287 3781
f 3904 3782 3905
f 3905 3903 2901
f 3081 3386 3080
f 3080 3906 3084
f 3194 3343 3907
f 3343 3342 3908
f 864 858 3909
f 2263 3382 3079
f 3910 3911 3875
f 3911 3912 3913
f 3401 3495 3913
f 3910 3875 3898
f 2871 3401 3914
f 3915 2738 3862
f 3505 3504 3916
f 3917 3916 2737
f 2537 3915 3428
f 1372 1371 3815
f 1371 3561 3918
f 1120 3919 3563
f 3815 3918 3814
f 3579 2610 3786
f 3197 3920 737
f 3920 3088 735
f 2690 2762 1507
f 2232 2225 323
f 1340 3863 3587
f 1330 2452 1340
f 3863 1834 3921
f 2846 3586 3921
f 1074 3922 3833
f 1073 1072 1789
f 3427 1072 3425
f 1780 2057 2760
f 2760 3923 1780
f 3123 2057 3924
f 2756 3123 2628
f 3925 2640 3926
f 3899 3925 3898
f 3927 3928 3899
f 3929 3910 3926
f 2079 2078 94
f 1959 1958 1029
f 2593 1271 2592
f 2594 1276 2591
f 2877 3930 2753
f 3930 3931 3593
f 2161 1368 3930
f 3228 3227 3290
f 3229 2125 3515
f 3290 3229 3603
f 3787 1076 799
f 797 1911 799
f 3932 3933 3934
f 3798 3797 3935
f 3933 3936 3935
f 3937 3934 3938
f 3178 3938 3175
f 3886 3694 3939
f 3939 3940 3880
f 3040 3940 3038
f 3294 3356 3941
f 3321 2913 3942
f 3836 1721 1873
f 1426 2496 1389
f 3614 3943 3267
f 2342 464 1347
f 3745 2974 3748
f 3749 3748 3738
f 1615 1614 2976
f 1644 3468 1643
f 2374 745 2373
f 3790 3000 3944
f 3944 3066 3816
f 1921 1920 2651
f 3506 3945 3503
f 3386 3502 3906
f 1978 1977 1736
f 1384 1387 3946
f 1669 3947 1668
f 3948 757 3949
f 752 748 3948
f 3947 3950 3949
f 1535 2812 2517
f 1530 3780 1535
f 3112 2721 3115
f 1961 3146 3951
f 1958 3951 3484
f 2795 2796 3736
f 3851 3850 3779
f 3777 3852 3775
f 3779 3778 3851
f 2082 1603 3952
f 1263 1262 2890
f 1669 1664 2474
f 3947 1669 2473
f 3023 2010 3021
f 1424 3019 1422
f 1932 1931 3719
f 3356 3294 3355
f 2956 2955 2958
f 3157 3953 3160
f 2596 2557 2601
f 2889 3824 1845
f 3821 2805 2422
f 1355 3954 2391
f 3519 895 3955
f 1060 3835 890
f 3835 3956 891
f 3955 1168 3519
f 1168 3955 1167
f 2236 2160 2237
f 3680 3647 3957
f 3647 3680 1227
f 1633 3121 1631
f 3958 3959 3960
f 3734 3297 3958
f 3295 3959 2959
f 3961 3958 3962
f 1789 3963 1785
f 2799 1071 1784
f 2798 2878 3055
f 3964 3879 3965
f 3879 3964 3881
f 3966 3964 3967
f 3967 3965 3040
f 3888 3939 3882
f 2049 2046 1093
f 498 499 3353
f 1406 3923 1404
f 3923 1406 1781
f 2043 2042 3794
f 2209 1711 2044
f 3801 3802 3690
f 2779 3690 2781
f 3202 3004 3920
f 3968 3969 2213
f 2217 3968 2212
f 3970 3341 2183
f 2182 2181 3340
f 3619 2606 3885
f 273 191 3971
f 2051 3107 640
f 2045 640 648
f 3107 2051 3106
f 639 641 3105
f 3892 2646 2268
f 2803 1195 2954
f 341 466 1192
f 465 1695 466
f 1980 3688 3946
f 3946 2356 1384
f 3688 3686 2356
f 1981 3684 1980
f 2245 803 2243
f 3725 3293 2254
f 3646 2501 3643
f 3651 3439 3645
f 325 1528 332
f 3972 971 3637
f 3638 3552 3973
f 3637 3638 3972
f 2538 2742 2537
f 2738 3915 2741
f 3900 809 3968
f 390 2524 395
f 3974 1107 1591
f 2726 2716 3975
f 2068 1003 2073
f 764 767 763
f 785 767 783
f 537 3073 532
f 763 787 2129
f 2922 726 3443
f 2664 2666 3896
f 3341 3970 3345
f 2183 2685 3970
f 2913 2914 3941
f 810 3976 3728
f 3752 3726 3750
f 3724 3723 3752
f 3750 3976 3900
f 1328 1956 2713
f 1732 1731 2270
f 3162 3494 3470
f 3158 3162 3469
f 2507 2194 3214
f 1379 3549 1378
f 2684 381 2681
f 1616 3007 1614
f 3851 3866 2332
f 3778 3977 3866
f 3440 1678 3585
f 850 3327 847
f 3957 3360 3431
f 2292 3907 3048
f 2289 2288 3907
f 3234 3233 3894
f 48 261 1016
f 3978 1058 1016
f 1058 3978 1056
f 3979 3980 3981
f 3982 1576 2645
f 3980 3983 3982
f 1572 1576 1570
f 2480 3983 3984
f 3439 3651 3441
f 3651 3660 3985
f 2501 3646 2497
f 3441 3985 3440
f 3986 2369 3987
f 1606 3987 3952
f 716 717 714
f 3988 3048 3344
f 3735 3734 3961
f 3729 3296 3734
f 3841 3735 3839
f 3962 3989 3961
f 975 3636 974
f 3195 2881 3328
f 3327 850 2153
f 3738 3101 3749
f 2011 2012 3023
f 1553 1552 3881
f 3881 3990 1553
f 3877 3876 3991
f 1117 1120 3562
f 3919 1120 1746
f 2434 3437 2438
f 3586 2846 2438
f 3992 3051 3993
f 3775 3994 1249
f 3994 3677 1250
f 3995 3996 2821
f 886 3843 2607
f 1598 1592 3997
f 3201 1672 3202
f 2595 3975 947
f 947 3998 3999
f 940 3999 948
f 2803 2953 2801
f 3674 3673 4000
f 4000 1043 3674
f 4000 4001 3133
f 3673 3675 4001
f 3042 4002 4003
f 4004 4002 4005
f 2403 3219 2401
f 2386 3219 2384
f 353 3059 348
f 3971 1505 273
f 3254 3844 3971
f 3252 3254 4006
f 2621 3703 3349
f 2620 3349 1476
f 1593 1475 1594
f 4007 4008 4009
f 2464 3716 2463
f 838 3412 3854
f 3462 3461 3413
f 3413 1464 3462
f 4010 3727 1260
f 1270 1277 1271
f 1277 2734 3541
f 2656 3477 3064
f 460 459 4011
f 4011 4012 460
f 4012 4011 3479
f 2018 4013 2015
f 4014 3189 4013
f 3141 4015 1359
f 1359 4016 1358
f 3635 3634 3598
f 1715 3324 2844
f 2844 1712 1715
f 2476 2839 3628
f 1655 1647 4017
f 528 530 4018
f 530 529 4019
f 3912 528 3914
f 3883 4020 4021
f 1076 3787 4021
f 2286 2731 3883
f 2291 2727 2286
f 2731 1680 4020
f 3295 3294 2916
f 2916 2915 3295
f 3472 3471 455
f 3760 4009 3452
f 3452 1525 3451
f 4022 4023 3759
f 4020 4024 4025
f 3255 3845 3254
f 3945 3506 3993
f 3993 3532 3945
f 3993 3917 3992
f 3916 3917 3505
f 883 882 374
f 4026 2013 1914
f 1425 3249 1424
f 2890 3583 1263
f 3727 4010 815
f 2831 2830 3702
f 2587 2586 1708
f 2241 3234 3897
f 3475 3472 4027
f 3803 3474 4028
f 3782 3904 3291
f 3291 3998 2719
f 4029 1764 4030
f 4030 4031 4029
f 4031 4030 1477
f 1608 4032 3937
f 3938 3178 3937
f 3934 4032 3932
f 3186 3695 3825
f 329 3533 328
f 2932 3304 4033
f 2921 2920 2701
f 1013 2921 680
f 3926 3337 3929
f 2640 3925 1825
f 3436 3500 3433
f 3436 3737 3543
f 3720 3457 2516
f 269 3599 268
f 2182 3195 2180
f 1449 3544 3465
f 956 955 1451
f 3774 3770 4034
f 3770 3090 4035
f 4034 4035 1819
f 1034 1036 2028
f 3262 4036 1038
f 2028 4036 975
f 812 3128 806
f 3784 3711 4037
f 2962 3730 997
f 4017 1651 718
f 1721 3836 1719
f 1747 1752 4038
f 4039 3070 4040
f 3303 4041 3301
f 3860 4042 4041
f 484 1617 2978
f 2781 4043 4044
f 4029 4045 3802
f 4044 4045 4046
f 4047 2484 2487
f 2488 4048 2487
f 2487 4049 4047
f 4050 4051 4052
f 2488 2780 4048
f 2018 2013 4053
f 4026 1914 4047
f 4053 4026 4051
f 1593 1597 1475
f 1472 1471 1473
f 2112 3188 4054
f 3997 1596 4054
f 4055 3997 4056
f 4057 4056 3189
f 4056 4057 4055
f 4013 2018 4014
f 2484 1914 551
f 4044 4058 2781
f 4058 4044 4059
f 4014 4053 4050
f 102 2078 3901
f 4050 4057 4014
f 1477 1474 4031
f 4060 1598 4055
f 1598 4060 1597
f 4052 4049 4061
f 4048 4058 4061
f 4062 1473 4063
f 4063 4060 4064
f 4057 4050 4064
f 1474 4062 4046
f 4062 4063 4059
f 4064 4052 4063
f 2426 2425 146
f 2368 4065 3542
f 3618 4065 3986
f 2340 3864 2338
f 2628 3924 1562
f 1160 1563 2059
f 875 587 873
f 3733 2376 3732
f 3741 887 3763
f 3763 883 368
f 3707 3742 3762
f 2306 2308 2766
f 1487 2766 1485
f 635 628 3416
f 869 867 629
f 3416 870 3414
f 518 3675 516
f 3675 518 3392
f 1726 4066 1724
f 4067 1729 4068
f 4003 4069 1726
f 1077 1076 4025
f 2672 2673 2113
f 2353 1298 2351
f 4070 343 3721
f 1012 743 2374
f 2842 2841 1712
f 1802 928 2820
f 2820 2819 1802
f 2194 2188 3596
f 3092 3094 2191
f 3596 2192 3595
f 1144 1857 1142
f 979 1556 4071
f 1442 1437 2148
f 3761 3279 3310
f 331 330 3535
f 3535 2886 2261
f 960 962 958
f 382 381 3564
f 3567 3887 3565
f 2336 2341 382
f 1947 1948 1602
f 1176 1932 3718
f 2064 2066 3087
f 1557 1051 1554
f 1171 1557 1170
f 3991 1552 1052
f 2174 1042 4072
f 4007 4023 2173
f 4008 4007 2172
f 2771 3649 517
f 2610 3579 2613
f 3246 2358 3244
f 1991 1982 1641
f 2325 1055 2327
f 3249 1425 3246
f 4040 1795 4039
f 1799 1793 4040
f 2594 824 4073
f 3652 3385 4074
f 2315 3848 4074
f 3848 3847 3434
f 736 1231 3198
f 4071 4075 979
f 984 980 3661
f 3663 3662 4076
f 750 749 2142
f 1748 1747 3740
f 1751 487 1750
f 1751 4038 3047
f 2277 1226 2205
f 1730 4077 1725
f 2267 1731 3891
f 4077 3813 1733
f 3813 3812 3891
f 3247 3243 1730
f 2307 2472 4078
f 3069 4079 1801
f 2301 2471 2307
f 4078 1805 2768
f 2240 2235 3169
f 1853 1852 2669
f 1852 1855 3108
f 1271 2593 1275
f 1854 4080 1851
f 759 4081 3391
f 1263 4010 1259
f 971 3972 1348
f 3510 3612 3610
f 1765 3610 3842
f 3339 4082 3338
f 3911 3910 4082
f 1221 4083 1579
f 2422 1445 3821
f 984 3655 983
f 4084 4085 3791
f 3944 4084 3790
f 3681 3680 3849
f 3849 3957 3847
f 3771 3574 3090
f 916 3216 915
f 915 4086 2199
f 4087 4086 2934
f 3571 4012 1811
f 1809 1808 4088
f 639 1398 637
f 4069 4042 4066
f 4089 4067 4090
f 4042 3860 4068
f 3240 3241 3238
f 4027 455 1344
f 4091 4092 3979
f 2405 4083 2400
f 1636 4093 1635
f 4093 1636 4075
f 3118 3661 1634
f 1043 4000 1403
f 3985 4094 1678
f 4095 4096 4097
f 2798 3761 2131
f 3966 4093 4071
f 3834 3263 3835
f 1167 3956 1166
f 3598 2660 3635
f 1746 1742 3919
f 2872 2869 3399
f 4083 2405 2571
f 1345 1815 1344
f 1486 3529 1480
f 1481 4098 1484
f 3643 2502 2246
f 2644 2251 4099
f 3914 4018 2871
f 3446 3814 3447
f 3905 4100 3904
f 2903 1070 4100
f 2901 2903 3905
f 2469 2303 4087
f 2303 2469 2301
f 3979 3950 3980
f 1797 2551 792
f 2480 2475 4101
f 3950 3947 3984
f 396 395 4102
f 4102 4103 396
f 4102 3869 4104
f 1990 2208 1989
f 3963 1789 3426
f 3890 3889 4105
f 4073 3890 4106
f 4106 4105 4107
f 872 871 3417
f 3407 3417 3406
f 2083 3618 1607
f 3987 1606 3986
f 169 168 3467
f 3829 2081 1888
f 1927 1993 1923
f 3143 2654 4108
f 4109 4107 4108
f 4107 871 3143
f 4108 4110 4109
f 3848 2315 3846
f 2654 2653 4110
f 4110 2655 4111
f 1285 1284 2463
f 3981 1083 1432
f 4091 1432 2758
f 4082 4112 3911
f 3895 1489 4112
f 528 3912 527
f 1489 3895 2776
f 3339 3895 4082
f 2944 2943 3172
f 671 2973 670
f 710 4017 708
f 4076 1199 3663
f 2948 2949 2352
f 2074 4113 1807
f 1070 2903 1068
f 949 948 3601
f 1588 1586 3358
f 3358 1702 3352
f 1432 4091 3981
f 2645 1083 3982
f 1049 1051 1020
f 1051 1557 1019
f 2761 3657 2564
f 1570 4101 1571
f 4114 4115 4116
f 4117 3943 4114
f 4118 4114 3773
f 3773 4116 3771
f 2868 2867 4019
f 4119 3872 3493
f 3872 4119 3871
f 3753 3755 3292
f 3756 3936 3755
f 3321 3942 3317
f 2913 3321 2454
f 4005 4033 4004
f 4002 4004 4069
f 2933 2932 4005
f 3172 2942 1704
f 3962 3960 1881
f 1881 1878 3962
f 4101 1570 2480
f 4107 4109 4106
f 394 4120 391
f 3483 2967 3482
f 1727 4121 1734
f 3805 3810 4122
f 3808 4122 4123
f 2768 4079 2777
f 2308 4078 2767
f 1462 1467 3462
f 3705 3707 3713
f 2708 1105 3974
f 1591 1595 3974
f 3974 3870 2708
f 2618 888 3706
f 14 18 16
f 3810 3241 1734
f 1735 3247 1728
f 2863 1109 1872
f 3479 3478 4088
f 2689 1159 2688
f 1834 1829 2847
f 2849 2848 2749
f 4103 3832 394
f 2172 4120 4008
f 3660 3659 4094
f 1680 1679 4024
f 4124 3528 2600
f 2600 2597 4124
f 2600 3530 3280
f 559 3281 556
f 3070 4039 3069
f 2647 2646 3682
f 493 2161 2877
f 768 762 3526
f 3478 4096 4125
f 3840 3839 3525
f 3525 3989 1877
f 3555 3857 3554
f 4126 4127 3859
f 3954 4126 3858
f 3464 3463 3185
f 4080 1201 4076
f 4128 1319 3755
f 3103 3292 3568
f 3292 3293 3753
f 3568 4129 1320
f 1320 10 3568
f 4085 4099 2500
f 3034 1155 3778
f 3286 3512 1644
f 3812 3683 3892
f 4027 4130 3475
f 4130 4027 4113
f 1822 3092 1817
f 3677 3994 694
f 1033 1247 1031
f 3744 2521 3867
f 3151 931 938
f 4081 759 3309
f 4130 578 4028
f 4113 2074 4130
f 4028 577 3803
f 3788 3787 1912
f 3565 3888 3698
f 4103 4102 3831
f 2841 3794 1713
f 3335 2643 3819
f 4084 3944 3819
f 3819 4131 4084
f 3692 3691 843
f 1944 3122 1942
f 2108 2107 3398
f 3493 3395 4119
f 2122 3922 2902
f 4072 4132 2174
f 1318 3012 1317
f 3708 938 2941
f 2347 2036 3482
f 2036 2347 3669
f 3046 999 2895
f 2895 1585 3046
f 3357 2955 3045
f 3046 1587 3045
f 3009 3449 3015
f 2655 1809 4125
f 2682 386 3524
f 9 10 1316
f 1314 1319 3448
f 3973 3996 4133
f 2821 2829 3995
f 2758 3550 4091
f 3163 3491 3162
f 2328 2327 3522
f 3519 689 3518
f 3793 4134 3367
f 3373 4016 3372
f 3448 4128 3933
f 4088 1814 3479
f 4133 4135 3973
f 3964 3966 3990
f 3967 3712 3966
f 3744 3869 2519
f 663 3549 655
f 1402 2311 1396
f 1792 1798 1796
f 4134 3793 4127
f 4136 4134 4126
f 4134 4136 3373
f 3927 4034 3928
f 3769 3774 3927
f 3697 3626 465
f 1783 1778 3538
f 2909 3539 2908
f 3963 3893 2060
f 4137 4123 4138
f 3556 3558 4137
f 3557 3556 4138
f 3855 4138 4090
f 4121 1727 4067
f 4123 4121 4089
f 4040 3553 1799
f 2707 3765 3044
f 3252 4006 1559
f 1559 1311 1558
f 3735 3841 3733
f 3185 3186 3464
f 1853 3909 4080
f 3712 3967 3039
f 4009 3760 4007
f 4109 4111 4095
f 4106 4095 4073
f 3626 3625 1695
f 2924 2970 725
f 3159 4139 3157
f 2971 777 3159
f 4139 3792 3953
f 3649 2136 513
f 3668 3977 1153
f 2739 2735 2737
f 3426 3861 3963
f 3160 4118 3767
f 3953 4117 4118
f 2744 2049 1095
f 2643 2639 4131
f 4131 2644 4085
f 2708 3764 2707
f 3320 3316 2875
f 777 776 4139
f 3943 4117 3268
f 629 582 869
f 3314 4098 4124
f 3813 4077 3242
f 2669 864 1853
f 3067 3069 1800
f 2931 2108 3397
f 426 3551 3256
f 3209 3211 3207
f 3129 2745 3371
f 3513 536 3995
f 536 3073 4133
f 3548 2627 659
f 3096 3784 3095
f 10 8 135
f 1726 1732 4003
f 2271 3042 2270
f 3831 4104 1518
f 2773 4140 1491
f 3307 3855 3860
f 2338 3865 2919
f 2339 2338 2341
f 539 1798 538
f 3595 3094 4037
f 2575 1870 2906
f 3344 3211 3988
f 3618 2083 3177
f 3073 3068 4135
f 4101 2479 4141
f 1571 4141 1578
f 1206 2815 3582
f 1276 2594 4097
f 333 1534 2884
f 2109 3030 2107
f 4132 4072 4022
f 3672 4132 3670
f 3759 4140 4022
f 3830 3570 1868
f 4140 2773 3670
f 2907 1871 2706
f 3371 4142 3129
f 3370 3372 4142
f 1578 3697 467
f 3576 4115 3614
f 4098 3314 1937
f 3809 3808 4137
f 3558 2388 3809
f 1366 3931 1367
f 2955 3357 3355
f 3045 1588 3357
f 4126 3954 4136
f 2454 3322 2453
f 1550 1558 1551
f 3831 1521 4103
f 3988 3212 3047
f 3952 717 2082
f 2222 4143 4015
f 3616 3576 3613
f 2906 1865 1871
f 3128 3969 807
f 727 2849 2748
f 3309 3308 4081
f 1703 2942 498
f 3449 3448 3932
f 3392 3527 761
f 2219 3126 4143
f 2773 2770 3671
f 1575 4070 1573
f 1578 467 4070
f 2326 3991 1053
f 3625 3325 1696
f 3550 3948 4092
f 648 642 646
f 2 6 3
f 2 8 5
f 4 137 6
f 8 2 1
f 5 8 10
f 7 1 12
f 14 21 15
f 17 21 14
f 14 13 19
f 20 61 13
f 21 92 22
f 15 22 23
f 25 28 26
f 28 25 29
f 31 29 25
f 33 42 34
f 36 33 32
f 33 36 38
f 32 34 40
f 34 43 41
f 42 45 43
f 37 46 42
f 45 42 46
f 40 41 48
f 39 40 47
f 49 262 50
f 52 147 53
f 55 52 51
f 57 59 55
f 52 55 59
f 54 77 56
f 61 20 62
f 19 13 61
f 65 68 66
f 67 264 68
f 68 277 69
f 65 64 71
f 64 66 73
f 64 72 74
f 75 73 66
f 76 133 77
f 79 133 76
f 80 76 54
f 80 81 78
f 80 51 53
f 83 88 84
f 85 17 82
f 87 84 88
f 89 85 84
f 83 954 90
f 91 954 83
f 17 85 92
f 16 91 82
f 94 99 95
f 97 98 95
f 98 152 93
f 100 111 101
f 99 101 96
f 102 100 99
f 104 106 57
f 59 57 106
f 108 106 104
f 110 114 111
f 113 96 101
f 112 101 111
f 115 97 96
f 117 115 113
f 1 3 118
f 12 118 120
f 122 120 118
f 121 118 3
f 119 131 125
f 11 124 127
f 124 125 128
f 130 125 131
f 130 322 128
f 132 150 129
f 129 77 133
f 123 3 6
f 119 124 11
f 131 119 120
f 7 11 126
f 98 97 134
f 134 97 115
f 134 6 137
f 86 149 138
f 88 90 139
f 89 108 107
f 106 108 138
f 141 151 140
f 62 142 114
f 23 156 143
f 112 114 142
f 20 23 142
f 138 149 144
f 146 58 144
f 105 144 58
f 147 52 58
f 145 144 149
f 148 149 86
f 108 89 87
f 103 57 56
f 123 115 117
f 150 56 77
f 122 160 132
f 140 92 85
f 151 22 92
f 136 154 152
f 152 155 153
f 154 321 155
f 151 141 157
f 22 151 156
f 156 157 116
f 117 116 157
f 158 122 121
f 158 157 141
f 116 113 112
f 159 104 103
f 159 141 107
f 150 132 160
f 158 159 160
f 162 28 27
f 28 162 163
f 164 182 27
f 166 172 167
f 169 166 165
f 170 224 165
f 172 166 173
f 175 167 172
f 171 173 177
f 166 169 178
f 179 177 173
f 72 26 163
f 72 73 24
f 162 301 180
f 161 27 182
f 181 182 184
f 185 184 182
f 186 240 183
f 187 164 29
f 189 193 190
f 191 273 192
f 193 236 194
f 188 190 195
f 197 193 189
f 198 236 193
f 199 189 188
f 199 192 201
f 201 205 202
f 204 202 205
f 206 207 202
f 207 196 200
f 207 206 209
f 210 267 204
f 204 267 211
f 213 223 214
f 214 170 216
f 212 214 215
f 219 212 217
f 212 219 220
f 215 216 222
f 224 170 214
f 213 228 225
f 223 225 226
f 228 213 220
f 196 189 199
f 196 207 208
f 71 74 230
f 232 70 233
f 70 71 229
f 67 65 70
f 176 232 231
f 234 174 231
f 235 234 233
f 167 175 216
f 236 35 50
f 190 194 237
f 239 41 43
f 238 43 45
f 232 176 241
f 242 241 176
f 244 247 245
f 246 245 247
f 248 249 247
f 249 219 218
f 250 3420 248
f 243 245 252
f 243 251 254
f 253 250 244
f 245 246 255
f 256 295 252
f 258 239 238
f 240 186 257
f 258 257 260
f 258 259 261
f 35 32 39
f 194 50 262
f 73 75 263
f 30 25 24
f 241 242 264
f 177 179 265
f 171 231 174
f 35 236 198
f 267 210 268
f 210 323 269
f 211 267 266
f 203 205 272
f 201 274 272
f 274 201 192
f 275 235 229
f 242 265 276
f 264 276 277
f 44 46 279
f 280 279 46
f 279 280 282
f 283 280 37
f 284 186 184
f 260 257 186
f 44 183 240
f 217 215 221
f 218 217 285
f 286 309 285
f 288 290 209
f 206 211 287
f 208 209 290
f 283 38 289
f 283 290 288
f 288 287 293
f 291 288 292
f 295 296 251
f 297 254 251
f 296 295 299
f 300 161 181
f 161 300 301
f 281 300 278
f 183 44 278
f 222 216 175
f 303 286 221
f 305 307 303
f 305 304 235
f 304 302 234
f 222 302 304
f 307 305 308
f 307 311 286
f 302 175 174
f 74 163 180
f 168 165 224
f 246 285 309
f 255 309 310
f 311 310 309
f 270 293 287
f 295 256 312
f 198 289 38
f 197 208 289
f 268 298 299
f 48 41 239
f 313 275 230
f 313 308 305
f 312 315 293
f 292 293 315
f 220 219 249
f 282 291 294
f 291 282 280
f 313 180 301
f 317 316 308
f 300 281 317
f 270 266 299
f 256 310 315
f 314 315 310
f 314 306 294
f 316 294 306
f 306 314 311
f 281 282 316
f 5 9 318
f 185 164 187
f 319 2412 284
f 320 137 4
f 154 136 137
f 320 1317 321
f 322 130 133
f 203 271 323
f 325 332 326
f 324 3786 327
f 328 3027 324
f 326 331 329
f 331 326 332
f 330 332 334
f 336 339 337
f 339 336 340
f 342 340 336
f 343 467 335
f 345 337 339
f 347 352 348
f 349 3376 350
f 346 348 351
f 352 2169 353
f 354 1790 352
f 356 358 357
f 358 361 359
f 361 358 362
f 361 3600 363
f 364 362 358
f 366 377 367
f 368 369 365
f 369 372 370
f 372 369 373
f 374 373 369
f 376 367 377
f 379 383 380
f 382 380 383
f 384 1547 385
f 378 1962 384
f 386 2681 383
f 379 385 387
f 389 2396 390
f 391 392 389
f 393 2395 389
f 388 396 394
f 396 388 390
f 398 403 399
f 400 1014 397
f 399 405 401
f 403 398 404
f 403 2132 405
f 407 413 408
f 406 408 410
f 412 408 413
f 415 412 411
f 416 417 412
f 417 410 408
f 413 407 419
f 421 2824 422
f 423 424 420
f 424 602 425
f 422 3551 426
f 428 431 429
f 431 428 432
f 434 429 431
f 435 2202 427
f 430 3053 433
f 433 3634 436
f 438 1565 439
f 440 444 437
f 442 438 437
f 441 437 444
f 446 442 441
f 447 772 443
f 449 454 450
f 448 3471 451
f 453 450 454
f 448 450 456
f 452 454 458
f 460 462 461
f 462 2344 463
f 460 3571 464
f 335 466 341
f 466 335 467
f 469 473 470
f 471 2448 472
f 473 478 474
f 475 476 470
f 476 471 468
f 478 473 479
f 481 3739 482
f 484 2978 481
f 483 481 480
f 485 3206 486
f 487 3210 485
f 489 492 490
f 491 499 492
f 489 2161 493
f 495 490 492
f 488 490 497
f 494 492 499
f 501 510 502
f 503 1322 500
f 505 503 502
f 503 505 507
f 504 1363 508
f 504 502 510
f 511 515 512
f 514 2132 512
f 515 517 513
f 516 2772 517
f 515 511 518
f 520 523 521
f 523 520 524
f 526 524 520
f 521 530 528
f 522 841 529
f 523 529 530
f 532 534 533
f 534 3225 535
f 536 3513 534
f 531 3072 537
f 538 3553 531
f 539 538 533
f 541 544 542
f 544 541 545
f 547 542 544
f 549 550 545
f 550 1862 543
f 548 545 541
f 553 555 554
f 556 3530 557
f 555 557 558
f 555 553 559
f 552 554 561
f 563 552 560
f 565 2146 566
f 568 565 564
f 567 564 570
f 567 3031 571
f 572 570 564
f 574 579 575
f 573 582 576
f 577 578 574
f 578 2074 579
f 581 576 582
f 583 577 576
f 585 590 586
f 584 586 588
f 586 594 589
f 591 2088 592
f 593 591 590
f 590 592 594
f 392 598 595
f 597 595 598
f 599 598 392
f 393 595 601
f 277 425 602
f 425 277 276
f 603 421 420
f 69 602 604
f 602 424 605
f 606 435 429
f 608 612 609
f 611 609 612
f 613 1683 610
f 607 3031 614
f 612 608 615
f 617 622 618
f 616 1610 619
f 338 340 616
f 621 618 622
f 620 622 624
f 625 624 622
f 627 630 628
f 629 630 580
f 630 629 631
f 632 3222 633
f 634 627 626
f 635 632 626
f 637 2310 638
f 636 641 639
f 641 636 642
f 636 638 643
f 645 647 646
f 643 1230 644
f 647 1094 648
f 355 357 650
f 649 650 652
f 357 359 653
f 655 657 656
f 658 664 656
f 660 658 657
f 659 657 655
f 662 1007 654
f 654 1009 663
f 664 744 662
f 666 668 667
f 668 957 669
f 667 669 671
f 370 372 668
f 666 1161 672
f 674 677 675
f 677 674 678
f 680 677 676
f 682 678 674
f 683 781 678
f 685 687 686
f 687 690 688
f 689 1168 690
f 692 684 693
f 684 686 694
f 696 699 697
f 699 696 700
f 700 696 702
f 702 696 695
f 699 706 704
f 706 699 698
f 708 716 709
f 707 2547 710
f 707 709 712
f 709 715 713
f 715 709 716
f 716 708 718
f 720 726 721
f 723 720 719
f 725 721 726
f 719 721 728
f 721 725 729
f 731 187 31
f 572 734 733
f 734 737 735
f 737 734 738
f 739 2164 740
f 732 733 741
f 662 744 743
f 744 2973 745
f 747 753 748
f 750 746 751
f 752 751 746
f 754 1667 755
f 753 747 756
f 753 755 757
f 759 3391 760
f 762 764 760
f 758 760 764
f 763 2129 765
f 758 765 766
f 764 762 768
f 447 773 770
f 772 447 769
f 773 447 444
f 771 769 775
f 774 3266 776
f 777 772 771
f 779 784 780
f 782 779 778
f 784 779 785
f 784 398 397
f 783 404 398
f 786 785 779
f 785 786 787
f 554 558 788
f 560 561 790
f 791 790 561
f 789 790 793
f 795 801 796
f 796 805 798
f 794 796 797
f 801 795 802
f 804 801 800
f 801 804 805
f 807 810 808
f 809 3976 810
f 812 806 813
f 806 808 814
f 810 3728 815
f 817 2417 818
f 820 817 816
f 817 820 822
f 824 822 820
f 819 816 826
f 816 818 827
f 829 840 830
f 832 840 833
f 835 828 830
f 828 835 837
f 838 829 828
f 839 830 840
f 839 2792 834
f 842 418 843
f 841 522 844
f 845 529 841
f 847 855 848
f 850 847 846
f 851 3233 849
f 852 2293 853
f 852 848 855
f 853 851 846
f 857 860 858
f 859 990 860
f 857 2035 861
f 863 858 860
f 864 2033 856
f 866 870 867
f 865 867 869
f 870 3416 631
f 872 870 866
f 874 877 875
f 876 2056 877
f 497 876 874
f 880 878 881
f 873 881 878
f 883 887 884
f 885 3843 886
f 888 1766 884
f 882 884 889
f 891 895 892
f 894 892 895
f 896 731 890
f 898 901 899
f 900 2409 901
f 902 3331 903
f 905 899 901
f 897 899 906
f 908 911 909
f 911 1905 912
f 913 909 911
f 914 1905 911
f 907 909 916
f 918 921 919
f 920 921 609
f 921 918 607
f 917 923 571
f 923 917 924
f 921 920 925
f 926 924 917
f 919 925 927
f 929 933 930
f 932 930 933
f 932 937 935
f 934 2820 930
f 937 932 931
f 933 929 939
f 941 944 942
f 943 1237 944
f 946 942 944
f 947 3999 940
f 949 941 940
f 254 297 951
f 253 254 950
f 30 1061 730
f 90 956 953
f 91 2523 955
f 956 90 954
f 372 371 957
f 370 672 366
f 959 964 960
f 962 960 963
f 965 963 960
f 966 3877 961
f 968 970 969
f 937 3589 969
f 971 1348 972
f 970 972 935
f 967 2026 973
f 970 968 974
f 975 974 968
f 976 458 454
f 978 1556 979
f 980 981 977
f 981 3253 982
f 981 980 984
f 986 993 987
f 989 986 985
f 990 859 985
f 859 861 988
f 992 990 987
f 993 995 991
f 994 2408 995
f 997 1001 998
f 996 998 1000
f 1001 1006 1002
f 1001 997 1004
f 1006 1001 1003
f 742 1010 1007
f 1009 654 1007
f 1010 1756 1008
f 1011 2007 1010
f 1012 1011 742
f 1014 400 1015
f 780 397 1014
f 1016 1018 47
f 49 47 1018
f 1019 1171 1017
f 1018 1016 1020
f 1022 1028 1023
f 1024 1025 1021
f 1025 1431 1026
f 1027 1022 1021
f 1028 1030 1029
f 697 704 1030
f 1028 1022 695
f 1032 1037 1033
f 1035 1247 1033
f 1034 1033 1037
f 1036 1037 1039
f 1040 1039 1037
f 596 1045 1042
f 1043 1403 1044
f 597 596 1041
f 1045 596 598
f 597 1044 1047
f 1044 1403 1048
f 1020 1058 1050
f 1049 1053 1052
f 1049 1050 1054
f 1050 1057 1055
f 1057 1050 1058
f 1060 730 1061
f 1063 1065 989
f 1062 989 988
f 1065 1066 986
f 1066 994 993
f 1068 1074 1069
f 1067 3601 1070
f 1071 3379 1067
f 1073 1071 1069
f 1074 3833 1072
f 1075 3922 1074
f 1077 795 794
f 1078 802 795
f 1080 1084 1081
f 1083 1081 1084
f 1085 1086 1084
f 1087 1435 1088
f 1082 1084 1086
f 1089 1087 1086
f 1091 1096 1092
f 1094 647 1092
f 1093 1092 1096
f 1090 1092 647
f 1098 1091 1090
f 1090 645 1099
f 1101 1106 1102
f 1104 1107 1101
f 1106 1101 1107
f 1105 2704 1108
f 1106 1108 1109
f 1111 1119 1112
f 1114 1115 1112
f 1115 1954 1110
f 1115 1114 905
f 906 1114 1113
f 1113 1112 1119
f 1117 1113 1118
f 1122 1129 1123
f 1125 1129 1122
f 1126 1477 1121
f 1128 1126 1123
f 1129 2617 1127
f 1131 1139 1132
f 1134 1130 1135
f 1130 1132 1136
f 1138 1132 1139
f 1137 1139 1141
f 782 1145 1142
f 1144 1142 1145
f 1146 787 786
f 1143 1859 1147
f 1143 1145 683
f 1150 1154 1151
f 1153 1151 1154
f 1155 3032 1151
f 1156 2166 1152
f 1157 1156 1154
f 1149 2462 1158
f 1159 1157 1150
f 1161 666 665
f 1161 1163 1162
f 1160 2059 1163
f 1164 1563 1160
f 665 667 670
f 1038 1039 1166
f 1039 1040 1167
f 690 1040 1032
f 1168 1167 1040
f 1017 1169 262
f 1169 1312 237
f 1169 1017 1171
f 1173 2865 1174
f 1172 1177 1175
f 1177 1172 1178
f 1177 1180 1179
f 1176 3718 1180
f 1172 1174 1181
f 407 1183 1181
f 1183 407 406
f 1185 355 649
f 703 695 1022
f 1187 1193 1188
f 1186 1188 1190
f 1189 2588 1191
f 1188 1194 1192
f 1193 1196 1194
f 1195 2491 1196
f 1197 1195 1193
f 1199 1201 1200
f 1201 3909 863
f 1203 1198 1204
f 1205 1204 1198
f 1207 1212 1208
f 1209 2815 1206
f 1211 1208 1212
f 1214 1207 1215
f 1134 1212 1207
f 1206 3582 1215
f 1131 1214 1213
f 1139 1131 1216
f 1130 1134 1214
f 1218 1222 1219
f 1220 4083 1221
f 1222 3699 1223
f 1219 1223 1225
f 1224 1220 1217
f 1226 3701 1222
f 1228 643 638
f 1230 643 1228
f 566 738 734
f 736 738 1232
f 570 572 732
f 1234 1239 1235
f 1236 1971 1233
f 1238 1235 1239
f 1239 1234 1240
f 1242 1246 1243
f 1245 1243 1246
f 1247 1035 1246
f 1249 1242 1241
f 1242 1249 1250
f 1251 1255 1252
f 825 826 1253
f 825 1252 1254
f 1255 2833 1256
f 1258 1264 1259
f 1260 1261 1257
f 1261 78 81
f 1263 1259 1264
f 1266 228 227
f 228 1266 1267
f 1266 1269 1268
f 1265 3285 1269
f 1271 1275 1272
f 1274 1272 1275
f 1276 4097 1273
f 1270 1280 1278
f 1280 1270 1272
f 1282 1287 1283
f 1285 1288 1282
f 1287 1282 1288
f 1290 1287 1286
f 1291 1283 1287
f 1293 1300 1294
f 1295 2407 1292
f 1297 1293 1292
f 1299 1294 1300
f 1302 1308 1303
f 1305 1306 1303
f 1306 3865 1301
f 1307 1419 1308
f 1304 1303 1308
f 1301 1995 1310
f 195 237 1312
f 1311 4006 191
f 9 1316 1313
f 1315 1313 1316
f 1317 320 318
f 1313 1315 1318
f 1314 1316 1320
f 500 1323 1321
f 1322 1326 1323
f 1325 1323 1326
f 1327 1321 1323
f 1328 2713 1321
f 1330 1340 1331
f 1333 1335 1331
f 1335 1333 1336
f 1329 1331 1335
f 1339 1333 1332
f 1340 3587 1332
f 1342 1345 1343
f 456 1343 1345
f 1341 1343 453
f 1341 3508 1347
f 450 453 1343
f 972 1349 934
f 1348 3068 1349
f 1351 1356 1352
f 1352 1357 1354
f 1355 2063 1356
f 1356 2062 1357
f 1351 1350 1359
f 1358 3954 1355
f 1360 507 505
f 1362 508 1363
f 879 1370 1364
f 1366 1367 1364
f 1368 488 496
f 880 1364 1367
f 1365 1372 1369
f 1370 1373 1365
f 1372 1365 1373
f 749 751 1375
f 1377 749 1374
f 1374 1375 1379
f 1375 1381 1380
f 1381 1375 751
f 1382 1218 1217
f 1383 1226 1218
f 1385 1391 1386
f 1384 1386 1388
f 1390 1386 1391
f 1386 1390 1392
f 1391 1385 1394
f 1395 1400 1396
f 1048 1396 1398
f 1399 3131 1400
f 1402 1396 1400
f 1403 1399 1395
f 1405 1407 1406
f 1407 1410 1408
f 1410 1407 1411
f 1404 1089 1412
f 1413 1411 1407
f 1415 1309 1416
f 1416 1419 1418
f 1419 1416 1309
f 1419 1307 1420
f 1421 1304 1309
f 1423 1393 1424
f 1393 1394 1425
f 1393 1423 1389
f 1423 1686 1426
f 1026 1429 1427
f 904 3173 1427
f 1429 2410 1428
f 1429 1026 1431
f 1082 1088 1433
f 1433 1088 1435
f 1437 1439 1438
f 1439 922 1440
f 1439 1437 1442
f 1444 1437 1436
f 1446 1448 1447
f 1449 3465 1450
f 1451 1449 1448
f 1445 2428 953
f 1446 953 956
f 1237 943 1452
f 1237 1239 945
f 1453 1970 1238
f 943 3378 1454
f 1456 1459 1457
f 601 1046 1456
f 1459 1456 1046
f 1458 1456 1455
f 1462 1464 1463
f 1464 2589 653
f 1465 2444 1466
f 1461 1463 363
f 1461 1466 1467
f 1436 1438 1469
f 1443 1436 1468
f 1472 1126 1128
f 1473 4062 1474
f 1471 1128 1476
f 1472 1474 1477
f 1479 1487 1480
f 1481 1484 1478
f 1483 1478 1484
f 1486 1480 1487
f 525 520 519
f 527 1489 519
f 1489 2776 1488
f 1488 2769 1490
f 525 1490 1491
f 1493 1495 1494
f 1495 1771 1496
f 1495 1493 1498
f 1500 1492 1501
f 1502 1493 1492
f 1492 1494 1503
f 1494 1496 1504
f 1506 272 274
f 272 1506 1507
f 1509 1514 1510
f 1511 2125 1508
f 1513 1511 1510
f 1515 1512 1510
f 1516 3902 1514
f 1518 2160 1519
f 1521 1517 1522
f 1523 1522 1517
f 1524 1525 1522
f 1525 4009 1520
f 1527 1529 1528
f 1529 1532 334
f 1530 1533 1529
f 1532 1529 1533
f 333 334 1532
f 1535 1537 1533
f 1531 1533 1537
f 1539 1541 486
f 1541 1539 1542
f 1544 1539 1538
f 483 486 1541
f 1544 387 385
f 1545 385 1547
f 1547 384 1549
f 1548 2861 1546
f 1550 978 977
f 1551 1555 978
f 1553 1555 1554
f 1555 1553 1556
f 1555 1551 1557
f 1550 982 1559
f 664 658 1561
f 1560 2973 744
f 1562 1561 658
f 1563 1164 1561
f 1164 670 1560
f 1564 1569 1565
f 1567 439 1565
f 1566 1565 1569
f 1571 1575 1572
f 1574 1572 1575
f 1572 1574 1577
f 1578 4070 1575
f 1580 1382 1221
f 1411 1413 1582
f 1583 1413 1405
f 1409 1411 1581
f 1585 3569 1584
f 1413 1583 1586
f 1587 1585 1581
f 1582 1586 1588
f 1590 1595 1591
f 1593 1594 1590
f 1594 3703 1595
f 1590 1589 1596
f 1593 1592 1598
f 1600 1605 1601
f 1602 3014 1599
f 1604 1601 1605
f 1600 1608 1607
f 1599 4032 1608
f 1606 3952 1605
f 338 1609 344
f 1609 338 618
f 1610 616 340
f 1611 1613 1540
f 1612 1616 1613
f 1615 1613 1616
f 1617 1540 1613
f 1546 1611 1542
f 1545 1542 1539
f 1540 1617 484
f 1187 1619 1618
f 1186 1191 1619
f 1621 1618 1619
f 1622 2954 1197
f 1624 1628 1625
f 1504 344 1609
f 1623 1625 1503
f 1623 1609 621
f 1501 1503 1625
f 1626 1625 1628
f 1627 1628 1630
f 1632 1637 1633
f 1631 3117 1634
f 1632 1634 1636
f 1638 2149 1639
f 1637 1639 1640
f 1637 1632 1635
f 1641 1307 1302
f 1307 1641 1642
f 1643 226 225
f 1644 1643 1267
f 226 1643 1645
f 1647 1652 1648
f 1649 1891 1646
f 1651 1647 1646
f 1652 1657 1653
f 1652 1647 1655
f 1657 1652 1654
f 1659 1185 1184
f 1184 649 651
f 1658 1184 1660
f 1662 2709 1660
f 1664 1666 1665
f 1666 755 1667
f 755 1666 1668
f 1669 1668 1666
f 1671 1664 1663
f 1672 2840 1663
f 1674 2728 1675
f 1673 1675 1677
f 1679 1673 1676
f 1680 1674 1673
f 1339 3585 1676
f 1682 610 1683
f 1682 2496 1426
f 610 1682 1684
f 611 1684 1685
f 1686 1685 1684
f 1687 1689 1324
f 1689 1687 1690
f 1688 1858 1147
f 1688 1690 1692
f 1687 1973 1693
f 1694 1697 1190
f 1696 1697 1694
f 341 1192 1194
f 1698 1189 1190
f 1700 1583 1412
f 1701 1704 1700
f 1583 1700 1702
f 1702 1700 1704
f 1706 1714 1707
f 1709 1716 1706
f 1707 1713 1711
f 1713 1707 1714
f 1714 1706 1716
f 1334 1336 1718
f 1337 1335 1334
f 1719 1334 1717
f 1720 1752 1721
f 1717 1718 1723
f 1722 4038 1720
f 1725 1732 1726
f 1728 1724 1729
f 1730 1725 1724
f 1732 1725 1733
f 1735 1728 1727
f 1387 1388 1737
f 1736 1737 1417
f 1738 1737 1388
f 1740 1744 1741
f 1739 3447 1742
f 1744 1740 1745
f 1743 1745 1119
f 1118 1119 1745
f 1746 1745 1740
f 1748 1757 1749
f 1747 4038 1751
f 1747 1749 1753
f 1755 1753 1749
f 1754 1749 1757
f 1757 1748 1759
f 1758 1008 1756
f 1761 1124 1762
f 1763 1762 1124
f 1764 3511 1762
f 889 1761 1760
f 1124 1761 1766
f 1767 1774 1497
f 1767 1770 1769
f 1498 2053 1770
f 1497 1773 1771
f 1773 1497 1774
f 1768 2579 1774
f 1776 1779 1777
f 1778 1782 1779
f 1779 1781 1408
f 1781 1779 1782
f 1783 2058 1782
f 1785 1791 354
f 1787 1791 1788
f 347 2799 1784
f 1784 1073 1789
f 1790 354 1791
f 792 793 1793
f 790 791 1794
f 1795 1793 793
f 1797 792 1792
f 1792 1793 1799
f 1801 1804 1802
f 928 1802 1804
f 1805 2472 1804
f 1807 1813 1808
f 1809 2075 1806
f 1811 1813 1812
f 1813 1811 1814
f 1815 1812 1813
f 1817 2190 1818
f 1820 1816 1821
f 1820 4035 1823
f 1816 1820 1822
f 1816 1818 1824
f 1825 3928 1819
f 1046 601 595
f 600 601 1458
f 1828 1831 1829
f 1831 1828 1832
f 1827 3640 1833
f 1834 3639 1827
f 1831 2749 1835
f 1837 1847 1838
f 1836 1841 1839
f 1841 1836 1842
f 1843 1842 1836
f 1845 1843 1838
f 1844 1838 1847
f 1848 811 1847
f 1850 1854 1851
f 1853 4080 1854
f 1852 1854 1850
f 1850 1849 1856
f 1144 1147 1858
f 1859 1324 1689
f 1859 1143 1148
f 1861 1866 1862
f 1864 1867 1861
f 1866 1861 1867
f 1869 1862 1866
f 1868 1866 1865
f 1867 1864 1872
f 342 1194 1196
f 1874 1876 1875
f 1753 1755 1876
f 1874 1721 1752
f 1878 1875 1876
f 1873 1875 1880
f 1881 1880 1875
f 1883 832 831
f 1884 1886 831
f 1882 831 1886
f 832 1883 1887
f 1889 1649 1890
f 1649 1889 1892
f 1889 2081 1893
f 1890 1649 1648
f 1895 1897 1896
f 1897 1895 994
f 1896 1658 1661
f 1897 1659 1658
f 1900 1902 1901
f 1902 663 1009
f 1008 1758 1901
f 1903 3549 663
f 1902 1900 1904
f 1905 1909 1906
f 1908 3896 1909
f 1909 3896 1910
f 1911 2506 912
f 1912 1911 1906
f 549 1915 1913
f 1915 549 548
f 550 549 1863
f 1916 1864 1863
f 1918 1920 1919
f 1921 3789 1922
f 1923 2165 1917
f 1925 1918 1917
f 1920 1922 1926
f 1919 1926 1927
f 1066 1065 1659
f 1065 1063 1185
f 1182 1930 1928
f 1182 406 409
f 1928 1932 1176
f 1178 1181 1183
f 1929 2899 1930
f 1932 1928 1930
f 1934 1941 1935
f 1933 3314 1936
f 1933 1935 1938
f 1940 1938 1935
f 1941 1943 1939
f 1942 3232 1943
f 1944 1942 1941
f 1892 1893 1946
f 1945 1946 1948
f 1891 1892 1945
f 1945 1947 1604
f 1110 1953 1950
f 1952 2830 1953
f 1954 1951 1953
f 1951 1956 1328
f 1956 1951 1954
f 478 1960 1957
f 1959 1957 1960
f 477 1961 1960
f 1961 3951 1958
f 1963 1549 384
f 1548 1549 1965
f 1415 1966 1965
f 1421 1965 1549
f 1966 2703 1964
f 1693 1972 1968
f 1968 1236 1970
f 1236 1968 1972
f 1973 506 1972
f 1690 1693 1967
f 1975 1979 1976
f 1978 1976 1979
f 1980 3946 1977
f 1979 1975 1981
f 1922 1975 1974
f 1974 1976 1642
f 1982 1927 1926
f 1983 2207 1984
f 1295 1984 1986
f 1984 1295 1294
f 1984 2207 1987
f 1985 1986 1989
f 1986 1987 1990
f 1310 1994 1991
f 1993 1991 1994
f 1991 1993 1927
f 1995 3666 1994
f 1997 2001 1998
f 2000 1998 2001
f 2002 3732 1999
f 2003 3622 2004
f 2005 1997 1996
f 2006 2003 1996
f 2008 1755 1754
f 1756 1010 2007
f 2007 1011 2009
f 2010 2012 1685
f 925 2012 2011
f 920 1685 2012
f 2014 1913 1915
f 2016 2017 2014
f 2017 1916 1913
f 2018 2015 2014
f 2019 2020 1957
f 474 1957 2020
f 2022 1705 2023
f 1710 2023 1705
f 1708 1706 1705
f 2024 3298 2021
f 2021 3299 2025
f 2026 1244 2027
f 2027 1035 1034
f 2028 975 973
f 1244 1246 1035
f 2029 1245 1244
f 2031 2034 2032
f 2033 2032 2034
f 856 2034 2035
f 2037 2041 2038
f 2036 3669 2039
f 2041 2037 2042
f 2043 3480 2040
f 2044 2042 2037
f 2046 2050 2047
f 1841 2050 2048
f 2049 2048 2050
f 2045 648 1094
f 2051 640 2045
f 1840 2047 2050
f 2047 1840 2052
f 2053 587 875
f 1768 1769 2055
f 877 1769 1770
f 2056 2055 1769
f 1780 1782 2058
f 2059 2057 2058
f 2058 1783 1162
f 1453 3061 1969
f 1235 1238 1970
f 2060 1788 1791
f 2062 1356 2063
f 2065 1357 2062
f 2064 2062 2061
f 1170 1558 1312
f 1005 1003 2068
f 2069 2072 2067
f 2071 2067 2072
f 2005 3611 2070
f 2002 2069 2068
f 2074 1807 1806
f 579 1806 2075
f 2077 1946 1893
f 2079 2077 2076
f 2077 2079 153
f 2081 3901 2076
f 1603 1650 1949
f 1891 1949 1650
f 1650 1603 2082
f 1947 1602 1601
f 1608 3937 2083
f 2085 2087 2086
f 2087 2085 2088
f 2087 2430 2089
f 2086 2089 1883
f 1882 1885 2084
f 2091 2632 2092
f 2094 2091 2090
f 2096 2098 2094
f 2091 2094 2098
f 2093 2969 2095
f 2099 2968 2093
f 2100 2099 2090
f 2102 2109 2103
f 2104 2105 2101
f 2105 3041 2106
f 2108 2103 2109
f 1104 2111 1589
f 2111 1104 1103
f 1589 2111 2112
f 2114 2116 2115
f 2116 2121 2117
f 2119 2115 2117
f 2118 3903 2120
f 2119 2671 2113
f 2122 2902 2117
f 2124 1508 2125
f 765 2128 2126
f 2128 765 2129
f 2131 2126 2128
f 2132 514 2133
f 402 512 2132
f 2133 2137 2135
f 2137 2133 514
f 2139 3664 2140
f 2142 2139 2138
f 1377 3746 2139
f 2143 2162 2144
f 2141 2138 2145
f 2141 2144 750
f 1442 2148 2146
f 1232 2146 2148
f 1441 1442 565
f 2149 2151 2150
f 2151 2178 2152
f 2153 1640 1639
f 1519 2158 2154
f 2155 1524 1523
f 2154 2157 416
f 2157 2154 2158
f 2159 2421 2156
f 2160 2159 2158
f 488 1368 2161
f 741 2163 756
f 2163 741 733
f 2162 2143 739
f 2143 2145 2164
f 2165 1923 2166
f 1924 1917 2165
f 2167 2165 1156
f 2169 352 1790
f 2171 353 2169
f 2173 1042 1045
f 599 4120 2172
f 1041 1042 2174
f 2176 2179 2177
f 2179 2176 2180
f 2182 2180 2176
f 2181 2176 2175
f 2175 2177 2185
f 2187 2189 2188
f 2190 1817 2191
f 2192 2188 2189
f 2186 2188 2194
f 2196 2198 2197
f 907 2197 2198
f 2199 2302 2195
f 915 2199 2197
f 908 2198 2200
f 2201 2147 2202
f 2204 2276 2205
f 1383 2206 2203
f 1987 2203 2206
f 2204 2203 1987
f 1990 2206 1580
f 2209 2210 1710
f 2023 1710 2210
f 2211 3388 2210
f 2209 2044 2039
f 2213 2220 2214
f 2215 2218 2212
f 2217 2212 2218
f 2220 2213 2221
f 2223 2214 2220
f 2219 4143 2222
f 2225 2229 2226
f 2228 2226 2229
f 2230 951 2224
f 2226 2228 2231
f 2232 2762 2229
f 2224 3599 269
f 2234 2236 2235
f 2159 2160 2236
f 2238 2235 2236
f 2239 1653 1657
f 2240 2239 2233
f 2242 1940 1939
f 1943 3234 2241
f 2244 2247 2245
f 2246 2251 2247
f 2247 2250 2248
f 2250 2247 2251
f 1824 2250 2249
f 2250 1824 1818
f 79 2257 2253
f 322 2253 2254
f 2256 2253 2257
f 2257 79 78
f 1261 1260 2255
f 1469 2260 2259
f 2258 3077 1468
f 1438 1440 2260
f 2262 2264 2259
f 2258 2259 2264
f 1440 3180 2265
f 2261 2259 2260
f 2266 2269 1568
f 2268 1566 1568
f 2267 1568 2269
f 2269 2266 2271
f 2272 2266 1569
f 2266 2272 2273
f 2275 2276 2204
f 2274 2204 2207
f 2276 2279 2277
f 2279 2276 2275
f 2281 2275 2274
f 2275 2281 1211
f 2283 2088 2085
f 2088 2283 2284
f 2286 3883 2287
f 2289 2285 2290
f 2289 3907 2292
f 2285 2289 2291
f 2290 2294 2293
f 2288 2290 852
f 2285 2287 2294
f 2295 2300 1880
f 2297 2300 2298
f 2299 2298 2300
f 2300 2297 1879
f 2302 2199 2303
f 2305 2195 2302
f 2304 2308 2306
f 2307 4078 2308
f 2304 2302 2301
f 1333 1339 1677
f 1336 1677 1675
f 2310 637 2311
f 2310 3629 1227
f 2312 2631 2098
f 2314 2096 2095
f 2316 2318 2317
f 2318 1531 1536
f 2319 1534 2318
f 1534 1532 1531
f 2321 2319 2316
f 2315 4074 2320
f 169 3467 2322
f 2323 2325 2324
f 961 2326 2323
f 1054 1055 2325
f 1054 2323 2326
f 2328 2324 2325
f 603 276 265
f 2329 265 179
f 2332 2339 2333
f 2331 2333 2335
f 2337 2335 2333
f 2339 2332 2340
f 2336 2333 2339
f 2343 2346 2344
f 463 2344 2346
f 2342 2344 462
f 2348 463 2345
f 2349 3669 2345
f 2351 2554 2352
f 2353 2351 2350
f 2355 2554 2351
f 2280 2274 1983
f 2280 2350 1209
f 2357 1394 1385
f 2358 1425 1394
f 606 2361 2360
f 2361 3483 2362
f 2363 3205 2359
f 345 1496 1771
f 344 1504 1496
f 1773 3721 2364
f 2366 2368 2367
f 2368 3542 1354
f 2369 4065 2368
f 2365 713 715
f 2371 3837 2372
f 2370 2372 2374
f 2000 2371 2370
f 2371 2000 1999
f 2006 2375 2378
f 2375 2370 2373
f 2353 1983 1299
f 1298 1300 2379
f 2380 2382 1512
f 1513 1512 2382
f 2381 2382 2384
f 2385 2399 2380
f 2382 2380 2386
f 2388 1098 1097
f 1099 2808 2387
f 1091 1098 2390
f 1954 1115 1116
f 2391 2393 2063
f 2392 3302 2393
f 2061 2063 2393
f 2395 2398 2396
f 2397 3465 2398
f 600 2397 2395
f 2400 2404 2401
f 2402 2404 1224
f 2403 2401 2404
f 1220 1224 2404
f 2386 2380 2399
f 2399 2385 2405
f 2407 1295 1985
f 2406 995 2408
f 1296 1292 2407
f 905 904 1428
f 2409 3173 904
f 1116 1428 2410
f 260 284 2412
f 259 260 2411
f 2415 2418 2416
f 2417 2416 2418
f 2419 2538 2416
f 2420 3641 2418
f 2421 2159 2234
f 2233 1657 1656
f 2423 2426 2424
f 2426 2423 2427
f 148 2428 2424
f 2426 146 145
f 2428 1445 2422
f 2429 2430 593
f 2430 2087 591
f 990 992 862
f 2432 2436 2433
f 2435 2433 2436
f 2437 2504 2433
f 2439 2435 2434
f 2440 2437 2435
f 1079 1081 2442
f 1701 1080 1079
f 2441 2583 2443
f 705 698 2445
f 2444 1465 2446
f 705 2446 2447
f 1064 988 861
f 2450 2296 2451
f 1330 2455 2450
f 2451 2456 2454
f 2455 2297 2296
f 2456 2451 2296
f 991 2458 2457
f 995 2406 2458
f 1204 1205 2457
f 2406 1985 1988
f 2459 2457 2458
f 1158 2461 2460
f 2461 1158 2462
f 2462 1149 2464
f 2466 1483 1482
f 1483 2466 2196
f 2465 3743 2200
f 1937 1938 1482
f 1478 1483 2467
f 2232 323 271
f 2469 4087 2470
f 928 1803 2468
f 1803 1804 2472
f 2471 2469 2468
f 929 2468 2470
f 2474 2477 2475
f 2477 2474 1671
f 2479 2475 2477
f 2480 3984 2473
f 2482 2485 2483
f 2484 551 2481
f 2482 2778 2486
f 2483 2485 2488
f 2490 2778 2482
f 2481 540 2489
f 1610 1196 2491
f 337 345 2364
f 2492 2493 1681
f 2493 2540 2494
f 1683 613 2495
f 2496 1682 1681
f 2497 3438 2436
f 2499 2432 2431
f 2498 3791 2500
f 2499 2500 2502
f 2432 2499 2501
f 2431 2433 2504
f 2505 2506 798
f 910 912 2506
f 797 798 2506
f 2507 2505 2193
f 805 2186 2193
f 2509 2515 2510
f 2508 1886 1884
f 2511 2512 2508
f 1886 2508 2512
f 2514 2510 2515
f 2510 2514 2516
f 1121 4030 1763
f 2517 3678 1537
f 2519 2524 2520
f 18 19 2521
f 2523 2525 2520
f 2524 2526 2522
f 2525 18 2518
f 2524 390 2396
f 2527 2530 1135
f 1132 1138 2528
f 2529 2527 1136
f 2530 3546 1133
f 781 683 1145
f 692 959 958
f 964 959 2533
f 691 2533 959
f 2535 2415 2414
f 2415 2535 2536
f 2414 2416 2538
f 1737 1738 2539
f 1392 2494 2540
f 1738 2540 2541
f 1417 2539 1414
f 2542 1414 2539
f 1283 1291 2544
f 1281 1283 2543
f 2461 1281 2545
f 1284 1282 1281
f 2547 707 711
f 2549 710 2547
f 2546 711 1929
f 2198 2196 2466
f 2467 2196 2195
f 562 2552 2550
f 789 2551 562
f 2551 3285 2552
f 2354 2379 2314
f 2554 2355 2555
f 2096 2314 2379
f 2355 2314 2313
f 1300 1293 2312
f 2557 2566 2558
f 2559 3119 2556
f 2561 2557 2556
f 2558 2567 2562
f 2564 2566 2565
f 2566 2564 2567
f 1202 2573 2568
f 2569 2570 1203
f 2570 1199 1198
f 2572 2569 2568
f 2208 1580 1579
f 2571 2568 2573
f 2573 1202 2574
f 1775 1777 2576
f 2575 2906 2577
f 2576 1410 1409
f 1410 2576 1777
f 2578 1870 2575
f 2054 2580 2579
f 2580 2582 2581
f 1772 1774 2579
f 2441 2442 2582
f 2583 2441 2580
f 1191 2588 2585
f 1620 1619 1191
f 2586 2588 1189
f 2587 2585 2588
f 1463 653 359
f 2589 652 650
f 2590 3540 2419
f 2591 2590 821
f 2590 2591 2593
f 2594 2591 822
f 2417 817 821
f 2595 947 942
f 2597 2599 2565
f 2563 2565 2599
f 2566 2557 2596
f 2600 3280 2599
f 2602 2597 2596
f 2411 2412 2604
f 2413 2411 2603
f 1056 2603 2605
f 894 2605 2603
f 2412 319 896
f 886 2607 373
f 371 373 2607
f 1526 1528 325
f 2609 1527 1526
f 2608 1526 327
f 2612 2609 2608
f 2611 2608 2610
f 461 463 2348
f 2614 2348 2616
f 992 2457 1205
f 1574 2581 2582
f 1573 1772 2581
f 2442 2645 1577
f 2618 3706 2619
f 2617 2619 2620
f 1125 2618 2617
f 2619 3706 2622
f 2624 1216 1213
f 2625 1141 1216
f 2624 2951 2626
f 2628 1562 660
f 2629 1898 2630
f 2631 2629 2097
f 2632 2091 2097
f 2630 2634 2633
f 1898 1661 2634
f 1898 2629 1894
f 2282 2085 2084
f 1885 2512 2635
f 2637 2282 2635
f 2282 2637 2638
f 2639 2641 2252
f 1825 2252 2641
f 2641 2639 2643
f 2644 2639 2249
f 2645 2442 1081
f 2647 2652 2648
f 2650 2652 2651
f 1567 2648 2652
f 439 1567 2650
f 1921 2651 2652
f 575 2075 2653
f 2654 865 868
f 2075 1809 2655
f 2657 1278 1280
f 2658 2659 1278
f 2659 2734 1277
f 1279 3477 2656
f 2656 3064 2660
f 2523 2522 2661
f 91 16 2525
f 2294 2665 2662
f 2663 853 2293
f 2662 2666 2664
f 2665 3788 2666
f 2665 2294 2287
f 1627 2966 2429
f 2668 2670 2032
f 2669 2668 2033
f 2670 3520 2030
f 2671 2677 2672
f 2672 2676 2674
f 2676 2672 2677
f 2679 2677 2671
f 2119 2120 2678
f 2681 386 2682
f 2680 2682 2184
f 2684 2681 2680
f 2184 2685 2183
f 2682 3524 2685
f 769 770 2686
f 774 775 2688
f 2167 2689 2686
f 2689 2688 775
f 770 1925 1924
f 773 2649 1925
f 1506 2691 2690
f 1505 3844 2691
f 2693 2699 2694
f 2695 3100 2696
f 2697 2693 2692
f 2140 2695 2692
f 2698 2700 2699
f 2700 740 2164
f 2699 2164 2145
f 2505 2507 913
f 1744 1743 673
f 675 2701 1741
f 2701 675 677
f 673 1950 681
f 1743 1111 1950
f 2703 1966 2542
f 1414 2542 1966
f 2704 3043 2705
f 2706 1109 1108
f 2704 1105 2708
f 139 953 2428
f 2710 2633 2634
f 1661 1660 2709
f 510 501 2712
f 2714 1430 2712
f 501 1321 2713
f 2716 2722 2717
f 2719 2716 2715
f 2715 2717 2721
f 2722 2725 2723
f 2724 3144 2725
f 2722 2716 2726
f 2727 2729 2728
f 2292 3048 2730
f 2291 2292 2729
f 1674 1680 2731
f 2729 2730 1723
f 1959 1029 1030
f 2019 1030 704
f 2020 2019 2732
f 2732 704 706
f 1998 2000 2375
f 2735 2739 2736
f 2738 2741 2739
f 2736 2739 2741
f 2742 3540 2740
f 2048 2049 2744
f 1839 2048 2743
f 2745 1848 1837
f 1830 1832 2747
f 2748 1830 2746
f 1830 2748 2749
f 2746 2747 2751
f 2753 2751 2747
f 1832 2754 2752
f 1828 1833 2754
f 2756 1434 1435
f 2627 3548 2757
f 1433 1434 2757
f 2756 2628 2627
f 2755 1435 1087
f 2759 3923 2760
f 2227 2229 2762
f 2761 2564 2563
f 2690 3657 2761
f 263 2763 1061
f 2763 263 75
f 791 2765 2764
f 2765 791 788
f 2767 2764 2765
f 2768 2777 2764
f 1047 1048 1397
f 2769 2771 2770
f 2771 517 2772
f 1490 2770 2773
f 2775 2771 2769
f 2769 1488 2776
f 2777 1795 1794
f 2778 2783 2779
f 2485 2486 2780
f 2780 2486 2779
f 2783 2778 2490
f 440 2650 2649
f 592 2284 2784
f 594 2784 2785
f 2787 2790 2788
f 2788 2100 2092
f 2100 2788 2790
f 1630 2791 2790
f 2791 620 623
f 2792 2787 2786
f 2787 2792 1629
f 1624 621 620
f 2791 1630 1628
f 1361 1363 2794
f 1363 504 509
f 2795 3124 1362
f 2795 1361 2793
f 2130 2128 2127
f 2130 2878 2798
f 2797 2127 1857
f 2202 1444 1443
f 2799 347 346
f 619 2491 2801
f 2802 3017 2800
f 2803 2801 2491
f 1262 1264 2427
f 2805 3822 2806
f 2423 2805 2804
f 2807 1262 2804
f 2425 2427 1264
f 2808 2813 2809
f 2809 2813 2612
f 2388 2387 2809
f 2812 3780 2813
f 2814 2812 2808
f 1208 1211 2281
f 2815 1209 2350
f 2278 1211 1210
f 1253 2818 2116
f 2121 2116 2818
f 1251 1253 2114
f 2820 934 1349
f 2822 2824 2823
f 2824 421 2825
f 2826 2828 2823
f 2827 3224 2828
f 2821 2823 2828
f 2329 2825 421
f 2831 682 681
f 2833 1255 2674
f 2833 2835 2834
f 2832 3221 2835
f 2676 3486 2832
f 2673 2674 1255
f 2836 2837 1842
f 2837 2052 1840
f 2838 2842 2839
f 2840 2838 1670
f 2476 1671 1670
f 2842 2838 2843
f 2844 2839 2842
f 2846 3921 2847
f 2845 2440 2439
f 1835 2848 2845
f 2849 3624 2850
f 2440 2845 2848
f 473 469 2851
f 477 479 2853
f 2854 2853 479
f 469 2031 2030
f 468 472 2031
f 2856 2858 2857
f 2858 3545 2859
f 2816 3546 2858
f 2861 1548 1964
f 2703 3008 2860
f 1611 1546 2861
f 1102 1109 2863
f 355 1185 1063
f 1487 1479 2306
f 2305 2306 1479
f 2865 1173 2866
f 2868 2864 2869
f 2870 2869 2864
f 2867 2869 2872
f 2866 2874 2873
f 2874 2866 1173
f 2876 2752 2754
f 2752 2876 2877
f 2876 3316 493
f 1099 645 644
f 2814 644 1230
f 2689 2167 1157
f 2629 2631 1297
f 1293 1297 2631
f 1691 2797 1858
f 2797 1691 2878
f 2879 2878 1691
f 854 855 2881
f 2880 3194 2288
f 2882 2881 855
f 2733 2732 2447
f 2687 2688 2460
f 2319 2321 2885
f 2886 330 333
f 2321 3383 2887
f 2885 2887 2264
f 2884 2885 2262
f 2889 1845 1844
f 2807 2888 2891
f 2888 2807 2806
f 1846 2891 2888
f 2891 1846 813
f 1117 3562 902
f 1114 906 899
f 2893 2897 2894
f 1000 2893 2892
f 1869 3570 2894
f 1002 2898 2897
f 2896 2894 2897
f 546 2897 2898
f 711 712 2899
f 2297 2455 2900
f 2118 2117 2902
f 2901 2902 1075
f 2577 2907 2905
f 2904 1776 1775
f 2906 1871 2907
f 2904 2905 2909
f 2705 2905 2907
f 418 842 411
f 414 411 842
f 2911 415 414
f 2910 414 844
f 2456 2914 2913
f 2298 2299 2914
f 2916 2914 2299
f 2295 3960 2915
f 553 2918 2917
f 2918 553 552
f 1962 378 1305
f 1306 1305 378
f 2919 378 380
f 2921 2925 2922
f 724 2925 1015
f 725 724 2923
f 2925 724 726
f 2925 2921 1013
f 2927 2930 2928
f 2930 2927 1179
f 2931 3397 2873
f 2933 2928 2930
f 2104 2931 2926
f 2935 2938 2936
f 2937 3711 2938
f 2934 3216 2939
f 2941 2936 2938
f 939 2470 2936
f 2470 4087 2934
f 495 2943 2056
f 490 495 876
f 2943 495 494
f 2055 2056 2943
f 2946 2950 2947
f 2945 2947 2948
f 2947 2952 2949
f 1622 2626 2951
f 2952 2947 2950
f 2945 3018 2953
f 2950 2946 2954
f 2956 2961 2957
f 2959 2960 2956
f 2960 2962 2961
f 2961 996 999
f 2962 997 996
f 723 2750 2964
f 2750 723 722
f 2750 2751 2965
f 722 719 727
f 2430 2429 2966
f 1887 1883 2089
f 2967 3635 2615
f 2347 3482 2616
f 1467 1466 2513
f 624 625 2968
f 2968 3017 2969
f 401 2134 2924
f 2134 2135 2970
f 2134 401 405
f 2541 3403 2702
f 443 2971 445
f 2971 443 772
f 2972 745 2973
f 2975 2977 2976
f 2974 3747 1904
f 2977 1617 1615
f 2977 2975 2979
f 580 2981 2980
f 2981 2985 2982
f 2983 2984 2980
f 2984 583 581
f 627 634 2985
f 2981 580 630
f 2986 2284 2283
f 2987 2784 2284
f 1064 2989 364
f 362 364 2989
f 2989 1064 2448
f 2988 2989 471
f 2991 1240 1234
f 2992 3348 1240
f 542 547 2994
f 540 542 2993
f 2996 3001 2997
f 2998 2995 2503
f 3000 2997 3001
f 2995 2997 3002
f 2633 2710 3003
f 2789 2092 2632
f 3004 1672 1665
f 3006 3099 3007
f 3008 3006 3005
f 1616 1612 3005
f 1612 2861 2860
f 3010 3012 1318
f 3012 3010 3013
f 3013 3010 3014
f 1948 2080 3011
f 3015 4032 1599
f 3009 3015 3014
f 2313 2095 2969
f 3016 2969 3017
f 2555 2313 3016
f 3020 3024 3021
f 3023 3021 3024
f 3024 3020 3026
f 3022 3024 3025
f 3029 2272 1564
f 2272 3029 2102
f 3028 3871 3030
f 3031 567 569
f 923 1441 568
f 918 571 3031
f 1149 1151 3032
f 3032 1155 3034
f 2352 2554 2553
f 2151 2149 3036
f 2179 3035 3037
f 2178 2151 3035
f 3038 3037 3035
f 3039 3036 2149
f 3036 3039 3040
f 2101 2106 2273
f 3041 4002 3042
f 2109 2102 3029
f 2271 2273 2106
f 3043 2909 2905
f 3044 3539 2909
f 3043 2704 2707
f 676 678 781
f 1013 680 679
f 679 676 778
f 2957 999 3046
f 1722 1723 2730
f 3048 3988 3047
f 1718 1675 2728
f 3049 3050 2659
f 3050 2735 2734
f 3051 3992 2735
f 3049 3531 3053
f 3050 3049 3052
f 3055 3057 3056
f 2879 3060 3057
f 3054 3761 2798
f 3054 3056 3059
f 3060 1969 3061
f 3062 3056 3057
f 3063 2996 2995
f 2135 2137 3001
f 459 461 2614
f 2615 2660 3064
f 2999 3001 2137
f 3066 3000 2999
f 2136 3649 3065
f 2819 3071 3067
f 3068 3071 2819
f 3067 3072 3070
f 3071 537 3072
f 3071 3068 3073
f 2852 2853 3075
f 1470 1468 3077
f 428 1470 3076
f 3076 3077 3079
f 3077 2258 2263
f 585 1500 1499
f 1626 2429 1499
f 3078 3083 432
f 3078 3079 3081
f 430 432 3083
f 3083 3078 3080
f 1931 1930 2899
f 712 713 3085
f 3087 1931 3085
f 1667 754 3088
f 1140 3137 3089
f 2896 543 1862
f 3091 3093 1823
f 1822 1823 3093
f 3092 3093 3095
f 3091 3574 3097
f 3096 3095 3093
f 2495 2697 2696
f 3100 2695 3101
f 3102 3100 3099
f 3098 2696 3100
f 2693 2697 615
f 2698 615 608
f 2697 2495 613
f 126 127 3104
f 1459 1397 3105
f 1457 3105 3107
f 1397 1398 639
f 878 880 496
f 3109 3115 3110
f 3112 3115 3109
f 1855 1856 3111
f 3114 3110 3115
f 3116 2560 3117
f 3117 3119 3118
f 2560 2556 3119
f 3120 2561 2560
f 3122 3120 3116
f 2574 2459 1988
f 2755 2760 3123
f 1362 2990 1360
f 2990 1362 3124
f 3125 2992 2991
f 2219 2221 3127
f 812 3130 3127
f 3126 3127 3130
f 2221 3969 3128
f 3131 3308 1401
f 3132 4081 3131
f 3133 3132 1399
f 3135 3559 3136
f 3138 3135 3134
f 3137 1140 3139
f 3138 1620 2584
f 976 3089 3137
f 2800 625 617
f 2214 2223 3140
f 3142 3140 2223
f 2222 4015 3141
f 3143 866 865
f 588 589 881
f 589 2785 879
f 2162 756 747
f 3145 3074 3075
f 3074 3736 3146
f 3147 2725 3144
f 2853 2854 3147
f 1918 1925 2649
f 3149 1290 1289
f 3150 936 3148
f 3151 3148 936
f 1304 1421 1963
f 3153 3410 3154
f 2993 2994 3152
f 3152 3156 2071
f 3156 3152 2994
f 3158 3469 3159
f 3161 3158 3157
f 3158 3161 3163
f 3165 3163 3161
f 3167 63 3168
f 3169 3867 3167
f 3166 3168 3171
f 63 61 60
f 19 63 3167
f 1699 1085 1080
f 3172 1704 1701
f 1895 1296 2408
f 3173 703 1027
f 703 3173 2409
f 3174 3176 2218
f 2216 2218 3176
f 3178 3175 3176
f 2215 3140 3179
f 2786 2788 2789
f 834 2786 3003
f 3180 1440 922
f 1372 3815 3181
f 3182 3931 1366
f 1455 1457 3106
f 1460 1455 3183
f 1826 1458 1460
f 2837 2836 3184
f 3183 3106 2052
f 2836 3695 3186
f 3184 3186 3185
f 3187 3190 2110
f 2112 2111 2110
f 3188 2110 3190
f 3191 4013 3190
f 3192 3191 3187
f 3193 3343 3194
f 2880 2881 3195
f 1296 1895 1894
f 924 926 3196
f 2069 2002 2001
f 3198 3203 3199
f 3201 3202 3199
f 3202 3920 3197
f 2363 3326 3204
f 3200 3199 3203
f 3203 3198 3205
f 3197 737 736
f 3206 3208 1538
f 3208 3206 3209
f 3210 3209 3206
f 3209 3210 3212
f 2939 3215 3214
f 2507 3214 3215
f 3216 916 3215
f 913 3215 916
f 3213 2937 2935
f 3218 3222 632
f 3218 3221 3220
f 3221 3218 3217
f 3219 2403 3222
f 3223 3226 3224
f 3225 3224 3226
f 2829 2828 3224
f 1856 2123 3227
f 3228 3112 3111
f 3229 3227 2123
f 2123 1856 1849
f 3230 2785 2784
f 3231 3235 3232
f 3234 1943 3232
f 3236 850 849
f 3233 3232 3235
f 3121 3237 3231
f 3235 3231 3237
f 3239 3245 3240
f 3240 3247 1735
f 3243 3245 3244
f 3245 3239 3246
f 3245 3243 3247
f 3249 3246 3239
f 1654 1655 2549
f 3250 2549 2548
f 2421 3250 3251
f 1655 4017 710
f 1559 982 3253
f 3252 3253 3255
f 983 3255 3253
f 3237 3121 1633
f 3236 3237 1640
f 3257 3262 3258
f 426 3256 3258
f 3259 3258 1165
f 3260 3264 3261
f 3262 1038 1165
f 3263 3260 1165
f 3263 3834 3264
f 3266 774 2687
f 2543 2544 3267
f 2545 2543 3265
f 3268 3266 3265
f 3270 3275 3271
f 3269 1402 1401
f 3271 3278 3273
f 3275 3270 3276
f 3278 3271 3275
f 3277 3275 3274
f 3280 3281 2598
f 3281 2231 2228
f 400 401 2923
f 2793 2794 3283
f 3282 3951 2796
f 2794 509 3284
f 1269 1797 1796
f 1797 1269 3285
f 1268 1796 3286
f 3288 2718 3289
f 3228 3290 3289
f 3290 3603 3287
f 2720 3289 2718
f 2720 2721 3112
f 2718 3288 3291
f 1967 1968 1969
f 128 2254 3104
f 3103 3104 3293
f 3295 2959 2958
f 2960 2959 3297
f 3296 3730 2962
f 754 756 2163
f 2144 747 746
f 2206 1383 1382
f 3298 457 3299
f 457 458 3136
f 3300 452 457
f 3302 2392 3303
f 3302 3305 2394
f 3305 3302 3301
f 3307 3303 2392
f 3308 3276 3270
f 3309 3311 3276
f 3274 3276 3311
f 2146 1232 738
f 3310 3311 2126
f 3311 3309 766
f 1698 3312 1709
f 3312 1698 1697
f 1934 1936 3313
f 3313 2601 2561
f 1944 3313 3120
f 1936 2602 2601
f 3314 4124 2602
f 3316 3320 3317
f 491 3315 3318
f 3319 3318 3315
f 3316 3315 491
f 3320 3322 3321
f 3320 2875 3323
f 1715 1716 3325
f 1716 1709 3312
f 2360 2362 3326
f 2362 2038 2041
f 2040 3204 3326
f 3327 2153 2150
f 2152 3328 2882
f 2178 2180 3328
f 1141 2625 3139
f 2638 3330 3329
f 3330 903 3331
f 3329 3331 3333
f 2986 3329 3332
f 3335 3817 3336
f 2642 3334 3338
f 3339 3338 3334
f 3335 3334 2642
f 2641 2642 3337
f 3341 3345 3342
f 2182 3340 3193
f 3343 3193 3340
f 3344 3342 3345
f 3346 3347 2724
f 3347 3145 3144
f 2992 3125 3145
f 3348 2992 3347
f 2620 2619 2621
f 1653 2239 3350
f 3170 3171 3351
f 1888 1890 3350
f 3170 3350 2239
f 3353 3359 3354
f 3354 3359 3356
f 3358 3352 3354
f 3319 3942 3356
f 3318 3319 3359
f 498 3353 3352
f 3361 3363 3362
f 3363 3361 3364
f 3363 1787 1786
f 3273 3364 3361
f 3367 3370 3368
f 2744 1095 3366
f 3369 3366 1095
f 3368 3371 2743
f 3370 4142 3371
f 3370 3367 3373
f 903 3330 3375
f 2637 3375 3330
f 897 903 3374
f 3376 349 3377
f 3378 3380 3376
f 350 3376 3380
f 3377 3062 3061
f 3062 3377 349
f 3382 2887 3383
f 3381 3383 3385
f 3383 2321 2320
f 2887 3382 2263
f 3081 3382 3381
f 3387 3300 3298
f 3388 3387 2024
f 2929 1179 1180
f 2926 2873 2874
f 1175 1179 2927
f 761 760 3391
f 3390 4001 3392
f 3394 3398 3395
f 2872 3399 3394
f 3398 3394 3399
f 2870 2873 3397
f 3396 3394 3393
f 2871 2872 3396
f 3402 2998 2504
f 3403 2541 2540
f 3403 3405 3404
f 3405 3403 2493
f 3406 1254 1252
f 3407 3406 1256
f 3409 2782 3410
f 2782 3409 3411
f 3154 3410 2782
f 3153 3607 3408
f 3412 3547 652
f 3413 3412 2589
f 2834 3415 3414
f 3415 2834 2835
f 3416 3414 3415
f 3407 3414 872
f 2489 2993 3154
f 3418 3149 3148
f 1290 3149 3419
f 452 3300 1346
f 227 220 248
f 3420 3422 1265
f 3421 3422 3420
f 2552 3422 3421
f 3422 2552 3285
f 952 3421 250
f 3424 2535 2534
f 2535 3424 3425
f 3423 3861 3426
f 3427 3425 3424
f 3428 3653 3423
f 2537 3428 2534
f 3018 2945 2553
f 3430 3847 3431
f 3433 3430 3429
f 3430 3433 3435
f 3432 3737 3436
f 2434 2436 3438
f 3439 3441 3438
f 3437 3438 3441
f 2623 2952 2951
f 1621 3139 2625
f 1751 3212 3210
f 2963 3443 720
f 3443 2963 3444
f 2922 3443 3442
f 3446 3447 3444
f 3447 1739 3442
f 2963 2964 3445
f 1225 634 633
f 634 1225 1223
f 2402 633 3222
f 3449 1315 1314
f 3009 1318 1315
f 2714 1956 1955
f 1430 1431 2711
f 1430 2714 2410
f 3451 2911 2910
f 3450 3454 3452
f 2912 3455 3450
f 3454 3450 3455
f 3455 2912 524
f 526 1491 3453
f 2898 1002 1006
f 1005 3156 3155
f 547 2898 3155
f 2893 1000 998
f 2700 2698 614
f 3375 2637 2636
f 3374 3375 3456
f 2511 2516 3456
f 2709 1662 837
f 835 3003 2710
f 3459 1884 833
f 2509 1884 3459
f 2515 2509 3460
f 3458 3854 3461
f 3460 3459 3461
f 3464 3466 1450
f 3463 1450 3465
f 1826 3463 2397
f 3466 1447 1448
f 3467 3223 2827
f 2322 2827 2826
f 2330 179 178
f 3468 3512 3226
f 3223 3467 1645
f 3470 446 445
f 2971 3159 3469
f 3471 2528 1138
f 3472 2529 2528
f 3089 976 449
f 1137 3089 451
f 3473 3545 2530
f 3474 3473 2527
f 2529 3472 3475
f 1272 1274 3476
f 3476 4011 3477
f 3479 3476 1274
f 1273 4096 3478
f 3481 3201 3200
f 2843 3481 3480
f 3204 2040 3480
f 2840 1672 3201
f 2802 2953 3018
f 2946 2953 2803
f 2038 2362 3483
f 3483 2361 436
f 3282 3283 1024
f 1025 1024 3283
f 3484 1024 1023
f 2675 2677 2679
f 2675 2383 3486
f 3488 3490 3489
f 3490 3492 3491
f 3492 3490 3400
f 3393 3395 3493
f 3494 3491 3492
f 3495 3400 3490
f 3401 3396 3400
f 3497 3501 3498
f 3500 3498 3501
f 3501 3497 3503
f 3505 3497 3496
f 3506 3503 3497
f 1422 2010 1686
f 3507 1346 3300
f 1346 3507 3508
f 60 62 110
f 3509 3171 3168
f 551 541 540
f 1760 1762 3511
f 3510 3610 1765
f 2127 2129 1146
f 3512 539 535
f 3225 534 3513
f 3514 1513 2381
f 1511 1513 3514
f 2679 3516 3514
f 3516 3603 3515
f 2330 2826 2825
f 2605 894 893
f 3517 1055 1057
f 893 895 3519
f 3517 893 3518
f 2604 896 892
f 2851 2030 3520
f 3521 3147 2854
f 685 2531 2328
f 2324 2328 2531
f 3522 689 687
f 2531 685 684
f 1543 1538 3208
f 3207 3970 3523
f 3523 2685 3524
f 387 1544 1543
f 1877 1876 1755
f 3525 1877 2008
f 402 404 3526
f 3527 518 511
f 404 783 768
f 3529 557 3530
f 3378 943 941
f 949 3601 3380
f 3082 3052 3053
f 3531 3634 433
f 3052 3082 3532
f 3084 3532 3082
f 1212 1134 1133
f 2053 1498 1493
f 329 3534 3196
f 3534 2265 3180
f 3533 3196 926
f 331 3535 3534
f 3535 2261 2265
f 2170 3278 3277
f 3058 3059 353
f 3279 3058 2171
f 1961 477 2852
f 3536 366 672
f 366 3536 3537
f 3539 3537 3536
f 2592 2740 3540
f 3540 2742 2538
f 3541 2736 2740
f 2626 1622 1618
f 3179 3140 3142
f 3542 3179 1353
f 3098 3405 2492
f 922 1439 1441
f 2155 416 415
f 3499 3652 3435
f 3498 3500 3436
f 2587 1708 2022
f 2025 3559 2585
f 2526 2396 2398
f 3545 2858 3546
f 3547 1662 651
f 836 837 1662
f 3547 3412 838
f 659 661 1380
f 1379 1380 661
f 3548 1380 1381
f 2758 2757 3548
f 2824 2822 3551
f 2822 3996 3552
f 3284 2711 1431
f 3553 3070 3072
f 2389 2390 3555
f 3557 3857 3555
f 3558 2390 1098
f 2390 3558 3556
f 3554 3793 3369
f 2389 3369 1096
f 3060 2879 1692
f 1620 3138 3139
f 2584 2585 3559
f 3560 3230 2987
f 3561 3560 3332
f 3230 3560 1373
f 1371 1373 3560
f 3331 902 3562
f 3563 3561 3333
f 3564 3566 2532
f 3566 3564 3567
f 382 3564 2337
f 964 2532 3566
f 2532 2533 2335
f 1210 1133 3546
f 135 126 3103
f 1486 558 557
f 558 1486 1485
f 3528 4098 1481
f 2785 3230 1370
f 2892 2894 3570
f 2895 2892 3569
f 2448 861 2035
f 1342 1347 1810
f 3571 1811 1810
f 1812 1815 1345
f 3097 3575 3573
f 3572 3784 3096
f 3574 4116 3575
f 3575 4115 3576
f 3387 3388 3577
f 2636 2635 2512
f 3020 3248 3578
f 3248 3020 3019
f 3248 3239 3238
f 3579 3786 3025
f 3580 3581 3578
f 3581 3579 3026
f 3582 2949 2952
f 1215 3582 2623
f 1887 1629 2792
f 1629 1887 2966
f 808 815 3583
f 814 3583 2890
f 3585 1339 1338
f 3584 3437 3440
f 1338 1332 3587
f 3586 2438 3584
f 2227 2563 2598
f 1200 863 862
f 2459 2574 1202
f 2189 2187 3588
f 2186 805 804
f 803 3588 2187
f 3588 803 2245
f 3150 3591 3590
f 1289 1286 3591
f 3592 3591 1286
f 936 3150 3589
f 3593 2965 2751
f 2964 2965 3594
f 3182 3594 2965
f 3213 3214 3596
f 3595 4037 2937
f 3299 3136 3559
f 2444 2445 2513
f 700 3597 2445
f 2513 2445 3597
f 3531 3049 2658
f 3598 2658 2657
f 1127 2620 1476
f 2230 3633 950
f 297 3599 2224
f 3599 297 296
f 2168 3364 2170
f 3364 3273 3278
f 2168 1790 1787
f 625 2800 3017
f 3600 2446 1465
f 3379 3380 3601
f 2799 350 3379
f 458 976 3134
f 3516 2679 2678
f 3603 3516 3602
f 417 416 2157
f 1524 2155 2911
f 2017 2016 3192
f 2016 2015 3191
f 3606 3408 3607
f 3605 3611 3609
f 3606 3605 3608
f 3607 2070 3611
f 2070 3607 3153
f 3408 3606 3612
f 3613 2544 1291
f 3614 3267 2544
f 3615 3419 3149
f 3419 3615 3616
f 3174 3617 3177
f 3617 4065 3618
f 3179 3542 3617
f 3619 2377 3620
f 2377 2378 3621
f 957 3620 3621
f 2606 3620 957
f 2972 3621 2378
f 3622 3884 3609
f 3619 3885 3622
f 1231 1232 2147
f 2998 3402 3623
f 2850 3402 2437
f 2970 2135 2996
f 729 2970 3063
f 3624 3623 3402
f 3625 3627 3324
f 3626 3696 3627
f 3627 2478 3628
f 3272 3273 3365
f 93 153 2079
f 2080 153 155
f 3011 155 321
f 2034 2031 472
f 375 377 3537
f 2548 2547 2546
f 952 950 3633
f 2917 3633 2230
f 3632 3633 2917
f 559 2917 2231
f 427 1443 1470
f 3221 2832 3486
f 3220 3486 2383
f 356 1063 1062
f 434 436 2361
f 3635 2967 436
f 2862 3192 1100
f 3257 3638 3637
f 3636 4036 3262
f 3256 3552 3638
f 1833 3323 2875
f 3639 2449 3640
f 3640 2453 3323
f 818 2418 3641
f 827 3641 2817
f 2818 1253 826
f 3286 1798 539
f 3643 2246 2244
f 3642 2244 2243
f 3644 3650 3645
f 3642 3645 3646
f 2309 3272 3629
f 3647 1227 3629
f 3269 3271 3272
f 1402 3269 2309
f 3065 2775 3648
f 2775 3065 3649
f 3650 3660 3651
f 3652 3499 3384
f 3652 4074 3434
f 3384 3502 3386
f 3502 3384 3499
f 3538 3536 1162
f 3504 3496 3654
f 3543 3654 3496
f 3655 3118 3119
f 3656 3655 2559
f 3658 2562 2567
f 1360 1233 1971
f 1233 1360 2990
f 802 1078 3650
f 1077 4025 3659
f 1078 3659 3660
f 3644 2243 800
f 3118 3655 984
f 3663 1516 1509
f 2570 2569 1516
f 3662 1509 1508
f 3664 3101 2695
f 1971 1972 506
f 3485 2381 2383
f 1059 1061 2763
f 2583 2944 3172
f 2054 2055 2944
f 3667 3977 3668
f 3668 1153 1152
f 3666 3668 1992
f 2166 1993 1992
f 573 575 868
f 2346 2343 3577
f 2211 2039 3669
f 2349 3577 3388
f 3508 2343 2342
f 3507 3577 2343
f 563 2550 3632
f 3632 2550 3421
f 3671 3676 3672
f 3674 4132 3672
f 3673 3672 3676
f 2772 516 3676
f 688 1032 1031
f 686 688 3677
f 1230 1229 3678
f 1536 1537 3678
f 1229 3681 3679
f 3681 1229 1228
f 3683 3689 3684
f 3686 3689 3687
f 3688 3684 3689
f 1981 3789 3682
f 2783 3411 3690
f 635 3415 3217
f 2868 4019 845
f 2864 2868 3691
f 2865 3691 3692
f 3693 2185 2177
f 3037 3038 3694
f 1843 1845 3695
f 2478 3627 3696
f 2478 2477 2476
f 3697 4141 3696
f 2933 4005 3041
f 2103 2108 2931
f 2105 2104 2928
f 3591 3592 2029
f 2026 967 3590
f 3589 3590 967
f 3592 3715 1245
f 2409 900 701
f 3113 2723 3521
f 3110 3114 2670
f 3114 3521 3520
f 2723 2725 3147
f 2717 2723 3113
f 963 965 3698
f 3565 3698 965
f 2985 1223 3699
f 3699 1222 3701
f 2982 3699 3700
f 3702 1327 1325
f 1324 1859 1860
f 1860 1148 2831
f 2855 2277 2279
f 3700 3701 2855
f 1973 1687 1326
f 506 1973 1322
f 669 3621 2972
f 2621 2622 3704
f 2622 3707 3705
f 3706 3742 3707
f 1089 1085 1699
f 1089 1404 2759
f 2940 3709 3708
f 3418 3708 3709
f 3710 3783 3709
f 3711 3710 2940
f 2080 1948 1946
f 3712 3039 1638
f 3630 3765 3713
f 3539 3044 3630
f 3714 3715 1285
f 3715 3592 1288
f 1243 1245 3715
f 1241 1243 3714
f 3305 3389 3717
f 2066 2061 2394
f 3719 2066 3717
f 3718 3717 3389
f 435 606 2359
f 3205 1231 2201
f 1444 2202 2147
f 701 3720 3597
f 900 3457 3720
f 898 3374 3457
f 1772 1573 3721
f 3723 3725 2256
f 3724 3293 3725
f 3722 3728 3726
f 3722 2256 2255
f 3728 3722 3727
f 2253 2256 3725
f 3729 3731 3730
f 1004 3730 3731
f 3732 2002 2073
f 3731 3729 3733
f 3735 3733 3729
f 3125 3736 3074
f 3736 3125 3124
f 3432 3429 1786
f 3737 3432 1788
f 3429 3431 3362
f 3099 3101 3738
f 1759 482 3739
f 2978 2979 3739
f 480 482 3740
f 1748 3740 482
f 2661 3544 1449
f 884 1766 1761
f 3742 888 887
f 2618 1125 1766
f 2252 1825 1821
f 1940 2242 3743
f 2465 1482 1938
f 2242 1908 1907
f 914 2200 3743
f 2518 2521 3744
f 713 2365 3086
f 3086 2065 2064
f 569 570 740
f 1952 1328 1327
f 3746 1377 1376
f 1376 1374 1378
f 3745 1376 3747
f 3749 3746 3745
f 2377 3619 2003
f 2156 3251 3604
f 3751 3754 3752
f 3724 3752 3754
f 3753 3754 3756
f 3754 3751 3757
f 3641 2420 3758
f 2711 3284 509
f 1903 1904 3747
f 2975 1904 1900
f 3701 1226 2277
f 2278 2816 2856
f 1452 1454 3377
f 3760 3452 3454
f 3453 4140 3759
f 1500 585 584
f 587 2053 1502
f 3761 3054 3058
f 3056 3062 351
f 3762 376 375
f 376 3762 3741
f 3763 368 367
f 3705 3713 3765
f 3487 3489 3165
f 3767 3772 3768
f 3164 3161 3160
f 3766 3165 3164
f 3768 3774 3769
f 3770 3772 3771
f 3772 3767 3773
f 3772 3770 3774
f 727 728 3624
f 728 729 3623
f 3346 2595 946
f 945 1240 3348
f 2726 3975 2595
f 546 544 543
f 1248 3776 3775
f 3776 1248 3033
f 3776 3779 3777
f 3779 3776 3034
f 2464 3032 3033
f 1248 1241 3716
f 2813 3780 2609
f 1527 2609 3780
f 1353 3142 1350
f 1350 3142 3141
f 3782 3291 3288
f 3783 3710 3572
f 3710 3711 3784
f 3615 3709 3783
f 3573 3576 3616
f 2494 1392 1390
f 1950 1953 2830
f 3132 3133 3390
f 3785 3022 3027
f 2011 3023 3022
f 927 2011 3785
f 3027 3025 3786
f 731 730 1060
f 731 896 319
f 3788 2665 2667
f 1910 2666 3788
f 1975 1922 3789
f 2647 3682 3789
f 2503 3002 2498
f 3791 2498 3002
f 3790 3002 2997
f 3792 776 3266
f 3366 3369 3793
f 3481 2843 2838
f 2841 2843 2043
f 682 2831 1148
f 2733 3795 475
f 2883 360 3795
f 3746 3749 3664
f 3751 3799 3796
f 3797 3798 3757
f 3798 3936 3756
f 3750 3900 3799
f 1851 3662 2124
f 3511 1764 3801
f 3510 3511 3800
f 3411 3800 3801
f 1764 4029 3802
f 2122 2121 2817
f 2859 3804 2984
f 583 2984 3804
f 3545 3473 3804
f 3803 3804 3473
f 2983 3700 2857
f 3806 2810 3807
f 3805 4122 3808
f 3806 3808 3809
f 3805 3807 3811
f 2613 3811 3807
f 2810 3806 2811
f 2611 3807 2810
f 3689 3683 3812
f 3687 3812 3813
f 3685 3687 3242
f 2357 3686 3685
f 2668 2669 3108
f 3446 3181 3815
f 3181 3446 3445
f 3594 3182 1369
f 3648 3820 3817
f 3817 3820 3818
f 3816 3817 3335
f 2776 3818 3820
f 3648 2775 2774
f 1418 1420 1978
f 3821 3823 3822
f 3822 3824 2889
f 3823 3825 3824
f 1447 3466 3823
f 3466 3464 3825
f 3720 2516 2514
f 2420 2536 3826
f 3827 109 111
f 3509 110 109
f 3827 3829 3828
f 3829 1888 3351
f 1916 2017 2862
f 2863 1872 1864
f 3163 3165 3489
f 476 475 3795
f 360 362 2988
f 1584 3830 2578
f 3569 3570 3830
f 3830 1868 1870
f 752 3948 3550
f 3831 1518 1517
f 1520 4008 3832
f 3826 3922 2122
f 3833 3826 2536
f 3692 843 418
f 1174 3692 419
f 3834 1059 3665
f 3835 1060 1059
f 605 3261 3264
f 3665 2763 604
f 1337 3836 2900
f 3836 1873 1879
f 1329 2900 2455
f 3837 3840 3838
f 3840 3837 3841
f 3837 2371 2376
f 1012 2374 2372
f 2009 3838 3840
f 1011 1012 3838
f 3842 3884 3843
f 1765 3842 885
f 3844 3845 3658
f 3656 3845 3255
f 2691 3658 3657
f 2562 3658 3845
f 3681 3849 3846
f 2317 1536 3679
f 3848 3846 3849
f 2334 3853 3850
f 3851 2332 2331
f 3777 3850 3853
f 693 694 3852
f 2334 2335 2533
f 691 693 3853
f 2694 2145 2138
f 3458 833 840
f 3854 3458 829
f 3307 3306 3856
f 3856 3859 3857
f 3557 4138 3855
f 3858 3306 2392
f 3306 3858 3859
f 3860 4041 3303
f 1258 53 147
f 2413 3978 261
f 1997 2005 2072
f 2004 3609 3611
f 1776 2904 2908
f 3861 3423 3653
f 3862 3504 3653
f 2449 2451 2453
f 2449 3639 2452
f 3863 2452 3639
f 2067 2071 3156
f 3604 3631 410
f 3631 2546 409
f 3251 2548 3631
f 2185 3693 2683
f 1995 1301 3865
f 3666 1995 3864
f 3667 3864 2340
f 2238 3868 3867
f 2237 4104 3868
f 3166 3170 2240
f 3744 3867 3868
f 3389 3305 3304
f 2932 2930 2929
f 2912 844 522
f 423 426 3259
f 3261 605 424
f 3828 3351 3171
f 3703 3704 3870
f 3764 3870 3704
f 3871 3028 442
f 446 3470 3872
f 438 442 3028
f 3873 3874 3488
f 3875 3495 3488
f 3877 966 3878
f 3877 3991 2326
f 3878 3882 3880
f 3876 3878 3879
f 3882 3878 966
f 3365 3361 3360
f 811 813 1846
f 3130 812 811
f 3129 3130 1848
f 3800 3411 3409
f 2365 2367 2065
f 1357 2065 2367
f 2190 3588 2248
f 3708 3418 3151
f 3883 4021 2667
f 3884 3842 3608
f 3884 3622 3885
f 3887 2684 2683
f 3886 3939 3888
f 3567 381 2684
f 3693 3694 3886
f 2522 2526 3544
f 819 1254 823
f 3890 824 823
f 1254 3406 3889
f 1100 3187 1103
f 2648 1567 1566
f 3892 2268 2267
f 3893 3861 3654
f 3580 3241 3810
f 3811 2613 3581
f 1899 1901 1758
f 1899 3739 2979
f 2099 2100 623
f 851 853 2663
f 2664 3897 3894
f 3895 3339 3336
f 3405 3098 3102
f 3008 2703 2702
f 3006 3008 3404
f 360 2883 3600
f 1907 1909 1905
f 2241 3897 1908
f 3896 1908 3897
f 3874 3873 3899
f 3766 3769 3873
f 3769 3927 3899
f 714 2369 2366
f 3900 3968 2217
f 2216 3796 3799
f 3796 2216 3175
f 1976 1978 1420
f 3829 3827 3901
f 3901 3827 100
f 1515 1514 3902
f 2569 2572 3902
f 2572 2405 2385
f 2446 3600 2883
f 1656 1654 3250
f 1257 81 53
f 3442 1739 1741
f 2120 3781 3602
f 3781 2120 3903
f 3287 3602 3781
f 3782 3903 3905
f 3903 2118 2901
f 3386 3906 3080
f 3906 3945 3084
f 3343 3908 3907
f 3342 3344 3908
f 858 863 3909
f 3382 3081 3079
f 3911 3913 3875
f 3912 3914 3913
f 3495 3875 3913
f 3875 3874 3898
f 3401 3913 3914
f 2738 3916 3862
f 3504 3862 3916
f 3916 2738 2737
f 3915 3862 3428
f 1371 3918 3815
f 3561 3563 3918
f 3919 3918 3563
f 3918 3919 3814
f 2610 327 3786
f 3920 735 737
f 3088 2163 735
f 2762 2232 1507
f 2225 269 323
f 3863 3921 3587
f 2452 3863 1340
f 1834 2847 3921
f 3586 3587 3921
f 3922 3826 3833
f 1072 3427 1789
f 1072 3833 3425
f 2057 3123 2760
f 3923 1781 1780
f 2057 2059 3924
f 3123 3924 2628
f 2640 3337 3926
f 3925 3926 3898
f 3928 3925 3899
f 3910 3898 3926
f 2078 102 94
f 1958 3484 1029
f 1271 3541 2592
f 1276 2593 2591
f 3930 3593 2753
f 3931 3182 3593
f 1368 3931 3930
f 3227 3229 3290
f 2125 1511 3515
f 3229 3515 3603
f 1076 794 799
f 1911 1912 799
f 3933 3935 3934
f 3797 3938 3935
f 3936 3798 3935
f 3934 3935 3938
f 3938 3797 3175
f 3694 3940 3939
f 3940 3965 3880
f 3940 3694 3038
f 3356 3942 3941
f 2913 3941 3942
f 1721 1874 1873
f 2496 1390 1389
f 3943 3268 3267
f 464 1810 1347
f 2974 2976 3748
f 3748 1614 3738
f 1614 3748 2976
f 3468 1645 1643
f 745 2972 2373
f 3000 3066 3944
f 3066 3648 3816
f 1920 1918 2651
f 3945 3906 3503
f 3502 3503 3906
f 1977 1387 1736
f 1387 1977 3946
f 3947 3949 1668
f 757 1668 3949
f 748 757 3948
f 3950 4092 3949
f 2812 2814 2517
f 3780 2812 1535
f 2721 3113 3115
f 3146 2796 3951
f 3951 3282 3484
f 2796 3146 3736
f 3850 3777 3779
f 3852 3994 3775
f 3778 3866 3851
f 1603 1605 3952
f 1262 2807 2890
f 1664 1671 2474
f 1669 2474 2473
f 2010 1422 3021
f 3019 3021 1422
f 1931 3087 3719
f 3294 2958 3355
f 2955 3355 2958
f 3953 4118 3160
f 2557 2561 2601
f 3824 3695 1845
f 2805 2423 2422
f 3954 3858 2391
f 895 891 3955
f 3835 891 890
f 3956 3955 891
f 1168 689 3519
f 3955 3956 1167
f 2160 1518 2237
f 3647 3360 3957
f 3680 1228 1227
f 3121 3116 1631
f 3959 2915 3960
f 3297 3959 3958
f 3959 3297 2959
f 3958 3960 3962
f 3963 2060 1785
f 1071 1073 1784
f 2878 2879 3055
f 3879 3880 3965
f 3964 3990 3881
f 3964 3965 3967
f 3965 3940 3040
f 3939 3880 3882
f 2046 1094 1093
f 499 3318 3353
f 3923 2759 1404
f 1406 1408 1781
f 2042 2044 3794
f 1711 3794 2044
f 3802 4043 3690
f 3690 4043 2781
f 3004 3088 3920
f 3969 2221 2213
f 3968 2213 2212
f 3341 2181 2183
f 2181 3341 3340
f 2606 2607 3885
f 191 4006 3971
f 3107 641 640
f 640 642 648
f 2051 2052 3106
f 641 3107 3105
f 2646 2648 2268
f 1195 1197 2954
f 466 1694 1192
f 1695 1694 466
f 3688 2356 3946
f 2356 1385 1384
f 3686 2357 2356
f 3684 3688 1980
f 803 800 2243
f 3293 3104 2254
f 2501 2502 3643
f 3439 3646 3645
f 1528 334 332
f 971 974 3637
f 3552 3996 3973
f 3638 3973 3972
f 2742 3915 2537
f 3915 2742 2741
f 809 3969 3968
f 2524 2519 395
f 1107 1104 1591
f 2716 2719 3975
f 1003 1004 2073
f 767 787 763
f 767 768 783
f 3073 536 532
f 787 1146 2129
f 726 720 3443
f 2666 1910 3896
f 3970 3207 3345
f 2685 3523 3970
f 2914 2916 3941
f 3976 3726 3728
f 3726 3976 3750
f 3723 3726 3752
f 3976 809 3900
f 1956 2714 2713
f 1731 2269 2270
f 3494 3872 3470
f 3162 3470 3469
f 2194 3596 3214
f 3549 1903 1378
f 381 383 2681
f 3007 3738 1614
f 3866 2340 2332
f 3977 3667 3866
f 1678 1676 3585
f 3327 2882 847
f 3360 3362 3431
f 3907 3908 3048
f 2288 3194 3907
f 3233 851 3894
f 261 3978 1016
f 1058 1020 1016
f 3978 2413 1056
f 3980 3982 3981
f 1576 1577 2645
f 3983 1576 3982
f 1576 3983 1570
f 3983 3980 3984
f 3651 3985 3441
f 3660 4094 3985
f 3646 3439 2497
f 3985 1678 3440
f 2369 714 3987
f 3987 717 3952
f 717 3987 714
f 3048 3908 3344
f 3734 3958 3961
f 3296 3297 3734
f 3735 3961 3839
f 3989 3839 3961
f 3636 3637 974
f 2881 2882 3328
f 850 3236 2153
f 3101 3664 3749
f 2012 2010 3023
f 1552 3876 3881
f 3990 1556 1553
f 3876 1552 3991
f 1120 3563 3562
f 1120 1118 1746
f 3437 3584 2438
f 2846 2439 2438
f 3051 3532 3993
f 3994 1250 1249
f 3677 1031 1250
f 3996 2822 2821
f 3843 3885 2607
f 1592 1596 3997
f 1672 3004 3202
f 3975 3998 947
f 3998 3904 3999
f 3999 4100 948
f 2953 2802 2801
f 3673 4001 4000
f 1043 2174 3674
f 4001 3390 3133
f 3675 3392 4001
f 4002 4069 4003
f 4002 3041 4005
f 3219 2386 2401
f 3219 3220 2384
f 3059 351 348
f 1505 274 273
f 3844 1505 3971
f 3254 3971 4006
f 3703 1594 3349
f 3349 1475 1476
f 1475 3349 1594
f 4008 1520 4009
f 3716 3714 2463
f 3412 3413 3854
f 3461 3854 3413
f 1464 1462 3462
f 3727 2255 1260
f 1277 3541 1271
f 2734 2736 3541
f 3477 459 3064
f 459 3477 4011
f 4012 3571 460
f 4011 3476 3479
f 4013 3191 2015
f 3189 3190 4013
f 4015 4016 1359
f 4016 4136 1358
f 3634 3531 3598
f 3324 3628 2844
f 1712 1714 1715
f 2839 2844 3628
f 1647 1651 4017
f 530 4019 4018
f 529 845 4019
f 528 4018 3914
f 4020 4025 4021
f 3787 2667 4021
f 2731 4020 3883
f 2727 2731 2286
f 1680 4024 4020
f 3294 3941 2916
f 2915 3959 3295
f 3471 448 455
f 4009 1525 3452
f 1525 1524 3451
f 4023 3760 3759
f 4024 3659 4025
f 3845 3844 3254
f 3506 3917 3993
f 3532 3084 3945
f 3917 2737 3992
f 3917 3506 3505
f 882 886 374
f 2013 1915 1914
f 3249 3019 1424
f 3583 4010 1263
f 4010 3583 815
f 2830 1952 3702
f 2586 1709 1708
f 3234 3894 3897
f 3472 455 4027
f 3474 3475 4028
f 3904 3998 3291
f 3998 3975 2719
f 1764 1763 4030
f 4031 4045 4029
f 4030 1121 1477
f 4032 3934 3937
f 3178 2083 3937
f 4032 3015 3932
f 3695 3824 3825
f 3533 3785 328
f 3304 3301 4033
f 2920 1741 2701
f 2921 2701 680
f 3337 3338 3929
f 3925 3928 1825
f 3500 3435 3433
f 3737 3893 3543
f 3457 3456 2516
f 3599 298 268
f 3195 3328 2180
f 3544 2398 3465
f 955 2661 1451
f 3770 4035 4034
f 3090 1823 4035
f 4035 1820 1819
f 1036 4036 2028
f 4036 1036 1038
f 4036 3636 975
f 3128 807 806
f 3711 2937 4037
f 3730 1004 997
f 1651 2082 718
f 3836 1337 1719
f 1752 1720 4038
f 3070 3553 4040
f 4041 4033 3301
f 4042 4004 4041
f 1617 2977 2978
f 4043 4045 4044
f 4045 4043 3802
f 4045 4031 4046
f 2484 2483 2487
f 4048 4049 2487
f 4049 4051 4047
f 4051 4049 4052
f 2780 4058 4048
f 2013 4026 4053
f 1914 2484 4047
f 4026 4047 4051
f 1597 1471 1475
f 1471 1597 1473
f 3188 4056 4054
f 1596 2112 4054
f 3997 4054 4056
f 4056 3188 3189
f 4057 4064 4055
f 2018 4053 4014
f 1914 548 551
f 4058 2780 2781
f 4044 4046 4059
f 4053 4051 4050
f 2078 2076 3901
f 4057 3189 4014
f 1474 4046 4031
f 1598 3997 4055
f 4060 1473 1597
f 4049 4048 4061
f 4058 4059 4061
f 1473 4060 4063
f 4060 4055 4064
f 4050 4052 4064
f 4062 4059 4046
f 4063 4061 4059
f 4052 4061 4063
f 2425 147 146
f 4065 3617 3542
f 4065 2369 3986
f 3864 3865 2338
f 3924 1563 1562
f 1563 3924 2059
f 587 588 873
f 2376 1999 3732
f 887 883 3763
f 883 374 368
f 3742 3741 3762
f 2308 2767 2766
f 2766 2765 1485
f 628 631 3416
f 867 631 629
f 870 872 3414
f 3675 3676 516
f 518 3527 3392
f 4066 1729 1724
f 1729 4066 4068
f 4069 4066 1726
f 1076 4021 4025
f 2673 2114 2113
f 1298 2354 2351
f 343 2364 3721
f 743 745 2374
f 2841 1713 1712
f 928 930 2820
f 2819 1800 1802
f 2188 2192 3596
f 3094 2192 2191
f 2192 3094 3595
f 1857 1146 1142
f 1556 3990 4071
f 1437 1444 2148
f 3279 3274 3310
f 330 2886 3535
f 2886 2262 2261
f 962 2324 958
f 381 3567 3564
f 3887 3888 3565
f 2341 380 382
f 1948 3013 1602
f 1932 3719 3718
f 2066 3719 3087
f 1051 1052 1554
f 1557 1551 1170
f 1552 1554 1052
f 1042 2173 4072
f 4023 4072 2173
f 4007 2173 2172
f 3649 513 517
f 3579 3581 2613
f 2358 3685 3244
f 1982 1642 1641
f 1055 3517 2327
f 1425 2358 3246
f 1795 2777 4039
f 1793 1795 4040
f 824 3890 4073
f 3385 2320 4074
f 3848 3434 4074
f 3847 3430 3434
f 1231 3205 3198
f 4075 980 979
f 980 4075 3661
f 3662 1851 4076
f 749 1377 2142
f 1747 1750 3740
f 487 3740 1750
f 4038 1722 3047
f 1226 1383 2205
f 4077 1733 1725
f 1731 1733 3891
f 3813 3891 1733
f 3812 3892 3891
f 3243 4077 1730
f 2472 1805 4078
f 4079 1805 1801
f 2471 2472 2307
f 1805 4079 2768
f 2235 2238 3169
f 1852 3108 2669
f 1855 3109 3108
f 2593 1276 1275
f 4080 4076 1851
f 4081 3132 3391
f 4010 1260 1259
f 3972 4135 1348
f 3612 3606 3610
f 3610 3608 3842
f 4082 3929 3338
f 3910 3929 4082
f 4083 2571 1579
f 1445 1447 3821
f 3655 3656 983
f 4085 2500 3791
f 4084 3791 3790
f 3680 3957 3849
f 3957 3431 3847
f 3574 3091 3090
f 3216 4086 915
f 4086 2303 2199
f 4086 3216 2934
f 4012 1814 1811
f 1808 1814 4088
f 1398 2311 637
f 4042 4068 4066
f 4067 4068 4090
f 3860 4090 4068
f 3241 3580 3238
f 455 456 1344
f 4092 3950 3979
f 4083 1220 2400
f 4093 3712 1635
f 1636 3661 4075
f 3661 1636 1634
f 4000 3133 1403
f 4094 1679 1678
f 4096 1273 4097
f 3761 3310 2131
f 4093 4075 4071
f 3263 3956 3835
f 3956 3263 1166
f 2660 2615 3635
f 1742 3814 3919
f 2869 2870 3399
f 2405 2572 2571
f 1815 4113 1344
f 3529 1481 1480
f 4098 1937 1484
f 2502 4099 2246
f 2251 2246 4099
f 4018 2867 2871
f 3814 1742 3447
f 4100 3999 3904
f 1070 948 4100
f 2903 4100 3905
f 2303 4086 4087
f 2469 2471 2301
f 3950 3984 3980
f 2551 789 792
f 2475 2479 4101
f 3947 2473 3984
f 395 3869 4102
f 4103 394 396
f 3869 3868 4104
f 2208 2574 1989
f 1789 3427 3426
f 3889 3417 4105
f 3890 4105 4106
f 4105 871 4107
f 871 4105 3417
f 3417 3889 3406
f 3618 3986 1607
f 1606 1607 3986
f 168 1645 3467
f 2081 1889 1888
f 1993 2166 1923
f 2654 4110 4108
f 4107 3143 4108
f 871 866 3143
f 4110 4111 4109
f 2315 2317 3846
f 2653 2655 4110
f 2655 4125 4111
f 1284 2462 2463
f 1083 1082 1432
f 1432 1433 2758
f 4112 3912 3911
f 1489 527 4112
f 3912 4112 527
f 3895 3818 2776
f 3895 4112 4082
f 2943 2942 3172
f 2973 1560 670
f 4017 718 708
f 1199 2570 3663
f 2949 2815 2352
f 4113 1815 1807
f 2903 1075 1068
f 948 1070 3601
f 1586 1702 3358
f 1702 1703 3352
f 4091 3979 3981
f 1083 3981 3982
f 1051 1019 1020
f 1557 1171 1019
f 3657 2567 2564
f 4101 4141 1571
f 4115 3575 4116
f 3943 4115 4114
f 4114 4116 3773
f 4116 3574 3771
f 2867 4018 4019
f 3872 3494 3493
f 4119 3030 3871
f 3755 4129 3292
f 3936 4128 3755
f 3942 3319 3317
f 3321 3322 2454
f 4033 4041 4004
f 4004 4042 4069
f 2932 4033 4005
f 2942 1703 1704
f 3960 2295 1881
f 1878 3989 3962
f 1570 3983 2480
f 4109 4095 4106
f 4120 599 391
f 2967 2616 3482
f 4121 4122 1734
f 3810 1734 4122
f 4122 4121 4123
f 4079 4039 2777
f 4078 2768 2767
f 1467 3460 3462
f 3707 3762 3713
f 1105 1107 3974
f 1595 3870 3974
f 3870 3764 2708
f 888 3742 3706
f 18 2525 16
f 3241 1735 1734
f 3247 1730 1728
f 1109 2706 1872
f 3478 4125 4088
f 1159 2460 2688
f 1829 1835 2847
f 2848 1835 2749
f 3832 4120 394
f 4120 3832 4008
f 3659 4024 4094
f 1679 4094 4024
f 3528 3530 2600
f 2597 2602 4124
f 3530 556 3280
f 3281 3280 556
f 4039 4079 3069
f 2646 3683 3682
f 2161 3930 2877
f 762 3527 3526
f 4096 4111 4125
f 3839 3989 3525
f 3989 1878 1877
f 3857 4127 3554
f 4127 3857 3859
f 4126 3859 3858
f 3463 1826 3185
f 1201 1199 4076
f 1319 4129 3755
f 3292 4129 3568
f 3293 3724 3753
f 4129 1319 1320
f 10 135 3568
f 4099 2502 2500
f 1155 3977 3778
f 3512 3468 1644
f 3683 2646 3892
f 4130 4028 3475
f 4027 1344 4113
f 3092 2191 1817
f 3994 3852 694
f 1247 1250 1031
f 2521 3167 3867
f 931 933 938
f 759 766 3309
f 578 577 4028
f 2074 578 4130
f 577 583 3803
f 3787 799 1912
f 3888 3882 3698
f 4102 4104 3831
f 3794 1711 1713
f 2643 4131 3819
f 3944 3816 3819
f 4131 4085 4084
f 3691 845 843
f 3122 3231 1942
f 2107 3395 3398
f 3395 2107 4119
f 3922 1075 2902
f 4132 3674 2174
f 3012 321 1317
f 938 939 2941
f 2036 2038 3482
f 2347 2345 3669
f 999 1000 2895
f 1585 1587 3046
f 2955 2957 3045
f 1587 1588 3045
f 3449 3932 3015
f 1809 4088 4125
f 386 387 3524
f 10 1320 1316
f 1319 4128 3448
f 3996 3995 4133
f 2829 3513 3995
f 3550 4092 4091
f 3491 3494 3162
f 2327 3518 3522
f 689 3522 3518
f 4134 3373 3367
f 4016 4015 3372
f 4128 3936 3933
f 1814 4012 3479
f 4135 3972 3973
f 3966 4071 3990
f 3712 4093 3966
f 3869 395 2519
f 3549 661 655
f 2311 1398 1396
f 1798 3286 1796
f 3793 3554 4127
f 4134 4127 4126
f 4136 4016 3373
f 4034 1819 3928
f 3774 4034 3927
f 3626 1695 465
f 1778 2908 3538
f 3539 3538 2908
f 3893 3737 2060
f 4123 4089 4138
f 3558 3809 4137
f 3556 4137 4138
f 4138 4089 4090
f 1727 1729 4067
f 4121 4067 4089
f 3553 538 1799
f 3765 3630 3044
f 4006 1311 1559
f 1311 1312 1558
f 3841 2376 3733
f 3186 3825 3464
f 3909 1201 4080
f 3967 3040 3039
f 3760 4023 4007
f 4111 4096 4095
f 4095 4097 4073
f 3625 1696 1695
f 2970 729 725
f 4139 3953 3157
f 777 4139 3159
f 3792 4117 3953
f 2136 514 513
f 3977 1155 1153
f 2735 3992 2737
f 3861 3893 3963
f 4118 3773 3767
f 4117 4114 4118
f 2049 1093 1095
f 2639 2644 4131
f 2644 4099 4085
f 3764 3765 2707
f 3316 2876 2875
f 776 3792 4139
f 4117 3792 3268
f 582 573 869
f 4098 3528 4124
f 4077 3243 3242
f 864 3909 1853
f 3069 1801 1800
f 2108 3398 3397
f 3551 3552 3256
f 3211 3345 3207
f 2745 2743 3371
f 536 4133 3995
f 3073 4135 4133
f 2627 660 659
f 3784 4037 3095
f 8 7 135
f 1732 2270 4003
f 3042 4003 2270
f 4104 2237 1518
f 4140 3453 1491
f 3855 4090 3860
f 3865 1306 2919
f 2338 2919 2341
f 1798 1799 538
f 3094 3095 4037
f 1870 1865 2906
f 3211 3212 3988
f 2083 3178 3177
f 3068 1348 4135
f 2479 3696 4141
f 4141 3697 1578
f 2815 2949 3582
f 2594 4073 4097
f 1534 2319 2884
f 3030 4119 2107
f 4072 4023 4022
f 4132 4022 3670
f 4140 3670 4022
f 3570 1869 1868
f 2773 3671 3670
f 1871 1872 2706
f 4142 3126 3129
f 3372 4143 4142
f 3697 465 467
f 4115 3943 3614
f 3314 1933 1937
f 3808 4123 4137
f 2388 2811 3809
f 3931 1368 1367
f 3357 3354 3355
f 1588 3358 3357
f 3954 1358 4136
f 3322 3323 2453
f 1558 1170 1551
f 1521 3832 4103
f 3212 1751 3047
f 717 718 2082
f 4143 3372 4015
f 3576 3614 3613
f 1865 1867 1871
f 3969 809 807
f 2849 2749 2748
f 3308 3131 4081
f 2942 494 498
f 3448 3933 3932
f 3527 762 761
f 3126 4142 4143
f 2770 2772 3671
f 4070 3721 1573
f 467 343 4070
f 3991 1052 1053
f 3325 3312 1696
f 3948 3949 4092
f 642 643 646