# https://github.com/mikedh/trimesh
v -1.27411461 -0.52986670 0.65720981
v -1.24495888 -0.55870485 0.66523057
v -1.24386883 -0.50462580 0.68711025
v -1.21650624 -0.59197295 0.66050178
v -1.22874022 -0.58616173 0.62805313
v -1.21962547 -0.54259020 0.69384170
v -1.28637457 -0.55118084 0.61210644
v -1.25685549 -0.57083344 0.62212545
v -1.21234655 -0.59469229 0.60205603
v -1.24039578 -0.57855195 0.58123201
v -1.31712389 -0.52481037 0.60264057
v -1.29784608 -0.49774903 0.64761686
v -1.02393174 -0.25501525 0.76920187
v -1.04205537 -0.22006203 0.76053488
v -1.06820011 -0.27056038 0.79284376
v -1.06330180 -0.19067912 0.74227905
v -1.10470486 -0.20189120 0.77070135
v -1.00613368 -0.21144114 0.72312820
v -0.98746586 -0.24421526 0.73271269
v -1.05024540 -0.30711311 0.80106014
v -1.08571029 -0.23404463 0.78800315
v -1.11377740 -0.29003191 0.78360271
v -1.09552193 -0.32523626 0.79038644
v 0.68764019 -1.00906873 -0.40534920
v 0.69951981 -0.98227960 -0.44297612
v 0.74040616 -1.00065315 -0.38572705
v 0.76571673 -0.94369930 -0.44823819
v 0.75214994 -0.97345954 -0.41836321
v 0.71484959 -0.94735283 -0.47346979
v 0.65449625 -0.95556790 -0.43034369
v 0.67012632 -0.92096704 -0.46073389
v 0.96444029 -0.73164958 -0.46352023
v 0.95478624 -0.76870656 -0.42588466
v 0.93210912 -0.75661838 -0.48236328
v 0.99591726 -0.71063966 -0.43949455
v 0.98485523 -0.74876845 -0.40202713
v 0.94258767 -0.80287105 -0.39041847
v 0.97265631 -0.78282571 -0.36532223
v 0.96583325 -0.68856359 -0.49815279
v 0.92922777 -0.71531260 -0.51386315
v 0.89589292 -0.74187362 -0.52443105
v 0.92308223 -0.79175967 -0.44715434
v 0.89823049 -0.78294122 -0.49658006
v 0.87502670 -0.84807116 -0.43660182
v 0.88821238 -0.81670958 -0.46524256
v 0.91043454 -0.82487899 -0.41391283
v 0.90169579 -0.67457223 -0.50895619
v 0.86733681 -0.70207131 -0.52202499
v 0.93671888 -0.64759988 -0.49035740
v 0.99884254 -0.66448188 -0.47031564
v -1.35563302 -0.26204389 0.57566386
v -1.34091902 -0.22999389 0.60389525
v -1.32970572 -0.24159770 0.53192985
v -1.36525011 -0.30058968 0.60355675
v -1.34054875 -0.27229625 0.63413674
v -1.32596684 -0.31688368 0.64601189
v -1.29373741 -0.29378957 0.67121142
v -1.31251574 -0.20400475 0.63050395
v -1.30812645 -0.24892445 0.65791255
v -0.99107814 -0.32886273 0.76915091
v -1.00824142 -0.29211009 0.77249396
v -1.02959991 -0.34368944 0.79819351
v -0.97161615 -0.27947938 0.73690772
v 0.71908385 -1.04945910 -0.31954676
v 0.71481454 -1.06614387 -0.28165153
v 0.66569418 -1.05567491 -0.32463366
v 0.71056259 -1.07871866 -0.24857037
v 0.66291130 -1.06984282 -0.28185415
v 0.62464821 -1.03374588 -0.31052047
v 0.75758797 -1.04973543 -0.25830567
v 0.76404333 -1.02997434 -0.29132545
v 0.72945112 -1.02706492 -0.35217011
v 0.67558700 -1.03484726 -0.36756134
v 0.77288097 -1.00725520 -0.32330567
v 0.63042563 -1.01263118 -0.35506570
v -1.37042999 -0.32454616 0.55643606
v -1.35765815 -0.34181213 0.61613262
v -1.35009050 -0.31838119 0.50630236
v -1.35595918 -0.36270672 0.50799882
v -1.35760617 -0.28738964 0.54718149
v -1.34037447 -0.27811497 0.51371366
v -1.12341452 -0.17572753 0.75043452
v -1.13548589 -0.15335082 0.72672379
v -1.16688228 -0.18768485 0.75119072
v -1.14950752 -0.22177310 0.76356524
v -1.20953774 -0.15627427 0.70510638
v -1.20595670 -0.19925718 0.73113680
v -1.17278886 -0.15281682 0.72112882
v -1.19012666 -0.23855530 0.74380350
v -1.14546895 -0.13883300 0.67853367
v -1.08646941 -0.16678788 0.72032815
v -1.13142133 -0.25511116 0.77557844
v -1.07194734 -0.56732845 0.75694203
v -1.04408646 -0.53128660 0.76784992
v -1.10310435 -0.52615124 0.76661122
v -1.12466502 -0.48043102 0.76447111
v -1.15790796 -0.50336218 0.74239498
v -1.13469696 -0.55069089 0.74413782
v -1.06920576 -0.49548280 0.78256422
v -1.02796721 -0.46877164 0.78810710
v -1.08748341 -0.45635241 0.78422588
v -1.02639747 -0.49264681 0.77837133
v -1.27859378 -0.33530635 0.68011934
v -1.24427700 -0.31343776 0.70441663
v -1.27660823 -0.22859441 0.68370348
v -1.26085758 -0.27314198 0.69556016
v -1.20957994 -0.29333079 0.72925818
v -1.22696710 -0.25474453 0.72023535
v -1.00000882 -0.41780758 0.78209615
v -1.01327515 -0.38096517 0.78982133
v -1.04149449 -0.43457896 0.79767948
v -1.10360050 -0.41715431 0.78141886
v -1.14240885 -0.43859601 0.75951159
v -1.05830169 -0.39767307 0.79688787
v -1.17749143 -0.46030009 0.73655248
v -1.15937114 -0.40039521 0.75269991
v -1.19515085 -0.42175150 0.72878110
v -1.26480842 -0.46965027 0.67816740
v -1.31968427 -0.46327567 0.63846475
v -1.28342581 -0.43491977 0.66954041
v -1.23000813 -0.44456363 0.70442164
v -1.24728942 -0.40919912 0.69585788
v -1.21102738 -0.48187912 0.71282178
v -1.34579730 -0.49078310 0.59279174
v -1.36526322 -0.44844979 0.58339947
v -1.30084014 -0.52967316 0.54913461
v -1.32648063 -0.49443763 0.53589100
v -1.34622598 -0.45371622 0.52368104
v -1.34919405 -0.38431156 0.62266541
v -1.37339211 -0.40387154 0.57260132
v -1.33672476 -0.42489660 0.63037366
v -1.29955721 -0.39849871 0.66153169
v -1.37745786 -0.36207902 0.56410700
v -1.18941498 -0.52391171 0.71898943
v -1.27030683 -0.55721027 0.56352168
v -1.16543484 -0.57225108 0.71965480
v -1.19371939 -0.59000570 0.69151717
v -1.24254966 -0.21162836 0.70807934
v -1.18363404 -0.13672371 0.65963095
v -1.17236519 -0.27455664 0.75366253
v -1.19268322 -0.32937753 0.73768729
v -1.07670498 -0.36119580 0.79451263
v -1.12030315 -0.38014895 0.77578372
v -1.27995348 -0.18345813 0.65671116
v -1.25561762 -0.15907727 0.61015046
v -1.28730774 -0.18041329 0.58316731
v -1.31252599 -0.20855929 0.55638742
v -1.22131276 -0.14344345 0.63672638
v -1.24728012 -0.16437449 0.68368477
v -1.31325984 -0.35943419 0.65409189
v -1.15492201 -0.30948669 0.76210004
v -1.10342956 -0.59366930 0.73237729
v -1.04159606 -0.57920504 0.72476566
v -1.13485765 -0.61227554 0.70136172
v -1.06936860 -0.60155863 0.69759893
v -1.13737750 -0.34441483 0.76948804
v -1.17595696 -0.36449933 0.74555099
v -1.21183968 -0.38593072 0.72057557
v -1.22810173 -0.35053867 0.71261817
v -1.26333785 -0.37339002 0.68780673
v 0.80811155 -0.92701405 -0.41417503
v 0.79531795 -0.95520121 -0.38521135
v 0.78357404 -0.98216861 -0.35477400
v 0.73115194 -0.90981060 -0.49846774
v 0.79715770 -1.06559300 -0.05649485
v 0.76465499 -1.08250940 -0.08840915
v 0.82120872 -1.05332780 -0.09725967
v 0.76392722 -1.04453087 -0.02516405
v 0.73123944 -1.05895054 -0.05910076
v 0.85296953 -1.03515816 -0.06970567
v 0.76248741 -1.07805729 -0.15788722
v 0.79030979 -1.06841660 -0.12671588
v 0.73474514 -1.09049618 -0.12363879
v 0.80958766 -1.04369891 -0.16238074
v 0.83845794 -1.02864087 -0.13334149
v 0.73779047 -1.08512223 -0.18957907
v 0.70890886 -1.09211957 -0.15979317
v 0.70112634 -1.06915498 -0.09491485
v 0.67466521 -1.07247865 -0.13332650
v 0.82244819 -0.96157104 -0.32332689
v 0.82260555 -0.89761800 -0.44095808
v 0.78121465 -0.91240841 -0.47460788
v 0.83691567 -0.86727792 -0.46574014
v 0.79502231 -0.87874383 -0.49735236
v 0.74723899 -0.86895972 -0.51342869
v 0.81113547 -0.84763068 -0.51861882
v 0.68699151 -0.88394386 -0.48586494
v 1.07740211 -0.61807853 -0.35874569
v 1.07128382 -0.66320342 -0.35189712
v 1.05805016 -0.62734056 -0.40217417
v 1.05385160 -0.57996821 -0.34724939
v 1.09100485 -0.62022990 -0.31068128
v 1.05035615 -0.67637515 -0.38224638
v 1.02907634 -0.64374238 -0.43773776
v 1.03068447 -0.58709991 -0.39215845
v 1.06239057 -0.69724923 -0.31970114
v 1.03844571 -0.71427107 -0.34739387
v 1.01270676 -0.73086733 -0.37549943
v 1.08771443 -0.65248621 -0.32115924
v 1.08596754 -0.67208904 -0.29627305
v 1.10178685 -0.63874596 -0.27271289
v 1.08633661 -0.69593608 -0.25734043
v 1.10136771 -0.68604648 -0.19089633
v 1.08214426 -0.72191572 -0.21941204
v 1.10813117 -0.66110545 -0.23180354
v 1.05234718 -0.74964350 -0.24720313
v 1.05867267 -0.72326940 -0.28288919
v 1.02999568 -0.74516696 -0.31045610
v 1.02136779 -0.77339262 -0.27531195
v 1.09351897 -0.71376342 -0.15235823
v 1.04317904 -0.77691227 -0.21304786
v 0.91670579 -0.98647565 -0.02626346
v 0.90130252 -0.99820095 0.01523627
v 0.88578719 -1.01355481 -0.04570983
v 0.89925915 -0.98783487 -0.08285686
v 0.86869895 -1.00996768 -0.10644096
v 0.93031496 -0.96347076 -0.06058708
v 0.96079952 -0.93793184 -0.03821713
v 0.94541520 -0.95810670 -0.00868020
v 0.92949432 -0.96351999 0.02606443
v 0.91390634 -0.96126431 -0.11592633
v 0.88312674 -0.98259658 -0.14115259
v 0.86867779 -1.02900195 -0.00097750
v 0.83203381 -1.04905450 -0.02636691
v 0.83427024 -1.00244403 0.02910360
v 0.79871279 -1.02618647 0.00498534
v 0.90152943 -0.93830115 0.05778164
v 0.86855870 -0.97283953 0.04693109
v 0.80175936 -1.01043081 -0.26064205
v 0.81159818 -0.98685700 -0.29262203
v 0.78093189 -1.05566108 -0.19293986
v 0.75124282 -1.06767595 -0.22354847
v 0.79247832 -1.03327703 -0.22747268
v 0.82344681 -1.01777530 -0.19672933
v 0.83514655 -0.99244159 -0.23011240
v 1.02464652 -0.69191021 -0.41163296
v 1.00243902 -0.60189229 -0.43149126
v 0.86241728 -0.80363137 -0.51121497
v 0.86366326 -0.76329488 -0.53011078
v 0.85107893 -0.83627087 -0.48854434
v 0.71245164 -1.08799922 -0.21203475
v 0.68801373 -1.08917260 -0.19633710
v 1.02913380 -0.86730355 0.01214878
v 0.99826831 -0.89704865 0.03220507
v 1.00739503 -0.89000100 -0.03055758
v 0.97698289 -0.91329211 -0.06355603
v 0.98863417 -0.91298217 -0.00929680
v 0.95949942 -0.92804664 0.03479956
v 0.96768957 -0.93610090 0.00671832
v 0.97006303 -0.86545163 0.05627259
v 1.04991150 -0.83580822 -0.01502507
v 1.02493501 -0.86309522 -0.05641493
v 1.00090837 -0.83071285 0.03845653
v 1.02569890 -0.79702157 0.01402557
v 0.99279815 -0.88714403 -0.09038106
v 1.00769162 -0.86021131 -0.11920730
v 0.82419717 -0.81534666 -0.53338677
v 0.83098006 -0.77915221 -0.53356767
v 0.80574197 -0.76005810 -0.53162950
v 0.78370374 -0.79494625 -0.53133905
v 0.83430058 -0.72936457 -0.52887160
v 0.97092313 -0.62227780 -0.46500975
v 0.64065391 -0.98637098 -0.39514363
v 0.67113638 -1.08148229 -0.23912649
v 0.65158117 -1.07197642 -0.17382456
v 1.06478143 -0.77778882 -0.14876866
v 1.07374048 -0.74921018 -0.18328150
v 1.08854437 -0.74398607 -0.11527426
v 1.07032800 -0.70221859 -0.08725810
v 1.03307152 -0.80483621 -0.18035288
v 1.08362937 -0.64521503 -0.16689312
v 1.08574581 -0.62074769 -0.20992553
v 1.07138252 -0.58398640 -0.29852498
v 1.08181930 -0.59948391 -0.25352830
v 0.84654695 -0.96715301 -0.26224583
v 0.63410187 -1.06507337 -0.21791758
v 0.62497872 -1.05159521 -0.26411313
v 0.86098415 -0.87825209 -0.40972340
v 0.89676923 -0.85605007 -0.38298643
v 0.92965490 -0.83468992 -0.35734463
v 0.88325679 -0.88580745 -0.35330671
v 0.91680968 -0.86487454 -0.32598913
v 0.96065897 -0.81445181 -0.33111966
v 0.76531053 -0.83160752 -0.52631313
v 0.94506627 -0.93759471 -0.09080134
v 0.92842621 -0.93396705 -0.14695820
v 1.01138806 -0.80145448 -0.24220301
v 0.97985381 -0.82361281 -0.27088574
v 1.00156784 -0.76417750 -0.33850551
v 0.99097604 -0.79456645 -0.30367452
v 0.94862479 -0.84441286 -0.29874772
v 0.96807462 -0.85192269 -0.23935674
v 1.00028586 -0.82927912 -0.21041502
v 0.93626040 -0.87318200 -0.26741016
v 1.03983283 -0.83494133 -0.08531156
v 1.06444812 -0.80459654 -0.04638461
v 1.04410529 -0.76424664 -0.01668087
v 1.08140588 -0.77467209 -0.07866885
v 1.05354643 -0.80601496 -0.11582004
v 0.84708804 -0.90699953 -0.38226026
v 0.83430833 -0.93487793 -0.35332155
v 0.85313976 -1.00139892 -0.16780059
v 0.89728665 -0.95529169 -0.17357667
v 0.86644864 -0.97447842 -0.20108068
v 0.87912697 -0.94797045 -0.23318908
v 0.92361039 -0.90098721 -0.23642385
v 0.91061974 -0.92824847 -0.20529428
v 0.89151490 -0.92122048 -0.26454711
v 0.96037990 -0.91111308 -0.11983608
v 0.97462350 -0.88418597 -0.14940518
v 0.94224650 -0.90691954 -0.17766397
v 1.02104259 -0.83252376 -0.14914286
v 0.85817158 -0.94115275 -0.29331219
v 0.95553261 -0.87963027 -0.20834345
v 0.98789757 -0.85682315 -0.17956372
v 0.90405720 -0.89363676 -0.29533726
v 0.87037873 -0.91411430 -0.32366860
v -1.18728971 -0.60735577 0.63010448
v 0.70539093 -0.84503978 -0.50411451
v -1.16248202 -0.61529708 0.66402912
v -1.09934020 -0.61447769 0.66582578
v -1.35500503 -0.40848696 0.51413870
v 1.07753706 -0.67257875 -0.12600243
v -0.71571940 -0.15801261 -0.35063386
v -0.76037854 -0.14197819 -0.29523575
v -0.75961936 -0.12813862 -0.39645737
v -0.71582770 -0.16911091 -0.25463432
v -0.70208257 -0.13642286 -0.44858044
v -0.73828304 -0.09575973 -0.49515486
v -0.85121518 -0.07657696 -0.38065952
v -0.80204099 -0.09232350 -0.44250709
v -0.80626500 -0.11210041 -0.33755660
v -0.89087129 -0.05636187 -0.31442034
v -0.84329408 -0.09119196 -0.27506196
v 0.15907043 1.23651469 -0.71106464
v 0.13919437 1.32197499 -0.67828339
v 0.22037655 1.25472128 -0.65556884
v 0.16832066 1.41345382 -0.57759511
v 0.19746253 1.34003258 -0.62181157
v 0.11436763 1.39670479 -0.63490772
v 0.07482104 1.29786837 -0.71917981
v 0.05460310 1.37278235 -0.67802453
v 0.23793530 1.16172612 -0.67810911
v 0.24801800 1.34971583 -0.54977232
v 0.27328500 1.26679480 -0.58349538
v -1.10739303 0.53252256 0.46076506
v -1.13791299 0.47442257 0.38082576
v -1.05912232 0.46267891 0.48468029
v -1.07066631 0.59189457 0.54005396
v -1.14955711 0.60239178 0.43051136
v -1.02213204 0.52179581 0.56499130
v -1.08957291 0.40557772 0.40372521
v -1.00600743 0.39390969 0.50124443
v -1.16283965 0.41733009 0.30138248
v -0.15325546 1.62729812 0.17122883
v -0.21046144 1.62026191 0.22171085
v -0.11699966 1.60439682 0.22785784
v -0.17355072 1.59690738 0.27926505
v -0.07882202 1.57801998 0.28185350
v -0.19180787 1.55974805 0.38585830
v -0.13374811 1.57103586 0.33469397
v -0.23217776 1.58532810 0.32900393
v -0.04153816 1.54253852 0.32744473
v -0.26925752 1.60849333 0.27047664
v 0.95625108 0.57902575 -0.64505166
v 0.91496146 0.64110875 -0.66804367
v 1.00192523 0.61191756 -0.64176780
v 1.03778696 0.55777055 -0.60348749
v 0.99310428 0.52333140 -0.60546499
v 0.90887010 0.54626191 -0.64866555
v 0.97483855 0.44692904 -0.55222279
v 0.94758922 0.48819834 -0.60835433
v 1.01822066 0.48370159 -0.55032003
v 1.06112313 0.51916885 -0.54860389
v 1.00715566 0.70342982 -0.66076803
v 1.04651523 0.64515269 -0.63880432
v 0.96178955 0.67175150 -0.66435111
v 0.32584307 -0.29893768 -0.40974981
v 0.37193003 -0.25525790 -0.39231443
v 0.39680389 -0.33402216 -0.40117288
v 0.48838460 -0.33615541 -0.38685858
v 0.45243388 -0.36968529 -0.40279782
v 0.43597341 -0.30030173 -0.38481671
v 0.30449447 -0.23222066 -0.41361099
v 0.35223880 -0.20565785 -0.39448327
v 0.44001204 -0.23955013 -0.36182070
v 0.41012260 -0.20085196 -0.36440390
v -0.88381135 -0.14326321 0.57757711
v -0.90793234 -0.12477310 0.55549169
v -0.92341447 -0.15669321 0.60684663
v -0.84046668 -0.12727146 0.55290854
v -0.86487710 -0.11055239 0.52758437
v -0.89238465 -0.09972884 0.50047159
v -0.81891316 -0.15021177 0.57372701
v -0.90241671 -0.18212141 0.62300968
v -0.86251765 -0.16780703 0.59611297
v -0.06430803 0.31991637 0.75337374
v -0.13758361 0.26015595 0.75512761
v -0.04023204 0.26237804 0.71229494
v 0.02844212 0.32013041 0.69628245
v 0.04794871 0.26569870 0.65283990
v -0.18673824 0.14879149 0.70605600
v -0.11233562 0.20400423 0.71516764
v -0.21243012 0.20239882 0.74318576
v -0.01878948 0.20918207 0.66984177
v -0.58756065 -0.46208054 0.51172608
v -0.54035622 -0.45294750 0.49864465
v -0.57150722 -0.41647804 0.54026657
v -0.63452566 -0.47050780 0.52371252
v -0.62046856 -0.42557669 0.55027926
v -0.50832105 -0.35541123 0.55262816
v -0.55928260 -0.36693257 0.56344169
v -0.52262270 -0.40610546 0.52795464
v -0.49732989 -0.30234885 0.57205498
v -0.55171669 -0.31459188 0.57955682
v -0.60494828 -0.32836872 0.58656532
v -0.61076933 -0.37795943 0.57159656
v -0.47388291 -0.39549714 0.51424575
v -0.49336350 -0.44322562 0.48398882
v 0.56135595 -1.00061965 -0.23083380
v 0.57210773 -1.01272309 -0.18348977
v 0.53173989 -0.97404867 -0.21498902
v 0.52644938 -0.95714527 -0.26209408
v 0.55813134 -0.98222047 -0.27752799
v 0.59203076 -1.02675974 -0.24722663
v 0.49576670 -0.93141347 -0.24684374
v -0.77852458 0.30254710 -0.75237316
v -0.86386567 0.30935001 -0.71288890
v -0.78393251 0.36696976 -0.77337027
v -0.95327872 0.38373536 -0.68963444
v -0.86914235 0.37487113 -0.73309821
v -0.94814402 0.31656414 -0.66906148
v -0.87306112 0.44166368 -0.75317097
v -0.78796750 0.43331325 -0.79305905
v -0.70123345 0.35921031 -0.81627405
v -0.79036492 0.50167632 -0.81120890
v -0.21862753 -0.58427107 -0.07139547
v -0.26394796 -0.57589895 -0.05247181
v -0.24025692 -0.56318623 -0.12227635
v -0.19253166 -0.57109129 -0.13972992
v -0.19343983 -0.59358931 -0.01787280
v -0.23774213 -0.58601153 0.00043165
v -0.14819597 -0.60147566 -0.03466626
v -0.17209744 -0.59223223 -0.08822504
v -0.16529213 -0.59204346 0.03585158
v -0.20876734 -0.58425611 0.05393454
v -0.12474418 -0.60010958 -0.10422818
v -0.59067422 1.22699296 -0.73710102
v -0.52554649 1.22198379 -0.74229419
v -0.59351397 1.16422820 -0.75864935
v -0.52439940 1.28369784 -0.71992224
v -0.52831894 1.09750092 -0.78413445
v -0.59655052 1.10186815 -0.78039461
v -0.52696103 1.15973568 -0.76321453
v -0.65572065 1.23257220 -0.72637212
v -0.66005224 1.16943121 -0.74880821
v -0.46085826 1.09388661 -0.78464055
v -0.46119973 1.15609229 -0.76488978
v -0.92588902 0.80081302 -0.77229500
v -0.91249663 0.86839581 -0.76811844
v -0.85376167 0.79300183 -0.81212234
v -0.84233755 0.86135817 -0.80483139
v -0.77596021 0.78666055 -0.84177667
v -0.83074117 0.92741126 -0.79225445
v 0.10731979 1.12509108 -0.77105331
v 0.09169376 1.21406126 -0.75028139
v 0.17544858 1.14385200 -0.73247963
v -0.45012626 1.55376351 0.40192980
v -0.51273334 1.52585840 0.43654460
v -0.41583383 1.52694762 0.46198189
v -0.38901910 1.57572901 0.36159652
v -0.48136348 1.58125567 0.34369057
v -0.48054838 1.49686921 0.49688238
v -0.37814280 1.49757934 0.52122384
v -0.31406289 1.52324772 0.47972560
v -0.35318950 1.55105639 0.42144346
v -0.51507509 1.42902601 0.58748430
v -0.44500846 1.46693587 0.55823135
v -0.54807389 1.46041608 0.52491516
v 0.46289736 0.00823817 -0.33214182
v 0.43035442 0.01010591 -0.40555215
v 0.47830969 0.04441543 -0.36226177
v 0.42042959 -0.03094965 -0.37599778
v 0.37678158 -0.02515501 -0.43439162
v 0.45548695 -0.03097793 -0.30986261
v 0.41963920 -0.07289118 -0.35326022
v 0.48495680 0.01111645 -0.24979438
v 0.46262276 0.78901982 0.07196648
v 0.48365873 0.74372476 0.05153497
v 0.48004937 0.80800927 -0.00756222
v 0.50186908 0.70213675 0.03444970
v 0.50274515 0.76576877 -0.02618133
v 0.47506803 0.66954094 0.10206468
v 0.51131314 0.78381640 -0.10699593
v 0.48702651 0.82219207 -0.09142391
v 0.44006258 0.83868402 0.09283987
v 0.45711547 0.85576880 0.01137103
v 0.53736740 0.75423360 -0.12073253
v 0.52371800 0.73094392 -0.03914945
v -0.41393483 0.95698571 0.90242666
v -0.33567929 1.00380468 0.86620671
v -0.45564035 1.02764773 0.89250422
v -0.54247820 0.97468036 0.90899223
v -0.49513572 1.09574425 0.87441945
v -0.58591974 1.04147041 0.88576651
v -0.63098943 0.91371876 0.90266263
v -0.67589587 0.98122454 0.87829405
v -0.62532228 1.10345781 0.85089952
v -0.41090611 1.14210582 0.84471023
v -0.37438360 1.07372224 0.85838544
v -0.26277950 0.09926393 0.68813431
v -0.16303396 0.10049208 0.67005706
v -0.14063697 0.05632627 0.63485515
v -0.06645054 0.10805736 0.63549525
v -0.24051899 0.05467813 0.65928286
v -0.31988040 0.01818447 0.64459229
v -0.21935128 0.01140051 0.62961942
v -0.34008104 0.05657157 0.66277921
v -0.26447743 -0.20805775 0.52913946
v -0.32032678 -0.21351068 0.54809660
v -0.28671026 -0.26352149 0.50988871
v -0.38982832 -0.27846265 0.54747170
v -0.33746320 -0.26910102 0.52983385
v -0.37729269 -0.22347848 0.56415874
v -0.30476913 -0.15972497 0.56604481
v -0.36806902 -0.17118050 0.57951254
v -0.23713094 -0.26264811 0.48841590
v -0.26253107 -0.31679940 0.46724296
v -0.35747617 -0.32482648 0.50785899
v -0.30955473 -0.31891316 0.48795104
v 0.54972988 -0.88242012 0.04897315
v 0.52042699 -0.89560682 0.01107147
v 0.58006513 -0.91233164 0.03420166
v 0.55088860 -0.92473847 -0.00388423
v 0.61035079 -0.94110507 0.01807631
v 0.49422568 -0.90369123 -0.03063652
v 0.48947847 -0.86577350 0.02520750
v 0.61195976 -0.89474589 0.06748792
v 0.64215684 -0.92418283 0.05141424
v 0.94038910 0.85341889 -0.17031729
v 0.90058321 0.89205062 -0.19310558
v 0.89830017 0.81703490 -0.17522566
v 0.82444912 0.88672125 -0.23360083
v 0.85965890 0.85500914 -0.19806437
v 0.86446202 0.92279351 -0.23014191
v 0.82109076 0.82355446 -0.19857189
v 0.85864067 0.78530556 -0.17592870
v 0.90839684 0.96385068 -0.22750463
v 0.87373608 0.98325253 -0.27566886
v 0.83227843 0.94535172 -0.27797586
v 0.94703752 0.93291879 -0.19169074
v 0.85112393 -0.74250782 0.12589392
v 0.87927699 -0.70463276 0.10767820
v 0.82196534 -0.71207839 0.14248864
v 0.85028970 -0.67404664 0.12416707
v 0.87354183 -0.63741606 0.09776713
v 0.82134044 -0.64258277 0.14133811
v 0.79263812 -0.68090153 0.15987086
v 0.90295804 -0.66800982 0.08222017
v 0.81786031 -0.77975851 0.13237995
v 0.78844905 -0.74952936 0.14886121
v 0.84690028 -0.80968243 0.11543527
v 0.88030607 -0.77246177 0.10914369
v -0.42133221 0.16256778 -0.81327480
v -0.50883067 0.16575508 -0.79516250
v -0.43269014 0.21711409 -0.85849428
v -0.40878350 0.10919365 -0.77028453
v -0.49561396 0.11209850 -0.75522888
v -0.32037348 0.10800960 -0.77743608
v -0.33117124 0.16309303 -0.82001436
v -0.48113942 0.05855665 -0.71711093
v -0.34041297 0.22030450 -0.86322129
v -0.94937539 1.25233638 -0.58931017
v -0.89756674 1.25183547 -0.62617111
v -0.95913082 1.19027734 -0.61480469
v -0.88914704 1.31485903 -0.59687084
v -0.83333093 1.31152022 -0.62976003
v -0.84141815 1.24837649 -0.65839982
v -0.90704131 1.18849492 -0.65140301
v -0.93371451 1.37406158 -0.52371264
v -0.88045996 1.37545514 -0.56214398
v -0.94125479 1.31399059 -0.55885410
v -0.82490617 1.37300014 -0.59657806
v 0.39749470 1.13103914 -0.10960720
v 0.37664029 1.19918811 -0.09279536
v 0.38840356 1.10878348 -0.01337150
v 0.41546741 1.06170368 -0.12541792
v 0.40718293 1.04412818 -0.02814417
v 0.39154586 1.02545524 0.06147935
v 0.36855608 1.17297852 0.00142265
v 0.34820634 1.23472524 0.01657572
v 0.35075194 1.14818573 0.08899580
v 0.35376075 1.26353645 -0.07442372
v 0.37112495 1.08695829 0.07558111
v -0.84510791 -0.08473738 0.47542775
v -0.76740879 -0.07534705 0.49358910
v -0.79362315 -0.06966342 0.45817930
v -0.81831485 -0.09321682 0.50631720
v -0.79366642 -0.10839199 0.53459370
v -0.92256588 -0.09523703 0.47182649
v -0.87557036 -0.08208556 0.44314164
v 0.59013009 -1.00815749 -0.29381812
v 0.60247731 -1.03928900 -0.19997196
v 0.59420657 -0.98565930 -0.33841747
v 0.56047004 -0.95965987 -0.32227391
v -0.70435363 0.42627943 -0.83372027
v -0.38015264 0.00263534 -0.69095850
v -0.29502130 0.00203340 -0.69432211
v -0.36352074 -0.04537685 -0.64786130
v -0.26508206 -0.08185841 -0.59779590
v -0.34487283 -0.08567394 -0.59916180
v -0.28074700 -0.04265533 -0.64711183
v -0.19992594 -0.04022811 -0.64039934
v -0.30813706 0.05344172 -0.73692471
v -0.21154462 0.00410821 -0.68844658
v 0.08544159 1.45891786 -0.58297360
v 0.05139279 1.50708199 -0.52455842
v 0.13446985 1.47348857 -0.52548778
v 0.00251897 1.48772943 -0.57126951
v 0.13469681 1.52044332 -0.40254569
v 0.17735128 1.47779703 -0.45738518
v 0.09529227 1.51864541 -0.46767861
v 0.08918719 1.55052197 -0.34565747
v 0.05230045 1.55062878 -0.40699619
v 0.01284963 1.54259312 -0.46250600
v -1.02755463 1.40571725 -0.39411104
v -0.97779846 1.42365384 -0.44191217
v -1.03248966 1.35283053 -0.43337572
v -0.98990428 1.30923808 -0.51685131
v -0.98460346 1.36749542 -0.48103863
v -1.03546357 1.29944336 -0.47005737
v -1.07280970 1.37549400 -0.34145159
v -1.01732934 1.45515537 -0.35018402
v -0.96722788 1.47618377 -0.39872301
v -1.07746339 1.32725096 -0.38145816
v -0.80546600 -0.04070117 0.22233392
v -0.79341322 -0.00293383 0.27279526
v -0.83484751 0.00555369 0.20378815
v -0.78587729 -0.04246733 0.28700531
v -0.83318478 -0.10214435 0.21255876
v -0.80942029 -0.06909689 0.24230255
v -0.81540680 -0.08270179 0.18443139
v -0.82731104 -0.04724054 0.14340314
v -0.81055504 -0.11096017 0.08563142
v -0.80969286 -0.15117644 0.09183781
v -0.81511462 -0.11179312 0.12971568
v -0.82441753 -0.15623672 0.12131645
v -0.82957715 -0.12360437 0.16322538
v -0.09896733 1.62794757 0.11935240
v -0.06415212 1.60615718 0.17479211
v -0.04878688 1.61883700 0.06785414
v -0.01563441 1.59982777 0.12133431
v -0.02922708 1.57979929 0.22757716
v 0.57812315 0.22606489 -0.57312834
v 0.52596051 0.27865118 -0.63249981
v 0.62592655 0.26804417 -0.59195924
v 0.57397592 0.32817227 -0.64893401
v 0.63095367 0.37039649 -0.65625668
v 0.51179826 0.39414871 -0.68581206
v 0.57642984 0.44271237 -0.68880767
v 0.46387249 0.33707589 -0.67238730
v 0.66388577 0.22929516 -0.51928401
v 0.48607886 0.22429380 -0.60854286
v 0.67983431 0.30870393 -0.60428834
v 0.80614495 0.48011470 -0.65770030
v 0.85905963 0.51348758 -0.65337032
v 0.84779733 0.41888782 -0.61330718
v 0.89965612 0.45302981 -0.61199403
v 0.87884676 0.37505352 -0.55405104
v 0.79240507 0.38493371 -0.61441284
v 0.82601595 0.34007627 -0.55195755
v 0.86564273 0.61166102 -0.66965151
v 0.05061501 0.68285304 0.76059270
v -0.01591347 0.63246161 0.79779440
v 0.08445346 0.61624086 0.74003112
v -0.05060519 0.50795048 0.80428529
v 0.01865575 0.56512195 0.77693069
v -0.08561833 0.57697666 0.82748854
v -0.01981043 0.44215482 0.77436787
v 0.04843070 0.49933285 0.74781692
v -0.05511618 0.70102936 0.81203622
v -0.12455124 0.64667994 0.84477687
v -0.19639219 0.58801603 0.86926430
v 0.47956938 -0.62270325 -0.43373317
v 0.51788574 -0.65035123 -0.44680399
v 0.45683777 -0.66343212 -0.41861808
v 0.49390423 -0.69036436 -0.43219835
v 0.43761194 -0.70283669 -0.39589566
v 0.53062689 -0.71666723 -0.44374067
v 0.47385532 -0.72920775 -0.40903175
v 0.46332127 -0.55311221 -0.43102789
v 0.50463015 -0.58199376 -0.44299161
v 0.43965650 -0.59485483 -0.42143589
v 0.41874704 -0.63621014 -0.40520298
v -0.06218356 1.29951108 0.59953094
v -0.00653879 1.32038403 0.53923649
v -0.09692542 1.35775948 0.58314478
v 0.01101453 1.39102852 0.46383399
v -0.04117835 1.37615669 0.52397221
v 0.04533744 1.33770812 0.47655416
v 0.07835093 1.28297961 0.48366082
v 0.02659551 1.26284122 0.54790372
v -0.02911894 1.23919046 0.60937089
v -0.13330683 1.41323900 0.55924511
v -0.02364282 1.44252992 0.44399989
v -0.07687736 1.42980397 0.50210983
v -0.74107563 -0.52181154 0.51797533
v -0.78202093 -0.52877533 0.53399682
v -0.76157385 -0.55245697 0.48339611
v -0.76761228 -0.49333501 0.56227791
v -0.69851029 -0.51452297 0.50322104
v -0.71973014 -0.54592705 0.46730745
v -0.74470526 -0.56889033 0.42771345
v -0.82664376 -0.57728004 0.46308941
v -0.78651518 -0.57275265 0.44455200
v -0.80200785 -0.55761987 0.50042713
v -0.84055585 -0.56302494 0.51944965
v -0.82092404 -0.53536475 0.55146086
v 0.27218613 0.39924976 0.44080585
v 0.26548442 0.45470071 0.48874104
v 0.22830498 0.35864961 0.49333799
v 0.31217834 0.43740749 0.38327324
v 0.30697334 0.49341017 0.42895794
v 0.16707607 0.36782116 0.58734667
v 0.17973451 0.31498924 0.53940320
v 0.21903989 0.41300291 0.54210693
v 0.27738422 0.34772599 0.39318323
v 0.23637220 0.30877286 0.44463700
v 0.19167262 0.26724711 0.49112773
v 0.63087094 -0.89396268 -0.44634849
v 0.64780480 -0.85781878 -0.47317177
v -0.24636489 0.22689037 -0.85289949
v -0.25079030 0.29313052 -0.87806261
v -0.34546500 0.28493834 -0.89534479
v -0.25437129 0.36268207 -0.89174116
v -0.44292837 0.35010403 -0.91717231
v -0.34846032 0.35610378 -0.90994972
v -0.44015950 0.27833742 -0.89806533
v -0.15313458 0.23275796 -0.83302742
v -0.23986898 0.16623911 -0.81615132
v -0.15744011 0.29961854 -0.85389441
v 0.68508869 0.21445259 -0.43924153
v 0.73802495 0.24835524 -0.45831376
v 0.71739149 0.26621771 -0.53549153
v 0.79128385 0.28427637 -0.47130233
v 0.10349528 0.37023300 -0.76057374
v 0.01536579 0.37305796 -0.79775554
v 0.10457025 0.43726790 -0.77719122
v 0.18154223 0.29444653 -0.70870674
v 0.09968811 0.30338764 -0.74009919
v 0.19178480 0.36248222 -0.72873771
v 0.19876018 0.43149573 -0.74428731
v 0.01253115 0.44021523 -0.81266803
v -0.07693785 0.44012964 -0.84691042
v 0.00586443 0.50751400 -0.82471269
v -0.07212999 0.37182710 -0.83520907
v 0.09864256 0.50504678 -0.79218614
v -0.51903808 0.21737891 0.72150689
v -0.57582188 0.16709164 0.65623248
v -0.48445365 0.15707350 0.68831801
v -0.45744303 0.10233469 0.66080225
v -0.38743344 0.15097907 0.71130508
v -0.45412013 0.27210927 0.77713782
v -0.41892132 0.20861916 0.74303114
v -0.55889952 0.28140390 0.75366300
v -0.61616123 0.22786413 0.68853915
v -0.34858298 0.26381171 0.78593242
v -0.31559485 0.20357832 0.75245255
v -0.07620769 -0.60818338 -0.11830839
v -0.09430134 -0.58884323 -0.17021093
v -0.05480643 -0.61755228 -0.06497774
v -0.10193734 -0.60986161 -0.05067348
v -0.14409149 -0.57990849 -0.15596408
v -0.00755963 -0.62629950 -0.07800093
v -0.02699179 -0.61601108 -0.13061716
v -0.03067318 -0.61893338 -0.01199395
v -0.07601704 -0.60917580 0.00258052
v -0.12247270 0.44722158 0.82323861
v -0.19772513 0.38501251 0.82785118
v -0.09177010 0.38181686 0.79116458
v -0.15744245 0.51642334 0.84885055
v -0.23203802 0.45370513 0.85723031
v -0.24237770 0.26076007 0.78000790
v -0.16616914 0.32068056 0.79302227
v -0.27409974 0.32317966 0.81507057
v -0.30824107 0.39114964 0.84645414
v -0.38312081 0.33027053 0.81952006
v 0.75861073 -0.71869397 0.16573367
v 0.78241223 -0.81522250 0.12991302
v 0.75281602 -0.78519404 0.14652732
v 0.72279388 -0.75471032 0.16359185
v 0.74631780 -0.84831089 0.12025513
v 0.71653885 -0.81834781 0.13698463
v 0.43329987 -0.21728690 0.31633151
v 0.39445111 -0.18882091 0.33535957
v 0.40563038 -0.25659162 0.33833218
v 0.44336617 -0.28577006 0.31745440
v 0.41304952 -0.32667190 0.33040559
v 0.47096050 -0.24637772 0.29557961
v 0.32635495 -0.20056094 0.37315828
v 0.36658534 -0.22816513 0.35692960
v 0.35422367 -0.16152065 0.35141730
v 0.29632583 -0.24192069 0.38374639
v 0.33648360 -0.26949662 0.36844397
v 0.37524113 -0.29779494 0.35021162
v -1.14133930 -0.33522600 0.28425992
v -1.13897514 -0.38238150 0.28888088
v -1.18388605 -0.34087503 0.31453490
v -1.13056040 -0.42771757 0.29951656
v -1.18028855 -0.38788432 0.31894779
v -1.09199524 -0.28169912 0.25541109
v -1.09758544 -0.32933348 0.25379372
v -1.13654470 -0.28795439 0.28690159
v -1.17873383 -0.29408187 0.31913829
v -1.22329378 -0.34627777 0.34659058
v -1.25103831 0.93655849 -0.18224375
v -1.25199413 0.89058566 -0.24739251
v -1.27147245 0.87126684 -0.14483285
v -1.22945237 1.00026119 -0.21742238
v -1.22939897 0.95431697 -0.27915180
v -1.24570346 0.84721053 -0.31543821
v -1.22312045 0.91044974 -0.34294564
v -1.20589113 1.01642597 -0.30788898
v -1.19978929 0.97080255 -0.36699909
v -1.22498608 1.04692745 -0.15781507
v -1.24488473 0.98311812 -0.11817914
v -1.26281500 0.91846085 -0.07817204
v 0.12403376 1.54113805 -0.01059036
v 0.15092917 1.52096415 0.04550346
v 0.16963257 1.51532280 -0.04188362
v 0.24526805 1.43240762 0.07399707
v 0.23510277 1.45966268 0.00111485
v 0.20984599 1.46790743 0.08685921
v 0.14045157 1.53536057 -0.10496838
v 0.09336747 1.55811608 -0.06711059
v 0.07679743 1.56472898 0.02553482
v 0.04520869 1.57942986 -0.02636553
v 0.10265136 1.54624045 0.07505916
v 0.21283492 1.48518455 -0.06997260
v 0.19500628 1.49294662 0.02126236
v -0.40689301 -0.33330542 0.52515489
v -0.45708004 -0.34444255 0.54064167
v -0.42565620 -0.38576633 0.49873698
v -0.44322386 -0.29035836 0.56142062
v -0.37849960 -0.37767279 0.48116934
v 0.67433184 -0.23966046 0.06691327
v 0.67765331 -0.21528263 0.01806803
v 0.64255619 -0.20802830 0.08343035
v 0.70579499 -0.27314568 0.05117626
v 0.70910585 -0.24784164 0.00345160
v 0.66480291 -0.26855147 0.11120163
v 0.61113638 -0.17746271 0.10117006
v 0.63290858 -0.23602398 0.12880458
v 0.61630446 -0.15458517 0.05059911
v 0.64605957 -0.18491359 0.03338611
v -0.59618127 1.61054862 0.26858848
v -0.53961027 1.63343167 0.23190595
v -0.62370545 1.63278592 0.21348567
v -0.48251480 1.65118265 0.19105831
v -0.56890714 1.65371883 0.17600992
v -0.45232829 1.62813258 0.24711148
v -0.59925830 1.66912580 0.11926439
v -0.65208530 1.64859676 0.15657963
v -0.67708033 1.60560250 0.24626152
v -1.04570794 1.18972087 -0.52784330
v -1.08605886 1.17948878 -0.47789329
v -1.03921509 1.24452889 -0.50257957
v -1.00474930 1.18916428 -0.57345772
v -0.99655443 1.24972749 -0.54800570
v -1.08197808 1.22767389 -0.45265776
v -1.12556791 1.14251316 -0.43180978
v -1.12216711 1.19075274 -0.40558070
v 0.42593935 0.98117250 -0.04310307
v 0.44512659 0.92203814 -0.05903257
v 0.43205136 0.99437582 -0.13979307
v 0.46510285 0.86853558 -0.07536387
v 0.44857913 0.93193388 -0.15433975
v 0.43467039 0.90852815 0.02948010
v 0.39269662 0.94838047 0.12930757
v 0.41650817 0.89200324 0.11212319
v 0.41274223 0.96547514 0.04614879
v 1.11353040 0.53226280 -0.48402679
v 1.10362291 0.55456793 -0.54566252
v 1.15456843 0.56871754 -0.48035640
v 1.10931396 0.52824187 -0.42082310
v 1.07127094 0.49799722 -0.48592132
v 1.14521813 0.59102523 -0.54132777
v 1.18701887 0.62757504 -0.53569967
v 1.14967728 0.56346935 -0.41769040
v 0.61259037 -0.83167690 -0.45917279
v 0.57842857 -0.80611271 -0.44611037
v 0.63341260 -0.79394484 -0.47971010
v 0.62439924 -0.72998542 -0.48115695
v 0.65728879 -0.75569087 -0.49311250
v 0.60001862 -0.76830256 -0.46690959
v 0.66793585 -0.81969470 -0.49241263
v 0.16223377 1.10672951 0.47773796
v 0.13584056 1.16693187 0.48314285
v 0.11683173 1.08157921 0.54799044
v 0.10836971 1.22600877 0.48593903
v 0.08696465 1.14261067 0.55052418
v 0.19109526 1.04644561 0.47133559
v 0.20294961 1.12854064 0.40548867
v 0.03311136 1.11501539 0.61446679
v 0.06612740 1.05292153 0.61451346
v 0.15002382 1.02098298 0.54448825
v 0.48903215 -0.52782863 0.25909811
v 0.52318263 -0.48955882 0.26248759
v 0.45417309 -0.49765241 0.27543026
v 0.45256394 -0.42787981 0.29515886
v 0.48802072 -0.45864350 0.27891356
v 0.48467094 -0.38729191 0.29011518
v 0.41918385 -0.46731991 0.29079169
v 0.55565846 -0.45001912 0.25666779
v 0.45453763 -0.56384379 0.24757840
v 0.42009640 -0.53407830 0.26244766
v -0.54954565 0.00868547 -0.66255879
v -0.46501163 0.00595415 -0.67905295
v -0.52919209 -0.04222248 -0.62360889
v -0.42552155 -0.08817379 -0.59351760
v -0.44660744 -0.04390444 -0.63857430
v -0.65185815 0.06214802 -0.67800200
v -0.56662017 0.06112282 -0.69928873
v -0.63314593 0.00798719 -0.64197809
v -0.50603420 -0.08956577 -0.58108497
v -0.61102772 -0.04365472 -0.60323656
v -0.58535147 -0.09163760 -0.56109154
v 0.39195713 -0.72826838 0.11203234
v 0.35958558 -0.69969523 0.12403733
v 0.36403173 -0.74457771 0.07394783
v 0.30651313 -0.72920817 0.04425610
v 0.33846784 -0.75640184 0.03247147
v 0.33170241 -0.71704322 0.08607827
v 0.37001148 -0.78501236 0.02072980
v 0.34738836 -0.79106778 -0.02372617
v 0.28424114 -0.73620188 -0.00054206
v 0.31613332 -0.76285392 -0.01212548
v 0.29925847 -0.69048798 0.09819359
v 0.32718852 -0.67217201 0.13621855
v -1.10934591 0.96865165 0.51420200
v -1.08949304 0.90829062 0.56876063
v -1.05093026 1.02563345 0.57302254
v -1.05862677 0.84635532 0.61634082
v -1.02850330 0.96827048 0.62922579
v -0.95727497 1.02970684 0.68088996
v -0.98237479 1.08384359 0.62385505
v -1.06532025 1.08076644 0.51288646
v -1.15643024 0.91310441 0.44853836
v -1.13825560 0.85039699 0.50012845
v 0.99435669 -0.76185459 0.03387474
v 1.01289868 -0.72848958 0.00277605
v 0.96967441 -0.79705715 0.05822635
v -1.15182638 -0.12814130 0.61743754
v -1.11304617 -0.14848934 0.69935167
v -1.08128643 -0.14068760 0.66419131
v -1.11442685 -0.13040651 0.64061785
v 0.92791599 0.41141856 -0.55317819
v 0.57256669 -0.57165915 -0.45720261
v 0.53197855 -0.54200822 -0.44573611
v 0.60259753 -0.53452158 -0.45287454
v 0.67325360 -0.52951425 -0.45236254
v 0.64129668 -0.56425929 -0.46325260
v 0.63434362 -0.49953985 -0.44109976
v 0.56151760 -0.50384736 -0.44169366
v 0.59280694 -0.46824914 -0.43013638
v 0.66765034 -0.46669728 -0.42464751
v 0.31552446 -0.78370613 -0.11865870
v 0.34754413 -0.81098574 -0.13038622
v 0.32928553 -0.79064059 -0.07068814
v 0.36071610 -0.81885165 -0.08242733
v 0.39137590 -0.84811240 -0.09485929
v 0.37897533 -0.81968200 -0.03562043
v 0.33944759 -0.79665852 -0.17793202
v 0.37845272 -0.83959943 -0.14285202
v 0.37099335 -0.82446057 -0.19039950
v -0.46092039 1.21860635 -0.74510485
v 0.90719026 -0.46652371 -0.33901387
v 0.87672031 -0.48207837 -0.37680554
v 0.87459111 -0.43724775 -0.32667750
v 0.90097678 -0.43024141 -0.28241479
v 0.93255562 -0.46008128 -0.29470879
v 0.93857557 -0.49537814 -0.35174459
v 0.95211524 -0.46207011 -0.24697834
v 0.92174613 -0.43127441 -0.23437972
v -0.42456672 1.66568124 0.14729613
v -0.36694580 1.67687774 0.10084288
v -0.45615399 1.68360686 0.09179597
v -0.39379033 1.64368355 0.20317483
v -0.33516923 1.65641165 0.15613088
v -0.51290613 1.67029321 0.13511260
v -0.48877382 1.69438994 0.03583801
v -0.54445481 1.68386471 0.07857553
v -0.39943215 1.69241476 0.04629407
v -0.34340107 1.69405341 -0.00062813
v -0.43321481 1.69973052 -0.00841154
v 0.72285587 0.68612367 -0.14425740
v 0.75545108 0.63944381 -0.13759647
v 0.75409251 0.70886379 -0.15663829
v 0.69238544 0.72914279 -0.16394284
v 0.72102189 0.75046635 -0.17774184
v 0.78941315 0.66362637 -0.14961328
v 0.78680784 0.73222613 -0.16575295
v 0.82600504 0.61724675 -0.15697041
v 0.78957951 0.59159648 -0.14620250
v 0.86224174 0.64337629 -0.16470189
v 0.82400417 0.68833339 -0.15743867
v 0.61495620 0.19097525 -0.49534887
v 0.57136995 0.15322466 -0.46432054
v 0.53641391 0.18165839 -0.54622066
v 0.63423240 0.18028814 -0.41349632
v 0.69038785 0.21938542 -0.36176968
v 0.74348480 0.25243464 -0.38185388
v 0.07260223 0.43563837 0.71115309
v 0.00598667 0.37946373 0.73771709
v 0.09290138 0.37505990 0.66959542
v 0.83676940 -0.66996050 -0.51083654
v 0.90539342 -0.61432230 -0.47608709
v 0.87099183 -0.64150077 -0.49585819
v 0.84009922 -0.61208856 -0.48213720
v 0.80626684 -0.64178336 -0.49743772
v -0.18766224 1.24723303 0.70917976
v -0.12244737 1.27501440 0.65652901
v -0.22138295 1.30976701 0.69265497
v -0.29076916 1.28041482 0.74171257
v -0.25752252 1.21621859 0.75829291
v -0.15545392 1.18244326 0.71892607
v -0.09003964 1.21234632 0.66616321
v -0.15678586 1.33560443 0.63966954
v -0.25747591 1.36868572 0.66652232
v -0.19329059 1.39291060 0.61434436
v 0.38608563 -0.71395230 -0.35409552
v 0.42226472 -0.74000955 -0.36650807
v 0.37580806 -0.74814820 -0.31932455
v 0.37005669 -0.77805519 -0.27957207
v 0.33656651 -0.75143307 -0.26712224
v 0.40343356 -0.80463010 -0.29241508
v 0.41061133 -0.77431875 -0.33192247
v 0.43639618 -0.83091265 -0.30595529
v 0.44457799 -0.80042523 -0.34534603
v 0.45753312 -0.76602805 -0.37956047
v -0.71163827 -0.05673297 0.49244481
v -0.68879956 -0.06829582 0.52652496
v -0.64831889 -0.03593977 0.51141012
v -0.73581368 -0.05243465 0.45411950
v -0.74288064 -0.08820115 0.52515984
v -0.82562560 -0.07057478 0.42053264
v -0.77387923 -0.05618483 0.40836686
v -0.72210503 -0.02725269 0.40968561
v 0.77541053 -0.61450958 -0.48531014
v 0.74292767 -0.64739251 -0.49502903
v 0.80896187 -0.58425462 -0.46889085
v 0.77687418 -0.55610627 -0.45722723
v 0.74339211 -0.58724099 -0.47341114
v 0.71098691 -0.62068391 -0.48402232
v 0.68014967 -0.65565556 -0.48924303
v 0.74333310 -0.70778197 -0.51131868
v 0.71214485 -0.68184257 -0.50038397
v 0.77367133 -0.67356044 -0.50725240
v 0.57973367 -0.90170425 -0.40016592
v 0.59478945 -0.86769670 -0.43209624
v 0.61570829 -0.92803365 -0.41494268
v -0.30324495 1.63284218 0.21303384
v -0.24475498 1.64337981 0.16439283
v -0.36240989 1.61865413 0.25962555
v -0.27721775 1.66523206 0.10720170
v -0.30978972 1.68256283 0.05222705
v -1.21134877 0.73852599 0.35388958
v -1.22673178 0.80528843 0.30840880
v -1.23853230 0.68350554 0.27876079
v -1.19418573 0.85895205 0.37896806
v -1.21375775 0.61415833 0.31769395
v -1.26236439 0.62826973 0.20353417
v -1.23811674 0.55763239 0.24077107
v -1.25328326 0.75204867 0.23613785
v -1.23185992 0.87061936 0.25962371
v 0.45852411 -0.18051665 0.28675121
v 0.41996568 -0.15244652 0.30550307
v 0.38010255 -0.12549882 0.32200730
v 0.44738591 0.77643633 -0.48163897
v 0.47354347 0.75238693 -0.48683912
v 0.41197440 0.75221360 -0.56377691
v 0.40802601 0.68927419 -0.62614053
v 0.37054583 0.71968031 -0.63338482
v 0.44270182 0.72491825 -0.56338191
v 0.50423121 0.74590254 -0.49557382
v 0.47960579 0.71315485 -0.56830662
v 0.52087516 0.71865660 -0.57264656
v 0.45379794 0.67137641 -0.62577152
v 0.53690284 0.75253862 -0.50499851
v -0.81262523 -0.20063098 0.08574356
v -0.81699908 -0.24745016 0.08194906
v -0.83614546 -0.19949727 0.11319575
v -0.86503756 -0.20371009 0.13693058
v -0.84664369 -0.15994681 0.14905480
v -0.87917060 -0.24963607 0.12903351
v -0.84662682 -0.24658795 0.10664782
v -0.78905302 -0.20744665 0.05274425
v -0.78793281 -0.25215501 0.05370261
v -0.79350072 -0.16234578 0.05006658
v 0.95233351 1.05469096 -0.50444120
v 0.97591442 1.01986682 -0.56061924
v 0.91364717 1.02414262 -0.51382881
v 1.01525521 1.04971421 -0.54725701
v 1.04912543 0.99932754 -0.59443760
v 0.97113723 0.93950921 -0.61410880
v 0.93647772 0.98827684 -0.56990957
v 1.01097322 0.97005308 -0.60586590
v 0.89616895 0.95698357 -0.57466185
v 0.87525481 0.99172854 -0.51887828
v 0.03380899 0.85884523 0.73209786
v 0.07436588 0.79443794 0.72591847
v 0.09235342 0.89707118 0.67702895
v 0.14221112 0.93060040 0.61172599
v 0.10348190 0.99180245 0.61390245
v 0.05105150 0.95910025 0.67771649
v 0.01101809 1.02148163 0.67676586
v 0.18438700 0.95988941 0.53932089
v 0.17937003 0.86817366 0.60505712
v 0.13156706 0.83372611 0.67106283
v 0.21929169 0.89830422 0.53196442
v 1.27830672 0.73871589 -0.39007831
v 1.26155114 0.68428439 -0.39863819
v 1.29189801 0.74203378 -0.44548976
v 1.22783566 0.64017391 -0.40695149
v 1.23524570 0.64588463 -0.46802139
v 1.27235270 0.79769522 -0.43795574
v 1.29477501 0.75250286 -0.50350058
v 1.27999353 0.80299413 -0.48815644
v 1.27189445 0.68887132 -0.45856076
v -0.51652884 1.44731379 -0.62445837
v -0.46000186 1.44020379 -0.63095856
v -0.52020979 1.39896798 -0.66268426
v -0.56362438 1.50119734 -0.56753325
v -0.50963044 1.49015093 -0.58093250
v -0.57374448 1.45563090 -0.61269271
v -0.58031923 1.40541410 -0.65285164
v -0.46095788 1.33881021 -0.69797081
v -0.52276695 1.34414816 -0.69485193
v -0.46058920 1.39330304 -0.66762763
v -0.39903629 1.33774078 -0.69785303
v -0.40095279 1.39154398 -0.66799349
v -0.34744129 0.46301812 0.87253505
v -0.31423783 0.60035759 0.89806646
v -0.39120838 0.53780901 0.89242154
v -0.27118635 0.52602202 0.87995583
v -0.42282706 0.40058255 0.84769309
v -0.43824920 0.61408609 0.90820485
v -0.23906182 0.66134083 0.88331616
v 0.14462131 -0.61392635 -0.26344639
v 0.09797719 -0.59942019 -0.25618464
v 0.14392209 -0.58017063 -0.30352843
v 0.09549439 -0.52711022 -0.33337021
v 0.14668560 -0.54153180 -0.33818787
v 0.09493043 -0.56567842 -0.29751921
v 0.19496474 -0.55844003 -0.34251326
v 0.04319920 -0.55412239 -0.29083085
v 0.04870518 -0.58737999 -0.24798529
v 0.10414261 -0.62759846 -0.21089785
v 0.05713000 -0.61544871 -0.20166224
v 0.76089686 0.55033273 -0.68116093
v 0.81410080 0.58190465 -0.67490894
v 0.82267308 0.67853278 -0.67345405
v 0.77181959 0.65060478 -0.67688417
v 0.74951583 0.44645315 -0.66104919
v 0.46983385 -0.85600263 -0.31924140
v 0.47884876 -0.82555932 -0.35822260
v 0.49230736 -0.79161781 -0.39246380
v 0.50933373 -0.75520176 -0.42178249
v 0.93925434 -0.58911383 -0.45075202
v 0.90736842 -0.56036788 -0.43484497
v 0.87400991 -0.58449274 -0.46156234
v -0.49714038 -0.51463938 0.39276445
v -0.45310143 -0.50889069 0.37466824
v -0.47056594 -0.47813314 0.43285888
v -0.48322904 -0.53647894 0.32956260
v -0.57056278 -0.54740793 0.36550826
v -0.52663732 -0.54184264 0.34836394
v -0.54169500 -0.52132326 0.40940058
v -0.51548028 -0.55358070 0.28166115
v -0.55871415 -0.55732995 0.30104142
v -0.51582009 -0.48615497 0.44926959
v -0.60793054 -0.50150365 0.47736728
v -0.56174737 -0.49407852 0.46396476
v -0.13318416 1.64668095 0.06397338
v -0.18764667 1.64879096 0.11442979
v -0.14019307 1.28270483 -0.73573929
v -0.14935218 1.34762597 -0.69972378
v -0.07396710 1.31289887 -0.72640026
v -0.13207704 1.21295369 -0.76532984
v -0.06282993 1.24053669 -0.75972897
v -0.20571244 1.25681663 -0.74014759
v 0.00700177 1.26990914 -0.74579644
v -0.08744243 1.37796080 -0.68511909
v -0.00852288 1.34382701 -0.70822603
v -0.10407858 1.43470800 -0.63673317
v -0.02687444 1.40856838 -0.66205108
v -0.16025871 1.40650880 -0.65825331
v -0.71768588 1.65671337 0.04124337
v -0.76603597 1.63363266 0.07782178
v -0.68327290 1.65603673 0.09856968
v -0.73183405 1.63154984 0.13320033
v -0.70215929 1.66767669 -0.05495810
v -0.75377029 1.65159380 -0.01569609
v -0.66612893 1.67407429 0.00289943
v -0.63163066 1.67519581 0.06102140
v -0.41768095 1.53465176 -0.51316088
v -0.44551280 1.51167297 -0.55000031
v -0.46547610 1.55379665 -0.48884875
v -0.43426865 1.57436597 -0.44658518
v -0.54583836 1.53958893 -0.51799971
v -0.51864684 1.56947255 -0.46918881
v -0.49490732 1.52669930 -0.53393149
v -0.40382317 1.47251141 -0.59650904
v -0.45624477 1.47866106 -0.59205741
v -0.40680853 1.49995720 -0.56298572
v -0.40287873 1.43702972 -0.63224077
v -0.84428871 1.60272360 -0.28581053
v -0.78993899 1.60829890 -0.32569337
v -0.87285239 1.57228267 -0.34149456
v -0.89779669 1.58951581 -0.24259025
v -0.81155640 1.62574041 -0.22841570
v -0.81782961 1.57652986 -0.38147199
v -0.89616001 1.53399324 -0.39454103
v -0.92737758 1.56045926 -0.29800618
v -0.95064247 1.52287495 -0.35083175
v -0.73552132 1.60710979 -0.36183733
v -0.88634115 0.05075115 0.19542086
v -0.88471031 0.01607943 0.12925689
v -0.88402128 -0.01281111 0.06539437
v -0.83729833 -0.05773669 0.07799942
v -0.53543806 0.34775132 -0.90020770
v -0.53048921 0.28005534 -0.87500805
v -0.80429542 0.97978634 0.81603706
v -0.84241003 1.03790307 0.77024764
v -0.88441938 0.91385049 0.77557534
v -0.84021825 0.84952575 0.80991220
v -0.99662387 0.90892738 0.67930353
v -0.95679289 0.84735751 0.72132403
v -0.92355561 0.97355962 0.73145288
v -0.87556422 1.09150541 0.71735126
v 0.26849949 -0.67217815 -0.28595784
v 0.30562001 -0.69608831 -0.29542196
v 0.26684052 -0.70135427 -0.24539314
v 0.30257607 -0.75053239 -0.21225913
v 0.26856935 -0.72561002 -0.20145795
v 0.30209512 -0.72582752 -0.25569081
v 0.34124246 -0.72161877 -0.30676824
v 0.27413315 -0.63804436 -0.32176787
v 0.31261915 -0.66221958 -0.33090079
v 0.34996268 -0.68755645 -0.34172100
v -1.21473432 1.09433138 -0.10065435
v -1.20306540 1.11026359 -0.19781634
v -1.23262763 1.03044391 -0.05744050
v -1.20649719 1.06333935 -0.25214535
v -1.19600773 1.15853274 -0.14470041
v -1.17959809 1.17343187 -0.23903431
v -1.31081057 -0.27150697 0.47235310
v -1.29800773 -0.23178448 0.48897839
v -1.27870440 -0.26590544 0.43331021
v -1.28745365 -0.31035405 0.42379642
v -1.31945944 -0.31505251 0.46354848
v -1.22757196 -0.22076054 0.41427022
v -1.24455166 -0.26050812 0.39681226
v -1.26361036 -0.22598593 0.45020163
v 0.87156904 -0.90796071 0.08034465
v 0.83666694 -0.94179481 0.06978240
v 0.80156130 -0.97081178 0.05122411
v 0.77050203 -0.93895370 0.06980439
v 0.80589890 -0.91002256 0.08806431
v -1.11387444 0.78033715 -0.60306621
v -1.15498781 0.80542344 -0.53976887
v -1.09537959 0.84378743 -0.61163902
v -1.11430860 0.92749596 -0.55941057
v -1.07703495 0.90492839 -0.61607093
v -1.13472581 0.86784267 -0.55150551
v -1.16509414 0.89722580 -0.49059665
v -1.13134289 0.71482468 -0.58945000
v -1.07887745 0.69221216 -0.65095508
v -1.04744768 0.82381189 -0.66972458
v -1.06419957 0.75946057 -0.66318375
v 0.12617412 -0.66370815 -0.11265304
v 0.16659652 -0.67987555 -0.12331958
v 0.14179523 -0.67150033 -0.06221991
v 0.15582812 -0.66454107 -0.17235063
v 0.19543049 -0.68265277 -0.18197389
v 0.21643957 -0.70948237 -0.08483553
v 0.18050805 -0.68882596 -0.07364579
v 0.20420945 -0.69919240 -0.13387313
v 0.23190376 -0.71397614 -0.03598370
v 0.19709793 -0.69230688 -0.02440319
v 0.16030627 -0.67291600 -0.01253604
v -0.36065999 1.68123984 -0.14735329
v -0.30937350 1.66180587 -0.18884604
v -0.39687559 1.67208028 -0.19675669
v -0.44992632 1.68546486 -0.15766904
v -0.32494321 1.68662715 -0.09765889
v -0.27403563 1.66636229 -0.14129686
v -0.38152045 1.64168012 -0.28236544
v -0.43332297 1.65950000 -0.24609251
v -0.34516603 1.65381289 -0.23568507
v 0.17970066 -0.36605388 -0.42200017
v 0.11899610 -0.35342216 -0.42343694
v 0.18657178 -0.32231474 -0.43080527
v 0.18742079 -0.27978098 -0.43865240
v 0.25420666 -0.29246718 -0.42495966
v 0.24964032 -0.33627141 -0.42223155
v 0.05713714 -0.34244007 -0.42320913
v 0.12250434 -0.31051165 -0.43670696
v 0.12249815 -0.26796770 -0.44921046
v 0.11233282 -0.39699143 -0.40813959
v 0.99969167 -0.55499476 -0.37812281
v 0.97079068 -0.56950223 -0.41721272
v -1.15637159 -0.60975164 0.59801012
v -1.15427947 -0.59408331 0.53682762
v -1.12506557 -0.60686624 0.56720632
v -1.18427587 -0.59568733 0.56867987
v -1.12845731 -0.61603874 0.63132173
v -1.09572124 -0.61345816 0.59984553
v -1.18355513 -0.57524693 0.50995374
v -1.21346307 -0.57786459 0.54384100
v -0.29505122 0.93273121 0.86877692
v -0.49783230 0.90325838 0.92099458
v -0.37115771 0.88433003 0.90495723
v -0.40594268 0.75281745 0.92104524
v -0.32738307 0.81030631 0.90155989
v -0.45246753 0.82867151 0.92444026
v -0.25284842 0.86112422 0.86786085
v -0.18197107 0.90698040 0.82700378
v 0.43248972 0.19898307 0.03993973
v 0.41583979 0.23604803 0.07043707
v 0.40501496 0.17235738 0.08768676
v 0.37919924 0.14652497 0.13612159
v 0.40429249 0.11537674 0.11040202
v 0.44911695 0.10544980 0.02526940
v 0.42691600 0.13875662 0.05788195
v 0.43084696 0.08462641 0.08359449
v 0.45124018 0.16290703 0.00516442
v 0.35431713 0.12071649 0.18418451
v 0.38190982 0.09160785 0.16104451
v 0.38580704 0.20698354 0.11536665
v -0.67057317 1.04427457 -0.79418600
v -0.74041283 1.04931021 -0.77818966
v -0.66495317 1.10666347 -0.77134925
v -0.72573167 1.17480981 -0.73295206
v -0.73260492 1.11174119 -0.75564677
v -0.59965378 1.03981698 -0.80299956
v -0.74936301 0.98681939 -0.80019295
v 0.40984210 -0.84940761 -0.04797275
v 0.40143028 -0.81454366 0.00885456
v -0.84010625 -0.51368237 0.21128447
v -0.80086595 -0.50986707 0.19069697
v -0.81675816 -0.54217327 0.24539910
v -0.85630226 -0.54540199 0.26655716
v -0.83017510 -0.56578040 0.30359477
v -0.76130885 -0.50636768 0.17031629
v -0.77685684 -0.53876156 0.22546087
v -0.78985953 -0.56185615 0.28400034
v -0.82085866 -0.47406840 0.16149929
v -0.85987884 -0.47878361 0.18214318
v -0.71704245 1.04325998 0.84118485
v -0.56634688 1.21521640 0.80390233
v -0.66130596 1.15876508 0.80421561
v -0.53135252 1.15938401 0.84598124
v 0.39319748 0.87287509 0.19040355
v 0.36712465 0.85149044 0.26704681
v 0.39141878 0.79450095 0.24551283
v 0.41735494 0.81797105 0.17000543
v 0.43969816 0.76581264 0.14748071
v 0.36444420 0.76901472 0.32178879
v 0.36782143 0.92994392 0.20792523
v 0.31311652 0.88787264 0.36276090
v 0.34029084 0.82800102 0.34443456
v 0.34089521 0.90980834 0.28498840
v 0.26011550 0.27870539 -0.68313074
v 0.27843398 0.34935999 -0.70329452
v 0.24348050 0.21021068 -0.65784013
v 0.17163371 0.22755921 -0.68459272
v 0.33128041 0.24748999 -0.65690631
v 0.35723829 0.31640011 -0.67939323
v 0.39091256 0.38839802 -0.69479460
v 0.29784781 0.42213503 -0.71652901
v -0.75771219 1.63261557 -0.26810348
v -0.70349729 1.63247538 -0.30440825
v -0.19205265 -0.27130944 -0.41085243
v -0.25310704 -0.26571697 -0.39507419
v -0.20183197 -0.23108669 -0.43879640
v -0.13077149 -0.27763486 -0.42398632
v -0.13786510 -0.23731364 -0.44891608
v -0.28364003 -0.19008954 -0.45976824
v -0.21534806 -0.19306742 -0.46985137
v -0.26598120 -0.22672035 -0.42487508
v -0.14772767 -0.19775747 -0.47778255
v -0.33029932 -0.22388233 -0.40875810
v -0.31358260 -0.26088452 -0.37555462
v -0.68796545 0.01052691 0.44524211
v -0.72721851 0.00927265 0.39167053
v -0.76981217 -0.04775098 0.35420471
v -0.75897127 -0.01652181 0.33716649
v -0.64697349 0.02601540 0.49044025
v -0.69639617 0.04376556 0.44899940
v -0.73081160 0.09638195 0.46469271
v -0.75580001 0.06045355 0.39501870
v -0.66772413 -0.02119440 0.47513187
v 0.57203436 0.77015108 -0.51038373
v 0.58357137 0.79337466 -0.44037622
v 0.60756481 0.79236072 -0.51426178
v 0.61405605 0.81421578 -0.44830698
v 0.64364111 0.81659651 -0.51749510
v 0.65411752 0.84859431 -0.38921154
v 0.64518619 0.83852184 -0.45422190
v 0.62527877 0.82541937 -0.38124621
v 0.55428654 0.77652675 -0.42950952
v 0.59826428 0.80470657 -0.36935085
v 0.05185470 -0.21731512 -0.47424239
v 0.11922161 -0.22526209 -0.46353817
v 0.05878782 -0.25750089 -0.45631891
v -0.00739129 -0.25040990 -0.45843017
v -0.00440853 -0.29136932 -0.43839699
v 0.05889373 -0.29996043 -0.43937397
v -0.00535909 -0.33369458 -0.41974527
v 0.18298693 -0.23822166 -0.44794309
v -0.42250764 -0.19193079 -0.43386990
v -0.35281372 -0.18976079 -0.44816607
v -0.39524516 -0.22284834 -0.39097440
v -0.37385443 -0.25722057 -0.35417324
v -0.30367535 -0.15507089 -0.50132322
v -0.05850025 1.14836073 0.67079318
v -0.02530997 1.08435690 0.67390186
v -0.12300812 1.11663604 0.72471905
v -0.19110739 1.08272314 0.77542967
v -0.22483088 1.15002072 0.76865512
v 0.36718759 0.64616799 -0.67550099
v 0.42337385 0.61940628 -0.66945744
v 0.49102801 0.59937406 -0.67516690
v 0.50611418 0.66872180 -0.63163608
v -0.76290166 0.17883438 -0.70689392
v -0.67825192 0.17554966 -0.73956680
v -0.75121623 0.11910665 -0.68066543
v -0.66668957 0.11788343 -0.71056682
v -0.73574591 0.06132328 -0.65030104
v -0.58134884 0.11523420 -0.73475891
v -0.59387630 0.17061774 -0.76916242
v -0.77173805 0.23993766 -0.73045063
v -0.68758005 0.23451279 -0.76716530
v -1.15287638 -0.12962092 0.55276871
v -1.11749053 -0.12256216 0.57953548
v -1.11504984 -0.12423633 0.51687467
v -1.08116460 -0.11836244 0.54429466
v -1.04645157 -0.12020151 0.57058173
v -1.04142821 -0.11356525 0.51012218
v -1.08161306 -0.12534176 0.60474980
v -1.01935410 0.78264606 0.65674555
v -0.97401482 0.71635836 0.68995929
v -1.07111812 0.72078139 0.58470035
v -0.89278382 -0.08922367 0.35008615
v -0.85931164 -0.07767363 0.38383681
v -0.84706569 -0.08021761 0.32524621
v -0.90756452 -0.08694603 0.41105080
v -0.81170678 -0.06620550 0.36456054
v -0.94012713 -0.09736077 0.38033009
v 0.03877233 1.50232577 0.30567706
v 0.07804091 1.50429440 0.25195235
v 0.00481055 1.54482484 0.27277368
v 0.04533354 1.54336035 0.21841745
v -0.00683197 1.49867201 0.36066765
v 0.07257614 1.45822573 0.32758647
v 0.11275975 1.46323049 0.27074242
v -0.84784722 0.18203267 -0.67008656
v -0.83544487 0.12033910 -0.64470458
v -0.85701758 0.24505150 -0.69237328
v 1.25230885 0.85056317 -0.49037886
v 1.24274421 0.84720474 -0.43818641
v 1.21072745 0.89209020 -0.44270432
v 1.22938156 0.84533584 -0.38564718
v 1.25537658 0.84971941 -0.54513699
v 1.27778673 0.81132597 -0.53174657
v 1.25885463 0.79559636 -0.38617212
v 0.69538397 -0.58191103 0.20150401
v 0.66233027 -0.62051857 0.20976469
v 0.72861493 -0.61550099 0.18771666
v 0.75790602 -0.57709318 0.17021245
v 0.69043338 -0.50948346 0.19747640
v 0.66074592 -0.54825628 0.21371277
v 0.72520512 -0.54322469 0.18494441
v 0.72756779 -0.68675935 0.18122950
v 0.76118636 -0.64864504 0.17426191
v 0.69538915 -0.65381384 0.19548896
v -0.24287629 -0.15343826 0.54804373
v -0.21141592 -0.20819800 0.50696594
v -0.29349953 -0.10899965 0.58451498
v -0.36322883 -0.12248625 0.59478742
v 0.36627129 1.24675202 -0.29676688
v 0.38905430 1.16885221 -0.31731379
v 0.34722340 1.26223707 -0.40035737
v 0.36932850 1.17845273 -0.42236048
v 0.31703198 1.26865923 -0.49750811
v 0.38447127 1.09232271 -0.43893421
v 0.40567875 1.08816981 -0.33474129
v 0.35035896 1.29237401 -0.17116408
v 0.37574714 1.22457957 -0.19256747
v 0.33829635 1.31798673 -0.27128440
v 0.39802578 1.15191197 -0.21190904
v 0.31792489 1.33771396 -0.37098444
v 0.28836235 1.34914625 -0.46537286
v 1.05246615 -0.56579101 -0.23823674
v 1.05586863 -0.58592772 -0.19263306
v 1.05508399 -0.60939813 -0.14837173
v -0.96027625 1.51749539 0.09706715
v -0.92688113 1.55900609 0.05285720
v -1.00002837 1.49800587 0.05169684
v -1.02738547 1.44862783 0.10215540
v -1.03834224 1.47486293 0.00462341
v -1.06587934 1.42272437 0.05633997
v -0.96591139 1.54274857 0.00414953
v -1.00352180 1.52136660 -0.04538173
v -0.88679779 1.59377861 0.01048107
v -0.72295457 -0.22712155 0.60069782
v -0.77160037 -0.24664782 0.61124212
v -0.71372032 -0.26801622 0.60565978
v -0.68368906 -0.16794647 0.58792013
v -0.73557478 -0.18921818 0.59235793
v -0.67056394 -0.20657225 0.59711099
v -0.66191334 -0.24940403 0.60032350
v -0.60710716 -0.23104073 0.59819955
v -0.61539125 -0.18665235 0.59690368
v -0.75304854 -0.15248869 -0.20043895
v -0.78312308 -0.13398893 -0.14457133
v -0.79675704 -0.12248041 -0.23672511
v -0.82634103 -0.10153930 -0.17691332
v -0.80643326 -0.11550845 -0.08831362
v -0.89794642 -0.04606709 -0.14584439
v -0.87372005 -0.06843004 -0.21114868
v -0.84916294 -0.08082400 -0.11620735
v -0.92318934 -0.03253987 -0.24619488
v -0.82346576 -0.09716012 -0.03255154
v -0.91767281 -0.02345632 -0.08056590
v -0.86665982 -0.05993548 -0.05574588
v 0.42679492 -0.11390902 -0.33762902
v 0.37905449 -0.11492182 -0.38353020
v 0.32410535 -0.06133266 -0.45169050
v 0.37391460 -0.07035252 -0.40527892
v 0.32666111 -0.10901521 -0.42423075
v 0.44213015 -0.15266238 -0.33016497
v 0.39116892 -0.15841897 -0.36986434
v 0.33628097 -0.15619884 -0.40436190
v 0.27897748 -0.14268975 -0.43900329
v 0.29036534 -0.18847175 -0.42261553
v 0.22879875 -0.16987585 -0.45226389
v 0.23925552 -0.21290411 -0.43788147
v 0.90820736 -0.51119024 -0.38914907
v 0.87579453 -0.53213221 -0.42091918
v 0.77683264 -0.49876428 -0.42428595
v 0.81075412 -0.47357112 -0.39735395
v 0.81047446 -0.52823657 -0.43526399
v 0.84399968 -0.50328302 -0.40861934
v 0.84396601 -0.45217395 -0.36528528
v 0.84253955 -0.55646932 -0.44767338
v 0.93960422 -0.53959256 -0.40289146
v 0.96939307 -0.52439094 -0.36488873
v 0.73601425 0.34795985 -0.61227906
v 0.68997884 0.41169792 -0.66086489
v 0.64057213 0.48407847 -0.68791372
v 0.70267582 0.51839417 -0.68583614
v -0.30840582 -0.56799436 -0.03175766
v -0.28637522 -0.55411988 -0.10255335
v -0.30478373 -0.52368236 -0.14812581
v -0.25790685 -0.53316170 -0.16890377
v -0.35036030 -0.51377451 -0.12492129
v -0.33148453 -0.54465616 -0.08060675
v 0.22234046 0.86541063 -0.74181861
v 0.20642689 0.95529395 -0.74548805
v 0.27620286 0.88122791 -0.69386089
v 0.31616777 0.98799545 -0.62798440
v 0.32568637 0.90196574 -0.63051575
v 0.26438031 0.97080541 -0.69402319
v 0.28778604 0.79980505 -0.69277364
v 0.33467484 0.82643211 -0.63342375
v 0.19073138 1.04896283 -0.74332196
v -0.77575916 1.64232850 -0.17053203
v -0.72234768 1.65065706 -0.20992793
v 0.64227694 0.82421124 -0.31728309
v 0.61647642 0.80396754 -0.30331498
v 0.57258588 0.78726745 -0.35314900
v 0.67011833 0.84647256 -0.32644260
v 0.66450715 0.81133425 -0.25970364
v 0.59185928 0.78583091 -0.28324112
v 0.63897276 0.79142219 -0.24567236
v 0.61561149 0.77243841 -0.22593004
v 1.12898636 0.97200388 -0.60054028
v 1.17123413 0.92068261 -0.60677767
v 1.09166336 0.94566339 -0.61975133
v 1.19159603 0.93673623 -0.55979103
v 1.22610211 0.89266211 -0.55456316
v 1.21011472 0.87024397 -0.60205388
v 1.13419938 0.89120424 -0.62982547
v 1.15448523 0.98157990 -0.55965900
v 1.22071862 0.89417797 -0.49756706
v 1.18850660 0.93612838 -0.50404072
v -0.97032225 -0.59565014 0.55171388
v -0.93700421 -0.59110570 0.52756435
v -0.94479924 -0.58006251 0.58488464
v -0.97537440 -0.58710098 0.61017221
v -0.89188409 -0.54858351 0.59208441
v -0.92369556 -0.55576587 0.61504459
v -0.91228890 -0.57402807 0.56138140
v -0.90199423 -0.58548605 0.50477177
v -0.92916286 -0.59477454 0.46844566
v -0.96485782 -0.59704196 0.49232709
v 0.21533686 1.42067182 -0.50691712
v 0.03109184 1.43654752 -0.62830681
v 0.27149826 -0.09587838 -0.46282750
v 0.21470651 -0.07847236 -0.49844670
v 0.26962927 -0.04604194 -0.49287605
v 0.21337524 0.02520692 -0.56243604
v 0.27274841 0.00632486 -0.52638364
v 0.21133235 -0.02895986 -0.52928317
v 0.32801688 -0.01196684 -0.48427033
v -0.21833731 1.38071251 -0.67370069
v -0.21094251 1.32132220 -0.70991886
v -0.27205691 1.30171931 -0.71665889
v -0.27755886 1.36056101 -0.68531460
v -0.22788402 1.43388057 -0.63257504
v 0.25352287 1.41719437 -0.42492259
v 0.21329889 1.47156262 -0.37962747
v 0.28331995 1.40269029 -0.33533472
v 0.30514959 1.38041079 -0.24140629
v 0.26806518 1.43211615 -0.20846446
v 0.24357730 1.45530617 -0.29568332
v 0.22820920 1.47438288 -0.17509092
v 0.20073047 1.49649274 -0.25405017
v 0.84289742 -0.36173820 -0.09706548
v 0.83580875 -0.34401017 -0.14734109
v 0.80898577 -0.32695341 -0.08453538
v 0.86939621 -0.37833554 -0.15960932
v 0.82022405 -0.33442938 -0.19856973
v 0.85516179 -0.36813200 -0.21005560
v 0.80055451 -0.31003153 -0.13555616
v 0.78417349 -0.30065817 -0.18742467
v 0.76558971 -0.27581906 -0.12406395
v 0.77485108 -0.29219413 -0.07223700
v 0.05247952 -0.38568878 -0.40532213
v -0.00794991 -0.37626112 -0.40042979
v 0.76625419 -0.99620456 0.02820419
v 0.73554909 -0.96408230 0.04648977
v 0.73207885 -1.01570284 -0.00141650
v -0.87060058 -0.48090285 0.63852823
v -0.83694124 -0.47199702 0.61755663
v -0.86812502 -0.44308418 0.65363497
v -0.89822835 -0.45298326 0.67820948
v -0.87816817 -0.51699662 0.61825347
v -0.84421039 -0.50913203 0.59745687
v -0.83405739 -0.43323439 0.63250273
v -0.86961949 -0.40491915 0.66447198
v -0.79640722 -0.42274255 0.61423439
v -0.79970241 -0.46295929 0.59931290
v -0.79685354 -0.38196594 0.62400126
v -0.83554876 -0.39381737 0.64212513
v -0.16749287 1.66009820 0.00922705
v -0.22091343 1.66767859 0.05810212
v -0.08317697 1.63305604 0.01426306
v -0.11853335 1.64059544 -0.03865071
v -0.00149374 1.60082674 0.01888949
v -0.10769594 0.64341182 -0.85821730
v -0.02167172 0.64280635 -0.84009188
v -0.09456070 0.57607293 -0.85801119
v -0.00638606 0.57499886 -0.83390355
v -0.08411904 0.50826937 -0.85433805
v 0.08308598 0.57181072 -0.80585790
v 0.06387246 0.64081752 -0.81696439
v -0.12192452 0.71040714 -0.85596037
v -0.03831636 0.71075553 -0.84294575
v -0.18223867 0.57537937 -0.87722713
v 0.42620251 0.01314376 0.16902697
v 0.46029341 -0.01375030 0.14893395
v 0.44287997 0.03471528 0.11535096
v 0.39203635 0.03993380 0.18898587
v 0.41216758 0.06312418 0.13834815
v 0.37026751 0.01449750 0.23563112
v 0.40711582 -0.01104254 0.21788894
v 0.44384688 -0.03714299 0.19961990
v -0.17295751 -0.12058608 -0.54862487
v -0.24774069 -0.11873938 -0.54963720
v -0.18690974 -0.08133574 -0.59274149
v -0.32459444 -0.12104191 -0.54914796
v -0.40263179 -0.12566693 -0.54464692
v -0.37796506 -0.15787973 -0.49440110
v -0.53590918 0.76685870 0.92208701
v -0.56603295 0.62604761 0.89684731
v -0.48695114 0.69080341 0.91852158
v -0.61657143 0.70200610 0.89868826
v -0.63947397 0.55920225 0.85782808
v -0.69196326 0.63420957 0.85980159
v -0.66629392 0.77674347 0.89169997
v 0.02116372 1.18949127 -0.77511257
v 0.03518225 1.10563350 -0.79496258
v -0.03893215 1.08553231 -0.80661023
v -0.05133363 1.16409695 -0.78672123
v -0.12316999 1.14069080 -0.78989851
v 0.52667487 0.76749498 -0.41480386
v 0.54742974 0.77713388 -0.33106405
v 0.50035071 0.77124083 -0.39928335
v 0.56637728 0.77295291 -0.25494838
v 0.54415262 0.76857978 -0.20505738
v 0.52309018 0.77938610 -0.30468273
v -0.31803957 0.96897429 -0.82009333
v -0.24770316 0.97332770 -0.82008159
v -0.31092468 0.90493560 -0.83654803
v -0.25550076 1.03954864 -0.80366707
v -0.18532377 1.05103254 -0.80688918
v -0.38305634 0.90508616 -0.84065485
v -0.37772760 0.84108996 -0.85756892
v -0.22742872 0.84181023 -0.84747446
v -0.30266368 0.84067267 -0.85189140
v -0.23840702 0.90741879 -0.83446294
v -0.16391525 0.91245544 -0.83445686
v -0.17547221 0.98141980 -0.82221812
v 0.46943772 0.07217930 -0.00873125
v 0.45689887 0.05394463 0.05609992
v 0.46920645 0.12718502 -0.03471253
v 0.48485899 0.09189926 -0.07761841
v 0.49597579 0.15109310 -0.09109864
v 0.48638749 0.03831457 -0.04132868
v 0.48148352 0.02296166 0.02934461
v -0.51535749 -0.41361362 -0.10715544
v -0.46859127 -0.42149377 -0.13816354
v -0.50164723 -0.45138288 -0.07949015
v -0.57387900 -0.36842597 -0.09544086
v -0.52682757 -0.37607872 -0.12974656
v -0.56151152 -0.40622967 -0.07498088
v -0.47914207 -0.38411731 -0.16256467
v -0.41049626 -0.46809918 -0.13718364
v -0.45600310 -0.45914876 -0.10887443
v -0.42213494 -0.43023837 -0.16828647
v -0.58652306 -0.33210588 -0.11320028
v -0.53866267 -0.33999544 -0.15000674
v -0.06845713 -0.28442365 -0.43345815
v -0.07279456 -0.24356078 -0.45588124
v -0.08096946 -0.20371418 -0.48129493
v 0.22290656 0.63933510 0.61031497
v 0.19766927 0.70420933 0.63782924
v 0.17208415 0.59729707 0.66675431
v 0.24274769 0.74085355 0.57231247
v 0.11181350 0.72889858 0.71370363
v 0.14518437 0.66299009 0.69453412
v 0.16759473 0.76949841 0.65882993
v 0.21340433 0.80479145 0.59231079
v 0.50889337 0.08374005 -0.21046200
v 0.51296455 0.07785160 -0.30737364
v 0.54210711 0.12180902 -0.26293182
v 0.49676603 0.04832287 -0.21748784
v 0.49580842 0.01792286 -0.16255006
v 0.50663602 0.11505062 -0.14563088
v 0.53460836 0.13942212 -0.19631097
v 0.58709842 0.15606828 -0.30326283
v 0.57821769 0.17559831 -0.23580441
v 0.58756888 0.14679386 -0.38131821
v 0.54653609 0.11251711 -0.34521675
v 0.53369087 0.11499357 -0.43016565
v 0.50193149 0.07919690 -0.39455521
v 1.17307663 0.60728902 -0.35457093
v 1.18923807 0.60085279 -0.41297674
v 1.21005630 0.64598382 -0.35014683
v 1.24359465 0.68753666 -0.34357417
v 1.21954179 0.69842744 -0.29556578
v 1.13373208 0.57204431 -0.35849941
v 1.19483566 0.60677123 -0.47496778
v 0.41817248 1.00918806 -0.34791821
v 0.42895252 0.93805295 -0.36049300
v 0.44291145 0.93709213 -0.25593626
v 0.42989025 1.00419390 -0.24261238
v 0.33726954 1.18123758 -0.52100217
v 0.36063382 1.00118065 -0.54607296
v 0.35085541 1.09008408 -0.53637087
v 0.39522317 1.00923514 -0.45112073
v 0.71876270 0.86825114 -0.52130198
v 0.73155600 0.83646160 -0.57760668
v 0.68063962 0.84185565 -0.51962572
v 0.75291157 0.79464567 -0.62532353
v 0.69013071 0.80997813 -0.57679546
v 0.66159755 0.74108523 -0.62566149
v 0.64886063 0.78390878 -0.57559144
v 0.70787495 0.76765758 -0.62525982
v 0.78389686 0.74110669 -0.65801316
v -1.20465398 0.48708135 0.27368438
v -1.22321081 0.43062842 0.19484238
v -1.13684964 0.24837156 0.16186640
v -1.12898254 0.29761112 0.24217276
v -1.19049668 0.30965710 0.14154172
v -1.25706363 0.50137013 0.16324897
v -1.11341310 0.35014474 0.32309377
v -1.18043399 0.36215019 0.22160251
v 0.71046811 -0.87808353 0.10391457
v 0.68042111 -0.84813243 0.12041593
v 0.68621731 -0.78751826 0.15269099
v 0.65007138 -0.81685585 0.13487843
v 0.74040985 -0.90768498 0.08645087
v 0.77596009 -0.87826353 0.10333838
v 0.67553866 -0.90340573 0.08058050
v 0.64538240 -0.87360662 0.09679535
v 0.45589429 -0.78929412 0.08839974
v 0.48710448 -0.77008212 0.12206803
v 0.42404750 -0.75825053 0.10024367
v 0.42196390 -0.70839828 0.14655477
v 0.45471376 -0.73879939 0.13427758
v 0.52002043 -0.74723005 0.15156879
v -0.91770816 1.12566316 -0.67209452
v -0.86003548 1.12144768 -0.70535243
v -0.93068373 1.06399989 -0.69081092
v -0.98255998 1.06631303 -0.65024072
v -0.81923068 0.99144733 -0.77542067
v -0.88509393 0.99678749 -0.74368781
v -0.80824387 1.05417037 -0.75558734
v -0.87194562 1.05901182 -0.72597617
v -0.94508588 1.00241375 -0.70573276
v -0.79807532 1.11659503 -0.73353487
v 0.15980172 -0.34212118 0.37374932
v 0.20104796 -0.36746114 0.35994464
v 0.19174436 -0.30028391 0.38944066
v 0.08513719 -0.35983247 0.36545128
v 0.12784997 -0.38278264 0.35148001
v 0.11706121 -0.31799155 0.38662338
v 0.16899484 -0.40708554 0.33708149
v 0.13705058 -0.44515586 0.30905533
v 0.14898778 -0.27560496 0.40196723
v 0.07294631 -0.29532719 0.39937657
v -0.95447326 -0.09750621 0.44259614
v 0.39103350 0.36027205 0.15723045
v 0.38916588 0.40747476 0.18963329
v 0.35662729 0.32530284 0.20572805
v 0.35212821 0.42137831 0.28091836
v 0.35377163 0.37130979 0.24177586
v 0.38797283 0.45796907 0.22430564
v 0.42524010 0.44515711 0.14003085
v 0.36214477 0.28292865 0.17292796
v 0.32285327 0.29148257 0.25583166
v -1.00976634 -0.19106148 0.25112575
v -1.03127027 -0.23035790 0.23506759
v -1.05790710 -0.19665395 0.28130901
v -0.98427606 -0.22447594 0.20806231
v -0.93776059 -0.14974301 0.24092712
v -0.96321577 -0.18410261 0.22217663
v -0.98415953 -0.15674810 0.27064788
v -1.03206074 -0.16295521 0.30227274
v -1.10425854 -0.20324497 0.31390095
v -1.07949233 -0.16868480 0.33505058
v -1.12456322 -0.24275909 0.29650807
v -1.07835841 -0.23679946 0.26524985
v -1.04564190 -0.27547556 0.22621362
v -0.88206518 1.54226303 0.17900990
v -0.85083818 1.54910719 0.20674525
v -0.84954178 1.57568955 0.14572403
v -0.79762298 1.55770314 0.24439882
v -0.75071859 1.59227288 0.21980594
v -0.81714129 1.57419026 0.19232878
v -0.85127503 1.52703619 0.24685077
v -0.90242356 1.50481689 0.22414126
v -0.46730426 0.47458446 0.86989826
v -0.51579928 0.55009991 0.88671249
v -0.35981008 0.67632008 0.91145808
v -0.28351945 0.73563385 0.89426130
v 0.80846649 0.95815903 -0.33502895
v 0.79382879 0.91135484 -0.28007513
v 0.84816015 0.99300343 -0.33375025
v 0.83252567 0.99238408 -0.39602584
v 0.75662583 0.92765427 -0.39717817
v 0.77020460 0.92574203 -0.33584946
v 0.79392862 0.95946300 -0.39673066
v 0.73478502 0.89582425 -0.33549398
v 0.75794286 0.88129616 -0.28030056
v 0.72090656 0.89800930 -0.39682508
v 0.78994912 0.94863647 -0.46086651
v 0.82853830 0.98104578 -0.45970327
v 0.51497126 0.21673082 -0.08768451
v 0.52824271 0.17738812 -0.13811895
v 0.55602008 0.24658462 -0.12385310
v 0.56895936 0.20845111 -0.17633890
v 0.61733460 0.23989460 -0.20729950
v 0.60166442 0.27739850 -0.15327451
v 0.49947071 0.25677624 -0.04489875
v 0.53999394 0.28751498 -0.07915056
v 0.58374804 0.31932575 -0.10706098
v 0.27593401 1.39108288 0.06149375
v 0.27000922 1.41993880 -0.01687146
v 0.20731619 1.44172299 0.15333760
v 0.26615450 1.36354697 0.13766156
v 0.23856655 1.40546083 0.14691254
v 0.25187030 1.44821024 -0.09568621
v -0.92899925 -0.42641407 0.71705580
v -0.92671353 -0.46314782 0.70412505
v -0.89981049 -0.41555715 0.69028383
v -0.90046990 -0.49026191 0.66262728
v -0.92922771 -0.49936813 0.68740451
v -0.95751774 -0.50788307 0.71292007
v -0.23859176 1.66837060 -0.09286248
v -0.28960150 1.68638825 -0.04722008
v -0.20270111 1.66634631 -0.04294846
v -0.25451487 1.68067920 0.00456485
v -0.15439352 1.64384985 -0.08952527
v 0.47300756 0.09211747 -0.47406083
v 0.42749220 0.11869244 -0.54240018
v 0.50160283 0.13660875 -0.51241177
v 0.45395285 0.16979243 -0.57797533
v 0.39716324 0.21141852 -0.62485689
v 0.37263185 0.15098625 -0.59314853
v 0.52013236 -0.41849226 0.27272516
v 0.51411355 -0.34703213 0.27475101
v 0.58466971 -0.41041571 0.24004139
v 0.61016852 -0.37200260 0.21587296
v 0.54945976 -0.37851655 0.25684083
v 0.54088068 -0.30809331 0.25200403
v 0.47914094 -0.31595129 0.29552466
v 0.50661331 -0.27669615 0.27356505
v 0.88931471 1.02813447 -0.33345336
v 0.95994753 1.00442684 -0.23497036
v 0.92102098 1.02224553 -0.27796340
v 0.87156367 1.02501750 -0.39488184
v -0.06495743 -0.53616631 -0.27466977
v -0.11886907 -0.52688879 -0.26304430
v -0.06960870 -0.49603993 -0.31172425
v -0.12481384 -0.48658574 -0.29966038
v -0.17886239 -0.47755641 -0.28481978
v -0.12737486 -0.44433635 -0.33028585
v -0.01401402 -0.50567651 -0.32092881
v -0.05607111 -0.57029539 -0.23063369
v -0.10858604 -0.56149805 -0.21917906
v -0.07114095 -0.45354629 -0.34299266
v -0.01391025 -0.46279114 -0.35207516
v -0.58656710 -0.52830940 0.42463499
v -0.65355045 -0.50860715 0.49043864
v -0.63152331 -0.53487265 0.43895513
v -0.65848136 -0.55910593 0.39666164
v -0.61453885 -0.55368721 0.38142252
v 0.76969224 -0.47046959 0.12748404
v 0.78582227 -0.43689370 0.09175338
v 0.73600030 -0.43599695 0.14170671
v 0.81809539 -0.47154343 0.07688840
v 0.74958378 -0.50597459 0.15905042
v 0.71533430 -0.47189313 0.17255856
v 0.70135158 -0.40188086 0.15558413
v 0.68056995 -0.43795997 0.18632700
v 0.75231010 -0.40217948 0.10601275
v 0.76476270 -0.37043470 0.06661136
v 0.71802729 -0.36787134 0.12001255
v 0.79781169 -0.40555573 0.05225229
v -0.93825167 -0.53349268 0.66595531
v -0.96644771 -0.54116136 0.69134700
v -0.95344454 -0.56392211 0.64007497
v -0.98306066 -0.57119524 0.66607976
v -0.90921295 -0.52510673 0.64135569
v 0.01160765 0.74993551 0.77230299
v -0.07208998 0.88250065 0.78251100
v -0.13951769 0.83825320 0.82567471
v -0.02981566 0.81643003 0.77948296
v -0.00831912 0.92261982 0.73326427
v -0.04910805 0.98677528 0.73231572
v -0.11388011 0.94867700 0.78186578
v -0.33805817 1.46296883 0.57778752
v -0.36608702 1.39274383 0.67343307
v -0.29686099 1.42098391 0.62835455
v -0.40645158 1.43380105 0.61898237
v -0.47896850 1.39549565 0.65066755
v 0.29265806 -0.26091641 -0.41655350
v 0.24744931 -0.25211036 -0.42983878
v 0.16493486 -0.15565674 -0.47902709
v 0.17635137 -0.19623153 -0.46090662
v 0.10944434 -0.18568967 -0.48043013
v -0.74328345 0.70859915 0.85219729
v -0.79259849 0.78119802 0.83526361
v -0.86329120 0.71333402 0.78079075
v -0.91180229 0.78231466 0.75511765
v -0.76142538 0.91668832 0.85241765
v -0.71513295 0.84857208 0.87750596
v -0.58377767 0.84201825 0.91603297
v -0.07015878 -0.41011810 -0.36891991
v -0.12771150 -0.40172422 -0.35622299
v -0.06785545 -0.36754990 -0.39163142
v -0.12662481 -0.31848043 -0.40148866
v -0.06647726 -0.32567358 -0.41255581
v -0.12663007 -0.35974580 -0.37920451
v -0.18387726 -0.35218912 -0.36372370
v -0.18347299 -0.39356250 -0.34047878
v -0.01155875 -0.41929907 -0.37823290
v -0.47013819 1.64443004 -0.29512542
v -0.48649523 1.67256665 -0.20961305
v -0.50366217 1.69096375 -0.11760218
v -0.54031026 1.67968690 -0.17199209
v -0.57736254 1.66527414 -0.22652844
v -0.55804360 1.69070232 -0.07712090
v -0.59454936 1.68123591 -0.13341494
v -0.63150543 1.66772342 -0.18990870
v 0.04730003 -0.42933697 -0.38424903
v 0.09916353 -0.48498297 -0.36324084
v 0.04323319 -0.47312772 -0.35855532
v 0.10498808 -0.44120163 -0.38869363
v 0.17056529 -0.41042715 -0.40903473
v 0.95549875 0.45944452 -0.30083495
v 0.92842239 0.49180239 -0.25120699
v 0.91392213 0.42766929 -0.29492337
v 0.84484142 0.43149877 -0.23491126
v 0.86941326 0.39659703 -0.28757787
v 0.88762844 0.46172678 -0.24432959
v 0.85700428 0.50142097 -0.20176178
v 0.97617573 0.43490243 -0.35743642
v 0.99503940 0.49167824 -0.30459273
v 0.96769351 0.52215004 -0.25568190
v 0.93275255 0.40255377 -0.35369152
v 0.63736153 0.18814684 -0.33572495
v 0.62979317 0.20917059 -0.26753342
v 0.68330479 0.24105304 -0.29246670
v -0.45227584 -0.16279186 -0.48249453
v -0.55717623 -0.13385387 -0.51461649
v -0.48039222 -0.12971492 -0.53301561
v 0.97084409 1.05689454 -0.29665864
v 0.93366230 1.05778658 -0.33493352
v 0.97059578 1.08467114 -0.37048692
v 0.93918961 1.07203758 -0.40240127
v 0.90945399 1.05313098 -0.39278483
v 1.00678062 1.06974077 -0.34648144
v -0.23212571 1.44515562 0.57949913
v -0.27306467 1.48874116 0.53356206
v -0.39158466 1.03075790 -0.80348051
v -0.32385361 1.03292692 -0.80244893
v -0.38768244 0.96829945 -0.82272094
v -0.45806777 0.97011232 -0.82613212
v -0.32824889 1.09684920 -0.78356069
v 0.30689597 -0.77003920 -0.16625650
v 0.33588365 -0.77660751 -0.22384194
v 0.36845699 -0.80360740 -0.23621869
v 0.27399576 -0.74436808 -0.15505491
v -0.60489154 1.52389586 0.40898675
v -0.54208517 1.55581737 0.37929446
v -0.62942040 1.55371344 0.35385549
v -0.65264785 1.58189476 0.30037248
v -0.56953579 1.58446014 0.32345152
v -0.51072294 1.60889208 0.28753948
v -0.61592293 0.70853472 -0.88227576
v -0.53181803 0.70810056 -0.89035261
v -0.61836892 0.63676608 -0.88583368
v -0.53146356 0.77772403 -0.88056141
v -0.44660300 0.63859546 -0.90014261
v -0.53238738 0.63703835 -0.89705998
v -0.44846946 0.70860404 -0.89209253
v -0.36666760 0.70882094 -0.88520563
v -0.45099953 0.77666461 -0.87897581
v -0.85524857 -0.13332729 0.18983494
v -0.87938637 -0.16951548 0.17247401
v -0.89382690 -0.14276882 0.21452700
v -0.94051152 -0.21742795 0.18218735
v -0.90026134 -0.21041615 0.15905607
v -0.91923487 -0.17705454 0.19603887
v -0.86619014 -0.11419196 0.23783122
v -0.90912110 -0.12204011 0.26426160
v 0.41546267 1.07726657 -0.22874720
v 0.43964732 0.87634367 -0.37145829
v 0.45604903 0.87898833 -0.26893157
v 0.46482426 0.87656873 -0.16909897
v 0.68468738 0.68665373 -0.66202676
v 0.73539370 0.71389419 -0.65974319
v 0.71814847 0.62197107 -0.68183899
v -1.23450732 0.37655902 0.11512427
v -0.70806992 -0.55641168 0.24627282
v -0.74921280 -0.55895704 0.26499569
v -0.73652846 -0.53553683 0.20596226
v -0.71922135 -0.57038391 0.30755717
v -0.76082665 -0.57387394 0.32512939
v -0.67710292 -0.56717402 0.29010260
v 0.90013927 0.59923720 -0.18346293
v 0.86249512 0.57178605 -0.17679431
v 0.89702427 0.52967900 -0.20937815
v 0.97344381 0.58820719 -0.21820828
v 0.93746668 0.62785786 -0.18753032
v 0.93586975 0.55803031 -0.21421003
v 0.82389611 0.54498190 -0.16814251
v -0.85009497 1.18457747 -0.68297726
v -0.96967238 1.12845612 -0.63426119
v -0.98685479 -0.51479399 0.73847485
v -0.99416989 -0.54709059 0.71775228
v -1.01065338 -0.51879257 0.75442594
v -1.02235675 -0.54753768 0.74295706
v -1.01220322 -0.57696754 0.69399941
v -0.95521003 -0.47345048 0.73080248
v -0.85755545 -0.54189152 0.57105714
v -0.95761430 -0.59178162 0.43197185
v 0.29032257 1.31653762 0.12698655
v 0.31152144 1.26453817 0.11469699
v 0.30333900 1.34460831 0.04668242
v 0.32661363 1.29227960 0.03183834
v 0.33116454 1.20787966 0.10194366
v 0.30069223 1.37446213 -0.03638238
v -0.04236956 1.58861363 -0.28844041
v -0.09245703 1.60318100 -0.23426673
v -0.00772052 1.58741605 -0.23520513
v -0.07701218 1.58550906 -0.33882833
v -0.12664600 1.60083473 -0.28221309
v -0.16093427 1.59576499 -0.32730478
v -0.21001466 1.61576295 -0.27638149
v -0.14182188 1.62151122 -0.18458931
v -0.17603913 1.61976159 -0.23142174
v 0.00644112 1.57278228 -0.34636712
v 0.04182851 1.57167280 -0.28939497
v -0.40895775 -0.55770749 0.09015046
v -0.36648682 -0.56373906 0.06587511
v -0.37753382 -0.55999064 0.14153852
v -0.41990116 -0.55736190 0.16536546
v -0.45181733 -0.55355346 0.11480804
v -0.43791941 -0.54270256 0.04093286
v -0.30361786 -0.55352265 0.16985819
v -0.34530541 -0.55032575 0.19293436
v -0.33546680 -0.56433517 0.11799490
v 1.05816126 1.07115066 -0.52613556
v 1.08392119 1.02380419 -0.57783675
v 1.11281204 1.02656603 -0.55068511
v -1.19613862 1.12262416 0.05791037
v -1.21615815 1.07711244 0.00122855
v -1.20898819 1.05937886 0.10755935
v -1.23104811 1.01337254 0.04805101
v -1.22166085 0.99704897 0.15847196
v -1.19357824 1.04398811 0.21934663
v -1.18250966 1.10438764 0.16501328
v -1.15161204 1.14839029 0.22090782
v -1.24407887 0.94956607 0.09517601
v -1.25329518 0.88513178 0.14282604
v -0.94466406 1.49039102 0.18508027
v -0.92046577 1.53287745 0.14007837
v -0.98651463 1.47134960 0.14470623
v -0.66237611 0.29238167 0.71528143
v -0.53922677 0.41022706 0.83212000
v -0.60479528 0.34876633 0.77988577
v -0.49396685 0.33968675 0.80752259
v -0.65454137 0.41990566 0.79814148
v -0.71333688 0.36022726 0.73462725
v -0.08907233 0.15306547 0.67470509
v 0.00281337 0.16253704 0.62724775
v 0.06703073 0.21713026 0.60836869
v 0.08685720 0.17499052 0.56416136
v -0.04024637 0.07093403 0.59765476
v 0.02576502 0.12304544 0.58593655
v 0.01336952 0.17878973 -0.72761166
v 0.08965865 0.17438816 -0.68887001
v 0.01275332 0.11793923 -0.69533473
v 0.01522111 0.24188623 -0.75548047
v 0.09453571 0.23763256 -0.71615142
v -0.06625496 0.23856568 -0.79759538
v 0.01614171 0.30661356 -0.77866054
v -0.06482431 0.17537887 -0.77012748
v -0.52054298 0.22101490 -0.83577299
v -0.61408186 0.28730416 -0.83636522
v -0.60474080 0.22759268 -0.80353379
v 0.74807775 -0.26727897 -0.17659783
v 0.73029935 -0.24347092 -0.11261428
v 0.71142918 -0.23669119 -0.16577405
v 0.69576013 -0.21318556 -0.10109131
v 0.73989844 -0.25930130 -0.06010072
v -0.65724939 -0.29502541 0.59935087
v -0.60366690 -0.27884024 0.59517008
v -0.70674956 -0.35604429 0.60009366
v -0.65696299 -0.34223753 0.59270078
v -0.70820004 -0.31135446 0.60608411
v -0.75631928 -0.32702303 0.61530578
v -0.76224786 -0.28583616 0.61557323
v 0.45937222 0.71661901 0.12424971
v -0.06830751 0.30435386 -0.81919545
v -0.16139191 0.36823481 -0.86819232
v -0.14909635 0.16865304 -0.80368805
v -0.01049833 -0.54476428 -0.28298783
v 0.04147444 -0.51532370 -0.32775801
v -0.00316268 -0.57874161 -0.23976573
v -1.05678821 0.28708407 0.33694404
v -1.03494787 0.33917204 0.41886747
v -0.97686261 0.27588740 0.42661893
v -0.95021617 0.32665616 0.51028568
v -0.72081590 -0.10758717 0.55237842
v -0.66718078 -0.08742304 0.55461758
v -0.62900746 -0.05047309 0.54180688
v 0.58183944 -0.19206555 -0.24631502
v 0.61668950 -0.18246375 -0.19732653
v 0.61467057 -0.22026531 -0.25384000
v 0.67678761 -0.20716633 -0.15512049
v 0.64904046 -0.21026732 -0.20670888
v 0.64404523 -0.17944963 -0.14412177
v 0.58763480 -0.15475531 -0.18815364
v 0.61482894 -0.15128033 -0.13298187
v 0.55274105 -0.16386257 -0.23958489
v 0.54089701 -0.20554586 -0.29048139
v 0.57510716 -0.23497640 -0.29572248
v 0.34367710 -0.33972847 0.35217822
v 0.30499259 -0.31163669 0.36956048
v 0.31115118 -0.38120455 0.34479320
v 0.27306426 -0.35325414 0.36090714
v 0.23314619 -0.32635963 0.37613446
v 0.24089462 -0.39345086 0.34430826
v 0.27882260 -0.42075300 0.32782245
v 0.38108596 -0.36819583 0.33349067
v 0.34816861 -0.40914953 0.32702780
v 0.55843991 -0.59110641 0.23179744
v 0.59323680 -0.55380845 0.23436712
v 0.52382237 -0.55904746 0.24493872
v 0.55829996 -0.52130741 0.24790572
v 0.48883563 -0.59411973 0.23313363
v 0.59086525 -0.48212367 0.24121408
v -0.62009406 0.35199115 -0.86166531
v -0.69549406 0.29525056 -0.79334378
v -0.61433983 1.64849794 -0.28159183
v -0.56057698 1.63983440 -0.31391817
v -0.64943910 1.62818611 -0.33763874
v -0.66830009 1.65231884 -0.24700996
v -0.52349126 1.65745389 -0.26152176
v -0.68567628 1.66548264 -0.15195236
v -0.45353094 0.84294516 -0.86370188
v -0.45589459 0.90732878 -0.84583330
v -0.53100073 0.84538519 -0.86679280
v -1.02006459 -0.49976188 0.27857459
v -1.03658056 -0.46098417 0.25641125
v -0.97954327 -0.49471283 0.25196224
v -0.95941126 -0.52801579 0.27981842
v -1.03801906 -0.53615087 0.33355170
v -1.05958629 -0.50362957 0.30732930
v -0.99932706 -0.53291392 0.30556834
v -1.00599170 -0.41188395 0.21182288
v -0.99530262 -0.45554006 0.22920869
v -1.04783881 -0.41756970 0.23997621
v -0.95455050 -0.44996166 0.20347916
v -0.93898350 -0.48921084 0.22724436
v 1.02844810 -0.69649905 -0.03107064
v 1.04011106 -0.66598630 -0.06783074
v 0.99645573 -0.66364765 -0.01506325
v 0.97852176 -0.60172105 -0.03698694
v 0.96621925 -0.63222843 0.00038361
v 1.00901961 -0.63292199 -0.05168020
v 0.98084158 -0.69575977 0.01884454
v 0.95099062 -0.66434872 0.03507279
v 1.04912496 -0.63655537 -0.10679833
v -0.83983779 -0.35487938 0.64808530
v -0.80019069 -0.34165674 0.62968445
v -0.84699655 -0.31670839 0.65009594
v -0.80687934 -0.30222708 0.63032442
v -0.81618607 -0.26427275 0.62769645
v -0.85692775 -0.27977008 0.64842737
v -0.87490404 -0.36682123 0.67088550
v -0.88268816 -0.32939053 0.67413062
v 0.66658777 -0.36830312 0.17004009
v 0.64518923 -0.40471536 0.20032029
v 0.28463656 -0.17466806 0.38519996
v 0.24278191 -0.15018608 0.39747465
v 0.25493741 -0.21573295 0.39749491
v 0.20021933 -0.12731729 0.40943921
v 0.21255183 -0.19090651 0.40909737
v 0.22362304 -0.25807512 0.39836031
v 0.13741484 -0.20961370 0.42185783
v 0.18112281 -0.23313980 0.41068697
v 0.16949596 -0.16773175 0.42004466
v 0.10511410 -0.25234616 0.41391778
v -1.32359099 -0.40682334 0.46489584
v -1.31318903 -0.45115262 0.47433144
v -1.29122925 -0.35662222 0.42065561
v -1.28962255 -0.40304834 0.42264277
v -1.32516098 -0.36057675 0.46103358
v -0.91507488 0.12247403 -0.59687763
v -0.89578885 0.06161668 -0.56543970
v -0.81872058 0.06089014 -0.61460817
v -0.87005872 0.00484860 -0.52858895
v -0.93166065 0.01329288 -0.46554631
v -0.98732024 0.12866573 -0.53753245
v -0.96243614 0.06850651 -0.50361639
v -0.79680824 0.00442673 -0.57931620
v -0.37542981 -0.53468734 -0.05648758
v -0.36467752 -0.47738081 -0.16338573
v -0.31838778 -0.48715353 -0.18771477
v -0.39520085 -0.50381684 -0.09976511
v -0.43969363 -0.49470490 -0.07294407
v -0.41929930 -0.52575237 -0.03104035
v -0.35160911 -0.55853593 -0.00861065
v -0.39491415 -0.55025446 0.01541242
v -0.50706053 1.62728655 -0.34439969
v -0.54261279 1.60693562 -0.39550591
v -0.59596598 1.61865962 -0.36769927
v -0.68120235 1.60175753 -0.39390242
v -0.57331443 1.58287108 -0.44815868
v -0.62715197 1.59381402 -0.42273545
v -0.45384762 1.61094832 -0.37437117
v -0.48831177 1.59256113 -0.42072099
v 0.28481525 1.24100697 0.19331637
v 0.30496329 1.18486702 0.18224454
v 0.32531723 1.12639928 0.17048514
v 0.54823416 -0.11846404 0.14137980
v 0.51529282 -0.09017877 0.16186629
v 0.53483963 -0.14496134 0.18845397
v 0.58596498 -0.12593903 0.06881568
v 0.55599302 -0.09729256 0.08871129
v 0.57976902 -0.14781268 0.12052414
v 0.52534926 -0.06877629 0.10879551
v 0.53041965 -0.05167231 0.05034299
v 0.60007763 -0.20511977 0.14681780
v 0.56749642 -0.17483859 0.16673988
v 0.56706828 0.36432788 -0.06960917
v 0.47366214 0.34151554 0.01991360
v 0.48493242 0.29821327 -0.00966969
v 0.51270539 0.37645864 -0.01226890
v 0.55292290 0.41167927 -0.04062843
v 0.52448082 0.33096775 -0.04236020
v 0.48802853 -0.65692091 0.20150359
v 0.52299875 -0.62566388 0.22032155
v 0.45447916 -0.62572420 0.21363501
v 0.55695933 -0.65804583 0.20803975
v 0.59280664 -0.62393856 0.21930607
v 0.62663978 -0.65685314 0.20598258
v 0.52162653 -0.68819565 0.18838243
v 0.59043050 -0.69037551 0.19434601
v -0.81896096 0.07535445 0.33378512
v -0.82989371 0.04101831 0.26613629
v -0.77663016 0.02797125 0.33052260
v -0.25943249 1.63850105 -0.23098460
v -0.19575581 1.58757901 -0.36941057
v -0.24457347 1.60909891 -0.31944925
v -1.02735925 0.05625397 -0.13236342
v -1.00219941 0.03175299 -0.20820750
v -0.97205198 0.01441230 -0.10567076
v -0.95016819 -0.00930852 -0.17670617
v -0.97149378 0.00735863 -0.28216967
v -1.05104685 0.07727624 -0.24027380
v -1.01699054 0.05380396 -0.31859469
v 0.66970050 -1.04101706 -0.07211749
v 0.67738289 -0.59299320 -0.47346896
v 0.61073899 -0.60055929 -0.46812159
v 0.64656651 -0.62869900 -0.47825259
v 0.70950884 -0.55886006 -0.46260858
v 0.61754811 -0.66565037 -0.47768736
v 0.58198351 -0.63849354 -0.46636957
v 0.62038493 -1.04504263 -0.15466341
v 0.64327931 -1.04536748 -0.11221591
v 0.37508997 -0.49624258 -0.41382211
v 0.32816204 -0.46973974 -0.40991336
v 0.39777625 -0.45192420 -0.41670752
v 0.42011341 -0.52427310 -0.42103750
v 0.44462281 -0.48169792 -0.42372710
v 0.42263818 -0.40896356 -0.41298777
v 0.47194809 -0.44097602 -0.41942054
v 0.29567584 -0.39955610 -0.41383100
v 0.34807920 -0.42365158 -0.41411865
v 0.27886868 -0.44602627 -0.40817416
v 0.37104422 -0.37767887 -0.41111398
v -0.75808275 0.92222792 -0.81791580
v -0.68279308 0.91744488 -0.83601284
v -0.76705903 0.85556799 -0.83227527
v -0.69508445 0.78164744 -0.86216265
v -0.68917817 0.85083681 -0.85184318
v -0.70014769 0.71049827 -0.86666352
v -0.78332931 0.71561092 -0.84425181
v -0.60993534 0.84766138 -0.86274225
v -0.40055764 1.59161711 -0.40587270
v -0.36549535 1.60758269 -0.36346668
v -0.34960249 1.57046247 -0.44048530
v -0.41766572 1.62747586 -0.32902551
v -0.33024114 1.62121320 -0.31958210
v -0.27955997 1.59959853 -0.36080766
v -0.24443579 -0.30520087 -0.36881083
v -0.30138713 -0.29957318 -0.34779888
v -0.35750186 -0.29439110 -0.32462651
v -0.62160516 0.42146170 -0.87427074
v -0.62095255 0.49258316 -0.88022548
v -0.70575321 0.49571913 -0.84730017
v -0.62012917 0.56451041 -0.88514423
v -0.53381145 0.49293888 -0.90418339
v 0.29256672 1.17558181 -0.60713160
v -0.77287310 -0.57889926 0.38557553
v -0.81412262 -0.58158761 0.40376830
v -0.80188632 -0.57744110 0.34360409
v -0.84244525 -0.58161128 0.36311132
v -0.85388458 -0.58654398 0.42364788
v 0.83990949 0.33641875 -0.33883363
v 0.82250988 0.36538345 -0.27773088
v 0.78956383 0.30382597 -0.32708216
v 0.84734112 0.31980360 -0.40690976
v 0.79595464 0.28578725 -0.39667344
v 0.88746375 0.36973614 -0.34778458
v 0.79936898 0.40140674 -0.22380194
v 0.94341463 0.38823849 -0.41833442
v 0.89661741 0.35412464 -0.41399693
v -0.29454666 1.63159168 -0.27563635
v -1.03699875 1.49429274 -0.09607859
v -1.09930158 1.39081371 0.00820405
v -1.07196736 1.44570839 -0.04427855
v -1.12817121 1.35474384 -0.04129491
v -1.10025573 1.41107643 -0.09408383
v -0.96162909 1.55971670 -0.09411711
v -1.06646466 1.46230626 -0.14688352
v -0.76415420 -0.21720527 0.01567071
v -0.75764394 -0.25961685 0.02150443
v -0.81887472 -0.29414243 0.08220260
v -0.78597236 -0.29678404 0.05618490
v -0.72138375 -0.50433820 0.14870970
v -0.68058854 -0.50376648 0.12556107
v -0.69566095 -0.53273797 0.18582919
v -0.66640264 -0.55344242 0.22723551
v -0.93604070 -0.11239265 0.53055370
v -0.94783074 -0.13629226 0.58623046
v -0.96696705 -0.10525681 0.50405997
v -0.97652608 -0.12160663 0.56291264
v -0.99503952 1.53480065 -0.14715689
v -0.94844717 1.56672883 -0.19618064
v -1.02401400 1.50377631 -0.19947289
v -1.00027883 1.49956131 -0.30205733
v -1.04616261 1.46567345 -0.24995157
v -0.97811329 1.53773630 -0.25037211
v -0.91506469 1.59018493 -0.14106226
v -0.46793088 1.69853210 -0.06313419
v -0.41364673 1.69388402 -0.10561883
v -0.37812021 1.69706476 -0.05332062
v 0.05764041 1.20343161 0.55159670
v -0.08812574 1.05127847 0.72909027
v 0.74902868 -0.76945084 -0.52158451
v 0.72605270 -0.80670434 -0.51639682
v 0.77440172 -0.73365891 -0.52235168
v -1.30484343 0.68635106 -0.14183496
v -1.30255008 0.73514140 -0.06650450
v -1.29209352 0.75678527 -0.17848592
v -1.27349520 0.82489949 -0.21401565
v -1.28990531 0.80429274 -0.10602508
v -1.26709795 0.78146261 -0.28595060
v -1.29093885 0.78513134 0.00561459
v -0.75363880 -0.36927098 0.61034542
v -1.18583393 -0.14398880 0.52549547
v -1.21566629 -0.16528605 0.49848545
v -1.22185636 -0.14950605 0.56564021
v -1.27735496 -0.19914700 0.51268244
v -1.25248170 -0.17027672 0.53840500
v -1.24242234 -0.19187970 0.47255677
v -1.18804312 -0.13520513 0.59252024
v 0.32039320 1.35243988 -0.14744061
v 0.32843152 1.32218659 -0.05565488
v 0.18635058 0.05290473 0.40578282
v 0.21671435 0.02819982 0.37661254
v 0.22014248 0.08828411 0.37001276
v 0.27600017 0.09261345 0.29933751
v 0.25234836 0.12128706 0.32868415
v 0.24717903 0.06134658 0.34043711
v 0.23325482 0.15219729 0.36258864
v 0.30368796 0.12265784 0.25544631
v 0.28290632 0.15291288 0.28344274
v 0.26685524 0.18611856 0.31681520
v 0.42715669 0.81399387 -0.47660249
v 0.39071894 0.79300594 -0.56275606
v 0.47576201 0.79288769 -0.38910693
v 0.02659114 1.45153844 0.38594502
v 0.06003583 1.40279400 0.40321809
v -0.05798061 1.49158537 0.41689050
v -0.11314163 1.48035085 0.47272879
v -0.42171225 1.60174239 0.30351323
v 0.43006659 0.35074556 0.08461452
v 0.43743074 0.30760819 0.05735262
v 0.46659237 0.38684711 0.04595757
v 0.40325108 0.27484822 0.09862071
v 0.46305215 0.43444830 0.07000652
v 0.49963063 0.47268534 0.03216781
v 0.44857961 0.26649824 0.02820496
v 0.50443810 0.42375425 0.01168118
v -0.57772821 1.68812466 0.02103226
v -0.52277136 1.69591725 -0.02064602
v -0.61248034 1.68509507 -0.03674910
v 0.06862412 -0.63632303 -0.15225661
v 0.11348101 -0.64923930 -0.16265734
v 0.14848930 -0.64250422 -0.21949835
v 0.19038552 -0.65955675 -0.22778414
v 0.18872091 -0.63048136 -0.27019560
v 0.65537804 -0.47586840 0.21071254
v 0.62596858 -0.51488584 0.22712676
v 0.62796080 -0.58696818 0.22179617
v 0.38934243 -0.67869049 0.15851486
v 0.42124200 -0.65388155 0.18834949
v 0.35658970 -0.65037286 0.17105590
v 0.45431644 -0.68422025 0.17612487
v 0.48737389 -0.71522146 0.16369627
v 0.12323815 0.70894319 -0.79915559
v 0.04459690 0.71039647 -0.82457322
v 0.10410266 0.78183979 -0.80654979
v -0.05522311 0.77925497 -0.84294534
v 0.02578853 0.78085935 -0.82877260
v 0.00780130 0.85346252 -0.83005273
v 0.08546869 0.85756969 -0.81107408
v 0.17566518 0.78192496 -0.77563548
v 0.98690361 0.89325166 -0.16767679
v 1.02731943 0.84827471 -0.15733120
v 1.03767705 0.93317848 -0.17982185
v 0.99837035 0.97496259 -0.20006928
v 1.07646227 0.88710868 -0.17000389
v 1.11393976 0.83878326 -0.16995360
v 1.07521653 0.95347494 -0.22973794
v 1.10972714 0.91018641 -0.22001597
v 0.98062950 0.81015831 -0.15881231
v 1.02006841 0.76540351 -0.16544874
v -0.04960677 1.46260774 -0.60841101
v -0.11226012 -0.08326973 -0.58420455
v -0.10111868 -0.12448047 -0.54423410
v -0.15944068 -0.15906216 -0.51065254
v -0.12215453 -0.04071485 -0.62939513
v -0.23068435 -0.15582715 -0.50683343
v 0.24952444 0.00407988 0.35322702
v 0.14968202 0.01553124 0.43483680
v 0.18380155 -0.00703523 0.40645903
v 0.15033053 -0.04473144 0.42892891
v 0.21976817 -0.03018038 0.38395679
v 0.18944240 -0.06661919 0.40799260
v 0.15799911 0.07862461 0.44047797
v 0.19657397 0.11663005 0.40529478
v 0.41718283 -0.39781529 0.31422782
v 0.44914460 -0.35665798 0.30954385
v 0.38404033 -0.43796718 0.30871528
v 0.21207657 1.38715184 0.21817751
v 0.18073015 1.42871130 0.21908675
v 0.17798463 1.37513876 0.28465933
v 0.20690158 1.32716322 0.28200316
v 0.24039358 1.34253681 0.21169852
v 0.10545012 1.41211808 0.34220868
v 0.13813312 1.36432278 0.34923738
v 0.14585082 1.42033052 0.28135502
v 0.16857797 1.31444669 0.35040492
v -0.83423626 -0.07839645 0.02224708
v -0.97214776 -0.20289807 0.68742800
v -0.93856323 -0.19400944 0.65365869
v -0.99338228 -0.17421226 0.67287105
v -0.95423597 -0.23484217 0.69700611
v -1.01907301 -0.15155376 0.65286291
v -1.05250883 -0.15814526 0.68682599
v -0.95961088 -0.16680400 0.63869512
v -1.02743626 -0.18200739 0.70744729
v -0.98458546 -0.14455144 0.61925465
v -0.64047807 1.41261315 -0.63708949
v -0.58454126 1.34949744 -0.68632257
v -0.64656973 1.35539937 -0.67181695
v -0.63120157 1.46513987 -0.59646761
v 0.54435569 -0.61057758 -0.45458174
v 0.51792330 -0.47268355 -0.42988670
v 0.48932081 -0.51191068 -0.43395931
v -1.31161594 0.61399561 -0.10440806
v -1.30910015 0.66409290 -0.02684267
v -1.29719114 0.71563590 0.04770316
v -1.29687071 0.64143151 -0.22053850
v -1.28556919 0.71268958 -0.25418887
v -0.01456501 -0.21032588 -0.48006648
v -0.09013210 -0.16436188 -0.51053554
v -0.02267863 -0.16998737 -0.50532377
v 0.04333654 -0.17689086 -0.49541628
v 0.10107651 -0.65592891 -0.05036314
v 0.12150878 -0.65543073 -0.00026540
v 0.08353905 -0.64952248 -0.10140356
v -0.68097866 -0.47777915 0.53502423
v -0.72553426 -0.48522466 0.54768580
v -0.71464497 -0.44469661 0.57195354
v -0.75870860 -0.45382839 0.58441395
v 0.90903884 -0.80265391 0.09098695
v 0.81180704 -0.84556454 0.11391063
v 0.87611699 -0.84012717 0.09878847
v -0.26690233 1.56305969 -0.44553643
v -0.31446338 1.58660138 -0.40120918
v -0.23128076 1.57648075 -0.40870839
v 0.90655690 -0.45238888 -0.07721326
v 0.90135962 -0.47853827 -0.03315452
v 0.93615824 -0.48455238 -0.09142774
v 0.93773812 -0.46133775 -0.13721427
v 0.87644190 -0.41852039 -0.06269194
v 0.87105626 -0.44520980 -0.01848317
v 0.96709639 -0.49243057 -0.15066692
v 0.94941586 -0.57087034 -0.02223975
v 0.95886284 -0.54220629 -0.06264503
v 0.92117524 -0.53943360 -0.00700524
v 0.93065417 -0.51066184 -0.04782608
v 0.96513003 -0.51572251 -0.10540710
v -0.79100192 1.64148426 -0.07234764
v -0.84086323 1.62103820 -0.03122351
v -0.80280364 1.62979460 0.02320842
v -0.82841569 1.62845576 -0.12898710
v -0.87913185 1.60854626 -0.08584169
v -0.73904926 1.65678811 -0.11268321
v -0.64879090 1.67752349 -0.09431307
v 0.71509546 0.88907707 -0.45981407
v 0.67895055 0.86336321 -0.45792353
v 0.75801259 0.89599216 -0.52213621
v 0.68621069 0.87233359 -0.39432096
v 0.40397879 0.93236971 -0.46129990
v 0.41373792 0.86673242 -0.47039235
v 0.36935538 0.91984260 -0.55251563
v 0.37741652 0.84910673 -0.55871737
v 0.45478088 0.82737446 -0.38064271
v -0.26982188 1.23768032 -0.74241620
v -0.26619178 1.17227602 -0.76494473
v -0.19353801 1.12067616 -0.78779089
v -0.26158279 1.10595608 -0.78510457
v -0.19994923 1.18963027 -0.76597768
v 0.01554886 1.57501006 0.17256601
v -1.23072529 0.80822146 -0.38560683
v -1.20955920 0.87147254 -0.40913147
v -1.20754099 0.77252668 -0.45515847
v -1.18738627 0.83624679 -0.47515911
v -1.18578196 0.93165463 -0.42878520
v -1.00069654 1.13544703 0.56268120
v 0.89236414 -0.50719458 0.00827552
v 0.87957639 -0.53818029 0.04666614
v 0.93703884 -0.60140020 0.01562291
v 0.90840822 -0.57022941 0.03106300
v 0.86375976 -0.57100648 0.08226294
v 0.86232728 -0.47402972 0.02339626
v 0.84963995 -0.50523257 0.06208311
v 0.71603495 -0.74390322 -0.51036197
v 0.69062650 -0.78130364 -0.50500876
v 0.68379551 -0.71814191 -0.49941498
v 0.98827225 0.42508751 -0.48744780
v 1.02994227 0.46224642 -0.48695129
v -0.71504694 -0.18339331 -0.16647200
v -0.74701482 -0.16784199 -0.11466762
v -0.67618012 -0.19753037 -0.21681911
v -0.68435305 -0.21656121 -0.13632829
v -0.71983898 -0.20355619 -0.08873549
v -0.64366937 -0.22867326 -0.18308148
v -0.86306161 0.72225207 -0.81142271
v -0.86957335 0.65065891 -0.80317867
v -0.78807741 0.64353424 -0.83839101
v 1.26788020 0.70470965 -0.51900095
v 1.22920108 0.66429102 -0.52923214
v 1.24381471 0.73576552 -0.57199144
v 1.26933551 0.77568436 -0.55444294
v 1.21209311 0.78350371 -0.60988933
v 1.17318702 0.74798566 -0.61988693
v -0.34609568 1.48175180 -0.58352405
v -0.34523129 1.44482422 -0.62328738
v -0.34233874 1.39922512 -0.66148120
v -0.28418672 1.41376925 -0.64947009
v 0.52499205 0.51955843 -0.69519395
v 0.59720182 0.55876231 -0.69071656
v -0.19004196 1.64429867 -0.13808814
v -0.10688350 1.62097549 -0.13582087
v -0.22469701 1.64272320 -0.18521765
v -0.05796572 1.60228491 -0.18393800
v -0.02342484 1.59794164 -0.13175137
v -0.07158723 1.61781037 -0.08505108
v 0.26365513 1.29364276 0.20345047
v 0.23119479 1.27627611 0.27670741
v 0.25294930 1.22219050 0.26831174
v 0.27369693 1.16554558 0.25825763
v 0.09304604 -0.18731917 0.43319440
v 0.02783262 -0.27398556 0.41258454
v 0.06011728 -0.23010533 0.42569250
v 0.01435012 -0.20959879 0.44072187
v 0.04787155 -0.16614608 0.44809455
v 0.12643401 -0.14528723 0.43302757
v 0.34848821 0.76578003 -0.63496518
v -0.27991879 -0.45799750 -0.24498247
v -0.23025540 -0.46767735 -0.26600224
v -0.27096730 -0.49716890 -0.20998633
v -0.16020402 -0.55258280 -0.20509267
v -0.20945156 -0.54232329 -0.18748742
v -0.17133528 -0.51727480 -0.24792418
v -0.22197008 -0.50709873 -0.22997634
v -1.01450896 1.13010085 -0.59275985
v -1.05300951 1.14029634 -0.54537165
v -1.02681875 1.07496226 -0.60503095
v -1.00535131 0.74280292 -0.72001696
v -1.01687002 0.67443705 -0.70892358
v -1.02599311 0.60524911 -0.69426692
v -1.09032512 0.62380821 -0.63536179
v -0.94687104 0.66046363 -0.76070106
v -1.04835677 -0.13498525 0.62963676
v 0.58425874 -0.23660152 0.18736918
v 0.61742532 -0.26830709 0.16837122
v 0.59813219 -0.30305809 0.20330764
v 0.55147028 -0.20531835 0.20863073
v 0.56441653 -0.27112633 0.22262435
v 0.51708049 -0.17553170 0.23024423
v -0.71218854 1.54822958 0.32511204
v -0.73050922 1.57278001 0.27265131
v -0.69348246 1.51880348 0.37701637
v -1.17113590 1.16643643 0.11256713
v -1.18345881 1.18694472 0.00854192
v -1.20112753 1.14144397 -0.04543617
v -1.18527055 1.20608819 -0.09242253
v -1.14696479 1.29316616 0.01022751
v -1.16880560 1.25111711 -0.04092164
v -1.16028500 1.22974658 0.06108725
v -1.14220905 1.20826173 0.16606385
v -1.13236475 1.26979709 0.11259377
v 0.53096843 -0.25367767 -0.33143646
v 0.48350704 -0.27495152 -0.36112183
v 0.49382877 -0.22197728 -0.32871652
v 0.57206643 -0.28434712 -0.33712929
v 0.52948928 -0.30834049 -0.36482519
v 0.51146859 -0.17578165 -0.28617072
v -0.04314574 -0.59692800 -0.18188319
v 0.03870142 -0.63730097 -0.08991707
v 0.02158576 -0.62549776 -0.14172602
v 0.00783726 -0.60549450 -0.19191267
v 1.02437758 -0.57706559 -0.13309570
v 1.02569056 -0.55374497 -0.17781983
v -0.05958441 0.05883336 -0.69638127
v -0.13786797 0.05377465 -0.72376567
v -0.06287917 0.11416428 -0.73589420
v 0.01385285 0.06066325 -0.65943736
v -0.05537415 0.00710329 -0.65330052
v -0.13083270 0.00470038 -0.67669052
v -0.22184294 0.05432659 -0.73370570
v -0.14346254 0.10949535 -0.76679409
v -0.23151298 0.10897169 -0.77548862
v 0.11296877 0.55049855 0.71150076
v 0.03453073 -0.13555755 -0.52068114
v 0.10004288 -0.14468895 -0.50219828
v 0.92862117 0.90986985 -0.61925745
v 0.85584164 0.92481142 -0.57711399
v 0.83642614 0.95860761 -0.52120125
v 0.96849090 0.85392141 -0.64885348
v 1.01111293 0.88501740 -0.64344257
v -0.03594704 1.61178756 -0.03315403
v 0.01106736 1.59040165 -0.07906631
v -0.29838461 1.11432636 0.81541610
v -0.26195708 1.04551959 0.82276720
v -0.22287002 0.97618771 0.82627100
v -0.15407690 1.01544774 0.77972996
v -0.96232325 1.32305777 0.40807599
v -0.95386463 1.28091264 0.47064364
v -0.89311612 1.36495340 0.43558353
v -1.02220821 1.28007424 0.37109321
v -1.01858091 1.23318243 0.43387610
v -0.96686745 1.36326301 0.34727913
v -0.90236789 1.40077519 0.37698513
v -0.88036877 1.32673216 0.49606323
v -0.81806958 1.40758753 0.44592214
v -0.86347204 1.28644204 0.55743539
v -0.80122280 1.37146389 0.50376505
v -0.94262654 1.23691666 0.53533798
v 0.49353552 -0.04095359 0.12880391
v 0.47285891 0.00602292 0.09244877
v 0.50194228 -0.02288273 0.07056357
v 0.50508785 -0.00832465 0.00575205
v 0.48007202 -0.06342320 0.18109260
v -0.17124087 1.46488011 0.52717495
v -0.21085010 1.50918162 0.48546201
v -1.14495230 0.64708811 -0.57167870
v -1.15555716 0.57721788 -0.55159438
v -1.19050431 0.67417467 -0.50371814
v -1.21028972 0.53239292 -0.45630169
v -1.24878883 0.56389374 -0.37916493
v -1.20239592 0.60434961 -0.48090088
v -1.22520423 0.70561820 -0.43195778
v -1.23966050 0.63583529 -0.40675348
v -1.26741242 0.67218399 -0.33076519
v -0.95689094 -0.26198244 0.17263016
v -0.91571927 -0.25573897 0.15072149
v -0.99994183 -0.26903397 0.19874568
v 0.34947079 0.47424316 0.32276142
v 0.38485080 0.51058269 0.26098353
v 0.31555402 0.38488749 0.33800763
v 0.31862342 0.33624727 0.29509753
v 0.34439147 0.53014016 0.36491531
v 0.37894601 0.56541914 0.29864025
v 0.41984001 0.54757172 0.19998769
v 0.41252172 0.60051018 0.23262645
v 0.42367065 0.49560016 0.16950142
v 0.56162196 0.68895400 -0.62866151
v 0.56938666 0.62926865 -0.66911358
v 0.43456516 0.54710120 -0.69486541
v 0.37519318 0.56467235 -0.69912803
v 0.56423807 0.73584086 -0.57421827
v 0.61359054 0.71410352 -0.62619418
v 0.98802871 -0.57288271 -0.07683015
v 1.01828074 -0.60389036 -0.09112681
v 0.60270208 -0.95910901 -0.37925154
v 0.65512562 -0.75590104 0.16774780
v 0.69166553 -0.72275299 0.17845686
v 0.65959197 -0.68990761 0.19223112
v 0.62314451 -0.72308916 0.18081279
v 0.58710718 -0.75328118 0.16318607
v -0.22180249 -0.09798412 0.56938756
v -0.28831673 -0.06055109 0.60554701
v -0.19377974 -0.03647152 0.59465867
v -0.30102855 -0.01967947 0.62549245
v -0.36730540 -0.07957686 0.60782582
v -0.15889168 -0.10154562 0.54590076
v -0.12682645 -0.04981411 0.56400144
v -0.18446344 -0.15435119 0.52597702
v 0.61907595 -0.78511018 0.14901187
v 1.06595087 0.80130368 -0.16305873
v 1.14725256 0.79201478 -0.18513080
v 1.14317679 0.86561584 -0.21845870
v 1.17536449 0.82254827 -0.22496811
v 1.05669355 0.72221863 -0.18465564
v 1.10042977 0.75689298 -0.18356782
v 0.34652114 1.06667364 0.15791279
v 0.36912549 1.00690937 0.14446464
v 0.10918500 1.55220735 -0.16783464
v 0.15593642 1.52797604 -0.21113998
v 0.07605432 1.56450748 -0.22959769
v 0.02655476 1.58166873 -0.17990695
v 0.12385704 1.54260075 -0.27997643
v 0.16964549 1.51257110 -0.33063561
v 0.18565705 1.50828195 -0.14076085
v -0.48145762 1.26652586 0.78910375
v -0.44516501 1.20718431 0.82412302
v -0.60500991 1.26152730 0.75010020
v -0.51974034 1.31283307 0.73541683
v -0.58836758 0.48369789 0.84917343
v -0.76702255 0.43066567 0.74411732
v -1.17978525 0.54443598 0.35218138
v -0.03060874 1.52718580 -0.50967783
v -0.07687182 1.50631177 -0.54937828
v -0.10982672 1.54050732 -0.48795813
v -0.12513605 1.48253119 -0.58235776
v -1.20504117 -0.18682684 0.43670046
v -1.17785835 -0.15968163 0.46234053
v -1.16612220 -0.18107991 0.40234470
v -1.19006133 -0.21450962 0.37965035
v -0.77352780 -0.17615037 0.00487121
v -0.73421282 -0.22868355 -0.02477161
v -0.70018965 -0.24034424 -0.06786291
v -0.72412360 -0.26851255 -0.01404122
v -0.79184860 -0.13620843 -0.01179105
v -0.74916220 -0.18990831 -0.04115063
v -0.80454689 -0.12104668 0.03765034
v -0.38381809 1.55358124 -0.47726524
v -0.59911537 1.55089068 -0.49978566
v -1.26378751 0.90138566 0.03048750
v -1.24898386 0.96609133 -0.01384681
v 0.42720571 -0.80418223 0.05041938
v 0.39581671 -0.77376676 0.06217179
v 0.53122455 -0.96302062 -0.10525242
v 0.51343280 -0.95873886 -0.15195653
v 0.56101018 -0.98993748 -0.12121318
v 0.54223508 -0.98627669 -0.16744836
v 0.59021419 -1.01763237 -0.13747099
v 0.61334676 -1.01676774 -0.09397241
v 0.64003056 -1.01103795 -0.05329991
v 0.58398533 -0.98841220 -0.07712170
v 0.55458456 -0.96027344 -0.06114211
v -0.09672889 0.76960647 0.82084817
v -0.16666286 0.71803927 0.85605729
v -1.16393542 1.26837564 -0.14131613
v -1.17411971 1.22114873 -0.19041921
v -1.15261078 1.23263955 -0.28395373
v -1.14720321 1.28036153 -0.23843896
v -1.00316477 -0.13529937 0.32597482
v -0.95539284 -0.12873624 0.29381418
v -0.20397894 0.71000522 -0.86727309
v -0.13627444 0.77741754 -0.85158926
v -0.19262327 0.64311677 -0.87351656
v -0.29402158 0.77560604 -0.86546558
v -0.21576220 0.77611583 -0.85859329
v -0.28537032 0.70939219 -0.87681186
v -0.15058176 0.84462357 -0.84437561
v 0.29881656 0.21878883 0.26905996
v 0.31235987 0.18348329 0.23689254
v 0.33028740 0.25080338 0.22077565
v 0.28919771 0.25751162 0.30606329
v 0.28257936 0.30055335 0.34787285
v 0.25436306 0.22267437 0.35509193
v -0.57797366 1.49237037 0.46537471
v -0.58978665 1.38650572 0.60995585
v -0.62019008 1.41953421 0.54759359
v -0.64714980 1.45340824 0.48767501
v -0.70812821 1.56959355 -0.44948512
v -0.65337765 1.56159651 -0.47670788
v -0.72961211 1.52935922 -0.50158280
v -0.67391258 1.52177036 -0.52848613
v -0.74583459 1.48116195 -0.54858363
v 0.15678976 -0.11183004 -0.50213832
v 0.21986550 -0.12530412 -0.47259933
v 0.90478468 1.04480612 -0.45276976
v 0.86710221 1.01370323 -0.45732820
v -0.38188061 -0.46624058 0.39574867
v -0.42597368 -0.47116381 0.41492587
v -0.40995267 -0.50351799 0.35471094
v -0.31204736 -0.41882795 0.41090357
v -0.35622084 -0.42185444 0.43145055
v -0.33874232 -0.46326923 0.37504804
v -0.36716339 -0.50077701 0.33363092
v -0.26867604 -0.41853321 0.38966465
v -0.29614857 -0.46231008 0.35336387
v -0.39764836 -0.52989042 0.28783083
v -0.44028637 -0.53226125 0.30928308
v 0.45901906 0.53428805 0.11694415
v 0.45412856 0.58501065 0.14059265
v 0.44472945 0.63514715 0.16719992
v -0.70713878 0.49336749 0.80730379
v -0.76028675 0.56731313 0.80746382
v 0.61428058 -0.13795729 -0.00441571
v 0.64352441 -0.16680978 -0.02005074
v 0.67457640 -0.19601943 -0.03423755
v -0.15071604 1.52489185 0.43462634
v -0.93661630 -0.01605317 -0.35426193
v -0.97821563 0.03116991 -0.39356899
v -0.89372385 -0.03511581 -0.42368788
v -1.01464462 0.08445967 -0.43080944
v -1.14856815 -0.20917206 0.34682477
v -1.12467694 -0.17439596 0.36822349
v -1.20757222 -0.25494796 0.36254990
v -1.16704082 -0.24944843 0.32985818
v 0.71991152 0.80746508 -0.22239918
v 0.75185847 0.77251786 -0.18805443
v 0.75198478 0.83002359 -0.22987534
v 0.69073027 0.78607082 -0.21177253
v 0.78677642 0.85629594 -0.23335178
v 0.78508168 0.79652750 -0.19489585
v 0.82154316 0.75731516 -0.17246413
v -0.67599916 -0.54080713 0.45303303
v 0.46341991 0.22711651 -0.00494033
v -1.20031953 0.98362011 0.27361608
v -1.22954059 0.93445808 0.20928375
v -1.20146918 0.92211360 0.32726693
v 0.77279907 0.86462915 -0.57846808
v 0.81424004 0.89430386 -0.57856035
v 0.75269705 0.91694200 -0.46067315
v 0.79709637 0.92651349 -0.52231318
v 0.79753375 0.82203001 -0.62501472
v 0.84186429 0.85037673 -0.62421584
v -0.49184021 -0.24864472 0.58485115
v -0.54823267 -0.26301229 0.59128481
v -0.43438444 -0.23567183 0.57678097
v 0.53582078 0.51143485 -0.00198834
v 0.54273373 0.46097404 -0.01846164
v 0.59405208 0.44611782 -0.06462624
v 0.58067113 0.49700499 -0.04447039
v 0.93203437 -0.69847924 0.06596161
v 0.90870792 -0.73480439 0.09141457
v 0.31162602 -0.35315573 -0.41455525
v 0.19229436 0.53320879 0.63086218
v 0.13536049 0.48643911 0.67550170
v 0.20729411 0.47161376 0.58841723
v 0.11015075 0.31885582 0.62441468
v 0.12629198 0.26789877 0.57822376
v 0.15290202 0.42522585 0.63320875
v -0.42978722 -0.54916549 0.23901655
v -0.47244281 -0.55105621 0.26101470
v -0.46275121 -0.55595583 0.18872878
v -0.54885578 -0.55841523 0.23285125
v -0.50574303 -0.55664885 0.21139686
v -0.38731372 -0.54896641 0.21620800
v -0.53837872 -0.55011904 0.16259189
v -0.49504927 -0.55086714 0.13901661
v 0.35456154 -0.59681869 0.21513315
v 0.32082900 -0.56973094 0.22947840
v 0.32367930 -0.62319976 0.18408443
v 0.28617659 -0.54416364 0.24520294
v 0.28988904 -0.59757519 0.19814830
v 0.35265672 -0.53915673 0.25682205
v 0.26008293 -0.62222672 0.16307616
v 0.29411462 -0.64636093 0.14921108
v 0.51019877 0.79318041 -0.19524808
v 0.48534191 0.83075082 -0.18287700
v 0.47376156 0.83208013 -0.28050065
v -0.22721693 1.53543580 -0.49960852
v -0.19581467 1.50113940 -0.55575031
v -0.26626837 1.51735616 -0.53141081
v -0.30201417 1.54772222 -0.47988886
v -0.33754528 1.53090477 -0.51192409
v -0.24037616 1.47984087 -0.58476067
v -0.28941852 1.46048939 -0.60657769
v -0.30680442 1.50021362 -0.55824172
v -0.15244445 1.52126181 -0.52378893
v -0.17532453 1.45758069 -0.60997289
v 0.63956946 0.68585044 -0.12372154
v 0.66245753 0.63925874 -0.10871549
v 0.66537201 0.70787090 -0.14606667
v 0.63281065 0.61281669 -0.08622145
v 0.65239888 0.56129313 -0.08964659
v 0.68709004 0.58924788 -0.10798880
v 0.69239599 0.66340804 -0.12752728
v 0.72140801 0.61505502 -0.12359007
v 0.29839090 0.55240154 0.47258240
v 0.33581501 0.58847570 0.40557748
v 0.36928087 0.62244433 0.33543044
v 0.28750244 1.40418363 -0.12149339
v -0.79063690 0.57177383 -0.82730407
v -0.03025193 1.56738782 -0.39944303
v -0.11294094 1.57763028 -0.38487756
v 0.14225179 0.22273004 0.53159469
v -0.12101176 -0.60031545 0.01856844
v 0.84344220 0.32018727 -0.47933620
v 0.77145028 0.30429739 -0.54561353
v 0.29363725 0.11946200 -0.59635216
v 0.35275719 0.09411475 -0.55739903
v 0.28111893 0.06144999 -0.56170183
v 0.33725250 0.03951974 -0.52077055
v 0.38784435 0.02129632 -0.46949446
v 0.40504721 0.06896489 -0.50622362
v -0.87053674 1.43368089 -0.52357739
v -0.92517799 1.43190277 -0.48496258
v -0.85777330 1.48817122 -0.48103905
v -0.80235445 1.48620343 -0.51715881
v -0.81484693 1.43129861 -0.55873698
v -0.91302216 1.48564565 -0.44193435
v 0.29499435 1.10717523 0.24735720
v 0.31811759 1.04788768 0.23577626
v -0.29209125 1.57038271 0.37679368
v -0.32885292 1.59362519 0.31738073
v -0.75384068 1.09970021 0.79353189
v -0.78669190 1.15080154 0.73823774
v -0.81596237 1.19843674 0.67959058
v 0.93780357 0.77499706 -0.16350803
v 0.89771998 0.74329847 -0.16566858
v 0.13168900 0.10709048 0.47991645
v 0.10839631 0.13890386 0.52095318
v 0.08401768 0.06394862 0.50572103
v 0.17679216 0.14781445 0.44367915
v -0.00639513 0.04268736 0.56098068
v 0.03366760 0.02024715 0.52286577
v 0.05316284 0.09154131 0.54603100
v 0.11644585 0.03892092 0.46790749
v 0.06029800 1.57166469 -0.12383501
v -0.17342766 0.50689119 -0.87869227
v 0.15145485 -0.06463943 -0.53005803
v 0.08716124 -0.05288748 -0.55832601
v 0.14892288 -0.01373760 -0.56117237
v 0.09253506 -0.10065396 -0.52828449
v -1.06371784 -0.60865200 0.57066107
v -1.03416920 -0.60609466 0.60409927
v -1.03739190 -0.59929669 0.66537917
v -1.06627035 -0.61134541 0.63331556
v -1.00611520 -0.59384859 0.63659513
v -1.00213337 -0.60117877 0.57722825
v -1.03157878 -0.60413796 0.54344326
v -0.15031666 1.56592691 -0.42651176
v -0.06877916 1.55658579 -0.44679385
v -0.18844597 1.55154562 -0.46449023
v -0.45915541 -0.22210200 -0.36881465
v -0.52144444 -0.22108375 -0.34059721
v -0.49196720 -0.19493712 -0.41360837
v -0.59613138 -0.17099784 -0.43709826
v -0.52570689 -0.16780032 -0.46420801
v -0.55813146 -0.19558601 -0.38602877
v -0.61873502 -0.19198565 -0.34974891
v -0.57931852 -0.21683271 -0.30544692
v -0.66117775 -0.16786407 -0.39950836
v -0.28132710 -0.57923925 0.02067272
v -0.32408345 -0.57165676 0.04267953
v -0.29365656 -0.57140297 0.09544156
v -0.39500386 0.05511155 -0.73081762
v 0.19038764 -0.59636158 -0.30852872
v 0.23340455 -0.61613476 -0.31477308
v 0.24053422 -0.57769048 -0.34650385
v 0.68486738 -0.23811589 -0.21684086
v 0.72240359 -0.26791841 -0.22705339
v 0.65138900 -0.24806695 -0.26290423
v 0.69008023 -0.27741671 -0.27261829
v 0.76027125 -0.29979610 -0.23755899
v 0.72934890 -0.30852664 -0.28284422
v -0.48138291 -0.53796208 0.06654502
v -0.46329725 -0.51837426 -0.00465389
v 0.88623077 0.87935323 -0.62260038
v 0.92478967 0.82341874 -0.65266246
v 0.64007103 0.74544674 -0.17889550
v 0.66451967 0.76503408 -0.19837713
v 0.50230837 0.00331539 -0.06739471
v 0.52871293 -0.03947686 -0.01390867
v -1.03170419 0.53564465 -0.67576766
v -1.09826517 0.55437779 -0.61693513
v -1.10275316 0.48359740 -0.59615189
v -1.03350616 0.46595317 -0.65656984
v -0.95629209 0.45207012 -0.70871860
v -0.87209541 0.44034564 0.67064446
v -0.82086444 0.50309974 0.74307048
v -0.92639685 0.51167858 0.66130114
v -0.87404424 0.57581061 0.73380494
v -0.91517508 0.38153434 0.59222037
v -0.96997440 0.45112079 0.58278644
v -0.81276721 0.64101762 0.79860854
v -0.92565954 0.64695489 0.71619993
v -0.97836876 0.58287823 0.64329773
v 0.15902460 0.18304110 0.48643029
v -0.93796009 0.73102719 -0.77035457
v -0.06831536 -0.00474882 0.56603873
v -0.01761571 -0.02353682 0.53058088
v 0.48762459 -0.82056111 0.07596992
v 0.43225932 -0.84506291 -0.00322912
v 0.51895893 -0.80204594 0.10980730
v 0.55037874 -0.83370298 0.09664364
v 0.45835572 -0.83515722 0.03832477
v 0.51880538 -0.85187596 0.06296670
v 0.46336776 -0.87468106 -0.01651770
v -0.67007089 1.34100354 0.62426245
v -0.69836694 1.37759066 0.56060892
v -0.94021684 0.25062883 -0.64712393
v -0.92920017 0.18588281 -0.62335038
v -1.01819932 0.25915396 -0.59161091
v -1.00496626 0.19286561 -0.56626445
v -1.08679295 0.27253860 -0.52430779
v -1.06896353 0.20629996 -0.49569619
v -1.03205860 0.39615852 -0.63645607
v -1.02753806 0.32691592 -0.61509138
v -1.09758592 0.34159577 -0.55046129
v -0.70193696 -0.56423992 0.41193128
v -0.73096156 -0.57483727 0.36850172
v -0.68830329 -0.57147431 0.35207129
v -0.16640106 0.43764281 -0.87617528
v -0.46103352 1.27998209 -0.72284156
v 0.10502505 -0.48062223 0.27599764
v 0.14460112 -0.50293016 0.26057601
v 0.20864630 -0.43217915 0.32157737
v 0.17657435 -0.46890491 0.29356349
v 0.24646121 -0.45830786 0.30532074
v 0.21444455 -0.49342382 0.27724999
v 0.18273026 -0.52573651 0.24460854
v 0.15183759 -0.55448627 0.20741576
v -0.04892716 -0.04090662 -0.60984296
v 0.08433820 -0.00119451 -0.59130245
v 0.01617213 0.00641133 -0.62224722
v 0.08397721 0.05399600 -0.62499547
v 0.02066321 -0.04456428 -0.58488888
v -1.27125502 -0.52604014 0.50333190
v -1.29583836 -0.49167222 0.48694253
v -0.80729681 -0.06793371 0.30561620
v -0.87902927 -0.09904595 0.29200548
v -0.83802122 -0.08934386 0.26733220
v -0.78559166 1.53617001 0.29195607
v -0.84878558 1.49956882 0.29301548
v -0.77559209 1.51017189 0.33942771
v -0.90966523 1.47137582 0.26934856
v -0.90937579 1.43462694 0.32199270
v -0.83205146 1.44106317 0.39072138
v -0.76136184 1.48016775 0.39015037
v -0.84253258 1.47187996 0.33881330
v 0.84411722 -0.38417816 -0.04882693
v 0.87582272 -0.39599627 -0.10999897
v 0.90239698 -0.41088486 -0.17217481
v 0.90760475 -0.42914617 -0.12355424
v 0.83962077 -0.41075736 -0.00387427
v 0.81003159 -0.34989530 -0.03599806
v 0.80616754 -0.37627250 0.00981304
v 0.63047385 0.65810621 -0.66496253
v -0.69563007 1.20743620 0.74839312
v -0.72714418 1.25202811 0.68804944
v -1.01095009 -0.36508554 0.20023499
v -1.05337811 -0.37117171 0.22926344
v -1.09666610 -0.37694365 0.25851822
v -1.00844216 -0.31680137 0.19678015
v -1.05257177 -0.32326901 0.22482143
v -0.66424268 0.07948148 0.51211929
v -0.59959722 0.06563964 0.55511385
v -0.59281093 0.01743889 0.54016101
v -0.39683595 1.21911800 -0.74602920
v -0.33314040 1.22500455 -0.74448681
v -0.39590877 1.15609741 -0.76503813
v -0.39766592 1.27985382 -0.72317064
v -0.33451906 1.28675020 -0.72086686
v -0.33787513 1.34553051 -0.69361496
v -0.91931856 -0.52326727 0.25536740
v -0.89899850 -0.48371661 0.20413180
v -0.87958592 -0.51849985 0.23253940
v -1.09117460 1.14457214 -0.49091274
v -0.78038442 1.33342052 0.56405938
v -0.75536883 1.29385352 0.62621087
v -0.55563736 1.35120535 0.67513269
v -0.72258705 1.41343808 0.50040090
v 0.25130019 -0.71174830 0.01136498
v 0.21746647 -0.68870735 0.02315798
v 0.26518333 -0.73781979 -0.04751084
v 0.27396655 -0.70361525 0.05625027
v 0.93723875 0.70010614 -0.17094603
v 0.97549313 0.65790159 -0.18920374
v 0.97737950 0.73141265 -0.16870174
v 0.85997838 0.71452183 -0.16346674
v 0.89918947 0.67057598 -0.16852878
v -0.06239821 -0.57500833 0.12145445
v -0.10498120 -0.56382674 0.13893653
v -0.09231718 -0.59103113 0.07082810
v -0.03149755 -0.55310518 0.16951373
v -0.07369056 -0.54009718 0.18699600
v -0.14728484 -0.55391830 0.15737303
v -0.11586102 -0.52816224 0.20531978
v -0.04201777 -0.51068133 0.23151232
v -0.08435977 -0.49723393 0.24968423
v -0.92572153 -0.30426407 0.70383322
v -0.93922824 -0.26897472 0.70190156
v -0.95740122 -0.31583434 0.73610282
v -0.89284128 -0.29290277 0.67428267
v -0.91480935 -0.34077144 0.70217341
v -0.94488120 -0.35258597 0.73294759
v 0.49651670 0.79737484 -0.29130304
v 0.00207438 1.17743027 0.61356455
v -0.93587810 -0.55477703 0.31154764
v -1.01330137 -0.56263298 0.36328167
v -0.97517037 -0.55935001 0.33651018
v -0.94858432 -0.57777441 0.37099767
v -0.98622543 -0.58125359 0.39654934
v -0.89598781 -0.54941934 0.28866333
v -0.71591324 0.00596549 -0.61540550
v 0.33585289 0.74119276 0.39856273
v 0.38464901 0.71120453 0.29476702
v -0.92505014 -0.10580863 0.32002622
v -0.97231340 -0.11331011 0.35190523
v -0.98709244 -0.10552405 0.41368157
v -1.01949430 -0.12026398 0.38590443
v 0.99162942 1.08260310 -0.48986202
v 1.09307337 1.04616845 -0.49533153
v 1.07339597 1.05175090 -0.44138575
v 1.03800559 1.09163725 -0.46591693
v 0.97848433 1.09031963 -0.42757326
v 0.94129783 1.07195318 -0.44365722
v 0.60501498 -0.12735917 -0.06227374
v 0.58585072 -0.10944162 0.01245113
v 0.63337564 -0.15527807 -0.07611544
v -0.69164884 -0.04594181 -0.57594860
v -0.35069284 0.42827260 -0.91225868
v -0.44324210 0.42360380 -0.91951722
v -0.35339010 0.49988633 -0.90939689
v -0.35720721 0.57052302 -0.90275824
v -0.26969391 0.57335925 -0.89222783
v -0.26332355 0.50379544 -0.89675635
v -0.44390291 0.49589747 -0.91323757
v -0.44499233 0.56758219 -0.90702379
v -0.53508002 0.42062125 -0.90648597
v 0.45824301 -0.07096246 -0.29464066
v 0.50721586 -0.10231738 -0.23091577
v 0.46989232 -0.10878731 -0.28668281
v 0.49186081 -0.06683035 -0.23162064
v 0.48393553 -0.02786852 -0.23735385
v 0.51907241 -0.06372617 -0.16502789
v 0.50399464 -0.02672076 -0.15975113
v 0.31821510 -0.51145357 0.27216119
v 0.35087395 -0.47589231 0.29364103
v 0.38568118 -0.50446779 0.27708638
v 0.38673785 -0.56730056 0.24192308
v -1.11331940 1.33302236 -0.28884685
v -1.10373783 1.37953424 -0.24417169
v -1.08777928 1.42253149 -0.19654953
v -1.12254357 1.37114358 -0.14360464
v -1.13797855 1.32732093 -0.19192199
v -1.06267655 1.42252541 -0.29763895
v 0.66972965 -1.00014400 -0.01604152
v 0.61056292 -0.98188442 -0.03596499
v 0.58091885 -0.95329362 -0.01961194
v 0.64005309 -0.97038370 0.00158505
v -0.95904303 1.44720936 0.23481490
v -0.96590918 1.40488565 0.28961170
v -1.00523806 1.42261386 0.19598006
v 0.34245992 0.98854387 0.22298928
v 0.77268344 -0.34131145 0.02344652
v 0.73065799 -0.33609134 0.08042439
v 0.69738317 -0.30196404 0.09523238
v 0.68412632 -0.33392054 0.13486961
v 0.73872310 -0.30703878 0.03690151
v 0.74257863 -0.28077233 -0.00985330
v 0.77592325 -0.31528383 -0.02315669
v -0.52042693 -0.27852166 -0.23415777
v -0.46713167 -0.28430396 -0.26792970
v -0.50245714 -0.31291288 -0.20785116
v -0.55278945 -0.30528998 -0.17110401
v -0.39011434 -0.36309755 -0.24805088
v -0.44009227 -0.35562211 -0.21744178
v -0.39902970 -0.32595211 -0.27147591
v -0.45084143 -0.31976551 -0.24095394
v -0.41274059 -0.28936005 -0.29768932
v -0.48977110 -0.34802151 -0.18475309
v -0.49091980 -0.25070405 -0.30053920
v -0.43324512 -0.25413609 -0.32953542
v -0.75444710 -0.41186482 0.59995991
v -0.70893151 -0.40084916 0.58876598
v 0.99370319 -0.51838219 -0.32042390
v 0.96329409 -0.48925704 -0.30744702
v 1.01205969 -0.52119267 -0.27251256
v 0.98211890 -0.49160200 -0.25969490
v 0.46504283 -0.90532833 -0.23203462
v 0.43340990 -0.87948126 -0.21770748
v 0.46435100 -0.88343698 -0.27742994
v 0.49612796 -0.90899116 -0.29189593
v 0.50205898 -0.88157421 -0.33364081
v 0.52804852 -0.93424898 -0.30675691
v 0.43224773 -0.85769409 -0.26332560
v 0.51179248 -0.85099953 -0.37218368
v 0.53455663 -0.90706819 -0.34833962
v 0.05854431 -0.64190781 -0.03827290
v 0.01452415 -0.62927359 -0.02559344
v 0.08090812 -0.63951790 0.01241693
v 0.03870359 -0.62530977 0.02569985
v -0.80197620 0.11087704 0.40703082
v -0.77926105 0.14914213 0.48483616
v -0.85763663 0.16210431 0.41949147
v -0.87384355 0.12318897 0.34044421
v -0.93438083 0.17368217 0.34501308
v -0.80251259 0.25108904 0.58261645
v -0.83421004 0.20438808 0.50110835
v -0.74899757 0.19156672 0.56429064
v -0.89236814 0.26326975 0.51043612
v -0.91698706 0.21675760 0.42673212
v -0.85906780 0.31426185 0.59307170
v 0.89307147 -0.60264617 0.06668308
v 0.92171729 -0.63367653 0.05074177
v -0.40063214 1.30827272 0.75922137
v -0.36527568 1.24670124 0.78631544
v -0.33183503 1.18151188 0.80382729
v 0.84129506 -0.87634701 0.09729418
v 0.70560181 -0.93293732 0.06336302
v -1.06937766 1.28784978 0.26663244
v -1.07314610 1.23611724 0.32606262
v -1.02189231 1.32651269 0.30929822
v -1.01662469 1.37440407 0.25152159
v -1.07315063 1.18508887 0.38706863
v -1.23930955 -0.52283061 0.46365064
v -1.26185179 -0.48747146 0.44572628
v 0.60234779 0.58286273 -0.06096566
v 0.61712486 0.53067309 -0.06812977
v 0.71411884 0.53863281 -0.11984468
v 0.67495221 0.50976312 -0.10372536
v -0.45987666 1.03216910 -0.80536276
v -0.39436334 1.09307742 -0.78357947
v -0.52917755 1.03559434 -0.80559087
v -0.61172265 -0.53146678 0.14102042
v -0.65418077 -0.53190190 0.16393477
v -0.63859892 -0.50409544 0.10105863
v -0.58149058 -0.55057061 0.18532613
v -0.62425524 -0.55193496 0.20679057
v -0.70276630 -0.46857357 0.09342949
v -0.66122568 -0.46962494 0.06738477
v -0.70124680 0.13480411 0.53934431
v -0.66322821 0.17858005 0.61558276
v -0.76221001 0.30293667 0.66149974
v -0.71013111 0.23901814 0.64234155
v -0.11306720 1.06679249 -0.80900288
v 0.83066958 -0.44010562 0.03799129
v 0.80234253 -0.50471127 0.11287880
v 0.51520431 0.65968949 0.02302824
v 0.48637921 0.62252665 0.08219843
v 0.52418202 0.61235589 0.01761753
v 0.54038876 0.69446903 -0.03841650
v 0.55205476 0.64967495 -0.03049755
v 0.49248368 0.57301450 0.06621749
v 0.53065181 0.56252944 0.00949914
v 0.49657172 0.52284467 0.04961660
v 0.46135461 0.48386514 0.09336711
v -0.08728674 0.92001039 -0.83338213
v -0.10095634 0.99299502 -0.82351887
v -0.53301179 0.56516725 -0.90178055
v 0.70628834 -0.22722892 -0.04760231
v 0.66386336 -0.18341015 -0.08895186
v 0.26266792 1.08869505 0.32225913
v 0.23964283 1.14759338 0.33224225
v 0.22849211 1.06886148 0.39700770
v 0.28760949 1.02898335 0.31161976
v 0.25585881 1.00867236 0.38761848
v -0.03267712 -0.19036765 0.45811683
v 0.00127073 -0.14654441 0.46782994
v -0.08121143 -0.17463173 0.47882694
v -0.01787938 -0.25427675 0.42739505
v -0.06453684 -0.23706086 0.44425732
v -0.11193734 -0.22344141 0.46362925
v 0.58767688 -0.12351899 -0.12136492
v 0.56145865 -0.12674658 -0.17919147
v 0.56272382 -0.09485607 -0.10948451
v 0.57845277 -0.09886898 -0.04750092
v 0.53954107 -0.06464550 -0.09746523
v 0.53814834 -0.09710650 -0.17118119
v -0.92470974 1.19101894 0.59833366
v -0.84161735 1.24413073 0.61878216
v -0.90275067 1.14276683 0.65914470
v 1.24263334 0.81998986 -0.58702058
v -0.90569127 -0.37793219 0.69799191
v -0.93504113 -0.38956511 0.72695535
v 0.57580090 0.74239194 -0.15550354
v 0.55974698 0.72259212 -0.10086937
v 0.59705698 0.70553792 -0.11893552
v 0.61466759 0.66125232 -0.09658358
v 0.58920389 0.63339239 -0.06452675
v 0.61754054 0.72616839 -0.15290716
v 0.59364194 0.75710034 -0.19717909
v 0.57563126 0.68096966 -0.07739116
v -1.01291466 0.14169908 0.18585756
v -1.00823236 0.18316562 0.26376349
v -1.07714605 0.19207852 0.17671396
v -1.07102728 0.23761143 0.25631630
v -0.99625528 0.22820315 0.34409761
v -0.94450891 0.13308771 0.26654035
v -0.88721186 -0.29782730 0.12679860
v -0.88961399 -0.34667641 0.12991345
v -0.92531067 -0.30335617 0.14760703
v -0.85213703 -0.29454482 0.10534132
v -0.92800367 -0.35222203 0.15172619
v -0.96619338 -0.30996728 0.17027704
v -0.92424983 -0.39980131 0.16240428
v -0.88553995 -0.39433092 0.14013870
v 0.17903414 1.18757403 0.41270280
v 0.21780485 1.20536768 0.34107780
v -1.11412358 0.66082042 0.50882459
v -1.02698612 0.65295208 0.61751497
v -1.10956454 0.78618962 0.54596812
v -1.18492365 0.67090380 0.39463621
v -1.15167260 0.72771573 0.47183609
v -1.09302616 0.16301477 -0.38645434
v -1.04466510 0.14345774 -0.46466839
v -1.05815148 0.10567121 -0.35341579
v -1.13511848 0.18626583 -0.30492479
v -1.09581470 0.12894663 -0.27238837
v -1.12161016 0.22542997 -0.41858858
v -0.52977681 0.97363305 -0.82767433
v -0.53037739 0.91041142 -0.84851211
v -0.59186661 -0.56060153 0.25314832
v -0.52520430 0.05841251 0.60320961
v -0.54487920 0.10986690 0.62412375
v -0.43660158 0.05692481 0.64254910
v -0.24124691 -0.50377452 0.26730746
v -0.28293628 -0.50046372 0.28949982
v -0.27197742 -0.53326786 0.22028659
v -0.25366041 -0.46353424 0.33182555
v -0.35540456 -0.52901024 0.26544458
v -0.31349105 -0.53013444 0.24287473
v -0.32488585 -0.49972707 0.31167936
v -0.21131448 -0.46808207 0.31037784
v -0.22531302 -0.42090827 0.36877710
v 0.21746230 0.18633462 0.40164775
v -0.03224030 -0.12916212 -0.53535807
v 0.02664333 -0.09185107 -0.55071431
v -0.04136793 -0.08627184 -0.56994390
v -1.18214321 1.12585759 -0.28788435
v -1.15471625 1.18456793 -0.32742053
v 1.05001044 0.65078008 -0.21826820
v 1.08995819 0.68307209 -0.21522684
v 1.01492739 0.68958104 -0.18834873
v 1.13040733 0.71655953 -0.21400362
v 0.05846101 1.56477904 0.12067038
v 0.08273922 1.53788173 0.16932952
v -1.12093163 1.23709464 -0.37081075
v -1.11910653 1.28492558 -0.33128852
v -1.08008814 1.27795756 -0.41931844
v -1.15503097 1.13604701 -0.36868691
v 0.24060085 -0.67954552 0.06839595
v 0.18170072 -0.66815674 0.03547123
v 0.93541080 -0.90190381 0.06318402
v 0.93952090 -0.83364421 0.07458204
v 0.90650821 -0.87136322 0.08327713
v -1.30916786 0.54066479 -0.06738786
v -1.30745196 0.59160477 0.01243167
v -1.29491258 0.64459610 0.08902156
v -1.29378319 0.51867986 0.04977711
v -1.28144622 0.57288247 0.12763825
v -1.30221987 0.56821519 -0.18559906
v -1.13558626 0.20391625 0.08144121
v -1.12413645 0.16593356 0.00039082
v -1.07483625 0.15156335 0.09782363
v -1.19049382 0.26206443 0.06020313
v -1.17826462 0.22159876 -0.02303397
v -1.10538363 0.13255435 -0.08043687
v -1.15777469 0.18622217 -0.10653543
v -1.22464538 0.28346312 -0.05045741
v 0.30386376 0.06575171 0.27509344
v 0.27723947 0.03584738 0.31616682
v 0.28533244 -0.01959300 0.33419222
v 0.33574018 0.03999484 0.25449264
v 0.31104857 0.01120418 0.29639763
v 0.24201524 0.57554889 0.57565957
v 0.25584772 0.51369119 0.53430319
v 0.28532845 0.61388886 0.51211584
v 0.32263914 0.64887339 0.44252473
v 0.30460563 0.71085733 0.47449416
v 0.26717156 0.67698443 0.54577267
v -1.12329125 -0.59156704 0.50661510
v -1.09355330 -0.60366476 0.53782278
v -0.49094862 -0.19774158 0.59401983
v -0.55010700 -0.21369033 0.59650505
v -0.55733514 -0.16841306 0.59764713
v -0.43069744 -0.13620578 0.59996367
v -0.49574754 -0.15154286 0.59945577
v -0.43041962 -0.18362962 0.58822715
v 0.19447041 1.26117158 0.34771842
v 0.15385495 1.24504280 0.41756582
v 0.16818170 1.49832785 0.10203348
v 0.17205468 1.47490418 0.15716961
v 0.14767154 1.46697640 0.21419196
v 0.13745515 1.50273144 0.16084570
v 0.11283439 1.50372005 0.20189682
v -0.99946988 -0.10538547 0.47624952
v -1.03238034 -0.11287825 0.44800335
v -1.00828731 -0.11377315 0.53717732
v -1.07499337 -0.11887722 0.48242235
v 0.69976670 -1.03045905 -0.03544952
v 0.70192105 -0.98410648 0.01722004
v -0.13555789 -0.58155417 0.08832356
v -0.17842722 -0.57329547 0.10668205
v -0.58793753 1.28907239 -0.71324205
v -0.65139925 1.29474556 -0.70077246
v -0.69971156 1.42018056 -0.61611259
v -0.70750678 1.36176145 -0.65127599
v -0.71391189 1.30056345 -0.68202478
v -1.03093505 0.88724303 -0.67122489
v -0.99094957 0.81047714 -0.72433716
v -1.05904496 0.96391547 -0.61669409
v -1.01489782 0.94877732 -0.66909057
v -0.36154136 0.64037329 -0.89547378
v -0.27713805 0.64195102 -0.88567877
v -0.70389640 0.63848233 -0.86572540
v -0.70569950 0.56667638 -0.85879046
v -0.32635841 1.34089673 0.71527725
v -1.11948228 1.33153975 0.06057008
v -1.14921618 1.31340027 -0.09159161
v -0.09608429 -0.44750935 0.30774540
v -0.13905214 -0.43576866 0.32738364
v -0.12676221 -0.48532242 0.26887167
v -0.16911715 -0.47516024 0.28898716
v -0.15779695 -0.51828653 0.22508465
v -0.19958267 -0.51017356 0.24585529
v -0.23064069 -0.53846914 0.19821326
v -0.18913086 -0.54529464 0.17712474
v -0.18216470 -0.42646873 0.34755850
v -1.26270819 0.38060683 -0.20094359
v -1.23080754 0.34581840 -0.28611195
v -1.23748159 0.31107387 -0.16765298
v -1.17128706 0.21382362 -0.22111332
v -1.20209646 0.24583146 -0.13598934
v -1.20480275 0.27801034 -0.25336078
v -1.16656971 0.24929541 -0.33742315
v -1.19002819 0.31664664 -0.36926925
v -1.27687669 0.45331115 -0.23454759
v -1.24533033 0.41755271 -0.31832588
v -1.20485330 0.38719451 -0.39998287
v -0.60288942 0.97731495 -0.82482940
v -0.67656416 0.98146850 -0.81607145
v -0.97587544 -0.36579502 0.76467770
v 1.14877081 0.62463301 -0.30197692
v 1.18562198 0.66037905 -0.29894716
v 0.67212164 -0.95359343 0.03450134
v 0.52411169 -0.93291837 -0.04518979
v -1.08621264 1.36628246 0.10884571
v -1.04780221 1.39612496 0.15451558
v -1.10006499 1.30703175 0.16223305
v 0.65134335 -0.69217557 -0.48840207
v 0.59040093 -0.70394677 -0.47011828
v 0.56569129 -0.74267852 -0.45565319
v -0.67187059 1.48730600 0.43053770
v -0.74272805 1.44800580 0.44371885
v 0.55500680 -0.67741030 -0.45867503
v 0.48795736 -0.14363821 -0.28470519
v 0.46415490 -0.18859126 -0.32792854
v 0.66913402 0.27181894 -0.23089357
v -0.28731447 0.14867122 0.71920842
v -0.36211023 0.10016043 0.68434435
v 0.81413436 -0.57332617 0.12969635
v 0.79006904 -0.61030084 0.15586872
v 0.84462261 -0.60579169 0.11436246
v -0.95643091 0.52094287 -0.72773027
v -1.10209560 0.41244042 -0.57465887
v -0.66339016 -0.09419589 -0.53313589
v -0.76980579 -0.04753551 -0.53859401
v -0.83864731 -0.04677834 -0.48695618
v 0.87238204 0.70569974 -0.67124504
v 0.91996664 0.73408127 -0.66894633
v 0.83156377 0.76813573 -0.65614522
v 0.87911338 0.79483086 -0.65513706
v -1.25078535 0.74160278 -0.35899818
v -1.17454123 0.74153394 -0.52362227
v -0.87007236 -0.56907904 0.32476991
v -1.26193476 0.34946942 -0.08157717
v -1.01380396 -0.12890939 0.59599572
v -0.68882090 1.47441363 -0.57548022
v -0.61844379 1.51193357 -0.55032986
v 0.03063378 1.58518887 0.07046451
v 0.43539363 0.47258347 -0.70177650
v 0.42717838 0.27432972 -0.65181231
v 0.31399781 0.50801057 -0.72071570
v 0.50174385 -0.94791228 -0.19965743
v 0.47159404 -0.92145091 -0.18470646
v 0.58131397 -0.86476845 0.08267792
v -0.81691748 -0.34095007 0.08680652
v -0.78138691 -0.34163785 0.06231671
v -0.74423695 -0.34441388 0.03574954
v -0.73401845 -0.38708943 0.04858852
v -0.75150234 -0.30188763 0.02744193
v -0.33110970 1.16120219 -0.76467896
v 0.31398448 0.96917295 0.29966879
v 0.28445652 0.94815850 0.37685436
v 0.22199988 0.98583013 0.46404719
v 0.25346175 0.92478400 0.45486110
v 0.50212193 -0.40305990 -0.40971303
v 0.58253729 -0.40261137 -0.40322888
v 0.54883957 -0.43607265 -0.41943538
v 0.53685659 -0.36984611 -0.39365196
v -1.24262404 -0.55453038 0.52250928
v 0.69244450 0.83254725 -0.26968333
v 0.72361153 0.85590547 -0.27663356
v -0.89863002 0.93354243 -0.75842023
v 0.18899176 -0.57652253 0.19198605
v 0.15966898 -0.59944594 0.15157172
v 0.11310968 -0.53355843 0.22321300
v 0.12164681 -0.57936722 0.16652507
v 0.13165139 -0.61796302 0.10792744
v -0.60634553 0.91365522 -0.84575671
v -0.54563183 -0.24573274 -0.26656735
v -0.63117391 -0.20897041 -0.26376528
v -0.57121843 -0.27115887 -0.19622611
v -0.59697908 -0.23853318 -0.22716598
v -0.37198099 1.51392734 -0.54092103
v -1.21829319 -0.29964745 0.35184497
v 0.32927546 0.09420840 0.23097493
v 0.35907549 0.06690106 0.20930488
v 0.33090025 0.15110484 0.20909593
v 0.35794440 0.17897268 0.16208763
v 0.26495928 -0.28420609 0.38460493
v 0.29768139 -0.76325160 -0.05911697
v 0.28304639 -0.75765687 -0.10723673
v 0.25070006 -0.73220789 -0.09593692
v 0.24002483 -0.72053432 -0.14434454
v 0.40060520 0.65495962 0.26454872
v 0.35488993 0.68108582 0.36908734
v 0.28275675 -0.48485887 0.28842247
v 0.31525660 -0.44831145 0.31109232
v 0.09368968 1.35216200 0.41308039
v -0.95333499 0.59048539 -0.74537081
v 1.05905080 -0.73291492 -0.05088839
v -0.09395870 1.53601551 0.38161594
v -1.17815924 0.79401487 0.42782831
v -1.10902262 1.24845290 0.21810706
v -1.06235313 1.34198201 0.20910451
v -0.66075259 -0.38955951 0.57977295
v 1.04382038 0.58504617 -0.25904679
v 1.08220243 0.61717659 -0.25754115
v 1.01128054 0.61910933 -0.21941257
v 1.07214952 0.55690396 -0.30626106
v 1.03372359 0.52413654 -0.30641353
v 1.11069393 0.59024948 -0.30454177
v 1.00589514 0.55318028 -0.25842065
v 1.12047052 0.65029114 -0.25523528
v 0.14442389 -0.64895254 0.04806574
v 0.10535923 -0.63136107 0.06134199
v 0.20589751 -0.65733457 0.08089440
v 0.16948386 -0.63706905 0.09410222
v -0.90973538 -0.57328254 0.34704900
v -0.92061442 -0.58856392 0.40747541
v 0.98753375 0.42261994 -0.42078453
v 0.94296104 0.38937122 -0.48663127
v 0.89439815 0.35477957 -0.48431778
v 1.01628065 0.46923316 -0.36029673
v 0.20384407 0.22445942 0.44458514
v 0.24465504 0.26350188 0.39803404
v -0.02496162 1.00640810 -0.81989712
v 0.05044455 1.02051818 -0.80691504
v -0.00937124 0.92874360 -0.82732946
v -0.07163964 0.84883082 -0.83993042
v -0.88350987 0.08631817 0.26579523
v 0.96573669 0.76413471 -0.66619271
v -0.66832024 -0.43543851 0.56070971
v 0.93823785 -0.76542890 0.07442239
v 0.96187800 -0.72955513 0.04941797
v -0.87492502 0.50981045 -0.77259403
v -0.87382132 0.57947183 -0.78976279
v 0.40208900 -0.85235590 -0.20383318
v 0.40948960 -0.86771625 -0.15627287
v 0.44031721 -0.89535528 -0.17023449
v 0.39521879 0.31609380 0.12708637
v 0.42653731 0.39668709 0.11169828
v -1.27914047 0.85270762 -0.03659697
v 0.27112862 -0.11190809 0.37774426
v 0.22965908 -0.08897205 0.39139712
v 0.31294301 -0.13576438 0.36469650
v 0.29802391 -0.07626964 0.35090023
v 0.25828674 -0.05285038 0.36653864
v -0.94815993 0.09521846 0.19163124
v -0.06535543 -0.06730515 0.52925617
v -0.11365594 0.01784512 0.59974772
v 0.33930135 -0.10004123 0.33684486
v 0.32375455 -0.04319149 0.31795967
v -1.12964582 0.15507232 -0.18996921
v -1.29903626 0.49418592 -0.15013215
v -1.28635836 0.42048764 -0.11533757
v 0.93373424 -0.44259447 -0.18516077
v 0.96339887 -0.47368503 -0.19812261
v 0.99454790 -0.54611003 -0.11905129
v 0.99637741 -0.52279246 -0.16403472
v 0.40364313 -0.09281977 0.28648514
v 0.36348799 -0.06752335 0.30241305
v 0.88906080 -0.40045458 -0.22215116
v -0.88767427 1.57060850 0.10004447
v -0.84801269 1.60304952 0.06170857
v 0.08590303 0.11346953 -0.65826362
v 0.56777775 -0.93273705 -0.36356401
v 0.16089851 -0.45492846 -0.39063954
v 0.21391585 -0.47166985 -0.39229119
v 0.15267530 -0.49941027 -0.36721253
v -0.61313546 0.77905762 -0.87499857
v -0.45504552 -0.06214994 0.60761809
v -0.38054246 -0.04314674 0.61830813
v -0.47360614 -0.03415562 0.60526597
v -0.49257451 -0.00848351 0.60065317
v -0.56337488 -0.03202510 0.56802505
v -0.41756061 0.02079426 0.63329160
v -0.39835840 -0.01095939 0.62630534
v 0.40087450 -0.67610782 -0.38250345
v -0.87867343 -0.03793688 0.00439421
v -0.93201596 0.00068954 -0.01443146
v -0.94673562 0.06004873 0.12010503
v -0.94131869 0.02865951 0.05179108
v -0.23489428 -0.42663401 -0.29600221
v -0.28576505 -0.41800195 -0.27464670
v -0.23709513 -0.38560277 -0.32165152
v -0.34619042 -0.33227885 -0.29931122
v -0.29311514 -0.33870983 -0.32340688
v -0.34013352 -0.37045395 -0.27497828
v -0.23874865 -0.34482336 -0.34553915
v -0.28903341 -0.37803161 -0.29982293
v 1.17054057 0.75033152 -0.21528544
v -0.40111440 -0.42713916 0.45059866
v -0.44678810 -0.43456900 0.46820521
v 0.61333352 -0.26385409 -0.30332267
v 0.65351456 -0.29354036 -0.31226844
v -1.05096114 -0.14053674 0.35924315
v 0.06734961 0.93715698 -0.81183755
v 0.12309393 1.03448236 -0.78208107
v 0.62622195 -0.43504786 -0.41377401
v -0.84059596 1.53710663 -0.43407845
v -0.78548706 1.53486407 -0.47041869
v -0.76289344 1.57477760 -0.41785437
v -0.21004771 0.78921336 0.86340404
v 1.17470646 0.83701003 -0.62645048
v 1.13511825 0.80291122 -0.63993889
v 1.09423399 0.76916111 -0.65047896
v 1.20674086 0.69860828 -0.58201253
v 1.13226962 0.71342832 -0.62806499
v 0.26623651 -0.66540253 0.11064939
v 0.23198426 -0.64225501 0.12376842
v 0.22497305 -0.59919477 0.17729361
v 0.25512275 -0.57325548 0.21308391
v 0.79723573 -0.33338946 -0.24807632
v 1.05130458 0.73591107 -0.65659130
v 0.22964138 -0.67931467 -0.23629500
v 0.23269421 -0.70329982 -0.19167829
v 0.22973853 -0.65015310 -0.27770478
v -0.63466048 -0.56369823 0.27213877
v -0.60195345 -0.56213903 0.31897688
v -0.64517236 -0.56751043 0.33574796
v 0.12575121 1.29994905 0.41740507
v 0.30602422 1.08099210 -0.62103945
v -1.25523520 -0.39819551 0.38482195
v -1.24487305 -0.44290996 0.39397609
v -1.22795844 -0.48352766 0.40905279
v -1.27999401 -0.44765186 0.43088090
v -1.20959306 -0.43851823 0.35941851
v -1.25863457 -0.35143697 0.38198406
v -1.21974564 -0.39333695 0.34979564
v 0.74256480 0.48948908 -0.14426425
v 0.75227505 0.56568658 -0.13396363
v 0.78407747 0.51756161 -0.15693298
v 0.81545883 0.47268754 -0.19139241
v 0.77158684 0.44346976 -0.17954119
v 0.69967169 0.46012366 -0.12960997
v 0.72582054 0.41336179 -0.16548006
v -0.63960892 1.30335510 0.68753928
v -1.23569465 0.32676107 0.03348970
v 0.15025899 0.04173857 -0.59395033
v 0.44926280 0.05094457 -0.43891591
v 0.49263144 0.04425173 -0.28182840
v 1.12390447 0.62762392 -0.59638679
v 1.16527915 0.66348606 -0.58918715
v 0.62004721 -0.44283187 0.22482817
v -0.92057443 -0.22449838 0.66450131
v 0.23055974 0.14478382 -0.62795061
v 0.16224650 0.16257021 -0.65658826
v 0.31031588 0.18155041 -0.62894642
v 0.22006923 0.08303300 -0.59573609
v 0.15485074 0.10071950 -0.62629545
v -1.15597034 -0.47502995 0.34466541
v -1.13635182 -0.51245171 0.36503643
v -1.19334984 -0.47987527 0.37507534
v -1.20620370 -0.51949161 0.42831045
v -1.17229295 -0.51627451 0.39547831
v -1.18041849 -0.54911602 0.45159090
v -1.14726210 -0.54645514 0.42016560
v -1.11236691 -0.54332745 0.39044535
v -1.27387571 0.83534157 0.07508798
v -0.50708234 -0.11141859 0.60127604
v -0.56990159 -0.12833293 0.59450763
v -0.81728536 0.36995965 0.67200851
v 1.09006453 0.67894417 -0.63458735
v 1.08116460 0.59263062 -0.60044950
v 1.05301571 0.82726896 -0.65545344
v 1.00993609 0.79534888 -0.66183019
v -0.05303528 -0.46133643 0.28942192
v 0.00001651 -0.52601695 0.21434303
v -0.01031012 -0.47715104 0.27213395
v -0.02175683 -0.42221701 0.32445687
v 0.06387652 -0.45977223 0.29200912
v 0.07302247 -0.51356226 0.23903750
v 0.03183243 -0.49452770 0.25529057
v 0.04153585 -0.54259235 0.19779289
v 0.02151672 -0.43990374 0.30781734
v 0.32380655 -0.62411654 -0.36050713
v 0.28305081 -0.60002732 -0.35251385
v 0.33771464 -0.58342791 -0.38520503
v 0.25059357 -0.53619599 -0.37350452
v 0.29512355 -0.55890614 -0.37821531
v -0.77285260 -0.15198351 -0.06278372
v -1.11561418 1.19205308 0.27519327
v -1.12010455 1.13769627 0.33453560
v 0.19627780 -0.62067485 0.13752902
v 0.21934819 -0.54947823 0.22865359
v -0.63160324 -0.13668187 -0.48676646
v -0.67178917 -0.18309294 -0.30551469
v 0.49576473 -0.20945500 0.26643205
v 0.53102070 -0.23954068 0.24446048
v -0.18240678 -0.43562597 -0.31507325
v 0.07318181 -0.00196859 0.48712313
v 0.11199182 -0.02335708 0.45592213
v -0.00475402 -0.61300111 0.03985015
v -0.85270250 -0.34269834 0.10890418
v -0.37213930 0.77575892 -0.87255442
v -0.25198495 1.54414070 0.43450302
v -1.07587409 -0.53972870 0.36174154
v -1.05004883 -0.56510109 0.39100569
v -1.08576775 -0.56838888 0.41889197
v -1.09863234 -0.50805628 0.33591968
v 1.15857840 0.68373483 -0.25318283
v 1.19551134 0.71713907 -0.25233698
v 1.22644591 0.74322128 -0.24924152
v -0.76714283 1.36801505 -0.62632698
v -0.75800973 1.42678869 -0.58999813
v -0.64548016 -0.28759271 -0.09211099
v -0.68657345 -0.27794331 -0.05209296
v -0.66157335 -0.25170290 -0.11186418
v -0.67520565 -0.31612986 -0.03949634
v -0.71481144 -0.30863160 -0.00451525
v -0.60050124 -0.29669303 -0.13213646
v -0.61840457 -0.26213312 -0.15520142
v -0.33527473 -0.40952212 -0.25060821
v -0.38353637 -0.40097874 -0.22388397
v 0.28087828 0.77346963 0.49988437
v 0.31211168 0.80226511 0.42278439
v -0.01141151 -0.08522223 0.49732184
v -0.04820033 -0.12807976 0.49155337
v -0.13185537 -0.16205071 0.50186288
v 0.03732633 -0.10451032 0.47109044
v -0.10035159 -0.11224188 0.51846701
v -1.14790344 -0.13785629 0.48924267
v -1.13864851 -0.15310447 0.42751849
v -1.10771036 -0.13294868 0.45475298
v -1.09615231 -0.14739250 0.39347601
v -1.06491637 -0.12697800 0.42040527
v -1.27908301 0.76781923 0.11974359
v -0.98988050 -0.45299441 0.77109045
v -0.96488911 -0.40265292 0.75689006
v -0.95770502 -0.43870056 0.74531430
v 0.70142919 0.86947036 -0.33281994
v -0.78403169 -0.21009164 0.60346943
v -0.75198901 -0.15647124 0.57783979
v -1.27598524 0.69867969 0.16298617
v 0.54559648 -0.87602335 -0.38567996
v 0.56017482 -0.84225780 -0.41871113
v 0.48028272 0.18881716 -0.04442798
v 0.77355701 0.33360052 -0.26498526
v 0.73702592 0.27233732 -0.31199020
v 0.70131439 0.34017774 -0.19552772
v 0.72172475 0.30297476 -0.25000072
v 0.75138515 0.37087578 -0.21081321
v 1.09433079 0.53787965 -0.36096591
v 1.06861925 0.49393755 -0.42207104
v 1.02242231 -0.53411525 -0.22431268
v 0.99317449 -0.50349873 -0.21108241
v -0.98977256 0.04053573 -0.03452962
v -1.06502867 0.11572309 0.01983989
v -1.04852200 0.08396912 -0.05640592
v -1.00291479 0.07038715 0.03710143
v 0.35498959 -0.54052395 -0.40323257
v 0.31035322 -0.51513773 -0.39752096
v 0.37897423 -0.60930341 -0.39407772
v 0.39816236 -0.56721264 -0.41102189
v 0.12041849 1.52719796 0.12002008
v -0.67908370 -0.43050289 0.04080676
v -0.72011930 -0.42868072 0.06806583
v -0.77245748 -0.38588345 0.07470433
v -0.74252266 -0.46825957 0.11833362
v -0.75979799 -0.42868924 0.09297608
v -0.61819732 -0.47168392 0.04008751
v -1.29614925 0.46736401 -0.03115457
v -1.28233743 0.52684623 -0.26794398
v 0.37149498 0.24358270 0.14323580
v 0.22639221 -0.42637521 -0.40766650
v 0.23905206 -0.38093853 -0.41700327
v 0.26361221 -0.49187762 -0.39403480
v -0.90544868 -0.25776005 0.67124414
v -0.86934412 -0.24450319 0.64385968
v -0.88453007 -0.21179517 0.63540125
v 1.09416223 0.85935646 -0.64379680
v -0.25158519 -0.57795411 0.07387892
v -0.22054549 -0.56533432 0.12631774
v -0.06549668 -0.40632778 0.34149277
v -0.10916793 -0.39244550 0.35994959
v -0.15327236 -0.38135320 0.37935936
v 0.74089181 -0.46817899 -0.41374415
v 0.70661086 -0.49723291 -0.43568099
v 0.70229542 -0.43696350 -0.40277588
v 0.73787904 -0.41082227 -0.37605381
v 0.69817799 -0.37853426 -0.36552083
v 0.77553856 -0.44249600 -0.38679373
v 0.66163403 -0.40480328 -0.39253271
v 0.50025040 -0.11642085 0.20937277
v 1.05549407 0.50339538 -0.36137891
v 1.02862048 0.45838189 -0.42210454
v 0.61434925 -0.31544495 -0.34495705
v 0.57486802 -0.34075063 -0.37207794
v 0.61906964 -0.37277877 -0.38177580
v -1.18185520 1.07716894 -0.33713460
v -1.17676640 1.02869463 -0.38807160
v -0.37591028 -0.43961585 -0.19663928
v -0.32824081 -0.44850767 -0.22166410
v -1.27167487 0.39544809 0.00278919
v 0.65055478 -0.30072099 0.15081516
v -0.16090012 -0.21349819 0.48468441
v 0.57581860 -0.33974123 0.23371898
v 0.63225251 -0.33530277 0.18588962
v -0.07932760 -0.34685016 0.38714921
v -0.03461840 -0.36294848 0.37026578
v -1.11681986 -0.46994752 0.31548363
v -0.98632348 -0.48378032 0.75692838
v -0.92542046 1.57974613 -0.04139629
v -1.15992951 1.09062922 0.27802843
v -1.12240815 1.08295679 0.39508092
v -1.16513252 1.03306472 0.33580840
v -1.14334416 0.29175270 -0.44940031
v 0.55824429 -0.08056788 0.03078697
v 0.55295324 -0.06976336 -0.03165109
v -0.70215243 1.62275970 0.19043081
v -0.12435151 -0.33370954 0.40531719
v -0.16996984 -0.32424116 0.42503631
v -0.21604978 -0.31854385 0.44577295
v -0.19765542 -0.37366813 0.39953375
v -0.24208899 -0.37014896 0.42059141
v -1.27807832 0.60030222 -0.30013841
v -1.25118208 0.49068087 -0.34950137
v -1.21146822 0.45952111 -0.42914289
v 0.28396654 0.86343330 0.44127673
v 0.25185612 0.83600676 0.51897222
v -0.25819689 0.43335545 -0.89750046
v 0.34162766 0.21347314 0.18982206
v -1.25744700 0.81939644 0.19041249
v 0.60692358 0.75907451 -0.57488340
v 0.66081667 0.59151924 -0.68594688
v -0.00369377 -0.31815845 0.39350176
v -0.04905188 -0.30034262 0.40930611
v 0.00963008 -0.38076669 0.35435128
v 0.04118253 -0.33815432 0.37927687
v -0.09491643 -0.28528303 0.42683202
v 0.43109021 0.68651032 0.19440714
v 0.41308951 0.73948437 0.22105740
v -1.06135654 -0.59947431 0.51014769
v -1.09108496 -0.58865112 0.47788858
v -1.02812302 -0.59724295 0.48337436
v -1.05725431 -0.58569902 0.45049661
v -1.12004495 -0.57101870 0.44760013
v -0.99364877 -0.59526718 0.45703489
v -1.02231455 -0.58332950 0.42337608
v 0.65671474 -0.34672993 -0.35481536
v 0.69395769 -0.32495636 -0.32195044
v 0.57015651 0.54873663 -0.03307869
v 0.56159866 0.60015249 -0.02846995
v 0.06477676 -0.61525255 0.07519013
v 0.02983444 -0.04333460 0.49632156
v -1.15585089 0.36185175 -0.47781485
v -0.18567520 -0.31148219 -0.38690251
v 0.14530763 0.63727051 -0.78876537
v 0.19734883 0.50385517 -0.75726330
v 0.17175445 0.57271618 -0.77435851
v 0.21613535 0.63858753 -0.75818288
v -0.44096935 1.35746002 0.71073908
v -0.87766844 -0.56772757 0.53943586
v -0.01964583 -0.58733320 0.10515292
v -0.78199106 -0.47056228 0.14040001
v 0.54409122 -0.78078270 -0.43405956
v 0.52613133 -0.81712520 -0.40577555
v -1.01119089 0.10426822 0.11017063
v 0.65561396 0.42936879 -0.11291511
v 0.63471818 0.47905326 -0.08574493
v 0.61105722 0.39727098 -0.09313811
v 0.67845166 0.38249677 -0.14947292
v 0.63029438 0.35131127 -0.13066673
v -1.26892877 0.44671112 0.08412044
v 0.77263403 -0.38939947 -0.34331554
v 0.73397893 -0.35703701 -0.33247805
v 0.80464429 -0.37473679 -0.30377507
v 0.76769120 -0.34143269 -0.29319417
v -1.07718492 -0.46555787 0.28554636
v -1.08954024 -0.42271870 0.26953989
v 0.52772796 -0.13441850 -0.23391338
v 1.04185677 -0.55188811 -0.28546458
v 0.42257929 -0.87637585 -0.10827083
v 0.45314717 -0.90454537 -0.12225125
v 1.05212092 0.91586828 -0.63304770
v -1.01185250 1.18509746 0.49791300
v -1.17081857 -0.43310851 0.32913768
v 0.20324728 -0.51626110 -0.36995363
v 0.80403352 -0.70023197 -0.51975077
v 0.26546997 0.63517654 -0.73369884
v 0.25060564 0.70475757 -0.73522109
v 0.32286051 0.68063360 -0.68984586
v 0.30095178 0.73404908 -0.69313133
v 0.23589626 0.78267801 -0.73779196
v 0.19349545 0.70691502 -0.76835281
v 0.34785342 -0.01300849 0.27914828
v -0.89228302 -0.59103519 0.44526619
v -0.86509162 -0.58154601 0.48324329
v 0.51917821 -0.03189240 -0.08415014
v 0.65053695 0.30917704 -0.17690074
v 0.80929422 -0.42140347 -0.35402381
v 0.74296957 -0.52715153 -0.44632584
v -1.16149354 0.50570595 -0.52899790
v -1.16142654 0.43353534 -0.50415295
v 0.36274451 -0.64979225 -0.37092489
v 0.50146437 -0.93532890 -0.08993445
v 0.48365492 -0.93171316 -0.13684958
v 1.15668201 0.97591704 -0.51001126
v -1.07166624 1.13358593 0.44993263
v -1.11950588 1.02672863 0.45538223
v -0.58034867 -0.01127282 0.55080968
v -0.51022780 0.01997370 0.59745961
v -0.50733489 -0.51249605 0.02240137
v -0.48449814 -0.48704827 -0.04510287
v -0.55147803 -0.50780427 0.04911909
v -0.52502584 -0.53388476 0.09197909
v 1.02397370 -0.54843533 -0.33361059
v -0.64604014 -0.11421625 0.57516229
v -0.70058995 -0.13436057 0.57328945
v -0.62839746 -0.14726268 0.58966386
v -1.25417209 -0.30507958 0.38666028
v -0.97576052 0.87610179 -0.72299665
v -0.96054882 0.94012570 -0.71757120
v 1.02051806 1.08065879 -0.40669918
v 1.05719924 1.04702640 -0.38410765
v -0.91440022 -0.44418174 0.18011490
v -0.87501162 -0.43845582 0.15853906
v -0.80732679 -0.50125128 0.57873130
v -0.28701943 -0.36939520 0.44140691
v -0.33219126 -0.37227118 0.46199393
v 0.46338975 -0.08934958 0.22821538
v 0.48104280 -0.14671434 0.25094920
v -0.52404022 -0.07887121 0.59528428
v -0.58780342 -0.09555821 0.58335829
v 0.42506072 -0.06326164 0.24574818
v 0.44301796 -0.11922427 0.26957941
v 1.00915837 1.03213727 -0.26838228
v -0.71984464 1.23819602 -0.70944029
v -0.77471852 1.30646765 -0.65810090
v 1.24210882 0.74562675 -0.29319727
v 1.26096749 0.74075675 -0.33870977
v 1.24178815 0.79630560 -0.33514494
v -0.99882942 -0.60096961 0.51736164
v -0.56864679 -0.53221059 0.11683865
v 0.05329663 -0.40074718 0.33919924
v 0.09587313 -0.42222911 0.32405853
v 0.40025344 -0.83105332 -0.24955812
v 0.25074118 -0.51889974 0.26096529
v 0.49228144 0.05591200 -0.12061861
v 0.58406097 -0.81105345 0.12511164
v 0.61497152 -0.84270447 0.11135289
v -0.59546858 -0.50533694 0.07541806
v -0.57389987 -0.47498864 0.01213781
v 1.20272112 0.78111798 -0.23772959
v 1.19350910 0.83799750 -0.27792105
v 1.22213078 0.79494524 -0.28450361
v 1.21253824 0.84378791 -0.33224332
v 1.04142523 0.99465543 -0.24662320
v 1.13175607 0.92181450 -0.27849120
v 1.10043311 0.96341491 -0.28816038
v 1.08915401 1.00892091 -0.36313111
v 1.06977081 1.00296247 -0.30408943
v 1.11922669 0.96903950 -0.34740204
v 1.03938222 1.04017687 -0.32457072
v 1.13168907 1.00657380 -0.51084888
v 1.14840102 0.97413772 -0.45809656
v 1.11984205 1.01196468 -0.47220480
v 1.10474133 1.01232922 -0.41973484
v 1.16329551 0.88008058 -0.27496120
v 1.18089700 0.88688374 -0.33244699
v 1.17910743 0.93420196 -0.44926083
v 1.14959764 0.92832661 -0.33729637
v 1.19700885 0.88987499 -0.38827425
v 1.16540313 0.93185556 -0.39416230
v 1.13474941 0.97241610 -0.40421194
v -0.88213956 -0.58531094 0.38434118
v -0.54693180 -0.44405979 -0.04894632
v -0.60684228 -0.39972818 -0.04252559
v -0.59204412 -0.43816972 -0.01840199
v -0.52925456 -0.48046947 -0.01653358
v 0.25245237 1.06579316 -0.68989849
v 0.84055686 -0.40657675 -0.31497961
v -0.60832137 -0.06985216 0.56592643
v -1.16271067 0.98954678 -0.44517756
v -1.08066678 0.10275594 -0.16045366
v 0.86801982 -0.39896971 -0.27071297
v -0.81042880 1.60619044 0.11244480
v -0.43137759 -0.39236075 -0.19415750
v 0.55471092 -0.72039014 0.17557862
v 0.55230188 -0.77935946 0.13885091
v -0.77682203 1.60345912 0.16445494
v -0.62471926 0.12091357 0.58433050
v -0.14160907 -0.27358395 0.44582057
v -0.86436683 1.61170840 -0.18591940
v 0.07395867 -0.06363526 0.46727324
v 0.11649975 -0.08396898 0.44360209
v 0.42066187 -0.59608793 0.22750984
v 0.38792691 -0.62494594 0.20164758
v -0.99850667 1.00769305 -0.66216493
v -0.65103179 -0.39456671 -0.01028937
v -0.63638783 -0.43383014 0.01189097
v 0.31695735 0.60559535 -0.71188933
v 0.25588652 0.57981420 -0.74011147
v 0.83272195 -0.36740839 -0.25886166
v 0.38604796 -0.03779508 0.26258069
v -1.12128043 1.01153207 -0.51089460
v -1.09428477 0.98442322 -0.56331861
v -1.14222765 0.95571238 -0.50209856
v 0.78224927 -0.54001844 0.14430937
v 0.15807998 -0.10518388 0.42423964
v -1.16524029 0.97402596 0.39336115
v 0.15810801 0.86107528 -0.78165317
v -0.84423393 -0.19645755 0.61076355
v -0.80004650 -0.17771904 0.59083062
v -0.82891178 -0.22879286 0.62096184
v -1.15317225 1.08541465 -0.40936089
v -1.14087391 1.04536223 -0.46051896
v -1.11748624 1.09827030 -0.47491217
v -1.08593011 1.09972608 -0.52280009
v -1.10193443 1.06513989 -0.51601356
v -1.06199622 1.08864963 -0.55935133
v -1.07693481 1.03876221 -0.56258070
v -0.18894310 -0.26607472 0.46674883
v -0.78938794 1.17992580 -0.71086037
v 0.05198611 -0.58315676 0.13737693
v 0.09250417 -0.59982622 0.12231177
v 0.08223666 -0.56027782 0.18182540
v 0.02285578 -0.60079569 0.08982199
v 0.01053666 -0.56747055 0.15302189
v -0.26216891 -0.55919534 0.14761719
v -0.77152020 -0.12913911 0.55860406
v -0.61995339 -0.36140275 -0.06047851
v -0.63222980 -0.32395715 -0.07584250
v -0.66372895 -0.35488021 -0.02619870
v 0.83353233 -0.53840673 0.09760694
v -1.04238093 1.02043235 -0.61254287
v -0.79829884 -0.43023598 0.11606754
v -0.81025153 -0.38684064 0.09764309
v -1.15265036 -0.57354254 0.47765714
v -1.21235609 -0.55183631 0.48543340
v -0.78190947 1.24353099 -0.68622583
v 0.08257732 -0.12444811 0.44947225
v -0.54376054 -0.05313198 0.58378321
v 0.47178185 -0.90670270 -0.07543691
v -0.84784609 -0.38984108 0.11876321
v 0.44102949 -0.87825328 -0.06136394
v -0.83656782 -0.43371844 0.13732637
v -0.70556420 -0.34937018 0.00569380
v -0.69382459 -0.39027327 0.01996191
v -0.04857352 -0.60137409 0.05476148
v -0.43993193 -0.09571423 0.60594839
v 0.14017136 0.94556928 -0.78469235
v -0.96864980 -0.35863131 0.17479889
v -0.96461886 -0.40590131 0.18584983
f 1 2 3
f 4 2 5
f 2 4 6
f 7 8 1
f 9 5 10
f 11 7 12
f 13 14 15
f 16 17 14
f 18 14 19
f 15 20 13
f 15 21 22
f 20 15 23
f 24 25 26
f 27 28 29
f 30 31 25
f 32 33 34
f 35 36 32
f 37 33 38
f 39 32 40
f 40 34 41
f 34 42 43
f 33 37 42
f 44 45 46
f 47 40 48
f 49 39 47
f 39 49 50
f 51 52 53
f 54 55 51
f 56 57 55
f 58 52 59
f 55 54 56
f 60 61 62
f 63 19 61
f 64 65 66
f 65 67 68
f 66 68 69
f 70 65 71
f 72 64 73
f 71 64 74
f 69 75 66
f 54 76 77
f 78 79 76
f 51 80 54
f 76 80 78
f 81 80 53
f 82 83 84
f 84 85 82
f 86 87 88
f 87 89 84
f 88 83 90
f 82 91 83
f 21 17 92
f 17 16 82
f 93 94 95
f 96 97 95
f 95 98 93
f 99 100 101
f 95 99 96
f 94 102 99
f 103 104 57
f 105 59 106
f 107 108 104
f 109 110 111
f 112 113 101
f 114 112 111
f 113 115 96
f 116 117 113
f 12 1 118
f 119 12 120
f 121 122 118
f 123 121 3
f 124 119 125
f 126 11 127
f 127 124 128
f 129 130 131
f 125 130 128
f 131 132 129
f 130 129 133
f 134 123 6
f 12 119 11
f 132 131 120
f 135 7 126
f 136 98 134
f 123 134 115
f 136 134 137
f 87 86 138
f 86 88 139
f 140 89 107
f 105 106 138
f 107 141 140
f 110 62 114
f 142 23 143
f 143 112 142
f 62 20 142
f 105 138 144
f 145 146 144
f 59 105 58
f 146 147 58
f 148 145 149
f 139 148 86
f 138 108 87
f 150 103 56
f 121 123 117
f 129 150 77
f 120 122 132
f 89 140 85
f 140 151 92
f 98 136 152
f 93 152 153
f 152 154 155
f 156 151 157
f 23 22 156
f 143 156 116
f 158 117 157
f 117 158 121
f 159 158 141
f 143 116 112
f 160 159 103
f 104 159 107
f 103 150 160
f 122 158 160
f 161 162 27
f 26 28 163
f 29 164 27
f 165 166 167
f 168 169 165
f 167 170 165
f 171 172 173
f 174 175 172
f 176 171 177
f 173 166 178
f 178 179 173
f 74 72 163
f 26 72 24
f 163 162 180
f 181 161 182
f 183 181 184
f 164 185 182
f 184 186 183
f 31 187 29
f 188 189 190
f 188 191 192
f 190 193 194
f 191 188 195
f 196 197 189
f 197 198 193
f 192 199 188
f 200 199 201
f 200 201 202
f 203 204 205
f 204 206 202
f 202 207 200
f 208 207 209
f 203 210 204
f 206 204 211
f 212 213 214
f 215 214 216
f 217 212 215
f 218 219 217
f 213 212 220
f 221 215 222
f 223 224 214
f 223 213 225
f 224 223 226
f 227 228 220
f 200 196 199
f 197 196 208
f 229 71 230
f 231 232 233
f 233 70 229
f 232 67 70
f 171 176 231
f 233 234 231
f 229 235 233
f 170 167 216
f 194 236 50
f 195 190 237
f 238 239 43
f 240 238 45
f 67 232 241
f 177 242 176
f 243 244 245
f 218 246 247
f 244 248 247
f 247 249 218
f 244 250 248
f 251 243 252
f 253 243 254
f 243 253 244
f 252 245 255
f 255 256 252
f 257 258 238
f 238 240 257
f 259 258 260
f 239 258 261
f 50 35 39
f 237 194 262
f 24 73 263
f 263 30 24
f 67 241 264
f 242 177 265
f 172 171 174
f 36 35 198
f 266 267 268
f 268 210 269
f 270 211 266
f 271 203 272
f 205 201 272
f 273 274 192
f 230 275 229
f 264 242 276
f 68 264 277
f 278 44 279
f 37 280 46
f 281 279 282
f 38 283 37
f 185 284 184
f 284 260 186
f 45 44 240
f 285 217 221
f 246 218 285
f 221 286 285
f 287 288 209
f 209 206 287
f 289 208 290
f 290 283 289
f 291 283 288
f 292 288 293
f 294 291 292
f 252 295 251
f 296 297 251
f 298 296 299
f 278 300 181
f 162 161 301
f 279 281 278
f 181 183 278
f 302 222 175
f 222 303 221
f 304 305 303
f 275 305 235
f 235 304 234
f 303 222 304
f 306 307 308
f 303 307 286
f 234 302 174
f 230 74 180
f 226 168 224
f 255 246 309
f 256 255 310
f 286 311 309
f 211 270 287
f 299 295 312
f 36 198 38
f 198 197 289
f 266 268 299
f 261 48 239
f 180 313 230
f 275 313 305
f 270 312 293
f 314 292 315
f 248 220 249
f 316 282 294
f 283 291 280
f 317 313 301
f 313 317 308
f 301 300 317
f 312 270 299
f 312 256 315
f 311 314 310
f 292 314 294
f 308 316 306
f 307 306 311
f 317 281 316
f 4 5 318
f 319 185 187
f 185 319 284
f 318 320 4
f 320 154 137
f 154 320 321
f 79 322 133
f 210 203 323
f 324 325 326
f 325 324 327
f 326 328 324
f 328 326 329
f 330 331 332
f 333 330 334
f 335 336 337
f 338 339 340
f 341 342 336
f 337 343 335
f 344 345 339
f 346 347 348
f 346 349 350
f 349 346 351
f 348 352 353
f 347 354 352
f 355 356 357
f 357 358 359
f 360 361 362
f 359 361 363
f 356 364 358
f 365 366 367
f 367 368 365
f 365 369 370
f 371 372 373
f 368 374 369
f 375 376 377
f 378 379 380
f 381 382 383
f 379 384 385
f 379 378 384
f 379 386 383
f 386 379 387
f 388 389 390
f 388 391 389
f 392 393 389
f 391 388 394
f 395 396 390
f 397 398 399
f 399 400 397
f 400 399 401
f 402 403 404
f 399 403 405
f 406 407 408
f 409 406 410
f 411 412 413
f 414 415 411
f 415 416 412
f 412 417 408
f 418 413 419
f 420 421 422
f 422 423 420
f 420 424 425
f 423 422 426
f 427 428 429
f 430 431 432
f 433 434 431
f 429 435 427
f 431 430 433
f 434 433 436
f 437 438 439
f 439 440 437
f 441 442 437
f 443 441 444
f 445 446 441
f 444 447 443
f 448 449 450
f 449 448 451
f 452 453 454
f 455 448 456
f 457 452 458
f 459 460 461
f 461 462 463
f 462 460 464
f 336 335 341
f 465 466 467
f 468 469 470
f 468 471 472
f 470 473 474
f 474 475 470
f 470 476 468
f 477 478 479
f 480 481 482
f 483 484 481
f 485 483 480
f 483 485 486
f 480 487 485
f 488 489 490
f 489 491 492
f 491 489 493
f 494 495 492
f 496 488 497
f 498 494 499
f 500 501 502
f 502 503 500
f 504 505 502
f 506 503 507
f 505 504 508
f 509 504 510
f 402 511 512
f 513 514 512
f 512 515 513
f 515 516 517
f 516 515 518
f 519 520 521
f 522 523 524
f 525 526 520
f 527 521 528
f 523 522 529
f 521 523 530
f 531 532 533
f 533 534 535
f 532 536 534
f 532 531 537
f 533 538 531
f 535 539 533
f 540 541 542
f 543 544 545
f 546 547 544
f 548 549 545
f 545 550 543
f 551 548 541
f 552 553 554
f 555 556 557
f 554 555 558
f 556 555 559
f 560 552 561
f 562 563 560
f 564 565 566
f 567 568 564
f 569 567 570
f 568 567 571
f 566 572 564
f 573 574 575
f 574 573 576
f 576 577 574
f 574 578 579
f 580 581 582
f 581 583 576
f 584 585 586
f 587 584 588
f 588 586 589
f 590 591 592
f 585 593 590
f 586 590 594
f 393 392 595
f 596 597 598
f 391 599 392
f 600 393 601
f 69 277 602
f 603 425 276
f 425 603 420
f 75 69 604
f 604 602 605
f 434 606 429
f 607 608 609
f 610 611 612
f 612 613 610
f 608 607 614
f 613 612 615
f 616 617 618
f 617 616 619
f 618 338 616
f 620 621 622
f 623 620 624
f 617 625 622
f 626 627 628
f 582 629 580
f 628 630 631
f 626 632 633
f 633 634 626
f 628 635 626
f 636 637 638
f 637 636 639
f 640 641 642
f 642 636 643
f 644 645 646
f 646 643 644
f 646 647 648
f 649 355 650
f 651 649 652
f 650 357 653
f 654 655 656
f 657 658 656
f 659 660 657
f 661 659 655
f 656 662 654
f 655 654 663
f 656 664 662
f 665 666 667
f 667 668 669
f 670 667 671
f 666 370 668
f 370 666 672
f 673 674 675
f 676 677 678
f 679 680 676
f 681 682 674
f 682 683 678
f 684 685 686
f 686 687 688
f 687 689 690
f 691 692 693
f 693 684 694
f 695 696 697
f 698 699 700
f 701 700 702
f 703 702 695
f 697 699 704
f 705 706 698
f 707 708 709
f 708 707 710
f 711 707 712
f 712 709 713
f 714 715 716
f 717 716 718
f 719 720 721
f 722 723 719
f 724 725 726
f 727 719 728
f 728 721 729
f 730 731 31
f 732 572 733
f 733 734 735
f 736 737 738
f 732 739 740
f 739 732 741
f 742 662 743
f 743 744 745
f 746 747 748
f 749 750 751
f 748 752 746
f 753 754 755
f 754 753 756
f 748 753 757
f 758 759 760
f 761 762 760
f 763 758 764
f 758 763 765
f 759 758 766
f 767 764 768
f 769 447 770
f 771 772 769
f 440 773 444
f 774 771 775
f 771 774 776
f 776 777 771
f 778 779 780
f 781 782 778
f 783 784 785
f 780 784 397
f 784 783 398
f 782 786 779
f 767 785 787
f 561 554 788
f 789 560 790
f 788 791 561
f 792 789 793
f 794 795 796
f 797 796 798
f 799 794 797
f 800 801 802
f 803 804 800
f 796 801 805
f 806 807 808
f 807 809 810
f 811 812 813
f 813 806 814
f 808 810 815
f 816 817 818
f 819 820 816
f 821 817 822
f 823 824 820
f 825 819 826
f 826 816 827
f 828 829 830
f 831 832 833
f 834 835 830
f 836 828 837
f 836 838 828
f 832 839 840
f 830 839 834
f 841 842 843
f 842 841 844
f 843 845 841
f 846 847 848
f 849 850 846
f 846 851 849
f 848 852 853
f 854 852 855
f 848 853 846
f 856 857 858
f 857 859 860
f 859 857 861
f 862 863 860
f 858 864 856
f 865 866 867
f 868 865 869
f 867 870 631
f 871 872 866
f 873 874 875
f 874 876 877
f 878 497 874
f 879 880 881
f 874 873 878
f 882 883 884
f 882 885 886
f 887 888 884
f 885 882 889
f 890 891 892
f 893 894 895
f 892 896 890
f 897 898 899
f 898 900 901
f 897 902 903
f 904 905 901
f 902 897 906
f 907 908 909
f 910 911 912
f 910 913 911
f 908 914 911
f 915 907 916
f 917 918 919
f 611 920 609
f 609 921 607
f 918 917 571
f 922 923 924
f 919 921 925
f 919 926 917
f 926 919 927
f 928 929 930
f 931 932 933
f 934 932 935
f 932 934 930
f 936 937 931
f 938 933 939
f 940 941 942
f 941 943 944
f 945 946 944
f 942 947 940
f 948 949 940
f 950 254 951
f 952 253 950
f 31 30 730
f 139 90 953
f 954 91 955
f 955 956 954
f 668 372 957
f 365 370 366
f 958 959 960
f 961 962 963
f 964 965 960
f 963 966 961
f 967 968 969
f 935 937 969
f 970 971 972
f 969 970 935
f 968 967 973
f 971 970 974
f 973 975 968
f 449 976 454
f 977 978 979
f 979 980 977
f 977 981 982
f 983 981 984
f 985 986 987
f 988 989 985
f 987 990 985
f 985 859 988
f 991 992 987
f 987 993 991
f 993 994 995
f 996 997 998
f 999 996 1000
f 998 1001 1002
f 1003 1001 1004
f 1005 1006 1003
f 662 742 1007
f 1008 1009 1007
f 1007 1010 1008
f 742 1011 1010
f 743 1012 742
f 1013 1014 1015
f 679 780 1014
f 48 1016 47
f 1017 49 1018
f 1018 1019 1017
f 1019 1018 1020
f 1021 1022 1023
f 1023 1024 1021
f 1021 1025 1026
f 1026 1027 1021
f 1023 1028 1029
f 1028 697 1030
f 697 1028 695
f 1031 1032 1033
f 1034 1035 1033
f 1036 1034 1037
f 1038 1036 1039
f 1032 1040 1037
f 1041 596 1042
f 1041 1043 1044
f 1044 597 1041
f 599 1045 598
f 1046 597 1047
f 1047 1044 1048
f 1049 1020 1050
f 1051 1049 1052
f 1053 1049 1054
f 1054 1050 1055
f 1056 1057 1058
f 1059 1060 1061
f 1062 1063 989
f 1064 1062 988
f 989 1065 986
f 986 1066 993
f 1067 1068 1069
f 1068 1067 1070
f 1069 1071 1067
f 1072 1073 1069
f 1069 1074 1072
f 1068 1075 1074
f 1076 1077 794
f 1077 1078 795
f 1079 1080 1081
f 1082 1083 1084
f 1080 1085 1084
f 1086 1087 1088
f 1088 1082 1086
f 1085 1089 1086
f 1090 1091 1092
f 1093 1094 1092
f 1095 1093 1096
f 645 1090 647
f 1097 1098 1090
f 1097 1090 1099
f 1100 1101 1102
f 1103 1104 1101
f 1105 1106 1107
f 1106 1105 1108
f 1102 1106 1109
f 1110 1111 1112
f 1113 1114 1112
f 1112 1115 1110
f 1116 1115 905
f 1117 906 1113
f 1118 1113 1119
f 1120 1117 1118
f 1121 1122 1123
f 1124 1125 1122
f 1123 1126 1121
f 1127 1128 1123
f 1123 1129 1127
f 1130 1131 1132
f 1133 1134 1135
f 1135 1130 1136
f 1137 1138 1139
f 1140 1137 1141
f 786 782 1142
f 1143 1144 1145
f 1142 1146 786
f 1144 1143 1147
f 1148 1143 683
f 1149 1150 1151
f 1152 1153 1154
f 1153 1155 1151
f 1154 1156 1152
f 1150 1157 1154
f 1150 1149 1158
f 1158 1159 1150
f 1160 1161 665
f 672 1161 1162
f 1161 1160 1163
f 665 1164 1160
f 1164 665 670
f 1165 1038 1166
f 1166 1039 1167
f 688 690 1032
f 690 1168 1040
f 49 1017 262
f 262 1169 237
f 1170 1169 1171
f 1172 1173 1174
f 1173 1172 1175
f 1176 1177 1178
f 1175 1177 1179
f 1177 1176 1180
f 1178 1172 1181
f 419 407 1181
f 1182 1183 406
f 1184 1185 649
f 1027 703 1022
f 1186 1187 1188
f 1189 1186 1190
f 1186 1189 1191
f 1190 1188 1192
f 1188 1193 1194
f 1193 1195 1196
f 1187 1197 1193
f 1198 1199 1200
f 1200 1201 863
f 1202 1203 1204
f 1200 1205 1198
f 1206 1207 1208
f 1208 1209 1206
f 1210 1211 1212
f 1213 1214 1215
f 1214 1134 1207
f 1207 1206 1215
f 1216 1131 1213
f 1141 1139 1216
f 1131 1130 1214
f 1217 1218 1219
f 1217 1220 1221
f 1219 1222 1223
f 1224 1219 1225
f 1219 1224 1217
f 1218 1226 1222
f 1227 1228 638
f 1229 1230 1228
f 572 566 734
f 1231 736 1232
f 740 570 732
f 1233 1234 1235
f 1235 1236 1233
f 1237 1238 1239
f 945 1239 1240
f 1241 1242 1243
f 1244 1245 1246
f 1242 1247 1246
f 1248 1249 1241
f 1247 1242 1250
f 825 1251 1252
f 1251 825 1253
f 819 825 1254
f 1252 1255 1256
f 1257 1258 1259
f 1259 1260 1257
f 1257 1261 81
f 1262 1263 1264
f 1265 1266 227
f 225 228 1267
f 1267 1266 1268
f 1266 1265 1269
f 1270 1271 1272
f 1273 1274 1275
f 1275 1276 1273
f 1277 1270 1278
f 1279 1280 1272
f 1281 1282 1283
f 1284 1285 1282
f 1286 1287 1288
f 1289 1290 1286
f 1290 1291 1287
f 1292 1293 1294
f 1294 1295 1292
f 1296 1297 1292
f 1298 1299 1300
f 1301 1302 1303
f 1304 1305 1303
f 1303 1306 1301
f 1302 1307 1308
f 1309 1304 1308
f 1302 1301 1310
f 1311 195 1312
f 195 1311 191
f 318 9 1313
f 1314 1315 1316
f 1313 1317 318
f 1317 1313 1318
f 1319 1314 1320
f 501 500 1321
f 500 1322 1323
f 1324 1325 1326
f 1325 1327 1323
f 1327 1328 1321
f 1329 1330 1331
f 1332 1333 1331
f 1334 1335 1336
f 1337 1329 1335
f 1338 1339 1332
f 1331 1340 1332
f 1341 1342 1343
f 1344 456 1345
f 1346 1341 453
f 1342 1341 1347
f 456 450 1343
f 935 972 934
f 972 1348 1349
f 1350 1351 1352
f 1353 1352 1354
f 1351 1355 1356
f 1352 1356 1357
f 1358 1351 1359
f 1351 1358 1355
f 508 1360 505
f 1361 1362 1363
f 880 879 1364
f 1365 1366 1364
f 1367 1368 496
f 496 880 1367
f 1366 1365 1369
f 1364 1370 1365
f 1371 1372 1373
f 1374 749 1375
f 1376 1377 1374
f 1378 1374 1379
f 1379 1375 1380
f 752 1381 751
f 1221 1382 1217
f 1382 1383 1218
f 1384 1385 1386
f 1387 1384 1388
f 1389 1390 1391
f 1388 1386 1392
f 1393 1391 1394
f 1048 1395 1396
f 1397 1048 1398
f 1395 1399 1400
f 1401 1402 1400
f 1048 1403 1395
f 1404 1405 1406
f 1406 1407 1408
f 1409 1410 1411
f 1405 1404 1412
f 1405 1413 1407
f 1414 1415 1416
f 1417 1416 1418
f 1308 1419 1309
f 1418 1419 1420
f 1415 1421 1309
f 1422 1423 1424
f 1424 1393 1425
f 1391 1393 1389
f 1389 1423 1426
f 1027 1026 1427
f 1428 904 1427
f 1427 1429 1428
f 1430 1429 1431
f 1432 1082 1433
f 1434 1433 1435
f 1436 1437 1438
f 1438 1439 1440
f 1441 1439 1442
f 1443 1444 1436
f 1445 1446 1447
f 1448 1449 1450
f 1446 1451 1448
f 1446 1445 953
f 1451 1446 956
f 1238 1237 1452
f 944 1237 945
f 1452 1453 1238
f 1452 943 1454
f 1455 1456 1457
f 1458 601 1456
f 1047 1459 1046
f 1460 1458 1455
f 1461 1462 1463
f 1463 1464 653
f 1461 1465 1466
f 1465 1461 363
f 1462 1461 1467
f 1468 1436 1469
f 1470 1443 1468
f 1471 1472 1128
f 1472 1473 1474
f 1475 1471 1476
f 1126 1472 1477
f 1478 1479 1480
f 1480 1481 1478
f 1482 1483 1484
f 1485 1486 1487
f 1488 525 519
f 521 527 519
f 519 1489 1488
f 525 1488 1490
f 526 525 1491
f 1492 1493 1494
f 1494 1495 1496
f 1497 1495 1498
f 1499 1500 1501
f 1500 1502 1492
f 1501 1492 1503
f 1503 1494 1504
f 1505 1506 274
f 271 272 1507
f 1508 1509 1510
f 1510 1511 1508
f 1512 1513 1510
f 1514 1515 1510
f 1509 1516 1514
f 1517 1518 1519
f 1520 1521 1522
f 1519 1523 1517
f 1523 1524 1522
f 1522 1525 1520
f 1526 1527 1528
f 1528 1529 334
f 1527 1530 1529
f 1531 1532 1533
f 1534 333 1532
f 1530 1535 1533
f 1536 1531 1537
f 1538 1539 486
f 1540 1541 1542
f 1543 1544 1538
f 484 483 1541
f 1545 1544 385
f 1546 1545 1547
f 1548 1547 1549
f 1547 1548 1546
f 982 1550 977
f 1550 1551 978
f 1552 1553 1554
f 978 1555 1556
f 1554 1555 1557
f 1558 1550 1559
f 1560 664 1561
f 664 1560 744
f 660 1562 658
f 1562 1563 1561
f 1561 1164 1560
f 438 1564 1565
f 1566 1567 1565
f 1568 1566 1569
f 1570 1571 1572
f 1573 1574 1575
f 1576 1572 1577
f 1571 1578 1575
f 1579 1580 1221
f 1581 1411 1582
f 1412 1583 1405
f 1584 1409 1581
f 1581 1585 1584
f 1582 1413 1586
f 1582 1587 1581
f 1587 1582 1588
f 1589 1590 1591
f 1592 1593 1590
f 1590 1594 1595
f 1592 1590 1596
f 1597 1593 1598
f 1599 1600 1601
f 1601 1602 1599
f 1603 1604 1605
f 1606 1600 1607
f 1600 1599 1608
f 1600 1606 1605
f 339 338 344
f 621 1609 618
f 342 1610 340
f 1542 1611 1540
f 1611 1612 1613
f 1614 1615 1616
f 1615 1617 1613
f 1545 1546 1542
f 1544 1545 1539
f 1541 1540 484
f 1197 1187 1618
f 1187 1186 1619
f 1620 1621 1619
f 1618 1622 1197
f 1623 1624 1625
f 1623 1504 1609
f 1504 1623 1503
f 1624 1623 621
f 1626 1501 1625
f 1627 1626 1628
f 1629 1627 1630
f 1631 1632 1633
f 1632 1631 1634
f 1635 1632 1636
f 1637 1638 1639
f 1633 1637 1640
f 1638 1637 1635
f 1310 1641 1302
f 1420 1307 1642
f 1267 1643 225
f 1268 1644 1267
f 168 226 1645
f 1646 1647 1648
f 1648 1649 1646
f 1650 1651 1646
f 1648 1652 1653
f 1654 1652 1655
f 1656 1657 1654
f 1658 1659 1184
f 1660 1184 651
f 1661 1658 1660
f 651 1662 1660
f 1663 1664 1665
f 1665 1666 1667
f 757 755 1668
f 1664 1669 1666
f 1670 1671 1663
f 1665 1672 1663
f 1673 1674 1675
f 1676 1673 1677
f 1678 1679 1676
f 1679 1680 1673
f 1677 1339 1676
f 1681 1682 1683
f 1684 1682 1426
f 611 610 1684
f 920 611 1685
f 1426 1686 1684
f 1326 1687 1324
f 1688 1689 1690
f 1689 1688 1147
f 1691 1688 1692
f 1690 1687 1693
f 1192 1694 1190
f 1695 1696 1694
f 342 341 1194
f 1697 1698 1190
f 1699 1700 1412
f 1699 1701 1700
f 1586 1583 1702
f 1703 1702 1704
f 1705 1706 1707
f 1708 1709 1706
f 1710 1707 1711
f 1712 1713 1714
f 1715 1714 1716
f 1717 1334 1718
f 1719 1337 1334
f 1720 1719 1717
f 1719 1720 1721
f 1722 1717 1723
f 1717 1722 1720
f 1724 1725 1726
f 1727 1728 1729
f 1728 1730 1724
f 1731 1732 1733
f 1734 1735 1727
f 1736 1387 1737
f 1418 1736 1417
f 1392 1738 1388
f 1739 1740 1741
f 1740 1739 1742
f 1743 1744 1745
f 1111 1743 1119
f 1746 1118 1745
f 1742 1746 1740
f 1747 1748 1749
f 1750 1747 1751
f 1752 1747 1753
f 1754 1755 1749
f 1756 1754 1757
f 1758 1757 1759
f 1757 1758 1756
f 1760 1761 1762
f 1122 1763 1124
f 1763 1764 1762
f 1765 889 1760
f 1125 1124 1766
f 1498 1767 1497
f 1768 1767 1769
f 1767 1498 1770
f 1495 1497 1771
f 1772 1773 1774
f 1767 1768 1774
f 1775 1776 1777
f 1776 1778 1779
f 1777 1779 1408
f 1780 1781 1782
f 1778 1783 1782
f 1784 1785 354
f 1786 1787 1788
f 354 347 1784
f 1785 1784 1789
f 1787 1790 1791
f 1792 792 1793
f 793 790 1794
f 1794 1795 793
f 1796 1797 1792
f 1798 1792 1799
f 1800 1801 1802
f 1803 928 1804
f 1801 1805 1804
f 1806 1807 1808
f 1808 1809 1806
f 1810 1811 1812
f 1808 1813 1814
f 1807 1815 1813
f 1816 1817 1818
f 1819 1820 1821
f 1822 1820 1823
f 1817 1816 1822
f 1821 1816 1824
f 1821 1825 1819
f 597 1046 595
f 1826 600 1458
f 1827 1828 1829
f 1830 1831 1832
f 1828 1827 1833
f 1829 1834 1827
f 1829 1831 1835
f 1836 1837 1838
f 1837 1836 1839
f 1840 1841 1842
f 1838 1843 1836
f 1844 1845 1838
f 1846 1844 1847
f 1837 1848 1847
f 1849 1850 1851
f 1852 1853 1854
f 1855 1852 1850
f 1855 1850 1856
f 1857 1144 1858
f 1147 1859 1689
f 1860 1859 1148
f 550 1861 1862
f 1863 1864 1861
f 1865 1866 1867
f 1868 1869 1866
f 1870 1868 1865
f 1871 1867 1872
f 1610 342 1196
f 1873 1874 1875
f 1874 1753 1876
f 1753 1874 1752
f 1877 1878 1876
f 1879 1873 1880
f 1878 1881 1875
f 1882 1883 831
f 833 1884 831
f 1885 1882 1886
f 839 832 1887
f 1888 1889 1890
f 1891 1649 1892
f 1892 1889 1893
f 1653 1890 1648
f 1894 1895 1896
f 1066 1897 994
f 1898 1896 1661
f 1896 1897 1658
f 1899 1900 1901
f 1901 1902 1009
f 1009 1008 1901
f 1902 1903 663
f 1903 1902 1904
f 912 1905 1906
f 1907 1908 1909
f 1906 1909 1910
f 1906 1911 912
f 1910 1912 1906
f 1863 549 1913
f 1914 1915 548
f 1861 550 1863
f 1913 1916 1863
f 1917 1918 1919
f 1920 1921 1922
f 1919 1923 1917
f 1924 1925 1917
f 1919 1920 1926
f 1923 1919 1927
f 1897 1066 1659
f 1659 1065 1185
f 1183 1182 1928
f 1929 1182 409
f 1178 1928 1176
f 1928 1178 1183
f 1182 1929 1930
f 1931 1932 1930
f 1933 1934 1935
f 1934 1933 1936
f 1937 1933 1938
f 1939 1940 1935
f 1935 1941 1939
f 1941 1942 1943
f 1934 1944 1941
f 1945 1892 1946
f 1947 1945 1948
f 1949 1891 1945
f 1949 1945 1604
f 1111 1110 1950
f 1951 1952 1953
f 1110 1954 1953
f 1952 1951 1328
f 1955 1956 1954
f 474 478 1957
f 1958 1959 1960
f 478 477 1960
f 1960 1961 1958
f 1962 1963 384
f 1964 1548 1965
f 1421 1415 1965
f 1963 1421 1549
f 1965 1966 1964
f 1967 1693 1968
f 1969 1968 1970
f 1971 1236 1972
f 1693 1973 1972
f 1692 1690 1967
f 1974 1975 1976
f 1977 1978 1979
f 1979 1980 1977
f 1980 1979 1981
f 1926 1922 1974
f 1982 1974 1642
f 1974 1982 1926
f 1299 1983 1984
f 1985 1295 1986
f 1299 1984 1294
f 1986 1984 1987
f 1988 1985 1989
f 1989 1986 1990
f 1641 1310 1991
f 1992 1993 1994
f 1982 1991 1927
f 1310 1995 1994
f 1996 1997 1998
f 1999 2000 2001
f 2001 2002 1999
f 1996 2003 2004
f 2004 2005 1996
f 1998 2006 1996
f 2007 2008 1754
f 1754 1756 2007
f 2008 2007 2009
f 1686 2010 1685
f 927 925 2011
f 925 920 2012
f 2013 2014 1915
f 2015 2016 2014
f 2014 2017 1913
f 2013 2018 2014
f 1959 2019 1957
f 475 474 2020
f 2021 2022 2023
f 1707 1710 1705
f 2022 1708 1705
f 2023 2024 2021
f 2022 2021 2025
f 973 2026 2027
f 2028 2027 1034
f 2027 2028 973
f 2027 1244 1035
f 2026 2029 1244
f 2030 2031 2032
f 856 2033 2034
f 857 856 2035
f 2036 2037 2038
f 2037 2036 2039
f 2040 2041 2042
f 2042 2043 2040
f 2039 2044 2037
f 2045 2046 2047
f 1839 1841 2048
f 2046 2049 2050
f 2046 2045 1094
f 2047 2051 2045
f 1841 1840 2050
f 2051 2047 2052
f 1770 2053 875
f 2054 1768 2055
f 875 877 1770
f 877 2056 1769
f 2057 1780 2058
f 1163 2059 2058
f 1163 2058 1162
f 1970 1453 1969
f 1236 1235 1970
f 1785 2060 1791
f 2061 2062 2063
f 2064 2065 2062
f 2066 2064 2061
f 1169 1170 1312
f 2067 1005 2068
f 2068 2069 2067
f 2070 2071 2072
f 2072 2005 2070
f 2073 2002 2068
f 579 2074 1806
f 575 579 2075
f 2076 2077 1893
f 2078 2079 2076
f 2080 2077 153
f 1893 2081 2076
f 1604 1603 1949
f 1646 1891 1650
f 1651 1650 2082
f 1604 1947 1601
f 1607 1608 2083
f 2084 2085 2086
f 591 2087 2088
f 2086 2087 2089
f 1882 2086 1883
f 2086 1882 2084
f 2090 2091 2092
f 2093 2094 2090
f 2095 2096 2094
f 2097 2091 2098
f 2094 2093 2095
f 2090 2099 2093
f 2092 2100 2090
f 2101 2102 2103
f 2103 2104 2101
f 2101 2105 2106
f 2107 2108 2109
f 1591 1104 1589
f 2110 2111 1103
f 1596 1589 2112
f 2113 2114 2115
f 2115 2116 2117
f 2118 2119 2117
f 2119 2118 2120
f 2115 2119 2113
f 2121 2122 2117
f 2123 2124 2125
f 766 765 2126
f 2127 2128 2129
f 2130 2131 2128
f 405 2132 2133
f 403 402 2132
f 2134 2133 2135
f 2136 2137 514
f 2138 2139 2140
f 2141 2142 2138
f 2142 1377 2139
f 2141 2143 2144
f 2143 2141 2145
f 2142 2141 750
f 565 1442 2146
f 2147 1232 2148
f 568 1441 565
f 1639 2149 2150
f 2150 2151 2152
f 2150 2153 1639
f 1523 1519 2154
f 2154 2155 1523
f 2155 2154 416
f 2156 2157 2158
f 2158 2159 2156
f 1519 2160 2158
f 489 488 2161
f 2162 741 756
f 735 2163 733
f 741 2162 739
f 739 2143 2164
f 1156 2165 2166
f 2167 1924 2165
f 1157 2167 1156
f 2168 2169 1790
f 2170 2171 2169
f 2172 2173 1045
f 1045 599 2172
f 1043 1041 2174
f 2175 2176 2177
f 2178 2179 2180
f 2181 2182 2176
f 2183 2181 2175
f 2184 2175 2185
f 2186 2187 2188
f 2189 2190 2191
f 2191 2192 2189
f 2193 2186 2194
f 2195 2196 2197
f 908 907 2198
f 2197 2199 2195
f 907 915 2197
f 914 908 2200
f 435 2201 2202
f 2203 2204 2205
f 2205 1383 2203
f 1990 1987 2206
f 2207 2204 1987
f 2208 1990 1580
f 1711 2209 1710
f 2024 2023 2210
f 2209 2211 2210
f 2211 2209 2039
f 2212 2213 2214
f 2214 2215 2212
f 2216 2217 2218
f 2219 2220 2221
f 2222 2223 2220
f 2220 2219 2222
f 2224 2225 2226
f 2227 2228 2229
f 2226 2230 2224
f 2230 2226 2231
f 2225 2232 2229
f 2225 2224 269
f 2233 2234 2235
f 2234 2159 2236
f 2237 2238 2236
f 2233 2239 1657
f 2235 2240 2233
f 2241 2242 1939
f 1939 1943 2241
f 2243 2244 2245
f 2244 2246 2247
f 2245 2247 2248
f 2249 2250 2251
f 2252 1824 2249
f 2248 2250 1818
f 322 79 2253
f 128 322 2254
f 2255 2256 2257
f 1261 2257 78
f 2257 1261 2255
f 2258 1469 2259
f 1469 2258 1468
f 1469 1438 2260
f 2261 2262 2259
f 2263 2258 2264
f 2260 1440 2265
f 2265 2261 2260
f 1569 2266 1568
f 2267 2268 1568
f 1731 2267 2269
f 2270 2269 2271
f 1564 2272 1569
f 2271 2266 2273
f 2274 2275 2204
f 1983 2274 2207
f 2205 2276 2277
f 2278 2279 2275
f 2280 2281 2274
f 2278 2275 1211
f 2282 2283 2085
f 592 2088 2284
f 2285 2286 2287
f 2288 2289 2290
f 2291 2289 2292
f 2286 2285 2291
f 852 2290 2293
f 854 2288 852
f 2290 2285 2294
f 1881 2295 1880
f 2296 2297 2298
f 2295 2299 2300
f 1880 2300 1879
f 2301 2302 2303
f 2304 2305 2302
f 2305 2304 2306
f 2304 2307 2308
f 2307 2304 2301
f 1336 1333 1677
f 1718 1336 1675
f 2309 2310 2311
f 638 2310 1227
f 2096 2312 2098
f 2313 2314 2095
f 2315 2316 2317
f 2317 2318 1536
f 2316 2319 2318
f 2318 1534 1531
f 2320 2321 2316
f 2316 2315 2320
f 178 169 2322
f 962 2323 2324
f 962 961 2323
f 2323 1054 2325
f 1053 1054 2326
f 2327 2328 2325
f 2329 603 265
f 2330 2329 179
f 2331 2332 2333
f 2334 2331 2335
f 2336 2337 2333
f 2338 2339 2340
f 2341 2336 2339
f 2342 2343 2344
f 2345 463 2346
f 464 2342 462
f 2347 2348 2345
f 2346 2349 2345
f 2350 2351 2352
f 2280 2353 2350
f 2354 2355 2351
f 2353 2280 1983
f 2281 2280 1209
f 2356 2357 1385
f 2357 2358 1394
f 2359 606 2360
f 2360 2361 2362
f 2360 2363 2359
f 2364 345 1771
f 345 344 1496
f 1771 1773 2364
f 2365 2366 2367
f 2367 2368 1354
f 2366 2369 2368
f 2366 2365 715
f 2370 2371 2372
f 2373 2370 2374
f 2375 2000 2370
f 2376 2371 1999
f 2377 2006 2378
f 2378 2375 2373
f 1298 2353 1299
f 2354 1298 2379
f 1515 2380 1512
f 2381 1513 2382
f 2383 2381 2384
f 1515 2385 2380
f 2384 2382 2386
f 2387 2388 1097
f 1097 1099 2387
f 2389 1091 2390
f 1955 1954 1116
f 1355 2391 2063
f 2391 2392 2393
f 2394 2061 2393
f 389 2395 2396
f 2395 2397 2398
f 393 600 2395
f 2399 2400 2401
f 1225 2402 1224
f 2402 2403 2404
f 2400 1220 2404
f 2401 2386 2399
f 2400 2399 2405
f 2406 2407 1985
f 2407 2406 2408
f 2408 1296 2407
f 1116 905 1428
f 901 2409 904
f 1955 1116 2410
f 2411 260 2412
f 2413 259 2411
f 2414 2415 2416
f 818 2417 2418
f 2417 2419 2416
f 2415 2420 2418
f 1656 2421 2234
f 2234 2233 1656
f 2422 2423 2424
f 2425 2426 2427
f 145 148 2424
f 2424 2426 145
f 2424 2428 2422
f 1499 2429 593
f 593 2430 591
f 860 990 862
f 2431 2432 2433
f 2434 2435 2436
f 2435 2437 2433
f 2438 2439 2434
f 2439 2440 2435
f 2441 1079 2442
f 2443 1701 1079
f 1079 2441 2443
f 2444 705 2445
f 705 2444 2446
f 706 705 2447
f 2448 1064 861
f 2449 2450 2451
f 2452 1330 2450
f 2453 2451 2454
f 2450 2455 2296
f 2298 2456 2296
f 992 991 2457
f 991 995 2458
f 2459 1204 2457
f 2458 2406 1988
f 1988 2459 2458
f 1159 1158 2460
f 1284 2461 2462
f 2463 2462 2464
f 2465 2466 1482
f 2467 1483 2196
f 2466 2465 2200
f 1484 1937 1482
f 1479 1478 2467
f 1507 2232 271
f 2468 2469 2470
f 929 928 2468
f 2471 1803 2472
f 1803 2471 2468
f 939 929 2470
f 2473 2474 2475
f 2476 2477 1671
f 2478 2479 2477
f 2475 2480 2473
f 2481 2482 2483
f 2483 2484 2481
f 2485 2482 2486
f 2487 2483 2488
f 2489 2490 2482
f 2482 2481 2489
f 619 1610 2491
f 343 337 2364
f 1683 2492 1681
f 1681 2493 2494
f 2492 1683 2495
f 2494 2496 1681
f 2432 2497 2436
f 2498 2499 2431
f 2499 2498 2500
f 2501 2499 2502
f 2497 2432 2501
f 2503 2431 2504
f 2193 2505 798
f 2505 910 2506
f 1911 797 2506
f 2194 2507 2193
f 798 805 2193
f 2508 2509 2510
f 2509 2508 1884
f 2510 2511 2508
f 1885 1886 2512
f 2513 2514 2515
f 2511 2510 2516
f 1122 1121 1763
f 1535 2517 1537
f 2518 2519 2520
f 2518 18 2521
f 2522 2523 2520
f 2520 2524 2522
f 2520 2525 2518
f 2526 2524 2396
f 1136 2527 1135
f 1136 1132 2528
f 2528 2529 1136
f 1135 2530 1133
f 782 781 1145
f 2531 692 958
f 2532 964 2533
f 692 691 959
f 2534 2535 2414
f 2420 2415 2536
f 2537 2414 2538
f 1417 1737 2539
f 1738 1392 2540
f 2539 1738 2541
f 1416 1417 1414
f 2541 2542 2539
f 2543 1283 2544
f 2545 1281 2543
f 2460 2461 2545
f 2461 1284 1281
f 2546 2547 711
f 2548 2549 2547
f 409 2546 1929
f 2200 2198 2466
f 2305 2467 2195
f 563 562 2550
f 560 789 562
f 562 2551 2552
f 2355 2354 2314
f 2553 2554 2555
f 2312 2096 2379
f 2555 2355 2313
f 2379 1300 2312
f 2556 2557 2558
f 2558 2559 2556
f 2560 2561 2556
f 2559 2558 2562
f 2563 2564 2565
f 2558 2566 2567
f 1203 1202 2568
f 2568 2569 1203
f 1203 2570 1198
f 2571 2572 2568
f 2573 2208 1579
f 1579 2571 2573
f 2208 2573 2574
f 2575 1775 2576
f 1775 2575 2577
f 2578 2576 1409
f 1408 1410 1777
f 2576 2578 2575
f 1768 2054 2579
f 2579 2580 2581
f 2581 1772 2579
f 2580 2441 2582
f 2054 2583 2580
f 2584 1191 2585
f 2584 1620 1191
f 1698 2586 1189
f 2586 2587 2588
f 363 1463 359
f 653 2589 650
f 821 2590 2419
f 822 2591 821
f 2592 2590 2593
f 824 2594 822
f 2419 2417 821
f 946 2595 942
f 2596 2597 2565
f 2598 2563 2599
f 2565 2566 2596
f 2597 2600 2599
f 2601 2602 2596
f 2603 2411 2604
f 1056 2413 2603
f 1057 1056 2605
f 2604 894 2603
f 2604 2412 896
f 374 886 373
f 2606 371 2607
f 327 1526 325
f 2608 2609 1526
f 2610 2608 327
f 2611 2612 2608
f 2613 2611 2610
f 2614 461 2348
f 2615 2614 2616
f 862 992 1205
f 1577 1574 2582
f 1574 1573 2581
f 2582 2442 1577
f 2617 2618 2619
f 1127 2617 2620
f 1129 1125 2617
f 2621 2619 2622
f 2623 2624 1213
f 2624 2625 1216
f 2625 2624 2626
f 2627 2628 660
f 2097 2629 2630
f 2098 2631 2097
f 2630 2632 2097
f 2632 2630 2633
f 2630 1898 2634
f 1896 1898 1894
f 2635 2282 2084
f 2084 1885 2635
f 2636 2637 2635
f 2283 2282 2638
f 2249 2639 2252
f 2640 1825 2641
f 2642 2641 2643
f 2251 2644 2249
f 1083 2645 1081
f 2646 2647 2648
f 2649 2650 2651
f 2650 1567 2652
f 440 439 2650
f 2647 1921 2652
f 868 575 2653
f 2653 2654 868
f 2653 2075 2655
f 2656 2657 1280
f 2657 2658 1278
f 1278 2659 1277
f 1280 1279 2656
f 2657 2656 2660
f 955 2523 2661
f 2523 91 2525
f 2293 2294 2662
f 2662 2663 2293
f 2663 2662 2664
f 2662 2665 2666
f 2667 2665 2287
f 1626 1627 2429
f 2033 2668 2032
f 864 2669 2033
f 2032 2670 2030
f 2113 2671 2672
f 2673 2672 2674
f 2675 2676 2677
f 2678 2679 2671
f 2671 2119 2678
f 2680 2681 2682
f 2185 2680 2184
f 2683 2684 2680
f 2175 2184 2183
f 2184 2682 2685
f 775 769 2686
f 2687 774 2688
f 1924 2167 2686
f 2686 2689 775
f 2686 770 1924
f 770 773 1925
f 1507 1506 2690
f 1506 1505 2691
f 2692 2693 2694
f 2692 2695 2696
f 2696 2697 2692
f 2694 2140 2692
f 2693 2698 2699
f 2699 2700 2164
f 2694 2699 2145
f 910 2505 913
f 675 1744 673
f 1744 675 1741
f 680 2701 677
f 674 673 681
f 673 1743 1950
f 2702 2703 2542
f 1415 1414 1966
f 1108 2704 2705
f 2705 2706 1108
f 2707 2704 2708
f 148 139 2428
f 2709 2710 2634
f 2634 1661 2709
f 2711 510 2712
f 2713 2714 2712
f 2712 501 2713
f 2715 2716 2717
f 2718 2719 2715
f 2720 2715 2721
f 2717 2722 2723
f 2722 2724 2725
f 2724 2722 2726
f 1674 2727 2728
f 2729 2292 2730
f 2727 2291 2729
f 2727 1674 2731
f 2728 2729 1723
f 2019 1959 1030
f 2732 2019 704
f 2733 2020 2732
f 2447 2732 706
f 2006 1998 2375
f 2734 2735 2736
f 2737 2738 2739
f 2740 2736 2741
f 2741 2742 2740
f 2743 2048 2744
f 2745 1839 2743
f 1839 2745 1837
f 2746 1830 2747
f 722 2748 2746
f 1831 1830 2749
f 2750 2746 2751
f 2752 2753 2747
f 2747 1832 2752
f 1832 1828 2754
f 2755 2756 1435
f 1434 2627 2757
f 2758 1433 2757
f 1434 2756 2627
f 2759 2755 1087
f 2755 2759 2760
f 2761 2227 2762
f 2227 2761 2563
f 2762 2690 2761
f 30 263 1061
f 604 2763 75
f 1794 791 2764
f 1485 2765 788
f 2766 2767 2765
f 2767 2768 2764
f 1459 1047 1397
f 1490 2769 2770
f 2770 2771 2772
f 1491 1490 2773
f 2774 2775 2769
f 2774 2769 2776
f 2764 2777 1794
f 2486 2778 2779
f 2488 2485 2780
f 2781 2780 2779
f 2782 2783 2490
f 773 440 2649
f 594 592 2784
f 589 594 2785
f 2786 2787 2788
f 2789 2788 2092
f 623 2100 2790
f 2787 1630 2790
f 2790 2791 623
f 834 2792 2786
f 1630 2787 1629
f 2791 1624 620
f 1624 2791 1628
f 2793 1361 2794
f 2794 1363 509
f 1361 2795 1362
f 2796 2795 2793
f 2797 2130 2127
f 2131 2130 2798
f 1858 2797 1857
f 427 2202 1443
f 350 2799 346
f 2800 619 2801
f 2801 2802 2800
f 1195 2803 2491
f 2804 1262 2427
f 2804 2805 2806
f 2427 2423 2804
f 2806 2807 2804
f 1258 2425 1264
f 2387 2808 2809
f 2810 2809 2612
f 2811 2388 2809
f 2808 2812 2813
f 1099 2814 2808
f 1209 1208 2281
f 2352 2815 2350
f 2816 2278 1210
f 2114 1253 2116
f 2817 2121 2818
f 2673 1251 2114
f 2819 2820 1349
f 2821 2822 2823
f 2823 2824 2825
f 2825 2826 2823
f 2826 2827 2828
f 2829 2821 2828
f 603 2329 421
f 2830 2831 681
f 2832 2833 2674
f 1256 2833 2834
f 2833 2832 2835
f 2674 2676 2832
f 1251 2673 1255
f 1843 2836 1842
f 1842 2837 1840
f 1670 2838 2839
f 1663 2840 1670
f 2839 2476 1670
f 2841 2842 2843
f 1712 2844 2842
f 2845 2846 2847
f 2846 2845 2439
f 2847 1835 2845
f 2848 2849 2850
f 2850 2440 2848
f 479 473 2851
f 2852 477 2853
f 2851 2854 479
f 2851 469 2030
f 469 468 2031
f 2855 2856 2857
f 2857 2858 2859
f 2856 2816 2858
f 2860 2861 1964
f 1964 2703 2860
f 1612 1611 2861
f 2862 1102 2863
f 356 355 1063
f 2766 1487 2306
f 2467 2305 1479
f 2864 2865 2866
f 2867 2868 2869
f 2866 2870 2864
f 2871 2867 2872
f 2870 2866 2873
f 1175 2874 1173
f 2875 2876 2754
f 2753 2752 2877
f 2877 2876 493
f 2814 1099 644
f 2517 2814 1230
f 1159 2689 1157
f 1894 2629 1297
f 2312 1293 2631
f 1688 1691 1858
f 2130 2797 2878
f 1692 2879 1691
f 2880 854 2881
f 854 2880 2288
f 847 2882 855
f 2883 2733 2447
f 2545 2687 2460
f 2884 2319 2885
f 2884 2886 333
f 2885 2321 2887
f 2262 2885 2264
f 2886 2884 2262
f 2888 2889 1844
f 2890 2807 2891
f 2889 2888 2806
f 1844 1846 2888
f 814 2891 813
f 906 1117 902
f 905 1114 899
f 2892 2893 2894
f 2895 1000 2892
f 2896 1869 2894
f 2893 1002 2897
f 546 2896 2897
f 547 546 2898
f 1929 711 2899
f 1879 2297 2900
f 2901 2118 2902
f 2903 2901 1075
f 2904 2577 2905
f 2577 2904 1775
f 2577 2906 2907
f 2908 2904 2909
f 2706 2705 2907
f 413 418 411
f 844 414 842
f 2910 2911 414
f 2912 2910 844
f 2454 2456 2913
f 2456 2298 2914
f 2915 2916 2299
f 2299 2295 2915
f 559 553 2917
f 563 2918 552
f 1963 1962 1305
f 2919 1306 378
f 2341 2919 380
f 2920 2921 2922
f 2923 724 1015
f 2924 725 2923
f 2922 2925 726
f 1015 2925 1013
f 2926 2927 2928
f 2929 2930 1179
f 2926 2931 2873
f 2932 2933 2930
f 2928 2104 2926
f 2934 2935 2936
f 2935 2937 2938
f 2935 2934 2939
f 2940 2941 2938
f 2941 939 2936
f 2936 2470 2934
f 876 495 2056
f 497 490 876
f 2942 2943 494
f 2944 2055 2943
f 2945 2946 2947
f 2553 2945 2948
f 2948 2947 2949
f 2950 1622 2951
f 2951 2952 2950
f 2946 2945 2953
f 1622 2950 2954
f 2955 2956 2957
f 2958 2959 2956
f 2956 2960 2961
f 2957 2961 999
f 2961 2962 996
f 2963 723 2964
f 2746 2750 722
f 2964 2750 2965
f 2748 722 727
f 2089 2430 2966
f 2966 1887 2089
f 2616 2967 2615
f 2348 2347 2616
f 2515 1467 2513
f 2099 624 2968
f 2093 2968 2969
f 2923 401 2924
f 2924 2134 2970
f 2133 2134 405
f 2542 2541 2702
f 441 443 445
f 777 2971 772
f 671 2972 2973
f 2974 2975 2976
f 2975 2974 1904
f 2976 2977 1615
f 2978 2977 2979
f 581 580 2980
f 2980 2981 2982
f 2982 2983 2980
f 2980 2984 581
f 2981 627 2985
f 627 2981 630
f 2638 2986 2283
f 2986 2987 2284
f 1062 1064 364
f 2988 362 2989
f 471 2989 2448
f 476 2988 471
f 2990 2991 1234
f 2991 2992 1240
f 2993 542 2994
f 2489 540 2993
f 2995 2996 2997
f 2504 2998 2503
f 2999 3000 3001
f 2503 2995 3002
f 2789 2633 3003
f 2633 2789 2632
f 1667 3004 1665
f 3005 3006 3007
f 2860 3008 3005
f 3007 1616 3005
f 3005 1612 2860
f 3009 3010 1318
f 3011 3012 3013
f 1602 3013 3014
f 3013 1948 3011
f 3014 3015 1599
f 3010 3009 3014
f 3016 2313 2969
f 2802 3016 3017
f 3018 2555 3016
f 3019 3020 3021
f 3022 3023 3024
f 3025 3024 3026
f 3027 3022 3025
f 3028 3029 1564
f 2273 2272 2102
f 3029 3028 3030
f 614 3031 569
f 571 923 568
f 607 918 3031
f 2464 1149 3032
f 3033 3032 3034
f 2948 2352 2553
f 3035 2151 3036
f 2177 2179 3037
f 2179 2178 3035
f 3036 3038 3035
f 1638 3039 2149
f 3038 3036 3040
f 2102 2101 2273
f 2106 3041 3042
f 3030 2109 3029
f 3042 2271 2106
f 2705 3043 2905
f 3043 3044 2909
f 3044 3043 2707
f 778 676 781
f 1014 1013 679
f 780 679 778
f 3045 2957 3046
f 3047 1722 2730
f 2730 3048 3047
f 1723 1718 2728
f 2658 3049 2659
f 2659 3050 2734
f 3050 3051 2735
f 3052 3049 3053
f 3051 3050 3052
f 3054 3055 3056
f 3055 2879 3057
f 3055 3054 2798
f 3058 3054 3059
f 3057 3060 3061
f 3061 3062 3057
f 2998 3063 2995
f 2996 2135 3001
f 3064 459 2614
f 2614 2615 3064
f 2136 2999 2137
f 3065 3066 2999
f 2999 2136 3065
f 1800 2819 3067
f 1349 3068 2819
f 3069 3067 3070
f 3067 3071 3072
f 537 3071 3073
f 3074 2852 3075
f 3076 1470 3077
f 432 428 3076
f 3078 3076 3079
f 3079 3077 2263
f 593 585 1499
f 1501 1626 1499
f 3076 3078 432
f 3080 3078 3081
f 3082 430 3083
f 3084 3083 3080
f 3085 1931 2899
f 2899 712 3085
f 3086 3087 3085
f 3004 1667 3088
f 1137 1140 3089
f 1869 2896 1862
f 3090 3091 1823
f 3092 1822 3093
f 3094 3092 3095
f 3096 3091 3097
f 3091 3096 3093
f 3098 2495 2696
f 3099 3100 3101
f 3006 3102 3099
f 3102 3098 3100
f 2698 2693 615
f 614 2698 608
f 615 2697 613
f 3103 126 3104
f 1457 1459 3105
f 3106 1457 3107
f 3105 1397 639
f 497 878 496
f 3108 3109 3110
f 3111 3112 3109
f 3109 1855 3111
f 3113 3114 3115
f 1631 3116 3117
f 1634 3117 3118
f 3117 2560 3119
f 3116 3120 2560
f 3121 3122 3116
f 1989 2574 1988
f 2756 2755 3123
f 508 1362 1360
f 2991 2990 3124
f 3124 3125 2991
f 3126 2219 3127
f 3128 812 3127
f 3129 3126 3130
f 3127 2221 3128
f 1400 3131 1401
f 1399 3132 3131
f 1403 3133 1399
f 3134 3135 3136
f 3137 3138 3134
f 3138 3137 3139
f 3135 3138 2584
f 3134 976 3137
f 619 2800 617
f 2215 2214 3140
f 3141 3142 2223
f 2223 2222 3141
f 2654 3143 865
f 873 588 881
f 881 589 879
f 2144 2162 747
f 3144 3145 3075
f 2852 3074 3146
f 3075 3147 3144
f 3075 2853 3147
f 2651 1918 2649
f 3148 3149 1289
f 1289 3150 3148
f 931 3151 936
f 1305 1304 1963
f 3152 3153 3154
f 3154 2993 3152
f 3153 3152 2071
f 3155 3156 2994
f 3157 3158 3159
f 3160 3161 3157
f 3162 3158 3163
f 3164 3165 3161
f 3166 3167 3168
f 3166 3169 3167
f 3170 3166 3171
f 3168 63 60
f 2521 19 3167
f 1701 1699 1080
f 2443 3172 1701
f 994 1895 2408
f 1427 3173 1027
f 702 703 2409
f 2215 3174 2218
f 3175 2216 3176
f 3177 3178 3176
f 3174 2215 3179
f 3003 2786 2789
f 835 834 3003
f 924 3180 922
f 1369 1372 3181
f 1369 3182 1366
f 3183 1455 3106
f 3184 1460 3183
f 3185 1826 1460
f 3183 2837 3184
f 2837 3183 2052
f 3184 2836 3186
f 1460 3184 3185
f 1103 3187 2110
f 3188 2112 2110
f 3189 3188 3190
f 3187 3191 3190
f 1100 3192 3187
f 2880 3193 3194
f 3193 2880 3195
f 1297 1296 1894
f 3180 924 3196
f 1997 2069 2001
f 3197 3198 3199
f 3200 3201 3199
f 3199 3202 3197
f 3203 2363 3204
f 3204 3200 3203
f 2363 3203 3205
f 3198 3197 736
f 486 3206 1538
f 3207 3208 3209
f 485 3210 3206
f 3211 3209 3212
f 3213 2939 3214
f 913 2507 3215
f 2939 3216 3215
f 909 913 916
f 2939 3213 2935
f 3217 3218 632
f 3219 3218 3220
f 2835 3221 3217
f 3218 3219 3222
f 2827 3223 3224
f 535 3225 3226
f 3225 2829 3224
f 3111 1856 3227
f 3227 3228 3111
f 2125 3229 2123
f 2124 2123 1849
f 2987 3230 2784
f 1942 3231 3232
f 3233 3234 3232
f 3235 3236 849
f 849 3233 3235
f 3122 3121 3231
f 3236 3235 3237
f 3238 3239 3240
f 3241 3240 1735
f 3242 3243 3244
f 3244 3245 3246
f 3240 3245 3247
f 3248 3249 3239
f 3250 1654 2549
f 3251 3250 2548
f 2156 2421 3251
f 2549 1655 710
f 3252 1559 3253
f 3254 3252 3255
f 981 983 3253
f 1640 3237 1633
f 2153 3236 1640
f 3256 3257 3258
f 3259 426 3258
f 3260 3259 1165
f 3259 3260 3261
f 3258 3262 1165
f 1166 3263 1165
f 3260 3263 3264
f 3265 3266 2687
f 3265 2543 3267
f 2687 2545 3265
f 3267 3268 3265
f 3269 3270 3271
f 3270 3269 1401
f 3272 3271 3273
f 3274 3275 3276
f 3277 3278 3275
f 3279 3277 3274
f 2599 3280 2598
f 2598 3281 2228
f 1015 400 2923
f 3282 2793 3283
f 2793 3282 2796
f 3283 2794 3284
f 1268 1269 1796
f 2551 1797 3285
f 1644 1268 3286
f 3287 3288 3289
f 2720 3228 3289
f 3289 3290 3287
f 2715 2720 2718
f 3228 2720 3112
f 2719 2718 3291
f 3060 1967 1969
f 127 128 3104
f 3292 3103 3293
f 3294 3295 2958
f 3296 2960 3297
f 2960 3296 2962
f 3088 754 2163
f 750 2144 746
f 1580 2206 1382
f 2021 3298 3299
f 3299 457 3136
f 3298 3300 457
f 3301 3302 3303
f 2393 3302 2394
f 3304 3305 3301
f 3306 3307 2392
f 1401 3308 3270
f 3308 3309 3276
f 3310 3274 3311
f 566 2146 738
f 2131 3310 2126
f 2126 3311 766
f 2586 1698 1709
f 1696 3312 1697
f 1944 1934 3313
f 3120 3313 2561
f 3122 1944 3120
f 3313 1936 2601
f 1936 3314 2602
f 3315 3316 3317
f 499 491 3318
f 3317 3319 3315
f 493 3316 491
f 3317 3320 3321
f 3322 3320 3323
f 3324 1715 3325
f 3325 1716 3312
f 2363 2360 3326
f 3326 2362 2041
f 2041 2040 3326
f 2152 3327 2150
f 3327 2152 2882
f 2152 2178 3328
f 1140 1141 3139
f 2986 2638 3329
f 3329 3330 3331
f 3332 3329 3333
f 2987 2986 3332
f 3334 3335 3336
f 3337 2642 3338
f 3336 3339 3334
f 2643 3335 2642
f 2640 2641 3337
f 3340 3341 3342
f 3195 2182 3193
f 3342 3343 3340
f 3211 3344 3345
f 2726 3346 2724
f 2724 3347 3144
f 3347 2992 3145
f 3346 3348 3347
f 3349 2620 2621
f 1890 1653 3350
f 3350 3170 3351
f 3351 1888 3350
f 2240 3170 2239
f 3352 3353 3354
f 3355 3354 3356
f 3357 3358 3354
f 3359 3319 3356
f 3353 3318 3359
f 1703 498 3352
f 3360 3361 3362
f 2168 3363 3364
f 3362 3363 1786
f 3365 3273 3361
f 3366 3367 3368
f 3368 2744 3366
f 1096 3369 1095
f 2744 3368 2743
f 3368 3370 3371
f 3372 3370 3373
f 3374 903 3375
f 2638 2637 3330
f 898 897 3374
f 1454 3376 3377
f 1454 3378 3376
f 3379 350 3380
f 1453 3377 3061
f 351 3062 349
f 3381 3382 3383
f 3384 3381 3385
f 3385 3383 2320
f 2264 2887 2263
f 3386 3081 3381
f 2024 3387 3298
f 2210 3388 2024
f 3389 2929 1180
f 2927 2926 2874
f 2874 1175 2927
f 3390 761 3391
f 761 3390 3392
f 3393 3394 3395
f 3396 2872 3394
f 3397 3398 3399
f 3399 2870 3397
f 3400 3396 3393
f 3401 2871 3396
f 2437 3402 2504
f 2493 3403 2540
f 2702 3403 3404
f 2492 3405 2493
f 1256 3406 1252
f 2834 3407 1256
f 3408 3409 3410
f 2783 2782 3411
f 2490 3154 2782
f 3410 3153 3408
f 2589 3412 652
f 1464 3413 2589
f 3407 2834 3414
f 3217 3415 2835
f 635 3416 3415
f 3417 3407 872
f 2490 2489 3154
f 3151 3418 3148
f 1291 1290 3419
f 453 452 1346
f 3420 227 248
f 227 3420 1265
f 250 3421 3420
f 2550 2552 3421
f 1265 3422 3285
f 253 952 250
f 3423 3424 2534
f 2536 2535 3425
f 3424 3423 3426
f 3426 3427 3424
f 2534 3428 3423
f 2414 2537 2534
f 2555 3018 2553
f 3429 3430 3431
f 3432 3433 3429
f 3434 3430 3435
f 3433 3432 3436
f 3437 2434 3438
f 2497 3439 3438
f 3440 3437 3441
f 2624 2623 2951
f 2626 1621 2625
f 487 1751 3210
f 723 2963 720
f 3442 3443 3444
f 2920 2922 3442
f 3445 3446 3444
f 3444 3447 3442
f 3444 2963 3445
f 2402 1225 633
f 2985 634 1223
f 2403 2402 3222
f 3448 3449 1314
f 3449 3009 1315
f 2410 2714 1955
f 2712 1430 2711
f 1429 1430 2410
f 3450 3451 2910
f 3451 3450 3452
f 2910 2912 3450
f 3453 3454 3455
f 526 3455 524
f 3455 526 3453
f 3155 2898 1006
f 1006 1005 3155
f 2994 547 3155
f 1002 2893 998
f 569 2700 614
f 3456 3375 2636
f 3457 3374 3456
f 2636 2511 3456
f 2710 2709 837
f 837 835 2710
f 3458 3459 833
f 3460 2509 3459
f 1467 2515 3460
f 3459 3458 3461
f 3462 3460 3461
f 3463 3464 1450
f 2397 3463 3465
f 600 1826 2397
f 1450 3466 1448
f 2322 3467 2827
f 2330 2322 2826
f 2322 2330 178
f 3223 3468 3226
f 3468 3223 1645
f 3469 3470 445
f 445 2971 3469
f 451 3471 1138
f 3471 3472 2528
f 451 3089 449
f 1138 1137 451
f 2527 3473 2530
f 2529 3474 2527
f 3474 2529 3475
f 1279 1272 3476
f 1279 3476 3477
f 3478 3479 1274
f 1274 1273 3478
f 3480 3481 3200
f 2043 2843 3480
f 3200 3204 3480
f 3481 2840 3201
f 3016 2802 3018
f 2954 2946 2803
f 3482 2038 3483
f 2967 3483 436
f 3484 3282 1024
f 3284 1025 3283
f 1029 3484 1023
f 3485 2675 2679
f 2676 2675 3486
f 3487 3488 3489
f 3489 3490 3491
f 3393 3492 3400
f 3492 3393 3493
f 3493 3494 3492
f 3488 3495 3490
f 3495 3401 3400
f 3496 3497 3498
f 3499 3500 3501
f 3502 3501 3503
f 3504 3505 3496
f 3505 3506 3497
f 1423 1422 1686
f 3387 3507 3300
f 1341 1346 3508
f 3509 60 110
f 60 3509 3168
f 2481 551 540
f 3510 1760 3511
f 1760 3510 1765
f 1857 2127 1146
f 3226 3512 535
f 2829 3225 3513
f 3485 3514 2381
f 3515 1511 3514
f 3485 2679 3514
f 3514 3516 3515
f 2329 2330 2825
f 3517 2605 893
f 2605 3517 1057
f 3518 893 3519
f 2327 3517 3518
f 894 2604 892
f 2854 2851 3520
f 3520 3521 2854
f 3522 685 2328
f 958 2324 2531
f 685 3522 687
f 692 2531 684
f 3523 1543 3208
f 3208 3207 3523
f 1543 3523 3524
f 3524 387 1543
f 2008 1877 1755
f 2009 3525 2008
f 511 402 3526
f 3526 3527 511
f 3526 404 768
f 3528 3529 3530
f 949 3378 941
f 3378 949 3380
f 430 3082 3053
f 3053 3531 433
f 3051 3052 3532
f 3083 3084 3082
f 1210 1212 1133
f 1502 2053 1493
f 3533 329 3196
f 3196 3534 3180
f 927 3533 926
f 329 331 3534
f 3534 3535 2265
f 2171 2170 3277
f 2171 3058 353
f 3277 3279 2171
f 3146 1961 2852
f 1162 3536 672
f 377 366 3537
f 3538 3539 3536
f 2590 2592 3540
f 2419 3540 2538
f 2592 3541 2740
f 1621 2626 1618
f 1353 3179 3142
f 1354 3542 1353
f 2495 3098 2492
f 923 922 1441
f 2911 2155 415
f 3500 3499 3435
f 3543 3498 3436
f 2025 2587 2022
f 2587 2025 2585
f 3544 2526 2398
f 2530 3545 3546
f 652 3547 651
f 3547 836 1662
f 836 3547 838
f 3548 659 1380
f 3549 1379 661
f 3550 3548 1381
f 3550 2758 3548
f 422 2824 3551
f 3551 2822 3552
f 1025 3284 1431
f 531 3553 3072
f 3554 2389 3555
f 3556 3557 3555
f 2388 3558 1098
f 3555 2390 3556
f 2389 3554 3369
f 1091 2389 1096
f 1967 3060 1692
f 1621 1620 3139
f 3135 2584 3559
f 3332 3560 2987
f 3333 3561 3332
f 1370 3230 1373
f 3561 1371 3560
f 3333 3331 3562
f 3562 3563 3333
f 2337 3564 2532
f 3565 3566 3567
f 2336 382 2337
f 965 964 3566
f 2337 2532 2335
f 2816 1210 3546
f 3568 135 3103
f 3529 1486 557
f 788 558 1485
f 3529 3528 1481
f 879 2785 1370
f 3569 2892 3570
f 1585 2895 3569
f 472 2448 2035
f 1812 1342 1810
f 464 3571 1810
f 1342 1812 1345
f 3572 3097 3573
f 3097 3572 3096
f 3097 3574 3575
f 3573 3575 3576
f 3507 3387 3577
f 2511 2636 2512
f 3026 3020 3578
f 3249 3248 3019
f 3578 3248 3238
f 3026 3579 3025
f 3238 3580 3578
f 3578 3581 3026
f 2623 3582 2952
f 1213 1215 2623
f 839 1887 2792
f 1627 1629 2966
f 814 808 3583
f 2891 814 2890
f 3584 3585 1338
f 3585 3584 3440
f 3586 1338 3587
f 1338 3586 3584
f 2228 2227 2598
f 1205 1200 862
f 1204 2459 1202
f 2190 2189 3588
f 2187 2186 804
f 804 803 2187
f 2248 3588 2245
f 3589 3150 3590
f 3150 1289 3591
f 1288 3592 1286
f 937 936 3589
f 2753 3593 2751
f 3445 2964 3594
f 3593 3182 2965
f 3595 3213 3596
f 3213 3595 2937
f 2025 3299 3559
f 1466 2444 2513
f 698 700 2445
f 2514 2513 3597
f 3598 3531 2658
f 2660 3598 2657
f 1128 1127 1476
f 951 2230 950
f 951 297 2224
f 298 3599 296
f 2169 2168 2170
f 2170 3364 3278
f 3363 2168 1787
f 2968 625 3017
f 363 3600 1465
f 1067 3379 3601
f 1071 2799 3379
f 3136 458 3134
f 3602 3516 2678
f 3287 3603 3602
f 3604 417 2157
f 3451 1524 2911
f 2862 2017 3192
f 3192 2016 3191
f 3605 3606 3607
f 3608 3605 3609
f 3610 3606 3608
f 3605 3607 3611
f 2071 2070 3153
f 3409 3408 3612
f 3419 3613 1291
f 3613 3614 2544
f 3418 3615 3149
f 3613 3419 3616
f 3176 3174 3177
f 3177 3617 3618
f 3174 3179 3617
f 2606 3619 3620
f 3620 2377 3621
f 669 957 3621
f 371 2606 957
f 2373 2972 2378
f 2004 3622 3609
f 2003 3619 3622
f 2201 1231 2147
f 3063 2998 3623
f 2440 2850 2437
f 3063 2970 2996
f 3623 729 3063
f 2850 3624 3402
f 3325 3625 3324
f 3625 3626 3627
f 3324 3627 3628
f 3629 3272 3365
f 94 93 2079
f 3011 2080 155
f 3012 3011 321
f 2035 2034 472
f 3630 375 3537
f 3631 2548 2546
f 3632 952 3633
f 2231 2917 2230
f 2918 3632 2917
f 3281 559 2231
f 428 427 1470
f 3220 3221 3486
f 2384 3220 2383
f 364 356 1062
f 606 434 2361
f 3634 3635 436
f 1102 2862 1100
f 3636 3257 3637
f 3257 3636 3262
f 3257 3256 3638
f 2754 1833 2875
f 1827 3639 3640
f 1833 3640 3323
f 827 818 3641
f 2818 827 2817
f 827 2818 826
f 3512 3286 539
f 3642 3643 2244
f 3644 3642 2243
f 3642 3644 3645
f 3643 3642 3646
f 2310 2309 3629
f 3365 3647 3629
f 2309 3269 3272
f 2311 1402 2309
f 3066 3065 3648
f 2771 2775 3649
f 3645 3650 3651
f 3385 3652 3384
f 3435 3652 3434
f 3381 3384 3386
f 3501 3502 3499
f 1783 3538 1162
f 3653 3504 3654
f 3498 3543 3496
f 2559 3655 3119
f 2562 3656 2559
f 3657 3658 2567
f 507 1360 1971
f 1234 1233 2990
f 3644 802 3650
f 1078 1077 3659
f 3650 1078 3660
f 802 3644 800
f 3661 3118 984
f 3662 3663 1509
f 3663 2570 1516
f 2124 3662 1508
f 2140 3664 2695
f 507 1971 506
f 2675 3485 2383
f 3665 1059 2763
f 2443 2583 3172
f 2583 2054 2944
f 3666 3667 3668
f 1992 3668 1152
f 1994 3666 1992
f 1152 2166 1992
f 869 573 868
f 2349 2346 3577
f 2349 2211 3669
f 2211 2349 3388
f 1347 3508 2342
f 3508 3507 2343
f 2918 563 3632
f 952 3632 3421
f 3670 3671 3672
f 3673 3674 3672
f 3675 3673 3676
f 3671 2772 3676
f 3677 688 1031
f 694 686 3677
f 2517 1230 3678
f 3679 1536 3678
f 3678 1229 3679
f 3680 3681 1228
f 3682 3683 3684
f 3685 3686 3687
f 3686 3688 3689
f 3684 1981 3682
f 2779 2783 3690
f 632 635 3217
f 3691 2868 845
f 2865 2864 3691
f 1174 2865 3692
f 3037 3693 2177
f 3693 3037 3694
f 2836 1843 3695
f 2479 2478 3696
f 3628 2478 2476
f 3626 3697 3696
f 2105 2933 3041
f 2104 2103 2931
f 2933 2105 2928
f 3590 3591 2029
f 2029 2026 3590
f 969 3589 967
f 2029 3592 1245
f 702 2409 701
f 3114 3113 3521
f 2668 3110 2670
f 2670 3114 3520
f 3521 2723 3147
f 2721 2717 3113
f 966 963 3698
f 3566 3565 965
f 2982 2985 3699
f 3700 3699 3701
f 2983 2982 3700
f 1860 3702 1325
f 1325 1324 1860
f 3702 1860 2831
f 2856 2855 2279
f 2857 3700 2855
f 1322 1973 1326
f 503 506 1322
f 671 669 2972
f 3703 2621 3704
f 3704 2622 3705
f 2622 3706 3707
f 1412 1089 1699
f 1087 1089 2759
f 2941 2940 3708
f 3615 3418 3709
f 2940 3710 3709
f 2938 3711 2940
f 2077 2080 1946
f 1635 3712 1638
f 375 3630 3713
f 3537 3539 3630
f 2463 3714 1285
f 1285 3715 1288
f 3714 1243 3715
f 3716 1241 3714
f 2394 3305 3717
f 3717 2066 2394
f 3718 3719 3717
f 1180 3718 3389
f 2201 435 2359
f 2359 3205 2201
f 2148 1444 2147
f 700 701 3597
f 701 900 3720
f 900 898 3457
f 1773 1772 3721
f 3722 3723 2256
f 3723 3724 3725
f 3723 3722 3726
f 3727 3722 2255
f 815 3728 3727
f 2254 2253 3725
f 3296 3729 3730
f 2073 1004 3731
f 3731 3732 2073
f 3732 3731 3733
f 3734 3735 3729
f 3145 3125 3074
f 2795 3736 3124
f 1788 3432 1786
f 2060 3737 1788
f 1786 3429 3362
f 3007 3099 3738
f 1899 1759 3739
f 481 2978 3739
f 487 480 3740
f 1759 1748 482
f 1451 2661 1449
f 889 884 1761
f 3741 3742 887
f 888 2618 1766
f 1824 2252 1821
f 2465 1940 3743
f 1940 2465 1938
f 3743 2242 1907
f 1907 914 3743
f 2519 2518 3744
f 3085 713 3086
f 3087 3086 2064
f 2700 569 740
f 3702 1952 1327
f 3745 3746 1376
f 3747 1376 1378
f 2974 3745 3747
f 3748 3749 3745
f 2006 2377 2003
f 2157 2156 3604
f 3750 3751 3752
f 3753 3724 3754
f 3755 3753 3756
f 3756 3754 3757
f 2817 3641 3758
f 510 2711 509
f 1378 1903 3747
f 2979 2975 1900
f 2855 3701 2277
f 2279 2278 2856
f 1453 1452 3377
f 3759 3760 3454
f 3454 3453 3759
f 1502 1500 584
f 584 587 1502
f 3279 3761 3058
f 3059 3056 351
f 3713 3762 375
f 3763 376 3741
f 376 3763 367
f 3764 3705 3765
f 3766 3487 3165
f 3164 3767 3768
f 3767 3164 3160
f 3768 3766 3164
f 3766 3768 3769
f 3090 3770 3771
f 3771 3772 3773
f 3768 3772 3774
f 2849 727 3624
f 3624 728 3623
f 3348 3346 946
f 946 945 3348
f 3346 2726 2595
f 2896 546 543
f 1249 1248 3775
f 3034 3776 3033
f 3775 3776 3777
f 3778 3779 3034
f 3716 2464 3033
f 3033 1248 3716
f 2612 2813 2609
f 1530 1527 3780
f 1352 1353 1350
f 1359 1350 3141
f 3781 3782 3288
f 3573 3783 3572
f 3572 3710 3784
f 3616 3615 3783
f 3783 3573 3616
f 2496 2494 1390
f 681 1950 2830
f 3391 3132 3390
f 328 3785 3027
f 3785 2011 3022
f 3533 927 3785
f 324 3027 3786
f 890 731 1060
f 187 731 319
f 3787 3788 2667
f 1912 1910 3788
f 1981 1975 3789
f 1921 2647 3789
f 2431 2503 2498
f 3790 3791 3002
f 3000 3790 2997
f 3268 3792 3266
f 3367 3366 3793
f 2840 3481 2838
f 3794 2841 2043
f 683 682 1148
f 2020 2733 475
f 2733 2883 3795
f 2139 3746 3664
f 3757 3751 3796
f 3796 3797 3757
f 3757 3798 3756
f 3751 3750 3799
f 1849 1851 2124
f 3800 3511 3801
f 3612 3510 3800
f 3690 3411 3801
f 3801 1764 3802
f 3758 2122 2817
f 2983 2859 2984
f 3803 583 3804
f 2859 3545 3804
f 3474 3803 3473
f 2859 2983 2857
f 3805 3806 3807
f 3806 3805 3808
f 2811 3806 3809
f 3810 3805 3811
f 2611 2613 3807
f 2809 2810 2811
f 2612 2611 2810
f 3687 3689 3812
f 3242 3687 3813
f 3244 3685 3242
f 2358 2357 3685
f 3110 2668 3108
f 3814 3446 3815
f 3594 3181 3445
f 3181 3594 1369
f 3816 3648 3817
f 3336 3817 3818
f 3819 3816 3335
f 2774 2776 3820
f 3820 3648 2774
f 1736 1418 1978
f 2805 3821 3822
f 2806 3822 2889
f 3822 3823 3824
f 3821 1447 3823
f 3823 3466 3825
f 3597 3720 2514
f 3758 2420 3826
f 100 3827 111
f 3828 3509 109
f 109 3827 3828
f 3828 3829 3351
f 2863 1916 2862
f 1916 2863 1864
f 3491 3163 3489
f 2988 476 3795
f 3795 360 2988
f 1409 1584 2578
f 1584 3569 3830
f 2578 3830 1870
f 1381 752 3550
f 1521 3831 1517
f 1521 1520 3832
f 3758 3826 2122
f 3425 3833 2536
f 419 3692 418
f 1181 1174 419
f 3264 3834 3665
f 3834 3835 1059
f 3665 605 3264
f 605 3665 604
f 1329 1337 2900
f 2900 3836 1879
f 1330 1329 2455
f 2372 3837 3838
f 3839 3840 3841
f 3841 3837 2376
f 3838 1012 2372
f 3525 2009 3840
f 2009 1011 3838
f 885 3842 3843
f 889 1765 885
f 2691 3844 3658
f 983 3656 3255
f 2690 2691 3657
f 3656 2562 3845
f 3679 3681 3846
f 3846 2317 3679
f 3847 3848 3849
f 2331 2334 3850
f 3850 3851 2331
f 3852 3777 3853
f 3853 693 3852
f 691 2334 2533
f 2334 691 3853
f 2140 2694 2138
f 829 3458 840
f 838 3854 829
f 3855 3307 3856
f 3557 3856 3857
f 3856 3557 3855
f 2391 3858 2392
f 3856 3306 3859
f 3307 3860 3303
f 2425 1258 147
f 259 2413 261
f 2069 1997 2072
f 2005 2004 3611
f 1778 1776 2908
f 3654 3861 3653
f 3428 3862 3653
f 3640 2449 2453
f 2450 2449 2452
f 1834 3863 3639
f 1005 2067 3156
f 417 3604 410
f 410 3631 409
f 3604 3251 3631
f 2680 2185 2683
f 3864 1995 3865
f 3667 3666 3864
f 3866 3667 2340
f 3169 2238 3867
f 2238 2237 3868
f 3169 3166 2240
f 3869 3744 3868
f 2929 3389 3304
f 3304 2932 2929
f 524 2912 522
f 3261 423 3259
f 423 3261 424
f 3509 3828 3171
f 1595 3703 3870
f 3705 3764 3704
f 446 3871 442
f 3871 446 3872
f 1564 438 3028
f 3487 3873 3488
f 3874 3875 3488
f 3876 3877 3878
f 961 3877 2326
f 3879 3878 3880
f 3881 3876 3879
f 3698 3882 966
f 3647 3365 3360
f 1847 811 1846
f 1848 3130 811
f 2745 3129 1848
f 3612 3800 3409
f 3086 2365 2065
f 1354 1357 2367
f 1818 2190 2248
f 938 3708 3151
f 2287 3883 2667
f 3609 3884 3608
f 3843 3884 3885
f 3886 3887 2683
f 3887 3886 3888
f 3887 3567 2684
f 2683 3693 3886
f 2661 2522 3544
f 820 819 823
f 3889 3890 823
f 823 1254 3889
f 1101 1100 1103
f 2268 2648 1566
f 3891 3892 2267
f 3543 3893 3654
f 3811 3580 3810
f 3580 3811 3581
f 1759 1899 1758
f 1900 1899 2979
f 624 2099 623
f 3894 851 2663
f 2663 2664 3894
f 3818 3895 3336
f 3404 3405 3102
f 3404 3008 2702
f 3102 3006 3404
f 361 360 3600
f 914 1907 1905
f 2242 2241 1908
f 2664 3896 3897
f 3898 3874 3899
f 3487 3766 3873
f 3873 3769 3899
f 715 714 2366
f 3799 3900 2217
f 2217 2216 3799
f 3797 3796 3175
f 1642 1976 1420
f 2081 3829 3901
f 102 3901 100
f 2385 1515 3902
f 1516 2569 3902
f 3902 2572 2385
f 2447 2446 2883
f 2421 1656 3250
f 1258 1257 53
f 2920 3442 1741
f 2678 2120 3602
f 3782 3781 3903
f 3288 3287 3781
f 3904 3782 3905
f 3905 3903 2901
f 3081 3386 3080
f 3080 3906 3084
f 3194 3343 3907
f 3343 3342 3908
f 864 858 3909
f 2263 3382 3079
f 3910 3911 3875
f 3911 3912 3913
f 3401 3495 3913
f 3910 3875 3898
f 2871 3401 3914
f 3915 2738 3862
f 3505 3504 3916
f 3917 3916 2737
f 2537 3915 3428
f 1372 1371 3815
f 1371 3561 3918
f 1120 3919 3563
f 3815 3918 3814
f 3579 2610 3786
f 3197 3920 737
f 3920 3088 735
f 2690 2762 1507
f 2232 2225 323
f 1340 3863 3587
f 1330 2452 1340
f 3863 1834 3921
f 2846 3586 3921
f 1074 3922 3833
f 1073 1072 1789
f 3427 1072 3425
f 1780 2057 2760
f 2760 3923 1780
f 3123 2057 3924
f 2756 3123 2628
f 3925 2640 3926
f 3899 3925 3898
f 3927 3928 3899
f 3929 3910 3926
f 2079 2078 94
f 1959 1958 1029
f 2593 1271 2592
f 2594 1276 2591
f 2877 3930 2753
f 3930 3931 3593
f 2161 1368 3930
f 3228 3227 3290
f 3229 2125 3515
f 3290 3229 3603
f 3787 1076 799
f 797 1911 799
f 3932 3933 3934
f 3798 3797 3935
f 3933 3936 3935
f 3937 3934 3938
f 3178 3938 3175
f 3886 3694 3939
f 3939 3940 3880
f 3040 3940 3038
f 3294 3356 3941
f 3321 2913 3942
f 3836 1721 1873
f 1426 2496 1389
f 3614 3943 3267
f 2342 464 1347
f 3745 2974 3748
f 3749 3748 3738
f 1615 1614 2976
f 1644 3468 1643
f 2374 745 2373
f 3790 3000 3944
f 3944 3066 3816
f 1921 1920 2651
f 3506 3945 3503
f 3386 3502 3906
f 1978 1977 1736
f 1384 1387 3946
f 1669 3947 1668
f 3948 757 3949
f 752 748 3948
f 3947 3950 3949
f 1535 2812 2517
f 1530 3780 1535
f 3112 2721 3115
f 1961 3146 3951
f 1958 3951 3484
f 2795 2796 3736
f 3851 3850 3779
f 3777 3852 3775
f 3779 3778 3851
f 2082 1603 3952
f 1263 1262 2890
f 1669 1664 2474
f 3947 1669 2473
f 3023 2010 3021
f 1424 3019 1422
f 1932 1931 3719
f 3356 3294 3355
f 2956 2955 2958
f 3157 3953 3160
f 2596 2557 2601
f 2889 3824 1845
f 3821 2805 2422
f 1355 3954 2391
f 3519 895 3955
f 1060 3835 890
f 3835 3956 891
f 3955 1168 3519
f 1168 3955 1167
f 2236 2160 2237
f 3680 3647 3957
f 3647 3680 1227
f 1633 3121 1631
f 3958 3959 3960
f 3734 3297 3958
f 3295 3959 2959
f 3961 3958 3962
f 1789 3963 1785
f 2799 1071 1784
f 2798 2878 3055
f 3964 3879 3965
f 3879 3964 3881
f 3966 3964 3967
f 3967 3965 3040
f 3888 3939 3882
f 2049 2046 1093
f 498 499 3353
f 1406 3923 1404
f 3923 1406 1781
f 2043 2042 3794
f 2209 1711 2044
f 3801 3802 3690
f 2779 3690 2781
f 3202 3004 3920
f 3968 3969 2213
f 2217 3968 2212
f 3970 3341 2183
f 2182 2181 3340
f 3619 2606 3885
f 273 191 3971
f 2051 3107 640
f 2045 640 648
f 3107 2051 3106
f 639 641 3105
f 3892 2646 2268
f 2803 1195 2954
f 341 466 1192
f 465 1695 466
f 1980 3688 3946
f 3946 2356 1384
f 3688 3686 2356
f 1981 3684 1980
f 2245 803 2243
f 3725 3293 2254
f 3646 2501 3643
f 3651 3439 3645
f 325 1528 332
f 3972 971 3637
f 3638 3552 3973
f 3637 3638 3972
f 2538 2742 2537
f 2738 3915 2741
f 3900 809 3968
f 390 2524 395
f 3974 1107 1591
f 2726 2716 3975
f 2068 1003 2073
f 764 767 763
f 785 767 783
f 537 3073 532
f 763 787 2129
f 2922 726 3443
f 2664 2666 3896
f 3341 3970 3345
f 2183 2685 3970
f 2913 2914 3941
f 810 3976 3728
f 3752 3726 3750
f 3724 3723 3752
f 3750 3976 3900
f 1328 1956 2713
f 1732 1731 2270
f 3162 3494 3470
f 3158 3162 3469
f 2507 2194 3214
f 1379 3549 1378
f 2684 381 2681
f 1616 3007 1614
f 3851 3866 2332
f 3778 3977 3866
f 3440 1678 3585
f 850 3327 847
f 3957 3360 3431
f 2292 3907 3048
f 2289 2288 3907
f 3234 3233 3894
f 48 261 1016
f 3978 1058 1016
f 1058 3978 1056
f 3979 3980 3981
f 3982 1576 2645
f 3980 3983 3982
f 1572 1576 1570
f 2480 3983 3984
f 3439 3651 3441
f 3651 3660 3985
f 2501 3646 2497
f 3441 3985 3440
f 3986 2369 3987
f 1606 3987 3952
f 716 717 714
f 3988 3048 3344
f 3735 3734 3961
f 3729 3296 3734
f 3841 3735 3839
f 3962 3989 3961
f 975 3636 974
f 3195 2881 3328
f 3327 850 2153
f 3738 3101 3749
f 2011 2012 3023
f 1553 1552 3881
f 3881 3990 1553
f 3877 3876 3991
f 1117 1120 3562
f 3919 1120 1746
f 2434 3437 2438
f 3586 2846 2438
f 3992 3051 3993
f 3775 3994 1249
f 3994 3677 1250
f 3995 3996 2821
f 886 3843 2607
f 1598 1592 3997
f 3201 1672 3202
f 2595 3975 947
f 947 3998 3999
f 940 3999 948
f 2803 2953 2801
f 3674 3673 4000
f 4000 1043 3674
f 4000 4001 3133
f 3673 3675 4001
f 3042 4002 4003
f 4004 4002 4005
f 2403 3219 2401
f 2386 3219 2384
f 353 3059 348
f 3971 1505 273
f 3254 3844 3971
f 3252 3254 4006
f 2621 3703 3349
f 2620 3349 1476
f 1593 1475 1594
f 4007 4008 4009
f 2464 3716 2463
f 838 3412 3854
f 3462 3461 3413
f 3413 1464 3462
f 4010 3727 1260
f 1270 1277 1271
f 1277 2734 3541
f 2656 3477 3064
f 460 459 4011
f 4011 4012 460
f 4012 4011 3479
f 2018 4013 2015
f 4014 3189 4013
f 3141 4015 1359
f 1359 4016 1358
f 3635 3634 3598
f 1715 3324 2844
f 2844 1712 1715
f 2476 2839 3628
f 1655 1647 4017
f 528 530 4018
f 530 529 4019
f 3912 528 3914
f 3883 4020 4021
f 1076 3787 4021
f 2286 2731 3883
f 2291 2727 2286
f 2731 1680 4020
f 3295 3294 2916
f 2916 2915 3295
f 3472 3471 455
f 3760 4009 3452
f 3452 1525 3451
f 4022 4023 3759
f 4020 4024 4025
f 3255 3845 3254
f 3945 3506 3993
f 3993 3532 3945
f 3993 3917 3992
f 3916 3917 3505
f 883 882 374
f 4026 2013 1914
f 1425 3249 1424
f 2890 3583 1263
f 3727 4010 815
f 2831 2830 3702
f 2587 2586 1708
f 2241 3234 3897
f 3475 3472 4027
f 3803 3474 4028
f 3782 3904 3291
f 3291 3998 2719
f 4029 1764 4030
f 4030 4031 4029
f 4031 4030 1477
f 1608 4032 3937
f 3938 3178 3937
f 3934 4032 3932
f 3186 3695 3825
f 329 3533 328
f 2932 3304 4033
f 2921 2920 2701
f 1013 2921 680
f 3926 3337 3929
f 2640 3925 1825
f 3436 3500 3433
f 3436 3737 3543
f 3720 3457 2516
f 269 3599 268
f 2182 3195 2180
f 1449 3544 3465
f 956 955 1451
f 3774 3770 4034
f 3770 3090 4035
f 4034 4035 1819
f 1034 1036 2028
f 3262 4036 1038
f 2028 4036 975
f 812 3128 806
f 3784 3711 4037
f 2962 3730 997
f 4017 1651 718
f 1721 3836 1719
f 1747 1752 4038
f 4039 3070 4040
f 3303 4041 3301
f 3860 4042 4041
f 484 1617 2978
f 2781 4043 4044
f 4029 4045 3802
f 4044 4045 4046
f 4047 2484 2487
f 2488 4048 2487
f 2487 4049 4047
f 4050 4051 4052
f 2488 2780 4048
f 2018 2013 4053
f 4026 1914 4047
f 4053 4026 4051
f 1593 1597 1475
f 1472 1471 1473
f 2112 3188 4054
f 3997 1596 4054
f 4055 3997 4056
f 4057 4056 3189
f 4056 4057 4055
f 4013 2018 4014
f 2484 1914 551
f 4044 4058 2781
f 4058 4044 4059
f 4014 4053 4050
f 102 2078 3901
f 4050 4057 4014
f 1477 1474 4031
f 4060 1598 4055
f 1598 4060 1597
f 4052 4049 4061
f 4048 4058 4061
f 4062 1473 4063
f 4063 4060 4064
f 4057 4050 4064
f 1474 4062 4046
f 4062 4063 4059
f 4064 4052 4063
f 2426 2425 146
f 2368 4065 3542
f 3618 4065 3986
f 2340 3864 2338
f 2628 3924 1562
f 1160 1563 2059
f 875 587 873
f 3733 2376 3732
f 3741 887 3763
f 3763 883 368
f 3707 3742 3762
f 2306 2308 2766
f 1487 2766 1485
f 635 628 3416
f 869 867 629
f 3416 870 3414
f 518 3675 516
f 3675 518 3392
f 1726 4066 1724
f 4067 1729 4068
f 4003 4069 1726
f 1077 1076 4025
f 2672 2673 2113
f 2353 1298 2351
f 4070 343 3721
f 1012 743 2374
f 2842 2841 1712
f 1802 928 2820
f 2820 2819 1802
f 2194 2188 3596
f 3092 3094 2191
f 3596 2192 3595
f 1144 1857 1142
f 979 1556 4071
f 1442 1437 2148
f 3761 3279 3310
f 331 330 3535
f 3535 2886 2261
f 960 962 958
f 382 381 3564
f 3567 3887 3565
f 2336 2341 382
f 1947 1948 1602
f 1176 1932 3718
f 2064 2066 3087
f 1557 1051 1554
f 1171 1557 1170
f 3991 1552 1052
f 2174 1042 4072
f 4007 4023 2173
f 4008 4007 2172
f 2771 3649 517
f 2610 3579 2613
f 3246 2358 3244
f 1991 1982 1641
f 2325 1055 2327
f 3249 1425 3246
f 4040 1795 4039
f 1799 1793 4040
f 2594 824 4073
f 3652 3385 4074
f 2315 3848 4074
f 3848 3847 3434
f 736 1231 3198
f 4071 4075 979
f 984 980 3661
f 3663 3662 4076
f 750 749 2142
f 1748 1747 3740
f 1751 487 1750
f 1751 4038 3047
f 2277 1226 2205
f 1730 4077 1725
f 2267 1731 3891
f 4077 3813 1733
f 3813 3812 3891
f 3247 3243 1730
f 2307 2472 4078
f 3069 4079 1801
f 2301 2471 2307
f 4078 1805 2768
f 2240 2235 3169
f 1853 1852 2669
f 1852 1855 3108
f 1271 2593 1275
f 1854 4080 1851
f 759 4081 3391
f 1263 4010 1259
f 971 3972 1348
f 3510 3612 3610
f 1765 3610 3842
f 3339 4082 3338
f 3911 3910 4082
f 1221 4083 1579
f 2422 1445 3821
f 984 3655 983
f 4084 4085 3791
f 3944 4084 3790
f 3681 3680 3849
f 3849 3957 3847
f 3771 3574 3090
f 916 3216 915
f 915 4086 2199
f 4087 4086 2934
f 3571 4012 1811
f 1809 1808 4088
f 639 1398 637
f 4069 4042 4066
f 4089 4067 4090
f 4042 3860 4068
f 3240 3241 3238
f 4027 455 1344
f 4091 4092 3979
f 2405 4083 2400
f 1636 4093 1635
f 4093 1636 4075
f 3118 3661 1634
f 1043 4000 1403
f 3985 4094 1678
f 4095 4096 4097
f 2798 3761 2131
f 3966 4093 4071
f 3834 3263 3835
f 1167 3956 1166
f 3598 2660 3635
f 1746 1742 3919
f 2872 2869 3399
f 4083 2405 2571
f 1345 1815 1344
f 1486 3529 1480
f 1481 4098 1484
f 3643 2502 2246
f 2644 2251 4099
f 3914 4018 2871
f 3446 3814 3447
f 3905 4100 3904
f 2903 1070 4100
f 2901 2903 3905
f 2469 2303 4087
f 2303 2469 2301
f 3979 3950 3980
f 1797 2551 792
f 2480 2475 4101
f 3950 3947 3984
f 396 395 4102
f 4102 4103 396
f 4102 3869 4104
f 1990 2208 1989
f 3963 1789 3426
f 3890 3889 4105
f 4073 3890 4106
f 4106 4105 4107
f 872 871 3417
f 3407 3417 3406
f 2083 3618 1607
f 3987 1606 3986
f 169 168 3467
f 3829 2081 1888
f 1927 1993 1923
f 3143 2654 4108
f 4109 4107 4108
f 4107 871 3143
f 4108 4110 4109
f 3848 2315 3846
f 2654 2653 4110
f 4110 2655 4111
f 1285 1284 2463
f 3981 1083 1432
f 4091 1432 2758
f 4082 4112 3911
f 3895 1489 4112
f 528 3912 527
f 1489 3895 2776
f 3339 3895 4082
f 2944 2943 3172
f 671 2973 670
f 710 4017 708
f 4076 1199 3663
f 2948 2949 2352
f 2074 4113 1807
f 1070 2903 1068
f 949 948 3601
f 1588 1586 3358
f 3358 1702 3352
f 1432 4091 3981
f 2645 1083 3982
f 1049 1051 1020
f 1051 1557 1019
f 2761 3657 2564
f 1570 4101 1571
f 4114 4115 4116
f 4117 3943 4114
f 4118 4114 3773
f 3773 4116 3771
f 2868 2867 4019
f 4119 3872 3493
f 3872 4119 3871
f 3753 3755 3292
f 3756 3936 3755
f 3321 3942 3317
f 2913 3321 2454
f 4005 4033 4004
f 4002 4004 4069
f 2933 2932 4005
f 3172 2942 1704
f 3962 3960 1881
f 1881 1878 3962
f 4101 1570 2480
f 4107 4109 4106
f 394 4120 391
f 3483 2967 3482
f 1727 4121 1734
f 3805 3810 4122
f 3808 4122 4123
f 2768 4079 2777
f 2308 4078 2767
f 1462 1467 3462
f 3705 3707 3713
f 2708 1105 3974
f 1591 1595 3974
f 3974 3870 2708
f 2618 888 3706
f 14 18 16
f 3810 3241 1734
f 1735 3247 1728
f 2863 1109 1872
f 3479 3478 4088
f 2689 1159 2688
f 1834 1829 2847
f 2849 2848 2749
f 4103 3832 394
f 2172 4120 4008
f 3660 3659 4094
f 1680 1679 4024
f 4124 3528 2600
f 2600 2597 4124
f 2600 3530 3280
f 559 3281 556
f 3070 4039 3069
f 2647 2646 3682
f 493 2161 2877
f 768 762 3526
f 3478 4096 4125
f 3840 3839 3525
f 3525 3989 1877
f 3555 3857 3554
f 4126 4127 3859
f 3954 4126 3858
f 3464 3463 3185
f 4080 1201 4076
f 4128 1319 3755
f 3103 3292 3568
f 3292 3293 3753
f 3568 4129 1320
f 1320 10 3568
f 4085 4099 2500
f 3034 1155 3778
f 3286 3512 1644
f 3812 3683 3892
f 4027 4130 3475
f 4130 4027 4113
f 1822 3092 1817
f 3677 3994 694
f 1033 1247 1031
f 3744 2521 3867
f 3151 931 938
f 4081 759 3309
f 4130 578 4028
f 4113 2074 4130
f 4028 577 3803
f 3788 3787 1912
f 3565 3888 3698
f 4103 4102 3831
f 2841 3794 1713
f 3335 2643 3819
f 4084 3944 3819
f 3819 4131 4084
f 3692 3691 843
f 1944 3122 1942
f 2108 2107 3398
f 3493 3395 4119
f 2122 3922 2902
f 4072 4132 2174
f 1318 3012 1317
f 3708 938 2941
f 2347 2036 3482
f 2036 2347 3669
f 3046 999 2895
f 2895 1585 3046
f 3357 2955 3045
f 3046 1587 3045
f 3009 3449 3015
f 2655 1809 4125
f 2682 386 3524
f 9 10 1316
f 1314 1319 3448
f 3973 3996 4133
f 2821 2829 3995
f 2758 3550 4091
f 3163 3491 3162
f 2328 2327 3522
f 3519 689 3518
f 3793 4134 3367
f 3373 4016 3372
f 3448 4128 3933
f 4088 1814 3479
f 4133 4135 3973
f 3964 3966 3990
f 3967 3712 3966
f 3744 3869 2519
f 663 3549 655
f 1402 2311 1396
f 1792 1798 1796
f 4134 3793 4127
f 4136 4134 4126
f 4134 4136 3373
f 3927 4034 3928
f 3769 3774 3927
f 3697 3626 465
f 1783 1778 3538
f 2909 3539 2908
f 3963 3893 2060
f 4137 4123 4138
f 3556 3558 4137
f 3557 3556 4138
f 3855 4138 4090
f 4121 1727 4067
f 4123 4121 4089
f 4040 3553 1799
f 2707 3765 3044
f 3252 4006 1559
f 1559 1311 1558
f 3735 3841 3733
f 3185 3186 3464
f 1853 3909 4080
f 3712 3967 3039
f 4009 3760 4007
f 4109 4111 4095
f 4106 4095 4073
f 3626 3625 1695
f 2924 2970 725
f 3159 4139 3157
f 2971 777 3159
f 4139 3792 3953
f 3649 2136 513
f 3668 3977 1153
f 2739 2735 2737
f 3426 3861 3963
f 3160 4118 3767
f 3953 4117 4118
f 2744 2049 1095
f 2643 2639 4131
f 4131 2644 4085
f 2708 3764 2707
f 3320 3316 2875
f 777 776 4139
f 3943 4117 3268
f 629 582 869
f 3314 4098 4124
f 3813 4077 3242
f 2669 864 1853
f 3067 3069 1800
f 2931 2108 3397
f 426 3551 3256
f 3209 3211 3207
f 3129 2745 3371
f 3513 536 3995
f 536 3073 4133
f 3548 2627 659
f 3096 3784 3095
f 10 8 135
f 1726 1732 4003
f 2271 3042 2270
f 3831 4104 1518
f 2773 4140 1491
f 3307 3855 3860
f 2338 3865 2919
f 2339 2338 2341
f 539 1798 538
f 3595 3094 4037
f 2575 1870 2906
f 3344 3211 3988
f 3618 2083 3177
f 3073 3068 4135
f 4101 2479 4141
f 1571 4141 1578
f 1206 2815 3582
f 1276 2594 4097
f 333 1534 2884
f 2109 3030 2107
f 4132 4072 4022
f 3672 4132 3670
f 3759 4140 4022
f 3830 3570 1868
f 4140 2773 3670
f 2907 1871 2706
f 3371 4142 3129
f 3370 3372 4142
f 1578 3697 467
f 3576 4115 3614
f 4098 3314 1937
f 3809 3808 4137
f 3558 2388 3809
f 1366 3931 1367
f 2955 3357 3355
f 3045 1588 3357
f 4126 3954 4136
f 2454 3322 2453
f 1550 1558 1551
f 3831 1521 4103
f 3988 3212 3047
f 3952 717 2082
f 2222 4143 4015
f 3616 3576 3613
f 2906 1865 1871
f 3128 3969 807
f 727 2849 2748
f 3309 3308 4081
f 1703 2942 498
f 3449 3448 3932
f 3392 3527 761
f 2219 3126 4143
f 2773 2770 3671
f 1575 4070 1573
f 1578 467 4070
f 2326 3991 1053
f 3625 3325 1696
f 3550 3948 4092
f 648 642 646
f 2 6 3
f 2 8 5
f 4 137 6
f 8 2 1
f 5 8 10
f 7 1 12
f 14 21 15
f 17 21 14
f 14 13 19
f 20 61 13
f 21 92 22
f 15 22 23
f 25 28 26
f 28 25 29
f 31 29 25
f 33 42 34
f 36 33 32
f 33 36 38
f 32 34 40
f 34 43 41
f 42 45 43
f 37 46 42
f 45 42 46
f 40 41 48
f 39 40 47
f 49 262 50
f 52 147 53
f 55 52 51
f 57 59 55
f 52 55 59
f 54 77 56
f 61 20 62
f 19 13 61
f 65 68 66
f 67 264 68
f 68 277 69
f 65 64 71
f 64 66 73
f 64 72 74
f 75 73 66
f 76 133 77
f 79 133 76
f 80 76 54
f 80 81 78
f 80 51 53
f 83 88 84
f 85 17 82
f 87 84 88
f 89 85 84
f 83 954 90
f 91 954 83
f 17 85 92
f 16 91 82
f 94 99 95
f 97 98 95
f 98 152 93
f 100 111 101
f 99 101 96
f 102 100 99
f 104 106 57
f 59 57 106
f 108 106 104
f 110 114 111
f 113 96 101
f 112 101 111
f 115 97 96
f 117 115 113
f 1 3 118
f 12 118 120
f 122 120 118
f 121 118 3
f 119 131 125
f 11 124 127
f 124 125 128
f 130 125 131
f 130 322 128
f 132 150 129
f 129 77 133
f 123 3 6
f 119 124 11
f 131 119 120
f 7 11 126
f 98 97 134
f 134 97 115
f 134 6 137
f 86 149 138
f 88 90 139
f 89 108 107
f 106 108 138
f 141 151 140
f 62 142 114
f 23 156 143
f 112 114 142
f 20 23 142
f 138 149 144
f 146 58 144
f 105 144 58
f 147 52 58
f 145 144 149
f 148 149 86
f 108 89 87
f 103 57 56
f 123 115 117
f 150 56 77
f 122 160 132
f 140 92 85
f 151 22 92
f 136 154 152
f 152 155 153
f 154 321 155
f 151 141 157
f 22 151 156
f 156 157 116
f 117 116 157
f 158 122 121
f 158 157 141
f 116 113 112
f 159 104 103
f 159 141 107
f 150 132 160
f 158 159 160
f 162 28 27
f 28 162 163
f 164 182 27
f 166 172 167
f 169 166 165
f 170 224 165
f 172 166 173
f 175 167 172
f 171 173 177
f 166 169 178
f 179 177 173
f 72 26 163
f 72 73 24
f 162 301 180
f 161 27 182
f 181 182 184
f 185 184 182
f 186 240 183
f 187 164 29
f 189 193 190
f 191 273 192
f 193 236 194
f 188 190 195
f 197 193 189
f 198 236 193
f 199 189 188
f 199 192 201
f 201 205 202
f 204 202 205
f 206 207 202
f 207 196 200
f 207 206 209
f 210 267 204
f 204 267 211
f 213 223 214
f 214 170 216
f 212 214 215
f 219 212 217
f 212 219 220
f 215 216 222
f 224 170 214
f 213 228 225
f 223 225 226
f 228 213 220
f 196 189 199
f 196 207 208
f 71 74 230
f 232 70 233
f 70 71 229
f 67 65 70
f 176 232 231
f 234 174 231
f 235 234 233
f 167 175 216
f 236 35 50
f 190 194 237
f 239 41 43
f 238 43 45
f 232 176 241
f 242 241 176
f 244 247 245
f 246 245 247
f 248 249 247
f 249 219 218
f 250 3420 248
f 243 245 252
f 243 251 254
f 253 250 244
f 245 246 255
f 256 295 252
f 258 239 238
f 240 186 257
f 258 257 260
f 258 259 261
f 35 32 39
f 194 50 262
f 73 75 263
f 30 25 24
f 241 242 264
f 177 179 265
f 171 231 174
f 35 236 198
f 267 210 268
f 210 323 269
f 211 267 266
f 203 205 272
f 201 274 272
f 274 201 192
f 275 235 229
f 242 265 276
f 264 276 277
f 44 46 279
f 280 279 46
f 279 280 282
f 283 280 37
f 284 186 184
f 260 257 186
f 44 183 240
f 217 215 221
f 218 217 285
f 286 309 285
f 288 290 209
f 206 211 287
f 208 209 290
f 283 38 289
f 283 290 288
f 288 287 293
f 291 288 292
f 295 296 251
f 297 254 251
f 296 295 299
f 300 161 181
f 161 300 301
f 281 300 278
f 183 44 278
f 222 216 175
f 303 286 221
f 305 307 303
f 305 304 235
f 304 302 234
f 222 302 304
f 307 305 308
f 307 311 286
f 302 175 174
f 74 163 180
f 168 165 224
f 246 285 309
f 255 309 310
f 311 310 309
f 270 293 287
f 295 256 312
f 198 289 38
f 197 208 289
f 268 298 299
f 48 41 239
f 313 275 230
f 313 308 305
f 312 315 293
f 292 293 315
f 220 219 249
f 282 291 294
f 291 282 280
f 313 180 301
f 317 316 308
f 300 281 317
f 270 266 299
f 256 310 315
f 314 315 310
f 314 306 294
f 316 294 306
f 306 314 311
f 281 282 316
f 5 9 318
f 185 164 187
f 319 2412 284
f 320 137 4
f 154 136 137
f 320 1317 321
f 322 130 133
f 203 271 323
f 325 332 326
f 324 3786 327
f 328 3027 324
f 326 331 329
f 331 326 332
f 330 332 334
f 336 339 337
f 339 336 340
f 342 340 336
f 343 467 335
f 345 337 339
f 347 352 348
f 349 3376 350
f 346 348 351
f 352 2169 353
f 354 1790 352
f 356 358 357
f 358 361 359
f 361 358 362
f 361 3600 363
f 364 362 358
f 366 377 367
f 368 369 365
f 369 372 370
f 372 369 373
f 374 373 369
f 376 367 377
f 379 383 380
f 382 380 383
f 384 1547 385
f 378 1962 384
f 386 2681 383
f 379 385 387
f 389 2396 390
f 391 392 389
f 393 2395 389
f 388 396 394
f 396 388 390
f 398 403 399
f 400 1014 397
f 399 405 401
f 403 398 404
f 403 2132 405
f 407 413 408
f 406 408 410
f 412 408 413
f 415 412 411
f 416 417 412
f 417 410 408
f 413 407 419
f 421 2824 422
f 423 424 420
f 424 602 425
f 422 3551 426
f 428 431 429
f 431 428 432
f 434 429 431
f 435 2202 427
f 430 3053 433
f 433 3634 436
f 438 1565 439
f 440 444 437
f 442 438 437
f 441 437 444
f 446 442 441
f 447 772 443
f 449 454 450
f 448 3471 451
f 453 450 454
f 448 450 456
f 452 454 458
f 460 462 461
f 462 2344 463
f 460 3571 464
f 335 466 341
f 466 335 467
f 469 473 470
f 471 2448 472
f 473 478 474
f 475 476 470
f 476 471 468
f 478 473 479
f 481 3739 482
f 484 2978 481
f 483 481 480
f 485 3206 486
f 487 3210 485
f 489 492 490
f 491 499 492
f 489 2161 493
f 495 490 492
f 488 490 497
f 494 492 499
f 501 510 502
f 503 1322 500
f 505 503 502
f 503 505 507
f 504 1363 508
f 504 502 510
f 511 515 512
f 514 2132 512
f 515 517 513
f 516 2772 517
f 515 511 518
f 520 523 521
f 523 520 524
f 526 524 520
f 521 530 528
f 522 841 529
f 523 529 530
f 532 534 533
f 534 3225 535
f 536 3513 534
f 531 3072 537
f 538 3553 531
f 539 538 533
f 541 544 542
f 544 541 545
f 547 542 544
f 549 550 545
f 550 1862 543
f 548 545 541
f 553 555 554
f 556 3530 557
f 555 557 558
f 555 553 559
f 552 554 561
f 563 552 560
f 565 2146 566
f 568 565 564
f 567 564 570
f 567 3031 571
f 572 570 564
f 574 579 575
f 573 582 576
f 577 578 574
f 578 2074 579
f 581 576 582
f 583 577 576
f 585 590 586
f 584 586 588
f 586 594 589
f 591 2088 592
f 593 591 590
f 590 592 594
f 392 598 595
f 597 595 598
f 599 598 392
f 393 595 601
f 277 425 602
f 425 277 276
f 603 421 420
f 69 602 604
f 602 424 605
f 606 435 429
f 608 612 609
f 611 609 612
f 613 1683 610
f 607 3031 614
f 612 608 615
f 617 622 618
f 616 1610 619
f 338 340 616
f 621 618 622
f 620 622 624
f 625 624 622
f 627 630 628
f 629 630 580
f 630 629 631
f 632 3222 633
f 634 627 626
f 635 632 626
f 637 2310 638
f 636 641 639
f 641 636 642
f 636 638 643
f 645 647 646
f 643 1230 644
f 647 1094 648
f 355 357 650
f 649 650 652
f 357 359 653
f 655 657 656
f 658 664 656
f 660 658 657
f 659 657 655
f 662 1007 654
f 654 1009 663
f 664 744 662
f 666 668 667
f 668 957 669
f 667 669 671
f 370 372 668
f 666 1161 672
f 674 677 675
f 677 674 678
f 680 677 676
f 682 678 674
f 683 781 678
f 685 687 686
f 687 690 688
f 689 1168 690
f 692 684 693
f 684 686 694
f 696 699 697
f 699 696 700
f 700 696 702
f 702 696 695
f 699 706 704
f 706 699 698
f 708 716 709
f 707 2547 710
f 707 709 712
f 709 715 713
f 715 709 716
f 716 708 718
f 720 726 721
f 723 720 719
f 725 721 726
f 719 721 728
f 721 725 729
f 731 187 31
f 572 734 733
f 734 737 735
f 737 734 738
f 739 2164 740
f 732 733 741
f 662 744 743
f 744 2973 745
f 747 753 748
f 750 746 751
f 752 751 746
f 754 1667 755
f 753 747 756
f 753 755 757
f 759 3391 760
f 762 764 760
f 758 760 764
f 763 2129 765
f 758 765 766
f 764 762 768
f 447 773 770
f 772 447 769
f 773 447 444
f 771 769 775
f 774 3266 776
f 777 772 771
f 779 784 780
f 782 779 778
f 784 779 785
f 784 398 397
f 783 404 398
f 786 785 779
f 785 786 787
f 554 558 788
f 560 561 790
f 791 790 561
f 789 790 793
f 795 801 796
f 796 805 798
f 794 796 797
f 801 795 802
f 804 801 800
f 801 804 805
f 807 810 808
f 809 3976 810
f 812 806 813
f 806 808 814
f 810 3728 815
f 817 2417 818
f 820 817 816
f 817 820 822
f 824 822 820
f 819 816 826
f 816 818 827
f 829 840 830
f 832 840 833
f 835 828 830
f 828 835 837
f 838 829 828
f 839 830 840
f 839 2792 834
f 842 418 843
f 841 522 844
f 845 529 841
f 847 855 848
f 850 847 846
f 851 3233 849
f 852 2293 853
f 852 848 855
f 853 851 846
f 857 860 858
f 859 990 860
f 857 2035 861
f 863 858 860
f 864 2033 856
f 866 870 867
f 865 867 869
f 870 3416 631
f 872 870 866
f 874 877 875
f 876 2056 877
f 497 876 874
f 880 878 881
f 873 881 878
f 883 887 884
f 885 3843 886
f 888 1766 884
f 882 884 889
f 891 895 892
f 894 892 895
f 896 731 890
f 898 901 899
f 900 2409 901
f 902 3331 903
f 905 899 901
f 897 899 906
f 908 911 909
f 911 1905 912
f 913 909 911
f 914 1905 911
f 907 909 916
f 918 921 919
f 920 921 609
f 921 918 607
f 917 923 571
f 923 917 924
f 921 920 925
f 926 924 917
f 919 925 927
f 929 933 930
f 932 930 933
f 932 937 935
f 934 2820 930
f 937 932 931
f 933 929 939
f 941 944 942
f 943 1237 944
f 946 942 944
f 947 3999 940
f 949 941 940
f 254 297 951
f 253 254 950
f 30 1061 730
f 90 956 953
f 91 2523 955
f 956 90 954
f 372 371 957
f 370 672 366
f 959 964 960
f 962 960 963
f 965 963 960
f 966 3877 961
f 968 970 969
f 937 3589 969
f 971 1348 972
f 970 972 935
f 967 2026 973
f 970 968 974
f 975 974 968
f 976 458 454
f 978 1556 979
f 980 981 977
f 981 3253 982
f 981 980 984
f 986 993 987
f 989 986 985
f 990 859 985
f 859 861 988
f 992 990 987
f 993 995 991
f 994 2408 995
f 997 1001 998
f 996 998 1000
f 1001 1006 1002
f 1001 997 1004
f 1006 1001 1003
f 742 1010 1007
f 1009 654 1007
f 1010 1756 1008
f 1011 2007 1010
f 1012 1011 742
f 1014 400 1015
f 780 397 1014
f 1016 1018 47
f 49 47 1018
f 1019 1171 1017
f 1018 1016 1020
f 1022 1028 1023
f 1024 1025 1021
f 1025 1431 1026
f 1027 1022 1021
f 1028 1030 1029
f 697 704 1030
f 1028 1022 695
f 1032 1037 1033
f 1035 1247 1033
f 1034 1033 1037
f 1036 1037 1039
f 1040 1039 1037
f 596 1045 1042
f 1043 1403 1044
f 597 596 1041
f 1045 596 598
f 597 1044 1047
f 1044 1403 1048
f 1020 1058 1050
f 1049 1053 1052
f 1049 1050 1054
f 1050 1057 1055
f 1057 1050 1058
f 1060 730 1061
f 1063 1065 989
f 1062 989 988
f 1065 1066 986
f 1066 994 993
f 1068 1074 1069
f 1067 3601 1070
f 1071 3379 1067
f 1073 1071 1069
f 1074 3833 1072
f 1075 3922 1074
f 1077 795 794
f 1078 802 795
f 1080 1084 1081
f 1083 1081 1084
f 1085 1086 1084
f 1087 1435 1088
f 1082 1084 1086
f 1089 1087 1086
f 1091 1096 1092
f 1094 647 1092
f 1093 1092 1096
f 1090 1092 647
f 1098 1091 1090
f 1090 645 1099
f 1101 1106 1102
f 1104 1107 1101
f 1106 1101 1107
f 1105 2704 1108
f 1106 1108 1109
f 1111 1119 1112
f 1114 1115 1112
f 1115 1954 1110
f 1115 1114 905
f 906 1114 1113
f 1113 1112 1119
f 1117 1113 1118
f 1122 1129 1123
f 1125 1129 1122
f 1126 1477 1121
f 1128 1126 1123
f 1129 2617 1127
f 1131 1139 1132
f 1134 1130 1135
f 1130 1132 1136
f 1138 1132 1139
f 1137 1139 1141
f 782 1145 1142
f 1144 1142 1145
f 1146 787 786
f 1143 1859 1147
f 1143 1145 683
f 1150 1154 1151
f 1153 1151 1154
f 1155 3032 1151
f 1156 2166 1152
f 1157 1156 1154
f 1149 2462 1158
f 1159 1157 1150
f 1161 666 665
f 1161 1163 1162
f 1160 2059 1163
f 1164 1563 1160
f 665 667 670
f 1038 1039 1166
f 1039 1040 1167
f 690 1040 1032
f 1168 1167 1040
f 1017 1169 262
f 1169 1312 237
f 1169 1017 1171
f 1173 2865 1174
f 1172 1177 1175
f 1177 1172 1178
f 1177 1180 1179
f 1176 3718 1180
f 1172 1174 1181
f 407 1183 1181
f 1183 407 406
f 1185 355 649
f 703 695 1022
f 1187 1193 1188
f 1186 1188 1190
f 1189 2588 1191
f 1188 1194 1192
f 1193 1196 1194
f 1195 2491 1196
f 1197 1195 1193
f 1199 1201 1200
f 1201 3909 863
f 1203 1198 1204
f 1205 1204 1198
f 1207 1212 1208
f 1209 2815 1206
f 1211 1208 1212
f 1214 1207 1215
f 1134 1212 1207
f 1206 3582 1215
f 1131 1214 1213
f 1139 1131 1216
f 1130 1134 1214
f 1218 1222 1219
f 1220 4083 1221
f 1222 3699 1223
f 1219 1223 1225
f 1224 1220 1217
f 1226 3701 1222
f 1228 643 638
f 1230 643 1228
f 566 738 734
f 736 738 1232
f 570 572 732
f 1234 1239 1235
f 1236 1971 1233
f 1238 1235 1239
f 1239 1234 1240
f 1242 1246 1243
f 1245 1243 1246
f 1247 1035 1246
f 1249 1242 1241
f 1242 1249 1250
f 1251 1255 1252
f 825 826 1253
f 825 1252 1254
f 1255 2833 1256
f 1258 1264 1259
f 1260 1261 1257
f 1261 78 81
f 1263 1259 1264
f 1266 228 227
f 228 1266 1267
f 1266 1269 1268
f 1265 3285 1269
f 1271 1275 1272
f 1274 1272 1275
f 1276 4097 1273
f 1270 1280 1278
f 1280 1270 1272
f 1282 1287 1283
f 1285 1288 1282
f 1287 1282 1288
f 1290 1287 1286
f 1291 1283 1287
f 1293 1300 1294
f 1295 2407 1292
f 1297 1293 1292
f 1299 1294 1300
f 1302 1308 1303
f 1305 1306 1303
f 1306 3865 1301
f 1307 1419 1308
f 1304 1303 1308
f 1301 1995 1310
f 195 237 1312
f 1311 4006 191
f 9 1316 1313
f 1315 1313 1316
f 1317 320 318
f 1313 1315 1318
f 1314 1316 1320
f 500 1323 1321
f 1322 1326 1323
f 1325 1323 1326
f 1327 1321 1323
f 1328 2713 1321
f 1330 1340 1331
f 1333 1335 1331
f 1335 1333 1336
f 1329 1331 1335
f 1339 1333 1332
f 1340 3587 1332
f 1342 1345 1343
f 456 1343 1345
f 1341 1343 453
f 1341 3508 1347
f 450 453 1343
f 972 1349 934
f 1348 3068 1349
f 1351 1356 1352
f 1352 1357 1354
f 1355 2063 1356
f 1356 2062 1357
f 1351 1350 1359
f 1358 3954 1355
f 1360 507 505
f 1362 508 1363
f 879 1370 1364
f 1366 1367 1364
f 1368 488 496
f 880 1364 1367
f 1365 1372 1369
f 1370 1373 1365
f 1372 1365 1373
f 749 751 1375
f 1377 749 1374
f 1374 1375 1379
f 1375 1381 1380
f 1381 1375 751
f 1382 1218 1217
f 1383 1226 1218
f 1385 1391 1386
f 1384 1386 1388
f 1390 1386 1391
f 1386 1390 1392
f 1391 1385 1394
f 1395 1400 1396
f 1048 1396 1398
f 1399 3131 1400
f 1402 1396 1400
f 1403 1399 1395
f 1405 1407 1406
f 1407 1410 1408
f 1410 1407 1411
f 1404 1089 1412
f 1413 1411 1407
f 1415 1309 1416
f 1416 1419 1418
f 1419 1416 1309
f 1419 1307 1420
f 1421 1304 1309
f 1423 1393 1424
f 1393 1394 1425
f 1393 1423 1389
f 1423 1686 1426
f 1026 1429 1427
f 904 3173 1427
f 1429 2410 1428
f 1429 1026 1431
f 1082 1088 1433
f 1433 1088 1435
f 1437 1439 1438
f 1439 922 1440
f 1439 1437 1442
f 1444 1437 1436
f 1446 1448 1447
f 1449 3465 1450
f 1451 1449 1448
f 1445 2428 953
f 1446 953 956
f 1237 943 1452
f 1237 1239 945
f 1453 1970 1238
f 943 3378 1454
f 1456 1459 1457
f 601 1046 1456
f 1459 1456 1046
f 1458 1456 1455
f 1462 1464 1463
f 1464 2589 653
f 1465 2444 1466
f 1461 1463 363
f 1461 1466 1467
f 1436 1438 1469
f 1443 1436 1468
f 1472 1126 1128
f 1473 4062 1474
f 1471 1128 1476
f 1472 1474 1477
f 1479 1487 1480
f 1481 1484 1478
f 1483 1478 1484
f 1486 1480 1487
f 525 520 519
f 527 1489 519
f 1489 2776 1488
f 1488 2769 1490
f 525 1490 1491
f 1493 1495 1494
f 1495 1771 1496
f 1495 1493 1498
f 1500 1492 1501
f 1502 1493 1492
f 1492 1494 1503
f 1494 1496 1504
f 1506 272 274
f 272 1506 1507
f 1509 1514 1510
f 1511 2125 1508
f 1513 1511 1510
f 1515 1512 1510
f 1516 3902 1514
f 1518 2160 1519
f 1521 1517 1522
f 1523 1522 1517
f 1524 1525 1522
f 1525 4009 1520
f 1527 1529 1528
f 1529 1532 334
f 1530 1533 1529
f 1532 1529 1533
f 333 334 1532
f 1535 1537 1533
f 1531 1533 1537
f 1539 1541 486
f 1541 1539 1542
f 1544 1539 1538
f 483 486 1541
f 1544 387 385
f 1545 385 1547
f 1547 384 1549
f 1548 2861 1546
f 1550 978 977
f 1551 1555 978
f 1553 1555 1554
f 1555 1553 1556
f 1555 1551 1557
f 1550 982 1559
f 664 658 1561
f 1560 2973 744
f 1562 1561 658
f 1563 1164 1561
f 1164 670 1560
f 1564 1569 1565
f 1567 439 1565
f 1566 1565 1569
f 1571 1575 1572
f 1574 1572 1575
f 1572 1574 1577
f 1578 4070 1575
f 1580 1382 1221
f 1411 1413 1582
f 1583 1413 1405
f 1409 1411 1581
f 1585 3569 1584
f 1413 1583 1586
f 1587 1585 1581
f 1582 1586 1588
f 1590 1595 1591
f 1593 1594 1590
f 1594 3703 1595
f 1590 1589 1596
f 1593 1592 1598
f 1600 1605 1601
f 1602 3014 1599
f 1604 1601 1605
f 1600 1608 1607
f 1599 4032 1608
f 1606 3952 1605
f 338 1609 344
f 1609 338 618
f 1610 616 340
f 1611 1613 1540
f 1612 1616 1613
f 1615 1613 1616
f 1617 1540 1613
f 1546 1611 1542
f 1545 1542 1539
f 1540 1617 484
f 1187 1619 1618
f 1186 1191 1619
f 1621 1618 1619
f 1622 2954 1197
f 1624 1628 1625
f 1504 344 1609
f 1623 1625 1503
f 1623 1609 621
f 1501 1503 1625
f 1626 1625 1628
f 1627 1628 1630
f 1632 1637 1633
f 1631 3117 1634
f 1632 1634 1636
f 1638 2149 1639
f 1637 1639 1640
f 1637 1632 1635
f 1641 1307 1302
f 1307 1641 1642
f 1643 226 225
f 1644 1643 1267
f 226 1643 1645
f 1647 1652 1648
f 1649 1891 1646
f 1651 1647 1646
f 1652 1657 1653
f 1652 1647 1655
f 1657 1652 1654
f 1659 1185 1184
f 1184 649 651
f 1658 1184 1660
f 1662 2709 1660
f 1664 1666 1665
f 1666 755 1667
f 755 1666 1668
f 1669 1668 1666
f 1671 1664 1663
f 1672 2840 1663
f 1674 2728 1675
f 1673 1675 1677
f 1679 1673 1676
f 1680 1674 1673
f 1339 3585 1676
f 1682 610 1683
f 1682 2496 1426
f 610 1682 1684
f 611 1684 1685
f 1686 1685 1684
f 1687 1689 1324
f 1689 1687 1690
f 1688 1858 1147
f 1688 1690 1692
f 1687 1973 1693
f 1694 1697 1190
f 1696 1697 1694
f 341 1192 1194
f 1698 1189 1190
f 1700 1583 1412
f 1701 1704 1700
f 1583 1700 1702
f 1702 1700 1704
f 1706 1714 1707
f 1709 1716 1706
f 1707 1713 1711
f 1713 1707 1714
f 1714 1706 1716
f 1334 1336 1718
f 1337 1335 1334
f 1719 1334 1717
f 1720 1752 1721
f 1717 1718 1723
f 1722 4038 1720
f 1725 1732 1726
f 1728 1724 1729
f 1730 1725 1724
f 1732 1725 1733
f 1735 1728 1727
f 1387 1388 1737
f 1736 1737 1417
f 1738 1737 1388
f 1740 1744 1741
f 1739 3447 1742
f 1744 1740 1745
f 1743 1745 1119
f 1118 1119 1745
f 1746 1745 1740
f 1748 1757 1749
f 1747 4038 1751
f 1747 1749 1753
f 1755 1753 1749
f 1754 1749 1757
f 1757 1748 1759
f 1758 1008 1756
f 1761 1124 1762
f 1763 1762 1124
f 1764 3511 1762
f 889 1761 1760
f 1124 1761 1766
f 1767 1774 1497
f 1767 1770 1769
f 1498 2053 1770
f 1497 1773 1771
f 1773 1497 1774
f 1768 2579 1774
f 1776 1779 1777
f 1778 1782 1779
f 1779 1781 1408
f 1781 1779 1782
f 1783 2058 1782
f 1785 1791 354
f 1787 1791 1788
f 347 2799 1784
f 1784 1073 1789
f 1790 354 1791
f 792 793 1793
f 790 791 1794
f 1795 1793 793
f 1797 792 1792
f 1792 1793 1799
f 1801 1804 1802
f 928 1802 1804
f 1805 2472 1804
f 1807 1813 1808
f 1809 2075 1806
f 1811 1813 1812
f 1813 1811 1814
f 1815 1812 1813
f 1817 2190 1818
f 1820 1816 1821
f 1820 4035 1823
f 1816 1820 1822
f 1816 1818 1824
f 1825 3928 1819
f 1046 601 595
f 600 601 1458
f 1828 1831 1829
f 1831 1828 1832
f 1827 3640 1833
f 1834 3639 1827
f 1831 2749 1835
f 1837 1847 1838
f 1836 1841 1839
f 1841 1836 1842
f 1843 1842 1836
f 1845 1843 1838
f 1844 1838 1847
f 1848 811 1847
f 1850 1854 1851
f 1853 4080 1854
f 1852 1854 1850
f 1850 1849 1856
f 1144 1147 1858
f 1859 1324 1689
f 1859 1143 1148
f 1861 1866 1862
f 1864 1867 1861
f 1866 1861 1867
f 1869 1862 1866
f 1868 1866 1865
f 1867 1864 1872
f 342 1194 1196
f 1874 1876 1875
f 1753 1755 1876
f 1874 1721 1752
f 1878 1875 1876
f 1873 1875 1880
f 1881 1880 1875
f 1883 832 831
f 1884 1886 831
f 1882 831 1886
f 832 1883 1887
f 1889 1649 1890
f 1649 1889 1892
f 1889 2081 1893
f 1890 1649 1648
f 1895 1897 1896
f 1897 1895 994
f 1896 1658 1661
f 1897 1659 1658
f 1900 1902 1901
f 1902 663 1009
f 1008 1758 1901
f 1903 3549 663
f 1902 1900 1904
f 1905 1909 1906
f 1908 3896 1909
f 1909 3896 1910
f 1911 2506 912
f 1912 1911 1906
f 549 1915 1913
f 1915 549 548
f 550 549 1863
f 1916 1864 1863
f 1918 1920 1919
f 1921 3789 1922
f 1923 2165 1917
f 1925 1918 1917
f 1920 1922 1926
f 1919 1926 1927
f 1066 1065 1659
f 1065 1063 1185
f 1182 1930 1928
f 1182 406 409
f 1928 1932 1176
f 1178 1181 1183
f 1929 2899 1930
f 1932 1928 1930
f 1934 1941 1935
f 1933 3314 1936
f 1933 1935 1938
f 1940 1938 1935
f 1941 1943 1939
f 1942 3232 1943
f 1944 1942 1941
f 1892 1893 1946
f 1945 1946 1948
f 1891 1892 1945
f 1945 1947 1604
f 1110 1953 1950
f 1952 2830 1953
f 1954 1951 1953
f 1951 1956 1328
f 1956 1951 1954
f 478 1960 1957
f 1959 1957 1960
f 477 1961 1960
f 1961 3951 1958
f 1963 1549 384
f 1548 1549 1965
f 1415 1966 1965
f 1421 1965 1549
f 1966 2703 1964
f 1693 1972 1968
f 1968 1236 1970
f 1236 1968 1972
f 1973 506 1972
f 1690 1693 1967
f 1975 1979 1976
f 1978 1976 1979
f 1980 3946 1977
f 1979 1975 1981
f 1922 1975 1974
f 1974 1976 1642
f 1982 1927 1926
f 1983 2207 1984
f 1295 1984 1986
f 1984 1295 1294
f 1984 2207 1987
f 1985 1986 1989
f 1986 1987 1990
f 1310 1994 1991
f 1993 1991 1994
f 1991 1993 1927
f 1995 3666 1994
f 1997 2001 1998
f 2000 1998 2001
f 2002 3732 1999
f 2003 3622 2004
f 2005 1997 1996
f 2006 2003 1996
f 2008 1755 1754
f 1756 1010 2007
f 2007 1011 2009
f 2010 2012 1685
f 925 2012 2011
f 920 1685 2012
f 2014 1913 1915
f 2016 2017 2014
f 2017 1916 1913
f 2018 2015 2014
f 2019 2020 1957
f 474 1957 2020
f 2022 1705 2023
f 1710 2023 1705
f 1708 1706 1705
f 2024 3298 2021
f 2021 3299 2025
f 2026 1244 2027
f 2027 1035 1034
f 2028 975 973
f 1244 1246 1035
f 2029 1245 1244
f 2031 2034 2032
f 2033 2032 2034
f 856 2034 2035
f 2037 2041 2038
f 2036 3669 2039
f 2041 2037 2042
f 2043 3480 2040
f 2044 2042 2037
f 2046 2050 2047
f 1841 2050 2048
f 2049 2048 2050
f 2045 648 1094
f 2051 640 2045
f 1840 2047 2050
f 2047 1840 2052
f 2053 587 875
f 1768 1769 2055
f 877 1769 1770
f 2056 2055 1769
f 1780 1782 2058
f 2059 2057 2058
f 2058 1783 1162
f 1453 3061 1969
f 1235 1238 1970
f 2060 1788 1791
f 2062 1356 2063
f 2065 1357 2062
f 2064 2062 2061
f 1170 1558 1312
f 1005 1003 2068
f 2069 2072 2067
f 2071 2067 2072
f 2005 3611 2070
f 2002 2069 2068
f 2074 1807 1806
f 579 1806 2075
f 2077 1946 1893
f 2079 2077 2076
f 2077 2079 153
f 2081 3901 2076
f 1603 1650 1949
f 1891 1949 1650
f 1650 1603 2082
f 1947 1602 1601
f 1608 3937 2083
f 2085 2087 2086
f 2087 2085 2088
f 2087 2430 2089
f 2086 2089 1883
f 1882 1885 2084
f 2091 2632 2092
f 2094 2091 2090
f 2096 2098 2094
f 2091 2094 2098
f 2093 2969 2095
f 2099 2968 2093
f 2100 2099 2090
f 2102 2109 2103
f 2104 2105 2101
f 2105 3041 2106
f 2108 2103 2109
f 1104 2111 1589
f 2111 1104 1103
f 1589 2111 2112
f 2114 2116 2115
f 2116 2121 2117
f 2119 2115 2117
f 2118 3903 2120
f 2119 2671 2113
f 2122 2902 2117
f 2124 1508 2125
f 765 2128 2126
f 2128 765 2129
f 2131 2126 2128
f 2132 514 2133
f 402 512 2132
f 2133 2137 2135
f 2137 2133 514
f 2139 3664 2140
f 2142 2139 2138
f 1377 3746 2139
f 2143 2162 2144
f 2141 2138 2145
f 2141 2144 750
f 1442 2148 2146
f 1232 2146 2148
f 1441 1442 565
f 2149 2151 2150
f 2151 2178 2152
f 2153 1640 1639
f 1519 2158 2154
f 2155 1524 1523
f 2154 2157 416
f 2157 2154 2158
f 2159 2421 2156
f 2160 2159 2158
f 488 1368 2161
f 741 2163 756
f 2163 741 733
f 2162 2143 739
f 2143 2145 2164
f 2165 1923 2166
f 1924 1917 2165
f 2167 2165 1156
f 2169 352 1790
f 2171 353 2169
f 2173 1042 1045
f 599 4120 2172
f 1041 1042 2174
f 2176 2179 2177
f 2179 2176 2180
f 2182 2180 2176
f 2181 2176 2175
f 2175 2177 2185
f 2187 2189 2188
f 2190 1817 2191
f 2192 2188 2189
f 2186 2188 2194
f 2196 2198 2197
f 907 2197 2198
f 2199 2302 2195
f 915 2199 2197
f 908 2198 2200
f 2201 2147 2202
f 2204 2276 2205
f 1383 2206 2203
f 1987 2203 2206
f 2204 2203 1987
f 1990 2206 1580
f 2209 2210 1710
f 2023 1710 2210
f 2211 3388 2210
f 2209 2044 2039
f 2213 2220 2214
f 2215 2218 2212
f 2217 2212 2218
f 2220 2213 2221
f 2223 2214 2220
f 2219 4143 2222
f 2225 2229 2226
f 2228 2226 2229
f 2230 951 2224
f 2226 2228 2231
f 2232 2762 2229
f 2224 3599 269
f 2234 2236 2235
f 2159 2160 2236
f 2238 2235 2236
f 2239 1653 1657
f 2240 2239 2233
f 2242 1940 1939
f 1943 3234 2241
f 2244 2247 2245
f 2246 2251 2247
f 2247 2250 2248
f 2250 2247 2251
f 1824 2250 2249
f 2250 1824 1818
f 79 2257 2253
f 322 2253 2254
f 2256 2253 2257
f 2257 79 78
f 1261 1260 2255
f 1469 2260 2259
f 2258 3077 1468
f 1438 1440 2260
f 2262 2264 2259
f 2258 2259 2264
f 1440 3180 2265
f 2261 2259 2260
f 2266 2269 1568
f 2268 1566 1568
f 2267 1568 2269
f 2269 2266 2271
f 2272 2266 1569
f 2266 2272 2273
f 2275 2276 2204
f 2274 2204 2207
f 2276 2279 2277
f 2279 2276 2275
f 2281 2275 2274
f 2275 2281 1211
f 2283 2088 2085
f 2088 2283 2284
f 2286 3883 2287
f 2289 2285 2290
f 2289 3907 2292
f 2285 2289 2291
f 2290 2294 2293
f 2288 2290 852
f 2285 2287 2294
f 2295 2300 1880
f 2297 2300 2298
f 2299 2298 2300
f 2300 2297 1879
f 2302 2199 2303
f 2305 2195 2302
f 2304 2308 2306
f 2307 4078 2308
f 2304 2302 2301
f 1333 1339 1677
f 1336 1677 1675
f 2310 637 2311
f 2310 3629 1227
f 2312 2631 2098
f 2314 2096 2095
f 2316 2318 2317
f 2318 1531 1536
f 2319 1534 2318
f 1534 1532 1531
f 2321 2319 2316
f 2315 4074 2320
f 169 3467 2322
f 2323 2325 2324
f 961 2326 2323
f 1054 1055 2325
f 1054 2323 2326
f 2328 2324 2325
f 603 276 265
f 2329 265 179
f 2332 2339 2333
f 2331 2333 2335
f 2337 2335 2333
f 2339 2332 2340
f 2336 2333 2339
f 2343 2346 2344
f 463 2344 2346
f 2342 2344 462
f 2348 463 2345
f 2349 3669 2345
f 2351 2554 2352
f 2353 2351 2350
f 2355 2554 2351
f 2280 2274 1983
f 2280 2350 1209
f 2357 1394 1385
f 2358 1425 1394
f 606 2361 2360
f 2361 3483 2362
f 2363 3205 2359
f 345 1496 1771
f 344 1504 1496
f 1773 3721 2364
f 2366 2368 2367
f 2368 3542 1354
f 2369 4065 2368
f 2365 713 715
f 2371 3837 2372
f 2370 2372 2374
f 2000 2371 2370
f 2371 2000 1999
f 2006 2375 2378
f 2375 2370 2373
f 2353 1983 1299
f 1298 1300 2379
f 2380 2382 1512
f 1513 1512 2382
f 2381 2382 2384
f 2385 2399 2380
f 2382 2380 2386
f 2388 1098 1097
f 1099 2808 2387
f 1091 1098 2390
f 1954 1115 1116
f 2391 2393 2063
f 2392 3302 2393
f 2061 2063 2393
f 2395 2398 2396
f 2397 3465 2398
f 600 2397 2395
f 2400 2404 2401
f 2402 2404 1224
f 2403 2401 2404
f 1220 1224 2404
f 2386 2380 2399
f 2399 2385 2405
f 2407 1295 1985
f 2406 995 2408
f 1296 1292 2407
f 905 904 1428
f 2409 3173 904
f 1116 1428 2410
f 260 284 2412
f 259 260 2411
f 2415 2418 2416
f 2417 2416 2418
f 2419 2538 2416
f 2420 3641 2418
f 2421 2159 2234
f 2233 1657 1656
f 2423 2426 2424
f 2426 2423 2427
f 148 2428 2424
f 2426 146 145
f 2428 1445 2422
f 2429 2430 593
f 2430 2087 591
f 990 992 862
f 2432 2436 2433
f 2435 2433 2436
f 2437 2504 2433
f 2439 2435 2434
f 2440 2437 2435
f 1079 1081 2442
f 1701 1080 1079
f 2441 2583 2443
f 705 698 2445
f 2444 1465 2446
f 705 2446 2447
f 1064 988 861
f 2450 2296 2451
f 1330 2455 2450
f 2451 2456 2454
f 2455 2297 2296
f 2456 2451 2296
f 991 2458 2457
f 995 2406 2458
f 1204 1205 2457
f 2406 1985 1988
f 2459 2457 2458
f 1158 2461 2460
f 2461 1158 2462
f 2462 1149 2464
f 2466 1483 1482
f 1483 2466 2196
f 2465 3743 2200
f 1937 1938 1482
f 1478 1483 2467
f 2232 323 271
f 2469 4087 2470
f 928 1803 2468
f 1803 1804 2472
f 2471 2469 2468
f 929 2468 2470
f 2474 2477 2475
f 2477 2474 1671
f 2479 2475 2477
f 2480 3984 2473
f 2482 2485 2483
f 2484 551 2481
f 2482 2778 2486
f 2483 2485 2488
f 2490 2778 2482
f 2481 540 2489
f 1610 1196 2491
f 337 345 2364
f 2492 2493 1681
f 2493 2540 2494
f 1683 613 2495
f 2496 1682 1681
f 2497 3438 2436
f 2499 2432 2431
f 2498 3791 2500
f 2499 2500 2502
f 2432 2499 2501
f 2431 2433 2504
f 2505 2506 798
f 910 912 2506
f 797 798 2506
f 2507 2505 2193
f 805 2186 2193
f 2509 2515 2510
f 2508 1886 1884
f 2511 2512 2508
f 1886 2508 2512
f 2514 2510 2515
f 2510 2514 2516
f 1121 4030 1763
f 2517 3678 1537
f 2519 2524 2520
f 18 19 2521
f 2523 2525 2520
f 2524 2526 2522
f 2525 18 2518
f 2524 390 2396
f 2527 2530 1135
f 1132 1138 2528
f 2529 2527 1136
f 2530 3546 1133
f 781 683 1145
f 692 959 958
f 964 959 2533
f 691 2533 959
f 2535 2415 2414
f 2415 2535 2536
f 2414 2416 2538
f 1737 1738 2539
f 1392 2494 2540
f 1738 2540 2541
f 1417 2539 1414
f 2542 1414 2539
f 1283 1291 2544
f 1281 1283 2543
f 2461 1281 2545
f 1284 1282 1281
f 2547 707 711
f 2549 710 2547
f 2546 711 1929
f 2198 2196 2466
f 2467 2196 2195
f 562 2552 2550
f 789 2551 562
f 2551 3285 2552
f 2354 2379 2314
f 2554 2355 2555
f 2096 2314 2379
f 2355 2314 2313
f 1300 1293 2312
f 2557 2566 2558
f 2559 3119 2556
f 2561 2557 2556
f 2558 2567 2562
f 2564 2566 2565
f 2566 2564 2567
f 1202 2573 2568
f 2569 2570 1203
f 2570 1199 1198
f 2572 2569 2568
f 2208 1580 1579
f 2571 2568 2573
f 2573 1202 2574
f 1775 1777 2576
f 2575 2906 2577
f 2576 1410 1409
f 1410 2576 1777
f 2578 1870 2575
f 2054 2580 2579
f 2580 2582 2581
f 1772 1774 2579
f 2441 2442 2582
f 2583 2441 2580
f 1191 2588 2585
f 1620 1619 1191
f 2586 2588 1189
f 2587 2585 2588
f 1463 653 359
f 2589 652 650
f 2590 3540 2419
f 2591 2590 821
f 2590 2591 2593
f 2594 2591 822
f 2417 817 821
f 2595 947 942
f 2597 2599 2565
f 2563 2565 2599
f 2566 2557 2596
f 2600 3280 2599
f 2602 2597 2596
f 2411 2412 2604
f 2413 2411 2603
f 1056 2603 2605
f 894 2605 2603
f 2412 319 896
f 886 2607 373
f 371 373 2607
f 1526 1528 325
f 2609 1527 1526
f 2608 1526 327
f 2612 2609 2608
f 2611 2608 2610
f 461 463 2348
f 2614 2348 2616
f 992 2457 1205
f 1574 2581 2582
f 1573 1772 2581
f 2442 2645 1577
f 2618 3706 2619
f 2617 2619 2620
f 1125 2618 2617
f 2619 3706 2622
f 2624 1216 1213
f 2625 1141 1216
f 2624 2951 2626
f 2628 1562 660
f 2629 1898 2630
f 2631 2629 2097
f 2632 2091 2097
f 2630 2634 2633
f 1898 1661 2634
f 1898 2629 1894
f 2282 2085 2084
f 1885 2512 2635
f 2637 2282 2635
f 2282 2637 2638
f 2639 2641 2252
f 1825 2252 2641
f 2641 2639 2643
f 2644 2639 2249
f 2645 2442 1081
f 2647 2652 2648
f 2650 2652 2651
f 1567 2648 2652
f 439 1567 2650
f 1921 2651 2652
f 575 2075 2653
f 2654 865 868
f 2075 1809 2655
f 2657 1278 1280
f 2658 2659 1278
f 2659 2734 1277
f 1279 3477 2656
f 2656 3064 2660
f 2523 2522 2661
f 91 16 2525
f 2294 2665 2662
f 2663 853 2293
f 2662 2666 2664
f 2665 3788 2666
f 2665 2294 2287
f 1627 2966 2429
f 2668 2670 2032
f 2669 2668 2033
f 2670 3520 2030
f 2671 2677 2672
f 2672 2676 2674
f 2676 2672 2677
f 2679 2677 2671
f 2119 2120 2678
f 2681 386 2682
f 2680 2682 2184
f 2684 2681 2680
f 2184 2685 2183
f 2682 3524 2685
f 769 770 2686
f 774 775 2688
f 2167 2689 2686
f 2689 2688 775
f 770 1925 1924
f 773 2649 1925
f 1506 2691 2690
f 1505 3844 2691
f 2693 2699 2694
f 2695 3100 2696
f 2697 2693 2692
f 2140 2695 2692
f 2698 2700 2699
f 2700 740 2164
f 2699 2164 2145
f 2505 2507 913
f 1744 1743 673
f 675 2701 1741
f 2701 675 677
f 673 1950 681
f 1743 1111 1950
f 2703 1966 2542
f 1414 2542 1966
f 2704 3043 2705
f 2706 1109 1108
f 2704 1105 2708
f 139 953 2428
f 2710 2633 2634
f 1661 1660 2709
f 510 501 2712
f 2714 1430 2712
f 501 1321 2713
f 2716 2722 2717
f 2719 2716 2715
f 2715 2717 2721
f 2722 2725 2723
f 2724 3144 2725
f 2722 2716 2726
f 2727 2729 2728
f 2292 3048 2730
f 2291 2292 2729
f 1674 1680 2731
f 2729 2730 1723
f 1959 1029 1030
f 2019 1030 704
f 2020 2019 2732
f 2732 704 706
f 1998 2000 2375
f 2735 2739 2736
f 2738 2741 2739
f 2736 2739 2741
f 2742 3540 2740
f 2048 2049 2744
f 1839 2048 2743
f 2745 1848 1837
f 1830 1832 2747
f 2748 1830 2746
f 1830 2748 2749
f 2746 2747 2751
f 2753 2751 2747
f 1832 2754 2752
f 1828 1833 2754
f 2756 1434 1435
f 2627 3548 2757
f 1433 1434 2757
f 2756 2628 2627
f 2755 1435 1087
f 2759 3923 2760
f 2227 2229 2762
f 2761 2564 2563
f 2690 3657 2761
f 263 2763 1061
f 2763 263 75
f 791 2765 2764
f 2765 791 788
f 2767 2764 2765
f 2768 2777 2764
f 1047 1048 1397
f 2769 2771 2770
f 2771 517 2772
f 1490 2770 2773
f 2775 2771 2769
f 2769 1488 2776
f 2777 1795 1794
f 2778 2783 2779
f 2485 2486 2780
f 2780 2486 2779
f 2783 2778 2490
f 440 2650 2649
f 592 2284 2784
f 594 2784 2785
f 2787 2790 2788
f 2788 2100 2092
f 2100 2788 2790
f 1630 2791 2790
f 2791 620 623
f 2792 2787 2786
f 2787 2792 1629
f 1624 621 620
f 2791 1630 1628
f 1361 1363 2794
f 1363 504 509
f 2795 3124 1362
f 2795 1361 2793
f 2130 2128 2127
f 2130 2878 2798
f 2797 2127 1857
f 2202 1444 1443
f 2799 347 346
f 619 2491 2801
f 2802 3017 2800
f 2803 2801 2491
f 1262 1264 2427
f 2805 3822 2806
f 2423 2805 2804
f 2807 1262 2804
f 2425 2427 1264
f 2808 2813 2809
f 2809 2813 2612
f 2388 2387 2809
f 2812 3780 2813
f 2814 2812 2808
f 1208 1211 2281
f 2815 1209 2350
f 2278 1211 1210
f 1253 2818 2116
f 2121 2116 2818
f 1251 1253 2114
f 2820 934 1349
f 2822 2824 2823
f 2824 421 2825
f 2826 2828 2823
f 2827 3224 2828
f 2821 2823 2828
f 2329 2825 421
f 2831 682 681
f 2833 1255 2674
f 2833 2835 2834
f 2832 3221 2835
f 2676 3486 2832
f 2673 2674 1255
f 2836 2837 1842
f 2837 2052 1840
f 2838 2842 2839
f 2840 2838 1670
f 2476 1671 1670
f 2842 2838 2843
f 2844 2839 2842
f 2846 3921 2847
f 2845 2440 2439
f 1835 2848 2845
f 2849 3624 2850
f 2440 2845 2848
f 473 469 2851
f 477 479 2853
f 2854 2853 479
f 469 2031 2030
f 468 472 2031
f 2856 2858 2857
f 2858 3545 2859
f 2816 3546 2858
f 2861 1548 1964
f 2703 3008 2860
f 1611 1546 2861
f 1102 1109 2863
f 355 1185 1063
f 1487 1479 2306
f 2305 2306 1479
f 2865 1173 2866
f 2868 2864 2869
f 2870 2869 2864
f 2867 2869 2872
f 2866 2874 2873
f 2874 2866 1173
f 2876 2752 2754
f 2752 2876 2877
f 2876 3316 493
f 1099 645 644
f 2814 644 1230
f 2689 2167 1157
f 2629 2631 1297
f 1293 1297 2631
f 1691 2797 1858
f 2797 1691 2878
f 2879 2878 1691
f 854 855 2881
f 2880 3194 2288
f 2882 2881 855
f 2733 2732 2447
f 2687 2688 2460
f 2319 2321 2885
f 2886 330 333
f 2321 3383 2887
f 2885 2887 2264
f 2884 2885 2262
f 2889 1845 1844
f 2807 2888 2891
f 2888 2807 2806
f 1846 2891 2888
f 2891 1846 813
f 1117 3562 902
f 1114 906 899
f 2893 2897 2894
f 1000 2893 2892
f 1869 3570 2894
f 1002 2898 2897
f 2896 2894 2897
f 546 2897 2898
f 711 712 2899
f 2297 2455 2900
f 2118 2117 2902
f 2901 2902 1075
f 2577 2907 2905
f 2904 1776 1775
f 2906 1871 2907
f 2904 2905 2909
f 2705 2905 2907
f 418 842 411
f 414 411 842
f 2911 415 414
f 2910 414 844
f 2456 2914 2913
f 2298 2299 2914
f 2916 2914 2299
f 2295 3960 2915
f 553 2918 2917
f 2918 553 552
f 1962 378 1305
f 1306 1305 378
f 2919 378 380
f 2921 2925 2922
f 724 2925 1015
f 725 724 2923
f 2925 724 726
f 2925 2921 1013
f 2927 2930 2928
f 2930 2927 1179
f 2931 3397 2873
f 2933 2928 2930
f 2104 2931 2926
f 2935 2938 2936
f 2937 3711 2938
f 2934 3216 2939
f 2941 2936 2938
f 939 2470 2936
f 2470 4087 2934
f 495 2943 2056
f 490 495 876
f 2943 495 494
f 2055 2056 2943
f 2946 2950 2947
f 2945 2947 2948
f 2947 2952 2949
f 1622 2626 2951
f 2952 2947 2950
f 2945 3018 2953
f 2950 2946 2954
f 2956 2961 2957
f 2959 2960 2956
f 2960 2962 2961
f 2961 996 999
f 2962 997 996
f 723 2750 2964
f 2750 723 722
f 2750 2751 2965
f 722 719 727
f 2430 2429 2966
f 1887 1883 2089
f 2967 3635 2615
f 2347 3482 2616
f 1467 1466 2513
f 624 625 2968
f 2968 3017 2969
f 401 2134 2924
f 2134 2135 2970
f 2134 401 405
f 2541 3403 2702
f 443 2971 445
f 2971 443 772
f 2972 745 2973
f 2975 2977 2976
f 2974 3747 1904
f 2977 1617 1615
f 2977 2975 2979
f 580 2981 2980
f 2981 2985 2982
f 2983 2984 2980
f 2984 583 581
f 627 634 2985
f 2981 580 630
f 2986 2284 2283
f 2987 2784 2284
f 1064 2989 364
f 362 364 2989
f 2989 1064 2448
f 2988 2989 471
f 2991 1240 1234
f 2992 3348 1240
f 542 547 2994
f 540 542 2993
f 2996 3001 2997
f 2998 2995 2503
f 3000 2997 3001
f 2995 2997 3002
f 2633 2710 3003
f 2789 2092 2632
f 3004 1672 1665
f 3006 3099 3007
f 3008 3006 3005
f 1616 1612 3005
f 1612 2861 2860
f 3010 3012 1318
f 3012 3010 3013
f 3013 3010 3014
f 1948 2080 3011
f 3015 4032 1599
f 3009 3015 3014
f 2313 2095 2969
f 3016 2969 3017
f 2555 2313 3016
f 3020 3024 3021
f 3023 3021 3024
f 3024 3020 3026
f 3022 3024 3025
f 3029 2272 1564
f 2272 3029 2102
f 3028 3871 3030
f 3031 567 569
f 923 1441 568
f 918 571 3031
f 1149 1151 3032
f 3032 1155 3034
f 2352 2554 2553
f 2151 2149 3036
f 2179 3035 3037
f 2178 2151 3035
f 3038 3037 3035
f 3039 3036 2149
f 3036 3039 3040
f 2101 2106 2273
f 3041 4002 3042
f 2109 2102 3029
f 2271 2273 2106
f 3043 2909 2905
f 3044 3539 2909
f 3043 2704 2707
f 676 678 781
f 1013 680 679
f 679 676 778
f 2957 999 3046
f 1722 1723 2730
f 3048 3988 3047
f 1718 1675 2728
f 3049 3050 2659
f 3050 2735 2734
f 3051 3992 2735
f 3049 3531 3053
f 3050 3049 3052
f 3055 3057 3056
f 2879 3060 3057
f 3054 3761 2798
f 3054 3056 3059
f 3060 1969 3061
f 3062 3056 3057
f 3063 2996 2995
f 2135 2137 3001
f 459 461 2614
f 2615 2660 3064
f 2999 3001 2137
f 3066 3000 2999
f 2136 3649 3065
f 2819 3071 3067
f 3068 3071 2819
f 3067 3072 3070
f 3071 537 3072
f 3071 3068 3073
f 2852 2853 3075
f 1470 1468 3077
f 428 1470 3076
f 3076 3077 3079
f 3077 2258 2263
f 585 1500 1499
f 1626 2429 1499
f 3078 3083 432
f 3078 3079 3081
f 430 432 3083
f 3083 3078 3080
f 1931 1930 2899
f 712 713 3085
f 3087 1931 3085
f 1667 754 3088
f 1140 3137 3089
f 2896 543 1862
f 3091 3093 1823
f 1822 1823 3093
f 3092 3093 3095
f 3091 3574 3097
f 3096 3095 3093
f 2495 2697 2696
f 3100 2695 3101
f 3102 3100 3099
f 3098 2696 3100
f 2693 2697 615
f 2698 615 608
f 2697 2495 613
f 126 127 3104
f 1459 1397 3105
f 1457 3105 3107
f 1397 1398 639
f 878 880 496
f 3109 3115 3110
f 3112 3115 3109
f 1855 1856 3111
f 3114 3110 3115
f 3116 2560 3117
f 3117 3119 3118
f 2560 2556 3119
f 3120 2561 2560
f 3122 3120 3116
f 2574 2459 1988
f 2755 2760 3123
f 1362 2990 1360
f 2990 1362 3124
f 3125 2992 2991
f 2219 2221 3127
f 812 3130 3127
f 3126 3127 3130
f 2221 3969 3128
f 3131 3308 1401
f 3132 4081 3131
f 3133 3132 1399
f 3135 3559 3136
f 3138 3135 3134
f 3137 1140 3139
f 3138 1620 2584
f 976 3089 3137
f 2800 625 617
f 2214 2223 3140
f 3142 3140 2223
f 2222 4015 3141
f 3143 866 865
f 588 589 881
f 589 2785 879
f 2162 756 747
f 3145 3074 3075
f 3074 3736 3146
f 3147 2725 3144
f 2853 2854 3147
f 1918 1925 2649
f 3149 1290 1289
f 3150 936 3148
f 3151 3148 936
f 1304 1421 1963
f 3153 3410 3154
f 2993 2994 3152
f 3152 3156 2071
f 3156 3152 2994
f 3158 3469 3159
f 3161 3158 3157
f 3158 3161 3163
f 3165 3163 3161
f 3167 63 3168
f 3169 3867 3167
f 3166 3168 3171
f 63 61 60
f 19 63 3167
f 1699 1085 1080
f 3172 1704 1701
f 1895 1296 2408
f 3173 703 1027
f 703 3173 2409
f 3174 3176 2218
f 2216 2218 3176
f 3178 3175 3176
f 2215 3140 3179
f 2786 2788 2789
f 834 2786 3003
f 3180 1440 922
f 1372 3815 3181
f 3182 3931 1366
f 1455 1457 3106
f 1460 1455 3183
f 1826 1458 1460
f 2837 2836 3184
f 3183 3106 2052
f 2836 3695 3186
f 3184 3186 3185
f 3187 3190 2110
f 2112 2111 2110
f 3188 2110 3190
f 3191 4013 3190
f 3192 3191 3187
f 3193 3343 3194
f 2880 2881 3195
f 1296 1895 1894
f 924 926 3196
f 2069 2002 2001
f 3198 3203 3199
f 3201 3202 3199
f 3202 3920 3197
f 2363 3326 3204
f 3200 3199 3203
f 3203 3198 3205
f 3197 737 736
f 3206 3208 1538
f 3208 3206 3209
f 3210 3209 3206
f 3209 3210 3212
f 2939 3215 3214
f 2507 3214 3215
f 3216 916 3215
f 913 3215 916
f 3213 2937 2935
f 3218 3222 632
f 3218 3221 3220
f 3221 3218 3217
f 3219 2403 3222
f 3223 3226 3224
f 3225 3224 3226
f 2829 2828 3224
f 1856 2123 3227
f 3228 3112 3111
f 3229 3227 2123
f 2123 1856 1849
f 3230 2785 2784
f 3231 3235 3232
f 3234 1943 3232
f 3236 850 849
f 3233 3232 3235
f 3121 3237 3231
f 3235 3231 3237
f 3239 3245 3240
f 3240 3247 1735
f 3243 3245 3244
f 3245 3239 3246
f 3245 3243 3247
f 3249 3246 3239
f 1654 1655 2549
f 3250 2549 2548
f 2421 3250 3251
f 1655 4017 710
f 1559 982 3253
f 3252 3253 3255
f 983 3255 3253
f 3237 3121 1633
f 3236 3237 1640
f 3257 3262 3258
f 426 3256 3258
f 3259 3258 1165
f 3260 3264 3261
f 3262 1038 1165
f 3263 3260 1165
f 3263 3834 3264
f 3266 774 2687
f 2543 2544 3267
f 2545 2543 3265
f 3268 3266 3265
f 3270 3275 3271
f 3269 1402 1401
f 3271 3278 3273
f 3275 3270 3276
f 3278 3271 3275
f 3277 3275 3274
f 3280 3281 2598
f 3281 2231 2228
f 400 401 2923
f 2793 2794 3283
f 3282 3951 2796
f 2794 509 3284
f 1269 1797 1796
f 1797 1269 3285
f 1268 1796 3286
f 3288 2718 3289
f 3228 3290 3289
f 3290 3603 3287
f 2720 3289 2718
f 2720 2721 3112
f 2718 3288 3291
f 1967 1968 1969
f 128 2254 3104
f 3103 3104 3293
f 3295 2959 2958
f 2960 2959 3297
f 3296 3730 2962
f 754 756 2163
f 2144 747 746
f 2206 1383 1382
f 3298 457 3299
f 457 458 3136
f 3300 452 457
f 3302 2392 3303
f 3302 3305 2394
f 3305 3302 3301
f 3307 3303 2392
f 3308 3276 3270
f 3309 3311 3276
f 3274 3276 3311
f 2146 1232 738
f 3310 3311 2126
f 3311 3309 766
f 1698 3312 1709
f 3312 1698 1697
f 1934 1936 3313
f 3313 2601 2561
f 1944 3313 3120
f 1936 2602 2601
f 3314 4124 2602
f 3316 3320 3317
f 491 3315 3318
f 3319 3318 3315
f 3316 3315 491
f 3320 3322 3321
f 3320 2875 3323
f 1715 1716 3325
f 1716 1709 3312
f 2360 2362 3326
f 2362 2038 2041
f 2040 3204 3326
f 3327 2153 2150
f 2152 3328 2882
f 2178 2180 3328
f 1141 2625 3139
f 2638 3330 3329
f 3330 903 3331
f 3329 3331 3333
f 2986 3329 3332
f 3335 3817 3336
f 2642 3334 3338
f 3339 3338 3334
f 3335 3334 2642
f 2641 2642 3337
f 3341 3345 3342
f 2182 3340 3193
f 3343 3193 3340
f 3344 3342 3345
f 3346 3347 2724
f 3347 3145 3144
f 2992 3125 3145
f 3348 2992 3347
f 2620 2619 2621
f 1653 2239 3350
f 3170 3171 3351
f 1888 1890 3350
f 3170 3350 2239
f 3353 3359 3354
f 3354 3359 3356
f 3358 3352 3354
f 3319 3942 3356
f 3318 3319 3359
f 498 3353 3352
f 3361 3363 3362
f 3363 3361 3364
f 3363 1787 1786
f 3273 3364 3361
f 3367 3370 3368
f 2744 1095 3366
f 3369 3366 1095
f 3368 3371 2743
f 3370 4142 3371
f 3370 3367 3373
f 903 3330 3375
f 2637 3375 3330
f 897 903 3374
f 3376 349 3377
f 3378 3380 3376
f 350 3376 3380
f 3377 3062 3061
f 3062 3377 349
f 3382 2887 3383
f 3381 3383 3385
f 3383 2321 2320
f 2887 3382 2263
f 3081 3382 3381
f 3387 3300 3298
f 3388 3387 2024
f 2929 1179 1180
f 2926 2873 2874
f 1175 1179 2927
f 761 760 3391
f 3390 4001 3392
f 3394 3398 3395
f 2872 3399 3394
f 3398 3394 3399
f 2870 2873 3397
f 3396 3394 3393
f 2871 2872 3396
f 3402 2998 2504
f 3403 2541 2540
f 3403 3405 3404
f 3405 3403 2493
f 3406 1254 1252
f 3407 3406 1256
f 3409 2782 3410
f 2782 3409 3411
f 3154 3410 2782
f 3153 3607 3408
f 3412 3547 652
f 3413 3412 2589
f 2834 3415 3414
f 3415 2834 2835
f 3416 3414 3415
f 3407 3414 872
f 2489 2993 3154
f 3418 3149 3148
f 1290 3149 3419
f 452 3300 1346
f 227 220 248
f 3420 3422 1265
f 3421 3422 3420
f 2552 3422 3421
f 3422 2552 3285
f 952 3421 250
f 3424 2535 2534
f 2535 3424 3425
f 3423 3861 3426
f 3427 3425 3424
f 3428 3653 3423
f 2537 3428 2534
f 3018 2945 2553
f 3430 3847 3431
f 3433 3430 3429
f 3430 3433 3435
f 3432 3737 3436
f 2434 2436 3438
f 3439 3441 3438
f 3437 3438 3441
f 2623 2952 2951
f 1621 3139 2625
f 1751 3212 3210
f 2963 3443 720
f 3443 2963 3444
f 2922 3443 3442
f 3446 3447 3444
f 3447 1739 3442
f 2963 2964 3445
f 1225 634 633
f 634 1225 1223
f 2402 633 3222
f 3449 1315 1314
f 3009 1318 1315
f 2714 1956 1955
f 1430 1431 2711
f 1430 2714 2410
f 3451 2911 2910
f 3450 3454 3452
f 2912 3455 3450
f 3454 3450 3455
f 3455 2912 524
f 526 1491 3453
f 2898 1002 1006
f 1005 3156 3155
f 547 2898 3155
f 2893 1000 998
f 2700 2698 614
f 3375 2637 2636
f 3374 3375 3456
f 2511 2516 3456
f 2709 1662 837
f 835 3003 2710
f 3459 1884 833
f 2509 1884 3459
f 2515 2509 3460
f 3458 3854 3461
f 3460 3459 3461
f 3464 3466 1450
f 3463 1450 3465
f 1826 3463 2397
f 3466 1447 1448
f 3467 3223 2827
f 2322 2827 2826
f 2330 179 178
f 3468 3512 3226
f 3223 3467 1645
f 3470 446 445
f 2971 3159 3469
f 3471 2528 1138
f 3472 2529 2528
f 3089 976 449
f 1137 3089 451
f 3473 3545 2530
f 3474 3473 2527
f 2529 3472 3475
f 1272 1274 3476
f 3476 4011 3477
f 3479 3476 1274
f 1273 4096 3478
f 3481 3201 3200
f 2843 3481 3480
f 3204 2040 3480
f 2840 1672 3201
f 2802 2953 3018
f 2946 2953 2803
f 2038 2362 3483
f 3483 2361 436
f 3282 3283 1024
f 1025 1024 3283
f 3484 1024 1023
f 2675 2677 2679
f 2675 2383 3486
f 3488 3490 3489
f 3490 3492 3491
f 3492 3490 3400
f 3393 3395 3493
f 3494 3491 3492
f 3495 3400 3490
f 3401 3396 3400
f 3497 3501 3498
f 3500 3498 3501
f 3501 3497 3503
f 3505 3497 3496
f 3506 3503 3497
f 1422 2010 1686
f 3507 1346 3300
f 1346 3507 3508
f 60 62 110
f 3509 3171 3168
f 551 541 540
f 1760 1762 3511
f 3510 3610 1765
f 2127 2129 1146
f 3512 539 535
f 3225 534 3513
f 3514 1513 2381
f 1511 1513 3514
f 2679 3516 3514
f 3516 3603 3515
f 2330 2826 2825
f 2605 894 893
f 3517 1055 1057
f 893 895 3519
f 3517 893 3518
f 2604 896 892
f 2851 2030 3520
f 3521 3147 2854
f 685 2531 2328
f 2324 2328 2531
f 3522 689 687
f 2531 685 684
f 1543 1538 3208
f 3207 3970 3523
f 3523 2685 3524
f 387 1544 1543
f 1877 1876 1755
f 3525 1877 2008
f 402 404 3526
f 3527 518 511
f 404 783 768
f 3529 557 3530
f 3378 943 941
f 949 3601 3380
f 3082 3052 3053
f 3531 3634 433
f 3052 3082 3532
f 3084 3532 3082
f 1212 1134 1133
f 2053 1498 1493
f 329 3534 3196
f 3534 2265 3180
f 3533 3196 926
f 331 3535 3534
f 3535 2261 2265
f 2170 3278 3277
f 3058 3059 353
f 3279 3058 2171
f 1961 477 2852
f 3536 366 672
f 366 3536 3537
f 3539 3537 3536
f 2592 2740 3540
f 3540 2742 2538
f 3541 2736 2740
f 2626 1622 1618
f 3179 3140 3142
f 3542 3179 1353
f 3098 3405 2492
f 922 1439 1441
f 2155 416 415
f 3499 3652 3435
f 3498 3500 3436
f 2587 1708 2022
f 2025 3559 2585
f 2526 2396 2398
f 3545 2858 3546
f 3547 1662 651
f 836 837 1662
f 3547 3412 838
f 659 661 1380
f 1379 1380 661
f 3548 1380 1381
f 2758 2757 3548
f 2824 2822 3551
f 2822 3996 3552
f 3284 2711 1431
f 3553 3070 3072
f 2389 2390 3555
f 3557 3857 3555
f 3558 2390 1098
f 2390 3558 3556
f 3554 3793 3369
f 2389 3369 1096
f 3060 2879 1692
f 1620 3138 3139
f 2584 2585 3559
f 3560 3230 2987
f 3561 3560 3332
f 3230 3560 1373
f 1371 1373 3560
f 3331 902 3562
f 3563 3561 3333
f 3564 3566 2532
f 3566 3564 3567
f 382 3564 2337
f 964 2532 3566
f 2532 2533 2335
f 1210 1133 3546
f 135 126 3103
f 1486 558 557
f 558 1486 1485
f 3528 4098 1481
f 2785 3230 1370
f 2892 2894 3570
f 2895 2892 3569
f 2448 861 2035
f 1342 1347 1810
f 3571 1811 1810
f 1812 1815 1345
f 3097 3575 3573
f 3572 3784 3096
f 3574 4116 3575
f 3575 4115 3576
f 3387 3388 3577
f 2636 2635 2512
f 3020 3248 3578
f 3248 3020 3019
f 3248 3239 3238
f 3579 3786 3025
f 3580 3581 3578
f 3581 3579 3026
f 3582 2949 2952
f 1215 3582 2623
f 1887 1629 2792
f 1629 1887 2966
f 808 815 3583
f 814 3583 2890
f 3585 1339 1338
f 3584 3437 3440
f 1338 1332 3587
f 3586 2438 3584
f 2227 2563 2598
f 1200 863 862
f 2459 2574 1202
f 2189 2187 3588
f 2186 805 804
f 803 3588 2187
f 3588 803 2245
f 3150 3591 3590
f 1289 1286 3591
f 3592 3591 1286
f 936 3150 3589
f 3593 2965 2751
f 2964 2965 3594
f 3182 3594 2965
f 3213 3214 3596
f 3595 4037 2937
f 3299 3136 3559
f 2444 2445 2513
f 700 3597 2445
f 2513 2445 3597
f 3531 3049 2658
f 3598 2658 2657
f 1127 2620 1476
f 2230 3633 950
f 297 3599 2224
f 3599 297 296
f 2168 3364 2170
f 3364 3273 3278
f 2168 1790 1787
f 625 2800 3017
f 3600 2446 1465
f 3379 3380 3601
f 2799 350 3379
f 458 976 3134
f 3516 2679 2678
f 3603 3516 3602
f 417 416 2157
f 1524 2155 2911
f 2017 2016 3192
f 2016 2015 3191
f 3606 3408 3607
f 3605 3611 3609
f 3606 3605 3608
f 3607 2070 3611
f 2070 3607 3153
f 3408 3606 3612
f 3613 2544 1291
f 3614 3267 2544
f 3615 3419 3149
f 3419 3615 3616
f 3174 3617 3177
f 3617 4065 3618
f 3179 3542 3617
f 3619 2377 3620
f 2377 2378 3621
f 957 3620 3621
f 2606 3620 957
f 2972 3621 2378
f 3622 3884 3609
f 3619 3885 3622
f 1231 1232 2147
f 2998 3402 3623
f 2850 3402 2437
f 2970 2135 2996
f 729 2970 3063
f 3624 3623 3402
f 3625 3627 3324
f 3626 3696 3627
f 3627 2478 3628
f 3272 3273 3365
f 93 153 2079
f 2080 153 155
f 3011 155 321
f 2034 2031 472
f 375 377 3537
f 2548 2547 2546
f 952 950 3633
f 2917 3633 2230
f 3632 3633 2917
f 559 2917 2231
f 427 1443 1470
f 3221 2832 3486
f 3220 3486 2383
f 356 1063 1062
f 434 436 2361
f 3635 2967 436
f 2862 3192 1100
f 3257 3638 3637
f 3636 4036 3262
f 3256 3552 3638
f 1833 3323 2875
f 3639 2449 3640
f 3640 2453 3323
f 818 2418 3641
f 827 3641 2817
f 2818 1253 826
f 3286 1798 539
f 3643 2246 2244
f 3642 2244 2243
f 3644 3650 3645
f 3642 3645 3646
f 2309 3272 3629
f 3647 1227 3629
f 3269 3271 3272
f 1402 3269 2309
f 3065 2775 3648
f 2775 3065 3649
f 3650 3660 3651
f 3652 3499 3384
f 3652 4074 3434
f 3384 3502 3386
f 3502 3384 3499
f 3538 3536 1162
f 3504 3496 3654
f 3543 3654 3496
f 3655 3118 3119
f 3656 3655 2559
f 3658 2562 2567
f 1360 1233 1971
f 1233 1360 2990
f 802 1078 3650
f 1077 4025 3659
f 1078 3659 3660
f 3644 2243 800
f 3118 3655 984
f 3663 1516 1509
f 2570 2569 1516
f 3662 1509 1508
f 3664 3101 2695
f 1971 1972 506
f 3485 2381 2383
f 1059 1061 2763
f 2583 2944 3172
f 2054 2055 2944
f 3667 3977 3668
f 3668 1153 1152
f 3666 3668 1992
f 2166 1993 1992
f 573 575 868
f 2346 2343 3577
f 2211 2039 3669
f 2349 3577 3388
f 3508 2343 2342
f 3507 3577 2343
f 563 2550 3632
f 3632 2550 3421
f 3671 3676 3672
f 3674 4132 3672
f 3673 3672 3676
f 2772 516 3676
f 688 1032 1031
f 686 688 3677
f 1230 1229 3678
f 1536 1537 3678
f 1229 3681 3679
f 3681 1229 1228
f 3683 3689 3684
f 3686 3689 3687
f 3688 3684 3689
f 1981 3789 3682
f 2783 3411 3690
f 635 3415 3217
f 2868 4019 845
f 2864 2868 3691
f 2865 3691 3692
f 3693 2185 2177
f 3037 3038 3694
f 1843 1845 3695
f 2478 3627 3696
f 2478 2477 2476
f 3697 4141 3696
f 2933 4005 3041
f 2103 2108 2931
f 2105 2104 2928
f 3591 3592 2029
f 2026 967 3590
f 3589 3590 967
f 3592 3715 1245
f 2409 900 701
f 3113 2723 3521
f 3110 3114 2670
f 3114 3521 3520
f 2723 2725 3147
f 2717 2723 3113
f 963 965 3698
f 3565 3698 965
f 2985 1223 3699
f 3699 1222 3701
f 2982 3699 3700
f 3702 1327 1325
f 1324 1859 1860
f 1860 1148 2831
f 2855 2277 2279
f 3700 3701 2855
f 1973 1687 1326
f 506 1973 1322
f 669 3621 2972
f 2621 2622 3704
f 2622 3707 3705
f 3706 3742 3707
f 1089 1085 1699
f 1089 1404 2759
f 2940 3709 3708
f 3418 3708 3709
f 3710 3783 3709
f 3711 3710 2940
f 2080 1948 1946
f 3712 3039 1638
f 3630 3765 3713
f 3539 3044 3630
f 3714 3715 1285
f 3715 3592 1288
f 1243 1245 3715
f 1241 1243 3714
f 3305 3389 3717
f 2066 2061 2394
f 3719 2066 3717
f 3718 3717 3389
f 435 606 2359
f 3205 1231 2201
f 1444 2202 2147
f 701 3720 3597
f 900 3457 3720
f 898 3374 3457
f 1772 1573 3721
f 3723 3725 2256
f 3724 3293 3725
f 3722 3728 3726
f 3722 2256 2255
f 3728 3722 3727
f 2253 2256 3725
f 3729 3731 3730
f 1004 3730 3731
f 3732 2002 2073
f 3731 3729 3733
f 3735 3733 3729
f 3125 3736 3074
f 3736 3125 3124
f 3432 3429 1786
f 3737 3432 1788
f 3429 3431 3362
f 3099 3101 3738
f 1759 482 3739
f 2978 2979 3739
f 480 482 3740
f 1748 3740 482
f 2661 3544 1449
f 884 1766 1761
f 3742 888 887
f 2618 1125 1766
f 2252 1825 1821
f 1940 2242 3743
f 2465 1482 1938
f 2242 1908 1907
f 914 2200 3743
f 2518 2521 3744
f 713 2365 3086
f 3086 2065 2064
f 569 570 740
f 1952 1328 1327
f 3746 1377 1376
f 1376 1374 1378
f 3745 1376 3747
f 3749 3746 3745
f 2377 3619 2003
f 2156 3251 3604
f 3751 3754 3752
f 3724 3752 3754
f 3753 3754 3756
f 3754 3751 3757
f 3641 2420 3758
f 2711 3284 509
f 1903 1904 3747
f 2975 1904 1900
f 3701 1226 2277
f 2278 2816 2856
f 1452 1454 3377
f 3760 3452 3454
f 3453 4140 3759
f 1500 585 584
f 587 2053 1502
f 3761 3054 3058
f 3056 3062 351
f 3762 376 375
f 376 3762 3741
f 3763 368 367
f 3705 3713 3765
f 3487 3489 3165
f 3767 3772 3768
f 3164 3161 3160
f 3766 3165 3164
f 3768 3774 3769
f 3770 3772 3771
f 3772 3767 3773
f 3772 3770 3774
f 727 728 3624
f 728 729 3623
f 3346 2595 946
f 945 1240 3348
f 2726 3975 2595
f 546 544 543
f 1248 3776 3775
f 3776 1248 3033
f 3776 3779 3777
f 3779 3776 3034
f 2464 3032 3033
f 1248 1241 3716
f 2813 3780 2609
f 1527 2609 3780
f 1353 3142 1350
f 1350 3142 3141
f 3782 3291 3288
f 3783 3710 3572
f 3710 3711 3784
f 3615 3709 3783
f 3573 3576 3616
f 2494 1392 1390
f 1950 1953 2830
f 3132 3133 3390
f 3785 3022 3027
f 2011 3023 3022
f 927 2011 3785
f 3027 3025 3786
f 731 730 1060
f 731 896 319
f 3788 2665 2667
f 1910 2666 3788
f 1975 1922 3789
f 2647 3682 3789
f 2503 3002 2498
f 3791 2498 3002
f 3790 3002 2997
f 3792 776 3266
f 3366 3369 3793
f 3481 2843 2838
f 2841 2843 2043
f 682 2831 1148
f 2733 3795 475
f 2883 360 3795
f 3746 3749 3664
f 3751 3799 3796
f 3797 3798 3757
f 3798 3936 3756
f 3750 3900 3799
f 1851 3662 2124
f 3511 1764 3801
f 3510 3511 3800
f 3411 3800 3801
f 1764 4029 3802
f 2122 2121 2817
f 2859 3804 2984
f 583 2984 3804
f 3545 3473 3804
f 3803 3804 3473
f 2983 3700 2857
f 3806 2810 3807
f 3805 4122 3808
f 3806 3808 3809
f 3805 3807 3811
f 2613 3811 3807
f 2810 3806 2811
f 2611 3807 2810
f 3689 3683 3812
f 3687 3812 3813
f 3685 3687 3242
f 2357 3686 3685
f 2668 2669 3108
f 3446 3181 3815
f 3181 3446 3445
f 3594 3182 1369
f 3648 3820 3817
f 3817 3820 3818
f 3816 3817 3335
f 2776 3818 3820
f 3648 2775 2774
f 1418 1420 1978
f 3821 3823 3822
f 3822 3824 2889
f 3823 3825 3824
f 1447 3466 3823
f 3466 3464 3825
f 3720 2516 2514
f 2420 2536 3826
f 3827 109 111
f 3509 110 109
f 3827 3829 3828
f 3829 1888 3351
f 1916 2017 2862
f 2863 1872 1864
f 3163 3165 3489
f 476 475 3795
f 360 362 2988
f 1584 3830 2578
f 3569 3570 3830
f 3830 1868 1870
f 752 3948 3550
f 3831 1518 1517
f 1520 4008 3832
f 3826 3922 2122
f 3833 3826 2536
f 3692 843 418
f 1174 3692 419
f 3834 1059 3665
f 3835 1060 1059
f 605 3261 3264
f 3665 2763 604
f 1337 3836 2900
f 3836 1873 1879
f 1329 2900 2455
f 3837 3840 3838
f 3840 3837 3841
f 3837 2371 2376
f 1012 2374 2372
f 2009 3838 3840
f 1011 1012 3838
f 3842 3884 3843
f 1765 3842 885
f 3844 3845 3658
f 3656 3845 3255
f 2691 3658 3657
f 2562 3658 3845
f 3681 3849 3846
f 2317 1536 3679
f 3848 3846 3849
f 2334 3853 3850
f 3851 2332 2331
f 3777 3850 3853
f 693 694 3852
f 2334 2335 2533
f 691 693 3853
f 2694 2145 2138
f 3458 833 840
f 3854 3458 829
f 3307 3306 3856
f 3856 3859 3857
f 3557 4138 3855
f 3858 3306 2392
f 3306 3858 3859
f 3860 4041 3303
f 1258 53 147
f 2413 3978 261
f 1997 2005 2072
f 2004 3609 3611
f 1776 2904 2908
f 3861 3423 3653
f 3862 3504 3653
f 2449 2451 2453
f 2449 3639 2452
f 3863 2452 3639
f 2067 2071 3156
f 3604 3631 410
f 3631 2546 409
f 3251 2548 3631
f 2185 3693 2683
f 1995 1301 3865
f 3666 1995 3864
f 3667 3864 2340
f 2238 3868 3867
f 2237 4104 3868
f 3166 3170 2240
f 3744 3867 3868
f 3389 3305 3304
f 2932 2930 2929
f 2912 844 522
f 423 426 3259
f 3261 605 424
f 3828 3351 3171
f 3703 3704 3870
f 3764 3870 3704
f 3871 3028 442
f 446 3470 3872
f 438 442 3028
f 3873 3874 3488
f 3875 3495 3488
f 3877 966 3878
f 3877 3991 2326
f 3878 3882 3880
f 3876 3878 3879
f 3882 3878 966
f 3365 3361 3360
f 811 813 1846
f 3130 812 811
f 3129 3130 1848
f 3800 3411 3409
f 2365 2367 2065
f 1357 2065 2367
f 2190 3588 2248
f 3708 3418 3151
f 3883 4021 2667
f 3884 3842 3608
f 3884 3622 3885
f 3887 2684 2683
f 3886 3939 3888
f 3567 381 2684
f 3693 3694 3886
f 2522 2526 3544
f 819 1254 823
f 3890 824 823
f 1254 3406 3889
f 1100 3187 1103
f 2648 1567 1566
f 3892 2268 2267
f 3893 3861 3654
f 3580 3241 3810
f 3811 2613 3581
f 1899 1901 1758
f 1899 3739 2979
f 2099 2100 623
f 851 853 2663
f 2664 3897 3894
f 3895 3339 3336
f 3405 3098 3102
f 3008 2703 2702
f 3006 3008 3404
f 360 2883 3600
f 1907 1909 1905
f 2241 3897 1908
f 3896 1908 3897
f 3874 3873 3899
f 3766 3769 3873
f 3769 3927 3899
f 714 2369 2366
f 3900 3968 2217
f 2216 3796 3799
f 3796 2216 3175
f 1976 1978 1420
f 3829 3827 3901
f 3901 3827 100
f 1515 1514 3902
f 2569 2572 3902
f 2572 2405 2385
f 2446 3600 2883
f 1656 1654 3250
f 1257 81 53
f 3442 1739 1741
f 2120 3781 3602
f 3781 2120 3903
f 3287 3602 3781
f 3782 3903 3905
f 3903 2118 2901
f 3386 3906 3080
f 3906 3945 3084
f 3343 3908 3907
f 3342 3344 3908
f 858 863 3909
f 3382 3081 3079
f 3911 3913 3875
f 3912 3914 3913
f 3495 3875 3913
f 3875 3874 3898
f 3401 3913 3914
f 2738 3916 3862
f 3504 3862 3916
f 3916 2738 2737
f 3915 3862 3428
f 1371 3918 3815
f 3561 3563 3918
f 3919 3918 3563
f 3918 3919 3814
f 2610 327 3786
f 3920 735 737
f 3088 2163 735
f 2762 2232 1507
f 2225 269 323
f 3863 3921 3587
f 2452 3863 1340
f 1834 2847 3921
f 3586 3587 3921
f 3922 3826 3833
f 1072 3427 1789
f 1072 3833 3425
f 2057 3123 2760
f 3923 1781 1780
f 2057 2059 3924
f 3123 3924 2628
f 2640 3337 3926
f 3925 3926 3898
f 3928 3925 3899
f 3910 3898 3926
f 2078 102 94
f 1958 3484 1029
f 1271 3541 2592
f 1276 2593 2591
f 3930 3593 2753
f 3931 3182 3593
f 1368 3931 3930
f 3227 3229 3290
f 2125 1511 3515
f 3229 3515 3603
f 1076 794 799
f 1911 1912 799
f 3933 3935 3934
f 3797 3938 3935
f 3936 3798 3935
f 3934 3935 3938
f 3938 3797 3175
f 3694 3940 3939
f 3940 3965 3880
f 3940 3694 3038
f 3356 3942 3941
f 2913 3941 3942
f 1721 1874 1873
f 2496 1390 1389
f 3943 3268 3267
f 464 1810 1347
f 2974 2976 3748
f 3748 1614 3738
f 1614 3748 2976
f 3468 1645 1643
f 745 2972 2373
f 3000 3066 3944
f 3066 3648 3816
f 1920 1918 2651
f 3945 3906 3503
f 3502 3503 3906
f 1977 1387 1736
f 1387 1977 3946
f 3947 3949 1668
f 757 1668 3949
f 748 757 3948
f 3950 4092 3949
f 2812 2814 2517
f 3780 2812 1535
f 2721 3113 3115
f 3146 2796 3951
f 3951 3282 3484
f 2796 3146 3736
f 3850 3777 3779
f 3852 3994 3775
f 3778 3866 3851
f 1603 1605 3952
f 1262 2807 2890
f 1664 1671 2474
f 1669 2474 2473
f 2010 1422 3021
f 3019 3021 1422
f 1931 3087 3719
f 3294 2958 3355
f 2955 3355 2958
f 3953 4118 3160
f 2557 2561 2601
f 3824 3695 1845
f 2805 2423 2422
f 3954 3858 2391
f 895 891 3955
f 3835 891 890
f 3956 3955 891
f 1168 689 3519
f 3955 3956 1167
f 2160 1518 2237
f 3647 3360 3957
f 3680 1228 1227
f 3121 3116 1631
f 3959 2915 3960
f 3297 3959 3958
f 3959 3297 2959
f 3958 3960 3962
f 3963 2060 1785
f 1071 1073 1784
f 2878 2879 3055
f 3879 3880 3965
f 3964 3990 3881
f 3964 3965 3967
f 3965 3940 3040
f 3939 3880 3882
f 2046 1094 1093
f 499 3318 3353
f 3923 2759 1404
f 1406 1408 1781
f 2042 2044 3794
f 1711 3794 2044
f 3802 4043 3690
f 3690 4043 2781
f 3004 3088 3920
f 3969 2221 2213
f 3968 2213 2212
f 3341 2181 2183
f 2181 3341 3340
f 2606 2607 3885
f 191 4006 3971
f 3107 641 640
f 640 642 648
f 2051 2052 3106
f 641 3107 3105
f 2646 2648 2268
f 1195 1197 2954
f 466 1694 1192
f 1695 1694 466
f 3688 2356 3946
f 2356 1385 1384
f 3686 2357 2356
f 3684 3688 1980
f 803 800 2243
f 3293 3104 2254
f 2501 2502 3643
f 3439 3646 3645
f 1528 334 332
f 971 974 3637
f 3552 3996 3973
f 3638 3973 3972
f 2742 3915 2537
f 3915 2742 2741
f 809 3969 3968
f 2524 2519 395
f 1107 1104 1591
f 2716 2719 3975
f 1003 1004 2073
f 767 787 763
f 767 768 783
f 3073 536 532
f 787 1146 2129
f 726 720 3443
f 2666 1910 3896
f 3970 3207 3345
f 2685 3523 3970
f 2914 2916 3941
f 3976 3726 3728
f 3726 3976 3750
f 3723 3726 3752
f 3976 809 3900
f 1956 2714 2713
f 1731 2269 2270
f 3494 3872 3470
f 3162 3470 3469
f 2194 3596 3214
f 3549 1903 1378
f 381 383 2681
f 3007 3738 1614
f 3866 2340 2332
f 3977 3667 3866
f 1678 1676 3585
f 3327 2882 847
f 3360 3362 3431
f 3907 3908 3048
f 2288 3194 3907
f 3233 851 3894
f 261 3978 1016
f 1058 1020 1016
f 3978 2413 1056
f 3980 3982 3981
f 1576 1577 2645
f 3983 1576 3982
f 1576 3983 1570
f 3983 3980 3984
f 3651 3985 3441
f 3660 4094 3985
f 3646 3439 2497
f 3985 1678 3440
f 2369 714 3987
f 3987 717 3952
f 717 3987 714
f 3048 3908 3344
f 3734 3958 3961
f 3296 3297 3734
f 3735 3961 3839
f 3989 3839 3961
f 3636 3637 974
f 2881 2882 3328
f 850 3236 2153
f 3101 3664 3749
f 2012 2010 3023
f 1552 3876 3881
f 3990 1556 1553
f 3876 1552 3991
f 1120 3563 3562
f 1120 1118 1746
f 3437 3584 2438
f 2846 2439 2438
f 3051 3532 3993
f 3994 1250 1249
f 3677 1031 1250
f 3996 2822 2821
f 3843 3885 2607
f 1592 1596 3997
f 1672 3004 3202
f 3975 3998 947
f 3998 3904 3999
f 3999 4100 948
f 2953 2802 2801
f 3673 4001 4000
f 1043 2174 3674
f 4001 3390 3133
f 3675 3392 4001
f 4002 4069 4003
f 4002 3041 4005
f 3219 2386 2401
f 3219 3220 2384
f 3059 351 348
f 1505 274 273
f 3844 1505 3971
f 3254 3971 4006
f 3703 1594 3349
f 3349 1475 1476
f 1475 3349 1594
f 4008 1520 4009
f 3716 3714 2463
f 3412 3413 3854
f 3461 3854 3413
f 1464 1462 3462
f 3727 2255 1260
f 1277 3541 1271
f 2734 2736 3541
f 3477 459 3064
f 459 3477 4011
f 4012 3571 460
f 4011 3476 3479
f 4013 3191 2015
f 3189 3190 4013
f 4015 4016 1359
f 4016 4136 1358
f 3634 3531 3598
f 3324 3628 2844
f 1712 1714 1715
f 2839 2844 3628
f 1647 1651 4017
f 530 4019 4018
f 529 845 4019
f 528 4018 3914
f 4020 4025 4021
f 3787 2667 4021
f 2731 4020 3883
f 2727 2731 2286
f 1680 4024 4020
f 3294 3941 2916
f 2915 3959 3295
f 3471 448 455
f 4009 1525 3452
f 1525 1524 3451
f 4023 3760 3759
f 4024 3659 4025
f 3845 3844 3254
f 3506 3917 3993
f 3532 3084 3945
f 3917 2737 3992
f 3917 3506 3505
f 882 886 374
f 2013 1915 1914
f 3249 3019 1424
f 3583 4010 1263
f 4010 3583 815
f 2830 1952 3702
f 2586 1709 1708
f 3234 3894 3897
f 3472 455 4027
f 3474 3475 4028
f 3904 3998 3291
f 3998 3975 2719
f 1764 1763 4030
f 4031 4045 4029
f 4030 1121 1477
f 4032 3934 3937
f 3178 2083 3937
f 4032 3015 3932
f 3695 3824 3825
f 3533 3785 328
f 3304 3301 4033
f 2920 1741 2701
f 2921 2701 680
f 3337 3338 3929
f 3925 3928 1825
f 3500 3435 3433
f 3737 3893 3543
f 3457 3456 2516
f 3599 298 268
f 3195 3328 2180
f 3544 2398 3465
f 955 2661 1451
f 3770 4035 4034
f 3090 1823 4035
f 4035 1820 1819
f 1036 4036 2028
f 4036 1036 1038
f 4036 3636 975
f 3128 807 806
f 3711 2937 4037
f 3730 1004 997
f 1651 2082 718
f 3836 1337 1719
f 1752 1720 4038
f 3070 3553 4040
f 4041 4033 3301
f 4042 4004 4041
f 1617 2977 2978
f 4043 4045 4044
f 4045 4043 3802
f 4045 4031 4046
f 2484 2483 2487
f 4048 4049 2487
f 4049 4051 4047
f 4051 4049 4052
f 2780 4058 4048
f 2013 4026 4053
f 1914 2484 4047
f 4026 4047 4051
f 1597 1471 1475
f 1471 1597 1473
f 3188 4056 4054
f 1596 2112 4054
f 3997 4054 4056
f 4056 3188 3189
f 4057 4064 4055
f 2018 4053 4014
f 1914 548 551
f 4058 2780 2781
f 4044 4046 4059
f 4053 4051 4050
f 2078 2076 3901
f 4057 3189 4014
f 1474 4046 4031
f 1598 3997 4055
f 4060 1473 1597
f 4049 4048 4061
f 4058 4059 4061
f 1473 4060 4063
f 4060 4055 4064
f 4050 4052 4064
f 4062 4059 4046
f 4063 4061 4059
f 4052 4061 4063
f 2425 147 146
f 4065 3617 3542
f 4065 2369 3986
f 3864 3865 2338
f 3924 1563 1562
f 1563 3924 2059
f 587 588 873
f 2376 1999 3732
f 887 883 3763
f 883 374 368
f 3742 3741 3762
f 2308 2767 2766
f 2766 2765 1485
f 628 631 3416
f 867 631 629
f 870 872 3414
f 3675 3676 516
f 518 3527 3392
f 4066 1729 1724
f 1729 4066 4068
f 4069 4066 1726
f 1076 4021 4025
f 2673 2114 2113
f 1298 2354 2351
f 343 2364 3721
f 743 745 2374
f 2841 1713 1712
f 928 930 2820
f 2819 1800 1802
f 2188 2192 3596
f 3094 2192 2191
f 2192 3094 3595
f 1857 1146 1142
f 1556 3990 4071
f 1437 1444 2148
f 3279 3274 3310
f 330 2886 3535
f 2886 2262 2261
f 962 2324 958
f 381 3567 3564
f 3887 3888 3565
f 2341 380 382
f 1948 3013 1602
f 1932 3719 3718
f 2066 3719 3087
f 1051 1052 1554
f 1557 1551 1170
f 1552 1554 1052
f 1042 2173 4072
f 4023 4072 2173
f 4007 2173 2172
f 3649 513 517
f 3579 3581 2613
f 2358 3685 3244
f 1982 1642 1641
f 1055 3517 2327
f 1425 2358 3246
f 1795 2777 4039
f 1793 1795 4040
f 824 3890 4073
f 3385 2320 4074
f 3848 3434 4074
f 3847 3430 3434
f 1231 3205 3198
f 4075 980 979
f 980 4075 3661
f 3662 1851 4076
f 749 1377 2142
f 1747 1750 3740
f 487 3740 1750
f 4038 1722 3047
f 1226 1383 2205
f 4077 1733 1725
f 1731 1733 3891
f 3813 3891 1733
f 3812 3892 3891
f 3243 4077 1730
f 2472 1805 4078
f 4079 1805 1801
f 2471 2472 2307
f 1805 4079 2768
f 2235 2238 3169
f 1852 3108 2669
f 1855 3109 3108
f 2593 1276 1275
f 4080 4076 1851
f 4081 3132 3391
f 4010 1260 1259
f 3972 4135 1348
f 3612 3606 3610
f 3610 3608 3842
f 4082 3929 3338
f 3910 3929 4082
f 4083 2571 1579
f 1445 1447 3821
f 3655 3656 983
f 4085 2500 3791
f 4084 3791 3790
f 3680 3957 3849
f 3957 3431 3847
f 3574 3091 3090
f 3216 4086 915
f 4086 2303 2199
f 4086 3216 2934
f 4012 1814 1811
f 1808 1814 4088
f 1398 2311 637
f 4042 4068 4066
f 4067 4068 4090
f 3860 4090 4068
f 3241 3580 3238
f 455 456 1344
f 4092 3950 3979
f 4083 1220 2400
f 4093 3712 1635
f 1636 3661 4075
f 3661 1636 1634
f 4000 3133 1403
f 4094 1679 1678
f 4096 1273 4097
f 3761 3310 2131
f 4093 4075 4071
f 3263 3956 3835
f 3956 3263 1166
f 2660 2615 3635
f 1742 3814 3919
f 2869 2870 3399
f 2405 2572 2571
f 1815 4113 1344
f 3529 1481 1480
f 4098 1937 1484
f 2502 4099 2246
f 2251 2246 4099
f 4018 2867 2871
f 3814 1742 3447
f 4100 3999 3904
f 1070 948 4100
f 2903 4100 3905
f 2303 4086 4087
f 2469 2471 2301
f 3950 3984 3980
f 2551 789 792
f 2475 2479 4101
f 3947 2473 3984
f 395 3869 4102
f 4103 394 396
f 3869 3868 4104
f 2208 2574 1989
f 1789 3427 3426
f 3889 3417 4105
f 3890 4105 4106
f 4105 871 4107
f 871 4105 3417
f 3417 3889 3406
f 3618 3986 1607
f 1606 1607 3986
f 168 1645 3467
f 2081 1889 1888
f 1993 2166 1923
f 2654 4110 4108
f 4107 3143 4108
f 871 866 3143
f 4110 4111 4109
f 2315 2317 3846
f 2653 2655 4110
f 2655 4125 4111
f 1284 2462 2463
f 1083 1082 1432
f 1432 1433 2758
f 4112 3912 3911
f 1489 527 4112
f 3912 4112 527
f 3895 3818 2776
f 3895 4112 4082
f 2943 2942 3172
f 2973 1560 670
f 4017 718 708
f 1199 2570 3663
f 2949 2815 2352
f 4113 1815 1807
f 2903 1075 1068
f 948 1070 3601
f 1586 1702 3358
f 1702 1703 3352
f 4091 3979 3981
f 1083 3981 3982
f 1051 1019 1020
f 1557 1171 1019
f 3657 2567 2564
f 4101 4141 1571
f 4115 3575 4116
f 3943 4115 4114
f 4114 4116 3773
f 4116 3574 3771
f 2867 4018 4019
f 3872 3494 3493
f 4119 3030 3871
f 3755 4129 3292
f 3936 4128 3755
f 3942 3319 3317
f 3321 3322 2454
f 4033 4041 4004
f 4004 4042 4069
f 2932 4033 4005
f 2942 1703 1704
f 3960 2295 1881
f 1878 3989 3962
f 1570 3983 2480
f 4109 4095 4106
f 4120 599 391
f 2967 2616 3482
f 4121 4122 1734
f 3810 1734 4122
f 4122 4121 4123
f 4079 4039 2777
f 4078 2768 2767
f 1467 3460 3462
f 3707 3762 3713
f 1105 1107 3974
f 1595 3870 3974
f 3870 3764 2708
f 888 3742 3706
f 18 2525 16
f 3241 1735 1734
f 3247 1730 1728
f 1109 2706 1872
f 3478 4125 4088
f 1159 2460 2688
f 1829 1835 2847
f 2848 1835 2749
f 3832 4120 394
f 4120 3832 4008
f 3659 4024 4094
f 1679 4094 4024
f 3528 3530 2600
f 2597 2602 4124
f 3530 556 3280
f 3281 3280 556
f 4039 4079 3069
f 2646 3683 3682
f 2161 3930 2877
f 762 3527 3526
f 4096 4111 4125
f 3839 3989 3525
f 3989 1878 1877
f 3857 4127 3554
f 4127 3857 3859
f 4126 3859 3858
f 3463 1826 3185
f 1201 1199 4076
f 1319 4129 3755
f 3292 4129 3568
f 3293 3724 3753
f 4129 1319 1320
f 10 135 3568
f 4099 2502 2500
f 1155 3977 3778
f 3512 3468 1644
f 3683 2646 3892
f 4130 4028 3475
f 4027 1344 4113
f 3092 2191 1817
f 3994 3852 694
f 1247 1250 1031
f 2521 3167 3867
f 931 933 938
f 759 766 3309
f 578 577 4028
f 2074 578 4130
f 577 583 3803
f 3787 799 1912
f 3888 3882 3698
f 4102 4104 3831
f 3794 1711 1713
f 2643 4131 3819
f 3944 3816 3819
f 4131 4085 4084
f 3691 845 843
f 3122 3231 1942
f 2107 3395 3398
f 3395 2107 4119
f 3922 1075 2902
f 4132 3674 2174
f 3012 321 1317
f 938 939 2941
f 2036 2038 3482
f 2347 2345 3669
f 999 1000 2895
f 1585 1587 3046
f 2955 2957 3045
f 1587 1588 3045
f 3449 3932 3015
f 1809 4088 4125
f 386 387 3524
f 10 1320 1316
f 1319 4128 3448
f 3996 3995 4133
f 2829 3513 3995
f 3550 4092 4091
f 3491 3494 3162
f 2327 3518 3522
f 689 3522 3518
f 4134 3373 3367
f 4016 4015 3372
f 4128 3936 3933
f 1814 4012 3479
f 4135 3972 3973
f 3966 4071 3990
f 3712 4093 3966
f 3869 395 2519
f 3549 661 655
f 2311 1398 1396
f 1798 3286 1796
f 3793 3554 4127
f 4134 4127 4126
f 4136 4016 3373
f 4034 1819 3928
f 3774 4034 3927
f 3626 1695 465
f 1778 2908 3538
f 3539 3538 2908
f 3893 3737 2060
f 4123 4089 4138
f 3558 3809 4137
f 3556 4137 4138
f 4138 4089 4090
f 1727 1729 4067
f 4121 4067 4089
f 3553 538 1799
f 3765 3630 3044
f 4006 1311 1559
f 1311 1312 1558
f 3841 2376 3733
f 3186 3825 3464
f 3909 1201 4080
f 3967 3040 3039
f 3760 4023 4007
f 4111 4096 4095
f 4095 4097 4073
f 3625 1696 1695
f 2970 729 725
f 4139 3953 3157
f 777 4139 3159
f 3792 4117 3953
f 2136 514 513
f 3977 1155 1153
f 2735 3992 2737
f 3861 3893 3963
f 4118 3773 3767
f 4117 4114 4118
f 2049 1093 1095
f 2639 2644 4131
f 2644 4099 4085
f 3764 3765 2707
f 3316 2876 2875
f 776 3792 4139
f 4117 3792 3268
f 582 573 869
f 4098 3528 4124
f 4077 3243 3242
f 864 3909 1853
f 3069 1801 1800
f 2108 3398 3397
f 3551 3552 3256
f 3211 3345 3207
f 2745 2743 3371
f 536 4133 3995
f 3073 4135 4133
f 2627 660 659
f 3784 4037 3095
f 8 7 135
f 1732 2270 4003
f 3042 4003 2270
f 4104 2237 1518
f 4140 3453 1491
f 3855 4090 3860
f 3865 1306 2919
f 2338 2919 2341
f 1798 1799 538
f 3094 3095 4037
f 1870 1865 2906
f 3211 3212 3988
f 2083 3178 3177
f 3068 1348 4135
f 2479 3696 4141
f 4141 3697 1578
f 2815 2949 3582
f 2594 4073 4097
f 1534 2319 2884
f 3030 4119 2107
f 4072 4023 4022
f 4132 4022 3670
f 4140 3670 4022
f 3570 1869 1868
f 2773 3671 3670
f 1871 1872 2706
f 4142 3126 3129
f 3372 4143 4142
f 3697 465 467
f 4115 3943 3614
f 3314 1933 1937
f 3808 4123 4137
f 2388 2811 3809
f 3931 1368 1367
f 3357 3354 3355
f 1588 3358 3357
f 3954 1358 4136
f 3322 3323 2453
f 1558 1170 1551
f 1521 3832 4103
f 3212 1751 3047
f 717 718 2082
f 4143 3372 4015
f 3576 3614 3613
f 1865 1867 1871
f 3969 809 807
f 2849 2749 2748
f 3308 3131 4081
f 2942 494 498
f 3448 3933 3932
f 3527 762 761
f 3126 4142 4143
f 2770 2772 3671
f 4070 3721 1573
f 467 343 4070
f 3991 1052 1053
f 3325 3312 1696
f 3948 3949 4092
f 642 643 646

