# https://github.com/mikedh/trimesh
v -0.97654027 -0.22233680 0.97143388
v -0.94209915 -0.25512663 0.98119414
v -0.94378418 -0.19760248 1.00549018
v -0.90923148 -0.29018095 0.97730744
v -0.92479247 -0.28481707 0.94261891
v -0.91404086 -0.23962411 1.01273644
v -0.99004227 -0.24315050 0.92324477
v -0.95653933 -0.26674864 0.93518388
v -0.90736109 -0.29433891 0.91400838
v -0.93927187 -0.27598372 0.89027643
v -1.02476108 -0.21181831 0.91208541
v -1.00567913 -0.18514919 0.96055931
v -0.70827222 0.09128268 1.09652424
v -0.72756386 0.13119757 1.08716369
v -0.75243986 0.07474431 1.12080657
v -0.75007683 0.16472848 1.06809747
v -0.79204530 0.15241055 1.09736228
v -0.69175917 0.14132160 1.04829657
v -0.67208934 0.10368602 1.05910003
v -0.73375183 0.03162265 1.12814736
v -0.77141571 0.11637062 1.11511981
v -0.79918230 0.05396019 1.11401820
v -0.77941847 0.01163247 1.12019956
v 0.81111687 -0.86792839 -0.21586727
v 0.82298571 -0.84148073 -0.25253141
v 0.86211413 -0.86127424 -0.19852598
v 0.88778877 -0.80497527 -0.26016200
v 0.87403446 -0.83437479 -0.23078491
v 0.83817863 -0.80758846 -0.28254497
v 0.77778625 -0.81542647 -0.24116142
v 0.79299688 -0.78153992 -0.27116781
v 1.08764923 -0.59260035 -0.27418542
v 1.07912815 -0.62926042 -0.23850821
v 1.05499721 -0.61777866 -0.29324991
v 1.11940038 -0.57148683 -0.25007379
v 1.10989690 -0.60902190 -0.21442954
v 1.06683397 -0.66300070 -0.20360215
v 1.09796166 -0.64251232 -0.17806362
v 1.08714283 -0.55028915 -0.30566221
v 1.05107594 -0.57699049 -0.32204336
v 1.01814675 -0.60383523 -0.33327383
v 1.04665661 -0.65275300 -0.26001525
v 1.02092183 -0.64452004 -0.30774564
v 0.99773675 -0.70965922 -0.25056052
v 1.01124454 -0.67831957 -0.27827066
v 1.03374326 -0.68566990 -0.22759666
v 1.02330947 -0.53556573 -0.31808025
v 0.98911619 -0.56347752 -0.33157361
v 1.05817533 -0.50857568 -0.29907650
v 1.12007523 -0.52639878 -0.27818131
v -1.07460272 0.08393413 0.88798696
v -1.05578721 0.11926471 0.91775864
v -1.04640532 0.10626218 0.84005684
v -1.08541143 0.04219046 0.91608334
v -1.05809653 0.07459985 0.94908583
v -1.04517305 0.02516732 0.96238095
v -1.00819302 0.05200231 0.99139339
v -1.02291143 0.14852867 0.94618708
v -1.02141583 0.10157232 0.97596461
v -0.67472392 0.00407159 1.09591162
v -0.69185328 0.04802085 1.09985793
v -0.71318549 -0.01220265 1.12453878
v -0.65557635 0.06239478 1.06371701
v 0.84097058 -0.90926886 -0.13198410
v 0.83690071 -0.92599988 -0.09403588
v 0.78962570 -0.91383731 -0.13585623
v 0.83299011 -0.93842542 -0.06082003
v 0.78692168 -0.92818618 -0.09347256
v 0.74861687 -0.89225876 -0.12220453
v 0.87847918 -0.91135263 -0.07146557
v 0.88469106 -0.89179480 -0.10504459
v 0.85114980 -0.88726497 -0.16488756
v 0.79927093 -0.89320266 -0.17838956
v 0.89342588 -0.86916459 -0.13751923
v 0.75432587 -0.87134600 -0.16647698
v -1.09186840 0.01386064 0.86625922
v -1.07865143 -0.00371096 0.92858946
v -1.06998134 0.01926857 0.81057811
v -1.07514703 -0.03098479 0.81147730
v -1.07869494 0.05549127 0.85715097
v -1.05957878 0.06510185 0.81944543
v -0.81256914 0.18124315 1.07612371
v -0.82621592 0.20508847 1.05077744
v -0.85834098 0.16924319 1.07678568
v -0.83915174 0.13264364 1.09198618
v -0.90567309 0.20136504 1.02656186
v -0.90180439 0.15731874 1.05617881
v -0.86578679 0.20531219 1.04414630
v -0.88459456 0.11485679 1.07227778
v -0.83804482 0.22178765 0.99932218
v -0.77484143 0.19167103 1.04475141
v -0.81884348 0.09488045 1.10543191
v -0.75837862 -0.26389316 1.07714427
v -0.73074442 -0.22743356 1.08947074
v -0.78886509 -0.22170931 1.08905554
v -0.81083232 -0.17262241 1.08967066
v -0.84631121 -0.19847390 1.06634688
v -0.82134449 -0.24795422 1.06582534
v -0.75468713 -0.18857723 1.10560167
v -0.71399283 -0.15929231 1.11101282
v -0.77218908 -0.14481586 1.10951424
v -0.71292919 -0.18633550 1.10090292
v -0.99178153 0.00346655 1.00144947
v -0.95057589 0.02910940 1.03002179
v -0.98407012 0.12484059 1.00435865
v -0.96887177 0.07605402 1.01927567
v -0.90829515 0.05223215 1.05820072
v -0.92789608 0.09687506 1.04687989
v -0.68538821 -0.10129672 1.10617816
v -0.69746447 -0.05727804 1.11531973
v -0.72621417 -0.11950380 1.12164021
v -0.78807771 -0.09895095 1.10914719
v -0.82971174 -0.12474528 1.08696103
v -0.74186403 -0.07592231 1.12319255
v -0.86868638 -0.15021020 1.06202269
v -0.84859872 -0.07883760 1.08188176
v -0.88991648 -0.10425419 1.05523026
v -0.97043592 -0.15678084 0.99580300
v -1.03245282 -0.14466843 0.95038468
v -0.99443346 -0.11514011 0.98644972
v -0.93075758 -0.13001227 1.02677667
v -0.95318729 -0.08693573 1.01788902
v -0.90677232 -0.17395586 1.03514218
v -1.05706203 -0.17247766 0.90109038
v -1.08005416 -0.12495229 0.89154303
v -1.00801992 -0.21913791 0.85421008
v -1.03747678 -0.17918125 0.83989358
v -1.06042314 -0.13326591 0.82713032
v -1.06893957 -0.05251583 0.93467796
v -1.09157193 -0.07515508 0.88104808
v -1.05354202 -0.09973228 0.94215155
v -1.01482677 -0.07108718 0.97827166
v -1.09760451 -0.02823281 0.87325162
v -0.88071972 -0.22060865 1.04075110
v -0.97342080 -0.25111380 0.87020469
v -0.85340828 -0.27030137 1.03983712
v -0.88353318 -0.28803059 1.00984037
v -0.94396466 0.14378887 1.03117406
v -0.87922376 0.22339125 0.97851932
v -0.86441302 0.07362850 1.08427680
v -0.88823092 0.00866753 1.06764650
v -0.75996834 -0.03199121 1.12288690
v -0.80547130 -0.05435380 1.10565591
v -0.98524755 0.17172807 0.97452265
v -0.95935661 0.19869290 0.92489940
v -0.99571592 0.17479837 0.89572775
v -1.02542162 0.14334348 0.86677152
v -0.92060798 0.21575616 0.95360708
v -0.94731992 0.19222260 1.00314224
v -1.03147566 -0.02436334 0.97078568
v -0.84425646 0.03193878 1.09354949
v -0.78971243 -0.29079869 1.05190551
v -0.72831005 -0.27834913 1.04416788
v -0.82174623 -0.30984089 1.01998341
v -0.75555623 -0.30152348 1.01562572
v -0.82426172 -0.01070985 1.10063267
v -0.86815733 -0.03470355 1.07552660
v -0.91094244 -0.06006658 1.04725730
v -0.93116611 -0.01603189 1.03910553
v -0.97344524 -0.04276615 1.00964534
v 0.92962444 -0.78901660 -0.22836514
v 0.91633189 -0.81715512 -0.19966502
v 0.90417367 -0.84411335 -0.16928606
v 0.85436636 -0.77112055 -0.30721253
v 0.92017806 -0.92232442 0.13069503
v 0.88747990 -0.93927431 0.09872764
v 0.94383073 -0.91229272 0.09110806
v 0.88739103 -0.90205622 0.16135710
v 0.85452473 -0.91683590 0.12759310
v 0.97617292 -0.89384437 0.11902699
v 0.88448507 -0.93769944 0.02981883
v 0.91248381 -0.92767167 0.06125800
v 0.85770893 -0.94787180 0.06366177
v 0.93123931 -0.90497398 0.02566984
v 0.96087611 -0.88959479 0.05541885
v 0.85981584 -0.94480407 -0.00191827
v 0.83213848 -0.95023656 0.02768718
v 0.82445103 -0.92723441 0.09197208
v 0.79812354 -0.93088734 0.05388246
v 0.94242018 -0.82352126 -0.13793071
v 0.94460315 -0.75967264 -0.25471318
v 0.90342784 -0.77402282 -0.28595281
v 0.95938075 -0.72941315 -0.27890384
v 0.91752493 -0.74074268 -0.30819374
v 0.87020618 -0.73119438 -0.32267743
v 0.93370557 -0.70973980 -0.32849598
v 0.80944526 -0.74512017 -0.29589146
v 1.19855857 -0.48128518 -0.16897674
v 1.19492483 -0.52496684 -0.16311823
v 1.17895710 -0.49026760 -0.21108799
v 1.17465639 -0.44248948 -0.15743159
v 1.21261907 -0.48329827 -0.12228735
v 1.17415476 -0.53773046 -0.19312285
v 1.15032589 -0.50604582 -0.24609415
v 1.15162456 -0.44928035 -0.20148666
v 1.18810141 -0.55817795 -0.13181622
v 1.16447461 -0.57479334 -0.15949063
v 1.13837445 -0.59112549 -0.18771221
v 1.21084213 -0.51465440 -0.13279556
v 1.21013999 -0.53378284 -0.10847501
v 1.22328842 -0.50149715 -0.08510025
v 1.21053195 -0.55702245 -0.06972377
v 1.22279322 -0.54750752 -0.00409997
v 1.20625317 -0.58248687 -0.03160429
v 1.22909129 -0.52324617 -0.04474494
v 1.17843342 -0.60961640 -0.05889852
v 1.18482673 -0.58365810 -0.09501614
v 1.15663946 -0.60508299 -0.12253754
v 1.14784086 -0.63286173 -0.08678611
v 1.21510959 -0.57503390 0.03439419
v 1.16905427 -0.63667512 -0.02415335
v 1.04112124 -0.84528589 0.16265163
v 1.02460158 -0.85502195 0.20211618
v 1.00953472 -0.87205458 0.14321376
v 1.02373457 -0.84826672 0.10700970
v 0.99210584 -0.87062931 0.08303335
v 1.05557466 -0.82378066 0.12938502
v 1.08616185 -0.79812622 0.15130666
v 1.07015991 -0.81727946 0.17987859
v 1.05337095 -0.82149971 0.21295065
v 1.03834641 -0.82224774 0.07444013
v 1.00622749 -0.84396136 0.04856180
v 0.99171484 -0.88482547 0.18595134
v 0.95522106 -0.90519798 0.16079204
v 0.95805389 -0.85966325 0.21538955
v 0.92238969 -0.88336658 0.19135386
v 1.02539468 -0.79667628 0.24405351
v 0.99241513 -0.83050895 0.23317121
v 0.92192030 -0.87280166 -0.07432593
v 0.93150514 -0.84903884 -0.10682909
v 0.90221083 -0.91716123 -0.00546724
v 0.87256402 -0.92873073 -0.03618442
v 0.91309977 -0.89552045 -0.04053417
v 0.94446802 -0.87990057 -0.00900163
v 0.95553654 -0.85454679 -0.04280446
v 1.14840400 -0.55290091 -0.22233047
v 1.12357366 -0.46360520 -0.24027331
v 0.98505729 -0.66581213 -0.32220787
v 0.98622811 -0.62563634 -0.33964139
v 0.97382301 -0.69845748 -0.30086666
v 0.83509386 -0.94740617 -0.02431886
v 0.81156653 -0.94781983 -0.00865735
v 1.14998209 -0.72664523 0.19775850
v 1.12032986 -0.75571942 0.21770394
v 1.13133776 -0.75014567 0.15777878
v 1.10249090 -0.77391291 0.12632167
v 1.11279690 -0.77276874 0.17879221
v 1.08319640 -0.78665221 0.22125347
v 1.09187341 -0.79521787 0.19453464
v 1.09282613 -0.72515309 0.24183710
v 1.17042565 -0.69592810 0.17098129
v 1.14865780 -0.72345376 0.13206145
v 1.12304890 -0.69120908 0.22385010
v 1.14739978 -0.65820861 0.19935568
v 1.11817491 -0.74774849 0.09961126
v 1.13289690 -0.72053444 0.07074036
v 0.94686764 -0.67790055 -0.34256524
v 0.95372725 -0.64193106 -0.34350169
v 0.92779148 -0.62235761 -0.34189624
v 0.90619695 -0.65762913 -0.34123611
v 0.95605588 -0.59111094 -0.33887041
v 1.09219038 -0.48360267 -0.27352446
v 0.76432759 -0.84555721 -0.20626615
v 0.79498160 -0.94004989 -0.05108017
v 0.77535492 -0.93034661 0.01371308
v 1.18858230 -0.63810098 0.03944702
v 1.19783437 -0.60959005 0.00477903
v 1.20948899 -0.60515273 0.07144835
v 1.19199443 -0.56406355 0.09859050
v 1.15851319 -0.66463542 0.00899546
v 1.20521772 -0.50710690 0.01954806
v 1.20716953 -0.48299381 -0.02305129
v 1.19233751 -0.44665965 -0.10989137
v 1.20303571 -0.46202508 -0.06595276
v 0.96650171 -0.82886314 -0.07534693
v 0.75812244 -0.92334831 -0.03000848
v 0.74903542 -0.90994537 -0.07595678
v 0.98297685 -0.73978007 -0.22410266
v 1.01922679 -0.71665418 -0.19683982
v 1.05303741 -0.69445169 -0.17032264
v 1.00468504 -0.74635279 -0.16707079
v 1.03906202 -0.72446156 -0.13852002
v 1.08528888 -0.67365968 -0.14330567
v 0.88807958 -0.69423294 -0.33568406
v 1.07052279 -0.79841411 0.09967680
v 1.05255461 -0.79469931 0.04362513
v 1.13738620 -0.66067004 -0.05286047
v 1.10485744 -0.68248832 -0.08169003
v 1.12775183 -0.62384188 -0.15080105
v 1.11677182 -0.65368950 -0.11531426
v 1.07217562 -0.70341575 -0.11020051
v 1.09227204 -0.71093369 -0.04945594
v 1.12566864 -0.68859422 -0.02046019
v 1.05890369 -0.73230946 -0.07824437
v 1.16349828 -0.69534647 0.10318842
v 1.18518448 -0.66520000 0.13994157
v 1.16576850 -0.62587857 0.16880475
v 1.20172477 -0.63552880 0.10780551
v 1.17721069 -0.66635275 0.07254719
v 0.96830493 -0.76855564 -0.19685878
v 0.95480222 -0.79656029 -0.16798617
v 0.97502190 -0.86319089 0.02095938
v 1.01990974 -0.81634367 0.01625352
v 0.98771250 -0.83610773 -0.01240489
v 0.99990886 -0.80895126 -0.04476200
v 1.04578769 -0.76059878 -0.04685238
v 1.03282607 -0.78859246 -0.01551795
v 1.01231384 -0.78145826 -0.07636078
v 1.08563459 -0.77174485 0.07085615
v 1.09966731 -0.74434555 0.04125823
v 1.06605768 -0.76702118 0.01292317
v 1.14627016 -0.69254529 0.04056583
v 0.97817057 -0.80234063 -0.10672353
v 1.07932150 -0.73907912 -0.01797378
v 1.11295712 -0.71648800 0.01084487
v 1.02536905 -0.75337362 -0.10745783
v 0.99092859 -0.77484047 -0.13727383
v -0.87879121 -0.30727401 0.94501382
v 0.82709354 -0.70645833 -0.31392026
v -0.85109288 -0.31418416 0.98129553
v -0.78574246 -0.31523803 0.98193789
v -1.07216823 -0.08257705 0.81729203
v 1.19930494 -0.53436565 0.06011072
v -0.44715482 0.05811179 -0.09152330
v -0.48324561 0.07680202 -0.04789196
v -0.47978938 0.07983306 -0.11835353
v -0.45032918 0.05439270 -0.02376078
v -0.43317622 0.06827284 -0.15979834
v -0.46009386 0.09760825 -0.18690743
v -0.55044812 0.12599240 -0.09696026
v -0.51175827 0.10559309 -0.14525469
v -0.51711893 0.09965084 -0.07221155
v -0.58009768 0.15187553 -0.04537204
v -0.54592580 0.12501185 -0.02305514
v 0.16361713 1.03372490 -0.18479879
v 0.14954218 1.08365881 -0.17066003
v 0.19350058 1.03641236 -0.14331754
v 0.16249117 1.13364589 -0.11291738
v 0.17873761 1.08544564 -0.12916155
v 0.13443917 1.13278782 -0.15445958
v 0.11721121 1.08235490 -0.20989652
v 0.10343988 1.13218260 -0.19396190
v 0.20755535 0.98687768 -0.15534927
v 0.20519251 1.08721554 -0.08511196
v 0.22022334 1.03964734 -0.09904496
v -0.67943436 0.62616032 0.50215787
v -0.70081657 0.58727568 0.45386398
v -0.64673960 0.58339202 0.51524043
v -0.65512484 0.66562372 0.54972440
v -0.71119589 0.67000097 0.48618209
v -0.62233055 0.62253815 0.56120938
v -0.66827482 0.54486954 0.46876848
v -0.61320537 0.54183185 0.52541870
v -0.71997797 0.54871738 0.40469739
v -0.02380159 1.43867934 0.32752657
v -0.06759861 1.43091691 0.36505729
v -0.00045233 1.41589868 0.36752355
v -0.04318248 1.40765071 0.40537983
v 0.02335658 1.38944447 0.40467516
v -0.06100491 1.37179720 0.48068351
v -0.01762544 1.38180876 0.44319445
v -0.08754891 1.39695048 0.44222432
v 0.04564852 1.35489500 0.43471807
v -0.11267798 1.41983175 0.40148494
v 0.90394008 0.54178429 -0.16623928
v 0.85998303 0.60796154 -0.18072365
v 0.94037938 0.57635903 -0.13993157
v 0.97870249 0.52107179 -0.10442151
v 0.94406945 0.48472166 -0.13081436
v 0.86848211 0.50880808 -0.19768687
v 0.94265079 0.41025031 -0.10574986
v 0.91119015 0.44906718 -0.16236056
v 0.97298467 0.44718093 -0.07664697
v 1.00522137 0.48414594 -0.05123030
v 0.93787730 0.67290276 -0.13811310
v 0.97848511 0.61206585 -0.11912321
v 0.89831239 0.63950330 -0.15697502
v 0.42278069 -0.13340122 -0.19852380
v 0.46672249 -0.08942199 -0.18132399
v 0.49296910 -0.17105812 -0.19332717
v 0.58441710 -0.17518297 -0.18080465
v 0.54907727 -0.20854551 -0.19672872
v 0.53100866 -0.13719550 -0.17726572
v 0.40127772 -0.06429699 -0.19811545
v 0.44650352 -0.03880480 -0.17986076
v 0.53290969 -0.07450879 -0.15325774
v 0.50217617 -0.03497419 -0.15319301
v -0.58486855 0.21056262 0.87506610
v -0.60892278 0.23199520 0.84875369
v -0.61836684 0.20147105 0.91525954
v -0.54978734 0.21654060 0.83284473
v -0.57307726 0.23718150 0.80410594
v -0.59942108 0.25187099 0.77372682
v -0.52897483 0.18948027 0.85634333
v -0.59649456 0.17310782 0.93521142
v -0.56328213 0.18265738 0.89706969
v -0.00014288 0.48034742 0.69718868
v -0.05461065 0.44418609 0.69547212
v 0.02006903 0.43807763 0.68083745
v 0.07512248 0.47373033 0.67473799
v 0.09599556 0.43302882 0.65915322
v -0.08663355 0.36578730 0.67886615
v -0.03428908 0.40166420 0.68150967
v -0.10668197 0.40836263 0.68850863
v 0.04110112 0.39693815 0.66644460
v -0.32815504 -0.23127106 0.69722682
v -0.29592460 -0.22939551 0.67433321
v -0.31794691 -0.18369088 0.73016405
v -0.35987735 -0.23206368 0.72104853
v -0.35096490 -0.18323910 0.75327206
v -0.27666879 -0.12951702 0.73493958
v -0.31198543 -0.13078374 0.75735497
v -0.28438658 -0.18220538 0.70718086
v -0.27273327 -0.07336870 0.75499445
v -0.31090027 -0.07434574 0.77570599
v -0.34684682 -0.07483515 0.79873943
v -0.34674829 -0.13025993 0.78000402
v -0.24957220 -0.17949113 0.68491298
v -0.26275760 -0.22646555 0.65175581
v 0.68145400 -0.85578072 -0.04211926
v 0.69225174 -0.86802089 0.00499856
v 0.64893174 -0.82600081 -0.02559935
v 0.64345938 -0.80900466 -0.07238917
v 0.67794019 -0.83749008 -0.08871751
v 0.71458709 -0.88416123 -0.05896847
v 0.60999382 -0.77950990 -0.05613948
v -0.49540335 0.41378856 -0.37053865
v -0.56407487 0.41969597 -0.33909529
v -0.50142157 0.46643063 -0.38999271
v -0.63586456 0.48005697 -0.32372171
v -0.56973517 0.47287250 -0.35809636
v -0.63025248 0.42628992 -0.30439991
v -0.57431459 0.52624714 -0.37705773
v -0.50633013 0.51963890 -0.40838850
v -0.43438101 0.45904925 -0.42442536
v -0.50989944 0.57341325 -0.42525542
v -0.04647098 -0.39128628 0.12231903
v -0.08362992 -0.38020119 0.14175585
v -0.06424196 -0.37363371 0.07727930
v -0.02535024 -0.38387886 0.05945551
v -0.02603199 -0.39808843 0.16976893
v -0.06208533 -0.38779452 0.18869524
v 0.01038815 -0.40836564 0.15247354
v -0.00888500 -0.40155789 0.10502680
v -0.00326661 -0.39542648 0.21763690
v -0.03855097 -0.38507077 0.23630661
v 0.02889255 -0.41136625 0.08908903
v -0.35980380 1.14028788 -0.37501884
v -0.30730504 1.13694072 -0.37935704
v -0.36165816 1.09145701 -0.39188236
v -0.30717218 1.18435419 -0.36167854
v -0.30819255 1.03923118 -0.41241318
v -0.36370832 1.04221940 -0.40893412
v -0.30770248 1.08847535 -0.39589483
v -0.41147929 1.14390790 -0.36574042
v -0.41467136 1.09486914 -0.38305211
v -0.25227726 1.03614831 -0.41092038
v -0.25349969 1.08528173 -0.39540178
v -0.62151259 0.80562294 -0.40124923
v -0.61130017 0.85830832 -0.39803529
v -0.56483084 0.79890788 -0.43191129
v -0.55633605 0.85212314 -0.42619449
v -0.50370681 0.79302084 -0.45469713
v -0.54747915 0.90393698 -0.41617626
v 0.14411682 0.98054433 -0.23541476
v 0.13050531 1.03188157 -0.22382669
v 0.17753990 0.98290682 -0.19663857
v -0.25360602 1.37673843 0.50204808
v -0.30276096 1.35480785 0.52846169
v -0.22919463 1.35136211 0.54232031
v -0.20558165 1.39357030 0.47091585
v -0.27661771 1.40258753 0.46132261
v -0.27938199 1.32764900 0.56794816
v -0.20307513 1.32406247 0.58035475
v -0.15379491 1.34368145 0.55006200
v -0.18044756 1.36990952 0.51178831
v -0.30672812 1.26984870 0.62550420
v -0.25422853 1.30009615 0.60645646
v -0.33081973 1.29841220 0.58738899
v 0.55060369 0.13126002 -0.09998028
v 0.51791775 0.13155484 -0.16981111
v 0.56481600 0.15093836 -0.12107818
v 0.50936437 0.10588224 -0.14747803
v 0.46596748 0.11199503 -0.19974752
v 0.54314041 0.10689946 -0.08665018
v 0.50875276 0.07659619 -0.13190125
v 0.57248384 0.13867608 -0.02201954
v 0.39203238 0.78462946 0.27201650
v 0.41973156 0.75322157 0.26685485
v 0.40562719 0.79781318 0.21930163
v 0.44915837 0.72419894 0.26463324
v 0.43711025 0.76834917 0.21521735
v 0.42600709 0.70273960 0.31052798
v 0.44606066 0.78104329 0.16314191
v 0.41086799 0.80735230 0.16573976
v 0.36757815 0.81864595 0.27865192
v 0.37849188 0.83032560 0.22490664
v 0.48613012 0.76028895 0.16362578
v 0.47003639 0.74371457 0.21556349
v -0.23306160 0.90527797 0.79018229
v -0.17940409 0.93648875 0.77015972
v -0.26160878 0.95529401 0.78585607
v -0.31940132 0.91918015 0.79220372
v -0.28904009 1.00525630 0.77819026
v -0.34878230 0.96721900 0.78075081
v -0.37698543 0.87792063 0.78265518
v -0.40668988 0.92551553 0.77123183
v -0.37619168 1.01326489 0.76329082
v -0.23231514 1.03804040 0.76292735
v -0.20660068 0.98688054 0.76731181
v -0.13739589 0.33142206 0.67545766
v -0.06564602 0.32386300 0.67235196
v -0.04302013 0.28144291 0.66667891
v 0.01065638 0.32026863 0.65950477
v -0.11845206 0.28979725 0.67614132
v -0.17210425 0.26100433 0.68073553
v -0.09750931 0.24490818 0.67691058
v -0.18799232 0.29955515 0.67159492
v -0.09822693 -0.00337663 0.67478752
v -0.14313923 -0.00264221 0.69943607
v -0.11014163 -0.06411338 0.66255754
v -0.19236849 -0.06601903 0.71205699
v -0.15109748 -0.06330541 0.68789029
v -0.18788929 -0.00659382 0.72294480
v -0.13770080 0.05797446 0.70360023
v -0.18671380 0.05153875 0.72624165
v -0.06943206 -0.06963229 0.63666165
v -0.08610071 -0.12580281 0.61720687
v -0.16288613 -0.12181270 0.66736245
v -0.12440543 -0.12215385 0.64228946
v 0.65927339 -0.72504020 0.23683645
v 0.63015091 -0.73805189 0.19929034
v 0.69169587 -0.75816000 0.22205563
v 0.66256070 -0.77044666 0.18432309
v 0.72456014 -0.79078805 0.20586585
v 0.60419804 -0.74593735 0.15817219
v 0.59786373 -0.70576918 0.21340883
v 0.72359228 -0.74069631 0.25530979
v 0.75650579 -0.77394676 0.23916233
v 0.89725357 0.83369732 0.35939598
v 0.85933471 0.87240732 0.33075815
v 0.86519605 0.80398643 0.34609681
v 0.79184926 0.87432635 0.26940605
v 0.82702959 0.84299695 0.31559181
v 0.82460451 0.90273118 0.28559563
v 0.79662979 0.81812751 0.29879797
v 0.83540255 0.77796948 0.33067673
v 0.86064589 0.93582082 0.29584771
v 0.82806575 0.95486176 0.24112147
v 0.79318821 0.92385960 0.22848205
v 0.89660126 0.90537632 0.33728093
v 0.96400529 -0.59281850 0.31474352
v 0.99170643 -0.55555654 0.29690033
v 0.93090093 -0.55852175 0.33135831
v 0.95848328 -0.52112794 0.31346148
v 0.98116136 -0.48501763 0.28758615
v 0.92552507 -0.48648372 0.33005944
v 0.89787775 -0.52408266 0.34814441
v 1.01504219 -0.51943016 0.27176607
v 0.93144637 -0.62962306 0.32125664
v 0.89836550 -0.59552038 0.33775973
v 0.96413314 -0.66340637 0.30391282
v 0.99699247 -0.62664080 0.29751113
v -0.20168482 0.28765616 -0.42495805
v -0.27165127 0.29424906 -0.40709949
v -0.21145804 0.33100152 -0.45912522
v -0.19201426 0.24598056 -0.39492476
v -0.26056778 0.25121111 -0.37812406
v -0.12391080 0.24189021 -0.40620130
v -0.13127185 0.28375527 -0.43436646
v -0.24951141 0.20911103 -0.35319817
v -0.13838564 0.32832456 -0.46515852
v -0.64207870 1.15844750 -0.25938064
v -0.60131580 1.15823007 -0.28795081
v -0.64929503 1.11062729 -0.27893454
v -0.59502566 1.20679700 -0.26557422
v -0.55103916 1.20418668 -0.29073745
v -0.55716163 1.15554368 -0.31254530
v -0.60829592 1.10932958 -0.30718046
v -0.63030416 1.25235724 -0.20877476
v -0.58831936 1.25358510 -0.23875956
v -0.63603461 1.20591414 -0.23596223
v -0.54446208 1.25160432 -0.26525092
v 0.31408024 0.99468827 0.14417508
v 0.30292481 1.03649151 0.15278609
v 0.31651488 0.98900235 0.19875790
v 0.32554781 0.95362329 0.13585782
v 0.32770509 0.94882190 0.19090873
v 0.32384491 0.94101202 0.24598406
v 0.30621815 1.03004861 0.20684762
v 0.29650405 1.07173848 0.21515870
v 0.30104178 1.02122712 0.26156387
v 0.29201132 1.07879317 0.16182005
v 0.31195453 0.98076069 0.25367939
v -0.55999875 0.25286165 0.72730297
v -0.49575347 0.23808494 0.71536505
v -0.51820177 0.24923122 0.68110156
v -0.53562266 0.23938623 0.75905210
v -0.51351678 0.21935172 0.78927410
v -0.62904930 0.25940868 0.74043155
v -0.58874273 0.25998610 0.69358587
v 0.71248031 -0.86575174 -0.10551710
v 0.72500277 -0.89678180 -0.01191786
v 0.71633339 -0.84351540 -0.15002309
v 0.67995059 -0.81509960 -0.13329501
v -0.43892533 0.51295853 -0.44063944
v -0.17295448 0.16512907 -0.34737277
v -0.10868837 0.16370770 -0.35742301
v -0.16268323 0.12989102 -0.32318056
v -0.09083647 0.10356796 -0.30090439
v -0.15109846 0.10095386 -0.29485738
v -0.10039656 0.13177325 -0.33002627
v -0.03975567 0.13318951 -0.33182031
v -0.11632687 0.20121682 -0.38185543
v -0.04645488 0.16457579 -0.36006206
v 0.11883149 1.18137348 -0.13648908
v 0.10136542 1.22850227 -0.11610948
v 0.14566904 1.18154013 -0.09520771
v 0.07298906 1.22865379 -0.15520523
v 0.15050712 1.22634876 -0.03341183
v 0.17006959 1.18077934 -0.05256908
v 0.12691833 1.22805262 -0.07530577
v 0.12954569 1.27055097 -0.01187845
v 0.10619395 1.27275956 -0.05272770
v 0.08165593 1.27394915 -0.09297501
v -0.70374382 1.27627778 -0.10678785
v -0.66502070 1.29073262 -0.14465125
v -0.70741403 1.23499787 -0.13727133
v -0.67414504 1.20182681 -0.20282818
v -0.67020053 1.24688995 -0.17508839
v -0.70958424 1.19374382 -0.16570158
v -0.73868877 1.25226998 -0.06531595
v -0.69580710 1.31514108 -0.07247643
v -0.65681130 1.33209383 -0.11088027
v -0.74217731 1.21473169 -0.09631257
v -0.52948344 0.22995131 0.40630028
v -0.50992566 0.26673383 0.44251597
v -0.54073799 0.26219845 0.38093579
v -0.51289034 0.24141511 0.46854872
v -0.56977439 0.18062490 0.40475494
v -0.54067540 0.21404791 0.43280756
v -0.54873657 0.18686186 0.37267378
v -0.54706919 0.20808309 0.33007300
v -0.54478300 0.13688023 0.27022350
v -0.55101502 0.09640126 0.27047807
v -0.55269217 0.14544386 0.31434515
v -0.56747532 0.09824252 0.29972884
v -0.57009906 0.14414990 0.34881896
v 0.01770864 1.44019079 0.28879821
v 0.03953756 1.41902888 0.32827479
v 0.05535071 1.43049812 0.25007749
v 0.07583328 1.41306508 0.28830579
v 0.06050569 1.39296627 0.36493373
v 0.63619184 0.25494477 -0.30512154
v 0.57662374 0.31117174 -0.35960484
v 0.67452282 0.28024650 -0.31070954
v 0.61548352 0.34454110 -0.36121178
v 0.66217792 0.37123227 -0.35042697
v 0.54705542 0.41763157 -0.37597060
v 0.60157377 0.45019901 -0.36042756
v 0.50781035 0.37530518 -0.38053882
v 0.71829689 0.24128535 -0.22933213
v 0.54531264 0.27396172 -0.34684193
v 0.71728361 0.30527040 -0.30461723
v 0.79502994 0.44894934 -0.26992106
v 0.83267331 0.47788757 -0.23347147
v 0.84153277 0.38514030 -0.23126997
v 0.87770683 0.41542941 -0.19745331
v 0.87741923 0.34336185 -0.16798382
v 0.80179358 0.35806513 -0.26348233
v 0.84035325 0.31456515 -0.19511949
v 0.82188851 0.57906955 -0.20731761
v 0.09475072 0.71742511 0.70836234
v 0.04399195 0.68612909 0.72775888
v 0.11847039 0.67240644 0.69557625
v 0.01375573 0.60557169 0.72643954
v 0.06762320 0.64060700 0.71467793
v -0.00943176 0.65207738 0.74127537
v 0.03519745 0.56040347 0.70978260
v 0.08913050 0.59550595 0.69840133
v 0.01755667 0.73187637 0.73763621
v -0.03497476 0.69831115 0.75361490
v -0.08864971 0.66235375 0.76378328
v 0.58062965 -0.46152911 -0.22998880
v 0.61958623 -0.49129304 -0.24374942
v 0.55948442 -0.50200558 -0.21585988
v 0.59733862 -0.53139651 -0.23029639
v 0.54178536 -0.54121363 -0.19460048
v 0.63547540 -0.56079054 -0.24354850
v 0.57890922 -0.57029843 -0.20886569
v 0.56295699 -0.39121249 -0.22636493
v 0.60430425 -0.42114869 -0.23851357
v 0.54053456 -0.43221304 -0.21731220
v 0.52097899 -0.47295019 -0.20194207
v 0.01661833 1.14788210 0.61247933
v 0.05665500 1.16150117 0.57184291
v -0.00678961 1.19556415 0.60416704
v 0.07083122 1.21783638 0.52190232
v 0.03336714 1.20759141 0.56343573
v 0.09380402 1.17326272 0.52925819
v 0.11695771 1.12935901 0.53362548
v 0.07984932 1.11566842 0.57663453
v 0.03979100 1.10015655 0.61726522
v -0.03035693 1.24246252 0.59162271
v 0.04891009 1.26265144 0.51066518
v 0.01057313 1.25355005 0.55149168
v -0.43767309 -0.27396896 0.73616821
v -0.47098160 -0.27454069 0.76652849
v -0.45641631 -0.30870494 0.69379056
v -0.45783538 -0.23175961 0.80445808
v -0.40578055 -0.27285460 0.70799470
v -0.42393887 -0.30696526 0.66615695
v -0.44647717 -0.33128491 0.62110347
v -0.51501030 -0.33136496 0.67685032
v -0.48026425 -0.33159116 0.64742601
v -0.49032444 -0.30853894 0.72348922
v -0.52508545 -0.30748114 0.75629759
v -0.50538933 -0.27443066 0.79876578
v 0.29603547 0.52182883 0.54980201
v 0.27584484 0.56045061 0.56649643
v 0.26149797 0.49237168 0.58371931
v 0.32505080 0.54922497 0.51099986
v 0.30516624 0.58760130 0.52715522
v 0.19789651 0.49992040 0.62672192
v 0.22009066 0.46121868 0.61079109
v 0.24042802 0.53107190 0.60023975
v 0.31837136 0.48470995 0.53424728
v 0.28463137 0.45555639 0.56811309
v 0.24462545 0.42478704 0.59570807
v 0.75151348 -0.75314522 -0.25681120
v 0.76768625 -0.71713018 -0.28279501
v -0.06625673 0.32857686 -0.45994866
v -0.06981993 0.38084644 -0.47547817
v -0.14314605 0.38002348 -0.48855007
v -0.07356282 0.43688262 -0.48243868
v -0.22320248 0.43899465 -0.50566632
v -0.14714034 0.43780494 -0.49842083
v -0.21892850 0.38043013 -0.49043196
v 0.00251506 0.32903302 -0.44872308
v -0.06207128 0.28219613 -0.43624794
v -0.00046584 0.38100672 -0.45844555
v 0.74424261 0.23080666 -0.13366593
v 0.78567976 0.24947262 -0.13499175
v 0.76018649 0.26278985 -0.22724800
v 0.82570714 0.27299091 -0.12697695
v 0.18463317 0.43114263 -0.39287603
v 0.12128554 0.43385741 -0.41332740
v 0.18514243 0.48585039 -0.38880265
v 0.24718283 0.37016693 -0.38043451
v 0.18214095 0.37850213 -0.39094132
v 0.25369421 0.42418548 -0.38127202
v 0.25757986 0.48115396 -0.37363881
v 0.11946557 0.48848295 -0.41136980
v 0.05666772 0.49048370 -0.43775350
v 0.11473343 0.54465640 -0.40617102
v 0.06018900 0.43479258 -0.43844563
v 0.18020019 0.54260242 -0.38084340
v -0.30441594 0.43517405 0.65808964
v -0.33923465 0.40169919 0.62736553
v -0.28133506 0.39059290 0.64867926
v -0.26404804 0.34651718 0.64735836
v -0.22037543 0.38100749 0.66692811
v -0.26492018 0.46959376 0.68823016
v -0.24130143 0.42488989 0.67463350
v -0.33129770 0.47887939 0.67109376
v -0.36622417 0.44488794 0.63716519
v -0.19761057 0.45949095 0.69852823
v -0.17551713 0.41584793 0.68634975
v 0.06745144 -0.42114612 0.07559121
v 0.05293451 -0.40460780 0.02964680
v 0.08502129 -0.42869344 0.12284304
v 0.04734220 -0.41886380 0.13650647
v 0.01343170 -0.39435413 0.04333277
v 0.12316893 -0.43963262 0.11107224
v 0.10684141 -0.43082747 0.06429207
v 0.10525171 -0.42924079 0.17015044
v 0.06864294 -0.41725776 0.18397911
v -0.04105017 0.56891286 0.73287523
v -0.09615858 0.53185576 0.73040122
v -0.02035461 0.52407694 0.71506375
v -0.06367257 0.61527789 0.74916852
v -0.11814918 0.57759607 0.74868536
v -0.12785749 0.45161706 0.70164758
v -0.07513104 0.48762119 0.71184337
v -0.14906859 0.49521658 0.71814311
v -0.17120843 0.54059178 0.73596460
v -0.22049029 0.50462699 0.71512377
v 0.86516559 -0.56137764 0.35414034
v 0.89657962 -0.66487217 0.31874907
v 0.86355001 -0.63096237 0.33536956
v 0.83044457 -0.59712362 0.35196552
v 0.86081415 -0.69787836 0.30880070
v 0.82782429 -0.66404390 0.32553166
v 0.52624434 -0.05533499 0.47260988
v 0.48813826 -0.02445897 0.48790592
v 0.50107920 -0.09305197 0.49307972
v 0.53917652 -0.12413758 0.47836542
v 0.51095688 -0.16349229 0.49070585
v 0.56437767 -0.08611059 0.45756727
v 0.42398822 -0.03153750 0.52076077
v 0.46266609 -0.06208074 0.50717646
v 0.44987541 0.00585654 0.50265408
v 0.39647400 -0.07145524 0.52973491
v 0.43507701 -0.10174543 0.51770902
v 0.47308356 -0.13258517 0.50434959
v -0.84478426 -0.02875158 0.49026692
v -0.83916223 -0.08370128 0.49338478
v -0.88376594 -0.02539229 0.53682899
v -0.82774436 -0.13578716 0.50398564
v -0.87782097 -0.08027196 0.54001343
v -0.80449998 0.02203459 0.45151901
v -0.80629158 -0.03396505 0.44693625
v -0.84314954 0.02713615 0.49582988
v -0.88114798 0.03006949 0.54390502
v -0.92269045 -0.02447000 0.58735341
v -0.86745775 0.91143465 0.05691032
v -0.86821264 0.87615478 0.00795391
v -0.87483090 0.86043024 0.08570540
v -0.85630453 0.96154261 0.02984445
v -0.85620075 0.92604530 -0.01678894
v -0.86388814 0.84276378 -0.04309933
v -0.85151607 0.89203620 -0.06497498
v -0.84095246 0.97469735 -0.03901450
v -0.83627075 0.93926191 -0.08393161
v -0.85309678 0.99757516 0.07521228
v -0.86290282 0.94716442 0.10552820
v -0.86819619 0.89620328 0.13607897
v 0.16847005 1.33307052 0.19103426
v 0.18512517 1.32106233 0.22903913
v 0.19395965 1.29477596 0.17079338
v 0.24189340 1.23522627 0.24785927
v 0.23359717 1.24618649 0.19955468
v 0.22067232 1.27206051 0.25667956
v 0.17368349 1.30160737 0.13067228
v 0.14835295 1.34112120 0.15332547
v 0.13976561 1.36793292 0.21672292
v 0.11962053 1.37726235 0.18075149
v 0.15498862 1.35433269 0.25109076
v 0.21646088 1.25431788 0.15480441
v 0.21114221 1.28497231 0.21218002
v -0.20162846 -0.12362584 0.69081300
v -0.23954536 -0.12721714 0.71363854
v -0.21355371 -0.17676362 0.66246629
v -0.23307531 -0.07048470 0.73407799
v -0.17698650 -0.17499387 0.63919240
v 0.76862061 -0.08327353 0.25518835
v 0.77098870 -0.05906549 0.20773317
v 0.73443067 -0.05142462 0.26830238
v 0.80132222 -0.11681661 0.24132293
v 0.80412650 -0.09181756 0.19491053
v 0.76009840 -0.11177608 0.29845050
v 0.69971669 -0.02085644 0.28139889
v 0.72621864 -0.07907477 0.31244043
v 0.70314181 0.00191122 0.23286073
v 0.73653793 -0.02832985 0.21990201
v -0.36685294 1.43282294 0.40739578
v -0.32179564 1.45024753 0.37828904
v -0.38872665 1.45231509 0.36458409
v -0.27642626 1.46341264 0.34625566
v -0.34524637 1.46804273 0.33503172
v -0.25264812 1.44255924 0.38857406
v -0.36959630 1.48112369 0.29072082
v -0.41124666 1.46564090 0.31983668
v -0.43104643 1.43105757 0.39065588
v -0.71723497 1.10951674 -0.21027903
v -0.74872804 1.10122716 -0.17065234
v -0.71234995 1.15157270 -0.19083746
v -0.68512821 1.10946918 -0.24641313
v -0.67907870 1.15605772 -0.22686665
v -0.74557161 1.13813782 -0.15128000
v -0.77969992 1.07265258 -0.13440199
v -0.77692062 1.10965979 -0.11429255
v 0.34159750 0.90990567 0.18351746
v 0.35940313 0.87278104 0.17644951
v 0.33948112 0.91403985 0.12841205
v 0.38207197 0.83822346 0.17031316
v 0.35751134 0.87662864 0.12137647
v 0.35624719 0.86537266 0.23144978
v 0.32861191 0.89203918 0.29304162
v 0.34650666 0.85457444 0.28572977
v 0.33827072 0.90241516 0.23850283
v 1.05281997 0.50276381 0.02987026
v 1.03973019 0.52183777 -0.02940933
v 1.08741271 0.54106963 0.04704879
v 1.05321705 0.50240189 0.08955075
v 1.01951587 0.46686858 0.00980157
v 1.07576203 0.56091112 -0.01144868
v 1.11371160 0.60005736 0.00322205
v 1.08608973 0.53850532 0.10589311
v 0.72876227 -0.68778241 -0.26741093
v 0.69076222 -0.65833914 -0.25217175
v 0.74823707 -0.64964092 -0.28690565
v 0.73360974 -0.58101690 -0.28478897
v 0.77075607 -0.61072218 -0.29951966
v 0.71075916 -0.62004304 -0.27166563
v 0.78669912 -0.67881000 -0.30143976
v 0.17679536 0.99814916 0.52815789
v 0.15828903 1.04149532 0.53254586
v 0.14461893 0.98133802 0.57473075
v 0.13857660 1.08544183 0.53491825
v 0.12327690 1.02506566 0.57703739
v 0.19664532 0.95600641 0.52317595
v 0.20594081 1.01340222 0.47946310
v 0.08482288 1.00687766 0.61860162
v 0.10880682 0.96267819 0.61815286
v 0.16803917 0.93919575 0.57195586
v 0.59128481 -0.36474773 0.44064918
v 0.62437665 -0.32773367 0.44417083
v 0.55629420 -0.33398572 0.45310771
v 0.55322373 -0.26522937 0.46809769
v 0.58911330 -0.29642490 0.45683223
v 0.58417737 -0.22617495 0.46360809
v 0.52089536 -0.30304435 0.46353060
v 0.65575427 -0.28943524 0.43882400
v 0.55769312 -0.39948741 0.42922968
v 0.52303618 -0.36886439 0.44030780
v -0.30463195 0.17168523 -0.31144136
v -0.23817669 0.16875693 -0.33075845
v -0.29008168 0.13313426 -0.28943926
v -0.21228565 0.09917644 -0.28289789
v -0.22595699 0.13147929 -0.30821747
v -0.38682747 0.21439901 -0.31338477
v -0.31761670 0.21256588 -0.33393866
v -0.37183726 0.17178236 -0.29067749
v -0.27426898 0.09820867 -0.26596451
v -0.35513449 0.13243456 -0.26813650
v -0.33665115 0.09695882 -0.24451925
v 0.49770999 -0.56334531 0.29951292
v 0.46501195 -0.53299689 0.31053147
v 0.46985584 -0.57891834 0.26211178
v 0.41212022 -0.56074953 0.23268004
v 0.44435799 -0.58995605 0.22153017
v 0.43726605 -0.54940367 0.27341020
v 0.47635090 -0.62015045 0.20990556
v 0.45383614 -0.62545741 0.16652894
v 0.38982189 -0.56697834 0.18923917
v 0.42203039 -0.59565997 0.17811623
v 0.40474534 -0.52055931 0.28382593
v 0.43240058 -0.50340784 0.32077274
v -0.70960563 0.92795479 0.56135803
v -0.68637437 0.88195729 0.58976650
v -0.66929317 0.96934295 0.60101843
v -0.65767151 0.83660483 0.61192167
v -0.64527059 0.92474735 0.62947005
v -0.59802824 0.96824622 0.66339093
v -0.62270606 1.01108718 0.63503569
v -0.68933350 1.01350832 0.56806844
v -0.74227178 0.88717031 0.51629257
v -0.71929902 0.84042990 0.54401034
v 1.11600626 -0.62255323 0.22002786
v 1.13469088 -0.58954513 0.18909331
v 1.09144032 -0.65711164 0.24448895
v -0.84635872 0.23417339 0.93081230
v -0.80330634 0.21161854 1.02205527
v -0.77125257 0.22034018 0.98257458
v -0.80640370 0.23165835 0.95640540
v 0.91073275 0.37611848 -0.13656734
v 0.67148852 -0.41241851 -0.25284266
v 0.63049334 -0.38155398 -0.24083589
v 0.70057100 -0.37524137 -0.24835254
v 0.77232713 -0.37166032 -0.24941285
v 0.74067473 -0.40652147 -0.26008648
v 0.73191333 -0.34039560 -0.23694088
v 0.65910912 -0.34377453 -0.23666205
v 0.68995625 -0.30861685 -0.22540627
v 0.76501113 -0.30780837 -0.22081332
v 0.42180616 -0.61694765 0.07464612
v 0.45458603 -0.64578331 0.06248328
v 0.43570971 -0.62442040 0.12096050
v 0.46784765 -0.65408361 0.10894920
v 0.49936312 -0.68479192 0.09622090
v 0.48601067 -0.65550637 0.15447798
v 0.44622743 -0.63113356 0.01657461
v 0.48641896 -0.67593956 0.04957256
v 0.47871965 -0.66059875 0.00346850
v -0.25446486 1.13390052 -0.37990963
v 1.01330066 -0.31532887 -0.14168946
v 0.98319280 -0.33007374 -0.17920409
v 0.97603065 -0.28298476 -0.12756644
v 1.00206459 -0.27651218 -0.08432688
v 1.03845966 -0.30944869 -0.09818925
v 1.04978049 -0.34780529 -0.15657531
v 1.05804539 -0.31193313 -0.05157191
v 1.02264261 -0.27802828 -0.03762834
v -0.23053785 1.47451591 0.31244260
v -0.18496923 1.48398244 0.27695900
v -0.25592947 1.49045730 0.26988685
v -0.20641385 1.45453024 0.35452151
v -0.16033918 1.46527827 0.31860906
v -0.30087459 1.48025751 0.30320001
v -0.28238225 1.49993432 0.22654788
v -0.32638299 1.49193704 0.25930658
v -0.21090899 1.49794960 0.23509815
v -0.16623305 1.50025642 0.19919932
v -0.23825087 1.50459504 0.19265208
v 0.72973919 0.69435662 0.26084563
v 0.77113205 0.64347923 0.27576834
v 0.75548673 0.71300328 0.27734339
v 0.69011992 0.73907411 0.23078783
v 0.71542764 0.75723279 0.24539232
v 0.79737806 0.66290259 0.29203507
v 0.78120303 0.73299229 0.29577184
v 0.83835679 0.61136162 0.28839183
v 0.81170237 0.59073317 0.27269977
v 0.86346591 0.63444781 0.30550057
v 0.82281202 0.68431377 0.31065696
v 0.67932928 0.22063760 -0.21893312
v 0.64401430 0.20200814 -0.19793151
v 0.60289890 0.22860450 -0.28747976
v 0.70315212 0.21478994 -0.12296467
v 0.75369436 0.24352090 -0.04162118
v 0.79570097 0.26089871 -0.04324698
v 0.10875149 0.55120909 0.68030584
v 0.05501432 0.51647621 0.69194704
v 0.12852520 0.50825250 0.66281587
v 0.95622563 -0.52887309 -0.32028431
v 1.02513945 -0.47265401 -0.28501767
v 0.99060535 -0.49988613 -0.30511004
v 0.95611900 -0.46680155 -0.28993064
v 0.92187750 -0.49690887 -0.30534428
v -0.07454583 1.11271536 0.68354803
v -0.02706558 1.13169324 0.65009671
v -0.09756824 1.16308689 0.67730379
v -0.14798574 1.14209545 0.70816720
v -0.12504718 1.09089792 0.71336120
v -0.05186222 1.06216371 0.68650556
v -0.00434360 1.08240664 0.65382016
v -0.05033097 1.18089116 0.64248669
v -0.12170653 1.21187544 0.66533583
v -0.07434565 1.22880721 0.62994653
v 0.49100143 -0.54990089 -0.15345530
v 0.52780825 -0.57826698 -0.16696398
v 0.48177099 -0.58396935 -0.12040593
v 0.47678310 -0.61392319 -0.08245571
v 0.44241220 -0.58548105 -0.06903087
v 0.51108557 -0.64280999 -0.09635176
v 0.51735991 -0.61250126 -0.13414459
v 0.54528177 -0.67198563 -0.11104529
v 0.55246741 -0.64151192 -0.14882000
v 0.56406939 -0.60715294 -0.18129228
v -0.45224476 0.23755063 0.67586750
v -0.43489248 0.22076786 0.71208209
v -0.40229493 0.24261819 0.64971465
v -0.47119915 0.24642904 0.63864946
v -0.47530764 0.21976095 0.74762970
v -0.54686671 0.25446475 0.64729762
v -0.50324357 0.24986103 0.60480690
v -0.45592570 0.26017499 0.56421334
v 0.88621497 -0.46565673 -0.29050434
v 0.85384262 -0.49936679 -0.30044591
v 0.92019290 -0.43503198 -0.27419817
v 0.88315678 -0.40321794 -0.25951391
v 0.84943926 -0.43459228 -0.27554250
v 0.81717998 -0.46872094 -0.28616786
v 0.78699058 -0.50474548 -0.29161811
v 0.85925782 -0.56469381 -0.31962001
v 0.82355112 -0.53489923 -0.30593997
v 0.88925558 -0.52952790 -0.31533760
v 0.69798189 -0.75775468 -0.21030889
v 0.71218175 -0.72398853 -0.24145935
v 0.73694867 -0.78675807 -0.22598045
v -0.13667585 1.44322777 0.36043996
v -0.09126972 1.45328963 0.32384232
v -0.18279691 1.43127799 0.39591080
v -0.11482754 1.47381902 0.28158796
v -0.13967645 1.48976731 0.23996723
v -0.76945329 0.76066792 0.44482309
v -0.79171109 0.80812466 0.41781986
v -0.78871185 0.72212696 0.39272100
v -0.76858252 0.84732664 0.46774238
v -0.76206321 0.67587650 0.41620070
v -0.80665904 0.68388867 0.33994579
v -0.78038096 0.63744116 0.36415568
v -0.81088752 0.76975799 0.36590576
v -0.80811989 0.85652673 0.38693357
v 0.54888451 -0.02015638 0.44529450
v 0.51151425 0.01003182 0.46157050
v 0.47440362 0.03986667 0.47846800
v 0.40766269 0.77479124 -0.06300099
v 0.44624567 0.75748044 -0.06771059
v 0.38752532 0.75636685 -0.12110619
v 0.40732342 0.70532107 -0.18770196
v 0.36384493 0.73013997 -0.18042327
v 0.42824692 0.73543537 -0.12758817
v 0.48662227 0.75184542 -0.07254638
v 0.47243237 0.72402525 -0.13526087
v 0.51622838 0.72504175 -0.13680436
v 0.45712155 0.68718159 -0.19784819
v 0.52477890 0.75534904 -0.07459553
v -0.55477840 0.04161611 0.25702593
v -0.55573303 -0.01050323 0.24911632
v -0.57871026 0.04966170 0.28509602
v -0.60628176 0.05320342 0.30994946
v -0.58946288 0.10358755 0.32874346
v -0.61601216 0.00060555 0.29819864
v -0.58499593 -0.00345227 0.27442822
v -0.53007585 0.02840303 0.22391850
v -0.52652955 -0.02045074 0.22123775
v -0.53299308 0.07733075 0.22796771
v 0.88976336 1.01697731 0.02845827
v 0.90995330 0.98466229 -0.02387582
v 0.85374916 0.98845637 0.01462969
v 0.94721538 1.01216531 -0.00772971
v 0.97808939 0.96562254 -0.05158649
v 0.90255481 0.90926981 -0.07713152
v 0.87234354 0.95493090 -0.03696097
v 0.94123334 0.93831789 -0.06556280
v 0.83416367 0.92521107 -0.04640259
v 0.81808078 0.95799088 0.00386094
v 0.08595040 0.83348978 0.69326454
v 0.11429865 0.79031813 0.68900341
v 0.12813896 0.85788846 0.65887725
v 0.16299367 0.87906849 0.61619282
v 0.13562189 0.92046416 0.61771840
v 0.09867043 0.89968395 0.65912801
v 0.06966235 0.94254935 0.65820485
v 0.19176134 0.89762402 0.56806105
v 0.18874674 0.83722818 0.61154175
v 0.15556610 0.81540787 0.65473115
v 0.21562195 0.85638726 0.56304085
v 1.19831812 0.71349144 0.15039766
v 1.18384445 0.66074854 0.14167634
v 1.21070218 0.71712303 0.09714272
v 1.15403497 0.61672902 0.13122118
v 1.15966177 0.62163746 0.07344414
v 1.19321084 0.77103233 0.10357312
v 1.21283901 0.72761482 0.04192312
v 1.20004356 0.77666056 0.05529022
v 1.19277906 0.66522980 0.08466209
v -0.30261207 1.30910563 -0.28613788
v -0.25828379 1.30340397 -0.29077971
v -0.30512714 1.27220654 -0.31638640
v -0.33928055 1.35048282 -0.24152519
v -0.29740721 1.34209514 -0.25202870
v -0.34724909 1.31521034 -0.27684104
v -0.35240066 1.27676773 -0.30857325
v -0.25708485 1.22596097 -0.34316081
v -0.30658239 1.23048782 -0.34191823
v -0.25789219 1.26753521 -0.31947666
v -0.20727848 1.22270167 -0.33931029
v -0.21043433 1.26407456 -0.31699282
v -0.19636221 0.58713561 0.75286990
v -0.17061420 0.67242026 0.77786142
v -0.22435249 0.63463569 0.76686788
v -0.14307061 0.62473774 0.76436150
v -0.24646081 0.55035615 0.73135877
v -0.25438339 0.68254566 0.77875990
v -0.11634456 0.70993543 0.77435720
v 0.25309941 -0.44063601 -0.05729465
v 0.21137279 -0.42437503 -0.04945564
v 0.25269070 -0.40868124 -0.09445284
v 0.21007735 -0.35635337 -0.12046437
v 0.25548485 -0.37201408 -0.12679510
v 0.20909622 -0.39279053 -0.08738865
v 0.30011100 -0.38990197 -0.13302658
v 0.16491228 -0.37969652 -0.08015864
v 0.16909035 -0.41058961 -0.04123911
v 0.21663083 -0.45067236 -0.00808467
v 0.17600611 -0.43635270 0.00067818
v 0.74539012 0.52497917 -0.27628249
v 0.78385282 0.55175185 -0.24062060
v 0.77688152 0.65142035 -0.19522651
v 0.73890841 0.62635636 -0.22237866
v 0.75370556 0.42284435 -0.30397230
v 0.58039725 -0.70069015 -0.12574433
v 0.58834857 -0.67019987 -0.16330360
v 0.60044360 -0.63618660 -0.19584624
v 0.61593825 -0.59959102 -0.22325410
v 1.05896211 -0.44780287 -0.25932437
v 1.02375531 -0.41528180 -0.24220766
v 0.99036050 -0.43922237 -0.26916397
v -0.26639146 -0.29691896 0.55400866
v -0.23345797 -0.29537144 0.53278315
v -0.24610882 -0.26426962 0.59323370
v -0.25706333 -0.31925359 0.49114305
v -0.32088739 -0.32287285 0.53249371
v -0.28924233 -0.32093707 0.51191974
v -0.29857743 -0.29927412 0.57522559
v -0.28254116 -0.33429554 0.44719511
v -0.31444979 -0.33484682 0.46746957
v -0.27904952 -0.26701811 0.61521739
v -0.34287214 -0.27135828 0.65931648
v -0.31127131 -0.26950869 0.63705617
v -0.00486675 1.45776737 0.24839865
v -0.04695323 1.45938003 0.28637314
v -0.00919932 1.12990808 -0.29627723
v -0.01848216 1.17869139 -0.27884787
v 0.03206758 1.13084686 -0.26562941
v -0.00021039 1.08024311 -0.31135696
v 0.04240324 1.08067274 -0.28055269
v -0.05360481 1.12953436 -0.32344508
v 0.08175182 1.08140182 -0.24682854
v 0.02089299 1.17989028 -0.24795140
v 0.06961624 1.13154435 -0.23142855
v 0.00841479 1.22751915 -0.22711866
v 0.05677269 1.18066859 -0.21344583
v -0.02825245 1.22631979 -0.25916326
v -0.46249747 1.47182310 0.22972779
v -0.50010854 1.45392740 0.25802645
v -0.43575293 1.47153449 0.27430326
v -0.47375935 1.45251989 0.30131423
v -0.45034522 1.47988474 0.15578289
v -0.49032336 1.46763813 0.18591104
v -0.42240554 1.48496437 0.20026571
v -0.39534080 1.48601985 0.24528465
v -0.22621341 1.37599468 -0.19954295
v -0.24775191 1.35855889 -0.22798206
v -0.26325059 1.39179409 -0.18104242
v -0.23900144 1.40769446 -0.14867432
v -0.32539338 1.38050079 -0.20312203
v -0.30443841 1.40412414 -0.16560493
v -0.28599155 1.37055802 -0.21563257
v -0.21482752 1.32682347 -0.26273674
v -0.25587285 1.33300185 -0.26049036
v -0.21760802 1.34843445 -0.23737861
v -0.21325372 1.29921377 -0.28989136
v -0.56021553 1.43134522 -0.02223983
v -0.51750213 1.43549454 -0.05348508
v -0.58259147 1.40783703 -0.06593160
v -0.60203379 1.42093766 0.01158370
v -0.53473389 1.44870007 0.02246845
v -0.53917390 1.41094875 -0.09730069
v -0.60094315 1.37785494 -0.10774399
v -0.62537163 1.39849889 -0.03176093
v -0.64377254 1.36899269 -0.07328038
v -0.47454923 1.43411779 -0.08171247
v -0.56820786 0.29570898 0.36625797
v -0.57410151 0.26050305 0.31410909
v -0.57813036 0.22866571 0.25909504
v -0.55397445 0.18807311 0.26827580
v -0.29883063 0.44255087 -0.49257070
v -0.29250354 0.38728338 -0.47112840
v -0.48974895 0.92678010 0.73396939
v -0.51763940 0.97017276 0.71261835
v -0.54020113 0.88148880 0.70603877
v -0.50979155 0.83625257 0.71999490
v -0.61701393 0.88028729 0.65265065
v -0.58608991 0.83611608 0.67026365
v -0.56960231 0.92530096 0.68660563
v -0.54437906 1.01175213 0.68733263
v 0.37249297 -0.50339389 -0.08360828
v 0.41004860 -0.52864349 -0.09439416
v 0.37128305 -0.53231919 -0.04518691
v 0.40811586 -0.58314097 -0.01514155
v 0.37342864 -0.55659306 -0.00352034
v 0.40714508 -0.55828917 -0.05656140
v 0.44639850 -0.55564535 -0.10685433
v 0.37752664 -0.46992603 -0.11764269
v 0.41633195 -0.49513426 -0.12816451
v 0.45423311 -0.52178824 -0.14013462
v -0.84545535 1.03423083 0.11925191
v -0.83897048 1.04724085 0.04474223
v -0.85378492 0.98361957 0.15227169
v -0.84148556 1.01099408 0.00328837
v -0.83379889 1.08459890 0.08564205
v -0.82171983 1.09625900 0.01344579
v -1.02505457 0.07193463 0.76827615
v -1.00997627 0.11751746 0.78793097
v -0.98698419 0.07733406 0.71512491
v -0.99640268 0.02532475 0.70281827
v -1.03473604 0.02166383 0.75728118
v -0.93084055 0.12889789 0.68331802
v -0.94824725 0.08151886 0.66157746
v -0.97042853 0.12411729 0.73568153
v 0.99438268 -0.76599658 0.26699290
v 0.95961684 -0.79942715 0.25636488
v 0.92447072 -0.82833624 0.23784333
v 0.89124000 -0.79511034 0.25704977
v 0.92668843 -0.76614749 0.27538285
v -0.76863974 0.79022574 -0.26716536
v -0.80029023 0.80993652 -0.21703456
v -0.75520104 0.83980572 -0.27499753
v -0.77076215 0.90542006 -0.23416580
v -0.74121785 0.88770354 -0.27909923
v -0.78608042 0.85867167 -0.22734104
v -0.80973679 0.88174736 -0.17941760
v -0.78027767 0.73924869 -0.25479567
v -0.74001598 0.72148597 -0.30364984
v -0.71737957 0.82411635 -0.32101250
v -0.72988081 0.77384043 -0.31492233
v 0.23689274 -0.48487523 0.08153739
v 0.27392557 -0.50400341 0.07201971
v 0.25178573 -0.49266127 0.12795863
v 0.26351225 -0.48893979 0.02671479
v 0.30096686 -0.50951195 0.01712140
v 0.32207614 -0.53658283 0.10822360
v 0.28758281 -0.51312900 0.11827673
v 0.30976790 -0.52600729 0.06207231
v 0.33766228 -0.54152036 0.15461648
v 0.30402717 -0.51699388 0.16459987
v 0.26963720 -0.49452022 0.17418419
v -0.18029906 1.49141645 0.08475260
v -0.13916267 1.47455812 0.05280122
v -0.20946680 1.48444879 0.04583162
v -0.25200963 1.49451554 0.07647743
v -0.15147229 1.49533153 0.12391903
v -0.11079682 1.47735023 0.09060333
v -0.19724734 1.46022356 -0.02131455
v -0.23855878 1.47472334 0.00717220
v -0.16802193 1.46908712 0.01554520
v 0.28605574 -0.19909495 -0.20508383
v 0.23192124 -0.18354791 -0.20292918
v 0.29226667 -0.15381140 -0.21254228
v 0.29289377 -0.10911891 -0.21808775
v 0.35444117 -0.12496182 -0.20975076
v 0.35056067 -0.17038339 -0.20842142
v 0.17840315 -0.16871974 -0.19949795
v 0.23497427 -0.13835034 -0.21392806
v 0.23463616 -0.09303924 -0.22320537
v 0.22593765 -0.22845855 -0.18933119
v 1.11904645 -0.41456333 -0.18692680
v 1.09039688 -0.42852858 -0.22581635
v -0.84644842 -0.31163910 0.90740120
v -0.84537029 -0.29749212 0.83109558
v -0.81346202 -0.31138024 0.86702985
v -0.87759608 -0.29695132 0.87373513
v -0.81614470 -0.31770185 0.94454312
v -0.78214771 -0.31810233 0.90504158
v -0.87766385 -0.27666131 0.79912180
v -0.91040200 -0.27708432 0.84487247
v -0.15094796 0.88710093 0.77114189
v -0.28977579 0.86954463 0.79768944
v -0.20407845 0.85560012 0.79092801
v -0.22982003 0.76987875 0.79561979
v -0.17469414 0.80646181 0.78820270
v -0.26007921 0.81943154 0.79866785
v -0.12158173 0.83891475 0.77060205
v -0.07039014 0.86835384 0.74806851
v 0.55393308 0.33740705 0.29801437
v 0.53256613 0.37731323 0.33096176
v 0.53063947 0.31983444 0.33830416
v 0.50634402 0.30114299 0.37936813
v 0.52907681 0.26646513 0.34563088
v 0.56520194 0.24593958 0.25896367
v 0.55018663 0.28254554 0.30107966
v 0.54850692 0.23250034 0.30815977
v 0.57028115 0.29700157 0.25727689
v 0.48042619 0.28129676 0.41903901
v 0.50565755 0.24857533 0.38805294
v 0.50695723 0.35702115 0.36905092
v -0.42247748 0.99589908 -0.41842628
v -0.47736764 0.99991453 -0.40492231
v -0.41828740 1.04550588 -0.40056443
v -0.46633267 1.09866035 -0.36986125
v -0.47148210 1.04926312 -0.38733214
v -0.36586910 0.99260020 -0.42667592
v -0.48416108 0.95030522 -0.42229730
v 0.51764470 -0.68663478 0.14192709
v 0.50831789 -0.65101349 0.19793011
v -0.54593575 -0.27769276 0.38488865
v -0.51190966 -0.27809879 0.36385807
v -0.52137518 -0.30711398 0.42010170
v -0.55622762 -0.30684558 0.44270125
v -0.52914166 -0.32847914 0.48280221
v -0.47904032 -0.27908334 0.34314448
v -0.48784721 -0.30729732 0.39909723
v -0.49467754 -0.32757077 0.46048808
v -0.53356725 -0.24197093 0.33402985
v -0.56827611 -0.24186024 0.35498056
v -0.43474460 0.97083974 0.75295651
v -0.33994025 1.09694946 0.74399662
v -0.40191823 1.05562270 0.73928493
v -0.31474322 1.05348313 0.76538080
v 0.33193874 0.84113491 0.33853915
v 0.31465322 0.82594824 0.39021212
v 0.33405370 0.78784382 0.38114041
v 0.35206664 0.80413496 0.33060229
v 0.37469155 0.76868927 0.32290423
v 0.31571716 0.77061045 0.43143982
v 0.31381124 0.87930536 0.34631354
v 0.27794105 0.84939241 0.45111728
v 0.29680645 0.80968523 0.44175953
v 0.29637372 0.86485434 0.39875787
v 0.31686407 0.35378730 -0.37657565
v 0.32919210 0.41003248 -0.37813532
v 0.30665165 0.30146700 -0.36536747
v 0.24161746 0.31908107 -0.37214881
v 0.38723159 0.32131103 -0.37285495
v 0.40585268 0.37472600 -0.38026506
v 0.43161976 0.43242806 -0.37543416
v 0.34238338 0.47046304 -0.36781484
v -0.49262232 1.45387256 -0.00849947
v -0.45000696 1.45340109 -0.03683971
v -0.03316887 -0.07103643 -0.17894821
v -0.08407542 -0.05953199 -0.16303362
v -0.04288906 -0.02784947 -0.19969548
v 0.01828498 -0.08346769 -0.19214047
v 0.01029669 -0.03958532 -0.21083261
v -0.10925947 0.01718313 -0.20854960
v -0.05475466 0.01030958 -0.22115968
v -0.09531236 -0.01846090 -0.18478744
v 0.00040640 0.00120133 -0.23117037
v -0.14709193 -0.01116672 -0.16738288
v -0.13397859 -0.04935765 -0.14339907
v -0.42287809 0.28628626 0.56110531
v -0.45311040 0.28544095 0.52661598
v -0.49922818 0.24777676 0.53597742
v -0.48387313 0.26474583 0.49999774
v -0.39102799 0.29597312 0.57827950
v -0.42456859 0.31191957 0.54690629
v -0.44470441 0.35154277 0.53921849
v -0.46746939 0.32291564 0.50928926
v -0.41355747 0.25899273 0.60532433
v 0.56051952 0.76757789 -0.06918900
v 0.56842840 0.78928256 -0.01500261
v 0.59242529 0.78414643 -0.06007247
v 0.59746718 0.80579317 -0.00870341
v 0.62192136 0.80316734 -0.04987347
v 0.63364917 0.83852506 0.04992148
v 0.62409604 0.82567668 -0.00053878
v 0.60795039 0.81880784 0.04126999
v 0.53614104 0.77639616 -0.01762201
v 0.58090061 0.80130231 0.03605214
v 0.17107950 -0.03442425 -0.23778112
v 0.23089115 -0.04781803 -0.23275416
v 0.17854257 -0.07742530 -0.22546853
v 0.12118912 -0.06455433 -0.22394623
v 0.12522781 -0.10922971 -0.20879991
v 0.17950898 -0.12317017 -0.21266086
v 0.12544081 -0.15533653 -0.19377778
v 0.28851974 -0.06535664 -0.22366123
v -0.21799688 0.02185304 -0.17701705
v -0.16362326 0.02097473 -0.19395776
v -0.19876440 -0.00626850 -0.14835073
v -0.18309303 -0.04107395 -0.12200211
v -0.12386166 0.04803471 -0.23534404
v 0.01842269 1.03379023 0.65511602
v 0.04284367 0.98692429 0.65640384
v -0.02831205 1.01260865 0.68828225
v -0.07743952 0.98973632 0.71836960
v -0.10190272 1.03980660 0.71610498
v 0.38001585 0.66777003 -0.24413280
v 0.43722695 0.64074200 -0.25742275
v 0.50432867 0.61413801 -0.27773869
v 0.50988090 0.67890579 -0.20713077
v -0.47966218 0.31111002 -0.33094800
v -0.41014671 0.30724177 -0.35801548
v -0.46893066 0.26179141 -0.31068581
v -0.39951479 0.25955477 -0.33595610
v -0.45555496 0.21497205 -0.28938615
v -0.32969326 0.25594771 -0.35794109
v -0.34082538 0.30128628 -0.38357675
v -0.48831302 0.36193192 -0.35084081
v -0.41937113 0.35636124 -0.38083351
v -0.84927297 0.23427960 0.85443538
v -0.81151551 0.24128895 0.88491428
v -0.81171924 0.24061054 0.80745703
v -0.77619630 0.24653128 0.84028286
v -0.74017823 0.24391325 0.87175518
v -0.73919255 0.25132856 0.79591274
v -0.77376956 0.23792222 0.91376358
v -0.62614667 0.79206955 0.62881631
v -0.59365016 0.74787420 0.64153075
v -0.65948850 0.74997997 0.58317643
v -0.61264175 0.24241921 0.57691050
v -0.57896507 0.25211564 0.61259300
v -0.57300794 0.23511404 0.53692824
v -0.62031031 0.25819731 0.65810722
v -0.53797793 0.24598481 0.57149541
v -0.65371305 0.24831647 0.62122893
v 0.09901109 1.31813753 0.41577953
v 0.12835792 1.32137561 0.37709403
v 0.07995617 1.35880339 0.39513111
v 0.11013572 1.35896432 0.35537940
v 0.06555668 1.31345332 0.45505416
v 0.11898334 1.27695453 0.42891684
v 0.14908966 1.28248835 0.38851431
v -0.54852384 0.31512815 -0.30143499
v -0.53743351 0.26475057 -0.28171915
v -0.55719334 0.36695209 -0.32040966
v 1.17420161 0.82316518 0.05207673
v 1.16542780 0.81930530 0.10252067
v 1.13457108 0.86312282 0.09763069
v 1.15216899 0.81647527 0.15403080
v 1.17596579 0.82227898 0.00011888
v 1.19724333 0.78482199 0.01374930
v 1.18026519 0.76830637 0.15396258
v 0.79452336 -0.42121550 0.38786206
v 0.76310050 -0.45903572 0.39601016
v 0.82893014 -0.45524338 0.37475932
v 0.85673153 -0.41763625 0.35753882
v 0.78786367 -0.34976014 0.38378200
v 0.75963861 -0.38758370 0.39970893
v 0.82276744 -0.38341436 0.37151107
v 0.83141297 -0.52713335 0.36895493
v 0.86354607 -0.48960283 0.36195296
v 0.79730064 -0.49289015 0.38249534
v -0.08862403 0.05848859 0.67969018
v -0.05452237 -0.01036131 0.64887935
v -0.13628100 0.11636867 0.70160979
v -0.18900011 0.10693042 0.72335660
v 0.28026134 1.04270267 0.04769576
v 0.29404604 0.99909544 0.03780507
v 0.26407304 1.04301822 -0.00341353
v 0.27824193 0.99771523 -0.01400283
v 0.24462664 1.04165184 -0.05253029
v 0.29148465 0.95304835 -0.02373318
v 0.30704179 0.95574617 0.02822010
v 0.28108990 1.08361554 0.10956559
v 0.29353362 1.04056466 0.09995891
v 0.26580644 1.08632982 0.05859570
v 0.30619025 0.99798489 0.09045278
v 0.24814378 1.08773053 0.00887740
v 0.22837581 1.08825684 -0.03927013
v 1.17228901 -0.42631379 -0.04960398
v 1.17626464 -0.44636896 -0.00475748
v 1.17584920 -0.46990153 0.03888425
v -0.65134227 1.36272943 0.27392763
v -0.62490207 1.39525843 0.23933324
v -0.68218815 1.34778988 0.23903528
v -0.70382929 1.30948317 0.27850491
v -0.71212476 1.33008838 0.20279501
v -0.73395205 1.28968716 0.24304825
v -0.65516144 1.38275647 0.20202428
v -0.68450147 1.36633778 0.16402762
v -0.59340125 1.42261600 0.20643592
v -0.44387424 0.07968827 0.86143893
v -0.47843659 0.07618961 0.89549458
v -0.43142116 0.03168178 0.86516213
v -0.42284620 0.12483096 0.81901693
v -0.45845824 0.12348995 0.85236174
v -0.40829837 0.08116344 0.83106208
v -0.39631796 0.03266463 0.83570689
v -0.35968184 0.03322412 0.80976796
v -0.37117726 0.08225557 0.80400229
v -0.48092008 0.07326002 0.01974085
v -0.50624734 0.09451890 0.06601562
v -0.51255298 0.09957178 -0.00135700
v -0.53626519 0.12435207 0.04749995
v -0.52658015 0.11631367 0.11451005
v -0.58583361 0.18029892 0.08165855
v -0.56863070 0.15277728 0.02818388
v -0.55449569 0.14923638 0.09864059
v -0.60235995 0.18176422 0.00826392
v -0.54209584 0.13841513 0.16447768
v -0.59885412 0.20741555 0.13631800
v -0.56817108 0.17422360 0.15125453
v 0.51579016 0.04456966 -0.12241288
v 0.47047150 0.04403841 -0.16272058
v 0.41573703 0.08927363 -0.21651231
v 0.46481794 0.07948492 -0.17763080
v 0.42022169 0.05074827 -0.19681342
v 0.53127080 0.01083738 -0.11923660
v 0.48276204 0.00576708 -0.15471663
v 0.43043578 0.00888997 -0.18412955
v 0.37568396 0.02353872 -0.21143787
v 0.38740867 -0.02015978 -0.20199509
v 0.32927567 0.00073829 -0.22367008
v 0.33987379 -0.04226309 -0.21568872
v 1.01984918 -0.36274984 -0.19394834
v 0.98758721 -0.38306400 -0.22593282
v 0.87893164 -0.34294584 -0.22407420
v 0.91283220 -0.31807134 -0.19736643
v 0.91702777 -0.37529668 -0.23769300
v 0.95064163 -0.35063580 -0.21102630
v 0.94578856 -0.29728970 -0.16555543
v 0.95420784 -0.40722647 -0.25290340
v 1.05582845 -0.39508405 -0.20998974
v 1.08525264 -0.38060680 -0.17194380
v 0.76020259 0.33131358 -0.28911692
v 0.70840722 0.39887285 -0.33122796
v 0.65369880 0.47771260 -0.33738029
v 0.70206201 0.50096262 -0.30957627
v -0.12051769 -0.36922994 0.16261196
v -0.10249764 -0.36180785 0.09734996
v -0.11857530 -0.33428678 0.05680522
v -0.07915121 -0.34672686 0.03586350
v -0.15729348 -0.32103041 0.07960986
v -0.14036630 -0.34922883 0.11917601
v 0.23124985 0.82586169 -0.22592075
v 0.21063840 0.87933898 -0.21580999
v 0.25932148 0.83579659 -0.18628518
v 0.26433769 0.89547169 -0.13099943
v 0.28360128 0.84865475 -0.14091800
v 0.23919944 0.88647926 -0.17507504
v 0.28192818 0.78485358 -0.20111336
v 0.30557251 0.80376863 -0.15364791
v 0.19271553 0.93150795 -0.20663075
v -0.50703144 1.46083355 0.06719711
v -0.46544474 1.46715701 0.03663386
v 0.62518030 0.82161045 0.09304766
v 0.59896308 0.80363274 0.08644665
v 0.55072349 0.78669906 0.03504685
v 0.65053070 0.84111953 0.10395823
v 0.64923757 0.81356275 0.14759207
v 0.56970853 0.78753710 0.08528982
v 0.62386155 0.79555130 0.13786858
v 0.59736192 0.77846909 0.13393274
v 1.05371964 0.93960166 -0.05435653
v 1.09427392 0.89083743 -0.05964749
v 1.01795042 0.91523039 -0.07476680
v 1.11429715 0.90635073 -0.01501025
v 1.14770341 0.86393130 -0.00958142
v 1.13184047 0.84222829 -0.05438352
v 1.05864871 0.86305439 -0.08348064
v 1.07836151 0.94891477 -0.01521483
v 1.14391136 0.86577785 0.04454467
v 1.11259377 0.90642667 0.03798690
v -0.65389550 -0.31803808 0.82324928
v -0.62042010 -0.32231084 0.78322351
v -0.62794495 -0.30082926 0.86565602
v -0.65932304 -0.30060139 0.90419966
v -0.57441628 -0.27325740 0.86840570
v -0.60705757 -0.27348873 0.90428770
v -0.59494948 -0.30288699 0.82762784
v -0.58578420 -0.32562640 0.74512762
v -0.61450213 -0.33589724 0.69790179
v -0.64955968 -0.32918814 0.73722833
v 0.18811563 1.13420963 -0.06946523
v 0.08923391 1.18116260 -0.17600740
v 0.36654854 0.06498763 -0.22712018
v 0.31077653 0.08374779 -0.25309277
v 0.36103004 0.10558380 -0.24871011
v 0.29820839 0.16550949 -0.29881042
v 0.35858393 0.14536843 -0.27449369
v 0.30260974 0.12410338 -0.27465916
v 0.41592050 0.12592307 -0.24197249
v -0.06861800 1.22482228 -0.28713292
v -0.06052001 1.17803073 -0.30686706
v -0.10530685 1.17826223 -0.32998914
v -0.11220399 1.22407699 -0.31079739
v -0.07766074 1.26895690 -0.26413506
v 0.21089335 1.13405311 -0.02421023
v 0.19215748 1.17916596 -0.00826822
v 0.23140280 1.13235903 0.02246855
v 0.25002241 1.13007331 0.07051507
v 0.23309474 1.17339265 0.08346922
v 0.21315697 1.17642283 0.03710179
v 0.21527171 1.21672690 0.09689616
v 0.19418120 1.22033620 0.05278204
v 0.93653232 -0.20461705 0.09647732
v 0.92935389 -0.18724608 0.04817399
v 0.90267229 -0.17030916 0.10890307
v 0.96401542 -0.22161794 0.03606100
v 0.91412896 -0.17783231 -0.00082310
v 0.94988930 -0.21151367 -0.01241454
v 0.89437544 -0.15376347 0.06002329
v 0.87839317 -0.14460772 0.01057829
v 0.86008078 -0.12020814 0.07177860
v 0.86923677 -0.13623902 0.12136007
v 0.17449722 -0.21414614 -0.18403171
v 0.12381372 -0.20099342 -0.17743282
v 0.88898784 -0.85360563 0.21467716
v 0.85607892 -0.82026029 0.23355061
v 0.85454935 -0.87330079 0.18515024
v -0.55387330 -0.19154969 0.93330288
v -0.52028883 -0.18750060 0.90025526
v -0.55184031 -0.14431852 0.95633394
v -0.58302248 -0.15203893 0.98862529
v -0.56100482 -0.23551974 0.90416318
v -0.52704316 -0.23377255 0.87014532
v -0.51824325 -0.13797665 0.92436534
v -0.55377346 -0.09574583 0.97397619
v -0.48377013 -0.13303271 0.89218253
v -0.48561770 -0.18457228 0.86751032
v -0.48610288 -0.08014458 0.91069502
v -0.52073920 -0.08693379 0.94216746
v -0.02891453 1.47008932 0.20745628
v -0.07058045 1.47703910 0.24446511
v 0.03277982 1.44299304 0.21099459
v 0.00810239 1.44929767 0.17163926
v 0.08900824 1.40835643 0.21347316
v 0.03315246 0.66171873 -0.41892487
v 0.09429415 0.65917051 -0.39058805
v 0.04323808 0.60469496 -0.42698318
v 0.10574444 0.60180306 -0.39890176
v 0.05122379 0.54734397 -0.43357009
v 0.16803145 0.59907025 -0.37175226
v 0.15291661 0.65711433 -0.36161268
v 0.02221084 0.71775281 -0.41068399
v 0.08154435 0.71562958 -0.38177079
v -0.02192820 0.60763699 -0.45262301
v 0.53157502 0.16851917 0.36459085
v 0.55658513 0.13991521 0.33453432
v 0.55028456 0.18581079 0.31971109
v 0.50625020 0.19828632 0.39596933
v 0.52895600 0.21661592 0.35431522
v 0.48100084 0.17735748 0.43262208
v 0.50999689 0.14833066 0.40449977
v 0.53873843 0.11981437 0.37730622
v -0.02116659 0.07172537 -0.27670932
v -0.07931863 0.07549486 -0.27185541
v -0.03133623 0.10292676 -0.30350345
v -0.13806909 0.07501489 -0.26495624
v -0.19747935 0.07202663 -0.25432110
v -0.18110599 0.04774098 -0.22352855
v -0.31634200 0.77967215 0.79072523
v -0.33779901 0.69101954 0.76576638
v -0.28534073 0.73091149 0.78698283
v -0.36911702 0.73875326 0.76867497
v -0.38482982 0.65054417 0.73466337
v -0.41716468 0.69667631 0.73810697
v -0.39976913 0.78684068 0.76650554
v 0.09422319 1.03085196 -0.26083314
v 0.10667174 0.97948837 -0.27182060
v 0.06505354 0.97910094 -0.30572760
v 0.05344851 1.03010452 -0.29411232
v 0.00914043 1.02998602 -0.32463682
v 0.50066805 0.76962399 -0.01494224
v 0.51614511 0.77797842 0.03973930
v 0.46240461 0.77196157 -0.00966525
v 0.53427809 0.77585638 0.09090522
v 0.49889147 0.77111125 0.11292271
v 0.47867543 0.77847195 0.04880872
v -0.13172182 0.93197787 -0.41875887
v -0.07523665 0.93039560 -0.39887828
v -0.12562263 0.88103998 -0.43091220
v -0.08258639 0.98084784 -0.38679457
v -0.03016282 0.97987509 -0.36371005
v -0.18574552 0.88308859 -0.44698113
v -0.18121134 0.83136809 -0.45899981
v -0.05834615 0.82753336 -0.42001271
v -0.11883099 0.82941210 -0.44208473
v -0.06726635 0.87935078 -0.40978181
v -0.01099799 0.87775528 -0.38477218
v -0.02094618 0.92911613 -0.37484330
v 0.57630539 0.21109059 0.21533079
v 0.56508398 0.19998163 0.26968127
v 0.58108330 0.25719467 0.20983720
v 0.58781385 0.21971607 0.15917404
v 0.60142452 0.26696134 0.16673559
v 0.58447319 0.17815010 0.17389320
v 0.58009821 0.16906725 0.23307875
v -0.29599857 -0.20915931 0.09290460
v -0.25911331 -0.22023964 0.06714565
v -0.28369552 -0.24901488 0.11922531
v -0.34180641 -0.15750921 0.09825096
v -0.30600768 -0.16755787 0.07103389
v -0.33131951 -0.19901803 0.11868136
v -0.26880747 -0.17852330 0.04409520
v -0.20969982 -0.27246085 0.06940764
v -0.24727418 -0.25996366 0.09447422
v -0.22109722 -0.23262891 0.04082294
v -0.35224783 -0.11645809 0.08068077
v -0.31579942 -0.12615150 0.05163231
v 0.07087254 -0.09637079 -0.20217864
v 0.06522369 -0.05172133 -0.21909042
v 0.05624542 -0.00971740 -0.23709546
v 0.22170563 0.68505299 0.61866772
v 0.20203325 0.72858000 0.63368690
v 0.18490829 0.65752923 0.65401459
v 0.23306400 0.75236768 0.59132373
v 0.14040107 0.74635065 0.68080717
v 0.16424102 0.70196259 0.66924053
v 0.18068293 0.77238655 0.64668137
v 0.21223038 0.79492974 0.60325974
v 0.59975421 0.19275410 0.03698714
v 0.59930503 0.17432496 -0.05631445
v 0.62901872 0.20797665 0.00386935
v 0.58622181 0.16735005 0.01838773
v 0.58550352 0.15126748 0.05928932
v 0.60402256 0.22672771 0.10662644
v 0.62667936 0.23399135 0.07156314
v 0.66790974 0.21969011 -0.01816787
v 0.66374058 0.24863172 0.05283587
v 0.66433799 0.20140851 -0.10392533
v 0.62910426 0.18834831 -0.08071901
v 0.61278194 0.18394005 -0.17216520
v 0.58571064 0.16777432 -0.14479713
v 1.10738337 0.58486629 0.17452005
v 1.12002909 0.57674438 0.11979558
v 1.13887954 0.62323940 0.18502291
v 1.16766310 0.66414064 0.19440567
v 1.14583755 0.67499369 0.24093786
v 1.07494104 0.54959220 0.16101816
v 1.12310219 0.58094740 0.06145954
v 0.32147965 0.91352284 0.01992111
v 0.33920938 0.87442112 0.01160969
v 0.35001194 0.87667489 0.06633151
v 0.33254707 0.91513038 0.07371000
v 0.25854999 0.99534798 -0.06409512
v 0.28683990 0.90342104 -0.08325641
v 0.27177978 0.94890070 -0.07401247
v 0.30611202 0.91001809 -0.03268926
v 0.68123859 0.84608817 -0.03046553
v 0.69032544 0.81447721 -0.07796101
v 0.65098339 0.82381368 -0.03965729
v 0.70872426 0.77263951 -0.12438722
v 0.65824127 0.79204416 -0.08879958
v 0.63982427 0.72807562 -0.15657134
v 0.62679005 0.77098739 -0.10149728
v 0.67445070 0.74949253 -0.13895972
v 0.73799837 0.71774220 -0.16510178
v -0.75119627 0.59241629 0.38569334
v -0.76705253 0.55436909 0.33313471
v -0.71221977 0.43432716 0.31735617
v -0.70157862 0.46994808 0.37045211
v -0.74746007 0.47419655 0.29954597
v -0.79617071 0.59937447 0.31069636
v -0.68703550 0.50676358 0.42104459
v -0.73556203 0.51101935 0.35326791
v 0.82506782 -0.72763872 0.29203933
v 0.79200894 -0.69385397 0.30857557
v 0.79469979 -0.62995088 0.34100986
v 0.75907248 -0.65943539 0.32302144
v 0.85819846 -0.76104903 0.27433902
v 0.89377695 -0.73162222 0.29154041
v 0.79006577 -0.75305855 0.26842147
v 0.75705808 -0.71945333 0.28470153
v 0.56238610 -0.62679553 0.27620831
v 0.59313166 -0.60784388 0.30960190
v 0.53012502 -0.59471035 0.28800160
v 0.52745467 -0.54400814 0.33346081
v 0.56038249 -0.57559073 0.32165462
v 0.62551993 -0.58508682 0.33892059
v -0.61616099 1.06053114 -0.32298148
v -0.57095557 1.05708575 -0.34830618
v -0.62597775 1.01235211 -0.33758700
v -0.66681600 1.01424778 -0.30618554
v -0.53865474 0.95446444 -0.40276229
v -0.59004009 0.95918322 -0.37843436
v -0.53027517 1.00401318 -0.38708919
v -0.57994896 1.00816107 -0.36439794
v -0.63708645 0.96399891 -0.34940004
v -0.52259201 1.05311060 -0.36987346
v 0.27194834 -0.16521823 0.51933467
v 0.30959982 -0.19170895 0.50799239
v 0.30039728 -0.12519839 0.53354681
v 0.20575577 -0.18053406 0.51093233
v 0.24356827 -0.20336941 0.49887735
v 0.23333317 -0.14093548 0.53016406
v 0.28047186 -0.22865295 0.48676407
v 0.25170335 -0.26367542 0.46073306
v 0.26092103 -0.09980255 0.54381293
v 0.19375202 -0.11880428 0.54101300
v -0.66129094 0.25879464 0.70477140
v 0.45200288 0.49028718 0.39146805
v 0.42467654 0.52636361 0.40421593
v 0.42522901 0.46562764 0.42904395
v 0.37345088 0.53790706 0.45571953
v 0.39834791 0.50137794 0.44267726
v 0.39910996 0.56266749 0.41590565
v 0.45180535 0.55130231 0.36763719
v 0.45316070 0.42995548 0.41321400
v 0.39801425 0.44060606 0.46723139
v -0.73388380 0.11871049 0.44755042
v -0.75351799 0.06993674 0.42557633
v -0.77530175 0.12556140 0.48784751
v -0.71283007 0.06330441 0.39119691
v -0.66815937 0.15529104 0.43765384
v -0.69356108 0.11268082 0.41129559
v -0.70838761 0.16181700 0.47490323
v -0.74983710 0.16810663 0.51657206
v -0.81524098 0.13001893 0.53317040
v -0.79092765 0.17285103 0.56188422
v -0.83372915 0.08137479 0.50992829
v -0.79393572 0.07607552 0.46572387
v -0.76458532 0.01586989 0.41254818
v -0.59104908 1.38177776 0.33761352
v -0.56700802 1.38704371 0.35949960
v -0.56545997 1.40821469 0.31118691
v -0.52569938 1.39346075 0.38943699
v -0.48895830 1.42127120 0.36986452
v -0.54069710 1.40701544 0.34798989
v -0.56740171 1.36918950 0.39135116
v -0.60699797 1.35211849 0.37350124
v -0.27521282 0.59707820 0.74568516
v -0.30619192 0.64393830 0.75767958
v -0.19997220 0.72083735 0.78811371
v -0.14555857 0.75789773 0.78270537
v 0.76886380 0.93410277 0.16443679
v 0.76080668 0.89660430 0.21208611
v 0.80295193 0.96358049 0.17732623
v 0.78610921 0.96153486 0.11241356
v 0.72018462 0.90531981 0.08728455
v 0.73607558 0.90721643 0.14912343
v 0.75242102 0.93264246 0.10055900
v 0.70587140 0.88259053 0.13281526
v 0.73051947 0.87261677 0.19400030
v 0.68979996 0.88022721 0.07349572
v 0.74491686 0.91994941 0.04002908
v 0.77908629 0.94921517 0.05065240
v 0.61911494 0.32276297 0.18865576
v 0.62665695 0.27681863 0.13527465
v 0.65091473 0.33505112 0.16834269
v 0.65955365 0.28906164 0.11549177
v 0.69891673 0.30080467 0.10436882
v 0.68679416 0.34719327 0.15655789
v 0.60544598 0.36927989 0.23219718
v 0.63606185 0.38333943 0.21072641
v 0.66949201 0.39702082 0.19772831
v 0.25953901 1.19603646 0.24002039
v 0.25198567 1.20543420 0.18954244
v 0.21708693 1.25626278 0.30317494
v 0.25429684 1.18398440 0.29201859
v 0.23704405 1.22164416 0.29838455
v 0.23530759 1.21213412 0.14213617
v -0.61478108 -0.11614504 1.03673089
v -0.61287147 -0.16018760 1.02020013
v -0.58461201 -0.10580063 1.00587285
v -0.58504713 -0.19699192 0.96679413
v -0.61523849 -0.20257023 0.99907172
v -0.64458245 -0.20835373 1.02994525
v -0.08272989 1.47827137 0.12878536
v -0.12321655 1.49454951 0.16349229
v -0.05504090 1.47596157 0.16760845
v -0.09579444 1.48905158 0.20366544
v -0.01813570 1.45204782 0.13301964
v 0.55314928 0.17746329 -0.22656496
v 0.50186324 0.20416936 -0.29292363
v 0.57549924 0.20249709 -0.25990593
v 0.52109736 0.23727576 -0.32361972
v 0.45729816 0.28166157 -0.35923094
v 0.44054627 0.23866901 -0.33471549
v 0.62023091 -0.25766155 0.45131344
v 0.61231261 -0.18718147 0.44922978
v 0.68379688 -0.25098315 0.42322597
v 0.70837361 -0.21349195 0.40020657
v 0.64848065 -0.21887675 0.43645760
v 0.63747591 -0.14922333 0.42751229
v 0.57606512 -0.15550292 0.46341234
v 0.60146534 -0.11738825 0.44239169
v 0.83835661 0.99389541 0.18616426
v 0.90347886 0.96930075 0.29245925
v 0.86798304 0.98747897 0.24562305
v 0.82038397 0.99077082 0.12262955
v 0.07670502 -0.35875383 -0.06417958
v 0.03367171 -0.34815612 -0.05307536
v 0.07335969 -0.32044074 -0.09752382
v 0.02902133 -0.30914637 -0.08591275
v -0.01480225 -0.29789093 -0.07151227
v 0.02675212 -0.26632878 -0.11322142
v 0.11826998 -0.33174852 -0.10658954
v 0.08346891 -0.39026913 -0.02469902
v 0.04167841 -0.38026801 -0.01387218
v 0.07231333 -0.27824023 -0.12550150
v 0.11881510 -0.28987017 -0.13470037
v -0.33001882 -0.30192789 0.59653020
v -0.37404025 -0.27271089 0.68296367
v -0.36106008 -0.30425248 0.61841977
v -0.38283467 -0.32772633 0.57452232
v -0.35190451 -0.32557419 0.55321521
v 0.86517096 -0.31214222 0.31535712
v 0.88062435 -0.27903399 0.28034270
v 0.83150887 -0.27788523 0.32941735
v 0.91387361 -0.31376866 0.26595247
v 0.84596962 -0.34698948 0.34624064
v 0.81165296 -0.31305316 0.35952038
v 0.79762357 -0.24403283 0.34328842
v 0.77751201 -0.27936843 0.37310487
v 0.84731901 -0.24460617 0.29455584
v 0.85946631 -0.21327311 0.25603920
v 0.81387120 -0.21058956 0.30865046
v 0.89217889 -0.24798366 0.24169141
v -0.62354589 -0.24158898 0.97231132
v -0.65286642 -0.24524096 1.00493407
v -0.63795036 -0.27538684 0.94045711
v -0.66857618 -0.27760628 0.97553450
v -0.59313577 -0.23813942 0.93842447
v 0.06781852 0.76224697 0.71616328
v 0.00938273 0.85063899 0.72319812
v -0.04035756 0.82253349 0.74751294
v 0.03918172 0.80651605 0.72122955
v 0.05597140 0.87629473 0.69378901
v 0.02635183 0.92004657 0.69285560
v -0.02080509 0.89531052 0.72235137
v -0.17581360 1.29288661 0.61521727
v -0.19953440 1.23519754 0.67513573
v -0.14802970 1.25627553 0.64503324
v -0.22741340 1.27055645 0.64342469
v -0.28098696 1.24032032 0.66298252
v 0.39036375 -0.09332547 -0.20228796
v 0.34786218 -0.08273482 -0.21189700
v 0.26955420 0.01846217 -0.24198906
v 0.28163627 -0.02200541 -0.23113982
v 0.22068097 -0.00671637 -0.24325584
v -0.44844192 0.74340677 0.73632568
v -0.47890788 0.79039192 0.72994232
v -0.52290326 0.74646449 0.69280982
v -0.55456859 0.79153156 0.68329483
v -0.46066648 0.88143003 0.75051677
v -0.43051600 0.83451569 0.76131737
v -0.34660268 0.82914889 0.78833950
v 0.07293885 -0.23342004 -0.14838664
v 0.02580546 -0.22122434 -0.13600324
v 0.07418093 -0.18794343 -0.16799237
v 0.02378670 -0.12916312 -0.17428423
v 0.07416645 -0.14207146 -0.18549083
v 0.02548857 -0.17526042 -0.15573908
v -0.02238876 -0.16233107 -0.14081581
v -0.02040515 -0.20875752 -0.12084420
v 0.12095807 -0.24591634 -0.15802445
v -0.26748306 1.46290398 -0.03099926
v -0.28095227 1.48437667 0.03604065
v -0.29486978 1.49797904 0.10773132
v -0.32368219 1.48917842 0.06556644
v -0.35235643 1.47806799 0.02337563
v -0.33787334 1.49733543 0.13898227
v -0.36643994 1.49001002 0.09551455
v -0.39495867 1.47971034 0.05194567
v 0.16991234 -0.25878713 -0.16523509
v 0.21375695 -0.31590554 -0.14810739
v 0.16607159 -0.30229357 -0.14195843
v 0.21924169 -0.27291372 -0.17154522
v 0.27771348 -0.24414024 -0.19323026
v 0.95158988 0.44358134 0.14886071
v 0.93264359 0.47812676 0.19682525
v 0.92455459 0.41516098 0.13507731
v 0.87591177 0.42815399 0.17304967
v 0.89417470 0.38939056 0.12272415
v 0.90573055 0.45198032 0.18374264
v 0.88028270 0.49376559 0.22358617
v 0.96367353 0.41526288 0.09334145
v 0.97683275 0.47385585 0.16432256
v 0.95768851 0.50627053 0.21176873
v 0.93535984 0.38547099 0.07611100
v 0.71028340 0.23078491 -0.03311211
v 0.70695984 0.26101950 0.04183325
v 0.75087219 0.27401018 0.03681067
v -0.23838218 0.04510555 -0.20778669
v -0.31709558 0.06647009 -0.21800105
v -0.25716829 0.06926464 -0.23826955
v 0.91025764 1.01732123 0.23094144
v 0.87673658 1.01976013 0.19054303
v 0.90833473 1.04409611 0.15891035
v 0.87985682 1.03346980 0.12573937
v 0.85378611 1.01629877 0.13131487
v 0.94085556 1.02978516 0.18482520
v -0.09958106 1.27369714 0.61113662
v -0.12646067 1.31219125 0.58390987
v -0.19348694 0.98418605 -0.41916239
v -0.13721393 0.98228431 -0.40554899
v -0.18976690 0.93409133 -0.43379414
v -0.24895619 0.93651462 -0.44312900
v -0.14211576 1.03197563 -0.39140677
v 0.41285688 -0.60291660 0.02889210
v 0.44226426 -0.61082351 -0.02758037
v 0.47575247 -0.63960564 -0.04080442
v 0.37925053 -0.57557714 0.04062912
v -0.37405068 1.35730886 0.51204306
v -0.32474196 1.38280809 0.48921788
v -0.39330566 1.38480413 0.47278011
v -0.41170537 1.41023266 0.43270165
v -0.34588867 1.40926349 0.44883835
v -0.29904920 1.42809415 0.42037383
v -0.37541270 0.73019016 -0.48535550
v -0.30728596 0.72809887 -0.49087960
v -0.37569660 0.67481577 -0.48679549
v -0.30826622 0.78269446 -0.48484969
v -0.23571943 0.67102695 -0.49413347
v -0.30600870 0.67266142 -0.49452329
v -0.23879881 0.72653651 -0.48952466
v -0.17113085 0.72456229 -0.47776490
v -0.24193434 0.78067219 -0.48092508
v -0.59507030 0.14574891 0.37775970
v -0.61969620 0.10370937 0.35357767
v -0.62979037 0.14889085 0.40590090
v -0.67441195 0.05859023 0.36037469
v -0.63849610 0.05531415 0.33400792
v -0.65512174 0.10732956 0.38019520
v -0.60063571 0.18256609 0.43538666
v -0.63832897 0.18943328 0.46873462
v 0.31844127 0.95596814 0.08150060
v 0.36085474 0.83867168 0.00441074
v 0.37171489 0.84183586 0.05973206
v 0.37959027 0.84212899 0.11514192
v 0.66393465 0.67186153 -0.20948561
v 0.70152241 0.69386673 -0.18587957
v 0.69937336 0.60288405 -0.25271195
v -0.77939004 0.51714444 0.27857032
v -0.42988646 -0.32827762 0.41894621
v -0.46173221 -0.32760039 0.43937710
v -0.45549500 -0.30799565 0.37874159
v -0.43466914 -0.33882484 0.48303348
v -0.46708941 -0.33975503 0.50420135
v -0.40318948 -0.33843407 0.46259463
v 0.90069258 0.58677232 0.28561354
v 0.87573564 0.56204844 0.26953322
v 0.90736508 0.51759392 0.23750582
v 0.95630151 0.57228279 0.26856369
v 0.92475247 0.61375147 0.30212617
v 0.93247676 0.54357123 0.25328979
v 0.84870088 0.54007852 0.25428316
v -0.56358355 1.10621536 -0.33117282
v -0.65706873 1.06271255 -0.29380232
v -0.67431682 -0.21317446 1.05896723
v -0.68125355 -0.24803939 1.03613043
v -0.69783568 -0.21602279 1.07626915
v -0.70942163 -0.24608287 1.06381512
v -0.69849467 -0.27940366 1.00999415
v -0.64233446 -0.16903439 1.05052996
v -0.54017222 -0.27379480 0.83321816
v -0.64484024 -0.33259574 0.65112573
v 0.26884437 1.14447069 0.28519529
v 0.28071958 1.10375404 0.27744991
v 0.27450725 1.15526330 0.23160969
v 0.28615916 1.11363196 0.22348043
v 0.29099232 1.06236362 0.26949498
v 0.26707214 1.16351974 0.17986968
v 0.05534681 1.35406637 0.00089671
v 0.02406465 1.38958812 0.03132798
v 0.07957634 1.35240209 0.03930190
v 0.03087502 1.35550964 -0.03726521
v -0.00121418 1.39037752 -0.00581193
v -0.02699619 1.39106572 -0.04201894
v -0.06222598 1.42288947 -0.01006213
v -0.00968929 1.42278159 0.06289142
v -0.03578343 1.42314339 0.02605887
v 0.08283861 1.31517267 -0.02724521
v 0.10648607 1.31298470 0.01224063
v -0.20245130 -0.34888032 0.27400586
v -0.16798232 -0.35720035 0.25228310
v -0.17621471 -0.35047588 0.31985602
v -0.21008633 -0.34552649 0.34090120
v -0.23662634 -0.34261391 0.29543936
v -0.22714345 -0.33610347 0.22964047
v -0.11601920 -0.34779111 0.34407490
v -0.14974105 -0.34212926 0.36499447
v -0.14212820 -0.35723826 0.29858786
v 0.98714507 1.03143799 0.01466195
v 1.01116061 0.98800635 -0.03364582
v 1.03843582 0.99082887 -0.00719400
v -0.82621133 1.05521548 0.24263258
v -0.84139138 1.01976788 0.19802949
v -0.82771063 1.00463653 0.28015280
v -0.84440857 0.96892655 0.23353441
v -0.82648665 0.95486951 0.31752777
v -0.80520797 0.99122238 0.36437434
v -0.80745226 1.03971756 0.32508773
v -0.78374755 1.07395685 0.36843792
v -0.84331119 0.91832530 0.26854834
v -0.83736253 0.86819410 0.30281237
v -0.63963044 1.34122896 0.34285593
v -0.62063897 1.37459362 0.30720845
v -0.67202628 1.32676423 0.31144390
v -0.39692360 0.48742235 0.64713877
v -0.32127768 0.55894154 0.71732050
v -0.36183810 0.52214396 0.68373525
v -0.29151034 0.51430738 0.70321882
v -0.39409298 0.56612128 0.69369233
v -0.43008196 0.52974927 0.65566063
v -0.01284871 0.36024284 0.66978806
v 0.06501542 0.35816887 0.65320843
v 0.11952418 0.39475304 0.64471382
v 0.14619899 0.35928053 0.63070536
v 0.03897186 0.28347728 0.64853370
v 0.09225000 0.32239389 0.64023727
v 0.11966297 0.28646708 -0.38946235
v 0.17708647 0.28229046 -0.37036794
v 0.12000025 0.24307442 -0.37222964
v 0.12078655 0.33259845 -0.40245241
v 0.17912471 0.32866326 -0.38322914
v 0.06390670 0.33107951 -0.42696291
v 0.12156900 0.38161838 -0.41038489
v 0.06436609 0.28440168 -0.41364312
v -0.28243351 0.33915168 -0.43886244
v -0.36098534 0.39756197 -0.43906230
v -0.35128301 0.34835270 -0.41125542
v 0.84286731 -0.11172622 0.02180132
v 0.82510453 -0.08798024 0.08337447
v 0.80629337 -0.08083171 0.03282143
v 0.78971630 -0.05712879 0.09441898
v 0.83489132 -0.10360980 0.13363267
v -0.38712555 -0.01964232 0.83365119
v -0.35133010 -0.01968065 0.80853266
v -0.41615617 -0.07443199 0.85060328
v -0.38172257 -0.07440865 0.82345003
v -0.42189294 -0.02010927 0.86212540
v -0.45688713 -0.02250475 0.89194763
v -0.46614772 0.02865185 0.89706725
v 0.39968300 0.73505127 0.31601840
v 0.06281193 0.38138655 -0.43523282
v -0.00372625 0.43580836 -0.46324748
v 0.00460541 0.28078756 -0.43274951
v 0.12060317 -0.36879489 -0.07228605
v 0.16404092 -0.34306219 -0.11385320
v 0.12614113 -0.40016475 -0.03330322
v -0.65183169 0.46732175 0.43372113
v -0.63400215 0.50421917 0.48030579
v -0.59915286 0.46524042 0.48929209
v -0.57944137 0.50111622 0.53325433
v -0.45680505 0.19508764 0.77701277
v -0.41823822 0.19624379 0.74459720
v -0.38999593 0.22358599 0.68823051
v 0.67230642 -0.03046528 -0.04363805
v 0.70721638 -0.02270004 0.00260895
v 0.70795071 -0.06053621 -0.05070975
v 0.77035701 -0.05038497 0.04306871
v 0.74242157 -0.05211863 -0.00585982
v 0.73498136 -0.02132258 0.05278820
v 0.67480457 0.00602299 0.01057370
v 0.70220345 0.00769326 0.06204423
v 0.64027387 -0.00122005 -0.03733951
v 0.63167363 -0.04240295 -0.08549301
v 0.66840398 -0.07384923 -0.09084986
v 0.44365704 -0.17271790 0.50641090
v 0.40605688 -0.14216223 0.51894045
v 0.41303992 -0.21212375 0.49955904
v 0.37646401 -0.18185529 0.51113355
v 0.33886850 -0.15277752 0.52284920
v 0.34655273 -0.21973634 0.49571127
v 0.38247931 -0.24937049 0.48360187
v 0.48077714 -0.20325986 0.49367070
v 0.44937432 -0.24219540 0.48744988
v 0.66045099 -0.42871860 0.41709417
v 0.69383937 -0.39225891 0.41955623
v 0.62599641 -0.39637664 0.42889196
v 0.65925097 -0.35968325 0.43186614
v 0.59207398 -0.43053529 0.41735503
v 0.69058204 -0.32162741 0.42555615
v -0.36819053 0.45040420 -0.46128392
v -0.42769957 0.40672302 -0.40370113
v -0.38062888 1.46527076 -0.01929712
v -0.33824259 1.45877361 -0.04480928
v -0.40739697 1.44982576 -0.06284551
v -0.42311388 1.46825624 0.00776552
v -0.30976224 1.47253227 -0.00424385
v -0.43730235 1.47810984 0.08131523
v -0.24463014 0.83372939 -0.47056454
v -0.24690934 0.88565290 -0.45780504
v -0.30872488 0.83628929 -0.47549421
v -0.71721333 -0.23727563 0.46276128
v -0.73701072 -0.19448155 0.43910599
v -0.67922974 -0.24046001 0.42985457
v -0.65610516 -0.27683643 0.45980364
v -0.73083156 -0.26838085 0.53154135
v -0.75434363 -0.23183915 0.50163668
v -0.69396234 -0.27405712 0.49266171
v -0.71455592 -0.15062845 0.38840982
v -0.69893795 -0.19801551 0.40611663
v -0.75247449 -0.14647081 0.42212570
v -0.66114140 -0.20003796 0.37748158
v -0.64124066 -0.24175939 0.40187383
v 1.15016079 -0.55756998 0.15533012
v 1.16166627 -0.52680039 0.11877958
v 1.11623538 -0.52232099 0.17281869
v 1.09406078 -0.45667115 0.15265867
v 1.08227611 -0.48752508 0.18970108
v 1.12840295 -0.49129155 0.13638248
v 1.10080004 -0.55460894 0.20660840
v 1.06730151 -0.51981795 0.22411087
v 1.17034352 -0.49715963 0.08006423
v -0.52632684 -0.03636992 0.95477653
v -0.49173260 -0.02794078 0.92353773
v -0.53499675 0.01252264 0.96169323
v -0.50085545 0.02222924 0.92953074
v -0.51260155 0.06924187 0.93008536
v -0.54657638 0.05864403 0.96300602
v -0.55945486 -0.04700884 0.98595965
v -0.56783068 0.00051856 0.99321103
v 0.76366585 -0.21057326 0.35723388
v 0.74297827 -0.24624804 0.38649392
v 0.38443446 -0.00261220 0.53189474
v 0.34453857 0.02477168 0.54347968
v 0.35710329 -0.04270911 0.54126841
v 0.30316794 0.05051285 0.55401081
v 0.31674725 -0.01570308 0.55114627
v 0.32886958 -0.08414656 0.54154795
v 0.24755190 -0.03315154 0.56042349
v 0.28886873 -0.05778062 0.55160272
v 0.27526408 0.00949174 0.55995554
v 0.22048101 -0.07632154 0.55356944
v -1.03683758 -0.08350241 0.75765431
v -1.02421033 -0.13365126 0.76765758
v -0.99979514 -0.02860117 0.69830686
v -0.99677914 -0.08206111 0.70032644
v -1.03994775 -0.03079990 0.75386894
v -0.60043252 0.27025139 -0.24410523
v -0.58455569 0.22218116 -0.22183533
v -0.52319479 0.21701929 -0.26042187
v -0.56402946 0.17823699 -0.19756322
v -0.61127734 0.19281265 -0.14859737
v -0.65493202 0.28134802 -0.19796644
v -0.63512391 0.23487344 -0.17383374
v -0.50531226 0.17278697 -0.23739447
v -0.17726450 -0.33617052 0.14219368
v -0.17084344 -0.28555015 0.04495800
v -0.13115118 -0.29903021 0.02129987
v -0.19521554 -0.30763939 0.10334381
v -0.23211481 -0.29527548 0.12741147
v -0.21364097 -0.32429835 0.16535437
v -0.15645544 -0.35692081 0.18495445
v -0.19222923 -0.34594557 0.20713669
v -0.29611748 1.44940186 -0.06907387
v -0.32341474 1.43337405 -0.10840227
v -0.36526495 1.44230807 -0.08641051
v -0.43164641 1.42947960 -0.10667185
v -0.34692174 1.41449881 -0.14899613
v -0.38908148 1.42303622 -0.12913211
v -0.25431114 1.43676007 -0.09288113
v -0.28105187 1.42235053 -0.12845616
v 0.26456368 1.09258640 0.33153814
v 0.27650696 1.05154634 0.32394871
v 0.28802890 1.01069665 0.31608492
v 0.63191617 0.03724970 0.31255031
v 0.59979439 0.06515612 0.33152920
v 0.62048298 0.01176745 0.35644859
v 0.66978014 0.03007324 0.24692689
v 0.63849705 0.05770375 0.26399645
v 0.66519690 0.00847620 0.29575378
v 0.60937548 0.08510846 0.28395265
v 0.61459291 0.10085256 0.23209612
v 0.69061214 -0.04812866 0.32558268
v 0.65510064 -0.01795259 0.33984792
v 0.64797825 0.44730979 0.22871448
v 0.56236452 0.45868468 0.29182908
v 0.58617824 0.41493455 0.26614961
v 0.59184200 0.47821009 0.26812053
v 0.62239790 0.49617982 0.25061512
v 0.61580390 0.43176645 0.24351956
v 0.59223753 -0.49339941 0.38750967
v 0.62623841 -0.46263930 0.40593877
v 0.55856305 -0.46137556 0.39832389
v 0.66028827 -0.49543783 0.39438444
v 0.69480115 -0.46173385 0.40532482
v 0.72904599 -0.49495348 0.39263505
v 0.62598377 -0.52544868 0.37519234
v 0.69418103 -0.52830267 0.38133454
v -0.51318288 0.32862672 0.46556008
v -0.52868968 0.29728261 0.42533463
v -0.48941559 0.29533988 0.47732300
v -0.09978662 1.45107365 0.02146381
v -0.05358833 1.39058173 -0.07677887
v -0.08949801 1.42129850 -0.04512341
v -0.66580427 0.27298066 0.10293468
v -0.65322495 0.24335229 0.04420230
v -0.63172030 0.23969553 0.12056717
v -0.61940157 0.21102412 0.06351690
v -0.63562572 0.21241926 -0.01308078
v -0.68589246 0.27745408 0.02345204
v -0.66752243 0.24712767 -0.03589217
v 0.79186624 -0.89889801 0.11488979
v 0.77951568 -0.43771371 -0.27259064
v 0.71104872 -0.44329557 -0.26513529
v 0.74952811 -0.47422722 -0.27764547
v 0.81145471 -0.40317103 -0.26186860
v 0.72170478 -0.51204491 -0.27755105
v 0.68353933 -0.48173264 -0.26395476
v 0.74271083 -0.90282655 0.03307487
v 0.76545054 -0.90332747 0.07516811
v 0.47473896 -0.33337662 -0.20787890
v 0.42794842 -0.30651847 -0.20233043
v 0.49632668 -0.29003754 -0.21074365
v 0.51979101 -0.36177400 -0.21600689
v 0.54325336 -0.32018378 -0.21856217
v 0.52013922 -0.24763533 -0.20696177
v 0.56964165 -0.28018805 -0.21421944
v 0.39513618 -0.23608103 -0.20394479
v 0.44671053 -0.26116505 -0.20647247
v 0.37949556 -0.28224191 -0.19836421
v 0.46846735 -0.21525681 -0.20341091
v -0.49071521 0.89911699 -0.43620872
v -0.43150967 0.89468610 -0.45107746
v -0.49736738 0.84668243 -0.44743121
v -0.43984562 0.78810179 -0.47063154
v -0.43601030 0.84208703 -0.46315473
v -0.44270009 0.73318058 -0.47327083
v -0.50859594 0.73819435 -0.45606673
v -0.37282175 0.83876681 -0.47234678
v -0.21259497 1.42061031 -0.11731999
v -0.18486090 1.43204021 -0.08426921
v -0.17294930 1.40076447 -0.14271609
v -0.22592841 1.44954073 -0.05783521
v -0.15667464 1.44124639 -0.04959442
v -0.11730851 1.41761470 -0.07885487
v -0.07543343 -0.10367161 -0.14246519
v -0.12340827 -0.09227198 -0.12194024
v -0.17026134 -0.08192542 -0.09942029
v -0.37173957 0.50646746 -0.47306967
v -0.37352556 0.56286997 -0.47932249
v -0.44204313 0.56770653 -0.45348501
v -0.37510431 0.61897457 -0.48479497
v -0.30254525 0.55951917 -0.49751484
v 0.23457143 0.99165249 -0.11115529
v -0.47283530 -0.34209362 0.57379985
v -0.50753027 -0.34176984 0.59932214
v -0.50089055 -0.34075168 0.52697861
v -0.53627926 -0.34164301 0.55195189
v -0.54303753 -0.34208843 0.62826622
v 0.87157536 0.33078089 0.04938854
v 0.86043453 0.36612797 0.11303040
v 0.83436304 0.30799454 0.04115961
v 0.87292147 0.30672288 -0.02693507
v 0.83558065 0.28188890 -0.03829153
v 0.90497345 0.35710043 0.06102453
v 0.84237677 0.40734291 0.16416605
v 0.93830377 0.36505321 0.00847630
v 0.90707612 0.33475506 -0.01096301
v -0.12796006 1.44755268 -0.01444033
v -0.71070349 1.34536469 0.12499930
v -0.76004207 1.26506472 0.20559041
v -0.73841929 1.30755556 0.16496465
v -0.78260475 1.23710322 0.16696335
v -0.76051980 1.28061020 0.12632301
v -0.65151227 1.39652014 0.12649336
v -0.73386288 1.32047534 0.08569826
v -0.50438309 0.01423883 0.18855974
v -0.49663699 -0.03186578 0.19097394
v -0.55242544 -0.06134844 0.24854140
v -0.52050936 -0.06874806 0.22306782
v -0.44716883 -0.28157178 0.32168418
v -0.41564196 -0.28527251 0.29954496
v -0.42393172 -0.30932465 0.35819668
v -0.39863998 -0.32887194 0.39873067
v -0.63689774 0.24715064 0.81888986
v -0.64342082 0.22422837 0.89014256
v -0.66802675 0.25620475 0.78616494
v -0.67262787 0.24087688 0.86149943
v -0.67772341 1.37728333 0.08569679
v -0.64143878 1.40271962 0.04775335
v -0.70054895 1.35308146 0.04519801
v -0.68238717 1.35016072 -0.03478228
v -0.71795779 1.32307446 0.00596195
v -0.66490304 1.38024509 0.00559044
v -0.61522430 1.42068684 0.09027242
v -0.26631635 1.50392330 0.15006185
v -0.22290473 1.50106931 0.11718159
v -0.19419380 1.50330210 0.15811844
v 0.10218419 1.07012415 0.57840931
v -0.00252493 0.96520770 0.69050968
v 0.86929780 -0.63034940 -0.33150661
v 0.84704220 -0.66804767 -0.32612830
v 0.89406872 -0.59382606 -0.33228207
v -0.87889904 0.72202921 0.08971122
v -0.87548673 0.75773489 0.14519003
v -0.88084853 0.77372718 0.06158289
v -0.87680113 0.82530665 0.03400634
v -0.87824166 0.80912888 0.11537323
v -0.87306315 0.79223037 -0.01957934
v -0.86584002 0.79417682 0.19890903
v -0.45093805 -0.07589760 0.88012528
v -0.88497901 0.21880777 0.82324773
v -0.91770846 0.19493452 0.79212022
v -0.92323428 0.21118423 0.87375307
v -0.98639590 0.15529639 0.81471670
v -0.95771223 0.18781859 0.84356940
v -0.94705278 0.16395509 0.76207155
v -0.88574320 0.22679169 0.90341383
v 0.26685566 1.12638915 0.11972572
v 0.28016883 1.12113285 0.17073123
v 0.28332150 0.23792800 0.56926042
v 0.32041532 0.21017009 0.55143046
v 0.32224596 0.26862684 0.55344743
v 0.39119989 0.26633644 0.51022887
v 0.35984057 0.29647696 0.53128082
v 0.35653561 0.23956008 0.53391021
v 0.32935405 0.32677424 0.54944730
v 0.42350411 0.29138312 0.48091090
v 0.39436430 0.32265759 0.50243258
v 0.36539066 0.35447353 0.52130544
v 0.37375784 0.79933465 -0.05709161
v 0.35418391 0.78427482 -0.11278041
v 0.42395866 0.78677559 -0.00573131
v 0.08519842 1.27015674 0.46995729
v 0.10620351 1.22699797 0.47999352
v 0.02840402 1.30686009 0.49510843
v -0.01169141 1.29827690 0.53498983
v -0.22939514 1.41816473 0.42986268
v 0.50748134 0.47706074 0.34155196
v 0.53462166 0.43793029 0.32201689
v 0.53562796 0.49991208 0.31066072
v 0.50745666 0.41608369 0.35643530
v 0.50757641 0.53889257 0.32395950
v 0.53623742 0.56224704 0.29589596
v 0.55853909 0.39675796 0.29582474
v 0.56467593 0.52170193 0.28486538
v -0.35308444 1.49552822 0.21460535
v -0.30981207 1.50141919 0.18270856
v -0.38056970 1.49308884 0.16992275
v 0.18595660 -0.45550123 0.04522756
v 0.22505507 -0.47099963 0.03587195
v 0.25658309 -0.46776411 -0.01672159
v 0.29590589 -0.48695108 -0.02556720
v 0.29421443 -0.45890030 -0.06513999
v 0.75330031 -0.31634983 0.39668888
v 0.72515094 -0.35433570 0.41255194
v 0.72840536 -0.42541018 0.40761146
v 0.49458414 -0.51287973 0.34428236
v 0.52597511 -0.48881498 0.37357005
v 0.46156132 -0.48274544 0.35465789
v 0.55923754 -0.52032018 0.36261192
v 0.59248412 -0.55228937 0.35080263
v 0.18894541 0.71344757 -0.32028639
v 0.13733818 0.71414530 -0.35130560
v 0.17089343 0.76895273 -0.30845517
v 0.06832787 0.77067077 -0.37326080
v 0.12171704 0.76934171 -0.34157199
v 0.10647938 0.82310224 -0.33298534
v 0.15327242 0.82261145 -0.29867560
v 0.21505892 0.76951551 -0.27475703
v 0.93374711 0.86647594 0.36515564
v 0.97145408 0.82251334 0.37742245
v 0.97488111 0.89992857 0.35347405
v 0.93866575 0.94023120 0.33035535
v 1.01088417 0.85573041 0.36495209
v 1.04593396 0.80972528 0.36533743
v 1.00582087 0.91757667 0.30586720
v 1.03817976 0.87598896 0.31708366
v 0.93542200 0.79022789 0.37319702
v 0.97252762 0.74532807 0.36651409
v 0.04207739 1.22823703 -0.19239058
v 0.02673590 0.09953032 -0.30257130
v 0.03632525 0.06539461 -0.27801931
v -0.01018267 0.03813632 -0.25289458
v 0.01920135 0.13177207 -0.32990116
v -0.06696016 0.04453415 -0.24529164
v 0.35654515 0.18244967 0.53261036
v 0.24351083 0.20434423 0.58009911
v 0.28353137 0.17764616 0.56367421
v 0.24909543 0.14110029 0.57225782
v 0.32284075 0.15046346 0.54727876
v 0.29096586 0.11489849 0.55806315
v 0.24584644 0.26593098 0.58602113
v 0.28827918 0.29760462 0.57131231
v 0.51722348 -0.23432317 0.48091090
v 0.54777867 -0.19482371 0.47667563
v 0.48527890 -0.27262041 0.47537750
v 0.21717887 1.21169055 0.34907311
v 0.19653611 1.24940383 0.35022238
v 0.19135906 1.20328629 0.39653024
v 0.21133319 1.16300035 0.39444181
v 0.23612450 1.17310894 0.34434032
v 0.13957463 1.23540246 0.43764579
v 0.16143009 1.19417799 0.44192082
v 0.16989326 1.24309254 0.39477524
v 0.18280706 1.15312374 0.44260448
v -0.55194986 0.16171949 0.21541014
v -0.65905279 0.15144725 1.00986660
v -0.62813276 0.16173077 0.97229058
v -0.68152362 0.18333948 0.99245065
v -0.63999563 0.11511010 1.02141428
v -0.70836276 0.20852612 0.96905571
v -0.74077678 0.20108820 1.00764513
v -0.65036166 0.19188607 0.95371175
v -0.71432316 0.17445093 1.03070617
v -0.67633253 0.21634001 0.93003702
v -0.39948374 1.28190720 -0.29603451
v -0.35559475 1.23412800 -0.33506966
v -0.40440488 1.23809135 -0.32326114
v -0.39200610 1.32238078 -0.26419520
v 0.64449930 -0.45139483 -0.25078094
v 0.61559623 -0.31222537 -0.22482963
v 0.58788884 -0.35078534 -0.22899379
v -0.87213832 0.67082787 0.11802380
v -0.86769879 0.70688617 0.17462637
v -0.85729736 0.74364179 0.22954158
v -0.87588710 0.68859565 0.03206448
v -0.87795424 0.74055421 0.00562985
v 0.11310108 -0.02178279 -0.23915477
v 0.04672048 0.02913007 -0.25666326
v 0.10389961 0.01905873 -0.25597304
v 0.16153830 0.00721058 -0.25157303
v 0.21551761 -0.47401455 0.13761833
v 0.23463601 -0.47394153 0.18372850
v 0.19934829 -0.46781018 0.09115593
v -0.39198232 -0.23157912 0.74618030
v -0.42450708 -0.23121184 0.77407050
v -0.41660750 -0.18252379 0.80676794
v -0.45073354 -0.18286648 0.83632541
v 1.02900624 -0.66005683 0.27870286
v 0.92941940 -0.69897497 0.30225122
v 0.99647760 -0.69695842 0.28648019
v -0.10874598 1.38376451 -0.14074238
v -0.14511192 1.41071570 -0.11146061
v -0.08103417 1.38826251 -0.10975610
v 1.00534356 -0.29687515 0.11568682
v 1.00111127 -0.32324865 0.15869811
v 1.03948164 -0.33159402 0.10144179
v 1.03997254 -0.30820623 0.05676088
v 0.97192341 -0.26162097 0.12970969
v 0.96737874 -0.28831211 0.17281854
v 1.07457411 -0.34262535 0.04238360
v 1.06003678 -0.42205724 0.16856666
v 1.06856000 -0.39299610 0.12873873
v 1.02658319 -0.38713047 0.18424924
v 1.03503180 -0.35804549 0.14411585
v 1.07372797 -0.36615899 0.08671032
v -0.51897115 1.45983100 0.14260246
v -0.55760711 1.44397926 0.17424408
v -0.52833587 1.45074403 0.21587853
v -0.54787153 1.45013726 0.09930268
v -0.58723027 1.43461907 0.13255952
v -0.47876543 1.47159040 0.11157307
v -0.40886563 1.48722482 0.12560570
v 0.68114829 0.86808169 0.01931763
v 0.65160984 0.84635842 0.00900286
v 0.71360296 0.87022710 -0.02189079
v 0.66071856 0.85861540 0.06081213
v 0.32392681 0.86881423 -0.04151410
v 0.34631193 0.83154726 -0.05015521
v 0.30552089 0.86005425 -0.09252106
v 0.32710618 0.81935799 -0.10281952
v 0.38906789 0.80879736 -0.00130756
v -0.10067677 1.12990355 -0.34616292
v -0.09516364 1.08061087 -0.36022872
v -0.03871451 1.03014028 -0.35100043
v -0.08920367 1.03084707 -0.37360829
v -0.04622844 1.08018172 -0.33800828
v 0.09386460 1.38952041 0.32416016
v -0.85343158 0.81254864 -0.09615789
v -0.84157407 0.86168444 -0.11543618
v -0.83685535 0.78467703 -0.14948048
v -0.82499462 0.83411026 -0.16645472
v -0.82560563 0.90871894 -0.13133381
v -0.64428771 1.05313265 0.60231495
v 0.99308223 -0.35212949 0.19931479
v 0.98126733 -0.38318095 0.23711871
v 1.04836297 -0.45289060 0.20598069
v 1.01471543 -0.41811332 0.22180258
v 0.96631718 -0.41587725 0.27218562
v 0.95946878 -0.31721357 0.21380436
v 0.94769788 -0.34835026 0.25184286
v 0.83267587 -0.60177076 -0.31887889
v 0.80828369 -0.63995409 -0.31362849
v 0.79605770 -0.57224751 -0.30534840
v 0.96125817 0.39367342 -0.03882490
v 0.98949724 0.43038470 -0.01336434
v -0.45297742 0.04404323 0.04072563
v -0.48049778 0.06152338 0.08388017
v -0.42095840 0.02850051 0.00017169
v -0.42982197 0.01059511 0.06079721
v -0.46026695 0.02500530 0.10030295
v -0.39668751 -0.00238246 0.02327603
v -0.57144362 0.74419951 -0.43083620
v -0.57560587 0.68904161 -0.42322862
v -0.51114011 0.68287259 -0.45033509
v 1.18828917 0.68052554 0.02702312
v 1.15263188 0.63902247 0.01486120
v 1.16509116 0.71058607 -0.02447353
v 1.18915725 0.75021374 -0.00724564
v 1.13420939 0.75761700 -0.06185226
v 1.09698844 0.72155273 -0.07450624
v -0.16979770 1.32965517 -0.24966352
v -0.16811334 1.30049694 -0.27883410
v -0.16424741 1.26470852 -0.30637330
v -0.11947341 1.26664388 -0.28831786
v 0.54473472 0.53254426 -0.33376110
v 0.60565662 0.55803716 -0.31024927
v -0.04518373 1.45294881 0.09535271
v 0.01625305 1.42189193 0.10027073
v -0.07219127 1.45279348 0.05809924
v 0.04901436 1.38840771 0.06895563
v 0.07335648 1.38644505 0.10676038
v 0.04161573 1.42002678 0.13818297
v 0.25128424 1.13319230 0.33854508
v 0.22816350 1.12234926 0.39060014
v 0.24283332 1.08115339 0.38449913
v 0.25612050 1.03985560 0.37718204
v 0.20526975 -0.00932670 0.56898260
v 0.15349746 -0.09788439 0.55253500
v 0.17899856 -0.05358669 0.56320047
v 0.13676827 -0.03106919 0.57591361
v 0.16188255 0.01487491 0.58025688
v 0.23293886 0.03445598 0.56954128
v 0.33187854 0.76386511 -0.16753115
v -0.09936646 -0.27237472 -0.03233662
v -0.05730933 -0.28535965 -0.05313505
v -0.09074008 -0.31233492 -0.00087346
v 0.00055174 -0.37004939 -0.00024508
v -0.03918982 -0.35824254 0.01707670
v -0.00842685 -0.33704677 -0.03849493
v -0.04977727 -0.32492158 -0.02084932
v -0.69240928 1.06382740 -0.26123863
v -0.72277784 1.07147157 -0.22373901
v -0.70182872 1.02094793 -0.27071273
v -0.68362641 0.76079452 -0.35984033
v -0.69171011 0.70765764 -0.34963781
v -0.69742996 0.65390259 -0.33600879
v -0.74684155 0.66843331 -0.28912950
v -0.63667047 0.69681716 -0.39033931
v -0.73898172 0.22693677 0.94234419
v 0.67690676 -0.07909852 0.36497080
v 0.71238726 -0.11084533 0.35113025
v 0.69462305 -0.14503357 0.38513735
v 0.64144284 -0.04777926 0.37997240
v 0.65913332 -0.11301461 0.39917240
v 0.60519564 -0.01768067 0.39573258
v -0.45854795 1.38324618 0.45226991
v -0.47317284 1.40475512 0.41167316
v -0.44330281 1.35683215 0.49070424
v -0.80703431 1.08938861 0.28574848
v -0.82191765 1.10626280 0.20475484
v -0.83529437 1.07081187 0.16230394
v -0.82584232 1.12152970 0.12629041
v -0.79646182 1.18931007 0.20682277
v -0.81330085 1.15656543 0.16663243
v -0.80408072 1.13962555 0.24623403
v -0.78462064 1.12198758 0.32768655
v -0.78239703 1.17078245 0.28676388
v 0.62455058 -0.09146479 -0.12541096
v 0.57766140 -0.11208326 -0.15427069
v 0.58542120 -0.05768219 -0.12189083
v 0.66741270 -0.12436837 -0.13160084
v 0.62509298 -0.14770168 -0.15894301
v 0.59996009 -0.01166135 -0.08078288
v 0.09367798 -0.41414520 0.01875898
v 0.16128144 -0.45292780 0.10082947
v 0.14645064 -0.44232437 0.05446774
v 0.13495690 -0.42441472 0.00960651
v 1.14246488 -0.43480906 0.05578697
v 1.14304650 -0.41126105 0.01176435
v 0.06711834 0.20169494 -0.37235987
v 0.00981867 0.19832924 -0.38621444
v 0.06514395 0.24053538 -0.39510906
v 0.12233387 0.20254302 -0.35163349
v 0.07036986 0.16526434 -0.34685433
v 0.01356550 0.16415632 -0.35813332
v -0.05195777 0.20022151 -0.38639921
v 0.00733672 0.23773581 -0.41148520
v -0.05723417 0.23976395 -0.41100323
v 0.13983250 0.62756127 0.67976648
v 0.15116915 0.04716909 -0.26752514
v 0.20985606 0.03371803 -0.25680047
v 0.86175561 0.88069928 -0.08645000
v 0.79664141 0.89479554 -0.05428764
v 0.78246784 0.92705739 -0.00519736
v 0.89794618 0.82654691 -0.11398380
v 0.93918753 0.85708272 -0.10391553
v 0.06630121 1.41636503 0.17607817
v 0.09697681 1.38310659 0.14402500
v -0.15404969 1.01499522 0.74297577
v -0.12789984 0.96455812 0.74558920
v -0.09971869 0.91561031 0.74734551
v -0.05024284 0.94153857 0.72064602
v -0.64167422 1.20522928 0.51024604
v -0.62856400 1.16925764 0.55147189
v -0.59027493 1.23539817 0.53057671
v -0.68627208 1.17385912 0.48267132
v -0.67552674 1.13465381 0.52475923
v -0.65043133 1.23906589 0.46731210
v -0.60156423 1.26632810 0.48982179
v -0.57535809 1.20205712 0.56976062
v -0.53487426 1.26662207 0.53835839
v -0.55690646 1.16694379 0.60651672
v -0.51823723 1.23447132 0.57542396
v -0.61267781 1.13170695 0.59114301
v 0.58230096 0.11231051 0.30737311
v 0.57063842 0.15627450 0.28656277
v 0.59159249 0.12801272 0.25694448
v 0.59557831 0.13968742 0.20136783
v 0.56847054 0.09224646 0.35288820
v -0.05433078 1.28743541 0.57395494
v -0.07954800 1.32713580 0.54908830
v -0.78772485 0.68694484 -0.23857863
v -0.79187042 0.63351327 -0.22022907
v -0.82073927 0.70860147 -0.18520479
v -0.82441610 0.60211635 -0.14353977
v -0.84844458 0.62815011 -0.08511110
v -0.82442087 0.65569818 -0.16506718
v -0.84499699 0.73344219 -0.12970604
v -0.84923524 0.68098968 -0.10828249
v -0.86693037 0.70950711 -0.05118194
v -0.68677253 0.00596249 0.34736997
v -0.64970404 0.00263897 0.32206354
v -0.72484714 0.01008320 0.37812573
v 0.35080343 0.57480681 0.46980375
v 0.37525749 0.59899282 0.42796361
v 0.34720802 0.51206160 0.49596208
v 0.37167454 0.47598761 0.48169225
v 0.33030713 0.61269301 0.48467410
v 0.35357451 0.63595331 0.44100723
v 0.40051264 0.62281090 0.38686138
v 0.37730920 0.65851021 0.39770907
v 0.42541963 0.58716810 0.37749168
v 0.55983269 0.69066119 -0.19415088
v 0.57305175 0.63133645 -0.25825286
v 0.45712835 0.57177508 -0.31538999
v 0.39989948 0.59320378 -0.30335772
v 0.55724949 0.73563236 -0.12886734
v 0.60282904 0.70780993 -0.17541368
v 1.10279024 -0.42742965 0.11325438
v 1.13710153 -0.46190771 0.09727310
v 0.72451162 -0.81732142 -0.19060434
v 0.76138794 -0.59596956 0.35562396
v 0.79686838 -0.56285512 0.36631840
v 0.76304567 -0.52867246 0.37952393
v 0.72784215 -0.56180441 0.36832219
v 0.69271743 -0.59201407 0.35069212
v -0.08110875 0.12213176 0.67912847
v -0.13948143 0.17222500 0.69620663
v -0.06975861 0.19037081 0.67340058
v -0.15477283 0.21939948 0.68930620
v -0.19733764 0.15678488 0.71454304
v -0.02926577 0.11080405 0.65760511
v -0.01283346 0.16765982 0.65501338
v -0.04065952 0.05044997 0.65538639
v 0.72606701 -0.62537694 0.33692491
v 1.00760186 0.77681172 0.37210846
v 1.07732391 0.76539457 0.35011351
v 1.06992567 0.83351111 0.31917089
v 1.10064292 0.79266453 0.31244305
v 1.00665081 0.70215368 0.34507453
v 1.03997958 0.73360693 0.35086071
v 0.29990405 0.97031546 0.30815363
v 0.31324476 0.93067193 0.30053607
v 0.15215783 1.30659902 0.09101875
v 0.17430565 1.26401114 0.07047426
v 0.12954177 1.31011713 0.05164203
v 0.10325072 1.35008848 0.07764540
v 0.15226595 1.26754916 0.02915855
v 0.17266008 1.22360218 0.00936306
v 0.19581455 1.25977373 0.11219805
v -0.28257900 1.13567698 0.74008888
v -0.25658852 1.08844268 0.75611532
v -0.36778802 1.13416731 0.71509743
v -0.30986637 1.17331040 0.71031207
v -0.35286272 0.60429168 0.72821015
v -0.46398222 0.57240927 0.66047508
v -0.73238230 0.63099730 0.43651143
v 0.05451988 1.27434886 -0.13131104
v 0.02515347 1.27397311 -0.16791235
v 0.00459979 1.31717157 -0.14024048
v -0.00634213 1.27310908 -0.20253362
v -0.90719903 0.16924259 0.71080154
v -0.87839514 0.20115849 0.74185115
v -0.86875021 0.17301622 0.65992916
v -0.89280909 0.13251449 0.63127548
v -0.51158899 0.05807216 0.18408047
v -0.47523582 -0.00039193 0.15181477
v -0.44446003 -0.01414168 0.11469595
v -0.46522766 -0.04363221 0.15926385
v -0.52295583 0.09942639 0.17573522
v -0.48727727 0.04096790 0.14182934
v -0.53668511 0.11968240 0.22307149
v -0.19980438 1.38956130 -0.17165466
v -0.36676860 1.38927186 -0.18888526
v -0.85807019 0.88171053 0.21865752
v -0.85783744 0.93252981 0.18541455
v 0.53396946 -0.64125800 0.23873703
v 0.50203186 -0.60962486 0.25054276
v 0.64563400 -0.81174076 0.08383354
v 0.62793291 -0.80711293 0.03770225
v 0.67814553 -0.84249890 0.06742838
v 0.65959930 -0.83829296 0.02160755
v 0.71018791 -0.87334192 0.05068052
v 0.73318243 -0.87285614 0.09380498
v 0.75988090 -0.86731148 0.13410884
v 0.70099503 -0.84140098 0.11107595
v 0.66878366 -0.80952227 0.12741235
v -0.01072044 0.77720892 0.74410737
v -0.06291217 0.74507570 0.76209515
v -0.81000733 1.16979361 0.08893273
v -0.81767225 1.13314986 0.05086084
v -0.80075020 1.14183843 -0.02077004
v -0.79666185 1.17872798 0.01429455
v -0.72000676 0.20307076 0.54929823
v -0.67844993 0.19700165 0.50681150
v -0.03969906 0.72028923 -0.43786049
v 0.01111615 0.77249014 -0.40265167
v -0.03052950 0.66454220 -0.44558191
v -0.11174026 0.77667451 -0.45197266
v -0.04906699 0.77458644 -0.42943615
v -0.10444070 0.72256583 -0.46048957
v -0.00014507 0.82573819 -0.39408487
v 0.39713830 0.38077000 0.48782271
v 0.42538714 0.34744781 0.46878082
v 0.42590934 0.40582561 0.45115066
v 0.36933106 0.41441122 0.50425369
v 0.34288019 0.44905812 0.51940346
v 0.33696288 0.38685572 0.53779638
v -0.35329258 1.32800186 0.54974520
v -0.36095375 1.23614359 0.63868207
v -0.38421226 1.26580954 0.60196108
v -0.40557271 1.29679787 0.56522363
v -0.45233446 1.40452468 -0.15014820
v -0.40921926 1.39783943 -0.17110430
v -0.46904653 1.37305844 -0.19092952
v -0.42520869 1.36667085 -0.21148480
v -0.48186260 1.33533990 -0.22763468
v 0.25917044 0.05936587 -0.25631565
v 0.31902352 0.04276906 -0.23607539
v 0.84783196 1.00816059 0.07242948
v 0.81372601 0.97928298 0.06126690
v -0.17807709 -0.26190773 0.54899448
v -0.21240814 -0.26228520 0.57111025
v -0.20023651 -0.29411390 0.51111138
v -0.12278472 -0.22361764 0.56038469
v -0.15812381 -0.22209916 0.58376843
v -0.14385575 -0.26296100 0.52663881
v -0.16656478 -0.29498759 0.48956811
v -0.08783093 -0.22697875 0.53751498
v -0.10972889 -0.26535586 0.50451529
v -0.19102286 -0.31942359 0.44942778
v -0.22430931 -0.31856361 0.47027487
v 0.45270342 0.61175925 0.34065974
v 0.42684209 0.64655066 0.34668851
v 0.40161222 0.68057609 0.35440984
v -0.42717326 0.61071062 0.69968015
v -0.45978296 0.65553522 0.70151740
v 0.69976264 0.01889750 0.18070431
v 0.73268193 -0.00995576 0.16863646
v 0.76695222 -0.03970924 0.15730125
v -0.03477979 1.33887470 0.51214176
v -0.61321723 0.18215841 -0.06878729
v -0.64372861 0.21743281 -0.09317376
v -0.58235556 0.15661615 -0.12245242
v -0.67104316 0.25732547 -0.11778857
v -0.85425043 0.13254048 0.58140719
v -0.83065927 0.17484471 0.60970664
v -0.90983665 0.08397235 0.60913485
v -0.87146091 0.08364244 0.55878758
v 0.70497930 0.81068361 0.21645676
v 0.74123645 0.77616954 0.26267999
v 0.73207003 0.82952166 0.23354036
v 0.67933857 0.79200983 0.20083122
v 0.76089042 0.85054111 0.25185579
v 0.76806319 0.79629016 0.28103334
v 0.80761087 0.75449586 0.31378189
v -0.39211148 -0.30602619 0.64150870
v 0.57815295 0.35394886 0.26169556
v -0.79802442 0.94313097 0.40169725
v -0.81969500 0.90554082 0.35325372
v -0.78613824 0.89512646 0.43646699
v 0.72377515 0.83928728 -0.06942846
v 0.75927901 0.86629331 -0.06196861
v 0.71268940 0.89205348 0.02978098
v 0.74728942 0.89756489 -0.01377249
v 0.74446619 0.79723930 -0.11267273
v 0.78219104 0.82363486 -0.10318922
v -0.27393639 -0.01588610 0.76484710
v -0.31372404 -0.01840588 0.78623986
v -0.23152785 -0.01188549 0.74485117
v 0.56494242 0.58513784 0.27273116
v 0.59430617 0.54235399 0.26505330
v 0.65441972 0.51247555 0.24046269
v 0.62450600 0.56140059 0.25222278
v 1.04844904 -0.55385029 0.25475580
v 1.02510071 -0.58961403 0.28001720
v 0.40994000 -0.18914023 -0.20426865
v 0.20326859 0.61401510 0.63617361
v 0.15913807 0.58345842 0.66211534
v 0.22109279 0.57176936 0.61767054
v 0.14929438 0.46730059 0.64613825
v 0.17237343 0.42873231 0.63095582
v 0.17802933 0.54075330 0.64394486
v -0.21692558 -0.33573982 0.40646470
v -0.24996726 -0.33475676 0.42696244
v -0.24373804 -0.34185013 0.36148164
v -0.30924344 -0.33901849 0.40205565
v -0.27680314 -0.34002414 0.38189119
v -0.18338896 -0.33821198 0.38584936
v -0.30349737 -0.33481887 0.33689848
v -0.27038330 -0.33788148 0.31627953
v 0.45879257 -0.42869624 0.39431024
v 0.42485619 -0.39981684 0.40380675
v 0.42841339 -0.45356736 0.36424908
v 0.39056855 -0.37210605 0.41396520
v 0.39478391 -0.42570236 0.37372655
v 0.45591635 -0.37112120 0.43018609
v 0.36596304 -0.44847623 0.34024590
v 0.39939088 -0.47522447 0.33060801
v 0.44807512 0.78754997 0.10919009
v 0.40972686 0.81269908 0.11081306
v 0.40090686 0.81252098 0.05484170
v -0.07907389 1.35129774 -0.17401169
v -0.05584529 1.31350780 -0.20581006
v -0.10862049 1.34548581 -0.20270191
v -0.13615528 1.37679756 -0.16938005
v -0.16383018 1.36773980 -0.19585355
v -0.08832426 1.30902588 -0.23545085
v -0.12515970 1.30440164 -0.25947410
v -0.13958876 1.33914053 -0.22731547
v -0.02503794 1.31570721 -0.17395113
v -0.04039116 1.27130818 -0.23491792
v 0.63868648 0.70519793 0.21721636
v 0.67607057 0.66089559 0.24077006
v 0.66460019 0.72181273 0.22086245
v 0.64868844 0.64441693 0.23928781
v 0.68456721 0.59464514 0.24465123
v 0.71434742 0.61013263 0.25041074
v 0.70325094 0.67729586 0.24878116
v 0.74337900 0.62615538 0.26151854
v 0.28693947 0.62723482 0.54400778
v 0.31172776 0.65155733 0.50031716
v 0.33377266 0.67387557 0.45475763
v 0.25172755 1.16923678 0.13080290
v -0.51173741 0.62771839 -0.44004613
v 0.05834027 1.31643188 -0.06644283
v 0.00513330 1.35611773 -0.07406874
v 0.19807707 0.39274138 0.61632025
v 0.03245153 -0.40612081 0.19991595
v 0.86317188 0.29977244 -0.11103453
v 0.80083370 0.28814214 -0.21501134
v 0.36482179 0.22695526 -0.33090311
v 0.42821640 0.19941105 -0.30422097
v 0.35994148 0.18539499 -0.30292392
v 0.41959161 0.16205701 -0.27247441
v 0.47353065 0.14269641 -0.22864302
v 0.48567861 0.17283441 -0.26065719
v -0.58053112 1.29886281 -0.20880212
v -0.62370324 1.29745579 -0.17864262
v -0.57047796 1.34157324 -0.17557929
v -0.52655530 1.33972764 -0.20357813
v -0.53646612 1.29680490 -0.23592480
v -0.61418307 1.33968639 -0.14496492
v 0.26907831 0.99883866 0.36942524
v 0.28288180 0.95831811 0.36172289
v -0.13326567 1.38478076 0.47804832
v -0.15867007 1.40743387 0.43698555
v -0.46110857 1.01349962 0.72925073
v -0.48647249 1.05350244 0.70151860
v -0.51122254 1.09218323 0.67202181
v 0.90375096 0.76031607 0.36081097
v 0.87504083 0.73295200 0.34509006
v 0.20931655 0.29545698 0.60202056
v 0.17629203 0.32641241 0.61655217
v 0.16268045 0.26063409 0.61172599
v 0.25666291 0.32747936 0.58697581
v 0.07488503 0.25174466 0.63571799
v 0.11798338 0.22349977 0.61981845
v 0.12496790 0.29069835 0.62685472
v 0.20285890 0.23187923 0.59589738
v 0.12619430 1.34644330 0.11551854
v -0.01437159 0.55013776 -0.45910925
v 0.24999906 0.10016833 -0.27430850
v 0.19075876 0.11438020 -0.29171425
v 0.24233602 0.14104626 -0.29491073
v 0.19973536 0.07405353 -0.27299678
v -0.74902457 -0.31759736 0.86399698
v -0.71881908 -0.31470522 0.90384865
v -0.72297210 -0.30270419 0.97860152
v -0.75177592 -0.31551531 0.94305915
v -0.69093865 -0.30162922 0.94151282
v -0.68612421 -0.31573120 0.86410695
v -0.71622640 -0.31918344 0.82187808
v -0.02202313 1.35584700 -0.10916372
v 0.03256778 1.31748509 -0.10438435
v -0.05012442 1.35433519 -0.14247580
v -0.24920030 -0.00247574 -0.12628277
v -0.29821926 0.00092342 -0.10057606
v -0.27223420 0.02146688 -0.15595733
v -0.35112333 0.04096916 -0.16254808
v -0.29551458 0.04213350 -0.18784235
v -0.32420969 0.02287678 -0.13047732
v -0.37225461 0.02818473 -0.09976734
v -0.34378284 0.00682485 -0.07083936
v -0.40313286 0.04600202 -0.13063230
v -0.09790334 -0.37800881 0.20919281
v -0.13316429 -0.36759272 0.23064822
v -0.10798572 -0.36667606 0.27747703
v -0.18244959 0.20449738 -0.37026024
v 0.29577154 -0.42620650 -0.10105787
v 0.33720547 -0.44702306 -0.10896908
v 0.34378248 -0.40994713 -0.13914089
v 0.77982295 -0.08148313 -0.01567450
v 0.81765038 -0.11197555 -0.02615719
v 0.74649256 -0.09024522 -0.05964141
v 0.78580582 -0.12067661 -0.06969787
v 0.85506356 -0.14370826 -0.03716381
v 0.82484734 -0.15194377 -0.08050250
v -0.26166743 -0.32917419 0.25151590
v -0.24930613 -0.31428257 0.18826351
v 0.82203776 0.85129106 -0.09491919
v 0.85693634 0.79634678 -0.12414317
v 0.62913680 0.75634682 0.18118031
v 0.65454781 0.77336109 0.18774292
v 0.59308136 0.14678019 0.13940012
v 0.61346465 0.11160052 0.17581484
v -0.69994533 0.59978020 -0.31871980
v -0.75020885 0.61480892 -0.27190369
v -0.75038445 0.56038570 -0.25255328
v -0.69910091 0.54546177 -0.30053759
v -0.63980687 0.53425479 -0.34198171
v -0.52862209 0.57647896 0.61849403
v -0.49700624 0.61593515 0.66060513
v -0.56195676 0.61912924 0.61449236
v -0.52948093 0.65985203 0.65770292
v -0.55590767 0.53827542 0.57597941
v -0.58941901 0.57993543 0.57008129
v -0.49167997 0.70083797 0.69918549
v -0.56176907 0.70367980 0.65154856
v -0.59467459 0.66230130 0.60718143
v 0.22648354 0.35916686 0.60204631
v -0.63050449 0.75145733 -0.39918768
v 0.02791879 0.21064407 0.64472222
v 0.07726013 0.18334270 0.62720376
v 0.59468079 -0.65920150 0.26375714
v 0.53988981 -0.68283474 0.18568653
v 0.62564743 -0.64082992 0.29738081
v 0.65816253 -0.67403495 0.28431159
v 0.56579685 -0.67348170 0.22650206
v 0.62685746 -0.69209969 0.25077498
v 0.57198167 -0.71432722 0.17235841
v -0.41735959 1.20105731 0.64586520
v -0.44049925 1.23345339 0.60955864
v -0.62253433 0.37319958 -0.28460598
v -0.61256516 0.32103321 -0.26454407
v -0.68115866 0.38346550 -0.24096791
v -0.66951227 0.33147395 -0.21997090
v -0.72938335 0.39939934 -0.18852003
v -0.71384382 0.34923762 -0.16529603
v -0.69580156 0.49092188 -0.28148264
v -0.69023037 0.43664318 -0.26172215
v -0.74020296 0.45187381 -0.21096297
v -0.41412675 -0.32976195 0.59701020
v -0.43974829 -0.34062639 0.55050373
v -0.40783006 -0.33970484 0.52873594
v -0.00818005 0.49254167 -0.46318358
v -0.25588423 1.18104172 -0.36250806
v 0.22326766 -0.29616234 0.43037969
v 0.25830919 -0.32048693 0.41755855
v 0.31666172 -0.25569060 0.47434735
v 0.28722727 -0.28938660 0.44809639
v 0.35195315 -0.28420076 0.46220213
v 0.32203415 -0.31641802 0.43567893
v 0.29279861 -0.34590891 0.40519574
v 0.26470134 -0.37226948 0.37090090
v 0.07621360 0.13011956 -0.32072508
v 0.18371531 0.15484038 -0.31235063
v 0.12643388 0.16339482 -0.32962209
v 0.17903417 0.19570366 -0.33325958
v 0.13302106 0.12474342 -0.30704254
v -0.97597867 -0.21822178 0.79932874
v -1.00399661 -0.17924899 0.78160667
v -0.53678840 0.23125805 0.50148791
v -0.60640287 0.21602538 0.50226760
v -0.56985581 0.20984563 0.46725321
v -0.51614994 1.37528443 0.42689997
v -0.56496459 1.34649742 0.42755604
v -0.50768358 1.35282111 0.46329111
v -0.61198759 1.32524061 0.40904090
v -0.60992515 1.29501402 0.44937587
v -0.54867685 1.29625309 0.50039142
v -0.49528950 1.32622051 0.50041831
v -0.55891329 1.32303715 0.46247298
v 0.93800437 -0.22687241 0.14307474
v 0.97075784 -0.23911032 0.08389209
v 0.99959368 -0.25539526 0.02353533
v 1.00545359 -0.27358851 0.07061417
v 0.93400818 -0.25331041 0.18680295
v 0.90386701 -0.19283387 0.15575516
v 0.90020204 -0.21894500 0.20024966
v 0.62267572 0.65060890 -0.23451401
v -0.42735910 1.09412742 0.71022755
v -0.45223218 1.13068020 0.67878431
v -0.72510195 -0.09923175 0.37698889
v -0.76289541 -0.09453565 0.41171020
v -0.80119926 -0.08898196 0.45011246
v -0.72838330 -0.04505509 0.37414259
v -0.76712149 -0.03989261 0.40851182
v -0.39878076 0.33878699 0.56959379
v -0.35578805 0.32499933 0.59769678
v -0.35538554 0.28382033 0.61370587
v -0.20179306 1.13177145 -0.37534374
v -0.15012169 1.13043201 -0.36369938
v -0.19933440 1.08299053 -0.38960218
v -0.20436673 1.17832601 -0.35811353
v -0.15367532 1.17748380 -0.34711134
v -0.15867858 1.22280407 -0.32860023
v -0.61835855 -0.27810457 0.43148160
v -0.60404480 -0.24187854 0.37741983
v -0.58149678 -0.27820483 0.40695047
v -0.75274026 1.07443821 -0.18060856
v -0.49850887 1.20071328 0.61129540
v -0.47607684 1.16616559 0.64593691
v -0.33572507 1.20546520 0.67618066
v -0.46118730 1.26580596 0.57353276
v 0.35706347 -0.53999722 0.19996375
v 0.32411951 -0.51416540 0.20976129
v 0.37069148 -0.56785715 0.14396368
v 0.37962860 -0.53272831 0.24323316
v 0.91380227 0.68673837 0.33950102
v 0.94955230 0.64227641 0.31799158
v 0.94157684 0.71511126 0.35504749
v 0.84843290 0.70757526 0.32817701
v 0.88827407 0.65952051 0.32361913
v 0.08071255 -0.38145366 0.29233024
v 0.04579756 -0.36838862 0.30970919
v 0.05596366 -0.39680001 0.24682619
v 0.10647193 -0.36072591 0.33528158
v 0.07148846 -0.34625968 0.35215545
v 0.01119737 -0.35673258 0.32801592
v 0.03674149 -0.33327267 0.36977923
v 0.09768672 -0.31901333 0.39112544
v 0.06250091 -0.30515590 0.40803367
v -0.61006004 0.03253724 1.02859294
v -0.62405628 0.07511328 1.02721930
v -0.64120585 0.01895182 1.06241667
v -0.57884002 0.04589136 0.99568331
v -0.59904414 -0.01244941 1.02514207
v -0.62916899 -0.02585360 1.05778372
v 0.43752015 0.78999555 0.05168152
v 0.06226002 1.05295086 0.61878610
v -0.63024014 -0.30640838 0.49532717
v -0.70441073 -0.29829529 0.56688416
v -0.66775477 -0.30372861 0.52836204
v -0.63909221 -0.32508674 0.56900471
v -0.67543876 -0.32002631 0.60696530
v -0.59268719 -0.30665037 0.46743470
v -0.43931490 0.17135221 -0.26698500
v 0.29691726 0.75219244 0.48149610
v 0.33500412 0.73226428 0.42023525
v -0.64631087 0.22440062 0.54115653
v -0.68749887 0.23004660 0.58449930
v -0.69503689 0.25034782 0.66769689
v -0.72895968 0.23300543 0.63077736
v 0.92616785 1.04236686 0.04589956
v 1.02004218 1.00964832 0.04508129
v 1.00159121 1.01483035 0.09646034
v 0.96848291 1.05038249 0.07083748
v 0.91473663 1.04969132 0.10465999
v 0.88097233 1.03322041 0.08615147
v 0.68954194 0.03028375 0.12653202
v 0.66852665 0.04664569 0.19437833
v 0.72145867 0.00234562 0.11544209
v -0.42038667 0.13179019 -0.24328442
v -0.15103695 0.49667174 -0.49876189
v -0.22590308 0.49881786 -0.50743562
v -0.15543073 0.55510008 -0.49553579
v -0.16058595 0.61260176 -0.48996872
v -0.09009628 0.61033070 -0.47414261
v -0.08359525 0.55273199 -0.47995132
v -0.22903229 0.55722576 -0.50250179
v -0.23234825 0.61458790 -0.49828225
v -0.30101997 0.50165975 -0.49850297
v 0.54517704 0.07899016 -0.07907651
v 0.59152257 0.05580841 -0.02612054
v 0.55634069 0.04948683 -0.07658802
v 0.57664734 0.08420874 -0.02198505
v 0.57015294 0.11261904 -0.01981294
v 0.60247350 0.08876820 0.03753075
v 0.58993304 0.11784644 0.04989044
v 0.42147118 -0.34181097 0.43989277
v 0.45312995 -0.30852309 0.46072006
v 0.48818064 -0.33840296 0.45001322
v 0.49036431 -0.40058348 0.42029011
v -0.77010465 1.21927631 -0.02438720
v -0.76280153 1.25557280 0.01022729
v -0.75044203 1.28923309 0.04721916
v -0.77785134 1.24944258 0.08782838
v -0.78971535 1.21524858 0.05029269
v -0.73087078 1.28912854 -0.03123093
v 0.78972137 -0.85647583 0.17110540
v 0.72757566 -0.83514750 0.15182731
v 0.69507533 -0.80279779 0.16845967
v 0.75719732 -0.82378471 0.18910722
v -0.65013355 1.30714035 0.38204613
v -0.65341651 1.27321804 0.42439204
v -0.68596065 1.28872883 0.35181761
v 0.29756594 0.91843188 0.35411263
v 0.86727369 -0.18447593 0.21395874
v 0.82623231 -0.17925712 0.27000350
v 0.79335362 -0.14527220 0.28431314
v 0.78060621 -0.17676795 0.32301500
v 0.83414048 -0.15057871 0.22756213
v 0.83774781 -0.12474656 0.18210439
v 0.87047935 -0.15878522 0.16873401
v -0.30130440 -0.05644348 -0.01897673
v -0.25934041 -0.06442991 -0.04752642
v -0.28794748 -0.09552732 0.00277159
v -0.32688236 -0.08606803 0.03253128
v -0.19675176 -0.15890878 -0.03210823
v -0.23817889 -0.14742744 -0.00456385
v -0.20471741 -0.11497834 -0.05260234
v -0.24703200 -0.10514063 -0.02530992
v -0.21561740 -0.07268536 -0.07413368
v -0.27792978 -0.13661081 0.02336098
v -0.27655911 -0.02817836 -0.07229559
v -0.23081948 -0.03430670 -0.09837748
v -0.44881678 -0.13004279 0.86131561
v -0.41432154 -0.12925175 0.83196622
v 1.10944021 -0.37514064 -0.12804510
v 1.07438326 -0.34230527 -0.11297069
v 1.12795711 -0.37846687 -0.08109640
v 1.09331310 -0.34517238 -0.06619217
v 0.57692093 -0.74973893 -0.04029745
v 0.54354542 -0.72041440 -0.02518307
v 0.57576114 -0.72790694 -0.08485250
v 0.60986084 -0.75720632 -0.10061426
v 0.61503577 -0.73007107 -0.14160903
v 0.64456588 -0.78628337 -0.11673509
v 0.54190814 -0.69866776 -0.06969462
v 0.62379003 -0.69955659 -0.17895608
v 0.65041733 -0.75934315 -0.15777813
v 0.17894611 -0.45716277 0.14740767
v 0.14220050 -0.44200072 0.15803626
v 0.19922337 -0.45510289 0.19363526
v 0.16345090 -0.43817684 0.20450683
v -0.49492610 0.35867772 0.50288808
v -0.47495812 0.38882735 0.53887141
v -0.52845925 0.39309868 0.49977881
v -0.54510319 0.36136585 0.45857114
v -0.58013427 0.39483887 0.45209706
v -0.48641300 0.45868236 0.57766318
v -0.50903577 0.42533690 0.53912908
v -0.45243937 0.42007530 0.57444906
v -0.54459524 0.46232206 0.53790081
v -0.56375861 0.42825168 0.49571753
v -0.52170795 0.49765143 0.57909358
v 1.00003529 -0.45053753 0.25690982
v 1.03349996 -0.48526809 0.24070096
v -0.22578110 1.16736972 0.72452408
v -0.20111699 1.11744511 0.73485118
v -0.17774458 1.06611598 0.73984492
v 0.96196336 -0.73276162 0.28488636
v 0.82320815 -0.78636181 0.25097424
v -0.72860825 1.18314052 0.40570122
v -0.72437435 1.14112008 0.44879025
v -0.69235706 1.21210384 0.43840712
v -0.69258106 1.25068080 0.39495721
v -0.71534228 1.09909880 0.49041581
v -0.93958610 -0.21764928 0.74626064
v -0.96493810 -0.17788699 0.72602248
v 0.62097871 0.62667102 0.24403390
v 0.65456438 0.57875502 0.24542579
v 0.75205344 0.55660594 0.24675894
v 0.71989387 0.54180485 0.23929167
v -0.25082833 0.98669791 -0.42715955
v -0.19670813 1.03363025 -0.40376061
v -0.30844206 0.98955250 -0.42925453
v -0.36096513 -0.31537893 0.31555384
v -0.39267957 -0.31233308 0.33683878
v -0.38381577 -0.28945681 0.27725482
v -0.33582181 -0.33255807 0.35754785
v -0.36749005 -0.33076176 0.37808961
v -0.43571198 -0.25055942 0.26767153
v -0.40347809 -0.25560728 0.24432930
v -0.42183352 0.38052571 0.57060486
v -0.39588147 0.41174829 0.60333228
v -0.46026796 0.49342364 0.61648315
v -0.42665279 0.45279196 0.61056328
v 0.01917163 0.97927308 -0.33636761
v 0.92570549 -0.28253302 0.22776395
v 0.89892322 -0.34658721 0.30127928
v 0.47765255 0.69434237 0.26605684
v 0.45322359 0.67038906 0.30682343
v 0.50607896 0.66101104 0.27155316
v 0.50096774 0.71770251 0.22510280
v 0.53065741 0.68534732 0.24014176
v 0.48000067 0.63615632 0.30521351
v 0.53553140 0.62482798 0.27421659
v 0.50803244 0.60033184 0.30188328
v 0.47975129 0.57602823 0.33340025
v 0.04221829 0.87660158 -0.35614562
v 0.03034466 0.92829478 -0.34696281
v -0.30435175 0.61647916 -0.49681944
v 0.80074787 -0.07136869 0.14561346
v 0.75537860 -0.02655017 0.10504770
v 0.24705663 0.98582101 0.42164987
v 0.23225597 1.02721870 0.42902893
v 0.22300981 0.97154856 0.47302353
v 0.26264608 0.94488132 0.41424137
v 0.24079488 0.93032444 0.46625113
v 0.09359439 -0.00779819 0.59123272
v 0.11715271 0.03971891 0.59552634
v 0.04956241 0.01428720 0.61013335
v 0.11286719 -0.07738867 0.56604749
v 0.07167207 -0.05745912 0.58233601
v 0.03022024 -0.03899214 0.60196215
v 0.67176139 0.03533623 0.07187707
v 0.64579934 0.03364277 0.01881719
v 0.64487875 0.06230657 0.08318831
v 0.66053981 0.05763103 0.13933606
v 0.62206805 0.08910258 0.09699528
v 0.62108463 0.06072091 0.02771711
v -0.59189999 1.09282601 0.62658805
v -0.53502357 1.13051403 0.64048427
v -0.56917733 1.05289698 0.65844470
v 1.16333508 0.79345727 -0.03911093
v -0.59020466 -0.05883777 1.01781881
v -0.62014085 -0.07119760 1.04951108
v 0.54348886 0.75275236 0.15652733
v 0.52226466 0.73766881 0.18646784
v 0.57864034 0.72439474 0.19308139
v 0.61298817 0.68783677 0.22093281
v 0.58713907 0.66935956 0.23218353
v 0.60340655 0.74041176 0.18242836
v 0.56896979 0.76498032 0.13895354
v 0.55401713 0.70664400 0.21257097
v -0.63876057 0.36186796 0.34506631
v -0.62940168 0.39536527 0.39613843
v -0.67598206 0.39665687 0.33266634
v -0.66614079 0.43118680 0.38481319
v -0.61596471 0.43004382 0.44394171
v -0.59315658 0.36156082 0.40585047
v -0.61804652 -0.05292633 0.29507631
v -0.61372578 -0.10535920 0.29932106
v -0.65344214 -0.05094641 0.31801641
v -0.58465940 -0.05613697 0.27224389
v -0.64954859 -0.10401946 0.32266212
v -0.69063514 -0.04866633 0.34359574
v -0.63931584 -0.15436104 0.33433717
v -0.60327566 -0.15511462 0.31113917
v 0.18943980 1.05606401 0.48505473
v 0.21760936 1.06915522 0.43568635
v -0.68759620 0.70940018 0.53543842
v -0.62717980 0.70593429 0.59676653
v -0.69131160 0.79456449 0.56634122
v -0.74178964 0.71468765 0.46736568
v -0.71946102 0.75386739 0.51816666
v -0.72352630 0.32727677 -0.08239292
v -0.69418895 0.30177033 -0.14172576
v -0.69728625 0.28533170 -0.05901609
v -0.74606240 0.35558793 -0.02173971
v -0.71704429 0.31495118 0.00158098
v -0.74643677 0.37270272 -0.10658060
v -0.30858964 0.93945324 -0.44638801
v -0.30873263 0.88838661 -0.46215701
v -0.34097260 -0.33821008 0.42226151
v -0.30804694 0.31394523 0.62907177
v -0.31912130 0.35734698 0.62213439
v -0.25130975 0.30654758 0.65486574
v -0.06548074 -0.30565551 0.42715392
v -0.09914497 -0.30041847 0.44748336
v -0.09033276 -0.33061281 0.38745314
v -0.07551898 -0.26909134 0.48354411
v -0.15749814 -0.32150188 0.42855346
v -0.12387221 -0.32522288 0.40797248
v -0.13285217 -0.29708639 0.46824789
v -0.04130214 -0.27512410 0.46345919
v -0.05278142 -0.23191598 0.51614708
v 0.29967996 0.35793263 0.56588322
v 0.09349637 0.05748799 -0.27517390
v 0.14126804 0.08611016 -0.28615898
v 0.08385868 0.09441489 -0.29649323
v -0.82364815 1.05958569 -0.02392004
v -0.80237383 1.10484004 -0.05410270
v 1.00768352 0.63239634 0.29896328
v 1.03690648 0.66298068 0.31178910
v 0.97646016 0.67201161 0.33247161
v 1.06802452 0.69421703 0.31899044
v 0.12504104 1.37802947 0.28531140
v 0.13765569 1.35340905 0.31903625
v -0.77588809 1.14518201 -0.08757447
v -0.77452129 1.18201661 -0.05717354
v -0.74415940 1.17671704 -0.12559275
v -0.80273163 1.06755900 -0.08569168
v 0.34688979 -0.50594354 0.25299421
v 0.29032680 -0.49053612 0.21929213
v 1.05880654 -0.76083136 0.24914163
v 1.06157684 -0.69295919 0.26112756
v 1.02890003 -0.72992539 0.26982877
v -0.85924625 0.62078106 0.14568785
v -0.85455173 0.65698779 0.20335643
v -0.84299886 0.69405103 0.25898451
v -0.83413398 0.60855323 0.23040104
v -0.82216364 0.64590347 0.28602117
v -0.86907011 0.63700396 0.05909526
v -0.71746445 0.40054643 0.26143283
v -0.71603835 0.36935925 0.20292942
v -0.68052030 0.36423790 0.27725884
v -0.75344908 0.43929052 0.24301161
v -0.75151956 0.40739495 0.18368329
v -0.71001625 0.33872357 0.14331982
v -0.74472642 0.37624931 0.12336475
v -0.78483742 0.44827873 0.16202083
v 0.42198086 0.23647779 0.48664707
v 0.38971287 0.21082941 0.51233256
v 0.39213026 0.15478751 0.51259559
v 0.45203596 0.20683894 0.46060818
v 0.42242664 0.18223438 0.48919237
v 0.23971874 0.64232278 0.60174876
v 0.25733846 0.60065764 0.58393788
v 0.26958063 0.66813308 0.56097972
v 0.29413927 0.69144785 0.51591063
v 0.27686569 0.73229706 0.53091484
v 0.25220871 0.70997465 0.57718199
v -0.81238741 -0.29846618 0.78640455
v -0.78047234 -0.31202635 0.82430887
v -0.27882606 0.03919280 0.76642126
v -0.32079613 0.03509893 0.78678602
v -0.33126098 0.08461630 0.78012609
v -0.23955472 0.09791441 0.74291158
v -0.28739250 0.08993796 0.76040590
v -0.23415829 0.04500674 0.74639642
v 0.20123148 1.11122167 0.44061196
v 0.17149538 1.09905362 0.48877907
v 0.19471902 1.30625784 0.26799434
v 0.19460428 1.28945780 0.30666572
v 0.17554057 1.28550529 0.34775603
v 0.17276636 1.31793523 0.31054774
v 0.15437362 1.32086241 0.34055811
v -0.70126027 0.25698224 0.75098258
v -0.73538607 0.24900863 0.71447408
v -0.70506024 0.25024110 0.82964337
v -0.77401811 0.24560404 0.76110673
v 0.82199746 -0.88829637 0.15131837
v 0.82215220 -0.84043348 0.20428571
v 0.02085161 -0.38508919 0.26456946
v -0.01402009 -0.37452301 0.28325438
v -0.35800838 1.18798447 -0.35626173
v -0.40820539 1.19168532 -0.34584326
v -0.44583040 1.28767550 -0.27978057
v -0.45216745 1.24269509 -0.30705816
v -0.45729500 1.19574618 -0.33080894
v -0.70463675 0.87379849 -0.32267445
v -0.67278183 0.81351626 -0.36398864
v -0.72715551 0.93400300 -0.27983677
v -0.69212931 0.92209661 -0.32115358
v -0.16576923 0.66923201 -0.48475140
v -0.09714086 0.66706061 -0.46775663
v -0.44421738 0.67790437 -0.47138053
v -0.44392520 0.62272596 -0.46440899
v -0.17222802 1.19169521 0.69721401
v -0.77510184 1.21912503 0.24635646
v -0.79883325 1.20486879 0.12768105
v 0.05262763 -0.25949261 0.45894778
v 0.01731707 -0.24826631 0.47678250
v 0.02756925 -0.29317448 0.42563498
v -0.00704455 -0.28290537 0.44391960
v 0.00237389 -0.32244757 0.38840628
v -0.03168771 -0.31332758 0.40758064
v -0.05677611 -0.33777562 0.36713317
v -0.02296446 -0.34640768 0.34721762
v -0.01780724 -0.23882648 0.49557596
v -0.82875323 0.50575322 0.05132401
v -0.81363672 0.47529942 -0.01007368
v -0.80498827 0.45969939 0.07676850
v -0.76319331 0.38569045 0.03951202
v -0.77659470 0.41644877 0.10089608
v -0.78990638 0.42936450 0.01519082
v -0.77114826 0.39984006 -0.04612666
v -0.79212582 0.44709414 -0.07101251
v -0.84652734 0.55460513 0.02538948
v -0.83053648 0.52456093 -0.03548589
v -0.80814749 0.49699175 -0.09588404
v -0.36815619 0.94231224 -0.44365001
v -0.42694366 0.94570768 -0.43555063
v -0.66037053 -0.04067516 1.09004509
v 1.08745897 0.60341501 0.22438939
v 1.11762190 0.63817608 0.23404294
v 0.78946579 -0.80710483 0.22201259
v 0.63602465 -0.77831745 0.14354712
v -0.74914145 1.24595571 0.28409266
v -0.71912634 1.26875138 0.31961080
v -0.75730336 1.19958985 0.32560441
v 0.75920719 -0.54229522 -0.29125398
v 0.69604552 -0.55110312 -0.27088749
v 0.67302275 -0.59043849 -0.25770086
v -0.42561990 1.32800877 0.52803141
v -0.47897005 1.29714072 0.53724885
v 0.65812606 -0.52114224 -0.25714362
v 0.57488030 0.01914997 -0.07781477
v 0.55417836 -0.02349764 -0.11963628
v 0.74091232 0.31401193 0.10095662
v -0.15584503 0.37317431 0.67843223
v -0.20345949 0.33905107 0.66613036
v 0.91407669 -0.41571447 0.31831610
v 0.89113069 -0.45201221 0.34396690
v 0.94797307 -0.45029214 0.30371246
v -0.64156443 0.58837146 -0.35993892
v -0.74669617 0.50589573 -0.23263334
v -0.39927572 0.09610166 -0.21870311
v -0.48406452 0.13332947 -0.21231575
v -0.53960949 0.13924302 -0.17169328
v 0.81600815 0.67715365 -0.17301862
v 0.85577279 0.70531583 -0.15478386
v 0.77583390 0.74263239 -0.14814098
v 0.81607288 0.76814854 -0.13542528
v -0.86235088 0.76153398 -0.07430069
v -0.81265819 0.76035452 -0.20282896
v -0.56499779 -0.32825854 0.50779474
v -0.81520534 0.49112272 0.13814966
v -0.70647305 0.23377067 0.90219694
v -0.43703836 1.32972991 -0.24816032
v -0.38186640 1.35876691 -0.22818850
v 0.10901491 1.39572847 0.25005728
v 0.46554518 0.50261307 -0.35385603
v 0.47936875 0.32794389 -0.37523669
v 0.35050809 0.54514396 -0.33917820
v 0.61617404 -0.79610014 -0.00947423
v 0.58367765 -0.76594222 0.00627628
v 0.69073957 -0.70745456 0.27043614
v -0.54503089 -0.11093864 0.25457811
v -0.51183563 -0.11626107 0.23061614
v -0.47828621 -0.12297338 0.20589797
v -0.46655560 -0.16767371 0.22067112
v -0.48798513 -0.07764676 0.19630407
v -0.14627813 1.08153045 -0.37774926
v 0.27907157 0.90454674 0.40678182
v 0.25918961 0.88957262 0.45923686
v 0.21746387 0.91462541 0.51779467
v 0.23836912 0.87363875 0.51161462
v 0.59927022 -0.24291399 -0.20441942
v 0.67946130 -0.24339828 -0.19834937
v 0.64605677 -0.27629182 -0.21445818
v 0.63361996 -0.21016464 -0.18835898
v -0.94357353 -0.25071540 0.82067209
v 0.67453843 0.83229518 0.16104625
v 0.70140243 0.85203636 0.17682417
v -0.60056204 0.90939021 -0.39023936
v 0.29855332 -0.39716390 0.35964021
v 0.27150559 -0.41824737 0.32218575
v 0.23025374 -0.34864292 0.38342345
v 0.23751156 -0.39526466 0.33342466
v 0.24574934 -0.43533549 0.28177720
v -0.37053668 0.89122379 -0.45972872
v -0.31952357 -0.02141798 -0.04358916
v -0.38484436 0.01592386 -0.03716622
v -0.34075308 -0.04772553 0.01168725
v -0.35974509 -0.01306751 -0.01173678
v -0.19058906 1.35736418 -0.21943556
v -0.91944665 0.03066394 0.59466571
v 0.45219177 0.26011455 0.45549625
v 0.47978747 0.22904617 0.42688709
v 0.45347160 0.31435278 0.44613051
v 0.48099905 0.33613408 0.40822357
v 0.36786687 -0.11230376 0.53045487
v 0.40348452 -0.59539115 0.13263854
v 0.38870287 -0.58916593 0.08636235
v 0.35595876 -0.56177819 0.09763037
v 0.34500569 -0.54976177 0.05166067
v 0.35531288 0.69486374 0.40879095
v 0.31504464 0.71259439 0.46836948
v 0.38669491 -0.31313798 0.45044619
v 0.41782022 -0.27910939 0.47218299
v 0.12869088 1.18406796 0.48595577
v -0.64057881 0.64257002 -0.37634313
v 1.18074119 -0.59476388 0.13474275
v 0.00707194 1.34812510 0.47379202
v -0.74648362 0.80006075 0.49529225
v -0.75902277 1.15307939 0.36821264
v -0.72805738 1.22634721 0.36210456
v -0.38046759 -0.12969822 0.80485487
v 1.00748467 0.56681693 0.24278210
v 1.03481829 0.59795636 0.25773382
v 0.98098195 0.60200369 0.28411883
v 1.02882278 0.53717405 0.19677652
v 1.00215149 0.50517392 0.18058057
v 1.05747426 0.56983751 0.21179982
v 0.98213524 0.53599060 0.22725518
v 1.06366372 0.62978405 0.27023304
v 0.25622010 -0.46827218 0.22866023
v 0.22160505 -0.44768700 0.23868354
v 0.31368053 -0.48080698 0.26225352
v 0.27985591 -0.45747080 0.27170086
v -0.60201395 -0.32747373 0.53604984
v -0.60909539 -0.33762148 0.61363107
v 0.96719015 0.39737359 0.02961102
v 0.93114585 0.35962269 -0.06468053
v 0.89843792 0.32842717 -0.08960868
v 0.98959458 0.44798362 0.11083050
v 0.27122530 0.39043498 0.58085740
v 0.30990726 0.42048493 0.55306286
v 0.07782131 0.92766583 -0.31577432
v 0.12068672 0.92758203 -0.28153402
v 0.09164817 0.87578142 -0.32459366
v 0.05517045 0.82421708 -0.36490971
v -0.55876225 0.32915199 0.41449675
v 0.89630157 0.73604995 -0.13990746
v -0.38350445 -0.18307567 0.77882004
v 1.05799055 -0.62348199 0.26204944
v 1.08177590 -0.58821762 0.23706384
v -0.57726550 0.57989681 -0.39518881
v -0.57776982 0.63409084 -0.41098702
v 0.51089811 -0.69055462 -0.01060377
v 0.51847357 -0.70607471 0.03570649
v 0.55064899 -0.73637569 0.02127475
v 0.48007566 0.45366055 0.37609702
v 0.47935379 0.51473123 0.35606039
v -0.86966109 0.84517705 0.16752303
v 0.37193841 0.06233989 0.53065670
v 0.33179146 0.08880547 0.54427111
v 0.41127479 0.03498663 0.51656544
v 0.39950687 0.09646292 0.51337075
v 0.36175472 0.12380812 0.53102309
v -0.60242665 0.32856619 0.35604265
v 0.04331170 0.13962163 0.63345230
v -0.01483227 0.24001621 0.65842986
v 0.43727738 0.06881914 0.49593943
v 0.42738307 0.12704617 0.49172038
v -0.73307246 0.34505025 0.06244832
v -0.85664111 0.58652526 0.08616720
v -0.83903611 0.53753531 0.11254038
v 1.03505623 -0.28945258 0.01012567
v 1.06989813 -0.32375172 -0.00395402
v 1.10831594 -0.40032801 0.07160962
v 1.10915089 -0.37674245 0.02742817
v 0.49736005 0.07010132 0.44936132
v 0.46226615 0.09878324 0.47025502
v 0.98613030 -0.24491563 -0.02471890
v -0.59472466 1.40426803 0.27565980
v -0.56357527 1.42980969 0.24571583
v 0.17684048 0.23851191 -0.35326213
v 0.68676567 -0.78844428 -0.17423530
v 0.26882607 -0.28835002 -0.17604755
v 0.31774527 -0.30621114 -0.18039580
v 0.26117894 -0.33165452 -0.15402593
v -0.37447304 0.78492141 -0.48092222
v -0.26427585 0.18416107 0.71462035
v -0.21096157 0.19965047 0.70191485
v -0.27841502 0.21786913 0.69370985
v -0.29083633 0.24792854 0.67040431
v -0.34144443 0.23154342 0.67524356
v -0.23937280 0.27123111 0.66976702
v -0.22575395 0.23683602 0.68640316
v 0.50446820 -0.51238501 -0.18044265
v -0.57661623 0.20008501 0.20477815
v -0.60686487 0.23490655 0.19229594
v -0.60798293 0.29580811 0.30285513
v -0.60955834 0.26452515 0.24784714
v -0.06228772 -0.24176410 -0.07996206
v -0.10576229 -0.22895151 -0.05899103
v -0.06565760 -0.19606718 -0.10263266
v -0.16042331 -0.12592521 -0.07863353
v -0.11523177 -0.13765860 -0.10184361
v -0.15419002 -0.17091599 -0.05744578
v -0.06886087 -0.14934114 -0.12324663
v -0.11017588 -0.18351176 -0.08141564
v 1.10008633 0.72559178 0.32018852
v -0.19346531 -0.22222915 0.60689223
v -0.22843178 -0.22397450 0.62958789
v 0.70853472 -0.10486782 -0.09858818
v 0.74958265 -0.13590547 -0.10796310
v -0.76172900 0.20775943 0.59481347
v 0.13636447 0.87528503 -0.29023391
v 0.15898655 0.92856753 -0.24523054
v 0.72311276 -0.27588430 -0.20928608
v -0.55698949 1.38010716 -0.13874568
v -0.51328057 1.37793076 -0.16699962
v -0.49566847 1.40911496 -0.12567206
v -0.09221692 0.79154694 0.76751155
v 1.09788930 0.81025410 -0.07914604
v 1.05944431 0.77644217 -0.09506617
v 1.01963127 0.74193430 -0.10979290
v 1.13015008 0.67235041 -0.03673336
v 1.05772829 0.68534899 -0.08756630
v 0.37206030 -0.49291417 0.29351923
v 0.33885580 -0.46695420 0.30290043
v 0.33223146 -0.42267391 0.34967843
v 0.36084515 -0.39888725 0.38343626
v 0.89175326 -0.17676184 -0.04815222
v 0.97856987 0.70721769 -0.12307836
v 0.33410698 -0.50860250 -0.03499047
v 0.33745950 -0.53233504 0.00700590
v 0.33391997 -0.48003504 -0.07395862
v -0.37216848 -0.33810297 0.44241256
v -0.34568691 -0.33634880 0.48766440
v -0.37662107 -0.33849767 0.50792843
v 0.15126434 1.14172494 0.48875690
v 0.24855109 0.94345844 -0.12138511
v -0.95651716 -0.07991713 0.64426160
v -0.94456130 -0.13104713 0.65434259
v -0.92591137 -0.17703947 0.67141241
v -0.98522335 -0.13274044 0.70951754
v -0.90556383 -0.13106707 0.60021001
v -0.96122020 -0.02571595 0.64177030
v -0.91742688 -0.07923245 0.58984208
v 0.78678530 0.50367242 0.23009618
v 0.78282106 0.57264745 0.25827977
v 0.81912720 0.52052450 0.24114957
v 0.85046053 0.47232580 0.21210457
v 0.81724918 0.45363832 0.20231597
v 0.75251478 0.48874992 0.22236221
v 0.78140885 0.43732417 0.19528922
v -0.39357740 1.16878211 0.68090677
v -0.78593403 0.48145023 0.22151834
v 0.23761488 0.18300046 -0.31694639
v 0.53385061 0.15480849 -0.19671582
v 0.58024645 0.15705386 -0.04294850
v 1.05272698 0.59650850 -0.06491439
v 1.09108508 0.63502061 -0.04909629
v 0.71868950 -0.28343341 0.40996248
v -0.60890734 0.12716460 0.98551756
v 0.30069810 0.25300825 -0.34656572
v 0.23746951 0.27106103 -0.35731089
v 0.37375140 0.27200857 -0.35558617
v 0.29762506 0.20803306 -0.32347387
v 0.23596244 0.22612146 -0.33843184
v -0.84941608 -0.17995733 0.56796074
v -0.82828009 -0.22210944 0.59151924
v -0.88775814 -0.17797747 0.61788559
v -0.90216351 -0.21742216 0.69368029
v -0.86521691 -0.21896356 0.64150614
v -0.87424713 -0.25076815 0.72089821
v -0.83870631 -0.25304350 0.67049885
v -0.80304986 -0.25707570 0.62134093
v -0.85279095 0.83104765 0.25135049
v -0.29949331 0.13514175 0.74870843
v -0.34441060 0.12920344 0.76730984
v -0.49503952 0.53422940 0.62007815
v 1.01793385 0.64851654 -0.10225837
v 1.01485288 0.55858976 -0.08245264
v 0.97913861 0.80032682 -0.11494328
v 0.93753803 0.76801109 -0.12707140
v 0.08834173 -0.27264580 0.44242343
v 0.13293466 -0.33529624 0.37507004
v 0.12416837 -0.28817019 0.42673111
v 0.11440919 -0.23723903 0.47333425
v 0.18744746 -0.27411732 0.44436544
v 0.19528908 -0.32646921 0.39690167
v 0.15991230 -0.30605599 0.41141820
v 0.16811776 -0.35352746 0.35987499
v 0.15109122 -0.25417522 0.45846170
v 0.42658687 -0.45778021 -0.15649854
v 0.38572299 -0.43292335 -0.14699255
v 0.43953180 -0.41809866 -0.18015547
v 0.35316014 -0.36995205 -0.16492696
v 0.39696765 -0.39307806 -0.17163660
v -0.50409210 0.08013649 0.12919971
v -0.75634658 1.10763633 0.41012719
v -0.75004411 1.06339443 0.45150203
v 0.30513334 -0.44239578 0.31236619
v 0.32676744 -0.37240204 0.39380494
v -0.37630808 0.06544279 -0.19208069
v -0.41471076 0.03867690 -0.06408875
v 0.58654225 -0.05043918 0.42990980
v 0.62348837 -0.08119342 0.41440815
v -0.01836500 -0.25441715 -0.09849267
v 0.16226217 0.19496372 0.60353321
v 0.20625365 0.16761644 0.58787644
v 0.12738904 -0.42330870 0.21692178
v -0.57889742 -0.10738119 0.27717710
v -0.17630194 0.77860165 -0.46927357
v -0.10638362 1.35952711 0.51662439
v -0.76719409 -0.26240018 0.57466447
v -0.74000722 -0.29133829 0.60990286
v -0.77515543 -0.28551856 0.65566170
v -0.79140317 -0.22655332 0.54462332
v 1.09373665 0.66167724 0.27896947
v 1.12378263 0.69335330 0.28325978
v 1.14934707 0.71815217 0.28675810
v -0.49896765 1.24756932 -0.28792471
v -0.49161786 1.29301083 -0.25984168
v -0.39870393 -0.06609696 0.09478724
v -0.43236476 -0.05512464 0.12712248
v -0.41196787 -0.02666387 0.07861050
v -0.42161769 -0.09709623 0.13902088
v -0.45507139 -0.08721343 0.16816995
v -0.36351162 -0.07624784 0.06325833
v -0.37748694 -0.03785357 0.04413950
v -0.14854904 -0.21599343 -0.03554872
v -0.19002263 -0.20300680 -0.01018429
v 0.25833288 0.77359927 0.54401255
v 0.27844191 0.79244769 0.49339038
v 0.09510083 0.11208302 0.61263436
v 0.07016055 0.06594755 0.61403120
v 0.00456320 0.03472546 0.63180912
v 0.14358146 0.08481370 0.59542912
v 0.02209619 0.09080109 0.63529003
v -0.84645295 0.22572762 0.77434361
v -0.84037244 0.20623846 0.69186509
v -0.80817121 0.22990803 0.72623062
v -0.80164665 0.20799626 0.64283884
v -0.76928592 0.23266886 0.67828208
v -0.84325039 0.78099597 0.28311858
v -0.67658424 -0.14265224 1.09389222
v -0.65048498 -0.08520514 1.08058703
v -0.64429671 -0.12829277 1.06716180
v 0.67750156 0.86069381 0.11713313
v -0.49304956 0.11946565 0.88842595
v -0.47518212 0.16141123 0.83626235
v -0.82801419 0.73183990 0.31290329
v 0.66056198 -0.72856331 -0.19430207
v 0.67399526 -0.69479752 -0.22614925
v 0.59265274 0.31021655 0.21857098
v 0.82353389 0.34531081 0.10629845
v 0.79379529 0.28931671 0.03676307
v 0.76598126 0.37372860 0.15274121
v 0.78299052 0.32850623 0.10174485
v 0.80546856 0.38918802 0.15724257
v 1.04420793 0.51545322 0.14540140
v 1.02235436 0.46752331 0.07115573
v 1.13893723 -0.39156005 -0.03389579
v 1.10496008 -0.35733494 -0.01867020
v -0.64006913 0.26860055 0.17794479
v -0.68005264 0.33321622 0.21966650
v -0.67479843 0.30284584 0.16161630
v -0.64410669 0.29855976 0.23491068
v 0.45574719 -0.37642279 -0.19755320
v 0.41122103 -0.35069886 -0.19028987
v 0.48097146 -0.44477788 -0.19012155
v 0.49897689 -0.40364835 -0.20636992
v 0.16438961 1.33937454 0.28234702
v -0.41955829 -0.21620446 0.21741645
v -0.45231336 -0.21045491 0.24161580
v -0.49979728 -0.16223344 0.24500102
v -0.46746480 -0.24587139 0.29110014
v -0.48523462 -0.20596629 0.26496148
v -0.37078011 -0.26106551 0.22099291
v -0.84029311 0.57227957 0.17261052
v -0.85950524 0.60511798 -0.00075962
v 0.48076004 0.39374924 0.39373875
v 0.32926303 -0.26163366 -0.19513504
v 0.34090728 -0.21605229 -0.20397548
v 0.36528206 -0.32706824 -0.18469916
v -0.59254473 0.08831362 0.99326074
v -0.56067741 0.10124183 0.95940530
v -0.57736665 0.13944757 0.95009559
v 1.01951170 0.83226109 -0.09980480
v -0.07352856 -0.37592939 0.25646091
v -0.04834665 -0.36429980 0.30283776
v 0.07777376 -0.22253472 0.48864424
v 0.04153775 -0.20951828 0.50564098
v 0.00526872 -0.19831246 0.52430230
v 0.83980101 -0.31050435 -0.21152572
v 0.80557293 -0.33938536 -0.23307742
v 0.79949862 -0.27841100 -0.19932978
v 0.83482260 -0.25276932 -0.17304660
v 0.79458004 -0.22047204 -0.16171513
v 0.87428755 -0.28521213 -0.18496381
v 0.75831920 -0.24617574 -0.18828271
v 0.58608383 0.04056236 0.37451345
v 1.01607847 0.48134792 0.12858552
v 0.99435467 0.43211371 0.05078040
v 0.71067405 -0.15690091 -0.13999580
v 0.67138135 -0.18155974 -0.16684441
v 0.71578425 -0.21413240 -0.17703511
v -0.82348090 1.02202785 -0.06147180
v -0.81956512 0.98446679 -0.10036401
v -0.18200786 -0.24597707 0.01475616
v -0.14095771 -0.25903240 -0.00935762
v -0.81563032 0.52565956 0.19799952
v 0.74685824 -0.14347765 0.33717534
v -0.01194892 -0.02263811 0.62425774
v 0.67360145 -0.18103486 0.41439730
v 0.72951853 -0.17750454 0.37129131
v 0.06549086 -0.16762045 0.53053516
v 0.10314599 -0.18293980 0.51467425
v -0.81152344 -0.18370429 0.52133799
v -0.67370689 -0.17819244 1.07874703
v -0.62330937 1.41190934 0.16682267
v -0.77980894 1.02731669 0.40905994
v -0.74086016 1.01886153 0.49116200
v -0.77210903 0.98099804 0.44788897
v -0.76553357 0.42099932 -0.13109209
v 0.64017528 0.07391471 0.21123514
v 0.63491166 0.08444697 0.15519276
v -0.45072210 1.44553423 0.34653085
v 0.02786378 -0.15390363 0.54857874
v -0.00994793 -0.14219895 0.56928778
v -0.04794817 -0.13263953 0.59231436
v -0.03098449 -0.18912649 0.54478121
v -0.06716454 -0.18255651 0.56732160
v -0.86574244 0.65709364 -0.02639169
v -0.84230870 0.57571065 -0.06065018
v -0.81902635 0.54888129 -0.12024923
v 0.25873634 0.83285487 0.50339186
v 0.23781392 0.81496859 0.55488217
v -0.07797243 0.49463278 -0.48353583
v 0.45384884 0.37104130 0.43191046
v -0.82692647 0.81860888 0.33568558
v 0.59371001 0.75208646 -0.11573763
v 0.65621823 0.58016783 -0.28245020
v 0.12829748 -0.14092007 0.53581756
v 0.08921114 -0.12328285 0.55069131
v 0.14076154 -0.19946811 0.50031525
v 0.16726103 -0.15986407 0.52302068
v 0.04996707 -0.10673127 0.56818807
v 0.37769347 0.71526897 0.36288470
v 0.35510325 0.75093710 0.37198219
v -0.74746996 -0.31381264 0.78020418
v -0.77903372 -0.30109683 0.74027747
v -0.71421760 -0.31935611 0.73545802
v -0.74508345 -0.30585274 0.69411927
v -0.80980796 -0.28080109 0.70339268
v -0.68008351 -0.32659814 0.69183546
v -0.71058327 -0.31272742 0.64931858
v 0.75319213 -0.18871072 -0.15041859
v 0.79005313 -0.16764241 -0.11829965
v 0.59313470 0.60680366 0.25513592
v 0.56182039 0.64822376 0.25072873
v 0.18662855 -0.42875805 0.24973148
v 0.12599267 0.15509214 0.60883653
v -0.77856803 0.47242367 -0.15476717
v -0.02586427 -0.11611211 -0.16006626
v 0.20887223 0.65548635 -0.33388501
v 0.25384513 0.54276097 -0.35833645
v 0.23141296 0.60141718 -0.34532535
v 0.25912392 0.65880895 -0.30701107
v -0.25423372 1.20803738 0.69806856
v -0.56052554 -0.30483004 0.79081315
v 0.11593296 -0.39586458 0.27648842
v -0.50015652 -0.24332562 0.31282112
v 0.65313405 -0.62895954 -0.23768194
v 0.63674945 -0.66556299 -0.21107589
v -0.64387530 0.32975143 0.29079968
v 0.71720415 0.47498354 0.21867609
v 0.68696231 0.52753675 0.23664841
v 0.68198031 0.46143734 0.22045949
v 0.74382210 0.42295459 0.19119789
v 0.70573235 0.41006482 0.19123924
v -0.80836672 0.56200254 0.25535810
v 0.86912602 -0.23188972 -0.14101963
v 0.82992172 -0.19954458 -0.12947322
v 0.90055770 -0.21761581 -0.10266532
v 0.86296856 -0.18446019 -0.09147032
v -0.77446061 -0.18918431 0.47773570
v -0.79014719 -0.14105216 0.46081209
v 0.61301774 0.02738468 -0.03130092
v 1.16118360 -0.41231981 -0.09583168
v 0.53150553 -0.71505773 0.08254298
v 0.56343514 -0.74583626 0.06828864
v 0.97937179 0.88700175 -0.09036641
v -0.66153914 1.09435582 0.56469339
v -0.86613536 -0.13233364 0.55058724
v 0.30784068 -0.34943876 -0.15910824
v 0.92338490 -0.55969870 -0.32937086
v 0.29671651 0.65740699 -0.28977603
v 0.27525777 0.71412849 -0.26324195
v 0.33454418 0.69701612 -0.23791663
v 0.30555183 0.73864579 -0.21991901
v 0.25236741 0.77155352 -0.24092986
v 0.23568630 0.71367586 -0.29052913
v 0.45476258 0.15386128 0.46479267
v -0.57895243 -0.34021339 0.66110730
v -0.55034941 -0.32940069 0.70948875
v 0.60466266 0.11698271 0.11505675
v 0.72557098 0.36022821 0.15184414
v 0.90769506 -0.26463547 -0.15276055
v 0.84496671 -0.37130627 -0.24582092
v -0.79183066 0.57942450 -0.19973652
v -0.78709620 0.52546477 -0.17758764
v 0.46592939 -0.48451480 -0.16798101
v 0.61351073 -0.78032029 0.09955677
v 0.59579748 -0.77637446 0.05339701
v 1.08154738 0.94454455 0.03205498
v -0.70420128 1.05664670 0.53059256
v -0.72749335 0.97363472 0.52797639
v -0.35072035 0.25576243 0.64361465
v -0.30076069 0.27814439 0.64734620
v -0.28404713 -0.30604848 0.21094522
v -0.26821566 -0.28466001 0.15120718
v -0.31803745 -0.29906550 0.23300400
v -0.29551929 -0.32307568 0.27293643
v 1.14309406 -0.40846172 -0.14297260
v -0.40104628 0.16402125 0.77031845
v -0.43911117 0.16322462 0.80086213
v -0.38509804 0.12608255 0.79078513
v -0.95773906 0.02880026 0.64813691
v -0.66104233 0.86481082 -0.36317766
v -0.64921582 0.91505265 -0.35888863
v 0.95275861 1.04079890 0.12723169
v 0.98649967 1.00963449 0.15154655
v -0.62383103 -0.20065638 0.35282144
v -0.58745074 -0.20055941 0.33059758
v -0.49229956 -0.23255715 0.83661288
v -0.10366334 -0.17759758 0.59089106
v -0.14012551 -0.17533240 0.61524457
v 0.55207849 0.06868275 0.39396632
v 0.56892973 0.01198193 0.41242898
v -0.31404346 0.17338276 0.72897178
v -0.35985637 0.16721460 0.74670196
v 0.51898104 0.09679705 0.41579023
v 0.53283244 0.04113674 0.43009490
v 0.94477010 0.99322200 0.26193771
v -0.46190149 1.14780033 -0.35191238
v -0.50497127 1.20020545 -0.31230968
v 1.16416156 0.71989191 0.24464187
v 1.18202043 0.71519852 0.20024762
v 1.16358459 0.76824439 0.20409939
v -0.68339640 -0.32387015 0.77892721
v -0.32867801 -0.31899270 0.29416591
v 0.17829439 -0.21838319 0.48689336
v 0.21535048 -0.23975250 0.47359949
v 0.50862074 -0.66921258 -0.05498371
v 0.35626990 -0.34444872 0.42425442
v 0.58776724 0.18479156 0.10867343
v 0.69151336 -0.65144348 0.31290588
v 0.72424835 -0.68539333 0.29925790
v -0.35135007 -0.29391298 0.25501236
v -0.33728367 -0.26736233 0.19801669
v 1.12694001 0.75363111 0.29918706
v 1.11694467 0.80733705 0.26085311
v 1.14461434 0.76647824 0.25395468
v 1.13533890 0.81377220 0.20693809
v 0.97442669 0.95727873 0.28661370
v 1.05733156 0.88743246 0.25975299
v 1.02752244 0.92761326 0.24885036
v 1.01636922 0.97330046 0.17372040
v 0.99872649 0.96590292 0.23129609
v 1.04494977 0.93474984 0.19041927
v 0.97055858 1.00167632 0.20885180
v 1.05716908 0.97334921 0.03099529
v 1.07374334 0.94262803 0.08203853
v 1.04594266 0.97846401 0.06800009
v 1.03134930 0.97806215 0.11865895
v 1.08765697 0.84741616 0.26373881
v 1.10458708 0.85523641 0.20653881
v 1.10372794 0.90410078 0.09089199
v 1.07418776 0.89525175 0.20133027
v 1.12082648 0.85969293 0.15111217
v 1.09000885 0.90046024 0.14494267
v 1.06022525 0.93980908 0.13454396
v -0.57264525 -0.34076837 0.58051050
v -0.31868804 -0.23888859 0.14401694
v -0.36561531 -0.18991178 0.14435284
v -0.35291398 -0.23023602 0.16845594
v -0.30319577 -0.27543691 0.17474551
v 0.22253577 0.93697929 -0.16539983
v 0.93846542 -0.25030926 -0.11463521
v -0.37555599 0.19860224 0.72057778
v -0.80871773 0.95400417 -0.14440887
v -0.69996417 0.30774716 0.08355267
v 0.96538651 -0.24318644 -0.07165135
v -0.53476304 1.43233955 0.28502655
v -0.23015924 -0.19029230 0.01682439
v 0.65947551 -0.55831146 0.36282778
v 0.65853328 -0.61819017 0.32639867
v -0.50902355 1.43031633 0.32590500
v -0.37079448 0.36920840 0.59733766
v 0.01035823 -0.09161377 0.58833361
v -0.57583290 1.43771589 0.05553068
v 0.17266382 0.12745850 0.59248471
v 0.21767490 0.10138874 0.57827652
v 0.52456141 -0.43062040 0.40966201
v 0.49246377 -0.45841894 0.38447630
v -0.67924368 0.96833658 -0.31566095
v -0.39945883 -0.18195120 0.17024194
v -0.38656175 -0.22284377 0.19301866
v 0.34296489 0.63215017 -0.28870833
v 0.29534674 0.60924840 -0.31817043
v 0.92799550 -0.21059114 -0.05933632
v 0.48658597 0.12529407 0.43985641
v -0.77653015 0.97123051 -0.19598843
v -0.75514990 0.95005548 -0.23747919
v -0.79273617 0.92754483 -0.18888123
v 0.87985790 -0.38131103 0.33215493
v 0.26085573 0.07591388 0.56530422
v -0.76019537 0.93421972 0.48412991
v 0.19514951 0.82326603 -0.26300818
v -0.54414177 0.14978865 0.91385001
v -0.51009947 0.15733892 0.87516582
v -0.52734268 0.11196320 0.92463917
v -0.80143481 1.02853584 -0.11689232
v -0.79195046 0.99756181 -0.15653498
v -0.77351099 1.03865421 -0.16787533
v -0.74861175 1.03993464 -0.20556004
v -0.76125956 1.01304996 -0.20008670
v -0.72969115 1.03147042 -0.23453654
v -0.74144864 0.99258041 -0.23697095
v -0.02937900 -0.07906833 0.61158454
v -0.51610607 1.10253859 -0.35250115
v 0.17661388 -0.39497355 0.30556768
v 0.21140054 -0.41432449 0.29292527
v 0.20306844 -0.37350073 0.34588775
v 0.15126115 -0.41166338 0.26232314
v 0.14159486 -0.37698141 0.31967360
v -0.08229806 -0.35575780 0.32336712
v -0.49354714 0.19365534 0.81507999
v -0.37679422 -0.14830342 0.12571606
v -0.38735658 -0.10671926 0.10996728
v -0.41086620 -0.13944629 0.15308812
v 0.93253577 -0.38126209 0.28682292
v -0.71401924 0.97832644 -0.27660596
v -0.51841146 -0.20265242 0.28755635
v -0.53370875 -0.15840483 0.26753604
v -0.84403515 -0.27815482 0.75152910
v -0.90971619 -0.25031504 0.77111697
v -0.51050323 1.15176773 -0.33377481
v 0.18912166 0.05909446 0.58088034
v -0.32868373 0.20504986 0.70414180
v 0.58185357 -0.74848831 0.11420648
v -0.56824434 -0.15621105 0.28907153
v 0.54975843 -0.71742415 0.12840615
v -0.55244732 -0.20105362 0.30900052
v -0.44501740 -0.13107422 0.17953354
v -0.43334448 -0.17446345 0.19546174
v 0.09152923 -0.40938267 0.23093423
v -0.25059360 0.14445327 0.73145169
v 0.17608492 0.87612307 -0.25380421
v -0.68688148 -0.10231721 0.34798762
v -0.67666405 -0.15320906 0.35940957
f 1 2 3
f 4 2 5
f 2 4 6
f 7 8 1
f 9 5 10
f 11 7 12
f 13 14 15
f 16 17 14
f 18 14 19
f 15 20 13
f 15 21 22
f 20 15 23
f 24 25 26
f 27 28 29
f 30 31 25
f 32 33 34
f 35 36 32
f 37 33 38
f 39 32 40
f 40 34 41
f 34 42 43
f 33 37 42
f 44 45 46
f 47 40 48
f 49 39 47
f 39 49 50
f 51 52 53
f 54 55 51
f 56 57 55
f 58 52 59
f 55 54 56
f 60 61 62
f 63 19 61
f 64 65 66
f 65 67 68
f 66 68 69
f 70 65 71
f 72 64 73
f 71 64 74
f 69 75 66
f 54 76 77
f 78 79 76
f 51 80 54
f 76 80 78
f 81 80 53
f 82 83 84
f 84 85 82
f 86 87 88
f 87 89 84
f 88 83 90
f 82 91 83
f 21 17 92
f 17 16 82
f 93 94 95
f 96 97 95
f 95 98 93
f 99 100 101
f 95 99 96
f 94 102 99
f 103 104 57
f 105 59 106
f 107 108 104
f 109 110 111
f 112 113 101
f 114 112 111
f 113 115 96
f 116 117 113
f 12 1 118
f 119 12 120
f 121 122 118
f 123 121 3
f 124 119 125
f 126 11 127
f 127 124 128
f 129 130 131
f 125 130 128
f 131 132 129
f 130 129 133
f 134 123 6
f 12 119 11
f 132 131 120
f 135 7 126
f 136 98 134
f 123 134 115
f 136 134 137
f 87 86 138
f 86 88 139
f 140 89 107
f 105 106 138
f 107 141 140
f 110 62 114
f 142 23 143
f 143 112 142
f 62 20 142
f 105 138 144
f 145 146 144
f 59 105 58
f 146 147 58
f 148 145 149
f 139 148 86
f 138 108 87
f 150 103 56
f 121 123 117
f 129 150 77
f 120 122 132
f 89 140 85
f 140 151 92
f 98 136 152
f 93 152 153
f 152 154 155
f 156 151 157
f 23 22 156
f 143 156 116
f 158 117 157
f 117 158 121
f 159 158 141
f 143 116 112
f 160 159 103
f 104 159 107
f 103 150 160
f 122 158 160
f 161 162 27
f 26 28 163
f 29 164 27
f 165 166 167
f 168 169 165
f 167 170 165
f 171 172 173
f 174 175 172
f 176 171 177
f 173 166 178
f 178 179 173
f 74 72 163
f 26 72 24
f 163 162 180
f 181 161 182
f 183 181 184
f 164 185 182
f 184 186 183
f 31 187 29
f 188 189 190
f 188 191 192
f 190 193 194
f 191 188 195
f 196 197 189
f 197 198 193
f 192 199 188
f 200 199 201
f 200 201 202
f 203 204 205
f 204 206 202
f 202 207 200
f 208 207 209
f 203 210 204
f 206 204 211
f 212 213 214
f 215 214 216
f 217 212 215
f 218 219 217
f 213 212 220
f 221 215 222
f 223 224 214
f 223 213 225
f 224 223 226
f 227 228 220
f 200 196 199
f 197 196 208
f 229 71 230
f 231 232 233
f 233 70 229
f 232 67 70
f 171 176 231
f 233 234 231
f 229 235 233
f 170 167 216
f 194 236 50
f 195 190 237
f 238 239 43
f 240 238 45
f 67 232 241
f 177 242 176
f 243 244 245
f 218 246 247
f 244 248 247
f 247 249 218
f 244 250 248
f 251 243 252
f 253 243 254
f 243 253 244
f 252 245 255
f 255 256 252
f 257 258 238
f 238 240 257
f 259 258 260
f 239 258 261
f 50 35 39
f 237 194 262
f 24 73 263
f 263 30 24
f 67 241 264
f 242 177 265
f 172 171 174
f 36 35 198
f 266 267 268
f 268 210 269
f 270 211 266
f 271 203 272
f 205 201 272
f 273 274 192
f 230 275 229
f 264 242 276
f 68 264 277
f 278 44 279
f 37 280 46
f 281 279 282
f 38 283 37
f 185 284 184
f 284 260 186
f 45 44 240
f 285 217 221
f 246 218 285
f 221 286 285
f 287 288 209
f 209 206 287
f 289 208 290
f 290 283 289
f 291 283 288
f 292 288 293
f 294 291 292
f 252 295 251
f 296 297 251
f 298 296 299
f 278 300 181
f 162 161 301
f 279 281 278
f 181 183 278
f 302 222 175
f 222 303 221
f 304 305 303
f 275 305 235
f 235 304 234
f 303 222 304
f 306 307 308
f 303 307 286
f 234 302 174
f 230 74 180
f 226 168 224
f 255 246 309
f 256 255 310
f 286 311 309
f 211 270 287
f 299 295 312
f 36 198 38
f 198 197 289
f 266 268 299
f 261 48 239
f 180 313 230
f 275 313 305
f 270 312 293
f 314 292 315
f 248 220 249
f 316 282 294
f 283 291 280
f 317 313 301
f 313 317 308
f 301 300 317
f 312 270 299
f 312 256 315
f 311 314 310
f 292 314 294
f 308 316 306
f 307 306 311
f 317 281 316
f 4 5 318
f 319 185 187
f 185 319 284
f 318 320 4
f 320 154 137
f 154 320 321
f 79 322 133
f 210 203 323
f 324 325 326
f 325 324 327
f 326 328 324
f 328 326 329
f 330 331 332
f 333 330 334
f 335 336 337
f 338 339 340
f 341 342 336
f 337 343 335
f 344 345 339
f 346 347 348
f 346 349 350
f 349 346 351
f 348 352 353
f 347 354 352
f 355 356 357
f 357 358 359
f 360 361 362
f 359 361 363
f 356 364 358
f 365 366 367
f 367 368 365
f 365 369 370
f 371 372 373
f 368 374 369
f 375 376 377
f 378 379 380
f 381 382 383
f 379 384 385
f 379 378 384
f 379 386 383
f 386 379 387
f 388 389 390
f 388 391 389
f 392 393 389
f 391 388 394
f 395 396 390
f 397 398 399
f 399 400 397
f 400 399 401
f 402 403 404
f 399 403 405
f 406 407 408
f 409 406 410
f 411 412 413
f 414 415 411
f 415 416 412
f 412 417 408
f 418 413 419
f 420 421 422
f 422 423 420
f 420 424 425
f 423 422 426
f 427 428 429
f 430 431 432
f 433 434 431
f 429 435 427
f 431 430 433
f 434 433 436
f 437 438 439
f 439 440 437
f 441 442 437
f 443 441 444
f 445 446 441
f 444 447 443
f 448 449 450
f 449 448 451
f 452 453 454
f 455 448 456
f 457 452 458
f 459 460 461
f 461 462 463
f 462 460 464
f 336 335 341
f 465 466 467
f 468 469 470
f 468 471 472
f 470 473 474
f 474 475 470
f 470 476 468
f 477 478 479
f 480 481 482
f 483 484 481
f 485 483 480
f 483 485 486
f 480 487 485
f 488 489 490
f 489 491 492
f 491 489 493
f 494 495 492
f 496 488 497
f 498 494 499
f 500 501 502
f 502 503 500
f 504 505 502
f 506 503 507
f 505 504 508
f 509 504 510
f 402 511 512
f 513 514 512
f 512 515 513
f 515 516 517
f 516 515 518
f 519 520 521
f 522 523 524
f 525 526 520
f 527 521 528
f 523 522 529
f 521 523 530
f 531 532 533
f 533 534 535
f 532 536 534
f 532 531 537
f 533 538 531
f 535 539 533
f 540 541 542
f 543 544 545
f 546 547 544
f 548 549 545
f 545 550 543
f 551 548 541
f 552 553 554
f 555 556 557
f 554 555 558
f 556 555 559
f 560 552 561
f 562 563 560
f 564 565 566
f 567 568 564
f 569 567 570
f 568 567 571
f 566 572 564
f 573 574 575
f 574 573 576
f 576 577 574
f 574 578 579
f 580 581 582
f 581 583 576
f 584 585 586
f 587 584 588
f 588 586 589
f 590 591 592
f 585 593 590
f 586 590 594
f 393 392 595
f 596 597 598
f 391 599 392
f 600 393 601
f 69 277 602
f 603 425 276
f 425 603 420
f 75 69 604
f 604 602 605
f 434 606 429
f 607 608 609
f 610 611 612
f 612 613 610
f 608 607 614
f 613 612 615
f 616 617 618
f 617 616 619
f 618 338 616
f 620 621 622
f 623 620 624
f 617 625 622
f 626 627 628
f 582 629 580
f 628 630 631
f 626 632 633
f 633 634 626
f 628 635 626
f 636 637 638
f 637 636 639
f 640 641 642
f 642 636 643
f 644 645 646
f 646 643 644
f 646 647 648
f 649 355 650
f 651 649 652
f 650 357 653
f 654 655 656
f 657 658 656
f 659 660 657
f 661 659 655
f 656 662 654
f 655 654 663
f 656 664 662
f 665 666 667
f 667 668 669
f 670 667 671
f 666 370 668
f 370 666 672
f 673 674 675
f 676 677 678
f 679 680 676
f 681 682 674
f 682 683 678
f 684 685 686
f 686 687 688
f 687 689 690
f 691 692 693
f 693 684 694
f 695 696 697
f 698 699 700
f 701 700 702
f 703 702 695
f 697 699 704
f 705 706 698
f 707 708 709
f 708 707 710
f 711 707 712
f 712 709 713
f 714 715 716
f 717 716 718
f 719 720 721
f 722 723 719
f 724 725 726
f 727 719 728
f 728 721 729
f 730 731 31
f 732 572 733
f 733 734 735
f 736 737 738
f 732 739 740
f 739 732 741
f 742 662 743
f 743 744 745
f 746 747 748
f 749 750 751
f 748 752 746
f 753 754 755
f 754 753 756
f 748 753 757
f 758 759 760
f 761 762 760
f 763 758 764
f 758 763 765
f 759 758 766
f 767 764 768
f 769 447 770
f 771 772 769
f 440 773 444
f 774 771 775
f 771 774 776
f 776 777 771
f 778 779 780
f 781 782 778
f 783 784 785
f 780 784 397
f 784 783 398
f 782 786 779
f 767 785 787
f 561 554 788
f 789 560 790
f 788 791 561
f 792 789 793
f 794 795 796
f 797 796 798
f 799 794 797
f 800 801 802
f 803 804 800
f 796 801 805
f 806 807 808
f 807 809 810
f 811 812 813
f 813 806 814
f 808 810 815
f 816 817 818
f 819 820 816
f 821 817 822
f 823 824 820
f 825 819 826
f 826 816 827
f 828 829 830
f 831 832 833
f 834 835 830
f 836 828 837
f 836 838 828
f 832 839 840
f 830 839 834
f 841 842 843
f 842 841 844
f 843 845 841
f 846 847 848
f 849 850 846
f 846 851 849
f 848 852 853
f 854 852 855
f 848 853 846
f 856 857 858
f 857 859 860
f 859 857 861
f 862 863 860
f 858 864 856
f 865 866 867
f 868 865 869
f 867 870 631
f 871 872 866
f 873 874 875
f 874 876 877
f 878 497 874
f 879 880 881
f 874 873 878
f 882 883 884
f 882 885 886
f 887 888 884
f 885 882 889
f 890 891 892
f 893 894 895
f 892 896 890
f 897 898 899
f 898 900 901
f 897 902 903
f 904 905 901
f 902 897 906
f 907 908 909
f 910 911 912
f 910 913 911
f 908 914 911
f 915 907 916
f 917 918 919
f 611 920 609
f 609 921 607
f 918 917 571
f 922 923 924
f 919 921 925
f 919 926 917
f 926 919 927
f 928 929 930
f 931 932 933
f 934 932 935
f 932 934 930
f 936 937 931
f 938 933 939
f 940 941 942
f 941 943 944
f 945 946 944
f 942 947 940
f 948 949 940
f 950 254 951
f 952 253 950
f 31 30 730
f 139 90 953
f 954 91 955
f 955 956 954
f 668 372 957
f 365 370 366
f 958 959 960
f 961 962 963
f 964 965 960
f 963 966 961
f 967 968 969
f 935 937 969
f 970 971 972
f 969 970 935
f 968 967 973
f 971 970 974
f 973 975 968
f 449 976 454
f 977 978 979
f 979 980 977
f 977 981 982
f 983 981 984
f 985 986 987
f 988 989 985
f 987 990 985
f 985 859 988
f 991 992 987
f 987 993 991
f 993 994 995
f 996 997 998
f 999 996 1000
f 998 1001 1002
f 1003 1001 1004
f 1005 1006 1003
f 662 742 1007
f 1008 1009 1007
f 1007 1010 1008
f 742 1011 1010
f 743 1012 742
f 1013 1014 1015
f 679 780 1014
f 48 1016 47
f 1017 49 1018
f 1018 1019 1017
f 1019 1018 1020
f 1021 1022 1023
f 1023 1024 1021
f 1021 1025 1026
f 1026 1027 1021
f 1023 1028 1029
f 1028 697 1030
f 697 1028 695
f 1031 1032 1033
f 1034 1035 1033
f 1036 1034 1037
f 1038 1036 1039
f 1032 1040 1037
f 1041 596 1042
f 1041 1043 1044
f 1044 597 1041
f 599 1045 598
f 1046 597 1047
f 1047 1044 1048
f 1049 1020 1050
f 1051 1049 1052
f 1053 1049 1054
f 1054 1050 1055
f 1056 1057 1058
f 1059 1060 1061
f 1062 1063 989
f 1064 1062 988
f 989 1065 986
f 986 1066 993
f 1067 1068 1069
f 1068 1067 1070
f 1069 1071 1067
f 1072 1073 1069
f 1069 1074 1072
f 1068 1075 1074
f 1076 1077 794
f 1077 1078 795
f 1079 1080 1081
f 1082 1083 1084
f 1080 1085 1084
f 1086 1087 1088
f 1088 1082 1086
f 1085 1089 1086
f 1090 1091 1092
f 1093 1094 1092
f 1095 1093 1096
f 645 1090 647
f 1097 1098 1090
f 1097 1090 1099
f 1100 1101 1102
f 1103 1104 1101
f 1105 1106 1107
f 1106 1105 1108
f 1102 1106 1109
f 1110 1111 1112
f 1113 1114 1112
f 1112 1115 1110
f 1116 1115 905
f 1117 906 1113
f 1118 1113 1119
f 1120 1117 1118
f 1121 1122 1123
f 1124 1125 1122
f 1123 1126 1121
f 1127 1128 1123
f 1123 1129 1127
f 1130 1131 1132
f 1133 1134 1135
f 1135 1130 1136
f 1137 1138 1139
f 1140 1137 1141
f 786 782 1142
f 1143 1144 1145
f 1142 1146 786
f 1144 1143 1147
f 1148 1143 683
f 1149 1150 1151
f 1152 1153 1154
f 1153 1155 1151
f 1154 1156 1152
f 1150 1157 1154
f 1150 1149 1158
f 1158 1159 1150
f 1160 1161 665
f 672 1161 1162
f 1161 1160 1163
f 665 1164 1160
f 1164 665 670
f 1165 1038 1166
f 1166 1039 1167
f 688 690 1032
f 690 1168 1040
f 49 1017 262
f 262 1169 237
f 1170 1169 1171
f 1172 1173 1174
f 1173 1172 1175
f 1176 1177 1178
f 1175 1177 1179
f 1177 1176 1180
f 1178 1172 1181
f 419 407 1181
f 1182 1183 406
f 1184 1185 649
f 1027 703 1022
f 1186 1187 1188
f 1189 1186 1190
f 1186 1189 1191
f 1190 1188 1192
f 1188 1193 1194
f 1193 1195 1196
f 1187 1197 1193
f 1198 1199 1200
f 1200 1201 863
f 1202 1203 1204
f 1200 1205 1198
f 1206 1207 1208
f 1208 1209 1206
f 1210 1211 1212
f 1213 1214 1215
f 1214 1134 1207
f 1207 1206 1215
f 1216 1131 1213
f 1141 1139 1216
f 1131 1130 1214
f 1217 1218 1219
f 1217 1220 1221
f 1219 1222 1223
f 1224 1219 1225
f 1219 1224 1217
f 1218 1226 1222
f 1227 1228 638
f 1229 1230 1228
f 572 566 734
f 1231 736 1232
f 740 570 732
f 1233 1234 1235
f 1235 1236 1233
f 1237 1238 1239
f 945 1239 1240
f 1241 1242 1243
f 1244 1245 1246
f 1242 1247 1246
f 1248 1249 1241
f 1247 1242 1250
f 825 1251 1252
f 1251 825 1253
f 819 825 1254
f 1252 1255 1256
f 1257 1258 1259
f 1259 1260 1257
f 1257 1261 81
f 1262 1263 1264
f 1265 1266 227
f 225 228 1267
f 1267 1266 1268
f 1266 1265 1269
f 1270 1271 1272
f 1273 1274 1275
f 1275 1276 1273
f 1277 1270 1278
f 1279 1280 1272
f 1281 1282 1283
f 1284 1285 1282
f 1286 1287 1288
f 1289 1290 1286
f 1290 1291 1287
f 1292 1293 1294
f 1294 1295 1292
f 1296 1297 1292
f 1298 1299 1300
f 1301 1302 1303
f 1304 1305 1303
f 1303 1306 1301
f 1302 1307 1308
f 1309 1304 1308
f 1302 1301 1310
f 1311 195 1312
f 195 1311 191
f 318 9 1313
f 1314 1315 1316
f 1313 1317 318
f 1317 1313 1318
f 1319 1314 1320
f 501 500 1321
f 500 1322 1323
f 1324 1325 1326
f 1325 1327 1323
f 1327 1328 1321
f 1329 1330 1331
f 1332 1333 1331
f 1334 1335 1336
f 1337 1329 1335
f 1338 1339 1332
f 1331 1340 1332
f 1341 1342 1343
f 1344 456 1345
f 1346 1341 453
f 1342 1341 1347
f 456 450 1343
f 935 972 934
f 972 1348 1349
f 1350 1351 1352
f 1353 1352 1354
f 1351 1355 1356
f 1352 1356 1357
f 1358 1351 1359
f 1351 1358 1355
f 508 1360 505
f 1361 1362 1363
f 880 879 1364
f 1365 1366 1364
f 1367 1368 496
f 496 880 1367
f 1366 1365 1369
f 1364 1370 1365
f 1371 1372 1373
f 1374 749 1375
f 1376 1377 1374
f 1378 1374 1379
f 1379 1375 1380
f 752 1381 751
f 1221 1382 1217
f 1382 1383 1218
f 1384 1385 1386
f 1387 1384 1388
f 1389 1390 1391
f 1388 1386 1392
f 1393 1391 1394
f 1048 1395 1396
f 1397 1048 1398
f 1395 1399 1400
f 1401 1402 1400
f 1048 1403 1395
f 1404 1405 1406
f 1406 1407 1408
f 1409 1410 1411
f 1405 1404 1412
f 1405 1413 1407
f 1414 1415 1416
f 1417 1416 1418
f 1308 1419 1309
f 1418 1419 1420
f 1415 1421 1309
f 1422 1423 1424
f 1424 1393 1425
f 1391 1393 1389
f 1389 1423 1426
f 1027 1026 1427
f 1428 904 1427
f 1427 1429 1428
f 1430 1429 1431
f 1432 1082 1433
f 1434 1433 1435
f 1436 1437 1438
f 1438 1439 1440
f 1441 1439 1442
f 1443 1444 1436
f 1445 1446 1447
f 1448 1449 1450
f 1446 1451 1448
f 1446 1445 953
f 1451 1446 956
f 1238 1237 1452
f 944 1237 945
f 1452 1453 1238
f 1452 943 1454
f 1455 1456 1457
f 1458 601 1456
f 1047 1459 1046
f 1460 1458 1455
f 1461 1462 1463
f 1463 1464 653
f 1461 1465 1466
f 1465 1461 363
f 1462 1461 1467
f 1468 1436 1469
f 1470 1443 1468
f 1471 1472 1128
f 1472 1473 1474
f 1475 1471 1476
f 1126 1472 1477
f 1478 1479 1480
f 1480 1481 1478
f 1482 1483 1484
f 1485 1486 1487
f 1488 525 519
f 521 527 519
f 519 1489 1488
f 525 1488 1490
f 526 525 1491
f 1492 1493 1494
f 1494 1495 1496
f 1497 1495 1498
f 1499 1500 1501
f 1500 1502 1492
f 1501 1492 1503
f 1503 1494 1504
f 1505 1506 274
f 271 272 1507
f 1508 1509 1510
f 1510 1511 1508
f 1512 1513 1510
f 1514 1515 1510
f 1509 1516 1514
f 1517 1518 1519
f 1520 1521 1522
f 1519 1523 1517
f 1523 1524 1522
f 1522 1525 1520
f 1526 1527 1528
f 1528 1529 334
f 1527 1530 1529
f 1531 1532 1533
f 1534 333 1532
f 1530 1535 1533
f 1536 1531 1537
f 1538 1539 486
f 1540 1541 1542
f 1543 1544 1538
f 484 483 1541
f 1545 1544 385
f 1546 1545 1547
f 1548 1547 1549
f 1547 1548 1546
f 982 1550 977
f 1550 1551 978
f 1552 1553 1554
f 978 1555 1556
f 1554 1555 1557
f 1558 1550 1559
f 1560 664 1561
f 664 1560 744
f 660 1562 658
f 1562 1563 1561
f 1561 1164 1560
f 438 1564 1565
f 1566 1567 1565
f 1568 1566 1569
f 1570 1571 1572
f 1573 1574 1575
f 1576 1572 1577
f 1571 1578 1575
f 1579 1580 1221
f 1581 1411 1582
f 1412 1583 1405
f 1584 1409 1581
f 1581 1585 1584
f 1582 1413 1586
f 1582 1587 1581
f 1587 1582 1588
f 1589 1590 1591
f 1592 1593 1590
f 1590 1594 1595
f 1592 1590 1596
f 1597 1593 1598
f 1599 1600 1601
f 1601 1602 1599
f 1603 1604 1605
f 1606 1600 1607
f 1600 1599 1608
f 1600 1606 1605
f 339 338 344
f 621 1609 618
f 342 1610 340
f 1542 1611 1540
f 1611 1612 1613
f 1614 1615 1616
f 1615 1617 1613
f 1545 1546 1542
f 1544 1545 1539
f 1541 1540 484
f 1197 1187 1618
f 1187 1186 1619
f 1620 1621 1619
f 1618 1622 1197
f 1623 1624 1625
f 1623 1504 1609
f 1504 1623 1503
f 1624 1623 621
f 1626 1501 1625
f 1627 1626 1628
f 1629 1627 1630
f 1631 1632 1633
f 1632 1631 1634
f 1635 1632 1636
f 1637 1638 1639
f 1633 1637 1640
f 1638 1637 1635
f 1310 1641 1302
f 1420 1307 1642
f 1267 1643 225
f 1268 1644 1267
f 168 226 1645
f 1646 1647 1648
f 1648 1649 1646
f 1650 1651 1646
f 1648 1652 1653
f 1654 1652 1655
f 1656 1657 1654
f 1658 1659 1184
f 1660 1184 651
f 1661 1658 1660
f 651 1662 1660
f 1663 1664 1665
f 1665 1666 1667
f 757 755 1668
f 1664 1669 1666
f 1670 1671 1663
f 1665 1672 1663
f 1673 1674 1675
f 1676 1673 1677
f 1678 1679 1676
f 1679 1680 1673
f 1677 1339 1676
f 1681 1682 1683
f 1684 1682 1426
f 611 610 1684
f 920 611 1685
f 1426 1686 1684
f 1326 1687 1324
f 1688 1689 1690
f 1689 1688 1147
f 1691 1688 1692
f 1690 1687 1693
f 1192 1694 1190
f 1695 1696 1694
f 342 341 1194
f 1697 1698 1190
f 1699 1700 1412
f 1699 1701 1700
f 1586 1583 1702
f 1703 1702 1704
f 1705 1706 1707
f 1708 1709 1706
f 1710 1707 1711
f 1712 1713 1714
f 1715 1714 1716
f 1717 1334 1718
f 1719 1337 1334
f 1720 1719 1717
f 1719 1720 1721
f 1722 1717 1723
f 1717 1722 1720
f 1724 1725 1726
f 1727 1728 1729
f 1728 1730 1724
f 1731 1732 1733
f 1734 1735 1727
f 1736 1387 1737
f 1418 1736 1417
f 1392 1738 1388
f 1739 1740 1741
f 1740 1739 1742
f 1743 1744 1745
f 1111 1743 1119
f 1746 1118 1745
f 1742 1746 1740
f 1747 1748 1749
f 1750 1747 1751
f 1752 1747 1753
f 1754 1755 1749
f 1756 1754 1757
f 1758 1757 1759
f 1757 1758 1756
f 1760 1761 1762
f 1122 1763 1124
f 1763 1764 1762
f 1765 889 1760
f 1125 1124 1766
f 1498 1767 1497
f 1768 1767 1769
f 1767 1498 1770
f 1495 1497 1771
f 1772 1773 1774
f 1767 1768 1774
f 1775 1776 1777
f 1776 1778 1779
f 1777 1779 1408
f 1780 1781 1782
f 1778 1783 1782
f 1784 1785 354
f 1786 1787 1788
f 354 347 1784
f 1785 1784 1789
f 1787 1790 1791
f 1792 792 1793
f 793 790 1794
f 1794 1795 793
f 1796 1797 1792
f 1798 1792 1799
f 1800 1801 1802
f 1803 928 1804
f 1801 1805 1804
f 1806 1807 1808
f 1808 1809 1806
f 1810 1811 1812
f 1808 1813 1814
f 1807 1815 1813
f 1816 1817 1818
f 1819 1820 1821
f 1822 1820 1823
f 1817 1816 1822
f 1821 1816 1824
f 1821 1825 1819
f 597 1046 595
f 1826 600 1458
f 1827 1828 1829
f 1830 1831 1832
f 1828 1827 1833
f 1829 1834 1827
f 1829 1831 1835
f 1836 1837 1838
f 1837 1836 1839
f 1840 1841 1842
f 1838 1843 1836
f 1844 1845 1838
f 1846 1844 1847
f 1837 1848 1847
f 1849 1850 1851
f 1852 1853 1854
f 1855 1852 1850
f 1855 1850 1856
f 1857 1144 1858
f 1147 1859 1689
f 1860 1859 1148
f 550 1861 1862
f 1863 1864 1861
f 1865 1866 1867
f 1868 1869 1866
f 1870 1868 1865
f 1871 1867 1872
f 1610 342 1196
f 1873 1874 1875
f 1874 1753 1876
f 1753 1874 1752
f 1877 1878 1876
f 1879 1873 1880
f 1878 1881 1875
f 1882 1883 831
f 833 1884 831
f 1885 1882 1886
f 839 832 1887
f 1888 1889 1890
f 1891 1649 1892
f 1892 1889 1893
f 1653 1890 1648
f 1894 1895 1896
f 1066 1897 994
f 1898 1896 1661
f 1896 1897 1658
f 1899 1900 1901
f 1901 1902 1009
f 1009 1008 1901
f 1902 1903 663
f 1903 1902 1904
f 912 1905 1906
f 1907 1908 1909
f 1906 1909 1910
f 1906 1911 912
f 1910 1912 1906
f 1863 549 1913
f 1914 1915 548
f 1861 550 1863
f 1913 1916 1863
f 1917 1918 1919
f 1920 1921 1922
f 1919 1923 1917
f 1924 1925 1917
f 1919 1920 1926
f 1923 1919 1927
f 1897 1066 1659
f 1659 1065 1185
f 1183 1182 1928
f 1929 1182 409
f 1178 1928 1176
f 1928 1178 1183
f 1182 1929 1930
f 1931 1932 1930
f 1933 1934 1935
f 1934 1933 1936
f 1937 1933 1938
f 1939 1940 1935
f 1935 1941 1939
f 1941 1942 1943
f 1934 1944 1941
f 1945 1892 1946
f 1947 1945 1948
f 1949 1891 1945
f 1949 1945 1604
f 1111 1110 1950
f 1951 1952 1953
f 1110 1954 1953
f 1952 1951 1328
f 1955 1956 1954
f 474 478 1957
f 1958 1959 1960
f 478 477 1960
f 1960 1961 1958
f 1962 1963 384
f 1964 1548 1965
f 1421 1415 1965
f 1963 1421 1549
f 1965 1966 1964
f 1967 1693 1968
f 1969 1968 1970
f 1971 1236 1972
f 1693 1973 1972
f 1692 1690 1967
f 1974 1975 1976
f 1977 1978 1979
f 1979 1980 1977
f 1980 1979 1981
f 1926 1922 1974
f 1982 1974 1642
f 1974 1982 1926
f 1299 1983 1984
f 1985 1295 1986
f 1299 1984 1294
f 1986 1984 1987
f 1988 1985 1989
f 1989 1986 1990
f 1641 1310 1991
f 1992 1993 1994
f 1982 1991 1927
f 1310 1995 1994
f 1996 1997 1998
f 1999 2000 2001
f 2001 2002 1999
f 1996 2003 2004
f 2004 2005 1996
f 1998 2006 1996
f 2007 2008 1754
f 1754 1756 2007
f 2008 2007 2009
f 1686 2010 1685
f 927 925 2011
f 925 920 2012
f 2013 2014 1915
f 2015 2016 2014
f 2014 2017 1913
f 2013 2018 2014
f 1959 2019 1957
f 475 474 2020
f 2021 2022 2023
f 1707 1710 1705
f 2022 1708 1705
f 2023 2024 2021
f 2022 2021 2025
f 973 2026 2027
f 2028 2027 1034
f 2027 2028 973
f 2027 1244 1035
f 2026 2029 1244
f 2030 2031 2032
f 856 2033 2034
f 857 856 2035
f 2036 2037 2038
f 2037 2036 2039
f 2040 2041 2042
f 2042 2043 2040
f 2039 2044 2037
f 2045 2046 2047
f 1839 1841 2048
f 2046 2049 2050
f 2046 2045 1094
f 2047 2051 2045
f 1841 1840 2050
f 2051 2047 2052
f 1770 2053 875
f 2054 1768 2055
f 875 877 1770
f 877 2056 1769
f 2057 1780 2058
f 1163 2059 2058
f 1163 2058 1162
f 1970 1453 1969
f 1236 1235 1970
f 1785 2060 1791
f 2061 2062 2063
f 2064 2065 2062
f 2066 2064 2061
f 1169 1170 1312
f 2067 1005 2068
f 2068 2069 2067
f 2070 2071 2072
f 2072 2005 2070
f 2073 2002 2068
f 579 2074 1806
f 575 579 2075
f 2076 2077 1893
f 2078 2079 2076
f 2080 2077 153
f 1893 2081 2076
f 1604 1603 1949
f 1646 1891 1650
f 1651 1650 2082
f 1604 1947 1601
f 1607 1608 2083
f 2084 2085 2086
f 591 2087 2088
f 2086 2087 2089
f 1882 2086 1883
f 2086 1882 2084
f 2090 2091 2092
f 2093 2094 2090
f 2095 2096 2094
f 2097 2091 2098
f 2094 2093 2095
f 2090 2099 2093
f 2092 2100 2090
f 2101 2102 2103
f 2103 2104 2101
f 2101 2105 2106
f 2107 2108 2109
f 1591 1104 1589
f 2110 2111 1103
f 1596 1589 2112
f 2113 2114 2115
f 2115 2116 2117
f 2118 2119 2117
f 2119 2118 2120
f 2115 2119 2113
f 2121 2122 2117
f 2123 2124 2125
f 766 765 2126
f 2127 2128 2129
f 2130 2131 2128
f 405 2132 2133
f 403 402 2132
f 2134 2133 2135
f 2136 2137 514
f 2138 2139 2140
f 2141 2142 2138
f 2142 1377 2139
f 2141 2143 2144
f 2143 2141 2145
f 2142 2141 750
f 565 1442 2146
f 2147 1232 2148
f 568 1441 565
f 1639 2149 2150
f 2150 2151 2152
f 2150 2153 1639
f 1523 1519 2154
f 2154 2155 1523
f 2155 2154 416
f 2156 2157 2158
f 2158 2159 2156
f 1519 2160 2158
f 489 488 2161
f 2162 741 756
f 735 2163 733
f 741 2162 739
f 739 2143 2164
f 1156 2165 2166
f 2167 1924 2165
f 1157 2167 1156
f 2168 2169 1790
f 2170 2171 2169
f 2172 2173 1045
f 1045 599 2172
f 1043 1041 2174
f 2175 2176 2177
f 2178 2179 2180
f 2181 2182 2176
f 2183 2181 2175
f 2184 2175 2185
f 2186 2187 2188
f 2189 2190 2191
f 2191 2192 2189
f 2193 2186 2194
f 2195 2196 2197
f 908 907 2198
f 2197 2199 2195
f 907 915 2197
f 914 908 2200
f 435 2201 2202
f 2203 2204 2205
f 2205 1383 2203
f 1990 1987 2206
f 2207 2204 1987
f 2208 1990 1580
f 1711 2209 1710
f 2024 2023 2210
f 2209 2211 2210
f 2211 2209 2039
f 2212 2213 2214
f 2214 2215 2212
f 2216 2217 2218
f 2219 2220 2221
f 2222 2223 2220
f 2220 2219 2222
f 2224 2225 2226
f 2227 2228 2229
f 2226 2230 2224
f 2230 2226 2231
f 2225 2232 2229
f 2225 2224 269
f 2233 2234 2235
f 2234 2159 2236
f 2237 2238 2236
f 2233 2239 1657
f 2235 2240 2233
f 2241 2242 1939
f 1939 1943 2241
f 2243 2244 2245
f 2244 2246 2247
f 2245 2247 2248
f 2249 2250 2251
f 2252 1824 2249
f 2248 2250 1818
f 322 79 2253
f 128 322 2254
f 2255 2256 2257
f 1261 2257 78
f 2257 1261 2255
f 2258 1469 2259
f 1469 2258 1468
f 1469 1438 2260
f 2261 2262 2259
f 2263 2258 2264
f 2260 1440 2265
f 2265 2261 2260
f 1569 2266 1568
f 2267 2268 1568
f 1731 2267 2269
f 2270 2269 2271
f 1564 2272 1569
f 2271 2266 2273
f 2274 2275 2204
f 1983 2274 2207
f 2205 2276 2277
f 2278 2279 2275
f 2280 2281 2274
f 2278 2275 1211
f 2282 2283 2085
f 592 2088 2284
f 2285 2286 2287
f 2288 2289 2290
f 2291 2289 2292
f 2286 2285 2291
f 852 2290 2293
f 854 2288 852
f 2290 2285 2294
f 1881 2295 1880
f 2296 2297 2298
f 2295 2299 2300
f 1880 2300 1879
f 2301 2302 2303
f 2304 2305 2302
f 2305 2304 2306
f 2304 2307 2308
f 2307 2304 2301
f 1336 1333 1677
f 1718 1336 1675
f 2309 2310 2311
f 638 2310 1227
f 2096 2312 2098
f 2313 2314 2095
f 2315 2316 2317
f 2317 2318 1536
f 2316 2319 2318
f 2318 1534 1531
f 2320 2321 2316
f 2316 2315 2320
f 178 169 2322
f 962 2323 2324
f 962 961 2323
f 2323 1054 2325
f 1053 1054 2326
f 2327 2328 2325
f 2329 603 265
f 2330 2329 179
f 2331 2332 2333
f 2334 2331 2335
f 2336 2337 2333
f 2338 2339 2340
f 2341 2336 2339
f 2342 2343 2344
f 2345 463 2346
f 464 2342 462
f 2347 2348 2345
f 2346 2349 2345
f 2350 2351 2352
f 2280 2353 2350
f 2354 2355 2351
f 2353 2280 1983
f 2281 2280 1209
f 2356 2357 1385
f 2357 2358 1394
f 2359 606 2360
f 2360 2361 2362
f 2360 2363 2359
f 2364 345 1771
f 345 344 1496
f 1771 1773 2364
f 2365 2366 2367
f 2367 2368 1354
f 2366 2369 2368
f 2366 2365 715
f 2370 2371 2372
f 2373 2370 2374
f 2375 2000 2370
f 2376 2371 1999
f 2377 2006 2378
f 2378 2375 2373
f 1298 2353 1299
f 2354 1298 2379
f 1515 2380 1512
f 2381 1513 2382
f 2383 2381 2384
f 1515 2385 2380
f 2384 2382 2386
f 2387 2388 1097
f 1097 1099 2387
f 2389 1091 2390
f 1955 1954 1116
f 1355 2391 2063
f 2391 2392 2393
f 2394 2061 2393
f 389 2395 2396
f 2395 2397 2398
f 393 600 2395
f 2399 2400 2401
f 1225 2402 1224
f 2402 2403 2404
f 2400 1220 2404
f 2401 2386 2399
f 2400 2399 2405
f 2406 2407 1985
f 2407 2406 2408
f 2408 1296 2407
f 1116 905 1428
f 901 2409 904
f 1955 1116 2410
f 2411 260 2412
f 2413 259 2411
f 2414 2415 2416
f 818 2417 2418
f 2417 2419 2416
f 2415 2420 2418
f 1656 2421 2234
f 2234 2233 1656
f 2422 2423 2424
f 2425 2426 2427
f 145 148 2424
f 2424 2426 145
f 2424 2428 2422
f 1499 2429 593
f 593 2430 591
f 860 990 862
f 2431 2432 2433
f 2434 2435 2436
f 2435 2437 2433
f 2438 2439 2434
f 2439 2440 2435
f 2441 1079 2442
f 2443 1701 1079
f 1079 2441 2443
f 2444 705 2445
f 705 2444 2446
f 706 705 2447
f 2448 1064 861
f 2449 2450 2451
f 2452 1330 2450
f 2453 2451 2454
f 2450 2455 2296
f 2298 2456 2296
f 992 991 2457
f 991 995 2458
f 2459 1204 2457
f 2458 2406 1988
f 1988 2459 2458
f 1159 1158 2460
f 1284 2461 2462
f 2463 2462 2464
f 2465 2466 1482
f 2467 1483 2196
f 2466 2465 2200
f 1484 1937 1482
f 1479 1478 2467
f 1507 2232 271
f 2468 2469 2470
f 929 928 2468
f 2471 1803 2472
f 1803 2471 2468
f 939 929 2470
f 2473 2474 2475
f 2476 2477 1671
f 2478 2479 2477
f 2475 2480 2473
f 2481 2482 2483
f 2483 2484 2481
f 2485 2482 2486
f 2487 2483 2488
f 2489 2490 2482
f 2482 2481 2489
f 619 1610 2491
f 343 337 2364
f 1683 2492 1681
f 1681 2493 2494
f 2492 1683 2495
f 2494 2496 1681
f 2432 2497 2436
f 2498 2499 2431
f 2499 2498 2500
f 2501 2499 2502
f 2497 2432 2501
f 2503 2431 2504
f 2193 2505 798
f 2505 910 2506
f 1911 797 2506
f 2194 2507 2193
f 798 805 2193
f 2508 2509 2510
f 2509 2508 1884
f 2510 2511 2508
f 1885 1886 2512
f 2513 2514 2515
f 2511 2510 2516
f 1122 1121 1763
f 1535 2517 1537
f 2518 2519 2520
f 2518 18 2521
f 2522 2523 2520
f 2520 2524 2522
f 2520 2525 2518
f 2526 2524 2396
f 1136 2527 1135
f 1136 1132 2528
f 2528 2529 1136
f 1135 2530 1133
f 782 781 1145
f 2531 692 958
f 2532 964 2533
f 692 691 959
f 2534 2535 2414
f 2420 2415 2536
f 2537 2414 2538
f 1417 1737 2539
f 1738 1392 2540
f 2539 1738 2541
f 1416 1417 1414
f 2541 2542 2539
f 2543 1283 2544
f 2545 1281 2543
f 2460 2461 2545
f 2461 1284 1281
f 2546 2547 711
f 2548 2549 2547
f 409 2546 1929
f 2200 2198 2466
f 2305 2467 2195
f 563 562 2550
f 560 789 562
f 562 2551 2552
f 2355 2354 2314
f 2553 2554 2555
f 2312 2096 2379
f 2555 2355 2313
f 2379 1300 2312
f 2556 2557 2558
f 2558 2559 2556
f 2560 2561 2556
f 2559 2558 2562
f 2563 2564 2565
f 2558 2566 2567
f 1203 1202 2568
f 2568 2569 1203
f 1203 2570 1198
f 2571 2572 2568
f 2573 2208 1579
f 1579 2571 2573
f 2208 2573 2574
f 2575 1775 2576
f 1775 2575 2577
f 2578 2576 1409
f 1408 1410 1777
f 2576 2578 2575
f 1768 2054 2579
f 2579 2580 2581
f 2581 1772 2579
f 2580 2441 2582
f 2054 2583 2580
f 2584 1191 2585
f 2584 1620 1191
f 1698 2586 1189
f 2586 2587 2588
f 363 1463 359
f 653 2589 650
f 821 2590 2419
f 822 2591 821
f 2592 2590 2593
f 824 2594 822
f 2419 2417 821
f 946 2595 942
f 2596 2597 2565
f 2598 2563 2599
f 2565 2566 2596
f 2597 2600 2599
f 2601 2602 2596
f 2603 2411 2604
f 1056 2413 2603
f 1057 1056 2605
f 2604 894 2603
f 2604 2412 896
f 374 886 373
f 2606 371 2607
f 327 1526 325
f 2608 2609 1526
f 2610 2608 327
f 2611 2612 2608
f 2613 2611 2610
f 2614 461 2348
f 2615 2614 2616
f 862 992 1205
f 1577 1574 2582
f 1574 1573 2581
f 2582 2442 1577
f 2617 2618 2619
f 1127 2617 2620
f 1129 1125 2617
f 2621 2619 2622
f 2623 2624 1213
f 2624 2625 1216
f 2625 2624 2626
f 2627 2628 660
f 2097 2629 2630
f 2098 2631 2097
f 2630 2632 2097
f 2632 2630 2633
f 2630 1898 2634
f 1896 1898 1894
f 2635 2282 2084
f 2084 1885 2635
f 2636 2637 2635
f 2283 2282 2638
f 2249 2639 2252
f 2640 1825 2641
f 2642 2641 2643
f 2251 2644 2249
f 1083 2645 1081
f 2646 2647 2648
f 2649 2650 2651
f 2650 1567 2652
f 440 439 2650
f 2647 1921 2652
f 868 575 2653
f 2653 2654 868
f 2653 2075 2655
f 2656 2657 1280
f 2657 2658 1278
f 1278 2659 1277
f 1280 1279 2656
f 2657 2656 2660
f 955 2523 2661
f 2523 91 2525
f 2293 2294 2662
f 2662 2663 2293
f 2663 2662 2664
f 2662 2665 2666
f 2667 2665 2287
f 1626 1627 2429
f 2033 2668 2032
f 864 2669 2033
f 2032 2670 2030
f 2113 2671 2672
f 2673 2672 2674
f 2675 2676 2677
f 2678 2679 2671
f 2671 2119 2678
f 2680 2681 2682
f 2185 2680 2184
f 2683 2684 2680
f 2175 2184 2183
f 2184 2682 2685
f 775 769 2686
f 2687 774 2688
f 1924 2167 2686
f 2686 2689 775
f 2686 770 1924
f 770 773 1925
f 1507 1506 2690
f 1506 1505 2691
f 2692 2693 2694
f 2692 2695 2696
f 2696 2697 2692
f 2694 2140 2692
f 2693 2698 2699
f 2699 2700 2164
f 2694 2699 2145
f 910 2505 913
f 675 1744 673
f 1744 675 1741
f 680 2701 677
f 674 673 681
f 673 1743 1950
f 2702 2703 2542
f 1415 1414 1966
f 1108 2704 2705
f 2705 2706 1108
f 2707 2704 2708
f 148 139 2428
f 2709 2710 2634
f 2634 1661 2709
f 2711 510 2712
f 2713 2714 2712
f 2712 501 2713
f 2715 2716 2717
f 2718 2719 2715
f 2720 2715 2721
f 2717 2722 2723
f 2722 2724 2725
f 2724 2722 2726
f 1674 2727 2728
f 2729 2292 2730
f 2727 2291 2729
f 2727 1674 2731
f 2728 2729 1723
f 2019 1959 1030
f 2732 2019 704
f 2733 2020 2732
f 2447 2732 706
f 2006 1998 2375
f 2734 2735 2736
f 2737 2738 2739
f 2740 2736 2741
f 2741 2742 2740
f 2743 2048 2744
f 2745 1839 2743
f 1839 2745 1837
f 2746 1830 2747
f 722 2748 2746
f 1831 1830 2749
f 2750 2746 2751
f 2752 2753 2747
f 2747 1832 2752
f 1832 1828 2754
f 2755 2756 1435
f 1434 2627 2757
f 2758 1433 2757
f 1434 2756 2627
f 2759 2755 1087
f 2755 2759 2760
f 2761 2227 2762
f 2227 2761 2563
f 2762 2690 2761
f 30 263 1061
f 604 2763 75
f 1794 791 2764
f 1485 2765 788
f 2766 2767 2765
f 2767 2768 2764
f 1459 1047 1397
f 1490 2769 2770
f 2770 2771 2772
f 1491 1490 2773
f 2774 2775 2769
f 2774 2769 2776
f 2764 2777 1794
f 2486 2778 2779
f 2488 2485 2780
f 2781 2780 2779
f 2782 2783 2490
f 773 440 2649
f 594 592 2784
f 589 594 2785
f 2786 2787 2788
f 2789 2788 2092
f 623 2100 2790
f 2787 1630 2790
f 2790 2791 623
f 834 2792 2786
f 1630 2787 1629
f 2791 1624 620
f 1624 2791 1628
f 2793 1361 2794
f 2794 1363 509
f 1361 2795 1362
f 2796 2795 2793
f 2797 2130 2127
f 2131 2130 2798
f 1858 2797 1857
f 427 2202 1443
f 350 2799 346
f 2800 619 2801
f 2801 2802 2800
f 1195 2803 2491
f 2804 1262 2427
f 2804 2805 2806
f 2427 2423 2804
f 2806 2807 2804
f 1258 2425 1264
f 2387 2808 2809
f 2810 2809 2612
f 2811 2388 2809
f 2808 2812 2813
f 1099 2814 2808
f 1209 1208 2281
f 2352 2815 2350
f 2816 2278 1210
f 2114 1253 2116
f 2817 2121 2818
f 2673 1251 2114
f 2819 2820 1349
f 2821 2822 2823
f 2823 2824 2825
f 2825 2826 2823
f 2826 2827 2828
f 2829 2821 2828
f 603 2329 421
f 2830 2831 681
f 2832 2833 2674
f 1256 2833 2834
f 2833 2832 2835
f 2674 2676 2832
f 1251 2673 1255
f 1843 2836 1842
f 1842 2837 1840
f 1670 2838 2839
f 1663 2840 1670
f 2839 2476 1670
f 2841 2842 2843
f 1712 2844 2842
f 2845 2846 2847
f 2846 2845 2439
f 2847 1835 2845
f 2848 2849 2850
f 2850 2440 2848
f 479 473 2851
f 2852 477 2853
f 2851 2854 479
f 2851 469 2030
f 469 468 2031
f 2855 2856 2857
f 2857 2858 2859
f 2856 2816 2858
f 2860 2861 1964
f 1964 2703 2860
f 1612 1611 2861
f 2862 1102 2863
f 356 355 1063
f 2766 1487 2306
f 2467 2305 1479
f 2864 2865 2866
f 2867 2868 2869
f 2866 2870 2864
f 2871 2867 2872
f 2870 2866 2873
f 1175 2874 1173
f 2875 2876 2754
f 2753 2752 2877
f 2877 2876 493
f 2814 1099 644
f 2517 2814 1230
f 1159 2689 1157
f 1894 2629 1297
f 2312 1293 2631
f 1688 1691 1858
f 2130 2797 2878
f 1692 2879 1691
f 2880 854 2881
f 854 2880 2288
f 847 2882 855
f 2883 2733 2447
f 2545 2687 2460
f 2884 2319 2885
f 2884 2886 333
f 2885 2321 2887
f 2262 2885 2264
f 2886 2884 2262
f 2888 2889 1844
f 2890 2807 2891
f 2889 2888 2806
f 1844 1846 2888
f 814 2891 813
f 906 1117 902
f 905 1114 899
f 2892 2893 2894
f 2895 1000 2892
f 2896 1869 2894
f 2893 1002 2897
f 546 2896 2897
f 547 546 2898
f 1929 711 2899
f 1879 2297 2900
f 2901 2118 2902
f 2903 2901 1075
f 2904 2577 2905
f 2577 2904 1775
f 2577 2906 2907
f 2908 2904 2909
f 2706 2705 2907
f 413 418 411
f 844 414 842
f 2910 2911 414
f 2912 2910 844
f 2454 2456 2913
f 2456 2298 2914
f 2915 2916 2299
f 2299 2295 2915
f 559 553 2917
f 563 2918 552
f 1963 1962 1305
f 2919 1306 378
f 2341 2919 380
f 2920 2921 2922
f 2923 724 1015
f 2924 725 2923
f 2922 2925 726
f 1015 2925 1013
f 2926 2927 2928
f 2929 2930 1179
f 2926 2931 2873
f 2932 2933 2930
f 2928 2104 2926
f 2934 2935 2936
f 2935 2937 2938
f 2935 2934 2939
f 2940 2941 2938
f 2941 939 2936
f 2936 2470 2934
f 876 495 2056
f 497 490 876
f 2942 2943 494
f 2944 2055 2943
f 2945 2946 2947
f 2553 2945 2948
f 2948 2947 2949
f 2950 1622 2951
f 2951 2952 2950
f 2946 2945 2953
f 1622 2950 2954
f 2955 2956 2957
f 2958 2959 2956
f 2956 2960 2961
f 2957 2961 999
f 2961 2962 996
f 2963 723 2964
f 2746 2750 722
f 2964 2750 2965
f 2748 722 727
f 2089 2430 2966
f 2966 1887 2089
f 2616 2967 2615
f 2348 2347 2616
f 2515 1467 2513
f 2099 624 2968
f 2093 2968 2969
f 2923 401 2924
f 2924 2134 2970
f 2133 2134 405
f 2542 2541 2702
f 441 443 445
f 777 2971 772
f 671 2972 2973
f 2974 2975 2976
f 2975 2974 1904
f 2976 2977 1615
f 2978 2977 2979
f 581 580 2980
f 2980 2981 2982
f 2982 2983 2980
f 2980 2984 581
f 2981 627 2985
f 627 2981 630
f 2638 2986 2283
f 2986 2987 2284
f 1062 1064 364
f 2988 362 2989
f 471 2989 2448
f 476 2988 471
f 2990 2991 1234
f 2991 2992 1240
f 2993 542 2994
f 2489 540 2993
f 2995 2996 2997
f 2504 2998 2503
f 2999 3000 3001
f 2503 2995 3002
f 2789 2633 3003
f 2633 2789 2632
f 1667 3004 1665
f 3005 3006 3007
f 2860 3008 3005
f 3007 1616 3005
f 3005 1612 2860
f 3009 3010 1318
f 3011 3012 3013
f 1602 3013 3014
f 3013 1948 3011
f 3014 3015 1599
f 3010 3009 3014
f 3016 2313 2969
f 2802 3016 3017
f 3018 2555 3016
f 3019 3020 3021
f 3022 3023 3024
f 3025 3024 3026
f 3027 3022 3025
f 3028 3029 1564
f 2273 2272 2102
f 3029 3028 3030
f 614 3031 569
f 571 923 568
f 607 918 3031
f 2464 1149 3032
f 3033 3032 3034
f 2948 2352 2553
f 3035 2151 3036
f 2177 2179 3037
f 2179 2178 3035
f 3036 3038 3035
f 1638 3039 2149
f 3038 3036 3040
f 2102 2101 2273
f 2106 3041 3042
f 3030 2109 3029
f 3042 2271 2106
f 2705 3043 2905
f 3043 3044 2909
f 3044 3043 2707
f 778 676 781
f 1014 1013 679
f 780 679 778
f 3045 2957 3046
f 3047 1722 2730
f 2730 3048 3047
f 1723 1718 2728
f 2658 3049 2659
f 2659 3050 2734
f 3050 3051 2735
f 3052 3049 3053
f 3051 3050 3052
f 3054 3055 3056
f 3055 2879 3057
f 3055 3054 2798
f 3058 3054 3059
f 3057 3060 3061
f 3061 3062 3057
f 2998 3063 2995
f 2996 2135 3001
f 3064 459 2614
f 2614 2615 3064
f 2136 2999 2137
f 3065 3066 2999
f 2999 2136 3065
f 1800 2819 3067
f 1349 3068 2819
f 3069 3067 3070
f 3067 3071 3072
f 537 3071 3073
f 3074 2852 3075
f 3076 1470 3077
f 432 428 3076
f 3078 3076 3079
f 3079 3077 2263
f 593 585 1499
f 1501 1626 1499
f 3076 3078 432
f 3080 3078 3081
f 3082 430 3083
f 3084 3083 3080
f 3085 1931 2899
f 2899 712 3085
f 3086 3087 3085
f 3004 1667 3088
f 1137 1140 3089
f 1869 2896 1862
f 3090 3091 1823
f 3092 1822 3093
f 3094 3092 3095
f 3096 3091 3097
f 3091 3096 3093
f 3098 2495 2696
f 3099 3100 3101
f 3006 3102 3099
f 3102 3098 3100
f 2698 2693 615
f 614 2698 608
f 615 2697 613
f 3103 126 3104
f 1457 1459 3105
f 3106 1457 3107
f 3105 1397 639
f 497 878 496
f 3108 3109 3110
f 3111 3112 3109
f 3109 1855 3111
f 3113 3114 3115
f 1631 3116 3117
f 1634 3117 3118
f 3117 2560 3119
f 3116 3120 2560
f 3121 3122 3116
f 1989 2574 1988
f 2756 2755 3123
f 508 1362 1360
f 2991 2990 3124
f 3124 3125 2991
f 3126 2219 3127
f 3128 812 3127
f 3129 3126 3130
f 3127 2221 3128
f 1400 3131 1401
f 1399 3132 3131
f 1403 3133 1399
f 3134 3135 3136
f 3137 3138 3134
f 3138 3137 3139
f 3135 3138 2584
f 3134 976 3137
f 619 2800 617
f 2215 2214 3140
f 3141 3142 2223
f 2223 2222 3141
f 2654 3143 865
f 873 588 881
f 881 589 879
f 2144 2162 747
f 3144 3145 3075
f 2852 3074 3146
f 3075 3147 3144
f 3075 2853 3147
f 2651 1918 2649
f 3148 3149 1289
f 1289 3150 3148
f 931 3151 936
f 1305 1304 1963
f 3152 3153 3154
f 3154 2993 3152
f 3153 3152 2071
f 3155 3156 2994
f 3157 3158 3159
f 3160 3161 3157
f 3162 3158 3163
f 3164 3165 3161
f 3166 3167 3168
f 3166 3169 3167
f 3170 3166 3171
f 3168 63 60
f 2521 19 3167
f 1701 1699 1080
f 2443 3172 1701
f 994 1895 2408
f 1427 3173 1027
f 702 703 2409
f 2215 3174 2218
f 3175 2216 3176
f 3177 3178 3176
f 3174 2215 3179
f 3003 2786 2789
f 835 834 3003
f 924 3180 922
f 1369 1372 3181
f 1369 3182 1366
f 3183 1455 3106
f 3184 1460 3183
f 3185 1826 1460
f 3183 2837 3184
f 2837 3183 2052
f 3184 2836 3186
f 1460 3184 3185
f 1103 3187 2110
f 3188 2112 2110
f 3189 3188 3190
f 3187 3191 3190
f 1100 3192 3187
f 2880 3193 3194
f 3193 2880 3195
f 1297 1296 1894
f 3180 924 3196
f 1997 2069 2001
f 3197 3198 3199
f 3200 3201 3199
f 3199 3202 3197
f 3203 2363 3204
f 3204 3200 3203
f 2363 3203 3205
f 3198 3197 736
f 486 3206 1538
f 3207 3208 3209
f 485 3210 3206
f 3211 3209 3212
f 3213 2939 3214
f 913 2507 3215
f 2939 3216 3215
f 909 913 916
f 2939 3213 2935
f 3217 3218 632
f 3219 3218 3220
f 2835 3221 3217
f 3218 3219 3222
f 2827 3223 3224
f 535 3225 3226
f 3225 2829 3224
f 3111 1856 3227
f 3227 3228 3111
f 2125 3229 2123
f 2124 2123 1849
f 2987 3230 2784
f 1942 3231 3232
f 3233 3234 3232
f 3235 3236 849
f 849 3233 3235
f 3122 3121 3231
f 3236 3235 3237
f 3238 3239 3240
f 3241 3240 1735
f 3242 3243 3244
f 3244 3245 3246
f 3240 3245 3247
f 3248 3249 3239
f 3250 1654 2549
f 3251 3250 2548
f 2156 2421 3251
f 2549 1655 710
f 3252 1559 3253
f 3254 3252 3255
f 981 983 3253
f 1640 3237 1633
f 2153 3236 1640
f 3256 3257 3258
f 3259 426 3258
f 3260 3259 1165
f 3259 3260 3261
f 3258 3262 1165
f 1166 3263 1165
f 3260 3263 3264
f 3265 3266 2687
f 3265 2543 3267
f 2687 2545 3265
f 3267 3268 3265
f 3269 3270 3271
f 3270 3269 1401
f 3272 3271 3273
f 3274 3275 3276
f 3277 3278 3275
f 3279 3277 3274
f 2599 3280 2598
f 2598 3281 2228
f 1015 400 2923
f 3282 2793 3283
f 2793 3282 2796
f 3283 2794 3284
f 1268 1269 1796
f 2551 1797 3285
f 1644 1268 3286
f 3287 3288 3289
f 2720 3228 3289
f 3289 3290 3287
f 2715 2720 2718
f 3228 2720 3112
f 2719 2718 3291
f 3060 1967 1969
f 127 128 3104
f 3292 3103 3293
f 3294 3295 2958
f 3296 2960 3297
f 2960 3296 2962
f 3088 754 2163
f 750 2144 746
f 1580 2206 1382
f 2021 3298 3299
f 3299 457 3136
f 3298 3300 457
f 3301 3302 3303
f 2393 3302 2394
f 3304 3305 3301
f 3306 3307 2392
f 1401 3308 3270
f 3308 3309 3276
f 3310 3274 3311
f 566 2146 738
f 2131 3310 2126
f 2126 3311 766
f 2586 1698 1709
f 1696 3312 1697
f 1944 1934 3313
f 3120 3313 2561
f 3122 1944 3120
f 3313 1936 2601
f 1936 3314 2602
f 3315 3316 3317
f 499 491 3318
f 3317 3319 3315
f 493 3316 491
f 3317 3320 3321
f 3322 3320 3323
f 3324 1715 3325
f 3325 1716 3312
f 2363 2360 3326
f 3326 2362 2041
f 2041 2040 3326
f 2152 3327 2150
f 3327 2152 2882
f 2152 2178 3328
f 1140 1141 3139
f 2986 2638 3329
f 3329 3330 3331
f 3332 3329 3333
f 2987 2986 3332
f 3334 3335 3336
f 3337 2642 3338
f 3336 3339 3334
f 2643 3335 2642
f 2640 2641 3337
f 3340 3341 3342
f 3195 2182 3193
f 3342 3343 3340
f 3211 3344 3345
f 2726 3346 2724
f 2724 3347 3144
f 3347 2992 3145
f 3346 3348 3347
f 3349 2620 2621
f 1890 1653 3350
f 3350 3170 3351
f 3351 1888 3350
f 2240 3170 2239
f 3352 3353 3354
f 3355 3354 3356
f 3357 3358 3354
f 3359 3319 3356
f 3353 3318 3359
f 1703 498 3352
f 3360 3361 3362
f 2168 3363 3364
f 3362 3363 1786
f 3365 3273 3361
f 3366 3367 3368
f 3368 2744 3366
f 1096 3369 1095
f 2744 3368 2743
f 3368 3370 3371
f 3372 3370 3373
f 3374 903 3375
f 2638 2637 3330
f 898 897 3374
f 1454 3376 3377
f 1454 3378 3376
f 3379 350 3380
f 1453 3377 3061
f 351 3062 349
f 3381 3382 3383
f 3384 3381 3385
f 3385 3383 2320
f 2264 2887 2263
f 3386 3081 3381
f 2024 3387 3298
f 2210 3388 2024
f 3389 2929 1180
f 2927 2926 2874
f 2874 1175 2927
f 3390 761 3391
f 761 3390 3392
f 3393 3394 3395
f 3396 2872 3394
f 3397 3398 3399
f 3399 2870 3397
f 3400 3396 3393
f 3401 2871 3396
f 2437 3402 2504
f 2493 3403 2540
f 2702 3403 3404
f 2492 3405 2493
f 1256 3406 1252
f 2834 3407 1256
f 3408 3409 3410
f 2783 2782 3411
f 2490 3154 2782
f 3410 3153 3408
f 2589 3412 652
f 1464 3413 2589
f 3407 2834 3414
f 3217 3415 2835
f 635 3416 3415
f 3417 3407 872
f 2490 2489 3154
f 3151 3418 3148
f 1291 1290 3419
f 453 452 1346
f 3420 227 248
f 227 3420 1265
f 250 3421 3420
f 2550 2552 3421
f 1265 3422 3285
f 253 952 250
f 3423 3424 2534
f 2536 2535 3425
f 3424 3423 3426
f 3426 3427 3424
f 2534 3428 3423
f 2414 2537 2534
f 2555 3018 2553
f 3429 3430 3431
f 3432 3433 3429
f 3434 3430 3435
f 3433 3432 3436
f 3437 2434 3438
f 2497 3439 3438
f 3440 3437 3441
f 2624 2623 2951
f 2626 1621 2625
f 487 1751 3210
f 723 2963 720
f 3442 3443 3444
f 2920 2922 3442
f 3445 3446 3444
f 3444 3447 3442
f 3444 2963 3445
f 2402 1225 633
f 2985 634 1223
f 2403 2402 3222
f 3448 3449 1314
f 3449 3009 1315
f 2410 2714 1955
f 2712 1430 2711
f 1429 1430 2410
f 3450 3451 2910
f 3451 3450 3452
f 2910 2912 3450
f 3453 3454 3455
f 526 3455 524
f 3455 526 3453
f 3155 2898 1006
f 1006 1005 3155
f 2994 547 3155
f 1002 2893 998
f 569 2700 614
f 3456 3375 2636
f 3457 3374 3456
f 2636 2511 3456
f 2710 2709 837
f 837 835 2710
f 3458 3459 833
f 3460 2509 3459
f 1467 2515 3460
f 3459 3458 3461
f 3462 3460 3461
f 3463 3464 1450
f 2397 3463 3465
f 600 1826 2397
f 1450 3466 1448
f 2322 3467 2827
f 2330 2322 2826
f 2322 2330 178
f 3223 3468 3226
f 3468 3223 1645
f 3469 3470 445
f 445 2971 3469
f 451 3471 1138
f 3471 3472 2528
f 451 3089 449
f 1138 1137 451
f 2527 3473 2530
f 2529 3474 2527
f 3474 2529 3475
f 1279 1272 3476
f 1279 3476 3477
f 3478 3479 1274
f 1274 1273 3478
f 3480 3481 3200
f 2043 2843 3480
f 3200 3204 3480
f 3481 2840 3201
f 3016 2802 3018
f 2954 2946 2803
f 3482 2038 3483
f 2967 3483 436
f 3484 3282 1024
f 3284 1025 3283
f 1029 3484 1023
f 3485 2675 2679
f 2676 2675 3486
f 3487 3488 3489
f 3489 3490 3491
f 3393 3492 3400
f 3492 3393 3493
f 3493 3494 3492
f 3488 3495 3490
f 3495 3401 3400
f 3496 3497 3498
f 3499 3500 3501
f 3502 3501 3503
f 3504 3505 3496
f 3505 3506 3497
f 1423 1422 1686
f 3387 3507 3300
f 1341 1346 3508
f 3509 60 110
f 60 3509 3168
f 2481 551 540
f 3510 1760 3511
f 1760 3510 1765
f 1857 2127 1146
f 3226 3512 535
f 2829 3225 3513
f 3485 3514 2381
f 3515 1511 3514
f 3485 2679 3514
f 3514 3516 3515
f 2329 2330 2825
f 3517 2605 893
f 2605 3517 1057
f 3518 893 3519
f 2327 3517 3518
f 894 2604 892
f 2854 2851 3520
f 3520 3521 2854
f 3522 685 2328
f 958 2324 2531
f 685 3522 687
f 692 2531 684
f 3523 1543 3208
f 3208 3207 3523
f 1543 3523 3524
f 3524 387 1543
f 2008 1877 1755
f 2009 3525 2008
f 511 402 3526
f 3526 3527 511
f 3526 404 768
f 3528 3529 3530
f 949 3378 941
f 3378 949 3380
f 430 3082 3053
f 3053 3531 433
f 3051 3052 3532
f 3083 3084 3082
f 1210 1212 1133
f 1502 2053 1493
f 3533 329 3196
f 3196 3534 3180
f 927 3533 926
f 329 331 3534
f 3534 3535 2265
f 2171 2170 3277
f 2171 3058 353
f 3277 3279 2171
f 3146 1961 2852
f 1162 3536 672
f 377 366 3537
f 3538 3539 3536
f 2590 2592 3540
f 2419 3540 2538
f 2592 3541 2740
f 1621 2626 1618
f 1353 3179 3142
f 1354 3542 1353
f 2495 3098 2492
f 923 922 1441
f 2911 2155 415
f 3500 3499 3435
f 3543 3498 3436
f 2025 2587 2022
f 2587 2025 2585
f 3544 2526 2398
f 2530 3545 3546
f 652 3547 651
f 3547 836 1662
f 836 3547 838
f 3548 659 1380
f 3549 1379 661
f 3550 3548 1381
f 3550 2758 3548
f 422 2824 3551
f 3551 2822 3552
f 1025 3284 1431
f 531 3553 3072
f 3554 2389 3555
f 3556 3557 3555
f 2388 3558 1098
f 3555 2390 3556
f 2389 3554 3369
f 1091 2389 1096
f 1967 3060 1692
f 1621 1620 3139
f 3135 2584 3559
f 3332 3560 2987
f 3333 3561 3332
f 1370 3230 1373
f 3561 1371 3560
f 3333 3331 3562
f 3562 3563 3333
f 2337 3564 2532
f 3565 3566 3567
f 2336 382 2337
f 965 964 3566
f 2337 2532 2335
f 2816 1210 3546
f 3568 135 3103
f 3529 1486 557
f 788 558 1485
f 3529 3528 1481
f 879 2785 1370
f 3569 2892 3570
f 1585 2895 3569
f 472 2448 2035
f 1812 1342 1810
f 464 3571 1810
f 1342 1812 1345
f 3572 3097 3573
f 3097 3572 3096
f 3097 3574 3575
f 3573 3575 3576
f 3507 3387 3577
f 2511 2636 2512
f 3026 3020 3578
f 3249 3248 3019
f 3578 3248 3238
f 3026 3579 3025
f 3238 3580 3578
f 3578 3581 3026
f 2623 3582 2952
f 1213 1215 2623
f 839 1887 2792
f 1627 1629 2966
f 814 808 3583
f 2891 814 2890
f 3584 3585 1338
f 3585 3584 3440
f 3586 1338 3587
f 1338 3586 3584
f 2228 2227 2598
f 1205 1200 862
f 1204 2459 1202
f 2190 2189 3588
f 2187 2186 804
f 804 803 2187
f 2248 3588 2245
f 3589 3150 3590
f 3150 1289 3591
f 1288 3592 1286
f 937 936 3589
f 2753 3593 2751
f 3445 2964 3594
f 3593 3182 2965
f 3595 3213 3596
f 3213 3595 2937
f 2025 3299 3559
f 1466 2444 2513
f 698 700 2445
f 2514 2513 3597
f 3598 3531 2658
f 2660 3598 2657
f 1128 1127 1476
f 951 2230 950
f 951 297 2224
f 298 3599 296
f 2169 2168 2170
f 2170 3364 3278
f 3363 2168 1787
f 2968 625 3017
f 363 3600 1465
f 1067 3379 3601
f 1071 2799 3379
f 3136 458 3134
f 3602 3516 2678
f 3287 3603 3602
f 3604 417 2157
f 3451 1524 2911
f 2862 2017 3192
f 3192 2016 3191
f 3605 3606 3607
f 3608 3605 3609
f 3610 3606 3608
f 3605 3607 3611
f 2071 2070 3153
f 3409 3408 3612
f 3419 3613 1291
f 3613 3614 2544
f 3418 3615 3149
f 3613 3419 3616
f 3176 3174 3177
f 3177 3617 3618
f 3174 3179 3617
f 2606 3619 3620
f 3620 2377 3621
f 669 957 3621
f 371 2606 957
f 2373 2972 2378
f 2004 3622 3609
f 2003 3619 3622
f 2201 1231 2147
f 3063 2998 3623
f 2440 2850 2437
f 3063 2970 2996
f 3623 729 3063
f 2850 3624 3402
f 3325 3625 3324
f 3625 3626 3627
f 3324 3627 3628
f 3629 3272 3365
f 94 93 2079
f 3011 2080 155
f 3012 3011 321
f 2035 2034 472
f 3630 375 3537
f 3631 2548 2546
f 3632 952 3633
f 2231 2917 2230
f 2918 3632 2917
f 3281 559 2231
f 428 427 1470
f 3220 3221 3486
f 2384 3220 2383
f 364 356 1062
f 606 434 2361
f 3634 3635 436
f 1102 2862 1100
f 3636 3257 3637
f 3257 3636 3262
f 3257 3256 3638
f 2754 1833 2875
f 1827 3639 3640
f 1833 3640 3323
f 827 818 3641
f 2818 827 2817
f 827 2818 826
f 3512 3286 539
f 3642 3643 2244
f 3644 3642 2243
f 3642 3644 3645
f 3643 3642 3646
f 2310 2309 3629
f 3365 3647 3629
f 2309 3269 3272
f 2311 1402 2309
f 3066 3065 3648
f 2771 2775 3649
f 3645 3650 3651
f 3385 3652 3384
f 3435 3652 3434
f 3381 3384 3386
f 3501 3502 3499
f 1783 3538 1162
f 3653 3504 3654
f 3498 3543 3496
f 2559 3655 3119
f 2562 3656 2559
f 3657 3658 2567
f 507 1360 1971
f 1234 1233 2990
f 3644 802 3650
f 1078 1077 3659
f 3650 1078 3660
f 802 3644 800
f 3661 3118 984
f 3662 3663 1509
f 3663 2570 1516
f 2124 3662 1508
f 2140 3664 2695
f 507 1971 506
f 2675 3485 2383
f 3665 1059 2763
f 2443 2583 3172
f 2583 2054 2944
f 3666 3667 3668
f 1992 3668 1152
f 1994 3666 1992
f 1152 2166 1992
f 869 573 868
f 2349 2346 3577
f 2349 2211 3669
f 2211 2349 3388
f 1347 3508 2342
f 3508 3507 2343
f 2918 563 3632
f 952 3632 3421
f 3670 3671 3672
f 3673 3674 3672
f 3675 3673 3676
f 3671 2772 3676
f 3677 688 1031
f 694 686 3677
f 2517 1230 3678
f 3679 1536 3678
f 3678 1229 3679
f 3680 3681 1228
f 3682 3683 3684
f 3685 3686 3687
f 3686 3688 3689
f 3684 1981 3682
f 2779 2783 3690
f 632 635 3217
f 3691 2868 845
f 2865 2864 3691
f 1174 2865 3692
f 3037 3693 2177
f 3693 3037 3694
f 2836 1843 3695
f 2479 2478 3696
f 3628 2478 2476
f 3626 3697 3696
f 2105 2933 3041
f 2104 2103 2931
f 2933 2105 2928
f 3590 3591 2029
f 2029 2026 3590
f 969 3589 967
f 2029 3592 1245
f 702 2409 701
f 3114 3113 3521
f 2668 3110 2670
f 2670 3114 3520
f 3521 2723 3147
f 2721 2717 3113
f 966 963 3698
f 3566 3565 965
f 2982 2985 3699
f 3700 3699 3701
f 2983 2982 3700
f 1860 3702 1325
f 1325 1324 1860
f 3702 1860 2831
f 2856 2855 2279
f 2857 3700 2855
f 1322 1973 1326
f 503 506 1322
f 671 669 2972
f 3703 2621 3704
f 3704 2622 3705
f 2622 3706 3707
f 1412 1089 1699
f 1087 1089 2759
f 2941 2940 3708
f 3615 3418 3709
f 2940 3710 3709
f 2938 3711 2940
f 2077 2080 1946
f 1635 3712 1638
f 375 3630 3713
f 3537 3539 3630
f 2463 3714 1285
f 1285 3715 1288
f 3714 1243 3715
f 3716 1241 3714
f 2394 3305 3717
f 3717 2066 2394
f 3718 3719 3717
f 1180 3718 3389
f 2201 435 2359
f 2359 3205 2201
f 2148 1444 2147
f 700 701 3597
f 701 900 3720
f 900 898 3457
f 1773 1772 3721
f 3722 3723 2256
f 3723 3724 3725
f 3723 3722 3726
f 3727 3722 2255
f 815 3728 3727
f 2254 2253 3725
f 3296 3729 3730
f 2073 1004 3731
f 3731 3732 2073
f 3732 3731 3733
f 3734 3735 3729
f 3145 3125 3074
f 2795 3736 3124
f 1788 3432 1786
f 2060 3737 1788
f 1786 3429 3362
f 3007 3099 3738
f 1899 1759 3739
f 481 2978 3739
f 487 480 3740
f 1759 1748 482
f 1451 2661 1449
f 889 884 1761
f 3741 3742 887
f 888 2618 1766
f 1824 2252 1821
f 2465 1940 3743
f 1940 2465 1938
f 3743 2242 1907
f 1907 914 3743
f 2519 2518 3744
f 3085 713 3086
f 3087 3086 2064
f 2700 569 740
f 3702 1952 1327
f 3745 3746 1376
f 3747 1376 1378
f 2974 3745 3747
f 3748 3749 3745
f 2006 2377 2003
f 2157 2156 3604
f 3750 3751 3752
f 3753 3724 3754
f 3755 3753 3756
f 3756 3754 3757
f 2817 3641 3758
f 510 2711 509
f 1378 1903 3747
f 2979 2975 1900
f 2855 3701 2277
f 2279 2278 2856
f 1453 1452 3377
f 3759 3760 3454
f 3454 3453 3759
f 1502 1500 584
f 584 587 1502
f 3279 3761 3058
f 3059 3056 351
f 3713 3762 375
f 3763 376 3741
f 376 3763 367
f 3764 3705 3765
f 3766 3487 3165
f 3164 3767 3768
f 3767 3164 3160
f 3768 3766 3164
f 3766 3768 3769
f 3090 3770 3771
f 3771 3772 3773
f 3768 3772 3774
f 2849 727 3624
f 3624 728 3623
f 3348 3346 946
f 946 945 3348
f 3346 2726 2595
f 2896 546 543
f 1249 1248 3775
f 3034 3776 3033
f 3775 3776 3777
f 3778 3779 3034
f 3716 2464 3033
f 3033 1248 3716
f 2612 2813 2609
f 1530 1527 3780
f 1352 1353 1350
f 1359 1350 3141
f 3781 3782 3288
f 3573 3783 3572
f 3572 3710 3784
f 3616 3615 3783
f 3783 3573 3616
f 2496 2494 1390
f 681 1950 2830
f 3391 3132 3390
f 328 3785 3027
f 3785 2011 3022
f 3533 927 3785
f 324 3027 3786
f 890 731 1060
f 187 731 319
f 3787 3788 2667
f 1912 1910 3788
f 1981 1975 3789
f 1921 2647 3789
f 2431 2503 2498
f 3790 3791 3002
f 3000 3790 2997
f 3268 3792 3266
f 3367 3366 3793
f 2840 3481 2838
f 3794 2841 2043
f 683 682 1148
f 2020 2733 475
f 2733 2883 3795
f 2139 3746 3664
f 3757 3751 3796
f 3796 3797 3757
f 3757 3798 3756
f 3751 3750 3799
f 1849 1851 2124
f 3800 3511 3801
f 3612 3510 3800
f 3690 3411 3801
f 3801 1764 3802
f 3758 2122 2817
f 2983 2859 2984
f 3803 583 3804
f 2859 3545 3804
f 3474 3803 3473
f 2859 2983 2857
f 3805 3806 3807
f 3806 3805 3808
f 2811 3806 3809
f 3810 3805 3811
f 2611 2613 3807
f 2809 2810 2811
f 2612 2611 2810
f 3687 3689 3812
f 3242 3687 3813
f 3244 3685 3242
f 2358 2357 3685
f 3110 2668 3108
f 3814 3446 3815
f 3594 3181 3445
f 3181 3594 1369
f 3816 3648 3817
f 3336 3817 3818
f 3819 3816 3335
f 2774 2776 3820
f 3820 3648 2774
f 1736 1418 1978
f 2805 3821 3822
f 2806 3822 2889
f 3822 3823 3824
f 3821 1447 3823
f 3823 3466 3825
f 3597 3720 2514
f 3758 2420 3826
f 100 3827 111
f 3828 3509 109
f 109 3827 3828
f 3828 3829 3351
f 2863 1916 2862
f 1916 2863 1864
f 3491 3163 3489
f 2988 476 3795
f 3795 360 2988
f 1409 1584 2578
f 1584 3569 3830
f 2578 3830 1870
f 1381 752 3550
f 1521 3831 1517
f 1521 1520 3832
f 3758 3826 2122
f 3425 3833 2536
f 419 3692 418
f 1181 1174 419
f 3264 3834 3665
f 3834 3835 1059
f 3665 605 3264
f 605 3665 604
f 1329 1337 2900
f 2900 3836 1879
f 1330 1329 2455
f 2372 3837 3838
f 3839 3840 3841
f 3841 3837 2376
f 3838 1012 2372
f 3525 2009 3840
f 2009 1011 3838
f 885 3842 3843
f 889 1765 885
f 2691 3844 3658
f 983 3656 3255
f 2690 2691 3657
f 3656 2562 3845
f 3679 3681 3846
f 3846 2317 3679
f 3847 3848 3849
f 2331 2334 3850
f 3850 3851 2331
f 3852 3777 3853
f 3853 693 3852
f 691 2334 2533
f 2334 691 3853
f 2140 2694 2138
f 829 3458 840
f 838 3854 829
f 3855 3307 3856
f 3557 3856 3857
f 3856 3557 3855
f 2391 3858 2392
f 3856 3306 3859
f 3307 3860 3303
f 2425 1258 147
f 259 2413 261
f 2069 1997 2072
f 2005 2004 3611
f 1778 1776 2908
f 3654 3861 3653
f 3428 3862 3653
f 3640 2449 2453
f 2450 2449 2452
f 1834 3863 3639
f 1005 2067 3156
f 417 3604 410
f 410 3631 409
f 3604 3251 3631
f 2680 2185 2683
f 3864 1995 3865
f 3667 3666 3864
f 3866 3667 2340
f 3169 2238 3867
f 2238 2237 3868
f 3169 3166 2240
f 3869 3744 3868
f 2929 3389 3304
f 3304 2932 2929
f 524 2912 522
f 3261 423 3259
f 423 3261 424
f 3509 3828 3171
f 1595 3703 3870
f 3705 3764 3704
f 446 3871 442
f 3871 446 3872
f 1564 438 3028
f 3487 3873 3488
f 3874 3875 3488
f 3876 3877 3878
f 961 3877 2326
f 3879 3878 3880
f 3881 3876 3879
f 3698 3882 966
f 3647 3365 3360
f 1847 811 1846
f 1848 3130 811
f 2745 3129 1848
f 3612 3800 3409
f 3086 2365 2065
f 1354 1357 2367
f 1818 2190 2248
f 938 3708 3151
f 2287 3883 2667
f 3609 3884 3608
f 3843 3884 3885
f 3886 3887 2683
f 3887 3886 3888
f 3887 3567 2684
f 2683 3693 3886
f 2661 2522 3544
f 820 819 823
f 3889 3890 823
f 823 1254 3889
f 1101 1100 1103
f 2268 2648 1566
f 3891 3892 2267
f 3543 3893 3654
f 3811 3580 3810
f 3580 3811 3581
f 1759 1899 1758
f 1900 1899 2979
f 624 2099 623
f 3894 851 2663
f 2663 2664 3894
f 3818 3895 3336
f 3404 3405 3102
f 3404 3008 2702
f 3102 3006 3404
f 361 360 3600
f 914 1907 1905
f 2242 2241 1908
f 2664 3896 3897
f 3898 3874 3899
f 3487 3766 3873
f 3873 3769 3899
f 715 714 2366
f 3799 3900 2217
f 2217 2216 3799
f 3797 3796 3175
f 1642 1976 1420
f 2081 3829 3901
f 102 3901 100
f 2385 1515 3902
f 1516 2569 3902
f 3902 2572 2385
f 2447 2446 2883
f 2421 1656 3250
f 1258 1257 53
f 2920 3442 1741
f 2678 2120 3602
f 3782 3781 3903
f 3288 3287 3781
f 3904 3782 3905
f 3905 3903 2901
f 3081 3386 3080
f 3080 3906 3084
f 3194 3343 3907
f 3343 3342 3908
f 864 858 3909
f 2263 3382 3079
f 3910 3911 3875
f 3911 3912 3913
f 3401 3495 3913
f 3910 3875 3898
f 2871 3401 3914
f 3915 2738 3862
f 3505 3504 3916
f 3917 3916 2737
f 2537 3915 3428
f 1372 1371 3815
f 1371 3561 3918
f 1120 3919 3563
f 3815 3918 3814
f 3579 2610 3786
f 3197 3920 737
f 3920 3088 735
f 2690 2762 1507
f 2232 2225 323
f 1340 3863 3587
f 1330 2452 1340
f 3863 1834 3921
f 2846 3586 3921
f 1074 3922 3833
f 1073 1072 1789
f 3427 1072 3425
f 1780 2057 2760
f 2760 3923 1780
f 3123 2057 3924
f 2756 3123 2628
f 3925 2640 3926
f 3899 3925 3898
f 3927 3928 3899
f 3929 3910 3926
f 2079 2078 94
f 1959 1958 1029
f 2593 1271 2592
f 2594 1276 2591
f 2877 3930 2753
f 3930 3931 3593
f 2161 1368 3930
f 3228 3227 3290
f 3229 2125 3515
f 3290 3229 3603
f 3787 1076 799
f 797 1911 799
f 3932 3933 3934
f 3798 3797 3935
f 3933 3936 3935
f 3937 3934 3938
f 3178 3938 3175
f 3886 3694 3939
f 3939 3940 3880
f 3040 3940 3038
f 3294 3356 3941
f 3321 2913 3942
f 3836 1721 1873
f 1426 2496 1389
f 3614 3943 3267
f 2342 464 1347
f 3745 2974 3748
f 3749 3748 3738
f 1615 1614 2976
f 1644 3468 1643
f 2374 745 2373
f 3790 3000 3944
f 3944 3066 3816
f 1921 1920 2651
f 3506 3945 3503
f 3386 3502 3906
f 1978 1977 1736
f 1384 1387 3946
f 1669 3947 1668
f 3948 757 3949
f 752 748 3948
f 3947 3950 3949
f 1535 2812 2517
f 1530 3780 1535
f 3112 2721 3115
f 1961 3146 3951
f 1958 3951 3484
f 2795 2796 3736
f 3851 3850 3779
f 3777 3852 3775
f 3779 3778 3851
f 2082 1603 3952
f 1263 1262 2890
f 1669 1664 2474
f 3947 1669 2473
f 3023 2010 3021
f 1424 3019 1422
f 1932 1931 3719
f 3356 3294 3355
f 2956 2955 2958
f 3157 3953 3160
f 2596 2557 2601
f 2889 3824 1845
f 3821 2805 2422
f 1355 3954 2391
f 3519 895 3955
f 1060 3835 890
f 3835 3956 891
f 3955 1168 3519
f 1168 3955 1167
f 2236 2160 2237
f 3680 3647 3957
f 3647 3680 1227
f 1633 3121 1631
f 3958 3959 3960
f 3734 3297 3958
f 3295 3959 2959
f 3961 3958 3962
f 1789 3963 1785
f 2799 1071 1784
f 2798 2878 3055
f 3964 3879 3965
f 3879 3964 3881
f 3966 3964 3967
f 3967 3965 3040
f 3888 3939 3882
f 2049 2046 1093
f 498 499 3353
f 1406 3923 1404
f 3923 1406 1781
f 2043 2042 3794
f 2209 1711 2044
f 3801 3802 3690
f 2779 3690 2781
f 3202 3004 3920
f 3968 3969 2213
f 2217 3968 2212
f 3970 3341 2183
f 2182 2181 3340
f 3619 2606 3885
f 273 191 3971
f 2051 3107 640
f 2045 640 648
f 3107 2051 3106
f 639 641 3105
f 3892 2646 2268
f 2803 1195 2954
f 341 466 1192
f 465 1695 466
f 1980 3688 3946
f 3946 2356 1384
f 3688 3686 2356
f 1981 3684 1980
f 2245 803 2243
f 3725 3293 2254
f 3646 2501 3643
f 3651 3439 3645
f 325 1528 332
f 3972 971 3637
f 3638 3552 3973
f 3637 3638 3972
f 2538 2742 2537
f 2738 3915 2741
f 3900 809 3968
f 390 2524 395
f 3974 1107 1591
f 2726 2716 3975
f 2068 1003 2073
f 764 767 763
f 785 767 783
f 537 3073 532
f 763 787 2129
f 2922 726 3443
f 2664 2666 3896
f 3341 3970 3345
f 2183 2685 3970
f 2913 2914 3941
f 810 3976 3728
f 3752 3726 3750
f 3724 3723 3752
f 3750 3976 3900
f 1328 1956 2713
f 1732 1731 2270
f 3162 3494 3470
f 3158 3162 3469
f 2507 2194 3214
f 1379 3549 1378
f 2684 381 2681
f 1616 3007 1614
f 3851 3866 2332
f 3778 3977 3866
f 3440 1678 3585
f 850 3327 847
f 3957 3360 3431
f 2292 3907 3048
f 2289 2288 3907
f 3234 3233 3894
f 48 261 1016
f 3978 1058 1016
f 1058 3978 1056
f 3979 3980 3981
f 3982 1576 2645
f 3980 3983 3982
f 1572 1576 1570
f 2480 3983 3984
f 3439 3651 3441
f 3651 3660 3985
f 2501 3646 2497
f 3441 3985 3440
f 3986 2369 3987
f 1606 3987 3952
f 716 717 714
f 3988 3048 3344
f 3735 3734 3961
f 3729 3296 3734
f 3841 3735 3839
f 3962 3989 3961
f 975 3636 974
f 3195 2881 3328
f 3327 850 2153
f 3738 3101 3749
f 2011 2012 3023
f 1553 1552 3881
f 3881 3990 1553
f 3877 3876 3991
f 1117 1120 3562
f 3919 1120 1746
f 2434 3437 2438
f 3586 2846 2438
f 3992 3051 3993
f 3775 3994 1249
f 3994 3677 1250
f 3995 3996 2821
f 886 3843 2607
f 1598 1592 3997
f 3201 1672 3202
f 2595 3975 947
f 947 3998 3999
f 940 3999 948
f 2803 2953 2801
f 3674 3673 4000
f 4000 1043 3674
f 4000 4001 3133
f 3673 3675 4001
f 3042 4002 4003
f 4004 4002 4005
f 2403 3219 2401
f 2386 3219 2384
f 353 3059 348
f 3971 1505 273
f 3254 3844 3971
f 3252 3254 4006
f 2621 3703 3349
f 2620 3349 1476
f 1593 1475 1594
f 4007 4008 4009
f 2464 3716 2463
f 838 3412 3854
f 3462 3461 3413
f 3413 1464 3462
f 4010 3727 1260
f 1270 1277 1271
f 1277 2734 3541
f 2656 3477 3064
f 460 459 4011
f 4011 4012 460
f 4012 4011 3479
f 2018 4013 2015
f 4014 3189 4013
f 3141 4015 1359
f 1359 4016 1358
f 3635 3634 3598
f 1715 3324 2844
f 2844 1712 1715
f 2476 2839 3628
f 1655 1647 4017
f 528 530 4018
f 530 529 4019
f 3912 528 3914
f 3883 4020 4021
f 1076 3787 4021
f 2286 2731 3883
f 2291 2727 2286
f 2731 1680 4020
f 3295 3294 2916
f 2916 2915 3295
f 3472 3471 455
f 3760 4009 3452
f 3452 1525 3451
f 4022 4023 3759
f 4020 4024 4025
f 3255 3845 3254
f 3945 3506 3993
f 3993 3532 3945
f 3993 3917 3992
f 3916 3917 3505
f 883 882 374
f 4026 2013 1914
f 1425 3249 1424
f 2890 3583 1263
f 3727 4010 815
f 2831 2830 3702
f 2587 2586 1708
f 2241 3234 3897
f 3475 3472 4027
f 3803 3474 4028
f 3782 3904 3291
f 3291 3998 2719
f 4029 1764 4030
f 4030 4031 4029
f 4031 4030 1477
f 1608 4032 3937
f 3938 3178 3937
f 3934 4032 3932
f 3186 3695 3825
f 329 3533 328
f 2932 3304 4033
f 2921 2920 2701
f 1013 2921 680
f 3926 3337 3929
f 2640 3925 1825
f 3436 3500 3433
f 3436 3737 3543
f 3720 3457 2516
f 269 3599 268
f 2182 3195 2180
f 1449 3544 3465
f 956 955 1451
f 3774 3770 4034
f 3770 3090 4035
f 4034 4035 1819
f 1034 1036 2028
f 3262 4036 1038
f 2028 4036 975
f 812 3128 806
f 3784 3711 4037
f 2962 3730 997
f 4017 1651 718
f 1721 3836 1719
f 1747 1752 4038
f 4039 3070 4040
f 3303 4041 3301
f 3860 4042 4041
f 484 1617 2978
f 2781 4043 4044
f 4029 4045 3802
f 4044 4045 4046
f 4047 2484 2487
f 2488 4048 2487
f 2487 4049 4047
f 4050 4051 4052
f 2488 2780 4048
f 2018 2013 4053
f 4026 1914 4047
f 4053 4026 4051
f 1593 1597 1475
f 1472 1471 1473
f 2112 3188 4054
f 3997 1596 4054
f 4055 3997 4056
f 4057 4056 3189
f 4056 4057 4055
f 4013 2018 4014
f 2484 1914 551
f 4044 4058 2781
f 4058 4044 4059
f 4014 4053 4050
f 102 2078 3901
f 4050 4057 4014
f 1477 1474 4031
f 4060 1598 4055
f 1598 4060 1597
f 4052 4049 4061
f 4048 4058 4061
f 4062 1473 4063
f 4063 4060 4064
f 4057 4050 4064
f 1474 4062 4046
f 4062 4063 4059
f 4064 4052 4063
f 2426 2425 146
f 2368 4065 3542
f 3618 4065 3986
f 2340 3864 2338
f 2628 3924 1562
f 1160 1563 2059
f 875 587 873
f 3733 2376 3732
f 3741 887 3763
f 3763 883 368
f 3707 3742 3762
f 2306 2308 2766
f 1487 2766 1485
f 635 628 3416
f 869 867 629
f 3416 870 3414
f 518 3675 516
f 3675 518 3392
f 1726 4066 1724
f 4067 1729 4068
f 4003 4069 1726
f 1077 1076 4025
f 2672 2673 2113
f 2353 1298 2351
f 4070 343 3721
f 1012 743 2374
f 2842 2841 1712
f 1802 928 2820
f 2820 2819 1802
f 2194 2188 3596
f 3092 3094 2191
f 3596 2192 3595
f 1144 1857 1142
f 979 1556 4071
f 1442 1437 2148
f 3761 3279 3310
f 331 330 3535
f 3535 2886 2261
f 960 962 958
f 382 381 3564
f 3567 3887 3565
f 2336 2341 382
f 1947 1948 1602
f 1176 1932 3718
f 2064 2066 3087
f 1557 1051 1554
f 1171 1557 1170
f 3991 1552 1052
f 2174 1042 4072
f 4007 4023 2173
f 4008 4007 2172
f 2771 3649 517
f 2610 3579 2613
f 3246 2358 3244
f 1991 1982 1641
f 2325 1055 2327
f 3249 1425 3246
f 4040 1795 4039
f 1799 1793 4040
f 2594 824 4073
f 3652 3385 4074
f 2315 3848 4074
f 3848 3847 3434
f 736 1231 3198
f 4071 4075 979
f 984 980 3661
f 3663 3662 4076
f 750 749 2142
f 1748 1747 3740
f 1751 487 1750
f 1751 4038 3047
f 2277 1226 2205
f 1730 4077 1725
f 2267 1731 3891
f 4077 3813 1733
f 3813 3812 3891
f 3247 3243 1730
f 2307 2472 4078
f 3069 4079 1801
f 2301 2471 2307
f 4078 1805 2768
f 2240 2235 3169
f 1853 1852 2669
f 1852 1855 3108
f 1271 2593 1275
f 1854 4080 1851
f 759 4081 3391
f 1263 4010 1259
f 971 3972 1348
f 3510 3612 3610
f 1765 3610 3842
f 3339 4082 3338
f 3911 3910 4082
f 1221 4083 1579
f 2422 1445 3821
f 984 3655 983
f 4084 4085 3791
f 3944 4084 3790
f 3681 3680 3849
f 3849 3957 3847
f 3771 3574 3090
f 916 3216 915
f 915 4086 2199
f 4087 4086 2934
f 3571 4012 1811
f 1809 1808 4088
f 639 1398 637
f 4069 4042 4066
f 4089 4067 4090
f 4042 3860 4068
f 3240 3241 3238
f 4027 455 1344
f 4091 4092 3979
f 2405 4083 2400
f 1636 4093 1635
f 4093 1636 4075
f 3118 3661 1634
f 1043 4000 1403
f 3985 4094 1678
f 4095 4096 4097
f 2798 3761 2131
f 3966 4093 4071
f 3834 3263 3835
f 1167 3956 1166
f 3598 2660 3635
f 1746 1742 3919
f 2872 2869 3399
f 4083 2405 2571
f 1345 1815 1344
f 1486 3529 1480
f 1481 4098 1484
f 3643 2502 2246
f 2644 2251 4099
f 3914 4018 2871
f 3446 3814 3447
f 3905 4100 3904
f 2903 1070 4100
f 2901 2903 3905
f 2469 2303 4087
f 2303 2469 2301
f 3979 3950 3980
f 1797 2551 792
f 2480 2475 4101
f 3950 3947 3984
f 396 395 4102
f 4102 4103 396
f 4102 3869 4104
f 1990 2208 1989
f 3963 1789 3426
f 3890 3889 4105
f 4073 3890 4106
f 4106 4105 4107
f 872 871 3417
f 3407 3417 3406
f 2083 3618 1607
f 3987 1606 3986
f 169 168 3467
f 3829 2081 1888
f 1927 1993 1923
f 3143 2654 4108
f 4109 4107 4108
f 4107 871 3143
f 4108 4110 4109
f 3848 2315 3846
f 2654 2653 4110
f 4110 2655 4111
f 1285 1284 2463
f 3981 1083 1432
f 4091 1432 2758
f 4082 4112 3911
f 3895 1489 4112
f 528 3912 527
f 1489 3895 2776
f 3339 3895 4082
f 2944 2943 3172
f 671 2973 670
f 710 4017 708
f 4076 1199 3663
f 2948 2949 2352
f 2074 4113 1807
f 1070 2903 1068
f 949 948 3601
f 1588 1586 3358
f 3358 1702 3352
f 1432 4091 3981
f 2645 1083 3982
f 1049 1051 1020
f 1051 1557 1019
f 2761 3657 2564
f 1570 4101 1571
f 4114 4115 4116
f 4117 3943 4114
f 4118 4114 3773
f 3773 4116 3771
f 2868 2867 4019
f 4119 3872 3493
f 3872 4119 3871
f 3753 3755 3292
f 3756 3936 3755
f 3321 3942 3317
f 2913 3321 2454
f 4005 4033 4004
f 4002 4004 4069
f 2933 2932 4005
f 3172 2942 1704
f 3962 3960 1881
f 1881 1878 3962
f 4101 1570 2480
f 4107 4109 4106
f 394 4120 391
f 3483 2967 3482
f 1727 4121 1734
f 3805 3810 4122
f 3808 4122 4123
f 2768 4079 2777
f 2308 4078 2767
f 1462 1467 3462
f 3705 3707 3713
f 2708 1105 3974
f 1591 1595 3974
f 3974 3870 2708
f 2618 888 3706
f 14 18 16
f 3810 3241 1734
f 1735 3247 1728
f 2863 1109 1872
f 3479 3478 4088
f 2689 1159 2688
f 1834 1829 2847
f 2849 2848 2749
f 4103 3832 394
f 2172 4120 4008
f 3660 3659 4094
f 1680 1679 4024
f 4124 3528 2600
f 2600 2597 4124
f 2600 3530 3280
f 559 3281 556
f 3070 4039 3069
f 2647 2646 3682
f 493 2161 2877
f 768 762 3526
f 3478 4096 4125
f 3840 3839 3525
f 3525 3989 1877
f 3555 3857 3554
f 4126 4127 3859
f 3954 4126 3858
f 3464 3463 3185
f 4080 1201 4076
f 4128 1319 3755
f 3103 3292 3568
f 3292 3293 3753
f 3568 4129 1320
f 1320 10 3568
f 4085 4099 2500
f 3034 1155 3778
f 3286 3512 1644
f 3812 3683 3892
f 4027 4130 3475
f 4130 4027 4113
f 1822 3092 1817
f 3677 3994 694
f 1033 1247 1031
f 3744 2521 3867
f 3151 931 938
f 4081 759 3309
f 4130 578 4028
f 4113 2074 4130
f 4028 577 3803
f 3788 3787 1912
f 3565 3888 3698
f 4103 4102 3831
f 2841 3794 1713
f 3335 2643 3819
f 4084 3944 3819
f 3819 4131 4084
f 3692 3691 843
f 1944 3122 1942
f 2108 2107 3398
f 3493 3395 4119
f 2122 3922 2902
f 4072 4132 2174
f 1318 3012 1317
f 3708 938 2941
f 2347 2036 3482
f 2036 2347 3669
f 3046 999 2895
f 2895 1585 3046
f 3357 2955 3045
f 3046 1587 3045
f 3009 3449 3015
f 2655 1809 4125
f 2682 386 3524
f 9 10 1316
f 1314 1319 3448
f 3973 3996 4133
f 2821 2829 3995
f 2758 3550 4091
f 3163 3491 3162
f 2328 2327 3522
f 3519 689 3518
f 3793 4134 3367
f 3373 4016 3372
f 3448 4128 3933
f 4088 1814 3479
f 4133 4135 3973
f 3964 3966 3990
f 3967 3712 3966
f 3744 3869 2519
f 663 3549 655
f 1402 2311 1396
f 1792 1798 1796
f 4134 3793 4127
f 4136 4134 4126
f 4134 4136 3373
f 3927 4034 3928
f 3769 3774 3927
f 3697 3626 465
f 1783 1778 3538
f 2909 3539 2908
f 3963 3893 2060
f 4137 4123 4138
f 3556 3558 4137
f 3557 3556 4138
f 3855 4138 4090
f 4121 1727 4067
f 4123 4121 4089
f 4040 3553 1799
f 2707 3765 3044
f 3252 4006 1559
f 1559 1311 1558
f 3735 3841 3733
f 3185 3186 3464
f 1853 3909 4080
f 3712 3967 3039
f 4009 3760 4007
f 4109 4111 4095
f 4106 4095 4073
f 3626 3625 1695
f 2924 2970 725
f 3159 4139 3157
f 2971 777 3159
f 4139 3792 3953
f 3649 2136 513
f 3668 3977 1153
f 2739 2735 2737
f 3426 3861 3963
f 3160 4118 3767
f 3953 4117 4118
f 2744 2049 1095
f 2643 2639 4131
f 4131 2644 4085
f 2708 3764 2707
f 3320 3316 2875
f 777 776 4139
f 3943 4117 3268
f 629 582 869
f 3314 4098 4124
f 3813 4077 3242
f 2669 864 1853
f 3067 3069 1800
f 2931 2108 3397
f 426 3551 3256
f 3209 3211 3207
f 3129 2745 3371
f 3513 536 3995
f 536 3073 4133
f 3548 2627 659
f 3096 3784 3095
f 10 8 135
f 1726 1732 4003
f 2271 3042 2270
f 3831 4104 1518
f 2773 4140 1491
f 3307 3855 3860
f 2338 3865 2919
f 2339 2338 2341
f 539 1798 538
f 3595 3094 4037
f 2575 1870 2906
f 3344 3211 3988
f 3618 2083 3177
f 3073 3068 4135
f 4101 2479 4141
f 1571 4141 1578
f 1206 2815 3582
f 1276 2594 4097
f 333 1534 2884
f 2109 3030 2107
f 4132 4072 4022
f 3672 4132 3670
f 3759 4140 4022
f 3830 3570 1868
f 4140 2773 3670
f 2907 1871 2706
f 3371 4142 3129
f 3370 3372 4142
f 1578 3697 467
f 3576 4115 3614
f 4098 3314 1937
f 3809 3808 4137
f 3558 2388 3809
f 1366 3931 1367
f 2955 3357 3355
f 3045 1588 3357
f 4126 3954 4136
f 2454 3322 2453
f 1550 1558 1551
f 3831 1521 4103
f 3988 3212 3047
f 3952 717 2082
f 2222 4143 4015
f 3616 3576 3613
f 2906 1865 1871
f 3128 3969 807
f 727 2849 2748
f 3309 3308 4081
f 1703 2942 498
f 3449 3448 3932
f 3392 3527 761
f 2219 3126 4143
f 2773 2770 3671
f 1575 4070 1573
f 1578 467 4070
f 2326 3991 1053
f 3625 3325 1696
f 3550 3948 4092
f 648 642 646
f 2 6 3
f 2 8 5
f 4 137 6
f 8 2 1
f 5 8 10
f 7 1 12
f 14 21 15
f 17 21 14
f 14 13 19
f 20 61 13
f 21 92 22
f 15 22 23
f 25 28 26
f 28 25 29
f 31 29 25
f 33 42 34
f 36 33 32
f 33 36 38
f 32 34 40
f 34 43 41
f 42 45 43
f 37 46 42
f 45 42 46
f 40 41 48
f 39 40 47
f 49 262 50
f 52 147 53
f 55 52 51
f 57 59 55
f 52 55 59
f 54 77 56
f 61 20 62
f 19 13 61
f 65 68 66
f 67 264 68
f 68 277 69
f 65 64 71
f 64 66 73
f 64 72 74
f 75 73 66
f 76 133 77
f 79 133 76
f 80 76 54
f 80 81 78
f 80 51 53
f 83 88 84
f 85 17 82
f 87 84 88
f 89 85 84
f 83 954 90
f 91 954 83
f 17 85 92
f 16 91 82
f 94 99 95
f 97 98 95
f 98 152 93
f 100 111 101
f 99 101 96
f 102 100 99
f 104 106 57
f 59 57 106
f 108 106 104
f 110 114 111
f 113 96 101
f 112 101 111
f 115 97 96
f 117 115 113
f 1 3 118
f 12 118 120
f 122 120 118
f 121 118 3
f 119 131 125
f 11 124 127
f 124 125 128
f 130 125 131
f 130 322 128
f 132 150 129
f 129 77 133
f 123 3 6
f 119 124 11
f 131 119 120
f 7 11 126
f 98 97 134
f 134 97 115
f 134 6 137
f 86 149 138
f 88 90 139
f 89 108 107
f 106 108 138
f 141 151 140
f 62 142 114
f 23 156 143
f 112 114 142
f 20 23 142
f 138 149 144
f 146 58 144
f 105 144 58
f 147 52 58
f 145 144 149
f 148 149 86
f 108 89 87
f 103 57 56
f 123 115 117
f 150 56 77
f 122 160 132
f 140 92 85
f 151 22 92
f 136 154 152
f 152 155 153
f 154 321 155
f 151 141 157
f 22 151 156
f 156 157 116
f 117 116 157
f 158 122 121
f 158 157 141
f 116 113 112
f 159 104 103
f 159 141 107
f 150 132 160
f 158 159 160
f 162 28 27
f 28 162 163
f 164 182 27
f 166 172 167
f 169 166 165
f 170 224 165
f 172 166 173
f 175 167 172
f 171 173 177
f 166 169 178
f 179 177 173
f 72 26 163
f 72 73 24
f 162 301 180
f 161 27 182
f 181 182 184
f 185 184 182
f 186 240 183
f 187 164 29
f 189 193 190
f 191 273 192
f 193 236 194
f 188 190 195
f 197 193 189
f 198 236 193
f 199 189 188
f 199 192 201
f 201 205 202
f 204 202 205
f 206 207 202
f 207 196 200
f 207 206 209
f 210 267 204
f 204 267 211
f 213 223 214
f 214 170 216
f 212 214 215
f 219 212 217
f 212 219 220
f 215 216 222
f 224 170 214
f 213 228 225
f 223 225 226
f 228 213 220
f 196 189 199
f 196 207 208
f 71 74 230
f 232 70 233
f 70 71 229
f 67 65 70
f 176 232 231
f 234 174 231
f 235 234 233
f 167 175 216
f 236 35 50
f 190 194 237
f 239 41 43
f 238 43 45
f 232 176 241
f 242 241 176
f 244 247 245
f 246 245 247
f 248 249 247
f 249 219 218
f 250 3420 248
f 243 245 252
f 243 251 254
f 253 250 244
f 245 246 255
f 256 295 252
f 258 239 238
f 240 186 257
f 258 257 260
f 258 259 261
f 35 32 39
f 194 50 262
f 73 75 263
f 30 25 24
f 241 242 264
f 177 179 265
f 171 231 174
f 35 236 198
f 267 210 268
f 210 323 269
f 211 267 266
f 203 205 272
f 201 274 272
f 274 201 192
f 275 235 229
f 242 265 276
f 264 276 277
f 44 46 279
f 280 279 46
f 279 280 282
f 283 280 37
f 284 186 184
f 260 257 186
f 44 183 240
f 217 215 221
f 218 217 285
f 286 309 285
f 288 290 209
f 206 211 287
f 208 209 290
f 283 38 289
f 283 290 288
f 288 287 293
f 291 288 292
f 295 296 251
f 297 254 251
f 296 295 299
f 300 161 181
f 161 300 301
f 281 300 278
f 183 44 278
f 222 216 175
f 303 286 221
f 305 307 303
f 305 304 235
f 304 302 234
f 222 302 304
f 307 305 308
f 307 311 286
f 302 175 174
f 74 163 180
f 168 165 224
f 246 285 309
f 255 309 310
f 311 310 309
f 270 293 287
f 295 256 312
f 198 289 38
f 197 208 289
f 268 298 299
f 48 41 239
f 313 275 230
f 313 308 305
f 312 315 293
f 292 293 315
f 220 219 249
f 282 291 294
f 291 282 280
f 313 180 301
f 317 316 308
f 300 281 317
f 270 266 299
f 256 310 315
f 314 315 310
f 314 306 294
f 316 294 306
f 306 314 311
f 281 282 316
f 5 9 318
f 185 164 187
f 319 2412 284
f 320 137 4
f 154 136 137
f 320 1317 321
f 322 130 133
f 203 271 323
f 325 332 326
f 324 3786 327
f 328 3027 324
f 326 331 329
f 331 326 332
f 330 332 334
f 336 339 337
f 339 336 340
f 342 340 336
f 343 467 335
f 345 337 339
f 347 352 348
f 349 3376 350
f 346 348 351
f 352 2169 353
f 354 1790 352
f 356 358 357
f 358 361 359
f 361 358 362
f 361 3600 363
f 364 362 358
f 366 377 367
f 368 369 365
f 369 372 370
f 372 369 373
f 374 373 369
f 376 367 377
f 379 383 380
f 382 380 383
f 384 1547 385
f 378 1962 384
f 386 2681 383
f 379 385 387
f 389 2396 390
f 391 392 389
f 393 2395 389
f 388 396 394
f 396 388 390
f 398 403 399
f 400 1014 397
f 399 405 401
f 403 398 404
f 403 2132 405
f 407 413 408
f 406 408 410
f 412 408 413
f 415 412 411
f 416 417 412
f 417 410 408
f 413 407 419
f 421 2824 422
f 423 424 420
f 424 602 425
f 422 3551 426
f 428 431 429
f 431 428 432
f 434 429 431
f 435 2202 427
f 430 3053 433
f 433 3634 436
f 438 1565 439
f 440 444 437
f 442 438 437
f 441 437 444
f 446 442 441
f 447 772 443
f 449 454 450
f 448 3471 451
f 453 450 454
f 448 450 456
f 452 454 458
f 460 462 461
f 462 2344 463
f 460 3571 464
f 335 466 341
f 466 335 467
f 469 473 470
f 471 2448 472
f 473 478 474
f 475 476 470
f 476 471 468
f 478 473 479
f 481 3739 482
f 484 2978 481
f 483 481 480
f 485 3206 486
f 487 3210 485
f 489 492 490
f 491 499 492
f 489 2161 493
f 495 490 492
f 488 490 497
f 494 492 499
f 501 510 502
f 503 1322 500
f 505 503 502
f 503 505 507
f 504 1363 508
f 504 502 510
f 511 515 512
f 514 2132 512
f 515 517 513
f 516 2772 517
f 515 511 518
f 520 523 521
f 523 520 524
f 526 524 520
f 521 530 528
f 522 841 529
f 523 529 530
f 532 534 533
f 534 3225 535
f 536 3513 534
f 531 3072 537
f 538 3553 531
f 539 538 533
f 541 544 542
f 544 541 545
f 547 542 544
f 549 550 545
f 550 1862 543
f 548 545 541
f 553 555 554
f 556 3530 557
f 555 557 558
f 555 553 559
f 552 554 561
f 563 552 560
f 565 2146 566
f 568 565 564
f 567 564 570
f 567 3031 571
f 572 570 564
f 574 579 575
f 573 582 576
f 577 578 574
f 578 2074 579
f 581 576 582
f 583 577 576
f 585 590 586
f 584 586 588
f 586 594 589
f 591 2088 592
f 593 591 590
f 590 592 594
f 392 598 595
f 597 595 598
f 599 598 392
f 393 595 601
f 277 425 602
f 425 277 276
f 603 421 420
f 69 602 604
f 602 424 605
f 606 435 429
f 608 612 609
f 611 609 612
f 613 1683 610
f 607 3031 614
f 612 608 615
f 617 622 618
f 616 1610 619
f 338 340 616
f 621 618 622
f 620 622 624
f 625 624 622
f 627 630 628
f 629 630 580
f 630 629 631
f 632 3222 633
f 634 627 626
f 635 632 626
f 637 2310 638
f 636 641 639
f 641 636 642
f 636 638 643
f 645 647 646
f 643 1230 644
f 647 1094 648
f 355 357 650
f 649 650 652
f 357 359 653
f 655 657 656
f 658 664 656
f 660 658 657
f 659 657 655
f 662 1007 654
f 654 1009 663
f 664 744 662
f 666 668 667
f 668 957 669
f 667 669 671
f 370 372 668
f 666 1161 672
f 674 677 675
f 677 674 678
f 680 677 676
f 682 678 674
f 683 781 678
f 685 687 686
f 687 690 688
f 689 1168 690
f 692 684 693
f 684 686 694
f 696 699 697
f 699 696 700
f 700 696 702
f 702 696 695
f 699 706 704
f 706 699 698
f 708 716 709
f 707 2547 710
f 707 709 712
f 709 715 713
f 715 709 716
f 716 708 718
f 720 726 721
f 723 720 719
f 725 721 726
f 719 721 728
f 721 725 729
f 731 187 31
f 572 734 733
f 734 737 735
f 737 734 738
f 739 2164 740
f 732 733 741
f 662 744 743
f 744 2973 745
f 747 753 748
f 750 746 751
f 752 751 746
f 754 1667 755
f 753 747 756
f 753 755 757
f 759 3391 760
f 762 764 760
f 758 760 764
f 763 2129 765
f 758 765 766
f 764 762 768
f 447 773 770
f 772 447 769
f 773 447 444
f 771 769 775
f 774 3266 776
f 777 772 771
f 779 784 780
f 782 779 778
f 784 779 785
f 784 398 397
f 783 404 398
f 786 785 779
f 785 786 787
f 554 558 788
f 560 561 790
f 791 790 561
f 789 790 793
f 795 801 796
f 796 805 798
f 794 796 797
f 801 795 802
f 804 801 800
f 801 804 805
f 807 810 808
f 809 3976 810
f 812 806 813
f 806 808 814
f 810 3728 815
f 817 2417 818
f 820 817 816
f 817 820 822
f 824 822 820
f 819 816 826
f 816 818 827
f 829 840 830
f 832 840 833
f 835 828 830
f 828 835 837
f 838 829 828
f 839 830 840
f 839 2792 834
f 842 418 843
f 841 522 844
f 845 529 841
f 847 855 848
f 850 847 846
f 851 3233 849
f 852 2293 853
f 852 848 855
f 853 851 846
f 857 860 858
f 859 990 860
f 857 2035 861
f 863 858 860
f 864 2033 856
f 866 870 867
f 865 867 869
f 870 3416 631
f 872 870 866
f 874 877 875
f 876 2056 877
f 497 876 874
f 880 878 881
f 873 881 878
f 883 887 884
f 885 3843 886
f 888 1766 884
f 882 884 889
f 891 895 892
f 894 892 895
f 896 731 890
f 898 901 899
f 900 2409 901
f 902 3331 903
f 905 899 901
f 897 899 906
f 908 911 909
f 911 1905 912
f 913 909 911
f 914 1905 911
f 907 909 916
f 918 921 919
f 920 921 609
f 921 918 607
f 917 923 571
f 923 917 924
f 921 920 925
f 926 924 917
f 919 925 927
f 929 933 930
f 932 930 933
f 932 937 935
f 934 2820 930
f 937 932 931
f 933 929 939
f 941 944 942
f 943 1237 944
f 946 942 944
f 947 3999 940
f 949 941 940
f 254 297 951
f 253 254 950
f 30 1061 730
f 90 956 953
f 91 2523 955
f 956 90 954
f 372 371 957
f 370 672 366
f 959 964 960
f 962 960 963
f 965 963 960
f 966 3877 961
f 968 970 969
f 937 3589 969
f 971 1348 972
f 970 972 935
f 967 2026 973
f 970 968 974
f 975 974 968
f 976 458 454
f 978 1556 979
f 980 981 977
f 981 3253 982
f 981 980 984
f 986 993 987
f 989 986 985
f 990 859 985
f 859 861 988
f 992 990 987
f 993 995 991
f 994 2408 995
f 997 1001 998
f 996 998 1000
f 1001 1006 1002
f 1001 997 1004
f 1006 1001 1003
f 742 1010 1007
f 1009 654 1007
f 1010 1756 1008
f 1011 2007 1010
f 1012 1011 742
f 1014 400 1015
f 780 397 1014
f 1016 1018 47
f 49 47 1018
f 1019 1171 1017
f 1018 1016 1020
f 1022 1028 1023
f 1024 1025 1021
f 1025 1431 1026
f 1027 1022 1021
f 1028 1030 1029
f 697 704 1030
f 1028 1022 695
f 1032 1037 1033
f 1035 1247 1033
f 1034 1033 1037
f 1036 1037 1039
f 1040 1039 1037
f 596 1045 1042
f 1043 1403 1044
f 597 596 1041
f 1045 596 598
f 597 1044 1047
f 1044 1403 1048
f 1020 1058 1050
f 1049 1053 1052
f 1049 1050 1054
f 1050 1057 1055
f 1057 1050 1058
f 1060 730 1061
f 1063 1065 989
f 1062 989 988
f 1065 1066 986
f 1066 994 993
f 1068 1074 1069
f 1067 3601 1070
f 1071 3379 1067
f 1073 1071 1069
f 1074 3833 1072
f 1075 3922 1074
f 1077 795 794
f 1078 802 795
f 1080 1084 1081
f 1083 1081 1084
f 1085 1086 1084
f 1087 1435 1088
f 1082 1084 1086
f 1089 1087 1086
f 1091 1096 1092
f 1094 647 1092
f 1093 1092 1096
f 1090 1092 647
f 1098 1091 1090
f 1090 645 1099
f 1101 1106 1102
f 1104 1107 1101
f 1106 1101 1107
f 1105 2704 1108
f 1106 1108 1109
f 1111 1119 1112
f 1114 1115 1112
f 1115 1954 1110
f 1115 1114 905
f 906 1114 1113
f 1113 1112 1119
f 1117 1113 1118
f 1122 1129 1123
f 1125 1129 1122
f 1126 1477 1121
f 1128 1126 1123
f 1129 2617 1127
f 1131 1139 1132
f 1134 1130 1135
f 1130 1132 1136
f 1138 1132 1139
f 1137 1139 1141
f 782 1145 1142
f 1144 1142 1145
f 1146 787 786
f 1143 1859 1147
f 1143 1145 683
f 1150 1154 1151
f 1153 1151 1154
f 1155 3032 1151
f 1156 2166 1152
f 1157 1156 1154
f 1149 2462 1158
f 1159 1157 1150
f 1161 666 665
f 1161 1163 1162
f 1160 2059 1163
f 1164 1563 1160
f 665 667 670
f 1038 1039 1166
f 1039 1040 1167
f 690 1040 1032
f 1168 1167 1040
f 1017 1169 262
f 1169 1312 237
f 1169 1017 1171
f 1173 2865 1174
f 1172 1177 1175
f 1177 1172 1178
f 1177 1180 1179
f 1176 3718 1180
f 1172 1174 1181
f 407 1183 1181
f 1183 407 406
f 1185 355 649
f 703 695 1022
f 1187 1193 1188
f 1186 1188 1190
f 1189 2588 1191
f 1188 1194 1192
f 1193 1196 1194
f 1195 2491 1196
f 1197 1195 1193
f 1199 1201 1200
f 1201 3909 863
f 1203 1198 1204
f 1205 1204 1198
f 1207 1212 1208
f 1209 2815 1206
f 1211 1208 1212
f 1214 1207 1215
f 1134 1212 1207
f 1206 3582 1215
f 1131 1214 1213
f 1139 1131 1216
f 1130 1134 1214
f 1218 1222 1219
f 1220 4083 1221
f 1222 3699 1223
f 1219 1223 1225
f 1224 1220 1217
f 1226 3701 1222
f 1228 643 638
f 1230 643 1228
f 566 738 734
f 736 738 1232
f 570 572 732
f 1234 1239 1235
f 1236 1971 1233
f 1238 1235 1239
f 1239 1234 1240
f 1242 1246 1243
f 1245 1243 1246
f 1247 1035 1246
f 1249 1242 1241
f 1242 1249 1250
f 1251 1255 1252
f 825 826 1253
f 825 1252 1254
f 1255 2833 1256
f 1258 1264 1259
f 1260 1261 1257
f 1261 78 81
f 1263 1259 1264
f 1266 228 227
f 228 1266 1267
f 1266 1269 1268
f 1265 3285 1269
f 1271 1275 1272
f 1274 1272 1275
f 1276 4097 1273
f 1270 1280 1278
f 1280 1270 1272
f 1282 1287 1283
f 1285 1288 1282
f 1287 1282 1288
f 1290 1287 1286
f 1291 1283 1287
f 1293 1300 1294
f 1295 2407 1292
f 1297 1293 1292
f 1299 1294 1300
f 1302 1308 1303
f 1305 1306 1303
f 1306 3865 1301
f 1307 1419 1308
f 1304 1303 1308
f 1301 1995 1310
f 195 237 1312
f 1311 4006 191
f 9 1316 1313
f 1315 1313 1316
f 1317 320 318
f 1313 1315 1318
f 1314 1316 1320
f 500 1323 1321
f 1322 1326 1323
f 1325 1323 1326
f 1327 1321 1323
f 1328 2713 1321
f 1330 1340 1331
f 1333 1335 1331
f 1335 1333 1336
f 1329 1331 1335
f 1339 1333 1332
f 1340 3587 1332
f 1342 1345 1343
f 456 1343 1345
f 1341 1343 453
f 1341 3508 1347
f 450 453 1343
f 972 1349 934
f 1348 3068 1349
f 1351 1356 1352
f 1352 1357 1354
f 1355 2063 1356
f 1356 2062 1357
f 1351 1350 1359
f 1358 3954 1355
f 1360 507 505
f 1362 508 1363
f 879 1370 1364
f 1366 1367 1364
f 1368 488 496
f 880 1364 1367
f 1365 1372 1369
f 1370 1373 1365
f 1372 1365 1373
f 749 751 1375
f 1377 749 1374
f 1374 1375 1379
f 1375 1381 1380
f 1381 1375 751
f 1382 1218 1217
f 1383 1226 1218
f 1385 1391 1386
f 1384 1386 1388
f 1390 1386 1391
f 1386 1390 1392
f 1391 1385 1394
f 1395 1400 1396
f 1048 1396 1398
f 1399 3131 1400
f 1402 1396 1400
f 1403 1399 1395
f 1405 1407 1406
f 1407 1410 1408
f 1410 1407 1411
f 1404 1089 1412
f 1413 1411 1407
f 1415 1309 1416
f 1416 1419 1418
f 1419 1416 1309
f 1419 1307 1420
f 1421 1304 1309
f 1423 1393 1424
f 1393 1394 1425
f 1393 1423 1389
f 1423 1686 1426
f 1026 1429 1427
f 904 3173 1427
f 1429 2410 1428
f 1429 1026 1431
f 1082 1088 1433
f 1433 1088 1435
f 1437 1439 1438
f 1439 922 1440
f 1439 1437 1442
f 1444 1437 1436
f 1446 1448 1447
f 1449 3465 1450
f 1451 1449 1448
f 1445 2428 953
f 1446 953 956
f 1237 943 1452
f 1237 1239 945
f 1453 1970 1238
f 943 3378 1454
f 1456 1459 1457
f 601 1046 1456
f 1459 1456 1046
f 1458 1456 1455
f 1462 1464 1463
f 1464 2589 653
f 1465 2444 1466
f 1461 1463 363
f 1461 1466 1467
f 1436 1438 1469
f 1443 1436 1468
f 1472 1126 1128
f 1473 4062 1474
f 1471 1128 1476
f 1472 1474 1477
f 1479 1487 1480
f 1481 1484 1478
f 1483 1478 1484
f 1486 1480 1487
f 525 520 519
f 527 1489 519
f 1489 2776 1488
f 1488 2769 1490
f 525 1490 1491
f 1493 1495 1494
f 1495 1771 1496
f 1495 1493 1498
f 1500 1492 1501
f 1502 1493 1492
f 1492 1494 1503
f 1494 1496 1504
f 1506 272 274
f 272 1506 1507
f 1509 1514 1510
f 1511 2125 1508
f 1513 1511 1510
f 1515 1512 1510
f 1516 3902 1514
f 1518 2160 1519
f 1521 1517 1522
f 1523 1522 1517
f 1524 1525 1522
f 1525 4009 1520
f 1527 1529 1528
f 1529 1532 334
f 1530 1533 1529
f 1532 1529 1533
f 333 334 1532
f 1535 1537 1533
f 1531 1533 1537
f 1539 1541 486
f 1541 1539 1542
f 1544 1539 1538
f 483 486 1541
f 1544 387 385
f 1545 385 1547
f 1547 384 1549
f 1548 2861 1546
f 1550 978 977
f 1551 1555 978
f 1553 1555 1554
f 1555 1553 1556
f 1555 1551 1557
f 1550 982 1559
f 664 658 1561
f 1560 2973 744
f 1562 1561 658
f 1563 1164 1561
f 1164 670 1560
f 1564 1569 1565
f 1567 439 1565
f 1566 1565 1569
f 1571 1575 1572
f 1574 1572 1575
f 1572 1574 1577
f 1578 4070 1575
f 1580 1382 1221
f 1411 1413 1582
f 1583 1413 1405
f 1409 1411 1581
f 1585 3569 1584
f 1413 1583 1586
f 1587 1585 1581
f 1582 1586 1588
f 1590 1595 1591
f 1593 1594 1590
f 1594 3703 1595
f 1590 1589 1596
f 1593 1592 1598
f 1600 1605 1601
f 1602 3014 1599
f 1604 1601 1605
f 1600 1608 1607
f 1599 4032 1608
f 1606 3952 1605
f 338 1609 344
f 1609 338 618
f 1610 616 340
f 1611 1613 1540
f 1612 1616 1613
f 1615 1613 1616
f 1617 1540 1613
f 1546 1611 1542
f 1545 1542 1539
f 1540 1617 484
f 1187 1619 1618
f 1186 1191 1619
f 1621 1618 1619
f 1622 2954 1197
f 1624 1628 1625
f 1504 344 1609
f 1623 1625 1503
f 1623 1609 621
f 1501 1503 1625
f 1626 1625 1628
f 1627 1628 1630
f 1632 1637 1633
f 1631 3117 1634
f 1632 1634 1636
f 1638 2149 1639
f 1637 1639 1640
f 1637 1632 1635
f 1641 1307 1302
f 1307 1641 1642
f 1643 226 225
f 1644 1643 1267
f 226 1643 1645
f 1647 1652 1648
f 1649 1891 1646
f 1651 1647 1646
f 1652 1657 1653
f 1652 1647 1655
f 1657 1652 1654
f 1659 1185 1184
f 1184 649 651
f 1658 1184 1660
f 1662 2709 1660
f 1664 1666 1665
f 1666 755 1667
f 755 1666 1668
f 1669 1668 1666
f 1671 1664 1663
f 1672 2840 1663
f 1674 2728 1675
f 1673 1675 1677
f 1679 1673 1676
f 1680 1674 1673
f 1339 3585 1676
f 1682 610 1683
f 1682 2496 1426
f 610 1682 1684
f 611 1684 1685
f 1686 1685 1684
f 1687 1689 1324
f 1689 1687 1690
f 1688 1858 1147
f 1688 1690 1692
f 1687 1973 1693
f 1694 1697 1190
f 1696 1697 1694
f 341 1192 1194
f 1698 1189 1190
f 1700 1583 1412
f 1701 1704 1700
f 1583 1700 1702
f 1702 1700 1704
f 1706 1714 1707
f 1709 1716 1706
f 1707 1713 1711
f 1713 1707 1714
f 1714 1706 1716
f 1334 1336 1718
f 1337 1335 1334
f 1719 1334 1717
f 1720 1752 1721
f 1717 1718 1723
f 1722 4038 1720
f 1725 1732 1726
f 1728 1724 1729
f 1730 1725 1724
f 1732 1725 1733
f 1735 1728 1727
f 1387 1388 1737
f 1736 1737 1417
f 1738 1737 1388
f 1740 1744 1741
f 1739 3447 1742
f 1744 1740 1745
f 1743 1745 1119
f 1118 1119 1745
f 1746 1745 1740
f 1748 1757 1749
f 1747 4038 1751
f 1747 1749 1753
f 1755 1753 1749
f 1754 1749 1757
f 1757 1748 1759
f 1758 1008 1756
f 1761 1124 1762
f 1763 1762 1124
f 1764 3511 1762
f 889 1761 1760
f 1124 1761 1766
f 1767 1774 1497
f 1767 1770 1769
f 1498 2053 1770
f 1497 1773 1771
f 1773 1497 1774
f 1768 2579 1774
f 1776 1779 1777
f 1778 1782 1779
f 1779 1781 1408
f 1781 1779 1782
f 1783 2058 1782
f 1785 1791 354
f 1787 1791 1788
f 347 2799 1784
f 1784 1073 1789
f 1790 354 1791
f 792 793 1793
f 790 791 1794
f 1795 1793 793
f 1797 792 1792
f 1792 1793 1799
f 1801 1804 1802
f 928 1802 1804
f 1805 2472 1804
f 1807 1813 1808
f 1809 2075 1806
f 1811 1813 1812
f 1813 1811 1814
f 1815 1812 1813
f 1817 2190 1818
f 1820 1816 1821
f 1820 4035 1823
f 1816 1820 1822
f 1816 1818 1824
f 1825 3928 1819
f 1046 601 595
f 600 601 1458
f 1828 1831 1829
f 1831 1828 1832
f 1827 3640 1833
f 1834 3639 1827
f 1831 2749 1835
f 1837 1847 1838
f 1836 1841 1839
f 1841 1836 1842
f 1843 1842 1836
f 1845 1843 1838
f 1844 1838 1847
f 1848 811 1847
f 1850 1854 1851
f 1853 4080 1854
f 1852 1854 1850
f 1850 1849 1856
f 1144 1147 1858
f 1859 1324 1689
f 1859 1143 1148
f 1861 1866 1862
f 1864 1867 1861
f 1866 1861 1867
f 1869 1862 1866
f 1868 1866 1865
f 1867 1864 1872
f 342 1194 1196
f 1874 1876 1875
f 1753 1755 1876
f 1874 1721 1752
f 1878 1875 1876
f 1873 1875 1880
f 1881 1880 1875
f 1883 832 831
f 1884 1886 831
f 1882 831 1886
f 832 1883 1887
f 1889 1649 1890
f 1649 1889 1892
f 1889 2081 1893
f 1890 1649 1648
f 1895 1897 1896
f 1897 1895 994
f 1896 1658 1661
f 1897 1659 1658
f 1900 1902 1901
f 1902 663 1009
f 1008 1758 1901
f 1903 3549 663
f 1902 1900 1904
f 1905 1909 1906
f 1908 3896 1909
f 1909 3896 1910
f 1911 2506 912
f 1912 1911 1906
f 549 1915 1913
f 1915 549 548
f 550 549 1863
f 1916 1864 1863
f 1918 1920 1919
f 1921 3789 1922
f 1923 2165 1917
f 1925 1918 1917
f 1920 1922 1926
f 1919 1926 1927
f 1066 1065 1659
f 1065 1063 1185
f 1182 1930 1928
f 1182 406 409
f 1928 1932 1176
f 1178 1181 1183
f 1929 2899 1930
f 1932 1928 1930
f 1934 1941 1935
f 1933 3314 1936
f 1933 1935 1938
f 1940 1938 1935
f 1941 1943 1939
f 1942 3232 1943
f 1944 1942 1941
f 1892 1893 1946
f 1945 1946 1948
f 1891 1892 1945
f 1945 1947 1604
f 1110 1953 1950
f 1952 2830 1953
f 1954 1951 1953
f 1951 1956 1328
f 1956 1951 1954
f 478 1960 1957
f 1959 1957 1960
f 477 1961 1960
f 1961 3951 1958
f 1963 1549 384
f 1548 1549 1965
f 1415 1966 1965
f 1421 1965 1549
f 1966 2703 1964
f 1693 1972 1968
f 1968 1236 1970
f 1236 1968 1972
f 1973 506 1972
f 1690 1693 1967
f 1975 1979 1976
f 1978 1976 1979
f 1980 3946 1977
f 1979 1975 1981
f 1922 1975 1974
f 1974 1976 1642
f 1982 1927 1926
f 1983 2207 1984
f 1295 1984 1986
f 1984 1295 1294
f 1984 2207 1987
f 1985 1986 1989
f 1986 1987 1990
f 1310 1994 1991
f 1993 1991 1994
f 1991 1993 1927
f 1995 3666 1994
f 1997 2001 1998
f 2000 1998 2001
f 2002 3732 1999
f 2003 3622 2004
f 2005 1997 1996
f 2006 2003 1996
f 2008 1755 1754
f 1756 1010 2007
f 2007 1011 2009
f 2010 2012 1685
f 925 2012 2011
f 920 1685 2012
f 2014 1913 1915
f 2016 2017 2014
f 2017 1916 1913
f 2018 2015 2014
f 2019 2020 1957
f 474 1957 2020
f 2022 1705 2023
f 1710 2023 1705
f 1708 1706 1705
f 2024 3298 2021
f 2021 3299 2025
f 2026 1244 2027
f 2027 1035 1034
f 2028 975 973
f 1244 1246 1035
f 2029 1245 1244
f 2031 2034 2032
f 2033 2032 2034
f 856 2034 2035
f 2037 2041 2038
f 2036 3669 2039
f 2041 2037 2042
f 2043 3480 2040
f 2044 2042 2037
f 2046 2050 2047
f 1841 2050 2048
f 2049 2048 2050
f 2045 648 1094
f 2051 640 2045
f 1840 2047 2050
f 2047 1840 2052
f 2053 587 875
f 1768 1769 2055
f 877 1769 1770
f 2056 2055 1769
f 1780 1782 2058
f 2059 2057 2058
f 2058 1783 1162
f 1453 3061 1969
f 1235 1238 1970
f 2060 1788 1791
f 2062 1356 2063
f 2065 1357 2062
f 2064 2062 2061
f 1170 1558 1312
f 1005 1003 2068
f 2069 2072 2067
f 2071 2067 2072
f 2005 3611 2070
f 2002 2069 2068
f 2074 1807 1806
f 579 1806 2075
f 2077 1946 1893
f 2079 2077 2076
f 2077 2079 153
f 2081 3901 2076
f 1603 1650 1949
f 1891 1949 1650
f 1650 1603 2082
f 1947 1602 1601
f 1608 3937 2083
f 2085 2087 2086
f 2087 2085 2088
f 2087 2430 2089
f 2086 2089 1883
f 1882 1885 2084
f 2091 2632 2092
f 2094 2091 2090
f 2096 2098 2094
f 2091 2094 2098
f 2093 2969 2095
f 2099 2968 2093
f 2100 2099 2090
f 2102 2109 2103
f 2104 2105 2101
f 2105 3041 2106
f 2108 2103 2109
f 1104 2111 1589
f 2111 1104 1103
f 1589 2111 2112
f 2114 2116 2115
f 2116 2121 2117
f 2119 2115 2117
f 2118 3903 2120
f 2119 2671 2113
f 2122 2902 2117
f 2124 1508 2125
f 765 2128 2126
f 2128 765 2129
f 2131 2126 2128
f 2132 514 2133
f 402 512 2132
f 2133 2137 2135
f 2137 2133 514
f 2139 3664 2140
f 2142 2139 2138
f 1377 3746 2139
f 2143 2162 2144
f 2141 2138 2145
f 2141 2144 750
f 1442 2148 2146
f 1232 2146 2148
f 1441 1442 565
f 2149 2151 2150
f 2151 2178 2152
f 2153 1640 1639
f 1519 2158 2154
f 2155 1524 1523
f 2154 2157 416
f 2157 2154 2158
f 2159 2421 2156
f 2160 2159 2158
f 488 1368 2161
f 741 2163 756
f 2163 741 733
f 2162 2143 739
f 2143 2145 2164
f 2165 1923 2166
f 1924 1917 2165
f 2167 2165 1156
f 2169 352 1790
f 2171 353 2169
f 2173 1042 1045
f 599 4120 2172
f 1041 1042 2174
f 2176 2179 2177
f 2179 2176 2180
f 2182 2180 2176
f 2181 2176 2175
f 2175 2177 2185
f 2187 2189 2188
f 2190 1817 2191
f 2192 2188 2189
f 2186 2188 2194
f 2196 2198 2197
f 907 2197 2198
f 2199 2302 2195
f 915 2199 2197
f 908 2198 2200
f 2201 2147 2202
f 2204 2276 2205
f 1383 2206 2203
f 1987 2203 2206
f 2204 2203 1987
f 1990 2206 1580
f 2209 2210 1710
f 2023 1710 2210
f 2211 3388 2210
f 2209 2044 2039
f 2213 2220 2214
f 2215 2218 2212
f 2217 2212 2218
f 2220 2213 2221
f 2223 2214 2220
f 2219 4143 2222
f 2225 2229 2226
f 2228 2226 2229
f 2230 951 2224
f 2226 2228 2231
f 2232 2762 2229
f 2224 3599 269
f 2234 2236 2235
f 2159 2160 2236
f 2238 2235 2236
f 2239 1653 1657
f 2240 2239 2233
f 2242 1940 1939
f 1943 3234 2241
f 2244 2247 2245
f 2246 2251 2247
f 2247 2250 2248
f 2250 2247 2251
f 1824 2250 2249
f 2250 1824 1818
f 79 2257 2253
f 322 2253 2254
f 2256 2253 2257
f 2257 79 78
f 1261 1260 2255
f 1469 2260 2259
f 2258 3077 1468
f 1438 1440 2260
f 2262 2264 2259
f 2258 2259 2264
f 1440 3180 2265
f 2261 2259 2260
f 2266 2269 1568
f 2268 1566 1568
f 2267 1568 2269
f 2269 2266 2271
f 2272 2266 1569
f 2266 2272 2273
f 2275 2276 2204
f 2274 2204 2207
f 2276 2279 2277
f 2279 2276 2275
f 2281 2275 2274
f 2275 2281 1211
f 2283 2088 2085
f 2088 2283 2284
f 2286 3883 2287
f 2289 2285 2290
f 2289 3907 2292
f 2285 2289 2291
f 2290 2294 2293
f 2288 2290 852
f 2285 2287 2294
f 2295 2300 1880
f 2297 2300 2298
f 2299 2298 2300
f 2300 2297 1879
f 2302 2199 2303
f 2305 2195 2302
f 2304 2308 2306
f 2307 4078 2308
f 2304 2302 2301
f 1333 1339 1677
f 1336 1677 1675
f 2310 637 2311
f 2310 3629 1227
f 2312 2631 2098
f 2314 2096 2095
f 2316 2318 2317
f 2318 1531 1536
f 2319 1534 2318
f 1534 1532 1531
f 2321 2319 2316
f 2315 4074 2320
f 169 3467 2322
f 2323 2325 2324
f 961 2326 2323
f 1054 1055 2325
f 1054 2323 2326
f 2328 2324 2325
f 603 276 265
f 2329 265 179
f 2332 2339 2333
f 2331 2333 2335
f 2337 2335 2333
f 2339 2332 2340
f 2336 2333 2339
f 2343 2346 2344
f 463 2344 2346
f 2342 2344 462
f 2348 463 2345
f 2349 3669 2345
f 2351 2554 2352
f 2353 2351 2350
f 2355 2554 2351
f 2280 2274 1983
f 2280 2350 1209
f 2357 1394 1385
f 2358 1425 1394
f 606 2361 2360
f 2361 3483 2362
f 2363 3205 2359
f 345 1496 1771
f 344 1504 1496
f 1773 3721 2364
f 2366 2368 2367
f 2368 3542 1354
f 2369 4065 2368
f 2365 713 715
f 2371 3837 2372
f 2370 2372 2374
f 2000 2371 2370
f 2371 2000 1999
f 2006 2375 2378
f 2375 2370 2373
f 2353 1983 1299
f 1298 1300 2379
f 2380 2382 1512
f 1513 1512 2382
f 2381 2382 2384
f 2385 2399 2380
f 2382 2380 2386
f 2388 1098 1097
f 1099 2808 2387
f 1091 1098 2390
f 1954 1115 1116
f 2391 2393 2063
f 2392 3302 2393
f 2061 2063 2393
f 2395 2398 2396
f 2397 3465 2398
f 600 2397 2395
f 2400 2404 2401
f 2402 2404 1224
f 2403 2401 2404
f 1220 1224 2404
f 2386 2380 2399
f 2399 2385 2405
f 2407 1295 1985
f 2406 995 2408
f 1296 1292 2407
f 905 904 1428
f 2409 3173 904
f 1116 1428 2410
f 260 284 2412
f 259 260 2411
f 2415 2418 2416
f 2417 2416 2418
f 2419 2538 2416
f 2420 3641 2418
f 2421 2159 2234
f 2233 1657 1656
f 2423 2426 2424
f 2426 2423 2427
f 148 2428 2424
f 2426 146 145
f 2428 1445 2422
f 2429 2430 593
f 2430 2087 591
f 990 992 862
f 2432 2436 2433
f 2435 2433 2436
f 2437 2504 2433
f 2439 2435 2434
f 2440 2437 2435
f 1079 1081 2442
f 1701 1080 1079
f 2441 2583 2443
f 705 698 2445
f 2444 1465 2446
f 705 2446 2447
f 1064 988 861
f 2450 2296 2451
f 1330 2455 2450
f 2451 2456 2454
f 2455 2297 2296
f 2456 2451 2296
f 991 2458 2457
f 995 2406 2458
f 1204 1205 2457
f 2406 1985 1988
f 2459 2457 2458
f 1158 2461 2460
f 2461 1158 2462
f 2462 1149 2464
f 2466 1483 1482
f 1483 2466 2196
f 2465 3743 2200
f 1937 1938 1482
f 1478 1483 2467
f 2232 323 271
f 2469 4087 2470
f 928 1803 2468
f 1803 1804 2472
f 2471 2469 2468
f 929 2468 2470
f 2474 2477 2475
f 2477 2474 1671
f 2479 2475 2477
f 2480 3984 2473
f 2482 2485 2483
f 2484 551 2481
f 2482 2778 2486
f 2483 2485 2488
f 2490 2778 2482
f 2481 540 2489
f 1610 1196 2491
f 337 345 2364
f 2492 2493 1681
f 2493 2540 2494
f 1683 613 2495
f 2496 1682 1681
f 2497 3438 2436
f 2499 2432 2431
f 2498 3791 2500
f 2499 2500 2502
f 2432 2499 2501
f 2431 2433 2504
f 2505 2506 798
f 910 912 2506
f 797 798 2506
f 2507 2505 2193
f 805 2186 2193
f 2509 2515 2510
f 2508 1886 1884
f 2511 2512 2508
f 1886 2508 2512
f 2514 2510 2515
f 2510 2514 2516
f 1121 4030 1763
f 2517 3678 1537
f 2519 2524 2520
f 18 19 2521
f 2523 2525 2520
f 2524 2526 2522
f 2525 18 2518
f 2524 390 2396
f 2527 2530 1135
f 1132 1138 2528
f 2529 2527 1136
f 2530 3546 1133
f 781 683 1145
f 692 959 958
f 964 959 2533
f 691 2533 959
f 2535 2415 2414
f 2415 2535 2536
f 2414 2416 2538
f 1737 1738 2539
f 1392 2494 2540
f 1738 2540 2541
f 1417 2539 1414
f 2542 1414 2539
f 1283 1291 2544
f 1281 1283 2543
f 2461 1281 2545
f 1284 1282 1281
f 2547 707 711
f 2549 710 2547
f 2546 711 1929
f 2198 2196 2466
f 2467 2196 2195
f 562 2552 2550
f 789 2551 562
f 2551 3285 2552
f 2354 2379 2314
f 2554 2355 2555
f 2096 2314 2379
f 2355 2314 2313
f 1300 1293 2312
f 2557 2566 2558
f 2559 3119 2556
f 2561 2557 2556
f 2558 2567 2562
f 2564 2566 2565
f 2566 2564 2567
f 1202 2573 2568
f 2569 2570 1203
f 2570 1199 1198
f 2572 2569 2568
f 2208 1580 1579
f 2571 2568 2573
f 2573 1202 2574
f 1775 1777 2576
f 2575 2906 2577
f 2576 1410 1409
f 1410 2576 1777
f 2578 1870 2575
f 2054 2580 2579
f 2580 2582 2581
f 1772 1774 2579
f 2441 2442 2582
f 2583 2441 2580
f 1191 2588 2585
f 1620 1619 1191
f 2586 2588 1189
f 2587 2585 2588
f 1463 653 359
f 2589 652 650
f 2590 3540 2419
f 2591 2590 821
f 2590 2591 2593
f 2594 2591 822
f 2417 817 821
f 2595 947 942
f 2597 2599 2565
f 2563 2565 2599
f 2566 2557 2596
f 2600 3280 2599
f 2602 2597 2596
f 2411 2412 2604
f 2413 2411 2603
f 1056 2603 2605
f 894 2605 2603
f 2412 319 896
f 886 2607 373
f 371 373 2607
f 1526 1528 325
f 2609 1527 1526
f 2608 1526 327
f 2612 2609 2608
f 2611 2608 2610
f 461 463 2348
f 2614 2348 2616
f 992 2457 1205
f 1574 2581 2582
f 1573 1772 2581
f 2442 2645 1577
f 2618 3706 2619
f 2617 2619 2620
f 1125 2618 2617
f 2619 3706 2622
f 2624 1216 1213
f 2625 1141 1216
f 2624 2951 2626
f 2628 1562 660
f 2629 1898 2630
f 2631 2629 2097
f 2632 2091 2097
f 2630 2634 2633
f 1898 1661 2634
f 1898 2629 1894
f 2282 2085 2084
f 1885 2512 2635
f 2637 2282 2635
f 2282 2637 2638
f 2639 2641 2252
f 1825 2252 2641
f 2641 2639 2643
f 2644 2639 2249
f 2645 2442 1081
f 2647 2652 2648
f 2650 2652 2651
f 1567 2648 2652
f 439 1567 2650
f 1921 2651 2652
f 575 2075 2653
f 2654 865 868
f 2075 1809 2655
f 2657 1278 1280
f 2658 2659 1278
f 2659 2734 1277
f 1279 3477 2656
f 2656 3064 2660
f 2523 2522 2661
f 91 16 2525
f 2294 2665 2662
f 2663 853 2293
f 2662 2666 2664
f 2665 3788 2666
f 2665 2294 2287
f 1627 2966 2429
f 2668 2670 2032
f 2669 2668 2033
f 2670 3520 2030
f 2671 2677 2672
f 2672 2676 2674
f 2676 2672 2677
f 2679 2677 2671
f 2119 2120 2678
f 2681 386 2682
f 2680 2682 2184
f 2684 2681 2680
f 2184 2685 2183
f 2682 3524 2685
f 769 770 2686
f 774 775 2688
f 2167 2689 2686
f 2689 2688 775
f 770 1925 1924
f 773 2649 1925
f 1506 2691 2690
f 1505 3844 2691
f 2693 2699 2694
f 2695 3100 2696
f 2697 2693 2692
f 2140 2695 2692
f 2698 2700 2699
f 2700 740 2164
f 2699 2164 2145
f 2505 2507 913
f 1744 1743 673
f 675 2701 1741
f 2701 675 677
f 673 1950 681
f 1743 1111 1950
f 2703 1966 2542
f 1414 2542 1966
f 2704 3043 2705
f 2706 1109 1108
f 2704 1105 2708
f 139 953 2428
f 2710 2633 2634
f 1661 1660 2709
f 510 501 2712
f 2714 1430 2712
f 501 1321 2713
f 2716 2722 2717
f 2719 2716 2715
f 2715 2717 2721
f 2722 2725 2723
f 2724 3144 2725
f 2722 2716 2726
f 2727 2729 2728
f 2292 3048 2730
f 2291 2292 2729
f 1674 1680 2731
f 2729 2730 1723
f 1959 1029 1030
f 2019 1030 704
f 2020 2019 2732
f 2732 704 706
f 1998 2000 2375
f 2735 2739 2736
f 2738 2741 2739
f 2736 2739 2741
f 2742 3540 2740
f 2048 2049 2744
f 1839 2048 2743
f 2745 1848 1837
f 1830 1832 2747
f 2748 1830 2746
f 1830 2748 2749
f 2746 2747 2751
f 2753 2751 2747
f 1832 2754 2752
f 1828 1833 2754
f 2756 1434 1435
f 2627 3548 2757
f 1433 1434 2757
f 2756 2628 2627
f 2755 1435 1087
f 2759 3923 2760
f 2227 2229 2762
f 2761 2564 2563
f 2690 3657 2761
f 263 2763 1061
f 2763 263 75
f 791 2765 2764
f 2765 791 788
f 2767 2764 2765
f 2768 2777 2764
f 1047 1048 1397
f 2769 2771 2770
f 2771 517 2772
f 1490 2770 2773
f 2775 2771 2769
f 2769 1488 2776
f 2777 1795 1794
f 2778 2783 2779
f 2485 2486 2780
f 2780 2486 2779
f 2783 2778 2490
f 440 2650 2649
f 592 2284 2784
f 594 2784 2785
f 2787 2790 2788
f 2788 2100 2092
f 2100 2788 2790
f 1630 2791 2790
f 2791 620 623
f 2792 2787 2786
f 2787 2792 1629
f 1624 621 620
f 2791 1630 1628
f 1361 1363 2794
f 1363 504 509
f 2795 3124 1362
f 2795 1361 2793
f 2130 2128 2127
f 2130 2878 2798
f 2797 2127 1857
f 2202 1444 1443
f 2799 347 346
f 619 2491 2801
f 2802 3017 2800
f 2803 2801 2491
f 1262 1264 2427
f 2805 3822 2806
f 2423 2805 2804
f 2807 1262 2804
f 2425 2427 1264
f 2808 2813 2809
f 2809 2813 2612
f 2388 2387 2809
f 2812 3780 2813
f 2814 2812 2808
f 1208 1211 2281
f 2815 1209 2350
f 2278 1211 1210
f 1253 2818 2116
f 2121 2116 2818
f 1251 1253 2114
f 2820 934 1349
f 2822 2824 2823
f 2824 421 2825
f 2826 2828 2823
f 2827 3224 2828
f 2821 2823 2828
f 2329 2825 421
f 2831 682 681
f 2833 1255 2674
f 2833 2835 2834
f 2832 3221 2835
f 2676 3486 2832
f 2673 2674 1255
f 2836 2837 1842
f 2837 2052 1840
f 2838 2842 2839
f 2840 2838 1670
f 2476 1671 1670
f 2842 2838 2843
f 2844 2839 2842
f 2846 3921 2847
f 2845 2440 2439
f 1835 2848 2845
f 2849 3624 2850
f 2440 2845 2848
f 473 469 2851
f 477 479 2853
f 2854 2853 479
f 469 2031 2030
f 468 472 2031
f 2856 2858 2857
f 2858 3545 2859
f 2816 3546 2858
f 2861 1548 1964
f 2703 3008 2860
f 1611 1546 2861
f 1102 1109 2863
f 355 1185 1063
f 1487 1479 2306
f 2305 2306 1479
f 2865 1173 2866
f 2868 2864 2869
f 2870 2869 2864
f 2867 2869 2872
f 2866 2874 2873
f 2874 2866 1173
f 2876 2752 2754
f 2752 2876 2877
f 2876 3316 493
f 1099 645 644
f 2814 644 1230
f 2689 2167 1157
f 2629 2631 1297
f 1293 1297 2631
f 1691 2797 1858
f 2797 1691 2878
f 2879 2878 1691
f 854 855 2881
f 2880 3194 2288
f 2882 2881 855
f 2733 2732 2447
f 2687 2688 2460
f 2319 2321 2885
f 2886 330 333
f 2321 3383 2887
f 2885 2887 2264
f 2884 2885 2262
f 2889 1845 1844
f 2807 2888 2891
f 2888 2807 2806
f 1846 2891 2888
f 2891 1846 813
f 1117 3562 902
f 1114 906 899
f 2893 2897 2894
f 1000 2893 2892
f 1869 3570 2894
f 1002 2898 2897
f 2896 2894 2897
f 546 2897 2898
f 711 712 2899
f 2297 2455 2900
f 2118 2117 2902
f 2901 2902 1075
f 2577 2907 2905
f 2904 1776 1775
f 2906 1871 2907
f 2904 2905 2909
f 2705 2905 2907
f 418 842 411
f 414 411 842
f 2911 415 414
f 2910 414 844
f 2456 2914 2913
f 2298 2299 2914
f 2916 2914 2299
f 2295 3960 2915
f 553 2918 2917
f 2918 553 552
f 1962 378 1305
f 1306 1305 378
f 2919 378 380
f 2921 2925 2922
f 724 2925 1015
f 725 724 2923
f 2925 724 726
f 2925 2921 1013
f 2927 2930 2928
f 2930 2927 1179
f 2931 3397 2873
f 2933 2928 2930
f 2104 2931 2926
f 2935 2938 2936
f 2937 3711 2938
f 2934 3216 2939
f 2941 2936 2938
f 939 2470 2936
f 2470 4087 2934
f 495 2943 2056
f 490 495 876
f 2943 495 494
f 2055 2056 2943
f 2946 2950 2947
f 2945 2947 2948
f 2947 2952 2949
f 1622 2626 2951
f 2952 2947 2950
f 2945 3018 2953
f 2950 2946 2954
f 2956 2961 2957
f 2959 2960 2956
f 2960 2962 2961
f 2961 996 999
f 2962 997 996
f 723 2750 2964
f 2750 723 722
f 2750 2751 2965
f 722 719 727
f 2430 2429 2966
f 1887 1883 2089
f 2967 3635 2615
f 2347 3482 2616
f 1467 1466 2513
f 624 625 2968
f 2968 3017 2969
f 401 2134 2924
f 2134 2135 2970
f 2134 401 405
f 2541 3403 2702
f 443 2971 445
f 2971 443 772
f 2972 745 2973
f 2975 2977 2976
f 2974 3747 1904
f 2977 1617 1615
f 2977 2975 2979
f 580 2981 2980
f 2981 2985 2982
f 2983 2984 2980
f 2984 583 581
f 627 634 2985
f 2981 580 630
f 2986 2284 2283
f 2987 2784 2284
f 1064 2989 364
f 362 364 2989
f 2989 1064 2448
f 2988 2989 471
f 2991 1240 1234
f 2992 3348 1240
f 542 547 2994
f 540 542 2993
f 2996 3001 2997
f 2998 2995 2503
f 3000 2997 3001
f 2995 2997 3002
f 2633 2710 3003
f 2789 2092 2632
f 3004 1672 1665
f 3006 3099 3007
f 3008 3006 3005
f 1616 1612 3005
f 1612 2861 2860
f 3010 3012 1318
f 3012 3010 3013
f 3013 3010 3014
f 1948 2080 3011
f 3015 4032 1599
f 3009 3015 3014
f 2313 2095 2969
f 3016 2969 3017
f 2555 2313 3016
f 3020 3024 3021
f 3023 3021 3024
f 3024 3020 3026
f 3022 3024 3025
f 3029 2272 1564
f 2272 3029 2102
f 3028 3871 3030
f 3031 567 569
f 923 1441 568
f 918 571 3031
f 1149 1151 3032
f 3032 1155 3034
f 2352 2554 2553
f 2151 2149 3036
f 2179 3035 3037
f 2178 2151 3035
f 3038 3037 3035
f 3039 3036 2149
f 3036 3039 3040
f 2101 2106 2273
f 3041 4002 3042
f 2109 2102 3029
f 2271 2273 2106
f 3043 2909 2905
f 3044 3539 2909
f 3043 2704 2707
f 676 678 781
f 1013 680 679
f 679 676 778
f 2957 999 3046
f 1722 1723 2730
f 3048 3988 3047
f 1718 1675 2728
f 3049 3050 2659
f 3050 2735 2734
f 3051 3992 2735
f 3049 3531 3053
f 3050 3049 3052
f 3055 3057 3056
f 2879 3060 3057
f 3054 3761 2798
f 3054 3056 3059
f 3060 1969 3061
f 3062 3056 3057
f 3063 2996 2995
f 2135 2137 3001
f 459 461 2614
f 2615 2660 3064
f 2999 3001 2137
f 3066 3000 2999
f 2136 3649 3065
f 2819 3071 3067
f 3068 3071 2819
f 3067 3072 3070
f 3071 537 3072
f 3071 3068 3073
f 2852 2853 3075
f 1470 1468 3077
f 428 1470 3076
f 3076 3077 3079
f 3077 2258 2263
f 585 1500 1499
f 1626 2429 1499
f 3078 3083 432
f 3078 3079 3081
f 430 432 3083
f 3083 3078 3080
f 1931 1930 2899
f 712 713 3085
f 3087 1931 3085
f 1667 754 3088
f 1140 3137 3089
f 2896 543 1862
f 3091 3093 1823
f 1822 1823 3093
f 3092 3093 3095
f 3091 3574 3097
f 3096 3095 3093
f 2495 2697 2696
f 3100 2695 3101
f 3102 3100 3099
f 3098 2696 3100
f 2693 2697 615
f 2698 615 608
f 2697 2495 613
f 126 127 3104
f 1459 1397 3105
f 1457 3105 3107
f 1397 1398 639
f 878 880 496
f 3109 3115 3110
f 3112 3115 3109
f 1855 1856 3111
f 3114 3110 3115
f 3116 2560 3117
f 3117 3119 3118
f 2560 2556 3119
f 3120 2561 2560
f 3122 3120 3116
f 2574 2459 1988
f 2755 2760 3123
f 1362 2990 1360
f 2990 1362 3124
f 3125 2992 2991
f 2219 2221 3127
f 812 3130 3127
f 3126 3127 3130
f 2221 3969 3128
f 3131 3308 1401
f 3132 4081 3131
f 3133 3132 1399
f 3135 3559 3136
f 3138 3135 3134
f 3137 1140 3139
f 3138 1620 2584
f 976 3089 3137
f 2800 625 617
f 2214 2223 3140
f 3142 3140 2223
f 2222 4015 3141
f 3143 866 865
f 588 589 881
f 589 2785 879
f 2162 756 747
f 3145 3074 3075
f 3074 3736 3146
f 3147 2725 3144
f 2853 2854 3147
f 1918 1925 2649
f 3149 1290 1289
f 3150 936 3148
f 3151 3148 936
f 1304 1421 1963
f 3153 3410 3154
f 2993 2994 3152
f 3152 3156 2071
f 3156 3152 2994
f 3158 3469 3159
f 3161 3158 3157
f 3158 3161 3163
f 3165 3163 3161
f 3167 63 3168
f 3169 3867 3167
f 3166 3168 3171
f 63 61 60
f 19 63 3167
f 1699 1085 1080
f 3172 1704 1701
f 1895 1296 2408
f 3173 703 1027
f 703 3173 2409
f 3174 3176 2218
f 2216 2218 3176
f 3178 3175 3176
f 2215 3140 3179
f 2786 2788 2789
f 834 2786 3003
f 3180 1440 922
f 1372 3815 3181
f 3182 3931 1366
f 1455 1457 3106
f 1460 1455 3183
f 1826 1458 1460
f 2837 2836 3184
f 3183 3106 2052
f 2836 3695 3186
f 3184 3186 3185
f 3187 3190 2110
f 2112 2111 2110
f 3188 2110 3190
f 3191 4013 3190
f 3192 3191 3187
f 3193 3343 3194
f 2880 2881 3195
f 1296 1895 1894
f 924 926 3196
f 2069 2002 2001
f 3198 3203 3199
f 3201 3202 3199
f 3202 3920 3197
f 2363 3326 3204
f 3200 3199 3203
f 3203 3198 3205
f 3197 737 736
f 3206 3208 1538
f 3208 3206 3209
f 3210 3209 3206
f 3209 3210 3212
f 2939 3215 3214
f 2507 3214 3215
f 3216 916 3215
f 913 3215 916
f 3213 2937 2935
f 3218 3222 632
f 3218 3221 3220
f 3221 3218 3217
f 3219 2403 3222
f 3223 3226 3224
f 3225 3224 3226
f 2829 2828 3224
f 1856 2123 3227
f 3228 3112 3111
f 3229 3227 2123
f 2123 1856 1849
f 3230 2785 2784
f 3231 3235 3232
f 3234 1943 3232
f 3236 850 849
f 3233 3232 3235
f 3121 3237 3231
f 3235 3231 3237
f 3239 3245 3240
f 3240 3247 1735
f 3243 3245 3244
f 3245 3239 3246
f 3245 3243 3247
f 3249 3246 3239
f 1654 1655 2549
f 3250 2549 2548
f 2421 3250 3251
f 1655 4017 710
f 1559 982 3253
f 3252 3253 3255
f 983 3255 3253
f 3237 3121 1633
f 3236 3237 1640
f 3257 3262 3258
f 426 3256 3258
f 3259 3258 1165
f 3260 3264 3261
f 3262 1038 1165
f 3263 3260 1165
f 3263 3834 3264
f 3266 774 2687
f 2543 2544 3267
f 2545 2543 3265
f 3268 3266 3265
f 3270 3275 3271
f 3269 1402 1401
f 3271 3278 3273
f 3275 3270 3276
f 3278 3271 3275
f 3277 3275 3274
f 3280 3281 2598
f 3281 2231 2228
f 400 401 2923
f 2793 2794 3283
f 3282 3951 2796
f 2794 509 3284
f 1269 1797 1796
f 1797 1269 3285
f 1268 1796 3286
f 3288 2718 3289
f 3228 3290 3289
f 3290 3603 3287
f 2720 3289 2718
f 2720 2721 3112
f 2718 3288 3291
f 1967 1968 1969
f 128 2254 3104
f 3103 3104 3293
f 3295 2959 2958
f 2960 2959 3297
f 3296 3730 2962
f 754 756 2163
f 2144 747 746
f 2206 1383 1382
f 3298 457 3299
f 457 458 3136
f 3300 452 457
f 3302 2392 3303
f 3302 3305 2394
f 3305 3302 3301
f 3307 3303 2392
f 3308 3276 3270
f 3309 3311 3276
f 3274 3276 3311
f 2146 1232 738
f 3310 3311 2126
f 3311 3309 766
f 1698 3312 1709
f 3312 1698 1697
f 1934 1936 3313
f 3313 2601 2561
f 1944 3313 3120
f 1936 2602 2601
f 3314 4124 2602
f 3316 3320 3317
f 491 3315 3318
f 3319 3318 3315
f 3316 3315 491
f 3320 3322 3321
f 3320 2875 3323
f 1715 1716 3325
f 1716 1709 3312
f 2360 2362 3326
f 2362 2038 2041
f 2040 3204 3326
f 3327 2153 2150
f 2152 3328 2882
f 2178 2180 3328
f 1141 2625 3139
f 2638 3330 3329
f 3330 903 3331
f 3329 3331 3333
f 2986 3329 3332
f 3335 3817 3336
f 2642 3334 3338
f 3339 3338 3334
f 3335 3334 2642
f 2641 2642 3337
f 3341 3345 3342
f 2182 3340 3193
f 3343 3193 3340
f 3344 3342 3345
f 3346 3347 2724
f 3347 3145 3144
f 2992 3125 3145
f 3348 2992 3347
f 2620 2619 2621
f 1653 2239 3350
f 3170 3171 3351
f 1888 1890 3350
f 3170 3350 2239
f 3353 3359 3354
f 3354 3359 3356
f 3358 3352 3354
f 3319 3942 3356
f 3318 3319 3359
f 498 3353 3352
f 3361 3363 3362
f 3363 3361 3364
f 3363 1787 1786
f 3273 3364 3361
f 3367 3370 3368
f 2744 1095 3366
f 3369 3366 1095
f 3368 3371 2743
f 3370 4142 3371
f 3370 3367 3373
f 903 3330 3375
f 2637 3375 3330
f 897 903 3374
f 3376 349 3377
f 3378 3380 3376
f 350 3376 3380
f 3377 3062 3061
f 3062 3377 349
f 3382 2887 3383
f 3381 3383 3385
f 3383 2321 2320
f 2887 3382 2263
f 3081 3382 3381
f 3387 3300 3298
f 3388 3387 2024
f 2929 1179 1180
f 2926 2873 2874
f 1175 1179 2927
f 761 760 3391
f 3390 4001 3392
f 3394 3398 3395
f 2872 3399 3394
f 3398 3394 3399
f 2870 2873 3397
f 3396 3394 3393
f 2871 2872 3396
f 3402 2998 2504
f 3403 2541 2540
f 3403 3405 3404
f 3405 3403 2493
f 3406 1254 1252
f 3407 3406 1256
f 3409 2782 3410
f 2782 3409 3411
f 3154 3410 2782
f 3153 3607 3408
f 3412 3547 652
f 3413 3412 2589
f 2834 3415 3414
f 3415 2834 2835
f 3416 3414 3415
f 3407 3414 872
f 2489 2993 3154
f 3418 3149 3148
f 1290 3149 3419
f 452 3300 1346
f 227 220 248
f 3420 3422 1265
f 3421 3422 3420
f 2552 3422 3421
f 3422 2552 3285
f 952 3421 250
f 3424 2535 2534
f 2535 3424 3425
f 3423 3861 3426
f 3427 3425 3424
f 3428 3653 3423
f 2537 3428 2534
f 3018 2945 2553
f 3430 3847 3431
f 3433 3430 3429
f 3430 3433 3435
f 3432 3737 3436
f 2434 2436 3438
f 3439 3441 3438
f 3437 3438 3441
f 2623 2952 2951
f 1621 3139 2625
f 1751 3212 3210
f 2963 3443 720
f 3443 2963 3444
f 2922 3443 3442
f 3446 3447 3444
f 3447 1739 3442
f 2963 2964 3445
f 1225 634 633
f 634 1225 1223
f 2402 633 3222
f 3449 1315 1314
f 3009 1318 1315
f 2714 1956 1955
f 1430 1431 2711
f 1430 2714 2410
f 3451 2911 2910
f 3450 3454 3452
f 2912 3455 3450
f 3454 3450 3455
f 3455 2912 524
f 526 1491 3453
f 2898 1002 1006
f 1005 3156 3155
f 547 2898 3155
f 2893 1000 998
f 2700 2698 614
f 3375 2637 2636
f 3374 3375 3456
f 2511 2516 3456
f 2709 1662 837
f 835 3003 2710
f 3459 1884 833
f 2509 1884 3459
f 2515 2509 3460
f 3458 3854 3461
f 3460 3459 3461
f 3464 3466 1450
f 3463 1450 3465
f 1826 3463 2397
f 3466 1447 1448
f 3467 3223 2827
f 2322 2827 2826
f 2330 179 178
f 3468 3512 3226
f 3223 3467 1645
f 3470 446 445
f 2971 3159 3469
f 3471 2528 1138
f 3472 2529 2528
f 3089 976 449
f 1137 3089 451
f 3473 3545 2530
f 3474 3473 2527
f 2529 3472 3475
f 1272 1274 3476
f 3476 4011 3477
f 3479 3476 1274
f 1273 4096 3478
f 3481 3201 3200
f 2843 3481 3480
f 3204 2040 3480
f 2840 1672 3201
f 2802 2953 3018
f 2946 2953 2803
f 2038 2362 3483
f 3483 2361 436
f 3282 3283 1024
f 1025 1024 3283
f 3484 1024 1023
f 2675 2677 2679
f 2675 2383 3486
f 3488 3490 3489
f 3490 3492 3491
f 3492 3490 3400
f 3393 3395 3493
f 3494 3491 3492
f 3495 3400 3490
f 3401 3396 3400
f 3497 3501 3498
f 3500 3498 3501
f 3501 3497 3503
f 3505 3497 3496
f 3506 3503 3497
f 1422 2010 1686
f 3507 1346 3300
f 1346 3507 3508
f 60 62 110
f 3509 3171 3168
f 551 541 540
f 1760 1762 3511
f 3510 3610 1765
f 2127 2129 1146
f 3512 539 535
f 3225 534 3513
f 3514 1513 2381
f 1511 1513 3514
f 2679 3516 3514
f 3516 3603 3515
f 2330 2826 2825
f 2605 894 893
f 3517 1055 1057
f 893 895 3519
f 3517 893 3518
f 2604 896 892
f 2851 2030 3520
f 3521 3147 2854
f 685 2531 2328
f 2324 2328 2531
f 3522 689 687
f 2531 685 684
f 1543 1538 3208
f 3207 3970 3523
f 3523 2685 3524
f 387 1544 1543
f 1877 1876 1755
f 3525 1877 2008
f 402 404 3526
f 3527 518 511
f 404 783 768
f 3529 557 3530
f 3378 943 941
f 949 3601 3380
f 3082 3052 3053
f 3531 3634 433
f 3052 3082 3532
f 3084 3532 3082
f 1212 1134 1133
f 2053 1498 1493
f 329 3534 3196
f 3534 2265 3180
f 3533 3196 926
f 331 3535 3534
f 3535 2261 2265
f 2170 3278 3277
f 3058 3059 353
f 3279 3058 2171
f 1961 477 2852
f 3536 366 672
f 366 3536 3537
f 3539 3537 3536
f 2592 2740 3540
f 3540 2742 2538
f 3541 2736 2740
f 2626 1622 1618
f 3179 3140 3142
f 3542 3179 1353
f 3098 3405 2492
f 922 1439 1441
f 2155 416 415
f 3499 3652 3435
f 3498 3500 3436
f 2587 1708 2022
f 2025 3559 2585
f 2526 2396 2398
f 3545 2858 3546
f 3547 1662 651
f 836 837 1662
f 3547 3412 838
f 659 661 1380
f 1379 1380 661
f 3548 1380 1381
f 2758 2757 3548
f 2824 2822 3551
f 2822 3996 3552
f 3284 2711 1431
f 3553 3070 3072
f 2389 2390 3555
f 3557 3857 3555
f 3558 2390 1098
f 2390 3558 3556
f 3554 3793 3369
f 2389 3369 1096
f 3060 2879 1692
f 1620 3138 3139
f 2584 2585 3559
f 3560 3230 2987
f 3561 3560 3332
f 3230 3560 1373
f 1371 1373 3560
f 3331 902 3562
f 3563 3561 3333
f 3564 3566 2532
f 3566 3564 3567
f 382 3564 2337
f 964 2532 3566
f 2532 2533 2335
f 1210 1133 3546
f 135 126 3103
f 1486 558 557
f 558 1486 1485
f 3528 4098 1481
f 2785 3230 1370
f 2892 2894 3570
f 2895 2892 3569
f 2448 861 2035
f 1342 1347 1810
f 3571 1811 1810
f 1812 1815 1345
f 3097 3575 3573
f 3572 3784 3096
f 3574 4116 3575
f 3575 4115 3576
f 3387 3388 3577
f 2636 2635 2512
f 3020 3248 3578
f 3248 3020 3019
f 3248 3239 3238
f 3579 3786 3025
f 3580 3581 3578
f 3581 3579 3026
f 3582 2949 2952
f 1215 3582 2623
f 1887 1629 2792
f 1629 1887 2966
f 808 815 3583
f 814 3583 2890
f 3585 1339 1338
f 3584 3437 3440
f 1338 1332 3587
f 3586 2438 3584
f 2227 2563 2598
f 1200 863 862
f 2459 2574 1202
f 2189 2187 3588
f 2186 805 804
f 803 3588 2187
f 3588 803 2245
f 3150 3591 3590
f 1289 1286 3591
f 3592 3591 1286
f 936 3150 3589
f 3593 2965 2751
f 2964 2965 3594
f 3182 3594 2965
f 3213 3214 3596
f 3595 4037 2937
f 3299 3136 3559
f 2444 2445 2513
f 700 3597 2445
f 2513 2445 3597
f 3531 3049 2658
f 3598 2658 2657
f 1127 2620 1476
f 2230 3633 950
f 297 3599 2224
f 3599 297 296
f 2168 3364 2170
f 3364 3273 3278
f 2168 1790 1787
f 625 2800 3017
f 3600 2446 1465
f 3379 3380 3601
f 2799 350 3379
f 458 976 3134
f 3516 2679 2678
f 3603 3516 3602
f 417 416 2157
f 1524 2155 2911
f 2017 2016 3192
f 2016 2015 3191
f 3606 3408 3607
f 3605 3611 3609
f 3606 3605 3608
f 3607 2070 3611
f 2070 3607 3153
f 3408 3606 3612
f 3613 2544 1291
f 3614 3267 2544
f 3615 3419 3149
f 3419 3615 3616
f 3174 3617 3177
f 3617 4065 3618
f 3179 3542 3617
f 3619 2377 3620
f 2377 2378 3621
f 957 3620 3621
f 2606 3620 957
f 2972 3621 2378
f 3622 3884 3609
f 3619 3885 3622
f 1231 1232 2147
f 2998 3402 3623
f 2850 3402 2437
f 2970 2135 2996
f 729 2970 3063
f 3624 3623 3402
f 3625 3627 3324
f 3626 3696 3627
f 3627 2478 3628
f 3272 3273 3365
f 93 153 2079
f 2080 153 155
f 3011 155 321
f 2034 2031 472
f 375 377 3537
f 2548 2547 2546
f 952 950 3633
f 2917 3633 2230
f 3632 3633 2917
f 559 2917 2231
f 427 1443 1470
f 3221 2832 3486
f 3220 3486 2383
f 356 1063 1062
f 434 436 2361
f 3635 2967 436
f 2862 3192 1100
f 3257 3638 3637
f 3636 4036 3262
f 3256 3552 3638
f 1833 3323 2875
f 3639 2449 3640
f 3640 2453 3323
f 818 2418 3641
f 827 3641 2817
f 2818 1253 826
f 3286 1798 539
f 3643 2246 2244
f 3642 2244 2243
f 3644 3650 3645
f 3642 3645 3646
f 2309 3272 3629
f 3647 1227 3629
f 3269 3271 3272
f 1402 3269 2309
f 3065 2775 3648
f 2775 3065 3649
f 3650 3660 3651
f 3652 3499 3384
f 3652 4074 3434
f 3384 3502 3386
f 3502 3384 3499
f 3538 3536 1162
f 3504 3496 3654
f 3543 3654 3496
f 3655 3118 3119
f 3656 3655 2559
f 3658 2562 2567
f 1360 1233 1971
f 1233 1360 2990
f 802 1078 3650
f 1077 4025 3659
f 1078 3659 3660
f 3644 2243 800
f 3118 3655 984
f 3663 1516 1509
f 2570 2569 1516
f 3662 1509 1508
f 3664 3101 2695
f 1971 1972 506
f 3485 2381 2383
f 1059 1061 2763
f 2583 2944 3172
f 2054 2055 2944
f 3667 3977 3668
f 3668 1153 1152
f 3666 3668 1992
f 2166 1993 1992
f 573 575 868
f 2346 2343 3577
f 2211 2039 3669
f 2349 3577 3388
f 3508 2343 2342
f 3507 3577 2343
f 563 2550 3632
f 3632 2550 3421
f 3671 3676 3672
f 3674 4132 3672
f 3673 3672 3676
f 2772 516 3676
f 688 1032 1031
f 686 688 3677
f 1230 1229 3678
f 1536 1537 3678
f 1229 3681 3679
f 3681 1229 1228
f 3683 3689 3684
f 3686 3689 3687
f 3688 3684 3689
f 1981 3789 3682
f 2783 3411 3690
f 635 3415 3217
f 2868 4019 845
f 2864 2868 3691
f 2865 3691 3692
f 3693 2185 2177
f 3037 3038 3694
f 1843 1845 3695
f 2478 3627 3696
f 2478 2477 2476
f 3697 4141 3696
f 2933 4005 3041
f 2103 2108 2931
f 2105 2104 2928
f 3591 3592 2029
f 2026 967 3590
f 3589 3590 967
f 3592 3715 1245
f 2409 900 701
f 3113 2723 3521
f 3110 3114 2670
f 3114 3521 3520
f 2723 2725 3147
f 2717 2723 3113
f 963 965 3698
f 3565 3698 965
f 2985 1223 3699
f 3699 1222 3701
f 2982 3699 3700
f 3702 1327 1325
f 1324 1859 1860
f 1860 1148 2831
f 2855 2277 2279
f 3700 3701 2855
f 1973 1687 1326
f 506 1973 1322
f 669 3621 2972
f 2621 2622 3704
f 2622 3707 3705
f 3706 3742 3707
f 1089 1085 1699
f 1089 1404 2759
f 2940 3709 3708
f 3418 3708 3709
f 3710 3783 3709
f 3711 3710 2940
f 2080 1948 1946
f 3712 3039 1638
f 3630 3765 3713
f 3539 3044 3630
f 3714 3715 1285
f 3715 3592 1288
f 1243 1245 3715
f 1241 1243 3714
f 3305 3389 3717
f 2066 2061 2394
f 3719 2066 3717
f 3718 3717 3389
f 435 606 2359
f 3205 1231 2201
f 1444 2202 2147
f 701 3720 3597
f 900 3457 3720
f 898 3374 3457
f 1772 1573 3721
f 3723 3725 2256
f 3724 3293 3725
f 3722 3728 3726
f 3722 2256 2255
f 3728 3722 3727
f 2253 2256 3725
f 3729 3731 3730
f 1004 3730 3731
f 3732 2002 2073
f 3731 3729 3733
f 3735 3733 3729
f 3125 3736 3074
f 3736 3125 3124
f 3432 3429 1786
f 3737 3432 1788
f 3429 3431 3362
f 3099 3101 3738
f 1759 482 3739
f 2978 2979 3739
f 480 482 3740
f 1748 3740 482
f 2661 3544 1449
f 884 1766 1761
f 3742 888 887
f 2618 1125 1766
f 2252 1825 1821
f 1940 2242 3743
f 2465 1482 1938
f 2242 1908 1907
f 914 2200 3743
f 2518 2521 3744
f 713 2365 3086
f 3086 2065 2064
f 569 570 740
f 1952 1328 1327
f 3746 1377 1376
f 1376 1374 1378
f 3745 1376 3747
f 3749 3746 3745
f 2377 3619 2003
f 2156 3251 3604
f 3751 3754 3752
f 3724 3752 3754
f 3753 3754 3756
f 3754 3751 3757
f 3641 2420 3758
f 2711 3284 509
f 1903 1904 3747
f 2975 1904 1900
f 3701 1226 2277
f 2278 2816 2856
f 1452 1454 3377
f 3760 3452 3454
f 3453 4140 3759
f 1500 585 584
f 587 2053 1502
f 3761 3054 3058
f 3056 3062 351
f 3762 376 375
f 376 3762 3741
f 3763 368 367
f 3705 3713 3765
f 3487 3489 3165
f 3767 3772 3768
f 3164 3161 3160
f 3766 3165 3164
f 3768 3774 3769
f 3770 3772 3771
f 3772 3767 3773
f 3772 3770 3774
f 727 728 3624
f 728 729 3623
f 3346 2595 946
f 945 1240 3348
f 2726 3975 2595
f 546 544 543
f 1248 3776 3775
f 3776 1248 3033
f 3776 3779 3777
f 3779 3776 3034
f 2464 3032 3033
f 1248 1241 3716
f 2813 3780 2609
f 1527 2609 3780
f 1353 3142 1350
f 1350 3142 3141
f 3782 3291 3288
f 3783 3710 3572
f 3710 3711 3784
f 3615 3709 3783
f 3573 3576 3616
f 2494 1392 1390
f 1950 1953 2830
f 3132 3133 3390
f 3785 3022 3027
f 2011 3023 3022
f 927 2011 3785
f 3027 3025 3786
f 731 730 1060
f 731 896 319
f 3788 2665 2667
f 1910 2666 3788
f 1975 1922 3789
f 2647 3682 3789
f 2503 3002 2498
f 3791 2498 3002
f 3790 3002 2997
f 3792 776 3266
f 3366 3369 3793
f 3481 2843 2838
f 2841 2843 2043
f 682 2831 1148
f 2733 3795 475
f 2883 360 3795
f 3746 3749 3664
f 3751 3799 3796
f 3797 3798 3757
f 3798 3936 3756
f 3750 3900 3799
f 1851 3662 2124
f 3511 1764 3801
f 3510 3511 3800
f 3411 3800 3801
f 1764 4029 3802
f 2122 2121 2817
f 2859 3804 2984
f 583 2984 3804
f 3545 3473 3804
f 3803 3804 3473
f 2983 3700 2857
f 3806 2810 3807
f 3805 4122 3808
f 3806 3808 3809
f 3805 3807 3811
f 2613 3811 3807
f 2810 3806 2811
f 2611 3807 2810
f 3689 3683 3812
f 3687 3812 3813
f 3685 3687 3242
f 2357 3686 3685
f 2668 2669 3108
f 3446 3181 3815
f 3181 3446 3445
f 3594 3182 1369
f 3648 3820 3817
f 3817 3820 3818
f 3816 3817 3335
f 2776 3818 3820
f 3648 2775 2774
f 1418 1420 1978
f 3821 3823 3822
f 3822 3824 2889
f 3823 3825 3824
f 1447 3466 3823
f 3466 3464 3825
f 3720 2516 2514
f 2420 2536 3826
f 3827 109 111
f 3509 110 109
f 3827 3829 3828
f 3829 1888 3351
f 1916 2017 2862
f 2863 1872 1864
f 3163 3165 3489
f 476 475 3795
f 360 362 2988
f 1584 3830 2578
f 3569 3570 3830
f 3830 1868 1870
f 752 3948 3550
f 3831 1518 1517
f 1520 4008 3832
f 3826 3922 2122
f 3833 3826 2536
f 3692 843 418
f 1174 3692 419
f 3834 1059 3665
f 3835 1060 1059
f 605 3261 3264
f 3665 2763 604
f 1337 3836 2900
f 3836 1873 1879
f 1329 2900 2455
f 3837 3840 3838
f 3840 3837 3841
f 3837 2371 2376
f 1012 2374 2372
f 2009 3838 3840
f 1011 1012 3838
f 3842 3884 3843
f 1765 3842 885
f 3844 3845 3658
f 3656 3845 3255
f 2691 3658 3657
f 2562 3658 3845
f 3681 3849 3846
f 2317 1536 3679
f 3848 3846 3849
f 2334 3853 3850
f 3851 2332 2331
f 3777 3850 3853
f 693 694 3852
f 2334 2335 2533
f 691 693 3853
f 2694 2145 2138
f 3458 833 840
f 3854 3458 829
f 3307 3306 3856
f 3856 3859 3857
f 3557 4138 3855
f 3858 3306 2392
f 3306 3858 3859
f 3860 4041 3303
f 1258 53 147
f 2413 3978 261
f 1997 2005 2072
f 2004 3609 3611
f 1776 2904 2908
f 3861 3423 3653
f 3862 3504 3653
f 2449 2451 2453
f 2449 3639 2452
f 3863 2452 3639
f 2067 2071 3156
f 3604 3631 410
f 3631 2546 409
f 3251 2548 3631
f 2185 3693 2683
f 1995 1301 3865
f 3666 1995 3864
f 3667 3864 2340
f 2238 3868 3867
f 2237 4104 3868
f 3166 3170 2240
f 3744 3867 3868
f 3389 3305 3304
f 2932 2930 2929
f 2912 844 522
f 423 426 3259
f 3261 605 424
f 3828 3351 3171
f 3703 3704 3870
f 3764 3870 3704
f 3871 3028 442
f 446 3470 3872
f 438 442 3028
f 3873 3874 3488
f 3875 3495 3488
f 3877 966 3878
f 3877 3991 2326
f 3878 3882 3880
f 3876 3878 3879
f 3882 3878 966
f 3365 3361 3360
f 811 813 1846
f 3130 812 811
f 3129 3130 1848
f 3800 3411 3409
f 2365 2367 2065
f 1357 2065 2367
f 2190 3588 2248
f 3708 3418 3151
f 3883 4021 2667
f 3884 3842 3608
f 3884 3622 3885
f 3887 2684 2683
f 3886 3939 3888
f 3567 381 2684
f 3693 3694 3886
f 2522 2526 3544
f 819 1254 823
f 3890 824 823
f 1254 3406 3889
f 1100 3187 1103
f 2648 1567 1566
f 3892 2268 2267
f 3893 3861 3654
f 3580 3241 3810
f 3811 2613 3581
f 1899 1901 1758
f 1899 3739 2979
f 2099 2100 623
f 851 853 2663
f 2664 3897 3894
f 3895 3339 3336
f 3405 3098 3102
f 3008 2703 2702
f 3006 3008 3404
f 360 2883 3600
f 1907 1909 1905
f 2241 3897 1908
f 3896 1908 3897
f 3874 3873 3899
f 3766 3769 3873
f 3769 3927 3899
f 714 2369 2366
f 3900 3968 2217
f 2216 3796 3799
f 3796 2216 3175
f 1976 1978 1420
f 3829 3827 3901
f 3901 3827 100
f 1515 1514 3902
f 2569 2572 3902
f 2572 2405 2385
f 2446 3600 2883
f 1656 1654 3250
f 1257 81 53
f 3442 1739 1741
f 2120 3781 3602
f 3781 2120 3903
f 3287 3602 3781
f 3782 3903 3905
f 3903 2118 2901
f 3386 3906 3080
f 3906 3945 3084
f 3343 3908 3907
f 3342 3344 3908
f 858 863 3909
f 3382 3081 3079
f 3911 3913 3875
f 3912 3914 3913
f 3495 3875 3913
f 3875 3874 3898
f 3401 3913 3914
f 2738 3916 3862
f 3504 3862 3916
f 3916 2738 2737
f 3915 3862 3428
f 1371 3918 3815
f 3561 3563 3918
f 3919 3918 3563
f 3918 3919 3814
f 2610 327 3786
f 3920 735 737
f 3088 2163 735
f 2762 2232 1507
f 2225 269 323
f 3863 3921 3587
f 2452 3863 1340
f 1834 2847 3921
f 3586 3587 3921
f 3922 3826 3833
f 1072 3427 1789
f 1072 3833 3425
f 2057 3123 2760
f 3923 1781 1780
f 2057 2059 3924
f 3123 3924 2628
f 2640 3337 3926
f 3925 3926 3898
f 3928 3925 3899
f 3910 3898 3926
f 2078 102 94
f 1958 3484 1029
f 1271 3541 2592
f 1276 2593 2591
f 3930 3593 2753
f 3931 3182 3593
f 1368 3931 3930
f 3227 3229 3290
f 2125 1511 3515
f 3229 3515 3603
f 1076 794 799
f 1911 1912 799
f 3933 3935 3934
f 3797 3938 3935
f 3936 3798 3935
f 3934 3935 3938
f 3938 3797 3175
f 3694 3940 3939
f 3940 3965 3880
f 3940 3694 3038
f 3356 3942 3941
f 2913 3941 3942
f 1721 1874 1873
f 2496 1390 1389
f 3943 3268 3267
f 464 1810 1347
f 2974 2976 3748
f 3748 1614 3738
f 1614 3748 2976
f 3468 1645 1643
f 745 2972 2373
f 3000 3066 3944
f 3066 3648 3816
f 1920 1918 2651
f 3945 3906 3503
f 3502 3503 3906
f 1977 1387 1736
f 1387 1977 3946
f 3947 3949 1668
f 757 1668 3949
f 748 757 3948
f 3950 4092 3949
f 2812 2814 2517
f 3780 2812 1535
f 2721 3113 3115
f 3146 2796 3951
f 3951 3282 3484
f 2796 3146 3736
f 3850 3777 3779
f 3852 3994 3775
f 3778 3866 3851
f 1603 1605 3952
f 1262 2807 2890
f 1664 1671 2474
f 1669 2474 2473
f 2010 1422 3021
f 3019 3021 1422
f 1931 3087 3719
f 3294 2958 3355
f 2955 3355 2958
f 3953 4118 3160
f 2557 2561 2601
f 3824 3695 1845
f 2805 2423 2422
f 3954 3858 2391
f 895 891 3955
f 3835 891 890
f 3956 3955 891
f 1168 689 3519
f 3955 3956 1167
f 2160 1518 2237
f 3647 3360 3957
f 3680 1228 1227
f 3121 3116 1631
f 3959 2915 3960
f 3297 3959 3958
f 3959 3297 2959
f 3958 3960 3962
f 3963 2060 1785
f 1071 1073 1784
f 2878 2879 3055
f 3879 3880 3965
f 3964 3990 3881
f 3964 3965 3967
f 3965 3940 3040
f 3939 3880 3882
f 2046 1094 1093
f 499 3318 3353
f 3923 2759 1404
f 1406 1408 1781
f 2042 2044 3794
f 1711 3794 2044
f 3802 4043 3690
f 3690 4043 2781
f 3004 3088 3920
f 3969 2221 2213
f 3968 2213 2212
f 3341 2181 2183
f 2181 3341 3340
f 2606 2607 3885
f 191 4006 3971
f 3107 641 640
f 640 642 648
f 2051 2052 3106
f 641 3107 3105
f 2646 2648 2268
f 1195 1197 2954
f 466 1694 1192
f 1695 1694 466
f 3688 2356 3946
f 2356 1385 1384
f 3686 2357 2356
f 3684 3688 1980
f 803 800 2243
f 3293 3104 2254
f 2501 2502 3643
f 3439 3646 3645
f 1528 334 332
f 971 974 3637
f 3552 3996 3973
f 3638 3973 3972
f 2742 3915 2537
f 3915 2742 2741
f 809 3969 3968
f 2524 2519 395
f 1107 1104 1591
f 2716 2719 3975
f 1003 1004 2073
f 767 787 763
f 767 768 783
f 3073 536 532
f 787 1146 2129
f 726 720 3443
f 2666 1910 3896
f 3970 3207 3345
f 2685 3523 3970
f 2914 2916 3941
f 3976 3726 3728
f 3726 3976 3750
f 3723 3726 3752
f 3976 809 3900
f 1956 2714 2713
f 1731 2269 2270
f 3494 3872 3470
f 3162 3470 3469
f 2194 3596 3214
f 3549 1903 1378
f 381 383 2681
f 3007 3738 1614
f 3866 2340 2332
f 3977 3667 3866
f 1678 1676 3585
f 3327 2882 847
f 3360 3362 3431
f 3907 3908 3048
f 2288 3194 3907
f 3233 851 3894
f 261 3978 1016
f 1058 1020 1016
f 3978 2413 1056
f 3980 3982 3981
f 1576 1577 2645
f 3983 1576 3982
f 1576 3983 1570
f 3983 3980 3984
f 3651 3985 3441
f 3660 4094 3985
f 3646 3439 2497
f 3985 1678 3440
f 2369 714 3987
f 3987 717 3952
f 717 3987 714
f 3048 3908 3344
f 3734 3958 3961
f 3296 3297 3734
f 3735 3961 3839
f 3989 3839 3961
f 3636 3637 974
f 2881 2882 3328
f 850 3236 2153
f 3101 3664 3749
f 2012 2010 3023
f 1552 3876 3881
f 3990 1556 1553
f 3876 1552 3991
f 1120 3563 3562
f 1120 1118 1746
f 3437 3584 2438
f 2846 2439 2438
f 3051 3532 3993
f 3994 1250 1249
f 3677 1031 1250
f 3996 2822 2821
f 3843 3885 2607
f 1592 1596 3997
f 1672 3004 3202
f 3975 3998 947
f 3998 3904 3999
f 3999 4100 948
f 2953 2802 2801
f 3673 4001 4000
f 1043 2174 3674
f 4001 3390 3133
f 3675 3392 4001
f 4002 4069 4003
f 4002 3041 4005
f 3219 2386 2401
f 3219 3220 2384
f 3059 351 348
f 1505 274 273
f 3844 1505 3971
f 3254 3971 4006
f 3703 1594 3349
f 3349 1475 1476
f 1475 3349 1594
f 4008 1520 4009
f 3716 3714 2463
f 3412 3413 3854
f 3461 3854 3413
f 1464 1462 3462
f 3727 2255 1260
f 1277 3541 1271
f 2734 2736 3541
f 3477 459 3064
f 459 3477 4011
f 4012 3571 460
f 4011 3476 3479
f 4013 3191 2015
f 3189 3190 4013
f 4015 4016 1359
f 4016 4136 1358
f 3634 3531 3598
f 3324 3628 2844
f 1712 1714 1715
f 2839 2844 3628
f 1647 1651 4017
f 530 4019 4018
f 529 845 4019
f 528 4018 3914
f 4020 4025 4021
f 3787 2667 4021
f 2731 4020 3883
f 2727 2731 2286
f 1680 4024 4020
f 3294 3941 2916
f 2915 3959 3295
f 3471 448 455
f 4009 1525 3452
f 1525 1524 3451
f 4023 3760 3759
f 4024 3659 4025
f 3845 3844 3254
f 3506 3917 3993
f 3532 3084 3945
f 3917 2737 3992
f 3917 3506 3505
f 882 886 374
f 2013 1915 1914
f 3249 3019 1424
f 3583 4010 1263
f 4010 3583 815
f 2830 1952 3702
f 2586 1709 1708
f 3234 3894 3897
f 3472 455 4027
f 3474 3475 4028
f 3904 3998 3291
f 3998 3975 2719
f 1764 1763 4030
f 4031 4045 4029
f 4030 1121 1477
f 4032 3934 3937
f 3178 2083 3937
f 4032 3015 3932
f 3695 3824 3825
f 3533 3785 328
f 3304 3301 4033
f 2920 1741 2701
f 2921 2701 680
f 3337 3338 3929
f 3925 3928 1825
f 3500 3435 3433
f 3737 3893 3543
f 3457 3456 2516
f 3599 298 268
f 3195 3328 2180
f 3544 2398 3465
f 955 2661 1451
f 3770 4035 4034
f 3090 1823 4035
f 4035 1820 1819
f 1036 4036 2028
f 4036 1036 1038
f 4036 3636 975
f 3128 807 806
f 3711 2937 4037
f 3730 1004 997
f 1651 2082 718
f 3836 1337 1719
f 1752 1720 4038
f 3070 3553 4040
f 4041 4033 3301
f 4042 4004 4041
f 1617 2977 2978
f 4043 4045 4044
f 4045 4043 3802
f 4045 4031 4046
f 2484 2483 2487
f 4048 4049 2487
f 4049 4051 4047
f 4051 4049 4052
f 2780 4058 4048
f 2013 4026 4053
f 1914 2484 4047
f 4026 4047 4051
f 1597 1471 1475
f 1471 1597 1473
f 3188 4056 4054
f 1596 2112 4054
f 3997 4054 4056
f 4056 3188 3189
f 4057 4064 4055
f 2018 4053 4014
f 1914 548 551
f 4058 2780 2781
f 4044 4046 4059
f 4053 4051 4050
f 2078 2076 3901
f 4057 3189 4014
f 1474 4046 4031
f 1598 3997 4055
f 4060 1473 1597
f 4049 4048 4061
f 4058 4059 4061
f 1473 4060 4063
f 4060 4055 4064
f 4050 4052 4064
f 4062 4059 4046
f 4063 4061 4059
f 4052 4061 4063
f 2425 147 146
f 4065 3617 3542
f 4065 2369 3986
f 3864 3865 2338
f 3924 1563 1562
f 1563 3924 2059
f 587 588 873
f 2376 1999 3732
f 887 883 3763
f 883 374 368
f 3742 3741 3762
f 2308 2767 2766
f 2766 2765 1485
f 628 631 3416
f 867 631 629
f 870 872 3414
f 3675 3676 516
f 518 3527 3392
f 4066 1729 1724
f 1729 4066 4068
f 4069 4066 1726
f 1076 4021 4025
f 2673 2114 2113
f 1298 2354 2351
f 343 2364 3721
f 743 745 2374
f 2841 1713 1712
f 928 930 2820
f 2819 1800 1802
f 2188 2192 3596
f 3094 2192 2191
f 2192 3094 3595
f 1857 1146 1142
f 1556 3990 4071
f 1437 1444 2148
f 3279 3274 3310
f 330 2886 3535
f 2886 2262 2261
f 962 2324 958
f 381 3567 3564
f 3887 3888 3565
f 2341 380 382
f 1948 3013 1602
f 1932 3719 3718
f 2066 3719 3087
f 1051 1052 1554
f 1557 1551 1170
f 1552 1554 1052
f 1042 2173 4072
f 4023 4072 2173
f 4007 2173 2172
f 3649 513 517
f 3579 3581 2613
f 2358 3685 3244
f 1982 1642 1641
f 1055 3517 2327
f 1425 2358 3246
f 1795 2777 4039
f 1793 1795 4040
f 824 3890 4073
f 3385 2320 4074
f 3848 3434 4074
f 3847 3430 3434
f 1231 3205 3198
f 4075 980 979
f 980 4075 3661
f 3662 1851 4076
f 749 1377 2142
f 1747 1750 3740
f 487 3740 1750
f 4038 1722 3047
f 1226 1383 2205
f 4077 1733 1725
f 1731 1733 3891
f 3813 3891 1733
f 3812 3892 3891
f 3243 4077 1730
f 2472 1805 4078
f 4079 1805 1801
f 2471 2472 2307
f 1805 4079 2768
f 2235 2238 3169
f 1852 3108 2669
f 1855 3109 3108
f 2593 1276 1275
f 4080 4076 1851
f 4081 3132 3391
f 4010 1260 1259
f 3972 4135 1348
f 3612 3606 3610
f 3610 3608 3842
f 4082 3929 3338
f 3910 3929 4082
f 4083 2571 1579
f 1445 1447 3821
f 3655 3656 983
f 4085 2500 3791
f 4084 3791 3790
f 3680 3957 3849
f 3957 3431 3847
f 3574 3091 3090
f 3216 4086 915
f 4086 2303 2199
f 4086 3216 2934
f 4012 1814 1811
f 1808 1814 4088
f 1398 2311 637
f 4042 4068 4066
f 4067 4068 4090
f 3860 4090 4068
f 3241 3580 3238
f 455 456 1344
f 4092 3950 3979
f 4083 1220 2400
f 4093 3712 1635
f 1636 3661 4075
f 3661 1636 1634
f 4000 3133 1403
f 4094 1679 1678
f 4096 1273 4097
f 3761 3310 2131
f 4093 4075 4071
f 3263 3956 3835
f 3956 3263 1166
f 2660 2615 3635
f 1742 3814 3919
f 2869 2870 3399
f 2405 2572 2571
f 1815 4113 1344
f 3529 1481 1480
f 4098 1937 1484
f 2502 4099 2246
f 2251 2246 4099
f 4018 2867 2871
f 3814 1742 3447
f 4100 3999 3904
f 1070 948 4100
f 2903 4100 3905
f 2303 4086 4087
f 2469 2471 2301
f 3950 3984 3980
f 2551 789 792
f 2475 2479 4101
f 3947 2473 3984
f 395 3869 4102
f 4103 394 396
f 3869 3868 4104
f 2208 2574 1989
f 1789 3427 3426
f 3889 3417 4105
f 3890 4105 4106
f 4105 871 4107
f 871 4105 3417
f 3417 3889 3406
f 3618 3986 1607
f 1606 1607 3986
f 168 1645 3467
f 2081 1889 1888
f 1993 2166 1923
f 2654 4110 4108
f 4107 3143 4108
f 871 866 3143
f 4110 4111 4109
f 2315 2317 3846
f 2653 2655 4110
f 2655 4125 4111
f 1284 2462 2463
f 1083 1082 1432
f 1432 1433 2758
f 4112 3912 3911
f 1489 527 4112
f 3912 4112 527
f 3895 3818 2776
f 3895 4112 4082
f 2943 2942 3172
f 2973 1560 670
f 4017 718 708
f 1199 2570 3663
f 2949 2815 2352
f 4113 1815 1807
f 2903 1075 1068
f 948 1070 3601
f 1586 1702 3358
f 1702 1703 3352
f 4091 3979 3981
f 1083 3981 3982
f 1051 1019 1020
f 1557 1171 1019
f 3657 2567 2564
f 4101 4141 1571
f 4115 3575 4116
f 3943 4115 4114
f 4114 4116 3773
f 4116 3574 3771
f 2867 4018 4019
f 3872 3494 3493
f 4119 3030 3871
f 3755 4129 3292
f 3936 4128 3755
f 3942 3319 3317
f 3321 3322 2454
f 4033 4041 4004
f 4004 4042 4069
f 2932 4033 4005
f 2942 1703 1704
f 3960 2295 1881
f 1878 3989 3962
f 1570 3983 2480
f 4109 4095 4106
f 4120 599 391
f 2967 2616 3482
f 4121 4122 1734
f 3810 1734 4122
f 4122 4121 4123
f 4079 4039 2777
f 4078 2768 2767
f 1467 3460 3462
f 3707 3762 3713
f 1105 1107 3974
f 1595 3870 3974
f 3870 3764 2708
f 888 3742 3706
f 18 2525 16
f 3241 1735 1734
f 3247 1730 1728
f 1109 2706 1872
f 3478 4125 4088
f 1159 2460 2688
f 1829 1835 2847
f 2848 1835 2749
f 3832 4120 394
f 4120 3832 4008
f 3659 4024 4094
f 1679 4094 4024
f 3528 3530 2600
f 2597 2602 4124
f 3530 556 3280
f 3281 3280 556
f 4039 4079 3069
f 2646 3683 3682
f 2161 3930 2877
f 762 3527 3526
f 4096 4111 4125
f 3839 3989 3525
f 3989 1878 1877
f 3857 4127 3554
f 4127 3857 3859
f 4126 3859 3858
f 3463 1826 3185
f 1201 1199 4076
f 1319 4129 3755
f 3292 4129 3568
f 3293 3724 3753
f 4129 1319 1320
f 10 135 3568
f 4099 2502 2500
f 1155 3977 3778
f 3512 3468 1644
f 3683 2646 3892
f 4130 4028 3475
f 4027 1344 4113
f 3092 2191 1817
f 3994 3852 694
f 1247 1250 1031
f 2521 3167 3867
f 931 933 938
f 759 766 3309
f 578 577 4028
f 2074 578 4130
f 577 583 3803
f 3787 799 1912
f 3888 3882 3698
f 4102 4104 3831
f 3794 1711 1713
f 2643 4131 3819
f 3944 3816 3819
f 4131 4085 4084
f 3691 845 843
f 3122 3231 1942
f 2107 3395 3398
f 3395 2107 4119
f 3922 1075 2902
f 4132 3674 2174
f 3012 321 1317
f 938 939 2941
f 2036 2038 3482
f 2347 2345 3669
f 999 1000 2895
f 1585 1587 3046
f 2955 2957 3045
f 1587 1588 3045
f 3449 3932 3015
f 1809 4088 4125
f 386 387 3524
f 10 1320 1316
f 1319 4128 3448
f 3996 3995 4133
f 2829 3513 3995
f 3550 4092 4091
f 3491 3494 3162
f 2327 3518 3522
f 689 3522 3518
f 4134 3373 3367
f 4016 4015 3372
f 4128 3936 3933
f 1814 4012 3479
f 4135 3972 3973
f 3966 4071 3990
f 3712 4093 3966
f 3869 395 2519
f 3549 661 655
f 2311 1398 1396
f 1798 3286 1796
f 3793 3554 4127
f 4134 4127 4126
f 4136 4016 3373
f 4034 1819 3928
f 3774 4034 3927
f 3626 1695 465
f 1778 2908 3538
f 3539 3538 2908
f 3893 3737 2060
f 4123 4089 4138
f 3558 3809 4137
f 3556 4137 4138
f 4138 4089 4090
f 1727 1729 4067
f 4121 4067 4089
f 3553 538 1799
f 3765 3630 3044
f 4006 1311 1559
f 1311 1312 1558
f 3841 2376 3733
f 3186 3825 3464
f 3909 1201 4080
f 3967 3040 3039
f 3760 4023 4007
f 4111 4096 4095
f 4095 4097 4073
f 3625 1696 1695
f 2970 729 725
f 4139 3953 3157
f 777 4139 3159
f 3792 4117 3953
f 2136 514 513
f 3977 1155 1153
f 2735 3992 2737
f 3861 3893 3963
f 4118 3773 3767
f 4117 4114 4118
f 2049 1093 1095
f 2639 2644 4131
f 2644 4099 4085
f 3764 3765 2707
f 3316 2876 2875
f 776 3792 4139
f 4117 3792 3268
f 582 573 869
f 4098 3528 4124
f 4077 3243 3242
f 864 3909 1853
f 3069 1801 1800
f 2108 3398 3397
f 3551 3552 3256
f 3211 3345 3207
f 2745 2743 3371
f 536 4133 3995
f 3073 4135 4133
f 2627 660 659
f 3784 4037 3095
f 8 7 135
f 1732 2270 4003
f 3042 4003 2270
f 4104 2237 1518
f 4140 3453 1491
f 3855 4090 3860
f 3865 1306 2919
f 2338 2919 2341
f 1798 1799 538
f 3094 3095 4037
f 1870 1865 2906
f 3211 3212 3988
f 2083 3178 3177
f 3068 1348 4135
f 2479 3696 4141
f 4141 3697 1578
f 2815 2949 3582
f 2594 4073 4097
f 1534 2319 2884
f 3030 4119 2107
f 4072 4023 4022
f 4132 4022 3670
f 4140 3670 4022
f 3570 1869 1868
f 2773 3671 3670
f 1871 1872 2706
f 4142 3126 3129
f 3372 4143 4142
f 3697 465 467
f 4115 3943 3614
f 3314 1933 1937
f 3808 4123 4137
f 2388 2811 3809
f 3931 1368 1367
f 3357 3354 3355
f 1588 3358 3357
f 3954 1358 4136
f 3322 3323 2453
f 1558 1170 1551
f 1521 3832 4103
f 3212 1751 3047
f 717 718 2082
f 4143 3372 4015
f 3576 3614 3613
f 1865 1867 1871
f 3969 809 807
f 2849 2749 2748
f 3308 3131 4081
f 2942 494 498
f 3448 3933 3932
f 3527 762 761
f 3126 4142 4143
f 2770 2772 3671
f 4070 3721 1573
f 467 343 4070
f 3991 1052 1053
f 3325 3312 1696
f 3948 3949 4092
f 642 643 646

