v 29.023542 24.476828 14.768967
v 29.394434 24.288773 14.565149
v 29.025160 23.990515 14.704215
v 29.174313 17.787092 16.486963
v 29.495625 17.972759 16.466373
v 29.423597 17.661932 16.427027
v 27.965498 12.052087 17.226582
v 28.328211 11.941297 17.355490
v 28.002117 12.332574 17.254852
v 28.796284 17.667154 16.570410
v 28.854753 17.304794 16.498693
v 28.857718 21.849096 14.848192
v 28.491100 21.699539 15.078325
v 28.595774 22.209595 14.967858
v 33.505508 22.427856 17.545319
v 33.458935 22.495750 17.192127
v 33.428921 22.733517 17.428503
v 26.545298 15.242047 21.722303
v 26.677324 15.296187 21.445858
v 26.534273 14.819926 21.590324
v 33.134808 24.796436 19.317299
v 33.292789 24.335506 19.149939
v 33.339199 24.859695 18.860950
v 28.201006 16.248634 16.545000
v 27.958374 15.614848 16.705421
v 27.962364 15.972630 16.973722
v 33.061722 22.586710 20.449163
v 33.101109 22.217611 20.629683
v 33.225784 22.228067 20.303696
v 32.849731 23.447952 20.320900
v 32.645195 23.896439 20.375961
v 32.609745 23.479074 20.627253
v 28.723297 22.738493 14.868175
v 29.001474 22.356092 14.756219
v 28.239708 24.290058 20.657808
v 28.482756 24.126579 20.944363
v 28.646469 24.520205 20.775700
v 33.597187 14.890018 21.443966
v 33.636547 15.237480 21.587435
v 33.507492 14.918195 21.787949
v 33.421562 20.031237 19.366028
v 33.469215 20.545050 19.369083
v 33.461437 20.301302 19.767750
v 28.636730 23.609375 14.927948
v 29.093199 23.509909 14.658578
v 28.231720 11.012937 15.692031
v 28.376192 10.866393 16.276651
v 27.855825 11.422354 16.127014
v 28.707186 10.743365 14.796897
v 29.190104 10.410836 14.708659
v 28.938705 10.435686 15.326769
v 28.906698 10.799491 14.171453
v 27.264563 15.216282 26.804852
v 27.258791 15.560372 26.546469
v 27.027544 15.534404 26.498611
v 26.381681 15.901475 25.579391
v 26.201523 15.556208 25.734585
v 26.511396 15.557178 26.103415
v 26.816368 15.830979 26.129820
v 26.789356 15.528833 26.371986
v 27.327057 14.907618 26.981520
v 27.483212 14.921836 27.011385
v 26.255573 12.296634 25.222984
v 25.884815 12.667822 24.861759
v 26.052996 12.181787 24.503950
v 25.718632 12.609798 24.089788
v 31.239691 18.023201 16.736666
v 30.589787 18.096090 16.592722
v 30.999491 18.367474 16.696314
v 33.545002 22.137613 17.355986
v 26.398470 15.566868 22.331945
v 26.505081 15.885095 22.549217
v 26.597166 15.921971 22.298655
v 28.052027 16.429781 25.508583
v 27.691402 16.254868 25.729107
v 28.093891 16.123117 25.990372
v 27.369198 24.842596 17.909807
v 27.435171 24.964563 17.476822
v 27.252930 24.660910 17.569271
v 31.282434 12.699905 20.793894
v 30.692726 12.569524 21.008200
v 30.853182 12.690756 20.548155
v 32.871647 23.873726 20.082521
v 33.049629 23.419512 20.001417
v 33.071957 23.869217 19.758364
v 31.409599 18.454220 16.790525
v 26.493061 15.586804 22.108282
v 26.721294 15.992574 22.039000
v 30.283199 12.632062 20.802956
v 30.110268 12.472415 21.211506
v 29.675503 12.611461 21.006353
v 33.432186 20.458735 20.378929
v 33.372265 19.803444 20.491343
v 33.435326 20.069143 20.142647
v 28.776949 21.402283 14.939608
v 27.140509 24.220081 17.116011
v 27.112173 24.335379 17.473440
v 27.282404 24.623499 17.225836
v 27.688932 14.957443 26.999065
v 27.682003 14.628112 27.127682
v 26.853056 16.297737 22.234379
v 31.328007 12.601542 23.059654
v 31.696939 12.793531 22.928352
v 31.657299 12.860233 23.351471
v 31.819086 12.854605 20.609056
v 31.693535 12.791740 21.085905
v 32.163559 18.641481 22.288359
v 31.856544 18.467592 22.568521
v 32.217941 18.088318 22.547812
v 26.740335 15.711403 21.595079
v 26.678135 14.843305 21.314285
v 26.183107 12.386558 22.864990
v 26.532915 12.091408 22.983149
v 26.403643 11.945213 23.298872
v 26.760628 11.731725 23.451654
v 29.926275 10.686326 13.316757
v 30.029608 10.412245 13.702000
v 29.581158 10.688831 13.521117
v 29.401329 10.501357 14.073083
v 29.673677 10.160744 14.649845
v 29.185696 12.536969 21.289595
v 29.163675 12.769042 20.901560
v 29.111345 13.416614 12.919683
v 28.804340 13.640338 13.112633
v 29.427288 13.800821 13.141426
v 29.032587 14.134466 13.392250
v 31.481575 22.038784 14.835924
v 31.064049 22.195599 14.715858
v 31.278749 22.491541 14.773795
v 32.884171 20.428534 21.346201
v 32.866222 19.733871 21.413008
v 33.073944 20.078773 21.147974
v 26.849428 15.802182 21.270281
v 26.817642 15.390454 21.064003
v 26.929682 15.935768 20.930979
v 30.869455 22.776659 14.647394
v 30.885305 23.320168 14.630712
v 31.297352 22.905228 14.784437
v 33.826828 14.449265 19.306307
v 33.738518 14.188243 19.020834
v 33.910789 14.667006 18.899343
v 33.822109 14.362614 18.435688
v 29.097958 11.207382 13.204473
v 29.510593 11.030065 13.074842
v 27.135521 16.687458 22.173498
v 26.985332 16.425890 21.948792
v 28.647278 24.161192 14.981193
v 32.543709 18.185522 22.179428
v 33.562450 15.374061 21.864061
v 32.127087 18.923609 16.936739
v 32.386967 19.258886 16.916626
v 32.373348 18.870714 17.218342
v 30.244957 13.886657 13.267551
v 29.856218 14.432173 13.479222
v 30.157972 23.670839 14.457019
v 30.000952 23.205090 14.484274
v 29.783484 23.659025 14.455075
v 26.345879 12.532397 22.587223
v 28.436638 21.229225 15.194031
v 31.828947 20.184616 15.209771
v 31.932552 19.842129 15.560157
v 31.509893 19.865171 15.319409
v 33.321648 15.656837 22.568264
v 33.407898 16.041914 22.248936
v 33.233295 16.168985 22.617842
v 33.120167 25.258873 19.152925
v 27.608730 16.480787 25.225817
v 26.671343 11.576981 24.634890
v 27.050169 11.447280 24.995625
v 26.824768 11.688972 25.248360
v 26.174295 12.781982 25.589014
v 25.845058 13.253594 25.316872
v 27.412329 16.120548 25.890297
v 27.684254 15.911280 26.219936
v 29.570871 12.819614 20.614222
v 33.372616 13.750063 19.652355
v 33.485130 13.794605 19.200285
v 33.647827 14.110583 19.488317
v 30.796999 14.088114 25.578102
v 30.636953 14.466022 25.767221
v 30.366148 13.929386 25.872011
v 33.835739 15.047774 20.503136
v 33.713875 14.602946 20.487610
v 33.830524 14.799027 20.146151
v 26.027973 12.910880 22.530802
v 25.830767 12.776068 22.891584
v 28.700401 24.677479 15.051723
v 29.066460 24.977291 14.870536
v 33.487652 20.755554 19.760414
v 33.199036 14.461955 22.317884
v 33.308010 14.519620 22.011988
v 33.384010 14.936350 22.179832
v 29.053404 10.950977 13.633468
v 28.651596 11.192942 13.813637
v 28.139616 13.447483 27.024164
v 28.256647 13.821366 27.054384
v 27.983398 13.741577 27.141130
v 27.248981 12.721411 22.011084
v 27.470058 12.705089 21.934742
v 27.544807 12.397020 22.271200
v 27.212486 12.496931 22.285828
v 26.552944 22.649790 18.296476
v 26.664009 23.072229 18.114614
v 26.591722 22.718142 17.900406
v 26.711147 23.156446 17.720661
v 26.012014 17.923803 19.715403
v 26.060751 17.912966 19.255150
v 26.374975 17.415943 19.463243
v 33.209267 23.389698 19.673903
v 33.246017 23.853113 19.409975
v 32.385559 23.929642 20.649719
v 32.335979 23.503101 20.913633
v 30.174910 13.165468 25.623405
v 29.621252 12.971306 25.940331
v 29.808943 12.717021 25.539555
v 33.194347 22.589634 20.131634
v 33.428493 20.566708 18.462822
v 33.508083 21.044647 18.473362
v 33.481350 20.788111 18.936810
v 33.043415 22.990036 20.238214
v 30.129547 13.224786 12.959095
v 30.540339 12.933004 13.027042
v 30.017448 12.790399 12.774186
v 27.830990 20.840406 15.833068
v 27.505342 21.024870 16.125307
v 27.742567 21.418633 15.794475
v 26.870600 23.232540 19.450808
v 27.127256 23.701220 19.636967
v 26.960285 23.625824 19.133368
v 33.103981 24.330616 19.528215
v 32.036034 13.087406 23.111559
v 32.341141 13.451738 23.221527
v 32.008659 13.211470 23.509544
v 26.304028 11.844221 23.717354
v 26.039612 12.250424 23.274124
v 26.562616 11.596160 24.128342
v 26.305122 11.811810 24.254967
v 26.431969 11.875037 24.895443
v 31.815157 18.638147 16.888334
v 31.821703 18.107740 16.953381
v 32.175297 18.426397 17.168072
v 26.541502 22.379898 17.739248
v 26.664604 22.812929 17.537167
v 30.621355 11.636672 13.067117
v 30.206078 11.485168 12.889802
v 30.190563 11.909100 12.788946
v 33.292973 21.902622 16.347778
v 33.346260 22.290588 16.587299
v 33.445049 21.808535 16.758787
v 27.912771 16.643988 24.998072
v 30.853077 15.626977 25.460136
v 30.923315 15.904262 25.312553
v 30.628708 16.023628 25.437584
v 26.396410 17.456366 19.094847
v 30.670509 22.303890 14.620121
v 30.393854 22.768093 14.547929
v 33.454468 15.513061 22.208027
v 33.296215 15.123748 22.544216
v 29.432228 23.836037 14.524646
v 26.663036 11.619450 23.793249
v 30.056604 13.456835 25.918631
v 27.153234 24.460642 17.850073
v 26.614576 15.638024 21.870186
v 26.425915 15.210160 21.939886
v 27.485905 14.418971 15.458011
v 27.351345 14.147000 15.030357
v 27.306953 14.015391 15.459647
v 27.465397 11.968143 15.613770
v 27.830667 11.540051 15.344718
v 27.076721 15.119454 26.761620
v 33.414215 23.315630 18.917601
v 33.436527 23.068810 18.562529
v 33.462830 23.594135 18.464672
v 26.602385 14.395927 21.478045
v 33.204323 20.975023 16.361845
v 33.185215 21.470827 16.133663
v 33.350826 21.386370 16.555983
v 30.471106 23.261442 14.524737
v 26.705769 12.407422 22.558016
v 26.595312 12.742925 22.289740
v 26.850433 12.401547 22.527733
v 26.716454 12.791376 22.202372
v 26.732872 16.214695 22.511425
v 33.299576 22.304586 19.966276
v 33.374340 22.103954 19.695601
v 33.334187 22.513514 19.639372
v 27.690697 16.754837 24.508127
v 28.231609 16.831638 24.749079
v 33.536335 21.497889 18.540661
v 33.513306 21.220125 18.983944
v 32.071285 12.964457 21.409372
v 31.543186 12.703448 21.557278
v 30.158430 10.776973 13.237256
v 29.800896 10.956223 13.027364
v 27.415907 13.602077 20.914827
v 27.680891 13.282475 21.032848
v 27.477686 13.291970 21.228428
v 33.036327 19.410673 21.226698
v 27.786240 12.744575 17.080675
v 27.521185 12.881778 16.832472
v 27.681879 12.467415 17.062376
v 27.614042 12.095056 22.674959
v 27.415880 14.739256 19.820356
v 27.597950 14.268578 19.963041
v 27.405476 14.342335 20.180904
v 28.075520 15.737348 16.194098
v 33.342155 19.772678 18.898623
v 33.323929 20.088610 18.449993
v 33.416134 20.305031 18.914547
v 26.410633 14.806368 21.794266
v 31.406050 12.769011 20.315870
v 28.839922 10.500583 16.271774
v 28.582663 10.769877 16.631470
v 27.632935 13.592412 20.677530
v 32.848301 23.017874 20.557882
v 29.310457 23.186890 21.946423
v 29.551355 23.540260 21.770308
v 29.080465 23.496103 21.652956
v 27.670416 13.174311 16.867443
v 27.883715 13.063849 17.101858
v 30.597027 13.342380 25.356895
v 30.951410 13.499891 25.107620
v 30.897593 13.798200 25.370058
v 33.395134 13.547029 18.387779
v 33.312660 13.378630 17.897726
v 33.565384 13.756836 17.899826
v 27.198643 11.612630 25.548672
v 27.025436 11.929368 25.830690
v 27.364437 11.898644 26.050186
v 29.474136 26.196232 19.647888
v 29.586325 25.890821 20.095585
v 29.905996 26.370142 19.679380
v 33.488499 24.129244 18.408657
v 33.454857 23.828884 18.719290
v 32.126308 12.696517 18.891171
v 32.434277 12.938562 19.325682
v 32.010132 12.778858 19.314028
v 31.978626 14.139460 24.417110
v 31.837917 13.616232 24.269350
v 32.156750 13.828139 24.005087
v 26.794773 23.518398 17.956009
v 29.847628 24.086315 14.466059
v 31.703976 13.044276 23.760052
v 33.143166 21.880833 20.781221
v 33.305416 21.574114 20.622225
v 33.269169 21.890633 20.468782
v 33.165703 14.150239 21.878115
v 33.407864 14.520488 21.646845
v 27.624662 20.604385 16.087183
v 32.887100 24.303333 19.874371
v 29.778549 11.343710 12.776151
v 29.816517 11.127954 12.899777
v 29.438885 11.486329 12.711476
v 27.474022 15.251982 26.823341
v 30.132364 10.555280 16.483463
v 30.094790 10.858294 16.878231
v 29.852932 10.826319 16.846575
v 32.606510 23.043034 20.871103
v 30.226589 12.404825 12.799743
v 30.696039 12.075097 13.036061
v 29.722776 12.184431 12.592595
v 30.893717 12.589461 13.163050
v 27.287184 13.751382 15.843679
v 27.489592 14.191436 15.942411
v 33.792686 14.516103 19.743263
v 33.929218 15.067998 19.754835
v 26.647591 16.160992 22.784313
v 26.628799 22.459324 17.417961
v 33.379833 20.657461 20.648613
v 33.296463 20.877937 20.837088
v 33.251286 20.382265 20.897320
v 29.521400 23.361958 14.522196
v 29.932159 18.714458 16.204838
v 29.715857 18.292566 16.397707
v 29.541712 18.608850 16.208593
v 27.463104 16.607107 24.716742
v 28.768557 12.751644 21.096836
v 27.878988 13.293583 20.825857
v 27.946054 13.011752 21.176170
v 29.288065 12.459771 25.719011
v 29.483728 12.306510 25.321272
v 28.431303 11.192134 14.319770
v 27.013689 16.564489 22.456482
v 29.285242 20.482992 22.891306
v 29.406191 21.169769 22.825558
v 28.851900 21.032711 22.776402
v 29.450462 25.278637 14.798990
v 29.135740 25.480997 15.019098
v 28.282909 23.837013 15.239253
v 26.340647 15.580453 22.553762
v 32.324619 14.333002 24.048279
v 31.527260 13.400574 24.437346
v 31.640995 13.211233 24.107830
v 33.189152 22.970732 19.925812
v 33.542515 15.887648 21.907795
v 27.071726 20.689800 22.031685
v 26.836842 20.297663 21.833389
v 27.217514 20.161003 22.179684
v 31.479435 10.821880 14.946557
v 31.396112 10.878459 14.557353
v 31.698599 11.125811 14.666556
v 27.454681 13.722521 16.286118
v 31.300501 20.537359 22.502117
v 31.306400 19.854029 22.533352
v 31.810406 20.036873 22.246992
v 28.443708 16.274332 15.984845
v 28.653152 16.785984 16.293427
v 28.999504 16.802330 15.841798
v 28.672096 16.154903 15.382074
v 30.955204 12.750963 20.058332
v 26.312078 14.807223 21.956873
v 27.685251 15.615539 17.710823
v 27.742842 15.094095 17.619326
v 27.641933 15.178342 18.019474
v 28.656603 11.445860 13.425690
v 27.683262 14.318570 27.188215
v 27.870504 14.347551 27.169888
v 27.904377 14.681625 27.084940
v 25.980745 12.169827 23.828712
v 27.243092 12.263137 26.319138
v 27.526064 12.262199 26.460333
v 27.442202 12.637945 26.683914
v 33.543400 21.779856 17.172457
v 33.476330 22.189283 16.964455
v 25.958015 19.139034 18.240507
v 25.838100 19.642603 18.358566
v 26.033863 19.756023 17.930244
v 26.160990 19.268320 17.803963
v 26.006966 18.506845 18.563183
v 25.787510 19.033297 18.682154
v 27.395630 12.619353 16.776966
v 27.292673 13.016518 16.483454
v 26.853451 23.607206 17.542118
v 26.965073 24.007385 17.790783
v 33.471203 20.520470 20.050545
v 33.477966 20.885469 20.095972
v 26.189114 13.184593 25.893158
v 29.327726 23.818171 21.529198
v 28.101055 23.915745 20.827065
v 27.609848 12.206717 16.993902
v 30.549034 13.031292 25.099272
v 33.396236 19.448013 20.228800
v 26.477205 13.155720 22.071695
v 26.579504 13.206771 21.976837
v 31.919426 24.299498 20.888685
v 31.886549 23.918182 21.091856
v 32.116013 23.936836 20.899946
v 27.691154 14.630801 19.098267
v 27.906847 14.149961 19.478094
v 27.654297 14.620615 19.406204
v 31.902908 19.046438 16.624229
v 29.139305 17.214905 16.224512
v 30.449697 27.231121 17.425854
v 30.089170 27.175947 17.579231
v 30.399780 27.192406 17.820606
v 27.580221 11.957870 16.773348
v 27.966442 11.761059 17.133276
v 33.360054 22.608646 16.846630
v 26.465330 14.399587 21.672834
v 29.755932 11.837618 12.629359
v 27.171757 15.725078 19.643557
v 27.267078 15.644376 19.427916
v 27.280413 15.235201 19.713013
v 26.941368 11.428321 24.392189
v 29.836834 20.631001 22.899492
v 29.522804 11.136312 17.153011
v 29.605743 10.820297 16.860235
v 31.887850 18.022671 22.869905
v 31.520460 18.369843 22.832785
v 31.537722 17.978750 23.180492
v 31.885780 17.619421 23.278488
v 32.338711 11.705100 15.361210
v 32.500217 11.915697 15.718308
v 32.139957 11.450109 15.707443
v 31.977566 11.250066 15.377982
v 28.771435 15.321829 26.613997
v 28.933487 15.730775 26.319582
v 28.441607 15.560725 26.538954
v 30.132914 27.245998 17.203119
v 32.236801 20.184088 15.481802
v 32.282539 19.857946 15.841547
v 31.701117 20.879150 22.244492
v 33.933601 14.871830 19.330715
v 26.475519 22.293806 18.093803
v 33.817768 15.250912 17.270864
v 33.888172 14.789434 17.850080
v 33.790997 14.541370 17.327026
v 32.643307 23.761021 16.005632
v 32.876312 23.474031 16.252935
v 32.771484 23.259060 15.967695
v 32.198196 20.606548 21.925407
v 33.452049 13.564952 17.492579
v 26.440748 22.191360 19.344088
v 26.464085 22.329678 18.944994
v 26.323458 21.941273 18.977997
v 32.907780 24.732016 19.687935
v 32.137299 14.657872 24.389156
v 30.229391 12.904348 25.322962
v 31.750681 16.039980 24.616337
v 31.875172 15.490235 24.657072
v 32.169861 15.849710 24.261492
v 26.829031 20.961561 21.670071
v 26.587782 21.267071 21.116842
v 26.515993 20.554592 21.358034
v 33.679539 14.879355 21.086510
v 33.801861 15.321849 20.881506
v 33.713737 15.294557 21.292919
v 31.904650 12.874903 20.147728
v 31.484243 12.773491 19.843376
v 32.272377 13.604504 23.610298
v 31.951723 13.392005 23.898174
v 26.172964 18.636049 18.122141
v 26.449226 18.199179 17.998016
v 26.339865 17.938152 18.467550
v 33.382309 21.613235 20.294441
v 28.759422 20.988199 15.040432
v 26.851320 16.098274 21.752529
v 27.394165 13.958764 20.561079
v 27.164083 13.977487 20.857414
v 27.350588 12.095710 22.755894
v 27.715788 11.818761 23.121559
v 29.072878 25.491322 20.214916
v 29.423628 25.299463 20.586605
v 27.020174 17.560192 17.763973
v 26.736633 17.852568 17.873571
v 26.875217 18.155827 17.477419
v 30.990837 11.811124 13.269918
v 27.827131 15.474040 17.221090
v 33.447258 20.961769 20.401978
v 26.339216 21.876196 18.282894
v 26.413923 21.966743 17.940750
v 26.285034 21.625048 18.140718
v 26.174583 21.447899 18.454947
v 33.967171 15.636966 19.739378
v 33.993134 15.428520 19.325104
v 31.755283 25.104342 20.642599
v 31.508087 24.948845 20.855114
v 31.716116 24.627447 20.884872
v 27.661396 23.799303 15.925833
v 27.377701 23.663313 16.276073
v 27.593313 24.105677 16.132042
v 26.709595 17.398649 20.771971
v 26.539923 17.357225 20.343857
v 26.831348 16.973267 20.592724
v 27.937542 12.078759 22.624855
v 28.671366 11.712961 13.080190
v 27.338694 11.350328 24.501904
v 27.720341 11.364967 24.700308
v 27.593014 11.360087 25.026724
v 32.818989 20.598410 15.848555
v 32.567112 20.207708 15.803164
v 32.514565 20.577362 15.503172
v 33.590584 13.869814 18.718493
v 33.917465 15.456941 17.883680
v 33.557114 22.128939 17.775133
v 27.405188 17.078262 22.154171
v 27.237032 16.870180 21.908136
v 27.457344 13.297896 16.568596
v 29.087147 11.473563 12.903613
v 29.673580 19.081924 15.915500
v 30.075199 19.161804 15.883966
v 27.055557 22.749699 16.556808
v 26.866112 22.420803 16.845507
v 26.911661 22.849693 16.837173
v 28.040028 11.444610 16.962505
v 28.431515 11.312050 17.147236
v 27.215046 13.837775 14.970141
v 26.241972 21.700888 18.678127
v 26.420109 22.201580 18.542128
v 32.297501 11.705080 16.112698
v 29.962189 21.301941 22.807287
v 27.472256 16.279749 18.085623
v 27.537685 15.689503 18.195023
v 27.394205 15.989592 18.497549
v 32.561665 12.947464 19.061964
v 26.656296 17.582624 18.277269
v 33.648766 13.991477 17.411877
v 33.764717 14.212359 17.863903
v 27.905767 11.737858 14.536509
v 28.263828 11.636591 13.840213
v 28.024246 11.835067 23.066628
v 27.363861 24.544209 16.837585
v 27.331867 16.325109 25.457747
v 29.576410 15.208353 26.355204
v 29.062557 15.059803 26.620920
v 29.301506 14.704874 26.580992
v 32.802898 13.160619 19.356863
v 33.009647 13.401718 19.761734
v 32.675209 13.123549 19.618059
v 29.370678 24.455076 21.165611
v 29.957169 24.545931 21.256176
v 29.632959 24.914822 20.962418
v 32.746014 21.022806 15.589737
v 33.023727 21.028236 15.959906
v 27.771868 13.901948 20.135445
v 27.608810 13.924291 20.315372
v 33.919544 15.295766 20.148273
v 33.741104 14.872819 16.827843
v 32.378086 13.353132 22.841509
v 32.050549 13.014118 22.729002
v 32.194832 26.122766 16.430916
v 32.191513 25.777870 16.164064
v 31.909187 26.286095 16.290874
v 32.102154 15.368082 14.412993
v 32.184055 14.650879 14.344145
v 31.567923 14.745622 13.989236
v 29.408070 24.765003 14.653530
v 33.661152 15.702641 21.552727
v 26.981770 23.737553 17.129868
v 26.990147 23.983864 17.393085
v 26.357185 14.403560 21.816280
v 27.233156 16.474924 24.942171
v 33.505138 22.428579 17.904181
v 32.603443 20.116758 21.638702
v 32.645535 19.348173 21.697094
v 26.330509 15.203387 22.131716
v 27.500549 11.795914 23.221886
v 25.561939 13.144439 24.457077
v 33.293079 22.929125 19.625719
v 28.094242 12.748507 21.481955
v 27.788620 12.971641 21.380028
v 28.126671 21.557837 15.385827
v 32.546062 19.889351 16.162096
v 32.442207 12.002414 15.053857
v 32.185089 11.761174 14.711432
v 32.426056 12.315950 14.754911
v 32.701145 12.579865 15.152219
v 27.874893 15.129449 16.413914
v 27.855885 15.008568 16.880901
v 28.429964 20.803572 15.310830
v 27.627382 13.612813 16.640352
v 27.034203 22.304605 16.566175
v 26.861633 21.996906 16.834682
v 29.105280 26.519506 18.426779
v 28.698360 26.327707 18.176624
v 28.772778 26.241892 18.625772
v 29.041075 26.307167 18.923834
v 27.033680 11.483973 23.963547
v 27.522411 15.583678 26.563646
v 26.140150 21.478624 19.121861
v 28.278530 12.501749 21.785933
v 28.482588 12.532571 21.615723
v 28.705652 12.271406 22.032724
v 26.660465 23.033287 18.522659
v 31.974459 11.497108 16.458511
v 31.872038 11.272502 16.084978
v 32.471107 19.589327 16.549110
v 32.645416 19.614058 16.875023
v 28.451609 16.607449 25.278666
v 30.838663 26.663546 15.710230
v 31.075018 26.816578 16.085253
v 31.367598 26.307899 15.732750
v 27.196951 21.098827 16.449797
v 27.323751 21.564754 16.245249
v 27.788628 13.706463 27.166292
v 27.838434 14.027436 27.195456
v 32.410339 13.208552 21.703281
v 32.502174 13.231313 21.245697
v 26.925966 17.277893 18.159624
v 28.392427 11.870288 23.019136
v 31.189653 13.183169 13.425545
v 33.284733 13.755675 20.113903
v 33.406616 21.294970 20.477364
v 33.395699 21.025026 20.630787
v 27.477613 15.434162 18.683939
v 33.579853 21.779757 17.610947
v 32.366486 12.973309 19.657585
v 31.993172 19.550619 15.977444
v 26.475281 14.020738 21.714724
v 26.863997 11.872700 23.197517
v 31.941982 16.433073 24.250868
v 32.002560 24.805189 20.602875
v 32.189484 25.175529 20.286301
v 31.957872 25.250248 20.439400
v 31.394978 25.891518 15.404641
v 31.027966 26.179657 15.378798
v 30.264639 18.300871 23.353165
v 29.807592 18.196787 23.395126
v 30.410433 17.953320 23.735195
v 27.578575 15.118852 18.423100
v 32.975990 13.461273 20.243349
v 31.809904 26.047812 15.940598
v 33.646610 14.255751 16.861767
v 33.134495 15.757895 22.961563
v 27.171455 17.009205 18.048864
v 32.912907 21.558727 15.708568
v 33.407997 22.755325 18.968285
v 29.093962 21.230289 14.824209
v 29.150742 20.793085 14.923312
v 27.168659 14.451707 20.476377
v 28.055164 14.082455 27.144936
v 31.792828 13.344399 13.879915
v 31.413906 12.812452 13.528524
v 29.175922 22.941193 14.657516
v 29.630205 12.397304 21.418159
v 26.938820 16.194878 21.427805
v 27.097607 13.073540 21.761259
v 26.260479 21.738518 19.433573
v 27.780600 24.890694 16.271988
v 28.052399 25.111092 15.996531
v 27.823330 24.584114 16.021210
v 27.102314 16.521349 24.448908
v 26.916094 16.426022 24.675106
v 26.932001 21.608088 21.460825
v 29.905787 25.020340 14.651195
v 32.308052 19.713989 21.937567
v 32.186443 15.204628 24.359470
v 28.796589 13.249496 19.838840
v 28.717384 13.277919 19.302885
v 29.123560 13.101926 19.609652
v 29.155598 13.080078 20.072363
v 29.270897 15.472116 26.383183
v 27.497194 24.962450 17.034903
v 26.415440 17.374750 19.896261
v 26.762869 16.855915 20.124958
v 27.272367 11.340852 24.844181
v 28.012859 13.072543 26.941000
v 28.315931 13.133245 26.840893
v 27.104998 16.769855 18.419413
v 31.169262 25.655437 15.149148
v 30.699764 25.885223 15.077553
v 30.814415 23.680050 21.717466
v 31.153578 23.713835 21.595253
v 31.004181 24.030457 21.486052
v 26.789223 23.384348 18.731733
v 26.726381 23.092455 18.964327
v 29.468531 11.281433 12.841641
v 33.273289 22.632156 19.863291
v 32.741058 19.933414 16.496716
v 26.330593 21.557930 17.869211
v 33.339172 21.951696 20.117407
v 33.045757 13.036986 17.775234
v 33.001137 12.894258 17.322901
v 33.229603 13.220704 17.462908
v 27.008287 12.437570 22.434513
v 30.858904 25.308598 14.893467
v 29.787714 19.503973 15.576709
v 26.889341 17.048717 18.507330
v 30.360476 18.832254 16.213137
v 30.144997 18.328388 16.453794
v 26.788765 22.928543 17.156275
v 26.985239 23.262100 16.811106
v 27.153313 23.216017 16.492861
v 27.319216 15.874850 26.216513
v 27.100357 16.137358 25.758240
v 28.603657 12.082386 22.513645
v 28.437675 12.282592 22.125139
v 28.901320 12.091644 22.425192
v 32.670235 12.272347 15.438111
v 33.657478 13.933174 18.272079
v 27.993677 11.472765 24.185549
v 27.838112 11.409215 24.412075
v 27.582109 11.519506 23.891949
v 28.166517 11.148971 16.678720
v 33.457573 20.816051 18.001678
v 27.661463 24.175266 20.156015
v 27.405954 24.105923 19.807487
v 27.324436 23.776196 20.026337
v 29.541391 11.360746 17.372513
v 29.116928 11.527718 17.398903
v 32.320217 24.754942 20.346329
v 26.647448 12.057299 25.550922
v 28.108969 21.060295 15.510265
v 32.042820 23.550488 21.152103
v 31.748796 23.646645 21.315529
v 31.916483 23.197905 21.426762
v 31.948689 12.897421 21.918694
v 33.267075 25.358147 18.790333
v 29.765537 20.027193 22.907339
v 30.293716 20.154587 22.858168
v 30.208805 27.287403 16.827581
v 29.791372 27.200260 16.982641
v 27.532812 11.637546 25.780190
v 33.158855 13.449267 19.322634
v 29.857187 25.314556 20.758934
v 32.361568 13.205507 22.126202
v 28.555677 14.364643 13.708339
v 29.312803 14.773975 13.712958
v 27.058130 11.606318 23.636765
v 29.589067 13.367831 12.912118
v 29.123802 13.092279 12.743523
v 32.652874 13.229954 20.358656
v 32.687580 13.192204 19.948652
v 30.012619 12.341022 21.528044
v 33.959766 15.010808 18.390081
v 26.274578 14.415747 21.940109
v 33.119884 20.677872 21.079905
v 26.561401 22.653444 18.732723
v 27.156498 12.066889 22.868469
v 26.647158 17.314875 18.638254
v 27.195526 13.619625 21.153292
v 31.678560 19.463894 22.379772
v 32.049023 19.278233 22.192850
v 32.990940 16.256651 23.034077
v 33.054909 16.662447 22.651917
v 32.782337 16.749807 23.046938
v 33.245453 17.111124 17.476652
v 33.018642 17.052206 17.124458
v 32.853714 17.583488 17.392725
v 26.498455 22.035685 17.628971
v 33.014099 25.718649 18.983829
v 32.842972 25.542189 19.416065
v 30.360588 27.239384 16.458462
v 29.898098 27.214575 16.564888
v 27.830032 13.600960 20.454250
v 27.044956 15.882297 19.960056
v 27.052446 16.200623 19.567619
v 28.330545 12.998732 12.818626
v 28.537149 12.766749 12.667393
v 28.172571 12.935374 12.878358
v 33.561016 14.093582 19.945213
v 33.495216 14.153926 20.452662
v 27.404654 11.444449 24.093691
v 27.203766 11.673871 23.523895
v 30.798349 18.986952 16.181454
v 30.473618 19.251417 15.834158
v 27.179438 12.682530 26.558611
v 26.913010 12.341717 26.122629
v 30.241919 12.339643 18.551878
v 30.633396 12.453525 18.786049
v 30.208845 12.607765 18.978754
v 26.265814 15.230406 22.324657
v 27.664652 11.951520 26.199095
v 29.757029 27.127975 17.381720
v 29.766432 27.052540 17.727875
v 29.589674 24.146164 21.413393
v 29.115726 24.080954 21.295527
v 25.812223 13.889237 25.508331
v 25.511345 13.723637 24.814774
v 30.772673 19.634251 22.744722
v 30.820713 20.300146 22.719238
v 32.104767 24.060310 15.449050
v 32.426769 23.554148 15.650873
v 32.014702 23.640205 15.275339
v 31.733860 24.121353 15.136786
v 31.962446 24.821022 15.461171
v 31.872368 24.495131 15.309772
v 31.701893 24.942760 15.257685
v 28.086443 15.763727 26.401709
v 27.794756 15.593218 26.573830
v 33.255833 14.139116 21.474539
v 33.494518 14.493875 21.253977
v 29.841230 12.526214 18.720379
v 29.899504 12.215419 18.328646
v 28.234367 24.884398 20.138159
v 28.422859 24.712851 20.467016
v 28.624964 25.177402 20.198658
v 27.314823 14.680095 27.024340
v 31.535021 12.703298 19.388083
v 31.028465 12.714428 19.552954
v 26.964041 12.040793 22.956606
v 31.701241 25.753502 15.593621
v 32.637642 24.661356 20.049982
v 32.475731 25.098097 20.054880
v 30.774652 13.064716 24.881796
v 28.495525 13.545538 26.893456
v 33.996124 15.228983 18.879738
v 33.977455 15.644867 18.413492
v 27.658447 25.320822 17.333677
v 32.904102 13.157308 18.949551
v 32.034885 12.960970 22.357864
v 29.118513 24.743969 20.874058
v 26.961687 16.627523 19.057524
v 26.905815 16.839485 18.796097
v 27.124382 16.396469 18.909292
v 32.142914 11.503267 15.033182
v 28.687038 11.930826 12.851568
v 29.072216 11.688737 12.729842
v 28.121847 16.862623 17.011351
v 28.043507 16.415205 16.999424
v 27.841782 16.511406 17.359152
v 30.749683 17.991961 23.622482
v 30.693899 18.342043 23.246025
v 30.662975 11.251744 13.259633
v 27.907469 24.245211 15.764347
v 29.651886 22.858799 14.537652
v 30.172791 24.482155 14.531796
v 29.727776 24.533167 14.527364
v 32.913425 21.043207 21.274061
v 27.819445 16.034698 17.351486
v 27.501221 24.434175 19.589014
v 27.767708 24.737059 19.693369
v 27.605816 24.746399 19.310246
v 28.486107 11.721637 23.470385
v 27.242170 24.079994 19.423357
v 28.007662 11.502107 25.248060
v 29.405069 11.681215 12.620008
v 27.475702 15.097141 19.334593
v 27.521511 15.058997 19.146288
v 32.700882 24.232100 20.155434
v 33.467369 23.910641 18.063387
v 27.263783 13.318007 21.403370
v 29.596800 12.938391 12.715784
v 29.188925 12.743899 12.594937
v 31.592056 13.959888 13.831877
v 32.525391 15.800354 14.812055
v 32.789211 16.019150 15.177998
v 32.892334 15.330602 15.120336
v 30.632805 23.979330 21.586588
v 27.849073 12.362215 22.217529
v 33.437878 16.508831 17.222967
v 26.629328 22.693087 19.269505
v 32.708954 25.884966 19.322689
v 28.430643 11.540493 24.424227
v 28.163439 11.546371 23.932222
v 28.140779 24.747953 15.670733
v 32.760002 19.213057 17.535250
v 32.795471 19.610615 17.220402
v 32.931271 19.569359 17.583893
v 32.952000 19.155937 17.901552
v 28.257006 25.992701 16.563555
v 27.998163 25.763527 16.881630
v 28.283615 26.167076 17.007750
v 26.910250 16.476542 22.753883
v 33.091736 13.175749 18.233812
v 26.773018 23.433784 18.369308
v 27.295443 16.501278 18.303989
v 28.718523 20.325045 22.805565
v 33.136368 22.468796 16.192095
v 30.138750 25.085871 20.964598
v 27.508997 16.931877 23.407166
v 27.158482 16.719120 23.045017
v 27.108027 16.639593 23.382523
v 27.095257 16.583342 23.762115
v 27.438278 16.829092 23.740194
v 27.985617 13.665026 20.200775
v 28.083073 13.324987 20.608423
v 30.670492 18.553261 16.503262
v 27.555178 14.662664 19.623957
v 27.048153 15.852373 26.188469
v 27.063393 23.380089 19.905502
v 27.801903 11.740484 25.935335
v 29.169710 12.270648 18.086819
v 29.109127 12.620597 18.462456
v 28.808186 12.615233 18.152702
v 26.948416 13.983376 21.152069
v 27.624886 24.930567 16.618454
v 33.232906 25.645271 18.507721
v 27.168152 21.233973 21.943893
v 27.315046 21.868448 21.742367
v 28.298841 12.190003 13.083239
v 32.931206 16.117907 15.511309
v 32.632843 16.628941 15.654106
v 33.034977 16.146177 15.822247
v 30.959124 23.361347 21.849903
v 26.858664 12.798548 26.381950
v 26.909811 23.367109 17.038511
v 27.949593 19.879614 16.027910
v 27.887722 20.374653 15.912002
v 28.219542 20.167179 15.720314
v 30.280064 10.458807 13.637718
v 30.610193 12.212086 18.408878
v 29.922424 14.951262 26.224339
v 30.042986 15.421618 26.047577
v 27.344912 11.752115 23.365253
v 32.052269 25.566883 20.189140
v 26.720249 16.324371 24.926458
v 26.530199 16.172678 25.214191
v 26.802813 16.209627 25.442541
v 27.553829 17.050781 23.034948
v 32.737900 16.643284 16.042452
v 27.519917 24.433577 16.422604
v 27.315750 23.912949 16.478666
v 30.465448 10.564281 13.592363
v 32.486668 14.070869 23.659138
v 32.653008 14.597458 23.658112
v 33.363365 22.861143 19.308495
v 27.318953 16.926569 22.412086
v 31.698065 12.750602 22.558750
v 27.885742 15.210096 15.862262
v 29.735518 18.520947 23.100933
v 27.241856 22.626745 16.266998
v 27.434233 23.375973 16.110226
v 27.514616 23.005411 15.937749
v 27.259411 23.008739 16.277195
v 26.840811 16.409536 23.054430
v 26.599047 14.017449 21.579855
v 26.682751 17.102949 18.940857
v 30.028788 27.087440 17.967360
v 29.555431 26.853018 18.114622
v 29.979464 26.966986 18.409790
v 32.804913 20.236910 16.145695
v 33.382938 22.430498 19.335924
v 27.254807 22.139915 16.260826
v 27.055136 21.843863 16.559158
v 32.574841 19.245434 17.218662
v 31.019917 14.495237 25.471622
v 33.497154 13.724856 17.056101
v 30.594877 12.668574 19.259418
v 30.128819 12.799391 19.436157
v 28.040531 24.453922 20.346725
v 27.897711 24.621195 20.027889
v 30.509974 24.896849 14.683692
v 27.219698 24.081993 16.776829
v 27.081194 23.650909 16.788599
v 26.208824 20.083309 21.011421
v 25.988607 20.384264 20.431393
v 25.933920 19.636410 20.640825
v 28.903778 12.611549 12.548413
v 28.708218 12.943834 12.707175
v 29.054998 12.662490 26.129984
v 28.214119 13.739779 19.556936
v 28.109278 13.734084 19.896954
v 27.251720 14.826081 20.051008
v 27.343487 20.640469 16.349287
v 32.876984 22.607662 20.766685
v 25.709829 12.648766 23.414553
v 27.621620 16.620184 17.670336
v 27.647240 16.130058 17.755327
v 32.604740 20.858753 21.572464
v 26.967556 12.956670 21.932447
v 28.067503 25.016174 19.786039
v 28.889746 24.315222 21.052502
v 33.617519 15.869336 16.972090
v 33.747440 15.966439 17.477022
v 28.277004 12.077461 22.575306
v 26.767277 15.167791 26.524206
v 32.597523 13.885111 23.273769
v 26.349043 18.811436 17.699070
v 33.315639 21.255882 20.752138
v 33.153931 21.165829 21.005074
v 28.708502 13.276896 12.889946
v 27.874228 17.017172 17.246075
v 27.720600 11.584614 23.697121
v 27.823187 11.642460 23.504164
v 31.447130 24.490746 21.100569
v 31.644154 24.111385 21.158981
v 28.027956 13.165474 13.041736
v 27.780291 13.188365 13.241441
v 27.767311 13.331467 13.300854
v 31.324972 25.114914 15.046657
v 33.414692 21.711672 19.906216
v 28.523129 10.991254 16.917299
v 28.930073 10.880260 16.957401
v 26.847586 12.852833 22.089355
v 26.591501 18.449823 17.591343
v 29.376448 27.003656 17.184572
v 29.416145 27.038895 16.725624
v 28.971350 26.774742 16.948616
v 28.992395 26.687283 16.407444
v 28.418858 11.824217 25.607046
v 28.057970 11.751539 25.797707
v 33.382580 19.445677 19.389044
v 28.645504 26.435406 17.663942
v 28.282593 26.055878 17.844723
v 30.331959 25.487890 14.829394
v 32.203552 12.102079 17.348202
v 32.503883 12.500005 17.730904
v 32.159595 12.320004 17.898863
v 31.836803 25.948101 20.046553
v 32.183254 25.890913 19.856104
v 26.932505 23.777874 18.674767
v 28.903545 11.977924 25.374195
v 28.775995 12.228600 25.893042
v 28.345743 12.104406 26.079781
v 26.432625 17.528824 18.803913
v 28.461830 12.649268 12.675642
v 28.219185 12.777651 12.823212
v 29.881428 10.273482 14.084306
v 27.229322 16.813122 22.714804
v 30.129354 11.044992 13.028642
v 30.826977 11.988923 18.087526
v 31.092545 12.310740 18.536510
v 27.536058 21.983374 15.921231
v 30.196039 11.671935 17.776020
v 30.320137 11.999564 18.130468
v 29.951660 11.933009 18.033691
v 26.543142 12.509338 25.873281
v 27.116816 13.222273 14.573518
v 27.081161 13.050992 14.810722
v 27.043604 13.265851 14.980771
v 32.910625 13.478328 20.670689
v 31.047304 24.741495 14.826433
v 29.594158 21.845274 22.666536
v 26.729782 16.937321 19.264301
v 32.025444 25.503178 15.805125
v 26.883411 21.580954 16.807529
v 27.070364 21.453556 16.568670
v 33.156223 25.762325 17.713516
v 32.871269 26.151548 17.825296
v 33.115543 25.914919 18.157373
v 32.837769 26.223108 18.248018
v 33.424496 22.351097 19.002491
v 28.248573 12.427230 26.461300
v 27.979946 12.075585 26.256868
v 29.610662 12.071137 18.093296
v 26.373333 13.588601 21.954124
v 27.228460 13.020866 14.341192
v 27.262926 13.223176 14.171110
v 27.438641 12.951486 13.888600
v 33.327888 19.134903 20.607271
v 32.421150 18.947090 21.994980
v 27.107443 14.949407 20.265070
v 27.559656 20.131027 16.253321
v 27.148363 20.218857 16.576920
v 26.247847 16.071043 24.956068
v 31.684364 13.847055 24.606647
v 32.644848 25.362171 19.759037
v 32.348190 25.492342 19.987364
v 25.904259 20.670469 19.856041
v 25.769812 19.967163 20.085052
v 29.253063 26.632408 15.905092
v 29.777279 26.836628 15.808443
v 29.490906 26.434422 15.487266
v 27.896793 25.078743 19.394474
v 28.324923 22.584402 15.127057
v 29.413500 10.162181 15.375467
v 26.683249 13.267709 21.868834
v 31.583422 23.317852 21.582354
v 31.460381 23.715298 21.452974
v 27.295586 13.874616 14.558195
v 27.711416 25.057362 18.938868
v 32.802979 14.381364 23.282194
v 25.464458 13.128422 23.698030
v 27.921350 17.056364 23.856655
v 27.715450 16.930317 24.023062
v 27.994572 17.007864 24.167278
v 31.165461 17.923029 23.498648
v 33.964050 16.022150 19.272152
v 28.321386 13.199110 12.939482
v 32.326797 17.162966 16.438240
v 31.712276 17.404381 16.261948
v 31.755156 17.671782 16.674273
v 32.221024 17.595125 16.888758
v 27.958664 12.968646 13.044948
v 28.529634 15.953521 26.187059
v 31.555889 25.439692 15.300979
v 31.871244 25.237667 15.504669
v 33.452774 21.310982 20.101706
v 33.463154 21.496075 19.649212
v 33.411293 22.132185 19.326939
v 33.431641 21.840311 19.478033
v 27.968916 17.393515 23.003181
v 27.576218 17.163313 22.683117
v 27.065845 16.649141 18.678539
v 30.597946 23.325434 21.961029
v 27.149546 15.323611 19.966562
v 27.725725 15.297178 26.803129
v 33.400085 25.193411 18.446774
v 27.194735 12.742241 16.370949
v 26.918894 16.473373 19.804176
v 26.949944 16.282171 20.214716
v 30.183874 26.053526 15.077621
v 33.523651 15.764540 16.558378
v 33.243835 16.422344 16.752590
v 27.794495 18.881386 22.345615
v 27.210209 18.793791 21.955555
v 27.577175 18.155287 22.080616
v 27.751013 12.675435 21.837910
v 27.361307 13.022260 21.651464
v 31.780430 25.542479 20.380215
v 30.359949 27.132446 18.232542
v 30.062492 11.281953 12.881743
v 28.612438 12.492746 26.299093
v 27.711155 14.634303 16.189247
v 26.788813 13.340051 21.749464
v 32.492748 18.015942 17.331863
v 32.575306 17.554594 17.132742
v 28.792875 12.348736 17.863749
v 30.386387 11.100972 13.142868
v 27.741566 11.516848 25.527872
v 28.686792 11.677206 24.868473
v 28.889568 11.716352 24.580059
v 28.404364 25.969208 18.522688
v 28.661448 26.005302 19.007643
v 32.192108 24.355843 20.638323
v 32.886826 25.981785 17.361435
v 32.533550 26.344254 17.470293
v 32.130928 24.974983 15.701582
v 26.757484 14.001060 21.395643
v 30.829855 17.645361 24.011389
v 28.194244 12.806030 21.310246
v 29.557930 26.996628 16.254101
v 33.387775 18.761066 20.344170
v 33.406528 19.119154 19.881044
v 32.447754 26.492529 18.050959
v 32.945820 14.907401 23.263567
v 33.078209 14.743348 22.906776
v 30.922522 14.885153 25.554422
v 30.137531 26.146742 20.056860
v 28.322077 25.702114 19.043097
v 28.552876 25.697031 19.445242
v 32.588169 13.240523 20.793421
v 32.839722 13.489026 21.085989
v 32.720840 17.071974 16.793909
v 28.869713 16.773071 25.070469
v 27.399847 16.779217 17.901291
v 29.022999 10.545723 16.600178
v 27.371801 24.419750 19.254669
v 33.424603 16.413095 21.955982
v 32.629471 21.527618 21.475113
v 33.564468 16.251480 21.642147
v 33.381977 16.847647 21.657015
v 28.453943 23.088442 15.031651
v 28.516462 12.982016 18.188889
v 28.520947 12.710650 17.872290
v 26.804960 20.334858 16.883883
v 26.490507 20.467424 17.245646
v 26.753542 20.846975 16.948172
v 28.080778 12.971365 17.332733
v 27.934790 13.465203 17.159962
v 30.394976 15.167447 25.899118
v 33.472328 24.669514 18.421469
v 33.452389 25.003380 18.039404
v 30.453135 10.800519 13.374591
v 30.797577 27.120485 16.435875
v 31.224203 26.903471 16.471924
v 30.590704 27.038408 16.084148
v 26.268637 20.838284 20.766613
v 27.270393 13.401597 16.171711
v 33.704605 15.380504 16.780622
v 27.639540 14.677835 15.782878
v 32.470665 24.323713 20.376375
v 31.957342 12.845938 19.717091
v 33.430836 24.282269 18.764210
v 32.122559 20.565264 15.204883
v 27.169544 13.700438 15.350033
v 27.404709 11.424911 25.295979
v 31.737915 14.304320 24.757416
v 31.528891 14.065773 24.875986
v 33.295246 19.149939 18.893847
v 33.423717 19.748377 19.809711
v 33.159794 24.228895 17.002462
v 33.310036 23.991653 17.342640
v 33.203487 23.736753 17.048820
v 28.810421 23.195408 14.803411
v 33.265770 17.841516 21.191412
v 33.103260 18.074478 21.412437
v 33.226757 17.460197 21.515558
v 27.320549 14.098331 27.042826
v 27.078419 14.373815 26.889826
v 27.113459 13.958451 26.892769
v 32.454250 16.803102 23.453459
v 32.520412 17.207954 23.007164
v 32.185482 17.233019 23.380516
v 30.642023 14.908424 25.770054
v 30.277822 14.699099 26.027481
v 27.065731 14.752423 26.852253
v 26.743513 14.749291 26.597118
v 32.717648 18.612129 21.798275
v 33.821980 15.984881 20.750355
v 33.751781 15.776000 21.170223
v 32.576721 21.452702 15.371636
v 33.595360 16.615009 17.670198
v 27.456589 19.506720 22.266277
v 31.230808 15.202213 25.255459
v 31.038055 15.244563 25.413363
v 31.171627 14.854063 25.344234
v 32.600727 15.103579 14.750538
v 31.325811 24.076086 21.347153
v 33.079773 22.001915 15.955713
v 26.278734 19.862368 17.513124
v 27.176359 18.049530 21.723127
v 28.747982 11.561820 17.340025
v 28.653288 11.879429 17.450041
v 27.552692 13.426329 13.579065
v 27.486403 13.629380 13.821906
v 27.687290 13.523880 13.521455
v 28.055292 13.444925 17.497677
v 33.264202 16.544674 22.290262
v 28.617508 23.455736 21.478718
v 28.239756 23.427650 21.294853
v 28.324053 23.048532 21.640085
v 31.068983 14.175302 25.373373
v 31.236050 14.443912 25.267977
v 28.863663 24.987389 20.545645
v 27.895756 13.393322 27.084253
v 27.080002 13.462757 15.173781
v 27.141886 13.596081 14.834894
v 30.014860 22.631798 14.526474
v 29.732788 22.432863 14.549281
v 27.791605 13.516749 16.906668
v 31.554102 11.221744 14.261287
v 26.220583 13.010013 22.306620
v 29.003275 21.796856 22.603224
v 29.406723 22.438745 14.614504
v 32.957993 26.030542 18.593679
v 26.498711 12.980563 26.147207
v 31.917833 14.965669 24.668737
v 25.966690 15.893318 24.640890
v 26.058578 15.801931 25.213095
v 33.904701 16.244093 18.470432
v 33.847450 16.115826 17.992887
v 33.702377 16.722397 18.114920
v 33.290897 13.503536 18.895113
v 29.195974 11.185079 17.172958
v 30.583036 12.762331 24.689489
v 30.390593 12.713683 24.846735
v 30.202053 12.444917 24.555416
v 30.430603 23.634378 21.800030
v 26.804441 16.400976 24.215393
v 28.830704 12.504348 21.487766
v 32.852085 17.944834 21.912306
v 27.280989 19.629448 16.581848
v 27.858469 21.961580 15.570825
v 30.694883 10.603959 13.801079
v 31.383984 20.219099 14.999991
v 26.594282 16.122339 23.040375
v 27.168634 23.544575 16.562378
v 32.288677 21.341280 21.778383
v 32.221157 17.634674 22.934740
v 31.715723 22.804478 21.742796
v 31.402681 23.048388 21.816713
v 32.948692 21.524298 21.176552
v 33.052040 17.718481 21.701399
v 28.202620 18.776630 22.527882
v 28.012611 18.376556 22.400066
v 26.800697 23.263174 17.344576
v 32.313801 25.180119 16.006340
v 28.913263 26.019178 19.369099
v 28.354519 26.237400 17.402996
v 27.078733 12.844195 15.769939
v 27.245081 12.395272 16.296959
v 30.558676 10.360605 14.004122
v 33.405319 17.184528 21.291180
v 33.425472 17.596252 20.908352
v 28.832926 11.228980 17.186546
v 33.334530 25.495964 18.078167
v 29.789064 23.860207 21.625008
v 28.053625 11.428017 24.843180
v 31.521412 26.538019 16.160799
v 31.673727 20.577274 14.971995
v 31.218931 20.596581 14.816702
v 31.463255 21.031237 14.835443
v 32.302486 23.033802 21.198246
v 27.780037 12.325731 26.544846
v 27.667662 12.651048 26.764244
v 32.202908 17.044056 15.926043
v 29.215401 19.839514 22.863171
v 26.239376 14.832844 22.113695
v 29.498617 11.960468 23.851309
v 29.591801 12.046574 24.318922
v 29.003315 11.780864 23.881124
v 31.282022 23.378731 21.713196
v 27.866220 24.049604 20.513474
v 32.296192 21.896896 21.674997
v 26.685894 16.947939 19.646704
v 27.710754 13.369880 27.081820
v 27.136173 13.460588 15.690138
v 32.187035 13.011628 20.929773
v 25.708744 14.550200 22.688530
v 25.541733 14.090966 22.747858
v 25.496252 14.646810 23.041151
v 31.665442 15.229093 24.892525
v 27.441721 17.292284 21.952396
v 31.542078 16.586729 24.524929
v 31.431314 16.203465 24.832844
v 32.984261 13.808324 21.716402
v 33.059292 13.786732 21.298410
v 27.812601 14.588076 17.583258
v 27.826990 14.839603 17.276905
v 33.037270 18.302788 18.026863
v 32.772099 18.429590 17.697432
v 32.847019 18.783861 17.810297
v 30.994732 11.086202 13.675035
v 30.712038 10.904727 13.529814
v 31.851271 17.244705 23.715361
v 30.222097 23.913998 21.642593
v 32.126022 16.961226 15.440884
v 31.191330 21.584251 14.751815
v 30.989180 21.011953 14.723108
v 28.211800 22.068634 15.244364
v 28.344835 12.346106 12.898646
v 29.307060 12.331717 21.648138
v 29.038109 12.027165 12.553306
v 29.378241 11.889180 12.548931
v 26.157413 17.942707 18.865211
v 29.455523 15.857881 26.084391
v 29.632044 16.251921 25.687996
v 29.044249 16.124563 25.947922
v 25.970715 13.439919 22.321589
v 26.152313 13.486612 22.157593
v 26.652483 16.031870 25.717278
v 32.379879 20.997118 15.273354
v 31.711912 21.505959 14.908187
v 32.175724 21.457209 15.112761
v 31.942320 21.005175 15.020720
v 29.661465 11.537973 17.577019
v 29.268543 11.696703 17.599203
v 27.616798 17.294657 22.400610
v 25.628363 19.551760 19.702221
v 25.740088 19.231901 20.273504
v 32.082100 22.364313 15.106840
v 31.928291 21.951431 15.003998
v 31.648453 22.447931 14.910182
v 33.474949 22.500988 18.267899
v 33.525490 22.169138 18.213661
v 33.767235 16.776577 18.564123
v 32.765747 13.500374 21.511978
v 30.830946 23.778797 14.617896
v 30.534071 23.634350 14.517076
v 31.108189 23.007505 21.972092
v 27.410967 13.725389 27.042219
v 27.789980 13.030644 26.965389
v 25.979265 20.973106 18.641752
v 25.925610 20.661961 18.452497
v 25.805899 20.517714 18.835569
v 30.370737 24.011248 14.501140
v 33.321411 23.504757 17.373705
v 32.654221 22.616041 21.067968
v 32.451488 22.532581 21.336529
v 30.783400 20.575615 14.754448
v 27.976870 14.087852 19.141039
v 27.086075 16.633352 21.609232
v 32.664097 21.852581 15.437548
v 33.188717 17.245882 21.776165
v 33.326729 14.072619 20.985428
v 33.790089 16.745487 19.863853
v 33.667912 17.155464 20.115297
v 33.818321 16.439974 20.351786
v 27.261347 23.504158 20.222977
v 30.734066 21.428205 14.663539
v 28.478842 21.570145 22.556812
v 27.450468 22.469135 21.453897
v 27.791000 22.095667 21.983156
v 30.746492 22.966703 22.118162
v 31.875109 23.260107 15.104013
v 31.336927 23.410666 14.819465
v 31.569761 23.759850 14.974206
v 32.349689 21.886749 15.216080
v 27.738890 14.898098 15.400267
v 27.972660 23.887239 15.572053
v 29.538464 26.645979 18.753555
v 28.239483 19.066252 16.189947
v 28.335373 19.645384 15.879633
v 28.621037 19.194408 15.975279
v 30.452759 15.663341 25.705425
v 29.956631 15.842871 25.890476
v 29.058298 26.649942 17.911802
v 27.919397 13.947433 17.242737
v 31.881945 11.499635 14.442857
v 33.475914 21.031570 17.528749
v 33.353043 20.563486 17.642614
v 26.118656 14.555201 22.276600
v 25.947361 14.432946 22.418970
v 26.071123 15.055121 22.643742
v 28.460205 20.419689 15.430382
v 28.148764 20.605278 15.608612
v 31.371277 14.792573 25.160717
v 31.385870 14.282406 25.084669
v 31.556183 14.531058 24.978392
v 30.211962 16.138140 25.580065
v 27.087698 23.137028 20.281458
v 32.767601 18.039169 17.570381
v 31.731955 11.054095 15.747254
v 32.763870 15.155354 23.607332
v 26.567448 19.871092 17.144688
v 30.312101 26.843018 15.736340
v 27.458986 11.958081 16.245752
v 33.436916 15.655454 16.245888
v 33.514938 15.125830 16.186533
v 33.323223 15.616606 15.983125
v 31.319153 12.061593 18.070820
v 31.153868 23.901522 14.759574
v 33.195850 13.763198 20.575800
v 27.283218 16.636631 24.238476
v 28.240917 11.480590 24.658676
v 33.359482 23.084791 17.391798
v 33.261745 23.281921 17.078350
v 26.110781 13.984317 22.155313
v 32.448013 14.882965 24.025097
v 32.510582 15.464600 23.949863
v 29.054630 11.864058 12.627112
v 26.831129 22.934029 19.811047
v 28.208912 25.385176 19.449097
v 27.020868 16.421146 19.302279
v 27.772837 11.574007 16.630440
v 26.219887 14.020193 22.039848
v 27.346548 12.388745 16.685621
v 25.930145 15.493790 25.382559
v 33.300266 18.019056 18.452881
v 33.334057 18.222969 18.735676
v 33.511322 17.667023 18.961895
v 33.270100 13.472757 16.369139
v 33.412060 14.019645 16.250956
v 33.465462 13.840837 16.621336
v 33.136322 19.130999 18.335796
v 33.106976 18.630642 18.260723
v 33.889927 15.552011 20.492842
v 26.799641 13.677610 21.527224
v 32.943756 12.726449 15.872511
v 33.080116 13.059309 16.094498
v 32.897812 12.606448 16.118414
v 30.760059 15.264938 25.625937
v 27.205032 12.412050 15.722591
v 27.276686 12.403595 15.116035
v 32.925396 22.233742 20.932716
v 27.242426 16.275894 18.688025
v 31.662228 12.375216 18.470938
v 32.275848 13.031091 20.468916
v 26.229473 15.297467 22.527107
v 26.277399 13.550182 22.050907
v 26.393879 19.359272 17.417709
v 32.331390 13.016498 20.039722
v 30.441612 12.792861 19.821505
v 26.423574 15.171073 26.196215
v 27.917303 23.210054 21.252783
v 32.234020 17.947309 17.133543
v 33.231396 23.038084 16.799124
v 33.070454 23.237032 16.511185
v 33.125278 23.481974 16.780590
v 29.695126 15.579473 26.167397
v 29.978109 17.852188 16.457706
v 29.755878 18.013409 16.478432
v 26.117102 21.057810 20.154903
v 33.699413 16.323742 21.077480
v 29.275427 10.244586 16.064844
v 26.954700 14.397179 20.883680
v 27.959681 15.035518 26.933329
v 27.393480 15.160397 19.512049
v 28.414267 23.759136 21.152351
v 33.112267 25.552607 17.293432
v 32.846024 25.764067 16.968945
v 32.992985 25.291470 16.924690
v 32.722569 25.541162 16.642317
v 27.949120 25.406895 16.445448
v 28.347919 25.749760 16.070189
v 30.084038 27.110052 16.143618
v 30.923464 11.430111 17.340788
v 30.769228 11.112820 17.017508
v 31.239202 11.258376 16.913765
v 32.589165 26.137152 17.026081
v 32.171867 26.480295 17.065582
v 27.146166 17.524878 21.516655
v 27.387918 17.615896 21.823267
v 28.595284 14.926245 26.832565
v 28.830585 14.717969 26.802223
v 28.462381 14.558462 26.967525
v 25.762728 18.412437 19.406992
v 25.859924 18.442394 18.989119
v 30.368574 20.779095 22.824402
v 33.440193 22.618650 18.624371
v 26.235594 21.533020 19.873211
v 26.404652 21.566168 20.415243
v 26.414873 21.964670 19.833752
v 28.742531 20.605648 15.172652
v 27.489090 16.785976 24.084515
v 32.095276 16.839748 23.832142
v 31.744516 16.907547 24.125193
v 27.787455 14.563432 14.539845
v 27.581230 14.539132 15.004067
v 27.947891 15.018965 14.922606
v 33.038986 17.383062 21.990456
v 33.239147 16.904215 21.995001
v 29.871489 9.982140 15.197752
v 30.831188 10.426851 14.356367
v 30.585989 10.168499 14.548906
v 28.394354 11.607125 25.117334
v 27.027878 20.729151 16.651266
v 31.721535 14.752570 24.855278
v 25.525265 13.206636 23.084042
v 31.080708 12.569316 19.061607
v 29.188940 17.329132 24.240326
v 29.773991 17.322783 24.430197
v 29.419636 17.549046 24.043131
v 28.286236 15.031128 14.448283
v 33.550083 21.350336 17.941797
v 28.663774 10.590463 15.832041
v 29.386127 17.198601 16.014467
v 28.412498 25.313066 19.835571
v 31.584572 12.564919 18.935360
v 32.899940 22.499413 15.818794
v 31.774532 12.178779 18.018082
v 30.818663 27.182104 17.273365
v 30.513262 27.259340 17.042948
v 27.156414 16.026148 19.398964
v 27.022600 13.063374 15.239676
v 27.093582 12.783278 15.208817
v 31.588264 17.245659 15.736812
v 31.829458 12.762765 13.897901
v 33.461266 21.295265 17.046419
v 33.550446 21.447611 17.438139
v 28.050327 12.625193 17.271713
v 28.293571 12.524112 17.455395
v 33.669621 16.115849 21.373732
v 33.473557 22.250725 18.634754
v 25.700016 13.434318 22.628830
v 27.656933 20.156050 22.444920
v 27.401697 20.748598 22.270321
v 26.658991 13.682741 21.653931
v 26.366287 20.877436 17.479927
v 26.565159 20.990885 17.195036
v 33.553226 14.262757 16.458210
v 27.928074 12.445427 13.409451
v 28.003035 12.592631 13.163912
v 27.138924 13.530847 26.849018
v 27.355730 13.355436 26.943371
v 27.735649 23.689470 20.684475
v 33.934433 15.811522 20.122927
v 25.887747 14.995484 22.775568
v 33.083984 13.713598 20.933599
v 31.517794 25.879242 20.252399
v 31.526503 25.413828 20.587543
v 26.921938 15.707716 20.738470
v 30.059988 12.250148 24.202883
v 31.403713 12.773152 23.641073
v 32.930038 16.596214 16.403162
v 33.057022 17.030209 22.301485
v 28.365824 11.637054 17.284622
v 29.995308 24.147091 21.494972
v 28.561617 20.043959 15.547095
v 28.743193 19.664745 15.668255
v 28.929604 20.020794 15.376783
v 30.526129 26.417927 15.369010
v 28.834574 25.668859 19.821493
v 26.150452 20.726021 17.837841
v 26.328926 21.228930 17.668432
v 31.139912 27.067717 17.135654
v 30.913918 27.135899 16.839312
v 33.708328 16.670572 20.674114
v 26.973557 15.776880 20.404753
v 26.962927 16.101135 20.595251
v 26.776342 13.747423 26.615255
v 28.837782 23.130632 21.824053
v 26.479548 12.661079 22.403202
v 29.022871 20.382370 15.132163
v 26.441420 13.450033 26.266592
v 27.386543 24.613871 18.835768
v 26.826786 13.264399 26.556326
v 27.150505 13.107219 26.737589
v 26.553291 13.653013 21.761353
v 31.743614 26.712719 16.911390
v 32.008274 26.426706 16.635162
v 31.633871 26.656536 16.535896
v 31.347979 19.274431 22.561691
v 30.478148 21.427767 22.714821
v 26.379236 14.015083 21.821695
v 29.368340 18.409178 23.059593
v 29.732456 12.280176 21.690748
v 26.950026 16.475603 24.009977
v 28.206366 14.785122 26.986675
v 27.681139 19.502121 16.339439
v 27.467751 14.180344 14.593100
v 27.598316 13.012291 26.929720
v 27.062563 24.240524 18.139196
v 33.209652 15.571235 15.728485
v 29.954933 19.035917 22.909573
v 29.548939 18.811928 22.921944
v 30.140577 18.645226 23.068052
v 28.463505 13.407774 20.012484
v 27.264954 17.154991 21.682087
v 26.205818 14.452639 22.078150
v 28.500248 15.589720 14.844975
v 28.959511 15.552772 14.372952
v 29.565205 17.103575 24.661802
v 31.238390 10.966184 14.122198
v 28.594658 19.002974 22.681145
v 28.208942 19.144796 22.571697
v 30.925867 22.532995 22.247475
v 30.504707 22.520584 22.379265
v 26.836262 22.689528 20.227383
v 27.637329 17.465437 22.190355
v 31.519867 17.067036 15.177318
v 27.829830 17.887890 22.272430
v 28.259743 13.184512 17.869450
v 28.112484 15.458783 15.340162
v 33.560734 16.589966 21.358202
v 30.159239 22.018106 22.606791
v 31.271418 25.242218 20.790815
v 27.655443 13.790720 13.814687
v 28.310448 13.644241 19.193262
v 29.742125 26.547197 19.255079
v 31.458836 18.784697 22.632011
v 25.986851 13.865043 22.247082
v 26.615396 22.454805 19.776516
v 28.013844 25.396692 19.028307
v 25.753134 20.333992 19.542645
v 31.451918 12.928590 23.933105
v 27.184124 16.093845 19.181929
v 30.458853 16.647432 25.076132
v 30.361713 16.408684 25.313452
v 30.727484 16.269798 25.244143
v 31.886347 26.735455 18.972649
v 31.693298 26.649323 19.351885
v 32.047119 26.496267 19.316998
v 30.769537 10.244070 14.901070
v 30.983944 10.434267 14.771476
v 31.090395 11.743719 17.687351
v 27.406773 23.435190 20.524899
v 30.811108 24.350563 21.366888
v 29.130175 17.721909 23.647236
v 29.598619 17.728970 23.895809
v 29.527971 17.933779 23.588139
v 25.542131 15.208622 24.554037
v 25.490246 15.201017 23.928061
v 25.355034 14.738430 24.161442
v 26.364870 13.093913 22.170359
v 30.562046 27.257069 16.716963
v 29.666897 10.065743 15.792309
v 33.219639 19.605486 18.414434
v 29.497261 12.408067 18.427919
v 29.405418 12.742066 18.868513
v 33.262489 18.675241 18.704325
v 33.311836 13.401194 16.795593
v 31.518923 14.997437 25.030489
v 28.221022 22.487661 21.999630
v 28.200495 21.983292 22.290878
v 25.662848 18.968647 19.114309
v 33.420486 22.898647 17.684652
v 27.862989 23.202366 15.552032
v 27.741501 22.744207 15.643033
v 26.932735 16.536644 20.520229
v 28.457632 17.235382 16.748674
v 27.106836 17.067282 21.357838
v 26.918982 17.451189 21.164618
v 26.962791 17.028564 20.990635
v 32.538830 17.629663 22.583506
v 25.698977 15.057429 23.023560
v 31.126463 10.977531 16.572504
v 30.689226 22.004690 22.513643
v 29.922668 12.338223 24.746164
v 29.394310 11.988362 24.654619
v 33.168720 15.263191 22.903822
v 31.780678 18.968468 22.412935
v 33.328453 20.114260 20.704788
v 29.769178 23.235897 22.015312
v 33.081779 15.471132 15.448009
v 33.083755 14.642111 15.379333
v 30.127668 17.011637 24.792288
v 27.800583 14.129755 19.800941
v 29.029348 16.481171 25.521908
v 30.380516 24.280300 21.437834
v 26.898886 19.771212 16.842813
v 31.405027 15.495176 25.062632
v 31.565809 15.727325 24.886494
v 28.468515 18.567997 22.627401
v 26.195370 20.337362 17.665039
v 32.875519 19.017012 21.496546
v 27.524508 23.773573 20.359657
v 28.117617 14.503211 14.097257
v 28.545221 16.312695 25.758774
v 25.436659 13.712029 22.932741
v 33.443207 18.046896 20.464546
v 33.563454 17.348141 20.562469
v 28.247484 18.104858 22.570034
v 33.569084 16.926884 21.003334
v 32.446693 25.836960 16.475855
v 32.351875 26.177362 16.702103
v 31.244299 24.802870 21.038973
v 33.303158 20.880531 16.785973
v 33.166260 20.398317 17.012314
v 33.120789 20.519081 16.600424
v 33.269260 19.487839 20.796663
v 31.340189 10.670934 15.466599
v 31.610146 10.893923 15.450188
v 31.292831 10.725063 15.799291
v 31.287277 12.260964 13.446167
v 32.685875 13.491718 21.923658
v 26.459797 13.619029 21.859135
v 32.272659 11.787139 16.518929
v 26.898260 16.604122 19.488953
v 27.590048 17.662741 22.049429
v 26.756807 16.324657 23.630390
v 26.707119 16.323505 23.868238
v 26.478954 21.699810 17.513628
v 32.851097 14.639054 14.994653
v 32.646324 14.014433 14.732617
v 32.573555 14.513930 14.657119
v 33.438110 18.468893 19.980783
v 27.990393 23.571602 21.007839
v 26.184767 18.293264 20.786636
v 26.354836 17.782450 20.576523
v 26.586132 17.837891 20.986738
v 31.563055 11.200448 16.486244
v 28.361719 14.192694 27.035511
v 33.043468 13.820139 15.394301
v 33.199223 14.141488 15.683485
v 27.869583 14.376380 17.330286
v 28.404402 13.865616 13.405283
v 28.006657 14.035067 13.764013
v 29.160971 12.962039 20.499950
v 29.542526 12.953429 20.213711
v 27.593245 14.922461 18.763582
v 28.813833 13.144174 20.291708
v 27.979677 13.381868 13.213119
v 33.565254 21.809347 18.106049
v 28.326294 20.900032 22.666533
v 28.549316 11.631547 23.890703
v 27.738905 25.342995 16.891155
v 27.309853 17.323923 17.619644
v 26.813107 18.452394 21.556389
v 27.025604 15.347345 20.299746
v 26.637390 16.339996 24.435701
v 30.571333 16.870703 24.850592
v 28.561569 26.263264 16.337841
v 30.301834 26.499239 19.690861
v 33.833191 16.638784 19.061737
v 33.898026 16.294193 19.663738
v 28.894068 25.678835 15.307847
v 29.266111 25.967373 15.221199
v 28.205660 15.786648 15.734923
v 32.919144 22.834648 15.977263
v 32.674042 22.976528 15.715178
v 27.730040 23.486435 15.753964
v 27.043648 13.229676 15.479123
v 30.761236 24.298809 14.645780
v 26.799219 16.354860 23.349968
v 25.731113 15.156837 25.187851
v 25.501549 14.712037 24.842251
v 25.854120 14.565001 25.565401
v 33.415184 17.183084 17.834608
v 27.860424 14.433247 17.048134
v 32.930042 12.721483 16.884510
v 33.072361 12.960147 16.527740
v 33.156860 13.089288 17.028294
v 27.773153 12.898646 13.305828
v 28.071218 12.686440 13.011414
v 33.192493 19.777845 20.971378
v 26.766663 14.391195 21.214403
v 27.639811 14.089259 16.418491
v 30.643124 18.763313 22.946188
v 31.134203 18.341972 23.068075
v 28.327759 13.484625 13.142725
v 33.591900 14.494967 20.846334
v 28.361818 17.088459 24.253912
v 28.649429 16.979757 24.641550
v 28.937717 17.134914 24.454123
v 32.593285 26.368708 18.594669
v 27.472258 22.481813 15.957251
v 29.781048 22.433552 22.463764
v 29.311270 22.361322 22.436995
v 30.655237 10.613913 16.357361
v 30.740707 10.833742 16.657213
v 30.421583 10.791599 16.746572
v 33.006821 15.370456 23.236240
v 30.579372 10.411191 16.050634
v 30.765160 10.345842 15.664001
v 30.881241 10.521303 15.954551
v 33.206585 20.288250 17.413319
v 33.346035 20.736919 17.223156
v 29.225702 19.217165 22.825758
v 26.535055 21.386656 17.314392
v 25.854958 18.584059 20.390892
v 26.047176 18.119411 20.404238
v 27.039888 16.640526 21.222513
v 29.784201 11.076612 17.124958
v 25.791672 13.974380 22.443195
v 26.256575 19.260843 21.168032
v 26.552004 19.806488 21.526363
v 26.428564 15.883636 22.981548
v 26.452423 15.875463 22.787430
v 31.537775 18.878426 16.567883
v 31.732281 19.245888 16.234299
v 31.272369 19.186117 16.090073
v 31.113888 18.733004 16.526392
v 27.958670 19.562269 22.528448
v 29.389414 16.742121 15.368640
v 29.481588 17.071154 15.753562
v 29.965799 17.153742 15.609967
v 33.524944 17.831287 20.069181
v 27.004908 19.155422 16.906672
v 32.484150 12.660256 18.226398
v 32.115108 12.501467 18.379581
v 28.568604 19.593597 22.722151
v 27.010946 16.346128 25.192369
v 27.797337 14.457910 16.659592
v 26.975780 19.593859 21.939026
v 28.734951 24.007208 21.169113
v 32.267967 19.574772 16.237589
v 28.699739 12.094429 12.718180
v 28.090565 17.264526 23.476934
v 29.807028 11.739812 17.809528
v 29.928875 16.767832 25.073797
v 33.626678 14.701317 16.467539
v 32.934410 18.330647 21.599659
v 31.750599 22.865110 14.986061
v 28.597069 18.032858 22.875992
v 28.181215 17.812916 22.674177
v 28.321499 17.719990 22.944471
v 30.006607 23.585876 21.821476
v 25.350445 14.220757 24.443928
v 31.331942 22.620855 22.033386
v 27.049906 13.356287 21.546730
v 31.099899 27.053810 18.831188
v 31.011896 27.160423 18.411137
v 30.691271 27.109974 18.599789
v 33.113358 13.268906 18.623793
v 33.392872 23.249474 17.701244
v 26.865288 17.913807 21.367994
v 33.152813 19.134041 21.056992
v 33.442135 22.862459 18.250031
v 27.328985 14.379514 27.054735
v 30.858355 19.376223 15.731845
v 29.087570 22.784166 22.154350
v 29.537207 22.833153 22.227827
v 33.456623 18.272879 19.595613
v 30.393885 19.266579 22.852045
v 33.316059 18.384565 20.806911
v 32.482410 22.264879 15.343019
v 33.352291 22.870872 17.112453
v 27.667543 14.718238 18.553751
v 33.286407 16.109440 16.381336
v 27.962378 13.660494 13.461355
v 28.161425 20.208563 22.652914
v 27.837898 20.814960 22.493023
v 33.217846 13.644734 15.965177
v 33.071289 13.443286 15.611348
v 27.850555 25.620804 17.189753
v 26.984362 14.868687 20.594942
v 30.256018 17.258820 24.534721
v 29.167963 18.447924 16.268263
v 28.748926 18.159613 16.437441
v 28.897818 18.788050 16.119001
v 26.715631 22.093273 17.088688
v 29.374866 18.175228 16.397949
v 33.723377 17.018497 19.295053
v 33.630127 17.383146 19.510923
v 30.503010 12.429029 21.429792
v 27.220884 12.752530 14.662878
v 27.691372 22.328539 15.698296
v 31.296524 24.234531 14.870190
v 26.526901 16.060438 23.268833
v 27.623468 13.704771 27.135569
v 30.042990 26.850386 18.871185
v 31.302837 15.973588 25.016260
v 29.078812 12.265671 21.918165
v 25.978022 20.209492 18.061152
v 27.914274 14.069192 17.552567
v 27.854563 12.947083 13.164834
v 31.260458 21.245996 22.451605
v 31.192867 21.973122 22.319738
v 30.892202 21.524576 22.574619
v 25.610836 18.931934 19.541090
v 30.226902 11.041293 17.107981
v 30.085518 11.376120 17.471119
v 29.896017 11.202991 17.275921
v 29.044664 10.323435 15.811718
v 29.970383 22.898436 22.244888
v 30.204445 10.081172 15.775670
v 30.183960 10.289416 16.102398
v 30.032438 10.260296 16.148603
v 31.284700 16.575636 24.749161
v 31.232641 16.932655 24.515083
v 31.045998 16.817781 24.715836
v 26.524387 18.945408 17.384905
v 32.794979 12.845711 18.029921
v 31.375017 11.563024 17.273119
v 32.609970 25.915701 16.735657
v 30.841074 21.878630 14.665998
v 26.980051 16.305592 20.797262
v 26.983936 16.633793 20.864035
v 28.778564 26.259514 15.974690
v 33.572849 17.336477 18.666143
v 29.976839 9.972880 15.623490
v 25.691975 19.562286 18.781731
v 28.564116 22.175362 22.338057
v 28.912962 22.382116 22.342518
v 28.648670 22.693134 22.062071
v 27.921797 14.088959 18.244352
v 28.232164 13.491468 18.306803
v 28.045130 13.934708 18.715202
v 33.038040 18.730644 21.316656
v 29.858738 13.725946 26.182337
v 28.985504 18.774916 22.793715
v 28.386753 12.453552 12.786571
v 28.581869 26.433161 16.737833
v 28.648642 25.776646 15.645764
v 29.484241 16.641596 25.283630
v 27.570812 17.079838 17.512445
v 33.021595 17.994598 17.840345
v 26.668880 19.321579 17.124096
v 32.238991 13.995714 14.314564
v 25.822828 20.131191 18.444674
v 25.719103 20.092529 18.825710
v 28.862682 18.398266 22.836084
v 25.980165 18.925055 20.745205
v 26.241606 18.675690 21.075195
v 27.374050 13.277838 13.870669
v 27.327730 13.439082 13.993725
v 27.469118 13.278798 13.655268
v 29.807440 12.775208 19.158190
v 29.767159 12.909741 19.537077
v 31.677065 11.474753 16.855415
v 27.529432 15.097651 18.943480
v 31.315323 11.332985 13.829714
v 30.532690 19.588541 15.446661
v 28.022459 25.684752 18.193754
v 26.405745 16.232178 24.275236
v 26.516294 16.230206 23.972065
v 27.302368 23.094933 20.724743
v 27.435055 12.703648 14.136527
v 29.789532 19.500420 22.881172
v 30.204594 19.696270 22.863668
v 31.472593 26.925127 17.212103
v 31.824448 26.755199 17.266159
v 33.239853 18.921846 20.889431
v 32.505154 12.820847 18.691086
v 28.282602 12.851575 17.595722
v 29.209541 13.079972 26.326885
v 32.927063 20.039219 16.840960
v 32.964081 23.686285 16.518555
v 32.966789 24.396507 16.690763
v 33.093025 24.754345 16.944094
v 28.076412 22.922071 15.324475
v 30.388960 17.492266 16.086742
v 29.786144 17.345938 16.011034
v 32.785931 23.939697 16.298885
v 27.342478 15.574397 19.253412
v 30.565847 24.774281 21.159834
v 31.143309 12.694050 23.843868
v 30.974737 19.049721 22.749374
v 33.074562 19.551498 17.970377
v 30.995440 11.453773 13.416639
v 28.108442 11.655853 23.503996
v 27.398588 13.026454 26.852903
v 30.294125 10.189983 14.175955
v 27.812042 12.244115 13.892458
v 30.365671 9.999977 14.814076
v 29.761948 11.562870 12.693979
v 30.101553 14.205065 26.120070
v 28.491095 18.624035 16.298935
v 32.504879 18.454872 17.433023
v 33.049442 23.934071 16.756018
v 32.902809 24.072483 16.527805
v 30.523371 13.631477 25.622564
v 28.869612 17.890167 23.240566
v 31.965021 21.250330 22.029419
v 31.624914 21.572004 22.188772
v 26.985119 13.645744 21.363977
v 28.791862 12.972233 20.704260
v 33.893726 15.985371 20.395943
v 30.422306 12.747787 20.355322
v 26.300266 14.013341 21.924574
v 28.208691 23.386425 15.242142
v 26.052822 15.140743 25.751150
v 30.200949 23.283842 22.020155
v 28.122715 14.426870 27.096102
v 33.256683 14.893020 15.697828
v 31.023514 19.945139 15.114096
v 33.400631 23.702942 17.706818
v 29.629889 13.340066 26.184599
v 28.001286 23.572397 15.461349
v 27.286713 15.931471 19.004198
v 25.546232 14.229240 25.057426
v 28.293135 24.353809 15.356361
v 32.902954 14.232538 22.919767
v 30.167763 9.923043 15.176214
v 29.303579 10.830969 16.910387
v 29.743273 10.434426 16.453644
v 31.015215 10.733510 16.247963
v 28.709692 12.225415 12.634086
v 28.253496 11.965734 13.396152
v 26.508904 18.294201 21.205902
v 29.033371 12.197027 12.499561
v 31.437469 10.954383 16.144964
v 29.899290 12.908208 19.860468
v 27.048449 22.840477 20.574518
v 32.094032 26.656387 17.580809
v 33.429554 23.004564 17.942715
v 33.436283 23.334700 18.102531
v 30.344433 17.760723 16.425802
v 30.005693 17.591431 16.282278
v 27.505577 13.072860 13.676412
v 31.117519 12.591903 21.259386
v 33.486599 21.143589 19.755737
v 33.164177 21.549070 20.906340
v 30.952763 10.388270 15.212403
v 30.655247 10.202641 15.383287
v 32.538551 16.567842 15.264448
v 31.387197 12.604043 21.979675
v 30.936445 12.477179 21.695665
v 31.176352 14.011828 25.198940
v 27.163546 17.884916 17.378929
v 32.148273 24.505754 15.592197
v 32.383614 24.119787 15.778463
v 32.362656 24.636129 15.893708
v 31.941038 26.286179 19.661055
v 33.022232 20.595081 16.214693
v 26.601749 22.104086 17.342144
v 26.767843 18.757545 17.236778
v 27.086241 18.502172 17.105886
v 30.175982 19.532619 15.524096
v 29.028929 12.861376 18.763287
v 33.089596 17.614014 17.672197
v 31.567297 17.586315 23.599600
v 31.506533 24.599272 15.048422
v 29.413490 11.882674 17.832590
v 33.173122 18.499153 21.122089
v 27.591194 13.121930 13.485371
v 27.673052 13.152839 13.355652
v 30.566620 17.581280 24.152796
v 30.932610 17.246223 24.393221
v 25.348875 14.183043 23.172100
v 30.812189 16.464069 25.075190
v 30.909500 16.650824 24.899857
v 27.907875 17.511536 22.665676
v 27.897327 17.672075 22.437565
v 25.984566 20.564571 18.162804
v 31.535557 11.870557 17.650572
v 29.998552 26.517282 15.410133
v 25.550947 15.136482 23.400707
v 25.362566 14.713432 23.535973
v 32.329964 16.377197 23.882847
v 26.864330 13.422020 21.634722
v 29.747524 10.171318 16.128225
v 30.007704 10.104329 15.941370
v 28.923737 11.824481 23.432085
v 29.972788 12.127368 23.823675
v 30.466652 12.428449 24.122801
v 30.988001 16.088020 25.188883
v 26.600471 21.807079 17.268724
v 30.971304 25.068409 20.961372
v 30.974821 24.678482 21.174648
v 31.175484 16.397243 24.920713
v 31.070936 16.231230 25.065983
v 26.140490 21.014568 18.030737
v 29.264528 16.925913 24.877493
v 30.111067 17.856052 23.850746
v 29.459311 10.252218 16.270929
v 32.056324 16.828415 14.997109
v 33.371029 18.573027 19.144100
v 31.042398 12.534054 23.499151
v 31.298494 12.632768 23.353163
v 31.238556 15.517413 25.192518
v 31.188322 15.846562 25.139709
v 25.784407 15.578861 24.891880
v 25.705721 15.602631 24.299051
v 25.341541 13.670070 24.063160
v 26.649462 12.249720 22.748596
v 27.632805 23.346769 20.884216
v 25.714907 15.544622 23.745502
v 28.319590 15.164557 26.804207
v 28.036835 15.398730 26.711134
v 32.682407 16.332361 23.466789
v 30.365833 22.943108 22.209347
v 29.004372 11.754919 24.267822
v 26.611423 15.806319 26.006031
v 32.724743 22.238022 21.199875
v 32.948265 20.259102 16.450096
v 31.203394 10.605066 14.876634
v 31.253536 10.601783 15.231301
v 31.964993 11.372249 14.766404
v 29.424767 20.453279 14.964284
v 33.418121 24.235552 17.675257
v 28.065447 12.538498 21.855009
v 28.154987 12.320898 22.174761
v 25.668859 18.810802 19.973892
v 27.749363 13.917990 16.718323
v 31.795063 11.774058 17.257069
v 29.221432 21.962107 14.692786
v 31.496008 10.785480 15.239012
v 31.784159 11.081037 15.064275
v 28.602669 11.597079 24.230814
v 29.290161 12.416171 12.513113
v 29.653111 12.559103 12.613774
v 28.867344 23.772572 21.379526
v 26.736183 22.481863 17.120228
v 29.086433 13.005123 19.139423
v 27.963800 22.440908 15.424677
v 27.484226 12.339602 14.534646
v 27.538795 12.012064 15.020263
v 28.540615 17.246481 24.008343
v 28.524364 12.435987 17.654680
v 30.288774 22.251369 14.567513
v 32.137482 26.673107 18.552114
v 31.625620 26.953112 18.507523
v 31.899170 26.815020 18.059637
v 31.435560 27.034307 18.010696
v 28.209835 16.981821 24.422731
v 27.868473 16.901672 24.317530
v 33.515701 21.894066 18.612411
v 31.674765 11.642071 14.040616
v 32.062168 11.995169 14.353638
v 28.416010 13.049661 20.797308
v 28.305443 12.230534 17.395681
v 33.293438 24.519663 17.300604
v 26.711540 21.701178 17.063124
v 33.457348 22.716000 17.958418
v 30.708666 27.189720 18.115446
v 29.422113 11.946707 23.377550
v 29.695789 12.014745 23.142471
v 29.947659 12.075779 23.514675
v 30.626593 11.683994 17.742020
v 28.435600 12.763127 21.235390
v 27.374125 15.752975 18.842928
v 32.884628 13.785644 22.104780
v 32.617661 13.476748 22.251057
v 29.537119 13.959119 26.438023
v 29.333582 13.498118 26.442829
v 31.157570 24.399563 21.263308
v 32.681877 12.943685 14.930716
v 28.979963 13.721107 26.697613
v 28.647594 13.964359 26.901382
v 28.140751 13.028516 21.001528
v 30.946440 16.530455 14.445982
v 31.523211 16.827898 14.724448
v 31.538351 16.512760 14.463188
v 32.282341 13.373576 14.344408
v 28.890118 11.897842 17.578726
v 33.028732 13.047982 15.777103
v 28.377657 16.811077 16.687223
v 27.998083 12.706046 21.621510
v 29.368908 21.586430 14.683962
v 29.064140 21.581738 14.775545
v 33.207108 22.771444 16.516249
v 33.008896 23.001514 16.230103
v 32.356426 26.159241 19.435427
v 32.959934 21.890224 21.062281
v 29.459505 25.718605 14.973891
v 29.828695 25.634584 14.868257
v 28.548914 10.736887 15.345062
v 31.689602 12.733838 22.239679
v 31.499102 26.372246 19.780039
v 33.513908 17.266855 18.207228
v 31.921503 16.119122 14.480588
v 26.142462 21.229240 18.249552
v 27.422812 18.905979 16.715740
v 29.519571 15.443639 14.036747
v 29.629486 15.966628 14.336487
v 27.504175 14.621986 27.114143
v 32.793179 12.709593 17.560326
v 32.574184 12.381409 17.247711
v 28.774025 14.375834 26.859724
v 32.528965 15.962358 23.830439
v 32.837254 15.763984 23.451628
v 28.140276 12.752928 26.739218
v 25.330318 13.674158 23.390884
v 25.276346 14.207967 23.756138
v 31.975626 21.784491 21.923529
v 28.782215 11.922744 22.961464
v 26.315886 15.626710 22.771935
v 26.205601 15.385900 22.735678
v 26.152136 15.044181 22.487680
v 33.500599 14.577304 16.191769
v 33.377502 18.319908 18.991781
v 28.429729 17.621136 16.716188
v 31.362307 15.202242 25.145153
v 31.273071 27.117447 18.313581
v 31.049938 27.160170 18.012613
v 28.784557 13.221354 26.641768
v 29.926260 19.833963 15.263744
v 30.270422 19.796127 15.242747
v 33.016460 19.965990 17.279306
v 29.685417 20.146317 15.072474
v 29.283924 20.124220 15.186568
v 32.278015 12.701124 14.416801
v 33.281826 17.788309 18.173035
v 33.264957 17.602100 17.936323
v 27.546503 22.961134 21.143902
v 33.208549 19.945213 18.030367
v 29.643187 20.824659 14.777587
v 29.877542 20.480629 14.852012
v 29.978252 12.843265 20.264973
v 30.270359 17.545847 24.230682
v 30.678001 17.145643 24.569921
v 29.129904 11.975363 22.855930
v 30.339924 20.518974 14.778266
v 30.174471 20.121477 15.001382
v 32.535500 12.067737 16.447634
v 32.026356 19.332724 16.339975
v 28.268890 13.386865 20.340397
v 28.544294 13.187359 20.451925
v 27.385595 18.188335 17.042103
v 26.736961 21.915972 20.877380
v 26.635187 22.200087 20.293955
v 32.315834 23.129469 15.405545
v 33.337570 20.356369 18.041845
v 30.314734 27.043125 18.600286
v 28.089592 18.497038 16.511162
v 30.142260 12.633157 25.050404
v 26.286655 15.971496 23.587278
v 26.224657 16.061718 23.965771
v 29.901724 17.551950 24.199039
v 27.451971 15.375867 18.959671
v 33.477356 17.931259 19.173857
v 28.786816 12.873569 18.483351
v 33.542206 17.785786 19.627640
v 29.695398 26.101896 15.139680
v 30.862602 26.926731 19.122948
v 27.357317 13.594748 14.031819
v 27.434828 13.854458 14.173286
v 25.610378 19.529196 19.205866
v 28.994131 26.738590 17.425903
v 28.469685 24.933529 15.356955
v 31.159201 18.655605 22.824392
v 29.158110 14.188561 26.668987
v 26.079138 21.255247 19.609695
v 28.724243 12.353227 12.574918
v 32.909481 13.180511 15.296740
v 25.754971 15.417882 23.344246
v 31.352976 26.921619 16.839516
v 32.687607 12.369337 16.831306
v 32.805065 12.608660 17.170019
v 31.008896 20.289045 14.868802
v 33.448296 18.175543 19.294741
v 30.331461 9.974560 15.330838
v 30.824932 12.392184 22.103466
v 30.244635 12.299983 21.824776
v 30.785437 17.220621 15.502878
v 31.107149 16.051975 14.210528
v 28.993996 19.311193 15.802973
v 29.040796 19.681515 15.550556
v 29.359875 19.481058 15.632318
v 30.236801 12.170840 23.393044
v 29.051378 12.359219 12.483313
v 31.643814 26.900425 17.611008
v 32.592770 22.621054 15.512890
v 33.407085 24.779486 17.650860
v 33.330044 23.351326 19.330173
v 33.378185 23.825945 19.045147
v 31.305847 12.547902 22.346575
v 26.122402 15.663704 23.229296
v 25.988911 15.743188 23.561821
v 27.496435 13.346801 13.631413
v 28.809616 17.475969 23.789320
v 32.403919 12.055657 16.857147
v 28.538338 13.155169 18.521101
v 30.653250 26.307201 19.968151
v 31.148064 26.153896 20.101725
v 31.017399 26.599070 19.621315
v 30.596418 12.300514 23.268183
v 30.724686 12.415097 23.647963
v 28.728592 20.296844 15.313118
v 28.751493 12.157661 17.678400
v 27.802376 14.375342 18.509354
v 27.838524 25.366428 18.538855
v 30.503263 10.961723 16.960871
v 31.113054 13.366949 24.833733
v 29.581165 22.030914 14.600639
v 29.741486 21.644691 14.617364
v 30.822374 17.762371 16.468868
v 28.430046 13.419308 18.812449
v 29.168633 18.175823 23.143904
v 32.557472 22.207552 21.392914
v 32.720142 25.021893 19.823940
v 25.724306 18.442169 19.754059
v 29.625179 12.129999 22.282026
v 30.082876 12.133602 22.601570
v 29.652576 12.062091 22.575794
v 30.590038 26.719185 19.443336
v 30.457932 26.945044 18.975763
v 28.500494 13.461169 19.596106
v 28.820465 12.840766 26.433109
v 30.852524 20.961004 22.671627
v 33.354530 14.383294 15.955628
v 31.333988 17.483276 23.911497
v 27.640829 24.425098 19.881199
v 29.285088 18.962633 15.985319
v 33.743855 14.851256 20.769590
v 25.860317 18.252903 20.074869
v 27.999395 12.439497 26.593353
v 27.905083 25.667332 17.623659
v 28.074396 17.522736 16.930317
v 27.756016 17.442657 17.169264
v 26.919680 23.869280 18.243929
v 32.773159 12.366505 15.790270
v 26.976568 16.261189 21.087860
v 26.185768 14.903608 22.292736
v 26.937281 21.172789 16.743065
v 29.607470 17.483179 16.255587
v 27.858614 18.963999 16.426785
v 31.242029 25.689295 20.495241
v 29.410263 26.922796 17.624695
v 27.696247 12.807425 13.492126
v 33.627556 15.232222 16.470642
v 33.889538 16.239489 20.109499
v 26.829517 14.851855 20.970852
v 27.515259 17.450609 17.341549
v 27.383963 17.710918 17.291075
v 27.606649 17.828165 17.073837
v 27.852026 13.948095 16.949965
v 32.196720 19.285259 16.612894
v 31.290243 13.815673 24.983307
v 31.412996 13.615708 24.735813
v 29.207817 25.871111 19.898869
v 31.036112 14.181393 13.598775
v 30.768419 14.683712 13.690053
v 26.452135 16.248064 24.688110
v 31.906050 14.548315 24.645947
v 32.896179 12.846571 15.484365
v 28.767416 12.486161 12.542768
v 30.023674 12.104273 22.948870
v 31.290340 27.087841 18.608845
v 31.096668 17.491587 16.122557
v 26.519119 16.137880 23.588995
v 26.327833 15.859068 23.273434
v 28.022650 13.757371 17.874874
v 27.835913 14.328980 17.882442
v 29.310488 16.220020 14.793112
v 32.013012 22.311190 21.750870
v 32.328323 22.298094 21.542801
v 32.121979 22.719337 21.513599
v 26.692196 19.085588 21.619734
v 32.610458 18.850086 17.493858
v 27.710384 14.668533 18.217707
v 30.153185 22.574968 22.410507
v 32.879662 13.479784 15.126660
v 32.911663 14.019868 15.106245
v 26.033535 15.348300 22.934418
v 25.908760 15.404480 23.124720
v 31.769310 12.168346 13.927625
v 31.346970 11.754803 13.614566
v 31.892872 12.030716 17.632454
v 28.744783 14.946339 14.031399
v 32.565273 24.803391 16.209038
v 32.522034 25.360867 16.327822
v 32.812744 24.948717 16.574751
v 26.472034 18.729204 21.352831
v 33.993816 15.816044 18.878695
v 28.472397 12.801016 26.604174
v 30.642429 20.208437 14.898561
v 30.575340 19.884041 15.138607
v 29.291332 18.604181 22.925133
v 28.517574 17.597132 23.337420
v 32.373226 13.265602 22.488926
v 29.909407 17.751459 23.962831
v 28.140499 12.743437 12.904064
v 31.177389 27.086750 17.557571
v 30.925066 12.393030 22.822304
v 31.315338 12.559441 22.702265
v 32.816872 17.143023 22.638609
v 27.684013 14.140373 14.166131
v 29.033316 26.170177 15.570671
v 31.477083 26.929247 18.942560
v 32.303661 26.463295 19.009256
v 30.081257 10.023896 14.653513
v 28.427395 12.540743 12.711051
v 28.252283 11.135448 15.002734
v 28.611338 26.492155 17.198111
v 31.196098 19.587788 15.533031
v 30.840170 19.671091 15.359406
v 30.190248 25.489611 20.698696
v 32.970486 14.133103 22.581184
v 32.667881 13.765169 22.899719
v 32.720272 13.686434 22.503723
v 32.515503 21.985863 21.493423
v 28.113853 25.646021 18.679808
v 27.156359 24.133095 18.994938
v 27.129637 13.129381 16.013308
v 31.357037 15.434381 14.083307
v 29.352398 12.129723 12.504759
v 30.877663 12.968285 24.645504
v 29.965685 16.470623 25.398483
v 29.064222 18.031130 16.442904
v 30.074032 16.839527 15.061863
v 30.534931 10.071198 15.097931
v 27.770655 14.450286 18.800385
v 26.282093 14.020701 26.151304
v 28.794241 25.187000 15.140088
v 33.691898 14.409586 20.163630
v 33.164768 14.603032 22.569780
v 32.911736 25.141912 19.531672
v 29.694241 12.280412 25.004938
v 29.191881 11.961308 24.975536
v 31.086231 15.556698 25.305441
v 30.760069 27.196823 17.690763
v 33.496315 20.980022 19.385439
v 28.186569 17.233480 16.942118
v 29.206591 12.104953 22.325388
v 27.224339 13.640791 14.461353
v 27.215513 13.442994 14.329283
v 27.531914 24.982111 18.411257
v 27.665926 25.281879 17.919815
v 32.878906 12.635983 15.657830
v 32.528042 25.744747 19.653934
v 28.361799 25.286406 15.665364
v 28.614422 25.377098 15.400759
v 32.685677 26.133858 19.013084
v 26.868515 16.043966 25.858324
v 28.083485 25.936697 17.314457
v 29.737183 14.451988 26.361353
v 30.810749 13.557388 13.318544
v 27.073883 22.208071 21.215622
v 29.931458 22.130707 14.561151
v 29.937216 10.519298 16.488035
v 32.651802 12.164533 16.079090
v 26.182138 15.522737 22.969585
v 29.034924 12.026674 17.773819
v 33.922935 16.311939 18.857546
v 30.835848 12.589832 24.012678
v 30.379837 12.280469 23.770424
v 29.479473 21.196625 14.722638
v 32.809772 22.128031 15.617718
v 27.887976 12.702116 26.793079
v 25.684494 20.123014 19.201588
v 28.016457 21.476278 22.411280
v 31.433342 17.081011 24.241583
v 31.589306 17.260494 23.947098
v 27.636068 12.668323 13.720109
v 30.405769 25.846048 20.414881
v 30.862617 25.840881 20.426336
v 30.358955 10.342789 16.085793
v 33.342651 13.389730 17.171995
v 33.467499 22.637882 17.697884
v 32.066250 11.754669 16.859364
v 31.068626 10.508178 15.567682
v 33.329662 25.299114 17.658541
v 33.237099 25.053642 17.275133
v 33.058159 14.121155 22.242521
v 30.365730 10.574329 16.442871
v 30.539919 10.254642 15.768050
v 31.265902 12.968473 24.202717
v 33.155468 16.134645 16.117342
v 28.013271 19.419502 16.154232
v 26.915051 15.317633 20.681904
v 32.806835 12.465230 16.462521
v 30.403444 10.132101 15.644176
v 31.145557 17.345711 24.188503
v 31.618982 19.533045 15.762540
v 32.766895 24.405739 16.395447
v 33.239368 20.203779 17.743027
v 32.817570 17.543022 22.260509
v 33.390476 15.031576 15.944176
v 30.857763 12.370208 22.477325
v 25.950527 15.874028 24.086966
v 31.313450 17.679054 16.502806
v 29.898029 12.558625 25.252876
v 27.571056 21.395061 22.190289
v 29.530970 19.839489 15.329399
v 26.173607 17.786705 20.166082
v 29.135872 26.029696 19.621187
v 31.011717 25.465984 20.708427
v 31.279520 26.806608 19.287289
v 29.456316 12.941391 19.367361
v 32.821892 12.987032 18.491201
v 30.126888 21.739943 14.594623
v 26.724073 21.290663 17.015242
v 31.939871 16.629019 14.673258
v 30.319946 21.336092 14.634190
v 29.901630 21.252954 14.653682
v 30.095097 20.876240 14.702498
v 30.856945 16.895510 14.859722
v 30.178301 16.458946 14.554285
v 30.291080 16.005075 14.189182
v 27.921993 17.932896 16.843018
v 28.297384 18.043846 16.621187
v 27.826851 12.780190 21.633579
v 32.736122 21.911247 21.311386
v 31.056326 17.685881 23.862333
v 27.517914 14.335998 27.149853
v 26.326679 15.728705 23.007135
v 27.711493 18.377584 16.757380
v 33.496876 21.306765 19.395844
v 29.665413 12.216275 21.955757
v 30.520073 12.246542 22.616543
v 30.240528 12.221060 22.272736
v 30.404766 11.153271 17.211943
v 30.488535 11.383218 17.434265
v 30.519558 12.247763 22.906984
v 30.965618 12.439048 23.158396
v 29.301613 26.311777 19.273369
v 29.979301 12.735058 20.625885
v 29.420359 12.021351 22.713932
v 26.905067 22.457109 20.692383
v 25.939362 20.955124 19.328773
v 26.199076 16.108858 24.419693
v 33.456787 22.008427 19.041307
v 30.507299 21.829660 14.615760
v 33.392345 18.837763 19.477068
v 32.656464 13.423509 14.794459
v 30.166065 9.959261 15.554110
v 29.216822 19.845655 15.390217
v 29.399864 10.487676 16.592804
v 27.405420 15.475112 19.098282
v 27.732986 14.782688 17.867640
v 28.561773 12.170171 17.535059
v 32.366283 16.418222 14.884143
v 26.089859 13.550004 25.882504
v 29.497189 13.003650 19.800425
v 26.046135 21.219841 18.861591
v 27.116018 13.392961 14.669226
v 30.538801 20.943005 14.681809
v 30.952642 10.749142 13.989957
v 27.506914 14.043155 27.135075
v 27.671387 14.017056 27.190008
v 27.571047 13.009817 21.512869
v 31.113764 10.651981 14.453849
v 27.862984 22.747688 21.584528
v 27.537725 13.368055 27.030725
v 32.203831 22.751179 15.233869
v 33.485733 24.465412 18.036472
v 33.102123 19.913834 17.656647
v 26.339806 14.672671 26.198908
v 26.738075 14.262734 26.615013
v 30.537848 12.605232 24.447229
v 27.205387 22.705473 20.969383
v 27.255693 24.580875 18.283192
v 29.931635 25.692673 20.456137
v 30.605997 25.386906 20.784739
v 30.330048 15.294300 13.871524
v 28.760960 13.091398 18.839867
v 30.890200 12.791471 24.353954
v 27.104769 24.216589 18.536655
v 25.844488 20.697788 19.062260
v 31.643354 22.204842 22.010931
v 31.205053 13.187472 24.557135
v 30.182154 26.704981 19.310352
v 32.585274 24.271471 16.096138
v 31.099440 15.787890 25.231039
v 33.489700 21.618177 19.118347
f 1 2 3
f 4 5 6
f 7 8 9
f 10 4 11
f 12 13 14
f 15 16 17
f 18 19 20
f 21 22 23
f 24 25 26
f 27 28 29
f 30 31 32
f 14 33 34
f 35 36 37
f 38 39 40
f 41 42 43
f 44 3 45
f 46 47 48
f 49 50 51
f 50 49 52
f 53 54 55
f 56 57 58
f 59 60 55
f 53 61 62
f 63 64 65
f 65 64 66
f 67 68 69
f 16 15 70
f 71 72 73
f 74 75 76
f 77 78 79
f 80 81 82
f 83 84 85
f 69 86 67
f 87 71 73
f 88 87 73
f 12 14 34
f 89 90 91
f 92 93 94
f 13 12 95
f 96 97 98
f 99 62 100
f 73 101 88
f 102 103 104
f 105 106 80
f 107 108 109
f 18 110 19
f 19 111 20
f 112 113 114
f 114 113 115
f 116 117 118
f 50 119 120
f 121 122 91
f 123 124 125
f 125 124 126
f 127 128 129
f 130 131 132
f 19 133 134
f 134 133 135
f 136 137 138
f 139 140 141
f 141 140 142
f 143 144 118
f 101 145 146
f 147 1 3
f 107 109 148
f 149 40 39
f 150 151 152
f 153 125 154
f 155 156 157
f 113 112 158
f 159 13 95
f 160 161 162
f 163 164 165
f 125 126 154
f 21 23 166
f 74 167 75
f 119 50 52
f 168 169 170
f 64 63 171
f 64 171 172
f 173 174 75
f 175 91 122
f 176 177 178
f 179 180 181
f 182 183 184
f 185 112 186
f 187 188 1
f 90 89 81
f 43 42 189
f 190 191 192
f 193 52 194
f 195 196 197
f 1 147 187
f 198 199 200
f 201 198 200
f 19 134 111
f 202 203 204
f 205 204 203
f 206 207 208
f 209 210 85
f 32 211 212
f 213 214 215
f 29 216 27
f 217 218 219
f 83 31 30
f 216 220 27
f 221 222 223
f 224 225 226
f 227 228 229
f 85 210 230
f 231 232 233
f 234 235 114
f 236 237 234
f 238 168 170
f 239 240 86
f 241 150 152
f 98 79 78
f 242 204 243
f 244 245 246
f 247 248 249
f 167 74 250
f 251 252 253
f 208 207 254
f 136 255 256
f 192 257 258
f 3 259 45
f 115 260 114
f 213 261 214
f 79 262 77
f 88 263 87
f 87 263 264
f 265 266 267
f 48 268 269
f 60 270 55
f 271 272 273
f 111 274 20
f 275 276 277
f 277 276 247
f 156 278 256
f 256 278 136
f 279 280 281
f 281 280 282
f 72 283 73
f 73 283 101
f 284 285 286
f 287 250 288
f 218 289 290
f 106 291 292
f 293 116 294
f 236 168 237
f 295 296 297
f 131 298 132
f 299 300 301
f 200 302 201
f 303 304 305
f 79 98 97
f 24 306 25
f 307 308 309
f 18 310 264
f 82 311 80
f 47 312 313
f 296 295 314
f 65 238 63
f 32 315 30
f 316 317 318
f 299 319 300
f 299 320 319
f 321 322 323
f 324 325 326
f 170 327 328
f 328 327 329
f 330 331 332
f 333 334 273
f 335 336 337
f 338 339 340
f 203 341 205
f 157 259 342
f 79 97 262
f 104 231 233
f 343 104 233
f 260 236 234
f 114 260 234
f 344 345 346
f 347 348 191
f 157 342 155
f 225 224 349
f 85 230 350
f 351 352 353
f 53 62 354
f 54 53 354
f 170 169 327
f 355 356 357
f 32 358 315
f 359 360 246
f 361 359 246
f 360 359 362
f 267 363 364
f 265 267 364
f 184 365 366
f 278 156 155
f 140 139 178
f 177 140 178
f 72 367 283
f 242 243 368
f 369 370 371
f 372 45 259
f 157 372 259
f 373 374 375
f 250 287 376
f 167 250 376
f 122 121 377
f 378 379 296
f 215 380 381
f 52 49 382
f 194 52 382
f 88 101 146
f 383 101 283
f 384 385 386
f 387 188 388
f 147 3 44
f 389 147 44
f 390 72 71
f 219 42 309
f 18 264 263
f 110 18 263
f 32 212 358
f 391 338 340
f 211 32 31
f 392 393 339
f 220 216 394
f 149 395 257
f 192 149 257
f 396 397 398
f 399 400 401
f 364 363 402
f 403 404 405
f 406 407 408
f 409 406 408
f 82 410 311
f 22 21 230
f 210 22 230
f 264 310 411
f 412 413 414
f 112 114 235
f 186 112 235
f 194 415 193
f 100 416 417
f 418 100 417
f 53 55 270
f 61 53 270
f 419 234 237
f 420 329 421
f 422 420 421
f 70 423 424
f 425 426 427
f 428 425 427
f 425 429 430
f 431 301 300
f 432 431 300
f 433 205 341
f 434 433 341
f 92 435 436
f 437 172 171
f 318 317 438
f 36 35 439
f 204 205 243
f 301 431 440
f 322 321 441
f 94 93 442
f 443 444 282
f 280 443 282
f 445 446 447
f 448 449 450
f 451 150 239
f 144 294 116
f 407 452 408
f 453 454 455
f 456 457 440
f 257 164 163
f 258 257 163
f 16 70 424
f 458 16 424
f 20 459 310
f 18 20 310
f 246 245 460
f 361 246 460
f 461 462 463
f 212 211 447
f 168 236 464
f 384 465 385
f 220 30 315
f 27 220 315
f 237 168 238
f 65 237 238
f 357 466 467
f 468 469 470
f 471 468 470
f 239 150 241
f 277 247 249
f 472 473 474
f 475 472 474
f 476 477 478
f 479 454 453
f 480 481 161
f 160 480 161
f 405 482 403
f 105 80 311
f 483 139 141
f 202 204 484
f 485 486 487
f 488 489 490
f 405 491 482
f 219 218 290
f 326 325 492
f 493 494 495
f 496 350 230
f 21 496 230
f 338 391 497
f 441 321 498
f 499 500 501
f 502 503 504
f 505 506 507
f 116 118 144
f 217 219 309
f 508 311 509
f 510 511 233
f 512 513 514
f 346 345 515
f 406 306 24
f 407 406 24
f 359 223 222
f 362 359 222
f 516 159 95
f 517 263 88
f 146 517 88
f 518 295 519
f 520 302 521
f 331 522 523
f 511 510 340
f 524 525 526
f 360 527 244
f 246 360 244
f 26 25 528
f 92 436 529
f 369 92 529
f 530 531 532
f 533 530 532
f 534 366 535
f 536 537 538
f 394 84 220
f 539 540 541
f 542 543 544
f 200 545 302
f 546 143 415
f 547 548 549
f 550 551 552
f 177 553 140
f 140 553 142
f 485 554 486
f 15 555 70
f 556 557 145
f 300 558 432
f 546 559 143
f 373 560 561
f 562 563 564
f 456 565 457
f 457 565 566
f 266 567 267
f 530 568 569
f 473 570 474
f 465 571 385
f 572 573 574
f 335 575 336
f 525 576 513
f 513 576 514
f 577 578 326
f 579 580 382
f 302 581 521
f 98 582 96
f 167 583 75
f 75 583 173
f 584 585 586
f 587 588 589
f 590 591 592
f 550 593 594
f 595 596 304
f 366 597 184
f 366 483 535
f 530 484 531
f 485 487 598
f 599 231 600
f 601 602 603
f 604 605 606
f 1 607 2
f 39 608 149
f 609 433 610
f 459 611 310
f 310 611 411
f 376 612 167
f 275 594 276
f 15 613 555
f 596 518 305
f 131 614 615
f 87 616 71
f 521 617 520
f 192 191 40
f 149 192 40
f 378 296 314
f 64 172 618
f 66 64 618
f 394 619 209
f 379 620 621
f 296 379 621
f 622 13 159
f 119 52 193
f 118 119 193
f 481 551 623
f 133 19 110
f 300 319 558
f 624 625 626
f 627 624 626
f 25 306 628
f 629 25 628
f 424 423 249
f 159 516 630
f 631 402 558
f 563 562 632
f 633 563 632
f 634 635 636
f 637 634 636
f 550 552 593
f 551 481 480
f 552 551 480
f 259 3 2
f 342 259 2
f 638 260 115
f 348 38 40
f 191 348 40
f 354 639 54
f 189 436 435
f 365 139 483
f 366 365 483
f 495 568 640
f 201 302 520
f 641 642 643
f 203 202 644
f 570 645 646
f 474 570 646
f 264 411 616
f 87 264 616
f 30 220 84
f 83 30 84
f 151 647 648
f 649 288 250
f 74 649 250
f 650 651 652
f 225 653 654
f 226 225 654
f 655 197 656
f 657 291 658
f 576 525 659
f 578 577 487
f 486 578 487
f 581 302 545
f 660 581 545
f 362 222 661
f 314 295 518
f 596 314 518
f 583 167 612
f 662 588 176
f 529 663 664
f 573 665 574
f 70 555 666
f 424 249 248
f 458 424 248
f 70 666 423
f 589 667 336
f 587 589 336
f 161 481 668
f 231 599 232
f 459 669 611
f 38 505 507
f 39 38 507
f 48 269 46
f 113 670 115
f 213 215 498
f 321 213 498
f 671 499 501
f 672 673 674
f 536 672 674
f 607 1 188
f 387 607 188
f 242 531 484
f 204 242 484
f 675 676 652
f 677 678 679
f 573 414 680
f 429 425 512
f 588 662 681
f 131 130 614
f 502 504 397
f 603 602 682
f 495 494 569
f 568 495 569
f 569 202 484
f 530 569 484
f 184 597 182
f 683 598 487
f 577 683 487
f 163 165 684
f 659 525 524
f 685 659 524
f 343 233 511
f 686 276 594
f 271 687 272
f 688 689 516
f 95 688 516
f 136 278 137
f 518 519 690
f 305 518 690
f 339 393 511
f 340 339 511
f 417 416 656
f 691 417 656
f 692 693 661
f 34 33 694
f 676 650 652
f 84 394 209
f 85 84 209
f 91 90 695
f 103 600 231
f 104 103 231
f 296 621 297
f 110 263 517
f 696 110 517
f 143 559 144
f 199 198 697
f 568 530 533
f 495 640 698
f 699 700 701
f 702 703 612
f 376 702 612
f 503 502 704
f 607 387 705
f 706 615 614
f 491 706 614
f 500 707 501
f 708 709 710
f 711 708 710
f 143 118 193
f 415 143 193
f 477 476 712
f 582 98 713
f 543 714 715
f 544 543 715
f 78 713 98
f 547 549 716
f 195 717 718
f 216 29 284
f 560 373 375
f 97 434 262
f 304 596 305
f 665 573 680
f 382 580 194
f 476 585 712
f 578 486 142
f 178 139 365
f 659 685 719
f 720 721 676
f 507 608 39
f 698 493 495
f 412 414 573
f 722 723 724
f 229 725 726
f 144 559 727
f 728 284 286
f 648 647 729
f 730 532 531
f 346 515 731
f 732 733 734
f 735 201 520
f 721 720 736
f 561 560 737
f 738 576 659
f 373 739 740
f 564 741 742
f 743 564 742
f 744 173 745
f 746 747 748
f 749 624 627
f 578 142 750
f 326 578 750
f 751 752 753
f 313 754 47
f 217 755 218
f 756 757 758
f 196 691 197
f 197 691 656
f 282 735 281
f 293 294 352
f 759 760 466
f 672 761 673
f 638 464 260
f 260 464 236
f 352 727 353
f 170 762 238
f 226 763 224
f 764 765 766
f 657 767 291
f 291 767 292
f 23 768 166
f 465 769 770
f 771 772 479
f 327 773 329
f 587 774 588
f 588 774 176
f 523 592 775
f 776 767 657
f 777 778 126
f 96 610 97
f 115 779 638
f 125 780 123
f 123 780 781
f 681 782 783
f 90 784 695
f 486 785 142
f 142 785 141
f 611 786 411
f 371 787 132
f 132 787 130
f 202 788 644
f 617 789 520
f 639 744 54
f 576 790 514
f 295 791 519
f 792 793 405
f 794 795 796
f 797 798 799
f 284 728 216
f 216 728 394
f 242 800 531
f 166 801 802
f 803 804 771
f 596 805 314
f 314 805 378
f 461 806 807
f 808 809 810
f 662 811 812
f 752 813 753
f 753 813 814
f 815 739 816
f 420 817 818
f 819 820 821
f 616 822 71
f 71 822 390
f 329 823 421
f 553 750 142
f 479 824 454
f 454 824 825
f 590 826 591
f 156 372 157
f 177 176 774
f 827 438 826
f 590 827 826
f 172 828 829
f 618 172 829
f 830 831 770
f 832 833 834
f 835 832 834
f 836 837 838
f 76 75 174
f 839 76 174
f 174 173 744
f 639 174 744
f 840 839 174
f 639 840 174
f 348 347 841
f 842 348 841
f 741 368 243
f 819 843 844
f 845 846 847
f 61 270 848
f 420 818 328
f 329 420 328
f 420 422 817
f 464 638 547
f 716 464 547
f 849 509 850
f 727 352 294
f 144 727 294
f 235 234 419
f 762 170 328
f 818 762 328
f 309 42 41
f 307 309 41
f 851 281 789
f 419 237 65
f 852 652 682
f 159 630 763
f 622 159 763
f 169 168 464
f 716 169 464
f 761 853 854
f 673 761 854
f 83 85 350
f 855 322 441
f 195 718 856
f 196 195 856
f 29 346 731
f 284 29 731
f 857 141 785
f 858 857 785
f 371 370 787
f 78 859 713
f 670 814 779
f 115 670 779
f 465 384 769
f 772 771 804
f 548 547 813
f 752 548 813
f 720 676 675
f 774 587 860
f 767 776 861
f 862 590 592
f 523 862 592
f 863 864 865
f 569 494 788
f 202 569 788
f 866 624 472
f 475 866 472
f 867 868 559
f 546 867 559
f 869 870 871
f 677 679 872
f 873 677 872
f 245 244 874
f 780 125 153
f 483 141 857
f 535 483 857
f 875 539 541
f 701 875 541
f 694 45 372
f 876 694 372
f 610 433 434
f 97 610 434
f 705 877 878
f 607 705 878
f 130 787 879
f 528 412 880
f 26 528 880
f 881 882 883
f 581 660 884
f 228 757 885
f 2 607 878
f 342 2 878
f 549 548 886
f 353 887 351
f 450 888 889
f 448 450 889
f 853 890 350
f 496 853 350
f 404 403 831
f 619 394 728
f 286 619 728
f 333 273 891
f 791 295 297
f 892 791 297
f 893 894 781
f 780 893 781
f 692 661 895
f 896 897 898
f 724 899 722
f 900 545 200
f 199 900 200
f 798 797 901
f 227 229 726
f 902 227 726
f 868 353 727
f 559 868 727
f 903 802 801
f 63 238 762
f 242 368 800
f 904 751 905
f 647 623 729
f 875 701 906
f 907 908 909
f 910 907 909
f 911 912 913
f 914 383 283
f 367 914 283
f 325 915 732
f 725 916 644
f 176 178 811
f 662 176 811
f 685 917 719
f 789 281 735
f 520 789 735
f 384 386 918
f 248 247 919
f 775 592 920
f 921 922 923
f 924 925 923
f 324 326 750
f 805 926 927
f 378 805 927
f 811 178 365
f 739 815 928
f 740 739 928
f 929 888 450
f 930 54 744
f 745 930 744
f 228 227 931
f 823 329 773
f 932 823 773
f 933 934 935
f 936 519 791
f 814 813 779
f 937 582 713
f 429 512 514
f 472 624 749
f 473 472 749
f 768 938 801
f 166 768 801
f 561 816 739
f 373 561 739
f 585 584 712
f 939 940 704
f 502 939 704
f 638 779 813
f 547 638 813
f 644 788 726
f 725 644 726
f 880 871 870
f 26 880 870
f 867 546 941
f 790 576 738
f 864 790 738
f 902 726 788
f 494 902 788
f 942 943 944
f 284 731 285
f 945 723 722
f 946 818 817
f 742 741 947
f 948 949 950
f 116 293 951
f 117 116 951
f 820 819 952
f 953 954 584
f 955 753 814
f 674 673 956
f 459 20 274
f 957 958 959
f 960 922 921
f 943 961 944
f 962 541 963
f 964 951 293
f 37 846 35
f 965 966 391
f 967 687 271
f 145 968 556
f 969 861 600
f 628 306 970
f 600 103 969
f 678 677 971
f 972 632 562
f 973 974 975
f 914 367 976
f 669 459 977
f 978 790 864
f 962 699 701
f 541 962 701
f 979 980 981
f 982 729 623
f 285 983 286
f 984 654 985
f 986 151 648
f 180 179 987
f 683 577 988
f 989 990 821
f 991 992 756
f 86 240 67
f 993 877 705
f 851 955 814
f 670 851 814
f 994 995 609
f 610 96 609
f 286 967 619
f 996 997 998
f 999 1000 894
f 894 1000 781
f 1001 380 214
f 214 380 215
f 449 1002 1003
f 305 1004 303
f 303 1004 463
f 349 1005 225
f 225 1005 653
f 358 1006 315
f 235 1007 186
f 1008 1009 572
f 572 1009 573
f 614 1010 491
f 201 1011 198
f 845 1012 992
f 992 1012 882
f 36 1013 37
f 37 1013 862
f 1014 1015 485
f 485 1015 554
f 545 1016 660
f 60 1017 270
f 1018 965 510
f 582 994 96
f 96 994 609
f 512 1019 513
f 1020 1021 370
f 781 1022 123
f 123 1022 124
f 871 1023 869
f 753 1024 751
f 751 1024 905
f 617 1025 1024
f 538 1026 1027
f 1028 1029 1030
f 454 979 455
f 720 1031 736
f 515 1032 731
f 731 1032 285
f 565 1033 566
f 566 1033 1034
f 282 1035 735
f 735 1035 201
f 513 1036 525
f 1037 1038 1039
f 1039 1038 1040
f 1041 1042 886
f 41 1043 307
f 1044 1045 635
f 993 1046 736
f 736 1046 721
f 1047 1048 1049
f 820 989 821
f 1050 956 1051
f 963 995 994
f 725 1052 916
f 1053 1054 1041
f 1041 1054 1055
f 790 1056 514
f 810 1057 1058
f 119 1059 120
f 914 1060 383
f 383 1060 968
f 352 1061 293
f 968 145 383
f 952 1062 1063
f 846 991 35
f 984 1064 654
f 1065 1066 1067
f 844 1067 1066
f 818 1068 762
f 1069 1070 1071
f 681 1072 782
f 736 1073 993
f 385 571 1074
f 254 978 1075
f 303 929 304
f 602 1076 682
f 682 1076 852
f 633 985 1077
f 1077 985 1078
f 1079 1080 1081
f 1081 1080 1082
f 687 983 1083
f 1055 1084 1085
f 653 1078 654
f 654 1078 985
f 844 1086 1067
f 444 443 1087
f 967 286 983
f 687 967 983
f 1088 1089 1090
f 442 93 1091
f 1092 793 107
f 118 117 1059
f 119 118 1059
f 380 1001 1054
f 1053 380 1054
f 130 879 1010
f 614 130 1010
f 27 315 1006
f 28 27 1006
f 1004 305 690
f 1093 1004 690
f 1005 349 1094
f 1095 1005 1094
f 958 1096 56
f 339 338 1097
f 392 339 1097
f 854 1098 1099
f 673 854 1099
f 997 1100 1101
f 998 997 1101
f 509 311 410
f 850 509 410
f 1009 1008 871
f 880 1009 871
f 1102 1103 1104
f 882 1012 1105
f 33 14 1106
f 1107 50 120
f 1011 201 1035
f 1108 1011 1035
f 1015 1014 901
f 1109 765 1110
f 567 266 1111
f 1017 60 58
f 572 574 917
f 1105 1112 883
f 882 1105 883
f 965 1018 1113
f 966 965 1113
f 686 594 593
f 994 582 962
f 963 994 962
f 513 1019 1036
f 1114 1007 66
f 618 1114 66
f 1115 1116 1117
f 1118 873 872
f 534 535 1119
f 1022 781 1000
f 1120 1022 1000
f 1121 1122 1123
f 1124 1121 1123
f 617 521 1025
f 584 586 953
f 1024 753 955
f 617 1024 955
f 48 47 754
f 419 65 66
f 1007 419 66
f 1026 538 537
f 1029 1028 810
f 1125 1029 810
f 478 477 1126
f 1127 852 1128
f 922 914 976
f 923 922 976
f 1129 1130 1032
f 515 1129 1032
f 1033 565 754
f 313 1033 754
f 1131 285 1132
f 960 1133 1134
f 864 738 1135
f 865 864 1135
f 819 844 1066
f 952 819 1066
f 945 722 1136
f 1004 1093 1137
f 463 1004 1137
f 639 354 1138
f 840 639 1138
f 789 617 955
f 851 789 955
f 1009 880 412
f 573 1009 412
f 768 23 1139
f 787 370 1021
f 879 787 1021
f 431 432 1140
f 1141 1142 715
f 1038 1037 772
f 804 1038 772
f 1143 721 1046
f 1014 1144 1145
f 901 1014 1145
f 1146 1147 1148
f 1013 827 590
f 862 1013 590
f 1149 199 1150
f 1046 993 705
f 920 592 591
f 372 156 876
f 1092 615 706
f 793 1092 706
f 674 956 1151
f 1152 455 979
f 824 479 772
f 1037 824 772
f 405 793 706
f 491 405 706
f 922 960 1060
f 914 922 1060
f 1056 790 978
f 254 1056 978
f 228 931 758
f 757 228 758
f 340 510 965
f 391 340 965
f 351 1153 1061
f 352 351 1061
f 63 762 1068
f 171 63 1068
f 1054 1001 1154
f 1055 1054 1154
f 1155 628 970
f 697 198 1011
f 1156 697 1011
f 551 550 982
f 623 551 982
f 226 654 1064
f 863 1075 978
f 864 863 978
f 908 907 986
f 648 908 986
f 1157 799 1158
f 1159 933 935
f 991 846 845
f 992 991 845
f 952 1066 1062
f 245 874 1160
f 1153 245 1160
f 773 1161 932
f 1162 904 1163
f 1164 1165 636
f 635 1164 636
f 211 1166 447
f 526 525 1036
f 1167 1168 1080
f 1079 1167 1080
f 1128 852 1076
f 1169 1128 1076
f 1164 635 1045
f 274 1170 977
f 459 274 977
f 872 679 1171
f 632 984 985
f 633 632 985
f 620 379 1172
f 1173 1040 1038
f 804 1173 1038
f 1174 1175 442
f 1091 1174 442
f 1080 1168 1176
f 1082 1080 1176
f 783 589 588
f 681 783 588
f 1084 1055 1154
f 536 674 1151
f 1177 966 1113
f 1178 1177 1113
f 180 987 1179
f 332 331 1180
f 1060 960 1134
f 968 1060 1134
f 562 975 972
f 1165 1181 1182
f 658 1183 1184
f 938 768 1139
f 1099 1051 956
f 673 1099 956
f 285 1131 983
f 798 1185 1158
f 799 798 1158
f 798 901 1145
f 1185 798 1145
f 818 946 1068
f 649 1186 288
f 979 981 1152
f 1061 1153 1160
f 995 742 947
f 609 995 947
f 461 463 1137
f 806 461 1137
f 685 1187 917
f 1033 1188 1034
f 881 883 1189
f 164 395 1190
f 101 383 145
f 158 112 185
f 164 257 395
f 879 1191 1010
f 1190 1192 1193
f 1194 33 1106
f 935 1195 1196
f 1197 1198 1199
f 1200 1201 320
f 1202 954 953
f 349 949 1094
f 1203 1204 1139
f 1160 1205 1061
f 871 1008 1023
f 235 419 1007
f 1203 1139 23
f 651 1206 1207
f 803 1206 1208
f 997 996 1209
f 1210 432 558
f 485 1211 1014
f 1212 364 1155
f 1213 211 31
f 1214 508 509
f 334 333 1215
f 1216 552 480
f 363 267 1217
f 333 1203 1215
f 1218 773 327
f 1219 1220 1097
f 1221 307 1043
f 342 878 877
f 94 442 1222
f 1223 1224 1225
f 1194 1226 33
f 1227 1228 1229
f 1230 1231 1232
f 1233 1234 1235
f 1236 1237 180
f 1238 1239 1231
f 148 1240 1092
f 107 148 1092
f 506 1241 1242
f 686 593 1243
f 1244 1015 901
f 1147 1146 1245
f 1246 1247 1248
f 1155 970 1212
f 1249 605 604
f 1110 1027 1250
f 919 247 1251
f 1027 1110 765
f 427 1252 428
f 1147 1253 1148
f 1033 313 1188
f 1254 1255 8
f 1256 1257 1258
f 1200 1259 1201
f 536 538 672
f 301 9 299
f 164 1260 165
f 165 1260 795
f 1261 1262 1263
f 179 1264 987
f 987 1264 1265
f 523 1266 862
f 862 1266 37
f 197 1267 195
f 1268 1217 1269
f 1270 1271 876
f 320 1272 319
f 400 1273 401
f 185 1274 158
f 385 1275 386
f 1271 1276 876
f 1081 1277 938
f 938 1277 801
f 1027 445 538
f 538 445 672
f 946 1278 1068
f 500 1279 707
f 707 1279 497
f 94 435 92
f 1280 1281 1096
f 447 764 212
f 1282 1283 1284
f 774 1285 177
f 177 1285 553
f 1254 1286 760
f 760 1286 466
f 1287 1288 1289
f 757 881 885
f 31 890 1213
f 899 1290 722
f 702 1291 703
f 553 324 750
f 121 1292 377
f 549 1218 716
f 148 1293 1240
f 1094 1294 1095
f 1064 1295 226
f 964 1205 1296
f 162 1297 160
f 932 1042 1085
f 367 1298 976
f 886 1161 549
f 963 1299 995
f 1191 1300 1010
f 1010 1300 491
f 1301 1235 1234
f 1265 1248 987
f 1075 208 254
f 1302 1109 1303
f 1021 1304 879
f 879 1304 1191
f 1228 1305 1229
f 1306 1146 1307
f 433 1308 205
f 205 1308 243
f 672 1166 761
f 602 1309 1076
f 1182 1310 1165
f 953 1237 1202
f 41 1222 1043
f 1044 1311 1045
f 1140 1312 1313
f 964 1314 951
f 1296 1314 964
f 1227 1315 1316
f 395 1192 1190
f 1254 1317 1286
f 1139 1318 938
f 438 1319 826
f 548 1320 886
f 364 1212 265
f 682 1321 603
f 1322 1323 1324
f 212 1325 358
f 421 1326 1327
f 45 1226 44
f 44 1226 1194
f 943 1328 961
f 918 1329 384
f 616 1330 822
f 1331 1332 1333
f 945 1334 723
f 723 1334 1110
f 756 1335 991
f 991 1335 35
f 765 446 1027
f 1027 446 445
f 1191 1336 1300
f 1260 164 1190
f 714 206 208
f 1337 714 208
f 1267 197 655
f 1338 1267 655
f 467 466 1286
f 1217 1268 1339
f 846 37 1266
f 847 846 1266
f 1272 320 1201
f 1275 385 1074
f 1277 1081 1082
f 651 650 1208
f 1206 651 1208
f 1340 106 105
f 1341 1342 1343
f 1279 500 1344
f 512 425 428
f 1019 512 428
f 1345 557 556
f 1346 1347 499
f 671 1346 499
f 841 347 1348
f 1349 841 1348
f 540 539 973
f 1350 413 1351
f 764 447 446
f 765 764 446
f 1352 1353 1354
f 874 1355 1356
f 1160 874 1356
f 1285 774 860
f 346 29 28
f 344 346 28
f 83 350 890
f 31 83 890
f 1042 1041 1055
f 1085 1042 1055
f 1288 1287 855
f 441 1288 855
f 1144 1014 1211
f 785 486 554
f 858 785 554
f 471 1357 1235
f 1301 471 1235
f 1290 899 1358
f 943 1359 1328
f 165 795 794
f 684 165 794
f 1360 1324 1361
f 1356 1296 1205
f 1160 1356 1205
f 203 644 916
f 341 203 916
f 14 13 1362
f 1106 14 1362
f 324 553 1285
f 867 941 1363
f 1292 121 1364
f 1218 549 1161
f 773 1218 1161
f 887 1365 1366
f 723 1110 1250
f 724 723 1250
f 254 207 1367
f 1056 254 1367
f 609 947 1308
f 433 609 1308
f 1205 964 293
f 1061 1205 293
f 1016 545 900
f 439 35 1335
f 1368 1369 1370
f 514 1056 1367
f 429 514 1367
f 1161 886 1042
f 932 1161 1042
f 1371 1372 1274
f 185 1371 1274
f 1373 958 56
f 38 348 842
f 505 38 842
f 1374 552 1216
f 1375 1376 1377
f 759 1378 1379
f 968 1380 556
f 1101 1381 1382
f 1383 1384 1385
f 613 1386 1387
f 1284 1388 1282
f 1308 947 741
f 243 1308 741
f 1173 1103 1102
f 1040 1173 1102
f 742 995 1299
f 743 742 1299
f 1166 672 445
f 447 1166 445
f 1389 1184 1349
f 1390 137 1391
f 975 974 972
f 1222 41 43
f 94 1222 43
f 984 632 972
f 1392 1303 1334
f 945 1392 1334
f 1315 1227 1229
f 1193 1315 1229
f 1146 1148 1307
f 1121 961 1328
f 1122 1121 1328
f 766 765 1109
f 1302 766 1109
f 1283 858 554
f 1015 1283 554
f 1232 1393 1230
f 1136 722 1290
f 849 337 1214
f 509 849 1214
f 504 503 1209
f 996 504 1209
f 717 195 1267
f 1394 717 1267
f 1319 438 317
f 402 363 1210
f 558 402 1210
f 1395 1396 1397
f 652 651 1321
f 682 652 1321
f 1320 548 752
f 853 761 1213
f 890 853 1213
f 160 1322 1216
f 480 160 1216
f 342 1398 155
f 1321 651 1207
f 171 1068 1278
f 437 171 1278
f 1399 1225 1224
f 1081 938 1318
f 1079 1081 1318
f 567 1269 1217
f 267 567 1217
f 1400 358 1325
f 1401 1400 1325
f 1323 1402 1361
f 1324 1323 1361
f 23 22 1215
f 1203 23 1215
f 1403 1002 449
f 448 1403 449
f 694 33 1226
f 45 694 1226
f 517 146 1404
f 696 517 1404
f 169 716 1218
f 327 169 1218
f 1405 686 1243
f 901 797 1244
f 1398 342 877
f 823 1085 1326
f 421 823 1326
f 507 506 1242
f 608 507 1242
f 1175 1043 1222
f 442 1175 1222
f 1406 1193 1229
f 1305 1406 1229
f 56 1096 1281
f 57 56 1281
f 373 740 374
f 842 841 1407
f 1408 1409 1410
f 758 931 1411
f 1361 1412 1360
f 1413 386 1275
f 1414 940 1415
f 411 786 1330
f 616 411 1330
f 945 1136 1416
f 1392 945 1416
f 1417 1418 1419
f 834 1417 1419
f 1383 1420 1384
f 1179 987 1248
f 1247 1179 1248
f 1421 265 1212
f 970 1421 1212
f 896 898 1249
f 604 896 1249
f 384 1329 769
f 539 875 1422
f 980 634 1423
f 981 980 1423
f 1423 634 637
f 1250 1027 1026
f 1424 1425 1426
f 948 950 1425
f 276 686 1251
f 247 276 1251
f 1334 1303 1109
f 1110 1334 1109
f 1427 1428 954
f 1044 635 1429
f 1259 1430 1201
f 9 301 7
f 43 189 435
f 94 43 435
f 105 311 508
f 401 1273 1431
f 1432 755 1433
f 764 766 1325
f 212 764 1325
f 1434 1435 1436
f 1283 1015 1244
f 1284 1283 1244
f 630 1437 1438
f 1439 1440 1441
f 841 1349 1407
f 1166 211 1213
f 761 1166 1213
f 1442 1428 1427
f 954 1202 1427
f 1202 1237 1236
f 1443 1411 931
f 799 1157 1444
f 1017 1239 1238
f 1445 474 646
f 279 281 851
f 395 149 608
f 966 1177 1446
f 932 1085 823
f 1197 1447 1198
f 650 1448 1208
f 456 1313 1449
f 820 952 1063
f 949 349 224
f 1094 949 948
f 1450 1451 1452
f 667 589 783
f 1453 1063 1062
f 1390 1454 1418
f 48 1449 268
f 998 1101 1382
f 1072 681 1455
f 702 376 1456
f 1457 1320 752
f 1458 1459 1399
f 1434 1460 1435
f 1461 1462 707
f 1463 1365 887
f 1464 931 227
f 1182 1181 1465
f 1466 1075 863
f 565 456 1467
f 968 1134 1380
f 1460 1434 1468
f 754 565 1467
f 1313 456 1469
f 1140 1313 1469
f 959 958 1373
f 1470 57 1281
f 1471 1472 1473
f 1474 1475 1476
f 1477 1478 910
f 1241 506 1479
f 977 1170 1480
f 1481 1482 1483
f 1484 1427 1202
f 1485 1486 268
f 1487 344 28
f 917 574 1488
f 1063 1453 1489
f 1340 105 1490
f 390 822 1491
f 1492 1087 443
f 1447 1493 1252
f 1494 783 782
f 105 508 1490
f 850 410 1495
f 208 1075 1337
f 57 1496 58
f 1262 1497 1263
f 1124 1123 240
f 1498 1124 240
f 1499 1500 1501
f 712 1502 1368
f 477 712 1368
f 740 1503 1504
f 1498 1157 1158
f 1124 1498 1158
f 997 1209 1505
f 1242 1241 1506
f 1188 313 312
f 1507 1188 312
f 936 1508 519
f 519 1508 690
f 1138 99 1509
f 1162 1457 904
f 966 1461 391
f 462 1510 463
f 463 1510 303
f 439 1511 36
f 1079 1512 1167
f 1513 1514 1515
f 699 1516 700
f 700 1516 1517
f 1208 1518 803
f 803 1518 804
f 1519 1520 1521
f 1168 1522 1523
f 1524 1525 1253
f 585 1526 1527
f 1527 1526 1528
f 1529 1530 207
f 207 1530 1367
f 831 1531 770
f 1083 1532 687
f 687 1532 272
f 1533 1534 1535
f 516 1536 630
f 630 1536 1437
f 924 1456 1537
f 671 1538 1539
f 1539 1538 1357
f 1540 1541 1542
f 1542 1541 1421
f 1305 1543 1406
f 1406 1543 1544
f 120 1545 1107
f 1314 1546 1547
f 1041 1548 1053
f 1053 1548 1162
f 1197 1549 1095
f 1095 1549 1005
f 1344 1550 1279
f 1114 1551 1007
f 1007 1551 186
f 989 1552 850
f 850 1552 849
f 1553 1554 1555
f 1460 1492 1372
f 1542 1556 1540
f 218 1557 289
f 47 1558 312
f 452 1559 408
f 847 1560 845
f 845 1560 1012
f 849 1561 337
f 337 1561 335
f 1312 1485 1313
f 1251 1562 919
f 1322 1377 1216
f 1216 1377 1374
f 1453 1563 1489
f 1190 1544 1260
f 1564 1565 453
f 807 1466 1566
f 1312 1567 1568
f 1359 1569 1328
f 1570 693 692
f 1265 1439 1248
f 1248 1439 1246
f 1571 423 1572
f 1243 1376 1420
f 320 1573 1200
f 1200 1573 1574
f 1242 1575 608
f 1386 1576 1387
f 186 1577 185
f 398 1578 1579
f 977 1580 669
f 1581 1582 1198
f 1198 1582 1199
f 1012 1465 1105
f 1475 1583 1476
f 1584 1585 941
f 1232 1586 1393
f 1393 1586 1587
f 1335 1588 439
f 1214 1494 508
f 1589 1479 597
f 1590 1435 1341
f 1590 1436 1435
f 224 1438 949
f 1349 1591 1407
f 1592 1593 1151
f 1179 1236 180
f 135 1594 134
f 227 902 1464
f 1332 1595 1289
f 343 1596 104
f 1121 1597 961
f 1449 1467 456
f 440 1469 456
f 1260 1598 795
f 1427 1484 251
f 1317 1599 566
f 566 1599 457
f 1319 1600 826
f 826 1600 591
f 910 1354 907
f 1425 1601 1602
f 1602 1601 1603
f 676 1604 650
f 1182 1605 1310
f 1606 1607 1581
f 1608 1609 1564
f 1368 1502 1428
f 1428 1502 954
f 1410 1610 1241
f 1611 1612 1142
f 354 62 99
f 1138 354 99
f 1529 207 206
f 465 770 1531
f 571 465 1531
f 1457 1162 1548
f 1320 1457 1548
f 121 91 695
f 1364 121 695
f 1232 1613 1586
f 277 249 1571
f 562 564 743
f 975 562 743
f 1461 966 1446
f 1462 1461 1446
f 318 1261 1614
f 316 318 1614
f 337 336 667
f 1214 337 667
f 1274 1615 158
f 440 457 7
f 301 440 7
f 962 582 937
f 699 962 937
f 146 145 557
f 1404 146 557
f 689 1616 1536
f 516 689 1536
f 1516 699 937
f 437 1278 1617
f 883 1112 1618
f 1189 883 1618
f 1518 1208 1448
f 1103 1518 1448
f 1168 1167 1522
f 133 110 696
f 1619 1620 1586
f 1621 669 1580
f 362 661 693
f 1622 1623 1624
f 1526 585 476
f 830 1625 404
f 831 830 404
f 1305 1293 1543
f 571 1531 1626
f 1532 1083 1576
f 1386 1532 1576
f 1627 786 611
f 669 1627 611
f 971 1628 678
f 1518 1103 1173
f 804 1518 1173
f 895 606 605
f 1629 1364 695
f 784 1629 695
f 510 233 232
f 1018 510 232
f 963 541 540
f 1299 963 540
f 1456 924 1630
f 702 1456 1630
f 1528 1526 1631
f 738 659 719
f 1135 738 719
f 1094 948 1632
f 1294 1094 1632
f 1389 1349 1348
f 1538 1233 1235
f 1357 1538 1235
f 1541 1540 1633
f 266 1541 1633
f 422 421 1327
f 1634 422 1327
f 1635 262 434
f 942 944 1636
f 1637 1638 1639
f 1640 1003 1002
f 819 821 843
f 820 1063 1552
f 989 820 1552
f 1265 1440 1439
f 1083 983 1131
f 1546 1314 1296
f 865 1135 1488
f 763 630 1438
f 224 763 1438
f 946 817 1620
f 1548 1041 886
f 1320 1548 886
f 1641 1345 1525
f 1549 1197 1199
f 1330 786 1642
f 1124 1158 1185
f 1121 1124 1185
f 1643 1644 1556
f 1542 1643 1556
f 1247 251 1484
f 1179 1247 1484
f 1552 1063 1561
f 849 1552 1561
f 1554 1553 1645
f 1492 1460 1468
f 1087 1492 1468
f 1273 400 1646
f 1557 218 755
f 1560 847 1605
f 1182 1560 1605
f 1560 1182 1465
f 1012 1560 1465
f 593 552 1374
f 1243 593 1374
f 1306 1647 1648
f 1146 1306 1648
f 429 1367 1530
f 430 429 1530
f 1349 1184 1591
f 1649 1392 1416
f 1650 1649 1416
f 1234 1233 796
f 1428 1442 1369
f 1368 1428 1369
f 1377 1322 1324
f 1375 1377 1324
f 1443 931 1464
f 1651 1443 1464
f 1384 1420 1376
f 1375 1384 1376
f 536 1151 1593
f 537 536 1593
f 1544 1190 1193
f 1406 1544 1193
f 1254 8 1599
f 1317 1254 1599
f 556 1380 1652
f 1345 556 1652
f 1569 1359 1653
f 1307 1148 1654
f 1156 1011 1108
f 1195 1655 1196
f 1656 409 1643
f 1573 320 299
f 9 1573 299
f 1575 1242 1506
f 1657 1575 1506
f 186 1551 1577
f 1561 1063 1489
f 335 1561 1489
f 1658 1074 571
f 1626 1658 571
f 1509 418 1631
f 1541 266 265
f 1421 1541 265
f 1005 1549 653
f 973 975 743
f 537 1593 1659
f 1258 1257 1660
f 989 850 1495
f 990 989 1495
f 1403 1661 1002
f 1594 135 1612
f 418 1509 99
f 100 418 99
f 330 332 1662
f 431 1140 1469
f 440 431 1469
f 662 812 1455
f 681 662 1455
f 287 1537 1456
f 376 287 1456
f 751 904 1457
f 752 751 1457
f 108 1663 469
f 1664 1372 1371
f 497 391 1461
f 707 497 1461
f 353 868 1463
f 887 353 1463
f 1665 1651 1464
f 902 1665 1464
f 1666 1105 1465
f 1181 1666 1465
f 1101 1100 1667
f 1381 1101 1667
f 1595 1332 1331
f 343 1668 1596
f 1669 1566 1466
f 863 1669 1466
f 1670 1671 1672
f 1434 1642 1468
f 48 754 1467
f 1449 48 1467
f 1673 1674 1675
f 1425 950 1601
f 479 453 1565
f 771 479 1565
f 949 1438 950
f 1321 1207 1624
f 603 1321 1624
f 1676 1547 1546
f 1677 1676 1546
f 929 303 1510
f 888 929 1510
f 1453 1062 1678
f 182 597 1479
f 506 182 1479
f 1484 1202 1236
f 1179 1484 1236
f 721 1143 1604
f 676 721 1604
f 584 954 1502
f 712 584 1502
f 1449 1313 1485
f 268 1449 1485
f 1319 1358 1600
f 1411 1443 1679
f 1599 8 7
f 457 1599 7
f 899 724 1680
f 1478 1352 1354
f 910 1478 1354
f 1681 1682 1683
f 1684 1685 1686
f 650 1604 1448
f 1687 1372 1492
f 477 1368 1370
f 1126 477 1370
f 428 1252 1493
f 1019 428 1493
f 1609 1206 1688
f 1253 1525 1148
f 1498 241 1157
f 1107 1689 1507
f 1690 1221 1477
f 540 973 743
f 1299 540 743
f 557 1345 1641
f 1404 557 1641
f 719 917 1488
f 1135 719 1488
f 1363 941 1585
f 1691 843 1692
f 1693 1478 1477
f 1221 1693 1477
f 1694 1474 1476
f 988 1694 1476
f 1185 1145 1597
f 1121 1185 1597
f 1695 1550 1344
f 1696 1415 1697
f 1529 1698 1530
f 1544 1543 1598
f 1260 1544 1598
f 1371 185 1577
f 1374 1377 1376
f 1243 1374 1376
f 17 1458 1699
f 974 1700 1701
f 1476 1583 683
f 988 1476 683
f 1702 1142 1612
f 1485 1312 1568
f 1486 1485 1568
f 1494 1214 667
f 783 1494 667
f 10 11 1703
f 657 658 1389
f 1704 1404 1641
f 1494 782 1490
f 508 1494 1490
f 1704 1705 1706
f 1565 1564 1609
f 1390 1418 137
f 493 1665 902
f 148 109 1707
f 1614 1261 1263
f 1301 1707 109
f 1571 249 423
f 173 583 745
f 138 137 1418
f 494 493 902
f 1708 1590 1341
f 51 50 1107
f 1150 199 697
f 1709 1521 1520
f 807 806 1141
f 915 325 324
f 1198 1447 1252
f 415 194 580
f 1649 1650 1710
f 1689 1107 1545
f 1262 1261 1511
f 669 1621 1627
f 1478 1693 1472
f 1711 1712 1332
f 1206 1609 1207
f 531 800 730
f 1184 1389 658
f 1177 1178 1713
f 1714 1625 1663
f 369 371 1715
f 1716 317 316
f 1717 1718 898
f 924 1537 925
f 137 278 1391
f 67 240 1123
f 1719 1554 1645
f 595 304 1720
f 1721 1370 1369
f 1600 1358 1722
f 1095 1294 1723
f 1724 1344 1725
f 1344 1724 1695
f 1206 803 1688
f 1726 1306 1307
f 1252 427 1727
f 131 615 1728
f 298 131 1728
f 1729 1588 1335
f 1556 1730 1540
f 1731 649 74
f 1732 1577 1551
f 1733 1316 1734
f 1307 1654 1735
f 1736 1734 1316
f 1315 1736 1316
f 1737 601 1738
f 1026 537 1739
f 1740 1741 1742
f 1743 1091 93
f 1744 1745 1746
f 362 693 1747
f 1389 1348 1748
f 1749 1627 1621
f 645 570 1750
f 807 1141 1751
f 1752 1148 1525
f 1753 1754 1630
f 924 1753 1630
f 730 800 1755
f 1756 1757 1758
f 1759 1175 1174
f 1760 1511 439
f 542 544 1706
f 836 1128 1169
f 1761 1762 1763
f 1709 1764 1521
f 196 1765 691
f 806 1611 1142
f 1141 806 1142
f 1766 1718 1767
f 241 1498 240
f 239 241 240
f 1351 1768 1350
f 1156 1108 1621
f 1580 1156 1621
f 755 1432 1557
f 793 1714 107
f 777 1769 1770
f 449 1720 450
f 175 1771 1772
f 1772 1771 711
f 680 1773 665
f 684 1713 163
f 711 1774 708
f 708 1774 1640
f 1030 1775 1028
f 1028 1775 1120
f 926 595 1720
f 555 1776 666
f 1413 1777 386
f 884 1333 1778
f 859 1779 713
f 713 1779 937
f 852 675 652
f 524 1780 685
f 923 925 921
f 1147 1781 1253
f 1093 1782 1137
f 1137 1782 806
f 1783 957 703
f 1784 1719 1670
f 720 1127 1031
f 1517 911 1785
f 1130 1132 1032
f 1032 1132 285
f 1180 1786 332
f 1787 1788 1119
f 388 1789 1790
f 782 1183 1490
f 409 1791 406
f 490 1792 1793
f 1422 1794 539
f 539 1794 973
f 1071 1795 1268
f 1268 1795 1339
f 993 1796 877
f 877 1796 1398
f 976 1797 923
f 923 1797 924
f 1141 1337 1751
f 1347 1725 499
f 1390 1391 1398
f 1193 1657 1315
f 1798 1799 1800
f 797 1801 1244
f 1802 1430 1768
f 1803 1804 1805
f 1394 1634 1327
f 1806 1807 1585
f 132 1808 371
f 371 1808 1715
f 274 1809 1170
f 1170 1809 936
f 402 1810 364
f 364 1810 1155
f 1704 1524 1705
f 1811 1637 1639
f 470 1812 1118
f 1118 1812 873
f 1120 1813 1022
f 1022 1813 124
f 1636 1717 942
f 1407 812 1814
f 1815 1816 1817
f 1176 1818 1082
f 1571 1572 1432
f 1432 1572 1557
f 972 1819 984
f 984 1819 1064
f 1074 1820 1821
f 1822 1823 1824
f 1407 1591 1455
f 1177 1825 1446
f 1826 1827 1828
f 1829 1741 1830
f 1241 1610 1506
f 601 1623 1738
f 1625 792 404
f 404 792 405
f 1831 1638 1637
f 1581 1727 1606
f 649 1721 1186
f 1581 1832 1582
f 1833 1834 1761
f 1761 1834 1762
f 1704 1835 1404
f 1557 1776 289
f 357 1836 466
f 1341 1837 1342
f 998 1838 996
f 996 1838 1839
f 1840 1298 1841
f 451 1842 1843
f 1844 1845 815
f 1648 1846 1146
f 1847 1848 1849
f 1609 1688 1565
f 1811 1639 873
f 873 1639 677
f 1734 1850 1733
f 1294 1851 1723
f 1049 1852 1853
f 1329 1854 1831
f 583 1855 745
f 745 1855 959
f 1155 1856 628
f 397 1857 398
f 1511 1858 36
f 481 1859 668
f 867 1860 868
f 1115 1861 921
f 1086 1862 1067
f 1670 1863 1671
f 1864 598 683
f 1228 1865 1305
f 1305 1865 1293
f 1417 1866 1418
f 1867 1868 1869
f 317 1870 1319
f 1686 1871 1799
f 1411 1729 758
f 1649 1872 1392
f 1392 1872 1303
f 697 1873 1150
f 1874 1875 1876
f 1370 1731 1126
f 1877 915 324
f 1399 1878 1458
f 1253 1879 1524
f 1571 1740 277
f 1880 1743 1808
f 1532 1881 272
f 1075 1751 1337
f 1882 848 1238
f 1148 1752 1654
f 816 1883 815
f 815 1883 1844
f 1577 1837 1371
f 1614 1884 316
f 316 1884 1885
f 1886 1759 1850
f 1811 1887 1637
f 645 1764 646
f 1316 1888 1227
f 1714 793 792
f 1625 1714 792
f 577 326 492
f 988 577 492
f 1769 124 1813
f 1420 1383 1889
f 175 122 1771
f 475 474 1445
f 1745 475 1445
f 426 425 430
f 16 458 1890
f 17 16 1890
f 1301 109 468
f 471 1301 468
f 1773 680 1891
f 1713 684 1825
f 1177 1713 1825
f 1774 711 1771
f 1144 1450 1892
f 1893 1775 1258
f 1120 1775 1813
f 603 1624 1623
f 601 603 1623
f 1894 1777 1895
f 1345 1652 1752
f 1525 1345 1752
f 291 106 1340
f 658 291 1340
f 587 336 575
f 860 587 575
f 974 973 1794
f 1112 1105 1666
f 597 366 534
f 1589 597 534
f 1896 1897 1767
f 1306 1726 1647
f 1779 859 1898
f 912 1779 1898
f 805 596 595
f 926 805 595
f 918 386 1777
f 1894 918 1777
f 690 1508 1899
f 1093 690 1899
f 1782 1093 1899
f 1006 358 1400
f 1719 1784 1900
f 1554 1719 1900
f 1811 873 1812
f 1636 944 1452
f 307 1221 1690
f 308 307 1690
f 1127 720 675
f 852 1127 675
f 615 1092 1240
f 1728 615 1240
f 911 1517 1516
f 912 911 1516
f 1901 1902 1903
f 715 1142 1702
f 544 715 1702
f 563 633 1904
f 1070 1568 1567
f 1071 1070 1567
f 736 1031 1073
f 1905 5 4
f 1408 1906 1907
f 90 81 1908
f 784 90 1908
f 1909 1070 1088
f 1128 836 838
f 918 1894 1854
f 1329 918 1854
f 1795 1071 1567
f 1910 1064 1819
f 1796 993 1073
f 1911 1796 1073
f 1762 543 542
f 1763 1762 542
f 1797 1912 1753
f 924 1797 1753
f 1338 655 1913
f 1284 1244 1801
f 981 1423 1914
f 1725 1347 1915
f 694 876 1276
f 34 694 1276
f 1779 912 1516
f 937 1779 1516
f 1292 1364 1916
f 642 1292 1916
f 1917 427 426
f 1657 1193 1192
f 1575 1657 1192
f 1317 566 1034
f 1799 1798 1684
f 1686 1799 1684
f 1796 1454 1390
f 1398 1796 1390
f 806 1782 1611
f 1430 1259 1918
f 1768 1430 1918
f 900 199 1149
f 1471 1352 1478
f 1472 1471 1478
f 1383 1385 1866
f 1652 1654 1752
f 1807 1806 1919
f 1920 1921 1922
f 86 69 1845
f 1529 1923 1698
f 1924 1925 1926
f 1107 1927 51
f 1808 132 298
f 1880 1808 298
f 936 1809 1508
f 280 279 1615
f 1810 402 631
f 1155 1810 1856
f 1622 1523 1623
f 1885 1928 1716
f 316 1885 1716
f 1929 1930 1931
f 1932 1933 1934
f 1812 470 469
f 1019 1493 1935
f 1036 1019 1935
f 1198 1252 1727
f 1581 1198 1727
f 1048 1936 1852
f 1049 1048 1852
f 974 1701 1819
f 972 974 1819
f 1262 1511 1760
f 1497 1262 1760
f 1532 1386 1881
f 1460 1372 1664
f 1435 1460 1664
f 1678 1519 1937
f 1679 1588 1729
f 1411 1679 1729
f 1581 1607 1832
f 1522 1938 1738
f 928 815 1845
f 69 928 1845
f 1360 1412 1939
f 715 714 1337
f 1141 715 1337
f 1641 1525 1524
f 1704 1641 1524
f 138 1418 1866
f 1385 138 1866
f 1721 649 1731
f 1370 1721 1731
f 1704 1706 1835
f 423 666 1572
f 1594 1612 1611
f 1940 1941 1702
f 1836 357 356
f 759 466 1836
f 108 469 468
f 109 108 468
f 1183 658 1340
f 1490 1183 1340
f 1040 1102 1942
f 1785 1040 1942
f 1473 1943 1471
f 1610 1410 1409
f 1734 1610 1409
f 1017 58 1496
f 1239 1017 1496
f 1707 1301 1234
f 1944 1689 1545
f 1698 1945 430
f 1530 1698 430
f 1946 1947 1948
f 1567 1312 1795
f 1458 17 1890
f 1459 1458 1890
f 629 628 1856
f 1802 629 1856
f 1949 1950 1951
f 1854 1894 1846
f 1648 1854 1846
f 608 1575 1192
f 395 608 1192
f 1952 1880 298
f 1728 1952 298
f 92 369 1715
f 93 92 1715
f 258 163 1713
f 1178 258 1713
f 108 107 1714
f 1663 108 1714
f 960 921 1861
f 1133 960 1861
f 897 942 1717
f 898 897 1717
f 1855 583 612
f 703 1855 612
f 657 1389 1748
f 776 657 1748
f 1537 1116 925
f 261 181 1953
f 733 1805 734
f 319 1272 631
f 558 319 631
f 1857 1147 1245
f 398 1857 1245
f 1831 1954 1638
f 1859 481 623
f 647 1859 623
f 1860 867 1363
f 1955 1860 1363
f 1463 868 1860
f 1956 1039 1040
f 1785 1956 1040
f 155 1398 1391
f 278 155 1391
f 1517 1785 1942
f 1957 1517 1942
f 1952 1728 1865
f 1228 1952 1865
f 76 1126 1731
f 74 76 1731
f 1863 1670 1719
f 1645 1863 1719
f 1858 827 1013
f 36 1858 1013
f 1587 1586 1620
f 929 450 1720
f 304 929 1720
f 756 758 1729
f 1335 756 1729
f 1958 1186 1721
f 1369 1958 1721
f 899 1680 1722
f 1358 899 1722
f 1197 1095 1723
f 1447 1197 1723
f 1023 1008 1959
f 1353 1352 1960
f 1444 1353 1960
f 1961 1447 1723
f 1851 1961 1723
f 895 605 1962
f 692 895 1962
f 1865 1728 1240
f 1293 1865 1240
f 1396 1963 1964
f 1397 1396 1964
f 500 499 1725
f 1344 500 1725
f 1358 1319 1870
f 1290 1358 1870
f 771 1565 1688
f 803 771 1688
f 1735 1965 1726
f 1307 1735 1726
f 1966 1967 1838
f 275 277 1740
f 1742 275 1740
f 1710 1650 1658
f 1626 1710 1658
f 1968 1969 1970
f 1971 990 1972
f 439 1588 1760
f 1879 1763 1705
f 1524 1879 1705
f 537 1659 1739
f 1743 93 1715
f 1808 1743 1715
f 1973 1521 1764
f 645 1973 1764
f 1974 665 1773
f 696 1404 1835
f 1466 807 1751
f 1075 1466 1751
f 1646 1355 1975
f 1273 1646 1975
f 1883 816 1976
f 1607 730 1755
f 1948 1947 1884
f 1614 1948 1884
f 1948 1614 1263
f 1696 1948 1263
f 1878 1699 1458
f 1759 1174 1733
f 1850 1759 1733
f 1164 1045 1977
f 1888 1316 1733
f 1174 1888 1733
f 1978 1783 1979
f 1443 1980 1679
f 534 1119 1788
f 1589 534 1788
f 542 1706 1705
f 1763 542 1705
f 1956 1785 911
f 913 1956 911
f 1253 1781 1879
f 1855 703 957
f 959 1855 957
f 1088 1090 1981
f 1127 1128 838
f 1031 1127 838
f 1072 1184 1183
f 782 1072 1183
f 1072 1455 1591
f 1184 1072 1591
f 1363 1585 1807
f 1657 1506 1736
f 1315 1657 1736
f 1734 1409 1850
f 1982 1983 769
f 1622 1984 1985
f 1610 1734 1736
f 1506 1610 1736
f 1435 1664 1837
f 1341 1435 1837
f 1986 1091 1743
f 1880 1986 1743
f 335 1987 575
f 317 1716 1870
f 1738 1623 1523
f 1522 1738 1523
f 1655 1195 1950
f 1146 1846 1245
f 1655 1259 1988
f 1989 1001 214
f 908 648 1990
f 1500 489 1991
f 1669 863 865
f 971 1639 1638
f 971 677 1639
f 1792 919 1562
f 288 1186 1816
f 1375 1324 1360
f 1915 1724 1725
f 1223 1992 1993
f 82 81 89
f 1621 1108 1749
f 1407 1455 812
f 1822 1826 1828
f 1893 1258 1660
f 1194 1106 1994
f 1664 1371 1837
f 1995 1849 1996
f 1807 1955 1363
f 1741 1990 1742
f 1997 1991 489
f 462 1669 1998
f 1722 1680 1999
f 2000 1596 1668
f 1818 1277 1082
f 1832 1607 1755
f 830 1887 2001
f 1746 1745 1445
f 810 809 1057
f 707 1462 501
f 2002 1690 1477
f 1975 1355 2003
f 1025 521 2004
f 2005 1587 1620
f 1547 2006 1314
f 2007 580 579
f 2006 1547 2008
f 2009 1153 351
f 2010 1953 181
f 1347 1346 1932
f 1426 1903 2011
f 1444 1157 2012
f 2013 2014 1992
f 2015 179 181
f 2016 1681 1683
f 2017 2018 482
f 491 2017 482
f 2019 1480 1170
f 946 1620 1619
f 2020 1774 1771
f 1410 1241 2021
f 1997 489 488
f 82 89 2022
f 2023 1087 1468
f 1194 1994 2024
f 602 601 1737
f 1558 51 1927
f 1496 57 2025
f 1136 1290 2026
f 1091 1986 1888
f 1174 1091 1888
f 2027 1528 1631
f 2028 1718 1717
f 1636 2028 1717
f 1297 162 2029
f 2030 1878 1399
f 2031 214 261
f 1953 2031 261
f 2032 1422 389
f 865 2033 1669
f 1871 2034 1799
f 2035 1422 875
f 1178 1113 2036
f 1545 2037 1944
f 2038 2039 467
f 1534 1533 1505
f 1822 1828 2040
f 1860 2041 1463
f 1584 941 2042
f 1879 1781 2043
f 1903 1902 2011
f 1366 1365 2044
f 2045 1445 646
f 529 436 1129
f 629 1351 528
f 25 629 528
f 408 1848 1847
f 409 408 1847
f 1255 1254 760
f 1557 1572 666
f 1776 1557 666
f 990 1495 2046
f 2047 1980 1443
f 1651 2047 1443
f 1168 1523 2048
f 1860 1955 2041
f 2049 2050 1881
f 2051 2052 1503
f 68 2051 1503
f 69 68 928
f 1089 2053 1090
f 292 2054 106
f 106 2054 80
f 189 2055 436
f 436 2055 1129
f 345 2056 1020
f 1020 2056 1021
f 1442 253 1671
f 344 2056 345
f 527 2003 244
f 1676 2057 2058
f 897 2059 942
f 767 2060 292
f 292 2060 2061
f 323 322 2062
f 526 2063 524
f 832 2064 2065
f 2065 2064 2066
f 1051 2067 1050
f 1742 2068 275
f 275 2068 594
f 835 837 832
f 1627 2023 786
f 368 2069 800
f 800 2069 1755
f 526 2070 2071
f 2071 2070 1851
f 561 2072 816
f 816 2072 1976
f 561 737 2072
f 2073 934 1692
f 117 2006 1059
f 810 1058 1125
f 799 2074 797
f 797 2074 1801
f 1118 2075 470
f 838 2076 1031
f 1778 2004 884
f 933 2077 1086
f 1086 2077 1862
f 1227 2078 1228
f 1228 2078 1952
f 2079 1970 2080
f 1991 1501 1500
f 980 1429 634
f 321 2015 213
f 1979 1291 1754
f 892 2019 791
f 679 2081 1171
f 1171 2081 2082
f 2083 1342 1732
f 1670 2084 1784
f 1784 2084 2085
f 1862 1378 1925
f 1384 127 1385
f 898 1756 1249
f 2086 2087 1380
f 2088 1917 1963
f 1678 2089 1453
f 1453 2089 1563
f 1143 2090 1604
f 1604 2090 1448
f 462 1566 1669
f 2091 2092 1685
f 1685 2092 1686
f 671 2093 1538
f 1538 2093 1233
f 409 1656 1791
f 970 1656 1421
f 1580 2094 1156
f 2095 2096 2039
f 660 2097 884
f 884 2097 1333
f 1331 2098 1595
f 1595 2098 2099
f 2100 1672 252
f 1755 2101 1832
f 2102 2103 1739
f 2104 2105 1915
f 1606 2106 1607
f 1958 2107 1186
f 1186 2107 1816
f 1683 2108 678
f 678 2108 679
f 1086 1691 933
f 1507 2109 1188
f 1359 2110 1653
f 147 2035 187
f 580 2042 415
f 970 1791 1656
f 1221 2111 1693
f 2112 2113 1596
f 2114 1724 2115
f 1622 1985 1523
f 1523 1985 2048
f 1407 1814 842
f 2116 1280 2117
f 829 2118 618
f 618 2118 1114
f 2119 279 851
f 1679 2120 1588
f 1588 2120 1760
f 1685 2121 2091
f 2122 2123 1509
f 1233 2124 796
f 1136 2125 1416
f 1416 2125 1650
f 1413 1946 1697
f 1712 2126 1332
f 1332 2126 1333
f 2127 1373 56
f 1849 1848 1996
f 1401 2128 1400
f 1928 2026 1716
f 1990 729 2129
f 691 2027 417
f 2130 2131 2057
f 1431 2132 401
f 1634 2005 422
f 689 2133 1616
f 891 2030 2134
f 2135 747 2136
f 1381 1923 2137
f 1836 1926 759
f 631 2138 1810
f 1810 2138 1856
f 2139 1937 1973
f 460 2009 1366
f 1276 2140 34
f 1963 1945 1964
f 2141 2142 1745
f 904 2143 1163
f 361 2144 2145
f 2145 2144 894
f 438 2146 318
f 318 2146 1261
f 564 2147 741
f 741 2147 368
f 1692 2148 2073
f 1362 2149 1106
f 1106 2149 1994
f 1873 2019 892
f 1486 2150 2151
f 1115 2152 1861
f 2153 1988 1574
f 1520 1823 1709
f 255 2154 256
f 1673 2155 2156
f 2156 2157 2158
f 269 2151 579
f 579 2151 2150
f 843 1971 1692
f 2159 1117 2160
f 1225 2013 1223
f 1776 2161 289
f 2083 1343 1342
f 1300 2017 491
f 1431 2162 2163
f 2164 2020 377
f 9 2165 1573
f 1479 2021 1241
f 1223 2166 1224
f 1077 2167 633
f 1386 2168 1881
f 1152 2169 455
f 2170 2171 2172
f 1062 2173 1678
f 1678 2173 1519
f 1292 2174 377
f 377 2174 2164
f 1507 1927 1107
f 574 2175 1488
f 1348 2176 1748
f 1748 2176 2177
f 1265 2062 1440
f 214 2031 1989
f 1422 2032 1794
f 503 1534 1209
f 828 2034 829
f 1034 2038 1317
f 1953 2178 2179
f 1709 2040 2045
f 401 2142 399
f 1250 2180 724
f 724 2180 1680
f 626 2181 627
f 1654 2087 1735
f 2182 2183 856
f 378 2184 379
f 379 2184 1172
f 2185 2186 2187
f 1962 2188 692
f 692 2188 1570
f 760 2189 1255
f 1482 2190 1896
f 1896 2190 1897
f 24 2191 407
f 273 2050 891
f 2050 2049 1878
f 1677 2130 2057
f 1676 1677 2057
f 81 80 2054
f 1908 81 2054
f 621 620 2192
f 2054 292 2061
f 1908 2054 2061
f 1359 2059 2110
f 2193 2194 2140
f 2059 1359 943
f 942 2059 943
f 471 470 2075
f 1357 471 2075
f 697 1156 2094
f 1873 697 2094
f 671 501 2093
f 1500 2195 2196
f 555 613 1387
f 1776 555 1387
f 2063 526 2071
f 2064 832 837
f 836 2064 837
f 2067 1051 2197
f 1675 2067 2197
f 2068 982 550
f 594 2068 550
f 858 1283 1282
f 837 835 2076
f 838 837 2076
f 844 843 1691
f 1086 844 1691
f 2023 1627 1749
f 1087 2023 1749
f 2069 368 2147
f 1904 2069 2147
f 1024 1025 905
f 2070 526 1036
f 1935 2070 1036
f 898 1718 1756
f 1568 1070 1909
f 1486 1568 1909
f 2056 2198 1304
f 1021 2056 1304
f 1382 1381 2137
f 1833 1382 2137
f 2074 799 1444
f 1960 2074 1444
f 2163 626 625
f 1431 2163 625
f 1035 282 444
f 1108 1035 444
f 2004 1778 905
f 1025 2004 905
f 1726 1965 1954
f 2078 1227 1888
f 1986 2078 1888
f 387 2199 2200
f 51 1558 2201
f 49 51 2201
f 767 2202 2060
f 572 917 1187
f 1008 572 1187
f 2067 1675 1674
f 2203 2067 1674
f 1362 13 622
f 1295 1362 622
f 2015 321 323
f 1284 1801 2204
f 1388 1284 2204
f 1375 1360 127
f 1384 1375 127
f 2081 679 2108
f 2084 1670 1672
f 2100 2084 1672
f 896 604 2205
f 1953 2010 2178
f 1625 830 2001
f 1663 1625 2001
f 1396 2206 2106
f 979 454 825
f 980 979 825
f 229 228 885
f 2070 1935 1961
f 1851 2070 1961
f 2071 1851 2207
f 1783 703 1291
f 1979 1783 1291
f 776 1748 2177
f 1429 635 634
f 2208 1644 2209
f 2089 1678 1937
f 2139 2089 1937
f 8 1255 2165
f 9 8 2165
f 1427 251 253
f 1442 1427 253
f 2210 62 61
f 2211 1048 2212
f 586 1527 2213
f 1103 1448 2090
f 1104 1103 2090
f 2069 1904 2101
f 1755 2069 2101
f 2092 2091 1343
f 2083 2092 1343
f 1613 1617 1619
f 1586 1613 1619
f 2214 1462 2215
f 1233 2093 2124
f 718 717 2216
f 2217 1114 2118
f 2218 2217 2118
f 1300 2219 2017
f 363 1217 1339
f 1210 363 1339
f 1100 997 1505
f 1479 1589 2021
f 2097 660 2220
f 2170 2097 2220
f 2098 1331 2170
f 2172 2098 2170
f 2064 836 1169
f 2066 2064 1169
f 2221 390 1491
f 1436 2222 2223
f 2105 2085 2084
f 2100 2105 2084
f 2105 2100 2115
f 1915 2105 2115
f 730 1607 2106
f 2107 1958 1863
f 1645 2107 1863
f 1583 1475 2224
f 2225 1693 2111
f 335 1489 1853
f 1902 10 2226
f 1493 1447 1961
f 1935 1493 1961
f 860 575 1987
f 827 1858 2146
f 438 827 2146
f 1246 1439 2227
f 563 1904 2147
f 564 563 2147
f 1362 1295 2149
f 1992 1223 2013
f 1875 2228 2229
f 2230 1989 2179
f 2182 2230 2179
f 2109 1507 1689
f 2035 147 389
f 1422 2035 389
f 2231 2232 2072
f 631 1272 2138
f 1130 1129 2055
f 1176 1168 2048
f 1767 1718 2028
f 306 406 1791
f 970 306 1791
f 2042 580 2007
f 1584 2042 2007
f 908 1990 2233
f 909 908 2233
f 2133 2234 2235
f 1616 2133 2235
f 2236 1570 2188
f 1960 2237 2238
f 1809 274 111
f 2218 2118 1871
f 1820 1074 1658
f 2120 1679 1980
f 2239 2120 1980
f 1652 1380 2087
f 1654 1652 2087
f 1446 1825 2215
f 1462 1446 2215
f 2125 1136 2026
f 1928 2125 2026
f 1275 1947 1946
f 1413 1275 1946
f 12 34 2140
f 1792 490 2196
f 919 1792 2196
f 1880 1952 2078
f 1986 1880 2078
f 1511 1261 2146
f 1858 1511 2146
f 272 1881 2050
f 273 272 2050
f 1766 1767 1897
f 1497 1760 2120
f 2239 1497 2120
f 1720 449 1003
f 926 1720 1003
f 426 430 1945
f 1963 426 1945
f 1690 2002 2240
f 2027 691 1765
f 1528 2027 1765
f 2132 1431 625
f 2097 2170 1331
f 1333 2097 1331
f 2133 2241 2242
f 2234 2133 2242
f 1797 976 1298
f 1912 1797 1298
f 2030 891 2050
f 1878 2030 2050
f 461 807 1566
f 462 461 1566
f 1917 426 1963
f 2223 1434 1436
f 2243 1772 2046
f 1510 462 1998
f 1703 11 2191
f 2009 460 245
f 1153 2009 245
f 2244 2081 2108
f 408 1559 1848
f 2082 2081 2245
f 2143 904 905
f 1778 2143 905
f 894 2144 999
f 2083 2218 2092
f 1862 2077 1378
f 1727 427 1917
f 1606 1727 1917
f 1876 1875 2169
f 1152 1876 2169
f 746 2246 2220
f 2247 2248 2242
f 570 2249 1750
f 2150 1486 1909
f 1843 2250 451
f 1577 1732 1342
f 1837 1577 1342
f 2164 2251 2252
f 693 1570 1747
f 1445 2045 1746
f 2253 2071 2207
f 2179 1989 2031
f 1953 2179 2031
f 226 1295 622
f 763 226 622
f 2254 2255 1534
f 1887 1811 2001
f 356 1924 1926
f 1836 356 1926
f 1818 1176 2155
f 910 909 2002
f 1477 910 2002
f 122 377 2020
f 1771 122 2020
f 927 2164 2184
f 378 927 2184
f 1784 2085 2245
f 1900 1784 2245
f 833 1793 2256
f 834 833 2256
f 874 244 2003
f 1355 874 2003
f 581 884 2004
f 521 581 2004
f 755 217 2257
f 1433 755 2257
f 817 422 2005
f 1620 817 2005
f 482 2018 1920
f 403 482 1920
f 196 856 2183
f 1765 196 2183
f 268 1486 2151
f 269 268 2151
f 951 1314 2006
f 117 951 2006
f 1062 1066 2173
f 1926 1925 1378
f 759 1926 1378
f 1152 981 2258
f 887 1366 2009
f 351 887 2009
f 180 1237 2010
f 181 180 2010
f 1971 843 821
f 990 1971 821
f 1424 1426 2011
f 2259 1424 2011
f 1353 1444 2012
f 1417 834 2256
f 1656 1643 1542
f 1421 1656 1542
f 1286 1317 2038
f 467 1286 2038
f 2260 1288 441
f 746 2136 747
f 1979 2261 2262
f 2161 1776 1387
f 1576 2161 1387
f 1343 2091 1708
f 1341 1343 1708
f 261 213 2015
f 181 261 2015
f 936 791 2019
f 1170 936 2019
f 1278 946 1619
f 1617 1278 1619
f 1273 1975 2162
f 1431 1273 2162
f 1554 1900 2263
f 1555 1554 2263
f 2215 1825 684
f 794 2215 684
f 1574 1573 2165
f 665 2264 2175
f 574 665 2175
f 1630 1754 1291
f 702 1630 1291
f 2166 1223 1993
f 2142 475 1745
f 770 769 1983
f 410 82 2022
f 1495 410 2022
f 2168 1386 613
f 1642 786 2023
f 1468 1642 2023
f 642 1172 2174
f 1292 642 2174
f 312 1558 1927
f 1507 312 1927
f 1470 1798 2025
f 57 1470 2025
f 2033 865 1488
f 2175 2033 1488
f 2265 1473 1472
f 1026 1739 2180
f 1250 1026 2180
f 2266 935 934
f 2073 2266 934
f 1348 347 2176
f 2062 1265 1264
f 323 2062 1264
f 2267 1850 1409
f 1937 1519 1521
f 1973 1937 1521
f 1870 1716 2026
f 1290 1870 2026
f 1763 1879 2043
f 1761 1763 2043
f 2058 2057 1827
f 1200 1574 1988
f 1259 1200 1988
f 1143 2268 2090
f 418 417 2027
f 1631 418 2027
f 1073 1031 2076
f 1911 1073 2076
f 1224 2134 2030
f 1399 1224 2030
f 2032 389 2024
f 1874 1876 2269
f 1257 2270 2271
f 1660 1257 2271
f 1945 1698 2272
f 1964 1945 2272
f 1534 503 2254
f 2272 1698 1923
f 1381 2272 1923
f 2273 1037 1039
f 1800 1799 2034
f 828 1800 2034
f 2274 187 2035
f 1972 990 2046
f 1811 2275 2001
f 2182 2276 2183
f 1505 2277 1100
f 505 842 1814
f 1365 1463 2041
f 2278 1365 2041
f 2142 401 2132
f 1741 1829 2233
f 2279 627 2181
f 1962 1757 2188
f 2184 2164 2174
f 1172 2184 2174
f 1708 2091 2280
f 2186 1653 2110
f 546 415 2042
f 941 546 2042
f 1609 1608 2281
f 1764 1709 2045
f 646 1764 2045
f 934 933 1691
f 1692 934 1691
f 2190 1482 1481
f 2044 1365 2278
f 444 1087 1749
f 1108 444 1749
f 2282 2283 2212
f 733 1803 1805
f 885 881 1189
f 1402 1323 2284
f 1008 1187 1959
f 1501 1991 2013
f 1225 1501 2013
f 1954 1831 1647
f 1726 1954 1647
f 1044 1429 2273
f 1853 1852 1987
f 335 1853 1987
f 2285 2267 2265
f 2258 981 1914
f 2008 2286 2037
f 1379 1378 2077
f 2040 1828 1746
f 2045 2040 1746
f 2061 2060 2287
f 2288 2061 2287
f 1823 1822 2040
f 1709 1823 2040
f 2289 1849 1995
f 2187 2290 2185
f 2291 2292 2293
f 2290 2187 2205
f 2172 2171 2294
f 1113 1018 2036
f 999 2144 2295
f 1505 1209 1534
f 1985 2296 2048
f 1854 1648 1647
f 1831 1854 1647
f 2256 1793 2297
f 2007 579 2150
f 1998 1669 2033
f 253 252 1672
f 1671 253 1672
f 2298 2134 2166
f 1915 2115 1724
f 210 2299 2300
f 2060 2301 2287
f 273 334 271
f 586 585 1527
f 2261 2302 2303
f 737 2231 2072
f 1867 1869 2016
f 809 1000 999
f 1256 1029 2304
f 1555 1681 2305
f 2306 2282 2212
f 1990 648 729
f 835 834 1419
f 396 398 1579
f 1195 2307 1950
f 2308 2309 2310
f 1243 1420 1405
f 2294 2311 2312
f 920 591 1999
f 1603 1601 2313
f 2314 1159 2153
f 1596 2000 2112
f 892 1150 1873
f 2096 1929 1931
f 1052 725 229
f 2233 1990 1741
f 2315 1949 1951
f 1112 1666 2316
f 2317 1924 1824
f 1181 1165 1164
f 2258 1876 1152
f 855 2318 322
f 2134 1224 2166
f 2193 2319 2320
f 1931 2039 2096
f 1995 2051 2321
f 1426 2291 1903
f 560 2293 737
f 344 2198 2056
f 2229 2169 1875
f 1661 2322 709
f 1628 1965 2323
f 620 1172 642
f 2203 2309 1592
f 1401 2324 2128
f 854 853 2325
f 1098 854 2325
f 2326 1529 206
f 2327 2328 2329
f 2330 2308 2310
f 1876 2331 2269
f 708 1640 2332
f 709 708 2332
f 1001 1989 2333
f 1154 1001 2333
f 2334 1626 1531
f 2224 1475 2335
f 2336 2075 1118
f 757 756 2337
f 881 757 2337
f 375 1901 2338
f 560 375 2338
f 2339 505 1814
f 183 2339 1814
f 1834 1833 2340
f 2341 1085 1084
f 1977 1045 2342
f 2343 1023 2344
f 1635 434 2345
f 2346 1481 1483
f 133 696 2347
f 135 133 2347
f 1491 822 2348
f 1077 1078 2349
f 1503 2350 6
f 1504 1503 6
f 1982 769 1329
f 2351 2207 1632
f 1593 1592 2352
f 825 824 2353
f 1806 1585 2354
f 2355 598 1864
f 1838 998 1966
f 2356 2021 1589
f 1788 2356 1589
f 111 2357 1809
f 1830 1741 1740
f 2358 2359 2360
f 1023 1959 2344
f 1802 2361 1430
f 1859 647 2362
f 2363 2318 2364
f 1097 1220 2364
f 1798 1800 2025
f 522 2365 1605
f 606 2366 2367
f 2368 1096 958
f 1219 1097 338
f 1279 1550 2369
f 2370 1897 2190
f 2371 2044 2278
f 2372 2311 2294
f 2171 2372 2294
f 888 1510 1998
f 1841 1298 367
f 643 642 1916
f 2331 1876 2258
f 1875 1874 2373
f 1995 2374 2289
f 2375 2376 2261
f 2377 2378 1918
f 409 1847 2379
f 2380 2381 2382
f 1302 2380 2382
f 1839 2383 1857
f 2384 986 907
f 1891 680 2385
f 1928 2386 2125
f 1766 2279 2387
f 2388 1766 2387
f 2302 2389 2390
f 2303 2302 2390
f 1373 2127 59
f 2391 2163 2162
f 2392 2391 2162
f 2139 1047 2393
f 2089 2139 2393
f 2261 2303 2262
f 1556 1644 2394
f 2395 2396 2397
f 2043 1781 2398
f 2392 2162 1975
f 2399 1119 535
f 2400 2230 718
f 2401 2029 2402
f 1965 1628 2403
f 1954 1965 2403
f 2404 2305 1681
f 2405 599 600
f 1683 1682 2406
f 2108 1683 2406
f 2407 1955 1807
f 2229 2158 2408
f 2409 2410 102
f 2411 1707 1234
f 1770 1660 2412
f 2413 1790 1789
f 1674 1673 2414
f 2160 1117 1116
f 2197 2415 1675
f 2416 2037 1545
f 2417 2041 1955
f 579 2418 269
f 2419 2273 1039
f 2029 162 2420
f 2402 2029 2421
f 775 920 2422
f 2423 2424 2425
f 1336 1191 2426
f 1281 1280 2116
f 2427 1164 1977
f 229 2428 1052
f 2429 1140 432
f 2367 2430 606
f 1366 2044 2431
f 6 452 11
f 4 6 11
f 528 1351 413
f 412 528 413
f 1592 2309 2352
f 1661 1951 2322
f 1996 1848 1559
f 2350 1996 1559
f 2432 2318 855
f 1287 2432 855
f 1616 2235 1603
f 2433 1958 1369
f 1442 2433 1369
f 1238 848 270
f 1017 1238 270
f 2434 10 1902
f 1901 2434 1902
f 1847 1849 2435
f 870 2191 24
f 26 870 24
f 2436 1676 2058
f 2437 2315 1951
f 1661 1403 1951
f 1978 2368 1783
f 828 2438 1800
f 136 128 255
f 255 128 1939
f 2274 2439 187
f 187 2439 188
f 184 183 2440
f 812 183 1814
f 2423 190 2441
f 166 2442 21
f 21 2442 496
f 458 1499 1890
f 2443 381 2444
f 1246 2445 1247
f 1247 2445 251
f 455 2446 453
f 453 2446 1564
f 847 522 1605
f 42 2447 189
f 189 2447 2055
f 248 2195 458
f 515 663 1129
f 1129 663 529
f 869 2448 1703
f 619 2299 209
f 209 2299 210
f 747 643 748
f 748 643 2449
f 567 2450 1269
f 1269 2450 2451
f 1843 668 2250
f 2316 2452 1112
f 77 2453 78
f 78 2453 859
f 1920 2334 403
f 627 2370 749
f 749 2370 2454
f 802 2455 1098
f 1098 2455 1099
f 2274 2456 2457
f 2197 903 2458
f 2274 906 2456
f 1120 808 1028
f 1028 808 810
f 59 930 2459
f 859 2342 1898
f 1898 2342 2460
f 640 2277 698
f 1066 1065 2173
f 2270 1111 2271
f 586 2461 953
f 953 2461 1237
f 153 221 780
f 222 2462 661
f 661 2462 895
f 1414 2463 940
f 940 2463 704
f 1144 2355 1450
f 1550 1219 2369
f 256 1270 156
f 156 1270 876
f 2464 1271 1270
f 467 2465 357
f 357 2465 355
f 1323 1297 2284
f 749 2346 473
f 473 2346 2466
f 2395 1309 2396
f 2302 2467 2389
f 1300 1336 2219
f 1818 2458 1277
f 598 1211 485
f 2189 1379 2468
f 1282 1388 2469
f 1162 2444 1053
f 2000 2470 2312
f 2312 2470 2471
f 688 2472 689
f 686 1405 2473
f 1052 2345 916
f 1601 1437 2313
f 1550 1441 1219
f 1394 2474 717
f 717 2474 2216
f 1418 1454 1419
f 1667 2475 1381
f 1381 2475 2272
f 1415 2476 1697
f 1697 2476 1413
f 999 2371 809
f 5 1504 6
f 1512 1513 1167
f 732 2211 733
f 698 1535 493
f 493 1535 1665
f 2477 1539 2478
f 1090 2479 1981
f 1895 1578 1894
f 1894 1578 1846
f 1434 2348 1642
f 2480 2481 2308
f 2308 2481 2309
f 2291 1602 2292
f 355 1930 2482
f 1199 2349 1549
f 1288 1711 1289
f 1289 1711 1332
f 1615 1687 280
f 1805 1694 2483
f 1439 1695 2227
f 17 1699 2484
f 1994 1700 2024
f 2024 1700 2032
f 2111 2285 2225
f 645 2485 1973
f 1973 2485 2139
f 135 1940 1612
f 1612 1940 1702
f 1790 2199 388
f 388 2199 387
f 1665 2255 1651
f 1770 1730 777
f 1745 1744 2141
f 2131 1744 2486
f 605 1758 1962
f 1962 1758 1757
f 1256 1030 1029
f 1079 2487 1512
f 1512 2487 2488
f 2282 1803 2283
f 1482 1804 1483
f 191 2489 347
f 347 2489 2176
f 2152 1817 1553
f 1553 1817 1645
f 915 1936 732
f 1885 1820 1928
f 1928 1820 2386
f 1822 1824 2490
f 356 1824 1924
f 1827 1826 2491
f 1827 2486 1828
f 1433 1830 1432
f 397 1839 1857
f 2221 1841 390
f 1845 1842 86
f 1598 2411 795
f 1668 2492 2000
f 1735 1867 1965
f 1965 1867 2323
f 1969 2304 1970
f 1997 2014 1991
f 1991 2014 2013
f 860 1877 1285
f 1285 1877 324
f 2111 1886 2285
f 1597 1892 2493
f 2259 2351 1424
f 1424 2351 2494
f 1899 2495 1782
f 1178 2441 258
f 1787 1906 1788
f 1788 1906 1408
f 1520 2317 1823
f 1823 2317 1824
f 2249 2496 2282
f 2282 2496 1803
f 1710 1921 1649
f 2497 2491 2482
f 2482 2491 1826
f 2498 1933 2477
f 1994 1701 1700
f 1515 1938 1513
f 1689 2095 2109
f 1706 1941 1835
f 161 2499 162
f 162 2499 2420
f 1761 1966 1833
f 1969 1968 2451
f 451 2362 150
f 665 1974 2264
f 2264 1974 889
f 1992 2500 2397
f 1887 1982 1637
f 1608 1984 2281
f 2257 2501 1433
f 1293 2502 1543
f 1543 2502 1598
f 1452 2503 1636
f 1636 2503 2028
f 1133 2404 1869
f 2301 2504 2287
f 2423 2036 2424
f 698 1533 1535
f 2121 2505 2303
f 2374 2506 1122
f 1503 2052 2350
f 2350 2052 1996
f 334 2300 271
f 271 2300 2299
f 215 2507 498
f 747 641 643
f 944 2493 1452
f 1058 2407 1125
f 939 2508 940
f 940 2508 1415
f 1919 2080 1125
f 1125 2080 1029
f 2293 2509 737
f 737 2509 2231
f 543 2510 714
f 714 2510 206
f 1605 2511 1310
f 2512 2102 1659
f 1659 2102 1739
f 1934 2104 1932
f 1473 1907 1906
f 2312 2112 2000
f 1246 2114 2445
f 1684 2117 1685
f 1685 2117 2121
f 113 2119 670
f 670 2119 851
f 1526 2122 1631
f 1631 2122 1509
f 2215 2124 2214
f 2443 1712 1711
f 1990 2129 1742
f 1742 2129 2068
f 1674 2513 2203
f 926 2251 927
f 927 2251 2164
f 1149 2136 900
f 1900 2244 2263
f 2131 2141 1744
f 710 2148 2514
f 1852 2515 1987
f 1987 2515 860
f 2464 2154 2516
f 288 2160 287
f 1832 2517 1582
f 1582 2517 1199
f 2187 2518 2205
f 2101 2167 1832
f 2516 2519 2520
f 2520 2519 2521
f 2186 2185 2522
f 2523 2185 2524
f 2343 2525 2526
f 2168 2049 1881
f 2192 2527 621
f 95 2194 688
f 688 2194 2193
f 2152 1815 1817
f 1304 2198 2528
f 2075 2478 1357
f 1357 2478 1539
f 2077 2468 1379
f 1919 2079 2080
f 969 2202 861
f 861 2202 767
f 138 129 136
f 136 129 128
f 959 2459 745
f 745 2459 930
f 2172 2471 2098
f 1395 2206 1396
f 2477 2336 2498
f 2498 2336 2529
f 416 2210 2530
f 586 2213 2276
f 2276 2213 2183
f 2093 2214 2124
f 1512 1514 1513
f 1491 2222 2221
f 2221 2222 2531
f 1119 2469 1787
f 1787 2469 1388
f 2265 2225 2285
f 2343 2226 2448
f 1724 2227 1695
f 2359 2253 2360
f 2360 2253 2532
f 2229 2228 2158
f 2158 2228 2156
f 2055 2533 1130
f 2028 2335 1767
f 1916 2534 2327
f 2535 2536 2504
f 2163 2236 626
f 1924 2537 1925
f 1925 2537 2538
f 492 2483 988
f 988 2483 1694
f 2311 2539 2540
f 1471 2237 1352
f 1352 2237 1960
f 2531 1840 2221
f 2221 1840 1841
f 1662 2541 330
f 330 2541 2511
f 2257 2240 2501
f 2520 2241 2472
f 1149 2135 2136
f 1491 2223 2222
f 1772 2243 175
f 175 2243 2542
f 1102 2413 1942
f 2171 2246 2543
f 2231 2248 2232
f 1882 2530 848
f 1859 2250 668
f 1540 2412 1633
f 2207 2532 2253
f 2255 2254 2544
f 1100 2545 1667
f 2012 2384 1353
f 2443 2260 2507
f 1979 2262 1978
f 1096 2546 1280
f 1280 2546 2505
f 1576 2547 2161
f 1626 1922 1710
f 1710 1922 1921
f 1412 2548 1939
f 1939 2548 255
f 1887 1983 1982
f 2062 2363 1440
f 1789 2457 1957
f 1957 2457 2456
f 1790 2268 2199
f 2324 2528 2128
f 2128 2528 2198
f 1759 2549 1175
f 1175 2549 1043
f 469 2275 1812
f 1812 2275 1811
f 1433 1829 1830
f 1897 2279 1766
f 1757 2550 2188
f 2303 2280 2121
f 2121 2280 2091
f 1902 2526 2011
f 733 2283 1803
f 2029 2284 1297
f 1429 2353 2273
f 1662 1914 1423
f 2037 2286 2551
f 784 2288 1629
f 1816 2159 288
f 288 2159 2160
f 2290 2524 2185
f 1972 2514 1971
f 2293 2292 2552
f 1603 2292 1602
f 2044 2295 2431
f 1034 2553 2038
f 2038 2553 2039
f 2087 1868 1735
f 1735 1868 1867
f 2043 1967 1761
f 1761 1967 1966
f 2158 2296 2408
f 1276 2319 2140
f 2140 2319 2193
f 2033 2554 1998
f 1998 2554 888
f 102 2113 2540
f 2540 2113 2112
f 356 2490 1824
f 413 2555 414
f 1895 1579 1578
f 448 2437 1403
f 1403 2437 1951
f 1536 2313 1437
f 2189 2314 2556
f 1891 2315 2437
f 2516 2320 2464
f 2464 2320 2319
f 2106 2088 1396
f 1396 2088 1963
f 1995 2321 2374
f 2374 2321 2506
f 2096 2551 1929
f 1929 2551 2286
f 2016 2323 1867
f 613 2484 2168
f 2168 2484 1699
f 496 2325 853
f 2059 2557 2110
f 2110 2557 2518
f 370 664 1020
f 1020 664 663
f 828 2558 2438
f 710 2559 711
f 711 2559 1772
f 640 2560 2545
f 1002 2332 1640
f 2230 2333 1989
f 1046 2200 1143
f 1268 2561 1071
f 1071 2561 1069
f 811 2440 812
f 812 2440 183
f 872 2529 1118
f 1118 2529 2336
f 992 2337 756
f 1361 2562 1412
f 1412 2562 2519
f 969 2410 2301
f 182 2339 183
f 206 2340 2326
f 1085 2341 1326
f 1326 2341 2474
f 1356 2563 1296
f 1311 2460 1045
f 1045 2460 2342
f 2360 2344 2358
f 1885 1821 1820
f 1483 2466 2346
f 1835 2347 696
f 1230 2564 1882
f 655 2565 1913
f 1913 2565 2564
f 1562 2473 2297
f 948 2494 1632
f 1632 2494 2351
f 1150 2566 1149
f 1149 2566 2527
f 400 2567 1646
f 1646 2567 2563
f 2479 2354 1584
f 1584 2354 1585
f 1583 1864 683
f 1414 2568 2239
f 2239 2568 1497
f 1408 2356 1788
f 1899 2357 2495
f 1959 2358 2344
f 1272 2361 2138
f 330 2365 331
f 331 2365 522
f 895 2366 606
f 1006 1487 28
f 1634 2569 2005
f 2005 2569 1587
f 338 2369 1219
f 1481 2454 2190
f 2190 2454 2370
f 1866 2570 1383
f 1383 2570 1889
f 1993 2488 2166
f 1916 2449 643
f 333 2571 1203
f 1203 2571 1204
f 1912 2375 1753
f 1753 2375 1754
f 1950 2377 1655
f 1644 2379 2209
f 1401 2381 2324
f 1401 2382 2381
f 2378 2385 2555
f 1658 2386 1820
f 1756 2388 1757
f 2181 2387 2279
f 2165 2556 1574
f 2531 2376 1912
f 1912 2376 2375
f 2233 2572 909
f 58 2127 56
f 2573 2574 1239
f 1239 2574 1231
f 1049 2393 1047
f 777 2394 778
f 1289 2575 1287
f 1287 2575 2432
f 1781 2383 2398
f 1838 2383 1839
f 1838 2398 2383
f 2242 2521 2247
f 89 2542 2022
f 2022 2542 2243
f 1282 2399 858
f 1154 2400 1084
f 1402 2401 2247
f 971 2403 1628
f 2177 2405 776
f 2263 1682 1555
f 1555 1682 1681
f 2263 2406 1682
f 1134 2086 1380
f 1980 2576 2239
f 2239 2576 1414
f 1774 2252 1640
f 1640 2252 2251
f 2155 2157 2156
f 2173 2538 1519
f 2535 2409 2539
f 1680 2103 1999
f 1999 2103 2102
f 1801 2238 2204
f 2204 2238 2237
f 77 2577 2452
f 1874 2414 2373
f 2155 2415 1818
f 2006 2416 1059
f 1057 2417 1058
f 382 2418 579
f 1311 2419 913
f 2029 2420 2421
f 1883 2421 2420
f 775 2422 2578
f 1180 2578 2480
f 2480 2578 2422
f 1018 2424 2036
f 1684 2116 2117
f 1164 2427 1181
f 1181 2427 1666
f 1189 2428 885
f 885 2428 229
f 1795 2429 1339
f 2205 2430 2290
f 2235 2552 1603
f 1603 2552 2292
f 1671 2433 1442
f 2523 2522 2185
f 2523 2435 2522
f 478 2123 2122
f 1999 2579 920
f 920 2579 2422
f 2008 2436 2286
f 2368 1978 2546
f 1096 2368 2546
f 2439 2274 2457
f 1789 2439 2457
f 2442 166 802
f 1098 2442 802
f 1499 458 2195
f 1500 1499 2195
f 359 361 2145
f 223 359 2145
f 192 258 2441
f 190 192 2441
f 12 2140 2194
f 95 12 2194
f 2446 455 2169
f 2229 2446 2169
f 217 309 308
f 2257 217 308
f 2447 42 219
f 290 2447 219
f 2195 248 919
f 2196 2195 919
f 663 515 345
f 1020 663 345
f 2448 869 1023
f 2343 2448 1023
f 2299 619 967
f 271 2299 967
f 2442 1098 2325
f 496 2442 2325
f 2450 567 1111
f 2270 2450 1111
f 55 54 930
f 59 55 930
f 1977 2453 2316
f 502 397 396
f 939 502 396
f 1806 2053 2079
f 1919 1806 2079
f 1225 1399 1459
f 1501 1225 1459
f 1346 671 1539
f 2477 1346 1539
f 2453 1977 2342
f 859 2453 2342
f 833 832 2065
f 488 833 2065
f 2334 1920 1922
f 1626 2334 1922
f 2208 2580 778
f 625 624 866
f 2132 625 866
f 2370 627 2279
f 1897 2370 2279
f 2455 802 903
f 2197 2455 903
f 2455 2197 1051
f 1099 2455 1051
f 1126 76 839
f 478 1126 839
f 325 732 734
f 492 325 734
f 808 1120 1000
f 809 808 1000
f 1896 1475 1474
f 1482 1896 1474
f 730 2106 2206
f 532 730 2206
f 2581 2307 2266
f 2073 2581 2266
f 2277 640 2545
f 1100 2277 2545
f 221 153 2462
f 222 221 2462
f 1151 956 1050
f 1592 1151 1050
f 2462 153 2366
f 895 2462 2366
f 2581 2073 2148
f 2463 1414 2576
f 2544 2463 2576
f 2301 2060 2202
f 969 2301 2202
f 2355 1144 1211
f 598 2355 1211
f 2450 2270 1969
f 2451 2450 1969
f 239 86 1842
f 451 239 1842
f 1270 256 2154
f 2464 1270 2154
f 2465 467 2039
f 1931 2465 2039
f 1750 2306 2485
f 645 1750 2485
f 882 881 2337
f 992 882 2337
f 1322 160 1297
f 1323 1322 1297
f 2346 749 2454
f 1481 2346 2454
f 1266 523 522
f 847 1266 522
f 2458 1818 2415
f 2197 2458 2415
f 801 1277 2458
f 903 801 2458
f 2461 2178 2010
f 1237 2461 2010
f 1327 1326 2474
f 1394 1327 2474
f 2444 1162 1163
f 2099 2470 2582
f 2472 688 2193
f 2345 1052 2583
f 1635 2345 2583
f 1426 1425 1602
f 2291 1426 1602
f 2475 1667 2584
f 1397 2475 2584
f 1546 1296 2563
f 2476 1415 2508
f 1895 2476 2508
f 2476 1895 1777
f 1413 2476 1777
f 2371 999 2295
f 2044 2371 2295
f 2211 732 1936
f 1048 2211 1936
f 1535 1534 2255
f 1665 1535 2255
f 262 1635 2577
f 77 262 2577
f 2348 1434 2223
f 1491 2348 2223
f 1274 1372 1687
f 1615 1274 1687
f 1263 1497 2568
f 1696 1263 2568
f 1930 355 2465
f 1931 1930 2465
f 2349 1199 2517
f 1077 2349 2517
f 1551 1114 2217
f 1732 1551 2217
f 1558 47 46
f 2201 1558 46
f 1616 1603 2313
f 1536 1616 2313
f 1711 1288 2260
f 2443 1711 2260
f 1580 977 1480
f 2094 1580 1480
f 1661 709 2332
f 1002 1661 2332
f 1145 1144 1892
f 1597 1145 1892
f 950 1438 1437
f 1601 950 1437
f 1578 398 1245
f 1846 1578 1245
f 1249 1756 1758
f 605 1249 1758
f 134 1594 2495
f 2267 2285 1886
f 1850 2267 1886
f 1940 135 2347
f 503 704 2254
f 504 996 1839
f 397 504 1839
f 1364 1629 2534
f 1916 1364 2534
f 1187 685 1780
f 1959 1187 1780
f 1295 1064 1910
f 2149 1295 1910
f 1079 1318 2487
f 1804 1482 1474
f 2018 2585 1921
f 1920 2018 1921
f 2489 191 190
f 2423 2489 190
f 1936 915 2515
f 1852 1936 2515
f 2486 1827 2057
f 2131 2486 2057
f 2411 1598 2502
f 1707 2411 2502
f 2586 2492 392
f 1863 1958 2433
f 1671 1863 2433
f 1044 2273 2419
f 1311 1044 2419
f 2014 1997 2500
f 1992 2014 2500
f 1877 860 2515
f 915 1877 2515
f 1918 2378 1350
f 1768 1918 1350
f 1773 1891 2437
f 448 1773 2437
f 1258 1775 1030
f 1256 1258 1030
f 1813 1775 1893
f 1769 1813 1893
f 2130 400 399
f 2131 2130 399
f 1770 1769 1893
f 1660 1770 1893
f 2351 2259 2532
f 2207 2351 2532
f 2485 2306 1047
f 2139 2485 1047
f 2357 111 134
f 2495 2357 134
f 2439 1789 388
f 188 2439 388
f 2441 1178 2036
f 2423 2441 2036
f 1906 1787 1943
f 1473 1906 1943
f 1088 1070 1069
f 1089 1088 1069
f 1910 1819 1701
f 2317 1520 2537
f 1924 2317 2537
f 1553 1555 2305
f 2152 1553 2305
f 760 759 1379
f 2189 760 1379
f 1311 913 2460
f 1415 1696 2568
f 1414 1415 2568
f 2498 1171 2082
f 1393 1587 2569
f 1913 1393 2569
f 2107 1645 1817
f 1816 2107 1817
f 1737 1738 1938
f 1515 1737 1938
f 1410 2021 2356
f 1408 1410 2356
f 1122 1328 1569
f 2374 1122 1569
f 2095 1689 1944
f 2096 2095 1944
f 1912 1298 1840
f 2531 1912 1840
f 2499 161 668
f 1843 2499 668
f 2362 451 2250
f 1859 2362 2250
f 332 1786 2587
f 1662 332 2587
f 2066 2395 2588
f 1373 59 2459
f 959 1373 2459
f 1909 1088 1981
f 2150 1909 1981
f 2516 2520 2320
f 1385 127 129
f 138 1385 129
f 2245 2081 2244
f 1900 2245 2244
f 2580 2290 2430
f 49 2201 2418
f 382 49 2418
f 2234 2242 2248
f 2231 2234 2248
f 2503 1452 1451
f 2224 2503 1451
f 2504 2301 2410
f 1765 2183 2213
f 2505 2121 2117
f 1280 2505 2117
f 1188 2109 2553
f 1034 1188 2553
f 2278 2041 2417
f 1057 2278 2417
f 2507 215 381
f 2443 2507 381
f 1923 1529 2326
f 2137 1923 2326
f 641 2192 620
f 642 641 620
f 1346 2477 1933
f 1932 1346 1933
f 1780 524 2063
f 2359 1780 2063
f 961 1597 2493
f 944 961 2493
f 2203 1592 1050
f 2067 2203 1050
f 2407 1058 2417
f 1955 2407 2417
f 2212 1048 1047
f 2306 2212 1047
f 2080 1970 2304
f 1029 2080 2304
f 2294 2312 2471
f 2172 2294 2471
f 2510 543 1762
f 1834 2510 1762
f 100 62 2210
f 416 100 2210
f 2511 1605 2365
f 330 2511 2365
f 2541 637 1310
f 2511 2541 1310
f 2102 2512 2579
f 1999 2102 2579
f 2085 2105 2104
f 1934 2085 2104
f 1472 1693 2225
f 2265 1472 2225
f 1746 1828 2486
f 1744 1746 2486
f 835 1419 1911
f 2076 835 1911
f 2119 113 158
f 2122 1526 476
f 478 2122 476
f 794 796 2124
f 2215 794 2124
f 1423 637 2541
f 1662 1423 2541
f 2513 1874 2269
f 2310 2513 2269
f 2251 926 1003
f 1640 2251 1003
f 1360 1939 128
f 127 1360 128
f 1908 2061 2288
f 784 1908 2288
f 1663 2001 2275
f 469 1663 2275
f 1584 2007 2479
f 2012 152 2384
f 2016 1683 2323
f 2517 1832 2167
f 1077 2517 2167
f 2518 2187 2186
f 2110 2518 2186
f 2154 255 2548
f 2516 2154 2548
f 830 770 1983
f 1887 830 1983
f 1083 1131 2547
f 1576 1083 2547
f 1195 935 2266
f 2307 1195 2266
f 2234 2231 2509
f 2235 2234 2509
f 2220 660 1016
f 746 2220 1016
f 1964 2272 2475
f 1397 1964 2475
f 2519 2516 2548
f 1412 2519 2548
f 1207 1609 2281
f 1624 1207 2281
f 1089 2451 1968
f 2053 1089 1968
f 2527 2192 2135
f 1149 2527 2135
f 2447 290 2533
f 2055 2447 2533
f 2129 729 982
f 2068 2129 982
f 1815 1117 2159
f 1816 1815 2159
f 1450 1452 2493
f 1892 1450 2493
f 2478 2075 2336
f 2477 2478 2336
f 2468 1159 2314
f 2189 2468 2314
f 1159 935 1196
f 2153 1159 1196
f 1394 1267 1338
f 1634 1394 1338
f 980 825 2353
f 1429 980 2353
f 1318 1139 1204
f 2557 896 2205
f 2518 2557 2205
f 2099 2098 2471
f 2470 2099 2471
f 1169 1076 1309
f 1606 1917 2088
f 2106 1606 2088
f 2018 2017 2219
f 2585 2018 2219
f 1873 2094 1480
f 2019 1873 1480
f 2469 1119 2399
f 1282 2469 2399
f 1853 1489 1563
f 1049 1853 1563
f 2226 10 1703
f 2448 2226 1703
f 2253 2359 2063
f 2071 2253 2063
f 2361 1802 1856
f 2138 2361 1856
f 2335 2028 2503
f 2224 2335 2503
f 2483 492 734
f 1805 2483 734
f 2535 2539 2328
f 2237 1471 1943
f 2204 2237 1943
f 1905 375 374
f 5 1905 374
f 343 511 393
f 1668 343 393
f 2177 2176 2425
f 360 362 1747
f 527 360 1747
f 2413 1102 1104
f 1790 2413 1104
f 2530 1882 2564
f 2412 1540 1730
f 1770 2412 1730
f 1903 2291 2338
f 1901 1903 2338
f 2008 2037 2416
f 2006 2008 2416
f 2260 441 498
f 2507 2260 498
f 1904 633 2167
f 2101 1904 2167
f 2510 1834 2340
f 206 2510 2340
f 1018 232 2424
f 2363 2062 322
f 2318 2363 322
f 2100 252 2589
f 2115 2100 2589
f 1608 1564 2408
f 2549 1759 1886
f 2111 2549 1886
f 2142 2132 866
f 475 2142 866
f 2550 1757 2388
f 2280 2303 2390
f 1708 2280 2390
f 2259 2011 2526
f 2525 2259 2526
f 2526 1902 2226
f 2343 2526 2226
f 1622 1624 2281
f 1984 1622 2281
f 1988 2153 1196
f 1655 1988 1196
f 2265 2267 1907
f 1473 2265 1907
f 2046 1772 2559
f 1972 2046 2559
f 2524 2208 2209
f 2523 2524 2209
f 2514 1972 2559
f 710 2514 2559
f 1692 1971 2514
f 2148 1692 2514
f 2293 560 2338
f 2291 2293 2338
f 2553 2109 2095
f 2039 2553 2095
f 1868 2087 2086
f 1869 1868 2086
f 1967 2043 2398
f 1838 1967 2398
f 2319 1276 1271
f 2464 2319 1271
f 2555 413 1350
f 2378 2555 1350
f 2153 1574 2556
f 2314 2153 2556
f 2586 2432 2582
f 2492 2586 2582
f 2533 290 2590
f 2228 1875 2373
f 2156 2228 2373
f 2364 2586 392
f 1097 2364 392
f 1778 1333 2126
f 2143 1778 2126
f 2083 1732 2217
f 2218 2083 2217
f 2551 2096 1944
f 2037 2551 1944
f 355 2482 2490
f 356 355 2490
f 2130 1677 2567
f 400 2130 2567
f 2484 613 15
f 17 2484 15
f 2557 2059 897
f 896 2557 897
f 369 529 664
f 370 369 664
f 437 1617 2558
f 2329 2328 2372
f 766 1302 2382
f 656 416 2565
f 655 656 2565
f 568 533 2560
f 640 568 2560
f 2200 1046 705
f 387 2200 705
f 1269 2451 2561
f 1268 1269 2561
f 831 403 2334
f 1531 831 2334
f 2561 2451 1089
f 1069 2561 1089
f 861 776 2405
f 600 861 2405
f 1896 1767 2335
f 1475 1896 2335
f 2440 811 365
f 184 2440 365
f 1402 2247 2562
f 1361 1402 2562
f 103 102 2410
f 969 103 2410
f 2340 1833 2137
f 2326 2340 2137
f 857 858 2399
f 535 857 2399
f 2341 1084 2216
f 2474 2341 2216
f 1355 1646 2563
f 1356 1355 2563
f 1395 1397 2584
f 341 916 2345
f 434 341 2345
f 1821 1947 1275
f 1074 1821 1275
f 1638 1954 2403
f 971 1638 2403
f 1393 1913 2564
f 1230 1393 2564
f 2565 416 2530
f 2564 2565 2530
f 1330 1642 2348
f 822 1330 2348
f 2473 1562 1251
f 686 2473 1251
f 653 1549 2349
f 1078 653 2349
f 2566 297 621
f 2527 2566 621
f 1831 1637 1982
f 1329 1831 1982
f 1643 409 2379
f 1644 1643 2379
f 1659 1593 2352
f 2512 1659 2352
f 1687 1492 443
f 280 1687 443
f 1037 2273 2353
f 824 1037 2353
f 892 297 2566
f 1150 892 2566
f 2567 1677 1546
f 2563 2567 1546
f 1673 1675 2415
f 2155 1673 2415
f 1259 1655 2377
f 1918 1259 2377
f 1633 2271 1111
f 266 1633 1111
f 1451 1450 2355
f 2499 1843 1844
f 1382 1833 1966
f 998 1382 1966
f 497 1279 2369
f 338 497 2369
f 1508 1809 2357
f 1899 1508 2357
f 1571 1432 1830
f 1740 1571 1830
f 891 2134 2571
f 333 891 2571
f 2327 2329 2449
f 1916 2327 2449
f 1417 2256 2570
f 1866 1417 2570
f 1201 1430 2361
f 1272 1201 2361
f 151 150 2362
f 647 151 2362
f 1794 2032 1700
f 974 1794 1700
f 957 1783 2368
f 958 957 2368
f 1400 2128 1487
f 1006 1400 1487
f 2569 1634 1338
f 1913 2569 1338
f 1210 1339 2429
f 432 1210 2429
f 1611 1782 2495
f 1594 1611 2495
f 2570 2256 2297
f 1889 2570 2297
f 1347 1932 2104
f 1915 1347 2104
f 1057 809 2371
f 2278 1057 2371
f 2298 2166 2488
f 2487 2298 2488
f 2488 1993 1514
f 1512 2488 1514
f 72 390 1841
f 367 72 1841
f 2571 2134 2298
f 1204 2571 2298
f 1872 1649 1921
f 2585 1872 1921
f 1979 1754 2375
f 2261 1979 2375
f 2209 2379 2523
f 460 1366 2431
f 361 460 2431
f 1354 1353 2384
f 907 1354 2384
f 2385 680 414
f 2555 2385 414
f 2394 1644 2208
f 778 2394 2208
f 1650 2125 2386
f 1658 1650 2386
f 604 606 2430
f 2205 604 2430
f 2388 1756 1718
f 1766 2388 1718
f 1255 2189 2556
f 2165 1255 2556
f 2232 2248 2402
f 2302 2261 2376
f 2002 909 2572
f 2572 2233 1829
f 60 59 2127
f 58 60 2127
f 1496 2025 2573
f 1239 1496 2573
f 2583 1052 2428
f 120 1059 2416
f 1545 120 2416
f 1730 1556 2394
f 777 1730 2394
f 2575 1289 1595
f 2099 2575 1595
f 1956 913 2419
f 1039 1956 2419
f 2316 1666 2427
f 1977 2316 2427
f 2504 2536 2287
f 2288 2287 2536
f 1515 2397 2396
f 1737 1515 2396
f 2562 2247 2521
f 2519 2562 2521
f 2521 2242 2241
f 2520 2521 2241
f 2003 527 2392
f 1975 2003 2392
f 2400 718 2216
f 1084 2400 2216
f 2401 2402 2248
f 2247 2401 2248
f 2016 1869 2404
f 1681 2016 2404
f 1133 1869 2086
f 1134 1133 2086
f 2576 1980 2047
f 2544 2576 2047
f 1919 1125 2407
f 1807 1919 2407
f 2020 2164 2252
f 1774 2020 2252
f 2296 1985 1984
f 2157 2048 2296
f 2158 2157 2296
f 1176 2048 2157
f 2155 1176 2157
f 1520 1519 2538
f 2537 1520 2538
f 2538 2173 1065
f 1925 2538 1065
f 2409 102 2540
f 2539 2409 2540
f 2180 1739 2103
f 1680 2180 2103
f 2238 1801 2074
f 1960 2238 2074
f 796 795 2411
f 1234 796 2411
f 2271 1633 2412
f 1660 2271 2412
f 2583 1618 2577
f 1635 2583 2577
f 2575 2099 2582
f 2432 2575 2582
f 1957 1942 2413
f 1789 1957 2413
f 2414 1673 2156
f 2373 2414 2156
f 1537 287 2160
f 1116 1537 2160
f 2418 2201 46
f 269 2418 46
f 2381 2426 2324
f 1470 1281 2116
f 2144 361 2431
f 2295 2144 2431
f 2481 2512 2352
f 2309 2481 2352
f 1950 2307 2322
f 1951 1950 2322
f 2422 2579 2480
f 1800 2438 2573
f 2025 1800 2573
f 1499 1501 1459
f 1890 1499 1459
f 308 1690 2240
f 2257 308 2240
f 374 740 1504
f 5 374 1504
f 399 2142 2141
f 2131 399 2141
f 839 840 2123
f 478 839 2123
f 893 223 2145
f 894 893 2145
f 893 780 221
f 223 893 221
f 2581 709 2322
f 2307 2581 2322
f 1016 900 2136
f 746 1016 2136
f 2277 1505 1533
f 698 2277 1533
f 1104 2090 2268
f 1790 1104 2268
f 1441 1440 1220
f 1219 1441 1220
f 1436 1590 2389
f 2467 1436 2389
f 2380 2585 2219
f 1336 2380 2219
f 1388 2204 1943
f 1787 1388 1943
f 1405 1420 1889
f 1441 1550 1695
f 1439 1441 1695
f 1454 1796 1911
f 1419 1454 1911
f 2211 2212 2283
f 733 2211 2283
f 1563 2089 2393
f 1049 1563 2393
f 1930 1929 2497
f 2482 1930 2497
f 2330 2310 2269
f 1694 1805 1804
f 1474 1694 1804
f 1699 1878 2049
f 2168 1699 2049
f 1747 1570 2391
f 1780 2359 2358
f 1959 1780 2358
f 2496 1483 1804
f 1803 2496 1804
f 2543 2329 2372
f 2171 2543 2372
f 1842 1845 1844
f 1843 1842 1844
f 2497 1929 2286
f 1933 2498 2082
f 1934 1933 2082
f 1949 2378 2377
f 1950 1949 2377
f 2378 1949 2385
f 1976 2402 2421
f 1883 1976 2421
f 1976 2072 2232
f 2402 1976 2232
f 2500 2588 2395
f 2397 2500 2395
f 1981 2479 2007
f 2150 1981 2007
f 2303 2505 2262
f 2065 2066 2588
f 488 2065 2588
f 2114 1246 2227
f 1724 2114 2227
f 2126 1712 1163
f 2143 2126 1163
f 2513 1674 2414
f 1874 2513 2414
f 2244 2108 2406
f 2263 2244 2406
f 2525 2343 2344
f 2360 2525 2344
f 1130 2533 2590
f 1132 1130 2590
f 2327 2534 2536
f 2236 2163 2391
f 1570 2236 2391
f 2584 1667 2545
f 2560 2584 2545
f 2161 2547 2590
f 2363 2364 1220
f 1440 2363 1220
f 2284 2029 2401
f 1402 2284 2401
f 1914 1662 2587
f 1579 1895 2508
f 2315 1891 2385
f 1949 2315 2385
f 2328 2327 2536
f 2535 2328 2536
f 2269 2331 2330
f 2587 1786 2330
f 2331 2587 2330
f 2333 2230 2400
f 1154 2333 2400
f 2560 533 1395
f 2584 2560 1395
f 2355 1864 1451
f 2387 2181 2550
f 2388 2387 2550
f 2392 527 1747
f 2391 2392 1747
f 2405 2177 2425
f 599 2405 2425
f 2408 2296 1984
f 1608 2408 1984
f 2409 2535 2504
f 2410 2409 2504
f 2420 2499 1844
f 1883 2420 1844
f 2435 1849 2289
f 2522 2435 2289
f 2435 2523 2379
f 1847 2435 2379
f 104 1596 2113
f 102 104 2113
f 2404 1133 1861
f 2509 2293 2552
f 2235 2509 2552
f 1997 488 2588
f 2500 1997 2588
f 2506 67 1123
f 1122 2506 1123
f 2222 1436 2467
f 2531 2222 2467
f 2236 2188 2550
f 2424 232 599
f 2425 2424 599
f 91 175 2542
f 89 91 2542
f 2438 2558 1617
f 1613 2438 1617
f 506 505 2339
f 182 506 2339
f 126 124 1769
f 777 126 1769
f 22 210 2300
f 489 1500 2196
f 490 489 2196
f 172 437 2558
f 828 172 2558
f 2114 2115 2589
f 2445 2114 2589
f 252 251 2445
f 2589 252 2445
f 637 636 1165
f 1310 637 1165
f 1232 1231 2574
f 1613 1232 2574
f 2452 2316 2453
f 77 2452 2453
f 1547 1676 2436
f 2008 1547 2436
f 1180 331 2578
f 523 775 2578
f 331 523 2578
f 740 928 68
f 1503 740 68
f 700 2456 906
f 701 700 906
f 889 888 2554
f 2264 889 2554
f 2463 2544 2254
f 704 2463 2254
f 1115 921 925
f 1116 1115 925
f 1171 2498 2529
f 872 1171 2529
f 2461 586 2276
f 2178 2461 2276
f 2456 700 1517
f 1957 2456 1517
f 1325 766 2382
f 1401 1325 2382
f 570 473 2466
f 2249 570 2466
f 533 532 2206
f 1395 533 2206
f 2467 2302 2376
f 2531 2467 2376
f 1215 22 2300
f 334 1215 2300
f 2207 1851 1294
f 1632 2207 1294
f 2446 2229 2408
f 1564 2446 2408
f 1425 1424 2494
f 948 1425 2494
f 1882 1238 1231
f 1230 1882 1231
f 1802 1768 1351
f 629 1802 1351
f 2479 1090 2354
f 1798 1470 2116
f 1684 1798 2116
f 2481 2480 2579
f 2512 2481 2579
f 1722 1999 591
f 1600 1722 591
f 2270 1257 1256
f 869 1703 2191
f 870 869 2191
f 678 1628 2323
f 1683 678 2323
f 2480 2308 1180
f 2350 1559 452
f 6 2350 452
f 1302 1303 1872
f 2268 1143 2200
f 2199 2268 2200
f 44 1194 2024
f 389 44 2024
f 448 889 1974
f 1773 448 1974
f 748 2543 2246
f 746 748 2246
f 544 1702 1941
f 1706 544 1941
f 1862 1925 1065
f 1067 1862 1065
f 2304 1969 2270
f 1256 2304 2270
f 1696 1697 1946
f 1948 1696 1946
f 1147 1857 2383
f 1781 1147 2383
f 2585 2380 1302
f 1872 2585 1302
f 2066 1169 1309
f 2395 2066 1309
f 2496 2249 2466
f 1483 2496 2466
f 2058 1827 2491
f 2497 2058 2491
f 912 1898 2460
f 913 912 2460
f 1686 2092 2218
f 1871 1686 2218
f 1562 2297 1793
f 1792 1562 1793
f 1528 1765 2213
f 1527 1528 2213
f 2586 2364 2318
f 2432 2586 2318
f 2580 2208 2524
f 2290 2580 2524
f 2502 1293 148
f 1707 2502 148
f 602 1737 2396
f 1309 602 2396
f 67 2506 2321
f 68 67 2321
f 2051 68 2321
f 4 10 2434
f 1905 4 2434
f 2053 1806 2354
f 1090 2053 2354
f 2306 1750 2249
f 2282 2306 2249
f 1907 2267 1409
f 1408 1907 1409
f 1221 1043 2549
f 2111 1221 2549
f 2311 2540 2112
f 2312 2311 2112
f 1995 1996 2052
f 2051 1995 2052
f 2182 2179 2178
f 2276 2182 2178
f 1992 2397 1993
f 2175 2264 2554
f 2033 2175 2554
f 1653 2186 2522
f 2289 1653 2522
f 2525 2360 2532
f 2259 2525 2532
f 1968 1970 2079
f 2053 1968 2079
f 501 1462 2214
f 2093 501 2214
f 1115 1117 1815
f 2152 1115 1815
f 933 1159 2468
f 2077 933 2468
f 1514 1993 2397
f 1515 1514 2397
f 2534 1629 2288
f 2536 2534 2288
f 2543 748 2449
f 2329 2543 2449
f 2135 2192 641
f 747 2135 641
f 1618 2583 2428
f 1189 1618 2428
f 2547 1131 1132
f 2590 2547 1132
f 2170 2220 2246
f 2171 2170 2246
f 2489 2423 2425
f 2176 2489 2425
f 1304 2528 1191
f 2035 875 906
f 2274 2035 906
f 179 2015 323
f 1264 179 323
f 1495 2022 2243
f 2046 1495 2243
f 1871 2118 829
f 2034 1871 829
f 2490 2482 1826
f 1822 2490 1826
f 1884 1947 1821
f 1885 1884 1821
f 1615 279 2119
f 158 1615 2119
f 1312 1140 2429
f 1795 1312 2429
f 2438 1613 2574
f 2573 2438 2574
f 153 154 2367
f 2366 153 2367
f 1487 2128 2198
f 344 1487 2198
f 2289 2374 1569
f 1653 2289 1569
f 2546 1978 2262
f 2505 2546 2262
f 2181 626 2236
f 2550 2181 2236
f 1138 1509 2123
f 840 1138 2123
f 2436 2058 2497
f 2286 2436 2497
f 393 392 2492
f 1668 393 2492
f 709 2581 2148
f 710 709 2148
f 2224 1451 1864
f 1583 2224 1864
f 2492 2582 2470
f 2000 2492 2470
f 2149 1910 1701
f 1994 2149 1701
f 1941 1940 2347
f 1835 1941 2347
f 2501 2572 1829
f 1433 2501 1829
f 2305 2404 1861
f 2152 2305 1861
f 2473 1405 1889
f 2297 2473 1889
f 2331 2258 1914
f 2587 2331 1914
f 1590 1708 2390
f 2389 1590 2390
f 778 2580 154
f 126 778 154
f 2444 1163 1712
f 2443 2444 1712
f 2472 2193 2320
f 2520 2472 2320
f 1522 1167 1513
f 1938 1522 1513
f 2487 1318 1204
f 2298 2487 1204
f 2203 2513 2310
f 2309 2203 2310
f 2580 2430 2367
f 154 2580 2367
f 939 396 1579
f 2508 939 1579
f 2539 2311 2372
f 2328 2539 2372
f 848 2530 2210
f 61 848 2210
f 1618 1112 2452
f 2577 1618 2452
f 1786 1180 2308
f 2330 1786 2308
f 986 2384 152
f 151 986 152
f 1934 2082 2245
f 2085 1934 2245
f 2572 2501 2240
f 2002 2572 2240
f 2426 1191 2528
f 2324 2426 2528
f 2544 2047 1651
f 2255 2544 1651
f 2590 290 289
f 2161 2590 289
f 833 488 490
f 1793 833 490
f 856 718 2230
f 2182 856 2230
f 2241 2133 689
f 2472 2241 689
f 241 152 2012
f 1157 241 2012
f 1336 2426 2381
f 2380 1336 2381
f 1053 2444 381
f 380 1053 381
f 407 2191 11
f 452 407 11
f 1905 2434 1901
f 375 1905 1901