v 1.550355 0.472738 -0.401693
v 1.546945 0.426003 -0.440346
v 1.491860 0.454609 -0.421461
v 0.712524 0.132212 -0.345045
v 0.749916 0.101405 -0.350466
v 0.709234 0.098619 -0.361205
v -0.054582 0.023790 -0.359666
v -0.053862 -0.028443 -0.354033
v -0.019031 0.029955 -0.350259
v 0.679707 0.170754 -0.328812
v 0.639030 0.150981 -0.347806
v 1.220084 0.383522 -0.450076
v 1.181963 0.415225 -0.416162
v 1.250727 0.426506 -0.420476
v 1.458361 -0.234668 -0.197806
v 1.469860 -0.216025 -0.240032
v 1.494100 -0.209547 -0.203702
v 0.205413 0.195739 0.318821
v 0.222063 0.189940 0.282020
v 0.155214 0.183705 0.292313
v 1.705323 -0.144560 0.091672
v 1.658452 -0.177646 0.055965
v 1.729006 -0.153553 0.030608
v 0.479838 0.185902 -0.352264
v 0.389018 0.184865 -0.341440
v 0.428993 0.191183 -0.298976
v 1.414665 -0.258485 0.184845
v 1.368548 -0.283524 0.198167
v 1.380261 -0.288776 0.154203
v 1.512538 -0.193982 0.193671
v 1.557481 -0.152505 0.215858
v 1.501056 -0.172484 0.238707
v 1.322658 0.435471 -0.423486
v 1.289944 0.389403 -0.452988
v 1.404631 0.389625 0.359662
v 1.391203 0.345192 0.386759
v 1.449220 0.346256 0.370974
v 0.481540 -0.665732 0.117168
v 0.523694 -0.660508 0.142735
v 0.475851 -0.663670 0.163549
v 1.134064 -0.374840 -0.021289
v 1.199047 -0.359779 -0.009813
v 1.162914 -0.380311 0.035248
v 1.424510 0.479710 -0.393350
v 1.436746 0.428104 -0.440153
v -0.147008 -0.006375 -0.585187
v -0.167213 -0.046797 -0.517610
v -0.120171 0.043288 -0.511814
v -0.145413 -0.049089 -0.715947
v -0.163228 -0.118642 -0.745842
v -0.180638 -0.105045 -0.661088
v -0.120299 -0.052883 -0.798555
v 0.158582 -0.039746 0.947871
v 0.204301 -0.017547 0.923311
v 0.191504 0.010825 0.921796
v 0.221295 0.130725 0.828154
v 0.168664 0.134015 0.843740
v 0.177126 0.085793 0.883684
v 0.223876 0.059196 0.886685
v 0.182069 0.043151 0.910911
v 0.120953 -0.065014 0.961616
v 0.129225 -0.084237 0.962249
v -0.220319 0.009511 0.700416
v -0.186056 0.080055 0.671606
v -0.232704 0.050226 0.610879
v -0.189069 0.120204 0.575872
v 0.829982 -0.115875 -0.353997
v 0.812015 -0.029922 -0.356004
v 0.861997 -0.071554 -0.345599
v 1.427419 -0.245796 -0.229613
v 0.229523 0.209118 0.407253
v 0.270002 0.202858 0.439999
v 0.282368 0.200450 0.406973
v 0.361654 -0.048271 0.794240
v 0.320840 -0.018049 0.826199
v 0.318797 -0.079793 0.847262
v 1.474368 0.597291 0.043081
v 1.498705 0.606799 -0.010525
v 1.452011 0.613854 -0.001880
v 0.119708 -0.455396 0.034611
v 0.074203 -0.395399 0.071965
v 0.103075 -0.396595 0.012787
v 1.569195 -0.172393 0.172965
v 1.522753 -0.210129 0.147928
v 1.582428 -0.187480 0.127185
v 0.889534 -0.120484 -0.340763
v 0.239526 0.204937 0.377188
v 0.300430 0.195793 0.372872
v 0.066623 -0.337243 0.056540
v 0.033259 -0.334607 0.108546
v 0.033916 -0.270277 0.095508
v 1.171763 -0.388053 0.117282
v 1.087190 -0.410733 0.117405
v 1.127735 -0.397459 0.077974
v 1.160414 0.372470 -0.447222
v 1.399784 0.622660 -0.067380
v 1.407301 0.620440 -0.018604
v 1.453871 0.618703 -0.047061
v 0.142959 -0.107378 0.956918
v 0.100415 -0.123677 0.965624
v 0.340760 0.186585 0.401964
v 0.075906 -0.530554 0.319143
v 0.117851 -0.563672 0.298738
v 0.117934 -0.568403 0.354964
v 0.165380 -0.508822 0.002765
v 0.144962 -0.509968 0.064677
v 0.864137 -0.363528 0.345314
v 0.824954 -0.341493 0.383674
v 0.794980 -0.400169 0.363975
v 0.273482 0.194889 0.309391
v 0.168621 0.175206 0.254571
v -0.177376 0.090258 0.404568
v -0.199641 0.032392 0.404763
v -0.228023 0.032970 0.444315
v -0.240487 -0.023443 0.450680
v -0.075850 -0.156383 -0.932665
v -0.110532 -0.191236 -0.892516
v -0.094011 -0.120347 -0.898910
v -0.133229 -0.122162 -0.829186
v -0.171361 -0.185769 -0.770063
v -0.001312 -0.222115 0.140705
v 0.031902 -0.198753 0.097386
v 0.227898 0.065154 -0.900272
v 0.238691 0.105909 -0.863587
v 0.285740 0.036066 -0.870086
v 0.305208 0.090257 -0.821483
v 1.360719 0.073404 -0.505921
v 1.363052 0.133903 -0.508114
v 1.408009 0.118242 -0.498561
v 1.129153 -0.350840 0.251741
v 1.042316 -0.378893 0.244198
v 1.097772 -0.382359 0.214030
v 0.294314 0.194764 0.267827
v 0.245568 0.187823 0.232590
v 0.319314 0.200300 0.226079
v 1.426511 0.183152 -0.498708
v 1.494003 0.203851 -0.488325
v 1.459324 0.132528 -0.487839
v 0.469730 -0.649619 -0.170006
v 0.438089 -0.641273 -0.210474
v 0.506207 -0.639145 -0.218443
v 0.471898 -0.627360 -0.282568
v -0.047397 -0.031456 -0.916051
v -0.048734 -0.084965 -0.945959
v 0.401997 0.169967 0.397121
v 0.366618 0.184035 0.365747
v 1.491739 0.499365 -0.373767
v 0.826929 -0.425046 0.312172
v 0.532977 -0.653971 0.182773
v 0.976871 -0.192611 -0.327153
v 1.029826 -0.209888 -0.327598
v 0.977198 -0.232786 -0.298141
v 0.330899 -0.063251 -0.870346
v 0.377154 -0.000019 -0.821839
v 1.507026 0.311370 -0.485806
v 1.442588 0.310652 -0.489844
v 1.488877 0.356360 -0.477944
v -0.148107 0.084504 0.369080
v 1.120229 0.399322 -0.411367
v 1.143680 -0.055073 -0.510066
v 1.101156 -0.091736 -0.475970
v 1.088684 -0.032568 -0.496546
v 0.546331 -0.633647 0.284330
v 0.602088 -0.619173 0.250935
v 0.604340 -0.603508 0.304724
v 1.763731 -0.119188 0.082055
v 0.352310 0.015756 0.769449
v -0.281069 -0.053189 0.599357
v -0.285402 -0.114861 0.633637
v -0.269655 -0.085002 0.676515
v -0.169995 0.028535 0.760225
v -0.122912 0.095554 0.744179
v 0.289524 0.005655 0.849753
v 0.271138 -0.045393 0.880594
v 0.060572 -0.237752 0.052953
v 0.358680 -0.633038 -0.132405
v 0.375903 -0.631775 -0.191310
v 0.417557 -0.646978 -0.150883
v 0.196598 -0.478551 0.686190
v 0.232889 -0.449227 0.722744
v 0.153533 -0.441279 0.729429
v 0.525544 -0.660986 -0.003982
v 0.465876 -0.663876 -0.013748
v 0.500185 -0.660146 -0.055107
v -0.115136 0.140107 0.377986
v -0.145832 0.148082 0.425054
v 1.556263 0.511909 -0.353782
v 1.612023 0.484976 -0.377910
v 1.219803 -0.364775 0.044475
v 0.398313 -0.660195 0.226997
v 0.414804 -0.662202 0.187054
v 0.466711 -0.659306 0.216536
v -0.087175 -0.048922 -0.866612
v -0.078194 0.004443 -0.828996
v -0.022125 -0.224263 0.914291
v 0.028423 -0.224102 0.924354
v 0.005153 -0.196727 0.939609
v -0.076025 -0.000631 0.280120
v -0.067007 -0.025895 0.265082
v -0.106399 -0.057253 0.298869
v -0.109234 -0.013306 0.310535
v 1.163693 0.595764 0.058619
v 1.223082 0.604769 0.043018
v 1.179701 0.605317 0.009044
v 1.241374 0.613893 -0.006100
v 0.539816 0.427770 0.139218
v 0.547532 0.434749 0.079392
v 0.497623 0.370371 0.087035
v 1.531121 -0.221217 0.102034
v 1.593430 -0.199154 0.078640
v 1.545862 -0.127595 0.257242
v 1.487494 -0.146600 0.281794
v 0.055180 -0.442002 0.684054
v 0.001947 -0.391947 0.732130
v -0.014818 -0.413458 0.670989
v 1.425685 -0.265253 0.141599
v 1.213397 -0.327710 -0.123535
v 1.275304 -0.318200 -0.112672
v 1.235792 -0.338830 -0.059258
v 1.466368 -0.233727 0.167994
v 0.249319 -0.067280 -0.922610
v 0.230940 -0.130950 -0.930081
v 0.193892 -0.066023 -0.953869
v 1.036039 0.438424 -0.325805
v 1.039712 0.476965 -0.277016
v 1.103449 0.473817 -0.315049
v 1.232006 0.547544 0.211955
v 1.298071 0.530117 0.240946
v 1.288893 0.561881 0.178917
v 1.643775 -0.165904 0.108141
v 0.166244 -0.598131 0.321372
v 0.222836 -0.623477 0.337129
v 0.174272 -0.601285 0.375487
v -0.251079 0.028816 0.497328
v -0.206555 0.090265 0.456545
v -0.276023 -0.024551 0.537886
v -0.263017 0.011792 0.564844
v -0.259163 -0.019566 0.644875
v 0.928711 -0.165008 -0.333069
v 0.863102 -0.189290 -0.337499
v 0.914707 -0.225410 -0.310603
v 1.138454 0.602298 -0.018309
v 1.199979 0.610860 -0.036498
v 0.075268 -0.194737 -0.957471
v 0.040812 -0.145411 -0.974282
v 0.093520 -0.123341 -0.976720
v 1.402430 -0.195602 -0.357626
v 1.448732 -0.193199 -0.319209
v 1.391576 -0.229781 -0.311037
v 0.389270 -0.007872 0.737563
v 0.389247 -0.419255 0.706350
v 0.428531 -0.412204 0.692585
v 0.428116 -0.375236 0.717894
v 0.509024 0.380088 0.040704
v 1.360154 0.188812 -0.508901
v 1.405697 0.243361 -0.500895
v 0.540038 -0.645177 0.232183
v 0.480294 -0.651580 0.269233
v 1.493815 0.404152 -0.457049
v -0.263687 -0.026075 0.493612
v 0.081159 -0.424338 0.731107
v 1.418852 0.609654 0.031293
v 0.254777 0.199183 0.345426
v 0.192930 0.202616 0.348386
v 0.240119 0.229582 -0.517639
v 0.207192 0.247209 -0.575395
v 0.182694 0.234798 -0.522970
v -0.063145 0.127732 -0.555368
v -0.095218 0.073791 -0.607862
v 0.138981 -0.019658 0.944295
v 1.542492 -0.227183 -0.000402
v 1.518570 -0.229658 -0.051855
v 1.585514 -0.208616 -0.052450
v 0.108027 0.161427 0.266491
v 1.284705 -0.223041 -0.375797
v 1.347950 -0.193920 -0.392632
v 1.338711 -0.229676 -0.344681
v 1.469889 0.254759 -0.493901
v -0.146891 0.036615 0.354351
v -0.106753 0.071446 0.330676
v -0.140695 0.019709 0.347124
v -0.094106 0.061259 0.318008
v 0.321092 0.189753 0.437892
v 1.397958 -0.284835 0.111489
v 1.380775 -0.294234 0.070677
v 1.429957 -0.271054 0.074121
v 0.400226 0.037765 0.682909
v 0.430201 -0.031683 0.703224
v 1.331047 -0.305114 -0.094032
v 1.289403 -0.326474 -0.043765
v 0.178158 -0.558112 0.101400
v 0.120405 -0.508984 0.125847
v -0.053195 -0.178542 -0.945822
v -0.044095 -0.121803 -0.960241
v 0.055594 0.046748 0.157928
v 0.026548 -0.001823 0.159427
v 0.015714 0.017542 0.189053
v 1.013130 -0.407290 0.209070
v 0.024358 0.077961 -0.357807
v 0.033014 0.122882 -0.380160
v -0.013961 0.079858 -0.364351
v -0.146294 -0.089643 0.341475
v 0.211129 0.124770 0.045771
v 0.159516 0.079386 0.048687
v 0.156696 0.099422 0.082424
v 0.416875 0.190458 -0.406133
v 1.105836 -0.362204 -0.085014
v 1.150389 -0.334131 -0.134133
v 1.174073 -0.349953 -0.072054
v 0.144988 0.192240 0.320674
v 0.140821 -0.453727 -0.027259
v -0.191203 -0.117793 -0.537271
v -0.175096 -0.086044 -0.479436
v 0.067647 0.026908 0.122688
v 1.456290 -0.218190 0.213639
v 1.298202 0.177517 0.473307
v 1.354851 0.167797 0.453894
v 1.330157 0.226503 0.448487
v 0.074971 0.115687 -0.372139
v 0.067482 0.078531 -0.349746
v 0.099672 -0.478268 0.644922
v 0.138506 -0.507609 0.609038
v 0.168705 -0.496533 0.650645
v 0.353694 -0.607412 -0.298385
v 0.336704 -0.590076 -0.362786
v 0.394263 -0.605380 -0.359233
v -0.266776 -0.142150 0.704491
v -0.239947 -0.116412 0.751696
v -0.231836 -0.165132 0.771264
v 1.708197 0.346816 0.248788
v 1.669144 0.307804 0.295933
v 1.748312 0.300615 0.247230
v 1.653003 -0.188311 -0.047483
v 1.610097 -0.205462 -0.014367
v 0.185378 -0.502762 -0.226125
v 0.222287 -0.542836 -0.172090
v 0.183960 -0.497567 -0.167848
v 0.272995 -0.586131 0.513425
v 0.204860 -0.586099 0.485425
v 0.248988 -0.608479 0.449720
v 1.285909 0.611678 0.030492
v 1.543887 0.365667 -0.467877
v 0.136455 -0.578401 0.410185
v 1.326939 -0.306731 0.208512
v 1.299012 -0.334295 0.177420
v 1.338429 -0.312563 0.166224
v 0.365224 -0.656112 0.164494
v 0.424818 -0.663700 0.138444
v 0.994137 0.446472 -0.294480
v 1.625582 -0.150740 0.156335
v 0.006089 -0.096034 -0.982492
v -0.020471 -0.113007 -0.972739
v 0.009337 -0.047160 -0.979727
v 0.172035 -0.064229 0.946373
v -0.129920 -0.278433 -0.538031
v -0.100393 -0.272968 -0.479863
v -0.114641 -0.244023 -0.479224
v 1.443895 -0.196915 0.259447
v 0.155654 -0.107831 -0.964428
v 0.132739 -0.185037 -0.952718
v 0.109254 -0.049710 -0.984676
v 0.202644 -0.191737 -0.928843
v 0.143763 0.215319 -0.479979
v 0.205204 0.205837 -0.461558
v 0.469869 -0.655412 -0.112142
v 0.543358 -0.649825 -0.100674
v 0.306637 0.190004 0.473204
v 1.156870 0.604252 -0.059207
v 1.189729 -0.381421 0.157421
v 1.210183 -0.367789 0.188451
v 1.146587 -0.384244 0.185390
v 1.439800 0.374099 -0.470573
v 0.864118 0.086251 -0.375928
v 0.799930 0.089712 -0.356558
v 0.833689 0.129191 -0.369203
v 0.368861 0.053306 0.711018
v 0.009206 -0.157201 0.130636
v 0.039846 -0.019399 0.128953
v 0.003116 -0.049158 0.165293
v -0.072259 -0.365966 0.699372
v -0.076346 -0.384417 0.640828
v -0.095685 0.016466 -0.759773
v 0.377279 0.171537 0.432896
v 0.951977 0.043074 0.529960
v 1.042435 0.058284 0.535144
v 1.001625 0.121345 0.538072
v 1.667137 0.452754 -0.388473
v 1.674565 0.492788 -0.348670
v 1.431925 0.522874 -0.340486
v 0.225294 0.210259 0.437053
v 0.317648 -0.609524 0.463391
v 0.162074 -0.562075 0.508627
v 0.148892 -0.574036 0.459733
v 1.475176 -0.243139 0.124580
v 0.594306 -0.631901 0.200926
v 0.891219 0.344832 0.475214
v 0.835678 0.363088 0.446004
v 0.830791 0.301327 0.478243
v -0.014173 -0.386421 -0.757172
v -0.005164 -0.362739 -0.803418
v 0.037002 -0.392510 -0.790467
v 0.141114 0.181016 -0.428199
v 1.054477 -0.187833 0.436656
v 0.970623 -0.217286 0.424327
v 1.019796 -0.262666 0.380979
v 0.502183 0.173740 -0.428264
v 0.569573 0.160243 -0.381644
v 0.593785 0.131987 -0.446398
v 0.506758 0.158637 -0.512791
v 0.122310 -0.392328 -0.050309
v 0.138264 0.199517 0.343562
v 0.361903 0.188895 -0.207563
v 0.302007 0.163322 -0.232814
v 0.301843 0.167401 -0.177719
v -0.041222 0.025374 -0.872416
v 0.061675 -0.138191 0.965964
v 0.073862 -0.159187 0.960127
v 0.117539 -0.147227 0.956478
v -0.227324 0.078058 0.526421
v -0.196649 -0.143360 0.816777
v -0.186227 -0.181804 0.828356
v -0.147311 -0.162805 0.867531
v 1.386289 -0.254858 -0.261359
v 1.436516 -0.224023 -0.276599
v 0.708169 0.526535 -0.018219
v 0.762696 0.558169 0.011380
v 0.791716 0.551454 -0.044743
v 0.739576 0.519830 -0.075173
v 0.628152 0.485503 0.006727
v 0.681019 0.530114 0.039213
v -0.003893 0.129027 -0.390608
v 0.044505 0.166191 -0.416199
v 1.305576 0.620167 -0.021309
v 1.355843 0.615728 0.017252
v 1.185962 -0.380759 0.076145
v 1.230269 -0.368028 0.090400
v -0.124583 0.034328 0.808061
v 1.382477 0.213220 0.434843
v 1.350089 0.386291 0.375418
v -0.048072 0.079958 -0.377605
v 0.063288 -0.477657 0.605905
v 1.048666 -0.420513 0.075102
v -0.058244 0.108898 0.315383
v -0.046009 0.101319 0.302247
v 1.566748 -0.062923 0.306795
v 1.515569 -0.080352 0.324325
v 1.530967 -0.101861 0.295243
v 0.220922 0.107884 -0.054707
v 0.166030 0.051140 -0.022654
v 0.213435 0.103020 -0.014997
v 0.986553 -0.151370 -0.358932
v 0.644829 0.120753 -0.391143
v 1.911617 0.335019 -0.030906
v 1.886467 0.372051 -0.004648
v 1.898759 0.328062 0.019452
v -0.076569 0.079803 -0.410851
v -0.088775 0.014524 -0.378427
v 1.484416 -0.189428 -0.279044
v 0.099446 0.172555 0.294397
v 0.067731 -0.068922 -0.988952
v 0.323541 0.199650 0.052097
v 0.321137 0.191049 0.020654
v 0.267390 0.164508 0.046899
v -0.283583 -0.084961 0.558955
v 0.994618 -0.018027 0.522146
v -0.096013 -0.200237 -0.425561
v -0.126626 -0.214687 -0.472094
v 0.767391 -0.372141 0.410740
v 0.794030 -0.312371 0.422466
v 0.741738 -0.340465 0.457006
v 0.711839 -0.400149 0.453160
v 0.126155 -0.466662 -0.702841
v 0.153825 -0.488013 -0.656105
v 0.080895 -0.462973 -0.660430
v 0.054065 -0.441885 -0.703385
v 0.241675 -0.212660 0.892365
v 0.303369 -0.207128 0.861002
v 0.257303 -0.160757 0.895870
v 1.902607 0.380493 -0.051758
v 1.157780 -0.112435 -0.484651
v 1.114532 -0.141685 -0.447683
v 1.118060 -0.215033 0.403035
v 0.525866 -0.646063 -0.159300
v 1.119678 0.596524 0.026181
v 0.597822 -0.556914 -0.409455
v 0.535835 -0.601025 -0.348356
v 0.508928 -0.584195 -0.418505
v 1.606008 -0.031211 -0.342582
v 1.577597 -0.078320 -0.323169
v 1.550852 -0.066102 -0.362148
v 1.111657 -0.277176 0.344910
v 0.371784 -0.587656 -0.412977
v 1.086934 0.560355 0.183393
v 1.110862 0.574718 0.135435
v 1.056539 0.574996 0.133590
v 1.681765 -0.130387 0.142325
v 0.343964 -0.583448 0.518583
v 0.030130 -0.450543 0.638483
v 0.492496 -0.486847 0.588804
v 0.430152 -0.525516 0.578186
v 0.493225 -0.535154 0.529828
v 0.919038 0.395807 0.441134
v 0.953911 0.453531 0.383474
v 0.859886 0.426231 0.398872
v 0.489246 -0.665800 0.069654
v 0.551938 -0.656673 0.051335
v 0.538523 -0.659014 0.104936
v 0.178569 -0.505010 -0.057286
v 0.151911 -0.449342 -0.088938
v 0.232666 -0.620176 0.391679
v 0.188032 -0.598283 0.430411
v 0.657964 0.483409 -0.049972
v 0.618678 0.435707 -0.082266
v 0.574834 0.424738 -0.026334
v 1.312126 -0.332533 0.134976
v 1.107436 0.354809 -0.443815
v 0.323452 0.192627 0.336062
v 0.103564 0.074159 0.121907
v 0.091156 0.094241 0.165155
v -0.159192 -0.060011 0.357675
v -0.182233 -0.126171 0.389403
v 1.595518 0.350342 0.313145
v 1.582158 0.289226 0.347975
v 0.569455 0.347219 -0.139908
v 0.590944 0.390339 -0.112715
v 0.640169 0.397359 -0.158979
v 0.110107 -0.238313 -0.935853
v 0.358225 0.180110 -0.276312
v 1.233673 -0.370059 0.131773
v 1.059645 0.590567 0.043380
v 1.079171 0.595105 0.000377
v 1.028600 0.591026 0.020588
v 0.997292 0.588104 0.058796
v 0.614936 -0.630805 -0.090028
v 0.596758 -0.630445 -0.148177
v 1.661612 -0.003107 0.298245
v 1.628362 0.014382 0.327105
v 1.597868 -0.024799 0.318623
v 1.389299 0.576824 -0.240222
v 1.354752 0.595545 -0.192584
v 1.420687 0.591587 -0.205249
v 0.490935 0.291181 0.245413
v 0.484669 0.322470 0.193839
v 0.446974 0.264281 0.209848
v -0.133088 -0.128087 0.327477
v -0.002711 0.044470 -0.910326
v -0.277015 -0.139500 0.562150
v -0.261131 -0.190933 0.579156
v -0.272286 -0.185145 0.623366
v 1.229041 -0.176784 -0.441292
v 1.170636 -0.160838 -0.450660
v 1.218015 -0.130720 -0.478854
v 0.397008 -0.627546 -0.253108
v 0.618357 -0.578362 -0.328952
v 1.420646 -0.259758 -0.176834
v 0.462175 0.153742 0.397870
v 0.432859 0.172785 0.365454
v 0.085038 0.155216 -0.402413
v -0.010807 -0.010589 -0.947738
v 0.901865 0.140957 -0.398205
v 0.930058 0.096419 -0.409318
v 1.224329 0.589268 -0.171312
v 1.171296 0.590484 -0.138168
v 1.225959 0.602671 -0.130101
v -0.121679 -0.002343 -0.409259
v -0.123171 -0.060569 -0.397693
v 0.164146 0.252887 -0.587308
v 1.027944 0.583772 0.091628
v 1.099225 0.586502 0.082203
v 0.113102 -0.483431 -0.606437
v 1.083729 -0.003230 0.523495
v 0.428107 0.230924 -0.139458
v 0.357142 0.195779 -0.140987
v 0.382955 0.216640 -0.092236
v 0.233002 -0.550284 -0.208240
v 0.548287 0.377394 -0.066009
v 0.433991 -0.591802 -0.417547
v 0.459469 -0.609959 -0.357486
v -0.055592 0.096149 -0.707553
v -0.041605 0.068769 -0.806438
v -0.165636 -0.161323 0.375900
v 1.453595 0.616840 -0.100091
v 0.317423 0.036273 0.801436
v 0.267609 -0.307407 0.838768
v 0.222502 -0.258838 0.880525
v 0.190324 -0.301116 0.861703
v 0.265475 -0.579398 -0.171132
v 0.298188 -0.606377 -0.118618
v 0.251336 -0.572988 -0.135962
v 1.467788 0.244484 0.402752
v 1.503763 0.174437 0.403271
v 1.538818 0.237288 0.381936
v 1.281595 -0.143152 -0.462502
v 1.289146 -0.187331 -0.421562
v 0.119833 0.038368 0.058023
v 0.112599 0.053841 0.085065
v 0.564940 -0.650770 -0.045080
v 0.554720 -0.550186 -0.472971
v 0.218084 -0.620967 0.285685
v 0.163627 -0.591796 0.270707
v 1.868746 0.107056 -0.222630
v 1.830357 0.101139 -0.264620
v 1.878067 0.152405 -0.230161
v 0.578143 -0.261312 -0.731365
v 0.495031 -0.298463 -0.758914
v 0.484395 -0.209605 -0.787965
v 1.604535 0.441187 -0.418156
v 0.582255 -0.643540 0.148778
v 1.333415 0.621855 -0.073479
v 1.360016 0.623248 -0.034396
v 0.092961 0.181677 0.315139
v 0.339043 0.069279 0.741684
v 1.453080 -0.244988 -0.152185
v 1.074081 -0.337967 0.287818
v 0.981002 -0.376068 0.276112
v 0.184977 0.208354 0.374736
v -0.196143 -0.103905 0.406431
v -0.136099 0.150345 0.638696
v 1.479202 -0.248745 0.083139
v -0.027050 -0.086708 0.194598
v -0.011869 -0.037604 0.193772
v 1.143747 0.444742 -0.372281
v 1.125369 -0.181648 -0.412115
v 0.171760 -0.458201 -0.737177
v 0.135848 -0.426928 -0.780632
v 0.213880 -0.434813 -0.767381
v 0.252552 -0.468931 -0.716819
v 0.330215 0.183661 -0.388091
v 0.307602 0.167517 -0.331191
v 1.066081 0.379411 -0.406447
v 0.130116 0.145344 -0.389655
v 1.168748 0.573457 -0.180173
v 1.119365 0.574075 -0.149471
v 1.749506 0.440083 0.109548
v 1.711577 0.488864 0.082342
v 1.697697 0.463335 0.135712
v 1.713229 0.424824 0.169117
v -0.266252 -0.081474 0.503742
v 0.218676 -0.049065 0.920140
v 0.989567 0.574215 0.145030
v -0.053558 -0.127912 0.223255
v -0.038129 -0.146473 0.197787
v -0.066354 -0.196240 0.239595
v 1.212070 0.591794 0.094021
v 0.068051 -0.462742 -0.560183
v 0.041551 -0.448651 -0.610662
v 1.079519 -0.195988 -0.368361
v 1.085473 -0.225559 -0.330271
v 0.404686 -0.082833 0.760280
v 1.885105 0.314421 -0.271027
v 1.908805 0.281129 -0.225052
v 1.864864 0.235138 -0.288427
v 1.030147 0.507978 -0.227130
v 1.095901 0.517503 -0.244937
v -0.008223 -0.175266 0.946338
v 0.032860 -0.169077 0.956521
v 0.218804 -0.597800 0.136923
v 0.232519 -0.594757 0.077265
v 0.524786 0.335686 -0.094206
v -0.144166 -0.203163 0.362452
v 0.284631 -0.211046 -0.888075
v 0.348556 -0.635520 -0.071661
v 1.271522 -0.353742 0.150144
v 1.235700 -0.367857 0.163496
v 0.315907 0.178503 -0.083562
v 1.381365 -0.271983 -0.206465
v 0.218561 -0.542813 -0.127579
v 1.061954 -0.123047 -0.431205
v 0.052888 0.154704 0.290534
v -0.214820 -0.022876 0.419410
v 0.554616 -0.483450 0.547383
v 1.636631 -0.044129 0.280582
v 1.695041 -0.042544 0.244933
v 1.691556 -0.015847 0.271341
v 1.820009 0.224361 -0.340579
v 1.839270 0.281354 -0.328825
v 0.721716 -0.177957 0.515082
v 0.687928 -0.127985 0.528189
v 0.679985 -0.220859 0.552134
v 0.285709 0.160971 -0.126424
v 0.296791 -0.613819 -0.055263
v 1.849686 0.164885 -0.278079
v 0.474452 -0.564843 -0.481142
v 0.544474 -0.618226 0.340884
v 0.504514 0.298179 -0.120134
v 1.352885 -0.145004 -0.438464
v 1.472867 -0.250719 -0.007078
v 1.155244 0.330362 -0.473054
v 1.102781 0.302798 -0.472077
v 0.155097 0.124038 0.127858
v 0.050032 -0.191656 0.946549
v 0.324540 -0.290787 -0.840041
v 0.247732 -0.256324 -0.888784
v 1.370837 0.394938 -0.455595
v -0.000467 -0.285434 0.143779
v 0.344031 0.195356 0.295129
v -0.035955 0.039305 0.260099
v 1.022109 0.561180 0.188088
v 1.523067 0.596796 -0.173092
v 1.566300 0.580790 -0.208965
v 1.491186 0.586390 -0.213165
v 0.346238 0.101324 0.683041
v 0.322874 0.113473 0.713697
v 1.005906 0.415714 0.427536
v 1.658065 0.391296 -0.423561
v 1.007119 -0.327206 0.322879
v 0.413535 -0.566278 0.526645
v 0.090169 -0.103886 -0.018051
v 0.098104 -0.077600 -0.083701
v 0.090131 -0.142911 -0.057986
v 0.081986 -0.161088 -0.000430
v 0.285831 -0.260424 0.855406
v 1.507809 0.611991 -0.068113
v 0.487929 0.351244 0.140172
v 0.436526 0.281354 0.149173
v -0.286244 -0.141756 0.606900
v -0.072447 -0.221754 0.897694
v -0.049982 -0.253136 0.879622
v 0.466717 0.285757 -0.077227
v 1.784835 0.249518 -0.373570
v 1.793056 0.317888 -0.366714
v 1.429184 0.021848 0.422195
v 1.450296 -0.014367 0.399869
v 1.484010 0.019810 0.396831
v 1.257680 0.584423 0.126006
v 1.215670 0.573418 0.150061
v -0.016363 -0.062871 -0.968700
v 1.438420 -0.265322 0.106742
v 1.134484 -0.213193 -0.372925
v 1.026469 0.590631 -0.016517
v 1.354273 -0.308388 0.121456
v 0.284783 -0.568076 -0.380453
v 0.272064 -0.555377 -0.440302
v 0.320146 -0.573842 -0.419908
v -0.127842 0.004733 0.332596
v 1.732323 0.280434 -0.407309
v 0.963684 0.154119 -0.433823
v 0.489908 0.320722 -0.054629
v 0.897551 0.038866 -0.381681
v 0.822652 0.037504 -0.358197
v 1.225361 0.611544 -0.084939
v 1.280121 0.611301 -0.125305
v 1.286736 0.598259 -0.170595
v 0.250420 -0.002509 0.887474
v 0.279613 0.047998 0.840360
v -0.101224 -0.205499 0.298512
v -0.078336 -0.165963 0.257604
v -0.085472 -0.238658 0.280825
v 0.209261 -0.485989 -0.687077
v 0.414412 -0.620148 -0.309827
v -0.228044 -0.204781 0.510180
v -0.246153 -0.195065 0.540943
v -0.236331 -0.144462 0.483201
v -0.147986 -0.021505 -0.455143
v 1.252099 -0.307724 -0.176879
v 1.372228 0.469608 0.306143
v 1.357522 0.507864 0.265943
v 1.310251 0.497981 0.287775
v -0.070982 -0.199707 -0.392779
v -0.069900 -0.142195 -0.375968
v 1.648499 -0.077268 0.239682
v -0.237001 -0.057259 0.727643
v 1.080192 0.423019 -0.367844
v 1.476640 -0.116025 0.319781
v 1.472837 -0.081185 0.349406
v 1.423736 -0.123020 0.349167
v 0.156877 -0.560727 0.167273
v 1.787856 -0.122458 0.035043
v 0.917399 -0.034202 0.510456
v 0.957326 -0.091642 0.495391
v 1.916668 0.383853 -0.100193
v 1.885037 0.426435 -0.073203
v -0.252249 -0.188366 0.727011
v 0.317225 -0.609817 -0.176626
v 1.600806 0.232271 0.360516
v 0.209944 -0.604259 0.191678
v 0.307363 0.148313 -0.765194
v 0.391231 0.073034 -0.771883
v -0.245308 -0.069991 0.464569
v 0.243383 0.005452 -0.913088
v 0.191378 0.055535 -0.930606
v 0.252317 -0.587396 -0.038847
v 0.255362 -0.581267 -0.092611
v 0.008090 -0.337285 0.147843
v 0.558079 -0.616331 -0.276112
v 0.088915 0.188605 0.333011
v 1.174180 -0.361557 0.218525
v 1.158011 0.582252 0.113944
v -0.173071 -0.040908 0.375644
v 0.509717 0.357141 -0.026273
v 0.044339 0.067282 0.193578
v 0.941782 -0.273861 0.387248
v 0.938394 -0.320936 0.350808
v 0.598035 -0.582602 0.365112
v 0.656270 -0.562762 0.324723
v 0.648894 -0.537590 0.383085
v 0.796905 -0.417700 -0.326482
v 0.784812 -0.382393 -0.367544
v 0.838480 -0.348522 -0.317196
v 1.096038 0.596692 -0.039499
v 1.817799 -0.082700 0.073823
v 1.782104 -0.081654 0.128400
v 1.923077 0.374181 -0.151628
v 1.897789 0.426175 -0.128333
v 0.080830 0.009821 0.090106
v 0.332401 0.212264 0.098870
v 0.377558 0.235688 0.056371
v 0.143364 0.145749 -0.905508
v 0.126452 0.115625 -0.934839
v 0.127659 0.160596 -0.895879
v 0.404782 -0.650376 -0.091289
v 0.401660 -0.654636 -0.023913
v -0.256457 -0.131842 0.511033
v -0.228848 -0.081632 0.448564
v 0.936525 -0.007017 -0.391855
v 0.959572 0.053195 -0.422451
v -0.151724 -0.125494 0.858551
v -0.198846 -0.094438 0.801062
v 0.062559 -0.278948 -0.235467
v 0.090498 -0.328567 -0.211789
v 0.087537 -0.276380 -0.174146
v 0.182516 0.211712 0.401339
v -0.214171 -0.203699 0.784710
v 1.868701 0.416097 -0.023438
v 1.854723 0.401858 0.018548
v 1.436060 0.198167 0.422021
v 1.408660 0.256401 0.416119
v -0.049421 0.119881 0.784278
v -0.072791 0.169712 0.698979
v 0.916719 -0.167634 0.457939
v 1.000763 -0.145599 0.469378
v 1.626887 0.062410 -0.394156
v 1.576300 -0.003102 -0.387700
v 1.574026 0.061252 -0.424148
v 1.622446 0.118921 -0.424079
v 1.713472 0.110303 -0.371432
v 1.671811 0.112338 -0.396360
v 1.719769 0.152753 -0.388570
v 0.268333 -0.105442 0.891190
v 0.231860 -0.081999 0.915559
v 0.373909 -0.655806 0.110935
v 0.431292 -0.663914 0.085957
v 0.064983 -0.227637 -0.200669
v 0.035383 -0.236017 -0.259099
v 1.484901 0.429532 0.307817
v 1.467417 0.390161 0.341320
v 1.537319 0.392346 0.313686
v 0.091915 -0.074038 0.961948
v 0.152378 -0.445172 -0.149584
v 0.128649 -0.388063 -0.117026
v -0.186179 -0.021184 0.390536
v 1.813978 0.176125 -0.326693
v 1.655645 -0.110991 0.192705
v 1.701803 -0.073709 0.207286
v 0.080704 -0.497358 0.574010
v 0.007730 -0.259645 0.892031
v 0.579108 -0.626036 -0.209551
v 0.636140 -0.593328 -0.258534
v 1.554428 0.598379 -0.025286
v 0.275667 -0.580009 -0.225229
v 0.161957 -0.581312 0.222645
v 1.496236 0.295276 0.378191
v 0.433372 0.278857 0.003692
v 0.460723 0.301838 -0.023258
v 0.414567 0.254009 -0.024252
v 0.097592 -0.441637 -0.744908
v 0.028070 0.058065 -0.934571
v 0.017459 0.005019 -0.964392
v 0.544508 0.207003 -0.276713
v 0.486414 0.198625 -0.287058
v 0.483812 0.216588 -0.234558
v 0.701554 -0.257162 0.531128
v 0.747533 -0.225234 0.492828
v 0.027134 -0.221039 -0.943049
v 1.457289 0.569822 -0.255703
v 1.383804 0.337333 -0.483435
v 1.605892 0.340453 -0.457444
v 1.592320 0.396627 -0.446832
v 1.206783 -0.327262 0.256461
v 0.424571 0.200102 -0.246309
v 1.405221 0.516009 0.243816
v 1.452649 0.493006 0.258271
v 1.452274 0.524116 0.213440
v -0.164909 -0.233648 0.414171
v 1.352760 0.537796 0.220192
v -0.239676 -0.236056 0.645560
v 0.033048 -0.032472 -0.985981
v 0.264859 0.146162 -0.008822
v 0.265045 0.144507 -0.034676
v 1.604349 -0.139199 0.194532
v 1.630448 -0.184652 -0.096050
v 0.006735 0.039476 0.216688
v 0.194086 -0.007291 -0.948366
v 0.153856 0.037751 -0.959185
v 0.391633 -0.239978 -0.827087
v 0.644018 -0.306590 -0.679916
v 0.677131 -0.340271 -0.634154
v 0.598308 -0.379152 -0.660079
v 1.459659 0.059853 0.416714
v -0.096265 -0.094015 0.284411
v 0.735555 -0.458220 -0.377273
v 1.157892 0.560082 0.181562
v 1.819471 -0.048735 0.127647
v -0.203790 -0.261927 0.532320
v -0.207670 -0.215033 0.475932
v 1.530654 0.564717 -0.260930
v 1.031655 -0.274911 -0.258438
v 1.086604 -0.253900 -0.289831
v 1.082199 -0.282577 -0.247665
v 1.027777 -0.311131 -0.217549
v 1.674908 0.575463 -0.120648
v 1.630544 0.588306 -0.079858
v 1.690818 0.566473 -0.060681
v 0.357455 0.171885 0.470919
v 0.296984 -0.581282 -0.319935
v 1.268414 0.598899 0.081490
v 0.444069 0.255065 -0.102512
v 0.908600 0.107851 0.528024
v 1.467065 -0.149040 -0.360505
v 1.582323 0.182854 0.374930
v 0.430203 0.098899 0.551283
v 0.393899 0.143230 0.508088
v 0.376875 0.136334 0.550219
v 0.363756 0.124597 0.597404
v 0.409493 0.093643 0.592749
v 0.099405 0.000904 0.055931
v 0.056052 -0.036572 0.097498
v 0.872921 -0.018497 -0.358363
v 0.210906 0.110446 0.015885
v 0.235976 0.030260 0.889451
v 1.251900 0.517004 0.268899
v -0.229939 -0.221300 0.743131
v 0.013145 -0.138260 -0.272171
v 0.047675 -0.127539 -0.214808
v 0.038193 -0.082290 -0.247550
v 0.077846 0.112101 0.207563
v 1.515823 0.607269 -0.124640
v 1.825694 -0.098434 0.006693
v 0.963453 0.357846 0.474773
v 1.050693 0.371712 0.460887
v 0.038998 0.108989 -0.890309
v 0.690593 -0.363122 -0.592649
v 0.737692 -0.310260 -0.555733
v 0.694052 -0.383561 -0.554798
v 1.394659 -0.012518 0.428241
v -0.149218 -0.076751 0.846035
v 1.286214 0.618139 -0.092238
v 0.920814 0.379263 -0.326435
v 0.980380 0.410287 -0.328065
v 0.972666 0.367148 -0.364761
v -0.092683 -0.217851 -0.905192
v 0.065531 -0.324663 -0.264903
v 0.253548 -0.356050 0.808308
v 0.319151 -0.346393 0.794276
v -0.210597 -0.090967 0.427097
v 1.738268 -0.007149 0.244920
v 0.297931 0.125803 0.747615
v 0.266578 0.134338 0.784842
v 0.279875 0.096169 0.808623
v 0.452314 0.109086 0.505799
v 0.738349 -0.333664 -0.508405
v 1.453214 0.605428 -0.158930
v 1.379522 0.607358 -0.159550
v -0.070812 -0.234723 -0.912612
v 0.298603 -0.628582 0.404117
v 0.370514 -0.627276 0.412718
v 1.478752 -0.250850 0.039651
v 0.435905 0.150551 0.428983
v 0.118159 -0.554852 0.250737
v 0.348801 0.201608 -0.456517
v 0.728779 -0.097520 0.500093
v 1.221924 0.570061 -0.215216
v 1.324576 0.581789 -0.221720
v 1.285377 0.561943 -0.254201
v 1.269319 0.583196 -0.205277
v 0.341667 0.168872 0.509076
v 0.060027 0.143467 0.270548
v 0.480850 0.335428 0.006364
v 1.867145 0.364527 0.043925
v 1.815102 0.408118 0.067693
v 1.843596 0.352788 0.098394
v 1.179726 -0.198408 -0.411775
v 1.426499 -0.271559 0.032510
v 1.162998 0.548840 -0.227807
v 1.113385 0.552355 -0.192433
v 1.032068 -0.241968 -0.293749
v 0.257985 -0.485918 0.677299
v 0.399885 -0.573971 -0.465662
v 0.108042 -0.328847 -0.145694
v 0.100597 -0.272118 -0.109704
v 1.420432 0.429464 0.328475
v 1.439284 0.462832 0.295121
v 1.669457 0.312054 -0.435887
v 1.391477 0.617256 -0.115516
v 1.332341 0.616153 -0.121116
v 0.793639 0.454325 0.350564
v 0.829294 0.510089 0.288920
v 0.732176 0.480194 0.299063
v 0.125608 0.068288 -0.961840
v 0.155180 0.100940 -0.929427
v -0.063986 -0.341348 0.761605
v 0.128369 -0.005114 -0.029223
v 0.117916 -0.002480 0.016192
v 0.210983 0.141534 0.080808
v 0.982082 0.474449 -0.254026
v 1.404240 -0.244425 0.229822
v -0.174620 0.142416 0.491198
v 0.482650 0.238705 -0.187515
v 0.422527 0.213173 -0.188885
v 1.165960 -0.305983 0.296926
v -0.058626 0.045358 0.281998
v 1.498830 0.465334 0.269933
v 1.430867 0.300387 0.395845
v 0.669038 -0.498787 -0.428301
v 0.679198 -0.525212 -0.364759
v -0.117341 -0.167872 0.313547
v 0.134614 0.026714 0.922205
v 0.286564 -0.638430 0.348276
v 0.693612 0.481453 -0.103521
v 1.258574 -0.352260 0.186169
v 1.236552 -0.343643 0.219798
v 0.193239 0.109178 -0.898332
v 0.548863 0.236529 -0.237687
v -0.219267 -0.152962 0.456885
v -0.204724 -0.157458 0.431439
v 1.565898 -0.003994 0.348820
v 1.527389 -0.045031 0.342854
v 0.146929 0.182774 -0.866438
v 0.135687 0.207957 -0.834975
v 0.151739 0.213639 -0.823750
v 1.727151 0.211587 -0.402867
v 1.331414 -0.321206 0.087253
v -0.154919 -0.078086 -0.436549
v -0.150923 -0.133119 -0.443195
v -0.079038 0.051133 0.302165
v 0.661784 0.440441 -0.131194
v 1.839419 0.462897 -0.042903
v 1.852352 0.472811 -0.101271
v 1.796816 0.509534 -0.069224
v 1.795122 0.519094 -0.140524
v -0.187227 -0.283200 0.689581
v -0.215092 -0.247917 0.720170
v 1.060296 -0.394630 -0.031344
v 1.730047 0.514510 0.020934
v 1.664675 0.537826 0.043054
v 1.731684 0.353496 -0.399405
v 0.139075 -0.491652 -0.437962
v 0.195498 -0.522950 -0.386651
v 0.155575 -0.493394 -0.361857
v 1.777436 0.038638 0.240648
v 1.788755 -0.000190 0.207337
v 1.313106 0.584726 0.124868
v -0.143282 -0.328974 0.652775
v -0.126033 -0.318323 0.727485
v -0.163245 -0.276613 0.757911
v 0.523852 0.387074 0.004642
v 0.108582 0.119735 -0.934883
v 0.111256 0.150116 -0.907661
v -0.139842 -0.189991 -0.843905
v 0.413497 0.148032 0.466769
v -0.018572 -0.158057 -0.965336
v 0.052691 -0.350735 -0.315868
v 0.097255 -0.382837 -0.257157
v 1.161466 0.518192 -0.280958
v -0.009657 -0.278109 -0.348813
v 0.030708 -0.290080 -0.298807
v 0.007541 -0.245302 -0.304424
v -0.191132 -0.035534 0.781631
v 0.090325 0.251217 -0.650062
v 0.064226 0.241694 -0.623177
v 0.086314 0.250075 -0.595647
v 0.289584 -0.617575 0.000901
v 1.672317 0.236429 -0.433462
v 1.135899 0.067609 0.526709
v 0.457851 0.313610 0.042488
v 1.794664 0.120486 -0.313004
v 1.069823 0.555278 -0.163249
v 1.066143 0.534335 -0.200799
v 1.848444 -0.061364 -0.089729
v 1.881693 -0.014191 -0.059936
v 1.858686 -0.063071 -0.028813
v 1.882651 -0.019457 -0.003783
v 1.423609 -0.270175 -0.012664
v -0.133758 -0.262730 0.816199
v -0.185758 -0.238555 0.787923
v 0.008326 -0.200049 -0.285945
v -0.008139 0.142532 0.313012
v 0.074123 0.236203 -0.686846
v 0.102966 0.245190 -0.704442
v 0.081771 0.220997 -0.750700
v 1.001637 -0.435940 0.117313
v 0.917434 -0.373821 0.309498
v 0.216441 0.157854 0.114155
v 0.930807 0.430263 -0.283113
v 0.918356 0.474346 -0.230707
v 0.245371 0.171916 0.755966
v 0.221225 -0.567845 0.537181
v 1.746099 -0.074893 0.172156
v 1.745374 -0.040228 0.210891
v 0.869144 0.548640 0.224478
v 0.773624 0.529665 0.239949
v 1.807544 0.499797 -0.211488
v 1.857407 0.447342 -0.230679
v 1.800166 0.474991 -0.274587
v 1.504703 0.499926 0.225486
v 1.282134 0.470008 -0.385315
v -0.193633 -0.175175 -0.672006
v -0.032303 0.094348 0.287642
v 1.421218 -0.082250 0.379234
v 1.466305 -0.047393 0.374954
v 0.178399 0.256552 -0.640581
v 1.500599 0.534732 0.171245
v 0.356368 -0.643377 0.356484
v -0.131093 0.183499 0.544059
v 0.457161 0.040944 0.602102
v 0.430049 0.055960 0.624875
v 0.449862 0.021092 0.638781
v 0.713539 -0.306805 0.504450
v 0.668919 -0.601205 -0.140210
v 0.165682 0.151521 -0.885207
v 0.777696 -0.274105 -0.436615
v 0.782423 -0.184642 -0.439538
v 0.810923 -0.190893 -0.381784
v 0.819154 -0.256724 -0.366781
v 0.119690 0.183067 -0.869134
v 0.314570 -0.145241 0.858480
v 1.773433 0.189446 -0.368043
v 1.759753 0.137074 -0.354006
v 1.281148 -0.347807 0.101759
v 1.311020 -0.328421 0.048413
v 1.391381 -0.286888 0.023676
v 1.354306 -0.305620 0.035513
v 0.513290 0.073628 0.500573
v 0.472338 0.121145 0.463257
v 0.446325 0.278083 -0.046282
v 1.372468 0.026601 0.449601
v 0.268584 0.176636 0.084137
v 0.189115 -0.092327 0.939236
v 1.778757 -0.135348 -0.015485
v 0.008231 0.170155 -0.434788
v 0.401452 0.256142 0.095871
v 0.373309 0.232698 0.142814
v 1.790609 0.387304 -0.351168
v 0.658186 -0.479689 -0.481242
v 0.723314 -0.424587 -0.434737
v 0.697447 0.174429 0.456130
v 0.666437 0.253016 0.417586
v 0.602803 0.178884 0.410151
v -0.056640 -0.058370 0.245784
v -0.028813 0.008417 0.239029
v 1.720285 0.019289 0.274709
v 1.883495 0.318519 0.071265
v 0.009640 -0.136042 -0.976897
v -0.107061 -0.299490 0.788989
v 0.265636 0.189857 -0.424682
v -0.016950 0.087950 0.271822
v 0.876200 -0.285370 -0.306613
v 0.826382 -0.308406 -0.344676
v 0.009195 -0.082919 -0.290225
v -0.001939 -0.190256 -0.955256
v -0.253934 -0.211290 0.687421
v -0.182236 -0.300289 0.586261
v -0.164082 -0.314932 0.546000
v 1.649393 0.499892 0.124416
v 1.658064 0.456139 0.181128
v 1.589563 -0.086445 0.270210
v 1.868525 -0.009557 -0.123237
v 1.895490 0.044896 -0.092918
v 1.736261 0.089179 -0.341018
v 0.067847 0.128921 0.243206
v 0.656905 -0.292266 0.570546
v -0.012979 -0.091519 0.171902
v 1.860546 0.467552 -0.165357
v 0.962473 -0.450809 0.073699
v 1.014055 -0.425084 0.022907
v 1.901147 0.044522 -0.013711
v 0.427424 -0.638734 0.363362
v 0.418578 -0.651137 0.311183
v 0.300131 -0.460623 0.699225
v 1.725678 0.252504 0.284720
v 1.605257 0.483919 0.186062
v 1.608948 0.444075 0.231867
v 0.244235 -0.591711 0.018092
v 0.281531 -0.620569 0.055509
v 0.778857 -0.335899 -0.402404
v 0.446747 -0.120761 0.728380
v 0.488765 0.265388 -0.149441
v -0.182396 -0.147668 -0.498578
v 1.402660 0.540800 0.203893
v 0.652643 -0.597595 0.222120
v 1.250398 -0.278919 0.299826
v 0.643789 -0.612050 0.175289
v 0.708395 -0.566067 0.195369
v 1.351025 0.477655 -0.388403
v 0.069520 -0.033021 -0.227741
v 0.041223 -0.035448 -0.274487
v 0.912635 0.511825 -0.181269
v 0.909418 0.544881 -0.125125
v 0.972071 0.537058 -0.159834
v 0.061521 0.044179 -0.327014
v 0.118030 0.087002 -0.334013
v 0.305977 -0.395132 0.761516
v 1.718228 -0.164715 -0.032712
v 1.763907 -0.137632 -0.072911
v -0.039194 -0.217300 -0.934417
v 1.928383 0.316998 -0.167099
v 1.920340 0.255377 -0.177209
v 1.914339 0.348930 -0.209096
v 0.892385 0.484913 0.335980
v 0.095300 0.193607 -0.446199
v 0.615943 -0.523713 -0.466143
v 0.273827 0.212085 -0.473680
v 1.601983 -0.113948 0.229928
v 0.183801 -0.500107 -0.113867
v 1.663856 -0.185383 0.002604
v 1.203469 -0.075034 -0.508259
v 0.139634 0.241808 -0.541270
v -0.276780 -0.167467 0.663328
v 0.277346 -0.560081 0.565955
v 0.237036 -0.547883 0.580059
v 1.027577 -0.381742 -0.099302
v 1.092915 -0.399473 0.028344
v 1.671491 -0.103661 -0.216429
v 1.644087 -0.141397 -0.182185
v 1.612505 -0.130348 -0.223160
v 1.383451 0.445392 -0.422857
v 0.831815 -0.498007 0.162326
v 0.849776 -0.475212 0.199560
v 0.778557 -0.518196 0.195364
v 0.020677 -0.098964 0.950406
v 0.045865 -0.053948 0.942907
v -0.003461 -0.075201 0.932670
v 0.634696 -0.507406 0.443346
v 0.693870 -0.486013 0.394737
v 0.676405 -0.455188 0.450269
v 0.287231 -0.431904 0.733456
v 0.241494 -0.403719 0.769370
v 0.092207 -0.035900 0.947374
v 0.081233 0.010438 0.922101
v 0.892610 -0.417724 0.269940
v 0.635960 -0.628308 0.049906
v 0.600990 -0.640464 0.099884
v 1.329911 -0.098794 -0.476251
v 0.748918 -0.485947 -0.321465
v 0.760085 0.243176 0.468412
v 0.357178 -0.476436 0.661835
v 0.351395 -0.455909 0.687217
v 0.310590 -0.486011 0.666204
v 0.563004 -0.342325 -0.705903
v 1.506038 -0.013313 0.373058
v 1.410908 -0.154347 -0.400316
v 0.821897 0.538171 -0.100710
v 0.577281 0.233538 0.371206
v -0.081331 -0.094358 -0.374378
v -0.048322 -0.073124 -0.350765
v 0.149613 0.235472 -0.781350
v 0.167886 0.244748 -0.744207
v 0.168428 0.224791 -0.789377
v 0.115894 0.061781 -0.294283
v 0.656598 -0.582466 0.271298
v 1.307130 0.286049 0.435764
v 1.289557 0.336041 0.420200
v 1.241763 0.300377 0.453207
v 0.222477 -0.502054 0.656148
v 0.264396 -0.508321 0.645369
v 1.519547 0.345609 0.347931
v -0.040547 -0.198636 0.926107
v 0.109166 0.248091 -0.567281
v 0.133307 0.255832 -0.608571
v 1.372399 0.284392 -0.498356
v 1.335103 0.309836 -0.493846
v 0.121721 0.113802 -0.361769
v 0.048335 -0.359341 -0.836453
v -0.091051 0.127280 0.347533
v 1.104516 0.139128 0.530755
v 1.320282 0.347729 -0.478116
v 1.859293 -0.051892 0.032887
v -0.139517 -0.018886 0.828578
v 0.367668 -0.552394 0.566303
v 0.215754 0.207902 0.718014
v 0.200137 0.176463 0.786496
v 0.705396 -0.561747 -0.235494
v 0.694259 -0.546197 -0.297921
v 0.760212 -0.507432 -0.264817
v 0.336145 -0.611237 -0.232619
v -0.104943 -0.159193 -0.414552
v 0.037994 -0.480867 0.546715
v 0.021095 -0.464065 0.569854
v -0.015885 -0.443710 0.530705
v 1.405213 0.064142 0.440202
v 0.321677 0.139308 0.657196
v -0.024122 -0.186133 0.173064
v 0.815227 -0.464510 0.265631
v 0.852054 0.434112 -0.246995
v 1.178430 0.488354 -0.333217
v -0.058817 -0.266976 -0.890294
v 1.131150 0.006369 -0.525937
v 0.295704 0.187478 0.506018
v 1.326605 0.607770 -0.154333
v 1.207837 -0.253964 0.341584
v 0.733818 -0.430243 0.402333
v 1.361890 -0.123852 0.384511
v 1.376660 -0.078095 0.406685
v 1.268707 -0.309119 0.254663
v 0.799597 -0.491870 0.229000
v 0.700139 0.115389 0.467668
v 0.644580 0.125838 0.446220
v 1.264050 0.618273 -0.053365
v 1.764998 0.066530 -0.301540
v 1.665622 0.415697 0.221741
v 1.696699 0.549291 -0.010387
v 0.024494 0.205783 -0.506140
v -0.030891 0.152060 -0.453525
v -0.097722 -0.266251 -0.867202
v 0.756135 -0.544580 0.156334
v 0.813148 -0.519166 0.116982
v -0.115992 -0.113771 -0.403655
v 1.818364 -0.104398 -0.053693
v 1.406806 0.156210 0.437677
v -0.240653 -0.232921 0.591335
v 1.893522 0.213460 -0.232042
v 1.188360 -0.013369 -0.527511
v 1.172720 0.047069 -0.536598
v 1.236566 0.034601 -0.529407
v 1.424302 -0.169897 0.307604
v -0.168363 -0.212464 0.834908
v -0.136832 -0.191940 0.872997
v 0.765244 -0.249089 -0.501731
v 0.870503 0.026149 0.512727
v 0.135813 0.204835 0.365722
v -0.096116 -0.357742 0.445540
v -0.088387 -0.379079 0.504903
v -0.140677 -0.305855 0.456174
v 1.413253 -0.047009 0.404050
v 1.360661 0.429305 0.344001
v 1.277732 -0.229250 0.341424
v 0.451486 0.308289 0.092309
v -0.051646 -0.177085 0.929387
v 0.103708 0.226235 -0.502984
v 0.196258 -0.556337 0.038987
v 0.068930 0.241024 0.443958
v 0.004365 0.240854 0.444373
v 0.066003 0.260515 0.495806
v 0.385301 -0.517538 0.606622
v 0.493017 0.163873 0.376478
v 0.551471 -0.436632 0.594797
v 0.495011 -0.447729 0.627334
v 0.317673 -0.643351 0.139923
v 0.324617 -0.641223 0.084623
v 0.243716 0.135296 -0.250930
v 0.279720 0.152669 -0.284226
v 0.925277 -0.359851 -0.223720
v 0.933866 -0.312987 -0.256637
v 0.978899 -0.310912 -0.235594
v 0.015495 -0.280046 -0.901617
v -0.017185 -0.248949 -0.918029
v 0.657909 -0.423880 0.500576
v 1.432476 0.105377 0.431484
v 0.758906 -0.229087 -0.563611
v 1.293363 0.092525 -0.520859
v 1.214700 0.094561 -0.533517
v 1.212191 0.459321 -0.380078
v 0.062916 0.115116 -0.911100
v -0.026364 -0.255578 0.178686
v 0.059998 0.028053 -0.978052
v 0.058368 -0.018689 -0.989491
v 0.561308 0.435532 0.028386
v 0.345761 -0.258447 0.822433
v 0.407798 -0.252323 0.777436
v 0.362068 -0.193756 0.820615
v -0.049810 0.174659 0.365202
v -0.033534 0.159288 0.341402
v 0.247300 0.099202 0.842692
v 1.266811 -0.090633 -0.495107
v 1.304705 0.021675 -0.514504
v 1.316408 -0.042483 -0.500054
v 1.252016 -0.029924 -0.517214
v -0.046972 -0.212973 -0.365292
v -0.045427 -0.159500 -0.349917
v 0.494444 0.129756 0.429561
v 0.722162 0.540987 0.184649
v 0.679476 0.497863 0.247165
v 1.423359 0.005990 -0.477250
v 1.367477 0.010804 -0.496639
v 1.417154 0.067681 -0.490545
v 1.455170 -0.248912 -0.103583
v 1.417613 -0.266987 -0.119457
v 0.763042 -0.526101 -0.207914
v 0.273261 -0.623474 0.111559
v 1.547910 0.229495 -0.477886
v 1.518467 0.262534 -0.487463
v 1.356180 -0.048547 0.432056
v -0.020929 -0.125102 0.939481
v -0.087898 -0.197138 0.904794
v 0.927656 0.587041 0.075674
v 0.889992 0.586356 0.045469
v 0.861271 0.583903 0.093410
v 1.557546 0.298155 -0.476913
v 1.584527 -0.163508 -0.190011
v 1.390819 -0.225795 0.273290
v 1.367538 -0.212387 0.309979
v 1.151623 0.100836 -0.535248
v 0.166583 0.049881 -0.068517
v 0.401581 0.190103 0.325255
v 1.381784 -0.095012 -0.460374
v 0.746734 -0.529860 0.224258
v 0.376232 -0.652946 0.045629
v 0.740870 -0.567784 -0.044022
v 0.781849 -0.543551 0.000361
v 0.697453 -0.597784 0.010113
v 1.271197 0.488856 0.307737
v 1.255147 0.144179 -0.525524
v 1.054024 0.194837 0.531242
v 1.134581 0.388111 0.435412
v 1.096182 0.316273 0.486195
v 1.332846 -0.010576 0.457752
v 1.523814 0.067661 -0.451781
v 1.522444 0.147301 -0.472318
v 1.573285 0.128806 -0.449612
v 1.375223 -0.049077 -0.480662
v 0.310937 0.220090 -0.519308
v 1.419248 0.552905 -0.290064
v 1.779468 0.383237 0.144356
v 0.831779 0.306285 -0.331582
v 0.911588 0.327233 -0.359457
v 0.867717 0.271451 -0.364372
v 0.372154 -0.376331 0.747343
v 0.369205 -0.314212 0.786215
v 1.771056 0.466009 0.048255
v 0.175141 0.106113 -0.311743
v 0.094293 -0.393039 -0.814153
v 1.286356 -0.287472 -0.232280
v 1.221866 -0.294935 -0.226134
v 0.094001 0.203448 0.382556
v 0.069258 0.215118 0.401590
v 0.147600 0.218941 0.442095
v 1.018655 0.356645 -0.401016
v 1.024801 0.396811 -0.367004
v 0.314720 -0.507412 0.636960
v 0.254053 -0.527759 0.614902
v 0.293687 -0.535207 0.603466
v 0.421389 -0.324159 0.748041
v 1.217623 0.493267 0.310372
v 0.887766 -0.324664 -0.281915
v 0.013593 -0.430777 -0.655601
v 0.444521 -0.616526 0.416981
v 0.841360 0.514185 -0.153783
v 1.883160 0.384832 -0.251669
v -0.074090 0.109795 -0.475165
v 0.645618 -0.464563 -0.521584
v 0.585154 -0.493878 -0.543402
v 0.639702 -0.444747 -0.553342
v 0.083826 -0.406978 -0.327296
v 1.575248 0.191229 -0.464215
v 0.338616 -0.637813 -0.010805
v 0.371572 0.090176 0.654979
v -0.223097 -0.248149 0.564941
v 1.534547 -0.185755 -0.198500
v 1.558988 -0.156794 -0.231473
v 0.025572 0.184663 0.353817
v 0.390832 -0.601416 0.470692
v 0.465952 -0.583134 0.473491
v 0.039668 0.017268 -0.972903
v 1.188326 0.529738 0.251548
v 1.555346 0.472974 0.232684
v 0.407101 0.256185 0.028582
v -0.112823 0.044948 -0.442404
v 0.036561 0.176237 0.337551
v -0.032954 0.128232 -0.406570
v 0.154149 0.174579 0.803615
v 0.895939 -0.415641 -0.182195
v 0.918193 -0.419624 -0.142197
v 0.854681 -0.470318 -0.130577
v 0.369126 -0.536807 -0.553823
v 0.444180 -0.528324 -0.559081
v 0.419152 -0.552811 -0.517448
v 1.026482 -0.347077 -0.167094
v 0.965038 -0.361724 -0.187812
v 0.589846 -0.646721 0.005425
v 0.028172 0.106823 0.251328
v 0.270592 -0.513245 -0.627268
v 0.314121 -0.522653 -0.594243
v 0.250181 -0.519683 -0.597834
v 0.338298 -0.427523 0.720935
v -0.022059 0.174236 -0.525208
v -0.010845 0.182770 -0.604080
v 1.358152 -0.270335 0.240987
v 0.408381 0.241191 -0.057862
v 0.131579 -0.447398 -0.276724
v 0.209483 -0.552967 -0.021097
v 0.186082 0.212987 0.429462
v -0.018572 0.149798 0.326549
v 0.766877 0.506479 -0.127314
v 0.216580 -0.547866 -0.077218
v 0.108025 -0.321478 -0.067904
v 0.124552 0.078029 0.888308
v 1.249140 0.367501 0.416930
v 0.859197 -0.251045 -0.327639
v 1.531947 -0.154958 -0.272039
v 1.553406 -0.118997 -0.300312
v 1.581822 -0.123472 -0.261516
v 0.321146 -0.301248 0.821026
v 0.756842 0.038233 -0.365227
v 0.766340 0.071150 -0.353802
v 0.921613 0.529949 0.266846
v 0.667087 -0.609117 0.102231
v -0.199997 -0.175041 -0.579374
v 0.132787 0.135967 0.183111
v 0.165594 -0.135128 0.944348
v 0.266282 0.153570 0.017063
v 1.340059 0.332507 0.406027
v 1.827073 -0.052408 -0.147080
v 1.845904 -0.002109 -0.177342
v 1.795276 -0.037899 -0.197437
v 1.817973 0.013244 -0.221350
v 1.591201 0.592361 -0.142616
v 1.656589 0.568832 -0.191117
v 1.899585 0.411570 -0.188496
v -0.000268 -0.363569 -0.426127
v -0.041179 -0.348425 -0.471253
v -0.000815 -0.396486 -0.491518
v 1.879248 0.042582 -0.155503
v 1.902021 0.106021 -0.133019
v 0.514785 0.221810 0.333237
v 0.532155 0.187319 0.368932
v 0.182118 -0.213741 0.914723
v 0.167587 -0.249881 0.900670
v 0.129144 -0.216513 0.926147
v 0.593096 0.486837 0.117176
v 0.607339 0.488373 0.062614
v 1.037625 -0.074305 0.504198
v 1.462704 -0.250229 -0.054729
v 0.989283 0.543094 0.239643
v 0.992809 0.508243 0.305509
v 1.050723 0.540077 0.240825
v 1.057878 0.337446 -0.435687
v 0.401349 0.075752 0.634339
v 0.617495 -0.473348 0.500368
v 0.605752 -0.436537 0.547063
v 0.284972 0.225490 -0.637635
v 0.265859 0.236064 -0.574608
v 0.342196 0.213502 -0.581820
v 0.753641 -0.512321 0.258084
v 0.703897 -0.556231 0.242850
v -0.192560 -0.232902 -0.709104
v -0.082691 -0.306803 -0.826984
v -0.128145 -0.293167 -0.803140
v -0.207593 -0.274887 0.622773
v 0.974333 0.507589 -0.206490
v 0.330028 -0.542671 0.589360
v -0.109643 0.197094 0.466536
v 0.120548 -0.386078 -0.184058
v 0.541464 -0.112781 0.628909
v 0.563994 -0.189489 0.639778
v 0.581634 -0.126089 0.603889
v 0.365877 0.186704 -0.649377
v 1.322531 -0.295446 -0.173920
v -0.181511 -0.080034 -0.587070
v 0.656994 0.096240 -0.423745
v 1.549850 0.434154 0.275522
v 0.144405 -0.443705 -0.211489
v 1.465818 -0.108309 -0.401915
v 0.119304 -0.455902 -0.341425
v 1.924376 0.292694 -0.059705
v 1.923623 0.339550 -0.080313
v 0.363360 0.220858 0.028486
v 0.056727 0.236876 -0.567071
v 0.026070 0.217753 -0.579208
v 0.765285 -0.160858 -0.507237
v 0.254706 -0.319441 -0.852336
v 1.325177 -0.260985 -0.286997
v 1.341968 -0.276940 -0.235620
v 0.018693 0.035539 -0.342274
v 0.014447 -0.003397 -0.326776
v 0.635887 -0.622552 0.135621
v 1.418999 -0.269562 -0.062861
v -0.067173 0.198360 0.410170
v 0.845861 0.240154 0.501983
v 0.909600 0.300299 0.499534
v 0.020626 0.120419 0.270699
v 0.950566 0.569860 -0.082876
v 0.977589 0.558615 -0.120844
v 0.477157 -0.541544 -0.530159
v 0.048835 0.154908 -0.834514
v 0.073867 0.158925 -0.863908
v -0.054017 -0.094439 0.916425
v -0.067211 -0.130609 0.919407
v 1.308190 0.425518 0.360133
v 0.629121 -0.630834 -0.036433
v 0.130140 0.234932 0.461541
v 0.322209 -0.636630 0.035988
v 1.751683 0.068558 0.272319
v 1.690098 0.038838 0.303696
v 0.293922 0.197526 0.196398
v -0.040817 -0.424204 0.484488
v 0.091624 -0.549585 0.395380
v 0.735791 -0.369330 -0.467992
v 0.706612 -0.537889 0.288851
v -0.088369 -0.043344 -0.371077
v 1.453080 0.146650 0.423322
v 0.975449 0.325662 -0.397347
v 0.935332 0.284687 -0.394991
v 0.991595 0.285025 -0.427777
v 1.846163 0.352201 -0.313191
v 1.612473 0.397868 0.272696
v 0.917048 0.579501 -0.036148
v 0.989114 0.583248 -0.049773
v 1.926780 0.253065 -0.087104
v 1.929450 0.291832 -0.118081
v 0.715960 -0.584388 0.058986
v 0.309673 0.203749 0.154477
v 0.346051 0.212728 0.186590
v -0.040217 -0.034876 0.899969
v 1.272022 0.236092 0.467016
v -0.123637 0.078865 0.345749
v 1.043674 0.295527 -0.452393
v -0.086386 0.003726 0.856136
v 1.433331 0.559052 0.154931
v -0.096215 -0.058961 0.879925
v -0.103697 -0.109871 0.891986
v 0.010662 0.128915 0.286012
v 1.913640 0.171889 -0.137519
v 1.894572 0.136144 -0.185310
v 1.907460 0.193785 -0.184099
v 0.901105 -0.246757 0.413285
v 1.123564 -0.057998 0.503166
v 0.046309 0.163023 0.306143
v 0.699308 -0.056347 0.500421
v -0.014303 -0.310500 0.173352
v 0.340381 0.130642 0.629601
v 0.145167 -0.176788 0.939677
v 0.857961 0.387420 -0.289770
v 0.222997 0.247115 -0.632770
v -0.098176 -0.173609 0.904121
v 1.383542 0.603310 0.064852
v 0.632872 -0.425447 -0.584225
v 0.804478 -0.097611 0.483047
v 0.758734 -0.057857 0.488414
v 0.762581 -0.140628 0.489782
v 0.092073 -0.062075 0.015217
v 0.472344 0.187547 0.342845
v 0.088300 0.194448 0.352963
v 0.437903 0.172013 -0.590554
v 0.460940 0.128484 -0.661689
v 0.524376 -0.179806 0.668696
v 0.005019 -0.327435 -0.853099
v 0.743077 0.072626 0.483714
v 0.744838 0.128349 0.481803
v 1.285838 -0.053740 0.459904
v 1.263536 -0.006988 0.485789
v 1.152414 0.507098 0.298547
v 0.519404 0.140312 0.406427
v 0.748708 -0.143634 -0.581018
v 0.578496 0.131797 0.422537
v 0.087604 0.015612 -0.257787
v 0.397163 0.199362 -0.522049
v 0.689294 -0.589586 0.147303
v 1.183195 0.007851 0.510549
v 1.654661 0.056895 0.331177
v 0.195297 0.231029 -0.745094
v 0.126402 -0.010154 -0.079848
v 1.768994 0.339989 0.201179
v 0.845057 -0.282185 0.408151
v 0.004065 0.192176 0.365431
v 1.120537 0.537381 0.240656
v 1.554317 0.509287 0.183862
v 0.825876 0.562339 0.180084
v 0.108450 -0.557558 0.435082
v 0.376123 0.226541 0.001891
v 0.502283 -0.318760 0.690531
v 0.465176 -0.323578 0.717212
v 0.465550 -0.371585 0.696927
v 1.892054 0.095804 0.121718
v 1.867228 0.104723 0.172189
v 1.864820 0.056591 0.156210
v -0.115946 -0.322548 -0.760719
v -0.081150 -0.337049 -0.777488
v 0.040412 -0.381077 -0.378414
v 1.264748 0.459666 0.341209
v 1.516348 0.059714 0.393588
v 0.595768 -0.072478 0.564161
v 0.613854 -0.136199 0.585418
v 0.640359 -0.110378 0.552754
v 0.114262 0.234016 0.700291
v 0.120350 0.258129 0.621739
v 0.054199 0.248925 0.643477
v -0.072301 0.117146 0.328973
v 1.930387 0.342983 -0.122878
v -0.200335 -0.221906 -0.627001
v 1.087117 -0.340132 -0.147744
v 0.039514 -0.182265 -0.232918
v 0.069726 -0.170284 -0.166979
v 0.970829 -0.391615 -0.133878
v 0.355869 -0.557135 -0.502267
v 0.348338 -0.513201 0.621953
v 1.163136 0.279613 0.487929
v 1.096131 0.253123 0.513462
v 0.661089 0.530082 0.095384
v 1.510117 -0.209217 -0.167061
v 1.330806 0.538889 -0.306353
v 1.267934 0.532325 -0.302908
v 0.399135 0.236301 0.188037
v 0.609061 0.189073 -0.308791
v 0.459379 0.212541 0.303114
v 0.500865 0.256556 0.291854
v 0.453681 0.239068 0.258769
v 0.752637 -0.458799 0.350472
v 0.125590 0.253165 0.498744
v -0.035142 -0.384369 -0.538996
v 1.206621 -0.054270 0.486525
v -0.044274 -0.419699 0.558675
v -0.109344 -0.367223 0.550602
v 0.486304 -0.640854 0.321078
v 0.885201 -0.307385 0.377454
v 1.120098 -0.398942 0.152859
v 1.323669 0.121888 0.472944
v 0.619088 -0.405893 -0.619365
v 0.518714 -0.437911 -0.647747
v 0.536305 -0.255541 0.670501
v 0.153993 0.053853 0.020268
v 0.411412 -0.165085 0.775257
v 1.487450 0.107016 0.410585
v 0.848444 0.478666 -0.201925
v 0.403702 -0.480046 0.640363
v 0.441932 -0.484987 0.619874
v 0.684994 0.071763 0.469421
v 0.874054 0.563228 -0.068304
v 0.953729 -0.411639 0.237645
v 1.313897 0.463957 0.325582
v 0.298953 0.195817 -0.702689
v 0.365624 -0.120097 0.812211
v -0.049476 0.232807 0.461253
v 0.875727 -0.490107 0.070857
v 0.794099 -0.535987 0.064075
v 0.619278 0.081365 0.456127
v 0.736205 -0.566597 0.109998
v 1.844341 0.063569 -0.229323
v 1.878401 0.082380 -0.190400
v 1.595964 0.035101 0.352921
v 1.271227 -0.251160 -0.326358
v 1.202703 -0.260755 -0.305941
v 1.221599 -0.238392 -0.354399
v 1.039398 -0.419940 0.151039
v -0.046630 -0.390745 -0.691549
v -0.007026 -0.413925 -0.694406
v -0.047082 -0.392433 -0.646937
v 0.175791 -0.261045 -0.909458
v 0.262492 -0.626064 0.165450
v 0.000866 0.136037 0.299726
v 0.115978 -0.488842 -0.552325
v 0.421238 0.273100 0.059375
v 0.543547 0.158164 0.394248
v 0.318932 0.158920 0.582129
v 0.313023 0.158010 0.613435
v 1.055770 0.588717 -0.061663
v 0.513683 -0.398679 -0.691484
v 0.431978 -0.391698 -0.734967
v 0.491000 -0.360341 -0.731113
v 0.934375 -0.458289 0.019489
v 1.300319 0.380458 0.392724
v 0.576784 0.390842 0.280196
v 0.524984 0.355497 0.237606
v 0.535986 0.317824 0.285857
v 0.012940 -0.425737 -0.554462
v 0.078856 -0.221173 0.928387
v 0.416067 -0.466939 -0.664388
v 0.458051 -0.481114 -0.623532
v 0.224120 0.127090 -0.289356
v 0.244035 0.155110 -0.812116
v 0.241657 0.199857 -0.753619
v 0.061398 -0.178932 0.050985
v 0.081661 -0.217264 0.005866
v 0.257244 0.141331 -0.088138
v 0.071291 -0.123384 0.036611
v 0.168706 0.192479 -0.838462
v 1.376950 -0.283347 -0.142532
v 0.963538 0.182864 0.532747
v -0.179383 -0.257157 0.464028
v 1.567338 0.602342 -0.082789
v 0.555627 0.306646 -0.170324
v 0.612856 0.298829 0.367688
v 0.260982 0.182983 0.129808
v 0.303462 0.150702 0.687487
v 0.538005 -0.316774 0.664637
v 1.725004 0.556086 -0.149748
v 1.781630 0.257537 0.242876
v 0.741698 -0.554125 -0.149426
v 0.693431 -0.593459 -0.082542
v 1.683679 0.521791 -0.301889
v 1.736916 0.490935 -0.314406
v 0.435574 0.189983 -0.466223
v 1.505351 -0.101573 -0.374280
v 1.515678 -0.058479 -0.398733
v 1.356629 0.560734 -0.270998
v 0.074454 0.234162 -0.533185
v 1.608038 0.258322 -0.460480
v 0.328707 0.163129 0.546264
v 0.106912 0.190631 0.775363
v 0.047359 0.210363 0.726072
v 0.034325 0.140672 0.806577
v 0.807958 -0.445720 -0.283101
v 0.234881 0.138689 -0.323655
v 0.254276 -0.541095 -0.498497
v 0.295173 -0.538300 -0.541369
v 0.307291 -0.557785 -0.476608
v 0.098941 0.195157 -0.833488
v 0.090672 0.158894 -0.882592
v 1.068864 -0.403878 0.181818
v 0.118720 0.148948 0.229202
v 0.192306 0.169669 -0.406851
v 0.801308 -0.193233 0.465835
v 0.769851 -0.273479 0.460354
v 0.197887 0.156491 -0.852772
v 0.441857 -0.663872 0.032008
v 0.474844 -0.022671 0.643469
v 0.468605 -0.073205 0.683707
v 0.503275 -0.096418 0.657106
v 1.884381 0.006082 0.049182
v 1.219096 0.545188 -0.263161
v 1.219289 0.074779 0.510676
v 1.189857 0.129583 0.516089
v -0.097500 -0.335802 -0.564378
v -0.071243 -0.345898 -0.522994
v -0.091993 -0.311502 -0.505489
v 0.487243 -0.626479 0.369478
v -0.121131 -0.325975 -0.606446
v -0.115063 -0.339969 -0.661278
v -0.092731 -0.355315 -0.622811
v 1.185049 -0.281743 -0.258498
v 1.249041 -0.274872 -0.275169
v 0.795335 0.000634 0.493020
v 1.022913 0.574929 -0.095642
v 0.603550 0.454145 0.244181
v 0.555058 0.411522 0.230579
v 0.406164 0.207197 0.277324
v -0.091224 -0.233556 -0.436393
v 0.005804 0.214619 0.397307
v 0.692752 0.410498 0.349936
v 0.767403 0.386517 0.401755
v 0.259956 0.199556 0.496609
v 0.262917 0.201952 0.471217
v 0.950512 -0.112301 -0.361887
v 1.009162 -0.111260 -0.399935
v 0.983448 -0.053743 -0.409372
v 0.914390 -0.065617 -0.361104
v 0.785407 0.176957 0.491790
v 0.610893 0.095954 -0.516674
v 0.649549 0.087029 -0.462048
v 0.683435 0.035831 -0.489185
v 0.858882 -0.497350 0.013692
v 0.776845 0.438877 -0.210754
v 0.206843 -0.528381 -0.319462
v 0.168631 -0.494531 -0.295489
v 0.813604 0.098655 0.503480
v 0.309616 0.083734 0.775404
v 0.240877 0.158598 -0.371025
v 0.754152 0.314512 0.439664
v 1.384505 0.303236 0.406842
v 1.073308 -0.162923 -0.403736
v 0.050655 0.067052 -0.947933
v 0.495868 0.039900 0.554990
v -0.019228 -0.229139 -0.334236
v 0.493378 -0.249517 0.704954
v 0.533987 -0.532859 -0.520244
v 0.870799 -0.449724 0.233190
v 1.471656 0.070088 -0.473323
v 0.621519 0.027176 0.485467
v 0.579025 0.074494 0.463937
v 0.569885 0.045868 0.492939
v 1.380012 0.112964 0.451277
v -0.013592 0.220214 0.667225
v 1.317930 -0.093206 0.425685
v -0.000273 0.062820 0.240599
v 1.897999 0.208242 0.128892
v 1.913384 0.235423 0.080015
v 1.890069 0.266787 0.109973
v 0.303537 -0.591405 -0.268666
v 1.551583 -0.192059 -0.156035
v 0.552065 0.276020 0.329841
v 0.987001 -0.427769 0.178354
v 1.498221 -0.229692 -0.096567
v 0.055298 -0.088879 0.958382
v 0.993566 0.014584 -0.441116
v 1.235842 0.182121 0.495191
v 1.260832 0.127460 0.495614
v 0.916952 -0.457362 -0.034501
v 0.853185 -0.139782 0.471362
v 0.906276 -0.470850 0.125193
v 1.425549 -0.053447 -0.458561
v 1.512205 -0.185505 -0.238892
v 0.238693 0.130080 -0.121294
v 0.692449 -0.431742 -0.490263
v 0.198339 0.198736 -0.799943
v 0.871727 0.175088 0.518352
v 0.933891 0.243653 0.519629
v 0.393870 -0.511765 -0.599910
v 0.367939 -0.491949 -0.646349
v 1.601881 0.591469 -0.040779
v 0.196140 0.159938 0.156915
v 0.576141 -0.253578 0.640748
v 0.796400 0.166233 -0.357057
v 0.739860 0.200407 -0.332996
v 0.828194 0.217171 -0.361924
v 1.120850 0.588349 -0.111648
v 0.770327 0.126278 -0.351665
v 0.779795 -0.532099 -0.108339
v 0.817048 -0.512190 -0.070196
v 0.042239 -0.390325 0.126457
v 0.036137 0.216875 -0.652152
v 1.213985 0.519873 -0.304597
v 1.620738 0.184289 -0.445478
v 0.281708 0.186511 0.535090
v -0.015351 -0.154416 0.946094
v 1.825278 0.326971 0.152836
v 0.458394 -0.446824 0.648078
v -0.048675 -0.238409 0.216545
v 0.842781 0.572905 -0.016132
v 0.185196 0.102720 -0.269382
v 0.110611 0.191341 -0.852080
v 1.140191 -0.152650 0.447899
v 1.228151 -0.111017 0.449860
v 1.156006 -0.100207 0.478368
v 0.647905 0.522533 0.149906
v -0.075515 -0.288190 -0.449302
v -0.046260 -0.267924 -0.392075
v -0.073009 -0.246341 -0.416727
v -0.196879 -0.136513 -0.604501
v 1.287923 0.077093 0.489623
v -0.174181 -0.285985 -0.640791
v -0.154477 -0.284482 -0.593893
v -0.165501 -0.268631 -0.585317
v 0.535269 -0.412366 0.628790
v 0.580140 -0.384731 0.608661
v 0.554744 -0.372590 0.635631
v 0.722533 0.474745 -0.144196
v 0.246364 -0.552831 -0.347001
v 0.037187 -0.410956 -0.441695
v 1.857400 0.039451 -0.198108
v 1.315031 0.149477 -0.516953
v 0.368832 0.213128 0.216710
v 0.408187 0.224091 0.232871
v 1.739657 0.540136 -0.200838
v 0.821377 -0.482677 -0.177352
v -0.195337 -0.258386 -0.657590
v 0.740023 0.560362 0.066519
v 1.135186 0.215483 0.515855
v 1.176016 0.181470 0.513499
v 1.206465 0.234312 0.491144
v 0.177633 0.082576 -0.181187
v 0.117425 0.018792 -0.194339
v 0.157237 0.047699 -0.127774
v 0.928617 -0.437802 0.204374
v 0.101329 -0.397019 0.775411
v 0.730942 0.012678 0.483867
v 0.079614 0.117655 -0.923737
v 1.740743 0.548959 -0.095362
v 1.679647 0.545751 -0.251143
v 0.454929 -0.206815 0.738588
v 0.539005 0.268162 -0.195564
v 0.889631 -0.365101 -0.254358
v 0.778929 0.480098 -0.171671
v 0.417723 -0.330954 -0.779402
v 0.820541 0.577428 0.034221
v 0.805490 0.577396 0.084043
v 0.678714 0.011004 0.483091
v 0.645603 0.442588 0.294461
v 0.621835 0.391168 0.324633
v 0.119104 0.242642 -0.743811
v 0.134938 0.251263 -0.723324
v 0.126682 0.237391 -0.773286
v 0.087424 -0.226078 -0.138395
v 0.096442 -0.226687 -0.086170
v 0.046107 -0.439083 -0.503621
v 0.273156 0.150995 -0.059707
v 0.057722 -0.313353 -0.883307
v 1.009261 0.070986 -0.465033
v 1.602414 0.544147 0.084448
v 0.282307 0.179050 0.669737
v 0.291527 0.174344 0.628694
v 1.215449 0.452680 0.360890
v 0.047573 0.204156 -0.724982
v 0.854375 -0.057810 0.494132
v 0.897156 -0.099661 0.487244
v 1.923048 0.204698 -0.088216
v 1.917160 0.153541 -0.093249
v 0.967413 -0.442114 0.150095
v 0.220509 -0.537846 -0.257092
v 0.051951 0.007207 -0.300954
v -0.008911 -0.348788 0.793037
v 1.150612 -0.241411 -0.330850
v 1.603540 -0.088012 -0.286365
v 1.688036 -0.064400 -0.247744
v 1.733703 -0.072471 -0.209919
v 1.309423 0.508181 -0.346677
v 0.736671 -0.015507 -0.430078
v 0.692954 0.053830 -0.429656
v 1.629879 -0.049723 -0.304290
v 0.318542 0.184109 -0.004862
v 1.560349 0.112713 0.382798
v 0.067281 -0.527101 0.425108
v 0.854121 -0.216082 0.440176
v 1.080650 -0.311876 -0.202192
v 0.064378 -0.257676 -0.925768
v -0.190337 -0.191501 0.425345
v -0.104220 -0.146586 0.899170
v -0.132992 -0.246095 -0.843480
v 0.011802 0.146790 -0.775308
v -0.162574 -0.280993 -0.768500
v 0.033402 -0.082714 -0.987376
v 0.171759 -0.405147 0.773395
v 0.787260 0.254603 -0.333832
v 0.928966 -0.271893 -0.283648
v 1.634145 -0.095149 -0.252244
v 1.647942 -0.065119 -0.274681
v 0.127809 -0.465255 0.687166
v 0.610790 -0.022247 0.522308
v 1.178498 -0.225689 0.378578
v 1.200304 -0.175957 0.414053
v 0.034993 0.087760 0.225678
v 0.043107 -0.139672 0.085453
v 0.644512 -0.626724 0.003280
v 0.093682 -0.336434 -0.000713
v 0.041033 0.169549 0.320942
v 1.373406 0.513438 -0.349116
v 0.110913 0.134646 0.839347
v 1.348757 0.071339 0.465022
v 0.095941 -0.184405 0.946979
v 0.552405 -0.457887 -0.605218
v 1.079805 0.035620 -0.509846
v 1.607359 -0.174691 -0.144773
v 0.043832 -0.385049 0.771696
v 1.383636 0.539816 -0.312219
v 0.363480 0.212634 -0.026830
v -0.012957 0.179047 0.740989
v 1.493900 0.539292 -0.313610
v 0.348022 -0.651066 0.304675
v -0.186236 -0.270615 -0.719875
v -0.139568 -0.179061 -0.458701
v -0.161654 -0.235306 -0.535963
v -0.065144 -0.371417 -0.583512
v 0.068389 0.073616 -0.955742
v 0.004850 0.096290 -0.854841
v 0.585127 0.339428 0.326228
v 0.081382 0.037103 -0.980756
v -0.017703 -0.410645 -0.600832
v 0.097334 -0.252140 -0.048077
v 1.175195 0.477460 0.341471
v 1.912415 0.107710 -0.061647
v 1.519639 -0.213477 -0.131970
v 1.557970 -0.205475 -0.104005
v 0.762488 -0.008993 -0.379650
v 0.728770 0.029348 -0.394303
v 0.102785 0.223969 -0.776288
v 0.092175 -0.453278 0.094894
v 1.267328 -0.348707 0.053084
v 1.285398 -0.326416 0.216090
v -0.094751 -0.347912 -0.721855
v -0.133317 -0.324342 -0.697870
v 0.731812 -0.290028 -0.604575
v 0.094966 -0.506350 0.180658
v 0.063533 -0.448628 0.151668
v 0.209864 -0.516681 0.627713
v 0.621356 0.354211 -0.184360
v 1.681226 0.071131 -0.366405
v 1.641713 0.021475 -0.357141
v 1.702267 0.041710 -0.329814
v 1.829230 0.050933 0.197331
v 1.232253 -0.212172 -0.399403
v 1.113305 0.595259 -0.076638
v 0.712622 0.441859 -0.172914
v 0.697538 0.396636 -0.202718
v 0.985323 0.109724 -0.448527
v 0.069080 -0.116719 -0.169093
v 0.848587 -0.383979 -0.286249
v 0.688767 -0.372175 0.500310
v 1.672113 0.168515 -0.418908
v -0.019666 -0.176263 -0.319111
v 0.909216 -0.457977 0.171151
v 0.115467 0.221118 -0.801318
v 0.124843 0.216207 -0.818902
v 0.635190 -0.267049 0.592893
v 0.606939 -0.332044 0.607316
v 0.000692 0.255705 0.504774
v 0.495637 -0.369051 0.678159
v 0.525462 -0.368167 0.658120
v 0.530045 0.095613 0.461850
v 0.552629 0.110038 0.436901
v 0.885025 0.583630 0.005037
v 0.076377 -0.428831 -0.390058
v 1.834141 0.419037 -0.293798
v 0.123028 0.263413 0.551849
v 0.060805 0.265109 0.563247
v 0.570600 -0.522118 0.490611
v -0.001830 0.085454 0.257491
v -0.188819 -0.237113 -0.583629
v -0.182608 -0.265982 -0.614783
v -0.132195 -0.281422 0.401935
v -0.054087 -0.407647 0.435356
v 0.000374 -0.463939 0.469422
v 0.455761 -0.408982 0.679770
v 1.077984 0.585443 -0.092964
v 1.617431 0.081271 0.355458
v 1.566673 0.058785 0.373253
v 0.505992 -0.411356 0.648813
v 0.478831 -0.409647 0.665685
v 0.949049 0.586875 -0.004590
v 0.485976 -0.156826 0.698633
v 0.652979 -0.191863 0.571220
v -0.193921 -0.202999 -0.557128
v 0.746153 -0.213191 -0.621576
v 0.956606 -0.421679 -0.082851
v 0.048328 -0.511396 0.379785
v 0.074032 -0.534204 0.357835
v 0.397049 -0.462714 0.661121
v 0.435886 -0.441686 0.663323
v 0.165371 0.209930 0.746548
v 0.173608 0.237611 0.673550
v -0.075724 0.209892 0.606018
v -0.171555 0.031500 0.376096
v 1.258663 0.418246 0.379708
v 0.175174 0.250167 0.601640
v 0.199397 -0.169779 0.922933
v 0.216819 -0.123255 0.922981
v 0.587064 -0.554635 0.428793
v 1.311590 0.031985 0.477306
v -0.149574 -0.318240 0.504669
v 0.213547 0.086631 0.874964
v 1.345726 -0.253565 0.279527
v 1.184307 -0.223705 -0.375785
v -0.052005 -0.359751 -0.765002
v -0.055457 -0.376238 -0.721140
v 0.077583 -0.417670 -0.777918
v 1.072815 0.254539 -0.481048
v 1.673812 -0.154204 -0.136575
v -0.059610 -0.102575 0.237674
v -0.087017 -0.131558 0.271147
v 0.629213 0.498027 0.200731
v 0.171762 0.140723 -0.375261
v 0.082028 -0.452835 -0.448151
v 1.252487 0.348518 -0.475295
v -0.022251 -0.398384 -0.721246
v 0.029411 -0.416229 -0.742910
v -0.186292 -0.274882 0.505231
v 0.119480 0.014495 -0.979602
v 0.151692 -0.026614 -0.971561
v 1.358558 0.271529 0.425060
v 1.168868 0.600771 -0.098908
v 0.083636 -0.128732 -0.119190
v 1.243994 0.499337 -0.342806
v -0.000734 0.171834 -0.684112
v -0.045636 0.137810 -0.631382
v 0.505840 -0.030805 0.612001
v 0.010998 -0.040747 -0.308710
v 1.337454 0.234490 -0.508277
v 1.901915 0.074989 0.061186
v 1.913988 0.149760 0.073610
v 1.915986 0.123934 0.007309
v 1.922847 0.190506 0.016663
v 0.452481 -0.013473 0.665800
v 0.428987 0.027707 0.658184
v 1.377554 -0.288553 -0.075081
v 0.108473 -0.350462 -0.857250
v 0.164338 -0.392127 -0.817803
v 0.034405 -0.093633 0.107526
v -0.020071 -0.015065 -0.341574
v 1.708610 -0.116660 -0.174663
v 1.073049 0.573615 -0.124080
v 1.485321 -0.229056 -0.137424
v 1.907833 0.281954 0.049931
v -0.094152 -0.335303 0.386734
v -0.070089 -0.358912 0.352345
v -0.056916 -0.397751 0.395438
v 0.011563 -0.328847 -0.362492
v -0.006331 -0.120368 0.155970
v 0.347940 0.199434 -0.053501
v 0.304652 -0.643441 0.190964
v 0.252728 -0.627884 0.208222
v 0.111690 -0.355924 0.820618
v 0.046090 -0.350157 0.814882
v 1.539371 0.022694 0.373826
v 0.299533 -0.445360 -0.735924
v 0.053788 -0.305570 0.860450
v 0.065677 -0.261257 0.899540
v 0.016472 -0.067028 0.139139
v 0.668310 -0.074767 -0.673788
v 0.726338 -0.140663 -0.644290
v 0.692333 -0.147768 -0.685279
v 0.343054 -0.362416 -0.791299
v -0.037406 -0.104822 -0.339284
v 0.315173 -0.507690 -0.633687
v 0.554462 0.183269 -0.324845
v -0.038626 -0.080818 0.213479
v 1.213218 0.315587 -0.488607
v 1.197661 0.349703 -0.470255
v 1.502440 -0.154680 -0.313744
v 1.526017 -0.112984 -0.340218
v 1.835615 0.001923 0.156356
v 1.315710 -0.292268 0.248549
v 1.718792 0.464512 -0.356045
v 1.726577 0.419377 -0.379724
v -0.161454 -0.046036 -0.642907
v 0.120488 -0.545267 0.209990
v 1.818246 0.104587 0.224384
v 0.817066 -0.465073 -0.235987
v 0.661004 -0.210771 -0.700963
v 0.972153 0.589042 0.028246
v 0.767828 0.383567 -0.250275
v 0.477618 0.065857 -0.719533
v 0.542081 0.065148 -0.671539
v 0.091922 -0.101969 0.967742
v 0.236625 -0.544556 -0.409846
v 0.191328 -0.522311 -0.452424
v 0.122319 -0.258623 0.901149
v 0.529489 -0.561630 0.469681
v 0.524629 -0.596125 0.409952
v -0.102871 -0.244380 0.861641
v -0.065697 0.230891 0.520949
v -0.008209 0.248600 0.581194
v 1.245942 -0.202151 0.377523
v -0.119469 -0.246626 0.347634
v 0.226596 0.208827 0.466422
v 0.192730 0.213443 0.458589
v 0.152208 0.213191 0.420193
v 0.517286 -0.514633 -0.555392
v 0.928181 -0.428362 -0.108337
v 0.655522 0.209110 -0.303168
v 0.364702 -0.489187 0.644875
v 1.921247 0.204825 0.060753
v 1.920997 0.242342 0.028522
v -0.015288 -0.300611 0.845909
v 1.014939 0.159823 -0.468884
v 1.025997 0.117153 -0.480156
v 1.139103 -0.267931 -0.278890
v 1.045269 0.207293 -0.480402
v 1.022924 0.251778 -0.457435
v 0.259461 -0.391378 -0.797912
v 0.871042 -0.414698 -0.222797
v 0.851024 -0.413381 -0.256900
v 1.203725 0.405483 0.405513
v 1.133939 -0.313826 -0.188257
v 1.130822 0.248585 -0.500876
v 1.098067 0.203996 -0.504808
v 0.086878 -0.276077 0.000013
v 0.616454 -0.234820 0.608587
v 0.580615 -0.310382 0.633091
v -0.095919 -0.283591 0.327682
v 1.124520 0.151620 -0.523628
v 1.065139 0.149032 -0.500977
v 0.163135 -0.507223 -0.560633
v 1.031355 -0.146447 -0.391041
v 0.075927 -0.048823 0.060745
v 0.062145 -0.093578 0.064027
v 0.673445 0.349397 -0.224952
v 1.043585 0.468806 0.365058
v 1.082521 0.509619 0.299931
v 1.523015 0.000159 -0.426432
v 1.189865 -0.313058 -0.179962
v 1.865055 0.309713 0.116889
v 0.750609 0.291974 -0.300878
v -0.002896 -0.443128 0.599389
v 0.255336 0.202800 0.578828
v 0.257965 0.203031 0.630441
v 0.601203 -0.188950 0.612968
v 0.303512 0.171252 -0.049333
v 0.882349 -0.461575 -0.096634
v 0.063931 -0.078753 -0.198949
v 0.860669 -0.488508 -0.043872
v 1.773780 0.446715 -0.331197
v 1.867488 0.223393 0.168271
v 0.154748 0.252912 -0.715464
v 0.187894 0.249993 -0.693082
v 0.726000 0.556625 0.121453
v 1.786289 0.491475 -0.009947
v 1.572747 0.541477 -0.303775
v 0.812997 -0.256678 0.436252
v 0.119399 -0.307305 0.863881
v 0.952219 0.558386 0.203095
v 0.085568 0.078771 -0.960562
v 0.333234 -0.473917 -0.688914
v 0.167434 0.251768 0.546762
v 1.922832 0.229853 -0.132959
v 0.201129 -0.524497 -0.508157
v 0.230622 -0.538804 -0.462091
v 1.124911 0.058505 -0.532549
v 0.909152 -0.451602 -0.074845
v -0.174922 -0.292847 -0.702677
v 0.042063 -0.450378 0.203969
v 0.009006 -0.375688 0.179377
v 0.729840 -0.057742 -0.519569
v 0.620428 -0.106926 -0.718623
v 0.901247 0.235969 -0.391856
v 0.952437 0.252688 -0.416215
v 0.940934 0.203460 -0.417716
v -0.030546 -0.425421 0.375756
v 0.102284 0.041996 -0.979387
v 1.921724 0.171374 -0.041952
v 1.471548 -0.057243 -0.431024
v 1.740270 -0.130004 -0.126560
v 1.536947 -0.227471 0.054748
v 1.601451 -0.205722 0.028683
v 0.078986 -0.509398 0.227769
v 0.215658 0.220551 0.529742
v 0.214464 0.230346 0.576862
v 0.136583 0.237539 -0.775320
v 0.549219 -0.047736 0.583576
v 0.149669 -0.503619 -0.505940
v 0.086739 -0.038243 -0.181925
v 1.769686 0.199067 0.265693
v 1.771034 0.128947 0.267954
v 1.826859 0.176840 0.220373
v 0.003258 -0.460134 0.354904
v 0.017351 -0.482022 0.402995
v 1.017357 0.322490 -0.424833
v -0.013280 -0.080315 -0.317368
v 0.203403 0.101048 -0.138067
v 1.550080 0.543492 0.124885
v -0.070714 -0.320685 -0.476066
v 0.133539 -0.524694 0.567473
v 1.278357 0.310364 -0.493433
v 1.237990 0.274706 -0.504036
v 0.783401 -0.068134 -0.384845
v 0.109890 -0.022790 -0.136233
v 0.660561 -0.044075 0.510086
v 1.331643 -0.240112 0.307080
v 1.706839 -0.099764 0.170666
v 0.589842 0.482655 0.162837
v -0.046300 -0.320733 0.247328
v -0.030176 -0.385347 0.277761
v -0.057771 -0.335330 0.282433
v 1.825124 0.238714 0.210174
v 1.853845 0.277477 0.159068
v 0.106473 -0.052326 -0.037252
v -0.057162 -0.314424 0.809590
v 1.083795 -0.121160 0.478250
v 0.490532 -0.497982 -0.586713
v 0.661077 -0.357112 0.542727
v 1.405989 0.490246 0.277598
v 0.868863 0.181189 -0.383454
v 0.493407 -0.665565 0.027282
v 0.567964 0.449160 0.196074
v -0.145359 -0.235837 0.838849
v 1.603541 0.574184 0.014231
v 0.624406 0.241992 -0.270330
v 0.596814 0.270420 -0.234733
v 1.330149 0.602483 0.072577
v 0.220133 -0.504835 -0.642411
v 0.358906 0.203325 0.252660
v 0.139410 0.209033 0.391345
v 1.023225 0.533987 -0.182302
v 0.698124 0.074005 -0.391335
v 0.798712 0.341449 -0.295378
v 1.712487 0.087230 0.304857
v 1.824466 0.442755 0.010347
v 0.081559 0.195372 -0.810253
v 0.598972 -0.511431 -0.507310
v 0.679706 -0.607569 -0.027009
v 0.181554 0.167143 0.207747
v 0.584461 0.294951 -0.207262
v 0.611214 0.322938 -0.204576
v 0.638757 0.307000 -0.234392
v 0.176579 0.122790 -0.347417
v 1.029085 -0.176945 -0.361304
v 0.194156 -0.532237 0.593124
v 0.178853 -0.548100 0.554198
v 1.652754 0.358601 0.278951
v 0.397387 -0.156784 -0.839011
v 0.445558 -0.106504 -0.809534
v 0.280166 0.162113 0.721532
v 0.316390 -0.567304 0.553798
v 0.288961 -0.491340 -0.672677
v 0.104250 0.079881 -0.962469
v -0.041592 -0.389421 0.322520
v 1.913990 0.192973 0.097181
v 0.767673 -0.102397 -0.441396
v 0.286065 0.181336 0.577775
v 0.248094 0.202317 0.535370
v 0.147058 0.067541 -0.238235
v 0.208577 0.113250 -0.219568
v 0.552037 0.100929 -0.600382
v 1.314665 -0.180231 0.367208
v 1.330253 -0.212976 0.333399
v 1.373037 -0.169949 0.344276
v 0.684023 0.337448 0.393424
v 0.981157 -0.270361 -0.268934
v 0.239535 0.132593 -0.166126
v 1.254022 0.036952 0.498919
v 0.371075 -0.453185 -0.702776
v 0.438925 -0.434476 -0.693310
v 0.177475 0.227022 0.486805
v 0.175939 0.238930 0.515108
v 0.178808 -0.337219 -0.861274
v 0.113983 -0.293778 -0.901373
v 0.112218 -0.465115 -0.396575
v 0.382203 0.139716 -0.714622
v 1.727092 0.014818 -0.290331
v 1.791633 0.039328 -0.261082
v 1.750484 -0.019866 -0.245970
v 0.634540 0.357362 0.356013
v 0.650887 -0.601814 -0.195744
v -0.080131 -0.278787 0.838181
v 1.098226 0.098802 -0.522466
v 1.051936 0.086772 -0.498138
v 0.721745 -0.035171 0.489675
v 0.557744 0.005704 0.535567
v 0.212411 -0.613731 0.238925
v 0.629493 -0.174914 0.587504
v 0.102346 0.155923 -0.896435
v 1.924491 0.237075 -0.033886
v 0.035918 -0.483307 0.293079
v 0.075517 -0.520381 0.273022
v 0.704664 -0.513935 0.339733
v 0.234135 0.231627 -0.692809
v 1.746129 0.517305 -0.259991
v 1.897941 0.154201 0.131647
v 1.876836 0.033050 0.110583
v -0.169958 -0.240877 -0.781964
v 0.093230 0.118465 -0.932180
v -0.120810 0.016086 -0.670329
v 1.742416 0.534457 -0.036145
v 1.037521 -0.011999 -0.468937
v 1.034406 0.039587 -0.481054
v 1.638015 0.200755 0.349543
v 0.343917 -0.653499 0.257791
v 0.280604 -0.641014 0.296337
v 0.279213 -0.639105 0.242987
v 1.301130 -0.246963 0.315546
v 1.594506 0.517408 0.143241
v 1.361817 0.562774 0.168937
v 0.058050 0.204177 -0.469612
v 0.557886 -0.158701 -0.754995
v 0.087319 -0.004478 -0.988834
v 0.077026 -0.506934 0.539399
v 0.453796 -0.275491 0.738352
v 0.738137 0.156779 -0.342404
v 0.657981 0.025782 -0.568683
v -0.150527 -0.306840 -0.734541
v 0.206819 0.099518 -0.098606
v -0.021925 0.049631 0.858557
v 1.621512 0.518723 -0.332603
v 0.446056 -0.659703 -0.058994
v 0.410295 -0.657589 0.263107
v 1.734451 -0.109645 0.132079
v -0.065417 -0.401847 0.595303
v -0.126487 -0.353071 0.595271
v 0.393368 -0.445912 0.679810
v 1.917334 0.288310 -0.005011
v 1.253262 -0.345822 0.001948
v 0.593832 0.216265 -0.278186
v -0.068715 -0.272246 0.261621
v 0.148036 0.258473 -0.656821
v 0.125398 0.255312 -0.678083
v 1.491237 0.568717 0.106449
v 1.541252 0.578909 0.048098
v 0.259822 -0.502847 -0.655232
v 1.789282 -0.042101 0.170469
v 1.606525 0.560001 -0.253825
v 1.632861 0.540723 -0.290958
v 1.853518 -0.026807 0.094719
v 0.256329 0.069411 0.856060
v 1.649099 0.572476 -0.022679
v 0.182108 -0.357890 0.818055
v 0.315109 -0.146754 -0.884330
v 1.089351 0.430048 0.407397
v 1.306813 0.273092 -0.503936
v -0.143112 -0.256365 -0.533930
v 0.185678 -0.506710 -0.607774
v 0.204944 0.215087 0.492071
v -0.018075 -0.122786 -0.314692
v 0.708742 -0.572407 -0.185112
v 0.038268 -0.498949 0.450978
v -0.016364 -0.449232 0.423094
v 1.169862 0.285181 -0.495391
v 1.419325 -0.106677 -0.434229
v -0.121167 -0.217413 0.872934
v 0.802069 0.571948 0.133297
v 1.024045 0.251303 0.520888
v 0.611348 -0.395106 0.572925
v 0.644681 -0.398180 0.536261
v 0.058441 0.190401 -0.783229
v 1.695512 0.197357 0.317087
v 1.715120 0.141412 0.308187
v -0.139877 -0.303049 -0.598660
v 0.350228 -0.572241 -0.455404
v 1.480098 -0.225923 -0.172602
v 0.097703 -0.474993 -0.505215
v -0.080195 -0.367369 -0.676473
v 1.800308 -0.099672 -0.111557
v 1.771841 -0.087340 -0.164005
v 0.351423 -0.654809 0.212515
v -0.116556 -0.304782 -0.547965
v -0.137843 -0.319382 -0.645170
v 0.101000 -0.541184 0.474448
v 0.693622 -0.407190 -0.520276
v 0.865449 0.349141 -0.322696
v 0.246705 0.184111 0.180137
v 0.223696 -0.524369 -0.555416
v -0.157094 -0.304235 -0.660751
v 0.631686 -0.347887 0.578889
v 1.046290 -0.072160 -0.450544
v 1.684640 -0.031229 -0.280570
v 1.171255 -0.298709 -0.219339
v 0.759302 -0.486776 0.301140
v 0.571670 -0.475604 -0.573637
v 0.035263 -0.466083 0.250215
v 0.220933 0.225120 0.647540
v 0.794636 -0.132064 -0.393504
v -0.025952 -0.422410 0.628822
v 0.997499 0.308410 0.500865
v 0.996975 0.206084 -0.451557
v 0.523530 0.389536 0.189617
v 1.673095 0.381828 0.249033
v 1.671680 0.099890 0.331820
v 1.868959 0.163180 0.176971
v 0.088960 -0.182786 -0.100022
v 0.257986 -0.563699 -0.285652
v 1.267209 0.232506 -0.513305
v 1.024069 0.556761 -0.140156
v 0.721371 -0.197810 -0.664832
v 1.225806 0.191498 -0.522156
v 1.196648 0.238277 -0.512276
v 1.158447 0.198057 -0.519319
v 0.702829 -0.061028 -0.610579
v 0.623621 0.012337 -0.644513
v 0.578544 -0.009252 -0.704165
v 0.669110 0.279709 -0.268305
v 0.702773 0.245129 -0.302274
v -0.037380 -0.057382 0.220602
v 1.304568 -0.271485 0.285710
v 0.674207 -0.313763 0.547493
v 0.056993 -0.116318 0.965206
v 0.236056 0.204860 0.498477
v 0.715420 0.325830 -0.263951
v 1.293131 -0.332883 0.010987
v -0.029074 -0.312648 0.207013
v 0.002960 -0.434200 0.272542
v -0.007521 -0.391379 0.234518
v -0.055411 -0.308210 -0.437428
v -0.026835 -0.315442 -0.405617
v -0.001246 -0.442500 0.309485
v 0.038350 -0.496085 0.335962
v 1.720220 0.383292 0.207801
v 0.068295 -0.291065 0.043286
v -0.075194 -0.312829 0.304222
v 1.120100 0.475819 0.350589
v 0.913424 0.571249 0.163433
v 0.255822 0.194906 0.689803
v 1.382524 -0.289173 -0.016562
v 1.294873 0.189415 -0.517018
v 0.985000 -0.423125 -0.034760
v 0.359169 -0.418788 -0.741316
v -0.187515 -0.279879 -0.670966
v 0.982787 0.242671 -0.436647
v -0.172554 -0.195522 -0.509330
v 0.311514 0.176925 -0.028331
v 0.259741 0.144641 -0.208410
v -0.018087 -0.052646 -0.331035
v 0.711472 -0.264216 -0.652576
v -0.084126 0.061557 0.817575
v 0.091948 -0.197750 -0.044441
v 0.957569 0.582614 0.107945
v 0.109757 0.255494 -0.633846
v 1.186753 0.147567 -0.530307
v -0.032345 -0.297792 -0.868635
v 0.020873 -0.126484 0.956647
v 0.024207 -0.149084 0.959325
v -0.018898 -0.013511 0.216427
v -0.043960 -0.334725 -0.815602
v 1.185163 0.345647 0.449359
v -0.058838 -0.154696 0.926728
v 1.474262 0.003306 -0.454685
v 1.699584 -0.163503 -0.086757
v 1.130917 -0.291373 -0.234099
v 0.059756 0.067809 0.878736
v 0.021160 -0.009239 0.912986
v 0.020357 -0.474769 0.513230
v 1.159790 0.441492 0.384932
v 1.431688 0.589581 0.086873
v 1.654937 0.247414 0.329321
v 1.642734 0.143661 0.348733
v 0.498012 -0.033728 -0.762213
v 0.084124 -0.077071 -0.147919
v 0.060290 -0.507212 0.497892
v 1.376569 0.585705 0.113840
v 0.881658 0.579992 0.125608
v 1.281251 -0.147266 0.406015
v 0.119804 -0.535150 0.526023
v 1.807145 0.291452 0.202078
v 1.664553 -0.006003 -0.317707
v 0.423370 -0.435942 0.675530
v 1.335072 -0.311291 -0.016743
f 1 2 3
f 4 5 6
f 7 8 9
f 10 4 11
f 12 13 14
f 15 16 17
f 18 19 20
f 21 22 23
f 24 25 26
f 27 28 29
f 30 31 32
f 14 33 34
f 35 36 37
f 38 39 40
f 41 42 43
f 44 3 45
f 46 47 48
f 49 50 51
f 50 49 52
f 53 54 55
f 56 57 58
f 59 60 55
f 53 61 62
f 63 64 65
f 65 64 66
f 67 68 69
f 16 15 70
f 71 72 73
f 74 75 76
f 77 78 79
f 80 81 82
f 83 84 85
f 69 86 67
f 87 71 73
f 88 87 73
f 12 14 34
f 89 90 91
f 92 93 94
f 13 12 95
f 96 97 98
f 99 62 100
f 73 101 88
f 102 103 104
f 105 106 80
f 107 108 109
f 18 110 19
f 19 111 20
f 112 113 114
f 114 113 115
f 116 117 118
f 50 119 120
f 121 122 91
f 123 124 125
f 125 124 126
f 127 128 129
f 130 131 132
f 19 133 134
f 134 133 135
f 136 137 138
f 139 140 141
f 141 140 142
f 143 144 118
f 101 145 146
f 147 1 3
f 107 109 148
f 149 40 39
f 150 151 152
f 153 125 154
f 155 156 157
f 113 112 158
f 159 13 95
f 160 161 162
f 163 164 165
f 125 126 154
f 21 23 166
f 74 167 75
f 119 50 52
f 168 169 170
f 64 63 171
f 64 171 172
f 173 174 75
f 175 91 122
f 176 177 178
f 179 180 181
f 182 183 184
f 185 112 186
f 187 188 1
f 90 89 81
f 43 42 189
f 190 191 192
f 193 52 194
f 195 196 197
f 1 147 187
f 198 199 200
f 201 198 200
f 19 134 111
f 202 203 204
f 205 204 203
f 206 207 208
f 209 210 85
f 32 211 212
f 213 214 215
f 29 216 27
f 217 218 219
f 83 31 30
f 216 220 27
f 221 222 223
f 224 225 226
f 227 228 229
f 85 210 230
f 231 232 233
f 234 235 114
f 236 237 234
f 238 168 170
f 239 240 86
f 241 150 152
f 98 79 78
f 242 204 243
f 244 245 246
f 247 248 249
f 167 74 250
f 251 252 253
f 208 207 254
f 136 255 256
f 192 257 258
f 3 259 45
f 115 260 114
f 213 261 214
f 79 262 77
f 88 263 87
f 87 263 264
f 265 266 267
f 48 268 269
f 60 270 55
f 271 272 273
f 111 274 20
f 275 276 277
f 277 276 247
f 156 278 256
f 256 278 136
f 279 280 281
f 281 280 282
f 72 283 73
f 73 283 101
f 284 285 286
f 287 250 288
f 218 289 290
f 106 291 292
f 293 116 294
f 236 168 237
f 295 296 297
f 131 298 132
f 299 300 301
f 200 302 201
f 303 304 305
f 79 98 97
f 24 306 25
f 307 308 309
f 18 310 264
f 82 311 80
f 47 312 313
f 296 295 314
f 65 238 63
f 32 315 30
f 316 317 318
f 299 319 300
f 299 320 319
f 321 322 323
f 324 325 326
f 170 327 328
f 328 327 329
f 330 331 332
f 333 334 273
f 335 336 337
f 338 339 340
f 203 341 205
f 157 259 342
f 79 97 262
f 104 231 233
f 343 104 233
f 260 236 234
f 114 260 234
f 344 345 346
f 347 348 191
f 157 342 155
f 225 224 349
f 85 230 350
f 351 352 353
f 53 62 354
f 54 53 354
f 170 169 327
f 355 356 357
f 32 358 315
f 359 360 246
f 361 359 246
f 360 359 362
f 267 363 364
f 265 267 364
f 184 365 366
f 278 156 155
f 140 139 178
f 177 140 178
f 72 367 283
f 242 243 368
f 369 370 371
f 372 45 259
f 157 372 259
f 373 374 375
f 250 287 376
f 167 250 376
f 122 121 377
f 378 379 296
f 215 380 381
f 52 49 382
f 194 52 382
f 88 101 146
f 383 101 283
f 384 385 386
f 387 188 388
f 147 3 44
f 389 147 44
f 390 72 71
f 219 42 309
f 18 264 263
f 110 18 263
f 32 212 358
f 391 338 340
f 211 32 31
f 392 393 339
f 220 216 394
f 149 395 257
f 192 149 257
f 396 397 398
f 399 400 401
f 364 363 402
f 403 404 405
f 406 407 408
f 409 406 408
f 82 410 311
f 22 21 230
f 210 22 230
f 264 310 411
f 412 413 414
f 112 114 235
f 186 112 235
f 194 415 193
f 100 416 417
f 418 100 417
f 53 55 270
f 61 53 270
f 419 234 237
f 420 329 421
f 422 420 421
f 70 423 424
f 425 426 427
f 428 425 427
f 425 429 430
f 431 301 300
f 432 431 300
f 433 205 341
f 434 433 341
f 92 435 436
f 437 172 171
f 318 317 438
f 36 35 439
f 204 205 243
f 301 431 440
f 322 321 441
f 94 93 442
f 443 444 282
f 280 443 282
f 445 446 447
f 448 449 450
f 451 150 239
f 144 294 116
f 407 452 408
f 453 454 455
f 456 457 440
f 257 164 163
f 258 257 163
f 16 70 424
f 458 16 424
f 20 459 310
f 18 20 310
f 246 245 460
f 361 246 460
f 461 462 463
f 212 211 447
f 168 236 464
f 384 465 385
f 220 30 315
f 27 220 315
f 237 168 238
f 65 237 238
f 357 466 467
f 468 469 470
f 471 468 470
f 239 150 241
f 277 247 249
f 472 473 474
f 475 472 474
f 476 477 478
f 479 454 453
f 480 481 161
f 160 480 161
f 405 482 403
f 105 80 311
f 483 139 141
f 202 204 484
f 485 486 487
f 488 489 490
f 405 491 482
f 219 218 290
f 326 325 492
f 493 494 495
f 496 350 230
f 21 496 230
f 338 391 497
f 441 321 498
f 499 500 501
f 502 503 504
f 505 506 507
f 116 118 144
f 217 219 309
f 508 311 509
f 510 511 233
f 512 513 514
f 346 345 515
f 406 306 24
f 407 406 24
f 359 223 222
f 362 359 222
f 516 159 95
f 517 263 88
f 146 517 88
f 518 295 519
f 520 302 521
f 331 522 523
f 511 510 340
f 524 525 526
f 360 527 244
f 246 360 244
f 26 25 528
f 92 436 529
f 369 92 529
f 530 531 532
f 533 530 532
f 534 366 535
f 536 537 538
f 394 84 220
f 539 540 541
f 542 543 544
f 200 545 302
f 546 143 415
f 547 548 549
f 550 551 552
f 177 553 140
f 140 553 142
f 485 554 486
f 15 555 70
f 556 557 145
f 300 558 432
f 546 559 143
f 373 560 561
f 562 563 564
f 456 565 457
f 457 565 566
f 266 567 267
f 530 568 569
f 473 570 474
f 465 571 385
f 572 573 574
f 335 575 336
f 525 576 513
f 513 576 514
f 577 578 326
f 579 580 382
f 302 581 521
f 98 582 96
f 167 583 75
f 75 583 173
f 584 585 586
f 587 588 589
f 590 591 592
f 550 593 594
f 595 596 304
f 366 597 184
f 366 483 535
f 530 484 531
f 485 487 598
f 599 231 600
f 601 602 603
f 604 605 606
f 1 607 2
f 39 608 149
f 609 433 610
f 459 611 310
f 310 611 411
f 376 612 167
f 275 594 276
f 15 613 555
f 596 518 305
f 131 614 615
f 87 616 71
f 521 617 520
f 192 191 40
f 149 192 40
f 378 296 314
f 64 172 618
f 66 64 618
f 394 619 209
f 379 620 621
f 296 379 621
f 622 13 159
f 119 52 193
f 118 119 193
f 481 551 623
f 133 19 110
f 300 319 558
f 624 625 626
f 627 624 626
f 25 306 628
f 629 25 628
f 424 423 249
f 159 516 630
f 631 402 558
f 563 562 632
f 633 563 632
f 634 635 636
f 637 634 636
f 550 552 593
f 551 481 480
f 552 551 480
f 259 3 2
f 342 259 2
f 638 260 115
f 348 38 40
f 191 348 40
f 354 639 54
f 189 436 435
f 365 139 483
f 366 365 483
f 495 568 640
f 201 302 520
f 641 642 643
f 203 202 644
f 570 645 646
f 474 570 646
f 264 411 616
f 87 264 616
f 30 220 84
f 83 30 84
f 151 647 648
f 649 288 250
f 74 649 250
f 650 651 652
f 225 653 654
f 226 225 654
f 655 197 656
f 657 291 658
f 576 525 659
f 578 577 487
f 486 578 487
f 581 302 545
f 660 581 545
f 362 222 661
f 314 295 518
f 596 314 518
f 583 167 612
f 662 588 176
f 529 663 664
f 573 665 574
f 70 555 666
f 424 249 248
f 458 424 248
f 70 666 423
f 589 667 336
f 587 589 336
f 161 481 668
f 231 599 232
f 459 669 611
f 38 505 507
f 39 38 507
f 48 269 46
f 113 670 115
f 213 215 498
f 321 213 498
f 671 499 501
f 672 673 674
f 536 672 674
f 607 1 188
f 387 607 188
f 242 531 484
f 204 242 484
f 675 676 652
f 677 678 679
f 573 414 680
f 429 425 512
f 588 662 681
f 131 130 614
f 502 504 397
f 603 602 682
f 495 494 569
f 568 495 569
f 569 202 484
f 530 569 484
f 184 597 182
f 683 598 487
f 577 683 487
f 163 165 684
f 659 525 524
f 685 659 524
f 343 233 511
f 686 276 594
f 271 687 272
f 688 689 516
f 95 688 516
f 136 278 137
f 518 519 690
f 305 518 690
f 339 393 511
f 340 339 511
f 417 416 656
f 691 417 656
f 692 693 661
f 34 33 694
f 676 650 652
f 84 394 209
f 85 84 209
f 91 90 695
f 103 600 231
f 104 103 231
f 296 621 297
f 110 263 517
f 696 110 517
f 143 559 144
f 199 198 697
f 568 530 533
f 495 640 698
f 699 700 701
f 702 703 612
f 376 702 612
f 503 502 704
f 607 387 705
f 706 615 614
f 491 706 614
f 500 707 501
f 708 709 710
f 711 708 710
f 143 118 193
f 415 143 193
f 477 476 712
f 582 98 713
f 543 714 715
f 544 543 715
f 78 713 98
f 547 549 716
f 195 717 718
f 216 29 284
f 560 373 375
f 97 434 262
f 304 596 305
f 665 573 680
f 382 580 194
f 476 585 712
f 578 486 142
f 178 139 365
f 659 685 719
f 720 721 676
f 507 608 39
f 698 493 495
f 412 414 573
f 722 723 724
f 229 725 726
f 144 559 727
f 728 284 286
f 648 647 729
f 730 532 531
f 346 515 731
f 732 733 734
f 735 201 520
f 721 720 736
f 561 560 737
f 738 576 659
f 373 739 740
f 564 741 742
f 743 564 742
f 744 173 745
f 746 747 748
f 749 624 627
f 578 142 750
f 326 578 750
f 751 752 753
f 313 754 47
f 217 755 218
f 756 757 758
f 196 691 197
f 197 691 656
f 282 735 281
f 293 294 352
f 759 760 466
f 672 761 673
f 638 464 260
f 260 464 236
f 352 727 353
f 170 762 238
f 226 763 224
f 764 765 766
f 657 767 291
f 291 767 292
f 23 768 166
f 465 769 770
f 771 772 479
f 327 773 329
f 587 774 588
f 588 774 176
f 523 592 775
f 776 767 657
f 777 778 126
f 96 610 97
f 115 779 638
f 125 780 123
f 123 780 781
f 681 782 783
f 90 784 695
f 486 785 142
f 142 785 141
f 611 786 411
f 371 787 132
f 132 787 130
f 202 788 644
f 617 789 520
f 639 744 54
f 576 790 514
f 295 791 519
f 792 793 405
f 794 795 796
f 797 798 799
f 284 728 216
f 216 728 394
f 242 800 531
f 166 801 802
f 803 804 771
f 596 805 314
f 314 805 378
f 461 806 807
f 808 809 810
f 662 811 812
f 752 813 753
f 753 813 814
f 815 739 816
f 420 817 818
f 819 820 821
f 616 822 71
f 71 822 390
f 329 823 421
f 553 750 142
f 479 824 454
f 454 824 825
f 590 826 591
f 156 372 157
f 177 176 774
f 827 438 826
f 590 827 826
f 172 828 829
f 618 172 829
f 830 831 770
f 832 833 834
f 835 832 834
f 836 837 838
f 76 75 174
f 839 76 174
f 174 173 744
f 639 174 744
f 840 839 174
f 639 840 174
f 348 347 841
f 842 348 841
f 741 368 243
f 819 843 844
f 845 846 847
f 61 270 848
f 420 818 328
f 329 420 328
f 420 422 817
f 464 638 547
f 716 464 547
f 849 509 850
f 727 352 294
f 144 727 294
f 235 234 419
f 762 170 328
f 818 762 328
f 309 42 41
f 307 309 41
f 851 281 789
f 419 237 65
f 852 652 682
f 159 630 763
f 622 159 763
f 169 168 464
f 716 169 464
f 761 853 854
f 673 761 854
f 83 85 350
f 855 322 441
f 195 718 856
f 196 195 856
f 29 346 731
f 284 29 731
f 857 141 785
f 858 857 785
f 371 370 787
f 78 859 713
f 670 814 779
f 115 670 779
f 465 384 769
f 772 771 804
f 548 547 813
f 752 548 813
f 720 676 675
f 774 587 860
f 767 776 861
f 862 590 592
f 523 862 592
f 863 864 865
f 569 494 788
f 202 569 788
f 866 624 472
f 475 866 472
f 867 868 559
f 546 867 559
f 869 870 871
f 677 679 872
f 873 677 872
f 245 244 874
f 780 125 153
f 483 141 857
f 535 483 857
f 875 539 541
f 701 875 541
f 694 45 372
f 876 694 372
f 610 433 434
f 97 610 434
f 705 877 878
f 607 705 878
f 130 787 879
f 528 412 880
f 26 528 880
f 881 882 883
f 581 660 884
f 228 757 885
f 2 607 878
f 342 2 878
f 549 548 886
f 353 887 351
f 450 888 889
f 448 450 889
f 853 890 350
f 496 853 350
f 404 403 831
f 619 394 728
f 286 619 728
f 333 273 891
f 791 295 297
f 892 791 297
f 893 894 781
f 780 893 781
f 692 661 895
f 896 897 898
f 724 899 722
f 900 545 200
f 199 900 200
f 798 797 901
f 227 229 726
f 902 227 726
f 868 353 727
f 559 868 727
f 903 802 801
f 63 238 762
f 242 368 800
f 904 751 905
f 647 623 729
f 875 701 906
f 907 908 909
f 910 907 909
f 911 912 913
f 914 383 283
f 367 914 283
f 325 915 732
f 725 916 644
f 176 178 811
f 662 176 811
f 685 917 719
f 789 281 735
f 520 789 735
f 384 386 918
f 248 247 919
f 775 592 920
f 921 922 923
f 924 925 923
f 324 326 750
f 805 926 927
f 378 805 927
f 811 178 365
f 739 815 928
f 740 739 928
f 929 888 450
f 930 54 744
f 745 930 744
f 228 227 931
f 823 329 773
f 932 823 773
f 933 934 935
f 936 519 791
f 814 813 779
f 937 582 713
f 429 512 514
f 472 624 749
f 473 472 749
f 768 938 801
f 166 768 801
f 561 816 739
f 373 561 739
f 585 584 712
f 939 940 704
f 502 939 704
f 638 779 813
f 547 638 813
f 644 788 726
f 725 644 726
f 880 871 870
f 26 880 870
f 867 546 941
f 790 576 738
f 864 790 738
f 902 726 788
f 494 902 788
f 942 943 944
f 284 731 285
f 945 723 722
f 946 818 817
f 742 741 947
f 948 949 950
f 116 293 951
f 117 116 951
f 820 819 952
f 953 954 584
f 955 753 814
f 674 673 956
f 459 20 274
f 957 958 959
f 960 922 921
f 943 961 944
f 962 541 963
f 964 951 293
f 37 846 35
f 965 966 391
f 967 687 271
f 145 968 556
f 969 861 600
f 628 306 970
f 600 103 969
f 678 677 971
f 972 632 562
f 973 974 975
f 914 367 976
f 669 459 977
f 978 790 864
f 962 699 701
f 541 962 701
f 979 980 981
f 982 729 623
f 285 983 286
f 984 654 985
f 986 151 648
f 180 179 987
f 683 577 988
f 989 990 821
f 991 992 756
f 86 240 67
f 993 877 705
f 851 955 814
f 670 851 814
f 994 995 609
f 610 96 609
f 286 967 619
f 996 997 998
f 999 1000 894
f 894 1000 781
f 1001 380 214
f 214 380 215
f 449 1002 1003
f 305 1004 303
f 303 1004 463
f 349 1005 225
f 225 1005 653
f 358 1006 315
f 235 1007 186
f 1008 1009 572
f 572 1009 573
f 614 1010 491
f 201 1011 198
f 845 1012 992
f 992 1012 882
f 36 1013 37
f 37 1013 862
f 1014 1015 485
f 485 1015 554
f 545 1016 660
f 60 1017 270
f 1018 965 510
f 582 994 96
f 96 994 609
f 512 1019 513
f 1020 1021 370
f 781 1022 123
f 123 1022 124
f 871 1023 869
f 753 1024 751
f 751 1024 905
f 617 1025 1024
f 538 1026 1027
f 1028 1029 1030
f 454 979 455
f 720 1031 736
f 515 1032 731
f 731 1032 285
f 565 1033 566
f 566 1033 1034
f 282 1035 735
f 735 1035 201
f 513 1036 525
f 1037 1038 1039
f 1039 1038 1040
f 1041 1042 886
f 41 1043 307
f 1044 1045 635
f 993 1046 736
f 736 1046 721
f 1047 1048 1049
f 820 989 821
f 1050 956 1051
f 963 995 994
f 725 1052 916
f 1053 1054 1041
f 1041 1054 1055
f 790 1056 514
f 810 1057 1058
f 119 1059 120
f 914 1060 383
f 383 1060 968
f 352 1061 293
f 968 145 383
f 952 1062 1063
f 846 991 35
f 984 1064 654
f 1065 1066 1067
f 844 1067 1066
f 818 1068 762
f 1069 1070 1071
f 681 1072 782
f 736 1073 993
f 385 571 1074
f 254 978 1075
f 303 929 304
f 602 1076 682
f 682 1076 852
f 633 985 1077
f 1077 985 1078
f 1079 1080 1081
f 1081 1080 1082
f 687 983 1083
f 1055 1084 1085
f 653 1078 654
f 654 1078 985
f 844 1086 1067
f 444 443 1087
f 967 286 983
f 687 967 983
f 1088 1089 1090
f 442 93 1091
f 1092 793 107
f 118 117 1059
f 119 118 1059
f 380 1001 1054
f 1053 380 1054
f 130 879 1010
f 614 130 1010
f 27 315 1006
f 28 27 1006
f 1004 305 690
f 1093 1004 690
f 1005 349 1094
f 1095 1005 1094
f 958 1096 56
f 339 338 1097
f 392 339 1097
f 854 1098 1099
f 673 854 1099
f 997 1100 1101
f 998 997 1101
f 509 311 410
f 850 509 410
f 1009 1008 871
f 880 1009 871
f 1102 1103 1104
f 882 1012 1105
f 33 14 1106
f 1107 50 120
f 1011 201 1035
f 1108 1011 1035
f 1015 1014 901
f 1109 765 1110
f 567 266 1111
f 1017 60 58
f 572 574 917
f 1105 1112 883
f 882 1105 883
f 965 1018 1113
f 966 965 1113
f 686 594 593
f 994 582 962
f 963 994 962
f 513 1019 1036
f 1114 1007 66
f 618 1114 66
f 1115 1116 1117
f 1118 873 872
f 534 535 1119
f 1022 781 1000
f 1120 1022 1000
f 1121 1122 1123
f 1124 1121 1123
f 617 521 1025
f 584 586 953
f 1024 753 955
f 617 1024 955
f 48 47 754
f 419 65 66
f 1007 419 66
f 1026 538 537
f 1029 1028 810
f 1125 1029 810
f 478 477 1126
f 1127 852 1128
f 922 914 976
f 923 922 976
f 1129 1130 1032
f 515 1129 1032
f 1033 565 754
f 313 1033 754
f 1131 285 1132
f 960 1133 1134
f 864 738 1135
f 865 864 1135
f 819 844 1066
f 952 819 1066
f 945 722 1136
f 1004 1093 1137
f 463 1004 1137
f 639 354 1138
f 840 639 1138
f 789 617 955
f 851 789 955
f 1009 880 412
f 573 1009 412
f 768 23 1139
f 787 370 1021
f 879 787 1021
f 431 432 1140
f 1141 1142 715
f 1038 1037 772
f 804 1038 772
f 1143 721 1046
f 1014 1144 1145
f 901 1014 1145
f 1146 1147 1148
f 1013 827 590
f 862 1013 590
f 1149 199 1150
f 1046 993 705
f 920 592 591
f 372 156 876
f 1092 615 706
f 793 1092 706
f 674 956 1151
f 1152 455 979
f 824 479 772
f 1037 824 772
f 405 793 706
f 491 405 706
f 922 960 1060
f 914 922 1060
f 1056 790 978
f 254 1056 978
f 228 931 758
f 757 228 758
f 340 510 965
f 391 340 965
f 351 1153 1061
f 352 351 1061
f 63 762 1068
f 171 63 1068
f 1054 1001 1154
f 1055 1054 1154
f 1155 628 970
f 697 198 1011
f 1156 697 1011
f 551 550 982
f 623 551 982
f 226 654 1064
f 863 1075 978
f 864 863 978
f 908 907 986
f 648 908 986
f 1157 799 1158
f 1159 933 935
f 991 846 845
f 992 991 845
f 952 1066 1062
f 245 874 1160
f 1153 245 1160
f 773 1161 932
f 1162 904 1163
f 1164 1165 636
f 635 1164 636
f 211 1166 447
f 526 525 1036
f 1167 1168 1080
f 1079 1167 1080
f 1128 852 1076
f 1169 1128 1076
f 1164 635 1045
f 274 1170 977
f 459 274 977
f 872 679 1171
f 632 984 985
f 633 632 985
f 620 379 1172
f 1173 1040 1038
f 804 1173 1038
f 1174 1175 442
f 1091 1174 442
f 1080 1168 1176
f 1082 1080 1176
f 783 589 588
f 681 783 588
f 1084 1055 1154
f 536 674 1151
f 1177 966 1113
f 1178 1177 1113
f 180 987 1179
f 332 331 1180
f 1060 960 1134
f 968 1060 1134
f 562 975 972
f 1165 1181 1182
f 658 1183 1184
f 938 768 1139
f 1099 1051 956
f 673 1099 956
f 285 1131 983
f 798 1185 1158
f 799 798 1158
f 798 901 1145
f 1185 798 1145
f 818 946 1068
f 649 1186 288
f 979 981 1152
f 1061 1153 1160
f 995 742 947
f 609 995 947
f 461 463 1137
f 806 461 1137
f 685 1187 917
f 1033 1188 1034
f 881 883 1189
f 164 395 1190
f 101 383 145
f 158 112 185
f 164 257 395
f 879 1191 1010
f 1190 1192 1193
f 1194 33 1106
f 935 1195 1196
f 1197 1198 1199
f 1200 1201 320
f 1202 954 953
f 349 949 1094
f 1203 1204 1139
f 1160 1205 1061
f 871 1008 1023
f 235 419 1007
f 1203 1139 23
f 651 1206 1207
f 803 1206 1208
f 997 996 1209
f 1210 432 558
f 485 1211 1014
f 1212 364 1155
f 1213 211 31
f 1214 508 509
f 334 333 1215
f 1216 552 480
f 363 267 1217
f 333 1203 1215
f 1218 773 327
f 1219 1220 1097
f 1221 307 1043
f 342 878 877
f 94 442 1222
f 1223 1224 1225
f 1194 1226 33
f 1227 1228 1229
f 1230 1231 1232
f 1233 1234 1235
f 1236 1237 180
f 1238 1239 1231
f 148 1240 1092
f 107 148 1092
f 506 1241 1242
f 686 593 1243
f 1244 1015 901
f 1147 1146 1245
f 1246 1247 1248
f 1155 970 1212
f 1249 605 604
f 1110 1027 1250
f 919 247 1251
f 1027 1110 765
f 427 1252 428
f 1147 1253 1148
f 1033 313 1188
f 1254 1255 8
f 1256 1257 1258
f 1200 1259 1201
f 536 538 672
f 301 9 299
f 164 1260 165
f 165 1260 795
f 1261 1262 1263
f 179 1264 987
f 987 1264 1265
f 523 1266 862
f 862 1266 37
f 197 1267 195
f 1268 1217 1269
f 1270 1271 876
f 320 1272 319
f 400 1273 401
f 185 1274 158
f 385 1275 386
f 1271 1276 876
f 1081 1277 938
f 938 1277 801
f 1027 445 538
f 538 445 672
f 946 1278 1068
f 500 1279 707
f 707 1279 497
f 94 435 92
f 1280 1281 1096
f 447 764 212
f 1282 1283 1284
f 774 1285 177
f 177 1285 553
f 1254 1286 760
f 760 1286 466
f 1287 1288 1289
f 757 881 885
f 31 890 1213
f 899 1290 722
f 702 1291 703
f 553 324 750
f 121 1292 377
f 549 1218 716
f 148 1293 1240
f 1094 1294 1095
f 1064 1295 226
f 964 1205 1296
f 162 1297 160
f 932 1042 1085
f 367 1298 976
f 886 1161 549
f 963 1299 995
f 1191 1300 1010
f 1010 1300 491
f 1301 1235 1234
f 1265 1248 987
f 1075 208 254
f 1302 1109 1303
f 1021 1304 879
f 879 1304 1191
f 1228 1305 1229
f 1306 1146 1307
f 433 1308 205
f 205 1308 243
f 672 1166 761
f 602 1309 1076
f 1182 1310 1165
f 953 1237 1202
f 41 1222 1043
f 1044 1311 1045
f 1140 1312 1313
f 964 1314 951
f 1296 1314 964
f 1227 1315 1316
f 395 1192 1190
f 1254 1317 1286
f 1139 1318 938
f 438 1319 826
f 548 1320 886
f 364 1212 265
f 682 1321 603
f 1322 1323 1324
f 212 1325 358
f 421 1326 1327
f 45 1226 44
f 44 1226 1194
f 943 1328 961
f 918 1329 384
f 616 1330 822
f 1331 1332 1333
f 945 1334 723
f 723 1334 1110
f 756 1335 991
f 991 1335 35
f 765 446 1027
f 1027 446 445
f 1191 1336 1300
f 1260 164 1190
f 714 206 208
f 1337 714 208
f 1267 197 655
f 1338 1267 655
f 467 466 1286
f 1217 1268 1339
f 846 37 1266
f 847 846 1266
f 1272 320 1201
f 1275 385 1074
f 1277 1081 1082
f 651 650 1208
f 1206 651 1208
f 1340 106 105
f 1341 1342 1343
f 1279 500 1344
f 512 425 428
f 1019 512 428
f 1345 557 556
f 1346 1347 499
f 671 1346 499
f 841 347 1348
f 1349 841 1348
f 540 539 973
f 1350 413 1351
f 764 447 446
f 765 764 446
f 1352 1353 1354
f 874 1355 1356
f 1160 874 1356
f 1285 774 860
f 346 29 28
f 344 346 28
f 83 350 890
f 31 83 890
f 1042 1041 1055
f 1085 1042 1055
f 1288 1287 855
f 441 1288 855
f 1144 1014 1211
f 785 486 554
f 858 785 554
f 471 1357 1235
f 1301 471 1235
f 1290 899 1358
f 943 1359 1328
f 165 795 794
f 684 165 794
f 1360 1324 1361
f 1356 1296 1205
f 1160 1356 1205
f 203 644 916
f 341 203 916
f 14 13 1362
f 1106 14 1362
f 324 553 1285
f 867 941 1363
f 1292 121 1364
f 1218 549 1161
f 773 1218 1161
f 887 1365 1366
f 723 1110 1250
f 724 723 1250
f 254 207 1367
f 1056 254 1367
f 609 947 1308
f 433 609 1308
f 1205 964 293
f 1061 1205 293
f 1016 545 900
f 439 35 1335
f 1368 1369 1370
f 514 1056 1367
f 429 514 1367
f 1161 886 1042
f 932 1161 1042
f 1371 1372 1274
f 185 1371 1274
f 1373 958 56
f 38 348 842
f 505 38 842
f 1374 552 1216
f 1375 1376 1377
f 759 1378 1379
f 968 1380 556
f 1101 1381 1382
f 1383 1384 1385
f 613 1386 1387
f 1284 1388 1282
f 1308 947 741
f 243 1308 741
f 1173 1103 1102
f 1040 1173 1102
f 742 995 1299
f 743 742 1299
f 1166 672 445
f 447 1166 445
f 1389 1184 1349
f 1390 137 1391
f 975 974 972
f 1222 41 43
f 94 1222 43
f 984 632 972
f 1392 1303 1334
f 945 1392 1334
f 1315 1227 1229
f 1193 1315 1229
f 1146 1148 1307
f 1121 961 1328
f 1122 1121 1328
f 766 765 1109
f 1302 766 1109
f 1283 858 554
f 1015 1283 554
f 1232 1393 1230
f 1136 722 1290
f 849 337 1214
f 509 849 1214
f 504 503 1209
f 996 504 1209
f 717 195 1267
f 1394 717 1267
f 1319 438 317
f 402 363 1210
f 558 402 1210
f 1395 1396 1397
f 652 651 1321
f 682 652 1321
f 1320 548 752
f 853 761 1213
f 890 853 1213
f 160 1322 1216
f 480 160 1216
f 342 1398 155
f 1321 651 1207
f 171 1068 1278
f 437 171 1278
f 1399 1225 1224
f 1081 938 1318
f 1079 1081 1318
f 567 1269 1217
f 267 567 1217
f 1400 358 1325
f 1401 1400 1325
f 1323 1402 1361
f 1324 1323 1361
f 23 22 1215
f 1203 23 1215
f 1403 1002 449
f 448 1403 449
f 694 33 1226
f 45 694 1226
f 517 146 1404
f 696 517 1404
f 169 716 1218
f 327 169 1218
f 1405 686 1243
f 901 797 1244
f 1398 342 877
f 823 1085 1326
f 421 823 1326
f 507 506 1242
f 608 507 1242
f 1175 1043 1222
f 442 1175 1222
f 1406 1193 1229
f 1305 1406 1229
f 56 1096 1281
f 57 56 1281
f 373 740 374
f 842 841 1407
f 1408 1409 1410
f 758 931 1411
f 1361 1412 1360
f 1413 386 1275
f 1414 940 1415
f 411 786 1330
f 616 411 1330
f 945 1136 1416
f 1392 945 1416
f 1417 1418 1419
f 834 1417 1419
f 1383 1420 1384
f 1179 987 1248
f 1247 1179 1248
f 1421 265 1212
f 970 1421 1212
f 896 898 1249
f 604 896 1249
f 384 1329 769
f 539 875 1422
f 980 634 1423
f 981 980 1423
f 1423 634 637
f 1250 1027 1026
f 1424 1425 1426
f 948 950 1425
f 276 686 1251
f 247 276 1251
f 1334 1303 1109
f 1110 1334 1109
f 1427 1428 954
f 1044 635 1429
f 1259 1430 1201
f 9 301 7
f 43 189 435
f 94 43 435
f 105 311 508
f 401 1273 1431
f 1432 755 1433
f 764 766 1325
f 212 764 1325
f 1434 1435 1436
f 1283 1015 1244
f 1284 1283 1244
f 630 1437 1438
f 1439 1440 1441
f 841 1349 1407
f 1166 211 1213
f 761 1166 1213
f 1442 1428 1427
f 954 1202 1427
f 1202 1237 1236
f 1443 1411 931
f 799 1157 1444
f 1017 1239 1238
f 1445 474 646
f 279 281 851
f 395 149 608
f 966 1177 1446
f 932 1085 823
f 1197 1447 1198
f 650 1448 1208
f 456 1313 1449
f 820 952 1063
f 949 349 224
f 1094 949 948
f 1450 1451 1452
f 667 589 783
f 1453 1063 1062
f 1390 1454 1418
f 48 1449 268
f 998 1101 1382
f 1072 681 1455
f 702 376 1456
f 1457 1320 752
f 1458 1459 1399
f 1434 1460 1435
f 1461 1462 707
f 1463 1365 887
f 1464 931 227
f 1182 1181 1465
f 1466 1075 863
f 565 456 1467
f 968 1134 1380
f 1460 1434 1468
f 754 565 1467
f 1313 456 1469
f 1140 1313 1469
f 959 958 1373
f 1470 57 1281
f 1471 1472 1473
f 1474 1475 1476
f 1477 1478 910
f 1241 506 1479
f 977 1170 1480
f 1481 1482 1483
f 1484 1427 1202
f 1485 1486 268
f 1487 344 28
f 917 574 1488
f 1063 1453 1489
f 1340 105 1490
f 390 822 1491
f 1492 1087 443
f 1447 1493 1252
f 1494 783 782
f 105 508 1490
f 850 410 1495
f 208 1075 1337
f 57 1496 58
f 1262 1497 1263
f 1124 1123 240
f 1498 1124 240
f 1499 1500 1501
f 712 1502 1368
f 477 712 1368
f 740 1503 1504
f 1498 1157 1158
f 1124 1498 1158
f 997 1209 1505
f 1242 1241 1506
f 1188 313 312
f 1507 1188 312
f 936 1508 519
f 519 1508 690
f 1138 99 1509
f 1162 1457 904
f 966 1461 391
f 462 1510 463
f 463 1510 303
f 439 1511 36
f 1079 1512 1167
f 1513 1514 1515
f 699 1516 700
f 700 1516 1517
f 1208 1518 803
f 803 1518 804
f 1519 1520 1521
f 1168 1522 1523
f 1524 1525 1253
f 585 1526 1527
f 1527 1526 1528
f 1529 1530 207
f 207 1530 1367
f 831 1531 770
f 1083 1532 687
f 687 1532 272
f 1533 1534 1535
f 516 1536 630
f 630 1536 1437
f 924 1456 1537
f 671 1538 1539
f 1539 1538 1357
f 1540 1541 1542
f 1542 1541 1421
f 1305 1543 1406
f 1406 1543 1544
f 120 1545 1107
f 1314 1546 1547
f 1041 1548 1053
f 1053 1548 1162
f 1197 1549 1095
f 1095 1549 1005
f 1344 1550 1279
f 1114 1551 1007
f 1007 1551 186
f 989 1552 850
f 850 1552 849
f 1553 1554 1555
f 1460 1492 1372
f 1542 1556 1540
f 218 1557 289
f 47 1558 312
f 452 1559 408
f 847 1560 845
f 845 1560 1012
f 849 1561 337
f 337 1561 335
f 1312 1485 1313
f 1251 1562 919
f 1322 1377 1216
f 1216 1377 1374
f 1453 1563 1489
f 1190 1544 1260
f 1564 1565 453
f 807 1466 1566
f 1312 1567 1568
f 1359 1569 1328
f 1570 693 692
f 1265 1439 1248
f 1248 1439 1246
f 1571 423 1572
f 1243 1376 1420
f 320 1573 1200
f 1200 1573 1574
f 1242 1575 608
f 1386 1576 1387
f 186 1577 185
f 398 1578 1579
f 977 1580 669
f 1581 1582 1198
f 1198 1582 1199
f 1012 1465 1105
f 1475 1583 1476
f 1584 1585 941
f 1232 1586 1393
f 1393 1586 1587
f 1335 1588 439
f 1214 1494 508
f 1589 1479 597
f 1590 1435 1341
f 1590 1436 1435
f 224 1438 949
f 1349 1591 1407
f 1592 1593 1151
f 1179 1236 180
f 135 1594 134
f 227 902 1464
f 1332 1595 1289
f 343 1596 104
f 1121 1597 961
f 1449 1467 456
f 440 1469 456
f 1260 1598 795
f 1427 1484 251
f 1317 1599 566
f 566 1599 457
f 1319 1600 826
f 826 1600 591
f 910 1354 907
f 1425 1601 1602
f 1602 1601 1603
f 676 1604 650
f 1182 1605 1310
f 1606 1607 1581
f 1608 1609 1564
f 1368 1502 1428
f 1428 1502 954
f 1410 1610 1241
f 1611 1612 1142
f 354 62 99
f 1138 354 99
f 1529 207 206
f 465 770 1531
f 571 465 1531
f 1457 1162 1548
f 1320 1457 1548
f 121 91 695
f 1364 121 695
f 1232 1613 1586
f 277 249 1571
f 562 564 743
f 975 562 743
f 1461 966 1446
f 1462 1461 1446
f 318 1261 1614
f 316 318 1614
f 337 336 667
f 1214 337 667
f 1274 1615 158
f 440 457 7
f 301 440 7
f 962 582 937
f 699 962 937
f 146 145 557
f 1404 146 557
f 689 1616 1536
f 516 689 1536
f 1516 699 937
f 437 1278 1617
f 883 1112 1618
f 1189 883 1618
f 1518 1208 1448
f 1103 1518 1448
f 1168 1167 1522
f 133 110 696
f 1619 1620 1586
f 1621 669 1580
f 362 661 693
f 1622 1623 1624
f 1526 585 476
f 830 1625 404
f 831 830 404
f 1305 1293 1543
f 571 1531 1626
f 1532 1083 1576
f 1386 1532 1576
f 1627 786 611
f 669 1627 611
f 971 1628 678
f 1518 1103 1173
f 804 1518 1173
f 895 606 605
f 1629 1364 695
f 784 1629 695
f 510 233 232
f 1018 510 232
f 963 541 540
f 1299 963 540
f 1456 924 1630
f 702 1456 1630
f 1528 1526 1631
f 738 659 719
f 1135 738 719
f 1094 948 1632
f 1294 1094 1632
f 1389 1349 1348
f 1538 1233 1235
f 1357 1538 1235
f 1541 1540 1633
f 266 1541 1633
f 422 421 1327
f 1634 422 1327
f 1635 262 434
f 942 944 1636
f 1637 1638 1639
f 1640 1003 1002
f 819 821 843
f 820 1063 1552
f 989 820 1552
f 1265 1440 1439
f 1083 983 1131
f 1546 1314 1296
f 865 1135 1488
f 763 630 1438
f 224 763 1438
f 946 817 1620
f 1548 1041 886
f 1320 1548 886
f 1641 1345 1525
f 1549 1197 1199
f 1330 786 1642
f 1124 1158 1185
f 1121 1124 1185
f 1643 1644 1556
f 1542 1643 1556
f 1247 251 1484
f 1179 1247 1484
f 1552 1063 1561
f 849 1552 1561
f 1554 1553 1645
f 1492 1460 1468
f 1087 1492 1468
f 1273 400 1646
f 1557 218 755
f 1560 847 1605
f 1182 1560 1605
f 1560 1182 1465
f 1012 1560 1465
f 593 552 1374
f 1243 593 1374
f 1306 1647 1648
f 1146 1306 1648
f 429 1367 1530
f 430 429 1530
f 1349 1184 1591
f 1649 1392 1416
f 1650 1649 1416
f 1234 1233 796
f 1428 1442 1369
f 1368 1428 1369
f 1377 1322 1324
f 1375 1377 1324
f 1443 931 1464
f 1651 1443 1464
f 1384 1420 1376
f 1375 1384 1376
f 536 1151 1593
f 537 536 1593
f 1544 1190 1193
f 1406 1544 1193
f 1254 8 1599
f 1317 1254 1599
f 556 1380 1652
f 1345 556 1652
f 1569 1359 1653
f 1307 1148 1654
f 1156 1011 1108
f 1195 1655 1196
f 1656 409 1643
f 1573 320 299
f 9 1573 299
f 1575 1242 1506
f 1657 1575 1506
f 186 1551 1577
f 1561 1063 1489
f 335 1561 1489
f 1658 1074 571
f 1626 1658 571
f 1509 418 1631
f 1541 266 265
f 1421 1541 265
f 1005 1549 653
f 973 975 743
f 537 1593 1659
f 1258 1257 1660
f 989 850 1495
f 990 989 1495
f 1403 1661 1002
f 1594 135 1612
f 418 1509 99
f 100 418 99
f 330 332 1662
f 431 1140 1469
f 440 431 1469
f 662 812 1455
f 681 662 1455
f 287 1537 1456
f 376 287 1456
f 751 904 1457
f 752 751 1457
f 108 1663 469
f 1664 1372 1371
f 497 391 1461
f 707 497 1461
f 353 868 1463
f 887 353 1463
f 1665 1651 1464
f 902 1665 1464
f 1666 1105 1465
f 1181 1666 1465
f 1101 1100 1667
f 1381 1101 1667
f 1595 1332 1331
f 343 1668 1596
f 1669 1566 1466
f 863 1669 1466
f 1670 1671 1672
f 1434 1642 1468
f 48 754 1467
f 1449 48 1467
f 1673 1674 1675
f 1425 950 1601
f 479 453 1565
f 771 479 1565
f 949 1438 950
f 1321 1207 1624
f 603 1321 1624
f 1676 1547 1546
f 1677 1676 1546
f 929 303 1510
f 888 929 1510
f 1453 1062 1678
f 182 597 1479
f 506 182 1479
f 1484 1202 1236
f 1179 1484 1236
f 721 1143 1604
f 676 721 1604
f 584 954 1502
f 712 584 1502
f 1449 1313 1485
f 268 1449 1485
f 1319 1358 1600
f 1411 1443 1679
f 1599 8 7
f 457 1599 7
f 899 724 1680
f 1478 1352 1354
f 910 1478 1354
f 1681 1682 1683
f 1684 1685 1686
f 650 1604 1448
f 1687 1372 1492
f 477 1368 1370
f 1126 477 1370
f 428 1252 1493
f 1019 428 1493
f 1609 1206 1688
f 1253 1525 1148
f 1498 241 1157
f 1107 1689 1507
f 1690 1221 1477
f 540 973 743
f 1299 540 743
f 557 1345 1641
f 1404 557 1641
f 719 917 1488
f 1135 719 1488
f 1363 941 1585
f 1691 843 1692
f 1693 1478 1477
f 1221 1693 1477
f 1694 1474 1476
f 988 1694 1476
f 1185 1145 1597
f 1121 1185 1597
f 1695 1550 1344
f 1696 1415 1697
f 1529 1698 1530
f 1544 1543 1598
f 1260 1544 1598
f 1371 185 1577
f 1374 1377 1376
f 1243 1374 1376
f 17 1458 1699
f 974 1700 1701
f 1476 1583 683
f 988 1476 683
f 1702 1142 1612
f 1485 1312 1568
f 1486 1485 1568
f 1494 1214 667
f 783 1494 667
f 10 11 1703
f 657 658 1389
f 1704 1404 1641
f 1494 782 1490
f 508 1494 1490
f 1704 1705 1706
f 1565 1564 1609
f 1390 1418 137
f 493 1665 902
f 148 109 1707
f 1614 1261 1263
f 1301 1707 109
f 1571 249 423
f 173 583 745
f 138 137 1418
f 494 493 902
f 1708 1590 1341
f 51 50 1107
f 1150 199 697
f 1709 1521 1520
f 807 806 1141
f 915 325 324
f 1198 1447 1252
f 415 194 580
f 1649 1650 1710
f 1689 1107 1545
f 1262 1261 1511
f 669 1621 1627
f 1478 1693 1472
f 1711 1712 1332
f 1206 1609 1207
f 531 800 730
f 1184 1389 658
f 1177 1178 1713
f 1714 1625 1663
f 369 371 1715
f 1716 317 316
f 1717 1718 898
f 924 1537 925
f 137 278 1391
f 67 240 1123
f 1719 1554 1645
f 595 304 1720
f 1721 1370 1369
f 1600 1358 1722
f 1095 1294 1723
f 1724 1344 1725
f 1344 1724 1695
f 1206 803 1688
f 1726 1306 1307
f 1252 427 1727
f 131 615 1728
f 298 131 1728
f 1729 1588 1335
f 1556 1730 1540
f 1731 649 74
f 1732 1577 1551
f 1733 1316 1734
f 1307 1654 1735
f 1736 1734 1316
f 1315 1736 1316
f 1737 601 1738
f 1026 537 1739
f 1740 1741 1742
f 1743 1091 93
f 1744 1745 1746
f 362 693 1747
f 1389 1348 1748
f 1749 1627 1621
f 645 570 1750
f 807 1141 1751
f 1752 1148 1525
f 1753 1754 1630
f 924 1753 1630
f 730 800 1755
f 1756 1757 1758
f 1759 1175 1174
f 1760 1511 439
f 542 544 1706
f 836 1128 1169
f 1761 1762 1763
f 1709 1764 1521
f 196 1765 691
f 806 1611 1142
f 1141 806 1142
f 1766 1718 1767
f 241 1498 240
f 239 241 240
f 1351 1768 1350
f 1156 1108 1621
f 1580 1156 1621
f 755 1432 1557
f 793 1714 107
f 777 1769 1770
f 449 1720 450
f 175 1771 1772
f 1772 1771 711
f 680 1773 665
f 684 1713 163
f 711 1774 708
f 708 1774 1640
f 1030 1775 1028
f 1028 1775 1120
f 926 595 1720
f 555 1776 666
f 1413 1777 386
f 884 1333 1778
f 859 1779 713
f 713 1779 937
f 852 675 652
f 524 1780 685
f 923 925 921
f 1147 1781 1253
f 1093 1782 1137
f 1137 1782 806
f 1783 957 703
f 1784 1719 1670
f 720 1127 1031
f 1517 911 1785
f 1130 1132 1032
f 1032 1132 285
f 1180 1786 332
f 1787 1788 1119
f 388 1789 1790
f 782 1183 1490
f 409 1791 406
f 490 1792 1793
f 1422 1794 539
f 539 1794 973
f 1071 1795 1268
f 1268 1795 1339
f 993 1796 877
f 877 1796 1398
f 976 1797 923
f 923 1797 924
f 1141 1337 1751
f 1347 1725 499
f 1390 1391 1398
f 1193 1657 1315
f 1798 1799 1800
f 797 1801 1244
f 1802 1430 1768
f 1803 1804 1805
f 1394 1634 1327
f 1806 1807 1585
f 132 1808 371
f 371 1808 1715
f 274 1809 1170
f 1170 1809 936
f 402 1810 364
f 364 1810 1155
f 1704 1524 1705
f 1811 1637 1639
f 470 1812 1118
f 1118 1812 873
f 1120 1813 1022
f 1022 1813 124
f 1636 1717 942
f 1407 812 1814
f 1815 1816 1817
f 1176 1818 1082
f 1571 1572 1432
f 1432 1572 1557
f 972 1819 984
f 984 1819 1064
f 1074 1820 1821
f 1822 1823 1824
f 1407 1591 1455
f 1177 1825 1446
f 1826 1827 1828
f 1829 1741 1830
f 1241 1610 1506
f 601 1623 1738
f 1625 792 404
f 404 792 405
f 1831 1638 1637
f 1581 1727 1606
f 649 1721 1186
f 1581 1832 1582
f 1833 1834 1761
f 1761 1834 1762
f 1704 1835 1404
f 1557 1776 289
f 357 1836 466
f 1341 1837 1342
f 998 1838 996
f 996 1838 1839
f 1840 1298 1841
f 451 1842 1843
f 1844 1845 815
f 1648 1846 1146
f 1847 1848 1849
f 1609 1688 1565
f 1811 1639 873
f 873 1639 677
f 1734 1850 1733
f 1294 1851 1723
f 1049 1852 1853
f 1329 1854 1831
f 583 1855 745
f 745 1855 959
f 1155 1856 628
f 397 1857 398
f 1511 1858 36
f 481 1859 668
f 867 1860 868
f 1115 1861 921
f 1086 1862 1067
f 1670 1863 1671
f 1864 598 683
f 1228 1865 1305
f 1305 1865 1293
f 1417 1866 1418
f 1867 1868 1869
f 317 1870 1319
f 1686 1871 1799
f 1411 1729 758
f 1649 1872 1392
f 1392 1872 1303
f 697 1873 1150
f 1874 1875 1876
f 1370 1731 1126
f 1877 915 324
f 1399 1878 1458
f 1253 1879 1524
f 1571 1740 277
f 1880 1743 1808
f 1532 1881 272
f 1075 1751 1337
f 1882 848 1238
f 1148 1752 1654
f 816 1883 815
f 815 1883 1844
f 1577 1837 1371
f 1614 1884 316
f 316 1884 1885
f 1886 1759 1850
f 1811 1887 1637
f 645 1764 646
f 1316 1888 1227
f 1714 793 792
f 1625 1714 792
f 577 326 492
f 988 577 492
f 1769 124 1813
f 1420 1383 1889
f 175 122 1771
f 475 474 1445
f 1745 475 1445
f 426 425 430
f 16 458 1890
f 17 16 1890
f 1301 109 468
f 471 1301 468
f 1773 680 1891
f 1713 684 1825
f 1177 1713 1825
f 1774 711 1771
f 1144 1450 1892
f 1893 1775 1258
f 1120 1775 1813
f 603 1624 1623
f 601 603 1623
f 1894 1777 1895
f 1345 1652 1752
f 1525 1345 1752
f 291 106 1340
f 658 291 1340
f 587 336 575
f 860 587 575
f 974 973 1794
f 1112 1105 1666
f 597 366 534
f 1589 597 534
f 1896 1897 1767
f 1306 1726 1647
f 1779 859 1898
f 912 1779 1898
f 805 596 595
f 926 805 595
f 918 386 1777
f 1894 918 1777
f 690 1508 1899
f 1093 690 1899
f 1782 1093 1899
f 1006 358 1400
f 1719 1784 1900
f 1554 1719 1900
f 1811 873 1812
f 1636 944 1452
f 307 1221 1690
f 308 307 1690
f 1127 720 675
f 852 1127 675
f 615 1092 1240
f 1728 615 1240
f 911 1517 1516
f 912 911 1516
f 1901 1902 1903
f 715 1142 1702
f 544 715 1702
f 563 633 1904
f 1070 1568 1567
f 1071 1070 1567
f 736 1031 1073
f 1905 5 4
f 1408 1906 1907
f 90 81 1908
f 784 90 1908
f 1909 1070 1088
f 1128 836 838
f 918 1894 1854
f 1329 918 1854
f 1795 1071 1567
f 1910 1064 1819
f 1796 993 1073
f 1911 1796 1073
f 1762 543 542
f 1763 1762 542
f 1797 1912 1753
f 924 1797 1753
f 1338 655 1913
f 1284 1244 1801
f 981 1423 1914
f 1725 1347 1915
f 694 876 1276
f 34 694 1276
f 1779 912 1516
f 937 1779 1516
f 1292 1364 1916
f 642 1292 1916
f 1917 427 426
f 1657 1193 1192
f 1575 1657 1192
f 1317 566 1034
f 1799 1798 1684
f 1686 1799 1684
f 1796 1454 1390
f 1398 1796 1390
f 806 1782 1611
f 1430 1259 1918
f 1768 1430 1918
f 900 199 1149
f 1471 1352 1478
f 1472 1471 1478
f 1383 1385 1866
f 1652 1654 1752
f 1807 1806 1919
f 1920 1921 1922
f 86 69 1845
f 1529 1923 1698
f 1924 1925 1926
f 1107 1927 51
f 1808 132 298
f 1880 1808 298
f 936 1809 1508
f 280 279 1615
f 1810 402 631
f 1155 1810 1856
f 1622 1523 1623
f 1885 1928 1716
f 316 1885 1716
f 1929 1930 1931
f 1932 1933 1934
f 1812 470 469
f 1019 1493 1935
f 1036 1019 1935
f 1198 1252 1727
f 1581 1198 1727
f 1048 1936 1852
f 1049 1048 1852
f 974 1701 1819
f 972 974 1819
f 1262 1511 1760
f 1497 1262 1760
f 1532 1386 1881
f 1460 1372 1664
f 1435 1460 1664
f 1678 1519 1937
f 1679 1588 1729
f 1411 1679 1729
f 1581 1607 1832
f 1522 1938 1738
f 928 815 1845
f 69 928 1845
f 1360 1412 1939
f 715 714 1337
f 1141 715 1337
f 1641 1525 1524
f 1704 1641 1524
f 138 1418 1866
f 1385 138 1866
f 1721 649 1731
f 1370 1721 1731
f 1704 1706 1835
f 423 666 1572
f 1594 1612 1611
f 1940 1941 1702
f 1836 357 356
f 759 466 1836
f 108 469 468
f 109 108 468
f 1183 658 1340
f 1490 1183 1340
f 1040 1102 1942
f 1785 1040 1942
f 1473 1943 1471
f 1610 1410 1409
f 1734 1610 1409
f 1017 58 1496
f 1239 1017 1496
f 1707 1301 1234
f 1944 1689 1545
f 1698 1945 430
f 1530 1698 430
f 1946 1947 1948
f 1567 1312 1795
f 1458 17 1890
f 1459 1458 1890
f 629 628 1856
f 1802 629 1856
f 1949 1950 1951
f 1854 1894 1846
f 1648 1854 1846
f 608 1575 1192
f 395 608 1192
f 1952 1880 298
f 1728 1952 298
f 92 369 1715
f 93 92 1715
f 258 163 1713
f 1178 258 1713
f 108 107 1714
f 1663 108 1714
f 960 921 1861
f 1133 960 1861
f 897 942 1717
f 898 897 1717
f 1855 583 612
f 703 1855 612
f 657 1389 1748
f 776 657 1748
f 1537 1116 925
f 261 181 1953
f 733 1805 734
f 319 1272 631
f 558 319 631
f 1857 1147 1245
f 398 1857 1245
f 1831 1954 1638
f 1859 481 623
f 647 1859 623
f 1860 867 1363
f 1955 1860 1363
f 1463 868 1860
f 1956 1039 1040
f 1785 1956 1040
f 155 1398 1391
f 278 155 1391
f 1517 1785 1942
f 1957 1517 1942
f 1952 1728 1865
f 1228 1952 1865
f 76 1126 1731
f 74 76 1731
f 1863 1670 1719
f 1645 1863 1719
f 1858 827 1013
f 36 1858 1013
f 1587 1586 1620
f 929 450 1720
f 304 929 1720
f 756 758 1729
f 1335 756 1729
f 1958 1186 1721
f 1369 1958 1721
f 899 1680 1722
f 1358 899 1722
f 1197 1095 1723
f 1447 1197 1723
f 1023 1008 1959
f 1353 1352 1960
f 1444 1353 1960
f 1961 1447 1723
f 1851 1961 1723
f 895 605 1962
f 692 895 1962
f 1865 1728 1240
f 1293 1865 1240
f 1396 1963 1964
f 1397 1396 1964
f 500 499 1725
f 1344 500 1725
f 1358 1319 1870
f 1290 1358 1870
f 771 1565 1688
f 803 771 1688
f 1735 1965 1726
f 1307 1735 1726
f 1966 1967 1838
f 275 277 1740
f 1742 275 1740
f 1710 1650 1658
f 1626 1710 1658
f 1968 1969 1970
f 1971 990 1972
f 439 1588 1760
f 1879 1763 1705
f 1524 1879 1705
f 537 1659 1739
f 1743 93 1715
f 1808 1743 1715
f 1973 1521 1764
f 645 1973 1764
f 1974 665 1773
f 696 1404 1835
f 1466 807 1751
f 1075 1466 1751
f 1646 1355 1975
f 1273 1646 1975
f 1883 816 1976
f 1607 730 1755
f 1948 1947 1884
f 1614 1948 1884
f 1948 1614 1263
f 1696 1948 1263
f 1878 1699 1458
f 1759 1174 1733
f 1850 1759 1733
f 1164 1045 1977
f 1888 1316 1733
f 1174 1888 1733
f 1978 1783 1979
f 1443 1980 1679
f 534 1119 1788
f 1589 534 1788
f 542 1706 1705
f 1763 542 1705
f 1956 1785 911
f 913 1956 911
f 1253 1781 1879
f 1855 703 957
f 959 1855 957
f 1088 1090 1981
f 1127 1128 838
f 1031 1127 838
f 1072 1184 1183
f 782 1072 1183
f 1072 1455 1591
f 1184 1072 1591
f 1363 1585 1807
f 1657 1506 1736
f 1315 1657 1736
f 1734 1409 1850
f 1982 1983 769
f 1622 1984 1985
f 1610 1734 1736
f 1506 1610 1736
f 1435 1664 1837
f 1341 1435 1837
f 1986 1091 1743
f 1880 1986 1743
f 335 1987 575
f 317 1716 1870
f 1738 1623 1523
f 1522 1738 1523
f 1655 1195 1950
f 1146 1846 1245
f 1655 1259 1988
f 1989 1001 214
f 908 648 1990
f 1500 489 1991
f 1669 863 865
f 971 1639 1638
f 971 677 1639
f 1792 919 1562
f 288 1186 1816
f 1375 1324 1360
f 1915 1724 1725
f 1223 1992 1993
f 82 81 89
f 1621 1108 1749
f 1407 1455 812
f 1822 1826 1828
f 1893 1258 1660
f 1194 1106 1994
f 1664 1371 1837
f 1995 1849 1996
f 1807 1955 1363
f 1741 1990 1742
f 1997 1991 489
f 462 1669 1998
f 1722 1680 1999
f 2000 1596 1668
f 1818 1277 1082
f 1832 1607 1755
f 830 1887 2001
f 1746 1745 1445
f 810 809 1057
f 707 1462 501
f 2002 1690 1477
f 1975 1355 2003
f 1025 521 2004
f 2005 1587 1620
f 1547 2006 1314
f 2007 580 579
f 2006 1547 2008
f 2009 1153 351
f 2010 1953 181
f 1347 1346 1932
f 1426 1903 2011
f 1444 1157 2012
f 2013 2014 1992
f 2015 179 181
f 2016 1681 1683
f 2017 2018 482
f 491 2017 482
f 2019 1480 1170
f 946 1620 1619
f 2020 1774 1771
f 1410 1241 2021
f 1997 489 488
f 82 89 2022
f 2023 1087 1468
f 1194 1994 2024
f 602 601 1737
f 1558 51 1927
f 1496 57 2025
f 1136 1290 2026
f 1091 1986 1888
f 1174 1091 1888
f 2027 1528 1631
f 2028 1718 1717
f 1636 2028 1717
f 1297 162 2029
f 2030 1878 1399
f 2031 214 261
f 1953 2031 261
f 2032 1422 389
f 865 2033 1669
f 1871 2034 1799
f 2035 1422 875
f 1178 1113 2036
f 1545 2037 1944
f 2038 2039 467
f 1534 1533 1505
f 1822 1828 2040
f 1860 2041 1463
f 1584 941 2042
f 1879 1781 2043
f 1903 1902 2011
f 1366 1365 2044
f 2045 1445 646
f 529 436 1129
f 629 1351 528
f 25 629 528
f 408 1848 1847
f 409 408 1847
f 1255 1254 760
f 1557 1572 666
f 1776 1557 666
f 990 1495 2046
f 2047 1980 1443
f 1651 2047 1443
f 1168 1523 2048
f 1860 1955 2041
f 2049 2050 1881
f 2051 2052 1503
f 68 2051 1503
f 69 68 928
f 1089 2053 1090
f 292 2054 106
f 106 2054 80
f 189 2055 436
f 436 2055 1129
f 345 2056 1020
f 1020 2056 1021
f 1442 253 1671
f 344 2056 345
f 527 2003 244
f 1676 2057 2058
f 897 2059 942
f 767 2060 292
f 292 2060 2061
f 323 322 2062
f 526 2063 524
f 832 2064 2065
f 2065 2064 2066
f 1051 2067 1050
f 1742 2068 275
f 275 2068 594
f 835 837 832
f 1627 2023 786
f 368 2069 800
f 800 2069 1755
f 526 2070 2071
f 2071 2070 1851
f 561 2072 816
f 816 2072 1976
f 561 737 2072
f 2073 934 1692
f 117 2006 1059
f 810 1058 1125
f 799 2074 797
f 797 2074 1801
f 1118 2075 470
f 838 2076 1031
f 1778 2004 884
f 933 2077 1086
f 1086 2077 1862
f 1227 2078 1228
f 1228 2078 1952
f 2079 1970 2080
f 1991 1501 1500
f 980 1429 634
f 321 2015 213
f 1979 1291 1754
f 892 2019 791
f 679 2081 1171
f 1171 2081 2082
f 2083 1342 1732
f 1670 2084 1784
f 1784 2084 2085
f 1862 1378 1925
f 1384 127 1385
f 898 1756 1249
f 2086 2087 1380
f 2088 1917 1963
f 1678 2089 1453
f 1453 2089 1563
f 1143 2090 1604
f 1604 2090 1448
f 462 1566 1669
f 2091 2092 1685
f 1685 2092 1686
f 671 2093 1538
f 1538 2093 1233
f 409 1656 1791
f 970 1656 1421
f 1580 2094 1156
f 2095 2096 2039
f 660 2097 884
f 884 2097 1333
f 1331 2098 1595
f 1595 2098 2099
f 2100 1672 252
f 1755 2101 1832
f 2102 2103 1739
f 2104 2105 1915
f 1606 2106 1607
f 1958 2107 1186
f 1186 2107 1816
f 1683 2108 678
f 678 2108 679
f 1086 1691 933
f 1507 2109 1188
f 1359 2110 1653
f 147 2035 187
f 580 2042 415
f 970 1791 1656
f 1221 2111 1693
f 2112 2113 1596
f 2114 1724 2115
f 1622 1985 1523
f 1523 1985 2048
f 1407 1814 842
f 2116 1280 2117
f 829 2118 618
f 618 2118 1114
f 2119 279 851
f 1679 2120 1588
f 1588 2120 1760
f 1685 2121 2091
f 2122 2123 1509
f 1233 2124 796
f 1136 2125 1416
f 1416 2125 1650
f 1413 1946 1697
f 1712 2126 1332
f 1332 2126 1333
f 2127 1373 56
f 1849 1848 1996
f 1401 2128 1400
f 1928 2026 1716
f 1990 729 2129
f 691 2027 417
f 2130 2131 2057
f 1431 2132 401
f 1634 2005 422
f 689 2133 1616
f 891 2030 2134
f 2135 747 2136
f 1381 1923 2137
f 1836 1926 759
f 631 2138 1810
f 1810 2138 1856
f 2139 1937 1973
f 460 2009 1366
f 1276 2140 34
f 1963 1945 1964
f 2141 2142 1745
f 904 2143 1163
f 361 2144 2145
f 2145 2144 894
f 438 2146 318
f 318 2146 1261
f 564 2147 741
f 741 2147 368
f 1692 2148 2073
f 1362 2149 1106
f 1106 2149 1994
f 1873 2019 892
f 1486 2150 2151
f 1115 2152 1861
f 2153 1988 1574
f 1520 1823 1709
f 255 2154 256
f 1673 2155 2156
f 2156 2157 2158
f 269 2151 579
f 579 2151 2150
f 843 1971 1692
f 2159 1117 2160
f 1225 2013 1223
f 1776 2161 289
f 2083 1343 1342
f 1300 2017 491
f 1431 2162 2163
f 2164 2020 377
f 9 2165 1573
f 1479 2021 1241
f 1223 2166 1224
f 1077 2167 633
f 1386 2168 1881
f 1152 2169 455
f 2170 2171 2172
f 1062 2173 1678
f 1678 2173 1519
f 1292 2174 377
f 377 2174 2164
f 1507 1927 1107
f 574 2175 1488
f 1348 2176 1748
f 1748 2176 2177
f 1265 2062 1440
f 214 2031 1989
f 1422 2032 1794
f 503 1534 1209
f 828 2034 829
f 1034 2038 1317
f 1953 2178 2179
f 1709 2040 2045
f 401 2142 399
f 1250 2180 724
f 724 2180 1680
f 626 2181 627
f 1654 2087 1735
f 2182 2183 856
f 378 2184 379
f 379 2184 1172
f 2185 2186 2187
f 1962 2188 692
f 692 2188 1570
f 760 2189 1255
f 1482 2190 1896
f 1896 2190 1897
f 24 2191 407
f 273 2050 891
f 2050 2049 1878
f 1677 2130 2057
f 1676 1677 2057
f 81 80 2054
f 1908 81 2054
f 621 620 2192
f 2054 292 2061
f 1908 2054 2061
f 1359 2059 2110
f 2193 2194 2140
f 2059 1359 943
f 942 2059 943
f 471 470 2075
f 1357 471 2075
f 697 1156 2094
f 1873 697 2094
f 671 501 2093
f 1500 2195 2196
f 555 613 1387
f 1776 555 1387
f 2063 526 2071
f 2064 832 837
f 836 2064 837
f 2067 1051 2197
f 1675 2067 2197
f 2068 982 550
f 594 2068 550
f 858 1283 1282
f 837 835 2076
f 838 837 2076
f 844 843 1691
f 1086 844 1691
f 2023 1627 1749
f 1087 2023 1749
f 2069 368 2147
f 1904 2069 2147
f 1024 1025 905
f 2070 526 1036
f 1935 2070 1036
f 898 1718 1756
f 1568 1070 1909
f 1486 1568 1909
f 2056 2198 1304
f 1021 2056 1304
f 1382 1381 2137
f 1833 1382 2137
f 2074 799 1444
f 1960 2074 1444
f 2163 626 625
f 1431 2163 625
f 1035 282 444
f 1108 1035 444
f 2004 1778 905
f 1025 2004 905
f 1726 1965 1954
f 2078 1227 1888
f 1986 2078 1888
f 387 2199 2200
f 51 1558 2201
f 49 51 2201
f 767 2202 2060
f 572 917 1187
f 1008 572 1187
f 2067 1675 1674
f 2203 2067 1674
f 1362 13 622
f 1295 1362 622
f 2015 321 323
f 1284 1801 2204
f 1388 1284 2204
f 1375 1360 127
f 1384 1375 127
f 2081 679 2108
f 2084 1670 1672
f 2100 2084 1672
f 896 604 2205
f 1953 2010 2178
f 1625 830 2001
f 1663 1625 2001
f 1396 2206 2106
f 979 454 825
f 980 979 825
f 229 228 885
f 2070 1935 1961
f 1851 2070 1961
f 2071 1851 2207
f 1783 703 1291
f 1979 1783 1291
f 776 1748 2177
f 1429 635 634
f 2208 1644 2209
f 2089 1678 1937
f 2139 2089 1937
f 8 1255 2165
f 9 8 2165
f 1427 251 253
f 1442 1427 253
f 2210 62 61
f 2211 1048 2212
f 586 1527 2213
f 1103 1448 2090
f 1104 1103 2090
f 2069 1904 2101
f 1755 2069 2101
f 2092 2091 1343
f 2083 2092 1343
f 1613 1617 1619
f 1586 1613 1619
f 2214 1462 2215
f 1233 2093 2124
f 718 717 2216
f 2217 1114 2118
f 2218 2217 2118
f 1300 2219 2017
f 363 1217 1339
f 1210 363 1339
f 1100 997 1505
f 1479 1589 2021
f 2097 660 2220
f 2170 2097 2220
f 2098 1331 2170
f 2172 2098 2170
f 2064 836 1169
f 2066 2064 1169
f 2221 390 1491
f 1436 2222 2223
f 2105 2085 2084
f 2100 2105 2084
f 2105 2100 2115
f 1915 2105 2115
f 730 1607 2106
f 2107 1958 1863
f 1645 2107 1863
f 1583 1475 2224
f 2225 1693 2111
f 335 1489 1853
f 1902 10 2226
f 1493 1447 1961
f 1935 1493 1961
f 860 575 1987
f 827 1858 2146
f 438 827 2146
f 1246 1439 2227
f 563 1904 2147
f 564 563 2147
f 1362 1295 2149
f 1992 1223 2013
f 1875 2228 2229
f 2230 1989 2179
f 2182 2230 2179
f 2109 1507 1689
f 2035 147 389
f 1422 2035 389
f 2231 2232 2072
f 631 1272 2138
f 1130 1129 2055
f 1176 1168 2048
f 1767 1718 2028
f 306 406 1791
f 970 306 1791
f 2042 580 2007
f 1584 2042 2007
f 908 1990 2233
f 909 908 2233
f 2133 2234 2235
f 1616 2133 2235
f 2236 1570 2188
f 1960 2237 2238
f 1809 274 111
f 2218 2118 1871
f 1820 1074 1658
f 2120 1679 1980
f 2239 2120 1980
f 1652 1380 2087
f 1654 1652 2087
f 1446 1825 2215
f 1462 1446 2215
f 2125 1136 2026
f 1928 2125 2026
f 1275 1947 1946
f 1413 1275 1946
f 12 34 2140
f 1792 490 2196
f 919 1792 2196
f 1880 1952 2078
f 1986 1880 2078
f 1511 1261 2146
f 1858 1511 2146
f 272 1881 2050
f 273 272 2050
f 1766 1767 1897
f 1497 1760 2120
f 2239 1497 2120
f 1720 449 1003
f 926 1720 1003
f 426 430 1945
f 1963 426 1945
f 1690 2002 2240
f 2027 691 1765
f 1528 2027 1765
f 2132 1431 625
f 2097 2170 1331
f 1333 2097 1331
f 2133 2241 2242
f 2234 2133 2242
f 1797 976 1298
f 1912 1797 1298
f 2030 891 2050
f 1878 2030 2050
f 461 807 1566
f 462 461 1566
f 1917 426 1963
f 2223 1434 1436
f 2243 1772 2046
f 1510 462 1998
f 1703 11 2191
f 2009 460 245
f 1153 2009 245
f 2244 2081 2108
f 408 1559 1848
f 2082 2081 2245
f 2143 904 905
f 1778 2143 905
f 894 2144 999
f 2083 2218 2092
f 1862 2077 1378
f 1727 427 1917
f 1606 1727 1917
f 1876 1875 2169
f 1152 1876 2169
f 746 2246 2220
f 2247 2248 2242
f 570 2249 1750
f 2150 1486 1909
f 1843 2250 451
f 1577 1732 1342
f 1837 1577 1342
f 2164 2251 2252
f 693 1570 1747
f 1445 2045 1746
f 2253 2071 2207
f 2179 1989 2031
f 1953 2179 2031
f 226 1295 622
f 763 226 622
f 2254 2255 1534
f 1887 1811 2001
f 356 1924 1926
f 1836 356 1926
f 1818 1176 2155
f 910 909 2002
f 1477 910 2002
f 122 377 2020
f 1771 122 2020
f 927 2164 2184
f 378 927 2184
f 1784 2085 2245
f 1900 1784 2245
f 833 1793 2256
f 834 833 2256
f 874 244 2003
f 1355 874 2003
f 581 884 2004
f 521 581 2004
f 755 217 2257
f 1433 755 2257
f 817 422 2005
f 1620 817 2005
f 482 2018 1920
f 403 482 1920
f 196 856 2183
f 1765 196 2183
f 268 1486 2151
f 269 268 2151
f 951 1314 2006
f 117 951 2006
f 1062 1066 2173
f 1926 1925 1378
f 759 1926 1378
f 1152 981 2258
f 887 1366 2009
f 351 887 2009
f 180 1237 2010
f 181 180 2010
f 1971 843 821
f 990 1971 821
f 1424 1426 2011
f 2259 1424 2011
f 1353 1444 2012
f 1417 834 2256
f 1656 1643 1542
f 1421 1656 1542
f 1286 1317 2038
f 467 1286 2038
f 2260 1288 441
f 746 2136 747
f 1979 2261 2262
f 2161 1776 1387
f 1576 2161 1387
f 1343 2091 1708
f 1341 1343 1708
f 261 213 2015
f 181 261 2015
f 936 791 2019
f 1170 936 2019
f 1278 946 1619
f 1617 1278 1619
f 1273 1975 2162
f 1431 1273 2162
f 1554 1900 2263
f 1555 1554 2263
f 2215 1825 684
f 794 2215 684
f 1574 1573 2165
f 665 2264 2175
f 574 665 2175
f 1630 1754 1291
f 702 1630 1291
f 2166 1223 1993
f 2142 475 1745
f 770 769 1983
f 410 82 2022
f 1495 410 2022
f 2168 1386 613
f 1642 786 2023
f 1468 1642 2023
f 642 1172 2174
f 1292 642 2174
f 312 1558 1927
f 1507 312 1927
f 1470 1798 2025
f 57 1470 2025
f 2033 865 1488
f 2175 2033 1488
f 2265 1473 1472
f 1026 1739 2180
f 1250 1026 2180
f 2266 935 934
f 2073 2266 934
f 1348 347 2176
f 2062 1265 1264
f 323 2062 1264
f 2267 1850 1409
f 1937 1519 1521
f 1973 1937 1521
f 1870 1716 2026
f 1290 1870 2026
f 1763 1879 2043
f 1761 1763 2043
f 2058 2057 1827
f 1200 1574 1988
f 1259 1200 1988
f 1143 2268 2090
f 418 417 2027
f 1631 418 2027
f 1073 1031 2076
f 1911 1073 2076
f 1224 2134 2030
f 1399 1224 2030
f 2032 389 2024
f 1874 1876 2269
f 1257 2270 2271
f 1660 1257 2271
f 1945 1698 2272
f 1964 1945 2272
f 1534 503 2254
f 2272 1698 1923
f 1381 2272 1923
f 2273 1037 1039
f 1800 1799 2034
f 828 1800 2034
f 2274 187 2035
f 1972 990 2046
f 1811 2275 2001
f 2182 2276 2183
f 1505 2277 1100
f 505 842 1814
f 1365 1463 2041
f 2278 1365 2041
f 2142 401 2132
f 1741 1829 2233
f 2279 627 2181
f 1962 1757 2188
f 2184 2164 2174
f 1172 2184 2174
f 1708 2091 2280
f 2186 1653 2110
f 546 415 2042
f 941 546 2042
f 1609 1608 2281
f 1764 1709 2045
f 646 1764 2045
f 934 933 1691
f 1692 934 1691
f 2190 1482 1481
f 2044 1365 2278
f 444 1087 1749
f 1108 444 1749
f 2282 2283 2212
f 733 1803 1805
f 885 881 1189
f 1402 1323 2284
f 1008 1187 1959
f 1501 1991 2013
f 1225 1501 2013
f 1954 1831 1647
f 1726 1954 1647
f 1044 1429 2273
f 1853 1852 1987
f 335 1853 1987
f 2285 2267 2265
f 2258 981 1914
f 2008 2286 2037
f 1379 1378 2077
f 2040 1828 1746
f 2045 2040 1746
f 2061 2060 2287
f 2288 2061 2287
f 1823 1822 2040
f 1709 1823 2040
f 2289 1849 1995
f 2187 2290 2185
f 2291 2292 2293
f 2290 2187 2205
f 2172 2171 2294
f 1113 1018 2036
f 999 2144 2295
f 1505 1209 1534
f 1985 2296 2048
f 1854 1648 1647
f 1831 1854 1647
f 2256 1793 2297
f 2007 579 2150
f 1998 1669 2033
f 253 252 1672
f 1671 253 1672
f 2298 2134 2166
f 1915 2115 1724
f 210 2299 2300
f 2060 2301 2287
f 273 334 271
f 586 585 1527
f 2261 2302 2303
f 737 2231 2072
f 1867 1869 2016
f 809 1000 999
f 1256 1029 2304
f 1555 1681 2305
f 2306 2282 2212
f 1990 648 729
f 835 834 1419
f 396 398 1579
f 1195 2307 1950
f 2308 2309 2310
f 1243 1420 1405
f 2294 2311 2312
f 920 591 1999
f 1603 1601 2313
f 2314 1159 2153
f 1596 2000 2112
f 892 1150 1873
f 2096 1929 1931
f 1052 725 229
f 2233 1990 1741
f 2315 1949 1951
f 1112 1666 2316
f 2317 1924 1824
f 1181 1165 1164
f 2258 1876 1152
f 855 2318 322
f 2134 1224 2166
f 2193 2319 2320
f 1931 2039 2096
f 1995 2051 2321
f 1426 2291 1903
f 560 2293 737
f 344 2198 2056
f 2229 2169 1875
f 1661 2322 709
f 1628 1965 2323
f 620 1172 642
f 2203 2309 1592
f 1401 2324 2128
f 854 853 2325
f 1098 854 2325
f 2326 1529 206
f 2327 2328 2329
f 2330 2308 2310
f 1876 2331 2269
f 708 1640 2332
f 709 708 2332
f 1001 1989 2333
f 1154 1001 2333
f 2334 1626 1531
f 2224 1475 2335
f 2336 2075 1118
f 757 756 2337
f 881 757 2337
f 375 1901 2338
f 560 375 2338
f 2339 505 1814
f 183 2339 1814
f 1834 1833 2340
f 2341 1085 1084
f 1977 1045 2342
f 2343 1023 2344
f 1635 434 2345
f 2346 1481 1483
f 133 696 2347
f 135 133 2347
f 1491 822 2348
f 1077 1078 2349
f 1503 2350 6
f 1504 1503 6
f 1982 769 1329
f 2351 2207 1632
f 1593 1592 2352
f 825 824 2353
f 1806 1585 2354
f 2355 598 1864
f 1838 998 1966
f 2356 2021 1589
f 1788 2356 1589
f 111 2357 1809
f 1830 1741 1740
f 2358 2359 2360
f 1023 1959 2344
f 1802 2361 1430
f 1859 647 2362
f 2363 2318 2364
f 1097 1220 2364
f 1798 1800 2025
f 522 2365 1605
f 606 2366 2367
f 2368 1096 958
f 1219 1097 338
f 1279 1550 2369
f 2370 1897 2190
f 2371 2044 2278
f 2372 2311 2294
f 2171 2372 2294
f 888 1510 1998
f 1841 1298 367
f 643 642 1916
f 2331 1876 2258
f 1875 1874 2373
f 1995 2374 2289
f 2375 2376 2261
f 2377 2378 1918
f 409 1847 2379
f 2380 2381 2382
f 1302 2380 2382
f 1839 2383 1857
f 2384 986 907
f 1891 680 2385
f 1928 2386 2125
f 1766 2279 2387
f 2388 1766 2387
f 2302 2389 2390
f 2303 2302 2390
f 1373 2127 59
f 2391 2163 2162
f 2392 2391 2162
f 2139 1047 2393
f 2089 2139 2393
f 2261 2303 2262
f 1556 1644 2394
f 2395 2396 2397
f 2043 1781 2398
f 2392 2162 1975
f 2399 1119 535
f 2400 2230 718
f 2401 2029 2402
f 1965 1628 2403
f 1954 1965 2403
f 2404 2305 1681
f 2405 599 600
f 1683 1682 2406
f 2108 1683 2406
f 2407 1955 1807
f 2229 2158 2408
f 2409 2410 102
f 2411 1707 1234
f 1770 1660 2412
f 2413 1790 1789
f 1674 1673 2414
f 2160 1117 1116
f 2197 2415 1675
f 2416 2037 1545
f 2417 2041 1955
f 579 2418 269
f 2419 2273 1039
f 2029 162 2420
f 2402 2029 2421
f 775 920 2422
f 2423 2424 2425
f 1336 1191 2426
f 1281 1280 2116
f 2427 1164 1977
f 229 2428 1052
f 2429 1140 432
f 2367 2430 606
f 1366 2044 2431
f 6 452 11
f 4 6 11
f 528 1351 413
f 412 528 413
f 1592 2309 2352
f 1661 1951 2322
f 1996 1848 1559
f 2350 1996 1559
f 2432 2318 855
f 1287 2432 855
f 1616 2235 1603
f 2433 1958 1369
f 1442 2433 1369
f 1238 848 270
f 1017 1238 270
f 2434 10 1902
f 1901 2434 1902
f 1847 1849 2435
f 870 2191 24
f 26 870 24
f 2436 1676 2058
f 2437 2315 1951
f 1661 1403 1951
f 1978 2368 1783
f 828 2438 1800
f 136 128 255
f 255 128 1939
f 2274 2439 187
f 187 2439 188
f 184 183 2440
f 812 183 1814
f 2423 190 2441
f 166 2442 21
f 21 2442 496
f 458 1499 1890
f 2443 381 2444
f 1246 2445 1247
f 1247 2445 251
f 455 2446 453
f 453 2446 1564
f 847 522 1605
f 42 2447 189
f 189 2447 2055
f 248 2195 458
f 515 663 1129
f 1129 663 529
f 869 2448 1703
f 619 2299 209
f 209 2299 210
f 747 643 748
f 748 643 2449
f 567 2450 1269
f 1269 2450 2451
f 1843 668 2250
f 2316 2452 1112
f 77 2453 78
f 78 2453 859
f 1920 2334 403
f 627 2370 749
f 749 2370 2454
f 802 2455 1098
f 1098 2455 1099
f 2274 2456 2457
f 2197 903 2458
f 2274 906 2456
f 1120 808 1028
f 1028 808 810
f 59 930 2459
f 859 2342 1898
f 1898 2342 2460
f 640 2277 698
f 1066 1065 2173
f 2270 1111 2271
f 586 2461 953
f 953 2461 1237
f 153 221 780
f 222 2462 661
f 661 2462 895
f 1414 2463 940
f 940 2463 704
f 1144 2355 1450
f 1550 1219 2369
f 256 1270 156
f 156 1270 876
f 2464 1271 1270
f 467 2465 357
f 357 2465 355
f 1323 1297 2284
f 749 2346 473
f 473 2346 2466
f 2395 1309 2396
f 2302 2467 2389
f 1300 1336 2219
f 1818 2458 1277
f 598 1211 485
f 2189 1379 2468
f 1282 1388 2469
f 1162 2444 1053
f 2000 2470 2312
f 2312 2470 2471
f 688 2472 689
f 686 1405 2473
f 1052 2345 916
f 1601 1437 2313
f 1550 1441 1219
f 1394 2474 717
f 717 2474 2216
f 1418 1454 1419
f 1667 2475 1381
f 1381 2475 2272
f 1415 2476 1697
f 1697 2476 1413
f 999 2371 809
f 5 1504 6
f 1512 1513 1167
f 732 2211 733
f 698 1535 493
f 493 1535 1665
f 2477 1539 2478
f 1090 2479 1981
f 1895 1578 1894
f 1894 1578 1846
f 1434 2348 1642
f 2480 2481 2308
f 2308 2481 2309
f 2291 1602 2292
f 355 1930 2482
f 1199 2349 1549
f 1288 1711 1289
f 1289 1711 1332
f 1615 1687 280
f 1805 1694 2483
f 1439 1695 2227
f 17 1699 2484
f 1994 1700 2024
f 2024 1700 2032
f 2111 2285 2225
f 645 2485 1973
f 1973 2485 2139
f 135 1940 1612
f 1612 1940 1702
f 1790 2199 388
f 388 2199 387
f 1665 2255 1651
f 1770 1730 777
f 1745 1744 2141
f 2131 1744 2486
f 605 1758 1962
f 1962 1758 1757
f 1256 1030 1029
f 1079 2487 1512
f 1512 2487 2488
f 2282 1803 2283
f 1482 1804 1483
f 191 2489 347
f 347 2489 2176
f 2152 1817 1553
f 1553 1817 1645
f 915 1936 732
f 1885 1820 1928
f 1928 1820 2386
f 1822 1824 2490
f 356 1824 1924
f 1827 1826 2491
f 1827 2486 1828
f 1433 1830 1432
f 397 1839 1857
f 2221 1841 390
f 1845 1842 86
f 1598 2411 795
f 1668 2492 2000
f 1735 1867 1965
f 1965 1867 2323
f 1969 2304 1970
f 1997 2014 1991
f 1991 2014 2013
f 860 1877 1285
f 1285 1877 324
f 2111 1886 2285
f 1597 1892 2493
f 2259 2351 1424
f 1424 2351 2494
f 1899 2495 1782
f 1178 2441 258
f 1787 1906 1788
f 1788 1906 1408
f 1520 2317 1823
f 1823 2317 1824
f 2249 2496 2282
f 2282 2496 1803
f 1710 1921 1649
f 2497 2491 2482
f 2482 2491 1826
f 2498 1933 2477
f 1994 1701 1700
f 1515 1938 1513
f 1689 2095 2109
f 1706 1941 1835
f 161 2499 162
f 162 2499 2420
f 1761 1966 1833
f 1969 1968 2451
f 451 2362 150
f 665 1974 2264
f 2264 1974 889
f 1992 2500 2397
f 1887 1982 1637
f 1608 1984 2281
f 2257 2501 1433
f 1293 2502 1543
f 1543 2502 1598
f 1452 2503 1636
f 1636 2503 2028
f 1133 2404 1869
f 2301 2504 2287
f 2423 2036 2424
f 698 1533 1535
f 2121 2505 2303
f 2374 2506 1122
f 1503 2052 2350
f 2350 2052 1996
f 334 2300 271
f 271 2300 2299
f 215 2507 498
f 747 641 643
f 944 2493 1452
f 1058 2407 1125
f 939 2508 940
f 940 2508 1415
f 1919 2080 1125
f 1125 2080 1029
f 2293 2509 737
f 737 2509 2231
f 543 2510 714
f 714 2510 206
f 1605 2511 1310
f 2512 2102 1659
f 1659 2102 1739
f 1934 2104 1932
f 1473 1907 1906
f 2312 2112 2000
f 1246 2114 2445
f 1684 2117 1685
f 1685 2117 2121
f 113 2119 670
f 670 2119 851
f 1526 2122 1631
f 1631 2122 1509
f 2215 2124 2214
f 2443 1712 1711
f 1990 2129 1742
f 1742 2129 2068
f 1674 2513 2203
f 926 2251 927
f 927 2251 2164
f 1149 2136 900
f 1900 2244 2263
f 2131 2141 1744
f 710 2148 2514
f 1852 2515 1987
f 1987 2515 860
f 2464 2154 2516
f 288 2160 287
f 1832 2517 1582
f 1582 2517 1199
f 2187 2518 2205
f 2101 2167 1832
f 2516 2519 2520
f 2520 2519 2521
f 2186 2185 2522
f 2523 2185 2524
f 2343 2525 2526
f 2168 2049 1881
f 2192 2527 621
f 95 2194 688
f 688 2194 2193
f 2152 1815 1817
f 1304 2198 2528
f 2075 2478 1357
f 1357 2478 1539
f 2077 2468 1379
f 1919 2079 2080
f 969 2202 861
f 861 2202 767
f 138 129 136
f 136 129 128
f 959 2459 745
f 745 2459 930
f 2172 2471 2098
f 1395 2206 1396
f 2477 2336 2498
f 2498 2336 2529
f 416 2210 2530
f 586 2213 2276
f 2276 2213 2183
f 2093 2214 2124
f 1512 1514 1513
f 1491 2222 2221
f 2221 2222 2531
f 1119 2469 1787
f 1787 2469 1388
f 2265 2225 2285
f 2343 2226 2448
f 1724 2227 1695
f 2359 2253 2360
f 2360 2253 2532
f 2229 2228 2158
f 2158 2228 2156
f 2055 2533 1130
f 2028 2335 1767
f 1916 2534 2327
f 2535 2536 2504
f 2163 2236 626
f 1924 2537 1925
f 1925 2537 2538
f 492 2483 988
f 988 2483 1694
f 2311 2539 2540
f 1471 2237 1352
f 1352 2237 1960
f 2531 1840 2221
f 2221 1840 1841
f 1662 2541 330
f 330 2541 2511
f 2257 2240 2501
f 2520 2241 2472
f 1149 2135 2136
f 1491 2223 2222
f 1772 2243 175
f 175 2243 2542
f 1102 2413 1942
f 2171 2246 2543
f 2231 2248 2232
f 1882 2530 848
f 1859 2250 668
f 1540 2412 1633
f 2207 2532 2253
f 2255 2254 2544
f 1100 2545 1667
f 2012 2384 1353
f 2443 2260 2507
f 1979 2262 1978
f 1096 2546 1280
f 1280 2546 2505
f 1576 2547 2161
f 1626 1922 1710
f 1710 1922 1921
f 1412 2548 1939
f 1939 2548 255
f 1887 1983 1982
f 2062 2363 1440
f 1789 2457 1957
f 1957 2457 2456
f 1790 2268 2199
f 2324 2528 2128
f 2128 2528 2198
f 1759 2549 1175
f 1175 2549 1043
f 469 2275 1812
f 1812 2275 1811
f 1433 1829 1830
f 1897 2279 1766
f 1757 2550 2188
f 2303 2280 2121
f 2121 2280 2091
f 1902 2526 2011
f 733 2283 1803
f 2029 2284 1297
f 1429 2353 2273
f 1662 1914 1423
f 2037 2286 2551
f 784 2288 1629
f 1816 2159 288
f 288 2159 2160
f 2290 2524 2185
f 1972 2514 1971
f 2293 2292 2552
f 1603 2292 1602
f 2044 2295 2431
f 1034 2553 2038
f 2038 2553 2039
f 2087 1868 1735
f 1735 1868 1867
f 2043 1967 1761
f 1761 1967 1966
f 2158 2296 2408
f 1276 2319 2140
f 2140 2319 2193
f 2033 2554 1998
f 1998 2554 888
f 102 2113 2540
f 2540 2113 2112
f 356 2490 1824
f 413 2555 414
f 1895 1579 1578
f 448 2437 1403
f 1403 2437 1951
f 1536 2313 1437
f 2189 2314 2556
f 1891 2315 2437
f 2516 2320 2464
f 2464 2320 2319
f 2106 2088 1396
f 1396 2088 1963
f 1995 2321 2374
f 2374 2321 2506
f 2096 2551 1929
f 1929 2551 2286
f 2016 2323 1867
f 613 2484 2168
f 2168 2484 1699
f 496 2325 853
f 2059 2557 2110
f 2110 2557 2518
f 370 664 1020
f 1020 664 663
f 828 2558 2438
f 710 2559 711
f 711 2559 1772
f 640 2560 2545
f 1002 2332 1640
f 2230 2333 1989
f 1046 2200 1143
f 1268 2561 1071
f 1071 2561 1069
f 811 2440 812
f 812 2440 183
f 872 2529 1118
f 1118 2529 2336
f 992 2337 756
f 1361 2562 1412
f 1412 2562 2519
f 969 2410 2301
f 182 2339 183
f 206 2340 2326
f 1085 2341 1326
f 1326 2341 2474
f 1356 2563 1296
f 1311 2460 1045
f 1045 2460 2342
f 2360 2344 2358
f 1885 1821 1820
f 1483 2466 2346
f 1835 2347 696
f 1230 2564 1882
f 655 2565 1913
f 1913 2565 2564
f 1562 2473 2297
f 948 2494 1632
f 1632 2494 2351
f 1150 2566 1149
f 1149 2566 2527
f 400 2567 1646
f 1646 2567 2563
f 2479 2354 1584
f 1584 2354 1585
f 1583 1864 683
f 1414 2568 2239
f 2239 2568 1497
f 1408 2356 1788
f 1899 2357 2495
f 1959 2358 2344
f 1272 2361 2138
f 330 2365 331
f 331 2365 522
f 895 2366 606
f 1006 1487 28
f 1634 2569 2005
f 2005 2569 1587
f 338 2369 1219
f 1481 2454 2190
f 2190 2454 2370
f 1866 2570 1383
f 1383 2570 1889
f 1993 2488 2166
f 1916 2449 643
f 333 2571 1203
f 1203 2571 1204
f 1912 2375 1753
f 1753 2375 1754
f 1950 2377 1655
f 1644 2379 2209
f 1401 2381 2324
f 1401 2382 2381
f 2378 2385 2555
f 1658 2386 1820
f 1756 2388 1757
f 2181 2387 2279
f 2165 2556 1574
f 2531 2376 1912
f 1912 2376 2375
f 2233 2572 909
f 58 2127 56
f 2573 2574 1239
f 1239 2574 1231
f 1049 2393 1047
f 777 2394 778
f 1289 2575 1287
f 1287 2575 2432
f 1781 2383 2398
f 1838 2383 1839
f 1838 2398 2383
f 2242 2521 2247
f 89 2542 2022
f 2022 2542 2243
f 1282 2399 858
f 1154 2400 1084
f 1402 2401 2247
f 971 2403 1628
f 2177 2405 776
f 2263 1682 1555
f 1555 1682 1681
f 2263 2406 1682
f 1134 2086 1380
f 1980 2576 2239
f 2239 2576 1414
f 1774 2252 1640
f 1640 2252 2251
f 2155 2157 2156
f 2173 2538 1519
f 2535 2409 2539
f 1680 2103 1999
f 1999 2103 2102
f 1801 2238 2204
f 2204 2238 2237
f 77 2577 2452
f 1874 2414 2373
f 2155 2415 1818
f 2006 2416 1059
f 1057 2417 1058
f 382 2418 579
f 1311 2419 913
f 2029 2420 2421
f 1883 2421 2420
f 775 2422 2578
f 1180 2578 2480
f 2480 2578 2422
f 1018 2424 2036
f 1684 2116 2117
f 1164 2427 1181
f 1181 2427 1666
f 1189 2428 885
f 885 2428 229
f 1795 2429 1339
f 2205 2430 2290
f 2235 2552 1603
f 1603 2552 2292
f 1671 2433 1442
f 2523 2522 2185
f 2523 2435 2522
f 478 2123 2122
f 1999 2579 920
f 920 2579 2422
f 2008 2436 2286
f 2368 1978 2546
f 1096 2368 2546
f 2439 2274 2457
f 1789 2439 2457
f 2442 166 802
f 1098 2442 802
f 1499 458 2195
f 1500 1499 2195
f 359 361 2145
f 223 359 2145
f 192 258 2441
f 190 192 2441
f 12 2140 2194
f 95 12 2194
f 2446 455 2169
f 2229 2446 2169
f 217 309 308
f 2257 217 308
f 2447 42 219
f 290 2447 219
f 2195 248 919
f 2196 2195 919
f 663 515 345
f 1020 663 345
f 2448 869 1023
f 2343 2448 1023
f 2299 619 967
f 271 2299 967
f 2442 1098 2325
f 496 2442 2325
f 2450 567 1111
f 2270 2450 1111
f 55 54 930
f 59 55 930
f 1977 2453 2316
f 502 397 396
f 939 502 396
f 1806 2053 2079
f 1919 1806 2079
f 1225 1399 1459
f 1501 1225 1459
f 1346 671 1539
f 2477 1346 1539
f 2453 1977 2342
f 859 2453 2342
f 833 832 2065
f 488 833 2065
f 2334 1920 1922
f 1626 2334 1922
f 2208 2580 778
f 625 624 866
f 2132 625 866
f 2370 627 2279
f 1897 2370 2279
f 2455 802 903
f 2197 2455 903
f 2455 2197 1051
f 1099 2455 1051
f 1126 76 839
f 478 1126 839
f 325 732 734
f 492 325 734
f 808 1120 1000
f 809 808 1000
f 1896 1475 1474
f 1482 1896 1474
f 730 2106 2206
f 532 730 2206
f 2581 2307 2266
f 2073 2581 2266
f 2277 640 2545
f 1100 2277 2545
f 221 153 2462
f 222 221 2462
f 1151 956 1050
f 1592 1151 1050
f 2462 153 2366
f 895 2462 2366
f 2581 2073 2148
f 2463 1414 2576
f 2544 2463 2576
f 2301 2060 2202
f 969 2301 2202
f 2355 1144 1211
f 598 2355 1211
f 2450 2270 1969
f 2451 2450 1969
f 239 86 1842
f 451 239 1842
f 1270 256 2154
f 2464 1270 2154
f 2465 467 2039
f 1931 2465 2039
f 1750 2306 2485
f 645 1750 2485
f 882 881 2337
f 992 882 2337
f 1322 160 1297
f 1323 1322 1297
f 2346 749 2454
f 1481 2346 2454
f 1266 523 522
f 847 1266 522
f 2458 1818 2415
f 2197 2458 2415
f 801 1277 2458
f 903 801 2458
f 2461 2178 2010
f 1237 2461 2010
f 1327 1326 2474
f 1394 1327 2474
f 2444 1162 1163
f 2099 2470 2582
f 2472 688 2193
f 2345 1052 2583
f 1635 2345 2583
f 1426 1425 1602
f 2291 1426 1602
f 2475 1667 2584
f 1397 2475 2584
f 1546 1296 2563
f 2476 1415 2508
f 1895 2476 2508
f 2476 1895 1777
f 1413 2476 1777
f 2371 999 2295
f 2044 2371 2295
f 2211 732 1936
f 1048 2211 1936
f 1535 1534 2255
f 1665 1535 2255
f 262 1635 2577
f 77 262 2577
f 2348 1434 2223
f 1491 2348 2223
f 1274 1372 1687
f 1615 1274 1687
f 1263 1497 2568
f 1696 1263 2568
f 1930 355 2465
f 1931 1930 2465
f 2349 1199 2517
f 1077 2349 2517
f 1551 1114 2217
f 1732 1551 2217
f 1558 47 46
f 2201 1558 46
f 1616 1603 2313
f 1536 1616 2313
f 1711 1288 2260
f 2443 1711 2260
f 1580 977 1480
f 2094 1580 1480
f 1661 709 2332
f 1002 1661 2332
f 1145 1144 1892
f 1597 1145 1892
f 950 1438 1437
f 1601 950 1437
f 1578 398 1245
f 1846 1578 1245
f 1249 1756 1758
f 605 1249 1758
f 134 1594 2495
f 2267 2285 1886
f 1850 2267 1886
f 1940 135 2347
f 503 704 2254
f 504 996 1839
f 397 504 1839
f 1364 1629 2534
f 1916 1364 2534
f 1187 685 1780
f 1959 1187 1780
f 1295 1064 1910
f 2149 1295 1910
f 1079 1318 2487
f 1804 1482 1474
f 2018 2585 1921
f 1920 2018 1921
f 2489 191 190
f 2423 2489 190
f 1936 915 2515
f 1852 1936 2515
f 2486 1827 2057
f 2131 2486 2057
f 2411 1598 2502
f 1707 2411 2502
f 2586 2492 392
f 1863 1958 2433
f 1671 1863 2433
f 1044 2273 2419
f 1311 1044 2419
f 2014 1997 2500
f 1992 2014 2500
f 1877 860 2515
f 915 1877 2515
f 1918 2378 1350
f 1768 1918 1350
f 1773 1891 2437
f 448 1773 2437
f 1258 1775 1030
f 1256 1258 1030
f 1813 1775 1893
f 1769 1813 1893
f 2130 400 399
f 2131 2130 399
f 1770 1769 1893
f 1660 1770 1893
f 2351 2259 2532
f 2207 2351 2532
f 2485 2306 1047
f 2139 2485 1047
f 2357 111 134
f 2495 2357 134
f 2439 1789 388
f 188 2439 388
f 2441 1178 2036
f 2423 2441 2036
f 1906 1787 1943
f 1473 1906 1943
f 1088 1070 1069
f 1089 1088 1069
f 1910 1819 1701
f 2317 1520 2537
f 1924 2317 2537
f 1553 1555 2305
f 2152 1553 2305
f 760 759 1379
f 2189 760 1379
f 1311 913 2460
f 1415 1696 2568
f 1414 1415 2568
f 2498 1171 2082
f 1393 1587 2569
f 1913 1393 2569
f 2107 1645 1817
f 1816 2107 1817
f 1737 1738 1938
f 1515 1737 1938
f 1410 2021 2356
f 1408 1410 2356
f 1122 1328 1569
f 2374 1122 1569
f 2095 1689 1944
f 2096 2095 1944
f 1912 1298 1840
f 2531 1912 1840
f 2499 161 668
f 1843 2499 668
f 2362 451 2250
f 1859 2362 2250
f 332 1786 2587
f 1662 332 2587
f 2066 2395 2588
f 1373 59 2459
f 959 1373 2459
f 1909 1088 1981
f 2150 1909 1981
f 2516 2520 2320
f 1385 127 129
f 138 1385 129
f 2245 2081 2244
f 1900 2245 2244
f 2580 2290 2430
f 49 2201 2418
f 382 49 2418
f 2234 2242 2248
f 2231 2234 2248
f 2503 1452 1451
f 2224 2503 1451
f 2504 2301 2410
f 1765 2183 2213
f 2505 2121 2117
f 1280 2505 2117
f 1188 2109 2553
f 1034 1188 2553
f 2278 2041 2417
f 1057 2278 2417
f 2507 215 381
f 2443 2507 381
f 1923 1529 2326
f 2137 1923 2326
f 641 2192 620
f 642 641 620
f 1346 2477 1933
f 1932 1346 1933
f 1780 524 2063
f 2359 1780 2063
f 961 1597 2493
f 944 961 2493
f 2203 1592 1050
f 2067 2203 1050
f 2407 1058 2417
f 1955 2407 2417
f 2212 1048 1047
f 2306 2212 1047
f 2080 1970 2304
f 1029 2080 2304
f 2294 2312 2471
f 2172 2294 2471
f 2510 543 1762
f 1834 2510 1762
f 100 62 2210
f 416 100 2210
f 2511 1605 2365
f 330 2511 2365
f 2541 637 1310
f 2511 2541 1310
f 2102 2512 2579
f 1999 2102 2579
f 2085 2105 2104
f 1934 2085 2104
f 1472 1693 2225
f 2265 1472 2225
f 1746 1828 2486
f 1744 1746 2486
f 835 1419 1911
f 2076 835 1911
f 2119 113 158
f 2122 1526 476
f 478 2122 476
f 794 796 2124
f 2215 794 2124
f 1423 637 2541
f 1662 1423 2541
f 2513 1874 2269
f 2310 2513 2269
f 2251 926 1003
f 1640 2251 1003
f 1360 1939 128
f 127 1360 128
f 1908 2061 2288
f 784 1908 2288
f 1663 2001 2275
f 469 1663 2275
f 1584 2007 2479
f 2012 152 2384
f 2016 1683 2323
f 2517 1832 2167
f 1077 2517 2167
f 2518 2187 2186
f 2110 2518 2186
f 2154 255 2548
f 2516 2154 2548
f 830 770 1983
f 1887 830 1983
f 1083 1131 2547
f 1576 1083 2547
f 1195 935 2266
f 2307 1195 2266
f 2234 2231 2509
f 2235 2234 2509
f 2220 660 1016
f 746 2220 1016
f 1964 2272 2475
f 1397 1964 2475
f 2519 2516 2548
f 1412 2519 2548
f 1207 1609 2281
f 1624 1207 2281
f 1089 2451 1968
f 2053 1089 1968
f 2527 2192 2135
f 1149 2527 2135
f 2447 290 2533
f 2055 2447 2533
f 2129 729 982
f 2068 2129 982
f 1815 1117 2159
f 1816 1815 2159
f 1450 1452 2493
f 1892 1450 2493
f 2478 2075 2336
f 2477 2478 2336
f 2468 1159 2314
f 2189 2468 2314
f 1159 935 1196
f 2153 1159 1196
f 1394 1267 1338
f 1634 1394 1338
f 980 825 2353
f 1429 980 2353
f 1318 1139 1204
f 2557 896 2205
f 2518 2557 2205
f 2099 2098 2471
f 2470 2099 2471
f 1169 1076 1309
f 1606 1917 2088
f 2106 1606 2088
f 2018 2017 2219
f 2585 2018 2219
f 1873 2094 1480
f 2019 1873 1480
f 2469 1119 2399
f 1282 2469 2399
f 1853 1489 1563
f 1049 1853 1563
f 2226 10 1703
f 2448 2226 1703
f 2253 2359 2063
f 2071 2253 2063
f 2361 1802 1856
f 2138 2361 1856
f 2335 2028 2503
f 2224 2335 2503
f 2483 492 734
f 1805 2483 734
f 2535 2539 2328
f 2237 1471 1943
f 2204 2237 1943
f 1905 375 374
f 5 1905 374
f 343 511 393
f 1668 343 393
f 2177 2176 2425
f 360 362 1747
f 527 360 1747
f 2413 1102 1104
f 1790 2413 1104
f 2530 1882 2564
f 2412 1540 1730
f 1770 2412 1730
f 1903 2291 2338
f 1901 1903 2338
f 2008 2037 2416
f 2006 2008 2416
f 2260 441 498
f 2507 2260 498
f 1904 633 2167
f 2101 1904 2167
f 2510 1834 2340
f 206 2510 2340
f 1018 232 2424
f 2363 2062 322
f 2318 2363 322
f 2100 252 2589
f 2115 2100 2589
f 1608 1564 2408
f 2549 1759 1886
f 2111 2549 1886
f 2142 2132 866
f 475 2142 866
f 2550 1757 2388
f 2280 2303 2390
f 1708 2280 2390
f 2259 2011 2526
f 2525 2259 2526
f 2526 1902 2226
f 2343 2526 2226
f 1622 1624 2281
f 1984 1622 2281
f 1988 2153 1196
f 1655 1988 1196
f 2265 2267 1907
f 1473 2265 1907
f 2046 1772 2559
f 1972 2046 2559
f 2524 2208 2209
f 2523 2524 2209
f 2514 1972 2559
f 710 2514 2559
f 1692 1971 2514
f 2148 1692 2514
f 2293 560 2338
f 2291 2293 2338
f 2553 2109 2095
f 2039 2553 2095
f 1868 2087 2086
f 1869 1868 2086
f 1967 2043 2398
f 1838 1967 2398
f 2319 1276 1271
f 2464 2319 1271
f 2555 413 1350
f 2378 2555 1350
f 2153 1574 2556
f 2314 2153 2556
f 2586 2432 2582
f 2492 2586 2582
f 2533 290 2590
f 2228 1875 2373
f 2156 2228 2373
f 2364 2586 392
f 1097 2364 392
f 1778 1333 2126
f 2143 1778 2126
f 2083 1732 2217
f 2218 2083 2217
f 2551 2096 1944
f 2037 2551 1944
f 355 2482 2490
f 356 355 2490
f 2130 1677 2567
f 400 2130 2567
f 2484 613 15
f 17 2484 15
f 2557 2059 897
f 896 2557 897
f 369 529 664
f 370 369 664
f 437 1617 2558
f 2329 2328 2372
f 766 1302 2382
f 656 416 2565
f 655 656 2565
f 568 533 2560
f 640 568 2560
f 2200 1046 705
f 387 2200 705
f 1269 2451 2561
f 1268 1269 2561
f 831 403 2334
f 1531 831 2334
f 2561 2451 1089
f 1069 2561 1089
f 861 776 2405
f 600 861 2405
f 1896 1767 2335
f 1475 1896 2335
f 2440 811 365
f 184 2440 365
f 1402 2247 2562
f 1361 1402 2562
f 103 102 2410
f 969 103 2410
f 2340 1833 2137
f 2326 2340 2137
f 857 858 2399
f 535 857 2399
f 2341 1084 2216
f 2474 2341 2216
f 1355 1646 2563
f 1356 1355 2563
f 1395 1397 2584
f 341 916 2345
f 434 341 2345
f 1821 1947 1275
f 1074 1821 1275
f 1638 1954 2403
f 971 1638 2403
f 1393 1913 2564
f 1230 1393 2564
f 2565 416 2530
f 2564 2565 2530
f 1330 1642 2348
f 822 1330 2348
f 2473 1562 1251
f 686 2473 1251
f 653 1549 2349
f 1078 653 2349
f 2566 297 621
f 2527 2566 621
f 1831 1637 1982
f 1329 1831 1982
f 1643 409 2379
f 1644 1643 2379
f 1659 1593 2352
f 2512 1659 2352
f 1687 1492 443
f 280 1687 443
f 1037 2273 2353
f 824 1037 2353
f 892 297 2566
f 1150 892 2566
f 2567 1677 1546
f 2563 2567 1546
f 1673 1675 2415
f 2155 1673 2415
f 1259 1655 2377
f 1918 1259 2377
f 1633 2271 1111
f 266 1633 1111
f 1451 1450 2355
f 2499 1843 1844
f 1382 1833 1966
f 998 1382 1966
f 497 1279 2369
f 338 497 2369
f 1508 1809 2357
f 1899 1508 2357
f 1571 1432 1830
f 1740 1571 1830
f 891 2134 2571
f 333 891 2571
f 2327 2329 2449
f 1916 2327 2449
f 1417 2256 2570
f 1866 1417 2570
f 1201 1430 2361
f 1272 1201 2361
f 151 150 2362
f 647 151 2362
f 1794 2032 1700
f 974 1794 1700
f 957 1783 2368
f 958 957 2368
f 1400 2128 1487
f 1006 1400 1487
f 2569 1634 1338
f 1913 2569 1338
f 1210 1339 2429
f 432 1210 2429
f 1611 1782 2495
f 1594 1611 2495
f 2570 2256 2297
f 1889 2570 2297
f 1347 1932 2104
f 1915 1347 2104
f 1057 809 2371
f 2278 1057 2371
f 2298 2166 2488
f 2487 2298 2488
f 2488 1993 1514
f 1512 2488 1514
f 72 390 1841
f 367 72 1841
f 2571 2134 2298
f 1204 2571 2298
f 1872 1649 1921
f 2585 1872 1921
f 1979 1754 2375
f 2261 1979 2375
f 2209 2379 2523
f 460 1366 2431
f 361 460 2431
f 1354 1353 2384
f 907 1354 2384
f 2385 680 414
f 2555 2385 414
f 2394 1644 2208
f 778 2394 2208
f 1650 2125 2386
f 1658 1650 2386
f 604 606 2430
f 2205 604 2430
f 2388 1756 1718
f 1766 2388 1718
f 1255 2189 2556
f 2165 1255 2556
f 2232 2248 2402
f 2302 2261 2376
f 2002 909 2572
f 2572 2233 1829
f 60 59 2127
f 58 60 2127
f 1496 2025 2573
f 1239 1496 2573
f 2583 1052 2428
f 120 1059 2416
f 1545 120 2416
f 1730 1556 2394
f 777 1730 2394
f 2575 1289 1595
f 2099 2575 1595
f 1956 913 2419
f 1039 1956 2419
f 2316 1666 2427
f 1977 2316 2427
f 2504 2536 2287
f 2288 2287 2536
f 1515 2397 2396
f 1737 1515 2396
f 2562 2247 2521
f 2519 2562 2521
f 2521 2242 2241
f 2520 2521 2241
f 2003 527 2392
f 1975 2003 2392
f 2400 718 2216
f 1084 2400 2216
f 2401 2402 2248
f 2247 2401 2248
f 2016 1869 2404
f 1681 2016 2404
f 1133 1869 2086
f 1134 1133 2086
f 2576 1980 2047
f 2544 2576 2047
f 1919 1125 2407
f 1807 1919 2407
f 2020 2164 2252
f 1774 2020 2252
f 2296 1985 1984
f 2157 2048 2296
f 2158 2157 2296
f 1176 2048 2157
f 2155 1176 2157
f 1520 1519 2538
f 2537 1520 2538
f 2538 2173 1065
f 1925 2538 1065
f 2409 102 2540
f 2539 2409 2540
f 2180 1739 2103
f 1680 2180 2103
f 2238 1801 2074
f 1960 2238 2074
f 796 795 2411
f 1234 796 2411
f 2271 1633 2412
f 1660 2271 2412
f 2583 1618 2577
f 1635 2583 2577
f 2575 2099 2582
f 2432 2575 2582
f 1957 1942 2413
f 1789 1957 2413
f 2414 1673 2156
f 2373 2414 2156
f 1537 287 2160
f 1116 1537 2160
f 2418 2201 46
f 269 2418 46
f 2381 2426 2324
f 1470 1281 2116
f 2144 361 2431
f 2295 2144 2431
f 2481 2512 2352
f 2309 2481 2352
f 1950 2307 2322
f 1951 1950 2322
f 2422 2579 2480
f 1800 2438 2573
f 2025 1800 2573
f 1499 1501 1459
f 1890 1499 1459
f 308 1690 2240
f 2257 308 2240
f 374 740 1504
f 5 374 1504
f 399 2142 2141
f 2131 399 2141
f 839 840 2123
f 478 839 2123
f 893 223 2145
f 894 893 2145
f 893 780 221
f 223 893 221
f 2581 709 2322
f 2307 2581 2322
f 1016 900 2136
f 746 1016 2136
f 2277 1505 1533
f 698 2277 1533
f 1104 2090 2268
f 1790 1104 2268
f 1441 1440 1220
f 1219 1441 1220
f 1436 1590 2389
f 2467 1436 2389
f 2380 2585 2219
f 1336 2380 2219
f 1388 2204 1943
f 1787 1388 1943
f 1405 1420 1889
f 1441 1550 1695
f 1439 1441 1695
f 1454 1796 1911
f 1419 1454 1911
f 2211 2212 2283
f 733 2211 2283
f 1563 2089 2393
f 1049 1563 2393
f 1930 1929 2497
f 2482 1930 2497
f 2330 2310 2269
f 1694 1805 1804
f 1474 1694 1804
f 1699 1878 2049
f 2168 1699 2049
f 1747 1570 2391
f 1780 2359 2358
f 1959 1780 2358
f 2496 1483 1804
f 1803 2496 1804
f 2543 2329 2372
f 2171 2543 2372
f 1842 1845 1844
f 1843 1842 1844
f 2497 1929 2286
f 1933 2498 2082
f 1934 1933 2082
f 1949 2378 2377
f 1950 1949 2377
f 2378 1949 2385
f 1976 2402 2421
f 1883 1976 2421
f 1976 2072 2232
f 2402 1976 2232
f 2500 2588 2395
f 2397 2500 2395
f 1981 2479 2007
f 2150 1981 2007
f 2303 2505 2262
f 2065 2066 2588
f 488 2065 2588
f 2114 1246 2227
f 1724 2114 2227
f 2126 1712 1163
f 2143 2126 1163
f 2513 1674 2414
f 1874 2513 2414
f 2244 2108 2406
f 2263 2244 2406
f 2525 2343 2344
f 2360 2525 2344
f 1130 2533 2590
f 1132 1130 2590
f 2327 2534 2536
f 2236 2163 2391
f 1570 2236 2391
f 2584 1667 2545
f 2560 2584 2545
f 2161 2547 2590
f 2363 2364 1220
f 1440 2363 1220
f 2284 2029 2401
f 1402 2284 2401
f 1914 1662 2587
f 1579 1895 2508
f 2315 1891 2385
f 1949 2315 2385
f 2328 2327 2536
f 2535 2328 2536
f 2269 2331 2330
f 2587 1786 2330
f 2331 2587 2330
f 2333 2230 2400
f 1154 2333 2400
f 2560 533 1395
f 2584 2560 1395
f 2355 1864 1451
f 2387 2181 2550
f 2388 2387 2550
f 2392 527 1747
f 2391 2392 1747
f 2405 2177 2425
f 599 2405 2425
f 2408 2296 1984
f 1608 2408 1984
f 2409 2535 2504
f 2410 2409 2504
f 2420 2499 1844
f 1883 2420 1844
f 2435 1849 2289
f 2522 2435 2289
f 2435 2523 2379
f 1847 2435 2379
f 104 1596 2113
f 102 104 2113
f 2404 1133 1861
f 2509 2293 2552
f 2235 2509 2552
f 1997 488 2588
f 2500 1997 2588
f 2506 67 1123
f 1122 2506 1123
f 2222 1436 2467
f 2531 2222 2467
f 2236 2188 2550
f 2424 232 599
f 2425 2424 599
f 91 175 2542
f 89 91 2542
f 2438 2558 1617
f 1613 2438 1617
f 506 505 2339
f 182 506 2339
f 126 124 1769
f 777 126 1769
f 22 210 2300
f 489 1500 2196
f 490 489 2196
f 172 437 2558
f 828 172 2558
f 2114 2115 2589
f 2445 2114 2589
f 252 251 2445
f 2589 252 2445
f 637 636 1165
f 1310 637 1165
f 1232 1231 2574
f 1613 1232 2574
f 2452 2316 2453
f 77 2452 2453
f 1547 1676 2436
f 2008 1547 2436
f 1180 331 2578
f 523 775 2578
f 331 523 2578
f 740 928 68
f 1503 740 68
f 700 2456 906
f 701 700 906
f 889 888 2554
f 2264 889 2554
f 2463 2544 2254
f 704 2463 2254
f 1115 921 925
f 1116 1115 925
f 1171 2498 2529
f 872 1171 2529
f 2461 586 2276
f 2178 2461 2276
f 2456 700 1517
f 1957 2456 1517
f 1325 766 2382
f 1401 1325 2382
f 570 473 2466
f 2249 570 2466
f 533 532 2206
f 1395 533 2206
f 2467 2302 2376
f 2531 2467 2376
f 1215 22 2300
f 334 1215 2300
f 2207 1851 1294
f 1632 2207 1294
f 2446 2229 2408
f 1564 2446 2408
f 1425 1424 2494
f 948 1425 2494
f 1882 1238 1231
f 1230 1882 1231
f 1802 1768 1351
f 629 1802 1351
f 2479 1090 2354
f 1798 1470 2116
f 1684 1798 2116
f 2481 2480 2579
f 2512 2481 2579
f 1722 1999 591
f 1600 1722 591
f 2270 1257 1256
f 869 1703 2191
f 870 869 2191
f 678 1628 2323
f 1683 678 2323
f 2480 2308 1180
f 2350 1559 452
f 6 2350 452
f 1302 1303 1872
f 2268 1143 2200
f 2199 2268 2200
f 44 1194 2024
f 389 44 2024
f 448 889 1974
f 1773 448 1974
f 748 2543 2246
f 746 748 2246
f 544 1702 1941
f 1706 544 1941
f 1862 1925 1065
f 1067 1862 1065
f 2304 1969 2270
f 1256 2304 2270
f 1696 1697 1946
f 1948 1696 1946
f 1147 1857 2383
f 1781 1147 2383
f 2585 2380 1302
f 1872 2585 1302
f 2066 1169 1309
f 2395 2066 1309
f 2496 2249 2466
f 1483 2496 2466
f 2058 1827 2491
f 2497 2058 2491
f 912 1898 2460
f 913 912 2460
f 1686 2092 2218
f 1871 1686 2218
f 1562 2297 1793
f 1792 1562 1793
f 1528 1765 2213
f 1527 1528 2213
f 2586 2364 2318
f 2432 2586 2318
f 2580 2208 2524
f 2290 2580 2524
f 2502 1293 148
f 1707 2502 148
f 602 1737 2396
f 1309 602 2396
f 67 2506 2321
f 68 67 2321
f 2051 68 2321
f 4 10 2434
f 1905 4 2434
f 2053 1806 2354
f 1090 2053 2354
f 2306 1750 2249
f 2282 2306 2249
f 1907 2267 1409
f 1408 1907 1409
f 1221 1043 2549
f 2111 1221 2549
f 2311 2540 2112
f 2312 2311 2112
f 1995 1996 2052
f 2051 1995 2052
f 2182 2179 2178
f 2276 2182 2178
f 1992 2397 1993
f 2175 2264 2554
f 2033 2175 2554
f 1653 2186 2522
f 2289 1653 2522
f 2525 2360 2532
f 2259 2525 2532
f 1968 1970 2079
f 2053 1968 2079
f 501 1462 2214
f 2093 501 2214
f 1115 1117 1815
f 2152 1115 1815
f 933 1159 2468
f 2077 933 2468
f 1514 1993 2397
f 1515 1514 2397
f 2534 1629 2288
f 2536 2534 2288
f 2543 748 2449
f 2329 2543 2449
f 2135 2192 641
f 747 2135 641
f 1618 2583 2428
f 1189 1618 2428
f 2547 1131 1132
f 2590 2547 1132
f 2170 2220 2246
f 2171 2170 2246
f 2489 2423 2425
f 2176 2489 2425
f 1304 2528 1191
f 2035 875 906
f 2274 2035 906
f 179 2015 323
f 1264 179 323
f 1495 2022 2243
f 2046 1495 2243
f 1871 2118 829
f 2034 1871 829
f 2490 2482 1826
f 1822 2490 1826
f 1884 1947 1821
f 1885 1884 1821
f 1615 279 2119
f 158 1615 2119
f 1312 1140 2429
f 1795 1312 2429
f 2438 1613 2574
f 2573 2438 2574
f 153 154 2367
f 2366 153 2367
f 1487 2128 2198
f 344 1487 2198
f 2289 2374 1569
f 1653 2289 1569
f 2546 1978 2262
f 2505 2546 2262
f 2181 626 2236
f 2550 2181 2236
f 1138 1509 2123
f 840 1138 2123
f 2436 2058 2497
f 2286 2436 2497
f 393 392 2492
f 1668 393 2492
f 709 2581 2148
f 710 709 2148
f 2224 1451 1864
f 1583 2224 1864
f 2492 2582 2470
f 2000 2492 2470
f 2149 1910 1701
f 1994 2149 1701
f 1941 1940 2347
f 1835 1941 2347
f 2501 2572 1829
f 1433 2501 1829
f 2305 2404 1861
f 2152 2305 1861
f 2473 1405 1889
f 2297 2473 1889
f 2331 2258 1914
f 2587 2331 1914
f 1590 1708 2390
f 2389 1590 2390
f 778 2580 154
f 126 778 154
f 2444 1163 1712
f 2443 2444 1712
f 2472 2193 2320
f 2520 2472 2320
f 1522 1167 1513
f 1938 1522 1513
f 2487 1318 1204
f 2298 2487 1204
f 2203 2513 2310
f 2309 2203 2310
f 2580 2430 2367
f 154 2580 2367
f 939 396 1579
f 2508 939 1579
f 2539 2311 2372
f 2328 2539 2372
f 848 2530 2210
f 61 848 2210
f 1618 1112 2452
f 2577 1618 2452
f 1786 1180 2308
f 2330 1786 2308
f 986 2384 152
f 151 986 152
f 1934 2082 2245
f 2085 1934 2245
f 2572 2501 2240
f 2002 2572 2240
f 2426 1191 2528
f 2324 2426 2528
f 2544 2047 1651
f 2255 2544 1651
f 2590 290 289
f 2161 2590 289
f 833 488 490
f 1793 833 490
f 856 718 2230
f 2182 856 2230
f 2241 2133 689
f 2472 2241 689
f 241 152 2012
f 1157 241 2012
f 1336 2426 2381
f 2380 1336 2381
f 1053 2444 381
f 380 1053 381
f 407 2191 11
f 452 407 11
f 1905 2434 1901
f 375 1905 1901