# https://github.com/mikedh/trimesh
v 0.84230375 0.18911186 -0.19931591
v 0.84140366 0.16497779 -0.21626334
v 0.82104468 0.18477857 -0.21439092
v 0.41282913 0.00188916 -0.19400010
v 0.42752996 -0.01312108 -0.20446892
v 0.39467013 -0.03843046 -0.20137730
v -0.13873173 0.08465663 -0.42808071
v -0.14461349 0.03043653 -0.38488126
v -0.10291536 0.06945232 -0.38250890
v 0.40769461 0.02934404 -0.17947005
v 0.36972204 -0.01081829 -0.18515496
v 0.69311684 0.16533911 -0.24897633
v 0.67309541 0.18006405 -0.23377620
v 0.70975894 0.18450207 -0.23193450
v 0.81660253 -0.19133967 -0.06527357
v 0.81810492 -0.17339677 -0.08211507
v 0.83605903 -0.17722204 -0.06686571
v 0.19142611 0.09273948 0.38999972
v 0.20690385 0.08530389 0.33688927
v 0.15524533 0.07650940 0.36667717
v 0.92197829 -0.15129983 0.08061206
v 0.90842587 -0.17058954 0.06668477
v 0.92775768 -0.14913845 0.05412977
v 0.28460917 -0.00344512 -0.19557530
v 0.23818865 0.01478408 -0.20726249
v 0.26985145 0.00969996 -0.16524263
v 0.81299019 -0.20834780 0.12309006
v 0.78768605 -0.21300253 0.13104965
v 0.79722846 -0.22222638 0.10735160
v 0.85610563 -0.18604401 0.12956899
v 0.87291485 -0.16725656 0.14117430
v 0.84780717 -0.17249116 0.15198293
v 0.74571693 0.18648183 -0.22899927
v 0.72876269 0.16697964 -0.24608110
v 0.78799349 0.16426474 0.21365745
v 0.78239202 0.13901892 0.22762159
v 0.81010616 0.14138916 0.21424426
v 0.28097805 -0.47656137 0.12438592
v 0.31955972 -0.46339393 0.15170248
v 0.28656197 -0.46051139 0.16983353
v 0.67367554 -0.28489572 -0.00521161
v 0.70482373 -0.27819067 0.00218751
v 0.68560731 -0.28317821 0.02790693
v 0.79177856 0.20129132 -0.20716031
v 0.79826111 0.17642182 -0.22844379
v -0.23133208 0.09023464 -0.60319048
v -0.23843157 0.07027515 -0.57094413
v -0.20196554 0.12674403 -0.56947410
v -0.24393669 0.04108286 -0.66395211
v -0.25395218 -0.01821477 -0.67597920
v -0.26276436 0.01091651 -0.63453943
v -0.22818087 0.02004531 -0.70887959
v 0.12877057 0.02712736 1.11541474
v 0.16492771 0.04111665 1.08551192
v 0.14662085 0.07851835 1.09275854
v 0.14047371 0.17402557 1.02888823
v 0.09644011 0.18032762 1.04619551
v 0.11349244 0.14967704 1.07311046
v 0.16223267 0.12099437 1.06494725
v 0.12866269 0.11455082 1.09010410
v 0.09657025 0.00652193 1.13394606
v 0.10836805 -0.02407277 1.12942183
v -0.18566586 0.05577857 0.93752378
v -0.15551825 0.11350002 0.92255133
v -0.19090003 0.08084770 0.87437326
v -0.15558736 0.13468465 0.85656232
v 0.45567831 -0.12530819 -0.21973635
v 0.44694990 -0.08551428 -0.21872321
v 0.48695138 -0.09061718 -0.21808249
v 0.79659760 -0.19087437 -0.07947603
v 0.20830384 0.13003835 0.54117841
v 0.25009105 0.13846821 0.57886422
v 0.25972959 0.12643066 0.51278150
v 0.28599349 -0.00729134 0.92990613
v 0.25319058 0.02081600 0.97448444
v 0.25351968 -0.03214880 0.97905201
v 0.81904805 0.27106336 0.05970044
v 0.83374858 0.27350393 0.03662951
v 0.80956697 0.27728343 0.04106677
v -0.01898896 -0.37294054 0.08789767
v -0.02990985 -0.33618328 0.10963970
v -0.04366727 -0.34623110 0.06669790
v 0.87903017 -0.17789185 0.12025419
v 0.86163485 -0.19484282 0.10710099
v 0.88401902 -0.18383837 0.09857470
v 0.50778466 -0.11352182 -0.21316189
v 0.21808343 0.11702921 0.47784212
v 0.27120864 0.11341722 0.44580072
v -0.04745436 -0.30722728 0.09062797
v -0.03323228 -0.29910526 0.13046165
v -0.04348350 -0.26135847 0.11265387
v 0.68505931 -0.27043742 0.09013876
v 0.64678752 -0.28037575 0.09333935
v 0.66673332 -0.28349903 0.05855050
v 0.65980238 0.15920487 -0.25127083
v 0.78345144 0.28115675 0.00596922
v 0.78758532 0.28004387 0.03314964
v 0.81121653 0.27873167 0.01867314
v 0.12224288 -0.05909421 1.11601877
v 0.08194964 -0.07475527 1.13340199
v 0.30974844 0.11810059 0.48033363
v 0.06384040 -0.34241548 0.31784177
v 0.08785190 -0.36487743 0.29377478
v 0.08977669 -0.36206904 0.34655297
v 0.00051422 -0.40756953 0.06619957
v 0.01318514 -0.39363846 0.10906172
v 0.58121163 -0.22918618 0.30038297
v 0.56968844 -0.21630985 0.33490181
v 0.55451852 -0.26194027 0.33399448
v 0.24430841 0.09605801 0.35847738
v 0.17028509 0.06887650 0.31713206
v -0.14095271 0.08582235 0.72374523
v -0.15022972 0.03492343 0.70649385
v -0.17833647 0.04434002 0.74237955
v -0.18057734 -0.00577133 0.72771835
v -0.13935749 -0.12455150 -0.81477875
v -0.17861132 -0.13194656 -0.77117562
v -0.18231326 -0.07108541 -0.78103364
v -0.22861759 -0.04444404 -0.72553015
v -0.24935836 -0.07971361 -0.68289679
v -0.02912415 -0.22538552 0.15121225
v -0.03825353 -0.20848149 0.10976377
v 0.27197579 -0.04341537 -0.78134263
v 0.27069223 -0.00138421 -0.74681729
v 0.28109580 -0.06351399 -0.73717254
v 0.27783298 -0.01851851 -0.68539238
v 0.74460500 -0.00493189 -0.23504223
v 0.74434668 0.02289204 -0.24564038
v 0.76355183 0.01350573 -0.23582228
v 0.65952122 -0.21794149 0.19484220
v 0.62995547 -0.23520899 0.20621927
v 0.64835566 -0.24032453 0.17864239
v 0.25776556 0.09219217 0.30666974
v 0.22416994 0.08244447 0.28275383
v 0.27303648 0.09379258 0.26295638
v 0.77343792 0.04498481 -0.24303816
v 0.80405945 0.05126344 -0.23129456
v 0.78646487 0.01803677 -0.22732534
v 0.26507649 -0.50699025 -0.09485763
v 0.23681626 -0.51165760 -0.12889591
v 0.28624699 -0.49398863 -0.12853567
v 0.25252044 -0.49811783 -0.18209489
v -0.14734608 -0.00445679 -0.80286807
v -0.12515710 -0.06893657 -0.83425415
v 0.35561785 0.10509276 0.44528982
v 0.32289630 0.10524584 0.40909770
v 0.81903476 0.20713082 -0.19165488
v 0.56400418 -0.27564740 0.29247659
v 0.33655480 -0.44635779 0.19439286
v 0.57143921 -0.15535551 -0.19133645
v 0.60480237 -0.16758028 -0.18153635
v 0.57529402 -0.18973529 -0.17170703
v 0.28020456 -0.13285771 -0.73424572
v 0.28751951 -0.08707830 -0.66991013
v 0.81859982 0.10777965 -0.23819269
v 0.79181951 0.11439276 -0.24958326
v 0.81587857 0.13449249 -0.23967613
v -0.11513329 0.07104390 0.68900120
v 0.63756484 0.17260519 -0.23472698
v 0.65896606 -0.05747871 -0.23664336
v 0.63834429 -0.07683563 -0.23120813
v 0.63022316 -0.04788003 -0.24342911
v 0.36747593 -0.41223726 0.29416558
v 0.40690500 -0.40897128 0.26550841
v 0.41546142 -0.39590564 0.31062835
v 0.93698400 -0.13080254 0.07275140
v 0.27815595 0.04481028 0.92768008
v -0.23221304 -0.01318672 0.84849286
v -0.23878103 -0.06848279 0.86237001
v -0.22975175 -0.03678497 0.90543085
v -0.14690527 0.08176982 0.98449171
v -0.10974329 0.13584256 0.97679269
v 0.22721179 0.04721740 1.00749266
v 0.21861057 -0.00025523 1.02595317
v -0.05421972 -0.23880070 0.07383926
v 0.17190160 -0.51314366 -0.06747165
v 0.18595840 -0.51723790 -0.11873777
v 0.22449972 -0.51486695 -0.08208334
v 0.09884810 -0.34847200 0.77467459
v 0.13187823 -0.32803819 0.81995136
v 0.06789178 -0.33246842 0.82685816
v 0.30740416 -0.49393183 0.01992251
v 0.26178569 -0.50445664 0.01635351
v 0.28881758 -0.50112998 -0.01497604
v -0.09800333 0.11885055 0.70829922
v -0.12197351 0.13589311 0.74901384
v 0.84311914 0.20977056 -0.17557739
v 0.86220115 0.19032770 -0.18209285
v 0.71298772 -0.27618745 0.03500549
v 0.24838343 -0.43911624 0.22740144
v 0.24735710 -0.45313728 0.18784583
v 0.29450336 -0.44067565 0.22402507
v -0.19626673 0.00304568 -0.75588834
v -0.19535986 0.05657574 -0.72948253
v -0.04926123 -0.21243489 1.06510770
v -0.00192607 -0.20837235 1.07212794
v -0.02142140 -0.17790511 1.10174084
v -0.01178567 -0.04733467 0.44527972
v 0.00002068 -0.07064808 0.40294254
v -0.02018197 -0.08069055 0.45522410
v -0.03482589 -0.04503917 0.50284505
v 0.67486650 0.26550460 0.07535426
v 0.70264548 0.27226862 0.06637861
v 0.68073863 0.27495816 0.04697017
v 0.70954275 0.27926990 0.03881779
v 0.43428364 0.16375491 0.09590571
v 0.43168044 0.17459080 0.05953320
v 0.40076944 0.15560257 0.07936700
v 0.86491930 -0.20012465 0.08490174
v 0.88747185 -0.18723154 0.07612155
v 0.86471426 -0.15102154 0.16169225
v 0.83602905 -0.15397203 0.17342880
v 0.00127204 -0.32723486 0.77629703
v -0.03572947 -0.30824253 0.83564007
v -0.03846725 -0.30523247 0.76868725
v 0.82036418 -0.21604994 0.10077149
v 0.71195167 -0.26054180 -0.05324781
v 0.73817348 -0.25351042 -0.04236089
v 0.72239548 -0.26857814 -0.02095732
v 0.83778656 -0.20258176 0.11538741
v 0.26088125 -0.15055162 -0.79518586
v 0.23463723 -0.19426894 -0.80653769
v 0.23744616 -0.16174838 -0.83083171
v 0.59124666 0.19576320 -0.19010812
v 0.59410387 0.21495014 -0.16483600
v 0.62879395 0.21057117 -0.18536910
v 0.70362318 0.23957360 0.14764254
v 0.73367000 0.23713437 0.15794501
v 0.73053354 0.25228876 0.12708120
v 0.90428936 -0.16917056 0.08989453
v 0.12063986 -0.38368559 0.31101808
v 0.15907438 -0.39882198 0.32496628
v 0.12808202 -0.38352093 0.36213762
v -0.20109777 0.04899861 0.78427756
v -0.16582188 0.09539515 0.76488632
v -0.22314978 0.00674774 0.80475539
v -0.21432996 0.04213461 0.83356780
v -0.21612810 0.02240771 0.89090472
v 0.53751791 -0.13747740 -0.20285957
v 0.48662332 -0.16040868 -0.20832202
v 0.53082079 -0.18225735 -0.18685323
v 0.65783733 0.27605295 0.02490590
v 0.68729329 0.28119218 0.01619667
v 0.10064829 -0.23323065 -0.83472806
v 0.07735194 -0.20310941 -0.86715865
v 0.14128622 -0.20113277 -0.86246353
v 0.77544689 -0.13970730 -0.13885184
v 0.79953700 -0.14625254 -0.11730506
v 0.77331150 -0.16579151 -0.11760415
v 0.31206760 0.02155582 0.88253069
v 0.27729619 -0.28486234 0.78672856
v 0.31641293 -0.27705729 0.75824016
v 0.31666684 -0.24525046 0.79331440
v 0.40481451 0.16460469 0.04260756
v 0.74473763 0.05160319 -0.25532624
v 0.76881278 0.07953062 -0.25428239
v 0.35375580 -0.42735913 0.24589419
v 0.31663296 -0.42330667 0.27768207
v 0.82112068 0.15915579 -0.23023190
v -0.20758116 -0.00049690 0.76661283
v 0.01541994 -0.32676473 0.82918566
v 0.79209834 0.27568445 0.05570858
v 0.23068467 0.10489920 0.41608271
v 0.17704552 0.10376377 0.44665620
v 0.16146179 0.12762237 -0.45474520
v 0.15692201 0.16148141 -0.52369297
v 0.11647719 0.16879296 -0.49528936
v -0.15947102 0.17476928 -0.58608109
v -0.19204569 0.13903445 -0.61229509
v 0.10341971 0.05792192 1.11949027
v 0.86776447 -0.20179766 0.03499809
v 0.85748458 -0.20326954 0.00673810
v 0.88387835 -0.18754977 0.01177145
v 0.12240054 0.05542568 0.34636331
v 0.72519779 -0.15253922 -0.16066131
v 0.75058490 -0.13290420 -0.16097459
v 0.74886578 -0.16016328 -0.13904315
v 0.79737788 0.08014517 -0.24334054
v -0.09798814 0.01979180 0.64390808
v -0.07318775 0.03941213 0.62110686
v -0.08222900 -0.00098476 0.61208022
v -0.05464333 0.02038668 0.57727212
v 0.29854527 0.13090548 0.55124342
v 0.80700064 -0.22666895 0.08432628
v 0.79703844 -0.23639238 0.06151275
v 0.82172048 -0.22472417 0.06550963
v 0.33026791 0.05295403 0.83931619
v 0.34780249 0.00178789 0.83172959
v 0.76291919 -0.24601156 -0.02789079
v 0.74658585 -0.26153260 -0.00830703
v 0.05115476 -0.41017804 0.12969866
v 0.02884619 -0.37791345 0.15198727
v -0.08603048 -0.16532513 -0.83372134
v -0.09628420 -0.11688561 -0.85234028
v 0.07425003 -0.02876907 0.23150051
v 0.04623231 -0.06582984 0.22573932
v 0.04843667 -0.05366028 0.26926625
v 0.61904019 -0.25746197 0.18597521
v -0.05375378 0.09719519 -0.38304743
v -0.04679642 0.13806951 -0.43043983
v -0.09567332 0.11728828 -0.42844033
v -0.04090495 -0.09084946 0.50935519
v 0.17146116 0.03255395 0.11109242
v 0.12565796 0.00282929 0.11383793
v 0.13837202 0.01571634 0.15316278
v 0.24335408 0.01069711 -0.25546247
v 0.66115350 -0.28101283 -0.03861453
v 0.68373770 -0.26574108 -0.06221398
v 0.69430435 -0.27463064 -0.03099514
v 0.13947164 0.08694526 0.41904649
v -0.03060002 -0.38419080 0.04288841
v -0.25687963 0.01946549 -0.57426167
v -0.24050350 0.04524031 -0.54724520
v 0.06984118 -0.03909880 0.18868829
v 0.83029366 -0.19178909 0.13830970
v 0.72860229 0.05107369 0.25042427
v 0.75733674 0.04878290 0.24768822
v 0.74578571 0.07584926 0.24779581
v -0.00043771 0.11304887 -0.38293156
v -0.00672008 0.07461479 -0.33191976
v 0.03396636 -0.34036833 0.72302073
v 0.06668408 -0.35107681 0.66409844
v 0.07989369 -0.35485667 0.72662836
v 0.15412752 -0.51213139 -0.21951038
v 0.13310321 -0.50236291 -0.27704883
v 0.18156612 -0.50391275 -0.26145035
v -0.23154119 -0.09249170 0.91652554
v -0.21344569 -0.06334855 0.96225709
v -0.21104473 -0.11703605 0.96805805
v 0.90850723 0.13059348 0.14981155
v 0.89404845 0.11165449 0.17090923
v 0.92132241 0.10155682 0.15305471
v 0.90666741 -0.17125213 0.01828494
v 0.89295852 -0.18568864 0.03262885
v 0.00173259 -0.45080632 -0.14516476
v 0.03378475 -0.47094277 -0.09279348
v -0.00723033 -0.43972492 -0.08203004
v 0.18961965 -0.39300171 0.49492711
v 0.14167227 -0.38451421 0.47111765
v 0.17696515 -0.39588284 0.43066183
v 0.73106861 0.27600798 0.05811770
v 0.83732319 0.13341245 -0.22666918
v 0.09959432 -0.36830723 0.39787894
v 0.76196206 -0.21668470 0.14026184
v 0.74809581 -0.23215550 0.12731209
v 0.77304953 -0.22776127 0.11618605
v 0.20371445 -0.45761693 0.16155978
v 0.24104804 -0.47030440 0.14127962
v 0.56967092 0.20082408 -0.17100084
v 0.89878315 -0.16531757 0.11186710
v 0.01340245 -0.14613959 -0.89506590
v -0.04589035 -0.13281529 -0.87570333
v -0.00950715 -0.08914288 -0.89756310
v 0.14516255 -0.00872254 1.10578060
v -0.19879425 -0.19078615 -0.48312750
v -0.18398580 -0.21167856 -0.42079055
v -0.20247275 -0.16084531 -0.44038039
v 0.81879330 -0.17610595 0.16106457
v 0.19796498 -0.19150275 -0.84373230
v 0.15176721 -0.23143148 -0.82879031
v 0.17641084 -0.15923810 -0.88098651
v 0.19548707 -0.23002690 -0.80876315
v 0.06776819 0.17443517 -0.48100814
v 0.12210010 0.13041022 -0.42261252
v 0.26659176 -0.50695020 -0.05318619
v 0.31877926 -0.48842546 -0.04710928
v 0.28683627 0.14092460 0.61952043
v 0.66294020 0.28093868 -0.00763253
v 0.68985999 -0.25508159 0.12483512
v 0.69677752 -0.23996255 0.14710325
v 0.66837960 -0.24767497 0.15156160
v 0.79682422 0.14925089 -0.24250616
v 0.49302438 0.00494985 -0.23453464
v 0.45643410 -0.00597867 -0.21703701
v 0.47813195 0.02994853 -0.22645850
v 0.29712763 0.07014803 0.88191199
v -0.02048178 -0.17784005 0.14565086
v 0.04013350 -0.07427797 0.18331471
v 0.02396833 -0.10218907 0.21917927
v -0.07676283 -0.28304407 0.81111127
v -0.06629046 -0.27843386 0.74529177
v -0.20789474 0.07998024 -0.68810046
v 0.34368068 0.11783836 0.51876932
v 0.61260593 0.00274318 0.27440161
v 0.64036936 0.00467449 0.26220477
v 0.62458897 0.03243004 0.26096249
v 0.87818295 0.16776794 -0.17969178
v 0.88128930 0.18907928 -0.16219388
v 0.79179913 0.22150549 -0.18023871
v 0.20158543 0.14162183 0.60239023
v 0.22373964 -0.40083283 0.43995598
v 0.10567315 -0.36907303 0.50436795
v 0.10334852 -0.36974412 0.44805214
v 0.84259599 -0.20925999 0.09364548
v 0.39111093 -0.42615268 0.21569800
v 0.57720274 0.11604821 0.22384417
v 0.55868626 0.12069795 0.21350697
v 0.55903161 0.09896936 0.23048568
v -0.06896333 -0.29685655 -0.64466119
v -0.05000310 -0.28261116 -0.68741643
v -0.02958487 -0.30853936 -0.67329741
v 0.06204289 0.14493993 -0.42735359
v 0.64261478 -0.11525938 0.25737390
v 0.61916214 -0.12876187 0.27778551
v 0.63014501 -0.15832499 0.25777227
v 0.27936819 -0.02045846 -0.25036159
v 0.32036427 -0.02743233 -0.20517609
v 0.31171152 -0.05755710 -0.24834509
v 0.27375695 -0.02959551 -0.32189000
v -0.05475483 -0.35284793 0.01815636
v 0.12530333 0.10002800 0.47550327
v 0.24901256 0.02539646 -0.11550480
v 0.20369537 0.02024906 -0.13575378
v 0.21029451 0.02257978 -0.09956449
v -0.15594526 0.05975349 -0.76385450
v 0.04090390 -0.08828809 1.14037359
v 0.05297631 -0.12423091 1.12575459
v 0.09678878 -0.10860585 1.11449325
v -0.18392050 0.09460465 0.81521159
v -0.18627314 -0.09017599 1.01273823
v -0.18108311 -0.14007634 1.01259470
v -0.15263848 -0.11387373 1.05331588
v 0.77437258 -0.18977013 -0.09598309
v 0.79693478 -0.16974640 -0.09880613
v 0.47668636 0.20505014 -0.00237256
v 0.49899450 0.21351767 0.01195000
v 0.49980608 0.21643594 -0.01772720
v 0.47900671 0.20645869 -0.03175630
v 0.45416239 0.19319701 0.01196796
v 0.47757703 0.20204547 0.02727032
v -0.08778352 0.15708780 -0.46971640
v -0.03968170 0.17211014 -0.47440109
v 0.73904765 0.28116521 0.03074417
v 0.76270753 0.27792144 0.05022377
v 0.69467396 -0.27766225 0.05597205
v 0.71582633 -0.26920483 0.06795272
v -0.11307392 0.09476193 1.02088225
v 0.77456629 0.07249795 0.24379779
v 0.76000661 0.15839541 0.22616935
v -0.13067652 0.13219482 -0.46814877
v 0.01891152 -0.32775810 0.67154562
v 0.63004136 -0.29432201 0.06027767
v -0.04258793 0.05896424 0.59364396
v -0.02510510 0.04033576 0.54296386
v 0.86630583 -0.10600159 0.18539591
v 0.84155840 -0.11272749 0.19513071
v 0.85338795 -0.13143882 0.18082558
v 0.14865454 0.00875451 -0.00638302
v 0.09758270 -0.01668471 0.02978067
v 0.15026562 0.01144307 0.03511220
v 0.57556283 -0.12215004 -0.20783828
v 0.34931833 -0.05150912 -0.20953573
v 0.99067324 0.10225493 0.01969686
v 0.98392504 0.12968871 0.03355810
v 0.98668987 0.10206527 0.04867201
v -0.15797722 0.14340693 -0.50821429
v -0.16904406 0.09481785 -0.46998408
v 0.82150316 -0.15287343 -0.09783860
v 0.10693444 0.06631208 0.39496827
v 0.12404665 -0.16508105 -0.89467132
v 0.26020107 0.08618889 0.10789065
v 0.25267556 0.07721900 0.07016227
v 0.21690959 0.06073523 0.10897964
v -0.22841018 -0.04644969 0.80527622
v 0.62819475 -0.02588093 0.27181384
v -0.19696383 -0.12559684 -0.39994556
v -0.21397133 -0.11147067 -0.45792258
v 0.54497212 -0.24492016 0.37433204
v 0.55882508 -0.19724175 0.37193498
v 0.53432024 -0.22294861 0.41947621
v 0.51593733 -0.27184761 0.41855600
v 0.01137414 -0.38241485 -0.57154256
v 0.02611284 -0.40763637 -0.51395160
v -0.02299950 -0.38376409 -0.51931840
v -0.03633885 -0.35675654 -0.57476020
v 0.18878628 -0.15056565 1.01538289
v 0.23578119 -0.13507181 0.97487026
v 0.20679100 -0.10486473 1.02240682
v 0.98630375 0.12891600 0.00664003
v 0.66681266 -0.08543404 -0.22393794
v 0.64589113 -0.10459040 -0.21791485
v 0.65894490 -0.13446647 0.24018189
v 0.30491394 -0.49139029 -0.08591393
v 0.65210551 0.26718926 0.05484185
v 0.31974471 -0.42391250 -0.24992202
v 0.28815076 -0.46664062 -0.21955165
v 0.26034361 -0.46299219 -0.27569070
v 0.86892319 -0.07070855 -0.12207016
v 0.86066437 -0.09593698 -0.11455767
v 0.84326464 -0.08380993 -0.13524604
v 0.65487736 -0.17088258 0.22929567
v 0.15933020 -0.49467021 -0.30900690
v 0.63887262 0.23097914 0.13288543
v 0.65017331 0.24458238 0.11296830
v 0.62659711 0.23870808 0.10822845
v 0.91587549 -0.14985448 0.10299511
v 0.24170548 -0.39500546 0.49187684
v -0.00730408 -0.31953710 0.72253793
v 0.36460733 -0.34329042 0.55898112
v 0.31138247 -0.36872271 0.55079567
v 0.35460237 -0.37051404 0.49080369
v 0.58381724 0.13654470 0.21203005
v 0.59270024 0.16208908 0.19472545
v 0.56455612 0.14549363 0.19501549
v 0.28165275 -0.48883289 0.08127643
v 0.33005786 -0.48037708 0.06381465
v 0.32520053 -0.47206661 0.11382341
v -0.00717324 -0.41958380 0.02104677
v -0.03787491 -0.39359269 -0.00689629
v 0.16784087 -0.39712229 0.37623695
v 0.13520318 -0.38478926 0.41459745
v 0.45581129 0.19476837 -0.01813306
v 0.43861657 0.18209407 -0.03676097
v 0.42890096 0.17956880 -0.00604244
v 0.75887465 -0.24170926 0.09983458
v 0.62743443 0.14897698 -0.25314000
v 0.28460571 0.10245918 0.38052693
v 0.10553121 -0.00459796 0.19383100
v 0.10763025 0.00665648 0.23952411
v -0.06138660 -0.06545329 0.55761492
v -0.06152484 -0.10560372 0.55874664
v 0.86747611 0.13959306 0.17732477
v 0.86393791 0.10785000 0.19473743
v 0.41469324 0.14880356 -0.07499148
v 0.42584184 0.16706553 -0.05659543
v 0.44095108 0.16946906 -0.07962099
v 0.11161166 -0.25405660 -0.80986714
v 0.23253782 0.01869448 -0.16122706
v 0.71430767 -0.25863355 0.10120307
v 0.62408733 0.25713599 0.06000344
v 0.62935531 0.26690894 0.03256869
v 0.60668558 0.25643054 0.04030831
v 0.59709990 0.24606675 0.06079691
v 0.36574692 -0.46331716 -0.04156658
v 0.35119379 -0.46632636 -0.07782649
v 0.90290666 -0.06669457 0.17492302
v 0.88719594 -0.04743790 0.19084515
v 0.87677068 -0.07689274 0.18898523
v 0.76833451 0.25296262 -0.12337840
v 0.75220096 0.26590997 -0.09231998
v 0.78526789 0.26217350 -0.09315813
v 0.40110430 0.11295570 0.19266225
v 0.39646271 0.12749311 0.15848935
v 0.36503869 0.11203261 0.19628684
v -0.02564593 -0.11990998 0.46442920
v -0.10251024 0.05836733 -0.80407715
v -0.21475376 -0.09595450 0.78596336
v -0.19217457 -0.13932472 0.77501583
v -0.21868965 -0.13475320 0.82661736
v 0.69989842 -0.11977137 -0.19704774
v 0.67339689 -0.11271385 -0.20927064
v 0.69447207 -0.09318425 -0.21345279
v 0.19767827 -0.51514184 -0.17098965
v 0.34476322 -0.43250087 -0.19406819
v 0.79836667 -0.20862934 -0.05767339
v 0.39518535 0.08955003 0.41179177
v 0.37048846 0.09350117 0.37461567
v 0.00626166 0.14727008 -0.43081817
v -0.09009354 -0.00970930 -0.84554189
v 0.51193947 0.04125631 -0.24633844
v 0.52949595 0.01611201 -0.25182116
v 0.68833107 0.26838142 -0.09570493
v 0.66347373 0.27399343 -0.07651584
v 0.69136322 0.27771446 -0.06100990
v -0.19600536 0.09548053 -0.50637788
v -0.20100191 0.04701252 -0.47752437
v 0.11604273 0.19722205 -0.55543274
v 0.61321229 0.24411485 0.08399557
v 0.64470720 0.25426716 0.08569054
v -0.00841407 -0.40928960 -0.45684323
v 0.65451694 -0.02456886 0.25992396
v 0.31729496 0.06612784 -0.08009309
v 0.25880364 0.03938615 -0.07908104
v 0.29055274 0.06521828 -0.05355414
v 0.04748619 -0.48105374 -0.13438535
v 0.41253227 0.16478303 -0.03194620
v 0.20704855 -0.48569545 -0.29580233
v 0.23267949 -0.49220300 -0.24298455
v -0.16600814 0.14334318 -0.65887570
v -0.15883192 0.10930981 -0.71601123
v -0.04331790 -0.13021046 0.51744539
v 0.80965418 0.27709317 -0.01300016
v 0.24568310 0.06948324 0.96932131
v 0.19188103 -0.21856284 0.94926208
v 0.16510697 -0.19215745 1.00112188
v 0.12789100 -0.23344398 0.97983992
v 0.07913069 -0.49383393 -0.09859014
v 0.11123912 -0.49877769 -0.05073060
v 0.06239107 -0.48302141 -0.05972518
v 0.81891966 0.08967191 0.22635134
v 0.83314025 0.05511805 0.22432809
v 0.84845495 0.08426839 0.21223643
v 0.72152013 -0.09953795 -0.20012078
v 0.72556490 -0.12599170 -0.18095344
v 0.08835615 -0.02381695 0.11950319
v 0.09729025 -0.01552399 0.15242945
v 0.33473587 -0.48373812 -0.01129429
v 0.28343704 -0.42887449 -0.30325344
v 0.14766589 -0.40269709 0.27493694
v 0.11066586 -0.38667279 0.26310152
v 0.96003383 -0.01557946 -0.05911304
v 0.94519764 -0.01464777 -0.07565521
v 0.96194094 0.00529558 -0.06406888
v 0.29088184 -0.22754034 -0.59034580
v 0.26942292 -0.25102606 -0.65433723
v 0.28385362 -0.20536494 -0.65558290
v 0.86006725 0.16741991 -0.19966188
v 0.36935771 -0.44754601 0.15915367
v 0.74999756 0.28246084 -0.00127555
v 0.76456964 0.28183153 0.02438941
v 0.09088270 0.07925134 0.44781166
v 0.26373819 0.09070766 0.92345822
v 0.81872350 -0.20484006 -0.04597767
v 0.64149636 -0.20752564 0.22013015
v 0.61272770 -0.23315027 0.23526426
v 0.16543393 0.11701296 0.50665438
v -0.08413056 -0.08736721 0.60102117
v -0.11788958 0.16509229 0.90396643
v 0.84386098 -0.21354032 0.07282577
v 0.01247094 -0.13050345 0.25047001
v 0.02698155 -0.09522673 0.26593116
v 0.65162975 0.19446149 -0.21342057
v 0.65213168 -0.13125128 -0.20229293
v 0.04775795 -0.37316126 -0.62212062
v 0.03195878 -0.34492418 -0.66736424
v 0.08630913 -0.35464087 -0.66855389
v 0.10248788 -0.38294244 -0.61699367
v 0.19937131 0.03981874 -0.27145210
v 0.19216393 0.03201120 -0.21970619
v 0.60434306 0.16337174 -0.23482327
v 0.05307578 0.11675201 -0.37907839
v 0.66097319 0.26260474 -0.10857561
v 0.63652253 0.26669914 -0.09102421
v 0.93730050 0.18388835 0.08530672
v 0.92734653 0.21207801 0.07199797
v 0.91745883 0.20119822 0.09488529
v 0.91888160 0.17806518 0.11102331
v -0.20216112 -0.04996122 0.75385678
v 0.18098666 0.00113059 1.07230437
v 0.60030693 0.22920886 0.10602440
v 0.00520201 -0.15348375 0.28463590
v -0.00098491 -0.16885471 0.23586655
v -0.00215276 -0.19043818 0.28761822
v 0.69774991 0.26335129 0.09211716
v -0.04381150 -0.39902282 -0.41479412
v -0.05348278 -0.37888771 -0.46874484
v 0.63006616 -0.14914659 -0.19248626
v 0.63650930 -0.17667389 -0.17208655
v 0.31975597 -0.03405499 0.88098121
v 0.95123637 0.08329496 -0.09382416
v 0.96649647 0.06537402 -0.07085297
v 0.94754094 0.04744601 -0.09353493
v 0.58906561 0.23047110 -0.13843036
v 0.62407750 0.23411125 -0.14970590
v -0.03413196 -0.14176193 1.11985755
v 0.00908312 -0.13612494 1.12709165
v 0.09181087 -0.42468885 0.14740570
v 0.07727391 -0.43901768 0.10578679
v 0.39788261 0.14627999 -0.05226945
v -0.02852900 -0.15825665 0.47539514
v 0.22953035 -0.22947925 -0.77491397
v 0.16056371 -0.50468206 -0.01698481
v 0.73376215 -0.24629802 0.11317918
v 0.71219075 -0.24788859 0.12643713
v 0.23319392 0.03922527 -0.04333281
v 0.77662492 -0.21030295 -0.07282552
v 0.02654296 -0.46108142 -0.04527410
v 0.61811727 -0.09659477 -0.22275262
v 0.06366605 0.05477808 0.42381766
v -0.15010564 -0.01328176 0.69322342
v 0.40758651 -0.33913159 0.50704539
v 0.89612865 -0.09774327 0.16813257
v 0.91854060 -0.09931260 0.14587712
v 0.91596615 -0.07993333 0.15913832
v 0.92925984 0.04676983 -0.11579823
v 0.93299615 0.07118796 -0.11678563
v 0.51880467 -0.09682515 0.48947468
v 0.49841735 -0.05985339 0.52331907
v 0.49643824 -0.12220365 0.55393940
v 0.20238736 0.02430822 -0.06784372
v 0.10859591 -0.48839119 0.00317601
v 0.94786388 0.01518313 -0.08378068
v 0.23090811 -0.45664430 -0.33294761
v 0.37230358 -0.40170139 0.33838132
v 0.38197592 0.12316387 -0.06960580
v 0.75090963 -0.10329875 -0.18350533
v 0.83847988 -0.21755448 0.02609952
v 0.65405315 0.13622731 -0.26491570
v 0.62120628 0.11926403 -0.26809525
v 0.15110675 0.03160586 0.19959581
v 0.02440660 -0.16922906 1.10535204
v 0.21586260 -0.26572871 -0.74514985
v 0.19323307 -0.25694066 -0.78025997
v 0.76738906 0.16548273 -0.24163063
v -0.02883375 -0.26623380 0.15557043
v 0.29495957 0.09664685 0.32179326
v 0.01093063 -0.02779708 0.40490633
v 0.61322969 0.22324851 0.12888664
v 0.83831328 0.26268154 -0.06071912
v 0.85339499 0.25035113 -0.08451839
v 0.81954533 0.25719017 -0.09190017
v 0.27609235 0.11002124 0.87766671
v 0.24331078 0.12850729 0.91668725
v 0.61005640 0.14911449 0.21393128
v 0.87468427 0.13667482 -0.19131476
v 0.62320203 -0.19964927 0.24740267
v 0.29328236 -0.38757855 0.49346882
v -0.02350159 -0.11933060 0.01955403
v -0.01989629 -0.09705829 -0.02808648
v -0.05106155 -0.15234774 -0.01319329
v -0.04767520 -0.16992560 0.02905097
v 0.21543831 -0.17874452 0.96720946
v 0.83867049 0.27406821 0.00739910
v 0.39729023 0.14280081 0.11965074
v 0.35515836 0.12207086 0.15538311
v -0.23362677 -0.09517379 0.82983899
v -0.09332548 -0.20816877 1.05297863
v -0.07429951 -0.23915252 1.01923966
v 0.36408234 0.12209786 -0.04614989
v 0.91479588 0.06064448 -0.13605507
v 0.91522211 0.09122093 -0.14164962
v 0.78928936 -0.02751128 0.23396884
v 0.79940975 -0.05252165 0.22603202
v 0.81810433 -0.02976701 0.22523475
v 0.71795601 0.26121214 0.10442062
v 0.69816327 0.25266990 0.11855075
v -0.06895032 -0.07522839 -0.87151283
v 0.82657242 -0.21948987 0.08294982
v 0.65845263 -0.15679279 -0.18391302
v 0.60047692 0.25993863 0.01108431
v 0.78371531 -0.23467529 0.08988373
v 0.08911595 -0.49008864 -0.29561749
v 0.08048562 -0.47725159 -0.33816776
v 0.11772420 -0.49010438 -0.32275948
v -0.05989982 -0.02181983 0.56413448
v 0.89628243 0.07777445 -0.16096826
v 0.54349089 0.04653572 -0.26290479
v 0.38298291 0.14412466 -0.02895878
v 0.51323920 -0.01918844 -0.23798706
v 0.46423897 -0.03817272 -0.22123848
v 0.69520855 0.28269878 -0.02090933
v 0.71886736 0.27954945 -0.04766950
v 0.71901292 0.27031019 -0.08534332
v 0.19880570 0.04686585 1.04642546
v 0.21192886 0.09158867 1.01314175
v -0.00806744 -0.17709437 0.37927124
v -0.00054679 -0.16700050 0.32949448
v -0.00462787 -0.20224911 0.33763078
v 0.06885315 -0.40231529 -0.56327635
v 0.20427237 -0.50897241 -0.21601965
v -0.12298349 -0.14793834 0.67719018
v -0.15894809 -0.14218232 0.72529936
v -0.13868743 -0.10693290 0.68380648
v -0.21827731 0.08852296 -0.53940320
v 0.72593808 -0.24199259 -0.07379597
v 0.76916695 0.20979312 0.18752810
v 0.76094413 0.23104009 0.16583505
v 0.73932296 0.22012684 0.18294555
v -0.18101843 -0.15347499 -0.34735247
v -0.17653199 -0.08577817 -0.35384515
v 0.90367800 -0.12292787 0.14795922
v -0.20495087 -0.00443328 0.95135850
v 0.61520588 0.18586653 -0.21289693
v 0.82413113 -0.13127372 0.19195674
v 0.81651020 -0.10545328 0.20566741
v 0.79203820 -0.12417854 0.20303009
v 0.06902140 -0.39376658 0.17772084
v 0.94252378 -0.12701508 0.05271482
v 0.60390830 -0.02903336 0.29058784
v 0.61772978 -0.05866826 0.28324223
v 0.98423833 0.12464661 -0.01954528
v 0.97839028 0.15380979 -0.00589753
v -0.22180340 -0.14090243 0.92217404
v 0.13131239 -0.51002198 -0.10749041
v 0.87194133 0.07858310 0.20023958
v 0.10996760 -0.41361418 0.18896805
v 0.26508030 0.02721104 -0.63228738
v 0.28164339 -0.04128507 -0.60976416
v -0.17440811 -0.04625783 0.71725845
v 0.27197641 -0.09552783 -0.78688961
v 0.25657013 -0.05860226 -0.82027906
v 0.06497919 -0.46606949 0.02459124
v 0.06526949 -0.47709221 -0.01961083
v -0.02118724 -0.29399976 0.16276966
v 0.31349701 -0.46887192 -0.16499925
v 0.07700372 0.09447271 0.50495911
v 0.67822099 -0.22913301 0.17064686
v 0.67225492 0.25426567 0.10334651
v -0.08637568 -0.04498223 0.60625440
v 0.39808929 0.16036895 -0.00705352
v 0.07351496 -0.01619476 0.27531424
v 0.60913301 -0.16355866 0.28241554
v 0.60552120 -0.19554767 0.27561557
v 0.41610658 -0.38553089 0.35433868
v 0.45967120 -0.37378097 0.32376486
v 0.45887706 -0.36202523 0.36499187
v 0.45451212 -0.30939120 -0.18456274
v 0.43708137 -0.28635222 -0.21289843
v 0.48125756 -0.26561537 -0.18319421
v 0.63319439 0.27386373 0.00164399
v 0.95096219 -0.10711537 0.06439269
v 0.94268310 -0.11278564 0.08826281
v 0.97788727 0.11454193 -0.04452027
v 0.97329462 0.14650533 -0.03465619
v 0.06279153 -0.04661250 0.14846098
v 0.27352583 0.09512642 0.15160178
v 0.30150637 0.10838141 0.10097958
v 0.20867531 0.05884047 -0.83138210
v 0.19012268 0.01972721 -0.86578500
v 0.17182782 0.09669424 -0.82860190
v 0.21335314 -0.51247752 -0.03607274
v 0.20816311 -0.50480419 0.01373753
v -0.17872106 -0.09385692 0.73165113
v -0.14627075 -0.06049379 0.68651259
v 0.53947854 -0.04010849 -0.23777942
v 0.55007583 -0.00639377 -0.25226483
v -0.15166205 -0.06273991 1.05209637
v -0.18210223 -0.03421100 1.00678337
v -0.10758606 -0.28892013 -0.15442638
v -0.09097266 -0.32833004 -0.12864755
v -0.09637052 -0.28301501 -0.09993254
v 0.15821429 0.13065395 0.56727248
v -0.19831826 -0.16300356 0.96651685
v 0.97860295 0.15524089 0.02149121
v 0.97490692 0.15180495 0.04493307
v 0.80270839 0.06730083 0.23640433
v 0.79065531 0.09475467 0.23699114
v -0.05851723 0.15994558 1.00721252
v -0.07470628 0.18605754 0.94762558
v 0.60459024 -0.09832876 0.30025315
v 0.62953031 -0.08915284 0.27247858
v 0.86814946 -0.02061924 -0.14732952
v 0.84974295 -0.05188516 -0.14804165
v 0.84289128 -0.01949858 -0.17069156
v 0.86162543 0.00690367 -0.16678594
v 0.90028858 0.00106311 -0.12667687
v 0.88327926 0.00322585 -0.14429216
v 0.89852273 0.02085403 -0.13749970
v 0.21789871 -0.05590810 1.02416205
v 0.19255756 -0.03491300 1.05844414
v 0.19538869 -0.47394446 0.11580926
v 0.23676997 -0.48587078 0.09545876
v -0.10510294 -0.24002150 -0.12612863
v -0.12039764 -0.24843702 -0.17966700
v 0.82129925 0.19068936 0.17811938
v 0.81613088 0.16647312 0.19764255
v 0.84443992 0.16692045 0.17853330
v 0.06606059 0.00452653 1.13956201
v -0.04097686 -0.40213549 -0.06237270
v -0.06289136 -0.35973835 -0.03743900
v -0.11490310 -0.02162576 0.65206933
v 0.93156731 0.02484820 -0.10519913
v 0.90778929 -0.14326984 0.12640351
v 0.92161626 -0.11884625 0.12840524
v 0.03662194 -0.33207390 0.61779517
v -0.02570697 -0.24176702 1.02686059
v 0.33520195 -0.46812755 -0.11792837
v 0.36526272 -0.43678117 -0.14662142
v 0.86268735 0.26770538 0.02936563
v 0.08917088 -0.50016117 -0.15655909
v 0.09502555 -0.39083597 0.22021227
v 0.83110100 0.11437101 0.21319441
v 0.34490955 0.12865385 0.02707078
v 0.36612868 0.13864756 -0.00401481
v 0.32824460 0.11182474 -0.00130594
v -0.00300024 -0.35479122 -0.62275118
v -0.04494575 0.05031858 -0.84145284
v -0.03036528 -0.02113190 -0.87946010
v 0.35012126 0.03135351 -0.14204040
v 0.30798829 0.01347721 -0.15021898
v 0.32630408 0.03797355 -0.12278625
v 0.51155519 -0.15376753 0.51535499
v 0.53507376 -0.13305888 0.45107499
v 0.04299615 -0.23512787 -0.82289159
v 0.80123723 0.24762782 -0.12575966
v 0.76911139 0.13545850 -0.25434497
v 0.85691154 0.11466695 -0.20956208
v 0.85549474 0.14510921 -0.21154551
v 0.69062853 -0.20765334 0.18325078
v 0.28149712 0.02143282 -0.13255942
v 0.78170782 0.23892823 0.14899501
v 0.80364329 0.22846618 0.15312195
v 0.80262649 0.24381578 0.13070656
v -0.04392236 -0.16775468 0.53004152
v 0.75815773 0.24598858 0.14165010
v -0.18730567 -0.17997101 0.82068509
v 0.05003300 -0.10465283 -0.91247749
v 0.19929188 0.03796922 0.03590655
v 0.19381870 0.02972393 0.00443531
v 0.89132088 -0.16122422 0.13021576
v 0.89892143 -0.16905066 -0.00720811
v 0.04555114 -0.03721091 0.31250176
v 0.25109425 -0.11751098 -0.82947075
v 0.23014933 -0.08346591 -0.85898006
v 0.25703466 -0.23043385 -0.71817738
v 0.29696023 -0.24865636 -0.52765423
v 0.30366823 -0.26645598 -0.46868566
v 0.27822161 -0.29150096 -0.53655845
v 0.80737495 -0.00421333 0.23268528
v -0.00860400 -0.11061887 0.41022596
v 0.40796861 -0.33781520 -0.21635531
v 0.67028075 0.23911980 0.13475451
v 0.95315540 -0.09356412 0.08441943
v -0.10430664 -0.18394846 0.67167872
v -0.08777390 -0.15351912 0.62350935
v 0.83406979 0.24203491 -0.12244782
v 0.61495566 -0.22642380 -0.13697621
v 0.64200819 -0.20457956 -0.14921926
v 0.64492863 -0.23083803 -0.12504955
v 0.61679119 -0.25316185 -0.11075361
v 0.90755612 0.24337044 -0.02613972
v 0.89587581 0.25578782 -0.00051393
v 0.92137706 0.24212593 0.00756825
v 0.33161947 0.12839019 0.59241581
v 0.10224410 -0.50138456 -0.24669202
v 0.72335452 0.26883361 0.08307607
v 0.34085608 0.09464136 -0.06173572
v 0.59465176 0.03022800 0.27165103
v 0.80492818 -0.11914419 -0.13689539
v 0.86522782 0.05567668 0.20825228
v 0.37631926 0.08943897 0.67888945
v 0.35757589 0.11564886 0.63526070
v 0.33961785 0.11744396 0.70685750
v 0.31655684 0.11521491 0.77779818
v 0.35725245 0.08906335 0.74476981
v 0.05854573 -0.04854434 0.10812742
v 0.03116645 -0.08110196 0.14173993
v 0.49678496 -0.05755867 -0.22542004
v 0.15941790 0.02019481 0.07328820
v 0.18046431 0.08706474 1.05909300
v 0.71122950 0.22415265 0.17607325
v -0.20422089 -0.17704126 0.92278194
v -0.11633714 -0.14454934 -0.19424415
v -0.08882567 -0.14000210 -0.13570684
v -0.07792968 -0.09514523 -0.16429774
v 0.10266519 0.01745343 0.28545696
v 0.83939016 0.26979405 -0.02740794
v 0.95169240 -0.11089871 0.03825919
v 0.59925497 0.12372711 0.22614670
v 0.62642455 0.13273919 0.22902198
v -0.05084889 0.11634857 -0.79015768
v 0.31366983 -0.28016776 -0.41214949
v 0.33939084 -0.24874991 -0.35741580
v 0.32704008 -0.29297251 -0.36232841
v 0.77026755 -0.04826946 0.23371962
v -0.14285719 -0.00697923 1.04555094
v 0.72504216 0.28298679 -0.01897791
v 0.53238404 0.17139742 -0.18405123
v 0.56097406 0.18408105 -0.18861410
v 0.55332243 0.16308081 -0.21062723
v -0.14075701 -0.16873607 -0.78397119
v -0.10007239 -0.32758936 -0.17830515
v 0.16894412 -0.25865597 0.91608006
v 0.22651979 -0.23718897 0.89598489
v -0.11282712 -0.07344972 0.64489359
v 0.93165916 -0.07630118 0.14262211
v 0.21136148 0.14858109 0.95382345
v 0.17871933 0.16600534 0.99002117
v 0.20053862 0.13535634 0.99943143
v 0.39285517 0.09020216 0.60195619
v 0.35882926 -0.26025999 -0.31336072
v 0.80520618 0.27016321 -0.05458317
v 0.76719058 0.27313438 -0.06223002
v -0.09831148 -0.19733766 -0.79362440
v 0.21132040 -0.40438923 0.38736165
v 0.25814176 -0.40593165 0.39414224
v 0.84244770 -0.21629900 0.05064052
v 0.38308889 0.10057330 0.48365462
v 0.07947738 -0.36860606 0.24988806
v 0.20917232 0.04716885 -0.33241734
v 0.52070367 -0.04673516 0.45554906
v 0.68691403 0.25549597 -0.12682416
v 0.73639154 0.25737718 -0.11916107
v 0.71835017 0.24649101 -0.14485605
v 0.70951539 0.26073182 -0.11500558
v 0.31652766 0.13490674 0.66274947
v 0.07983935 0.04166814 0.37485269
v 0.38270286 0.15265873 0.02069368
v 0.97627652 0.12934998 0.06064513
v 0.96010923 0.15997002 0.06900609
v 0.96410263 0.12507382 0.08853200
v 0.67847657 -0.13819894 -0.19265947
v 0.81845182 -0.22858664 0.04330203
v 0.65838873 0.24735385 -0.13867481
v 0.63289332 0.25342971 -0.12026557
v 0.61030388 -0.19758037 -0.16032724
v 0.14944941 -0.34865287 0.76177490
v 0.17970881 -0.47826928 -0.34187037
v -0.08246578 -0.32197413 -0.06969598
v -0.08563680 -0.27370909 -0.04733510
v 0.79334247 0.18883699 0.19532084
v 0.79957414 0.21041927 0.17450473
v 0.87621427 0.09630924 -0.18651232
v 0.77674651 0.27863312 -0.02711531
v 0.74589443 0.27998120 -0.03687390
v 0.54312891 0.15354809 0.17524500
v 0.55266732 0.17877424 0.15164545
v 0.52256292 0.16223964 0.15332544
v 0.20088148 -0.05005245 -0.88279635
v 0.22902602 -0.00732878 -0.84201378
v -0.08048981 -0.28363869 0.87751520
v 0.04611202 -0.04827261 0.02086342
v 0.05440210 -0.04827008 0.06460133
v 0.18292630 0.04544770 0.15061703
v 0.56444478 0.21314156 -0.14832662
v 0.80314159 -0.19616914 0.14597447
v -0.14386331 0.14185381 0.79774207
v 0.34481591 0.06660897 -0.10216023
v 0.29753903 0.04102323 -0.10304523
v 0.67272884 -0.19116750 0.20533295
v -0.01149352 -0.01379623 0.46508768
v 0.82533646 0.21272978 0.15675263
v 0.80246896 0.11714312 0.22724240
v 0.35942444 -0.37187645 -0.25203767
v 0.37697634 -0.38770911 -0.21092792
v -0.01475002 -0.14921239 0.42131755
v 0.08803134 0.10547955 1.10492313
v 0.20115194 -0.40787271 0.33725762
v 0.46132845 0.19561735 -0.04566553
v 0.72283053 -0.23548803 0.13890378
v 0.70753032 -0.22280639 0.16138801
v 0.25632277 0.00241947 -0.79599738
v 0.37313208 0.06697185 -0.12467316
v -0.10431970 -0.11532442 0.63809592
v -0.07966839 -0.12044911 0.59794301
v 0.85965151 -0.05427466 0.20398037
v 0.84333551 -0.08497822 0.20309263
v 0.20436877 0.11225070 -0.79346389
v 0.16820544 0.16385874 -0.76363266
v 0.20147572 0.15165254 -0.75213927
v 0.89697540 0.04691261 -0.15026492
v 0.77064633 -0.24698079 0.06953912
v -0.22411032 0.04658280 -0.51680946
v -0.22542129 -0.00433088 -0.49720886
v -0.03371418 0.00136584 0.52343839
v 0.44917002 0.18355247 -0.06175798
v 0.96890444 0.18041232 0.01067840
v 0.96473807 0.17780077 -0.02052521
v 0.95390618 0.20466116 -0.00190662
v 0.94213110 0.20269483 -0.04081949
v -0.15303561 -0.22402316 0.83815730
v -0.18549182 -0.20012978 0.88725394
v 0.63666260 -0.29433316 -0.00899798
v 0.93790960 0.22033095 0.04510653
v 0.91148680 0.23729751 0.05634557
v 0.89562976 0.11228272 -0.16712788
v -0.01463966 -0.43454820 -0.32296631
v 0.02047758 -0.46019375 -0.29294932
v -0.01031306 -0.44312903 -0.26862037
v 0.94244379 -0.04950280 0.14064623
v 0.94664437 -0.07266326 0.12164259
v 0.74229866 0.26382634 0.09979138
v -0.10971259 -0.24716449 0.77902889
v -0.11685380 -0.25869620 0.85622346
v -0.15025723 -0.23385462 0.90431505
v 0.40990189 0.16967699 0.01470322
v 0.14918220 0.04287427 -0.87417585
v 0.13222571 0.09992010 -0.84352762
v -0.21639632 -0.10862479 -0.73109531
v 0.37145901 0.11004101 0.55953503
v -0.01973014 -0.17932484 -0.86335093
v -0.09710581 -0.34603292 -0.22382282
v -0.07506384 -0.37033492 -0.16846138
v 0.65891981 0.22995713 -0.16731288
v -0.13597490 -0.27675590 -0.26552525
v -0.11799483 -0.29646406 -0.21356678
v -0.13314137 -0.25288013 -0.22423954
v -0.16890614 0.02471290 0.99648970
v -0.00110075 0.23881343 -0.61117291
v -0.03767262 0.23454207 -0.60102212
v -0.00711691 0.23362592 -0.58428115
v 0.10483705 -0.47605595 0.04548774
v 0.87687796 0.06027265 -0.17554039
v 0.66908020 0.00397521 0.25575960
v 0.36646685 0.14212146 0.05946530
v 0.93002355 -0.00071320 -0.09658930
v 0.61019009 0.25619540 -0.10272162
v 0.60807025 0.24464387 -0.12586153
v 0.95632243 -0.09111990 -0.00293564
v 0.96763527 -0.06995947 0.00637058
v 0.96026337 -0.09198234 0.02102353
v 0.96923661 -0.07296973 0.02847596
v 0.81464815 -0.22985968 0.01940593
v -0.13650939 -0.23576289 0.96130019
v -0.17445460 -0.20385563 0.95172948
v -0.13190426 -0.20769578 -0.20858184
v -0.00743676 0.07494274 0.56479746
v -0.02351925 0.23430559 -0.63154161
v 0.02863044 0.23683497 -0.64127541
v -0.00749206 0.22611791 -0.66864282
v 0.61008912 -0.29454899 0.09853260
v 0.59592795 -0.23341322 0.26704353
v 0.19514377 0.05742646 0.18318297
v 0.53995532 0.19298652 -0.15922038
v 0.53572488 0.20921826 -0.12880823
v 0.15165465 0.19000897 0.97443461
v 0.14632887 -0.38222042 0.53222203
v 0.93405586 -0.11501326 0.10901967
v 0.93424714 -0.09652054 0.12555002
v 0.56269318 0.20010546 0.12789628
v 0.53345245 0.18570787 0.12825374
v 0.93358010 0.18616390 -0.08033103
v 0.94471526 0.15324414 -0.08704101
v 0.92275345 0.17036450 -0.11345819
v 0.82700723 0.23185369 0.13422105
v 0.72463447 0.20241788 -0.21295093
v -0.26578364 -0.04622371 -0.63202578
v -0.00578714 0.02334336 0.48723081
v 0.78596526 -0.09700282 0.21583144
v 0.80927956 -0.07854468 0.21648163
v 0.15652807 0.18798053 -0.58897841
v 0.82594335 0.24777785 0.11023451
v 0.24615291 -0.41114879 0.34732625
v -0.11383412 0.17881531 0.83889771
v 0.38513494 0.05170313 0.72704363
v 0.36634934 0.06228170 0.76962095
v 0.37601650 0.03750878 0.77056712
v 0.52012414 -0.19602856 0.47560653
v 0.39620438 -0.43598923 -0.07179093
v 0.23284645 0.05947280 -0.80116564
v 0.40015742 -0.22258875 -0.26301959
v 0.39318648 -0.17871928 -0.26510578
v 0.43388069 -0.17182139 -0.23310654
v 0.44968048 -0.20652178 -0.22193356
v 0.13210851 0.14967430 -0.79751670
v 0.24880958 -0.08555256 0.97840309
v 0.91487962 0.03449669 -0.12686381
v 0.91502029 0.01113074 -0.11661263
v 0.74222410 -0.25668857 0.07806051
v 0.75914049 -0.25762698 0.04424946
v 0.80046797 -0.23803481 0.03617229
v 0.78154933 -0.24683604 0.04018581
v 0.42297113 0.06445628 0.56276327
v 0.40520620 0.08861583 0.52354497
v 0.35329661 0.12348344 -0.02409761
v 0.76078445 -0.02420057 0.24072415
v 0.22644599 0.07104480 0.14889513
v 0.16064189 -0.04474486 1.08911884
v 0.93987858 -0.13217673 0.03260666
v -0.08097730 0.18682528 -0.50819975
v 0.32397953 0.11694399 0.12935334
v 0.30631068 0.10630993 0.17857443
v 0.91405618 0.12455637 -0.14357999
v 0.34129456 -0.36034313 -0.28895155
v 0.38577494 -0.31647834 -0.25455320
v 0.51081580 0.06003469 0.28066787
v 0.49734744 0.08380499 0.24234623
v 0.46841311 0.06813778 0.29472223
v 0.00929348 -0.10004309 0.35253310
v 0.02165542 -0.05546091 0.35494736
v 0.92402142 -0.05669530 0.15972355
v 0.97840309 0.09937667 0.07734525
v 0.03226350 -0.18470293 -0.87948918
v -0.11312342 -0.26070172 0.91886848
v 0.16061917 0.08074779 -0.34380442
v 0.01414196 0.00910575 0.43258080
v 0.50645149 -0.22495311 -0.18171452
v 0.46493694 -0.23834452 -0.20450111
v -0.10181139 -0.08561806 -0.21409468
v 0.01293278 -0.21134233 -0.84545946
v -0.21453536 -0.16169429 0.87643355
v -0.11176914 -0.21490321 0.71892637
v -0.08195771 -0.21633133 0.66244179
v 0.89879566 0.22329676 0.08934940
v 0.89768434 0.20015365 0.11376065
v 0.88028181 -0.12692851 0.16668691
v 0.96204978 -0.06797124 -0.01804898
v 0.97380173 -0.04529422 -0.00807069
v 0.91127139 -0.01155420 -0.11023763
v 0.09320229 0.02926782 0.32978347
v 0.48723498 -0.17827317 0.56950313
v 0.00831615 -0.13345255 0.21332282
v 0.95606047 0.16808298 -0.05429774
v 0.58985472 -0.31220707 0.06515221
v 0.61303079 -0.30451152 0.02577178
v 0.97831732 -0.04644659 0.02347028
v 0.29240265 -0.40965685 0.35486719
v 0.28130183 -0.41731143 0.31143701
v 0.18897726 -0.32708639 0.78976011
v 0.91374820 0.07809313 0.16906634
v 0.87495089 0.21899036 0.11500271
v 0.87408680 0.19596311 0.13612790
v 0.06804001 -0.45307451 0.06572215
v 0.10788473 -0.46322939 0.08331728
v 0.41987467 -0.25686690 -0.23802580
v 0.35125288 -0.05967865 0.83240777
v 0.36357054 0.09584320 -0.08536172
v -0.24745356 -0.00474573 -0.54323763
v 0.78017849 0.25019896 0.12914908
v 0.44402808 -0.39985168 0.23664005
v 0.70759243 -0.18262717 0.19175415
v 0.42632788 -0.41780749 0.18672611
v 0.48121852 -0.38133442 0.20474190
v 0.75811863 0.20356655 -0.21022363
v -0.03184795 -0.05773551 -0.14188330
v -0.05665734 -0.05029236 -0.19271398
v 0.53390342 0.22143254 -0.10053346
v 0.53491861 0.23079693 -0.06794457
v 0.56033236 0.23791757 -0.09449339
v -0.01532695 0.03356965 -0.27834889
v 0.04459105 0.05306196 -0.27737197
v 0.20533963 -0.27684984 0.86202884
v 0.92490667 -0.15287471 0.02657565
v 0.93578678 -0.13319877 0.00783435
v -0.04743177 -0.20609048 -0.82041764
v 0.97957903 0.08292172 -0.04849720
v 0.97877073 0.05125627 -0.04908893
v 0.96692204 0.09927175 -0.06920707
v 0.57298183 0.17160192 0.17352396
v 0.01348064 0.17729050 -0.47734252
v 0.32174098 -0.39778450 -0.28418300
v 0.17203550 0.09439787 -0.39183295
v 0.88855600 -0.14645475 0.14685762
v -0.00975155 -0.43004909 -0.02798782
v 0.91007012 -0.17105156 0.04261423
v 0.68701291 -0.06576183 -0.22751330
v 0.07079891 0.20154539 -0.53347057
v -0.23341465 -0.11820468 0.87262774
v 0.18709353 -0.38594884 0.56099826
v 0.15011624 -0.37780678 0.59404629
v 0.61956161 -0.29173562 -0.04429286
v 0.65182477 -0.29137883 0.02519936
v 0.90664142 -0.11943224 -0.06197133
v 0.90041614 -0.14135125 -0.04819073
v 0.88692510 -0.13410935 -0.06876315
v 0.77462447 0.18814659 -0.22456969
v 0.54309976 -0.33279145 0.15757465
v 0.56002271 -0.31139752 0.19575752
v 0.52576929 -0.34534171 0.19864778
v -0.00635378 -0.01270082 1.13463223
v 0.01589110 0.03594213 1.12719440
v -0.02744149 0.01336771 1.11915994
v 0.45464885 -0.34826514 0.40962234
v 0.49554995 -0.33022776 0.37128541
v 0.48946312 -0.31372765 0.41551006
v 0.18159349 -0.30768901 0.83227438
v 0.14762166 -0.29599789 0.87353361
v 0.05863722 0.05026483 1.12820172
v 0.04257151 0.09341514 1.10867429
v 0.58473289 -0.26579285 0.25064328
v 0.39264917 -0.45199192 0.05923072
v 0.37491783 -0.45576769 0.10760468
v 0.73991990 -0.07823322 -0.20432347
v 0.42615241 -0.35462126 -0.18033178
v 0.53513908 0.07931019 0.24610193
v 0.24488059 -0.33638793 0.72349441
v 0.23803973 -0.31871945 0.76759940
v 0.19816530 -0.34511784 0.74034214
v 0.27581999 -0.27028859 -0.59584713
v 0.82956105 -0.05569337 0.21602811
v 0.77681160 -0.11376449 -0.16029479
v 0.50386798 0.21753141 -0.04834216
v 0.45557892 0.08324873 0.25160640
v -0.17731807 -0.01792493 -0.39523843
v -0.14844500 -0.02643876 -0.34031355
v 0.18260705 0.18337977 -0.71325189
v 0.19524944 0.17754188 -0.67727506
v 0.21295574 0.15297419 -0.71625012
v 0.03992454 0.01754745 -0.21493419
v 0.45489171 -0.38577530 0.28237173
v 0.73440194 0.10320316 0.24555132
v 0.72543722 0.12661889 0.24200428
v 0.70190948 0.10695974 0.24574976
v 0.11985296 -0.35938051 0.73259842
v 0.15736905 -0.36162090 0.71065140
v 0.83909857 0.14029163 0.19709361
v -0.06556179 -0.17906904 1.09103703
v 0.02851447 0.22268346 -0.56291294
v 0.07389739 0.22155848 -0.58144271
v 0.75851595 0.10649954 -0.26089790
v 0.74425131 0.12428334 -0.26372591
v 0.04751205 0.08648697 -0.33103505
v -0.00263450 -0.29251531 -0.71641433
v -0.07742165 0.09774009 0.67241418
v 0.65590060 0.03596248 0.25492474
v 0.74075097 0.14551491 -0.25714651
v 0.96203709 -0.08877148 0.04489943
v -0.12849340 0.04933766 1.03435314
v 0.26031068 -0.38407812 0.54357117
v 0.12164952 0.20794490 0.94967920
v 0.11346887 0.20007592 1.00240219
v 0.41015029 -0.40574428 -0.12856738
v 0.39599657 -0.39820144 -0.16787133
v 0.44063410 -0.36737123 -0.14454359
v 0.14596261 -0.51460332 -0.16164477
v -0.20070650 -0.06729051 -0.42062265
v 0.01806464 -0.31343189 0.58629405
v 0.00376885 -0.30800146 0.62689441
v -0.00494215 -0.28767994 0.58177942
v 0.77907723 -0.00265995 0.24053101
v 0.24914917 0.14061192 0.87102497
v -0.01469709 -0.19775057 0.19137007
v 0.55561054 -0.30322215 0.26162669
v 0.50923884 0.19112438 -0.13220192
v 0.66946828 0.21385050 -0.19290304
v -0.07636815 -0.22267810 -0.77099806
v 0.65062207 -0.03012445 -0.24808247
v 0.27125478 0.14732352 0.68154818
v 0.74009025 0.27498120 -0.06520098
v 0.68775290 -0.16358927 0.21154180
v 0.52442187 -0.29043385 0.37391335
v 0.75598687 -0.11255988 0.21508481
v 0.76128519 -0.08757006 0.22413442
v 0.72110301 -0.20366037 0.17150088
v 0.54425877 -0.32356524 0.23162952
v 0.51221961 0.04230728 0.31427690
v 0.48746392 0.05105174 0.33062056
v 0.71739215 0.28297010 0.00847721
v 0.92409074 -0.02663702 -0.09163135
v 0.89674151 0.17534754 0.13302685
v 0.92658758 0.23737687 0.03233830
v -0.07259934 0.21084216 -0.54937863
v -0.12120188 0.18448576 -0.53083116
v -0.13202462 -0.20175368 -0.74765855
v 0.50090152 -0.36970571 0.15775856
v 0.52252531 -0.35504889 0.11348490
v -0.20250799 -0.00836461 -0.44878465
v 0.94904602 -0.11280812 0.01418099
v 0.78525323 0.04578238 0.24262010
v -0.16807528 -0.17207435 0.76329583
v 0.96456528 0.03350899 -0.06860839
v 0.67819494 -0.03845248 -0.23979868
v 0.66802543 -0.01270538 -0.25106645
v 0.69618970 -0.01840630 -0.24267484
v 0.80023706 -0.15410808 0.18386796
v -0.16740534 -0.18235427 1.00519288
v -0.14577246 -0.15912476 1.04796529
v 0.36588469 -0.21507174 -0.30712092
v 0.58428681 -0.00066912 0.29599378
v 0.11520089 0.11499397 0.53494799
v -0.02131839 -0.23519081 0.50984657
v -0.03081687 -0.24803323 0.57808715
v -0.04092012 -0.20570993 0.54895526
v 0.77957642 -0.07214731 0.22550306
v 0.76507229 0.18420485 0.21004324
v 0.71738839 -0.15765977 0.20214520
v 0.36428908 0.13590297 0.10427473
v -0.07594852 -0.14016634 1.10531449
v 0.02104628 0.20293519 -0.52193940
v 0.03728624 -0.42524740 0.08727801
v 0.02494665 0.18862537 0.74310565
v -0.02207147 0.19732043 0.75910962
v 0.01711249 0.21242747 0.79171664
v 0.27611396 -0.36611944 0.59986997
v 0.41018128 0.08101740 0.34833413
v 0.41564769 -0.30522415 0.56801528
v 0.37489405 -0.31405979 0.61552143
v 0.16066156 -0.45636317 0.13963515
v 0.14996269 -0.47079650 0.09781352
v 0.15953729 0.02009616 -0.15384504
v 0.18156235 0.02527660 -0.17953926
v 0.55178273 -0.28095797 -0.11741905
v 0.55379552 -0.25034720 -0.14218029
v 0.58523691 -0.25198716 -0.12502851
v 0.00882225 -0.25440630 -0.77793777
v -0.01715386 -0.23263043 -0.79909724
v 0.48357135 -0.29404756 0.46272957
v 0.79606432 0.02068007 0.23888026
v 0.34243152 -0.20976669 -0.35491705
v 0.71637863 0.00566976 -0.24672492
v 0.68334585 0.00776200 -0.25485289
v 0.68885148 0.19948292 -0.21420459
v 0.00342102 0.10513307 -0.82376474
v -0.01865472 -0.24148315 0.19082193
v 0.08615886 -0.05601406 -0.91509038
v 0.10581709 -0.11724857 -0.91497272
v 0.43147731 0.18037194 0.02713190
v 0.26166165 -0.16695237 0.92528248
v 0.31008971 -0.15506819 0.86973876
v 0.28012934 -0.11762059 0.92709392
v -0.05341423 0.13751841 0.69266516
v -0.03819891 0.11453913 0.65572846
v 0.17122556 0.14891762 1.03251266
v 0.71417677 -0.07292961 -0.21645430
v 0.72441429 -0.02518597 -0.23287018
v 0.73224765 -0.05256325 -0.21944249
v 0.70585060 -0.04580381 -0.23009254
v -0.16436575 -0.19156206 -0.30174795
v -0.16190410 -0.13298494 -0.29608545
v 0.41620997 0.08203393 0.44962659
v 0.51290262 0.19206092 0.10097270
v 0.50325698 0.17048526 0.13064003
v 0.77401227 -0.03682970 -0.21008830
v 0.75017452 -0.03200177 -0.22217627
v 0.76861435 -0.00978529 -0.22430737
v 0.82452178 -0.21314642 -0.02358138
v 0.80255884 -0.22139883 -0.03264846
v 0.44834524 -0.37937197 -0.10962264
v 0.11853576 -0.44971251 0.12217255
v 0.82858294 0.06119667 -0.21911235
v 0.81851810 0.08005622 -0.23306377
v 0.75121766 -0.06733346 0.23227935
v -0.04563203 -0.04820732 1.12455142
v -0.10715353 -0.17249417 1.07360601
v 0.57033390 0.23388943 0.06030072
v 0.55029207 0.23115507 0.03669098
v 0.54779983 0.22296017 0.06219372
v 0.83697814 0.09609751 -0.22364946
v 0.87932003 -0.15444523 -0.05593738
v 0.78899312 -0.18029696 0.16710171
v 0.76908952 -0.16550320 0.18383065
v 0.65433568 0.01106956 -0.26148137
v 0.08748139 -0.01860250 -0.01221823
v 0.34099653 0.09589855 0.33384433
v 0.76107007 -0.07909763 -0.19468391
v 0.51523703 -0.35240945 0.23272876
v 0.18729484 -0.48942399 0.06617031
v 0.44960415 -0.40869308 -0.01073365
v 0.48188323 -0.38744834 0.02050575
v 0.42859575 -0.42916033 0.02563795
v 0.71964377 0.20963928 0.19625264
v 0.69830620 0.03066786 -0.25982744
v 0.63676441 0.06042302 0.25241739
v 0.65509933 0.14339015 0.23105201
v 0.64434177 0.11067150 0.24058804
v 0.74164337 -0.04375015 0.24005328
v 0.81798148 -0.01453795 -0.19313705
v 0.81533927 0.02236681 -0.21189880
v 0.83900231 0.01220597 -0.18955097
v 0.75625950 -0.05786695 -0.20829208
v 0.20053598 0.07988494 -0.41343307
v 0.78355658 0.23795861 -0.15273942
v 0.94109440 0.14842263 0.10506427
v 0.49242976 0.13774529 -0.18568072
v 0.52335155 0.14646786 -0.20652126
v 0.50105566 0.11850766 -0.21193542
v 0.26646039 -0.25196043 0.83793652
v 0.27286652 -0.20474082 0.88144279
v 0.94962609 0.19443870 0.05710075
v 0.09833860 0.03722897 -0.22771291
v 0.01599077 -0.31801042 -0.69743937
v 0.73570073 -0.21901992 -0.09444317
v 0.71125782 -0.23004329 -0.09957938
v 0.06412453 0.13493308 0.63107544
v 0.03391606 0.15846869 0.68995953
v 0.10231885 0.15847027 0.69139683
v 0.57488644 0.15381488 -0.23373918
v 0.58246177 0.17503572 -0.21274243
v 0.20662610 -0.36021167 0.68342304
v 0.15545447 -0.37097660 0.65453517
v 0.19432478 -0.37604213 0.62069839
v 0.31457889 -0.20598975 0.83124673
v 0.69243520 0.20506349 0.19600227
v 0.51974845 -0.25376502 -0.16089141
v -0.06610636 -0.35309672 -0.52529198
v 0.30747044 -0.40238908 0.39603865
v 0.50728953 0.21410894 -0.07837543
v 0.95028365 0.11838017 -0.09191625
v -0.16102318 0.16531804 -0.54900527
v 0.32306257 -0.35172695 -0.32511500
v 0.28757656 -0.38192132 -0.35979900
v 0.30865857 -0.33862481 -0.36439306
v -0.06991892 -0.38678592 -0.23232059
v 0.83905095 0.04146839 -0.20282286
v 0.15041907 -0.49309003 0.02946639
v 0.30968687 0.09426264 0.83564973
v -0.13758336 -0.17954054 0.72157675
v 0.85733521 -0.16571170 -0.06288880
v 0.86461663 -0.14656690 -0.07541379
v 0.00588087 0.12672573 0.64284039
v 0.27380148 -0.39933133 0.44219598
v 0.32700461 -0.39161241 0.43995440
v 0.02940851 -0.03794092 -0.90318668
v 0.68131113 0.22356376 0.16735616
v 0.85058022 0.21565545 0.13642859
v 0.32312787 0.11856990 0.06263706
v -0.18991558 0.12856382 -0.53357023
v 0.02093369 0.10604993 0.59192568
v -0.11848433 0.16624311 -0.49797961
v 0.07885337 0.20224884 1.01842654
v 0.53600436 -0.31366053 -0.09012407
v 0.55324596 -0.31551635 -0.06520620
v 0.51350015 -0.34530377 -0.05948966
v 0.16297190 -0.44781905 -0.42227891
v 0.20892908 -0.43050736 -0.41561568
v 0.19337091 -0.45659614 -0.37901193
v 0.61835098 -0.27493128 -0.08089471
v 0.58009392 -0.28343174 -0.09330811
v 0.35439968 -0.47464409 0.02368671
v 0.05776140 0.01366665 0.36020875
v 0.10719273 -0.43128318 -0.49656561
v 0.13194717 -0.43848479 -0.46490300
v 0.08774718 -0.43951172 -0.46070218
v 0.22831838 -0.29681569 0.81325710
v -0.12014902 0.19960457 -0.56748515
v -0.11632726 0.20487902 -0.60244519
v 0.77604043 -0.19983763 0.15306711
v 0.31933293 0.09465688 -0.03165597
v -0.04056236 -0.41558522 -0.18887201
v 0.02880673 -0.43889877 0.04520470
v 0.15569352 0.14292011 0.62405574
v -0.02223950 0.09442779 0.61443657
v 0.48302984 0.20559260 -0.05937626
v 0.02568396 -0.45090669 0.00100581
v -0.07264524 -0.30807450 -0.00710331
v 0.07042939 0.14487755 1.08106875
v 0.70483077 0.13964856 0.23865761
v 0.48838863 -0.20054856 -0.19865026
v 0.84677047 -0.13902426 -0.09345910
v 0.85325170 -0.11816349 -0.10506126
v 0.87091196 -0.12663907 -0.08696973
v 0.23653752 -0.20253471 0.92497844
v 0.41189083 -0.06807199 -0.21294962
v 0.43044290 -0.03418272 -0.20950404
v 0.58053249 0.19452849 0.14989932
v 0.42578506 -0.42842841 0.10714012
v -0.26431209 -0.02983992 -0.58518171
v 0.14367205 0.03791773 0.25304604
v 0.13971879 -0.09209429 1.09276295
v 0.20771787 0.04915491 0.07102601
v 0.75390261 0.12881541 0.23810777
v 0.94942808 -0.08806413 -0.02623082
v 0.95384240 -0.06497301 -0.03916103
v 0.93965441 -0.08244850 -0.04778196
v 0.94454056 -0.05766822 -0.05723191
v 0.87167090 0.25723246 -0.03895238
v 0.89017969 0.23760700 -0.07080242
v 0.96377367 0.13375950 -0.06371272
v -0.10921429 -0.34160817 -0.32199565
v -0.12828024 -0.31625688 -0.37183982
v -0.09678467 -0.35698962 -0.37251076
v 0.96571380 -0.04556800 -0.03180166
v 0.97725415 -0.01943989 -0.02526622
v 0.41840470 0.08772358 0.25986066
v 0.43117800 0.07766642 0.29612979
v 0.14115955 -0.16505027 1.04710793
v 0.12101537 -0.19953927 1.02904260
v 0.09477985 -0.18064189 1.06595194
v 0.45887771 0.18279266 0.07225542
v 0.45594260 0.18972030 0.04252491
v 0.64114159 -0.05476536 0.26573074
v 0.83172041 -0.21708143 0.00088603
v 0.60191768 0.20784196 0.14619884
v 0.60383028 0.19016337 0.17110635
v 0.62370360 0.21308178 0.15303676
v 0.59576243 0.14020187 -0.25281560
v 0.34227633 0.07864903 0.79643714
v 0.45024654 -0.33007801 0.45914182
v 0.45030108 -0.30533153 0.50930631
v 0.22212662 0.09526782 -0.53126782
v 0.19403344 0.11528315 -0.48866829
v 0.22680886 0.06049474 -0.45241582
v 0.52469438 -0.33926612 0.26384279
v 0.48889783 -0.37030816 0.25441614
v -0.25587693 -0.10478715 -0.64012009
v -0.10979311 -0.23153162 -0.71149707
v -0.16555578 -0.20282441 -0.69116157
v -0.14746240 -0.20556104 0.77405369
v 0.56092477 0.22669300 -0.12176284
v 0.22875279 -0.38039738 0.58460563
v -0.09862014 0.17825335 0.78379685
v -0.06851931 -0.36733502 -0.09855473
v 0.41957617 -0.04543316 0.70399749
v 0.42809689 -0.09493109 0.69838905
v 0.44078687 -0.05070232 0.66274190
v 0.24897692 0.03497594 -0.50132185
v 0.75409073 -0.23110145 -0.06455602
v -0.25656754 0.04089247 -0.60169774
v 0.33984759 -0.07768863 -0.22838037
v 0.84841609 0.19248155 0.15802835
v -0.04102928 -0.40951255 -0.12425303
v 0.80057961 -0.09460959 -0.15942749
v -0.03993644 -0.41976860 -0.24695627
v 0.99356431 0.07344460 0.00444051
v 0.99019343 0.10028242 -0.00772409
v 0.28722253 0.09889499 0.07370830
v -0.04390321 0.22849530 -0.57517201
v -0.07809190 0.22205245 -0.58592641
v 0.36043540 -0.17761716 -0.30611977
v 0.16706547 -0.28703246 -0.75461203
v 0.74697441 -0.19019651 -0.11419232
v 0.75739712 -0.20888785 -0.08926511
v -0.06168281 0.05163518 -0.33284611
v -0.07238568 0.00499011 -0.28403687
v 0.41032636 -0.43375161 0.14331505
v 0.80850047 -0.22822472 -0.00602657
v -0.06847765 0.16713384 0.73760802
v 0.56655067 0.07849841 0.24644537
v 0.58508265 0.10052703 0.23520382
v 0.04381012 0.02739536 0.40389884
v 0.55548763 0.24396813 -0.04395882
v 0.56445867 0.24624979 -0.07035436
v 0.22970706 -0.43752107 -0.37474415
v -0.04921827 0.16972435 -0.73495752
v 0.00030999 0.16347727 -0.76749831
v -0.07115276 -0.01182336 1.10462236
v -0.08637541 -0.05794945 1.10592806
v 0.73741996 0.17635518 0.22126994
v 0.37811929 -0.46082571 -0.00776180
v 0.07513373 0.17887416 0.73607832
v 0.13871494 -0.48059967 0.06417776
v 0.93183452 -0.02718637 0.15969490
v 0.91090727 -0.03799876 0.17652792
v 0.25528964 0.08987807 0.24332982
v -0.00647318 -0.27223688 0.52920032
v 0.06973214 -0.34805322 0.38810530
v 0.37702769 -0.28034583 -0.27983817
v 0.49621120 -0.35763955 0.29373908
v -0.17467202 0.04125591 -0.43317339
v 0.80905211 0.04236156 0.23563418
v 0.54969627 0.14087766 -0.23320274
v 0.52799153 0.12229640 -0.23426624
v 0.55392706 0.11644382 -0.25504243
v 0.93361527 0.10389128 -0.11824431
v 0.87385941 0.16704819 0.15658206
v 0.54686797 0.23866028 -0.01365047
v 0.57734078 0.25360540 -0.01936324
v 0.99297374 0.04962523 -0.00903525
v 0.98875111 0.07048240 -0.02486965
v 0.44992170 -0.41357955 0.06563926
v 0.26333711 0.09190731 0.20513935
v 0.28928393 0.09881334 0.22355966
v -0.05507205 0.04805656 1.09175456
v 0.71629417 0.07781805 0.24940901
v -0.09213258 0.05600559 0.65645856
v 0.58432817 0.11693234 -0.26440963
v -0.08724440 0.07572032 1.05706406
v 0.79491681 0.25753063 0.10581338
v -0.10027537 0.01933892 1.07433951
v -0.11273784 -0.03599064 1.08269954
v 0.02621876 0.04092187 0.45431548
v 0.98335302 0.00947288 -0.02923745
v 0.97180510 -0.00476689 -0.04622855
v 0.97602171 0.02149373 -0.04852768
v 0.59833151 -0.14620736 0.30416697
v 0.66633296 -0.05262419 0.25453484
v 0.04704370 0.06955858 0.47793391
v 0.50500643 -0.02025374 0.46886134
v -0.01719705 -0.27437589 0.18463826
v 0.28123209 0.12674659 0.83141351
v 0.11686206 -0.13848782 1.08521628
v 0.50917053 0.17457923 -0.15797698
v 0.19142470 0.14745611 -0.56084210
v -0.11560269 -0.13101706 1.08361423
v 0.77456528 0.27300268 0.07044140
v 0.29551426 -0.32480097 -0.41301888
v 0.55929625 -0.05518271 0.36497107
v 0.53641462 -0.02977437 0.39688295
v 0.53975493 -0.07691311 0.42391759
v 0.00842935 -0.08891500 0.05261008
v 0.39239609 0.08683515 0.31145090
v 0.06763222 0.11217695 0.56500369
v 0.25706109 0.00029207 -0.41657189
v 0.27198824 -0.02663255 -0.47433016
v 0.40406892 -0.09285946 0.74103260
v -0.02326747 -0.26899907 -0.73210275
v 0.53046745 0.02506912 0.32607955
v 0.53142321 0.04325910 0.29251671
v 0.72165543 -0.06365342 0.23881447
v 0.71376228 -0.03774986 0.24588189
v 0.66257411 0.20525545 0.18587905
v 0.42793345 0.07445433 0.38310850
v 0.33566326 -0.17624921 -0.35940182
v 0.45720288 0.06170068 0.35652214
v 0.00202654 -0.01995918 -0.17203911
v 0.23597091 0.02655806 -0.37048396
v 0.45380592 -0.40578485 0.15289775
v 0.68559998 -0.02564153 0.25226906
v 0.89551950 -0.01931396 0.19103895
v 0.21913335 0.14378044 -0.66689998
v 0.03208302 -0.05073462 -0.02152856
v 0.93113786 0.12272852 0.13247259
v 0.57912397 -0.17179719 0.33439082
v -0.01464203 0.14313522 0.67787552
v 0.65137839 0.21986571 0.15917785
v 0.85128677 0.23478332 0.11432002
v 0.54602075 0.20524573 0.10407189
v 0.07722156 -0.35456872 0.42606637
v 0.29588157 0.09842983 0.03614325
v 0.38257438 -0.19568786 0.74703562
v 0.35174513 -0.20172796 0.78740293
v 0.35131362 -0.24041587 0.75708914
v 0.97978377 -0.02672063 0.08470359
v 0.97075778 -0.02072661 0.11050460
v 0.96990025 -0.04442992 0.09798276
v -0.14818531 -0.22824681 -0.65541959
v -0.11244489 -0.24882391 -0.66834176
v -0.09114843 -0.36354700 -0.27679297
v 0.71496445 0.19105798 0.21249430
v 0.83551252 -0.00506533 0.22235265
v 0.45151508 -0.01799001 0.61394471
v 0.45735344 -0.05596542 0.63107783
v 0.47267455 -0.04305523 0.57989085
v 0.04559181 0.22495359 0.94424081
v 0.04935073 0.22696587 0.88437557
v 0.00579413 0.22890171 0.90590858
v -0.05931841 0.07803114 0.63617373
v 0.98620433 0.09877317 -0.02954798
v -0.26229087 -0.07800671 -0.59812188
v 0.65217292 -0.27020279 -0.07053988
v -0.11106743 -0.19455966 -0.15548615
v -0.08817224 -0.18158826 -0.09717345
v 0.58633661 -0.29915482 -0.06114334
v 0.14940600 -0.46938017 -0.37889031
v 0.24183801 -0.36408398 0.64031982
v 0.66966325 0.09561267 0.24643950
v 0.64706641 0.08390415 0.24757791
v 0.48075432 0.19681573 0.05634402
v 0.84889770 -0.18290219 -0.05074122
v 0.74267888 0.23196945 -0.17086130
v 0.71263444 0.23094144 -0.17348282
v 0.32698494 0.10713509 0.20549968
v 0.37560824 0.02592786 -0.16090091
v 0.37876362 0.09340542 0.27133012
v 0.40807247 0.09944955 0.22560915
v 0.37155595 0.10172311 0.23216745
v 0.53105974 -0.30630308 0.33359098
v 0.06178875 0.20043200 0.78025067
v -0.11112760 -0.33455235 -0.42410895
v 0.69294441 -0.05708848 0.24641682
v -0.02579621 -0.27863812 0.63162160
v -0.05457890 -0.24701071 0.64463431
v 0.32818034 -0.41206837 0.32280704
v 0.59122115 -0.18763182 0.30367449
v 0.65932173 -0.26447055 0.12467708
v 0.74017781 0.02507351 0.24935405
v 0.28425238 -0.31021079 -0.47282913
v 0.24478447 -0.33873385 -0.54325289
v 0.40862805 -0.14514053 0.72699910
v 0.10384806 -0.01371877 0.07737415
v 0.31952220 -0.09274276 0.87795067
v 0.82367975 0.02176682 0.22919674
v 0.50857139 0.20495453 -0.10590507
v 0.29375914 -0.34004948 0.65986907
v 0.32708645 -0.34341034 0.60984010
v 0.50407571 0.03109117 0.36055467
v 0.52596104 0.22916871 -0.03296120
v 0.60175812 -0.25964105 0.21705112
v 0.74112278 0.19991973 0.20388804
v 0.24591771 0.06617202 -0.58020806
v 0.28704599 -0.06259691 0.92985392
v -0.05874571 0.19986686 0.77891380
v 0.54686993 -0.33969995 0.06918022
v 0.50038654 -0.37483540 0.06808218
v 0.47404093 0.04422709 0.40233719
v 0.47532827 -0.39298427 0.11146905
v 0.95182675 -0.03440132 -0.06056799
v 0.96481758 -0.02788097 -0.04603273
v 0.87188369 -0.02675071 0.20345548
v 0.72258961 -0.17949569 -0.13963912
v 0.69600457 -0.19551241 -0.14011416
v 0.70001137 -0.16950428 -0.16034748
v 0.62661624 -0.27672493 0.12786256
v -0.09940489 -0.30352309 -0.58270520
v -0.07490113 -0.32802311 -0.57581323
v -0.10476399 -0.31492448 -0.53471130
v 0.14654930 -0.26351434 -0.79200691
v 0.13172556 -0.43605956 0.16275090
v 0.00844923 0.05689411 0.50973940
v -0.01491675 -0.41994789 -0.40487206
v 0.33679560 0.12598354 0.08984041
v 0.43941376 0.07121433 0.33209100
v 0.27151459 0.14199099 0.78618634
v 0.25080922 0.14781082 0.83040589
v 0.60918611 0.26813796 -0.02327261
v 0.25086194 -0.30806679 -0.60465640
v 0.22442709 -0.31046638 -0.66407150
v 0.25414586 -0.28521445 -0.64705718
v 0.57224327 -0.32480711 0.02848567
v 0.73207372 0.15048486 0.23420489
v 0.46103382 0.13267204 0.16313751
v 0.42875195 0.12907645 0.16165029
v 0.43435183 0.11291946 0.19048524
v -0.07834936 -0.36955133 -0.42086777
v 0.04695801 -0.19673848 1.07294834
v 0.19742684 -0.37044698 -0.57895005
v 0.21559340 -0.38229990 -0.51014751
v 0.14117502 0.02806615 -0.19186677
v 0.26087111 0.04742340 -0.70074779
v 0.24373406 0.09097546 -0.65169138
v -0.04419445 -0.18898383 0.06938665
v -0.06144806 -0.22096831 0.03494392
v 0.18036051 0.01950051 -0.03986173
v -0.02535304 -0.13942707 0.06127067
v 0.22647187 0.11265127 -0.75912285
v 0.78011566 -0.22742665 -0.04555934
v 0.60884875 0.05744614 0.25559169
v -0.06196752 -0.17785415 0.58396715
v 0.86750656 0.26647726 -0.00105157
v 0.40380776 0.12652260 -0.09313321
v 0.47534564 0.09825800 0.21504438
v 0.22845104 0.07645617 0.19207463
v 0.21759775 0.15732035 0.90727514
v 0.40970606 -0.19274861 0.70613939
v 0.91990966 0.22723734 -0.04500033
v 0.93280262 0.07505821 0.15371946
v 0.44025448 -0.39920881 -0.07516579
v 0.41567931 -0.42935303 -0.03633705
v 0.88666999 0.20531300 -0.13768384
v 0.90108347 0.18303806 -0.13929999
v 0.24804077 0.00464991 -0.30253962
v 0.82127726 -0.09690861 -0.14306779
v 0.82274228 -0.07471748 -0.15702312
v 0.75296259 0.24336571 -0.14800812
v -0.01870679 0.22025391 -0.55265009
v 0.85372752 0.07307919 -0.20209302
v 0.29571673 0.13802627 0.72792059
v 0.04393513 0.20855847 0.99980474
v 0.00303359 0.21542507 0.96590120
v -0.00185409 0.17830989 1.02372932
v 0.46837762 -0.32753098 -0.15556875
v 0.14499567 0.04079819 -0.22970377
v 0.07343186 -0.46274120 -0.37734115
v 0.11067525 -0.45626885 -0.41312906
v 0.11101530 -0.47538772 -0.36356568
v 0.04531696 0.19652253 -0.74136746
v 0.04934531 0.14919126 -0.79800510
v 0.63800889 -0.25941339 0.15573703
v 0.13490421 0.04605840 0.30002055
v 0.10697691 0.10579212 -0.36523452
v 0.56047916 -0.11273178 0.38307044
v 0.54783124 -0.16926152 0.41105980
v 0.25110784 0.05825563 -0.75681967
v 0.24176902 -0.49836397 0.05207916
v 0.38740808 0.00866566 0.75742334
v 0.37478808 -0.02612790 0.79161865
v 0.39737225 -0.03862087 0.74884915
v 0.97227937 -0.06383409 0.04944069
v 0.68704396 0.24057680 -0.15529984
v 0.69702047 0.00353280 0.25240171
v 0.68481547 0.02908166 0.25314307
v -0.15334900 -0.27158648 -0.47714308
v -0.13979863 -0.29777926 -0.42771608
v -0.16317792 -0.25971091 -0.42768839
v 0.33324546 -0.40493992 0.35980415
v -0.16674206 -0.24552712 -0.52455360
v -0.15290637 -0.25182697 -0.57013988
v -0.13933453 -0.27922589 -0.52718937
v 0.69346976 -0.22006080 -0.11940035
v 0.71786839 -0.20630538 -0.11887810
v 0.55349135 -0.00708247 0.33712757
v 0.58872837 0.25932327 -0.05306119
v 0.47439477 0.15564948 0.13591228
v 0.44983575 0.14482105 0.14109805
v 0.33776912 0.09692577 0.27764109
v -0.19077207 -0.17255491 -0.39118579
v -0.01721734 0.16846117 0.71454352
v 0.50997794 0.13404587 0.17868946
v 0.53568333 0.12686265 0.19803786
v 0.23127681 0.15288129 0.68716705
v 0.24090135 0.14747131 0.63966829
v 0.55142200 -0.09956773 -0.21702042
v 0.58798552 -0.09321725 -0.22236679
v 0.57061064 -0.06211467 -0.23398347
v 0.52625787 -0.07609434 -0.22368248
v 0.54662192 0.05776414 0.26693588
v 0.30574903 -0.07990161 -0.30185410
v 0.32651761 -0.08796911 -0.25443673
v 0.33376670 -0.10896967 -0.27762625
v 0.53035378 -0.35211718 0.02854517
v 0.48375580 0.18835789 -0.10722700
v 0.02696680 -0.46877512 -0.24091177
v -0.00585520 -0.44735172 -0.21282028
v 0.55954427 0.02999482 0.29040584
v 0.23118985 0.11306582 0.96339893
v 0.14397432 0.06405284 -0.28974158
v 0.53187001 0.10202650 0.22157870
v 0.77881342 0.11693706 0.23614995
v 0.62510622 -0.12249172 -0.20934872
v 0.01290236 0.03511524 -0.87204051
v 0.40942851 0.04971666 0.64803934
v -0.14722909 -0.22665069 -0.25914544
v 0.37774506 -0.14506441 0.77633095
v 0.26437259 -0.42040181 -0.34831905
v 0.57365751 -0.29019493 0.22613211
v 0.79313517 -0.01111934 -0.21116818
v 0.47143835 0.02755725 0.47771132
v 0.45508051 0.05149868 0.46041876
v 0.44836137 0.04371207 0.52141643
v 0.76844233 0.02257964 0.24527119
v -0.03676549 0.21621290 0.92553556
v 0.73410445 -0.08861156 0.22884381
v 0.03807975 -0.01794038 0.35504723
v 0.98140603 0.03084051 0.10123648
v 0.98956722 0.04346760 0.07841651
v 0.97798115 0.06674504 0.09636860
v 0.11250998 -0.50784510 -0.20000008
v 0.86871153 -0.17385390 -0.04282241
v 0.44259864 0.09721266 0.21988343
v 0.60811251 -0.27634788 0.15970260
v 0.84736145 -0.20199043 -0.01765077
v 0.02782291 -0.00459993 1.14028347
v 0.57348460 -0.02565110 -0.24974881
v 0.70079929 0.05214899 0.25159720
v 0.71215069 0.02707837 0.25168374
v 0.55914426 -0.33024162 -0.00386351
v 0.58190393 -0.08077293 0.33345339
v 0.56943923 -0.31732190 0.11376183
v 0.77803731 -0.06311749 -0.19491911
v 0.84112453 -0.15895766 -0.08042338
v 0.16110177 0.01316489 -0.06091892
v 0.35395542 -0.32364017 -0.29415640
v 0.23839104 0.10672301 -0.71195334
v 0.57843888 0.05584148 0.26112899
v 0.59580886 0.08032895 0.24650550
v 0.18103397 -0.41942254 -0.47508582
v 0.16926563 -0.39991826 -0.54359555
v 0.88607478 0.26161093 0.02134890
v 0.18717328 0.05831713 0.22312434
v 0.43425196 -0.14057520 0.68459320
v 0.46341741 0.05115138 -0.21170869
v 0.44428280 0.06751413 -0.18795571
v 0.48129562 0.08659883 -0.21294338
v 0.63899767 0.27524170 -0.06060668
v 0.44547775 0.01637833 -0.20808087
v 0.46778327 -0.38456121 -0.04898262
v 0.49517170 -0.36996365 -0.02447857
v -0.01528117 -0.32341504 0.14978191
v -0.07060067 0.22362632 -0.61866194
v 0.68641448 0.22726482 -0.17745140
v 0.85808557 0.03729716 -0.18405299
v 0.24314407 0.15302768 0.73819339
v -0.04143123 -0.09946489 1.12718856
v 0.95252883 0.11085404 0.11487560
v 0.34591675 -0.31249198 0.65906298
v -0.00750702 -0.22097817 0.24174140
v 0.52137262 0.22535497 -0.00290787
v 0.10854192 0.01974769 -0.17651786
v 0.08980636 0.17919114 -0.77010632
v 0.66820741 -0.10177003 0.24431175
v 0.69881523 -0.08811991 0.23716570
v 0.67512190 -0.07583430 0.24776088
v 0.48436412 0.18835226 0.08431040
v -0.16467929 -0.25098029 -0.37633535
v -0.15512797 -0.25000533 -0.31680736
v -0.17596029 -0.20655978 -0.35701832
v -0.26704001 -0.00242915 -0.60487884
v 0.72374177 0.00299188 0.24988678
v -0.22552717 -0.16420892 -0.57506394
v -0.21155360 -0.17700204 -0.53511840
v -0.22744480 -0.14698470 -0.53939432
v 0.40921769 -0.28344196 0.61995858
v 0.44121563 -0.25951061 0.59717631
v 0.42409900 -0.24546543 0.64220262
v 0.46755701 0.19520408 -0.06724922
v 0.05868447 -0.48289371 -0.26844177
v -0.08094269 -0.37770522 -0.32594299
v 0.95693427 -0.04626411 -0.04788251
v 0.72393823 0.03213897 -0.25500208
v 0.30604690 0.09982971 0.24135815
v 0.33551121 0.10199080 0.23763406
v 0.91579401 0.21427718 -0.07588074
v 0.48804966 -0.35265654 -0.08905309
v -0.25207728 -0.12052611 -0.60226142
v 0.50163710 0.20928195 0.04072417
v 0.66198742 0.06749729 0.25042683
v 0.67768306 0.05216380 0.25212902
v 0.68768477 0.07568122 0.24985470
v 0.09877859 -0.00151855 -0.10067208
v 0.02792123 -0.02945067 -0.11125684
v 0.07281616 -0.01949922 -0.05895153
v 0.59025741 -0.28126201 0.19190928
v 0.03202755 -0.31498644 0.87874347
v 0.52362919 0.00501411 0.37787956
v 0.05597787 0.08647176 -0.85184842
v 0.93369299 0.22657558 -0.01376889
v 0.89029020 0.22062731 -0.10838899
v 0.35060170 -0.11864690 0.82632542
v 0.38555285 0.09723923 -0.10613956
v 0.52509171 -0.28127486 -0.13885261
v 0.48495868 0.19995651 -0.08419749
v 0.23836088 -0.27627754 -0.69546235
v 0.52243030 0.22148660 0.02505869
v 0.52659523 0.21653876 0.05230187
v 0.49786028 0.01193666 0.43027252
v 0.49240384 0.14721099 0.15553105
v 0.48288333 0.12787136 0.17503032
v 0.07704153 0.23203292 -0.67031252
v 0.11567360 0.22469527 -0.66007996
v 0.11062354 0.22181168 -0.69763535
v -0.09109998 -0.23480493 -0.07417929
v -0.08114416 -0.23202062 -0.03375750
v -0.06539477 -0.38948616 -0.37154007
v 0.19766308 0.02760898 -0.02097905
v 0.03046122 -0.27548134 -0.75913298
v 0.57830584 0.00192932 -0.26192623
v 0.88060170 0.24606398 0.07381900
v 0.19090191 0.17663476 0.90009755
v 0.21432921 0.16412085 0.85711539
v 0.68908733 0.18117523 0.21732138
v -0.05750319 0.21600133 -0.65561444
v 0.58056003 -0.03733362 0.31993809
v 0.59819424 -0.05990037 0.30436656
v 0.99148947 0.02433006 -0.00903784
v 0.98757535 0.00017490 -0.01067569
v 0.59829640 -0.29179484 0.13228966
v 0.03728202 -0.47592080 -0.18399289
v -0.03257850 -0.00804433 -0.22997089
v -0.04581309 -0.29486182 0.90388966
v 0.66981864 -0.18255022 -0.16066407
v 0.87669283 -0.10648269 -0.09655008
v 0.90908968 -0.09744508 -0.07443406
v 0.92377216 -0.10133950 -0.05547943
v 0.73550516 0.21809524 -0.19281070
v 0.37179404 -0.11650210 -0.24761419
v 0.35205454 -0.09624211 -0.23688017
v 0.88391984 -0.08515228 -0.10263562
v 0.24634480 0.06612360 0.03463309
v 0.85594827 0.02184796 0.21461962
v 0.05190333 -0.33367565 0.42271993
v 0.58302665 -0.12717363 0.33537793
v 0.64767873 -0.25296926 -0.09941444
v 0.06471080 -0.25658229 -0.79941577
v -0.06247479 -0.14184847 0.56833959
v -0.11821442 -0.08558231 1.08569741
v -0.18703003 -0.16442296 -0.72658443
v -0.09895010 0.17184865 -0.69258481
v -0.20972408 -0.17367759 -0.66586947
v 0.06930738 -0.15874249 -0.90048611
v 0.08807138 -0.31007272 0.87741953
v 0.47095615 0.10776591 -0.18845841
v 0.54603040 -0.21917278 -0.16449782
v 0.89198846 -0.11384716 -0.07998070
v 0.89438248 -0.09654482 -0.08865498
v 0.04840804 -0.34232906 0.77657354
v 0.46252075 0.00742957 0.54955602
v 0.67718464 -0.14481232 0.22547098
v 0.68641418 -0.11955024 0.23091102
v 0.06752050 -0.00168618 0.31845409
v -0.02467017 -0.15891343 0.10230628
v 0.39198238 -0.45457807 0.01987530
v -0.06005409 -0.31246847 0.04729547
v 0.03262595 0.08658054 0.53514057
v 0.76580554 0.21857342 -0.18969375
v 0.05240645 0.17960969 1.04612935
v 0.75098187 0.00008742 0.24607980
v 0.07080915 -0.15501693 1.10044336
v 0.25913450 -0.35505995 -0.46512026
v 0.62202311 -0.01676544 -0.25607520
v 0.89008689 -0.16273949 -0.03300564
v -0.00999523 -0.31174591 0.87571537
v 0.76791465 0.23114631 -0.16971870
v 0.28296542 0.08116908 0.00095690
v -0.03506537 0.19713366 0.97738439
v 0.81761080 0.22842178 -0.15886581
v 0.23457667 -0.41795093 0.30042282
v -0.23931685 -0.14627105 -0.63609761
v -0.22174014 -0.05858365 -0.47720441
v -0.23260334 -0.10722751 -0.51865888
v -0.12474755 -0.30864149 -0.47778657
v 0.06848189 0.01500282 -0.89314711
v -0.10505018 0.11934633 -0.75238913
v 0.46380413 0.11274700 0.19091779
v 0.13649786 -0.07088521 -0.91484666
v -0.09135716 -0.34524554 -0.47529933
v -0.07498530 -0.25261819 -0.00239961
v 0.67075485 0.19068187 0.20569664
v 0.98468965 -0.01989752 0.00328566
v 0.85623676 -0.18927145 -0.03380806
v 0.87296057 -0.18493339 -0.01669388
v 0.40405825 -0.09782708 -0.22304805
v 0.38074809 -0.09288137 -0.22308476
v 0.03955166 0.22504431 -0.68965721
v -0.00419788 -0.35917822 0.13020073
v 0.73641980 -0.26757592 0.04368614
v 0.73543882 -0.21948773 0.15078813
v -0.13031936 -0.25556126 -0.62079602
v -0.16821508 -0.22684455 -0.60509157
v 0.32442674 -0.23924354 -0.40814179
v 0.04172313 -0.36169231 0.19417869
v 0.01082150 -0.34317926 0.17237119
v 0.11484309 -0.36429918 0.68651289
v 0.43310982 0.15288156 -0.09611757
v 0.89133805 -0.01789312 -0.12660937
v 0.87954682 -0.04322840 -0.12604995
v 0.90315408 -0.03567636 -0.10758519
v 0.95852798 -0.04614265 0.11822055
v 0.70232767 -0.14489046 -0.17905731
v 0.63799268 0.27763036 -0.02992333
v 0.46370724 0.18571097 -0.08411326
v 0.45840830 0.17132157 -0.10283040
v 0.56008565 0.02211454 -0.26430455
v -0.06839740 -0.12975326 -0.09540676
v 0.49390063 -0.28977549 -0.15988511
v 0.50608730 -0.25167382 0.46736270
v 0.87921149 0.02924558 -0.16043697
v -0.14617047 -0.17080098 -0.24878950
v 0.57823133 -0.30042109 0.15948221
v 0.08285686 0.21552768 -0.71676129
v 0.12343764 0.19649509 -0.74164289
v 0.47164163 -0.15376663 0.60928214
v 0.45787412 -0.21010998 0.61190236
v -0.02709556 0.21775222 0.80783921
v 0.37810639 -0.23832566 0.72168994
v 0.40228036 -0.23897976 0.68336147
v 0.43327674 0.06812850 0.48827815
v 0.44464177 0.06437716 0.42053914
v 0.54055947 0.23242718 0.01085561
v -0.06352928 -0.39733371 -0.28404430
v 0.93055528 0.13803053 -0.11692105
v 0.05389534 0.21769607 0.82830864
v 0.01062296 0.22702271 0.84583616
v 0.40959066 -0.36047417 0.44966885
v 0.03150257 0.00123254 0.38950896
v -0.25090498 -0.09312953 -0.56336361
v -0.24067332 -0.13217664 -0.56785411
v -0.02781574 -0.19680351 0.48952875
v -0.00469199 -0.26323134 0.47419381
v 0.01318740 -0.29503745 0.49276066
v 0.34356970 -0.27474687 0.72882646
v 0.61755031 0.27171877 -0.04865586
v 0.87951690 0.00076126 0.20230798
v 0.85859400 -0.00804807 0.21235415
v 0.38768640 -0.28081927 0.65638030
v 0.36516100 -0.27713808 0.69454032
v 0.56578577 0.24411851 0.01001197
v 0.37868086 -0.08143975 0.78616381
v 0.47895291 -0.09670193 0.59287262
v -0.25705975 -0.05412095 -0.56292075
v 0.32658592 -0.20464906 -0.40678480
v 0.57964826 -0.31294760 -0.03254017
v 0.04511074 -0.32519937 0.38011897
v 0.06148366 -0.34000099 0.35439730
v 0.28631243 -0.32480040 0.70930791
v 0.32548538 -0.30655965 0.69953579
v 0.08274090 0.21580324 0.97564775
v 0.08719548 0.22000936 0.91930324
v -0.07698452 0.20368078 0.88327587
v -0.12170812 0.02455129 0.67351365
v 0.71028399 0.16682410 0.22789213
v 0.09088962 0.21396378 0.86102170
v 0.16237751 -0.12195068 1.05878127
v 0.18039790 -0.07600635 1.06197619
v 0.41395727 -0.37458515 0.39957604
v 0.73337317 -0.02008329 0.24602216
v -0.05846711 -0.21348876 0.60716033
v 0.14537866 0.14687636 1.06137800
v 0.76196146 -0.18497658 0.17138135
v 0.68215936 -0.15913656 -0.17643905
v -0.09137519 -0.27083439 -0.65567482
v -0.10126144 -0.28553027 -0.61489892
v -0.00917154 -0.33197141 -0.65968329
v 0.60173053 0.09195767 -0.27449241
v 0.91115600 -0.14792004 -0.02459350
v 0.00762211 -0.13329503 0.32076722
v -0.00218921 -0.14034602 0.36858785
v 0.48273861 0.17458186 0.11067761
v 0.09144519 0.08837361 -0.32937199
v -0.05086074 -0.40726790 -0.32754248
v 0.70777243 0.14782873 -0.26019385
v -0.08072575 -0.30821133 -0.60916448
v -0.04635008 -0.32715276 -0.62453538
v -0.07913659 -0.18881160 0.62922734
v 0.19661188 -0.10962840 -0.88835531
v 0.21961293 -0.14089859 -0.85994595
v 0.76320213 0.09953179 0.24287766
v 0.66505206 0.28043005 -0.04229535
v -0.05931898 -0.14000249 -0.05766906
v 0.70340782 0.21624038 -0.19468209
v -0.11048784 0.19609812 -0.64021969
v -0.15088402 0.17754003 -0.61929756
v 0.40665931 0.00566679 0.70835268
v -0.08596769 -0.03969871 -0.24271183
v 0.73771769 0.07893224 -0.26381740
v 0.98202097 -0.03529461 0.05572214
v 0.98951322 -0.00245651 0.06652837
v 0.98887628 -0.01365828 0.03355986
v 0.99436587 0.01714899 0.04131900
v 0.37117815 0.01369028 0.79117751
v 0.35812590 0.04274694 0.80095595
v 0.78606117 -0.23787308 -0.01471026
v 0.05027235 -0.29844025 -0.73906159
v 0.06986770 -0.32500413 -0.71040928
v -0.00036807 -0.12565398 0.13450961
v -0.11026680 0.01798032 -0.33501133
v 0.91918147 -0.12538111 -0.04083795
v 0.61297798 0.26602033 -0.07438233
v 0.83836961 -0.19807190 -0.03830185
v 0.98834234 0.07236165 0.06518648
v -0.01318772 -0.22920164 0.44440061
v -0.00311692 -0.24851733 0.39142239
v -0.00201308 -0.26157480 0.42974710
v -0.11597752 -0.32263044 -0.26962817
v -0.00374272 -0.15259826 0.18319546
v 0.26589528 0.06193648 -0.02444377
v 0.17039807 -0.44084945 0.18323334
v 0.14308791 -0.42503414 0.19909780
v 0.04716843 -0.29024646 0.93093443
v -0.00525837 -0.29522336 0.92500824
v 0.84602898 -0.03036511 0.21485448
v 0.13938175 -0.36027706 -0.65530342
v 0.00743619 -0.26782489 0.98075402
v 0.02612415 -0.23424467 1.03213000
v 0.01515493 -0.11139528 0.17892022
v 0.31003469 -0.14722300 -0.44652441
v 0.32088602 -0.17572406 -0.41700363
v 0.31281540 -0.17693967 -0.46735153
v 0.19536786 -0.30247423 -0.71302861
v -0.14673480 -0.07691725 -0.29466093
v 0.13708603 -0.42177674 -0.51446933
v 0.33418635 0.00167887 -0.16896769
v 0.01398858 -0.12506068 0.28529891
v 0.68476510 0.12936473 -0.26888597
v 0.67932522 0.14824399 -0.26099694
v 0.82684964 -0.13081199 -0.11276704
v 0.83507353 -0.10801937 -0.12476799
v 0.95954281 -0.07011680 0.09627560
v 0.74919403 -0.20235279 0.16112240
v 0.89344209 0.16956848 -0.16014259
v 0.89474386 0.14533660 -0.16635384
v -0.24915342 0.05634078 -0.62888324
v 0.06767707 -0.37332481 0.21481378
v 0.95322710 -0.01499526 0.13734488
v 0.47967038 -0.34042817 -0.12538537
v 0.30646178 -0.20316511 -0.51314402
v 0.58169228 0.24589917 0.03645404
v 0.47933242 0.16976279 -0.13129425
v 0.28435662 -0.06087155 -0.52839911
v 0.28835467 -0.07486939 -0.45939186
v 0.07152854 -0.03772055 1.14189005
v 0.05169866 -0.47244397 -0.31459576
v 0.02210869 -0.45344236 -0.33859855
v 0.07855033 -0.21878356 1.03163016
v 0.37384227 -0.38099796 0.43312523
v 0.36392599 -0.39360842 0.38818759
v -0.11658022 -0.22803947 1.00930154
v -0.07020852 0.20770052 0.82346839
v -0.03379037 0.22405282 0.86429888
v 0.70275337 -0.13867125 0.21692488
v -0.01714615 -0.18734321 0.43252003
v 0.19709672 0.15056121 0.65781814
v 0.15369894 0.15333155 0.67602384
v 0.11658281 0.14469764 0.64347839
v 0.24995735 -0.40851378 -0.39228827
v 0.56162423 -0.31881133 -0.04552255
v 0.41011724 0.05929187 -0.16205974
v 0.25484762 -0.34719425 0.68482000
v 0.99377126 0.02451791 0.06513424
v 0.99431032 0.04574559 0.05094787
v -0.04839378 -0.27044684 0.96811134
v 0.57252806 0.04549592 -0.27227902
v 0.58357882 0.02333295 -0.26990777
v 0.67022789 -0.21188235 -0.13563339
v 0.58677918 0.06770346 -0.27570355
v 0.57106751 0.09399737 -0.27024853
v 0.13541143 -0.32562044 -0.70969689
v 0.51608688 -0.31161925 -0.11643717
v 0.49940029 -0.30896699 -0.13897130
v 0.68314618 0.15554166 0.23091738
v 0.67538971 -0.25251624 -0.08947264
v 0.63597214 0.08778046 -0.27571440
v 0.61841965 0.06325057 -0.27619758
v -0.06615015 -0.26999542 0.03757418
v 0.45835146 -0.12555365 0.64197260
v 0.43884811 -0.18803146 0.65816766
v -0.00886502 -0.21354115 0.38797706
v 0.63653249 0.03561858 -0.27068645
v 0.60364181 0.03661261 -0.27312639
v 0.01795990 -0.43289509 -0.41489649
v 0.60184336 -0.11423582 -0.21335320
v 0.02194241 -0.08403931 0.09873545
v -0.00633078 -0.11827852 0.09027128
v 0.44891694 0.15302813 -0.11727273
v 0.62088716 0.17521179 0.19734219
v 0.63466567 0.19929072 0.17883727
v 0.82174492 -0.04608433 -0.17452955
v 0.70074338 -0.24926624 -0.08145013
v 0.96827871 0.09656579 0.10048333
v 0.46451089 0.12794951 -0.16384850
v -0.01663904 -0.30292001 0.67616051
v 0.18246111 0.17409047 0.81600600
v 0.16914602 0.18553689 0.86983854
v 0.44913507 -0.09146397 0.65992719
v 0.22641669 0.04174173 -0.01695477
v 0.53384703 -0.33828938 -0.03871216
v -0.05624902 -0.09599395 -0.11754504
v 0.52511358 -0.35178801 -0.00793831
v 0.91015017 0.15601501 -0.14170752
v 0.96709019 0.04497618 0.12193391
v 0.15932453 0.20216107 -0.65522450
v 0.19190022 0.17033413 -0.62682009
v 0.50645757 0.20299330 0.06919493
v 0.95568681 0.20236877 0.02880641
v 0.84930444 0.22564599 -0.14653647
v 0.56704074 -0.15531501 0.36588168
v 0.06410410 -0.25624385 0.98360515
v 0.58880961 0.21309561 0.12733798
v 0.11965187 -0.00583104 -0.90192175
v 0.15251830 -0.38321015 -0.60277808
v 0.08984067 0.20447561 0.81436515
v 0.98691148 0.03745291 -0.02924126
v 0.03584332 -0.44999170 -0.37834251
v 0.05083183 -0.46397853 -0.34982958
v 0.64449996 -0.00747255 -0.25724888
v 0.55201823 -0.33030137 -0.02644386
v -0.22014591 -0.17417157 -0.61731702
v 0.02438152 -0.32949328 0.21634583
v -0.00300832 -0.30352691 0.19322646
v 0.34427643 -0.14190593 -0.30698213
v 0.30443752 -0.15635440 -0.51366377
v 0.51091939 0.09711991 -0.23546965
v 0.53315407 0.10276460 -0.25115564
v 0.52846926 0.07556612 -0.25484154
v 0.00932866 -0.27919266 0.39757100
v 0.17376587 -0.07895789 -0.90513217
v 0.99226123 0.00803949 0.01217980
v 0.79982978 -0.06911479 -0.17746191
v 0.92893696 -0.13056736 -0.01714354
v 0.86644900 -0.20281073 0.06206554
v 0.88989866 -0.18803999 0.05301242
v 0.05189235 -0.35030898 0.23434839
v 0.14869526 0.17615664 0.77534330
v 0.13188745 0.19341055 0.82923317
v 0.14522351 0.20638967 -0.70522624
v 0.42937312 -0.00332132 0.65628940
v 0.00040606 -0.43537188 -0.37122539
v -0.01969190 -0.06536533 -0.10118537
v 0.93056905 0.04547876 0.16241141
v 0.93479228 0.00671316 0.16089444
v 0.95256299 0.02501462 0.14220914
v 0.02488709 -0.30025184 0.36565170
v 0.02751915 -0.30715972 0.41111568
v 0.57045788 0.13469952 -0.24976517
v -0.12054998 -0.06966788 -0.25561672
v 0.12565759 0.00292415 -0.06957155
v 0.85220516 0.24949744 0.09028628
v -0.15028270 -0.28366825 -0.39051548
v 0.07273275 -0.35193503 0.59560800
v 0.71713364 0.12653300 -0.26736730
v 0.69386387 0.10530791 -0.27270150
v 0.41253567 -0.11976431 -0.23137774
v 0.00771387 -0.05738116 -0.06519292
v 0.48584226 -0.00939346 0.50602061
v 0.74882025 -0.17303261 0.18389116
v 0.92329139 -0.13253380 0.11262822
v 0.46361557 0.17495674 0.09589495
v 0.00019388 -0.25648871 0.26886514
v 0.01120528 -0.27926394 0.29584226
v 0.00173854 -0.25372922 0.31047258
v 0.94930410 0.05975375 0.14103685
v 0.96115065 0.07843214 0.11999996
v 0.00678189 -0.07877179 0.00953945
v -0.07954259 -0.27646440 0.92990166
v 0.65313721 -0.08112187 0.25652066
v 0.23252800 -0.39651167 -0.44494233
v 0.49182674 -0.23847088 0.51828063
v 0.78329772 0.22514561 0.16750064
v 0.49592909 0.06539736 -0.23346783
v 0.28310078 -0.49693280 0.04569291
v 0.45581284 0.16049194 0.11784481
v -0.14877698 -0.21279263 0.99587518
v 0.88564855 0.25641024 0.04594918
v 0.40924111 0.08301239 -0.14276859
v 0.40932828 0.10357954 -0.12472947
v 0.75056201 0.27174041 0.07577209
v 0.07256067 -0.42405769 -0.50552768
v 0.30153692 0.09682016 0.27487597
v 0.11121601 0.13081163 0.59423357
v 0.58542216 0.24267745 -0.11280066
v 0.36978385 -0.07415114 -0.21474151
v 0.48563799 0.15420073 -0.15995799
v 0.91609508 -0.00855165 0.17726021
v 0.96674496 0.17608756 0.03903323
v -0.00047088 0.20441878 -0.71392798
v 0.30370215 -0.39235738 -0.31941506
v 0.41194054 -0.43936518 -0.00167410
v 0.18056819 0.06294626 0.26952830
v 0.41268685 0.12063024 -0.11102572
v 0.42711273 0.13840702 -0.10833080
v 0.43318978 0.13107020 -0.12406547
v 0.09732599 0.06236812 -0.28059283
v 0.60177106 -0.13823679 -0.19988476
v 0.11139208 -0.36687180 0.62703651
v 0.10920678 -0.36868855 0.56509751
v 0.88845551 0.14090726 0.16104886
v 0.27821800 -0.18362364 -0.70830882
v 0.29015651 -0.15126303 -0.65821964
v 0.18654163 0.17461574 0.94204742
v 0.22002098 -0.39029205 0.53579849
v 0.12294583 -0.40490386 -0.56504858
v 0.16423930 -0.02564405 -0.89800984
v 0.00808842 -0.27076191 0.34633973
v 0.98965329 0.01926169 0.08306604
v 0.38255450 -0.14673597 -0.26225039
v 0.22780831 0.15855554 0.79967892
v 0.19352914 0.16409475 0.76176614
v 0.06888218 0.00090327 -0.14940494
v 0.13044660 0.01221514 -0.13016307
v 0.28658187 -0.06350779 -0.38861707
v 0.73397273 -0.13641068 0.20864597
v 0.74449909 -0.15725935 0.19480433
v 0.76638359 -0.14175752 0.19887558
v 0.50610298 0.10860664 0.20629421
v 0.58240205 -0.22178388 -0.14971262
v 0.15987074 0.01374565 -0.09110329
v 0.71024173 -0.01562419 0.24989216
v 0.17824394 -0.36108619 -0.63064903
v 0.21467294 -0.34020603 -0.62022513
v 0.11799006 0.17319641 0.74098998
v 0.10554843 0.18820161 0.77838302
v 0.10895821 -0.29740205 -0.75228518
v 0.08591352 -0.27569166 -0.77866888
v -0.03767996 -0.42149374 -0.29061085
v 0.26738885 0.00169156 -0.55493033
v 0.91524315 -0.05317908 -0.08913659
v 0.93512058 -0.04341176 -0.07405557
v 0.92555839 -0.07352789 -0.06979966
v 0.48750344 0.11541661 0.19191557
v 0.38088611 -0.43854669 -0.10623570
v -0.09739461 -0.25521132 0.97060931
v 0.62712526 0.01121740 -0.26529840
v 0.60212737 0.00746542 -0.26583064
v 0.51731318 -0.01319487 0.42562428
v 0.43873700 0.02670935 0.59273326
v 0.13018441 -0.40752137 0.22963652
v 0.46503413 -0.08174778 0.62465340
v 0.09530015 0.12667197 -0.82492292
v 0.99503535 0.04177681 0.01762225
v 0.04180802 -0.32213068 0.29898927
v 0.06044057 -0.34513730 0.27520570
v 0.49857560 -0.34435412 0.33141941
v 0.22048211 0.12444194 -0.60417467
v 0.90928423 0.19847405 -0.11010915
v 0.98229450 0.00124093 0.09602848
v 0.97245616 -0.05434318 0.07590952
v -0.23222038 -0.13373853 -0.68206143
v 0.10447683 0.06356733 -0.87073457
v -0.22050263 0.09427589 -0.64253348
v 0.94110227 0.22460660 0.01764415
v 0.60095257 -0.03845452 -0.24724056
v 0.59602356 -0.01383057 -0.25780800
v 0.88562298 0.06052545 0.19560888
v 0.22090764 -0.42773476 0.25350311
v 0.18977538 -0.41348070 0.28743869
v 0.17347686 -0.42318416 0.23335415
v 0.73078138 -0.17106128 0.19017476
v 0.87275428 0.23619410 0.09700678
v 0.76258886 0.25714526 0.11604792
v -0.03133269 0.19938567 -0.51606280
v 0.29741222 -0.17788428 -0.58610773
v 0.15537290 -0.12131780 -0.90658182
v 0.04178558 -0.33072400 0.56456226
v 0.34491014 -0.16713476 0.81795079
v 0.43463498 0.03362506 -0.19581318
v 0.31392622 -0.11144365 -0.34214926
v -0.18830647 -0.20176256 -0.63667697
v 0.13022061 0.00260787 -0.04051265
v -0.03897068 0.11574727 1.06083262
v 0.86568618 0.20862362 -0.15912268
v 0.24729836 -0.50938714 -0.01470673
v 0.26674408 -0.42804125 0.26571751
v 0.93029374 -0.13268225 0.09458013
v -0.04755247 -0.27672496 0.68682200
v -0.07987814 -0.24808037 0.70592040
v 0.28104916 -0.30860764 0.74716449
v 0.99316436 0.07350387 0.03448351
v 0.73034942 -0.27138340 0.01192442
v 0.38371915 0.05280272 -0.14435680
v -0.00312163 -0.22676954 0.29815826
v 0.11720926 0.21631250 -0.61066300
v 0.07518078 0.23250678 -0.62665135
v 0.82419109 0.26073155 0.08431409
v 0.85265630 0.26237407 0.06054523
v 0.10243492 -0.41979969 -0.53082073
v 0.94593835 -0.09398802 0.10426946
v 0.86477143 0.23468825 -0.11318497
v 0.87137449 0.22085270 -0.13506085
v 0.96260965 -0.08045188 0.06911951
v 0.18733725 0.12099204 1.03590584
v 0.90724427 0.25069454 0.02861862
v 0.10689201 -0.27693483 0.92851591
v 0.26096144 -0.18896493 -0.76003617
v 0.63720453 0.16017550 0.21690461
v 0.72714084 0.10363588 -0.26852867
v -0.21644625 -0.14950454 -0.49591205
v 0.04205301 -0.42859378 -0.46196595
v 0.15333430 0.16356090 0.72609437
v -0.13557877 -0.11406732 -0.24783607
v 0.41699469 -0.41215682 -0.09776680
v 0.03335044 -0.31634656 0.45865226
v 0.01094673 -0.28726485 0.44353345
v 0.65906715 0.11014846 -0.27318111
v 0.77806157 -0.08815576 -0.17894329
v -0.13269277 -0.19714260 1.03473842
v 0.53315270 0.21064156 0.07874133
v 0.62400997 0.08337360 0.24652906
v 0.45996550 -0.27101249 0.54687935
v 0.47970703 -0.27459422 0.50272119
v -0.04156680 0.20410725 -0.69197667
v 0.90527838 0.05335931 0.18241911
v 0.91409057 0.02228005 0.17929040
v -0.19028705 -0.21134058 -0.52846348
v 0.14234035 -0.48455578 -0.34477502
v 0.83204079 -0.19135639 -0.05436292
v -0.03313751 -0.41555274 -0.36861452
v -0.12353650 -0.28118050 -0.57573217
v 0.94366693 -0.11138467 -0.01020118
v 0.93530869 -0.10718744 -0.03369682
v 0.21076888 -0.44121519 0.20734544
v -0.17763183 -0.23245975 -0.47715399
v -0.17734043 -0.22636259 -0.56282330
v 0.06759886 -0.34681353 0.47240782
v 0.34174642 -0.30771124 -0.32240584
v 0.50849378 0.15874469 -0.17934221
v 0.22355390 0.07811892 0.23697816
v 0.06044191 -0.44639960 -0.41799131
v -0.19967964 -0.19752428 -0.58146226
v 0.47446334 -0.22768801 0.56694919
v 0.60821778 -0.06874953 -0.23467241
v 0.90467995 -0.07800362 -0.08828408
v 0.69108760 -0.23805827 -0.10187738
v 0.53130460 -0.32263067 0.29737893
v 0.27318242 -0.36906901 -0.40650830
v 0.03581718 -0.32377338 0.25890458
v 0.12783961 0.20483232 0.89237469
v 0.41563797 -0.14730990 -0.23882730
v -0.03641837 -0.29843849 0.71978235
v 0.61250556 0.10561032 0.23782268
v 0.55788910 0.07158591 -0.26983815
v 0.42756534 0.14539069 0.13145408
v 0.89710265 0.15376213 0.14682814
v 0.90010715 0.00534563 0.19028984
v 0.96980566 0.01057073 0.12006511
v -0.07535316 -0.19075900 -0.04537388
v 0.07050069 -0.49242467 -0.21616259
v 0.70507002 0.07968373 -0.27049235
v 0.58658546 0.25292492 -0.08585067
v 0.31726560 -0.19817787 -0.45161456
v 0.68438268 0.05595592 -0.26930162
v 0.67089295 0.08270922 -0.27449861
v 0.65143716 0.05937157 -0.27371216
v 0.32042769 -0.14533654 -0.37924683
v 0.30226690 -0.11026599 -0.41674611
v 0.29776388 -0.11128429 -0.49065897
v 0.43661514 0.11595013 -0.14309435
v 0.43976298 0.09520626 -0.16446954
v 0.01741302 -0.10713898 0.30615437
v 0.73662829 -0.18626294 0.17824477
v 0.49904379 -0.19952837 0.53266281
v 0.03350924 -0.04761715 1.14470112
v 0.19671375 0.15692607 0.70918941
v 0.45873547 0.14405051 -0.14003958
v 0.74954075 -0.26419070 0.02058044
v -0.00693513 -0.26507759 0.22098066
v 0.02461003 -0.30328673 0.28403968
v 0.01171442 -0.29410422 0.24779929
v -0.14806461 -0.28252488 -0.35341099
v -0.13373198 -0.30053517 -0.31597969
v 0.02462697 -0.29914361 0.32129261
v 0.04282598 -0.32132766 0.33943611
v 0.91624147 0.15210390 0.13030614
v -0.05693751 -0.27921736 0.07318440
v -0.00266546 -0.23599049 0.34499824
v 0.64792085 0.18466422 0.20196262
v 0.57396692 0.21770319 0.10515752
v 0.15939347 0.19260800 0.92225224
v 0.79312366 -0.24060687 0.01443987
v 0.71579003 0.05412689 -0.26346684
v 0.59683824 -0.30962777 -0.00737512
v 0.18227468 -0.33619294 -0.67164910
v -0.23886451 -0.14993209 -0.60106397
v 0.54810810 0.09352075 -0.26315853
v -0.24191150 -0.05459332 -0.52653509
v 0.23654553 0.05272091 0.00426598
v 0.17509937 0.01734651 -0.12013289
v -0.11703313 -0.03125818 -0.29023957
v 0.31393892 -0.22730494 -0.46099883
v -0.08297117 0.11922292 1.02946377
v -0.06748688 -0.20331362 -0.00402345
v 0.58583480 0.23276255 0.08310318
v 0.03310242 0.23483390 -0.60089958
v 0.66755718 0.03292747 -0.26583287
v -0.04879335 -0.24654108 -0.74869138
v -0.00532433 -0.05377647 1.13941586
v -0.00035866 -0.09726030 1.13793397
v 0.02811961 -0.07587181 0.30923158
v -0.07367148 -0.25846493 -0.70027620
v 0.67638761 0.12600908 0.24023789
v -0.08163022 -0.09674896 1.10977244
v 0.79742807 -0.04115649 -0.19460207
v 0.91945142 -0.15215108 0.00075951
v 0.67130196 -0.23489356 -0.11303258
v 0.02057179 0.13450685 1.07614458
v -0.00627586 0.07467824 1.10274827
v 0.01583264 -0.30453929 0.54360652
v 0.66365540 0.17032856 0.21905786
v 0.79636163 0.26852450 0.07809718
v 0.89034122 0.08194868 0.18623060
v 0.88800228 0.03158274 0.19692595
v 0.29400674 -0.11326762 -0.58034903
v -0.03789496 -0.09576166 -0.07612854
v 0.03941675 -0.32493371 0.51094568
v 0.77029437 0.26625469 0.09119950
v 0.55953783 0.22100693 0.08234353
v 0.71812248 -0.11348878 0.22302285
v 0.07197657 -0.35035038 0.53548378
v 0.94259870 0.09138519 0.13700543
v 0.89335495 -0.06118716 -0.10562442
v 0.31233221 -0.29980093 0.73026097
v 0.76909620 -0.25269708 0.01018678
f 1 2 3
f 4 5 6
f 7 8 9
f 10 4 11
f 12 13 14
f 15 16 17
f 18 19 20
f 21 22 23
f 24 25 26
f 27 28 29
f 30 31 32
f 14 33 34
f 35 36 37
f 38 39 40
f 41 42 43
f 44 3 45
f 46 47 48
f 49 50 51
f 50 49 52
f 53 54 55
f 56 57 58
f 59 60 55
f 53 61 62
f 63 64 65
f 65 64 66
f 67 68 69
f 16 15 70
f 71 72 73
f 74 75 76
f 77 78 79
f 80 81 82
f 83 84 85
f 69 86 67
f 87 71 73
f 88 87 73
f 12 14 34
f 89 90 91
f 92 93 94
f 13 12 95
f 96 97 98
f 99 62 100
f 73 101 88
f 102 103 104
f 105 106 80
f 107 108 109
f 18 110 19
f 19 111 20
f 112 113 114
f 114 113 115
f 116 117 118
f 50 119 120
f 121 122 91
f 123 124 125
f 125 124 126
f 127 128 129
f 130 131 132
f 19 133 134
f 134 133 135
f 136 137 138
f 139 140 141
f 141 140 142
f 143 144 118
f 101 145 146
f 147 1 3
f 107 109 148
f 149 40 39
f 150 151 152
f 153 125 154
f 155 156 157
f 113 112 158
f 159 13 95
f 160 161 162
f 163 164 165
f 125 126 154
f 21 23 166
f 74 167 75
f 119 50 52
f 168 169 170
f 64 63 171
f 64 171 172
f 173 174 75
f 175 91 122
f 176 177 178
f 179 180 181
f 182 183 184
f 185 112 186
f 187 188 1
f 90 89 81
f 43 42 189
f 190 191 192
f 193 52 194
f 195 196 197
f 1 147 187
f 198 199 200
f 201 198 200
f 19 134 111
f 202 203 204
f 205 204 203
f 206 207 208
f 209 210 85
f 32 211 212
f 213 214 215
f 29 216 27
f 217 218 219
f 83 31 30
f 216 220 27
f 221 222 223
f 224 225 226
f 227 228 229
f 85 210 230
f 231 232 233
f 234 235 114
f 236 237 234
f 238 168 170
f 239 240 86
f 241 150 152
f 98 79 78
f 242 204 243
f 244 245 246
f 247 248 249
f 167 74 250
f 251 252 253
f 208 207 254
f 136 255 256
f 192 257 258
f 3 259 45
f 115 260 114
f 213 261 214
f 79 262 77
f 88 263 87
f 87 263 264
f 265 266 267
f 48 268 269
f 60 270 55
f 271 272 273
f 111 274 20
f 275 276 277
f 277 276 247
f 156 278 256
f 256 278 136
f 279 280 281
f 281 280 282
f 72 283 73
f 73 283 101
f 284 285 286
f 287 250 288
f 218 289 290
f 106 291 292
f 293 116 294
f 236 168 237
f 295 296 297
f 131 298 132
f 299 300 301
f 200 302 201
f 303 304 305
f 79 98 97
f 24 306 25
f 307 308 309
f 18 310 264
f 82 311 80
f 47 312 313
f 296 295 314
f 65 238 63
f 32 315 30
f 316 317 318
f 299 319 300
f 299 320 319
f 321 322 323
f 324 325 326
f 170 327 328
f 328 327 329
f 330 331 332
f 333 334 273
f 335 336 337
f 338 339 340
f 203 341 205
f 157 259 342
f 79 97 262
f 104 231 233
f 343 104 233
f 260 236 234
f 114 260 234
f 344 345 346
f 347 348 191
f 157 342 155
f 225 224 349
f 85 230 350
f 351 352 353
f 53 62 354
f 54 53 354
f 170 169 327
f 355 356 357
f 32 358 315
f 359 360 246
f 361 359 246
f 360 359 362
f 267 363 364
f 265 267 364
f 184 365 366
f 278 156 155
f 140 139 178
f 177 140 178
f 72 367 283
f 242 243 368
f 369 370 371
f 372 45 259
f 157 372 259
f 373 374 375
f 250 287 376
f 167 250 376
f 122 121 377
f 378 379 296
f 215 380 381
f 52 49 382
f 194 52 382
f 88 101 146
f 383 101 283
f 384 385 386
f 387 188 388
f 147 3 44
f 389 147 44
f 390 72 71
f 219 42 309
f 18 264 263
f 110 18 263
f 32 212 358
f 391 338 340
f 211 32 31
f 392 393 339
f 220 216 394
f 149 395 257
f 192 149 257
f 396 397 398
f 399 400 401
f 364 363 402
f 403 404 405
f 406 407 408
f 409 406 408
f 82 410 311
f 22 21 230
f 210 22 230
f 264 310 411
f 412 413 414
f 112 114 235
f 186 112 235
f 194 415 193
f 100 416 417
f 418 100 417
f 53 55 270
f 61 53 270
f 419 234 237
f 420 329 421
f 422 420 421
f 70 423 424
f 425 426 427
f 428 425 427
f 425 429 430
f 431 301 300
f 432 431 300
f 433 205 341
f 434 433 341
f 92 435 436
f 437 172 171
f 318 317 438
f 36 35 439
f 204 205 243
f 301 431 440
f 322 321 441
f 94 93 442
f 443 444 282
f 280 443 282
f 445 446 447
f 448 449 450
f 451 150 239
f 144 294 116
f 407 452 408
f 453 454 455
f 456 457 440
f 257 164 163
f 258 257 163
f 16 70 424
f 458 16 424
f 20 459 310
f 18 20 310
f 246 245 460
f 361 246 460
f 461 462 463
f 212 211 447
f 168 236 464
f 384 465 385
f 220 30 315
f 27 220 315
f 237 168 238
f 65 237 238
f 357 466 467
f 468 469 470
f 471 468 470
f 239 150 241
f 277 247 249
f 472 473 474
f 475 472 474
f 476 477 478
f 479 454 453
f 480 481 161
f 160 480 161
f 405 482 403
f 105 80 311
f 483 139 141
f 202 204 484
f 485 486 487
f 488 489 490
f 405 491 482
f 219 218 290
f 326 325 492
f 493 494 495
f 496 350 230
f 21 496 230
f 338 391 497
f 441 321 498
f 499 500 501
f 502 503 504
f 505 506 507
f 116 118 144
f 217 219 309
f 508 311 509
f 510 511 233
f 512 513 514
f 346 345 515
f 406 306 24
f 407 406 24
f 359 223 222
f 362 359 222
f 516 159 95
f 517 263 88
f 146 517 88
f 518 295 519
f 520 302 521
f 331 522 523
f 511 510 340
f 524 525 526
f 360 527 244
f 246 360 244
f 26 25 528
f 92 436 529
f 369 92 529
f 530 531 532
f 533 530 532
f 534 366 535
f 536 537 538
f 394 84 220
f 539 540 541
f 542 543 544
f 200 545 302
f 546 143 415
f 547 548 549
f 550 551 552
f 177 553 140
f 140 553 142
f 485 554 486
f 15 555 70
f 556 557 145
f 300 558 432
f 546 559 143
f 373 560 561
f 562 563 564
f 456 565 457
f 457 565 566
f 266 567 267
f 530 568 569
f 473 570 474
f 465 571 385
f 572 573 574
f 335 575 336
f 525 576 513
f 513 576 514
f 577 578 326
f 579 580 382
f 302 581 521
f 98 582 96
f 167 583 75
f 75 583 173
f 584 585 586
f 587 588 589
f 590 591 592
f 550 593 594
f 595 596 304
f 366 597 184
f 366 483 535
f 530 484 531
f 485 487 598
f 599 231 600
f 601 602 603
f 604 605 606
f 1 607 2
f 39 608 149
f 609 433 610
f 459 611 310
f 310 611 411
f 376 612 167
f 275 594 276
f 15 613 555
f 596 518 305
f 131 614 615
f 87 616 71
f 521 617 520
f 192 191 40
f 149 192 40
f 378 296 314
f 64 172 618
f 66 64 618
f 394 619 209
f 379 620 621
f 296 379 621
f 622 13 159
f 119 52 193
f 118 119 193
f 481 551 623
f 133 19 110
f 300 319 558
f 624 625 626
f 627 624 626
f 25 306 628
f 629 25 628
f 424 423 249
f 159 516 630
f 631 402 558
f 563 562 632
f 633 563 632
f 634 635 636
f 637 634 636
f 550 552 593
f 551 481 480
f 552 551 480
f 259 3 2
f 342 259 2
f 638 260 115
f 348 38 40
f 191 348 40
f 354 639 54
f 189 436 435
f 365 139 483
f 366 365 483
f 495 568 640
f 201 302 520
f 641 642 643
f 203 202 644
f 570 645 646
f 474 570 646
f 264 411 616
f 87 264 616
f 30 220 84
f 83 30 84
f 151 647 648
f 649 288 250
f 74 649 250
f 650 651 652
f 225 653 654
f 226 225 654
f 655 197 656
f 657 291 658
f 576 525 659
f 578 577 487
f 486 578 487
f 581 302 545
f 660 581 545
f 362 222 661
f 314 295 518
f 596 314 518
f 583 167 612
f 662 588 176
f 529 663 664
f 573 665 574
f 70 555 666
f 424 249 248
f 458 424 248
f 70 666 423
f 589 667 336
f 587 589 336
f 161 481 668
f 231 599 232
f 459 669 611
f 38 505 507
f 39 38 507
f 48 269 46
f 113 670 115
f 213 215 498
f 321 213 498
f 671 499 501
f 672 673 674
f 536 672 674
f 607 1 188
f 387 607 188
f 242 531 484
f 204 242 484
f 675 676 652
f 677 678 679
f 573 414 680
f 429 425 512
f 588 662 681
f 131 130 614
f 502 504 397
f 603 602 682
f 495 494 569
f 568 495 569
f 569 202 484
f 530 569 484
f 184 597 182
f 683 598 487
f 577 683 487
f 163 165 684
f 659 525 524
f 685 659 524
f 343 233 511
f 686 276 594
f 271 687 272
f 688 689 516
f 95 688 516
f 136 278 137
f 518 519 690
f 305 518 690
f 339 393 511
f 340 339 511
f 417 416 656
f 691 417 656
f 692 693 661
f 34 33 694
f 676 650 652
f 84 394 209
f 85 84 209
f 91 90 695
f 103 600 231
f 104 103 231
f 296 621 297
f 110 263 517
f 696 110 517
f 143 559 144
f 199 198 697
f 568 530 533
f 495 640 698
f 699 700 701
f 702 703 612
f 376 702 612
f 503 502 704
f 607 387 705
f 706 615 614
f 491 706 614
f 500 707 501
f 708 709 710
f 711 708 710
f 143 118 193
f 415 143 193
f 477 476 712
f 582 98 713
f 543 714 715
f 544 543 715
f 78 713 98
f 547 549 716
f 195 717 718
f 216 29 284
f 560 373 375
f 97 434 262
f 304 596 305
f 665 573 680
f 382 580 194
f 476 585 712
f 578 486 142
f 178 139 365
f 659 685 719
f 720 721 676
f 507 608 39
f 698 493 495
f 412 414 573
f 722 723 724
f 229 725 726
f 144 559 727
f 728 284 286
f 648 647 729
f 730 532 531
f 346 515 731
f 732 733 734
f 735 201 520
f 721 720 736
f 561 560 737
f 738 576 659
f 373 739 740
f 564 741 742
f 743 564 742
f 744 173 745
f 746 747 748
f 749 624 627
f 578 142 750
f 326 578 750
f 751 752 753
f 313 754 47
f 217 755 218
f 756 757 758
f 196 691 197
f 197 691 656
f 282 735 281
f 293 294 352
f 759 760 466
f 672 761 673
f 638 464 260
f 260 464 236
f 352 727 353
f 170 762 238
f 226 763 224
f 764 765 766
f 657 767 291
f 291 767 292
f 23 768 166
f 465 769 770
f 771 772 479
f 327 773 329
f 587 774 588
f 588 774 176
f 523 592 775
f 776 767 657
f 777 778 126
f 96 610 97
f 115 779 638
f 125 780 123
f 123 780 781
f 681 782 783
f 90 784 695
f 486 785 142
f 142 785 141
f 611 786 411
f 371 787 132
f 132 787 130
f 202 788 644
f 617 789 520
f 639 744 54
f 576 790 514
f 295 791 519
f 792 793 405
f 794 795 796
f 797 798 799
f 284 728 216
f 216 728 394
f 242 800 531
f 166 801 802
f 803 804 771
f 596 805 314
f 314 805 378
f 461 806 807
f 808 809 810
f 662 811 812
f 752 813 753
f 753 813 814
f 815 739 816
f 420 817 818
f 819 820 821
f 616 822 71
f 71 822 390
f 329 823 421
f 553 750 142
f 479 824 454
f 454 824 825
f 590 826 591
f 156 372 157
f 177 176 774
f 827 438 826
f 590 827 826
f 172 828 829
f 618 172 829
f 830 831 770
f 832 833 834
f 835 832 834
f 836 837 838
f 76 75 174
f 839 76 174
f 174 173 744
f 639 174 744
f 840 839 174
f 639 840 174
f 348 347 841
f 842 348 841
f 741 368 243
f 819 843 844
f 845 846 847
f 61 270 848
f 420 818 328
f 329 420 328
f 420 422 817
f 464 638 547
f 716 464 547
f 849 509 850
f 727 352 294
f 144 727 294
f 235 234 419
f 762 170 328
f 818 762 328
f 309 42 41
f 307 309 41
f 851 281 789
f 419 237 65
f 852 652 682
f 159 630 763
f 622 159 763
f 169 168 464
f 716 169 464
f 761 853 854
f 673 761 854
f 83 85 350
f 855 322 441
f 195 718 856
f 196 195 856
f 29 346 731
f 284 29 731
f 857 141 785
f 858 857 785
f 371 370 787
f 78 859 713
f 670 814 779
f 115 670 779
f 465 384 769
f 772 771 804
f 548 547 813
f 752 548 813
f 720 676 675
f 774 587 860
f 767 776 861
f 862 590 592
f 523 862 592
f 863 864 865
f 569 494 788
f 202 569 788
f 866 624 472
f 475 866 472
f 867 868 559
f 546 867 559
f 869 870 871
f 677 679 872
f 873 677 872
f 245 244 874
f 780 125 153
f 483 141 857
f 535 483 857
f 875 539 541
f 701 875 541
f 694 45 372
f 876 694 372
f 610 433 434
f 97 610 434
f 705 877 878
f 607 705 878
f 130 787 879
f 528 412 880
f 26 528 880
f 881 882 883
f 581 660 884
f 228 757 885
f 2 607 878
f 342 2 878
f 549 548 886
f 353 887 351
f 450 888 889
f 448 450 889
f 853 890 350
f 496 853 350
f 404 403 831
f 619 394 728
f 286 619 728
f 333 273 891
f 791 295 297
f 892 791 297
f 893 894 781
f 780 893 781
f 692 661 895
f 896 897 898
f 724 899 722
f 900 545 200
f 199 900 200
f 798 797 901
f 227 229 726
f 902 227 726
f 868 353 727
f 559 868 727
f 903 802 801
f 63 238 762
f 242 368 800
f 904 751 905
f 647 623 729
f 875 701 906
f 907 908 909
f 910 907 909
f 911 912 913
f 914 383 283
f 367 914 283
f 325 915 732
f 725 916 644
f 176 178 811
f 662 176 811
f 685 917 719
f 789 281 735
f 520 789 735
f 384 386 918
f 248 247 919
f 775 592 920
f 921 922 923
f 924 925 923
f 324 326 750
f 805 926 927
f 378 805 927
f 811 178 365
f 739 815 928
f 740 739 928
f 929 888 450
f 930 54 744
f 745 930 744
f 228 227 931
f 823 329 773
f 932 823 773
f 933 934 935
f 936 519 791
f 814 813 779
f 937 582 713
f 429 512 514
f 472 624 749
f 473 472 749
f 768 938 801
f 166 768 801
f 561 816 739
f 373 561 739
f 585 584 712
f 939 940 704
f 502 939 704
f 638 779 813
f 547 638 813
f 644 788 726
f 725 644 726
f 880 871 870
f 26 880 870
f 867 546 941
f 790 576 738
f 864 790 738
f 902 726 788
f 494 902 788
f 942 943 944
f 284 731 285
f 945 723 722
f 946 818 817
f 742 741 947
f 948 949 950
f 116 293 951
f 117 116 951
f 820 819 952
f 953 954 584
f 955 753 814
f 674 673 956
f 459 20 274
f 957 958 959
f 960 922 921
f 943 961 944
f 962 541 963
f 964 951 293
f 37 846 35
f 965 966 391
f 967 687 271
f 145 968 556
f 969 861 600
f 628 306 970
f 600 103 969
f 678 677 971
f 972 632 562
f 973 974 975
f 914 367 976
f 669 459 977
f 978 790 864
f 962 699 701
f 541 962 701
f 979 980 981
f 982 729 623
f 285 983 286
f 984 654 985
f 986 151 648
f 180 179 987
f 683 577 988
f 989 990 821
f 991 992 756
f 86 240 67
f 993 877 705
f 851 955 814
f 670 851 814
f 994 995 609
f 610 96 609
f 286 967 619
f 996 997 998
f 999 1000 894
f 894 1000 781
f 1001 380 214
f 214 380 215
f 449 1002 1003
f 305 1004 303
f 303 1004 463
f 349 1005 225
f 225 1005 653
f 358 1006 315
f 235 1007 186
f 1008 1009 572
f 572 1009 573
f 614 1010 491
f 201 1011 198
f 845 1012 992
f 992 1012 882
f 36 1013 37
f 37 1013 862
f 1014 1015 485
f 485 1015 554
f 545 1016 660
f 60 1017 270
f 1018 965 510
f 582 994 96
f 96 994 609
f 512 1019 513
f 1020 1021 370
f 781 1022 123
f 123 1022 124
f 871 1023 869
f 753 1024 751
f 751 1024 905
f 617 1025 1024
f 538 1026 1027
f 1028 1029 1030
f 454 979 455
f 720 1031 736
f 515 1032 731
f 731 1032 285
f 565 1033 566
f 566 1033 1034
f 282 1035 735
f 735 1035 201
f 513 1036 525
f 1037 1038 1039
f 1039 1038 1040
f 1041 1042 886
f 41 1043 307
f 1044 1045 635
f 993 1046 736
f 736 1046 721
f 1047 1048 1049
f 820 989 821
f 1050 956 1051
f 963 995 994
f 725 1052 916
f 1053 1054 1041
f 1041 1054 1055
f 790 1056 514
f 810 1057 1058
f 119 1059 120
f 914 1060 383
f 383 1060 968
f 352 1061 293
f 968 145 383
f 952 1062 1063
f 846 991 35
f 984 1064 654
f 1065 1066 1067
f 844 1067 1066
f 818 1068 762
f 1069 1070 1071
f 681 1072 782
f 736 1073 993
f 385 571 1074
f 254 978 1075
f 303 929 304
f 602 1076 682
f 682 1076 852
f 633 985 1077
f 1077 985 1078
f 1079 1080 1081
f 1081 1080 1082
f 687 983 1083
f 1055 1084 1085
f 653 1078 654
f 654 1078 985
f 844 1086 1067
f 444 443 1087
f 967 286 983
f 687 967 983
f 1088 1089 1090
f 442 93 1091
f 1092 793 107
f 118 117 1059
f 119 118 1059
f 380 1001 1054
f 1053 380 1054
f 130 879 1010
f 614 130 1010
f 27 315 1006
f 28 27 1006
f 1004 305 690
f 1093 1004 690
f 1005 349 1094
f 1095 1005 1094
f 958 1096 56
f 339 338 1097
f 392 339 1097
f 854 1098 1099
f 673 854 1099
f 997 1100 1101
f 998 997 1101
f 509 311 410
f 850 509 410
f 1009 1008 871
f 880 1009 871
f 1102 1103 1104
f 882 1012 1105
f 33 14 1106
f 1107 50 120
f 1011 201 1035
f 1108 1011 1035
f 1015 1014 901
f 1109 765 1110
f 567 266 1111
f 1017 60 58
f 572 574 917
f 1105 1112 883
f 882 1105 883
f 965 1018 1113
f 966 965 1113
f 686 594 593
f 994 582 962
f 963 994 962
f 513 1019 1036
f 1114 1007 66
f 618 1114 66
f 1115 1116 1117
f 1118 873 872
f 534 535 1119
f 1022 781 1000
f 1120 1022 1000
f 1121 1122 1123
f 1124 1121 1123
f 617 521 1025
f 584 586 953
f 1024 753 955
f 617 1024 955
f 48 47 754
f 419 65 66
f 1007 419 66
f 1026 538 537
f 1029 1028 810
f 1125 1029 810
f 478 477 1126
f 1127 852 1128
f 922 914 976
f 923 922 976
f 1129 1130 1032
f 515 1129 1032
f 1033 565 754
f 313 1033 754
f 1131 285 1132
f 960 1133 1134
f 864 738 1135
f 865 864 1135
f 819 844 1066
f 952 819 1066
f 945 722 1136
f 1004 1093 1137
f 463 1004 1137
f 639 354 1138
f 840 639 1138
f 789 617 955
f 851 789 955
f 1009 880 412
f 573 1009 412
f 768 23 1139
f 787 370 1021
f 879 787 1021
f 431 432 1140
f 1141 1142 715
f 1038 1037 772
f 804 1038 772
f 1143 721 1046
f 1014 1144 1145
f 901 1014 1145
f 1146 1147 1148
f 1013 827 590
f 862 1013 590
f 1149 199 1150
f 1046 993 705
f 920 592 591
f 372 156 876
f 1092 615 706
f 793 1092 706
f 674 956 1151
f 1152 455 979
f 824 479 772
f 1037 824 772
f 405 793 706
f 491 405 706
f 922 960 1060
f 914 922 1060
f 1056 790 978
f 254 1056 978
f 228 931 758
f 757 228 758
f 340 510 965
f 391 340 965
f 351 1153 1061
f 352 351 1061
f 63 762 1068
f 171 63 1068
f 1054 1001 1154
f 1055 1054 1154
f 1155 628 970
f 697 198 1011
f 1156 697 1011
f 551 550 982
f 623 551 982
f 226 654 1064
f 863 1075 978
f 864 863 978
f 908 907 986
f 648 908 986
f 1157 799 1158
f 1159 933 935
f 991 846 845
f 992 991 845
f 952 1066 1062
f 245 874 1160
f 1153 245 1160
f 773 1161 932
f 1162 904 1163
f 1164 1165 636
f 635 1164 636
f 211 1166 447
f 526 525 1036
f 1167 1168 1080
f 1079 1167 1080
f 1128 852 1076
f 1169 1128 1076
f 1164 635 1045
f 274 1170 977
f 459 274 977
f 872 679 1171
f 632 984 985
f 633 632 985
f 620 379 1172
f 1173 1040 1038
f 804 1173 1038
f 1174 1175 442
f 1091 1174 442
f 1080 1168 1176
f 1082 1080 1176
f 783 589 588
f 681 783 588
f 1084 1055 1154
f 536 674 1151
f 1177 966 1113
f 1178 1177 1113
f 180 987 1179
f 332 331 1180
f 1060 960 1134
f 968 1060 1134
f 562 975 972
f 1165 1181 1182
f 658 1183 1184
f 938 768 1139
f 1099 1051 956
f 673 1099 956
f 285 1131 983
f 798 1185 1158
f 799 798 1158
f 798 901 1145
f 1185 798 1145
f 818 946 1068
f 649 1186 288
f 979 981 1152
f 1061 1153 1160
f 995 742 947
f 609 995 947
f 461 463 1137
f 806 461 1137
f 685 1187 917
f 1033 1188 1034
f 881 883 1189
f 164 395 1190
f 101 383 145
f 158 112 185
f 164 257 395
f 879 1191 1010
f 1190 1192 1193
f 1194 33 1106
f 935 1195 1196
f 1197 1198 1199
f 1200 1201 320
f 1202 954 953
f 349 949 1094
f 1203 1204 1139
f 1160 1205 1061
f 871 1008 1023
f 235 419 1007
f 1203 1139 23
f 651 1206 1207
f 803 1206 1208
f 997 996 1209
f 1210 432 558
f 485 1211 1014
f 1212 364 1155
f 1213 211 31
f 1214 508 509
f 334 333 1215
f 1216 552 480
f 363 267 1217
f 333 1203 1215
f 1218 773 327
f 1219 1220 1097
f 1221 307 1043
f 342 878 877
f 94 442 1222
f 1223 1224 1225
f 1194 1226 33
f 1227 1228 1229
f 1230 1231 1232
f 1233 1234 1235
f 1236 1237 180
f 1238 1239 1231
f 148 1240 1092
f 107 148 1092
f 506 1241 1242
f 686 593 1243
f 1244 1015 901
f 1147 1146 1245
f 1246 1247 1248
f 1155 970 1212
f 1249 605 604
f 1110 1027 1250
f 919 247 1251
f 1027 1110 765
f 427 1252 428
f 1147 1253 1148
f 1033 313 1188
f 1254 1255 8
f 1256 1257 1258
f 1200 1259 1201
f 536 538 672
f 301 9 299
f 164 1260 165
f 165 1260 795
f 1261 1262 1263
f 179 1264 987
f 987 1264 1265
f 523 1266 862
f 862 1266 37
f 197 1267 195
f 1268 1217 1269
f 1270 1271 876
f 320 1272 319
f 400 1273 401
f 185 1274 158
f 385 1275 386
f 1271 1276 876
f 1081 1277 938
f 938 1277 801
f 1027 445 538
f 538 445 672
f 946 1278 1068
f 500 1279 707
f 707 1279 497
f 94 435 92
f 1280 1281 1096
f 447 764 212
f 1282 1283 1284
f 774 1285 177
f 177 1285 553
f 1254 1286 760
f 760 1286 466
f 1287 1288 1289
f 757 881 885
f 31 890 1213
f 899 1290 722
f 702 1291 703
f 553 324 750
f 121 1292 377
f 549 1218 716
f 148 1293 1240
f 1094 1294 1095
f 1064 1295 226
f 964 1205 1296
f 162 1297 160
f 932 1042 1085
f 367 1298 976
f 886 1161 549
f 963 1299 995
f 1191 1300 1010
f 1010 1300 491
f 1301 1235 1234
f 1265 1248 987
f 1075 208 254
f 1302 1109 1303
f 1021 1304 879
f 879 1304 1191
f 1228 1305 1229
f 1306 1146 1307
f 433 1308 205
f 205 1308 243
f 672 1166 761
f 602 1309 1076
f 1182 1310 1165
f 953 1237 1202
f 41 1222 1043
f 1044 1311 1045
f 1140 1312 1313
f 964 1314 951
f 1296 1314 964
f 1227 1315 1316
f 395 1192 1190
f 1254 1317 1286
f 1139 1318 938
f 438 1319 826
f 548 1320 886
f 364 1212 265
f 682 1321 603
f 1322 1323 1324
f 212 1325 358
f 421 1326 1327
f 45 1226 44
f 44 1226 1194
f 943 1328 961
f 918 1329 384
f 616 1330 822
f 1331 1332 1333
f 945 1334 723
f 723 1334 1110
f 756 1335 991
f 991 1335 35
f 765 446 1027
f 1027 446 445
f 1191 1336 1300
f 1260 164 1190
f 714 206 208
f 1337 714 208
f 1267 197 655
f 1338 1267 655
f 467 466 1286
f 1217 1268 1339
f 846 37 1266
f 847 846 1266
f 1272 320 1201
f 1275 385 1074
f 1277 1081 1082
f 651 650 1208
f 1206 651 1208
f 1340 106 105
f 1341 1342 1343
f 1279 500 1344
f 512 425 428
f 1019 512 428
f 1345 557 556
f 1346 1347 499
f 671 1346 499
f 841 347 1348
f 1349 841 1348
f 540 539 973
f 1350 413 1351
f 764 447 446
f 765 764 446
f 1352 1353 1354
f 874 1355 1356
f 1160 874 1356
f 1285 774 860
f 346 29 28
f 344 346 28
f 83 350 890
f 31 83 890
f 1042 1041 1055
f 1085 1042 1055
f 1288 1287 855
f 441 1288 855
f 1144 1014 1211
f 785 486 554
f 858 785 554
f 471 1357 1235
f 1301 471 1235
f 1290 899 1358
f 943 1359 1328
f 165 795 794
f 684 165 794
f 1360 1324 1361
f 1356 1296 1205
f 1160 1356 1205
f 203 644 916
f 341 203 916
f 14 13 1362
f 1106 14 1362
f 324 553 1285
f 867 941 1363
f 1292 121 1364
f 1218 549 1161
f 773 1218 1161
f 887 1365 1366
f 723 1110 1250
f 724 723 1250
f 254 207 1367
f 1056 254 1367
f 609 947 1308
f 433 609 1308
f 1205 964 293
f 1061 1205 293
f 1016 545 900
f 439 35 1335
f 1368 1369 1370
f 514 1056 1367
f 429 514 1367
f 1161 886 1042
f 932 1161 1042
f 1371 1372 1274
f 185 1371 1274
f 1373 958 56
f 38 348 842
f 505 38 842
f 1374 552 1216
f 1375 1376 1377
f 759 1378 1379
f 968 1380 556
f 1101 1381 1382
f 1383 1384 1385
f 613 1386 1387
f 1284 1388 1282
f 1308 947 741
f 243 1308 741
f 1173 1103 1102
f 1040 1173 1102
f 742 995 1299
f 743 742 1299
f 1166 672 445
f 447 1166 445
f 1389 1184 1349
f 1390 137 1391
f 975 974 972
f 1222 41 43
f 94 1222 43
f 984 632 972
f 1392 1303 1334
f 945 1392 1334
f 1315 1227 1229
f 1193 1315 1229
f 1146 1148 1307
f 1121 961 1328
f 1122 1121 1328
f 766 765 1109
f 1302 766 1109
f 1283 858 554
f 1015 1283 554
f 1232 1393 1230
f 1136 722 1290
f 849 337 1214
f 509 849 1214
f 504 503 1209
f 996 504 1209
f 717 195 1267
f 1394 717 1267
f 1319 438 317
f 402 363 1210
f 558 402 1210
f 1395 1396 1397
f 652 651 1321
f 682 652 1321
f 1320 548 752
f 853 761 1213
f 890 853 1213
f 160 1322 1216
f 480 160 1216
f 342 1398 155
f 1321 651 1207
f 171 1068 1278
f 437 171 1278
f 1399 1225 1224
f 1081 938 1318
f 1079 1081 1318
f 567 1269 1217
f 267 567 1217
f 1400 358 1325
f 1401 1400 1325
f 1323 1402 1361
f 1324 1323 1361
f 23 22 1215
f 1203 23 1215
f 1403 1002 449
f 448 1403 449
f 694 33 1226
f 45 694 1226
f 517 146 1404
f 696 517 1404
f 169 716 1218
f 327 169 1218
f 1405 686 1243
f 901 797 1244
f 1398 342 877
f 823 1085 1326
f 421 823 1326
f 507 506 1242
f 608 507 1242
f 1175 1043 1222
f 442 1175 1222
f 1406 1193 1229
f 1305 1406 1229
f 56 1096 1281
f 57 56 1281
f 373 740 374
f 842 841 1407
f 1408 1409 1410
f 758 931 1411
f 1361 1412 1360
f 1413 386 1275
f 1414 940 1415
f 411 786 1330
f 616 411 1330
f 945 1136 1416
f 1392 945 1416
f 1417 1418 1419
f 834 1417 1419
f 1383 1420 1384
f 1179 987 1248
f 1247 1179 1248
f 1421 265 1212
f 970 1421 1212
f 896 898 1249
f 604 896 1249
f 384 1329 769
f 539 875 1422
f 980 634 1423
f 981 980 1423
f 1423 634 637
f 1250 1027 1026
f 1424 1425 1426
f 948 950 1425
f 276 686 1251
f 247 276 1251
f 1334 1303 1109
f 1110 1334 1109
f 1427 1428 954
f 1044 635 1429
f 1259 1430 1201
f 9 301 7
f 43 189 435
f 94 43 435
f 105 311 508
f 401 1273 1431
f 1432 755 1433
f 764 766 1325
f 212 764 1325
f 1434 1435 1436
f 1283 1015 1244
f 1284 1283 1244
f 630 1437 1438
f 1439 1440 1441
f 841 1349 1407
f 1166 211 1213
f 761 1166 1213
f 1442 1428 1427
f 954 1202 1427
f 1202 1237 1236
f 1443 1411 931
f 799 1157 1444
f 1017 1239 1238
f 1445 474 646
f 279 281 851
f 395 149 608
f 966 1177 1446
f 932 1085 823
f 1197 1447 1198
f 650 1448 1208
f 456 1313 1449
f 820 952 1063
f 949 349 224
f 1094 949 948
f 1450 1451 1452
f 667 589 783
f 1453 1063 1062
f 1390 1454 1418
f 48 1449 268
f 998 1101 1382
f 1072 681 1455
f 702 376 1456
f 1457 1320 752
f 1458 1459 1399
f 1434 1460 1435
f 1461 1462 707
f 1463 1365 887
f 1464 931 227
f 1182 1181 1465
f 1466 1075 863
f 565 456 1467
f 968 1134 1380
f 1460 1434 1468
f 754 565 1467
f 1313 456 1469
f 1140 1313 1469
f 959 958 1373
f 1470 57 1281
f 1471 1472 1473
f 1474 1475 1476
f 1477 1478 910
f 1241 506 1479
f 977 1170 1480
f 1481 1482 1483
f 1484 1427 1202
f 1485 1486 268
f 1487 344 28
f 917 574 1488
f 1063 1453 1489
f 1340 105 1490
f 390 822 1491
f 1492 1087 443
f 1447 1493 1252
f 1494 783 782
f 105 508 1490
f 850 410 1495
f 208 1075 1337
f 57 1496 58
f 1262 1497 1263
f 1124 1123 240
f 1498 1124 240
f 1499 1500 1501
f 712 1502 1368
f 477 712 1368
f 740 1503 1504
f 1498 1157 1158
f 1124 1498 1158
f 997 1209 1505
f 1242 1241 1506
f 1188 313 312
f 1507 1188 312
f 936 1508 519
f 519 1508 690
f 1138 99 1509
f 1162 1457 904
f 966 1461 391
f 462 1510 463
f 463 1510 303
f 439 1511 36
f 1079 1512 1167
f 1513 1514 1515
f 699 1516 700
f 700 1516 1517
f 1208 1518 803
f 803 1518 804
f 1519 1520 1521
f 1168 1522 1523
f 1524 1525 1253
f 585 1526 1527
f 1527 1526 1528
f 1529 1530 207
f 207 1530 1367
f 831 1531 770
f 1083 1532 687
f 687 1532 272
f 1533 1534 1535
f 516 1536 630
f 630 1536 1437
f 924 1456 1537
f 671 1538 1539
f 1539 1538 1357
f 1540 1541 1542
f 1542 1541 1421
f 1305 1543 1406
f 1406 1543 1544
f 120 1545 1107
f 1314 1546 1547
f 1041 1548 1053
f 1053 1548 1162
f 1197 1549 1095
f 1095 1549 1005
f 1344 1550 1279
f 1114 1551 1007
f 1007 1551 186
f 989 1552 850
f 850 1552 849
f 1553 1554 1555
f 1460 1492 1372
f 1542 1556 1540
f 218 1557 289
f 47 1558 312
f 452 1559 408
f 847 1560 845
f 845 1560 1012
f 849 1561 337
f 337 1561 335
f 1312 1485 1313
f 1251 1562 919
f 1322 1377 1216
f 1216 1377 1374
f 1453 1563 1489
f 1190 1544 1260
f 1564 1565 453
f 807 1466 1566
f 1312 1567 1568
f 1359 1569 1328
f 1570 693 692
f 1265 1439 1248
f 1248 1439 1246
f 1571 423 1572
f 1243 1376 1420
f 320 1573 1200
f 1200 1573 1574
f 1242 1575 608
f 1386 1576 1387
f 186 1577 185
f 398 1578 1579
f 977 1580 669
f 1581 1582 1198
f 1198 1582 1199
f 1012 1465 1105
f 1475 1583 1476
f 1584 1585 941
f 1232 1586 1393
f 1393 1586 1587
f 1335 1588 439
f 1214 1494 508
f 1589 1479 597
f 1590 1435 1341
f 1590 1436 1435
f 224 1438 949
f 1349 1591 1407
f 1592 1593 1151
f 1179 1236 180
f 135 1594 134
f 227 902 1464
f 1332 1595 1289
f 343 1596 104
f 1121 1597 961
f 1449 1467 456
f 440 1469 456
f 1260 1598 795
f 1427 1484 251
f 1317 1599 566
f 566 1599 457
f 1319 1600 826
f 826 1600 591
f 910 1354 907
f 1425 1601 1602
f 1602 1601 1603
f 676 1604 650
f 1182 1605 1310
f 1606 1607 1581
f 1608 1609 1564
f 1368 1502 1428
f 1428 1502 954
f 1410 1610 1241
f 1611 1612 1142
f 354 62 99
f 1138 354 99
f 1529 207 206
f 465 770 1531
f 571 465 1531
f 1457 1162 1548
f 1320 1457 1548
f 121 91 695
f 1364 121 695
f 1232 1613 1586
f 277 249 1571
f 562 564 743
f 975 562 743
f 1461 966 1446
f 1462 1461 1446
f 318 1261 1614
f 316 318 1614
f 337 336 667
f 1214 337 667
f 1274 1615 158
f 440 457 7
f 301 440 7
f 962 582 937
f 699 962 937
f 146 145 557
f 1404 146 557
f 689 1616 1536
f 516 689 1536
f 1516 699 937
f 437 1278 1617
f 883 1112 1618
f 1189 883 1618
f 1518 1208 1448
f 1103 1518 1448
f 1168 1167 1522
f 133 110 696
f 1619 1620 1586
f 1621 669 1580
f 362 661 693
f 1622 1623 1624
f 1526 585 476
f 830 1625 404
f 831 830 404
f 1305 1293 1543
f 571 1531 1626
f 1532 1083 1576
f 1386 1532 1576
f 1627 786 611
f 669 1627 611
f 971 1628 678
f 1518 1103 1173
f 804 1518 1173
f 895 606 605
f 1629 1364 695
f 784 1629 695
f 510 233 232
f 1018 510 232
f 963 541 540
f 1299 963 540
f 1456 924 1630
f 702 1456 1630
f 1528 1526 1631
f 738 659 719
f 1135 738 719
f 1094 948 1632
f 1294 1094 1632
f 1389 1349 1348
f 1538 1233 1235
f 1357 1538 1235
f 1541 1540 1633
f 266 1541 1633
f 422 421 1327
f 1634 422 1327
f 1635 262 434
f 942 944 1636
f 1637 1638 1639
f 1640 1003 1002
f 819 821 843
f 820 1063 1552
f 989 820 1552
f 1265 1440 1439
f 1083 983 1131
f 1546 1314 1296
f 865 1135 1488
f 763 630 1438
f 224 763 1438
f 946 817 1620
f 1548 1041 886
f 1320 1548 886
f 1641 1345 1525
f 1549 1197 1199
f 1330 786 1642
f 1124 1158 1185
f 1121 1124 1185
f 1643 1644 1556
f 1542 1643 1556
f 1247 251 1484
f 1179 1247 1484
f 1552 1063 1561
f 849 1552 1561
f 1554 1553 1645
f 1492 1460 1468
f 1087 1492 1468
f 1273 400 1646
f 1557 218 755
f 1560 847 1605
f 1182 1560 1605
f 1560 1182 1465
f 1012 1560 1465
f 593 552 1374
f 1243 593 1374
f 1306 1647 1648
f 1146 1306 1648
f 429 1367 1530
f 430 429 1530
f 1349 1184 1591
f 1649 1392 1416
f 1650 1649 1416
f 1234 1233 796
f 1428 1442 1369
f 1368 1428 1369
f 1377 1322 1324
f 1375 1377 1324
f 1443 931 1464
f 1651 1443 1464
f 1384 1420 1376
f 1375 1384 1376
f 536 1151 1593
f 537 536 1593
f 1544 1190 1193
f 1406 1544 1193
f 1254 8 1599
f 1317 1254 1599
f 556 1380 1652
f 1345 556 1652
f 1569 1359 1653
f 1307 1148 1654
f 1156 1011 1108
f 1195 1655 1196
f 1656 409 1643
f 1573 320 299
f 9 1573 299
f 1575 1242 1506
f 1657 1575 1506
f 186 1551 1577
f 1561 1063 1489
f 335 1561 1489
f 1658 1074 571
f 1626 1658 571
f 1509 418 1631
f 1541 266 265
f 1421 1541 265
f 1005 1549 653
f 973 975 743
f 537 1593 1659
f 1258 1257 1660
f 989 850 1495
f 990 989 1495
f 1403 1661 1002
f 1594 135 1612
f 418 1509 99
f 100 418 99
f 330 332 1662
f 431 1140 1469
f 440 431 1469
f 662 812 1455
f 681 662 1455
f 287 1537 1456
f 376 287 1456
f 751 904 1457
f 752 751 1457
f 108 1663 469
f 1664 1372 1371
f 497 391 1461
f 707 497 1461
f 353 868 1463
f 887 353 1463
f 1665 1651 1464
f 902 1665 1464
f 1666 1105 1465
f 1181 1666 1465
f 1101 1100 1667
f 1381 1101 1667
f 1595 1332 1331
f 343 1668 1596
f 1669 1566 1466
f 863 1669 1466
f 1670 1671 1672
f 1434 1642 1468
f 48 754 1467
f 1449 48 1467
f 1673 1674 1675
f 1425 950 1601
f 479 453 1565
f 771 479 1565
f 949 1438 950
f 1321 1207 1624
f 603 1321 1624
f 1676 1547 1546
f 1677 1676 1546
f 929 303 1510
f 888 929 1510
f 1453 1062 1678
f 182 597 1479
f 506 182 1479
f 1484 1202 1236
f 1179 1484 1236
f 721 1143 1604
f 676 721 1604
f 584 954 1502
f 712 584 1502
f 1449 1313 1485
f 268 1449 1485
f 1319 1358 1600
f 1411 1443 1679
f 1599 8 7
f 457 1599 7
f 899 724 1680
f 1478 1352 1354
f 910 1478 1354
f 1681 1682 1683
f 1684 1685 1686
f 650 1604 1448
f 1687 1372 1492
f 477 1368 1370
f 1126 477 1370
f 428 1252 1493
f 1019 428 1493
f 1609 1206 1688
f 1253 1525 1148
f 1498 241 1157
f 1107 1689 1507
f 1690 1221 1477
f 540 973 743
f 1299 540 743
f 557 1345 1641
f 1404 557 1641
f 719 917 1488
f 1135 719 1488
f 1363 941 1585
f 1691 843 1692
f 1693 1478 1477
f 1221 1693 1477
f 1694 1474 1476
f 988 1694 1476
f 1185 1145 1597
f 1121 1185 1597
f 1695 1550 1344
f 1696 1415 1697
f 1529 1698 1530
f 1544 1543 1598
f 1260 1544 1598
f 1371 185 1577
f 1374 1377 1376
f 1243 1374 1376
f 17 1458 1699
f 974 1700 1701
f 1476 1583 683
f 988 1476 683
f 1702 1142 1612
f 1485 1312 1568
f 1486 1485 1568
f 1494 1214 667
f 783 1494 667
f 10 11 1703
f 657 658 1389
f 1704 1404 1641
f 1494 782 1490
f 508 1494 1490
f 1704 1705 1706
f 1565 1564 1609
f 1390 1418 137
f 493 1665 902
f 148 109 1707
f 1614 1261 1263
f 1301 1707 109
f 1571 249 423
f 173 583 745
f 138 137 1418
f 494 493 902
f 1708 1590 1341
f 51 50 1107
f 1150 199 697
f 1709 1521 1520
f 807 806 1141
f 915 325 324
f 1198 1447 1252
f 415 194 580
f 1649 1650 1710
f 1689 1107 1545
f 1262 1261 1511
f 669 1621 1627
f 1478 1693 1472
f 1711 1712 1332
f 1206 1609 1207
f 531 800 730
f 1184 1389 658
f 1177 1178 1713
f 1714 1625 1663
f 369 371 1715
f 1716 317 316
f 1717 1718 898
f 924 1537 925
f 137 278 1391
f 67 240 1123
f 1719 1554 1645
f 595 304 1720
f 1721 1370 1369
f 1600 1358 1722
f 1095 1294 1723
f 1724 1344 1725
f 1344 1724 1695
f 1206 803 1688
f 1726 1306 1307
f 1252 427 1727
f 131 615 1728
f 298 131 1728
f 1729 1588 1335
f 1556 1730 1540
f 1731 649 74
f 1732 1577 1551
f 1733 1316 1734
f 1307 1654 1735
f 1736 1734 1316
f 1315 1736 1316
f 1737 601 1738
f 1026 537 1739
f 1740 1741 1742
f 1743 1091 93
f 1744 1745 1746
f 362 693 1747
f 1389 1348 1748
f 1749 1627 1621
f 645 570 1750
f 807 1141 1751
f 1752 1148 1525
f 1753 1754 1630
f 924 1753 1630
f 730 800 1755
f 1756 1757 1758
f 1759 1175 1174
f 1760 1511 439
f 542 544 1706
f 836 1128 1169
f 1761 1762 1763
f 1709 1764 1521
f 196 1765 691
f 806 1611 1142
f 1141 806 1142
f 1766 1718 1767
f 241 1498 240
f 239 241 240
f 1351 1768 1350
f 1156 1108 1621
f 1580 1156 1621
f 755 1432 1557
f 793 1714 107
f 777 1769 1770
f 449 1720 450
f 175 1771 1772
f 1772 1771 711
f 680 1773 665
f 684 1713 163
f 711 1774 708
f 708 1774 1640
f 1030 1775 1028
f 1028 1775 1120
f 926 595 1720
f 555 1776 666
f 1413 1777 386
f 884 1333 1778
f 859 1779 713
f 713 1779 937
f 852 675 652
f 524 1780 685
f 923 925 921
f 1147 1781 1253
f 1093 1782 1137
f 1137 1782 806
f 1783 957 703
f 1784 1719 1670
f 720 1127 1031
f 1517 911 1785
f 1130 1132 1032
f 1032 1132 285
f 1180 1786 332
f 1787 1788 1119
f 388 1789 1790
f 782 1183 1490
f 409 1791 406
f 490 1792 1793
f 1422 1794 539
f 539 1794 973
f 1071 1795 1268
f 1268 1795 1339
f 993 1796 877
f 877 1796 1398
f 976 1797 923
f 923 1797 924
f 1141 1337 1751
f 1347 1725 499
f 1390 1391 1398
f 1193 1657 1315
f 1798 1799 1800
f 797 1801 1244
f 1802 1430 1768
f 1803 1804 1805
f 1394 1634 1327
f 1806 1807 1585
f 132 1808 371
f 371 1808 1715
f 274 1809 1170
f 1170 1809 936
f 402 1810 364
f 364 1810 1155
f 1704 1524 1705
f 1811 1637 1639
f 470 1812 1118
f 1118 1812 873
f 1120 1813 1022
f 1022 1813 124
f 1636 1717 942
f 1407 812 1814
f 1815 1816 1817
f 1176 1818 1082
f 1571 1572 1432
f 1432 1572 1557
f 972 1819 984
f 984 1819 1064
f 1074 1820 1821
f 1822 1823 1824
f 1407 1591 1455
f 1177 1825 1446
f 1826 1827 1828
f 1829 1741 1830
f 1241 1610 1506
f 601 1623 1738
f 1625 792 404
f 404 792 405
f 1831 1638 1637
f 1581 1727 1606
f 649 1721 1186
f 1581 1832 1582
f 1833 1834 1761
f 1761 1834 1762
f 1704 1835 1404
f 1557 1776 289
f 357 1836 466
f 1341 1837 1342
f 998 1838 996
f 996 1838 1839
f 1840 1298 1841
f 451 1842 1843
f 1844 1845 815
f 1648 1846 1146
f 1847 1848 1849
f 1609 1688 1565
f 1811 1639 873
f 873 1639 677
f 1734 1850 1733
f 1294 1851 1723
f 1049 1852 1853
f 1329 1854 1831
f 583 1855 745
f 745 1855 959
f 1155 1856 628
f 397 1857 398
f 1511 1858 36
f 481 1859 668
f 867 1860 868
f 1115 1861 921
f 1086 1862 1067
f 1670 1863 1671
f 1864 598 683
f 1228 1865 1305
f 1305 1865 1293
f 1417 1866 1418
f 1867 1868 1869
f 317 1870 1319
f 1686 1871 1799
f 1411 1729 758
f 1649 1872 1392
f 1392 1872 1303
f 697 1873 1150
f 1874 1875 1876
f 1370 1731 1126
f 1877 915 324
f 1399 1878 1458
f 1253 1879 1524
f 1571 1740 277
f 1880 1743 1808
f 1532 1881 272
f 1075 1751 1337
f 1882 848 1238
f 1148 1752 1654
f 816 1883 815
f 815 1883 1844
f 1577 1837 1371
f 1614 1884 316
f 316 1884 1885
f 1886 1759 1850
f 1811 1887 1637
f 645 1764 646
f 1316 1888 1227
f 1714 793 792
f 1625 1714 792
f 577 326 492
f 988 577 492
f 1769 124 1813
f 1420 1383 1889
f 175 122 1771
f 475 474 1445
f 1745 475 1445
f 426 425 430
f 16 458 1890
f 17 16 1890
f 1301 109 468
f 471 1301 468
f 1773 680 1891
f 1713 684 1825
f 1177 1713 1825
f 1774 711 1771
f 1144 1450 1892
f 1893 1775 1258
f 1120 1775 1813
f 603 1624 1623
f 601 603 1623
f 1894 1777 1895
f 1345 1652 1752
f 1525 1345 1752
f 291 106 1340
f 658 291 1340
f 587 336 575
f 860 587 575
f 974 973 1794
f 1112 1105 1666
f 597 366 534
f 1589 597 534
f 1896 1897 1767
f 1306 1726 1647
f 1779 859 1898
f 912 1779 1898
f 805 596 595
f 926 805 595
f 918 386 1777
f 1894 918 1777
f 690 1508 1899
f 1093 690 1899
f 1782 1093 1899
f 1006 358 1400
f 1719 1784 1900
f 1554 1719 1900
f 1811 873 1812
f 1636 944 1452
f 307 1221 1690
f 308 307 1690
f 1127 720 675
f 852 1127 675
f 615 1092 1240
f 1728 615 1240
f 911 1517 1516
f 912 911 1516
f 1901 1902 1903
f 715 1142 1702
f 544 715 1702
f 563 633 1904
f 1070 1568 1567
f 1071 1070 1567
f 736 1031 1073
f 1905 5 4
f 1408 1906 1907
f 90 81 1908
f 784 90 1908
f 1909 1070 1088
f 1128 836 838
f 918 1894 1854
f 1329 918 1854
f 1795 1071 1567
f 1910 1064 1819
f 1796 993 1073
f 1911 1796 1073
f 1762 543 542
f 1763 1762 542
f 1797 1912 1753
f 924 1797 1753
f 1338 655 1913
f 1284 1244 1801
f 981 1423 1914
f 1725 1347 1915
f 694 876 1276
f 34 694 1276
f 1779 912 1516
f 937 1779 1516
f 1292 1364 1916
f 642 1292 1916
f 1917 427 426
f 1657 1193 1192
f 1575 1657 1192
f 1317 566 1034
f 1799 1798 1684
f 1686 1799 1684
f 1796 1454 1390
f 1398 1796 1390
f 806 1782 1611
f 1430 1259 1918
f 1768 1430 1918
f 900 199 1149
f 1471 1352 1478
f 1472 1471 1478
f 1383 1385 1866
f 1652 1654 1752
f 1807 1806 1919
f 1920 1921 1922
f 86 69 1845
f 1529 1923 1698
f 1924 1925 1926
f 1107 1927 51
f 1808 132 298
f 1880 1808 298
f 936 1809 1508
f 280 279 1615
f 1810 402 631
f 1155 1810 1856
f 1622 1523 1623
f 1885 1928 1716
f 316 1885 1716
f 1929 1930 1931
f 1932 1933 1934
f 1812 470 469
f 1019 1493 1935
f 1036 1019 1935
f 1198 1252 1727
f 1581 1198 1727
f 1048 1936 1852
f 1049 1048 1852
f 974 1701 1819
f 972 974 1819
f 1262 1511 1760
f 1497 1262 1760
f 1532 1386 1881
f 1460 1372 1664
f 1435 1460 1664
f 1678 1519 1937
f 1679 1588 1729
f 1411 1679 1729
f 1581 1607 1832
f 1522 1938 1738
f 928 815 1845
f 69 928 1845
f 1360 1412 1939
f 715 714 1337
f 1141 715 1337
f 1641 1525 1524
f 1704 1641 1524
f 138 1418 1866
f 1385 138 1866
f 1721 649 1731
f 1370 1721 1731
f 1704 1706 1835
f 423 666 1572
f 1594 1612 1611
f 1940 1941 1702
f 1836 357 356
f 759 466 1836
f 108 469 468
f 109 108 468
f 1183 658 1340
f 1490 1183 1340
f 1040 1102 1942
f 1785 1040 1942
f 1473 1943 1471
f 1610 1410 1409
f 1734 1610 1409
f 1017 58 1496
f 1239 1017 1496
f 1707 1301 1234
f 1944 1689 1545
f 1698 1945 430
f 1530 1698 430
f 1946 1947 1948
f 1567 1312 1795
f 1458 17 1890
f 1459 1458 1890
f 629 628 1856
f 1802 629 1856
f 1949 1950 1951
f 1854 1894 1846
f 1648 1854 1846
f 608 1575 1192
f 395 608 1192
f 1952 1880 298
f 1728 1952 298
f 92 369 1715
f 93 92 1715
f 258 163 1713
f 1178 258 1713
f 108 107 1714
f 1663 108 1714
f 960 921 1861
f 1133 960 1861
f 897 942 1717
f 898 897 1717
f 1855 583 612
f 703 1855 612
f 657 1389 1748
f 776 657 1748
f 1537 1116 925
f 261 181 1953
f 733 1805 734
f 319 1272 631
f 558 319 631
f 1857 1147 1245
f 398 1857 1245
f 1831 1954 1638
f 1859 481 623
f 647 1859 623
f 1860 867 1363
f 1955 1860 1363
f 1463 868 1860
f 1956 1039 1040
f 1785 1956 1040
f 155 1398 1391
f 278 155 1391
f 1517 1785 1942
f 1957 1517 1942
f 1952 1728 1865
f 1228 1952 1865
f 76 1126 1731
f 74 76 1731
f 1863 1670 1719
f 1645 1863 1719
f 1858 827 1013
f 36 1858 1013
f 1587 1586 1620
f 929 450 1720
f 304 929 1720
f 756 758 1729
f 1335 756 1729
f 1958 1186 1721
f 1369 1958 1721
f 899 1680 1722
f 1358 899 1722
f 1197 1095 1723
f 1447 1197 1723
f 1023 1008 1959
f 1353 1352 1960
f 1444 1353 1960
f 1961 1447 1723
f 1851 1961 1723
f 895 605 1962
f 692 895 1962
f 1865 1728 1240
f 1293 1865 1240
f 1396 1963 1964
f 1397 1396 1964
f 500 499 1725
f 1344 500 1725
f 1358 1319 1870
f 1290 1358 1870
f 771 1565 1688
f 803 771 1688
f 1735 1965 1726
f 1307 1735 1726
f 1966 1967 1838
f 275 277 1740
f 1742 275 1740
f 1710 1650 1658
f 1626 1710 1658
f 1968 1969 1970
f 1971 990 1972
f 439 1588 1760
f 1879 1763 1705
f 1524 1879 1705
f 537 1659 1739
f 1743 93 1715
f 1808 1743 1715
f 1973 1521 1764
f 645 1973 1764
f 1974 665 1773
f 696 1404 1835
f 1466 807 1751
f 1075 1466 1751
f 1646 1355 1975
f 1273 1646 1975
f 1883 816 1976
f 1607 730 1755
f 1948 1947 1884
f 1614 1948 1884
f 1948 1614 1263
f 1696 1948 1263
f 1878 1699 1458
f 1759 1174 1733
f 1850 1759 1733
f 1164 1045 1977
f 1888 1316 1733
f 1174 1888 1733
f 1978 1783 1979
f 1443 1980 1679
f 534 1119 1788
f 1589 534 1788
f 542 1706 1705
f 1763 542 1705
f 1956 1785 911
f 913 1956 911
f 1253 1781 1879
f 1855 703 957
f 959 1855 957
f 1088 1090 1981
f 1127 1128 838
f 1031 1127 838
f 1072 1184 1183
f 782 1072 1183
f 1072 1455 1591
f 1184 1072 1591
f 1363 1585 1807
f 1657 1506 1736
f 1315 1657 1736
f 1734 1409 1850
f 1982 1983 769
f 1622 1984 1985
f 1610 1734 1736
f 1506 1610 1736
f 1435 1664 1837
f 1341 1435 1837
f 1986 1091 1743
f 1880 1986 1743
f 335 1987 575
f 317 1716 1870
f 1738 1623 1523
f 1522 1738 1523
f 1655 1195 1950
f 1146 1846 1245
f 1655 1259 1988
f 1989 1001 214
f 908 648 1990
f 1500 489 1991
f 1669 863 865
f 971 1639 1638
f 971 677 1639
f 1792 919 1562
f 288 1186 1816
f 1375 1324 1360
f 1915 1724 1725
f 1223 1992 1993
f 82 81 89
f 1621 1108 1749
f 1407 1455 812
f 1822 1826 1828
f 1893 1258 1660
f 1194 1106 1994
f 1664 1371 1837
f 1995 1849 1996
f 1807 1955 1363
f 1741 1990 1742
f 1997 1991 489
f 462 1669 1998
f 1722 1680 1999
f 2000 1596 1668
f 1818 1277 1082
f 1832 1607 1755
f 830 1887 2001
f 1746 1745 1445
f 810 809 1057
f 707 1462 501
f 2002 1690 1477
f 1975 1355 2003
f 1025 521 2004
f 2005 1587 1620
f 1547 2006 1314
f 2007 580 579
f 2006 1547 2008
f 2009 1153 351
f 2010 1953 181
f 1347 1346 1932
f 1426 1903 2011
f 1444 1157 2012
f 2013 2014 1992
f 2015 179 181
f 2016 1681 1683
f 2017 2018 482
f 491 2017 482
f 2019 1480 1170
f 946 1620 1619
f 2020 1774 1771
f 1410 1241 2021
f 1997 489 488
f 82 89 2022
f 2023 1087 1468
f 1194 1994 2024
f 602 601 1737
f 1558 51 1927
f 1496 57 2025
f 1136 1290 2026
f 1091 1986 1888
f 1174 1091 1888
f 2027 1528 1631
f 2028 1718 1717
f 1636 2028 1717
f 1297 162 2029
f 2030 1878 1399
f 2031 214 261
f 1953 2031 261
f 2032 1422 389
f 865 2033 1669
f 1871 2034 1799
f 2035 1422 875
f 1178 1113 2036
f 1545 2037 1944
f 2038 2039 467
f 1534 1533 1505
f 1822 1828 2040
f 1860 2041 1463
f 1584 941 2042
f 1879 1781 2043
f 1903 1902 2011
f 1366 1365 2044
f 2045 1445 646
f 529 436 1129
f 629 1351 528
f 25 629 528
f 408 1848 1847
f 409 408 1847
f 1255 1254 760
f 1557 1572 666
f 1776 1557 666
f 990 1495 2046
f 2047 1980 1443
f 1651 2047 1443
f 1168 1523 2048
f 1860 1955 2041
f 2049 2050 1881
f 2051 2052 1503
f 68 2051 1503
f 69 68 928
f 1089 2053 1090
f 292 2054 106
f 106 2054 80
f 189 2055 436
f 436 2055 1129
f 345 2056 1020
f 1020 2056 1021
f 1442 253 1671
f 344 2056 345
f 527 2003 244
f 1676 2057 2058
f 897 2059 942
f 767 2060 292
f 292 2060 2061
f 323 322 2062
f 526 2063 524
f 832 2064 2065
f 2065 2064 2066
f 1051 2067 1050
f 1742 2068 275
f 275 2068 594
f 835 837 832
f 1627 2023 786
f 368 2069 800
f 800 2069 1755
f 526 2070 2071
f 2071 2070 1851
f 561 2072 816
f 816 2072 1976
f 561 737 2072
f 2073 934 1692
f 117 2006 1059
f 810 1058 1125
f 799 2074 797
f 797 2074 1801
f 1118 2075 470
f 838 2076 1031
f 1778 2004 884
f 933 2077 1086
f 1086 2077 1862
f 1227 2078 1228
f 1228 2078 1952
f 2079 1970 2080
f 1991 1501 1500
f 980 1429 634
f 321 2015 213
f 1979 1291 1754
f 892 2019 791
f 679 2081 1171
f 1171 2081 2082
f 2083 1342 1732
f 1670 2084 1784
f 1784 2084 2085
f 1862 1378 1925
f 1384 127 1385
f 898 1756 1249
f 2086 2087 1380
f 2088 1917 1963
f 1678 2089 1453
f 1453 2089 1563
f 1143 2090 1604
f 1604 2090 1448
f 462 1566 1669
f 2091 2092 1685
f 1685 2092 1686
f 671 2093 1538
f 1538 2093 1233
f 409 1656 1791
f 970 1656 1421
f 1580 2094 1156
f 2095 2096 2039
f 660 2097 884
f 884 2097 1333
f 1331 2098 1595
f 1595 2098 2099
f 2100 1672 252
f 1755 2101 1832
f 2102 2103 1739
f 2104 2105 1915
f 1606 2106 1607
f 1958 2107 1186
f 1186 2107 1816
f 1683 2108 678
f 678 2108 679
f 1086 1691 933
f 1507 2109 1188
f 1359 2110 1653
f 147 2035 187
f 580 2042 415
f 970 1791 1656
f 1221 2111 1693
f 2112 2113 1596
f 2114 1724 2115
f 1622 1985 1523
f 1523 1985 2048
f 1407 1814 842
f 2116 1280 2117
f 829 2118 618
f 618 2118 1114
f 2119 279 851
f 1679 2120 1588
f 1588 2120 1760
f 1685 2121 2091
f 2122 2123 1509
f 1233 2124 796
f 1136 2125 1416
f 1416 2125 1650
f 1413 1946 1697
f 1712 2126 1332
f 1332 2126 1333
f 2127 1373 56
f 1849 1848 1996
f 1401 2128 1400
f 1928 2026 1716
f 1990 729 2129
f 691 2027 417
f 2130 2131 2057
f 1431 2132 401
f 1634 2005 422
f 689 2133 1616
f 891 2030 2134
f 2135 747 2136
f 1381 1923 2137
f 1836 1926 759
f 631 2138 1810
f 1810 2138 1856
f 2139 1937 1973
f 460 2009 1366
f 1276 2140 34
f 1963 1945 1964
f 2141 2142 1745
f 904 2143 1163
f 361 2144 2145
f 2145 2144 894
f 438 2146 318
f 318 2146 1261
f 564 2147 741
f 741 2147 368
f 1692 2148 2073
f 1362 2149 1106
f 1106 2149 1994
f 1873 2019 892
f 1486 2150 2151
f 1115 2152 1861
f 2153 1988 1574
f 1520 1823 1709
f 255 2154 256
f 1673 2155 2156
f 2156 2157 2158
f 269 2151 579
f 579 2151 2150
f 843 1971 1692
f 2159 1117 2160
f 1225 2013 1223
f 1776 2161 289
f 2083 1343 1342
f 1300 2017 491
f 1431 2162 2163
f 2164 2020 377
f 9 2165 1573
f 1479 2021 1241
f 1223 2166 1224
f 1077 2167 633
f 1386 2168 1881
f 1152 2169 455
f 2170 2171 2172
f 1062 2173 1678
f 1678 2173 1519
f 1292 2174 377
f 377 2174 2164
f 1507 1927 1107
f 574 2175 1488
f 1348 2176 1748
f 1748 2176 2177
f 1265 2062 1440
f 214 2031 1989
f 1422 2032 1794
f 503 1534 1209
f 828 2034 829
f 1034 2038 1317
f 1953 2178 2179
f 1709 2040 2045
f 401 2142 399
f 1250 2180 724
f 724 2180 1680
f 626 2181 627
f 1654 2087 1735
f 2182 2183 856
f 378 2184 379
f 379 2184 1172
f 2185 2186 2187
f 1962 2188 692
f 692 2188 1570
f 760 2189 1255
f 1482 2190 1896
f 1896 2190 1897
f 24 2191 407
f 273 2050 891
f 2050 2049 1878
f 1677 2130 2057
f 1676 1677 2057
f 81 80 2054
f 1908 81 2054
f 621 620 2192
f 2054 292 2061
f 1908 2054 2061
f 1359 2059 2110
f 2193 2194 2140
f 2059 1359 943
f 942 2059 943
f 471 470 2075
f 1357 471 2075
f 697 1156 2094
f 1873 697 2094
f 671 501 2093
f 1500 2195 2196
f 555 613 1387
f 1776 555 1387
f 2063 526 2071
f 2064 832 837
f 836 2064 837
f 2067 1051 2197
f 1675 2067 2197
f 2068 982 550
f 594 2068 550
f 858 1283 1282
f 837 835 2076
f 838 837 2076
f 844 843 1691
f 1086 844 1691
f 2023 1627 1749
f 1087 2023 1749
f 2069 368 2147
f 1904 2069 2147
f 1024 1025 905
f 2070 526 1036
f 1935 2070 1036
f 898 1718 1756
f 1568 1070 1909
f 1486 1568 1909
f 2056 2198 1304
f 1021 2056 1304
f 1382 1381 2137
f 1833 1382 2137
f 2074 799 1444
f 1960 2074 1444
f 2163 626 625
f 1431 2163 625
f 1035 282 444
f 1108 1035 444
f 2004 1778 905
f 1025 2004 905
f 1726 1965 1954
f 2078 1227 1888
f 1986 2078 1888
f 387 2199 2200
f 51 1558 2201
f 49 51 2201
f 767 2202 2060
f 572 917 1187
f 1008 572 1187
f 2067 1675 1674
f 2203 2067 1674
f 1362 13 622
f 1295 1362 622
f 2015 321 323
f 1284 1801 2204
f 1388 1284 2204
f 1375 1360 127
f 1384 1375 127
f 2081 679 2108
f 2084 1670 1672
f 2100 2084 1672
f 896 604 2205
f 1953 2010 2178
f 1625 830 2001
f 1663 1625 2001
f 1396 2206 2106
f 979 454 825
f 980 979 825
f 229 228 885
f 2070 1935 1961
f 1851 2070 1961
f 2071 1851 2207
f 1783 703 1291
f 1979 1783 1291
f 776 1748 2177
f 1429 635 634
f 2208 1644 2209
f 2089 1678 1937
f 2139 2089 1937
f 8 1255 2165
f 9 8 2165
f 1427 251 253
f 1442 1427 253
f 2210 62 61
f 2211 1048 2212
f 586 1527 2213
f 1103 1448 2090
f 1104 1103 2090
f 2069 1904 2101
f 1755 2069 2101
f 2092 2091 1343
f 2083 2092 1343
f 1613 1617 1619
f 1586 1613 1619
f 2214 1462 2215
f 1233 2093 2124
f 718 717 2216
f 2217 1114 2118
f 2218 2217 2118
f 1300 2219 2017
f 363 1217 1339
f 1210 363 1339
f 1100 997 1505
f 1479 1589 2021
f 2097 660 2220
f 2170 2097 2220
f 2098 1331 2170
f 2172 2098 2170
f 2064 836 1169
f 2066 2064 1169
f 2221 390 1491
f 1436 2222 2223
f 2105 2085 2084
f 2100 2105 2084
f 2105 2100 2115
f 1915 2105 2115
f 730 1607 2106
f 2107 1958 1863
f 1645 2107 1863
f 1583 1475 2224
f 2225 1693 2111
f 335 1489 1853
f 1902 10 2226
f 1493 1447 1961
f 1935 1493 1961
f 860 575 1987
f 827 1858 2146
f 438 827 2146
f 1246 1439 2227
f 563 1904 2147
f 564 563 2147
f 1362 1295 2149
f 1992 1223 2013
f 1875 2228 2229
f 2230 1989 2179
f 2182 2230 2179
f 2109 1507 1689
f 2035 147 389
f 1422 2035 389
f 2231 2232 2072
f 631 1272 2138
f 1130 1129 2055
f 1176 1168 2048
f 1767 1718 2028
f 306 406 1791
f 970 306 1791
f 2042 580 2007
f 1584 2042 2007
f 908 1990 2233
f 909 908 2233
f 2133 2234 2235
f 1616 2133 2235
f 2236 1570 2188
f 1960 2237 2238
f 1809 274 111
f 2218 2118 1871
f 1820 1074 1658
f 2120 1679 1980
f 2239 2120 1980
f 1652 1380 2087
f 1654 1652 2087
f 1446 1825 2215
f 1462 1446 2215
f 2125 1136 2026
f 1928 2125 2026
f 1275 1947 1946
f 1413 1275 1946
f 12 34 2140
f 1792 490 2196
f 919 1792 2196
f 1880 1952 2078
f 1986 1880 2078
f 1511 1261 2146
f 1858 1511 2146
f 272 1881 2050
f 273 272 2050
f 1766 1767 1897
f 1497 1760 2120
f 2239 1497 2120
f 1720 449 1003
f 926 1720 1003
f 426 430 1945
f 1963 426 1945
f 1690 2002 2240
f 2027 691 1765
f 1528 2027 1765
f 2132 1431 625
f 2097 2170 1331
f 1333 2097 1331
f 2133 2241 2242
f 2234 2133 2242
f 1797 976 1298
f 1912 1797 1298
f 2030 891 2050
f 1878 2030 2050
f 461 807 1566
f 462 461 1566
f 1917 426 1963
f 2223 1434 1436
f 2243 1772 2046
f 1510 462 1998
f 1703 11 2191
f 2009 460 245
f 1153 2009 245
f 2244 2081 2108
f 408 1559 1848
f 2082 2081 2245
f 2143 904 905
f 1778 2143 905
f 894 2144 999
f 2083 2218 2092
f 1862 2077 1378
f 1727 427 1917
f 1606 1727 1917
f 1876 1875 2169
f 1152 1876 2169
f 746 2246 2220
f 2247 2248 2242
f 570 2249 1750
f 2150 1486 1909
f 1843 2250 451
f 1577 1732 1342
f 1837 1577 1342
f 2164 2251 2252
f 693 1570 1747
f 1445 2045 1746
f 2253 2071 2207
f 2179 1989 2031
f 1953 2179 2031
f 226 1295 622
f 763 226 622
f 2254 2255 1534
f 1887 1811 2001
f 356 1924 1926
f 1836 356 1926
f 1818 1176 2155
f 910 909 2002
f 1477 910 2002
f 122 377 2020
f 1771 122 2020
f 927 2164 2184
f 378 927 2184
f 1784 2085 2245
f 1900 1784 2245
f 833 1793 2256
f 834 833 2256
f 874 244 2003
f 1355 874 2003
f 581 884 2004
f 521 581 2004
f 755 217 2257
f 1433 755 2257
f 817 422 2005
f 1620 817 2005
f 482 2018 1920
f 403 482 1920
f 196 856 2183
f 1765 196 2183
f 268 1486 2151
f 269 268 2151
f 951 1314 2006
f 117 951 2006
f 1062 1066 2173
f 1926 1925 1378
f 759 1926 1378
f 1152 981 2258
f 887 1366 2009
f 351 887 2009
f 180 1237 2010
f 181 180 2010
f 1971 843 821
f 990 1971 821
f 1424 1426 2011
f 2259 1424 2011
f 1353 1444 2012
f 1417 834 2256
f 1656 1643 1542
f 1421 1656 1542
f 1286 1317 2038
f 467 1286 2038
f 2260 1288 441
f 746 2136 747
f 1979 2261 2262
f 2161 1776 1387
f 1576 2161 1387
f 1343 2091 1708
f 1341 1343 1708
f 261 213 2015
f 181 261 2015
f 936 791 2019
f 1170 936 2019
f 1278 946 1619
f 1617 1278 1619
f 1273 1975 2162
f 1431 1273 2162
f 1554 1900 2263
f 1555 1554 2263
f 2215 1825 684
f 794 2215 684
f 1574 1573 2165
f 665 2264 2175
f 574 665 2175
f 1630 1754 1291
f 702 1630 1291
f 2166 1223 1993
f 2142 475 1745
f 770 769 1983
f 410 82 2022
f 1495 410 2022
f 2168 1386 613
f 1642 786 2023
f 1468 1642 2023
f 642 1172 2174
f 1292 642 2174
f 312 1558 1927
f 1507 312 1927
f 1470 1798 2025
f 57 1470 2025
f 2033 865 1488
f 2175 2033 1488
f 2265 1473 1472
f 1026 1739 2180
f 1250 1026 2180
f 2266 935 934
f 2073 2266 934
f 1348 347 2176
f 2062 1265 1264
f 323 2062 1264
f 2267 1850 1409
f 1937 1519 1521
f 1973 1937 1521
f 1870 1716 2026
f 1290 1870 2026
f 1763 1879 2043
f 1761 1763 2043
f 2058 2057 1827
f 1200 1574 1988
f 1259 1200 1988
f 1143 2268 2090
f 418 417 2027
f 1631 418 2027
f 1073 1031 2076
f 1911 1073 2076
f 1224 2134 2030
f 1399 1224 2030
f 2032 389 2024
f 1874 1876 2269
f 1257 2270 2271
f 1660 1257 2271
f 1945 1698 2272
f 1964 1945 2272
f 1534 503 2254
f 2272 1698 1923
f 1381 2272 1923
f 2273 1037 1039
f 1800 1799 2034
f 828 1800 2034
f 2274 187 2035
f 1972 990 2046
f 1811 2275 2001
f 2182 2276 2183
f 1505 2277 1100
f 505 842 1814
f 1365 1463 2041
f 2278 1365 2041
f 2142 401 2132
f 1741 1829 2233
f 2279 627 2181
f 1962 1757 2188
f 2184 2164 2174
f 1172 2184 2174
f 1708 2091 2280
f 2186 1653 2110
f 546 415 2042
f 941 546 2042
f 1609 1608 2281
f 1764 1709 2045
f 646 1764 2045
f 934 933 1691
f 1692 934 1691
f 2190 1482 1481
f 2044 1365 2278
f 444 1087 1749
f 1108 444 1749
f 2282 2283 2212
f 733 1803 1805
f 885 881 1189
f 1402 1323 2284
f 1008 1187 1959
f 1501 1991 2013
f 1225 1501 2013
f 1954 1831 1647
f 1726 1954 1647
f 1044 1429 2273
f 1853 1852 1987
f 335 1853 1987
f 2285 2267 2265
f 2258 981 1914
f 2008 2286 2037
f 1379 1378 2077
f 2040 1828 1746
f 2045 2040 1746
f 2061 2060 2287
f 2288 2061 2287
f 1823 1822 2040
f 1709 1823 2040
f 2289 1849 1995
f 2187 2290 2185
f 2291 2292 2293
f 2290 2187 2205
f 2172 2171 2294
f 1113 1018 2036
f 999 2144 2295
f 1505 1209 1534
f 1985 2296 2048
f 1854 1648 1647
f 1831 1854 1647
f 2256 1793 2297
f 2007 579 2150
f 1998 1669 2033
f 253 252 1672
f 1671 253 1672
f 2298 2134 2166
f 1915 2115 1724
f 210 2299 2300
f 2060 2301 2287
f 273 334 271
f 586 585 1527
f 2261 2302 2303
f 737 2231 2072
f 1867 1869 2016
f 809 1000 999
f 1256 1029 2304
f 1555 1681 2305
f 2306 2282 2212
f 1990 648 729
f 835 834 1419
f 396 398 1579
f 1195 2307 1950
f 2308 2309 2310
f 1243 1420 1405
f 2294 2311 2312
f 920 591 1999
f 1603 1601 2313
f 2314 1159 2153
f 1596 2000 2112
f 892 1150 1873
f 2096 1929 1931
f 1052 725 229
f 2233 1990 1741
f 2315 1949 1951
f 1112 1666 2316
f 2317 1924 1824
f 1181 1165 1164
f 2258 1876 1152
f 855 2318 322
f 2134 1224 2166
f 2193 2319 2320
f 1931 2039 2096
f 1995 2051 2321
f 1426 2291 1903
f 560 2293 737
f 344 2198 2056
f 2229 2169 1875
f 1661 2322 709
f 1628 1965 2323
f 620 1172 642
f 2203 2309 1592
f 1401 2324 2128
f 854 853 2325
f 1098 854 2325
f 2326 1529 206
f 2327 2328 2329
f 2330 2308 2310
f 1876 2331 2269
f 708 1640 2332
f 709 708 2332
f 1001 1989 2333
f 1154 1001 2333
f 2334 1626 1531
f 2224 1475 2335
f 2336 2075 1118
f 757 756 2337
f 881 757 2337
f 375 1901 2338
f 560 375 2338
f 2339 505 1814
f 183 2339 1814
f 1834 1833 2340
f 2341 1085 1084
f 1977 1045 2342
f 2343 1023 2344
f 1635 434 2345
f 2346 1481 1483
f 133 696 2347
f 135 133 2347
f 1491 822 2348
f 1077 1078 2349
f 1503 2350 6
f 1504 1503 6
f 1982 769 1329
f 2351 2207 1632
f 1593 1592 2352
f 825 824 2353
f 1806 1585 2354
f 2355 598 1864
f 1838 998 1966
f 2356 2021 1589
f 1788 2356 1589
f 111 2357 1809
f 1830 1741 1740
f 2358 2359 2360
f 1023 1959 2344
f 1802 2361 1430
f 1859 647 2362
f 2363 2318 2364
f 1097 1220 2364
f 1798 1800 2025
f 522 2365 1605
f 606 2366 2367
f 2368 1096 958
f 1219 1097 338
f 1279 1550 2369
f 2370 1897 2190
f 2371 2044 2278
f 2372 2311 2294
f 2171 2372 2294
f 888 1510 1998
f 1841 1298 367
f 643 642 1916
f 2331 1876 2258
f 1875 1874 2373
f 1995 2374 2289
f 2375 2376 2261
f 2377 2378 1918
f 409 1847 2379
f 2380 2381 2382
f 1302 2380 2382
f 1839 2383 1857
f 2384 986 907
f 1891 680 2385
f 1928 2386 2125
f 1766 2279 2387
f 2388 1766 2387
f 2302 2389 2390
f 2303 2302 2390
f 1373 2127 59
f 2391 2163 2162
f 2392 2391 2162
f 2139 1047 2393
f 2089 2139 2393
f 2261 2303 2262
f 1556 1644 2394
f 2395 2396 2397
f 2043 1781 2398
f 2392 2162 1975
f 2399 1119 535
f 2400 2230 718
f 2401 2029 2402
f 1965 1628 2403
f 1954 1965 2403
f 2404 2305 1681
f 2405 599 600
f 1683 1682 2406
f 2108 1683 2406
f 2407 1955 1807
f 2229 2158 2408
f 2409 2410 102
f 2411 1707 1234
f 1770 1660 2412
f 2413 1790 1789
f 1674 1673 2414
f 2160 1117 1116
f 2197 2415 1675
f 2416 2037 1545
f 2417 2041 1955
f 579 2418 269
f 2419 2273 1039
f 2029 162 2420
f 2402 2029 2421
f 775 920 2422
f 2423 2424 2425
f 1336 1191 2426
f 1281 1280 2116
f 2427 1164 1977
f 229 2428 1052
f 2429 1140 432
f 2367 2430 606
f 1366 2044 2431
f 6 452 11
f 4 6 11
f 528 1351 413
f 412 528 413
f 1592 2309 2352
f 1661 1951 2322
f 1996 1848 1559
f 2350 1996 1559
f 2432 2318 855
f 1287 2432 855
f 1616 2235 1603
f 2433 1958 1369
f 1442 2433 1369
f 1238 848 270
f 1017 1238 270
f 2434 10 1902
f 1901 2434 1902
f 1847 1849 2435
f 870 2191 24
f 26 870 24
f 2436 1676 2058
f 2437 2315 1951
f 1661 1403 1951
f 1978 2368 1783
f 828 2438 1800
f 136 128 255
f 255 128 1939
f 2274 2439 187
f 187 2439 188
f 184 183 2440
f 812 183 1814
f 2423 190 2441
f 166 2442 21
f 21 2442 496
f 458 1499 1890
f 2443 381 2444
f 1246 2445 1247
f 1247 2445 251
f 455 2446 453
f 453 2446 1564
f 847 522 1605
f 42 2447 189
f 189 2447 2055
f 248 2195 458
f 515 663 1129
f 1129 663 529
f 869 2448 1703
f 619 2299 209
f 209 2299 210
f 747 643 748
f 748 643 2449
f 567 2450 1269
f 1269 2450 2451
f 1843 668 2250
f 2316 2452 1112
f 77 2453 78
f 78 2453 859
f 1920 2334 403
f 627 2370 749
f 749 2370 2454
f 802 2455 1098
f 1098 2455 1099
f 2274 2456 2457
f 2197 903 2458
f 2274 906 2456
f 1120 808 1028
f 1028 808 810
f 59 930 2459
f 859 2342 1898
f 1898 2342 2460
f 640 2277 698
f 1066 1065 2173
f 2270 1111 2271
f 586 2461 953
f 953 2461 1237
f 153 221 780
f 222 2462 661
f 661 2462 895
f 1414 2463 940
f 940 2463 704
f 1144 2355 1450
f 1550 1219 2369
f 256 1270 156
f 156 1270 876
f 2464 1271 1270
f 467 2465 357
f 357 2465 355
f 1323 1297 2284
f 749 2346 473
f 473 2346 2466
f 2395 1309 2396
f 2302 2467 2389
f 1300 1336 2219
f 1818 2458 1277
f 598 1211 485
f 2189 1379 2468
f 1282 1388 2469
f 1162 2444 1053
f 2000 2470 2312
f 2312 2470 2471
f 688 2472 689
f 686 1405 2473
f 1052 2345 916
f 1601 1437 2313
f 1550 1441 1219
f 1394 2474 717
f 717 2474 2216
f 1418 1454 1419
f 1667 2475 1381
f 1381 2475 2272
f 1415 2476 1697
f 1697 2476 1413
f 999 2371 809
f 5 1504 6
f 1512 1513 1167
f 732 2211 733
f 698 1535 493
f 493 1535 1665
f 2477 1539 2478
f 1090 2479 1981
f 1895 1578 1894
f 1894 1578 1846
f 1434 2348 1642
f 2480 2481 2308
f 2308 2481 2309
f 2291 1602 2292
f 355 1930 2482
f 1199 2349 1549
f 1288 1711 1289
f 1289 1711 1332
f 1615 1687 280
f 1805 1694 2483
f 1439 1695 2227
f 17 1699 2484
f 1994 1700 2024
f 2024 1700 2032
f 2111 2285 2225
f 645 2485 1973
f 1973 2485 2139
f 135 1940 1612
f 1612 1940 1702
f 1790 2199 388
f 388 2199 387
f 1665 2255 1651
f 1770 1730 777
f 1745 1744 2141
f 2131 1744 2486
f 605 1758 1962
f 1962 1758 1757
f 1256 1030 1029
f 1079 2487 1512
f 1512 2487 2488
f 2282 1803 2283
f 1482 1804 1483
f 191 2489 347
f 347 2489 2176
f 2152 1817 1553
f 1553 1817 1645
f 915 1936 732
f 1885 1820 1928
f 1928 1820 2386
f 1822 1824 2490
f 356 1824 1924
f 1827 1826 2491
f 1827 2486 1828
f 1433 1830 1432
f 397 1839 1857
f 2221 1841 390
f 1845 1842 86
f 1598 2411 795
f 1668 2492 2000
f 1735 1867 1965
f 1965 1867 2323
f 1969 2304 1970
f 1997 2014 1991
f 1991 2014 2013
f 860 1877 1285
f 1285 1877 324
f 2111 1886 2285
f 1597 1892 2493
f 2259 2351 1424
f 1424 2351 2494
f 1899 2495 1782
f 1178 2441 258
f 1787 1906 1788
f 1788 1906 1408
f 1520 2317 1823
f 1823 2317 1824
f 2249 2496 2282
f 2282 2496 1803
f 1710 1921 1649
f 2497 2491 2482
f 2482 2491 1826
f 2498 1933 2477
f 1994 1701 1700
f 1515 1938 1513
f 1689 2095 2109
f 1706 1941 1835
f 161 2499 162
f 162 2499 2420
f 1761 1966 1833
f 1969 1968 2451
f 451 2362 150
f 665 1974 2264
f 2264 1974 889
f 1992 2500 2397
f 1887 1982 1637
f 1608 1984 2281
f 2257 2501 1433
f 1293 2502 1543
f 1543 2502 1598
f 1452 2503 1636
f 1636 2503 2028
f 1133 2404 1869
f 2301 2504 2287
f 2423 2036 2424
f 698 1533 1535
f 2121 2505 2303
f 2374 2506 1122
f 1503 2052 2350
f 2350 2052 1996
f 334 2300 271
f 271 2300 2299
f 215 2507 498
f 747 641 643
f 944 2493 1452
f 1058 2407 1125
f 939 2508 940
f 940 2508 1415
f 1919 2080 1125
f 1125 2080 1029
f 2293 2509 737
f 737 2509 2231
f 543 2510 714
f 714 2510 206
f 1605 2511 1310
f 2512 2102 1659
f 1659 2102 1739
f 1934 2104 1932
f 1473 1907 1906
f 2312 2112 2000
f 1246 2114 2445
f 1684 2117 1685
f 1685 2117 2121
f 113 2119 670
f 670 2119 851
f 1526 2122 1631
f 1631 2122 1509
f 2215 2124 2214
f 2443 1712 1711
f 1990 2129 1742
f 1742 2129 2068
f 1674 2513 2203
f 926 2251 927
f 927 2251 2164
f 1149 2136 900
f 1900 2244 2263
f 2131 2141 1744
f 710 2148 2514
f 1852 2515 1987
f 1987 2515 860
f 2464 2154 2516
f 288 2160 287
f 1832 2517 1582
f 1582 2517 1199
f 2187 2518 2205
f 2101 2167 1832
f 2516 2519 2520
f 2520 2519 2521
f 2186 2185 2522
f 2523 2185 2524
f 2343 2525 2526
f 2168 2049 1881
f 2192 2527 621
f 95 2194 688
f 688 2194 2193
f 2152 1815 1817
f 1304 2198 2528
f 2075 2478 1357
f 1357 2478 1539
f 2077 2468 1379
f 1919 2079 2080
f 969 2202 861
f 861 2202 767
f 138 129 136
f 136 129 128
f 959 2459 745
f 745 2459 930
f 2172 2471 2098
f 1395 2206 1396
f 2477 2336 2498
f 2498 2336 2529
f 416 2210 2530
f 586 2213 2276
f 2276 2213 2183
f 2093 2214 2124
f 1512 1514 1513
f 1491 2222 2221
f 2221 2222 2531
f 1119 2469 1787
f 1787 2469 1388
f 2265 2225 2285
f 2343 2226 2448
f 1724 2227 1695
f 2359 2253 2360
f 2360 2253 2532
f 2229 2228 2158
f 2158 2228 2156
f 2055 2533 1130
f 2028 2335 1767
f 1916 2534 2327
f 2535 2536 2504
f 2163 2236 626
f 1924 2537 1925
f 1925 2537 2538
f 492 2483 988
f 988 2483 1694
f 2311 2539 2540
f 1471 2237 1352
f 1352 2237 1960
f 2531 1840 2221
f 2221 1840 1841
f 1662 2541 330
f 330 2541 2511
f 2257 2240 2501
f 2520 2241 2472
f 1149 2135 2136
f 1491 2223 2222
f 1772 2243 175
f 175 2243 2542
f 1102 2413 1942
f 2171 2246 2543
f 2231 2248 2232
f 1882 2530 848
f 1859 2250 668
f 1540 2412 1633
f 2207 2532 2253
f 2255 2254 2544
f 1100 2545 1667
f 2012 2384 1353
f 2443 2260 2507
f 1979 2262 1978
f 1096 2546 1280
f 1280 2546 2505
f 1576 2547 2161
f 1626 1922 1710
f 1710 1922 1921
f 1412 2548 1939
f 1939 2548 255
f 1887 1983 1982
f 2062 2363 1440
f 1789 2457 1957
f 1957 2457 2456
f 1790 2268 2199
f 2324 2528 2128
f 2128 2528 2198
f 1759 2549 1175
f 1175 2549 1043
f 469 2275 1812
f 1812 2275 1811
f 1433 1829 1830
f 1897 2279 1766
f 1757 2550 2188
f 2303 2280 2121
f 2121 2280 2091
f 1902 2526 2011
f 733 2283 1803
f 2029 2284 1297
f 1429 2353 2273
f 1662 1914 1423
f 2037 2286 2551
f 784 2288 1629
f 1816 2159 288
f 288 2159 2160
f 2290 2524 2185
f 1972 2514 1971
f 2293 2292 2552
f 1603 2292 1602
f 2044 2295 2431
f 1034 2553 2038
f 2038 2553 2039
f 2087 1868 1735
f 1735 1868 1867
f 2043 1967 1761
f 1761 1967 1966
f 2158 2296 2408
f 1276 2319 2140
f 2140 2319 2193
f 2033 2554 1998
f 1998 2554 888
f 102 2113 2540
f 2540 2113 2112
f 356 2490 1824
f 413 2555 414
f 1895 1579 1578
f 448 2437 1403
f 1403 2437 1951
f 1536 2313 1437
f 2189 2314 2556
f 1891 2315 2437
f 2516 2320 2464
f 2464 2320 2319
f 2106 2088 1396
f 1396 2088 1963
f 1995 2321 2374
f 2374 2321 2506
f 2096 2551 1929
f 1929 2551 2286
f 2016 2323 1867
f 613 2484 2168
f 2168 2484 1699
f 496 2325 853
f 2059 2557 2110
f 2110 2557 2518
f 370 664 1020
f 1020 664 663
f 828 2558 2438
f 710 2559 711
f 711 2559 1772
f 640 2560 2545
f 1002 2332 1640
f 2230 2333 1989
f 1046 2200 1143
f 1268 2561 1071
f 1071 2561 1069
f 811 2440 812
f 812 2440 183
f 872 2529 1118
f 1118 2529 2336
f 992 2337 756
f 1361 2562 1412
f 1412 2562 2519
f 969 2410 2301
f 182 2339 183
f 206 2340 2326
f 1085 2341 1326
f 1326 2341 2474
f 1356 2563 1296
f 1311 2460 1045
f 1045 2460 2342
f 2360 2344 2358
f 1885 1821 1820
f 1483 2466 2346
f 1835 2347 696
f 1230 2564 1882
f 655 2565 1913
f 1913 2565 2564
f 1562 2473 2297
f 948 2494 1632
f 1632 2494 2351
f 1150 2566 1149
f 1149 2566 2527
f 400 2567 1646
f 1646 2567 2563
f 2479 2354 1584
f 1584 2354 1585
f 1583 1864 683
f 1414 2568 2239
f 2239 2568 1497
f 1408 2356 1788
f 1899 2357 2495
f 1959 2358 2344
f 1272 2361 2138
f 330 2365 331
f 331 2365 522
f 895 2366 606
f 1006 1487 28
f 1634 2569 2005
f 2005 2569 1587
f 338 2369 1219
f 1481 2454 2190
f 2190 2454 2370
f 1866 2570 1383
f 1383 2570 1889
f 1993 2488 2166
f 1916 2449 643
f 333 2571 1203
f 1203 2571 1204
f 1912 2375 1753
f 1753 2375 1754
f 1950 2377 1655
f 1644 2379 2209
f 1401 2381 2324
f 1401 2382 2381
f 2378 2385 2555
f 1658 2386 1820
f 1756 2388 1757
f 2181 2387 2279
f 2165 2556 1574
f 2531 2376 1912
f 1912 2376 2375
f 2233 2572 909
f 58 2127 56
f 2573 2574 1239
f 1239 2574 1231
f 1049 2393 1047
f 777 2394 778
f 1289 2575 1287
f 1287 2575 2432
f 1781 2383 2398
f 1838 2383 1839
f 1838 2398 2383
f 2242 2521 2247
f 89 2542 2022
f 2022 2542 2243
f 1282 2399 858
f 1154 2400 1084
f 1402 2401 2247
f 971 2403 1628
f 2177 2405 776
f 2263 1682 1555
f 1555 1682 1681
f 2263 2406 1682
f 1134 2086 1380
f 1980 2576 2239
f 2239 2576 1414
f 1774 2252 1640
f 1640 2252 2251
f 2155 2157 2156
f 2173 2538 1519
f 2535 2409 2539
f 1680 2103 1999
f 1999 2103 2102
f 1801 2238 2204
f 2204 2238 2237
f 77 2577 2452
f 1874 2414 2373
f 2155 2415 1818
f 2006 2416 1059
f 1057 2417 1058
f 382 2418 579
f 1311 2419 913
f 2029 2420 2421
f 1883 2421 2420
f 775 2422 2578
f 1180 2578 2480
f 2480 2578 2422
f 1018 2424 2036
f 1684 2116 2117
f 1164 2427 1181
f 1181 2427 1666
f 1189 2428 885
f 885 2428 229
f 1795 2429 1339
f 2205 2430 2290
f 2235 2552 1603
f 1603 2552 2292
f 1671 2433 1442
f 2523 2522 2185
f 2523 2435 2522
f 478 2123 2122
f 1999 2579 920
f 920 2579 2422
f 2008 2436 2286
f 2368 1978 2546
f 1096 2368 2546
f 2439 2274 2457
f 1789 2439 2457
f 2442 166 802
f 1098 2442 802
f 1499 458 2195
f 1500 1499 2195
f 359 361 2145
f 223 359 2145
f 192 258 2441
f 190 192 2441
f 12 2140 2194
f 95 12 2194
f 2446 455 2169
f 2229 2446 2169
f 217 309 308
f 2257 217 308
f 2447 42 219
f 290 2447 219
f 2195 248 919
f 2196 2195 919
f 663 515 345
f 1020 663 345
f 2448 869 1023
f 2343 2448 1023
f 2299 619 967
f 271 2299 967
f 2442 1098 2325
f 496 2442 2325
f 2450 567 1111
f 2270 2450 1111
f 55 54 930
f 59 55 930
f 1977 2453 2316
f 502 397 396
f 939 502 396
f 1806 2053 2079
f 1919 1806 2079
f 1225 1399 1459
f 1501 1225 1459
f 1346 671 1539
f 2477 1346 1539
f 2453 1977 2342
f 859 2453 2342
f 833 832 2065
f 488 833 2065
f 2334 1920 1922
f 1626 2334 1922
f 2208 2580 778
f 625 624 866
f 2132 625 866
f 2370 627 2279
f 1897 2370 2279
f 2455 802 903
f 2197 2455 903
f 2455 2197 1051
f 1099 2455 1051
f 1126 76 839
f 478 1126 839
f 325 732 734
f 492 325 734
f 808 1120 1000
f 809 808 1000
f 1896 1475 1474
f 1482 1896 1474
f 730 2106 2206
f 532 730 2206
f 2581 2307 2266
f 2073 2581 2266
f 2277 640 2545
f 1100 2277 2545
f 221 153 2462
f 222 221 2462
f 1151 956 1050
f 1592 1151 1050
f 2462 153 2366
f 895 2462 2366
f 2581 2073 2148
f 2463 1414 2576
f 2544 2463 2576
f 2301 2060 2202
f 969 2301 2202
f 2355 1144 1211
f 598 2355 1211
f 2450 2270 1969
f 2451 2450 1969
f 239 86 1842
f 451 239 1842
f 1270 256 2154
f 2464 1270 2154
f 2465 467 2039
f 1931 2465 2039
f 1750 2306 2485
f 645 1750 2485
f 882 881 2337
f 992 882 2337
f 1322 160 1297
f 1323 1322 1297
f 2346 749 2454
f 1481 2346 2454
f 1266 523 522
f 847 1266 522
f 2458 1818 2415
f 2197 2458 2415
f 801 1277 2458
f 903 801 2458
f 2461 2178 2010
f 1237 2461 2010
f 1327 1326 2474
f 1394 1327 2474
f 2444 1162 1163
f 2099 2470 2582
f 2472 688 2193
f 2345 1052 2583
f 1635 2345 2583
f 1426 1425 1602
f 2291 1426 1602
f 2475 1667 2584
f 1397 2475 2584
f 1546 1296 2563
f 2476 1415 2508
f 1895 2476 2508
f 2476 1895 1777
f 1413 2476 1777
f 2371 999 2295
f 2044 2371 2295
f 2211 732 1936
f 1048 2211 1936
f 1535 1534 2255
f 1665 1535 2255
f 262 1635 2577
f 77 262 2577
f 2348 1434 2223
f 1491 2348 2223
f 1274 1372 1687
f 1615 1274 1687
f 1263 1497 2568
f 1696 1263 2568
f 1930 355 2465
f 1931 1930 2465
f 2349 1199 2517
f 1077 2349 2517
f 1551 1114 2217
f 1732 1551 2217
f 1558 47 46
f 2201 1558 46
f 1616 1603 2313
f 1536 1616 2313
f 1711 1288 2260
f 2443 1711 2260
f 1580 977 1480
f 2094 1580 1480
f 1661 709 2332
f 1002 1661 2332
f 1145 1144 1892
f 1597 1145 1892
f 950 1438 1437
f 1601 950 1437
f 1578 398 1245
f 1846 1578 1245
f 1249 1756 1758
f 605 1249 1758
f 134 1594 2495
f 2267 2285 1886
f 1850 2267 1886
f 1940 135 2347
f 503 704 2254
f 504 996 1839
f 397 504 1839
f 1364 1629 2534
f 1916 1364 2534
f 1187 685 1780
f 1959 1187 1780
f 1295 1064 1910
f 2149 1295 1910
f 1079 1318 2487
f 1804 1482 1474
f 2018 2585 1921
f 1920 2018 1921
f 2489 191 190
f 2423 2489 190
f 1936 915 2515
f 1852 1936 2515
f 2486 1827 2057
f 2131 2486 2057
f 2411 1598 2502
f 1707 2411 2502
f 2586 2492 392
f 1863 1958 2433
f 1671 1863 2433
f 1044 2273 2419
f 1311 1044 2419
f 2014 1997 2500
f 1992 2014 2500
f 1877 860 2515
f 915 1877 2515
f 1918 2378 1350
f 1768 1918 1350
f 1773 1891 2437
f 448 1773 2437
f 1258 1775 1030
f 1256 1258 1030
f 1813 1775 1893
f 1769 1813 1893
f 2130 400 399
f 2131 2130 399
f 1770 1769 1893
f 1660 1770 1893
f 2351 2259 2532
f 2207 2351 2532
f 2485 2306 1047
f 2139 2485 1047
f 2357 111 134
f 2495 2357 134
f 2439 1789 388
f 188 2439 388
f 2441 1178 2036
f 2423 2441 2036
f 1906 1787 1943
f 1473 1906 1943
f 1088 1070 1069
f 1089 1088 1069
f 1910 1819 1701
f 2317 1520 2537
f 1924 2317 2537
f 1553 1555 2305
f 2152 1553 2305
f 760 759 1379
f 2189 760 1379
f 1311 913 2460
f 1415 1696 2568
f 1414 1415 2568
f 2498 1171 2082
f 1393 1587 2569
f 1913 1393 2569
f 2107 1645 1817
f 1816 2107 1817
f 1737 1738 1938
f 1515 1737 1938
f 1410 2021 2356
f 1408 1410 2356
f 1122 1328 1569
f 2374 1122 1569
f 2095 1689 1944
f 2096 2095 1944
f 1912 1298 1840
f 2531 1912 1840
f 2499 161 668
f 1843 2499 668
f 2362 451 2250
f 1859 2362 2250
f 332 1786 2587
f 1662 332 2587
f 2066 2395 2588
f 1373 59 2459
f 959 1373 2459
f 1909 1088 1981
f 2150 1909 1981
f 2516 2520 2320
f 1385 127 129
f 138 1385 129
f 2245 2081 2244
f 1900 2245 2244
f 2580 2290 2430
f 49 2201 2418
f 382 49 2418
f 2234 2242 2248
f 2231 2234 2248
f 2503 1452 1451
f 2224 2503 1451
f 2504 2301 2410
f 1765 2183 2213
f 2505 2121 2117
f 1280 2505 2117
f 1188 2109 2553
f 1034 1188 2553
f 2278 2041 2417
f 1057 2278 2417
f 2507 215 381
f 2443 2507 381
f 1923 1529 2326
f 2137 1923 2326
f 641 2192 620
f 642 641 620
f 1346 2477 1933
f 1932 1346 1933
f 1780 524 2063
f 2359 1780 2063
f 961 1597 2493
f 944 961 2493
f 2203 1592 1050
f 2067 2203 1050
f 2407 1058 2417
f 1955 2407 2417
f 2212 1048 1047
f 2306 2212 1047
f 2080 1970 2304
f 1029 2080 2304
f 2294 2312 2471
f 2172 2294 2471
f 2510 543 1762
f 1834 2510 1762
f 100 62 2210
f 416 100 2210
f 2511 1605 2365
f 330 2511 2365
f 2541 637 1310
f 2511 2541 1310
f 2102 2512 2579
f 1999 2102 2579
f 2085 2105 2104
f 1934 2085 2104
f 1472 1693 2225
f 2265 1472 2225
f 1746 1828 2486
f 1744 1746 2486
f 835 1419 1911
f 2076 835 1911
f 2119 113 158
f 2122 1526 476
f 478 2122 476
f 794 796 2124
f 2215 794 2124
f 1423 637 2541
f 1662 1423 2541
f 2513 1874 2269
f 2310 2513 2269
f 2251 926 1003
f 1640 2251 1003
f 1360 1939 128
f 127 1360 128
f 1908 2061 2288
f 784 1908 2288
f 1663 2001 2275
f 469 1663 2275
f 1584 2007 2479
f 2012 152 2384
f 2016 1683 2323
f 2517 1832 2167
f 1077 2517 2167
f 2518 2187 2186
f 2110 2518 2186
f 2154 255 2548
f 2516 2154 2548
f 830 770 1983
f 1887 830 1983
f 1083 1131 2547
f 1576 1083 2547
f 1195 935 2266
f 2307 1195 2266
f 2234 2231 2509
f 2235 2234 2509
f 2220 660 1016
f 746 2220 1016
f 1964 2272 2475
f 1397 1964 2475
f 2519 2516 2548
f 1412 2519 2548
f 1207 1609 2281
f 1624 1207 2281
f 1089 2451 1968
f 2053 1089 1968
f 2527 2192 2135
f 1149 2527 2135
f 2447 290 2533
f 2055 2447 2533
f 2129 729 982
f 2068 2129 982
f 1815 1117 2159
f 1816 1815 2159
f 1450 1452 2493
f 1892 1450 2493
f 2478 2075 2336
f 2477 2478 2336
f 2468 1159 2314
f 2189 2468 2314
f 1159 935 1196
f 2153 1159 1196
f 1394 1267 1338
f 1634 1394 1338
f 980 825 2353
f 1429 980 2353
f 1318 1139 1204
f 2557 896 2205
f 2518 2557 2205
f 2099 2098 2471
f 2470 2099 2471
f 1169 1076 1309
f 1606 1917 2088
f 2106 1606 2088
f 2018 2017 2219
f 2585 2018 2219
f 1873 2094 1480
f 2019 1873 1480
f 2469 1119 2399
f 1282 2469 2399
f 1853 1489 1563
f 1049 1853 1563
f 2226 10 1703
f 2448 2226 1703
f 2253 2359 2063
f 2071 2253 2063
f 2361 1802 1856
f 2138 2361 1856
f 2335 2028 2503
f 2224 2335 2503
f 2483 492 734
f 1805 2483 734
f 2535 2539 2328
f 2237 1471 1943
f 2204 2237 1943
f 1905 375 374
f 5 1905 374
f 343 511 393
f 1668 343 393
f 2177 2176 2425
f 360 362 1747
f 527 360 1747
f 2413 1102 1104
f 1790 2413 1104
f 2530 1882 2564
f 2412 1540 1730
f 1770 2412 1730
f 1903 2291 2338
f 1901 1903 2338
f 2008 2037 2416
f 2006 2008 2416
f 2260 441 498
f 2507 2260 498
f 1904 633 2167
f 2101 1904 2167
f 2510 1834 2340
f 206 2510 2340
f 1018 232 2424
f 2363 2062 322
f 2318 2363 322
f 2100 252 2589
f 2115 2100 2589
f 1608 1564 2408
f 2549 1759 1886
f 2111 2549 1886
f 2142 2132 866
f 475 2142 866
f 2550 1757 2388
f 2280 2303 2390
f 1708 2280 2390
f 2259 2011 2526
f 2525 2259 2526
f 2526 1902 2226
f 2343 2526 2226
f 1622 1624 2281
f 1984 1622 2281
f 1988 2153 1196
f 1655 1988 1196
f 2265 2267 1907
f 1473 2265 1907
f 2046 1772 2559
f 1972 2046 2559
f 2524 2208 2209
f 2523 2524 2209
f 2514 1972 2559
f 710 2514 2559
f 1692 1971 2514
f 2148 1692 2514
f 2293 560 2338
f 2291 2293 2338
f 2553 2109 2095
f 2039 2553 2095
f 1868 2087 2086
f 1869 1868 2086
f 1967 2043 2398
f 1838 1967 2398
f 2319 1276 1271
f 2464 2319 1271
f 2555 413 1350
f 2378 2555 1350
f 2153 1574 2556
f 2314 2153 2556
f 2586 2432 2582
f 2492 2586 2582
f 2533 290 2590
f 2228 1875 2373
f 2156 2228 2373
f 2364 2586 392
f 1097 2364 392
f 1778 1333 2126
f 2143 1778 2126
f 2083 1732 2217
f 2218 2083 2217
f 2551 2096 1944
f 2037 2551 1944
f 355 2482 2490
f 356 355 2490
f 2130 1677 2567
f 400 2130 2567
f 2484 613 15
f 17 2484 15
f 2557 2059 897
f 896 2557 897
f 369 529 664
f 370 369 664
f 437 1617 2558
f 2329 2328 2372
f 766 1302 2382
f 656 416 2565
f 655 656 2565
f 568 533 2560
f 640 568 2560
f 2200 1046 705
f 387 2200 705
f 1269 2451 2561
f 1268 1269 2561
f 831 403 2334
f 1531 831 2334
f 2561 2451 1089
f 1069 2561 1089
f 861 776 2405
f 600 861 2405
f 1896 1767 2335
f 1475 1896 2335
f 2440 811 365
f 184 2440 365
f 1402 2247 2562
f 1361 1402 2562
f 103 102 2410
f 969 103 2410
f 2340 1833 2137
f 2326 2340 2137
f 857 858 2399
f 535 857 2399
f 2341 1084 2216
f 2474 2341 2216
f 1355 1646 2563
f 1356 1355 2563
f 1395 1397 2584
f 341 916 2345
f 434 341 2345
f 1821 1947 1275
f 1074 1821 1275
f 1638 1954 2403
f 971 1638 2403
f 1393 1913 2564
f 1230 1393 2564
f 2565 416 2530
f 2564 2565 2530
f 1330 1642 2348
f 822 1330 2348
f 2473 1562 1251
f 686 2473 1251
f 653 1549 2349
f 1078 653 2349
f 2566 297 621
f 2527 2566 621
f 1831 1637 1982
f 1329 1831 1982
f 1643 409 2379
f 1644 1643 2379
f 1659 1593 2352
f 2512 1659 2352
f 1687 1492 443
f 280 1687 443
f 1037 2273 2353
f 824 1037 2353
f 892 297 2566
f 1150 892 2566
f 2567 1677 1546
f 2563 2567 1546
f 1673 1675 2415
f 2155 1673 2415
f 1259 1655 2377
f 1918 1259 2377
f 1633 2271 1111
f 266 1633 1111
f 1451 1450 2355
f 2499 1843 1844
f 1382 1833 1966
f 998 1382 1966
f 497 1279 2369
f 338 497 2369
f 1508 1809 2357
f 1899 1508 2357
f 1571 1432 1830
f 1740 1571 1830
f 891 2134 2571
f 333 891 2571
f 2327 2329 2449
f 1916 2327 2449
f 1417 2256 2570
f 1866 1417 2570
f 1201 1430 2361
f 1272 1201 2361
f 151 150 2362
f 647 151 2362
f 1794 2032 1700
f 974 1794 1700
f 957 1783 2368
f 958 957 2368
f 1400 2128 1487
f 1006 1400 1487
f 2569 1634 1338
f 1913 2569 1338
f 1210 1339 2429
f 432 1210 2429
f 1611 1782 2495
f 1594 1611 2495
f 2570 2256 2297
f 1889 2570 2297
f 1347 1932 2104
f 1915 1347 2104
f 1057 809 2371
f 2278 1057 2371
f 2298 2166 2488
f 2487 2298 2488
f 2488 1993 1514
f 1512 2488 1514
f 72 390 1841
f 367 72 1841
f 2571 2134 2298
f 1204 2571 2298
f 1872 1649 1921
f 2585 1872 1921
f 1979 1754 2375
f 2261 1979 2375
f 2209 2379 2523
f 460 1366 2431
f 361 460 2431
f 1354 1353 2384
f 907 1354 2384
f 2385 680 414
f 2555 2385 414
f 2394 1644 2208
f 778 2394 2208
f 1650 2125 2386
f 1658 1650 2386
f 604 606 2430
f 2205 604 2430
f 2388 1756 1718
f 1766 2388 1718
f 1255 2189 2556
f 2165 1255 2556
f 2232 2248 2402
f 2302 2261 2376
f 2002 909 2572
f 2572 2233 1829
f 60 59 2127
f 58 60 2127
f 1496 2025 2573
f 1239 1496 2573
f 2583 1052 2428
f 120 1059 2416
f 1545 120 2416
f 1730 1556 2394
f 777 1730 2394
f 2575 1289 1595
f 2099 2575 1595
f 1956 913 2419
f 1039 1956 2419
f 2316 1666 2427
f 1977 2316 2427
f 2504 2536 2287
f 2288 2287 2536
f 1515 2397 2396
f 1737 1515 2396
f 2562 2247 2521
f 2519 2562 2521
f 2521 2242 2241
f 2520 2521 2241
f 2003 527 2392
f 1975 2003 2392
f 2400 718 2216
f 1084 2400 2216
f 2401 2402 2248
f 2247 2401 2248
f 2016 1869 2404
f 1681 2016 2404
f 1133 1869 2086
f 1134 1133 2086
f 2576 1980 2047
f 2544 2576 2047
f 1919 1125 2407
f 1807 1919 2407
f 2020 2164 2252
f 1774 2020 2252
f 2296 1985 1984
f 2157 2048 2296
f 2158 2157 2296
f 1176 2048 2157
f 2155 1176 2157
f 1520 1519 2538
f 2537 1520 2538
f 2538 2173 1065
f 1925 2538 1065
f 2409 102 2540
f 2539 2409 2540
f 2180 1739 2103
f 1680 2180 2103
f 2238 1801 2074
f 1960 2238 2074
f 796 795 2411
f 1234 796 2411
f 2271 1633 2412
f 1660 2271 2412
f 2583 1618 2577
f 1635 2583 2577
f 2575 2099 2582
f 2432 2575 2582
f 1957 1942 2413
f 1789 1957 2413
f 2414 1673 2156
f 2373 2414 2156
f 1537 287 2160
f 1116 1537 2160
f 2418 2201 46
f 269 2418 46
f 2381 2426 2324
f 1470 1281 2116
f 2144 361 2431
f 2295 2144 2431
f 2481 2512 2352
f 2309 2481 2352
f 1950 2307 2322
f 1951 1950 2322
f 2422 2579 2480
f 1800 2438 2573
f 2025 1800 2573
f 1499 1501 1459
f 1890 1499 1459
f 308 1690 2240
f 2257 308 2240
f 374 740 1504
f 5 374 1504
f 399 2142 2141
f 2131 399 2141
f 839 840 2123
f 478 839 2123
f 893 223 2145
f 894 893 2145
f 893 780 221
f 223 893 221
f 2581 709 2322
f 2307 2581 2322
f 1016 900 2136
f 746 1016 2136
f 2277 1505 1533
f 698 2277 1533
f 1104 2090 2268
f 1790 1104 2268
f 1441 1440 1220
f 1219 1441 1220
f 1436 1590 2389
f 2467 1436 2389
f 2380 2585 2219
f 1336 2380 2219
f 1388 2204 1943
f 1787 1388 1943
f 1405 1420 1889
f 1441 1550 1695
f 1439 1441 1695
f 1454 1796 1911
f 1419 1454 1911
f 2211 2212 2283
f 733 2211 2283
f 1563 2089 2393
f 1049 1563 2393
f 1930 1929 2497
f 2482 1930 2497
f 2330 2310 2269
f 1694 1805 1804
f 1474 1694 1804
f 1699 1878 2049
f 2168 1699 2049
f 1747 1570 2391
f 1780 2359 2358
f 1959 1780 2358
f 2496 1483 1804
f 1803 2496 1804
f 2543 2329 2372
f 2171 2543 2372
f 1842 1845 1844
f 1843 1842 1844
f 2497 1929 2286
f 1933 2498 2082
f 1934 1933 2082
f 1949 2378 2377
f 1950 1949 2377
f 2378 1949 2385
f 1976 2402 2421
f 1883 1976 2421
f 1976 2072 2232
f 2402 1976 2232
f 2500 2588 2395
f 2397 2500 2395
f 1981 2479 2007
f 2150 1981 2007
f 2303 2505 2262
f 2065 2066 2588
f 488 2065 2588
f 2114 1246 2227
f 1724 2114 2227
f 2126 1712 1163
f 2143 2126 1163
f 2513 1674 2414
f 1874 2513 2414
f 2244 2108 2406
f 2263 2244 2406
f 2525 2343 2344
f 2360 2525 2344
f 1130 2533 2590
f 1132 1130 2590
f 2327 2534 2536
f 2236 2163 2391
f 1570 2236 2391
f 2584 1667 2545
f 2560 2584 2545
f 2161 2547 2590
f 2363 2364 1220
f 1440 2363 1220
f 2284 2029 2401
f 1402 2284 2401
f 1914 1662 2587
f 1579 1895 2508
f 2315 1891 2385
f 1949 2315 2385
f 2328 2327 2536
f 2535 2328 2536
f 2269 2331 2330
f 2587 1786 2330
f 2331 2587 2330
f 2333 2230 2400
f 1154 2333 2400
f 2560 533 1395
f 2584 2560 1395
f 2355 1864 1451
f 2387 2181 2550
f 2388 2387 2550
f 2392 527 1747
f 2391 2392 1747
f 2405 2177 2425
f 599 2405 2425
f 2408 2296 1984
f 1608 2408 1984
f 2409 2535 2504
f 2410 2409 2504
f 2420 2499 1844
f 1883 2420 1844
f 2435 1849 2289
f 2522 2435 2289
f 2435 2523 2379
f 1847 2435 2379
f 104 1596 2113
f 102 104 2113
f 2404 1133 1861
f 2509 2293 2552
f 2235 2509 2552
f 1997 488 2588
f 2500 1997 2588
f 2506 67 1123
f 1122 2506 1123
f 2222 1436 2467
f 2531 2222 2467
f 2236 2188 2550
f 2424 232 599
f 2425 2424 599
f 91 175 2542
f 89 91 2542
f 2438 2558 1617
f 1613 2438 1617
f 506 505 2339
f 182 506 2339
f 126 124 1769
f 777 126 1769
f 22 210 2300
f 489 1500 2196
f 490 489 2196
f 172 437 2558
f 828 172 2558
f 2114 2115 2589
f 2445 2114 2589
f 252 251 2445
f 2589 252 2445
f 637 636 1165
f 1310 637 1165
f 1232 1231 2574
f 1613 1232 2574
f 2452 2316 2453
f 77 2452 2453
f 1547 1676 2436
f 2008 1547 2436
f 1180 331 2578
f 523 775 2578
f 331 523 2578
f 740 928 68
f 1503 740 68
f 700 2456 906
f 701 700 906
f 889 888 2554
f 2264 889 2554
f 2463 2544 2254
f 704 2463 2254
f 1115 921 925
f 1116 1115 925
f 1171 2498 2529
f 872 1171 2529
f 2461 586 2276
f 2178 2461 2276
f 2456 700 1517
f 1957 2456 1517
f 1325 766 2382
f 1401 1325 2382
f 570 473 2466
f 2249 570 2466
f 533 532 2206
f 1395 533 2206
f 2467 2302 2376
f 2531 2467 2376
f 1215 22 2300
f 334 1215 2300
f 2207 1851 1294
f 1632 2207 1294
f 2446 2229 2408
f 1564 2446 2408
f 1425 1424 2494
f 948 1425 2494
f 1882 1238 1231
f 1230 1882 1231
f 1802 1768 1351
f 629 1802 1351
f 2479 1090 2354
f 1798 1470 2116
f 1684 1798 2116
f 2481 2480 2579
f 2512 2481 2579
f 1722 1999 591
f 1600 1722 591
f 2270 1257 1256
f 869 1703 2191
f 870 869 2191
f 678 1628 2323
f 1683 678 2323
f 2480 2308 1180
f 2350 1559 452
f 6 2350 452
f 1302 1303 1872
f 2268 1143 2200
f 2199 2268 2200
f 44 1194 2024
f 389 44 2024
f 448 889 1974
f 1773 448 1974
f 748 2543 2246
f 746 748 2246
f 544 1702 1941
f 1706 544 1941
f 1862 1925 1065
f 1067 1862 1065
f 2304 1969 2270
f 1256 2304 2270
f 1696 1697 1946
f 1948 1696 1946
f 1147 1857 2383
f 1781 1147 2383
f 2585 2380 1302
f 1872 2585 1302
f 2066 1169 1309
f 2395 2066 1309
f 2496 2249 2466
f 1483 2496 2466
f 2058 1827 2491
f 2497 2058 2491
f 912 1898 2460
f 913 912 2460
f 1686 2092 2218
f 1871 1686 2218
f 1562 2297 1793
f 1792 1562 1793
f 1528 1765 2213
f 1527 1528 2213
f 2586 2364 2318
f 2432 2586 2318
f 2580 2208 2524
f 2290 2580 2524
f 2502 1293 148
f 1707 2502 148
f 602 1737 2396
f 1309 602 2396
f 67 2506 2321
f 68 67 2321
f 2051 68 2321
f 4 10 2434
f 1905 4 2434
f 2053 1806 2354
f 1090 2053 2354
f 2306 1750 2249
f 2282 2306 2249
f 1907 2267 1409
f 1408 1907 1409
f 1221 1043 2549
f 2111 1221 2549
f 2311 2540 2112
f 2312 2311 2112
f 1995 1996 2052
f 2051 1995 2052
f 2182 2179 2178
f 2276 2182 2178
f 1992 2397 1993
f 2175 2264 2554
f 2033 2175 2554
f 1653 2186 2522
f 2289 1653 2522
f 2525 2360 2532
f 2259 2525 2532
f 1968 1970 2079
f 2053 1968 2079
f 501 1462 2214
f 2093 501 2214
f 1115 1117 1815
f 2152 1115 1815
f 933 1159 2468
f 2077 933 2468
f 1514 1993 2397
f 1515 1514 2397
f 2534 1629 2288
f 2536 2534 2288
f 2543 748 2449
f 2329 2543 2449
f 2135 2192 641
f 747 2135 641
f 1618 2583 2428
f 1189 1618 2428
f 2547 1131 1132
f 2590 2547 1132
f 2170 2220 2246
f 2171 2170 2246
f 2489 2423 2425
f 2176 2489 2425
f 1304 2528 1191
f 2035 875 906
f 2274 2035 906
f 179 2015 323
f 1264 179 323
f 1495 2022 2243
f 2046 1495 2243
f 1871 2118 829
f 2034 1871 829
f 2490 2482 1826
f 1822 2490 1826
f 1884 1947 1821
f 1885 1884 1821
f 1615 279 2119
f 158 1615 2119
f 1312 1140 2429
f 1795 1312 2429
f 2438 1613 2574
f 2573 2438 2574
f 153 154 2367
f 2366 153 2367
f 1487 2128 2198
f 344 1487 2198
f 2289 2374 1569
f 1653 2289 1569
f 2546 1978 2262
f 2505 2546 2262
f 2181 626 2236
f 2550 2181 2236
f 1138 1509 2123
f 840 1138 2123
f 2436 2058 2497
f 2286 2436 2497
f 393 392 2492
f 1668 393 2492
f 709 2581 2148
f 710 709 2148
f 2224 1451 1864
f 1583 2224 1864
f 2492 2582 2470
f 2000 2492 2470
f 2149 1910 1701
f 1994 2149 1701
f 1941 1940 2347
f 1835 1941 2347
f 2501 2572 1829
f 1433 2501 1829
f 2305 2404 1861
f 2152 2305 1861
f 2473 1405 1889
f 2297 2473 1889
f 2331 2258 1914
f 2587 2331 1914
f 1590 1708 2390
f 2389 1590 2390
f 778 2580 154
f 126 778 154
f 2444 1163 1712
f 2443 2444 1712
f 2472 2193 2320
f 2520 2472 2320
f 1522 1167 1513
f 1938 1522 1513
f 2487 1318 1204
f 2298 2487 1204
f 2203 2513 2310
f 2309 2203 2310
f 2580 2430 2367
f 154 2580 2367
f 939 396 1579
f 2508 939 1579
f 2539 2311 2372
f 2328 2539 2372
f 848 2530 2210
f 61 848 2210
f 1618 1112 2452
f 2577 1618 2452
f 1786 1180 2308
f 2330 1786 2308
f 986 2384 152
f 151 986 152
f 1934 2082 2245
f 2085 1934 2245
f 2572 2501 2240
f 2002 2572 2240
f 2426 1191 2528
f 2324 2426 2528
f 2544 2047 1651
f 2255 2544 1651
f 2590 290 289
f 2161 2590 289
f 833 488 490
f 1793 833 490
f 856 718 2230
f 2182 856 2230
f 2241 2133 689
f 2472 2241 689
f 241 152 2012
f 1157 241 2012
f 1336 2426 2381
f 2380 1336 2381
f 1053 2444 381
f 380 1053 381
f 407 2191 11
f 452 407 11
f 1905 2434 1901
f 375 1905 1901

