# https://github.com/mikedh/trimesh
v -1.03492653 -0.13321921 0.67675668
v -0.99043047 -0.17172918 0.68639952
v -1.00105560 -0.10617998 0.72244346
v -0.94777524 -0.21115294 0.67884880
v -0.96583414 -0.20613000 0.63846207
v -0.95986259 -0.15454289 0.72597039
v -1.04689038 -0.15528587 0.61669385
v -1.00512421 -0.18439057 0.63047975
v -0.94346142 -0.21729425 0.60458314
v -0.98229265 -0.19525191 0.57723516
v -1.09055686 -0.11624965 0.60301286
v -1.07381296 -0.08838359 0.66482538
v -0.72447759 0.23287258 0.83411723
v -0.75193310 0.28552625 0.82557380
v -0.78539073 0.21759364 0.86830038
v -0.78232646 0.33233058 0.80506057
v -0.83968651 0.32182652 0.84435755
v -0.69825608 0.29214138 0.77256393
v -0.67007166 0.24260406 0.78285187
v -0.75849867 0.16220587 0.87289304
v -0.81207001 0.27238417 0.86354053
v -0.84680545 0.19732925 0.86705911
v -0.81830144 0.14206319 0.87047213
v 0.87281424 -0.86752939 -0.58592546
v 0.88556933 -0.83465028 -0.62993354
v 0.93665874 -0.86885643 -0.56673753
v 0.96274441 -0.79842806 -0.64384651
v 0.94877756 -0.83528984 -0.60698056
v 0.90219420 -0.79404688 -0.66667408
v 0.82886845 -0.80338490 -0.61944920
v 0.84642261 -0.76286876 -0.65590274
v 1.18682098 -0.53744006 -0.67335796
v 1.18343306 -0.58849204 -0.63444126
v 1.14891016 -0.56860375 -0.69633234
v 1.22398484 -0.51085043 -0.64337450
v 1.22004128 -0.56255960 -0.60412437
v 1.17632818 -0.63828921 -0.59282404
v 1.21390998 -0.61181688 -0.56017965
v 1.18230462 -0.48381266 -0.70494008
v 1.14144480 -0.51644361 -0.72542101
v 1.10419798 -0.54911375 -0.73890036
v 1.14476597 -0.61747158 -0.66006345
v 1.10965121 -0.60118842 -0.71268737
v 1.09203696 -0.69241107 -0.64665526
v 1.10291851 -0.64791119 -0.67999637
v 1.13600504 -0.66565812 -0.62153107
v 1.11042368 -0.46639559 -0.72038370
v 1.07176387 -0.50069046 -0.73635596
v 1.14999533 -0.43319270 -0.69708669
v 1.22036445 -0.45441023 -0.67154801
v -1.17776799 0.25457174 0.56721622
v -1.15848613 0.29900187 0.60646486
v -1.14615929 0.28058437 0.50996238
v -1.18777251 0.20197281 0.60210544
v -1.16100109 0.24338010 0.64682716
v -1.14508092 0.17893977 0.66803282
v -1.10620666 0.21337396 0.71104509
v -1.12286150 0.33642417 0.64574713
v -1.12208045 0.27833587 0.68630284
v -0.67308056 0.12412152 0.82655787
v -0.69973552 0.17808942 0.83492988
v -0.72803915 0.10782173 0.86437273
v -0.64522624 0.19063613 0.78551567
v 0.91425103 -0.92698646 -0.48354012
v 0.91056693 -0.94815445 -0.43663141
v 0.84935522 -0.92473900 -0.48881799
v 0.90630859 -0.96332526 -0.39559445
v 0.84686166 -0.94405246 -0.43713781
v 0.79533994 -0.89935195 -0.47506353
v 0.96475303 -0.94100893 -0.40886092
v 0.97165889 -0.91840899 -0.45133364
v 0.92532557 -0.90064716 -0.52460074
v 0.85992604 -0.89864111 -0.54036534
v 0.98082727 -0.89148653 -0.49289581
v 0.80192852 -0.87217116 -0.52903420
v -1.19097650 0.16602612 0.53999025
v -1.17759514 0.14275980 0.61987001
v -1.16523063 0.17195189 0.47407228
v -1.16570401 0.10934564 0.47669017
v -1.18011665 0.21859765 0.52838534
v -1.15798104 0.22908358 0.48404229
v -0.86685491 0.36276385 0.81973296
v -0.88457167 0.39575279 0.78833795
v -0.92552435 0.35374701 0.82220393
v -0.90113127 0.30431426 0.84286606
v -0.98438692 0.39909863 0.75649631
v -0.98042858 0.34417534 0.79745412
v -0.93484783 0.40039086 0.77987742
v -0.95933032 0.28763765 0.82147533
v -0.89891982 0.41935289 0.72308910
v -0.81547987 0.37179956 0.77835834
v -0.87408769 0.25238001 0.85876465
v -0.77000189 -0.17971417 0.79134750
v -0.73654336 -0.13945565 0.80784231
v -0.80979908 -0.13271782 0.81111705
v -0.84191203 -0.07713902 0.82065356
v -0.88336134 -0.10712099 0.79266971
v -0.84774303 -0.16256574 0.78338403
v -0.76916146 -0.09537244 0.83160603
v -0.71873045 -0.06267169 0.83786786
v -0.79514897 -0.04522115 0.84317607
v -0.71546203 -0.09344649 0.82392669
v -1.08443081 0.14803524 0.72775578
v -1.03844380 0.18032722 0.76909518
v -1.07987475 0.30800918 0.72678864
v -1.06207395 0.24401343 0.75155473
v -0.98792183 0.20771286 0.80671751
v -1.01318479 0.26863539 0.78945625
v -0.68321574 0.00283030 0.83480430
v -0.70294142 0.05392647 0.84952307
v -0.73751676 -0.01683822 0.85457683
v -0.82031798 0.00869331 0.85029870
v -0.87149298 -0.02112025 0.82610363
v -0.76149654 0.03420913 0.86255765
v -0.91736388 -0.05113316 0.79612195
v -0.90115583 0.03482962 0.82751197
v -0.95017183 0.00466916 0.79501843
v -1.03856301 -0.05718789 0.71398902
v -1.10987365 -0.03813028 0.65210432
v -1.07253611 -0.00523651 0.70367295
v -0.99630249 -0.02605277 0.75728059
v -1.02931619 0.02816144 0.74929875
v -0.96075308 -0.07899579 0.76191360
v -1.13162589 -0.06721672 0.58864576
v -1.16270399 -0.00842148 0.57570732
v -1.06834030 -0.12455311 0.53443933
v -1.10653090 -0.07493588 0.51639491
v -1.13761199 -0.01778135 0.49963188
v -1.16212046 0.07946026 0.62980723
v -1.18119061 0.05364898 0.56115997
v -1.13945353 0.01872450 0.64098519
v -1.10175180 0.05159858 0.69326138
v -1.19281471 0.11283553 0.54974407
v -0.92264581 -0.13278559 0.76113254
v -1.02474177 -0.16449377 0.55377036
v -0.88434052 -0.18795148 0.75215805
v -0.91821980 -0.20800731 0.71635574
v -1.03228951 0.33050397 0.76419771
v -0.95136249 0.42484811 0.69573593
v -0.93297434 0.23110248 0.83773774
v -0.96028304 0.14842010 0.81839478
v -0.78924322 0.08729035 0.86833292
v -0.84765720 0.06291974 0.85322398
v -1.08003545 0.36587864 0.68549407
v -1.04940295 0.39731264 0.62330014
v -1.09152555 0.36722058 0.58359760
v -1.12443721 0.32738861 0.54479247
v -1.00265813 0.41758850 0.66219592
v -1.03476644 0.39003626 0.72440088
v -1.12579679 0.11318320 0.68197674
v -0.90516710 0.17443137 0.84784526
v -0.80682456 -0.20979473 0.76170868
v -0.73075706 -0.19690928 0.75289357
v -0.84391665 -0.23142955 0.72505683
v -0.76314640 -0.22325608 0.71987927
v -0.87620270 0.11815026 0.85277766
v -0.93105888 0.09094816 0.82515746
v -0.98208678 0.06083742 0.78980529
v -1.01157439 0.11914071 0.78154951
v -1.05866337 0.08601880 0.73980147
v 1.01622152 -0.78994203 -0.61075026
v 1.00353014 -0.82657313 -0.57340121
v 0.99152160 -0.86063814 -0.53395092
v 0.92003095 -0.75051534 -0.69733447
v 1.01030779 -0.94986737 -0.16135308
v 0.97114533 -0.96853662 -0.20005986
v 1.04241288 -0.94404161 -0.20874859
v 0.96813458 -0.92503834 -0.12283479
v 0.92801028 -0.94203174 -0.16362643
v 1.07993793 -0.92248487 -0.17477998
v 0.97091311 -0.97042859 -0.28357130
v 1.00497317 -0.96077991 -0.24509197
v 0.93525171 -0.97725034 -0.24271369
v 1.03122187 -0.94096446 -0.28866047
v 1.06677759 -0.92432010 -0.25209916
v 0.94020265 -0.97553492 -0.32264140
v 0.90405953 -0.97822404 -0.28698236
v 0.89091295 -0.95305002 -0.20747949
v 0.85813618 -0.95574355 -0.25489107
v 1.04199612 -0.84723997 -0.49782282
v 1.03049934 -0.75107217 -0.64493448
v 0.97878796 -0.75948846 -0.67636460
v 1.04441822 -0.71055007 -0.67574358
v 0.99313617 -0.71747339 -0.70447218
v 0.93736619 -0.70294797 -0.71808356
v 1.00997710 -0.67809176 -0.72933185
v 0.86562407 -0.71968460 -0.68626255
v 1.31389010 -0.39852461 -0.53555059
v 1.31349325 -0.45155719 -0.53122413
v 1.28959417 -0.40977666 -0.58789706
v 1.28636968 -0.35118029 -0.52062213
v 1.33236372 -0.40074012 -0.47671518
v 1.28880203 -0.46780786 -0.57036763
v 1.25585294 -0.42917058 -0.63186884
v 1.25853384 -0.35980466 -0.57588816
v 1.31189716 -0.49532810 -0.49321043
v 1.28495955 -0.51748812 -0.53113830
v 1.25404620 -0.53916240 -0.56912112
v 1.33232105 -0.43878850 -0.49138972
v 1.33484292 -0.46366355 -0.46056959
v 1.34664106 -0.42411652 -0.42863035
v 1.33854246 -0.49506512 -0.40907460
v 1.34944189 -0.48434493 -0.32076499
v 1.33618677 -0.52977753 -0.35718811
v 1.35482705 -0.45252743 -0.37531939
v 1.30968714 -0.56752563 -0.39579713
v 1.31307864 -0.53083456 -0.44485527
v 1.28266418 -0.56074381 -0.48394960
v 1.27791119 -0.60117388 -0.43596029
v 1.34162819 -0.52134264 -0.26875460
v 1.30173862 -0.60555887 -0.34806073
v 1.15245235 -0.86385846 -0.12032916
v 1.12937665 -0.87058759 -0.07495267
v 1.11758792 -0.89622641 -0.14506245
v 1.13857889 -0.87436736 -0.18777266
v 1.10299039 -0.90190685 -0.21789658
v 1.17279387 -0.84306467 -0.15869048
v 1.20394659 -0.80938041 -0.12956475
v 1.18321240 -0.82928753 -0.09755835
v 1.16105747 -0.83107007 -0.05979850
v 1.15879571 -0.84832394 -0.22672673
v 1.12302589 -0.87632132 -0.26010519
v 1.09242547 -0.90516722 -0.09532122
v 1.05113125 -0.92955351 -0.12536725
v 1.05151415 -0.87470663 -0.05843712
v 1.00998330 -0.90284312 -0.08713013
v 1.12689579 -0.79991770 -0.02169677
v 1.09048831 -0.84018910 -0.03651400
v 1.02070796 -0.90605605 -0.41422066
v 1.03109920 -0.87853146 -0.45657608
v 0.99530149 -0.95206273 -0.32696629
v 0.95730245 -0.96003389 -0.36477652
v 1.00993633 -0.93060064 -0.37096033
v 1.04963851 -0.91710234 -0.33208576
v 1.06389415 -0.89084208 -0.37543961
v 1.25824404 -0.48715904 -0.60814971
v 1.22542477 -0.37767962 -0.62423515
v 1.06820214 -0.62610745 -0.72723758
v 1.06811047 -0.57545245 -0.74587041
v 1.05805230 -0.66918182 -0.70272160
v 0.90907902 -0.97485268 -0.35063279
v 0.87865150 -0.97313738 -0.33207870
v 1.26391518 -0.71564758 -0.06878876
v 1.23161960 -0.75081992 -0.04839523
v 1.25020576 -0.74825966 -0.11693187
v 1.22423899 -0.78205717 -0.15758741
v 1.22870183 -0.77507854 -0.09424986
v 1.19253194 -0.78881001 -0.04700420
v 1.20489836 -0.80124593 -0.07818387
v 1.19907713 -0.71330535 -0.01851823
v 1.28723955 -0.67803478 -0.09799306
v 1.27068210 -0.71580875 -0.14587621
v 1.23178113 -0.67164063 -0.03650050
v 1.25875747 -0.63053524 -0.06306325
v 1.24354982 -0.75117135 -0.18851480
v 1.26148272 -0.71761572 -0.22343001
v 1.02399194 -0.63872433 -0.74641305
v 1.03137302 -0.59511888 -0.74905771
v 1.00206506 -0.57200313 -0.74681479
v 0.97764802 -0.61444676 -0.74411547
v 1.03423190 -0.53431273 -0.74439466
v 1.18896270 -0.40252051 -0.66539115
v 0.81343061 -0.83999777 -0.57722420
v 0.85757494 -0.96096110 -0.38476151
v 0.82974809 -0.95266211 -0.30541354
v 1.31835091 -0.60574567 -0.26122683
v 1.32836950 -0.56703532 -0.30757374
v 1.33465815 -0.56166244 -0.21953467
v 1.31161332 -0.50858259 -0.18561572
v 1.29107535 -0.64425385 -0.30324686
v 1.32721376 -0.43314961 -0.29041737
v 1.32866299 -0.40190396 -0.34734988
v 1.30844820 -0.35605440 -0.46048510
v 1.32246530 -0.37515226 -0.40390918
v 1.07646108 -0.86192203 -0.41821063
v 0.80804473 -0.94161177 -0.36038357
v 0.79631448 -0.92298877 -0.41786188
v 1.07932496 -0.73493278 -0.61274064
v 1.12496352 -0.71139812 -0.58228910
v 1.16694844 -0.68559504 -0.55015945
v 1.11296225 -0.75423443 -0.54252601
v 1.15613699 -0.72987306 -0.50744891
v 1.20614541 -0.65871346 -0.51501095
v 0.95730841 -0.65846264 -0.73537165
v 1.19272625 -0.81623328 -0.19326025
v 1.17750096 -0.81854916 -0.26451266
v 1.26975369 -0.64112258 -0.38935515
v 1.23426437 -0.67338359 -0.43073979
v 1.24943602 -0.58680713 -0.52336293
v 1.24320185 -0.63109422 -0.47655359
v 1.19636810 -0.70295465 -0.47024688
v 1.22289574 -0.71380150 -0.38660255
v 1.25859094 -0.68039298 -0.34527698
v 1.18475795 -0.74400175 -0.42640790
v 1.28861940 -0.68063676 -0.18005395
v 1.30508149 -0.63942504 -0.13392341
v 1.28000402 -0.58938777 -0.09819870
v 1.32442892 -0.60127735 -0.17312196
v 1.30498862 -0.64314675 -0.21819513
v 1.06627095 -0.77488065 -0.57666767
v 1.05393445 -0.81255591 -0.53799558
v 1.08670390 -0.89939010 -0.29484648
v 1.14125216 -0.84749103 -0.30063403
v 1.10349786 -0.87160778 -0.33726686
v 1.11812341 -0.84122908 -0.37977064
v 1.17166770 -0.78163505 -0.38360667
v 1.15717280 -0.81608260 -0.34178498
v 1.13154781 -0.80766344 -0.42232177
v 1.21198058 -0.78605306 -0.22759221
v 1.22932804 -0.75322020 -0.26426154
v 1.19427490 -0.78640628 -0.30347240
v 1.27736211 -0.68162715 -0.26166683
v 1.08855653 -0.82956076 -0.46034944
v 1.20949638 -0.75148690 -0.34407085
v 1.24490237 -0.71784759 -0.30351171
v 1.14422011 -0.77060068 -0.46488219
v 1.10077608 -0.79362392 -0.50194532
v -0.90962338 -0.23141000 0.64007789
v 0.88609493 -0.67400384 -0.70915270
v -0.87750053 -0.23768792 0.68128616
v -0.79856372 -0.23939052 0.68156898
v -1.15659904 0.04513544 0.48575222
v 1.32060659 -0.46912614 -0.23622501
v -0.16303568 0.31908330 -0.32444248
v -0.19238488 0.33449003 -0.28620932
v -0.17237522 0.34677812 -0.34135941
v -0.18881921 0.30048361 -0.27511126
v -0.13558649 0.33780441 -0.37639135
v -0.14502127 0.36825654 -0.39691284
v -0.21384655 0.39070126 -0.32266140
v -0.18505512 0.37390512 -0.36278015
v -0.20121790 0.36299339 -0.30223823
v -0.23517771 0.41202709 -0.28076434
v -0.22264425 0.38398677 -0.26148862
v 0.36906153 1.13154209 -0.41635725
v 0.35831422 1.17023277 -0.40423799
v 0.39162129 1.13373351 -0.38418838
v 0.36817092 1.20919776 -0.35865241
v 0.38059416 1.17180216 -0.37209564
v 0.34662440 1.20833635 -0.39080471
v 0.33345500 1.16895115 -0.43464473
v 0.32266250 1.20757699 -0.42141896
v 0.40156657 1.09551442 -0.39479917
v 0.40064543 1.17330682 -0.33796731
v 0.41170865 1.13634002 -0.34978294
v -0.28317118 0.79896247 0.13793781
v -0.30033743 0.76838040 0.09799495
v -0.26012021 0.76312602 0.15301849
v -0.26386750 0.82981241 0.17689738
v -0.30718398 0.83487707 0.12157319
v -0.24084337 0.79381251 0.19122881
v -0.27729064 0.73279399 0.11381784
v -0.23853250 0.72735500 0.16657868
v -0.31594551 0.73797762 0.05743836
v 0.22283518 1.44518423 -0.01215932
v 0.18865947 1.43800581 0.01633308
v 0.24134251 1.42764592 0.01902563
v 0.20814568 1.42038071 0.04797379
v 0.26070192 1.40743113 0.04872747
v 0.19545424 1.39276493 0.10788542
v 0.22896449 1.40101576 0.07861401
v 0.17399386 1.41140401 0.07632548
v 0.27857381 1.38025689 0.07301266
v 0.15395114 1.42846394 0.04400811
v 1.01552415 0.79920661 -0.41333717
v 0.97599655 0.85578227 -0.44166306
v 1.07266343 0.83743119 -0.40690094
v 1.10093474 0.79168987 -0.37169915
v 1.04567015 0.75156999 -0.37815192
v 0.96284151 0.76507938 -0.41857740
v 1.01653028 0.68071675 -0.34132734
v 0.99604517 0.71504778 -0.38363880
v 1.06349468 0.71867496 -0.33584824
v 1.11716402 0.75992537 -0.32843173
v 1.10296345 0.93250573 -0.42826822
v 1.13662755 0.88019997 -0.39867070
v 1.03620362 0.89158928 -0.43589166
v 0.49897581 -0.00677705 -0.42584601
v 0.54903865 0.05479228 -0.37899324
v 0.55514270 -0.05499232 -0.46429765
v 0.64333320 -0.05350536 -0.47098634
v 0.60320246 -0.10035369 -0.50868428
v 0.59775412 -0.00717768 -0.42585263
v 0.49814904 0.09099954 -0.36670366
v 0.54153675 0.12342307 -0.33697948
v 0.60851681 0.07386434 -0.35146731
v 0.58786851 0.12515378 -0.31749305
v -0.52846026 0.32714170 0.56249344
v -0.56068420 0.35138288 0.53540772
v -0.57987195 0.32975516 0.60274154
v -0.47436440 0.32752451 0.52665973
v -0.50428182 0.34884480 0.49678904
v -0.53935891 0.36385921 0.46528542
v -0.44802696 0.29934734 0.55138469
v -0.55018038 0.29588982 0.62330002
v -0.50010812 0.29624116 0.58523184
v 0.19512725 0.70906520 0.61927843
v 0.12176941 0.66298759 0.57425070
v 0.21491045 0.66326302 0.62412310
v 0.29992226 0.71321166 0.65059996
v 0.32864302 0.66444826 0.65318298
v 0.07034075 0.56650096 0.50856459
v 0.13704248 0.61336708 0.57259649
v 0.05799942 0.61832201 0.51405370
v 0.23786074 0.61014974 0.62103856
v -0.19574015 -0.15308216 0.44321257
v -0.16152655 -0.16340694 0.42833665
v -0.18467544 -0.09445786 0.48023975
v -0.23259939 -0.14277408 0.45827770
v -0.22352357 -0.08619270 0.49384350
v -0.13694622 -0.03505483 0.49092674
v -0.17693834 -0.03117415 0.50723732
v -0.14791961 -0.10170141 0.46520251
v -0.12888043 0.03351095 0.50333959
v -0.17303331 0.03448898 0.52126926
v -0.21753071 0.03505081 0.53760636
v -0.21880211 -0.02624148 0.52101231
v -0.11254932 -0.10763276 0.44928759
v -0.12943755 -0.17278126 0.41287372
v 0.69941801 -0.86995840 -0.37823263
v 0.71243173 -0.88678694 -0.31741983
v 0.65132159 -0.84499156 -0.35694787
v 0.64598775 -0.82252657 -0.41767275
v 0.69568837 -0.84575570 -0.43780890
v 0.74771947 -0.89639986 -0.39855719
v 0.59766072 -0.80104172 -0.39628613
v -0.14825340 0.63794768 -0.55126798
v -0.19898023 0.64299917 -0.52833819
v -0.15196167 0.68012995 -0.56662852
v -0.25391763 0.69076687 -0.51771057
v -0.20288421 0.68532979 -0.54294389
v -0.24977516 0.64817601 -0.50301802
v -0.20610051 0.72729504 -0.55801815
v -0.15489517 0.72231328 -0.58151633
v -0.10440226 0.67370343 -0.59367591
v -0.15683524 0.76463771 -0.59569228
v -0.01104151 -0.47849503 -0.13127351
v -0.03800808 -0.46839592 -0.11654490
v -0.02592142 -0.45814046 -0.18370920
v 0.00251611 -0.46792999 -0.20045543
v 0.00601490 -0.48742536 -0.08136567
v -0.01961808 -0.47810963 -0.06831700
v 0.03129505 -0.49666408 -0.09458949
v 0.01559539 -0.48786369 -0.14623876
v 0.02454190 -0.48807541 -0.03315362
v -0.00026232 -0.47824827 -0.02143089
v 0.04165184 -0.49700674 -0.16283220
v -0.03720595 1.21068335 -0.56110996
v 0.00350481 1.20831561 -0.56435460
v -0.03904544 1.17262185 -0.57367003
v 0.00422241 1.24539208 -0.55103672
v 0.00164615 1.13226080 -0.58955359
v -0.04094638 1.13434792 -0.58664620
v 0.00255930 1.17055988 -0.57686645
v -0.07742147 1.21322739 -0.55397058
v -0.08005147 1.17501080 -0.56677043
v 0.04455978 1.13006926 -0.58868426
v 0.04431038 1.16831541 -0.57669324
v -0.24167491 0.94764245 -0.58102041
v -0.23342006 0.98956060 -0.57839841
v -0.19715251 0.94275284 -0.60530686
v -0.19025753 0.98501801 -0.60057658
v -0.14943092 0.93833351 -0.62300014
v -0.18306176 1.02592003 -0.59244722
v 0.35416245 1.09043944 -0.45685709
v 0.34388223 1.12992263 -0.44657704
v 0.37922752 1.09246707 -0.42681065
v 0.04617487 1.39446521 0.12301572
v 0.00802569 1.37712753 0.14425911
v 0.06484267 1.37510431 0.15585735
v 0.08307002 1.40751541 0.09810609
v 0.02867173 1.41461706 0.09098043
v 0.02568108 1.35607076 0.17666370
v 0.08501363 1.35413599 0.18773875
v 0.12348785 1.36995482 0.16309701
v 0.10262583 1.38980007 0.13120201
v 0.00393237 1.30998027 0.22474200
v 0.04496963 1.33480930 0.20923316
v -0.01451515 1.33229780 0.19234341
v 0.62618572 0.34402606 -0.23109189
v 0.60149479 0.35215524 -0.28370672
v 0.63528728 0.37649301 -0.25005436
v 0.59743315 0.31341523 -0.26445454
v 0.56394166 0.32614437 -0.30804113
v 0.62170368 0.30703032 -0.21930759
v 0.59830272 0.27079940 -0.25369549
v 0.64143151 0.34055239 -0.17774425
v 0.53765810 0.94230378 -0.03978332
v 0.55534714 0.91857088 -0.03771323
v 0.54292995 0.95109940 -0.08005862
v 0.57378072 0.89490950 -0.03229067
v 0.56184936 0.92912352 -0.07654087
v 0.57331264 0.88530779 0.00250123
v 0.56570160 0.94247520 -0.11944945
v 0.54462039 0.96033633 -0.12342348
v 0.52152252 0.96700525 -0.03946048
v 0.52612484 0.97475827 -0.08099897
v 0.58962423 0.92836177 -0.11190847
v 0.58162129 0.90945828 -0.06862567
v 0.06629382 1.00786781 0.38368061
v 0.10759844 1.03459764 0.36274981
v 0.04571626 1.04886150 0.37046298
v 0.00003807 1.01937103 0.37786463
v 0.02407731 1.09076059 0.35929224
v -0.02277468 1.05973172 0.36265343
v -0.04620190 0.98680520 0.37035063
v -0.06875782 1.02676177 0.35500178
v -0.04529272 1.09872139 0.34490496
v 0.06747487 1.11827636 0.34405300
v 0.08769344 1.07562447 0.35141864
v 0.01478922 0.52429998 0.44639897
v 0.08712167 0.50966954 0.49961817
v 0.10813361 0.44916260 0.48696977
v 0.18014710 0.49867421 0.55267453
v 0.02891240 0.46868891 0.44144982
v -0.02195667 0.43650118 0.40024263
v 0.04812247 0.40758634 0.43405080
v -0.03281657 0.48715383 0.39594170
v 0.05120938 0.11399651 0.40416381
v 0.00818557 0.11508936 0.42524886
v 0.03588577 0.03715485 0.41152674
v -0.04420371 0.03710639 0.45862788
v -0.00359873 0.03871304 0.43420607
v -0.03537787 0.11121139 0.45050836
v 0.01420285 0.18728212 0.41357255
v -0.03222300 0.18114066 0.43646157
v 0.07499394 0.03078762 0.39159372
v 0.05020101 -0.04961604 0.39012682
v -0.02219953 -0.04043606 0.43187058
v 0.01419768 -0.04354796 0.41030309
v 0.64819467 -0.74384475 -0.01120184
v 0.60867995 -0.76730049 -0.05728500
v 0.69378680 -0.77566886 -0.03226709
v 0.65437305 -0.79627538 -0.07908919
v 0.74143171 -0.80784559 -0.05501556
v 0.57475334 -0.78337097 -0.10932434
v 0.56553304 -0.73895288 -0.03614148
v 0.73752272 -0.74840331 0.00763458
v 0.78460199 -0.78332090 -0.01462527
v 1.17251420 1.11786401 0.10023724
v 1.09755361 1.17268860 0.06326622
v 1.06009293 1.05554473 0.07146975
v 0.91394758 1.15803814 -0.01887836
v 0.98781079 1.10995102 0.03638682
v 1.01875710 1.21909082 0.00427525
v 0.89884937 1.05702305 0.00954259
v 0.96623242 1.00310433 0.04184313
v 1.14218414 1.28689229 0.02146638
v 1.05556905 1.31653237 -0.05583298
v 0.94070119 1.25394690 -0.07147913
v 1.22468662 1.24171817 0.08045198
v 1.04322875 -0.54795253 0.06900343
v 1.07451642 -0.50135303 0.04897297
v 1.00282776 -0.50520027 0.08760977
v 1.03475058 -0.45857129 0.06695750
v 1.06089067 -0.41325656 0.03719457
v 0.99549222 -0.41596082 0.08517544
v 0.96279222 -0.46265653 0.10645062
v 1.10083079 -0.45569763 0.02028259
v 1.00603867 -0.59386170 0.07669668
v 0.96465898 -0.55150759 0.09590966
v 1.04702497 -0.63604033 0.05614281
v 1.08359027 -0.59037232 0.04941770
v 0.04910176 0.53305101 -0.58399373
v 0.00194737 0.53848016 -0.57244194
v 0.04367080 0.56809169 -0.61633599
v 0.05552208 0.49902207 -0.55509233
v 0.00928506 0.50340402 -0.54532999
v 0.10317533 0.49570802 -0.56036633
v 0.09845497 0.53050292 -0.58814102
v 0.01689580 0.46866375 -0.52163947
v 0.09561072 0.56716692 -0.61793125
v -0.25679523 1.22415972 -0.47124249
v -0.22523947 1.22398007 -0.49354491
v -0.26260132 1.18719935 -0.48631665
v -0.22027020 1.26172090 -0.47621799
v -0.18619467 1.25962996 -0.49581063
v -0.19094305 1.22180378 -0.51259983
v -0.23070289 1.18610382 -0.50818765
v -0.24718566 1.29720795 -0.43155247
v -0.21485175 1.29818761 -0.45499226
v -0.25187260 1.26094341 -0.45294625
v -0.18100382 1.29669213 -0.47578445
v 0.48288870 1.10087192 -0.15618686
v 0.47474518 1.13341010 -0.14997074
v 0.48489439 1.09555042 -0.11220977
v 0.49080062 1.06920063 -0.16164932
v 0.49268585 1.06440508 -0.11711068
v 0.48981875 1.05737805 -0.07342542
v 0.47748476 1.12764966 -0.10650870
v 0.47070408 1.16034472 -0.10015265
v 0.47323450 1.11984372 -0.06296885
v 0.46690965 1.16640973 -0.14301251
v 0.48125696 1.08814764 -0.06858425
v -0.47425330 0.36509037 0.42643297
v -0.37661088 0.36266828 0.42030495
v -0.40158433 0.37288779 0.38413659
v -0.44333810 0.35279158 0.45969111
v -0.41662842 0.33308583 0.49177623
v -0.57894272 0.37154576 0.43142313
v -0.51187456 0.37058342 0.39197311
v 0.74513501 -0.87187791 -0.45708901
v 0.76066327 -0.91412139 -0.33876309
v 0.75010896 -0.84295022 -0.51220739
v 0.69919115 -0.81660497 -0.49398565
v -0.10609315 0.71689785 -0.60687906
v 0.07021520 0.43115690 -0.50886142
v 0.11643165 0.42901024 -0.51179534
v 0.07816358 0.40017551 -0.48684853
v 0.13104069 0.37253344 -0.46192631
v 0.08603632 0.37257975 -0.46357995
v 0.12385888 0.40043166 -0.48624802
v 0.16929178 0.39875728 -0.48179433
v 0.10939026 0.46131271 -0.53594798
v 0.16277027 0.42801717 -0.50857985
v 0.33471587 1.24601758 -0.37644067
v 0.32131124 1.28252292 -0.36048713
v 0.35547590 1.24633038 -0.34450400
v 0.29913184 1.28236914 -0.39069158
v 0.35928041 1.28100049 -0.29638767
v 0.37414688 1.24580216 -0.31147259
v 0.34115863 1.28231680 -0.32890344
v 0.34320340 1.31515563 -0.27959180
v 0.32515892 1.31688666 -0.31135336
v 0.30611318 1.31773794 -0.34256703
v -0.30404317 1.31611848 -0.35218126
v -0.27388513 1.32765198 -0.38160422
v -0.30683839 1.28337908 -0.37580344
v -0.28124452 1.25762820 -0.42697737
v -0.27799416 1.29289043 -0.40530849
v -0.30866903 1.25112867 -0.39795238
v -0.33128637 1.29682434 -0.31980413
v -0.29780179 1.34704268 -0.32540601
v -0.26743424 1.36077785 -0.35529357
v -0.33400220 1.26724434 -0.34390110
v -0.29111224 0.41727591 0.09755778
v -0.25363636 0.45520419 0.12433343
v -0.25728470 0.46546388 0.06514959
v -0.29855120 0.41397449 0.15868227
v -0.40103883 0.34437805 0.11121379
v -0.34252626 0.38465828 0.13070309
v -0.33831072 0.37068599 0.07380022
v -0.28756297 0.41298816 0.02734949
v -0.31873167 0.34185541 -0.02092487
v -0.36401480 0.28668985 -0.01973957
v -0.34611815 0.33752072 0.02109226
v -0.40051079 0.27685624 0.01006333
v -0.39511627 0.31929934 0.05754955
v 0.25566596 1.44738865 -0.04198629
v 0.27272663 1.43080699 -0.01124740
v 0.28543150 1.44013953 -0.07252458
v 0.30130345 1.42640197 -0.04262923
v 0.28952101 1.41044104 0.01772717
v 0.68220472 0.51742995 -0.39254814
v 0.63316083 0.56314778 -0.44095916
v 0.71644622 0.54606247 -0.39938307
v 0.66705596 0.59801090 -0.44599539
v 0.71123904 0.62696195 -0.44394597
v 0.61152482 0.65690327 -0.47747970
v 0.65957981 0.69126523 -0.47289613
v 0.57923198 0.61516666 -0.47377831
v 0.75406903 0.51328105 -0.34239689
v 0.60818207 0.52431661 -0.42972803
v 0.75814915 0.57368112 -0.40110227
v 0.86222172 0.70636880 -0.42953169
v 0.91235960 0.73444521 -0.42401651
v 0.90097016 0.65349895 -0.39219940
v 0.94876611 0.68221772 -0.38877824
v 0.92781198 0.61712211 -0.34767950
v 0.85200953 0.62748390 -0.39667964
v 0.88276196 0.59023130 -0.34916621
v 0.91979873 0.82485354 -0.44420829
v 0.32931888 0.90923953 0.49899763
v 0.27342001 0.87972927 0.53447807
v 0.35938036 0.88721669 0.53636724
v 0.23173377 0.81958312 0.58950853
v 0.29791236 0.85566783 0.57359123
v 0.21359943 0.84657240 0.55304348
v 0.25196654 0.78995651 0.61896968
v 0.32453024 0.82935274 0.60611260
v 0.25003991 0.90351570 0.49183273
v 0.19634657 0.87220669 0.51347566
v 0.14136934 0.83870780 0.52046436
v 0.59282780 -0.43401542 -0.65443617
v 0.63892281 -0.46143046 -0.66648006
v 0.55798072 -0.49102125 -0.63509721
v 0.60388035 -0.51549041 -0.64677709
v 0.52744287 -0.54564154 -0.60328978
v 0.65081358 -0.53983140 -0.65537637
v 0.57341045 -0.56753850 -0.61512089
v 0.58354026 -0.34630892 -0.64417094
v 0.63002479 -0.37671581 -0.66220969
v 0.54676133 -0.40683326 -0.63944358
v 0.51270658 -0.46661660 -0.62106264
v 0.25336400 1.21437788 0.21386996
v 0.28456020 1.22619247 0.18175465
v 0.23619857 1.25233364 0.20766729
v 0.29670587 1.27149343 0.14250225
v 0.26734611 1.26266956 0.17524020
v 0.31377333 1.23645544 0.14841427
v 0.33109957 1.20194650 0.15221401
v 0.30175844 1.18997705 0.18593132
v 0.27046850 1.17653346 0.21818006
v 0.21884339 1.28979492 0.19813907
v 0.28037500 1.30682683 0.13351658
v 0.25056505 1.29911494 0.16593039
v -0.32958513 -0.17208245 0.45512885
v -0.37502366 -0.16807076 0.48011696
v -0.35115600 -0.20941243 0.41177493
v -0.35992950 -0.12387636 0.51667780
v -0.28702885 -0.17944154 0.43314540
v -0.30717862 -0.21798727 0.38790950
v -0.33329731 -0.24542263 0.33991545
v -0.42742527 -0.22705659 0.39215282
v -0.37922353 -0.23408303 0.36458281
v -0.39788437 -0.20341226 0.43803519
v -0.44619817 -0.20118269 0.46752906
v -0.42225027 -0.16742596 0.50798851
v 0.66079664 0.79754329 0.44882011
v 0.61564130 0.83561957 0.45626241
v 0.61679226 0.76193172 0.54144454
v 0.67814618 0.82256705 0.34652036
v 0.63640678 0.85774410 0.35569844
v 0.50373781 0.76352787 0.61440349
v 0.54740649 0.71719456 0.61131370
v 0.57072371 0.80378187 0.54639989
v 0.70431584 0.75294662 0.43421131
v 0.66239369 0.71397424 0.52790421
v 0.59293067 0.66570657 0.59940648
v 0.79382718 -0.73243189 -0.64213926
v 0.81399453 -0.68979490 -0.67375278
v 0.14868146 0.56947207 -0.60920471
v 0.14996433 0.61378431 -0.62440103
v 0.09603854 0.61022198 -0.64003843
v 0.15202053 0.66081345 -0.63145775
v 0.04256274 0.65734625 -0.65892071
v 0.09778078 0.65850544 -0.64899105
v 0.04129067 0.60855907 -0.64548653
v 0.20139316 0.57165134 -0.59498000
v 0.14925629 0.53013384 -0.58571136
v 0.20271379 0.61665928 -0.60532129
v 0.77706122 0.50069892 -0.28258958
v 0.81644690 0.52360237 -0.29046285
v 0.79473180 0.53804535 -0.34752089
v 0.85757434 0.54860395 -0.29491508
v 0.34846556 0.66184664 -0.53357494
v 0.30126899 0.66521859 -0.55825388
v 0.35273406 0.70937651 -0.53668046
v 0.39126676 0.60424227 -0.50825810
v 0.34368825 0.61470693 -0.52695316
v 0.39769024 0.65337968 -0.51461715
v 0.40312907 0.70377874 -0.51651549
v 0.30471438 0.71174347 -0.56154180
v 0.25705621 0.71157384 -0.58840179
v 0.30666655 0.75799489 -0.56313109
v 0.25432560 0.66494840 -0.58547330
v 0.35400292 0.75712335 -0.53813940
v -0.08098496 0.63278377 0.34789070
v -0.10743250 0.59800828 0.30412558
v -0.07891546 0.59025103 0.34464341
v -0.07913594 0.54397964 0.34524357
v -0.04306467 0.58323413 0.39404207
v -0.04895161 0.66756362 0.39825049
v -0.04630883 0.62743258 0.39589265
v -0.08485694 0.67084098 0.35044569
v -0.11135228 0.63819194 0.30726627
v -0.00675334 0.66446304 0.45295292
v -0.00175099 0.62277573 0.45349878
v 0.06780003 -0.50636137 -0.17988139
v 0.05740280 -0.48824397 -0.23789026
v 0.08160894 -0.51544940 -0.12339281
v 0.05632317 -0.50626385 -0.10888619
v 0.02998151 -0.47814158 -0.21877803
v 0.10720168 -0.52589893 -0.13823685
v 0.09449497 -0.51569986 -0.19719025
v 0.09801459 -0.51901650 -0.06867564
v 0.07355189 -0.50799716 -0.05687549
v 0.16502380 0.78086221 0.58406901
v 0.10060091 0.74141860 0.55597657
v 0.17855461 0.74787986 0.60584921
v 0.15297934 0.81054813 0.55441296
v 0.09370025 0.77361882 0.53657740
v 0.04839315 0.66363537 0.51384103
v 0.10969079 0.70541871 0.56844103
v 0.04233240 0.70246601 0.50939995
v 0.03853893 0.73750818 0.49926043
v -0.00936876 0.70227206 0.45086002
v 0.92352802 -0.50947547 0.11492287
v 0.96496624 -0.63820004 0.07458518
v 0.92243880 -0.59658623 0.09469551
v 0.88034034 -0.55545568 0.11455840
v 0.92114878 -0.68037188 0.06422423
v 0.87738490 -0.63975990 0.08521327
v 0.55930775 0.11067051 0.24942166
v 0.54945379 0.12798974 0.27940717
v 0.53598928 0.07831597 0.26112169
v 0.55516398 0.05244517 0.23877940
v 0.53389049 0.01225299 0.24945986
v 0.57583511 0.08747748 0.22333014
v 0.51094145 0.11233401 0.31405550
v 0.52193701 0.09786499 0.28625125
v 0.54366660 0.14055325 0.31209731
v 0.48113999 0.08020806 0.30950549
v 0.49608785 0.06315476 0.28759196
v 0.51293057 0.04079434 0.26720279
v -0.84416997 0.07956150 0.19194886
v -0.83739209 0.02365625 0.19498447
v -0.90305746 0.08652183 0.22724706
v -0.82367837 -0.02960089 0.20523974
v -0.89480364 0.02891049 0.23074454
v -0.78428853 0.13028847 0.16165270
v -0.78697002 0.07424259 0.15693638
v -0.84256840 0.13622749 0.19711837
v -0.90151227 0.14447705 0.23367876
v -0.96164775 0.09394768 0.26551515
v -0.43198240 1.02904510 -0.22391455
v -0.43253982 1.00119531 -0.26227719
v -0.43805909 0.98872328 -0.20114577
v -0.42321056 1.06865847 -0.24518745
v -0.42311543 1.04069543 -0.28176880
v -0.42922729 0.97480392 -0.30208957
v -0.41951007 1.01388109 -0.31936985
v -0.41131246 1.07919407 -0.29914743
v -0.40768957 1.05135524 -0.33421925
v -0.42079788 1.09707987 -0.20954531
v -0.42851859 1.05724335 -0.18573061
v -0.43279856 1.01687336 -0.16160630
v 0.37409639 1.36338449 -0.12025605
v 0.38724825 1.35420573 -0.08985373
v 0.39405358 1.33364427 -0.13626492
v 0.43190393 1.28799915 -0.07397407
v 0.42527524 1.29638195 -0.11302097
v 0.41541541 1.31647158 -0.06714474
v 0.37784201 1.33898878 -0.16798487
v 0.35807469 1.36968672 -0.15002917
v 0.35148033 1.39065528 -0.09972000
v 0.33548906 1.39789569 -0.12808271
v 0.36327493 1.37997329 -0.07235920
v 0.41133219 1.30235600 -0.14886028
v 0.40787452 1.32634592 -0.10310037
v -0.05958582 -0.03870788 0.45290411
v -0.09765036 -0.03790358 0.47337037
v -0.07814975 -0.11283347 0.43202275
v -0.08593108 0.03422320 0.48219693
v -0.04463877 -0.11793485 0.41337794
v 0.76908576 0.07654935 0.00921861
v 0.77514559 0.10171029 -0.03492208
v 0.72852403 0.11443374 0.02834836
v 0.81376719 0.03513861 -0.00949268
v 0.81848907 0.06175199 -0.05461918
v 0.75871736 0.04646254 0.05048638
v 0.69525254 0.14839052 0.04903703
v 0.71688432 0.08609882 0.06904621
v 0.70572037 0.17138506 0.00564555
v 0.73618537 0.13794814 -0.01531026
v -0.04069589 1.43916976 0.05036494
v -0.00605927 1.45257783 0.02752852
v -0.05792017 1.45479274 0.01744507
v 0.02853151 1.46257401 0.00243323
v -0.02447192 1.46676958 -0.00578320
v 0.04689755 1.44596624 0.03467083
v -0.04376201 1.47726727 -0.04043437
v -0.07590930 1.46524596 -0.01753218
v -0.09073393 1.43809235 0.03774656
v -0.31514192 1.18596613 -0.43262511
v -0.33966106 1.17920101 -0.40173882
v -0.31108034 1.21846390 -0.41756341
v -0.29028791 1.18612039 -0.46081707
v -0.28536129 1.22217119 -0.44576305
v -0.33700192 1.20772505 -0.38674217
v -0.36401540 1.15683067 -0.37347093
v -0.36168772 1.18556857 -0.35785860
v 0.50197917 1.03471816 -0.12089974
v 0.51332718 1.00703681 -0.12359583
v 0.49987948 1.03923070 -0.16582453
v 0.52721375 0.98197448 -0.12464391
v 0.51103777 1.01173770 -0.16909513
v 0.51189160 1.00041485 -0.07990260
v 0.49393892 1.02018785 -0.03463614
v 0.50693446 0.99286604 -0.03764186
v 0.49987936 1.02801907 -0.07730343
v 1.18818521 0.78615355 -0.26968798
v 1.17959416 0.80572224 -0.31751060
v 1.26324761 0.83751225 -0.25355548
v 1.18878400 0.77869785 -0.22024800
v 1.12383306 0.74135047 -0.28168052
v 1.25152016 0.85664576 -0.30303648
v 1.33388102 0.91090739 -0.28566280
v 1.26671541 0.82863760 -0.20218411
v 0.76484132 -0.66153169 -0.65993577
v 0.71628278 -0.63586438 -0.64731932
v 0.79055643 -0.61647809 -0.68476617
v 0.77578723 -0.54275179 -0.69134766
v 0.81995761 -0.57038260 -0.70173585
v 0.74427307 -0.58986163 -0.67319000
v 0.83747953 -0.64473987 -0.69725400
v 0.37855095 1.09995735 0.15409064
v 0.36293274 1.13301873 0.15395145
v 0.35388640 1.08673143 0.19661042
v 0.34751558 1.16735816 0.15403071
v 0.33537742 1.11941457 0.19151020
v 0.39723355 1.06922734 0.15624601
v 0.40062806 1.11181927 0.11177312
v 0.30536997 1.10393786 0.22776985
v 0.32621041 1.07148266 0.23833162
v 0.37644520 1.05704212 0.20511720
v 0.60366511 -0.26225451 0.22076151
v 0.63805723 -0.20694259 0.21558601
v 0.56896937 -0.21653786 0.23112583
v 0.56607294 -0.11451522 0.23339939
v 0.60045433 -0.16002831 0.22521135
v 0.59079289 -0.06391007 0.22193226
v 0.53717595 -0.17136833 0.23885030
v 0.66777134 -0.15534934 0.20265236
v 0.56519645 -0.32017198 0.21804139
v 0.53315675 -0.27618459 0.22858331
v -0.02110191 0.43730709 -0.48998505
v 0.02471380 0.43474868 -0.50046730
v -0.01289181 0.40382722 -0.47057021
v 0.04065020 0.37205639 -0.46021628
v 0.03270732 0.40229768 -0.48039508
v -0.07638712 0.47313493 -0.49896693
v -0.02905400 0.47163612 -0.51081192
v -0.06797396 0.43708664 -0.47812879
v -0.00514482 0.37138927 -0.45214936
v -0.05952887 0.40275782 -0.45816180
v -0.05145259 0.36984566 -0.43927532
v 0.45765871 -0.59480751 0.08670881
v 0.42603317 -0.56623650 0.10486928
v 0.41976935 -0.62922740 0.04336378
v 0.35579920 -0.62912941 0.01254468
v 0.38688844 -0.65472245 -0.00586193
v 0.38831040 -0.60279608 0.06196569
v 0.41959202 -0.68048954 -0.02541475
v 0.39224666 -0.69545674 -0.08013590
v 0.32876444 -0.64494324 -0.04239982
v 0.35980901 -0.67014563 -0.06063087
v 0.35876322 -0.57619274 0.07882056
v 0.39656770 -0.53721535 0.12144113
v -0.30773479 1.03959846 0.17705834
v -0.28895950 1.00264561 0.20122004
v -0.27630651 1.07164121 0.20860258
v -0.26561326 0.96585715 0.22060254
v -0.25687307 1.03555012 0.23275000
v -0.22026844 1.06887591 0.25978231
v -0.24030127 1.10391581 0.23572859
v -0.29245031 1.10711122 0.18110681
v -0.33319485 1.00780165 0.14100710
v -0.31450647 0.97041512 0.16452320
v 1.22128534 -0.58541799 -0.03771544
v 1.24268293 -0.54293156 -0.07326108
v 1.19421554 -0.62897754 -0.01105509
v -0.90729320 0.43125349 0.63495952
v -0.85356188 0.40214401 0.75145143
v -0.80741167 0.40522078 0.69854444
v -0.85469747 0.42410901 0.66700375
v 0.97156608 0.64772886 -0.34469581
v 0.71500516 -0.35409078 -0.67403960
v 0.66849679 -0.32066366 -0.65801114
v 0.75371718 -0.30367622 -0.66204244
v 0.83793217 -0.29282376 -0.65715134
v 0.79894716 -0.33838895 -0.67568231
v 0.79267013 -0.25701681 -0.63990897
v 0.70729333 -0.26773277 -0.64252937
v 0.74591762 -0.21948352 -0.61721259
v 0.83107352 -0.21439955 -0.61086458
v 0.35683650 -0.69436955 -0.20314725
v 0.39244127 -0.71742713 -0.22325219
v 0.37157077 -0.69996142 -0.13980828
v 0.40642571 -0.72391617 -0.16013068
v 0.44298822 -0.74750745 -0.18155620
v 0.42718828 -0.71992421 -0.10056210
v 0.38489199 -0.70129633 -0.28842625
v 0.42936915 -0.74003363 -0.24449642
v 0.42267567 -0.72284174 -0.30896872
v 0.04439799 1.20622885 -0.56492066
v 1.10443246 -0.20922503 -0.50152564
v 1.07149911 -0.22791925 -0.55088818
v 1.06239700 -0.17492947 -0.48195788
v 1.09050763 -0.16588911 -0.42588452
v 1.13214242 -0.20077088 -0.44550940
v 1.14504755 -0.24365422 -0.52040964
v 1.15387213 -0.20216796 -0.38595173
v 1.11287034 -0.16612616 -0.36630967
v 0.06354503 1.47136450 -0.02380364
v 0.09864514 1.47942913 -0.05111843
v 0.04406528 1.48429513 -0.05676030
v 0.08201055 1.45533228 0.00825906
v 0.11726224 1.46428740 -0.01923546
v 0.00951593 1.47608411 -0.03077211
v 0.02360597 1.49185884 -0.09105139
v -0.01044889 1.48548782 -0.06524827
v 0.07899179 1.49081099 -0.08381904
v 0.11396788 1.49333584 -0.11184421
v 0.05802102 1.49595916 -0.11768930
v 0.77562594 0.87328362 -0.03311514
v 0.81819367 0.82472706 -0.02678368
v 0.80403733 0.89748597 -0.02385559
v 0.73271668 0.92136276 -0.05475865
v 0.75514132 0.94740868 -0.04764050
v 0.85181564 0.84731030 -0.01733739
v 0.84156322 0.92574453 -0.00743575
v 0.89517969 0.80066621 -0.02747083
v 0.85772622 0.77909291 -0.03673448
v 0.94137335 0.82627237 -0.01031316
v 0.89441609 0.87397492 0.00064911
v 0.71941710 0.48737231 -0.33157653
v 0.69085592 0.46126291 -0.31454426
v 0.65522826 0.48657131 -0.37872982
v 0.74097550 0.47739822 -0.27031231
v 0.78573072 0.50369173 -0.22707303
v 0.82484341 0.52664465 -0.23610094
v 0.35318509 0.79836786 0.63013530
v 0.27417913 0.75513065 0.63922286
v 0.38526815 0.76087207 0.64553398
v 1.03603280 -0.46092978 -0.72383505
v 1.11409771 -0.39090863 -0.68102521
v 1.07499850 -0.42481908 -0.70579815
v 1.03841281 -0.38799205 -0.68950093
v 0.99942052 -0.42582420 -0.70847481
v 0.18429628 1.18348813 0.27183101
v 0.21996020 1.20021224 0.24411729
v 0.16706267 1.22446084 0.26759100
v 0.12922803 1.20646799 0.29416510
v 0.14692891 1.16422522 0.29771268
v 0.20114753 1.14275479 0.27540419
v 0.23666422 1.16087461 0.24780914
v 0.20283027 1.23973989 0.23867828
v 0.14869684 1.26436698 0.25899771
v 0.18495737 1.27841246 0.22942811
v 0.45769453 -0.57656169 -0.54721105
v 0.50233990 -0.59650898 -0.56091529
v 0.43936491 -0.62352693 -0.49501890
v 0.42776453 -0.66375065 -0.43613762
v 0.38754600 -0.64370394 -0.41837463
v 0.47005361 -0.68275166 -0.45396185
v 0.48297629 -0.64262056 -0.51061022
v 0.51429236 -0.70105994 -0.47223514
v 0.52795339 -0.66138721 -0.52651012
v 0.54807395 -0.61639345 -0.57428515
v -0.30467266 0.38003528 0.37706092
v -0.29143286 0.36087990 0.41721079
v -0.23103414 0.40422776 0.34084269
v -0.31894118 0.39035642 0.33712542
v -0.35476506 0.34428433 0.45528883
v -0.43738246 0.37523675 0.34972563
v -0.35456860 0.39017928 0.30371004
v -0.25969791 0.42567369 0.25052252
v 0.96160710 -0.39298913 -0.69468588
v 0.92356312 -0.43514982 -0.70708156
v 1.00047147 -0.35417542 -0.67377776
v 0.96116573 -0.32071748 -0.65971571
v 0.92240870 -0.36060789 -0.68179303
v 0.88385409 -0.40382716 -0.69615203
v 0.84624189 -0.44906661 -0.70276707
v 0.92616606 -0.50920916 -0.72419673
v 0.88683921 -0.47903356 -0.71288484
v 0.96166146 -0.46631947 -0.72010356
v 0.72384495 -0.74520719 -0.58940399
v 0.74287879 -0.70452738 -0.62775737
v 0.77571136 -0.77267861 -0.60480642
v 0.13529935 1.44668877 0.01250907
v 0.17035505 1.45554054 -0.01522732
v 0.10012086 1.43683362 0.03964794
v 0.15260184 1.47204673 -0.04744540
v 0.13398908 1.48493433 -0.07964697
v -0.35404003 0.90793097 0.08483635
v -0.37227046 0.94579196 0.06228477
v -0.36938184 0.87757969 0.04309226
v -0.35375684 0.97657728 0.10210204
v -0.34772444 0.84049493 0.06299525
v -0.38399303 0.84744835 0.00122183
v -0.36265332 0.81013268 0.02126645
v -0.38760883 0.91558969 0.02100027
v -0.38555902 0.98430479 0.03697491
v 0.58405411 0.14028555 0.23173046
v 0.57902932 0.15607350 0.26512298
v 0.57944965 0.16795839 0.30218637
v 0.52175921 0.95136392 -0.32828331
v 0.54188943 0.94619191 -0.33488652
v 0.50418222 0.93541670 -0.37283957
v 0.51005685 0.89877820 -0.41738021
v 0.48582780 0.91282105 -0.41294900
v 0.52618718 0.92613637 -0.37929279
v 0.56326449 0.95234060 -0.34376085
v 0.55153316 0.92578447 -0.38857973
v 0.57866728 0.93678057 -0.39660192
v 0.54057968 0.89078593 -0.42511278
v 0.58337700 0.96703851 -0.35313666
v -0.40683943 0.21189041 -0.03538234
v -0.43704224 0.13636473 -0.04802220
v -0.44422823 0.21236333 -0.00508027
v -0.48989403 0.20524383 0.02252600
v -0.44499534 0.26864627 0.04113001
v -0.51904839 0.13890815 0.00804263
v -0.47583616 0.14030643 -0.01927068
v -0.37467861 0.20225620 -0.07029877
v -0.40169823 0.12651822 -0.07925603
v -0.33936810 0.27344295 -0.06146534
v 1.20086408 1.40690541 -0.33954579
v 1.21588421 1.34735560 -0.38940740
v 1.09672987 1.36033559 -0.36000064
v 1.31787312 1.39300931 -0.36334631
v 1.34325969 1.31959772 -0.39424169
v 1.14876091 1.22494245 -0.43390849
v 1.11365211 1.29839087 -0.40874040
v 1.24657238 1.27305019 -0.41645211
v 1.01540625 1.25017202 -0.42082700
v 0.99581856 1.31030869 -0.37298056
v 0.31577796 0.97954965 0.37663919
v 0.34567302 0.95629156 0.41163179
v 0.35243818 1.00047135 0.32909775
v 0.38082579 1.01701474 0.27402815
v 0.35177615 1.04270947 0.25425404
v 0.32253185 1.02568233 0.30161124
v 0.29593718 1.05440986 0.27904725
v 0.40196395 1.02999604 0.21624628
v 0.41179532 0.99352586 0.29483745
v 0.38394454 0.97733629 0.35771111
v 0.43077916 1.00570464 0.22953233
v 1.63097060 1.07836962 -0.11203568
v 1.54761517 1.00724423 -0.13441937
v 1.61924148 1.08257735 -0.16562895
v 1.45160103 0.94375205 -0.15827820
v 1.44267678 0.95250034 -0.21262680
v 1.66508102 1.15243840 -0.14977005
v 1.60043132 1.08858860 -0.22039533
v 1.64311039 1.15169466 -0.20016882
v 1.53723264 1.01396561 -0.18972474
v 0.00848433 1.34329307 -0.49188784
v 0.04314150 1.33901703 -0.49544150
v 0.00653723 1.31445432 -0.51603240
v -0.02034618 1.37560523 -0.45652318
v 0.01244245 1.36906052 -0.46474668
v -0.02659185 1.34781516 -0.48456874
v -0.03062828 1.31770945 -0.50995064
v 0.04377121 1.27833545 -0.53679121
v 0.00518523 1.28171074 -0.53613150
v 0.04347023 1.31103396 -0.51830715
v 0.08246247 1.27601397 -0.53360999
v 0.08036648 1.30860341 -0.51623380
v 0.03406903 0.77001452 0.48244363
v 0.07774222 0.83446991 0.48151398
v 0.02781321 0.80207801 0.46088701
v 0.08637281 0.80412400 0.51018691
v -0.01278974 0.73675871 0.44217998
v 0.01895641 0.83499241 0.43938428
v 0.12893766 0.86746061 0.48404181
v 0.20927432 -0.51190794 -0.39569867
v 0.17574674 -0.49846593 -0.37636557
v 0.21873569 -0.46804890 -0.44847894
v 0.19825232 -0.40081474 -0.46793792
v 0.23527038 -0.41321352 -0.48769867
v 0.18344146 -0.45555040 -0.42866805
v 0.27359229 -0.42715928 -0.50688779
v 0.14924923 -0.44515422 -0.40815118
v 0.14356768 -0.48701450 -0.35562235
v 0.17449720 -0.53075397 -0.31562841
v 0.14393994 -0.51797485 -0.29597408
v 0.81603611 0.77006906 -0.45486632
v 0.86671120 0.79687166 -0.44900540
v 0.86992925 0.89091408 -0.46112984
v 0.81767237 0.86374438 -0.46244532
v 0.81107110 0.68058741 -0.43564445
v 0.56129050 -0.71878612 -0.49004892
v 0.57527250 -0.67978752 -0.54171753
v 0.59522408 -0.63638818 -0.58716822
v 0.62031335 -0.58958077 -0.62590605
v 1.15257370 -0.36008701 -0.64880621
v 1.11458588 -0.32311180 -0.62920529
v 1.07702649 -0.35331991 -0.66335756
v -0.14178048 -0.29144195 0.29677224
v -0.11726864 -0.30589011 0.27870324
v -0.12005936 -0.24238965 0.35025281
v -0.14087154 -0.34261033 0.22169599
v -0.19064443 -0.30988637 0.25964141
v -0.16456677 -0.32684317 0.24099657
v -0.16807897 -0.27649072 0.31421465
v -0.16523670 -0.36477962 0.16662841
v -0.18952535 -0.34711203 0.18646887
v -0.14782773 -0.23029986 0.36673260
v -0.21084352 -0.20381787 0.39803907
v -0.17785750 -0.21728960 0.38242188
v 0.23852608 1.46137035 -0.07324287
v 0.20512074 1.46156609 -0.04375403
v 0.23479716 1.20447969 -0.50060618
v 0.22771446 1.24236917 -0.48661721
v 0.26711372 1.20571303 -0.47700647
v 0.24177943 1.16591930 -0.51294351
v 0.27520654 1.16681552 -0.48925194
v 0.20019378 1.20381403 -0.52151722
v 0.30598950 1.16783118 -0.46328092
v 0.25843793 1.24376595 -0.46276870
v 0.29643714 1.20671296 -0.45052922
v 0.24882486 1.28077888 -0.44632033
v 0.28643227 1.24481273 -0.43605050
v 0.22047532 1.27951801 -0.47121838
v -0.11670722 1.46926939 -0.08917304
v -0.14581649 1.45522046 -0.06686351
v -0.09550609 1.46945179 -0.05364554
v -0.12489070 1.45441318 -0.03247298
v -0.10737912 1.47518444 -0.14784855
v -0.13846995 1.46566248 -0.12397291
v -0.08558314 1.47945166 -0.11254261
v -0.06422262 1.48075020 -0.07658181
v 0.06744166 1.39555001 -0.42375118
v 0.05100268 1.38182652 -0.44576052
v 0.03877331 1.40794766 -0.40930432
v 0.05744523 1.42031837 -0.38452509
v -0.00939678 1.39916229 -0.42627725
v 0.00683859 1.41775274 -0.39719433
v 0.02131750 1.39129281 -0.43612546
v 0.07674341 1.35739803 -0.47313276
v 0.04484461 1.36200345 -0.47135228
v 0.07435851 1.37407339 -0.45319647
v 0.07815155 1.33600736 -0.49467897
v -0.19175346 1.43896341 -0.28573713
v -0.15861182 1.44233680 -0.30985689
v -0.20922552 1.42086768 -0.31967193
v -0.22432230 1.43059301 -0.25958610
v -0.17210422 1.45188892 -0.25126079
v -0.17558436 1.42328787 -0.34379986
v -0.22376631 1.39732003 -0.35244393
v -0.24258827 1.41351664 -0.29336643
v -0.25714767 1.39034414 -0.32589793
v -0.12535854 1.44120467 -0.33162096
v -0.24799351 0.50904876 0.04475033
v -0.25942355 0.48010314 0.00370026
v -0.26460379 0.45615315 -0.03976984
v -0.27999461 0.40650290 -0.02674017
v -0.01164199 0.65942764 -0.64991045
v -0.01023008 0.61392176 -0.63099593
v -0.13425766 1.03108883 0.32056424
v -0.15672199 1.06753528 0.30082279
v -0.17364834 0.99679828 0.29789397
v -0.15020888 0.95891690 0.31269097
v -0.23400499 0.99918032 0.25296724
v -0.20934685 0.96269178 0.26934606
v -0.19711290 1.03332579 0.27991498
v -0.17851086 1.10219479 0.27867544
v 0.31866214 -0.56338918 -0.44672644
v 0.35778785 -0.58323216 -0.46248472
v 0.31129247 -0.60211539 -0.38448495
v 0.34572172 -0.65509510 -0.33559939
v 0.30983660 -0.63294435 -0.31798100
v 0.34859130 -0.62316227 -0.40110001
v 0.39800689 -0.60341513 -0.47875977
v 0.33299989 -0.51621950 -0.50051588
v 0.37327528 -0.53587365 -0.51658130
v 0.41501051 -0.55597091 -0.53216803
v -0.41469514 1.12592363 -0.17496172
v -0.40974611 1.13617003 -0.23338409
v -0.42126340 1.08593559 -0.14902824
v -0.41172731 1.10769272 -0.26595372
v -0.40577781 1.16563177 -0.20131594
v -0.39642107 1.17468727 -0.25787550
v -1.11567330 0.23264287 0.42829657
v -1.10176182 0.28880650 0.45182413
v -1.06541800 0.23010920 0.37579238
v -1.07227039 0.16835912 0.36282417
v -1.12227714 0.17115311 0.41610417
v -0.99255455 0.27722645 0.35095450
v -1.01012111 0.22264417 0.32828677
v -1.04951823 0.28621304 0.39874008
v 1.08899295 -0.76238430 0.00776441
v 1.04992580 -0.80270696 -0.00602430
v 1.00915694 -0.83766532 -0.02822793
v 0.96561217 -0.79853213 -0.00154045
v 1.00796258 -0.76266778 0.01979431
v -0.35664135 0.93392372 -0.47531328
v -0.38076013 0.94932342 -0.43664894
v -0.34579480 0.97355080 -0.48152703
v -0.35737008 1.02550840 -0.45026821
v -0.33464032 1.01179838 -0.48491016
v -0.36945397 0.98818004 -0.44483793
v -0.38754719 1.00626135 -0.40807679
v -0.36608398 0.89325798 -0.46556768
v -0.33503008 0.87946427 -0.50347078
v -0.31659901 0.96146393 -0.51738667
v -0.32679623 0.92121005 -0.51256979
v 0.18840574 -0.56997800 -0.18451385
v 0.21807474 -0.58869672 -0.20028594
v 0.20198858 -0.57954407 -0.11971462
v 0.20960666 -0.57111716 -0.26776901
v 0.24153541 -0.59048545 -0.28465098
v 0.26055887 -0.62206888 -0.14952528
v 0.23097742 -0.59945810 -0.13413113
v 0.24866232 -0.60999715 -0.21640246
v 0.27692917 -0.62633812 -0.08552552
v 0.24786021 -0.60326958 -0.07069791
v 0.21976699 -0.58202016 -0.05739822
v 0.10367882 1.48564458 -0.20327614
v 0.13554133 1.47237587 -0.22825558
v 0.08091553 1.47984338 -0.23431982
v 0.04770021 1.48753095 -0.21039651
v 0.12604129 1.48931718 -0.17176242
v 0.15745743 1.47484601 -0.19796011
v 0.09007157 1.46104908 -0.28671765
v 0.05807535 1.47215724 -0.26462543
v 0.11306371 1.46800888 -0.25788391
v 0.34476343 -0.12068996 -0.48369753
v 0.30085751 -0.10041305 -0.47167405
v 0.37016195 -0.04486918 -0.45311391
v 0.38809085 0.02736959 -0.42174366
v 0.43873006 0.00328186 -0.42405790
v 0.41855800 -0.06688875 -0.46294197
v 0.25907233 -0.07843971 -0.46275491
v 0.32406008 -0.02154684 -0.44702902
v 0.34197000 0.05465233 -0.42203015
v 0.27359805 -0.18059632 -0.49077374
v 1.22204030 -0.31821844 -0.55804121
v 1.18869424 -0.33581600 -0.60698318
v -0.86935771 -0.23719135 0.59731096
v -0.86560524 -0.22026882 0.51386368
v -0.82759047 -0.23641697 0.55428767
v -0.90638399 -0.22063085 0.55894351
v -0.83391476 -0.24327549 0.63933289
v -0.79068613 -0.24365982 0.59686559
v -0.90478885 -0.19535545 0.47765547
v -0.94621980 -0.19674417 0.52575439
v 0.12673745 0.99590790 0.37971586
v 0.02090473 0.97851837 0.39226449
v 0.08483514 0.96863949 0.40052259
v 0.05460680 0.90128469 0.42941645
v 0.10126960 0.93193686 0.42250302
v 0.03901538 0.93869829 0.40892905
v 0.14500666 0.96032119 0.40409899
v 0.18612950 0.98692727 0.37886587
v 0.71862638 0.51306111 0.03433424
v 0.73135316 0.55994654 0.06241544
v 0.74894524 0.49603701 0.08814296
v 0.77655500 0.47353747 0.15650408
v 0.75425011 0.43263814 0.11922087
v 0.70646924 0.41783431 0.02023806
v 0.72814035 0.45422512 0.05442668
v 0.72986865 0.39740288 0.08260775
v 0.70226532 0.47142163 0.00291535
v 0.79045206 0.44299325 0.23499063
v 0.76916891 0.40378124 0.19318417
v 0.76479495 0.54335618 0.11982891
v -0.08619209 1.09814417 -0.59389764
v -0.12853993 1.10108602 -0.58323830
v -0.08294560 1.13666618 -0.58001125
v -0.12015145 1.17775202 -0.55653858
v -0.12407623 1.13939321 -0.56964594
v -0.04278390 1.09579337 -0.60052013
v -0.13373221 1.06249368 -0.59711421
v 0.46398926 -0.74448991 -0.12172331
v 0.45446265 -0.70614195 -0.04562362
v -0.45522934 -0.20337489 0.09156844
v -0.41334790 -0.22117195 0.06849182
v -0.42314672 -0.23667172 0.12946630
v -0.46844745 -0.22057971 0.15443200
v -0.43412286 -0.24382344 0.19636345
v -0.37501365 -0.24135038 0.04682561
v -0.38117778 -0.25548789 0.10679501
v -0.38876313 -0.25949875 0.17217632
v -0.44218194 -0.17803362 0.03527880
v -0.48385221 -0.16226324 0.05880402
v -0.09116189 1.06507337 0.33625379
v -0.01888256 1.16840994 0.32720906
v -0.06675558 1.13445425 0.32280198
v 0.00256366 1.13164890 0.34650737
v 0.50167805 0.98569572 0.00530650
v 0.49852103 0.97968316 0.05285221
v 0.51825792 0.95550895 0.05017316
v 0.51803839 0.96034360 0.00267451
v 0.53566134 0.93572080 0.00101923
v 0.52258569 0.95222962 0.10802503
v 0.48638570 1.01223338 0.00850677
v 0.47497699 0.99830139 0.10940464
v 0.49823672 0.97478426 0.10917404
v 0.47987056 1.00486887 0.05542484
v 0.44059318 0.58713984 -0.49309319
v 0.44986507 0.63916492 -0.50030911
v 0.43370044 0.53724056 -0.48039356
v 0.38646355 0.55637348 -0.49742007
v 0.49048209 0.55720013 -0.47573346
v 0.50338596 0.60815096 -0.48595151
v 0.52251130 0.66209352 -0.49017546
v 0.46050072 0.69364029 -0.50152564
v -0.13936998 1.45615649 -0.27530676
v -0.10627528 1.45580244 -0.29726064
v 0.12190751 0.09998390 -0.42922279
v 0.08210091 0.11953554 -0.42191729
v 0.13445732 0.18061414 -0.42432645
v 0.16075325 0.07779297 -0.43481258
v 0.17407578 0.15880427 -0.42772076
v 0.09793074 0.25893474 -0.41971466
v 0.14007370 0.24588838 -0.42349857
v 0.09359922 0.19703192 -0.41853744
v 0.18147415 0.22818275 -0.42518514
v 0.05149978 0.20923334 -0.41046605
v 0.04111132 0.13552767 -0.41153732
v -0.20173125 0.46549660 0.23794171
v -0.21870013 0.46545428 0.20365763
v -0.31573302 0.40510777 0.22859931
v -0.25751382 0.44034803 0.18307194
v -0.17256670 0.47952008 0.25324059
v -0.18244655 0.49761713 0.21854836
v -0.17399691 0.54323012 0.20496827
v -0.19825436 0.51293176 0.17873977
v -0.22376372 0.42772877 0.29048309
v 0.60229152 0.99047673 -0.36000517
v 0.60495114 1.01234949 -0.31030345
v 0.62020570 1.01838136 -0.36584398
v 0.61701351 1.04168236 -0.31602836
v 0.63990772 1.04955888 -0.37151363
v 0.63573223 1.08698559 -0.26118487
v 0.63114911 1.07576799 -0.32058388
v 0.62331605 1.05177391 -0.25948393
v 0.59191012 0.98716748 -0.30284524
v 0.61468196 1.02070618 -0.25485319
v 0.30775401 0.15428814 -0.41147533
v 0.35403579 0.12720791 -0.40224722
v 0.29922405 0.08348310 -0.42403209
v 0.25583869 0.10919747 -0.42723188
v 0.24029842 0.02939653 -0.44063571
v 0.28120822 0.00403517 -0.44304594
v 0.21850708 -0.05673581 -0.45595831
v 0.39877358 0.09570482 -0.39561304
v 0.00973579 0.27032387 -0.40561673
v 0.05446905 0.26685461 -0.41410670
v 0.00790390 0.21765637 -0.39996842
v -0.00116061 0.14813708 -0.39873073
v 0.09720600 0.30702144 -0.42760235
v 0.25373241 1.12256920 0.25259760
v 0.27306962 1.08666086 0.26244092
v 0.21881016 1.10347676 0.28211331
v 0.18279281 1.08252704 0.31046170
v 0.16448738 1.12257004 0.30186248
v 0.49123812 0.86477309 -0.44932079
v 0.52716511 0.84745562 -0.45476767
v 0.57621342 0.83093297 -0.46455988
v 0.57721239 0.89179015 -0.43483818
v -0.13871185 0.55406648 -0.51982099
v -0.09025113 0.55027920 -0.53848052
v -0.13242026 0.51299775 -0.50270575
v -0.08389856 0.51079857 -0.51935190
v -0.12486260 0.47354633 -0.48369715
v -0.03673394 0.50751787 -0.53300571
v -0.04378362 0.54474068 -0.55615616
v -0.14392339 0.59585893 -0.53581440
v -0.09580125 0.59057015 -0.55767173
v -0.90632820 0.42003950 0.54082823
v -0.85695326 0.42622718 0.57774389
v -0.84969759 0.40787372 0.48840362
v -0.80299497 0.41328233 0.52540606
v -0.75424874 0.40711173 0.56046039
v -0.74498433 0.39664894 0.47822189
v -0.80623174 0.41854110 0.61193967
v -0.24049295 0.92939460 0.23649716
v -0.21580465 0.89286017 0.25033769
v -0.26639974 0.89712918 0.20006192
v -0.52627230 0.35712692 0.28222364
v -0.48014820 0.36957610 0.31584567
v -0.44887304 0.36590841 0.24201658
v -0.55395329 0.36725938 0.35679951
v -0.39958256 0.38132405 0.27282560
v -0.59824485 0.35630289 0.32127541
v 0.31951553 1.35111666 0.05830325
v 0.34211898 1.35370481 0.02771918
v 0.30491143 1.38335764 0.04179307
v 0.32801417 1.38341832 0.01032618
v 0.29378510 1.34731376 0.08932397
v 0.33484605 1.31884646 0.06908751
v 0.35818958 1.32345355 0.03727970
v -0.18902157 0.55773461 -0.49918315
v -0.18245871 0.51560313 -0.48266453
v -0.19445135 0.60034943 -0.51411724
v 1.66000724 1.20755327 -0.20227572
v 1.68892217 1.21374822 -0.14678364
v 1.69233012 1.26767111 -0.15488133
v 1.70695615 1.21412826 -0.09001936
v 1.61532617 1.18974197 -0.26045185
v 1.61652279 1.15084183 -0.24434893
v 1.68094623 1.15086126 -0.09668008
v 0.83896416 -0.33581600 0.15362269
v 0.80062872 -0.38471290 0.16599046
v 0.88045710 -0.37815967 0.13806979
v 0.91373533 -0.33135226 0.11686733
v 0.82800877 -0.24510065 0.14611226
v 0.79629534 -0.29270568 0.16712211
v 0.87204355 -0.28855953 0.13278182
v 0.88241392 -0.46775129 0.13262109
v 0.92176270 -0.42035362 0.12263492
v 0.84144080 -0.42619333 0.14933787
v 0.06052870 0.18620504 0.39770550
v 0.09341201 0.10611114 0.38689601
v 0.01410678 0.25523973 0.40574384
v -0.03445868 0.24691501 0.42181668
v 0.45682913 1.13886166 -0.23435023
v 0.46688241 1.10515797 -0.24230208
v 0.44465226 1.13913333 -0.27491617
v 0.45467246 1.10411465 -0.28379765
v 0.43016064 1.13801801 -0.31355351
v 0.46302062 1.07006955 -0.29198143
v 0.47548288 1.07206881 -0.24984089
v 0.45808333 1.17047358 -0.18491212
v 0.46714872 1.13701725 -0.19250432
v 0.44608277 1.17268872 -0.22546174
v 0.47649994 1.10403013 -0.19974838
v 0.43271369 1.17379177 -0.26466048
v 0.41807297 1.17419696 -0.30234009
v 1.28654277 -0.33115175 -0.38305151
v 1.29211652 -0.35593811 -0.32413605
v 1.29192734 -0.38603416 -0.26622438
v -0.26318663 1.38364875 -0.05469845
v -0.24281757 1.40923464 -0.08190186
v -0.28719765 1.37200689 -0.08191307
v -0.30407089 1.34214234 -0.05086842
v -0.31063980 1.35843265 -0.11016963
v -0.32781428 1.32690573 -0.07841420
v -0.26634306 1.39945698 -0.11114457
v -0.28910857 1.38675582 -0.14089257
v -0.21842258 1.43068850 -0.10775681
v -0.33750504 0.18997680 0.57163453
v -0.38695681 0.18268159 0.59421659
v -0.32451731 0.14131130 0.57728374
v -0.30054897 0.24421105 0.53610224
v -0.35313672 0.23485808 0.56074619
v -0.28652656 0.19801076 0.55122554
v -0.27555013 0.14711687 0.55890495
v -0.22578530 0.15298741 0.53955173
v -0.23502357 0.20673846 0.52847016
v -0.21485148 0.31667560 -0.23559143
v -0.23580889 0.33500850 -0.19479287
v -0.21559046 0.35347599 -0.24618368
v -0.23369353 0.37421298 -0.20555061
v -0.25260365 0.35341245 -0.15351602
v -0.25080061 0.42950541 -0.17919132
v -0.23876031 0.40699366 -0.22050741
v -0.24757381 0.39467120 -0.16455284
v -0.25017518 0.43670359 -0.23870887
v -0.26665032 0.37090063 -0.11227062
v -0.25968987 0.45137870 -0.13797161
v -0.25809109 0.41465119 -0.12348420
v 0.60343993 0.22613001 -0.25343299
v 0.56924623 0.23113072 -0.28419328
v 0.52637011 0.29783916 -0.32515818
v 0.56497359 0.28044486 -0.29020444
v 0.52972853 0.24559258 -0.31191000
v 0.61399311 0.18095218 -0.26593155
v 0.57651466 0.17913418 -0.29283857
v 0.53484076 0.18836790 -0.31384796
v 0.49152511 0.21366724 -0.33355933
v 0.49518126 0.15314332 -0.34272641
v 0.44957107 0.18765262 -0.35596550
v 0.44998583 0.12619579 -0.36880058
v 1.11167574 -0.26246509 -0.56886339
v 1.07581890 -0.28809234 -0.61067492
v 0.95770967 -0.25042364 -0.61435789
v 0.99451673 -0.21903089 -0.57646173
v 0.99900544 -0.28509358 -0.62990254
v 1.03594196 -0.25381383 -0.59361339
v 1.02992678 -0.19308284 -0.53255254
v 1.03868878 -0.31883916 -0.64595211
v 1.15085709 -0.29774788 -0.58803135
v 1.18440211 -0.27949110 -0.53940773
v 0.80395901 0.60085547 -0.40039796
v 0.75956029 0.65587044 -0.44071975
v 0.71070659 0.72068238 -0.46655712
v 0.76363206 0.74544013 -0.46090171
v -0.06536104 -0.45798787 -0.10189822
v -0.05454822 -0.44685355 -0.16746515
v -0.06772543 -0.41174600 -0.22039953
v -0.03710325 -0.42444316 -0.23781241
v -0.09851106 -0.39782265 -0.20283981
v -0.08348267 -0.43442145 -0.15125811
v 0.41158050 0.97593009 -0.45041737
v 0.40047562 1.01479149 -0.44345853
v 0.43097371 0.98346829 -0.42088386
v 0.43893242 1.02688932 -0.37807927
v 0.44831556 0.99322748 -0.38645199
v 0.42071077 1.02008581 -0.41224271
v 0.44105369 0.94730318 -0.43045276
v 0.45794812 0.96189654 -0.39606574
v 0.38944769 1.05352533 -0.43578064
v -0.15090092 1.46051824 -0.21682873
v -0.11852022 1.46574283 -0.24073328
v 0.64095581 1.04670870 -0.19934125
v 0.63222295 1.01550746 -0.19754460
v 0.60518229 0.99347222 -0.24769762
v 0.65491533 1.08196235 -0.19694175
v 0.67000782 1.02716041 -0.13966107
v 0.62321597 0.98745215 -0.19173750
v 0.65834665 0.99738145 -0.14170018
v 0.64826071 0.97044218 -0.13882402
v 1.47407496 1.29619372 -0.36634770
v 1.50864410 1.23994792 -0.35102025
v 1.38142693 1.25116706 -0.39590856
v 1.58647156 1.27866697 -0.29753608
v 1.60681415 1.23322952 -0.27816978
v 1.53288543 1.18907166 -0.32995743
v 1.41479278 1.18971038 -0.38303506
v 1.55292261 1.32609594 -0.31631795
v 1.65746689 1.25616312 -0.21595837
v 1.63984203 1.30138004 -0.23499587
v -0.62215537 -0.22884414 0.52411044
v -0.57501519 -0.22553548 0.48846161
v -0.58996218 -0.21058205 0.56739080
v -0.63402873 -0.21669546 0.60394508
v -0.51761252 -0.17478999 0.57189161
v -0.56327420 -0.18136671 0.60637832
v -0.54360813 -0.20558402 0.53228515
v -0.52626163 -0.22262231 0.45453978
v -0.56091708 -0.23267785 0.40816367
v -0.61004448 -0.23222885 0.44243199
v 0.38772258 1.20975530 -0.32503355
v 0.31170928 1.24556744 -0.40703079
v 0.48703709 0.26969582 -0.33995005
v 0.44269842 0.29914448 -0.36824197
v 0.48286912 0.32233790 -0.35840112
v 0.43230200 0.39676693 -0.41422397
v 0.47921342 0.37112978 -0.38367093
v 0.43672389 0.34898740 -0.38923496
v 0.52436763 0.34611997 -0.34812742
v 0.18930876 1.27806115 -0.49294189
v 0.19521323 1.24154532 -0.50842786
v 0.16067742 1.24153984 -0.52648830
v 0.15582082 1.27734542 -0.51145267
v 0.18266079 1.31268966 -0.47509760
v 0.40488625 1.20966804 -0.28990349
v 0.39078891 1.24449933 -0.27702785
v 0.42023394 1.20832872 -0.25347653
v 0.43439120 1.20652759 -0.21571623
v 0.42196697 1.23992538 -0.20522720
v 0.40662557 1.24230087 -0.24161661
v 0.40903598 1.27332807 -0.19455315
v 0.39258572 1.27615321 -0.22915608
v 1.00448132 -0.08114091 -0.18678486
v 0.99661762 -0.06311515 -0.24317011
v 0.95888788 -0.03999543 -0.16565943
v 1.04095495 -0.10286158 -0.26513001
v 0.98057318 -0.05391142 -0.30092210
v 1.02576327 -0.09302965 -0.32421705
v 0.95023715 -0.02283740 -0.22024116
v 0.93415564 -0.01388237 -0.27589923
v 0.90362388 0.01839387 -0.19657774
v 0.91217542 0.00190705 -0.14413893
v 0.23297915 -0.16256908 -0.47763738
v 0.19392037 -0.14399001 -0.46678638
v 0.96662694 -0.86809039 -0.05583303
v 0.92213726 -0.82986248 -0.02908186
v 0.92421806 -0.89199638 -0.09099947
v -0.49058175 -0.09016195 0.63326979
v -0.44496483 -0.08214539 0.60055715
v -0.48791385 -0.04146269 0.65442705
v -0.53152472 -0.05224174 0.69057399
v -0.50018269 -0.13565281 0.60600519
v -0.45363718 -0.12904432 0.57339257
v -0.44261575 -0.03234026 0.62160391
v -0.49108094 0.00858170 0.67046702
v -0.39692563 -0.02527085 0.59261656
v -0.39859968 -0.07651252 0.57120508
v -0.40054405 0.02679548 0.60789585
v -0.44632411 0.01874885 0.63651687
v 0.22036634 1.47101152 -0.10514945
v 0.18746452 1.47580695 -0.07601780
v 0.26808852 1.44986475 -0.10301466
v 0.24894026 1.45426559 -0.13379058
v 0.31168756 1.42252398 -0.10182569
v 0.25585812 0.84655404 -0.58637065
v 0.30247176 0.84750032 -0.56307256
v 0.25841936 0.80284262 -0.58830005
v 0.30563927 0.80339420 -0.56355244
v 0.25875536 0.75771469 -0.58909893
v 0.35060403 0.80287302 -0.53906703
v 0.34527171 0.84801877 -0.53894383
v 0.25169066 0.88878131 -0.58398390
v 0.29743481 0.88986480 -0.56145012
v 0.20820780 0.80169892 -0.61051929
v 0.71724856 0.31195208 0.18213472
v 0.69542456 0.29014933 0.14410727
v 0.71975452 0.34235957 0.11524677
v 0.74178839 0.33715862 0.22396716
v 0.74424082 0.37064946 0.15281889
v 0.72018713 0.29891288 0.28805864
v 0.69870567 0.27748567 0.24280542
v 0.67821187 0.25918776 0.20088422
v 0.18106504 0.33031619 -0.43957475
v 0.13733865 0.34007493 -0.44187206
v 0.17577747 0.36739722 -0.45788980
v 0.09279689 0.34347937 -0.44292292
v 0.04741986 0.34266055 -0.44091910
v 0.05239655 0.30995476 -0.42446953
v -0.00789158 0.90714669 0.40179607
v -0.03760721 0.83884180 0.39725074
v 0.00708905 0.86993289 0.41946769
v -0.05184264 0.87582344 0.38139734
v -0.07714184 0.80773449 0.36677185
v -0.09162401 0.84414959 0.35422149
v -0.06887634 0.91442955 0.36593071
v 0.31601256 1.12871492 -0.47527945
v 0.32550955 1.08917511 -0.48499808
v 0.29307607 1.08832455 -0.51096833
v 0.28398857 1.12766910 -0.50083959
v 0.24897900 1.12696958 -0.52417934
v 0.57638538 0.96816456 -0.29321969
v 0.59185261 0.97226310 -0.23758672
v 0.55795324 0.95802033 -0.28406990
v 0.60930455 0.96396136 -0.18214878
v 0.59337187 0.94736564 -0.16005640
v 0.57451743 0.96042860 -0.22649190
v 0.13710408 1.04933894 -0.59579355
v 0.18158357 1.04865527 -0.58109397
v 0.14141679 1.00968969 -0.60476172
v 0.17609829 1.08779907 -0.57166868
v 0.21764302 1.08759558 -0.55456811
v 0.09464893 1.01076746 -0.61688685
v 0.09749071 0.97033286 -0.62547469
v 0.19343603 0.96948481 -0.59589446
v 0.14591318 0.96965086 -0.61249077
v 0.18736200 1.00922310 -0.58905226
v 0.23202737 1.00913990 -0.57069856
v 0.22470047 1.04843998 -0.56342804
v 0.68791205 0.38578531 -0.01205473
v 0.70768684 0.36673722 0.04859590
v 0.68554211 0.43505818 -0.03064094
v 0.67249119 0.40313634 -0.06367435
v 0.67859840 0.45264071 -0.06882335
v 0.67426300 0.35580105 -0.04050810
v 0.69054979 0.33870092 0.01857274
v -0.21520700 -0.22562167 -0.23162910
v -0.18053354 -0.24427339 -0.25621158
v -0.20621501 -0.29450235 -0.19163051
v -0.25124753 -0.12653050 -0.23300456
v -0.21566109 -0.14577869 -0.26282734
v -0.24876200 -0.20555666 -0.20493791
v -0.17910089 -0.16427222 -0.28995287
v -0.14106415 -0.32975957 -0.23459952
v -0.17385466 -0.31257752 -0.21380664
v -0.14554180 -0.26200685 -0.27922076
v -0.24601533 -0.04238081 -0.25097102
v -0.20863663 -0.05969697 -0.28374964
v 0.19973975 0.05375049 -0.43863750
v 0.21454492 0.13497986 -0.42858595
v 0.22251165 0.20601459 -0.42370012
v 0.48894179 0.91530728 0.43126541
v 0.45170641 0.93572950 0.41021460
v 0.44791040 0.89230525 0.50834149
v 0.47866684 0.95188344 0.33199558
v 0.37755752 0.93468773 0.44692409
v 0.41189247 0.91390181 0.48024166
v 0.41736579 0.95609868 0.38575822
v 0.44445989 0.97201705 0.31477126
v 0.66204780 0.39934647 -0.14843667
v 0.66051018 0.39962047 -0.21009031
v 0.68303633 0.43159312 -0.17751957
v 0.65167987 0.37064666 -0.15521711
v 0.65316975 0.34185100 -0.12392249
v 0.67043120 0.42269200 -0.10622045
v 0.68266100 0.44295400 -0.13460469
v 0.71314418 0.45842418 -0.19876033
v 0.70985496 0.47136727 -0.15382853
v 0.70942241 0.45370454 -0.25305349
v 0.68253887 0.42779040 -0.23239756
v 0.66786224 0.43337461 -0.29393429
v 0.64913845 0.40558818 -0.27103680
v 1.35730910 0.88168824 -0.12759237
v 1.35548961 0.88432109 -0.18102843
v 1.45536768 0.94115567 -0.10435618
v 1.55310202 1.00327849 -0.08057822
v 1.55263662 1.00369692 -0.02948924
v 1.26508224 0.82785964 -0.15046510
v 1.34871304 0.89372587 -0.23414850
v 0.48393303 1.04065025 -0.25624710
v 0.49353603 1.01273775 -0.26278001
v 0.50364751 1.01336884 -0.21595635
v 0.49362969 1.04120541 -0.21134442
v 0.43981135 1.10220301 -0.32349271
v 0.45583391 1.03304148 -0.34040564
v 0.44780767 1.06678963 -0.33217654
v 0.47115225 1.03815854 -0.29961547
v 0.70214069 1.12146032 -0.38074076
v 0.73038721 1.07630956 -0.42378682
v 0.66562599 1.08378208 -0.37647894
v 0.77005368 1.02154958 -0.45254904
v 0.69063967 1.04226136 -0.41837463
v 0.68716627 0.96216238 -0.44297653
v 0.65924656 1.01085269 -0.41235825
v 0.72570384 0.99055326 -0.44763067
v 0.81796759 0.95828342 -0.46454889
v -0.33959186 0.77373785 0.03992765
v -0.35259706 0.74380839 -0.00228918
v -0.31290197 0.64566970 -0.01165374
v -0.30412996 0.67378926 0.03146950
v -0.33853149 0.67911208 -0.02765045
v -0.37565631 0.78018922 -0.02122418
v -0.29242915 0.70275998 0.07357901
v -0.32865489 0.70825726 0.01544960
v 0.87565333 -0.71931291 0.04599714
v 0.83053452 -0.68011510 0.06750019
v 0.83418190 -0.59941268 0.10461120
v 0.78646821 -0.64092660 0.08649611
v 0.92102081 -0.75852549 0.02250355
v 0.96493524 -0.72114587 0.04193806
v 0.82967013 -0.75380075 0.01946189
v 0.78343743 -0.71652484 0.04132609
v 0.52641910 -0.65293264 0.04840671
v 0.56942916 -0.61617839 0.08613823
v 0.49093762 -0.62381804 0.06763186
v 0.49933755 -0.55370474 0.12393287
v 0.53330874 -0.58496964 0.10515630
v 0.61548090 -0.57463586 0.11747140
v -0.23677538 1.14820921 -0.51992613
v -0.20148103 1.14541841 -0.53943086
v -0.24448173 1.11077595 -0.53103459
v -0.27631080 1.11213017 -0.50652021
v -0.17610855 1.06557333 -0.58169943
v -0.21634598 1.06918800 -0.56268573
v -0.16964711 1.10421216 -0.56938040
v -0.20843862 1.10743797 -0.55175346
v -0.25326616 1.07293344 -0.54006582
v -0.16378240 1.14229846 -0.55609357
v 0.37364537 -0.04497179 0.29988486
v 0.39457971 -0.06640878 0.28747383
v 0.40503654 0.01195681 0.30973038
v 0.31426570 -0.09237379 0.30068207
v 0.33801159 -0.11307436 0.28861600
v 0.34993044 -0.02575690 0.31235078
v 0.35922086 -0.13595828 0.27708134
v 0.31863204 -0.21271905 0.26119965
v 0.38175160 0.02880934 0.32432675
v 0.32247734 -0.00739849 0.32438076
v -0.62171930 0.37099284 0.39591888
v 0.72518641 0.71533692 0.12526317
v 0.70637184 0.76379937 0.13966112
v 0.75862551 0.70227134 0.19866705
v 0.70676702 0.79825276 0.23397988
v 0.73651063 0.75259137 0.21822026
v 0.68105668 0.80733085 0.15108027
v 0.67302948 0.77048016 0.08080240
v 0.77102673 0.64897102 0.17541651
v 0.77855748 0.68106818 0.28824776
v -0.68786788 0.23037215 0.16259626
v -0.71235293 0.18158390 0.14123496
v -0.75000578 0.23342906 0.19632256
v -0.65348041 0.18244185 0.10937347
v -0.58962888 0.27776781 0.15411463
v -0.62613660 0.23347765 0.12936486
v -0.65531552 0.27350453 0.18835440
v -0.71979094 0.27569214 0.22324860
v -0.81134403 0.24045505 0.23206407
v -0.78329360 0.28393582 0.25898677
v -0.83208942 0.19116779 0.21024862
v -0.77182674 0.18419065 0.17536508
v -0.72664917 0.12728429 0.12792826
v -0.21603255 1.39850152 -0.00466629
v -0.19722109 1.40263271 0.01261692
v -0.19627537 1.41930640 -0.02538393
v -0.16476862 1.40776718 0.03627477
v -0.13614868 1.43003488 0.02129546
v -0.17677005 1.41841221 0.00373407
v -0.19746859 1.38865721 0.03751856
v -0.22853045 1.37526858 0.02353942
v -0.01801156 0.77029145 0.42848805
v -0.02627628 0.80390191 0.41300073
v 0.06723642 0.86657190 0.45343125
v 0.11556874 0.89819157 0.45062506
v 0.87657869 1.27295220 -0.15714687
v 0.84514505 1.19603837 -0.08977255
v 0.98126268 1.33130729 -0.14513049
v 0.92753083 1.32660103 -0.23427102
v 0.75518531 1.21808052 -0.24991499
v 0.78943348 1.21721995 -0.16991390
v 0.83280933 1.27155530 -0.24232890
v 0.72479939 1.16592574 -0.18186167
v 0.77198464 1.14423680 -0.10781271
v 0.69755417 1.16848946 -0.25635141
v 0.81365931 1.24919486 -0.32037953
v 0.90116704 1.30180228 -0.31476039
v 0.68784851 0.50589013 -0.06051649
v 0.68638194 0.47227436 -0.09542333
v 0.70228297 0.52595001 -0.07797452
v 0.70703298 0.49557501 -0.11390682
v 0.73753405 0.51868808 -0.12726660
v 0.72716856 0.54721665 -0.09023694
v 0.68840080 0.54405016 -0.03015259
v 0.69514745 0.56161022 -0.04708465
v 0.71400219 0.58129948 -0.05820455
v 0.44506815 1.25756776 -0.08026772
v 0.43886402 1.26484895 -0.12102095
v 0.41186136 1.30410790 -0.02971084
v 0.44044194 1.24800146 -0.03832028
v 0.42745793 1.27737820 -0.03321739
v 0.42512834 1.26981306 -0.15887195
v -0.57852006 -0.01483741 0.74647415
v -0.57455885 -0.06307977 0.72762370
v -0.53458160 -0.00302571 0.70811486
v -0.53422952 -0.09999526 0.66875815
v -0.57717961 -0.10935766 0.70446908
v -0.61924726 -0.11785948 0.73945886
v 0.17910644 1.47618270 -0.16740322
v 0.14772330 1.48924136 -0.13993609
v 0.20036744 1.47504139 -0.13653381
v 0.16857888 1.48534477 -0.10795140
v 0.22859049 1.45571136 -0.16412845
v 0.62154728 0.42064285 -0.33204454
v 0.57953930 0.44701707 -0.38787112
v 0.63553441 0.45423183 -0.35802439
v 0.59112489 0.48483524 -0.41182452
v 0.54184419 0.52289593 -0.45050800
v 0.53189760 0.47827837 -0.43039253
v 0.62728274 -0.10850570 0.21202618
v 0.61173201 -0.01904559 0.20398891
v 0.69232273 -0.10778508 0.18118930
v 0.71279073 -0.06426424 0.15421337
v 0.64980680 -0.06198436 0.19210055
v 0.63054597 0.02091494 0.18183389
v 0.58013523 0.01974085 0.21952567
v 0.59949285 0.05737424 0.20073354
v 1.09641862 1.38794303 -0.13560151
v 1.27915347 1.35386193 0.02297863
v 1.18572545 1.37922370 -0.04831885
v 1.03286481 1.38007581 -0.22544660
v 0.08378237 -0.42625484 -0.36832240
v 0.05228212 -0.41502514 -0.34864548
v 0.09365639 -0.36771098 -0.41033936
v 0.06041662 -0.35472390 -0.39178637
v 0.02692471 -0.34120551 -0.37372574
v 0.07538757 -0.28054538 -0.42272332
v 0.12725946 -0.37957481 -0.42911047
v 0.08142346 -0.46898511 -0.31538430
v 0.05170096 -0.45897672 -0.29557762
v 0.11010613 -0.29560933 -0.43933237
v 0.14549725 -0.30921122 -0.45585540
v -0.19712283 -0.26117411 0.33127666
v -0.24706565 -0.19107577 0.41483659
v -0.22977246 -0.24570468 0.34870958
v -0.25332350 -0.27560332 0.29718986
v -0.21993239 -0.29294935 0.27813122
v 0.91967195 -0.20182994 0.06707680
v 0.93634135 -0.16246149 0.02702634
v 0.87425774 -0.15815273 0.08218655
v 0.97970915 -0.20505658 0.01023626
v 0.89844680 -0.24390534 0.10283299
v 0.85363597 -0.20022669 0.11694540
v 0.82650936 -0.11365134 0.09612212
v 0.80716133 -0.15536526 0.13016643
v 0.89024484 -0.11901930 0.04296926
v 0.90232623 -0.08286586 0.00043855
v 0.84187341 -0.07498133 0.05804799
v 0.94856310 -0.12618211 -0.01679901
v -0.58797801 -0.15196428 0.67585951
v -0.62954319 -0.15893623 0.71094215
v -0.60684878 -0.18894187 0.64220005
v -0.64958835 -0.19507423 0.67815816
v -0.54494256 -0.14371285 0.64049274
v 0.30049729 0.93143511 0.45706826
v 0.24894790 0.98178387 0.38043672
v 0.20684314 0.95609665 0.41144174
v 0.27384457 0.95520341 0.41685730
v 0.28766894 1.00511122 0.34346437
v 0.26221979 1.03430212 0.31609306
v 0.22528395 1.01169145 0.34930873
v 0.10632081 1.32977283 0.21742079
v 0.08829068 1.28352392 0.26836404
v 0.12822507 1.30057979 0.24272314
v 0.06599304 1.31186008 0.24112281
v 0.02414714 1.28685462 0.25727266
v 0.48137152 0.05044556 -0.39157113
v 0.44645047 0.06697717 -0.39187601
v 0.40226477 0.21910089 -0.37443361
v 0.40440419 0.16070060 -0.37855551
v 0.35644868 0.19008890 -0.39316493
v -0.10854258 0.88203228 0.34064272
v -0.12786798 0.92076862 0.32658678
v -0.16277747 0.88820994 0.29677075
v -0.18529992 0.92561555 0.28336501
v -0.11158569 0.99285853 0.33773997
v -0.08926965 0.95366502 0.35251233
v -0.02542613 0.94664085 0.38471803
v 0.13186556 -0.21259293 -0.45391154
v 0.09568575 -0.19540486 -0.44034603
v 0.15628034 -0.12408838 -0.45618552
v 0.14221057 -0.01152089 -0.44254243
v 0.18007146 -0.03392524 -0.44942752
v 0.11916222 -0.10414755 -0.44577608
v 0.08213888 -0.08373705 -0.43519390
v 0.05965132 -0.17743537 -0.42697093
v 0.16850063 -0.22929570 -0.46785694
v 0.03558935 1.46292353 -0.29414833
v 0.02508651 1.47938299 -0.24211727
v 0.01404634 1.48974228 -0.18584852
v -0.00835712 1.48270631 -0.21907230
v -0.03057398 1.47419667 -0.25166896
v -0.01966645 1.48893666 -0.16118741
v -0.04185365 1.48307168 -0.19554363
v -0.06388874 1.47512972 -0.22937444
v 0.20631680 -0.24488494 -0.48235595
v 0.21946916 -0.33477870 -0.49120885
v 0.18181142 -0.32222018 -0.47305807
v 0.24536905 -0.25999126 -0.49880955
v 0.31584311 -0.19817474 -0.50636983
v 1.00229859 0.67941070 -0.16251823
v 0.98431027 0.70010650 -0.12202063
v 0.96240234 0.65328473 -0.16537328
v 0.90745181 0.65445566 -0.12570244
v 0.92514974 0.63002360 -0.16422275
v 0.94405663 0.67634833 -0.12673925
v 0.92080837 0.70477474 -0.09079628
v 1.01576638 0.66464162 -0.20457016
v 1.04875135 0.70947772 -0.15409073
v 1.03206563 0.72756469 -0.11084007
v 0.97507370 0.63690114 -0.20711499
v 0.74786270 0.48189148 -0.21488717
v 0.74493039 0.49644440 -0.16809481
v 0.78308606 0.51939702 -0.17900530
v 0.00671977 0.30898994 -0.41729394
v -0.04477061 0.33806360 -0.42133078
v 0.00155960 0.34079191 -0.43359518
v 1.30969727 1.43406630 -0.06414632
v 1.21568525 1.43454516 -0.12810296
v 1.29897511 1.47207570 -0.16997516
v 1.21271944 1.45296025 -0.22132419
v 1.13713002 1.42528594 -0.21518730
v 1.38541365 1.46089911 -0.12299231
v 0.16583145 1.31470358 0.21450660
v 0.14492825 1.34544039 0.19172156
v 0.08940218 1.08978498 -0.59564739
v 0.13317254 1.08854055 -0.58557630
v 0.09193979 1.05067158 -0.60703504
v 0.04638135 1.05238247 -0.61400235
v 0.12979609 1.12722683 -0.57433420
v 0.34846303 -0.67904317 -0.26893467
v 0.38324344 -0.67648757 -0.35408491
v 0.42231166 -0.69703543 -0.37334457
v 0.31392148 -0.65576625 -0.25041932
v -0.04695706 1.37910366 0.13145062
v -0.00848936 1.39928877 0.11325376
v -0.06143506 1.40101314 0.10088171
v -0.07554133 1.42143595 0.07013100
v -0.02451320 1.42034101 0.08207463
v 0.01154986 1.43491399 0.05962892
v -0.05208896 0.88943970 -0.64540631
v -0.00088648 0.88818419 -0.64915270
v -0.05392055 0.84565234 -0.64565748
v -0.00022744 0.93126690 -0.64551997
v 0.05031960 0.84394813 -0.64961207
v -0.00204809 0.84443486 -0.65091795
v 0.05066784 0.88757586 -0.64755809
v 0.10188340 0.88707256 -0.63728285
v 0.04998715 0.93006933 -0.64192206
v -0.45270741 0.30299187 0.09002511
v -0.50309789 0.25262368 0.06903446
v -0.52172685 0.28718972 0.12160321
v -0.59666598 0.18773404 0.07815228
v -0.54167581 0.19571143 0.04953093
v -0.56440002 0.24103472 0.09805307
v -0.47197062 0.32563978 0.14677502
v -0.54586726 0.31396398 0.18216246
v 0.48485816 1.07182443 -0.20618966
v 0.50444841 0.98859704 -0.26865789
v 0.51543522 0.98939133 -0.21993072
v 0.52377069 0.98735607 -0.17125395
v 0.72368199 0.90396070 -0.46086738
v 0.76909608 0.92989945 -0.46236438
v 0.76740646 0.83865130 -0.46541706
v -0.36286020 0.71442074 -0.04562230
v -0.30986363 -0.30024293 0.12873164
v -0.34724247 -0.27884182 0.14973119
v -0.34304321 -0.27639648 0.08575499
v -0.31349725 -0.29121235 0.19614956
v -0.35415846 -0.27264163 0.21809804
v -0.27725220 -0.31166157 0.17545128
v 0.98011398 0.78519166 -0.03455980
v 0.93195641 0.75994933 -0.05043897
v 0.96136069 0.72666746 -0.08376696
v 1.07024527 0.78420639 -0.04985691
v 1.04112613 0.81669283 -0.01176416
v 1.00996554 0.75210392 -0.06945161
v 0.89216840 0.73879731 -0.05934299
v -0.19584526 1.18350911 -0.52657473
v -0.26867229 1.14994800 -0.49735582
v -0.66127855 -0.12410167 0.77277452
v -0.66932803 -0.16321841 0.74535954
v -0.69325954 -0.12728390 0.79286045
v -0.70754933 -0.16093078 0.77684224
v -0.69067860 -0.19850811 0.71495187
v -0.61756027 -0.07405835 0.76379710
v -0.47018886 -0.16984150 0.53906757
v -0.59707636 -0.22881863 0.36159772
v 0.45095176 1.21695459 -0.04387022
v 0.45912880 1.18489039 -0.05029404
v 0.45581260 1.22574270 -0.08693547
v 0.46367580 1.19317496 -0.09350706
v 0.46611947 1.15224993 -0.05680311
v 0.44949633 1.23231661 -0.12862578
v 0.28527880 1.37947857 -0.26927716
v 0.26071602 1.40654683 -0.24501112
v 0.30414879 1.37829423 -0.23929721
v 0.26631972 1.38056481 -0.29904142
v 0.24115096 1.40702951 -0.27411652
v 0.22128364 1.40760446 -0.30246174
v 0.19426665 1.43200231 -0.27738139
v 0.23469554 1.43208647 -0.21978197
v 0.21459775 1.43216860 -0.24886304
v 0.30695122 1.34965074 -0.29148793
v 0.32533202 1.34796822 -0.26073486
v -0.12120272 -0.43136856 -0.00776484
v -0.09642456 -0.44476393 -0.02466461
v -0.09801520 -0.43320569 0.03829341
v -0.12136476 -0.41999939 0.05669455
v -0.14565353 -0.41704711 0.01031028
v -0.14502545 -0.41662881 -0.05277153
v -0.05184545 -0.43503168 0.07018025
v -0.07519712 -0.42277458 0.08788531
v -0.07415564 -0.44554278 0.02117592
v 1.42042208 1.42810869 -0.32681820
v 1.43045914 1.35953104 -0.36689132
v 1.50243711 1.37590241 -0.32883471
v -0.39943820 1.14218843 -0.07824218
v -0.41140032 1.11435175 -0.11316687
v -0.40067792 1.10201490 -0.04852206
v -0.41395050 1.07403433 -0.08511263
v -0.40010858 1.06253374 -0.01875728
v -0.38316435 1.09098768 0.01794908
v -0.38460261 1.12943292 -0.01335810
v -0.36596888 1.15620470 0.02051918
v -0.41333282 1.03381848 -0.05723945
v -0.40878326 0.99393332 -0.02989140
v -0.25396609 1.36671352 -0.00059127
v -0.23929699 1.39300036 -0.02856608
v -0.27920014 1.35546124 -0.02520337
v -0.11820595 0.67524219 0.30778107
v -0.05806656 0.73795009 0.39011899
v -0.09133689 0.70611906 0.34896836
v -0.05237199 0.70386904 0.39646906
v -0.10018386 0.74111581 0.34322467
v -0.12821375 0.71080446 0.30505851
v 0.15639228 0.55764079 0.56474084
v 0.26612967 0.55315715 0.61235559
v 0.36206046 0.61057204 0.64830375
v 0.40015805 0.55433935 0.63729876
v 0.21139923 0.44177163 0.54039526
v 0.29972994 0.49594158 0.60019106
v 0.29201508 0.53240323 -0.52734637
v 0.33728683 0.52486408 -0.50240982
v 0.29197797 0.49133009 -0.50883627
v 0.29435638 0.57505798 -0.54171050
v 0.33959755 0.56877941 -0.51666689
v 0.24952953 0.57442909 -0.57018173
v 0.29762816 0.61932594 -0.55177617
v 0.24803755 0.53234553 -0.55582720
v -0.00468256 0.57488179 -0.60162890
v -0.05608560 0.62307531 -0.60495752
v -0.05029739 0.58312118 -0.58063734
v 0.88768965 0.02655542 -0.24962938
v 0.85679525 0.05851731 -0.17266776
v 0.84133667 0.06504905 -0.22276989
v 0.81182224 0.09674206 -0.14927286
v 0.86430264 0.04276448 -0.12269497
v -0.26740408 0.09261712 0.55976737
v -0.21989207 0.09529588 0.54336697
v -0.30826688 0.03485796 0.56699657
v -0.26270443 0.03556642 0.55199063
v -0.31459421 0.08929724 0.57634974
v -0.36175436 0.08468333 0.59444422
v -0.37268591 0.13514154 0.59743363
v 0.55432558 0.91111732 0.00084294
v 0.25191635 0.61889845 -0.57989174
v 0.20506556 0.66315901 -0.61132365
v 0.20074087 0.52929091 -0.57850766
v 0.11602327 -0.43597981 -0.38744599
v 0.16218354 -0.38983694 -0.44820911
v 0.11198342 -0.47819605 -0.33515954
v -0.26899165 0.66850209 0.08732365
v -0.25481313 0.69760597 0.12755603
v -0.23460113 0.66249728 0.13970785
v -0.21948604 0.69123226 0.17878850
v -0.33533102 0.31858173 0.48777294
v -0.27751243 0.33319479 0.45429283
v -0.22910829 0.37939858 0.38487780
v 0.71842712 0.12476820 -0.25174102
v 0.74225169 0.13427818 -0.21339326
v 0.75179559 0.08890134 -0.28246999
v 0.79841375 0.10241708 -0.19649900
v 0.77781302 0.09916338 -0.24115448
v 0.75999898 0.13741127 -0.17142734
v 0.71304536 0.16808057 -0.18848607
v 0.72862107 0.17130874 -0.14852531
v 0.69131875 0.15968284 -0.22469300
v 0.68907750 0.11111188 -0.28731102
v 0.72101808 0.07330924 -0.32090878
v 0.48940188 -0.00408179 0.26957366
v 0.47076231 0.02121744 0.28549716
v 0.46335840 -0.05796617 0.26910427
v 0.44422060 -0.02988639 0.28124014
v 0.42528307 -0.00714001 0.29528156
v 0.41421807 -0.09103182 0.27518800
v 0.43351704 -0.12079510 0.26429024
v 0.51093549 -0.03508395 0.25573236
v 0.48474395 -0.09076229 0.25793469
v 0.67860419 -0.35110471 0.19687200
v 0.71833730 -0.29882517 0.19331151
v 0.64045864 -0.30746064 0.20967126
v 0.67769885 -0.25356165 0.20524210
v 0.59940112 -0.36278877 0.20512620
v 0.71016371 -0.20228830 0.19196394
v -0.05935614 0.66605699 -0.62400717
v -0.10078399 0.63149512 -0.57664567
v -0.05233000 1.46463382 -0.28431129
v -0.01931088 1.45972192 -0.30418921
v -0.07314019 1.45314729 -0.31745845
v -0.08552293 1.46678972 -0.26325834
v 0.00269890 1.47021413 -0.27323735
v -0.09695412 1.47381127 -0.20632818
v 0.04892589 0.97175264 -0.63474417
v 0.04767950 1.01252806 -0.62529755
v 0.00021568 0.97354960 -0.63895273
v -0.67639840 -0.12912706 0.17503175
v -0.69927514 -0.08578166 0.15117964
v -0.62557417 -0.13366613 0.14261566
v -0.59819901 -0.17096469 0.17368484
v -0.69971263 -0.16253135 0.24022785
v -0.72757691 -0.12532458 0.20995316
v -0.64903080 -0.16633198 0.20556727
v -0.66544974 -0.04041633 0.10082856
v -0.64829093 -0.08978918 0.11827841
v -0.71657646 -0.03706944 0.13459636
v -0.59916621 -0.09533548 0.08705567
v -0.57597595 -0.14015189 0.11251512
v 1.26088715 -0.50110686 -0.11431678
v 1.27483237 -0.46038148 -0.16070823
v 1.22013402 -0.45599911 -0.09393301
v 1.19376433 -0.37257251 -0.12180239
v 1.17952442 -0.41256109 -0.07533940
v 1.23475361 -0.41530523 -0.14005800
v 1.20215082 -0.49839291 -0.05284803
v 1.16201591 -0.45464763 -0.03366917
v 1.28541577 -0.42141375 -0.21146891
v -0.45438153 0.06951943 0.64673001
v -0.40826684 0.07809606 0.61789680
v -0.46649534 0.11935976 0.65193766
v -0.42002785 0.12789306 0.62168854
v -0.43498367 0.17549297 0.62071252
v -0.48235297 0.16765170 0.65223491
v -0.49961025 0.05918151 0.68133652
v -0.51217729 0.10945964 0.68809634
v 0.77787930 -0.06872860 0.10948217
v 0.75949317 -0.10984468 0.14217767
v 0.49958766 0.12329420 0.34174716
v 0.48537055 0.13392682 0.37079048
v 0.46554476 0.09343693 0.33301538
v 0.46458596 0.14694440 0.39780945
v 0.44660434 0.10551909 0.35566452
v 0.43470448 0.05728805 0.32131475
v 0.38609651 0.08650634 0.35549042
v 0.41296947 0.07162070 0.33955356
v 0.42202216 0.11895335 0.37608445
v 0.35420310 0.04542542 0.33759019
v -1.11355317 0.04263127 0.41988659
v -1.09371769 -0.01904407 0.43325377
v -1.07143474 0.10446662 0.35902205
v -1.06273913 0.04092672 0.36276749
v -1.12276793 0.10709503 0.41364527
v -0.23010783 0.52006286 -0.45454055
v -0.22090323 0.47897148 -0.43430543
v -0.17445387 0.47504252 -0.46358871
v -0.20957966 0.44065663 -0.41122633
v -0.24526219 0.45230928 -0.37189004
v -0.27215344 0.52881783 -0.41863763
v -0.25944865 0.48908067 -0.39627659
v -0.16502346 0.43678153 -0.44212905
v -0.11202417 -0.42037734 -0.13447341
v -0.10788305 -0.34569052 -0.25373650
v -0.07490112 -0.36089906 -0.27213612
v -0.12927420 -0.38257650 -0.18488577
v -0.15970798 -0.36641350 -0.16594470
v -0.14049746 -0.40550157 -0.11712885
v -0.09210829 -0.44514766 -0.08623724
v -0.11893220 -0.43165460 -0.07024672
v 0.01334615 1.45257807 -0.32316342
v -0.00783198 1.44036055 -0.35295725
v -0.04034983 1.44720781 -0.33572772
v -0.09212692 1.43753719 -0.35093480
v -0.02615674 1.42602849 -0.38402143
v -0.05903508 1.43261814 -0.36847153
v 0.04568201 1.44283223 -0.34170827
v 0.02495590 1.43181705 -0.36875674
v 0.44585249 1.17544830 -0.00749989
v 0.45440051 1.14294553 -0.01382382
v 0.46292913 1.11075330 -0.02003233
v 0.65854508 0.20323917 0.09971868
v 0.65626585 0.22442837 0.12998921
v 0.63976657 0.17692003 0.14079899
v 0.68367660 0.20021084 0.02791444
v 0.67227310 0.22582288 0.05290008
v 0.67136502 0.17787802 0.07252300
v 0.67123485 0.24879342 0.08014691
v 0.67847854 0.26931146 0.02660087
v 0.68108314 0.12105668 0.08892867
v 0.65486193 0.15141504 0.11247069
v 0.69951379 0.62032318 -0.03244556
v 0.68323731 0.63420784 0.01363617
v 0.68721628 0.58712834 -0.00542051
v 0.67644554 0.64749062 -0.00336323
v 0.68372583 0.66339463 -0.01417724
v 0.68640673 0.60257518 -0.02212004
v 0.58987468 -0.45654067 0.17665493
v 0.63529569 -0.40405169 0.19108874
v 0.55593252 -0.41807023 0.19169453
v 0.67262906 -0.44380614 0.17566569
v 0.71767753 -0.39313248 0.18259209
v 0.75744361 -0.43365857 0.16637740
v 0.62585568 -0.49313107 0.15920350
v 0.71121007 -0.48219815 0.15805817
v -0.21561332 0.52643520 0.13388333
v -0.23602606 0.49749589 0.10044962
v -0.22499533 0.48404330 0.15221861
v 0.16565409 1.45387924 -0.25271317
v 0.20076033 1.40733063 -0.32957011
v 0.17322052 1.43093014 -0.30494317
v -0.28550184 0.51459152 -0.17230812
v -0.27739167 0.49075693 -0.21621238
v -0.26948363 0.48371822 -0.15420617
v -0.26148909 0.46057382 -0.19672196
v -0.26598936 0.46561378 -0.25967237
v -0.29651904 0.52104467 -0.23688565
v -0.28428644 0.49670216 -0.28238603
v 0.84518170 -0.92202163 -0.17735550
v 0.84237838 -0.37175843 -0.68622130
v 0.76028383 -0.38676891 -0.68534857
v 0.80408043 -0.41853365 -0.69381642
v 0.88119853 -0.32740024 -0.66997159
v 0.76674408 -0.46657160 -0.69318938
v 0.72213936 -0.43720791 -0.68503022
v 0.78283322 -0.92380476 -0.28122211
v 0.81158793 -0.92624784 -0.22747441
v 0.49141109 -0.28801963 -0.59740806
v 0.44680637 -0.26113865 -0.57163167
v 0.52832353 -0.22105715 -0.57765859
v 0.53715032 -0.31649795 -0.62221867
v 0.57458532 -0.25365636 -0.60827035
v 0.56495941 -0.15736070 -0.54622769
v 0.61254114 -0.19440320 -0.58241987
v 0.43736947 -0.16236970 -0.51881444
v 0.48260659 -0.18977371 -0.54698598
v 0.40308094 -0.23678729 -0.54644525
v 0.51933581 -0.11966383 -0.50939369
v -0.13880931 1.02230144 -0.60813409
v -0.09311916 1.01907349 -0.61989218
v -0.14418907 0.98090422 -0.61715305
v -0.10011996 0.93489408 -0.63506502
v -0.09675534 0.97762191 -0.62946498
v -0.10306819 0.89138508 -0.63647914
v -0.15377916 0.89479184 -0.62367857
v -0.04848151 0.97526884 -0.63654900
v 0.07785161 1.43038750 -0.36067626
v 0.09934393 1.43932986 -0.33544493
v 0.10834336 1.41514218 -0.38035747
v 0.06776753 1.45275819 -0.31499618
v 0.12132685 1.44643188 -0.30864578
v 0.15164948 1.42827535 -0.33126330
v 0.06502932 0.03074315 -0.42508203
v 0.02511437 0.04809505 -0.41340238
v -0.01572739 0.06334388 -0.39923379
v -0.05892290 0.71153736 -0.63341242
v -0.05711977 0.75679827 -0.63822514
v -0.10665269 0.76043838 -0.61761856
v -0.05565526 0.80142558 -0.64322627
v -0.00592990 0.75460923 -0.65243065
v 0.42175791 1.09924555 -0.36037865
v -0.36462849 -0.25785300 0.29045016
v -0.41187954 -0.24509361 0.31591436
v -0.39887065 -0.25682607 0.24204177
v -0.44695628 -0.24496767 0.26803836
v -0.46112895 -0.23801211 0.34416121
v 0.90029627 0.58672869 -0.20123522
v 0.88845116 0.60774761 -0.15957443
v 0.86198813 0.56351304 -0.19505678
v 0.90415192 0.57436538 -0.24728635
v 0.86448699 0.54995924 -0.24269876
v 0.93743342 0.61129147 -0.20576522
v 0.87124324 0.63354015 -0.12112691
v 0.98252863 0.62773603 -0.25121844
v 0.94326597 0.60018319 -0.25038019
v 0.14380531 1.45121861 -0.28113136
v -0.30945820 1.37037647 -0.17135730
v -0.34819895 1.30774939 -0.10773236
v -0.33118457 1.34089923 -0.13978384
v -0.36605489 1.28594542 -0.13792276
v -0.34852409 1.31976652 -0.16995411
v -0.26319271 1.41040242 -0.17025216
v -0.32770443 1.35102320 -0.20199689
v -0.34467530 0.18925965 -0.10712168
v -0.36841702 0.11262819 -0.11299133
v -0.45273304 0.06082448 -0.05348127
v -0.41681349 0.04897463 -0.08291785
v -0.34043318 -0.26383200 0.02534597
v -0.30898905 -0.28753355 0.00373169
v -0.30880612 -0.29845855 0.06535324
v -0.27657712 -0.32186094 0.10856469
v -0.59877199 0.36921906 0.50469470
v -0.61440974 0.35799164 0.57679814
v -0.64085603 0.38042292 0.47128224
v -0.65471399 0.37976065 0.54702818
v -0.28347826 1.39551163 -0.20199993
v -0.25508052 1.41585922 -0.23151827
v -0.30132711 1.37665033 -0.23354022
v -0.28718078 1.37483311 -0.29589301
v -0.31497884 1.35284531 -0.26411510
v -0.27349269 1.39868629 -0.26438934
v -0.23484148 1.42954838 -0.19851749
v 0.03627120 1.49492979 -0.15196848
v 0.07035094 1.49306071 -0.17784292
v 0.09254849 1.49531376 -0.14483553
v 0.31871858 1.15423644 0.18889475
v 0.23877732 1.06707954 0.29531413
v 0.93557841 -0.58372104 -0.73376244
v 0.90948224 -0.62852359 -0.72535408
v 0.96455544 -0.54003060 -0.73642188
v -0.44221950 0.87937379 -0.19712916
v -0.43952662 0.90744984 -0.15370861
v -0.44336188 0.92028534 -0.21965952
v -0.43963671 0.96101928 -0.24163695
v -0.44132340 0.94818699 -0.17754948
v -0.43679553 0.93486357 -0.28342581
v -0.43163782 0.93596601 -0.11158925
v -0.35431325 0.03227505 0.58518064
v -0.95139623 0.40203580 0.50275981
v -0.99096692 0.37286618 0.46502465
v -1.00400686 0.40619448 0.56101066
v -1.07718134 0.33622414 0.48494178
v -1.04479909 0.37694162 0.52185327
v -1.02448010 0.33462662 0.42930722
v -0.95769477 0.42467436 0.59964567
v 0.44764173 1.20362067 -0.17671525
v 0.45856804 1.19938326 -0.13592857
v 0.57846075 0.34430781 0.54327440
v 0.60967302 0.30250752 0.50483441
v 0.66317415 0.39527944 0.52598780
v 0.74879706 0.39957994 0.43229544
v 0.73589784 0.44710171 0.47782552
v 0.68566686 0.34993997 0.48225975
v 0.71178257 0.49932724 0.51788795
v 0.78994715 0.44756699 0.36082226
v 0.78569877 0.49667007 0.40384856
v 0.76932377 0.55029666 0.44368845
v 0.50421447 0.96378291 -0.32183540
v 0.48719448 0.95150340 -0.36580896
v 0.53816760 0.96046734 -0.27844125
v 0.30859756 1.31321275 0.10141274
v 0.32445204 1.27944410 0.10960869
v 0.26511616 1.34187341 0.12101753
v 0.23404662 1.33476782 0.15274662
v 0.06473160 1.42657375 0.06609125
v 0.70104665 0.67365897 0.05904998
v 0.70508051 0.62277418 0.04246495
v 0.67544508 0.68312430 0.02729511
v 0.73759836 0.61076236 0.08668903
v 0.66299266 0.73136377 0.03591239
v 0.64926589 0.74087018 0.01378839
v 0.70294732 0.57355523 0.02139705
v 0.66403180 0.69437695 0.00816357
v -0.03145824 1.48798430 -0.10092643
v 0.00222130 1.49260712 -0.12619419
v -0.05301578 1.48560715 -0.13665760
v 0.14971539 -0.53934205 -0.23247813
v 0.17895505 -0.55408084 -0.25055832
v 0.20637771 -0.54599953 -0.33413351
v 0.24000196 -0.56300950 -0.35157928
v 0.24455571 -0.52693462 -0.41355747
v 0.78296101 -0.20024303 0.15873817
v 0.75332326 -0.24820724 0.18024924
v 0.75939596 -0.34243652 0.18010718
v 0.46745479 -0.52201176 0.14127232
v 0.51143438 -0.47177413 0.17023073
v 0.43765324 -0.48962441 0.15738268
v 0.54407418 -0.50678182 0.15370211
v 0.57881349 -0.54073834 0.13569437
v 0.37513492 0.89193332 -0.51308215
v 0.33891386 0.89091063 -0.53751153
v 0.36682016 0.93278039 -0.50954413
v 0.29084802 0.93066454 -0.55891204
v 0.33126587 0.93160295 -0.53481007
v 0.32255596 0.97108543 -0.53125304
v 0.35728103 0.97191858 -0.50531793
v 0.39702880 0.93432736 -0.48402891
v 1.29800785 1.18651855 0.11950247
v 1.36074877 1.12787735 0.13609856
v 1.42576087 1.25545502 0.11642379
v 1.35708678 1.31137276 0.08026929
v 1.48269689 1.19628608 0.13390297
v 1.52378833 1.13729620 0.13313451
v 1.52673090 1.30527091 0.06943259
v 1.57687330 1.24923372 0.08882402
v 1.23717833 1.06073415 0.11643057
v 1.28824353 1.00670052 0.10651809
v 0.27499530 1.28170013 -0.41943073
v 0.21974909 0.35747918 -0.45105144
v 0.22409144 0.31569427 -0.43433720
v 0.18353266 0.28471574 -0.42881486
v 0.21437791 0.39250138 -0.47450513
v 0.14083958 0.29843837 -0.42912140
v 0.62826943 0.26798719 0.46214521
v 0.49189144 0.29822758 0.53205967
v 0.53046322 0.26020467 0.50115913
v 0.45846155 0.22302108 0.47743326
v 0.55747855 0.22871026 0.46471107
v 0.49202168 0.19505674 0.44897753
v 0.53669685 0.39163947 0.57571822
v 0.62924725 0.44531846 0.56450760
v 0.53626829 -0.07254028 0.24390462
v 0.55952895 -0.02311724 0.23409021
v 0.50912911 -0.12907317 0.24800345
v 0.41112074 1.26915634 0.00710973
v 0.39515239 1.29832613 0.00764701
v 0.39065376 1.26217747 0.04462136
v 0.40571165 1.23062634 0.04298030
v 0.42547238 1.23903608 0.00338588
v 0.35053992 1.28654981 0.07646403
v 0.36711434 1.25451303 0.08026558
v 0.37418127 1.29303241 0.04281486
v 0.38329548 1.22230530 0.08093168
v -0.27644676 0.38820598 -0.07051863
v -0.64733016 0.29538891 0.71875489
v -0.59878558 0.29572967 0.66800463
v -0.67896628 0.33786565 0.70035255
v -0.61987108 0.24878314 0.73007834
v -0.71603107 0.37312013 0.67465544
v -0.76568830 0.37583116 0.72753859
v -0.62981051 0.33414042 0.64867121
v -0.72960025 0.33753508 0.75365090
v -0.66597420 0.36659285 0.62358928
v -0.06771187 1.32135522 -0.50003088
v -0.03325911 1.28422010 -0.53082693
v -0.07163398 1.28689408 -0.52149701
v -0.06178735 1.35329211 -0.47466779
v 0.67646736 -0.40718928 -0.67513621
v 0.65994215 -0.23128167 -0.61564434
v 0.62149441 -0.28700635 -0.63577861
v -0.43727756 0.83874834 -0.17440227
v -0.43367535 0.86704594 -0.13008755
v -0.42514604 0.89577568 -0.08703014
v -0.43982047 0.85301840 -0.24212092
v -0.44122070 0.89409244 -0.26332700
v 0.26427570 0.18078312 -0.41895384
v 0.22564791 0.26572871 -0.42545480
v 0.26799420 0.24364971 -0.41782025
v 0.31118554 0.21834789 -0.40684617
v 0.17441124 -0.56145537 -0.10598250
v 0.19279049 -0.56268811 -0.04537560
v 0.16022535 -0.55327797 -0.16861323
v -0.27261919 -0.13316408 0.47437203
v -0.31520784 -0.12643722 0.49366033
v -0.30733651 -0.07532260 0.52617282
v -0.35234869 -0.07406881 0.54658031
v 1.12273633 -0.63233840 0.02750276
v 1.00724542 -0.68020368 0.05394959
v 1.08721375 -0.67786086 0.03468078
v 0.15807220 1.40218425 -0.37906030
v 0.12996000 1.42300498 -0.35645574
v 0.17952445 1.40562260 -0.35514903
v 1.09033430 -0.18538651 -0.17174098
v 1.08499146 -0.21566638 -0.11877867
v 1.13070571 -0.22401974 -0.19048670
v 1.13173318 -0.19766018 -0.24699779
v 1.04954195 -0.14562544 -0.15221033
v 1.04429936 -0.17566761 -0.10045065
v 1.17225897 -0.23531571 -0.26580778
v 1.15357494 -0.33117542 -0.10428575
v 1.16421533 -0.29499474 -0.15479085
v 1.11440182 -0.29041287 -0.08674581
v 1.12488139 -0.25512287 -0.13677320
v 1.17085004 -0.26263133 -0.20875672
v -0.16056909 1.45938909 -0.15802741
v -0.19061141 1.44722033 -0.13309553
v -0.16794984 1.45253539 -0.10029713
v -0.18269412 1.45212507 -0.19170827
v -0.21339454 1.44021618 -0.16565940
v -0.12928556 1.46864676 -0.18249255
v -0.07502525 1.48086977 -0.17177005
v 0.69002759 1.15327752 -0.32405612
v 0.65378904 1.11275518 -0.32330829
v 0.75324136 1.16293025 -0.38327646
v 0.65871972 1.12535310 -0.26020369
v 0.48004210 1.00880432 -0.30732349
v 0.49086922 0.98374438 -0.31514144
v 0.46499613 1.00206542 -0.34866223
v 0.47448999 0.97414804 -0.35749662
v 0.51929706 0.97050703 -0.27373955
v 0.16364600 1.20375693 -0.53906417
v 0.16714624 1.16537392 -0.55025947
v 0.21104981 1.12654018 -0.54403758
v 0.17123652 1.12665558 -0.56103945
v 0.20555317 1.16545439 -0.53332245
v 0.31535453 1.40770507 -0.01442193
v -0.42132539 0.95091093 -0.34322026
v -0.41208702 0.98999989 -0.35854053
v -0.40893883 0.92892432 -0.38437814
v -0.39961445 0.96829200 -0.39788806
v -0.39951247 1.02738011 -0.37096757
v -0.25769573 1.13799179 0.20839307
v 1.07517350 -0.24995163 -0.06919773
v 1.06105602 -0.28770444 -0.02360841
v 1.13943529 -0.37038496 -0.05786227
v 1.10008943 -0.32890519 -0.04073486
v 1.04339337 -0.32812640 0.01796187
v 1.03501832 -0.20935878 -0.05156224
v 1.02128303 -0.24654600 -0.00650738
v 0.89400530 -0.55370593 -0.72169471
v 0.86415511 -0.59900308 -0.71344078
v 0.85238874 -0.52435195 -0.71070302
v 1.02516997 0.66222823 -0.29539937
v 1.07054198 0.70009756 -0.29006660
v -0.22144850 0.26986045 -0.22923410
v -0.24611731 0.28604603 -0.18835440
v -0.19232582 0.25532520 -0.26868743
v -0.23478128 0.21042871 -0.22657278
v -0.26371622 0.22589928 -0.18600996
v -0.20281385 0.19628914 -0.26579803
v -0.20270880 0.89919972 -0.60404533
v -0.20634530 0.85540485 -0.59707505
v -0.15640597 0.85093009 -0.61802340
v 1.51726556 1.02552867 -0.24483317
v 1.42470419 0.96683013 -0.26663387
v 1.48557913 1.04718029 -0.29513377
v 1.56201231 1.10288107 -0.27051312
v 1.46326637 1.08661020 -0.33507195
v 1.37426376 1.03209686 -0.35435444
v 0.11153805 1.35980093 -0.46323130
v 0.11303231 1.33710492 -0.48621941
v 0.11607397 1.30916595 -0.50801957
v 0.15053242 1.31075311 -0.49395025
v 0.61122572 0.76034749 -0.47991014
v 0.66577452 0.78924441 -0.47400296
v 0.20769487 1.45579350 -0.19391629
v 0.25477380 1.43180013 -0.19036512
v 0.18693620 1.45533967 -0.22355753
v 0.28009376 1.40586460 -0.21553251
v 0.29905415 1.40459442 -0.18595001
v 0.27451068 1.43084776 -0.16065744
v 0.43641743 1.20758760 -0.00153008
v 0.41807309 1.19848228 0.03960101
v 0.42868698 1.16576934 0.03428260
v 0.43848419 1.13307238 0.02817570
v 0.35345909 0.10416955 0.36819735
v 0.29112858 0.01222059 0.33513799
v 0.32171297 0.06394166 0.34822103
v 0.28445718 0.08500388 0.35793895
v 0.31484419 0.12602934 0.37892771
v 0.39098990 0.13668528 0.39442423
v 0.46994042 0.93484604 -0.40536657
v -0.04022090 -0.31077883 -0.33705726
v -0.00628047 -0.32621905 -0.35509840
v -0.04231869 -0.37551323 -0.29038489
v 0.02211808 -0.44839129 -0.27587670
v -0.00691091 -0.43624052 -0.25584418
v 0.02104862 -0.40282235 -0.32857758
v -0.01029284 -0.38937816 -0.30898517
v -0.29608500 1.15068340 -0.47198647
v -0.31960529 1.15647578 -0.44286206
v -0.30349636 1.11720526 -0.47896323
v -0.29082775 0.91132927 -0.54803240
v -0.29740298 0.86900300 -0.53949404
v -0.30209625 0.82650971 -0.52836323
v -0.34059519 0.83750033 -0.49183890
v -0.25426644 0.86100566 -0.57154095
v -0.75854778 0.40054762 0.64483595
v 0.66505504 0.09043688 0.12442651
v 0.70216465 0.05350628 0.10525107
v 0.68619299 0.01817247 0.13795893
v 0.63718182 0.12267461 0.14782739
v 0.64817506 0.05710807 0.15537329
v 0.61859614 0.14864908 0.17517753
v -0.11223669 1.40005374 0.08534807
v -0.12359767 1.41705680 0.05387513
v -0.10063438 1.37887084 0.11503708
v -0.38429093 1.16885877 -0.04448440
v -0.39631587 1.18272877 -0.10802025
v -0.40674317 1.15477657 -0.14124197
v -0.39971256 1.19485593 -0.16951558
v -0.37669367 1.24830520 -0.10653079
v -0.38988394 1.22250772 -0.13797083
v -0.38228101 1.20889366 -0.07551899
v -0.36674523 1.19444406 -0.01175546
v -0.36533582 1.23332822 -0.04384285
v 0.68491483 0.05244064 -0.35686561
v 0.64327461 0.02664804 -0.39110434
v 0.65298152 0.09376961 -0.32030520
v 0.72373122 0.01246956 -0.39678434
v 0.68444091 -0.01679173 -0.43399251
v 0.66382962 0.14866036 -0.25785553
v 0.08560593 -0.49751911 -0.25689307
v 0.13317640 -0.53877306 -0.15317068
v 0.12165371 -0.52675939 -0.21468596
v 0.11444820 -0.50716186 -0.27603054
v 1.25207961 -0.34268150 -0.24564204
v 1.25277233 -0.31343958 -0.30364323
v 0.25019428 0.45581180 -0.51223278
v 0.20475157 0.45576587 -0.53029120
v 0.24814111 0.49212912 -0.53619397
v 0.29425371 0.45186368 -0.48681998
v 0.25363916 0.42052686 -0.48588046
v 0.20897870 0.42429626 -0.50171661
v 0.15697464 0.45955750 -0.53504318
v 0.20216289 0.49111950 -0.55647671
v 0.15217987 0.49385291 -0.56021571
v 0.39170015 0.86363006 0.56825453
v 0.31056064 0.27494594 -0.41082349
v 0.35556132 0.24809776 -0.39388660
v 1.05300200 1.17905903 -0.44640461
v 0.92563123 1.20166898 -0.42733938
v 0.90187019 1.25901318 -0.38024685
v 1.09828329 1.10517263 -0.45102054
v 1.18900204 1.15259087 -0.43840560
v 0.29390159 1.42852402 -0.13106902
v 0.31758237 1.40225232 -0.15683055
v 0.12647372 1.10027778 0.32727331
v 0.14589745 1.05957139 0.33748412
v 0.16591868 1.02153170 0.35427278
v 0.20306638 1.04532981 0.32599071
v -0.25615305 1.25927520 0.13220739
v -0.24600463 1.23050809 0.16554855
v -0.21613415 1.28295147 0.14783090
v -0.29074085 1.23462451 0.11060981
v -0.28230107 1.20327783 0.14457330
v -0.26275313 1.28612065 0.09777932
v -0.22463439 1.30745816 0.11516559
v -0.20468856 1.25626600 0.17956969
v -0.17282592 1.30741811 0.15313950
v -0.19029702 1.22786534 0.20968676
v -0.16007088 1.28157198 0.18307164
v -0.23366003 1.20041192 0.19812241
v 0.67943531 0.26974905 0.11021209
v 0.69915795 0.31704652 0.08154950
v 0.68492121 0.29309195 0.05214453
v 0.68018633 0.31156558 -0.00639773
v 0.66313446 0.24223158 0.16341317
v 0.20094997 1.32586658 0.18409690
v 0.18152981 1.35755849 0.16351923
v -0.37206596 0.85183430 -0.45264840
v -0.37550002 0.80986464 -0.43828055
v -0.39721537 0.86888444 -0.41149870
v -0.40057540 0.78511667 -0.37853438
v -0.41870886 0.80542719 -0.33312476
v -0.40024614 0.82716274 -0.39553046
v -0.41544622 0.88832140 -0.36860025
v -0.41908062 0.84697461 -0.35155728
v -0.43259239 0.86949217 -0.30739921
v -0.61778063 0.13029027 0.06335513
v -0.56645155 0.13413493 0.03530030
v -0.67083299 0.12734786 0.09519581
v 0.67261171 0.83758926 0.24728766
v 0.65180176 0.84477258 0.16072185
v 0.71757567 0.78090131 0.33186427
v 0.75198680 0.73332745 0.31225970
v 0.63577813 0.87076479 0.25666282
v 0.62064916 0.87656820 0.16871467
v 0.62593269 0.84784991 0.09225304
v 0.60025549 0.87869477 0.09758466
v 0.65101504 0.81200516 0.08741185
v 0.61510247 0.91112220 -0.43689126
v 0.63278514 0.85474241 -0.46223709
v 0.54148936 0.78803563 -0.47823274
v 0.50181472 0.80305731 -0.47579467
v 0.60578191 0.95673287 -0.40222788
v 0.65151519 0.93520725 -0.43888587
v 1.20459652 -0.33532390 -0.17250730
v 1.24548018 -0.37715241 -0.19092731
v 0.76038617 -0.80995536 -0.56179833
v 0.79196286 -0.55981910 0.12325385
v 0.83866465 -0.51443052 0.13236260
v 0.79770964 -0.47386399 0.14935477
v 0.75092560 -0.52062905 0.14036059
v 0.70256788 -0.56610477 0.12375969
v 0.06592034 0.25762749 0.40128478
v 0.00905897 0.32168788 0.40472028
v 0.07588188 0.33579630 0.42235643
v -0.00652032 0.38152039 0.40351367
v -0.04331376 0.30721283 0.40799004
v 0.11729614 0.23977707 0.40032005
v 0.13496247 0.30080664 0.42866158
v 0.10704410 0.17529212 0.38730469
v 0.74380916 -0.60282433 0.10500510
v 1.40771067 1.07084382 0.12837641
v 1.55017376 1.08553016 0.11108790
v 1.61151481 1.19369411 0.09148721
v 1.63135183 1.14291632 0.07911961
v 1.32125032 0.95946872 0.07670476
v 1.43635130 1.02135015 0.09891200
v 0.47198397 1.07930529 -0.02579049
v 0.48229676 1.04901266 -0.03063504
v 0.36093807 1.34294498 -0.19915578
v 0.37780851 1.30992043 -0.21528015
v 0.34325966 1.34571648 -0.22997268
v 0.32262158 1.37658882 -0.20933075
v 0.36074412 1.31275797 -0.24759930
v 0.37613297 1.27877820 -0.26307684
v 0.39469609 1.30657697 -0.18251407
v 0.02534720 1.20096040 0.32425919
v 0.04737788 1.16090751 0.33777449
v -0.04199363 1.19951797 0.30161655
v 0.00265874 1.23204911 0.29804924
v -0.06630020 0.77216494 0.37976831
v -0.14097111 0.74633193 0.29834092
v -0.32427669 0.80417424 0.08111186
v 0.28485170 1.31781566 -0.37216842
v 0.26188937 1.31722867 -0.40039456
v 0.24601334 1.35084093 -0.37900236
v 0.23746453 1.31629145 -0.42716050
v -0.96661019 0.32436398 0.38046780
v -0.93308711 0.36210948 0.41462138
v -0.90678263 0.31054485 0.33652690
v -0.93370509 0.26548451 0.30770898
v -0.31460786 0.25784802 -0.10376997
v -0.31442577 0.17286590 -0.14591356
v -0.28429747 0.15551940 -0.18614513
v -0.33599555 0.09595323 -0.14879192
v -0.28625137 0.31844592 -0.10549822
v -0.28921801 0.24240646 -0.14456174
v -0.30228370 0.33328110 -0.06351481
v 0.08771309 1.40627921 -0.40243766
v -0.04173784 1.40613961 -0.41497731
v -0.42511332 1.00511038 -0.09647273
v -0.42458731 1.04543483 -0.12287472
v 0.48782167 -0.68331635 0.00424156
v 0.45275900 -0.65612209 0.02398334
v 0.63807672 -0.84121358 -0.21169192
v 0.61659276 -0.83616388 -0.27247214
v 0.68649435 -0.86709952 -0.23509513
v 0.66382945 -0.86104882 -0.29522941
v 0.73469132 -0.89501607 -0.25813308
v 0.76391202 -0.89553022 -0.20229247
v 0.79840821 -0.88906872 -0.15077341
v 0.71557409 -0.86566603 -0.17811510
v 0.66735482 -0.83704674 -0.15464282
v 0.22803743 0.92852867 0.44980210
v 0.17932412 0.89909923 0.47261876
v -0.38731873 1.23263848 -0.19884855
v -0.39329785 1.20372045 -0.22859329
v -0.38016015 1.21042955 -0.28471756
v -0.37687111 1.23935044 -0.25730231
v -0.68332750 0.31046382 0.25374487
v -0.61604488 0.30897635 0.21782151
v 0.20343868 0.88794398 -0.60531896
v 0.24626078 0.92977655 -0.58107537
v 0.20656784 0.84550893 -0.60823870
v 0.14992458 0.92892909 -0.61864305
v 0.19896102 0.92915702 -0.60136467
v 0.15309373 0.88727796 -0.62321210
v 0.23947658 0.96975505 -0.57669604
v 0.79672813 0.59362483 0.35308421
v 0.80641055 0.53928250 0.31644878
v 0.79498571 0.62653959 0.25984275
v 0.77508283 0.64886236 0.38561061
v 0.74335718 0.70290470 0.41298270
v 0.74157172 0.60586095 0.47828120
v -0.03143646 1.35572565 0.16142093
v -0.03823556 1.28238869 0.23541754
v -0.05614452 1.30593288 0.20417213
v -0.07228996 1.33068979 0.17389314
v -0.10844474 1.41817987 -0.38468075
v -0.07492565 1.41293597 -0.40105674
v -0.12177648 1.39328480 -0.41676122
v -0.08765359 1.38832700 -0.43291894
v -0.13206653 1.36319244 -0.44584852
v 0.39911056 0.27452767 -0.38035724
v 0.44662982 0.24554606 -0.35628140
v 1.10389173 1.40311897 -0.29304403
v 1.00039649 1.35428238 -0.30607748
v -0.06760864 -0.26601139 0.31480184
v -0.09359910 -0.25405362 0.33290824
v -0.09387960 -0.31904379 0.25953215
v -0.01070680 -0.20990530 0.34222293
v -0.03976531 -0.19984761 0.36137065
v -0.04198901 -0.27826640 0.29559645
v -0.07057951 -0.33282217 0.23981830
v 0.01812653 -0.22133371 0.32285917
v -0.01623182 -0.29090819 0.27588531
v -0.09628509 -0.37198517 0.18182263
v -0.11843534 -0.35751513 0.20187464
v 0.62620056 0.81620902 0.04226276
v 0.60432082 0.85061061 0.04220146
v 0.58259314 0.88045537 0.04344356
v -0.11187805 0.77673805 0.33395052
v -0.12627248 0.81309938 0.32267347
v 0.71091819 0.18829204 -0.03979896
v 0.73970896 0.15610607 -0.06026390
v 0.77648616 0.12118271 -0.08061044
v 0.21636058 1.36715388 0.13404615
v -0.25112420 0.44077349 -0.30319154
v -0.26831394 0.47252041 -0.32730606
v -0.22921295 0.41976160 -0.34641865
v -0.28558725 0.50731242 -0.35129863
v -0.87274909 0.25189322 0.26896697
v -0.84579623 0.29657197 0.29612309
v -0.95173681 0.21215202 0.28592607
v -0.89159346 0.20051202 0.24755538
v 0.73358899 1.02485359 -0.07654295
v 0.78643334 0.97743511 -0.03407187
v 0.77266800 1.06150508 -0.06145265
v 0.70897770 0.99274647 -0.08676425
v 0.83165067 1.10578012 -0.04140707
v 0.83251727 1.01339221 -0.01445699
v 0.89402074 0.96023297 0.01483048
v -0.26639962 -0.23100057 0.36740214
v 0.69636118 0.52821988 -0.00431089
v -0.37759286 1.05277002 0.04798432
v -0.39482987 1.02329624 0.00977827
v -0.36809248 1.01461864 0.07629609
v 0.78156149 1.11438167 -0.42813095
v 0.84659404 1.15645063 -0.42979601
v 0.74329382 1.19844127 -0.32310116
v 0.81981713 1.20932674 -0.38353732
v 0.82374656 1.05542827 -0.45590618
v 0.88889080 1.09301448 -0.45665932
v -0.12577550 0.10193309 0.50175768
v -0.17246516 0.09854028 0.52460772
v -0.07977082 0.10600469 0.47721171
v 0.64969718 0.75444818 -0.00017983
v 0.66713428 0.70890319 -0.00338612
v 0.70287037 0.68149936 -0.02148011
v 0.68234211 0.72627997 -0.01092276
v 1.14066494 -0.49868324 0.00205271
v 1.11462688 -0.54406846 0.03044141
v 0.46908659 -0.08932552 -0.48018616
v 0.48581630 0.86812776 0.52944940
v 0.42610577 0.83626777 0.59267014
v 0.52652228 0.83912301 0.54179269
v 0.42066896 0.71642560 0.65137231
v 0.45961711 0.66589653 0.64867526
v 0.46347493 0.80327833 0.60803384
v -0.12029655 -0.39613304 0.12656976
v -0.14244457 -0.38135734 0.14668271
v -0.14445035 -0.40521678 0.07584435
v -0.19150563 -0.37203971 0.11548126
v -0.16757549 -0.38949016 0.09561218
v -0.09796058 -0.40995595 0.10686740
v -0.19451897 -0.38390157 0.04846032
v -0.16997616 -0.40113720 0.02906012
v 0.45214343 -0.39935026 0.19869104
v 0.42559743 -0.36361966 0.21017611
v 0.40973890 -0.45736727 0.17155252
v 0.40108511 -0.32963946 0.22093123
v 0.38346255 -0.42602018 0.18418273
v 0.46610510 -0.29852912 0.22816414
v 0.34205672 -0.48143461 0.14974688
v 0.36859000 -0.50878155 0.13643731
v 0.56369549 0.95352960 -0.16850895
v 0.54155159 0.96820283 -0.17131874
v 0.53188443 0.97116745 -0.22258607
v 0.18120286 1.37712455 -0.40492237
v 0.19933510 1.34770608 -0.42967087
v 0.15846437 1.37248683 -0.42703009
v 0.13684122 1.39672339 -0.40106350
v 0.11554898 1.38945425 -0.42137897
v 0.17447680 1.34414065 -0.45271793
v 0.14612296 1.34032714 -0.47127602
v 0.13469926 1.36739850 -0.44599044
v 0.22298603 1.34949315 -0.40498376
v 0.21124226 1.31467247 -0.45229959
v 0.69509214 0.87650514 -0.05133138
v 0.72727525 0.83125257 -0.03254793
v 0.71376342 0.89805222 -0.05563254
v 0.70366693 0.81114411 -0.02643536
v 0.73184985 0.76505107 -0.02442949
v 0.76005262 0.78475267 -0.02894706
v 0.75104058 0.85176778 -0.03490477
v 0.78856796 0.80444181 -0.03003778
v 0.59441197 0.88681829 0.35865048
v 0.59852374 0.89838600 0.26204300
v 0.58896208 0.90363610 0.17458817
v 0.43679947 1.23672497 -0.16780788
v -0.15760855 0.80736697 -0.60865074
v 0.28787279 1.35055292 -0.32192814
v 0.24630746 1.38095832 -0.32763726
v 0.50203615 0.61138499 0.63766491
v 0.04912268 -0.49786428 -0.04502007
v 0.89903975 0.57457203 -0.29710650
v 0.83775437 0.56452030 -0.34900752
v 0.47825837 0.46231878 -0.43739846
v 0.52619696 0.43516898 -0.40474090
v 0.47751936 0.41725123 -0.41136611
v 0.52366394 0.39136383 -0.37657592
v 0.56630063 0.36869955 -0.33385426
v 0.57134193 0.40845883 -0.36164561
v -0.20857228 1.33388662 -0.43127885
v -0.24187361 1.33289528 -0.40791884
v -0.20050417 1.36797059 -0.40510863
v -0.16666605 1.36655819 -0.42695850
v -0.17460929 1.33228779 -0.45249122
v -0.23426344 1.36663127 -0.38151523
v 0.44854987 1.10097325 0.02218716
v 0.45993695 1.06993604 0.01692331
v 0.13893804 1.40160143 0.10435574
v 0.11885227 1.41836500 0.07139958
v -0.11264984 1.10099125 0.31430501
v -0.13342859 1.13439441 0.28974417
v -0.15365531 1.16648495 0.26437920
v 1.12400067 1.00006568 0.08630583
v 1.02766454 0.94873023 0.05390654
v 0.48945427 0.44401208 0.60216087
v 0.44367284 0.49871472 0.62226146
v 0.39327502 0.39154181 0.57528377
v 0.59014064 0.49905416 0.59537643
v 0.25476891 0.39127025 0.53371572
v 0.30934742 0.34484467 0.52811635
v 0.34295696 0.44312578 0.58930206
v 0.44481725 0.34257150 0.55650312
v 0.34057468 1.37379789 -0.17969252
v 0.20839742 0.75653750 -0.61273634
v 0.39458886 0.32606003 -0.39535886
v 0.34807247 0.35051453 -0.41943765
v 0.38939753 0.37409177 -0.41624054
v 0.35255674 0.30147791 -0.40313250
v -0.74732971 -0.24062750 0.55580342
v -0.71145558 -0.23718980 0.59942514
v -0.72048998 -0.22503915 0.67928094
v -0.75488579 -0.24009404 0.63937026
v -0.67758697 -0.22214124 0.64070594
v -0.66711164 -0.23342457 0.56145161
v -0.70304173 -0.23707262 0.51653677
v 0.22520407 1.38066721 -0.35480624
v 0.26784652 1.35128856 -0.35133493
v 0.20346552 1.37946153 -0.38054639
v -0.03598456 0.22377548 -0.38487092
v -0.07987349 0.22838910 -0.36425576
v -0.03591587 0.27129650 -0.39187101
v -0.08459772 0.30535793 -0.38560298
v -0.03934564 0.30670843 -0.40480438
v -0.08013032 0.27322912 -0.37172431
v -0.12137778 0.27806211 -0.34484851
v -0.12126319 0.23477611 -0.33741298
v -0.12687756 0.30934685 -0.35857165
v -0.04557760 -0.46879062 -0.05469461
v -0.07123192 -0.45770147 -0.04016068
v -0.04996933 -0.45821872 0.00569668
v 0.06265657 0.46452498 -0.53098094
v 0.25582001 -0.48162696 -0.46659604
v 0.29369125 -0.49811712 -0.48421144
v 0.31331116 -0.44289687 -0.52470386
v 0.81942528 0.06319594 -0.27112496
v 0.86462152 0.02537289 -0.30135167
v 0.79165018 0.05274296 -0.31602430
v 0.83575511 0.01512721 -0.34991032
v 0.91126335 -0.01386955 -0.33069980
v 0.88205642 -0.02365988 -0.38236970
v -0.17100991 -0.40136865 -0.03453808
v -0.16865243 -0.38973561 -0.09889951
v 0.96657169 1.13394678 -0.45373243
v 1.01553011 1.06110859 -0.45940739
v 0.67897403 0.93922579 -0.09113034
v 0.69277471 0.96408927 -0.09227517
v 0.66756928 0.32547510 -0.06272024
v 0.67680901 0.28440481 -0.02724659
v -0.30404365 0.78404087 -0.51444983
v -0.34332943 0.79541361 -0.47824687
v -0.34347260 0.75287068 -0.46329007
v -0.30327076 0.74158478 -0.50028563
v -0.25678623 0.73323882 -0.53183377
v -0.18046509 0.75168884 0.25260043
v -0.15572833 0.78272611 0.28798720
v -0.19873472 0.78813529 0.24143791
v -0.17317317 0.81951773 0.27645403
v -0.20146991 0.72113383 0.21622038
v -0.22009011 0.75744486 0.20460236
v -0.14329298 0.85037780 0.31014332
v -0.19345327 0.85616243 0.26407340
v -0.21925215 0.82460475 0.22867489
v 0.54680139 0.55523825 0.62009972
v -0.24914818 0.90446770 -0.57923383
v 0.18499465 0.34487766 0.47419697
v 0.24298286 0.30242112 0.47506458
v 0.56433487 -0.68254757 0.02879367
v 0.49140877 -0.73220682 -0.06610748
v 0.60772192 -0.64812827 0.06729162
v 0.64854228 -0.68075502 0.04809579
v 0.52518988 -0.71108532 -0.01577881
v 0.60483402 -0.71289742 0.00910059
v 0.53170913 -0.75763166 -0.08741176
v -0.08191277 1.25401878 0.24123153
v -0.09988303 1.28012180 0.21048486
v -0.24424465 0.60544294 -0.48783359
v -0.23753719 0.56262982 -0.47184202
v -0.28992015 0.61341649 -0.45462343
v -0.28172976 0.57081985 -0.43764308
v -0.32744932 0.62567812 -0.41357437
v -0.31562573 0.58474696 -0.39434099
v -0.30083919 0.69896400 -0.48566878
v -0.29669690 0.65608925 -0.47072449
v -0.33579135 0.66770500 -0.43127176
v -0.29111731 -0.25944898 0.31761602
v -0.32100171 -0.27286622 0.26715940
v -0.28163177 -0.29111263 0.24568704
v 0.20728037 0.71012807 -0.61346841
v 0.04406957 1.24305737 -0.55159205
v 0.27406979 -0.29037759 0.23608747
v 0.29483843 -0.31414917 0.22593451
v 0.37909508 -0.16160181 0.26599130
v 0.33883190 -0.23790088 0.25060102
v 0.39847103 -0.19127503 0.25578842
v 0.35856199 -0.26599684 0.24031925
v 0.31535161 -0.33959559 0.21586952
v 0.27190381 -0.40574124 0.18105274
v 0.25857404 0.38418791 -0.46024373
v 0.34331328 0.39599770 -0.44041285
v 0.29801202 0.41218495 -0.46363261
v 0.33938146 0.43911362 -0.46272400
v 0.30289140 0.37045416 -0.44103992
v -1.02882636 -0.12384167 0.47245032
v -1.06554937 -0.07534018 0.45096064
v -0.36864275 0.38319871 0.20053238
v -0.49820298 0.34325629 0.21166608
v -0.42017812 0.35751560 0.17277080
v -0.15727906 1.39351499 0.06548123
v -0.19560190 1.37080038 0.06577902
v -0.15082745 1.37578762 0.09380119
v -0.23247601 1.35412574 0.05143701
v -0.23094366 1.33016002 0.08312967
v -0.18328972 1.33104599 0.12293822
v -0.14143817 1.35457242 0.12273668
v -0.19100763 1.35224962 0.09306921
v 1.00626838 -0.10518911 -0.13258684
v 1.04833412 -0.12110224 -0.20732650
v 1.08443701 -0.14058587 -0.28590575
v 1.09076631 -0.15974179 -0.22752774
v 1.00205517 -0.13467261 -0.08173737
v 0.96040237 -0.06413841 -0.11335434
v 0.95682180 -0.09307948 -0.06350261
v 0.67946750 0.87872374 -0.46060643
v -0.08776413 1.16661155 0.29697567
v -0.10809381 1.19687653 0.26961431
v -0.67597455 0.01335958 0.09056056
v -0.72754061 0.01565042 0.12508744
v -0.78169572 0.01900512 0.15956764
v -0.67767882 0.06996182 0.08945502
v -0.73107904 0.07100737 0.12300095
v -0.15571354 0.52897978 0.23883468
v -0.13803487 0.51544917 0.27183813
v -0.15741809 0.46704018 0.29207730
v 0.08518752 1.20484912 -0.56163621
v 0.12525147 1.20403218 -0.55262226
v 0.08613917 1.16675961 -0.57250744
v 0.08399114 1.24119115 -0.54817724
v 0.12322732 1.24082386 -0.53964508
v 0.12005635 1.27628231 -0.52530569
v -0.54843408 -0.17850950 0.14382179
v -0.52843541 -0.14948478 0.08465426
v -0.50051415 -0.18931928 0.11649357
v -0.34292316 1.15848732 -0.40934682
v -0.14487024 1.25420165 0.21254662
v -0.12724306 1.22603810 0.24157512
v -0.01832531 1.25801039 0.26804930
v -0.11561958 1.30616117 0.18085164
v 0.29879117 -0.62059891 -0.02562255
v 0.27022722 -0.59691751 -0.01107070
v 0.30707875 -0.65063965 -0.10211198
v 0.32613429 -0.60396039 0.02936662
v 1.07936621 0.89864337 0.04381233
v 1.11875510 0.85615331 0.01609628
v 1.17623210 0.94817245 0.07658571
v 0.95162845 0.90697551 0.02445914
v 1.00152123 0.85807931 0.01479947
v 0.09356934 -0.47756729 0.05826375
v 0.06951146 -0.46450022 0.06845100
v 0.06917088 -0.49239948 0.00532654
v 0.12440529 -0.44905236 0.11278987
v 0.10037902 -0.43398616 0.12333262
v 0.04518211 -0.45155397 0.07972208
v 0.07595122 -0.41865298 0.13519734
v 0.13846460 -0.38632074 0.17669979
v 0.11373535 -0.36934754 0.18953773
v -0.57476670 0.14926571 0.73440933
v -0.59613091 0.19956087 0.73477745
v -0.62248975 0.13813229 0.78109300
v -0.52846694 0.15895818 0.69065547
v -0.55744189 0.09833279 0.72935164
v -0.60308802 0.08601123 0.77324426
v 0.55235571 0.96020103 -0.22412108
v 0.28743964 1.13939476 0.22186714
v -0.56713247 -0.20115045 0.21037346
v -0.66839379 -0.19321117 0.27618262
v -0.61794758 -0.19641367 0.24202439
v -0.58336008 -0.21817282 0.28328943
v -0.63363087 -0.21558759 0.31703019
v -0.51684368 -0.20847300 0.18144545
v -0.11626090 0.43621799 -0.46311566
v 0.52722549 0.94870162 0.17817637
v 0.54776162 0.92951334 0.10551484
v -0.57252812 0.33728743 0.24926174
v -0.64219683 0.33751085 0.28661039
v -0.66556841 0.36249009 0.35973421
v -0.70851868 0.34498182 0.32423836
v 1.30360913 1.44754398 -0.31072491
v 1.51159620 1.41810298 -0.27676812
v 1.50739491 1.44006920 -0.21893427
v 1.40974998 1.46700799 -0.26888451
v 1.30059147 1.47236359 -0.24193665
v 1.20466077 1.44469440 -0.27292797
v 0.71048629 0.19902681 -0.08494605
v 0.69077098 0.21750189 -0.01899088
v 0.73743963 0.16745511 -0.10525212
v -0.10717539 0.40141717 -0.44172075
v 0.09992497 0.70697266 -0.64926714
v 0.04531582 0.70665836 -0.65972686
v 0.10180347 0.75408900 -0.64703453
v 0.10268235 0.79962516 -0.64347440
v 0.15591362 0.80048048 -0.62922901
v 0.15556934 0.75509858 -0.63200986
v 0.04760116 0.75383854 -0.65490746
v 0.04933789 0.79945993 -0.65180427
v -0.00896688 0.70792985 -0.65411782
v 0.62379241 0.26709628 -0.21532236
v 0.65473115 0.22999085 -0.18631265
v 0.63201511 0.22683290 -0.22064671
v 0.64440936 0.26672834 -0.17679858
v 0.63995719 0.30455211 -0.17392856
v 0.66085225 0.26657704 -0.13682690
v 0.65406162 0.30164409 -0.12702972
v 0.44128990 -0.26001832 0.23708224
v 0.47753799 -0.19205251 0.24556896
v 0.50377780 -0.23312429 0.23692998
v 0.49383175 -0.33796766 0.21792442
v -0.35594749 1.27098918 -0.28766418
v -0.35025513 1.29964435 -0.26070848
v -0.34056437 1.32617009 -0.23187456
v -0.36218309 1.29521155 -0.19997361
v -0.37150067 1.26820183 -0.22924522
v -0.32514966 1.32599568 -0.29322314
v 0.83715338 -0.87556791 -0.10442457
v 0.75029528 -0.85697484 -0.12569590
v 0.70188928 -0.82606614 -0.10190329
v 0.78951037 -0.84132862 -0.07884271
v -0.26214081 1.33984256 0.03021238
v -0.26487523 1.31314015 0.06367357
v -0.29010260 1.32562339 0.00659306
v 0.47245482 1.04030240 0.01243629
v 0.91001630 -0.05031815 -0.04528672
v 0.85365564 -0.03941187 0.01677186
v 0.80517572 0.00415772 0.03336682
v 0.79309899 -0.03069094 0.07307617
v 0.86152107 -0.00747406 -0.02748261
v 0.86577040 0.02052152 -0.07394371
v 0.91320509 -0.02203783 -0.09379927
v -0.14063422 0.09880027 -0.33190626
v -0.09914486 0.08776397 -0.35882163
v -0.15614228 0.01275221 -0.32653046
v -0.19600116 0.02725393 -0.29523221
v -0.09135829 -0.10896972 -0.36241344
v -0.13099752 -0.09312367 -0.33941343
v -0.07442971 -0.01518559 -0.37598473
v -0.11537988 -0.00153881 -0.35320881
v -0.05735292 0.07624835 -0.38095170
v -0.17034607 -0.07692769 -0.31324494
v -0.08664231 0.16635107 -0.36069497
v -0.04405122 0.15799615 -0.38210294
v -0.35098922 -0.02117354 0.56908566
v -0.30567938 -0.02054483 0.55021596
v 1.21238840 -0.27188644 -0.48373687
v 1.17279696 -0.23579350 -0.46478698
v 1.23418844 -0.27504405 -0.42402244
v 1.19437850 -0.23796144 -0.40511462
v 0.55075055 -0.78121138 -0.37410975
v 0.50518882 -0.76252890 -0.35236922
v 0.55220920 -0.75347054 -0.43416977
v 0.59986621 -0.77245700 -0.45480451
v 0.60908055 -0.73801672 -0.50870693
v 0.64902484 -0.79323912 -0.47474816
v 0.50633556 -0.73526371 -0.41387779
v 0.62330627 -0.69963717 -0.55777550
v 0.65831178 -0.75911748 -0.52705383
v 0.14814533 -0.54526782 -0.09313652
v 0.12289798 -0.53089893 -0.08078405
v 0.16696247 -0.54523838 -0.03445018
v 0.14197299 -0.52982068 -0.02423907
v -0.19597469 0.55470729 0.16646747
v -0.17767979 0.58338523 0.19941190
v -0.20372032 0.59205949 0.15840076
v -0.21924745 0.56462240 0.12163685
v -0.23092221 0.60014689 0.11100577
v -0.17053626 0.64948571 0.23070690
v -0.18775137 0.62024164 0.19462761
v -0.15965776 0.61300421 0.23343557
v -0.20238452 0.65562493 0.18833190
v -0.21722580 0.62748051 0.14997582
v -0.18516208 0.68497968 0.22569403
v 1.08271420 -0.36979690 0.00123940
v 1.12197244 -0.41195735 -0.01601829
v 0.06923535 1.22756374 0.31065553
v 0.08939071 1.18542743 0.31806654
v 0.10810664 1.14247787 0.32193595
v 1.04867435 -0.72177327 0.03154733
v 0.87636119 -0.79133689 -0.00437899
v -0.32354158 1.24244130 0.04951508
v -0.32013708 1.20887554 0.08385716
v -0.29537672 1.26506233 0.07517807
v -0.29546028 1.29569817 0.04070269
v -0.31285530 1.17525494 0.11731197
v -0.98279750 -0.12314966 0.41741553
v -1.01639938 -0.07462421 0.39391512
v 0.68088394 0.79114103 -0.01883774
v 0.70510888 0.74541509 -0.01781651
v 0.79221123 0.74030495 -0.03835890
v 0.76029676 0.72070712 -0.03373863
v 0.04522379 1.09156942 -0.60146356
v 0.08738305 1.12828648 -0.58344930
v 0.00110352 1.09359884 -0.60270900
v -0.24963023 -0.34406349 0.02429930
v -0.27805620 -0.32183149 0.04465698
v -0.27955115 -0.31098142 -0.01774104
v -0.21985404 -0.36483279 0.06835158
v -0.24693455 -0.34411624 0.08832566
v -0.33743274 -0.24150285 -0.03332293
v -0.30711204 -0.26496956 -0.05668509
v -0.15372519 0.57355386 0.23487902
v -0.13347887 0.60540056 0.26877886
v -0.15111257 0.67974484 0.26742369
v -0.14043422 0.64359307 0.26946360
v 0.25680473 1.08778167 -0.53410977
v 0.99294108 -0.16824433 -0.03410746
v 0.96272606 -0.24451390 0.05114825
v 0.59193164 0.86811942 -0.02393871
v 0.59256440 0.85650903 0.00608661
v 0.61159098 0.83580053 -0.01250226
v 0.60111481 0.88597536 -0.05327347
v 0.62061733 0.85397732 -0.03357730
v 0.61256349 0.82314718 0.01106726
v 0.63144714 0.79771996 -0.00404674
v 0.63204288 0.78443688 0.01398564
v 0.64624101 0.77628511 0.04046427
v 0.27419427 1.00953150 -0.54963529
v 0.26546690 1.04870737 -0.54282355
v -0.00368954 0.79998994 -0.65202999
v 0.81832170 0.08281958 -0.10150045
v 0.77187479 0.13358940 -0.12665769
v 0.43268070 1.09085262 0.06494772
v 0.42037743 1.12274218 0.06982844
v 0.41586316 1.08035278 0.10953763
v 0.44674167 1.06037688 0.06105638
v 0.43337518 1.05084813 0.10862704
v 0.24290274 0.10890180 0.36547732
v 0.27063727 0.15201944 0.38757443
v 0.19839892 0.13298227 0.37233651
v 0.25605458 0.03327000 0.34489968
v 0.21760654 0.05465946 0.35387722
v 0.17709038 0.07480288 0.36323136
v 0.70365632 0.20306440 -0.12790474
v 0.68985218 0.20062865 -0.16704074
v 0.68542683 0.23363592 -0.10972950
v 0.69161081 0.22879291 -0.06562323
v 0.67326987 0.26367289 -0.09376574
v 0.67231613 0.23289655 -0.14970027
v -0.21706341 1.16881657 0.22738326
v -0.17290656 1.19808662 0.23784518
v -0.19870202 1.13614237 0.25404784
v 1.54686391 1.14140260 -0.30558866
v -0.54356641 0.04744360 0.72079325
v -0.58811128 0.03486481 0.76196259
v 0.62431329 0.92817807 -0.11133620
v 0.61312604 0.90724587 -0.08410582
v 0.65032154 0.89550364 -0.07158414
v 0.67615300 0.85534024 -0.04306478
v 0.65731382 0.83500129 -0.03200854
v 0.66485381 0.91681409 -0.08425817
v 0.63613719 0.94825017 -0.12964857
v 0.63457948 0.87460971 -0.05433135
v -0.26823288 0.58057880 0.01660849
v -0.25945228 0.60701108 0.05871794
v -0.28911936 0.61284149 0.00317883
v -0.28072238 0.64003122 0.04594930
v -0.24799289 0.63448668 0.09970392
v -0.24326278 0.57315576 0.07119153
v -0.53304029 0.07119995 0.00106352
v -0.53468043 0.00491661 0.00204597
v -0.57842624 0.07137099 0.02799057
v -0.49129200 0.06807092 -0.02582203
v -0.57869601 0.00911343 0.02973212
v -0.62703311 0.07046995 0.05700102
v -0.56932670 -0.04965407 0.03985690
v -0.52557737 -0.05736983 0.01233918
v 0.38727802 1.14494491 0.11480400
v 0.40913224 1.15573037 0.07496460
v -0.28850991 0.86569661 0.16162069
v -0.24198736 0.86090058 0.21483210
v -0.29179150 0.93344855 0.18415409
v -0.33144623 0.87106431 0.10428835
v -0.31396204 0.90176964 0.14543538
v -0.32249093 0.56535941 -0.32659921
v -0.30130643 0.54519165 -0.37362498
v -0.30382776 0.52982372 -0.30490345
v -0.33859390 0.58750796 -0.27918127
v -0.31734312 0.55331570 -0.25791880
v -0.33984345 0.60304213 -0.34778580
v 0.00081791 1.05452979 -0.61629957
v 0.00055371 1.01452553 -0.62871408
v -0.21707459 -0.35262355 0.13546064
v -0.11466013 0.50562161 0.31106633
v -0.10793509 0.55314928 0.30249020
v -0.07966836 0.49816936 0.35198623
v 0.00160129 -0.37344715 0.18201184
v -0.02290438 -0.35950968 0.20064300
v -0.02739154 -0.41219220 0.12447067
v 0.01008171 -0.30388603 0.25687808
v -0.07388397 -0.38566324 0.16183430
v -0.05089109 -0.39899722 0.14267986
v -0.04701932 -0.34628567 0.21995136
v 0.03645889 -0.31873754 0.23832169
v 0.04729661 -0.23388204 0.30427486
v 0.67799366 0.55458486 0.55226773
v 0.26697978 0.29744467 -0.42499924
v 0.30731839 0.32518089 -0.42280111
v 0.26328763 0.34382990 -0.43923447
v -0.39800662 1.14598632 -0.28720552
v -0.38152725 1.18154991 -0.31081623
v 1.23642218 0.86969084 0.00367266
v 1.33963501 0.92284286 0.03224871
v 1.21315658 0.90408468 0.04655194
v 1.44822931 0.98144054 0.05507595
v 0.33978024 1.39869630 -0.04518272
v 0.34939572 1.37913454 -0.01838779
v -0.36068505 1.21308434 -0.33697966
v -0.35953164 1.24181020 -0.31326368
v -0.33572596 1.23763299 -0.36675239
v -0.38193786 1.15254283 -0.33555779
v 0.29782072 -0.57952452 0.04409478
v 0.24239500 -0.57522774 0.00175635
v 1.16265798 -0.75660026 -0.01307593
v 1.16192150 -0.67343354 0.00581415
v 1.12663543 -0.71862590 0.01315468
v -0.42714119 0.79881328 -0.15215282
v -0.42338288 0.82722843 -0.10695017
v -0.41378474 0.85621756 -0.06329872
v -0.40675229 0.78836942 -0.08512796
v -0.39676648 0.81765127 -0.04136066
v -0.43468815 0.81214792 -0.22044735
v -0.31743389 0.61892116 -0.05592781
v -0.31656379 0.59427232 -0.10124180
v -0.29339308 0.58731818 -0.04078393
v -0.34356815 0.65141773 -0.07228076
v -0.34193569 0.62625241 -0.11849762
v -0.31252378 0.56993818 -0.14653426
v -0.33691084 0.60165429 -0.16484821
v -0.36745787 0.65998995 -0.13697445
v 0.74906301 0.35888499 0.38449118
v 0.69503599 0.31216872 0.43525910
v 0.63545376 0.24159993 0.41674632
v 0.73850918 0.32557485 0.33592129
v 0.69292730 0.28224534 0.38686439
v 0.52863204 0.89318669 0.44722944
v 0.57112402 0.86721969 0.45557356
v 0.55368531 0.91102612 0.35530308
v 0.56194156 0.92180896 0.26285419
v 0.52706432 0.94279611 0.25949755
v 0.51530331 0.93209481 0.34613815
v -0.82266617 -0.21834269 0.47040898
v -0.78460455 -0.23421898 0.51220703
v -0.12693460 0.16673648 0.49076498
v -0.17609696 0.15946351 0.51670372
v -0.18361197 0.21606348 0.50165850
v -0.08285408 0.23726358 0.44606984
v -0.13268898 0.22650297 0.47330707
v -0.07918505 0.17418773 0.46270955
v 0.39696628 1.18911040 0.07911502
v 0.37359595 1.17886615 0.11730075
v 0.39463067 1.34271884 -0.05851591
v 0.39401212 1.32955182 -0.02746508
v 0.37877375 1.32611895 0.00512434
v 0.37681904 1.35143912 -0.02481215
v 0.36232066 1.35349846 -0.00114390
v -0.68508309 0.38254046 0.43568695
v -0.72945362 0.37491256 0.39909980
v -0.69906539 0.39315748 0.51369220
v -0.79056799 0.39141211 0.44155538
v 0.88333338 -0.90998149 -0.13206249
v 0.87902635 -0.85536492 -0.06386119
v 0.04502000 -0.48122296 0.01605342
v 0.02052765 -0.47038302 0.02727742
v -0.03543122 1.24795544 -0.54697615
v -0.07471652 1.25049889 -0.53888190
v -0.10411920 1.32556915 -0.48718143
v -0.10912152 1.29007113 -0.50863129
v -0.11314185 1.25330973 -0.52706707
v -0.30630612 1.00121200 -0.51883620
v -0.28190482 0.95344770 -0.55142438
v -0.32354790 1.04869545 -0.48566625
v -0.29649490 1.03971744 -0.51788121
v 0.10287069 0.84397006 -0.64102107
v 0.15512455 0.84451258 -0.62651646
v -0.10535292 0.84762740 -0.63406456
v -0.10651110 0.80398381 -0.62736374
v 0.11019185 1.24767971 0.28645596
v -0.35998267 1.27170599 -0.07555103
v -0.37870002 1.26043940 -0.16861108
v 0.13079050 -0.28533486 0.25163227
v 0.10399342 -0.26621971 0.26826230
v 0.08836675 -0.35213903 0.20410034
v 0.06257199 -0.33474663 0.22031361
v 0.05123273 -0.40362510 0.14912842
v 0.02635986 -0.38856640 0.16481738
v -0.00346754 -0.42543224 0.10768758
v 0.02080885 -0.43845078 0.09272195
v 0.07600653 -0.24875358 0.28565583
v -0.40246266 0.70777440 -0.22530043
v -0.39088082 0.68414944 -0.27322033
v -0.38331383 0.67045581 -0.20454329
v -0.35085744 0.61101085 -0.23175356
v -0.36094594 0.63502127 -0.18436164
v -0.37161255 0.64695030 -0.25242662
v -0.35789692 0.62407404 -0.30026397
v -0.37462437 0.66243231 -0.32087114
v -0.41674840 0.74696195 -0.24616180
v -0.40448183 0.72360373 -0.29364967
v -0.38759303 0.70231992 -0.34086278
v -0.04460935 1.05656958 -0.61390859
v -0.08959682 1.05902970 -0.60744375
v -0.65030897 0.07116616 0.81606930
v 1.35430896 0.88607407 -0.07426686
v 1.45414650 0.94344878 -0.05096898
v 0.83220935 -0.81890512 -0.03859226
v 0.61971003 -0.81030250 -0.13121021
v -0.33967763 1.29266727 -0.04607687
v -0.31611359 1.31031060 -0.01847162
v -0.34590113 1.25595379 -0.01352084
v 0.81016701 -0.49551013 -0.70114917
v 0.73079491 -0.51563585 -0.68315816
v 0.69747692 -0.56454527 -0.66416293
v -0.08733757 1.35574245 0.14420022
v -0.12909107 1.33127618 0.15173197
v 0.68515295 -0.48859331 -0.67531270
v 0.64531016 0.18726969 -0.23535645
v 0.62979776 0.13661160 -0.28908983
v 0.77359712 0.54173434 -0.13684067
v 0.00502816 0.57590365 0.45068735
v -0.03934611 0.53599370 0.39354631
v 0.98194247 -0.32889953 0.07115354
v 0.95484972 -0.37367836 0.10107638
v 1.02186120 -0.37095371 0.05472473
v -0.25825197 0.77559388 -0.54612279
v -0.34074932 0.71031213 -0.44793087
v -0.09853171 0.36817896 -0.42134798
v -0.15479918 0.40173411 -0.41889405
v -0.19731154 0.40569007 -0.38661620
v 0.92797863 0.92013836 -0.45947769
v 0.99160236 0.95391464 -0.45595542
v 0.87434298 0.98901582 -0.46519667
v 0.94087523 1.02228284 -0.46400905
v -0.42856568 0.91052794 -0.32583034
v -0.39069444 0.90988815 -0.42550108
v -0.48235101 -0.23107454 0.22308126
v -0.39180994 0.69493717 -0.15667757
v -0.70785302 0.39127114 0.59374940
v -0.09711166 1.35899568 -0.46211338
v -0.05373706 1.38210845 -0.44603893
v 0.32734340 1.41268945 -0.07307403
v 0.54828024 0.72690910 -0.48845676
v 0.55722553 0.56901711 -0.46501058
v 0.46818638 0.75929368 -0.49437964
v 0.60332286 -0.82240522 -0.33476517
v 0.55670971 -0.80135214 -0.31179273
v 0.69185823 -0.71427965 0.02847135
v -0.45527560 -0.01285020 -0.05065472
v -0.41967952 -0.02721497 -0.07827633
v -0.38540381 -0.04454562 -0.10684907
v -0.37768847 -0.11849296 -0.09062222
v -0.38237345 0.03343847 -0.11389659
v 0.12729466 1.16584110 -0.56358838
v 0.46254301 1.03170121 0.05809541
v 0.45320761 1.02349114 0.10900000
v 0.41905528 1.04097939 0.16059683
v 0.44346559 1.01520801 0.16645338
v 0.65059471 -0.14099434 -0.55038226
v 0.73681384 -0.13624534 -0.55323613
v 0.69841552 -0.18080053 -0.58742338
v 0.68977255 -0.09571645 -0.51435781
v -0.98762369 -0.16436574 0.49764854
v 0.68841702 1.06080711 -0.13313711
v 0.72039801 1.09993291 -0.12247386
v -0.22478651 1.03002095 -0.57208598
v 0.29380244 -0.42999479 0.17127194
v 0.25410956 -0.48024276 0.12776910
v 0.25027105 -0.38332364 0.19077390
v 0.23103496 -0.45931891 0.13707265
v 0.21926990 -0.51577353 0.07747583
v -0.04649363 1.01657641 -0.62674373
v -0.12770073 0.17477843 -0.33409691
v -0.15900709 0.24359223 -0.30517107
v -0.18041383 0.11071596 -0.30012989
v -0.16678829 0.18443134 -0.30220640
v 0.09505187 1.38116598 -0.43943918
v -0.96064866 0.15398848 0.27211276
v 0.78227460 0.40427035 0.31493276
v 0.76500452 0.36763975 0.26879415
v 0.80394131 0.48849174 0.27674350
v 0.79285812 0.52040696 0.19319168
v 0.45325947 0.04128250 0.30272964
v 0.33870351 -0.67519736 -0.12036811
v 0.32298312 -0.67060804 -0.18405759
v 0.29142618 -0.64579260 -0.16608661
v 0.28077084 -0.63241601 -0.23299934
v 0.57372671 0.90543330 0.10192065
v 0.55753541 0.92711997 0.17767923
v 0.41872633 -0.22453317 0.24610543
v 0.45419538 -0.15463713 0.25481459
v 0.34128857 1.24588060 0.11465639
v -0.25745726 0.81814069 -0.55963802
v 1.29793525 -0.54903793 -0.13960603
v 0.24879822 1.37473810 0.10375352
v -0.33579719 0.93886912 0.12537637
v -0.34700859 1.21886349 0.02002704
v -0.32325578 1.27693009 0.01506896
v -0.26156801 -0.02260944 0.53484464
v 1.16334951 0.80015469 -0.07206231
v 1.25010478 0.84608531 -0.04649496
v 1.14556479 0.82329178 -0.02479847
v 1.17606008 0.78566432 -0.12089354
v 1.10584009 0.74460262 -0.14002112
v 1.25989866 0.83298862 -0.09820134
v 1.09090531 0.76055306 -0.09393831
v 1.34786308 0.89840961 -0.02056156
v 0.21587202 -0.55496347 0.01279916
v 0.19035418 -0.53653336 0.02272514
v 0.27059868 -0.55655861 0.05672880
v 0.24431908 -0.53546965 0.06774965
v -0.53261143 -0.22276720 0.25190967
v -0.54729015 -0.23116186 0.32803747
v 1.02366662 0.65836400 -0.24916683
v 0.98255748 0.62956578 -0.29787320
v 0.94079912 0.60094953 -0.29829824
v 1.06131983 0.69784451 -0.19822453
v 0.63737786 0.61078221 0.57941222
v 0.70500392 0.66130143 0.50658613
v 0.30284888 1.04908919 -0.51947451
v 0.33590066 1.04970729 -0.49342796
v 0.31281883 1.01009321 -0.52617192
v 0.28301969 0.97035921 -0.55511785
v -0.23440962 0.53716278 0.08403552
v 1.06207502 0.99337435 -0.45016822
v -0.26429349 -0.07989451 0.50879502
v 1.15427089 -0.58668053 0.01004389
v 1.18059909 -0.54193842 -0.01756174
v -0.20819797 0.76935613 -0.57294607
v -0.20838986 0.81199527 -0.58635747
v 0.46251374 -0.74322629 -0.33057770
v 0.46901470 -0.76117790 -0.26681560
v 0.51127982 -0.78163123 -0.28934133
v 0.73581618 0.66345477 0.10764480
v 0.69008994 0.72376829 0.07149743
v -0.43434197 0.97645402 -0.13663900
v 0.53021455 0.16070844 0.38182023
v 0.51545095 0.17469075 0.41646722
v 0.53863811 0.15054178 0.34640619
v 0.58067852 0.18950005 0.38350767
v 0.57403773 0.20577258 0.42545131
v -0.25361121 0.54665685 0.03018746
v 0.19600390 0.26040116 0.42927805
v 0.13687211 0.38965017 0.47389948
v 0.58153689 0.17818615 0.34215960
v 0.63349444 0.22254728 0.37049979
v -0.32862091 0.57701874 -0.21133037
v -0.42490709 0.77192199 -0.19872317
v -0.41092968 0.73255736 -0.17748314
v 1.12645960 -0.17753044 -0.30595249
v 1.16712964 -0.21440205 -0.32521290
v 1.21152937 -0.30175307 -0.22682722
v 1.21276617 -0.27344355 -0.28445107
v 0.61618054 0.19663997 0.28140739
v 0.62556207 0.20843317 0.32477781
v 1.06986415 -0.13033679 -0.34605813
v -0.21931405 1.41633868 -0.05332027
v -0.19524334 1.43631959 -0.07680652
v 0.33716202 0.48223418 -0.48414958
v 0.70877248 -0.78290391 -0.54488754
v 0.28600863 -0.27487066 -0.51616156
v 0.32760260 -0.29116783 -0.53577191
v 0.25829530 -0.34818771 -0.51063263
v -0.05032061 0.93272400 -0.64278126
v -0.10505821 0.34312218 0.40407789
v -0.05656217 0.36117455 0.39456484
v -0.11599733 0.38636866 0.38031423
v -0.12217627 0.42527235 0.35521322
v -0.17221440 0.40001923 0.36289254
v -0.07704856 0.45436060 0.36523736
v -0.06894810 0.40960103 0.38012305
v 0.48271728 -0.52362335 -0.58966321
v -0.26445204 0.43462089 -0.08208065
v -0.26479107 0.47307679 -0.09604365
v -0.26133531 0.52065825 -0.01185044
v -0.26501793 0.49626178 -0.05416821
v 0.00532600 -0.24836025 -0.39044088
v -0.03062840 -0.23187318 -0.37401408
v 0.02330700 -0.15939745 -0.41316462
v -0.03353484 -0.03026733 -0.39515498
v 0.00604765 -0.04697827 -0.41051516
v -0.05245329 -0.12523791 -0.38138098
v 0.04519404 -0.06365106 -0.42388716
v -0.01396839 -0.14216051 -0.39826289
v 1.55352223 1.04219532 0.06987368
v -0.06900902 -0.19059280 0.37966177
v -0.09871553 -0.18186674 0.39690679
v 0.75966132 0.03568757 -0.35789236
v 0.80293626 -0.00253212 -0.39509439
v -0.74859405 0.31938151 0.29003206
v 0.34676403 1.01063192 -0.50020504
v 0.36470720 1.05094850 -0.46556917
v 0.78425282 -0.17597470 -0.58552438
v -0.18973340 1.39893687 -0.37626150
v -0.15600745 1.39717281 -0.39814284
v -0.14197458 1.42178929 -0.36567995
v 0.16220331 0.92799294 0.43532324
v 1.44140303 1.13531518 -0.36197555
v 1.34880459 1.08095312 -0.38447863
v 1.26043367 1.02808642 -0.40370128
v 1.39901304 0.99199581 -0.31499583
v 1.28827274 0.97876453 -0.37202314
v 0.33077222 -0.55015635 0.09372272
v 0.30390552 -0.52557850 0.10673955
v 0.31700951 -0.45535544 0.16113070
v 0.35893324 -0.39611462 0.19547263
v 0.95755315 -0.05382061 -0.35786155
v 1.17774868 0.97819519 -0.41781586
v 0.27495787 -0.58197474 -0.36821243
v 0.27481955 -0.61151147 -0.30133963
v 0.28092644 -0.54438281 -0.43061128
v -0.24535243 -0.33232078 0.15537469
v -0.21634628 -0.32884881 0.20600078
v -0.24679543 -0.31039336 0.22549674
v 0.35833439 1.21261203 0.11710979
v 0.43039685 1.06253159 -0.36952370
v -1.00857592 0.03845218 0.31285262
v -0.99064600 -0.02058381 0.32447541
v -0.96513772 -0.07434952 0.34344861
v -1.04436338 -0.01977345 0.37442231
v -0.93614936 -0.02317482 0.27979630
v -1.01804888 0.10044262 0.30919811
v -0.95280981 0.03403354 0.26870498
v 0.82195079 0.69992226 -0.05907009
v 0.82433289 0.75951076 -0.03998704
v 0.85656559 0.71914625 -0.06142249
v 0.88434839 0.68440521 -0.09122128
v 0.84854841 0.66445792 -0.08764957
v 0.78738832 0.68016255 -0.05381133
v 0.81236923 0.64397585 -0.08132248
v -0.06299888 1.22788203 0.27157199
v -0.36835712 0.68616277 -0.09050457
v 0.38531989 0.42018655 -0.43964267
v 0.61036962 0.38758132 -0.30726668
v 0.64682996 0.37102181 -0.19583669
v 1.23373127 0.88527811 -0.34971076
v 1.31248474 0.93810606 -0.33286214
v 0.73730963 -0.15427473 0.17038551
v -0.57174134 0.25311986 0.68128347
v 0.43062979 0.48932308 -0.46190029
v 0.38351965 0.50999570 -0.48171294
v 0.48233014 0.50863981 -0.45957741
v 0.43012172 0.44293135 -0.43928483
v 0.38314340 0.46509382 -0.46224025
v -0.85835195 -0.07689717 0.25891933
v -0.83189988 -0.12226567 0.28294736
v -0.91258299 -0.07554853 0.29837298
v -0.93395925 -0.12201133 0.36802277
v -0.88364255 -0.12182477 0.32326674
v -0.89850926 -0.16176060 0.39800715
v -0.85045707 -0.16074035 0.35405773
v -0.80092824 -0.16035053 0.31373039
v -0.42109388 0.96478498 -0.07034732
v -0.14269547 0.28027347 0.45262569
v -0.19436593 0.26746681 0.48134667
v -0.16504718 0.71523714 0.26242277
v 1.20855033 0.92749155 -0.38721737
v 1.16313207 0.83649850 -0.36219421
v 1.22713327 1.08614707 -0.42662573
v 1.14058316 1.03773499 -0.44046879
v 0.15714826 -0.30382857 0.23686543
v 0.16232921 -0.40375182 0.16545457
v 0.18222061 -0.32270101 0.22365245
v 0.20299961 -0.22747901 0.27322379
v 0.25212884 -0.26841256 0.24757180
v 0.22840832 -0.36231139 0.20069259
v 0.20593742 -0.34201548 0.21155518
v 0.18553069 -0.42144695 0.15532076
v 0.22857904 -0.24729255 0.25971675
v 0.39575872 -0.48094609 -0.55916095
v 0.35376573 -0.46126845 -0.54229188
v 0.42343944 -0.42034325 -0.58843273
v 0.33894134 -0.37987235 -0.54994088
v 0.38048661 -0.39935365 -0.56948650
v -0.26710612 0.30288553 -0.14677046
v -0.34472376 1.18256974 0.05330355
v -0.33972788 1.14731562 0.08652650
v 0.27814904 -0.50257182 0.11802636
v 0.33623856 -0.36741045 0.20585591
v -0.09095280 0.33637094 -0.40246332
v -0.15798287 0.28713247 -0.31220204
v 0.59705341 0.11905769 0.20267200
v 0.61853850 0.09138268 0.17714515
v 0.04035108 -0.26484540 -0.40692601
v 0.36414367 0.29917410 0.51715642
v 0.41508055 0.25807410 0.50072312
v 0.11740239 -0.51646757 -0.01432264
v -0.49350870 -0.00214607 -0.02424233
v 0.10002272 0.92915833 -0.63225532
v 0.16034923 1.38279867 0.13630864
v -0.75053275 -0.16074428 0.27609336
v -0.71808517 -0.19131997 0.31217787
v -0.76721656 -0.19159809 0.34951010
v -0.77966607 -0.12326887 0.24559310
v 1.45071089 0.95472240 0.00263206
v 1.55004692 1.01179230 0.02055426
v 1.62363267 1.05527580 0.03357016
v -0.14568479 1.29364812 -0.49358848
v -0.13987051 1.32951713 -0.47141305
v -0.26966405 0.05958471 -0.22378124
v -0.30340528 0.07756028 -0.18593024
v -0.25222111 0.13908339 -0.22610095
v -0.31590325 -0.00420451 -0.18150817
v -0.34890079 0.01582068 -0.14679462
v -0.23371388 0.04293129 -0.26056519
v -0.21759443 0.12411854 -0.26456827
v -0.06745325 -0.21543041 -0.35651860
v -0.10456525 -0.19872674 -0.33711910
v 0.49352920 0.96290517 0.25204340
v 0.49806952 0.96985555 0.17611162
v 0.25366715 0.22261065 0.42646980
v 0.22148904 0.18210264 0.39370435
v 0.15244484 0.15630461 0.37908748
v 0.30629587 0.18822552 0.42002729
v 0.17052487 0.21274689 0.39804959
v -0.89392066 0.39096692 0.45101160
v -0.87338030 0.34778368 0.36922711
v -0.83402491 0.37440032 0.40494007
v -0.81170309 0.33183154 0.32831103
v -0.77226532 0.35799116 0.36314780
v -0.41371608 0.92489445 -0.04489022
v -0.66871130 -0.04437938 0.81719530
v -0.63361412 0.02005500 0.80213404
v -0.62235194 -0.02852371 0.78439081
v 0.68123597 1.12085378 -0.19143969
v -0.40414900 0.22671694 0.58585542
v -0.37171221 0.27397329 0.54280746
v -0.40146917 0.88571310 -0.02084198
v 0.67321867 -0.72098136 -0.57335144
v 0.69256616 -0.67980993 -0.61377066
v 0.68748617 0.48787421 -0.03469848
v 0.85111773 0.58533782 -0.15259847
v 0.82259619 0.54143405 -0.18776633
v 0.79615366 0.59113193 -0.10731129
v 0.81214821 0.56387520 -0.14526701
v 0.83409452 0.61245149 -0.11456931
v 1.18415964 0.77930319 -0.17076570
v 1.12289190 0.73435819 -0.23410530
v 1.24751306 -0.28995481 -0.36328748
v 1.20784712 -0.25118122 -0.34418026
v -0.27442610 0.50686759 -0.11172526
v -0.29391629 0.56278157 -0.08508725
v -0.29104728 0.53854740 -0.12867838
v -0.27587682 0.53067797 -0.06915262
v 0.45592302 -0.35535142 -0.60144538
v 0.41213855 -0.33183256 -0.57937169
v 0.46772242 -0.44280317 -0.60563290
v 0.50104213 -0.38035253 -0.62158126
v 0.37046057 1.36823750 -0.04740070
v -0.32967019 -0.20742282 -0.09081732
v -0.36078197 -0.18467709 -0.06512978
v -0.41094732 -0.09881717 -0.06352028
v -0.36909199 -0.21810272 -0.00973011
v -0.39354247 -0.16315016 -0.04042486
v -0.27786994 -0.28768191 -0.08010478
v -0.41190052 0.75985795 -0.13044795
v -0.42723221 0.78711021 -0.26710519
v 0.77291507 0.59504485 0.14913072
v 0.35932162 -0.21623823 -0.52399909
v 0.39071834 -0.14049926 -0.49790207
v 0.36955073 -0.31022283 -0.55698466
v -0.54839021 0.20711684 0.68866885
v -0.50159389 0.21382752 0.64813775
v -0.52423269 0.25679940 0.63854569
v 1.31919587 1.13743556 -0.40651470
v -0.02528097 -0.46890464 -0.00854802
v -0.00385325 -0.45881823 0.03975744
v 0.17556676 -0.20814541 0.28742215
v 0.14739129 -0.18761399 0.30311364
v 0.11725581 -0.16923425 0.31956229
v 0.91434473 -0.21434107 -0.59703344
v 0.87649477 -0.25111082 -0.63048619
v 0.86886948 -0.17692849 -0.57539952
v 0.90615720 -0.14517054 -0.53507233
v 0.85976768 -0.10623136 -0.50762367
v 0.95131856 -0.18272313 -0.55768907
v 0.82232916 -0.13795224 -0.54889578
v 0.63481784 0.19721988 0.17279994
v 1.11660302 0.73571467 -0.18680143
v 1.06901467 0.69407499 -0.24375035
v 0.76694614 -0.02739075 -0.43674573
v 0.72895265 -0.05808872 -0.47636905
v 0.77536941 -0.09832650 -0.51540613
v -0.39796084 1.11664152 -0.31667703
v -0.39484978 1.08719826 -0.34701470
v -0.11059700 -0.27908823 -0.30034500
v -0.07499726 -0.29498169 -0.31889254
v -0.39200783 0.72216213 -0.10985391
v 0.74566543 0.01259404 0.08844960
v 0.13525225 0.09261274 0.37365732
v 0.66930866 -0.01995182 0.16754730
v 0.73040771 -0.02427578 0.12315051
v 0.18860061 -0.10675117 0.32435277
v 0.21893312 -0.12766853 0.31072736
v -0.80407107 -0.07889828 0.22229132
v -0.66254455 -0.08463773 0.79738295
v -0.24152409 1.42242885 -0.13878788
v -0.36302674 1.11915660 0.05305269
v -0.33257401 1.11195123 0.11880790
v -0.35709870 1.08239639 0.08452305
v -0.35496241 0.64231366 -0.36820397
v 0.68017405 0.24441054 0.00298503
v 0.68040818 0.25695792 -0.04677613
v -0.10645513 1.44937444 0.00328810
v 0.15610406 -0.08746007 0.33856213
v 0.12151417 -0.07185742 0.35415533
v 0.08601655 -0.05911988 0.37118417
v 0.08568582 -0.15392551 0.33689401
v 0.05348338 -0.14196864 0.35539755
v -0.43193603 0.82817352 -0.28757524
v -0.41394669 0.76413345 -0.31369233
v -0.39639175 0.74331796 -0.36016560
v 0.46987081 0.99163890 0.17185546
v 0.46128112 0.98349750 0.24178484
v 0.15421213 0.70834696 -0.63353306
v 0.79964888 0.57209742 0.22796071
v -0.40059251 0.95449209 -0.00353020
v 0.63199043 0.98242176 -0.40710261
v 0.71756685 0.81405640 -0.46869904
v 0.25763690 -0.05189699 0.32422435
v 0.22491267 -0.03126478 0.33583325
v 0.24733894 -0.14782187 0.29749742
v 0.28744596 -0.07254928 0.31272551
v 0.18959013 -0.01139659 0.34759656
v 0.56075555 0.90708411 0.04523651
v 0.53918660 0.93168616 0.04763317
v -0.74017888 -0.23075601 0.47193319
v -0.77784503 -0.21597186 0.42899477
v -0.69431770 -0.22922578 0.43324739
v -0.73109579 -0.21412525 0.38991848
v -0.81496847 -0.19255802 0.38929969
v -0.64644188 -0.22890708 0.39642972
v -0.68277305 -0.21398851 0.35284197
v 0.81287175 -0.06690326 -0.47444707
v 0.84862721 -0.04187480 -0.43022454
v 0.66159606 0.77168566 -0.01039498
v 0.64131927 0.81519544 -0.01855008
v 0.16568255 -0.51987195 0.03176055
v 0.30039725 0.26032192 0.46992624
v -0.36522490 0.68345499 -0.38707730
v 0.10434812 0.01063719 -0.43457648
v 0.38361120 0.84808260 -0.51571834
v 0.40434223 0.75672609 -0.51504922
v 0.39390147 0.80537659 -0.51564842
v 0.41625300 0.85174400 -0.49431780
v 0.04575531 1.26118195 0.28800499
v -0.49539745 -0.20155796 0.49874097
v 0.11749461 -0.49093232 0.04910237
v -0.40406162 -0.19694665 0.01259083
v 0.66798103 -0.61215103 -0.63638383
v 0.64319408 -0.65739620 -0.60048050
v -0.27390665 0.55531496 -0.02639155
v 0.75361133 0.65990925 -0.04748889
v 0.72950339 0.70100856 -0.02808993
v 0.72310752 0.63965541 -0.04050237
v 0.77619994 0.62299913 -0.07427941
v 0.74207181 0.60212654 -0.06707387
v -0.38579547 0.75083888 -0.06486724
v 0.94167614 -0.11981717 -0.48939273
v 0.89535868 -0.08114269 -0.46197417
v 0.97409201 -0.10237172 -0.43805000
v 0.92846107 -0.06328049 -0.41191882
v -0.75121051 -0.08207911 0.18609446
v -0.76936054 -0.03345522 0.16961236
v 0.67020780 0.19445148 -0.20238732
v 1.27250481 -0.31442103 -0.44265783
v 0.48279005 -0.76956522 -0.20394076
v 0.52498859 -0.79150319 -0.22654526
v 1.28455901 1.20207179 -0.41931361
v -0.27129889 1.17104471 0.17720635
v -0.87961030 -0.02611664 0.24140775
v 0.29821667 -0.36287287 -0.52998400
v 0.99847823 -0.49878213 -0.73398942
v 0.43949366 0.85161293 -0.48035312
v 0.43078578 0.89493930 -0.46951273
v 0.46545482 0.88456821 -0.44877744
v 0.45136535 0.91451740 -0.44085234
v 0.42120495 0.93684959 -0.45882431
v 0.40601668 0.89335167 -0.49006498
v 0.68231970 0.25965500 0.33856595
v -0.51118189 -0.23414466 0.37500790
v -0.47672331 -0.22344211 0.42229784
v 0.66733843 0.29420832 -0.07875267
v 0.75935197 0.56947881 -0.09959411
v 0.98660731 -0.15729013 -0.51236737
v 0.91993618 -0.28658691 -0.64593893
v -0.37560630 0.76754713 -0.42225984
v -0.37192291 0.72529668 -0.40490356
v 0.43858558 -0.50199330 -0.57529086
v 0.59124082 -0.81611812 -0.18834215
v 0.57003778 -0.81330657 -0.24916193
v 1.60697055 1.34276533 -0.25805807
v -0.30414683 1.14147961 0.15011027
v -0.32200390 1.07601357 0.14914723
v -0.17015980 0.43137693 0.32689530
v -0.12177108 0.46327090 0.33066887
v -0.19628121 -0.37256959 -0.07953358
v -0.18990277 -0.34931353 -0.14597207
v -0.22376819 -0.35332862 -0.05967135
v -0.19680770 -0.38364485 -0.01557377
v 1.25047767 -0.31020829 -0.50251383
v -0.26171744 0.29740134 0.48473036
v -0.31690162 0.28497624 0.51481807
v -0.24712513 0.25520074 0.51010996
v -1.01792729 0.16250265 0.31487948
v -0.27239180 0.99439323 -0.55078846
v -0.26306140 1.03440428 -0.54750252
v 1.40120673 1.47079659 -0.20003897
v 1.49794865 1.44359851 -0.14958321
v -0.55209726 -0.10296422 0.05850144
v -0.50764585 -0.11319527 0.03231624
v -0.40647286 -0.12483373 0.54328942
v 0.02093808 -0.13178340 0.37437472
v -0.01158361 -0.12423381 0.39403987
v 0.63900626 0.21335161 0.20816565
v 0.60983771 0.16895819 0.20662534
v -0.15499778 0.32678330 0.42617765
v -0.20759986 0.31182984 0.45436066
v 0.65066218 0.22746529 0.24779704
v 0.60970557 0.18428302 0.24192965
v 1.39598525 1.40552700 -0.01023314
v -0.11674218 1.21600044 -0.54323161
v -0.15036596 1.25656784 -0.51259875
v 1.63855064 1.07038653 -0.01123939
v 1.63840425 1.07457447 -0.05977615
v 1.68683910 1.14560759 -0.04266499
v -0.65763187 -0.23462877 0.47845799
v -0.22288023 -0.36489818 0.00405580
v 0.27350086 -0.16819605 0.28476119
v 0.29710555 -0.18960145 0.27247861
v 0.46300846 -0.71673286 -0.39348793
v 0.37878567 -0.29726675 0.23058841
v 0.66089535 0.37303975 -0.09466950
v 0.69551569 -0.64341664 0.07984622
v 0.73854446 -0.67952871 0.06102285
v -0.25142807 -0.33296427 -0.03903116
v -0.24863808 -0.30958173 -0.10270846
v 1.63380218 1.09680367 0.05629657
v 1.68317044 1.18354619 0.02717603
v 1.67447436 1.13108659 0.01114222
v 1.70759034 1.20595086 -0.03142755
v 1.46445000 1.35874844 0.03477185
v 1.64366615 1.28766811 0.02733912
v 1.59846914 1.34047866 0.00570311
v 1.57774198 1.40590990 -0.10181165
v 1.53900862 1.38923669 -0.02972503
v 1.63880229 1.36110795 -0.06456385
v 1.46722722 1.43154442 -0.07523912
v 1.57167649 1.37426698 -0.27374664
v 1.63918412 1.35863793 -0.19768865
v 1.58436573 1.39402342 -0.23241176
v 1.58920336 1.40686572 -0.17125596
v 1.67267728 1.23526216 0.03407758
v 1.70491838 1.26033664 -0.02975121
v 1.67548704 1.31593335 -0.17218310
v 1.68136573 1.31184590 -0.04023939
v 1.70975709 1.26981723 -0.09329759
v 1.69047654 1.32038283 -0.10751671
v 1.65018678 1.36644304 -0.13354099
v -0.49690294 -0.23647752 0.29665208
v -0.23761933 -0.27433965 -0.16772266
v -0.28139013 -0.18429288 -0.17680860
v -0.26858872 -0.25285724 -0.14278281
v -0.21946041 -0.33048192 -0.12480095
v 0.41125444 1.05759561 -0.40387180
v 1.01904559 -0.13941160 -0.46115822
v -0.22025104 0.34894150 0.42263925
v -0.38642061 1.06338906 -0.38114786
v -0.30592555 0.54520607 -0.19148457
v 1.04762232 -0.12992284 -0.40539148
v -0.17258130 1.43823636 -0.04573575
v -0.14190601 -0.18163982 -0.31480318
v 0.66340905 -0.52937019 0.14131123
v 0.65437317 -0.60871756 0.09889907
v -0.15216310 1.43679726 -0.01336933
v -0.13162290 0.56304401 0.26766402
v 0.15207879 0.00612092 0.35998869
v -0.20409818 1.44304109 -0.22556160
v 0.35292122 0.22221489 0.45946103
v 0.39887154 0.19047594 0.44398618
v 0.52377808 -0.37855348 0.20591581
v 0.48077261 -0.43582442 0.18563592
v -0.28623545 1.07621241 -0.51378441
v -0.31350338 -0.16247830 -0.14764166
v -0.29928738 -0.23025897 -0.11691272
v 0.46656471 0.83293831 -0.47432929
v 0.43543428 0.81250739 -0.49331799
v 1.00264287 -0.09325850 -0.38253656
v 0.66658598 0.24208951 0.29175171
v -0.36155957 1.07746613 -0.42099106
v -0.34506547 1.06101942 -0.45289859
v -0.37413889 1.04271758 -0.41540685
v 0.94082385 -0.28673097 0.08702359
v 0.43600345 0.16539614 0.42269719
v -0.34772968 1.04527617 0.11428225
v 0.38701326 0.97328591 -0.47834060
v -0.47526217 0.26033881 0.60268408
v -0.42469323 0.26584798 0.57139850
v -0.45369351 0.21993017 0.61422426
v -0.38096786 1.12209773 -0.35989234
v -0.37363583 1.09803534 -0.39067394
v -0.35931063 1.13050616 -0.39949080
v -0.33978319 1.13170457 -0.42860058
v -0.34967631 1.11054897 -0.42424488
v -0.32507378 1.12525296 -0.45098013
v -0.33429986 1.09466362 -0.45262545
v 0.11368385 0.02024388 0.37458906
v -0.15887819 1.18065429 -0.54308808
v 0.17159265 -0.48047826 0.09484762
v 0.19524148 -0.49734518 0.08631846
v 0.20836455 -0.43972167 0.14598371
v 0.14141050 -0.50495279 0.04045395
v 0.14810050 -0.46442255 0.10345487
v -0.02806966 -0.44751868 0.05417565
v -0.39288855 0.30709800 0.51963782
v -0.28595620 -0.10654277 -0.20124574
v -0.28167713 -0.02364501 -0.21637210
v -0.31933200 -0.08552903 -0.16891441
v 1.00359905 -0.28655526 0.03453708
v -0.31315720 1.08375871 -0.48332506
v -0.42851913 -0.14341030 -0.01623686
v -0.44656551 -0.08173344 -0.03823814
v -0.86093676 -0.19424960 0.43189096
v -0.94476783 -0.16326132 0.44580370
v -0.15462647 1.21888757 -0.52906054
v 0.35219175 0.15948556 0.40896022
v -0.16602342 0.36623147 0.39620847
v 0.54661947 -0.79157388 -0.16608179
v -0.48479855 -0.06792977 -0.01354330
v 0.50397360 -0.76803255 -0.14373535
v -0.46652496 -0.12673619 0.00749005
v -0.35249931 -0.06420150 -0.13758701
v -0.34562647 -0.13999042 -0.11897819
v 0.09326817 -0.50392413 -0.00464401
v -0.09284960 0.29362559 0.42596418
v 0.37587714 1.01189709 -0.47245026
v -0.62599319 0.01150376 0.05902974
v -0.61621761 -0.04435256 0.06906177
f 1 2 3
f 4 2 5
f 2 4 6
f 7 8 1
f 9 5 10
f 11 7 12
f 13 14 15
f 16 17 14
f 18 14 19
f 15 20 13
f 15 21 22
f 20 15 23
f 24 25 26
f 27 28 29
f 30 31 25
f 32 33 34
f 35 36 32
f 37 33 38
f 39 32 40
f 40 34 41
f 34 42 43
f 33 37 42
f 44 45 46
f 47 40 48
f 49 39 47
f 39 49 50
f 51 52 53
f 54 55 51
f 56 57 55
f 58 52 59
f 55 54 56
f 60 61 62
f 63 19 61
f 64 65 66
f 65 67 68
f 66 68 69
f 70 65 71
f 72 64 73
f 71 64 74
f 69 75 66
f 54 76 77
f 78 79 76
f 51 80 54
f 76 80 78
f 81 80 53
f 82 83 84
f 84 85 82
f 86 87 88
f 87 89 84
f 88 83 90
f 82 91 83
f 21 17 92
f 17 16 82
f 93 94 95
f 96 97 95
f 95 98 93
f 99 100 101
f 95 99 96
f 94 102 99
f 103 104 57
f 105 59 106
f 107 108 104
f 109 110 111
f 112 113 101
f 114 112 111
f 113 115 96
f 116 117 113
f 12 1 118
f 119 12 120
f 121 122 118
f 123 121 3
f 124 119 125
f 126 11 127
f 127 124 128
f 129 130 131
f 125 130 128
f 131 132 129
f 130 129 133
f 134 123 6
f 12 119 11
f 132 131 120
f 135 7 126
f 136 98 134
f 123 134 115
f 136 134 137
f 87 86 138
f 86 88 139
f 140 89 107
f 105 106 138
f 107 141 140
f 110 62 114
f 142 23 143
f 143 112 142
f 62 20 142
f 105 138 144
f 145 146 144
f 59 105 58
f 146 147 58
f 148 145 149
f 139 148 86
f 138 108 87
f 150 103 56
f 121 123 117
f 129 150 77
f 120 122 132
f 89 140 85
f 140 151 92
f 98 136 152
f 93 152 153
f 152 154 155
f 156 151 157
f 23 22 156
f 143 156 116
f 158 117 157
f 117 158 121
f 159 158 141
f 143 116 112
f 160 159 103
f 104 159 107
f 103 150 160
f 122 158 160
f 161 162 27
f 26 28 163
f 29 164 27
f 165 166 167
f 168 169 165
f 167 170 165
f 171 172 173
f 174 175 172
f 176 171 177
f 173 166 178
f 178 179 173
f 74 72 163
f 26 72 24
f 163 162 180
f 181 161 182
f 183 181 184
f 164 185 182
f 184 186 183
f 31 187 29
f 188 189 190
f 188 191 192
f 190 193 194
f 191 188 195
f 196 197 189
f 197 198 193
f 192 199 188
f 200 199 201
f 200 201 202
f 203 204 205
f 204 206 202
f 202 207 200
f 208 207 209
f 203 210 204
f 206 204 211
f 212 213 214
f 215 214 216
f 217 212 215
f 218 219 217
f 213 212 220
f 221 215 222
f 223 224 214
f 223 213 225
f 224 223 226
f 227 228 220
f 200 196 199
f 197 196 208
f 229 71 230
f 231 232 233
f 233 70 229
f 232 67 70
f 171 176 231
f 233 234 231
f 229 235 233
f 170 167 216
f 194 236 50
f 195 190 237
f 238 239 43
f 240 238 45
f 67 232 241
f 177 242 176
f 243 244 245
f 218 246 247
f 244 248 247
f 247 249 218
f 244 250 248
f 251 243 252
f 253 243 254
f 243 253 244
f 252 245 255
f 255 256 252
f 257 258 238
f 238 240 257
f 259 258 260
f 239 258 261
f 50 35 39
f 237 194 262
f 24 73 263
f 263 30 24
f 67 241 264
f 242 177 265
f 172 171 174
f 36 35 198
f 266 267 268
f 268 210 269
f 270 211 266
f 271 203 272
f 205 201 272
f 273 274 192
f 230 275 229
f 264 242 276
f 68 264 277
f 278 44 279
f 37 280 46
f 281 279 282
f 38 283 37
f 185 284 184
f 284 260 186
f 45 44 240
f 285 217 221
f 246 218 285
f 221 286 285
f 287 288 209
f 209 206 287
f 289 208 290
f 290 283 289
f 291 283 288
f 292 288 293
f 294 291 292
f 252 295 251
f 296 297 251
f 298 296 299
f 278 300 181
f 162 161 301
f 279 281 278
f 181 183 278
f 302 222 175
f 222 303 221
f 304 305 303
f 275 305 235
f 235 304 234
f 303 222 304
f 306 307 308
f 303 307 286
f 234 302 174
f 230 74 180
f 226 168 224
f 255 246 309
f 256 255 310
f 286 311 309
f 211 270 287
f 299 295 312
f 36 198 38
f 198 197 289
f 266 268 299
f 261 48 239
f 180 313 230
f 275 313 305
f 270 312 293
f 314 292 315
f 248 220 249
f 316 282 294
f 283 291 280
f 317 313 301
f 313 317 308
f 301 300 317
f 312 270 299
f 312 256 315
f 311 314 310
f 292 314 294
f 308 316 306
f 307 306 311
f 317 281 316
f 4 5 318
f 319 185 187
f 185 319 284
f 318 320 4
f 320 154 137
f 154 320 321
f 79 322 133
f 210 203 323
f 324 325 326
f 325 324 327
f 326 328 324
f 328 326 329
f 330 331 332
f 333 330 334
f 335 336 337
f 338 339 340
f 341 342 336
f 337 343 335
f 344 345 339
f 346 347 348
f 346 349 350
f 349 346 351
f 348 352 353
f 347 354 352
f 355 356 357
f 357 358 359
f 360 361 362
f 359 361 363
f 356 364 358
f 365 366 367
f 367 368 365
f 365 369 370
f 371 372 373
f 368 374 369
f 375 376 377
f 378 379 380
f 381 382 383
f 379 384 385
f 379 378 384
f 379 386 383
f 386 379 387
f 388 389 390
f 388 391 389
f 392 393 389
f 391 388 394
f 395 396 390
f 397 398 399
f 399 400 397
f 400 399 401
f 402 403 404
f 399 403 405
f 406 407 408
f 409 406 410
f 411 412 413
f 414 415 411
f 415 416 412
f 412 417 408
f 418 413 419
f 420 421 422
f 422 423 420
f 420 424 425
f 423 422 426
f 427 428 429
f 430 431 432
f 433 434 431
f 429 435 427
f 431 430 433
f 434 433 436
f 437 438 439
f 439 440 437
f 441 442 437
f 443 441 444
f 445 446 441
f 444 447 443
f 448 449 450
f 449 448 451
f 452 453 454
f 455 448 456
f 457 452 458
f 459 460 461
f 461 462 463
f 462 460 464
f 336 335 341
f 465 466 467
f 468 469 470
f 468 471 472
f 470 473 474
f 474 475 470
f 470 476 468
f 477 478 479
f 480 481 482
f 483 484 481
f 485 483 480
f 483 485 486
f 480 487 485
f 488 489 490
f 489 491 492
f 491 489 493
f 494 495 492
f 496 488 497
f 498 494 499
f 500 501 502
f 502 503 500
f 504 505 502
f 506 503 507
f 505 504 508
f 509 504 510
f 402 511 512
f 513 514 512
f 512 515 513
f 515 516 517
f 516 515 518
f 519 520 521
f 522 523 524
f 525 526 520
f 527 521 528
f 523 522 529
f 521 523 530
f 531 532 533
f 533 534 535
f 532 536 534
f 532 531 537
f 533 538 531
f 535 539 533
f 540 541 542
f 543 544 545
f 546 547 544
f 548 549 545
f 545 550 543
f 551 548 541
f 552 553 554
f 555 556 557
f 554 555 558
f 556 555 559
f 560 552 561
f 562 563 560
f 564 565 566
f 567 568 564
f 569 567 570
f 568 567 571
f 566 572 564
f 573 574 575
f 574 573 576
f 576 577 574
f 574 578 579
f 580 581 582
f 581 583 576
f 584 585 586
f 587 584 588
f 588 586 589
f 590 591 592
f 585 593 590
f 586 590 594
f 393 392 595
f 596 597 598
f 391 599 392
f 600 393 601
f 69 277 602
f 603 425 276
f 425 603 420
f 75 69 604
f 604 602 605
f 434 606 429
f 607 608 609
f 610 611 612
f 612 613 610
f 608 607 614
f 613 612 615
f 616 617 618
f 617 616 619
f 618 338 616
f 620 621 622
f 623 620 624
f 617 625 622
f 626 627 628
f 582 629 580
f 628 630 631
f 626 632 633
f 633 634 626
f 628 635 626
f 636 637 638
f 637 636 639
f 640 641 642
f 642 636 643
f 644 645 646
f 646 643 644
f 646 647 648
f 649 355 650
f 651 649 652
f 650 357 653
f 654 655 656
f 657 658 656
f 659 660 657
f 661 659 655
f 656 662 654
f 655 654 663
f 656 664 662
f 665 666 667
f 667 668 669
f 670 667 671
f 666 370 668
f 370 666 672
f 673 674 675
f 676 677 678
f 679 680 676
f 681 682 674
f 682 683 678
f 684 685 686
f 686 687 688
f 687 689 690
f 691 692 693
f 693 684 694
f 695 696 697
f 698 699 700
f 701 700 702
f 703 702 695
f 697 699 704
f 705 706 698
f 707 708 709
f 708 707 710
f 711 707 712
f 712 709 713
f 714 715 716
f 717 716 718
f 719 720 721
f 722 723 719
f 724 725 726
f 727 719 728
f 728 721 729
f 730 731 31
f 732 572 733
f 733 734 735
f 736 737 738
f 732 739 740
f 739 732 741
f 742 662 743
f 743 744 745
f 746 747 748
f 749 750 751
f 748 752 746
f 753 754 755
f 754 753 756
f 748 753 757
f 758 759 760
f 761 762 760
f 763 758 764
f 758 763 765
f 759 758 766
f 767 764 768
f 769 447 770
f 771 772 769
f 440 773 444
f 774 771 775
f 771 774 776
f 776 777 771
f 778 779 780
f 781 782 778
f 783 784 785
f 780 784 397
f 784 783 398
f 782 786 779
f 767 785 787
f 561 554 788
f 789 560 790
f 788 791 561
f 792 789 793
f 794 795 796
f 797 796 798
f 799 794 797
f 800 801 802
f 803 804 800
f 796 801 805
f 806 807 808
f 807 809 810
f 811 812 813
f 813 806 814
f 808 810 815
f 816 817 818
f 819 820 816
f 821 817 822
f 823 824 820
f 825 819 826
f 826 816 827
f 828 829 830
f 831 832 833
f 834 835 830
f 836 828 837
f 836 838 828
f 832 839 840
f 830 839 834
f 841 842 843
f 842 841 844
f 843 845 841
f 846 847 848
f 849 850 846
f 846 851 849
f 848 852 853
f 854 852 855
f 848 853 846
f 856 857 858
f 857 859 860
f 859 857 861
f 862 863 860
f 858 864 856
f 865 866 867
f 868 865 869
f 867 870 631
f 871 872 866
f 873 874 875
f 874 876 877
f 878 497 874
f 879 880 881
f 874 873 878
f 882 883 884
f 882 885 886
f 887 888 884
f 885 882 889
f 890 891 892
f 893 894 895
f 892 896 890
f 897 898 899
f 898 900 901
f 897 902 903
f 904 905 901
f 902 897 906
f 907 908 909
f 910 911 912
f 910 913 911
f 908 914 911
f 915 907 916
f 917 918 919
f 611 920 609
f 609 921 607
f 918 917 571
f 922 923 924
f 919 921 925
f 919 926 917
f 926 919 927
f 928 929 930
f 931 932 933
f 934 932 935
f 932 934 930
f 936 937 931
f 938 933 939
f 940 941 942
f 941 943 944
f 945 946 944
f 942 947 940
f 948 949 940
f 950 254 951
f 952 253 950
f 31 30 730
f 139 90 953
f 954 91 955
f 955 956 954
f 668 372 957
f 365 370 366
f 958 959 960
f 961 962 963
f 964 965 960
f 963 966 961
f 967 968 969
f 935 937 969
f 970 971 972
f 969 970 935
f 968 967 973
f 971 970 974
f 973 975 968
f 449 976 454
f 977 978 979
f 979 980 977
f 977 981 982
f 983 981 984
f 985 986 987
f 988 989 985
f 987 990 985
f 985 859 988
f 991 992 987
f 987 993 991
f 993 994 995
f 996 997 998
f 999 996 1000
f 998 1001 1002
f 1003 1001 1004
f 1005 1006 1003
f 662 742 1007
f 1008 1009 1007
f 1007 1010 1008
f 742 1011 1010
f 743 1012 742
f 1013 1014 1015
f 679 780 1014
f 48 1016 47
f 1017 49 1018
f 1018 1019 1017
f 1019 1018 1020
f 1021 1022 1023
f 1023 1024 1021
f 1021 1025 1026
f 1026 1027 1021
f 1023 1028 1029
f 1028 697 1030
f 697 1028 695
f 1031 1032 1033
f 1034 1035 1033
f 1036 1034 1037
f 1038 1036 1039
f 1032 1040 1037
f 1041 596 1042
f 1041 1043 1044
f 1044 597 1041
f 599 1045 598
f 1046 597 1047
f 1047 1044 1048
f 1049 1020 1050
f 1051 1049 1052
f 1053 1049 1054
f 1054 1050 1055
f 1056 1057 1058
f 1059 1060 1061
f 1062 1063 989
f 1064 1062 988
f 989 1065 986
f 986 1066 993
f 1067 1068 1069
f 1068 1067 1070
f 1069 1071 1067
f 1072 1073 1069
f 1069 1074 1072
f 1068 1075 1074
f 1076 1077 794
f 1077 1078 795
f 1079 1080 1081
f 1082 1083 1084
f 1080 1085 1084
f 1086 1087 1088
f 1088 1082 1086
f 1085 1089 1086
f 1090 1091 1092
f 1093 1094 1092
f 1095 1093 1096
f 645 1090 647
f 1097 1098 1090
f 1097 1090 1099
f 1100 1101 1102
f 1103 1104 1101
f 1105 1106 1107
f 1106 1105 1108
f 1102 1106 1109
f 1110 1111 1112
f 1113 1114 1112
f 1112 1115 1110
f 1116 1115 905
f 1117 906 1113
f 1118 1113 1119
f 1120 1117 1118
f 1121 1122 1123
f 1124 1125 1122
f 1123 1126 1121
f 1127 1128 1123
f 1123 1129 1127
f 1130 1131 1132
f 1133 1134 1135
f 1135 1130 1136
f 1137 1138 1139
f 1140 1137 1141
f 786 782 1142
f 1143 1144 1145
f 1142 1146 786
f 1144 1143 1147
f 1148 1143 683
f 1149 1150 1151
f 1152 1153 1154
f 1153 1155 1151
f 1154 1156 1152
f 1150 1157 1154
f 1150 1149 1158
f 1158 1159 1150
f 1160 1161 665
f 672 1161 1162
f 1161 1160 1163
f 665 1164 1160
f 1164 665 670
f 1165 1038 1166
f 1166 1039 1167
f 688 690 1032
f 690 1168 1040
f 49 1017 262
f 262 1169 237
f 1170 1169 1171
f 1172 1173 1174
f 1173 1172 1175
f 1176 1177 1178
f 1175 1177 1179
f 1177 1176 1180
f 1178 1172 1181
f 419 407 1181
f 1182 1183 406
f 1184 1185 649
f 1027 703 1022
f 1186 1187 1188
f 1189 1186 1190
f 1186 1189 1191
f 1190 1188 1192
f 1188 1193 1194
f 1193 1195 1196
f 1187 1197 1193
f 1198 1199 1200
f 1200 1201 863
f 1202 1203 1204
f 1200 1205 1198
f 1206 1207 1208
f 1208 1209 1206
f 1210 1211 1212
f 1213 1214 1215
f 1214 1134 1207
f 1207 1206 1215
f 1216 1131 1213
f 1141 1139 1216
f 1131 1130 1214
f 1217 1218 1219
f 1217 1220 1221
f 1219 1222 1223
f 1224 1219 1225
f 1219 1224 1217
f 1218 1226 1222
f 1227 1228 638
f 1229 1230 1228
f 572 566 734
f 1231 736 1232
f 740 570 732
f 1233 1234 1235
f 1235 1236 1233
f 1237 1238 1239
f 945 1239 1240
f 1241 1242 1243
f 1244 1245 1246
f 1242 1247 1246
f 1248 1249 1241
f 1247 1242 1250
f 825 1251 1252
f 1251 825 1253
f 819 825 1254
f 1252 1255 1256
f 1257 1258 1259
f 1259 1260 1257
f 1257 1261 81
f 1262 1263 1264
f 1265 1266 227
f 225 228 1267
f 1267 1266 1268
f 1266 1265 1269
f 1270 1271 1272
f 1273 1274 1275
f 1275 1276 1273
f 1277 1270 1278
f 1279 1280 1272
f 1281 1282 1283
f 1284 1285 1282
f 1286 1287 1288
f 1289 1290 1286
f 1290 1291 1287
f 1292 1293 1294
f 1294 1295 1292
f 1296 1297 1292
f 1298 1299 1300
f 1301 1302 1303
f 1304 1305 1303
f 1303 1306 1301
f 1302 1307 1308
f 1309 1304 1308
f 1302 1301 1310
f 1311 195 1312
f 195 1311 191
f 318 9 1313
f 1314 1315 1316
f 1313 1317 318
f 1317 1313 1318
f 1319 1314 1320
f 501 500 1321
f 500 1322 1323
f 1324 1325 1326
f 1325 1327 1323
f 1327 1328 1321
f 1329 1330 1331
f 1332 1333 1331
f 1334 1335 1336
f 1337 1329 1335
f 1338 1339 1332
f 1331 1340 1332
f 1341 1342 1343
f 1344 456 1345
f 1346 1341 453
f 1342 1341 1347
f 456 450 1343
f 935 972 934
f 972 1348 1349
f 1350 1351 1352
f 1353 1352 1354
f 1351 1355 1356
f 1352 1356 1357
f 1358 1351 1359
f 1351 1358 1355
f 508 1360 505
f 1361 1362 1363
f 880 879 1364
f 1365 1366 1364
f 1367 1368 496
f 496 880 1367
f 1366 1365 1369
f 1364 1370 1365
f 1371 1372 1373
f 1374 749 1375
f 1376 1377 1374
f 1378 1374 1379
f 1379 1375 1380
f 752 1381 751
f 1221 1382 1217
f 1382 1383 1218
f 1384 1385 1386
f 1387 1384 1388
f 1389 1390 1391
f 1388 1386 1392
f 1393 1391 1394
f 1048 1395 1396
f 1397 1048 1398
f 1395 1399 1400
f 1401 1402 1400
f 1048 1403 1395
f 1404 1405 1406
f 1406 1407 1408
f 1409 1410 1411
f 1405 1404 1412
f 1405 1413 1407
f 1414 1415 1416
f 1417 1416 1418
f 1308 1419 1309
f 1418 1419 1420
f 1415 1421 1309
f 1422 1423 1424
f 1424 1393 1425
f 1391 1393 1389
f 1389 1423 1426
f 1027 1026 1427
f 1428 904 1427
f 1427 1429 1428
f 1430 1429 1431
f 1432 1082 1433
f 1434 1433 1435
f 1436 1437 1438
f 1438 1439 1440
f 1441 1439 1442
f 1443 1444 1436
f 1445 1446 1447
f 1448 1449 1450
f 1446 1451 1448
f 1446 1445 953
f 1451 1446 956
f 1238 1237 1452
f 944 1237 945
f 1452 1453 1238
f 1452 943 1454
f 1455 1456 1457
f 1458 601 1456
f 1047 1459 1046
f 1460 1458 1455
f 1461 1462 1463
f 1463 1464 653
f 1461 1465 1466
f 1465 1461 363
f 1462 1461 1467
f 1468 1436 1469
f 1470 1443 1468
f 1471 1472 1128
f 1472 1473 1474
f 1475 1471 1476
f 1126 1472 1477
f 1478 1479 1480
f 1480 1481 1478
f 1482 1483 1484
f 1485 1486 1487
f 1488 525 519
f 521 527 519
f 519 1489 1488
f 525 1488 1490
f 526 525 1491
f 1492 1493 1494
f 1494 1495 1496
f 1497 1495 1498
f 1499 1500 1501
f 1500 1502 1492
f 1501 1492 1503
f 1503 1494 1504
f 1505 1506 274
f 271 272 1507
f 1508 1509 1510
f 1510 1511 1508
f 1512 1513 1510
f 1514 1515 1510
f 1509 1516 1514
f 1517 1518 1519
f 1520 1521 1522
f 1519 1523 1517
f 1523 1524 1522
f 1522 1525 1520
f 1526 1527 1528
f 1528 1529 334
f 1527 1530 1529
f 1531 1532 1533
f 1534 333 1532
f 1530 1535 1533
f 1536 1531 1537
f 1538 1539 486
f 1540 1541 1542
f 1543 1544 1538
f 484 483 1541
f 1545 1544 385
f 1546 1545 1547
f 1548 1547 1549
f 1547 1548 1546
f 982 1550 977
f 1550 1551 978
f 1552 1553 1554
f 978 1555 1556
f 1554 1555 1557
f 1558 1550 1559
f 1560 664 1561
f 664 1560 744
f 660 1562 658
f 1562 1563 1561
f 1561 1164 1560
f 438 1564 1565
f 1566 1567 1565
f 1568 1566 1569
f 1570 1571 1572
f 1573 1574 1575
f 1576 1572 1577
f 1571 1578 1575
f 1579 1580 1221
f 1581 1411 1582
f 1412 1583 1405
f 1584 1409 1581
f 1581 1585 1584
f 1582 1413 1586
f 1582 1587 1581
f 1587 1582 1588
f 1589 1590 1591
f 1592 1593 1590
f 1590 1594 1595
f 1592 1590 1596
f 1597 1593 1598
f 1599 1600 1601
f 1601 1602 1599
f 1603 1604 1605
f 1606 1600 1607
f 1600 1599 1608
f 1600 1606 1605
f 339 338 344
f 621 1609 618
f 342 1610 340
f 1542 1611 1540
f 1611 1612 1613
f 1614 1615 1616
f 1615 1617 1613
f 1545 1546 1542
f 1544 1545 1539
f 1541 1540 484
f 1197 1187 1618
f 1187 1186 1619
f 1620 1621 1619
f 1618 1622 1197
f 1623 1624 1625
f 1623 1504 1609
f 1504 1623 1503
f 1624 1623 621
f 1626 1501 1625
f 1627 1626 1628
f 1629 1627 1630
f 1631 1632 1633
f 1632 1631 1634
f 1635 1632 1636
f 1637 1638 1639
f 1633 1637 1640
f 1638 1637 1635
f 1310 1641 1302
f 1420 1307 1642
f 1267 1643 225
f 1268 1644 1267
f 168 226 1645
f 1646 1647 1648
f 1648 1649 1646
f 1650 1651 1646
f 1648 1652 1653
f 1654 1652 1655
f 1656 1657 1654
f 1658 1659 1184
f 1660 1184 651
f 1661 1658 1660
f 651 1662 1660
f 1663 1664 1665
f 1665 1666 1667
f 757 755 1668
f 1664 1669 1666
f 1670 1671 1663
f 1665 1672 1663
f 1673 1674 1675
f 1676 1673 1677
f 1678 1679 1676
f 1679 1680 1673
f 1677 1339 1676
f 1681 1682 1683
f 1684 1682 1426
f 611 610 1684
f 920 611 1685
f 1426 1686 1684
f 1326 1687 1324
f 1688 1689 1690
f 1689 1688 1147
f 1691 1688 1692
f 1690 1687 1693
f 1192 1694 1190
f 1695 1696 1694
f 342 341 1194
f 1697 1698 1190
f 1699 1700 1412
f 1699 1701 1700
f 1586 1583 1702
f 1703 1702 1704
f 1705 1706 1707
f 1708 1709 1706
f 1710 1707 1711
f 1712 1713 1714
f 1715 1714 1716
f 1717 1334 1718
f 1719 1337 1334
f 1720 1719 1717
f 1719 1720 1721
f 1722 1717 1723
f 1717 1722 1720
f 1724 1725 1726
f 1727 1728 1729
f 1728 1730 1724
f 1731 1732 1733
f 1734 1735 1727
f 1736 1387 1737
f 1418 1736 1417
f 1392 1738 1388
f 1739 1740 1741
f 1740 1739 1742
f 1743 1744 1745
f 1111 1743 1119
f 1746 1118 1745
f 1742 1746 1740
f 1747 1748 1749
f 1750 1747 1751
f 1752 1747 1753
f 1754 1755 1749
f 1756 1754 1757
f 1758 1757 1759
f 1757 1758 1756
f 1760 1761 1762
f 1122 1763 1124
f 1763 1764 1762
f 1765 889 1760
f 1125 1124 1766
f 1498 1767 1497
f 1768 1767 1769
f 1767 1498 1770
f 1495 1497 1771
f 1772 1773 1774
f 1767 1768 1774
f 1775 1776 1777
f 1776 1778 1779
f 1777 1779 1408
f 1780 1781 1782
f 1778 1783 1782
f 1784 1785 354
f 1786 1787 1788
f 354 347 1784
f 1785 1784 1789
f 1787 1790 1791
f 1792 792 1793
f 793 790 1794
f 1794 1795 793
f 1796 1797 1792
f 1798 1792 1799
f 1800 1801 1802
f 1803 928 1804
f 1801 1805 1804
f 1806 1807 1808
f 1808 1809 1806
f 1810 1811 1812
f 1808 1813 1814
f 1807 1815 1813
f 1816 1817 1818
f 1819 1820 1821
f 1822 1820 1823
f 1817 1816 1822
f 1821 1816 1824
f 1821 1825 1819
f 597 1046 595
f 1826 600 1458
f 1827 1828 1829
f 1830 1831 1832
f 1828 1827 1833
f 1829 1834 1827
f 1829 1831 1835
f 1836 1837 1838
f 1837 1836 1839
f 1840 1841 1842
f 1838 1843 1836
f 1844 1845 1838
f 1846 1844 1847
f 1837 1848 1847
f 1849 1850 1851
f 1852 1853 1854
f 1855 1852 1850
f 1855 1850 1856
f 1857 1144 1858
f 1147 1859 1689
f 1860 1859 1148
f 550 1861 1862
f 1863 1864 1861
f 1865 1866 1867
f 1868 1869 1866
f 1870 1868 1865
f 1871 1867 1872
f 1610 342 1196
f 1873 1874 1875
f 1874 1753 1876
f 1753 1874 1752
f 1877 1878 1876
f 1879 1873 1880
f 1878 1881 1875
f 1882 1883 831
f 833 1884 831
f 1885 1882 1886
f 839 832 1887
f 1888 1889 1890
f 1891 1649 1892
f 1892 1889 1893
f 1653 1890 1648
f 1894 1895 1896
f 1066 1897 994
f 1898 1896 1661
f 1896 1897 1658
f 1899 1900 1901
f 1901 1902 1009
f 1009 1008 1901
f 1902 1903 663
f 1903 1902 1904
f 912 1905 1906
f 1907 1908 1909
f 1906 1909 1910
f 1906 1911 912
f 1910 1912 1906
f 1863 549 1913
f 1914 1915 548
f 1861 550 1863
f 1913 1916 1863
f 1917 1918 1919
f 1920 1921 1922
f 1919 1923 1917
f 1924 1925 1917
f 1919 1920 1926
f 1923 1919 1927
f 1897 1066 1659
f 1659 1065 1185
f 1183 1182 1928
f 1929 1182 409
f 1178 1928 1176
f 1928 1178 1183
f 1182 1929 1930
f 1931 1932 1930
f 1933 1934 1935
f 1934 1933 1936
f 1937 1933 1938
f 1939 1940 1935
f 1935 1941 1939
f 1941 1942 1943
f 1934 1944 1941
f 1945 1892 1946
f 1947 1945 1948
f 1949 1891 1945
f 1949 1945 1604
f 1111 1110 1950
f 1951 1952 1953
f 1110 1954 1953
f 1952 1951 1328
f 1955 1956 1954
f 474 478 1957
f 1958 1959 1960
f 478 477 1960
f 1960 1961 1958
f 1962 1963 384
f 1964 1548 1965
f 1421 1415 1965
f 1963 1421 1549
f 1965 1966 1964
f 1967 1693 1968
f 1969 1968 1970
f 1971 1236 1972
f 1693 1973 1972
f 1692 1690 1967
f 1974 1975 1976
f 1977 1978 1979
f 1979 1980 1977
f 1980 1979 1981
f 1926 1922 1974
f 1982 1974 1642
f 1974 1982 1926
f 1299 1983 1984
f 1985 1295 1986
f 1299 1984 1294
f 1986 1984 1987
f 1988 1985 1989
f 1989 1986 1990
f 1641 1310 1991
f 1992 1993 1994
f 1982 1991 1927
f 1310 1995 1994
f 1996 1997 1998
f 1999 2000 2001
f 2001 2002 1999
f 1996 2003 2004
f 2004 2005 1996
f 1998 2006 1996
f 2007 2008 1754
f 1754 1756 2007
f 2008 2007 2009
f 1686 2010 1685
f 927 925 2011
f 925 920 2012
f 2013 2014 1915
f 2015 2016 2014
f 2014 2017 1913
f 2013 2018 2014
f 1959 2019 1957
f 475 474 2020
f 2021 2022 2023
f 1707 1710 1705
f 2022 1708 1705
f 2023 2024 2021
f 2022 2021 2025
f 973 2026 2027
f 2028 2027 1034
f 2027 2028 973
f 2027 1244 1035
f 2026 2029 1244
f 2030 2031 2032
f 856 2033 2034
f 857 856 2035
f 2036 2037 2038
f 2037 2036 2039
f 2040 2041 2042
f 2042 2043 2040
f 2039 2044 2037
f 2045 2046 2047
f 1839 1841 2048
f 2046 2049 2050
f 2046 2045 1094
f 2047 2051 2045
f 1841 1840 2050
f 2051 2047 2052
f 1770 2053 875
f 2054 1768 2055
f 875 877 1770
f 877 2056 1769
f 2057 1780 2058
f 1163 2059 2058
f 1163 2058 1162
f 1970 1453 1969
f 1236 1235 1970
f 1785 2060 1791
f 2061 2062 2063
f 2064 2065 2062
f 2066 2064 2061
f 1169 1170 1312
f 2067 1005 2068
f 2068 2069 2067
f 2070 2071 2072
f 2072 2005 2070
f 2073 2002 2068
f 579 2074 1806
f 575 579 2075
f 2076 2077 1893
f 2078 2079 2076
f 2080 2077 153
f 1893 2081 2076
f 1604 1603 1949
f 1646 1891 1650
f 1651 1650 2082
f 1604 1947 1601
f 1607 1608 2083
f 2084 2085 2086
f 591 2087 2088
f 2086 2087 2089
f 1882 2086 1883
f 2086 1882 2084
f 2090 2091 2092
f 2093 2094 2090
f 2095 2096 2094
f 2097 2091 2098
f 2094 2093 2095
f 2090 2099 2093
f 2092 2100 2090
f 2101 2102 2103
f 2103 2104 2101
f 2101 2105 2106
f 2107 2108 2109
f 1591 1104 1589
f 2110 2111 1103
f 1596 1589 2112
f 2113 2114 2115
f 2115 2116 2117
f 2118 2119 2117
f 2119 2118 2120
f 2115 2119 2113
f 2121 2122 2117
f 2123 2124 2125
f 766 765 2126
f 2127 2128 2129
f 2130 2131 2128
f 405 2132 2133
f 403 402 2132
f 2134 2133 2135
f 2136 2137 514
f 2138 2139 2140
f 2141 2142 2138
f 2142 1377 2139
f 2141 2143 2144
f 2143 2141 2145
f 2142 2141 750
f 565 1442 2146
f 2147 1232 2148
f 568 1441 565
f 1639 2149 2150
f 2150 2151 2152
f 2150 2153 1639
f 1523 1519 2154
f 2154 2155 1523
f 2155 2154 416
f 2156 2157 2158
f 2158 2159 2156
f 1519 2160 2158
f 489 488 2161
f 2162 741 756
f 735 2163 733
f 741 2162 739
f 739 2143 2164
f 1156 2165 2166
f 2167 1924 2165
f 1157 2167 1156
f 2168 2169 1790
f 2170 2171 2169
f 2172 2173 1045
f 1045 599 2172
f 1043 1041 2174
f 2175 2176 2177
f 2178 2179 2180
f 2181 2182 2176
f 2183 2181 2175
f 2184 2175 2185
f 2186 2187 2188
f 2189 2190 2191
f 2191 2192 2189
f 2193 2186 2194
f 2195 2196 2197
f 908 907 2198
f 2197 2199 2195
f 907 915 2197
f 914 908 2200
f 435 2201 2202
f 2203 2204 2205
f 2205 1383 2203
f 1990 1987 2206
f 2207 2204 1987
f 2208 1990 1580
f 1711 2209 1710
f 2024 2023 2210
f 2209 2211 2210
f 2211 2209 2039
f 2212 2213 2214
f 2214 2215 2212
f 2216 2217 2218
f 2219 2220 2221
f 2222 2223 2220
f 2220 2219 2222
f 2224 2225 2226
f 2227 2228 2229
f 2226 2230 2224
f 2230 2226 2231
f 2225 2232 2229
f 2225 2224 269
f 2233 2234 2235
f 2234 2159 2236
f 2237 2238 2236
f 2233 2239 1657
f 2235 2240 2233
f 2241 2242 1939
f 1939 1943 2241
f 2243 2244 2245
f 2244 2246 2247
f 2245 2247 2248
f 2249 2250 2251
f 2252 1824 2249
f 2248 2250 1818
f 322 79 2253
f 128 322 2254
f 2255 2256 2257
f 1261 2257 78
f 2257 1261 2255
f 2258 1469 2259
f 1469 2258 1468
f 1469 1438 2260
f 2261 2262 2259
f 2263 2258 2264
f 2260 1440 2265
f 2265 2261 2260
f 1569 2266 1568
f 2267 2268 1568
f 1731 2267 2269
f 2270 2269 2271
f 1564 2272 1569
f 2271 2266 2273
f 2274 2275 2204
f 1983 2274 2207
f 2205 2276 2277
f 2278 2279 2275
f 2280 2281 2274
f 2278 2275 1211
f 2282 2283 2085
f 592 2088 2284
f 2285 2286 2287
f 2288 2289 2290
f 2291 2289 2292
f 2286 2285 2291
f 852 2290 2293
f 854 2288 852
f 2290 2285 2294
f 1881 2295 1880
f 2296 2297 2298
f 2295 2299 2300
f 1880 2300 1879
f 2301 2302 2303
f 2304 2305 2302
f 2305 2304 2306
f 2304 2307 2308
f 2307 2304 2301
f 1336 1333 1677
f 1718 1336 1675
f 2309 2310 2311
f 638 2310 1227
f 2096 2312 2098
f 2313 2314 2095
f 2315 2316 2317
f 2317 2318 1536
f 2316 2319 2318
f 2318 1534 1531
f 2320 2321 2316
f 2316 2315 2320
f 178 169 2322
f 962 2323 2324
f 962 961 2323
f 2323 1054 2325
f 1053 1054 2326
f 2327 2328 2325
f 2329 603 265
f 2330 2329 179
f 2331 2332 2333
f 2334 2331 2335
f 2336 2337 2333
f 2338 2339 2340
f 2341 2336 2339
f 2342 2343 2344
f 2345 463 2346
f 464 2342 462
f 2347 2348 2345
f 2346 2349 2345
f 2350 2351 2352
f 2280 2353 2350
f 2354 2355 2351
f 2353 2280 1983
f 2281 2280 1209
f 2356 2357 1385
f 2357 2358 1394
f 2359 606 2360
f 2360 2361 2362
f 2360 2363 2359
f 2364 345 1771
f 345 344 1496
f 1771 1773 2364
f 2365 2366 2367
f 2367 2368 1354
f 2366 2369 2368
f 2366 2365 715
f 2370 2371 2372
f 2373 2370 2374
f 2375 2000 2370
f 2376 2371 1999
f 2377 2006 2378
f 2378 2375 2373
f 1298 2353 1299
f 2354 1298 2379
f 1515 2380 1512
f 2381 1513 2382
f 2383 2381 2384
f 1515 2385 2380
f 2384 2382 2386
f 2387 2388 1097
f 1097 1099 2387
f 2389 1091 2390
f 1955 1954 1116
f 1355 2391 2063
f 2391 2392 2393
f 2394 2061 2393
f 389 2395 2396
f 2395 2397 2398
f 393 600 2395
f 2399 2400 2401
f 1225 2402 1224
f 2402 2403 2404
f 2400 1220 2404
f 2401 2386 2399
f 2400 2399 2405
f 2406 2407 1985
f 2407 2406 2408
f 2408 1296 2407
f 1116 905 1428
f 901 2409 904
f 1955 1116 2410
f 2411 260 2412
f 2413 259 2411
f 2414 2415 2416
f 818 2417 2418
f 2417 2419 2416
f 2415 2420 2418
f 1656 2421 2234
f 2234 2233 1656
f 2422 2423 2424
f 2425 2426 2427
f 145 148 2424
f 2424 2426 145
f 2424 2428 2422
f 1499 2429 593
f 593 2430 591
f 860 990 862
f 2431 2432 2433
f 2434 2435 2436
f 2435 2437 2433
f 2438 2439 2434
f 2439 2440 2435
f 2441 1079 2442
f 2443 1701 1079
f 1079 2441 2443
f 2444 705 2445
f 705 2444 2446
f 706 705 2447
f 2448 1064 861
f 2449 2450 2451
f 2452 1330 2450
f 2453 2451 2454
f 2450 2455 2296
f 2298 2456 2296
f 992 991 2457
f 991 995 2458
f 2459 1204 2457
f 2458 2406 1988
f 1988 2459 2458
f 1159 1158 2460
f 1284 2461 2462
f 2463 2462 2464
f 2465 2466 1482
f 2467 1483 2196
f 2466 2465 2200
f 1484 1937 1482
f 1479 1478 2467
f 1507 2232 271
f 2468 2469 2470
f 929 928 2468
f 2471 1803 2472
f 1803 2471 2468
f 939 929 2470
f 2473 2474 2475
f 2476 2477 1671
f 2478 2479 2477
f 2475 2480 2473
f 2481 2482 2483
f 2483 2484 2481
f 2485 2482 2486
f 2487 2483 2488
f 2489 2490 2482
f 2482 2481 2489
f 619 1610 2491
f 343 337 2364
f 1683 2492 1681
f 1681 2493 2494
f 2492 1683 2495
f 2494 2496 1681
f 2432 2497 2436
f 2498 2499 2431
f 2499 2498 2500
f 2501 2499 2502
f 2497 2432 2501
f 2503 2431 2504
f 2193 2505 798
f 2505 910 2506
f 1911 797 2506
f 2194 2507 2193
f 798 805 2193
f 2508 2509 2510
f 2509 2508 1884
f 2510 2511 2508
f 1885 1886 2512
f 2513 2514 2515
f 2511 2510 2516
f 1122 1121 1763
f 1535 2517 1537
f 2518 2519 2520
f 2518 18 2521
f 2522 2523 2520
f 2520 2524 2522
f 2520 2525 2518
f 2526 2524 2396
f 1136 2527 1135
f 1136 1132 2528
f 2528 2529 1136
f 1135 2530 1133
f 782 781 1145
f 2531 692 958
f 2532 964 2533
f 692 691 959
f 2534 2535 2414
f 2420 2415 2536
f 2537 2414 2538
f 1417 1737 2539
f 1738 1392 2540
f 2539 1738 2541
f 1416 1417 1414
f 2541 2542 2539
f 2543 1283 2544
f 2545 1281 2543
f 2460 2461 2545
f 2461 1284 1281
f 2546 2547 711
f 2548 2549 2547
f 409 2546 1929
f 2200 2198 2466
f 2305 2467 2195
f 563 562 2550
f 560 789 562
f 562 2551 2552
f 2355 2354 2314
f 2553 2554 2555
f 2312 2096 2379
f 2555 2355 2313
f 2379 1300 2312
f 2556 2557 2558
f 2558 2559 2556
f 2560 2561 2556
f 2559 2558 2562
f 2563 2564 2565
f 2558 2566 2567
f 1203 1202 2568
f 2568 2569 1203
f 1203 2570 1198
f 2571 2572 2568
f 2573 2208 1579
f 1579 2571 2573
f 2208 2573 2574
f 2575 1775 2576
f 1775 2575 2577
f 2578 2576 1409
f 1408 1410 1777
f 2576 2578 2575
f 1768 2054 2579
f 2579 2580 2581
f 2581 1772 2579
f 2580 2441 2582
f 2054 2583 2580
f 2584 1191 2585
f 2584 1620 1191
f 1698 2586 1189
f 2586 2587 2588
f 363 1463 359
f 653 2589 650
f 821 2590 2419
f 822 2591 821
f 2592 2590 2593
f 824 2594 822
f 2419 2417 821
f 946 2595 942
f 2596 2597 2565
f 2598 2563 2599
f 2565 2566 2596
f 2597 2600 2599
f 2601 2602 2596
f 2603 2411 2604
f 1056 2413 2603
f 1057 1056 2605
f 2604 894 2603
f 2604 2412 896
f 374 886 373
f 2606 371 2607
f 327 1526 325
f 2608 2609 1526
f 2610 2608 327
f 2611 2612 2608
f 2613 2611 2610
f 2614 461 2348
f 2615 2614 2616
f 862 992 1205
f 1577 1574 2582
f 1574 1573 2581
f 2582 2442 1577
f 2617 2618 2619
f 1127 2617 2620
f 1129 1125 2617
f 2621 2619 2622
f 2623 2624 1213
f 2624 2625 1216
f 2625 2624 2626
f 2627 2628 660
f 2097 2629 2630
f 2098 2631 2097
f 2630 2632 2097
f 2632 2630 2633
f 2630 1898 2634
f 1896 1898 1894
f 2635 2282 2084
f 2084 1885 2635
f 2636 2637 2635
f 2283 2282 2638
f 2249 2639 2252
f 2640 1825 2641
f 2642 2641 2643
f 2251 2644 2249
f 1083 2645 1081
f 2646 2647 2648
f 2649 2650 2651
f 2650 1567 2652
f 440 439 2650
f 2647 1921 2652
f 868 575 2653
f 2653 2654 868
f 2653 2075 2655
f 2656 2657 1280
f 2657 2658 1278
f 1278 2659 1277
f 1280 1279 2656
f 2657 2656 2660
f 955 2523 2661
f 2523 91 2525
f 2293 2294 2662
f 2662 2663 2293
f 2663 2662 2664
f 2662 2665 2666
f 2667 2665 2287
f 1626 1627 2429
f 2033 2668 2032
f 864 2669 2033
f 2032 2670 2030
f 2113 2671 2672
f 2673 2672 2674
f 2675 2676 2677
f 2678 2679 2671
f 2671 2119 2678
f 2680 2681 2682
f 2185 2680 2184
f 2683 2684 2680
f 2175 2184 2183
f 2184 2682 2685
f 775 769 2686
f 2687 774 2688
f 1924 2167 2686
f 2686 2689 775
f 2686 770 1924
f 770 773 1925
f 1507 1506 2690
f 1506 1505 2691
f 2692 2693 2694
f 2692 2695 2696
f 2696 2697 2692
f 2694 2140 2692
f 2693 2698 2699
f 2699 2700 2164
f 2694 2699 2145
f 910 2505 913
f 675 1744 673
f 1744 675 1741
f 680 2701 677
f 674 673 681
f 673 1743 1950
f 2702 2703 2542
f 1415 1414 1966
f 1108 2704 2705
f 2705 2706 1108
f 2707 2704 2708
f 148 139 2428
f 2709 2710 2634
f 2634 1661 2709
f 2711 510 2712
f 2713 2714 2712
f 2712 501 2713
f 2715 2716 2717
f 2718 2719 2715
f 2720 2715 2721
f 2717 2722 2723
f 2722 2724 2725
f 2724 2722 2726
f 1674 2727 2728
f 2729 2292 2730
f 2727 2291 2729
f 2727 1674 2731
f 2728 2729 1723
f 2019 1959 1030
f 2732 2019 704
f 2733 2020 2732
f 2447 2732 706
f 2006 1998 2375
f 2734 2735 2736
f 2737 2738 2739
f 2740 2736 2741
f 2741 2742 2740
f 2743 2048 2744
f 2745 1839 2743
f 1839 2745 1837
f 2746 1830 2747
f 722 2748 2746
f 1831 1830 2749
f 2750 2746 2751
f 2752 2753 2747
f 2747 1832 2752
f 1832 1828 2754
f 2755 2756 1435
f 1434 2627 2757
f 2758 1433 2757
f 1434 2756 2627
f 2759 2755 1087
f 2755 2759 2760
f 2761 2227 2762
f 2227 2761 2563
f 2762 2690 2761
f 30 263 1061
f 604 2763 75
f 1794 791 2764
f 1485 2765 788
f 2766 2767 2765
f 2767 2768 2764
f 1459 1047 1397
f 1490 2769 2770
f 2770 2771 2772
f 1491 1490 2773
f 2774 2775 2769
f 2774 2769 2776
f 2764 2777 1794
f 2486 2778 2779
f 2488 2485 2780
f 2781 2780 2779
f 2782 2783 2490
f 773 440 2649
f 594 592 2784
f 589 594 2785
f 2786 2787 2788
f 2789 2788 2092
f 623 2100 2790
f 2787 1630 2790
f 2790 2791 623
f 834 2792 2786
f 1630 2787 1629
f 2791 1624 620
f 1624 2791 1628
f 2793 1361 2794
f 2794 1363 509
f 1361 2795 1362
f 2796 2795 2793
f 2797 2130 2127
f 2131 2130 2798
f 1858 2797 1857
f 427 2202 1443
f 350 2799 346
f 2800 619 2801
f 2801 2802 2800
f 1195 2803 2491
f 2804 1262 2427
f 2804 2805 2806
f 2427 2423 2804
f 2806 2807 2804
f 1258 2425 1264
f 2387 2808 2809
f 2810 2809 2612
f 2811 2388 2809
f 2808 2812 2813
f 1099 2814 2808
f 1209 1208 2281
f 2352 2815 2350
f 2816 2278 1210
f 2114 1253 2116
f 2817 2121 2818
f 2673 1251 2114
f 2819 2820 1349
f 2821 2822 2823
f 2823 2824 2825
f 2825 2826 2823
f 2826 2827 2828
f 2829 2821 2828
f 603 2329 421
f 2830 2831 681
f 2832 2833 2674
f 1256 2833 2834
f 2833 2832 2835
f 2674 2676 2832
f 1251 2673 1255
f 1843 2836 1842
f 1842 2837 1840
f 1670 2838 2839
f 1663 2840 1670
f 2839 2476 1670
f 2841 2842 2843
f 1712 2844 2842
f 2845 2846 2847
f 2846 2845 2439
f 2847 1835 2845
f 2848 2849 2850
f 2850 2440 2848
f 479 473 2851
f 2852 477 2853
f 2851 2854 479
f 2851 469 2030
f 469 468 2031
f 2855 2856 2857
f 2857 2858 2859
f 2856 2816 2858
f 2860 2861 1964
f 1964 2703 2860
f 1612 1611 2861
f 2862 1102 2863
f 356 355 1063
f 2766 1487 2306
f 2467 2305 1479
f 2864 2865 2866
f 2867 2868 2869
f 2866 2870 2864
f 2871 2867 2872
f 2870 2866 2873
f 1175 2874 1173
f 2875 2876 2754
f 2753 2752 2877
f 2877 2876 493
f 2814 1099 644
f 2517 2814 1230
f 1159 2689 1157
f 1894 2629 1297
f 2312 1293 2631
f 1688 1691 1858
f 2130 2797 2878
f 1692 2879 1691
f 2880 854 2881
f 854 2880 2288
f 847 2882 855
f 2883 2733 2447
f 2545 2687 2460
f 2884 2319 2885
f 2884 2886 333
f 2885 2321 2887
f 2262 2885 2264
f 2886 2884 2262
f 2888 2889 1844
f 2890 2807 2891
f 2889 2888 2806
f 1844 1846 2888
f 814 2891 813
f 906 1117 902
f 905 1114 899
f 2892 2893 2894
f 2895 1000 2892
f 2896 1869 2894
f 2893 1002 2897
f 546 2896 2897
f 547 546 2898
f 1929 711 2899
f 1879 2297 2900
f 2901 2118 2902
f 2903 2901 1075
f 2904 2577 2905
f 2577 2904 1775
f 2577 2906 2907
f 2908 2904 2909
f 2706 2705 2907
f 413 418 411
f 844 414 842
f 2910 2911 414
f 2912 2910 844
f 2454 2456 2913
f 2456 2298 2914
f 2915 2916 2299
f 2299 2295 2915
f 559 553 2917
f 563 2918 552
f 1963 1962 1305
f 2919 1306 378
f 2341 2919 380
f 2920 2921 2922
f 2923 724 1015
f 2924 725 2923
f 2922 2925 726
f 1015 2925 1013
f 2926 2927 2928
f 2929 2930 1179
f 2926 2931 2873
f 2932 2933 2930
f 2928 2104 2926
f 2934 2935 2936
f 2935 2937 2938
f 2935 2934 2939
f 2940 2941 2938
f 2941 939 2936
f 2936 2470 2934
f 876 495 2056
f 497 490 876
f 2942 2943 494
f 2944 2055 2943
f 2945 2946 2947
f 2553 2945 2948
f 2948 2947 2949
f 2950 1622 2951
f 2951 2952 2950
f 2946 2945 2953
f 1622 2950 2954
f 2955 2956 2957
f 2958 2959 2956
f 2956 2960 2961
f 2957 2961 999
f 2961 2962 996
f 2963 723 2964
f 2746 2750 722
f 2964 2750 2965
f 2748 722 727
f 2089 2430 2966
f 2966 1887 2089
f 2616 2967 2615
f 2348 2347 2616
f 2515 1467 2513
f 2099 624 2968
f 2093 2968 2969
f 2923 401 2924
f 2924 2134 2970
f 2133 2134 405
f 2542 2541 2702
f 441 443 445
f 777 2971 772
f 671 2972 2973
f 2974 2975 2976
f 2975 2974 1904
f 2976 2977 1615
f 2978 2977 2979
f 581 580 2980
f 2980 2981 2982
f 2982 2983 2980
f 2980 2984 581
f 2981 627 2985
f 627 2981 630
f 2638 2986 2283
f 2986 2987 2284
f 1062 1064 364
f 2988 362 2989
f 471 2989 2448
f 476 2988 471
f 2990 2991 1234
f 2991 2992 1240
f 2993 542 2994
f 2489 540 2993
f 2995 2996 2997
f 2504 2998 2503
f 2999 3000 3001
f 2503 2995 3002
f 2789 2633 3003
f 2633 2789 2632
f 1667 3004 1665
f 3005 3006 3007
f 2860 3008 3005
f 3007 1616 3005
f 3005 1612 2860
f 3009 3010 1318
f 3011 3012 3013
f 1602 3013 3014
f 3013 1948 3011
f 3014 3015 1599
f 3010 3009 3014
f 3016 2313 2969
f 2802 3016 3017
f 3018 2555 3016
f 3019 3020 3021
f 3022 3023 3024
f 3025 3024 3026
f 3027 3022 3025
f 3028 3029 1564
f 2273 2272 2102
f 3029 3028 3030
f 614 3031 569
f 571 923 568
f 607 918 3031
f 2464 1149 3032
f 3033 3032 3034
f 2948 2352 2553
f 3035 2151 3036
f 2177 2179 3037
f 2179 2178 3035
f 3036 3038 3035
f 1638 3039 2149
f 3038 3036 3040
f 2102 2101 2273
f 2106 3041 3042
f 3030 2109 3029
f 3042 2271 2106
f 2705 3043 2905
f 3043 3044 2909
f 3044 3043 2707
f 778 676 781
f 1014 1013 679
f 780 679 778
f 3045 2957 3046
f 3047 1722 2730
f 2730 3048 3047
f 1723 1718 2728
f 2658 3049 2659
f 2659 3050 2734
f 3050 3051 2735
f 3052 3049 3053
f 3051 3050 3052
f 3054 3055 3056
f 3055 2879 3057
f 3055 3054 2798
f 3058 3054 3059
f 3057 3060 3061
f 3061 3062 3057
f 2998 3063 2995
f 2996 2135 3001
f 3064 459 2614
f 2614 2615 3064
f 2136 2999 2137
f 3065 3066 2999
f 2999 2136 3065
f 1800 2819 3067
f 1349 3068 2819
f 3069 3067 3070
f 3067 3071 3072
f 537 3071 3073
f 3074 2852 3075
f 3076 1470 3077
f 432 428 3076
f 3078 3076 3079
f 3079 3077 2263
f 593 585 1499
f 1501 1626 1499
f 3076 3078 432
f 3080 3078 3081
f 3082 430 3083
f 3084 3083 3080
f 3085 1931 2899
f 2899 712 3085
f 3086 3087 3085
f 3004 1667 3088
f 1137 1140 3089
f 1869 2896 1862
f 3090 3091 1823
f 3092 1822 3093
f 3094 3092 3095
f 3096 3091 3097
f 3091 3096 3093
f 3098 2495 2696
f 3099 3100 3101
f 3006 3102 3099
f 3102 3098 3100
f 2698 2693 615
f 614 2698 608
f 615 2697 613
f 3103 126 3104
f 1457 1459 3105
f 3106 1457 3107
f 3105 1397 639
f 497 878 496
f 3108 3109 3110
f 3111 3112 3109
f 3109 1855 3111
f 3113 3114 3115
f 1631 3116 3117
f 1634 3117 3118
f 3117 2560 3119
f 3116 3120 2560
f 3121 3122 3116
f 1989 2574 1988
f 2756 2755 3123
f 508 1362 1360
f 2991 2990 3124
f 3124 3125 2991
f 3126 2219 3127
f 3128 812 3127
f 3129 3126 3130
f 3127 2221 3128
f 1400 3131 1401
f 1399 3132 3131
f 1403 3133 1399
f 3134 3135 3136
f 3137 3138 3134
f 3138 3137 3139
f 3135 3138 2584
f 3134 976 3137
f 619 2800 617
f 2215 2214 3140
f 3141 3142 2223
f 2223 2222 3141
f 2654 3143 865
f 873 588 881
f 881 589 879
f 2144 2162 747
f 3144 3145 3075
f 2852 3074 3146
f 3075 3147 3144
f 3075 2853 3147
f 2651 1918 2649
f 3148 3149 1289
f 1289 3150 3148
f 931 3151 936
f 1305 1304 1963
f 3152 3153 3154
f 3154 2993 3152
f 3153 3152 2071
f 3155 3156 2994
f 3157 3158 3159
f 3160 3161 3157
f 3162 3158 3163
f 3164 3165 3161
f 3166 3167 3168
f 3166 3169 3167
f 3170 3166 3171
f 3168 63 60
f 2521 19 3167
f 1701 1699 1080
f 2443 3172 1701
f 994 1895 2408
f 1427 3173 1027
f 702 703 2409
f 2215 3174 2218
f 3175 2216 3176
f 3177 3178 3176
f 3174 2215 3179
f 3003 2786 2789
f 835 834 3003
f 924 3180 922
f 1369 1372 3181
f 1369 3182 1366
f 3183 1455 3106
f 3184 1460 3183
f 3185 1826 1460
f 3183 2837 3184
f 2837 3183 2052
f 3184 2836 3186
f 1460 3184 3185
f 1103 3187 2110
f 3188 2112 2110
f 3189 3188 3190
f 3187 3191 3190
f 1100 3192 3187
f 2880 3193 3194
f 3193 2880 3195
f 1297 1296 1894
f 3180 924 3196
f 1997 2069 2001
f 3197 3198 3199
f 3200 3201 3199
f 3199 3202 3197
f 3203 2363 3204
f 3204 3200 3203
f 2363 3203 3205
f 3198 3197 736
f 486 3206 1538
f 3207 3208 3209
f 485 3210 3206
f 3211 3209 3212
f 3213 2939 3214
f 913 2507 3215
f 2939 3216 3215
f 909 913 916
f 2939 3213 2935
f 3217 3218 632
f 3219 3218 3220
f 2835 3221 3217
f 3218 3219 3222
f 2827 3223 3224
f 535 3225 3226
f 3225 2829 3224
f 3111 1856 3227
f 3227 3228 3111
f 2125 3229 2123
f 2124 2123 1849
f 2987 3230 2784
f 1942 3231 3232
f 3233 3234 3232
f 3235 3236 849
f 849 3233 3235
f 3122 3121 3231
f 3236 3235 3237
f 3238 3239 3240
f 3241 3240 1735
f 3242 3243 3244
f 3244 3245 3246
f 3240 3245 3247
f 3248 3249 3239
f 3250 1654 2549
f 3251 3250 2548
f 2156 2421 3251
f 2549 1655 710
f 3252 1559 3253
f 3254 3252 3255
f 981 983 3253
f 1640 3237 1633
f 2153 3236 1640
f 3256 3257 3258
f 3259 426 3258
f 3260 3259 1165
f 3259 3260 3261
f 3258 3262 1165
f 1166 3263 1165
f 3260 3263 3264
f 3265 3266 2687
f 3265 2543 3267
f 2687 2545 3265
f 3267 3268 3265
f 3269 3270 3271
f 3270 3269 1401
f 3272 3271 3273
f 3274 3275 3276
f 3277 3278 3275
f 3279 3277 3274
f 2599 3280 2598
f 2598 3281 2228
f 1015 400 2923
f 3282 2793 3283
f 2793 3282 2796
f 3283 2794 3284
f 1268 1269 1796
f 2551 1797 3285
f 1644 1268 3286
f 3287 3288 3289
f 2720 3228 3289
f 3289 3290 3287
f 2715 2720 2718
f 3228 2720 3112
f 2719 2718 3291
f 3060 1967 1969
f 127 128 3104
f 3292 3103 3293
f 3294 3295 2958
f 3296 2960 3297
f 2960 3296 2962
f 3088 754 2163
f 750 2144 746
f 1580 2206 1382
f 2021 3298 3299
f 3299 457 3136
f 3298 3300 457
f 3301 3302 3303
f 2393 3302 2394
f 3304 3305 3301
f 3306 3307 2392
f 1401 3308 3270
f 3308 3309 3276
f 3310 3274 3311
f 566 2146 738
f 2131 3310 2126
f 2126 3311 766
f 2586 1698 1709
f 1696 3312 1697
f 1944 1934 3313
f 3120 3313 2561
f 3122 1944 3120
f 3313 1936 2601
f 1936 3314 2602
f 3315 3316 3317
f 499 491 3318
f 3317 3319 3315
f 493 3316 491
f 3317 3320 3321
f 3322 3320 3323
f 3324 1715 3325
f 3325 1716 3312
f 2363 2360 3326
f 3326 2362 2041
f 2041 2040 3326
f 2152 3327 2150
f 3327 2152 2882
f 2152 2178 3328
f 1140 1141 3139
f 2986 2638 3329
f 3329 3330 3331
f 3332 3329 3333
f 2987 2986 3332
f 3334 3335 3336
f 3337 2642 3338
f 3336 3339 3334
f 2643 3335 2642
f 2640 2641 3337
f 3340 3341 3342
f 3195 2182 3193
f 3342 3343 3340
f 3211 3344 3345
f 2726 3346 2724
f 2724 3347 3144
f 3347 2992 3145
f 3346 3348 3347
f 3349 2620 2621
f 1890 1653 3350
f 3350 3170 3351
f 3351 1888 3350
f 2240 3170 2239
f 3352 3353 3354
f 3355 3354 3356
f 3357 3358 3354
f 3359 3319 3356
f 3353 3318 3359
f 1703 498 3352
f 3360 3361 3362
f 2168 3363 3364
f 3362 3363 1786
f 3365 3273 3361
f 3366 3367 3368
f 3368 2744 3366
f 1096 3369 1095
f 2744 3368 2743
f 3368 3370 3371
f 3372 3370 3373
f 3374 903 3375
f 2638 2637 3330
f 898 897 3374
f 1454 3376 3377
f 1454 3378 3376
f 3379 350 3380
f 1453 3377 3061
f 351 3062 349
f 3381 3382 3383
f 3384 3381 3385
f 3385 3383 2320
f 2264 2887 2263
f 3386 3081 3381
f 2024 3387 3298
f 2210 3388 2024
f 3389 2929 1180
f 2927 2926 2874
f 2874 1175 2927
f 3390 761 3391
f 761 3390 3392
f 3393 3394 3395
f 3396 2872 3394
f 3397 3398 3399
f 3399 2870 3397
f 3400 3396 3393
f 3401 2871 3396
f 2437 3402 2504
f 2493 3403 2540
f 2702 3403 3404
f 2492 3405 2493
f 1256 3406 1252
f 2834 3407 1256
f 3408 3409 3410
f 2783 2782 3411
f 2490 3154 2782
f 3410 3153 3408
f 2589 3412 652
f 1464 3413 2589
f 3407 2834 3414
f 3217 3415 2835
f 635 3416 3415
f 3417 3407 872
f 2490 2489 3154
f 3151 3418 3148
f 1291 1290 3419
f 453 452 1346
f 3420 227 248
f 227 3420 1265
f 250 3421 3420
f 2550 2552 3421
f 1265 3422 3285
f 253 952 250
f 3423 3424 2534
f 2536 2535 3425
f 3424 3423 3426
f 3426 3427 3424
f 2534 3428 3423
f 2414 2537 2534
f 2555 3018 2553
f 3429 3430 3431
f 3432 3433 3429
f 3434 3430 3435
f 3433 3432 3436
f 3437 2434 3438
f 2497 3439 3438
f 3440 3437 3441
f 2624 2623 2951
f 2626 1621 2625
f 487 1751 3210
f 723 2963 720
f 3442 3443 3444
f 2920 2922 3442
f 3445 3446 3444
f 3444 3447 3442
f 3444 2963 3445
f 2402 1225 633
f 2985 634 1223
f 2403 2402 3222
f 3448 3449 1314
f 3449 3009 1315
f 2410 2714 1955
f 2712 1430 2711
f 1429 1430 2410
f 3450 3451 2910
f 3451 3450 3452
f 2910 2912 3450
f 3453 3454 3455
f 526 3455 524
f 3455 526 3453
f 3155 2898 1006
f 1006 1005 3155
f 2994 547 3155
f 1002 2893 998
f 569 2700 614
f 3456 3375 2636
f 3457 3374 3456
f 2636 2511 3456
f 2710 2709 837
f 837 835 2710
f 3458 3459 833
f 3460 2509 3459
f 1467 2515 3460
f 3459 3458 3461
f 3462 3460 3461
f 3463 3464 1450
f 2397 3463 3465
f 600 1826 2397
f 1450 3466 1448
f 2322 3467 2827
f 2330 2322 2826
f 2322 2330 178
f 3223 3468 3226
f 3468 3223 1645
f 3469 3470 445
f 445 2971 3469
f 451 3471 1138
f 3471 3472 2528
f 451 3089 449
f 1138 1137 451
f 2527 3473 2530
f 2529 3474 2527
f 3474 2529 3475
f 1279 1272 3476
f 1279 3476 3477
f 3478 3479 1274
f 1274 1273 3478
f 3480 3481 3200
f 2043 2843 3480
f 3200 3204 3480
f 3481 2840 3201
f 3016 2802 3018
f 2954 2946 2803
f 3482 2038 3483
f 2967 3483 436
f 3484 3282 1024
f 3284 1025 3283
f 1029 3484 1023
f 3485 2675 2679
f 2676 2675 3486
f 3487 3488 3489
f 3489 3490 3491
f 3393 3492 3400
f 3492 3393 3493
f 3493 3494 3492
f 3488 3495 3490
f 3495 3401 3400
f 3496 3497 3498
f 3499 3500 3501
f 3502 3501 3503
f 3504 3505 3496
f 3505 3506 3497
f 1423 1422 1686
f 3387 3507 3300
f 1341 1346 3508
f 3509 60 110
f 60 3509 3168
f 2481 551 540
f 3510 1760 3511
f 1760 3510 1765
f 1857 2127 1146
f 3226 3512 535
f 2829 3225 3513
f 3485 3514 2381
f 3515 1511 3514
f 3485 2679 3514
f 3514 3516 3515
f 2329 2330 2825
f 3517 2605 893
f 2605 3517 1057
f 3518 893 3519
f 2327 3517 3518
f 894 2604 892
f 2854 2851 3520
f 3520 3521 2854
f 3522 685 2328
f 958 2324 2531
f 685 3522 687
f 692 2531 684
f 3523 1543 3208
f 3208 3207 3523
f 1543 3523 3524
f 3524 387 1543
f 2008 1877 1755
f 2009 3525 2008
f 511 402 3526
f 3526 3527 511
f 3526 404 768
f 3528 3529 3530
f 949 3378 941
f 3378 949 3380
f 430 3082 3053
f 3053 3531 433
f 3051 3052 3532
f 3083 3084 3082
f 1210 1212 1133
f 1502 2053 1493
f 3533 329 3196
f 3196 3534 3180
f 927 3533 926
f 329 331 3534
f 3534 3535 2265
f 2171 2170 3277
f 2171 3058 353
f 3277 3279 2171
f 3146 1961 2852
f 1162 3536 672
f 377 366 3537
f 3538 3539 3536
f 2590 2592 3540
f 2419 3540 2538
f 2592 3541 2740
f 1621 2626 1618
f 1353 3179 3142
f 1354 3542 1353
f 2495 3098 2492
f 923 922 1441
f 2911 2155 415
f 3500 3499 3435
f 3543 3498 3436
f 2025 2587 2022
f 2587 2025 2585
f 3544 2526 2398
f 2530 3545 3546
f 652 3547 651
f 3547 836 1662
f 836 3547 838
f 3548 659 1380
f 3549 1379 661
f 3550 3548 1381
f 3550 2758 3548
f 422 2824 3551
f 3551 2822 3552
f 1025 3284 1431
f 531 3553 3072
f 3554 2389 3555
f 3556 3557 3555
f 2388 3558 1098
f 3555 2390 3556
f 2389 3554 3369
f 1091 2389 1096
f 1967 3060 1692
f 1621 1620 3139
f 3135 2584 3559
f 3332 3560 2987
f 3333 3561 3332
f 1370 3230 1373
f 3561 1371 3560
f 3333 3331 3562
f 3562 3563 3333
f 2337 3564 2532
f 3565 3566 3567
f 2336 382 2337
f 965 964 3566
f 2337 2532 2335
f 2816 1210 3546
f 3568 135 3103
f 3529 1486 557
f 788 558 1485
f 3529 3528 1481
f 879 2785 1370
f 3569 2892 3570
f 1585 2895 3569
f 472 2448 2035
f 1812 1342 1810
f 464 3571 1810
f 1342 1812 1345
f 3572 3097 3573
f 3097 3572 3096
f 3097 3574 3575
f 3573 3575 3576
f 3507 3387 3577
f 2511 2636 2512
f 3026 3020 3578
f 3249 3248 3019
f 3578 3248 3238
f 3026 3579 3025
f 3238 3580 3578
f 3578 3581 3026
f 2623 3582 2952
f 1213 1215 2623
f 839 1887 2792
f 1627 1629 2966
f 814 808 3583
f 2891 814 2890
f 3584 3585 1338
f 3585 3584 3440
f 3586 1338 3587
f 1338 3586 3584
f 2228 2227 2598
f 1205 1200 862
f 1204 2459 1202
f 2190 2189 3588
f 2187 2186 804
f 804 803 2187
f 2248 3588 2245
f 3589 3150 3590
f 3150 1289 3591
f 1288 3592 1286
f 937 936 3589
f 2753 3593 2751
f 3445 2964 3594
f 3593 3182 2965
f 3595 3213 3596
f 3213 3595 2937
f 2025 3299 3559
f 1466 2444 2513
f 698 700 2445
f 2514 2513 3597
f 3598 3531 2658
f 2660 3598 2657
f 1128 1127 1476
f 951 2230 950
f 951 297 2224
f 298 3599 296
f 2169 2168 2170
f 2170 3364 3278
f 3363 2168 1787
f 2968 625 3017
f 363 3600 1465
f 1067 3379 3601
f 1071 2799 3379
f 3136 458 3134
f 3602 3516 2678
f 3287 3603 3602
f 3604 417 2157
f 3451 1524 2911
f 2862 2017 3192
f 3192 2016 3191
f 3605 3606 3607
f 3608 3605 3609
f 3610 3606 3608
f 3605 3607 3611
f 2071 2070 3153
f 3409 3408 3612
f 3419 3613 1291
f 3613 3614 2544
f 3418 3615 3149
f 3613 3419 3616
f 3176 3174 3177
f 3177 3617 3618
f 3174 3179 3617
f 2606 3619 3620
f 3620 2377 3621
f 669 957 3621
f 371 2606 957
f 2373 2972 2378
f 2004 3622 3609
f 2003 3619 3622
f 2201 1231 2147
f 3063 2998 3623
f 2440 2850 2437
f 3063 2970 2996
f 3623 729 3063
f 2850 3624 3402
f 3325 3625 3324
f 3625 3626 3627
f 3324 3627 3628
f 3629 3272 3365
f 94 93 2079
f 3011 2080 155
f 3012 3011 321
f 2035 2034 472
f 3630 375 3537
f 3631 2548 2546
f 3632 952 3633
f 2231 2917 2230
f 2918 3632 2917
f 3281 559 2231
f 428 427 1470
f 3220 3221 3486
f 2384 3220 2383
f 364 356 1062
f 606 434 2361
f 3634 3635 436
f 1102 2862 1100
f 3636 3257 3637
f 3257 3636 3262
f 3257 3256 3638
f 2754 1833 2875
f 1827 3639 3640
f 1833 3640 3323
f 827 818 3641
f 2818 827 2817
f 827 2818 826
f 3512 3286 539
f 3642 3643 2244
f 3644 3642 2243
f 3642 3644 3645
f 3643 3642 3646
f 2310 2309 3629
f 3365 3647 3629
f 2309 3269 3272
f 2311 1402 2309
f 3066 3065 3648
f 2771 2775 3649
f 3645 3650 3651
f 3385 3652 3384
f 3435 3652 3434
f 3381 3384 3386
f 3501 3502 3499
f 1783 3538 1162
f 3653 3504 3654
f 3498 3543 3496
f 2559 3655 3119
f 2562 3656 2559
f 3657 3658 2567
f 507 1360 1971
f 1234 1233 2990
f 3644 802 3650
f 1078 1077 3659
f 3650 1078 3660
f 802 3644 800
f 3661 3118 984
f 3662 3663 1509
f 3663 2570 1516
f 2124 3662 1508
f 2140 3664 2695
f 507 1971 506
f 2675 3485 2383
f 3665 1059 2763
f 2443 2583 3172
f 2583 2054 2944
f 3666 3667 3668
f 1992 3668 1152
f 1994 3666 1992
f 1152 2166 1992
f 869 573 868
f 2349 2346 3577
f 2349 2211 3669
f 2211 2349 3388
f 1347 3508 2342
f 3508 3507 2343
f 2918 563 3632
f 952 3632 3421
f 3670 3671 3672
f 3673 3674 3672
f 3675 3673 3676
f 3671 2772 3676
f 3677 688 1031
f 694 686 3677
f 2517 1230 3678
f 3679 1536 3678
f 3678 1229 3679
f 3680 3681 1228
f 3682 3683 3684
f 3685 3686 3687
f 3686 3688 3689
f 3684 1981 3682
f 2779 2783 3690
f 632 635 3217
f 3691 2868 845
f 2865 2864 3691
f 1174 2865 3692
f 3037 3693 2177
f 3693 3037 3694
f 2836 1843 3695
f 2479 2478 3696
f 3628 2478 2476
f 3626 3697 3696
f 2105 2933 3041
f 2104 2103 2931
f 2933 2105 2928
f 3590 3591 2029
f 2029 2026 3590
f 969 3589 967
f 2029 3592 1245
f 702 2409 701
f 3114 3113 3521
f 2668 3110 2670
f 2670 3114 3520
f 3521 2723 3147
f 2721 2717 3113
f 966 963 3698
f 3566 3565 965
f 2982 2985 3699
f 3700 3699 3701
f 2983 2982 3700
f 1860 3702 1325
f 1325 1324 1860
f 3702 1860 2831
f 2856 2855 2279
f 2857 3700 2855
f 1322 1973 1326
f 503 506 1322
f 671 669 2972
f 3703 2621 3704
f 3704 2622 3705
f 2622 3706 3707
f 1412 1089 1699
f 1087 1089 2759
f 2941 2940 3708
f 3615 3418 3709
f 2940 3710 3709
f 2938 3711 2940
f 2077 2080 1946
f 1635 3712 1638
f 375 3630 3713
f 3537 3539 3630
f 2463 3714 1285
f 1285 3715 1288
f 3714 1243 3715
f 3716 1241 3714
f 2394 3305 3717
f 3717 2066 2394
f 3718 3719 3717
f 1180 3718 3389
f 2201 435 2359
f 2359 3205 2201
f 2148 1444 2147
f 700 701 3597
f 701 900 3720
f 900 898 3457
f 1773 1772 3721
f 3722 3723 2256
f 3723 3724 3725
f 3723 3722 3726
f 3727 3722 2255
f 815 3728 3727
f 2254 2253 3725
f 3296 3729 3730
f 2073 1004 3731
f 3731 3732 2073
f 3732 3731 3733
f 3734 3735 3729
f 3145 3125 3074
f 2795 3736 3124
f 1788 3432 1786
f 2060 3737 1788
f 1786 3429 3362
f 3007 3099 3738
f 1899 1759 3739
f 481 2978 3739
f 487 480 3740
f 1759 1748 482
f 1451 2661 1449
f 889 884 1761
f 3741 3742 887
f 888 2618 1766
f 1824 2252 1821
f 2465 1940 3743
f 1940 2465 1938
f 3743 2242 1907
f 1907 914 3743
f 2519 2518 3744
f 3085 713 3086
f 3087 3086 2064
f 2700 569 740
f 3702 1952 1327
f 3745 3746 1376
f 3747 1376 1378
f 2974 3745 3747
f 3748 3749 3745
f 2006 2377 2003
f 2157 2156 3604
f 3750 3751 3752
f 3753 3724 3754
f 3755 3753 3756
f 3756 3754 3757
f 2817 3641 3758
f 510 2711 509
f 1378 1903 3747
f 2979 2975 1900
f 2855 3701 2277
f 2279 2278 2856
f 1453 1452 3377
f 3759 3760 3454
f 3454 3453 3759
f 1502 1500 584
f 584 587 1502
f 3279 3761 3058
f 3059 3056 351
f 3713 3762 375
f 3763 376 3741
f 376 3763 367
f 3764 3705 3765
f 3766 3487 3165
f 3164 3767 3768
f 3767 3164 3160
f 3768 3766 3164
f 3766 3768 3769
f 3090 3770 3771
f 3771 3772 3773
f 3768 3772 3774
f 2849 727 3624
f 3624 728 3623
f 3348 3346 946
f 946 945 3348
f 3346 2726 2595
f 2896 546 543
f 1249 1248 3775
f 3034 3776 3033
f 3775 3776 3777
f 3778 3779 3034
f 3716 2464 3033
f 3033 1248 3716
f 2612 2813 2609
f 1530 1527 3780
f 1352 1353 1350
f 1359 1350 3141
f 3781 3782 3288
f 3573 3783 3572
f 3572 3710 3784
f 3616 3615 3783
f 3783 3573 3616
f 2496 2494 1390
f 681 1950 2830
f 3391 3132 3390
f 328 3785 3027
f 3785 2011 3022
f 3533 927 3785
f 324 3027 3786
f 890 731 1060
f 187 731 319
f 3787 3788 2667
f 1912 1910 3788
f 1981 1975 3789
f 1921 2647 3789
f 2431 2503 2498
f 3790 3791 3002
f 3000 3790 2997
f 3268 3792 3266
f 3367 3366 3793
f 2840 3481 2838
f 3794 2841 2043
f 683 682 1148
f 2020 2733 475
f 2733 2883 3795
f 2139 3746 3664
f 3757 3751 3796
f 3796 3797 3757
f 3757 3798 3756
f 3751 3750 3799
f 1849 1851 2124
f 3800 3511 3801
f 3612 3510 3800
f 3690 3411 3801
f 3801 1764 3802
f 3758 2122 2817
f 2983 2859 2984
f 3803 583 3804
f 2859 3545 3804
f 3474 3803 3473
f 2859 2983 2857
f 3805 3806 3807
f 3806 3805 3808
f 2811 3806 3809
f 3810 3805 3811
f 2611 2613 3807
f 2809 2810 2811
f 2612 2611 2810
f 3687 3689 3812
f 3242 3687 3813
f 3244 3685 3242
f 2358 2357 3685
f 3110 2668 3108
f 3814 3446 3815
f 3594 3181 3445
f 3181 3594 1369
f 3816 3648 3817
f 3336 3817 3818
f 3819 3816 3335
f 2774 2776 3820
f 3820 3648 2774
f 1736 1418 1978
f 2805 3821 3822
f 2806 3822 2889
f 3822 3823 3824
f 3821 1447 3823
f 3823 3466 3825
f 3597 3720 2514
f 3758 2420 3826
f 100 3827 111
f 3828 3509 109
f 109 3827 3828
f 3828 3829 3351
f 2863 1916 2862
f 1916 2863 1864
f 3491 3163 3489
f 2988 476 3795
f 3795 360 2988
f 1409 1584 2578
f 1584 3569 3830
f 2578 3830 1870
f 1381 752 3550
f 1521 3831 1517
f 1521 1520 3832
f 3758 3826 2122
f 3425 3833 2536
f 419 3692 418
f 1181 1174 419
f 3264 3834 3665
f 3834 3835 1059
f 3665 605 3264
f 605 3665 604
f 1329 1337 2900
f 2900 3836 1879
f 1330 1329 2455
f 2372 3837 3838
f 3839 3840 3841
f 3841 3837 2376
f 3838 1012 2372
f 3525 2009 3840
f 2009 1011 3838
f 885 3842 3843
f 889 1765 885
f 2691 3844 3658
f 983 3656 3255
f 2690 2691 3657
f 3656 2562 3845
f 3679 3681 3846
f 3846 2317 3679
f 3847 3848 3849
f 2331 2334 3850
f 3850 3851 2331
f 3852 3777 3853
f 3853 693 3852
f 691 2334 2533
f 2334 691 3853
f 2140 2694 2138
f 829 3458 840
f 838 3854 829
f 3855 3307 3856
f 3557 3856 3857
f 3856 3557 3855
f 2391 3858 2392
f 3856 3306 3859
f 3307 3860 3303
f 2425 1258 147
f 259 2413 261
f 2069 1997 2072
f 2005 2004 3611
f 1778 1776 2908
f 3654 3861 3653
f 3428 3862 3653
f 3640 2449 2453
f 2450 2449 2452
f 1834 3863 3639
f 1005 2067 3156
f 417 3604 410
f 410 3631 409
f 3604 3251 3631
f 2680 2185 2683
f 3864 1995 3865
f 3667 3666 3864
f 3866 3667 2340
f 3169 2238 3867
f 2238 2237 3868
f 3169 3166 2240
f 3869 3744 3868
f 2929 3389 3304
f 3304 2932 2929
f 524 2912 522
f 3261 423 3259
f 423 3261 424
f 3509 3828 3171
f 1595 3703 3870
f 3705 3764 3704
f 446 3871 442
f 3871 446 3872
f 1564 438 3028
f 3487 3873 3488
f 3874 3875 3488
f 3876 3877 3878
f 961 3877 2326
f 3879 3878 3880
f 3881 3876 3879
f 3698 3882 966
f 3647 3365 3360
f 1847 811 1846
f 1848 3130 811
f 2745 3129 1848
f 3612 3800 3409
f 3086 2365 2065
f 1354 1357 2367
f 1818 2190 2248
f 938 3708 3151
f 2287 3883 2667
f 3609 3884 3608
f 3843 3884 3885
f 3886 3887 2683
f 3887 3886 3888
f 3887 3567 2684
f 2683 3693 3886
f 2661 2522 3544
f 820 819 823
f 3889 3890 823
f 823 1254 3889
f 1101 1100 1103
f 2268 2648 1566
f 3891 3892 2267
f 3543 3893 3654
f 3811 3580 3810
f 3580 3811 3581
f 1759 1899 1758
f 1900 1899 2979
f 624 2099 623
f 3894 851 2663
f 2663 2664 3894
f 3818 3895 3336
f 3404 3405 3102
f 3404 3008 2702
f 3102 3006 3404
f 361 360 3600
f 914 1907 1905
f 2242 2241 1908
f 2664 3896 3897
f 3898 3874 3899
f 3487 3766 3873
f 3873 3769 3899
f 715 714 2366
f 3799 3900 2217
f 2217 2216 3799
f 3797 3796 3175
f 1642 1976 1420
f 2081 3829 3901
f 102 3901 100
f 2385 1515 3902
f 1516 2569 3902
f 3902 2572 2385
f 2447 2446 2883
f 2421 1656 3250
f 1258 1257 53
f 2920 3442 1741
f 2678 2120 3602
f 3782 3781 3903
f 3288 3287 3781
f 3904 3782 3905
f 3905 3903 2901
f 3081 3386 3080
f 3080 3906 3084
f 3194 3343 3907
f 3343 3342 3908
f 864 858 3909
f 2263 3382 3079
f 3910 3911 3875
f 3911 3912 3913
f 3401 3495 3913
f 3910 3875 3898
f 2871 3401 3914
f 3915 2738 3862
f 3505 3504 3916
f 3917 3916 2737
f 2537 3915 3428
f 1372 1371 3815
f 1371 3561 3918
f 1120 3919 3563
f 3815 3918 3814
f 3579 2610 3786
f 3197 3920 737
f 3920 3088 735
f 2690 2762 1507
f 2232 2225 323
f 1340 3863 3587
f 1330 2452 1340
f 3863 1834 3921
f 2846 3586 3921
f 1074 3922 3833
f 1073 1072 1789
f 3427 1072 3425
f 1780 2057 2760
f 2760 3923 1780
f 3123 2057 3924
f 2756 3123 2628
f 3925 2640 3926
f 3899 3925 3898
f 3927 3928 3899
f 3929 3910 3926
f 2079 2078 94
f 1959 1958 1029
f 2593 1271 2592
f 2594 1276 2591
f 2877 3930 2753
f 3930 3931 3593
f 2161 1368 3930
f 3228 3227 3290
f 3229 2125 3515
f 3290 3229 3603
f 3787 1076 799
f 797 1911 799
f 3932 3933 3934
f 3798 3797 3935
f 3933 3936 3935
f 3937 3934 3938
f 3178 3938 3175
f 3886 3694 3939
f 3939 3940 3880
f 3040 3940 3038
f 3294 3356 3941
f 3321 2913 3942
f 3836 1721 1873
f 1426 2496 1389
f 3614 3943 3267
f 2342 464 1347
f 3745 2974 3748
f 3749 3748 3738
f 1615 1614 2976
f 1644 3468 1643
f 2374 745 2373
f 3790 3000 3944
f 3944 3066 3816
f 1921 1920 2651
f 3506 3945 3503
f 3386 3502 3906
f 1978 1977 1736
f 1384 1387 3946
f 1669 3947 1668
f 3948 757 3949
f 752 748 3948
f 3947 3950 3949
f 1535 2812 2517
f 1530 3780 1535
f 3112 2721 3115
f 1961 3146 3951
f 1958 3951 3484
f 2795 2796 3736
f 3851 3850 3779
f 3777 3852 3775
f 3779 3778 3851
f 2082 1603 3952
f 1263 1262 2890
f 1669 1664 2474
f 3947 1669 2473
f 3023 2010 3021
f 1424 3019 1422
f 1932 1931 3719
f 3356 3294 3355
f 2956 2955 2958
f 3157 3953 3160
f 2596 2557 2601
f 2889 3824 1845
f 3821 2805 2422
f 1355 3954 2391
f 3519 895 3955
f 1060 3835 890
f 3835 3956 891
f 3955 1168 3519
f 1168 3955 1167
f 2236 2160 2237
f 3680 3647 3957
f 3647 3680 1227
f 1633 3121 1631
f 3958 3959 3960
f 3734 3297 3958
f 3295 3959 2959
f 3961 3958 3962
f 1789 3963 1785
f 2799 1071 1784
f 2798 2878 3055
f 3964 3879 3965
f 3879 3964 3881
f 3966 3964 3967
f 3967 3965 3040
f 3888 3939 3882
f 2049 2046 1093
f 498 499 3353
f 1406 3923 1404
f 3923 1406 1781
f 2043 2042 3794
f 2209 1711 2044
f 3801 3802 3690
f 2779 3690 2781
f 3202 3004 3920
f 3968 3969 2213
f 2217 3968 2212
f 3970 3341 2183
f 2182 2181 3340
f 3619 2606 3885
f 273 191 3971
f 2051 3107 640
f 2045 640 648
f 3107 2051 3106
f 639 641 3105
f 3892 2646 2268
f 2803 1195 2954
f 341 466 1192
f 465 1695 466
f 1980 3688 3946
f 3946 2356 1384
f 3688 3686 2356
f 1981 3684 1980
f 2245 803 2243
f 3725 3293 2254
f 3646 2501 3643
f 3651 3439 3645
f 325 1528 332
f 3972 971 3637
f 3638 3552 3973
f 3637 3638 3972
f 2538 2742 2537
f 2738 3915 2741
f 3900 809 3968
f 390 2524 395
f 3974 1107 1591
f 2726 2716 3975
f 2068 1003 2073
f 764 767 763
f 785 767 783
f 537 3073 532
f 763 787 2129
f 2922 726 3443
f 2664 2666 3896
f 3341 3970 3345
f 2183 2685 3970
f 2913 2914 3941
f 810 3976 3728
f 3752 3726 3750
f 3724 3723 3752
f 3750 3976 3900
f 1328 1956 2713
f 1732 1731 2270
f 3162 3494 3470
f 3158 3162 3469
f 2507 2194 3214
f 1379 3549 1378
f 2684 381 2681
f 1616 3007 1614
f 3851 3866 2332
f 3778 3977 3866
f 3440 1678 3585
f 850 3327 847
f 3957 3360 3431
f 2292 3907 3048
f 2289 2288 3907
f 3234 3233 3894
f 48 261 1016
f 3978 1058 1016
f 1058 3978 1056
f 3979 3980 3981
f 3982 1576 2645
f 3980 3983 3982
f 1572 1576 1570
f 2480 3983 3984
f 3439 3651 3441
f 3651 3660 3985
f 2501 3646 2497
f 3441 3985 3440
f 3986 2369 3987
f 1606 3987 3952
f 716 717 714
f 3988 3048 3344
f 3735 3734 3961
f 3729 3296 3734
f 3841 3735 3839
f 3962 3989 3961
f 975 3636 974
f 3195 2881 3328
f 3327 850 2153
f 3738 3101 3749
f 2011 2012 3023
f 1553 1552 3881
f 3881 3990 1553
f 3877 3876 3991
f 1117 1120 3562
f 3919 1120 1746
f 2434 3437 2438
f 3586 2846 2438
f 3992 3051 3993
f 3775 3994 1249
f 3994 3677 1250
f 3995 3996 2821
f 886 3843 2607
f 1598 1592 3997
f 3201 1672 3202
f 2595 3975 947
f 947 3998 3999
f 940 3999 948
f 2803 2953 2801
f 3674 3673 4000
f 4000 1043 3674
f 4000 4001 3133
f 3673 3675 4001
f 3042 4002 4003
f 4004 4002 4005
f 2403 3219 2401
f 2386 3219 2384
f 353 3059 348
f 3971 1505 273
f 3254 3844 3971
f 3252 3254 4006
f 2621 3703 3349
f 2620 3349 1476
f 1593 1475 1594
f 4007 4008 4009
f 2464 3716 2463
f 838 3412 3854
f 3462 3461 3413
f 3413 1464 3462
f 4010 3727 1260
f 1270 1277 1271
f 1277 2734 3541
f 2656 3477 3064
f 460 459 4011
f 4011 4012 460
f 4012 4011 3479
f 2018 4013 2015
f 4014 3189 4013
f 3141 4015 1359
f 1359 4016 1358
f 3635 3634 3598
f 1715 3324 2844
f 2844 1712 1715
f 2476 2839 3628
f 1655 1647 4017
f 528 530 4018
f 530 529 4019
f 3912 528 3914
f 3883 4020 4021
f 1076 3787 4021
f 2286 2731 3883
f 2291 2727 2286
f 2731 1680 4020
f 3295 3294 2916
f 2916 2915 3295
f 3472 3471 455
f 3760 4009 3452
f 3452 1525 3451
f 4022 4023 3759
f 4020 4024 4025
f 3255 3845 3254
f 3945 3506 3993
f 3993 3532 3945
f 3993 3917 3992
f 3916 3917 3505
f 883 882 374
f 4026 2013 1914
f 1425 3249 1424
f 2890 3583 1263
f 3727 4010 815
f 2831 2830 3702
f 2587 2586 1708
f 2241 3234 3897
f 3475 3472 4027
f 3803 3474 4028
f 3782 3904 3291
f 3291 3998 2719
f 4029 1764 4030
f 4030 4031 4029
f 4031 4030 1477
f 1608 4032 3937
f 3938 3178 3937
f 3934 4032 3932
f 3186 3695 3825
f 329 3533 328
f 2932 3304 4033
f 2921 2920 2701
f 1013 2921 680
f 3926 3337 3929
f 2640 3925 1825
f 3436 3500 3433
f 3436 3737 3543
f 3720 3457 2516
f 269 3599 268
f 2182 3195 2180
f 1449 3544 3465
f 956 955 1451
f 3774 3770 4034
f 3770 3090 4035
f 4034 4035 1819
f 1034 1036 2028
f 3262 4036 1038
f 2028 4036 975
f 812 3128 806
f 3784 3711 4037
f 2962 3730 997
f 4017 1651 718
f 1721 3836 1719
f 1747 1752 4038
f 4039 3070 4040
f 3303 4041 3301
f 3860 4042 4041
f 484 1617 2978
f 2781 4043 4044
f 4029 4045 3802
f 4044 4045 4046
f 4047 2484 2487
f 2488 4048 2487
f 2487 4049 4047
f 4050 4051 4052
f 2488 2780 4048
f 2018 2013 4053
f 4026 1914 4047
f 4053 4026 4051
f 1593 1597 1475
f 1472 1471 1473
f 2112 3188 4054
f 3997 1596 4054
f 4055 3997 4056
f 4057 4056 3189
f 4056 4057 4055
f 4013 2018 4014
f 2484 1914 551
f 4044 4058 2781
f 4058 4044 4059
f 4014 4053 4050
f 102 2078 3901
f 4050 4057 4014
f 1477 1474 4031
f 4060 1598 4055
f 1598 4060 1597
f 4052 4049 4061
f 4048 4058 4061
f 4062 1473 4063
f 4063 4060 4064
f 4057 4050 4064
f 1474 4062 4046
f 4062 4063 4059
f 4064 4052 4063
f 2426 2425 146
f 2368 4065 3542
f 3618 4065 3986
f 2340 3864 2338
f 2628 3924 1562
f 1160 1563 2059
f 875 587 873
f 3733 2376 3732
f 3741 887 3763
f 3763 883 368
f 3707 3742 3762
f 2306 2308 2766
f 1487 2766 1485
f 635 628 3416
f 869 867 629
f 3416 870 3414
f 518 3675 516
f 3675 518 3392
f 1726 4066 1724
f 4067 1729 4068
f 4003 4069 1726
f 1077 1076 4025
f 2672 2673 2113
f 2353 1298 2351
f 4070 343 3721
f 1012 743 2374
f 2842 2841 1712
f 1802 928 2820
f 2820 2819 1802
f 2194 2188 3596
f 3092 3094 2191
f 3596 2192 3595
f 1144 1857 1142
f 979 1556 4071
f 1442 1437 2148
f 3761 3279 3310
f 331 330 3535
f 3535 2886 2261
f 960 962 958
f 382 381 3564
f 3567 3887 3565
f 2336 2341 382
f 1947 1948 1602
f 1176 1932 3718
f 2064 2066 3087
f 1557 1051 1554
f 1171 1557 1170
f 3991 1552 1052
f 2174 1042 4072
f 4007 4023 2173
f 4008 4007 2172
f 2771 3649 517
f 2610 3579 2613
f 3246 2358 3244
f 1991 1982 1641
f 2325 1055 2327
f 3249 1425 3246
f 4040 1795 4039
f 1799 1793 4040
f 2594 824 4073
f 3652 3385 4074
f 2315 3848 4074
f 3848 3847 3434
f 736 1231 3198
f 4071 4075 979
f 984 980 3661
f 3663 3662 4076
f 750 749 2142
f 1748 1747 3740
f 1751 487 1750
f 1751 4038 3047
f 2277 1226 2205
f 1730 4077 1725
f 2267 1731 3891
f 4077 3813 1733
f 3813 3812 3891
f 3247 3243 1730
f 2307 2472 4078
f 3069 4079 1801
f 2301 2471 2307
f 4078 1805 2768
f 2240 2235 3169
f 1853 1852 2669
f 1852 1855 3108
f 1271 2593 1275
f 1854 4080 1851
f 759 4081 3391
f 1263 4010 1259
f 971 3972 1348
f 3510 3612 3610
f 1765 3610 3842
f 3339 4082 3338
f 3911 3910 4082
f 1221 4083 1579
f 2422 1445 3821
f 984 3655 983
f 4084 4085 3791
f 3944 4084 3790
f 3681 3680 3849
f 3849 3957 3847
f 3771 3574 3090
f 916 3216 915
f 915 4086 2199
f 4087 4086 2934
f 3571 4012 1811
f 1809 1808 4088
f 639 1398 637
f 4069 4042 4066
f 4089 4067 4090
f 4042 3860 4068
f 3240 3241 3238
f 4027 455 1344
f 4091 4092 3979
f 2405 4083 2400
f 1636 4093 1635
f 4093 1636 4075
f 3118 3661 1634
f 1043 4000 1403
f 3985 4094 1678
f 4095 4096 4097
f 2798 3761 2131
f 3966 4093 4071
f 3834 3263 3835
f 1167 3956 1166
f 3598 2660 3635
f 1746 1742 3919
f 2872 2869 3399
f 4083 2405 2571
f 1345 1815 1344
f 1486 3529 1480
f 1481 4098 1484
f 3643 2502 2246
f 2644 2251 4099
f 3914 4018 2871
f 3446 3814 3447
f 3905 4100 3904
f 2903 1070 4100
f 2901 2903 3905
f 2469 2303 4087
f 2303 2469 2301
f 3979 3950 3980
f 1797 2551 792
f 2480 2475 4101
f 3950 3947 3984
f 396 395 4102
f 4102 4103 396
f 4102 3869 4104
f 1990 2208 1989
f 3963 1789 3426
f 3890 3889 4105
f 4073 3890 4106
f 4106 4105 4107
f 872 871 3417
f 3407 3417 3406
f 2083 3618 1607
f 3987 1606 3986
f 169 168 3467
f 3829 2081 1888
f 1927 1993 1923
f 3143 2654 4108
f 4109 4107 4108
f 4107 871 3143
f 4108 4110 4109
f 3848 2315 3846
f 2654 2653 4110
f 4110 2655 4111
f 1285 1284 2463
f 3981 1083 1432
f 4091 1432 2758
f 4082 4112 3911
f 3895 1489 4112
f 528 3912 527
f 1489 3895 2776
f 3339 3895 4082
f 2944 2943 3172
f 671 2973 670
f 710 4017 708
f 4076 1199 3663
f 2948 2949 2352
f 2074 4113 1807
f 1070 2903 1068
f 949 948 3601
f 1588 1586 3358
f 3358 1702 3352
f 1432 4091 3981
f 2645 1083 3982
f 1049 1051 1020
f 1051 1557 1019
f 2761 3657 2564
f 1570 4101 1571
f 4114 4115 4116
f 4117 3943 4114
f 4118 4114 3773
f 3773 4116 3771
f 2868 2867 4019
f 4119 3872 3493
f 3872 4119 3871
f 3753 3755 3292
f 3756 3936 3755
f 3321 3942 3317
f 2913 3321 2454
f 4005 4033 4004
f 4002 4004 4069
f 2933 2932 4005
f 3172 2942 1704
f 3962 3960 1881
f 1881 1878 3962
f 4101 1570 2480
f 4107 4109 4106
f 394 4120 391
f 3483 2967 3482
f 1727 4121 1734
f 3805 3810 4122
f 3808 4122 4123
f 2768 4079 2777
f 2308 4078 2767
f 1462 1467 3462
f 3705 3707 3713
f 2708 1105 3974
f 1591 1595 3974
f 3974 3870 2708
f 2618 888 3706
f 14 18 16
f 3810 3241 1734
f 1735 3247 1728
f 2863 1109 1872
f 3479 3478 4088
f 2689 1159 2688
f 1834 1829 2847
f 2849 2848 2749
f 4103 3832 394
f 2172 4120 4008
f 3660 3659 4094
f 1680 1679 4024
f 4124 3528 2600
f 2600 2597 4124
f 2600 3530 3280
f 559 3281 556
f 3070 4039 3069
f 2647 2646 3682
f 493 2161 2877
f 768 762 3526
f 3478 4096 4125
f 3840 3839 3525
f 3525 3989 1877
f 3555 3857 3554
f 4126 4127 3859
f 3954 4126 3858
f 3464 3463 3185
f 4080 1201 4076
f 4128 1319 3755
f 3103 3292 3568
f 3292 3293 3753
f 3568 4129 1320
f 1320 10 3568
f 4085 4099 2500
f 3034 1155 3778
f 3286 3512 1644
f 3812 3683 3892
f 4027 4130 3475
f 4130 4027 4113
f 1822 3092 1817
f 3677 3994 694
f 1033 1247 1031
f 3744 2521 3867
f 3151 931 938
f 4081 759 3309
f 4130 578 4028
f 4113 2074 4130
f 4028 577 3803
f 3788 3787 1912
f 3565 3888 3698
f 4103 4102 3831
f 2841 3794 1713
f 3335 2643 3819
f 4084 3944 3819
f 3819 4131 4084
f 3692 3691 843
f 1944 3122 1942
f 2108 2107 3398
f 3493 3395 4119
f 2122 3922 2902
f 4072 4132 2174
f 1318 3012 1317
f 3708 938 2941
f 2347 2036 3482
f 2036 2347 3669
f 3046 999 2895
f 2895 1585 3046
f 3357 2955 3045
f 3046 1587 3045
f 3009 3449 3015
f 2655 1809 4125
f 2682 386 3524
f 9 10 1316
f 1314 1319 3448
f 3973 3996 4133
f 2821 2829 3995
f 2758 3550 4091
f 3163 3491 3162
f 2328 2327 3522
f 3519 689 3518
f 3793 4134 3367
f 3373 4016 3372
f 3448 4128 3933
f 4088 1814 3479
f 4133 4135 3973
f 3964 3966 3990
f 3967 3712 3966
f 3744 3869 2519
f 663 3549 655
f 1402 2311 1396
f 1792 1798 1796
f 4134 3793 4127
f 4136 4134 4126
f 4134 4136 3373
f 3927 4034 3928
f 3769 3774 3927
f 3697 3626 465
f 1783 1778 3538
f 2909 3539 2908
f 3963 3893 2060
f 4137 4123 4138
f 3556 3558 4137
f 3557 3556 4138
f 3855 4138 4090
f 4121 1727 4067
f 4123 4121 4089
f 4040 3553 1799
f 2707 3765 3044
f 3252 4006 1559
f 1559 1311 1558
f 3735 3841 3733
f 3185 3186 3464
f 1853 3909 4080
f 3712 3967 3039
f 4009 3760 4007
f 4109 4111 4095
f 4106 4095 4073
f 3626 3625 1695
f 2924 2970 725
f 3159 4139 3157
f 2971 777 3159
f 4139 3792 3953
f 3649 2136 513
f 3668 3977 1153
f 2739 2735 2737
f 3426 3861 3963
f 3160 4118 3767
f 3953 4117 4118
f 2744 2049 1095
f 2643 2639 4131
f 4131 2644 4085
f 2708 3764 2707
f 3320 3316 2875
f 777 776 4139
f 3943 4117 3268
f 629 582 869
f 3314 4098 4124
f 3813 4077 3242
f 2669 864 1853
f 3067 3069 1800
f 2931 2108 3397
f 426 3551 3256
f 3209 3211 3207
f 3129 2745 3371
f 3513 536 3995
f 536 3073 4133
f 3548 2627 659
f 3096 3784 3095
f 10 8 135
f 1726 1732 4003
f 2271 3042 2270
f 3831 4104 1518
f 2773 4140 1491
f 3307 3855 3860
f 2338 3865 2919
f 2339 2338 2341
f 539 1798 538
f 3595 3094 4037
f 2575 1870 2906
f 3344 3211 3988
f 3618 2083 3177
f 3073 3068 4135
f 4101 2479 4141
f 1571 4141 1578
f 1206 2815 3582
f 1276 2594 4097
f 333 1534 2884
f 2109 3030 2107
f 4132 4072 4022
f 3672 4132 3670
f 3759 4140 4022
f 3830 3570 1868
f 4140 2773 3670
f 2907 1871 2706
f 3371 4142 3129
f 3370 3372 4142
f 1578 3697 467
f 3576 4115 3614
f 4098 3314 1937
f 3809 3808 4137
f 3558 2388 3809
f 1366 3931 1367
f 2955 3357 3355
f 3045 1588 3357
f 4126 3954 4136
f 2454 3322 2453
f 1550 1558 1551
f 3831 1521 4103
f 3988 3212 3047
f 3952 717 2082
f 2222 4143 4015
f 3616 3576 3613
f 2906 1865 1871
f 3128 3969 807
f 727 2849 2748
f 3309 3308 4081
f 1703 2942 498
f 3449 3448 3932
f 3392 3527 761
f 2219 3126 4143
f 2773 2770 3671
f 1575 4070 1573
f 1578 467 4070
f 2326 3991 1053
f 3625 3325 1696
f 3550 3948 4092
f 648 642 646
f 2 6 3
f 2 8 5
f 4 137 6
f 8 2 1
f 5 8 10
f 7 1 12
f 14 21 15
f 17 21 14
f 14 13 19
f 20 61 13
f 21 92 22
f 15 22 23
f 25 28 26
f 28 25 29
f 31 29 25
f 33 42 34
f 36 33 32
f 33 36 38
f 32 34 40
f 34 43 41
f 42 45 43
f 37 46 42
f 45 42 46
f 40 41 48
f 39 40 47
f 49 262 50
f 52 147 53
f 55 52 51
f 57 59 55
f 52 55 59
f 54 77 56
f 61 20 62
f 19 13 61
f 65 68 66
f 67 264 68
f 68 277 69
f 65 64 71
f 64 66 73
f 64 72 74
f 75 73 66
f 76 133 77
f 79 133 76
f 80 76 54
f 80 81 78
f 80 51 53
f 83 88 84
f 85 17 82
f 87 84 88
f 89 85 84
f 83 954 90
f 91 954 83
f 17 85 92
f 16 91 82
f 94 99 95
f 97 98 95
f 98 152 93
f 100 111 101
f 99 101 96
f 102 100 99
f 104 106 57
f 59 57 106
f 108 106 104
f 110 114 111
f 113 96 101
f 112 101 111
f 115 97 96
f 117 115 113
f 1 3 118
f 12 118 120
f 122 120 118
f 121 118 3
f 119 131 125
f 11 124 127
f 124 125 128
f 130 125 131
f 130 322 128
f 132 150 129
f 129 77 133
f 123 3 6
f 119 124 11
f 131 119 120
f 7 11 126
f 98 97 134
f 134 97 115
f 134 6 137
f 86 149 138
f 88 90 139
f 89 108 107
f 106 108 138
f 141 151 140
f 62 142 114
f 23 156 143
f 112 114 142
f 20 23 142
f 138 149 144
f 146 58 144
f 105 144 58
f 147 52 58
f 145 144 149
f 148 149 86
f 108 89 87
f 103 57 56
f 123 115 117
f 150 56 77
f 122 160 132
f 140 92 85
f 151 22 92
f 136 154 152
f 152 155 153
f 154 321 155
f 151 141 157
f 22 151 156
f 156 157 116
f 117 116 157
f 158 122 121
f 158 157 141
f 116 113 112
f 159 104 103
f 159 141 107
f 150 132 160
f 158 159 160
f 162 28 27
f 28 162 163
f 164 182 27
f 166 172 167
f 169 166 165
f 170 224 165
f 172 166 173
f 175 167 172
f 171 173 177
f 166 169 178
f 179 177 173
f 72 26 163
f 72 73 24
f 162 301 180
f 161 27 182
f 181 182 184
f 185 184 182
f 186 240 183
f 187 164 29
f 189 193 190
f 191 273 192
f 193 236 194
f 188 190 195
f 197 193 189
f 198 236 193
f 199 189 188
f 199 192 201
f 201 205 202
f 204 202 205
f 206 207 202
f 207 196 200
f 207 206 209
f 210 267 204
f 204 267 211
f 213 223 214
f 214 170 216
f 212 214 215
f 219 212 217
f 212 219 220
f 215 216 222
f 224 170 214
f 213 228 225
f 223 225 226
f 228 213 220
f 196 189 199
f 196 207 208
f 71 74 230
f 232 70 233
f 70 71 229
f 67 65 70
f 176 232 231
f 234 174 231
f 235 234 233
f 167 175 216
f 236 35 50
f 190 194 237
f 239 41 43
f 238 43 45
f 232 176 241
f 242 241 176
f 244 247 245
f 246 245 247
f 248 249 247
f 249 219 218
f 250 3420 248
f 243 245 252
f 243 251 254
f 253 250 244
f 245 246 255
f 256 295 252
f 258 239 238
f 240 186 257
f 258 257 260
f 258 259 261
f 35 32 39
f 194 50 262
f 73 75 263
f 30 25 24
f 241 242 264
f 177 179 265
f 171 231 174
f 35 236 198
f 267 210 268
f 210 323 269
f 211 267 266
f 203 205 272
f 201 274 272
f 274 201 192
f 275 235 229
f 242 265 276
f 264 276 277
f 44 46 279
f 280 279 46
f 279 280 282
f 283 280 37
f 284 186 184
f 260 257 186
f 44 183 240
f 217 215 221
f 218 217 285
f 286 309 285
f 288 290 209
f 206 211 287
f 208 209 290
f 283 38 289
f 283 290 288
f 288 287 293
f 291 288 292
f 295 296 251
f 297 254 251
f 296 295 299
f 300 161 181
f 161 300 301
f 281 300 278
f 183 44 278
f 222 216 175
f 303 286 221
f 305 307 303
f 305 304 235
f 304 302 234
f 222 302 304
f 307 305 308
f 307 311 286
f 302 175 174
f 74 163 180
f 168 165 224
f 246 285 309
f 255 309 310
f 311 310 309
f 270 293 287
f 295 256 312
f 198 289 38
f 197 208 289
f 268 298 299
f 48 41 239
f 313 275 230
f 313 308 305
f 312 315 293
f 292 293 315
f 220 219 249
f 282 291 294
f 291 282 280
f 313 180 301
f 317 316 308
f 300 281 317
f 270 266 299
f 256 310 315
f 314 315 310
f 314 306 294
f 316 294 306
f 306 314 311
f 281 282 316
f 5 9 318
f 185 164 187
f 319 2412 284
f 320 137 4
f 154 136 137
f 320 1317 321
f 322 130 133
f 203 271 323
f 325 332 326
f 324 3786 327
f 328 3027 324
f 326 331 329
f 331 326 332
f 330 332 334
f 336 339 337
f 339 336 340
f 342 340 336
f 343 467 335
f 345 337 339
f 347 352 348
f 349 3376 350
f 346 348 351
f 352 2169 353
f 354 1790 352
f 356 358 357
f 358 361 359
f 361 358 362
f 361 3600 363
f 364 362 358
f 366 377 367
f 368 369 365
f 369 372 370
f 372 369 373
f 374 373 369
f 376 367 377
f 379 383 380
f 382 380 383
f 384 1547 385
f 378 1962 384
f 386 2681 383
f 379 385 387
f 389 2396 390
f 391 392 389
f 393 2395 389
f 388 396 394
f 396 388 390
f 398 403 399
f 400 1014 397
f 399 405 401
f 403 398 404
f 403 2132 405
f 407 413 408
f 406 408 410
f 412 408 413
f 415 412 411
f 416 417 412
f 417 410 408
f 413 407 419
f 421 2824 422
f 423 424 420
f 424 602 425
f 422 3551 426
f 428 431 429
f 431 428 432
f 434 429 431
f 435 2202 427
f 430 3053 433
f 433 3634 436
f 438 1565 439
f 440 444 437
f 442 438 437
f 441 437 444
f 446 442 441
f 447 772 443
f 449 454 450
f 448 3471 451
f 453 450 454
f 448 450 456
f 452 454 458
f 460 462 461
f 462 2344 463
f 460 3571 464
f 335 466 341
f 466 335 467
f 469 473 470
f 471 2448 472
f 473 478 474
f 475 476 470
f 476 471 468
f 478 473 479
f 481 3739 482
f 484 2978 481
f 483 481 480
f 485 3206 486
f 487 3210 485
f 489 492 490
f 491 499 492
f 489 2161 493
f 495 490 492
f 488 490 497
f 494 492 499
f 501 510 502
f 503 1322 500
f 505 503 502
f 503 505 507
f 504 1363 508
f 504 502 510
f 511 515 512
f 514 2132 512
f 515 517 513
f 516 2772 517
f 515 511 518
f 520 523 521
f 523 520 524
f 526 524 520
f 521 530 528
f 522 841 529
f 523 529 530
f 532 534 533
f 534 3225 535
f 536 3513 534
f 531 3072 537
f 538 3553 531
f 539 538 533
f 541 544 542
f 544 541 545
f 547 542 544
f 549 550 545
f 550 1862 543
f 548 545 541
f 553 555 554
f 556 3530 557
f 555 557 558
f 555 553 559
f 552 554 561
f 563 552 560
f 565 2146 566
f 568 565 564
f 567 564 570
f 567 3031 571
f 572 570 564
f 574 579 575
f 573 582 576
f 577 578 574
f 578 2074 579
f 581 576 582
f 583 577 576
f 585 590 586
f 584 586 588
f 586 594 589
f 591 2088 592
f 593 591 590
f 590 592 594
f 392 598 595
f 597 595 598
f 599 598 392
f 393 595 601
f 277 425 602
f 425 277 276
f 603 421 420
f 69 602 604
f 602 424 605
f 606 435 429
f 608 612 609
f 611 609 612
f 613 1683 610
f 607 3031 614
f 612 608 615
f 617 622 618
f 616 1610 619
f 338 340 616
f 621 618 622
f 620 622 624
f 625 624 622
f 627 630 628
f 629 630 580
f 630 629 631
f 632 3222 633
f 634 627 626
f 635 632 626
f 637 2310 638
f 636 641 639
f 641 636 642
f 636 638 643
f 645 647 646
f 643 1230 644
f 647 1094 648
f 355 357 650
f 649 650 652
f 357 359 653
f 655 657 656
f 658 664 656
f 660 658 657
f 659 657 655
f 662 1007 654
f 654 1009 663
f 664 744 662
f 666 668 667
f 668 957 669
f 667 669 671
f 370 372 668
f 666 1161 672
f 674 677 675
f 677 674 678
f 680 677 676
f 682 678 674
f 683 781 678
f 685 687 686
f 687 690 688
f 689 1168 690
f 692 684 693
f 684 686 694
f 696 699 697
f 699 696 700
f 700 696 702
f 702 696 695
f 699 706 704
f 706 699 698
f 708 716 709
f 707 2547 710
f 707 709 712
f 709 715 713
f 715 709 716
f 716 708 718
f 720 726 721
f 723 720 719
f 725 721 726
f 719 721 728
f 721 725 729
f 731 187 31
f 572 734 733
f 734 737 735
f 737 734 738
f 739 2164 740
f 732 733 741
f 662 744 743
f 744 2973 745
f 747 753 748
f 750 746 751
f 752 751 746
f 754 1667 755
f 753 747 756
f 753 755 757
f 759 3391 760
f 762 764 760
f 758 760 764
f 763 2129 765
f 758 765 766
f 764 762 768
f 447 773 770
f 772 447 769
f 773 447 444
f 771 769 775
f 774 3266 776
f 777 772 771
f 779 784 780
f 782 779 778
f 784 779 785
f 784 398 397
f 783 404 398
f 786 785 779
f 785 786 787
f 554 558 788
f 560 561 790
f 791 790 561
f 789 790 793
f 795 801 796
f 796 805 798
f 794 796 797
f 801 795 802
f 804 801 800
f 801 804 805
f 807 810 808
f 809 3976 810
f 812 806 813
f 806 808 814
f 810 3728 815
f 817 2417 818
f 820 817 816
f 817 820 822
f 824 822 820
f 819 816 826
f 816 818 827
f 829 840 830
f 832 840 833
f 835 828 830
f 828 835 837
f 838 829 828
f 839 830 840
f 839 2792 834
f 842 418 843
f 841 522 844
f 845 529 841
f 847 855 848
f 850 847 846
f 851 3233 849
f 852 2293 853
f 852 848 855
f 853 851 846
f 857 860 858
f 859 990 860
f 857 2035 861
f 863 858 860
f 864 2033 856
f 866 870 867
f 865 867 869
f 870 3416 631
f 872 870 866
f 874 877 875
f 876 2056 877
f 497 876 874
f 880 878 881
f 873 881 878
f 883 887 884
f 885 3843 886
f 888 1766 884
f 882 884 889
f 891 895 892
f 894 892 895
f 896 731 890
f 898 901 899
f 900 2409 901
f 902 3331 903
f 905 899 901
f 897 899 906
f 908 911 909
f 911 1905 912
f 913 909 911
f 914 1905 911
f 907 909 916
f 918 921 919
f 920 921 609
f 921 918 607
f 917 923 571
f 923 917 924
f 921 920 925
f 926 924 917
f 919 925 927
f 929 933 930
f 932 930 933
f 932 937 935
f 934 2820 930
f 937 932 931
f 933 929 939
f 941 944 942
f 943 1237 944
f 946 942 944
f 947 3999 940
f 949 941 940
f 254 297 951
f 253 254 950
f 30 1061 730
f 90 956 953
f 91 2523 955
f 956 90 954
f 372 371 957
f 370 672 366
f 959 964 960
f 962 960 963
f 965 963 960
f 966 3877 961
f 968 970 969
f 937 3589 969
f 971 1348 972
f 970 972 935
f 967 2026 973
f 970 968 974
f 975 974 968
f 976 458 454
f 978 1556 979
f 980 981 977
f 981 3253 982
f 981 980 984
f 986 993 987
f 989 986 985
f 990 859 985
f 859 861 988
f 992 990 987
f 993 995 991
f 994 2408 995
f 997 1001 998
f 996 998 1000
f 1001 1006 1002
f 1001 997 1004
f 1006 1001 1003
f 742 1010 1007
f 1009 654 1007
f 1010 1756 1008
f 1011 2007 1010
f 1012 1011 742
f 1014 400 1015
f 780 397 1014
f 1016 1018 47
f 49 47 1018
f 1019 1171 1017
f 1018 1016 1020
f 1022 1028 1023
f 1024 1025 1021
f 1025 1431 1026
f 1027 1022 1021
f 1028 1030 1029
f 697 704 1030
f 1028 1022 695
f 1032 1037 1033
f 1035 1247 1033
f 1034 1033 1037
f 1036 1037 1039
f 1040 1039 1037
f 596 1045 1042
f 1043 1403 1044
f 597 596 1041
f 1045 596 598
f 597 1044 1047
f 1044 1403 1048
f 1020 1058 1050
f 1049 1053 1052
f 1049 1050 1054
f 1050 1057 1055
f 1057 1050 1058
f 1060 730 1061
f 1063 1065 989
f 1062 989 988
f 1065 1066 986
f 1066 994 993
f 1068 1074 1069
f 1067 3601 1070
f 1071 3379 1067
f 1073 1071 1069
f 1074 3833 1072
f 1075 3922 1074
f 1077 795 794
f 1078 802 795
f 1080 1084 1081
f 1083 1081 1084
f 1085 1086 1084
f 1087 1435 1088
f 1082 1084 1086
f 1089 1087 1086
f 1091 1096 1092
f 1094 647 1092
f 1093 1092 1096
f 1090 1092 647
f 1098 1091 1090
f 1090 645 1099
f 1101 1106 1102
f 1104 1107 1101
f 1106 1101 1107
f 1105 2704 1108
f 1106 1108 1109
f 1111 1119 1112
f 1114 1115 1112
f 1115 1954 1110
f 1115 1114 905
f 906 1114 1113
f 1113 1112 1119
f 1117 1113 1118
f 1122 1129 1123
f 1125 1129 1122
f 1126 1477 1121
f 1128 1126 1123
f 1129 2617 1127
f 1131 1139 1132
f 1134 1130 1135
f 1130 1132 1136
f 1138 1132 1139
f 1137 1139 1141
f 782 1145 1142
f 1144 1142 1145
f 1146 787 786
f 1143 1859 1147
f 1143 1145 683
f 1150 1154 1151
f 1153 1151 1154
f 1155 3032 1151
f 1156 2166 1152
f 1157 1156 1154
f 1149 2462 1158
f 1159 1157 1150
f 1161 666 665
f 1161 1163 1162
f 1160 2059 1163
f 1164 1563 1160
f 665 667 670
f 1038 1039 1166
f 1039 1040 1167
f 690 1040 1032
f 1168 1167 1040
f 1017 1169 262
f 1169 1312 237
f 1169 1017 1171
f 1173 2865 1174
f 1172 1177 1175
f 1177 1172 1178
f 1177 1180 1179
f 1176 3718 1180
f 1172 1174 1181
f 407 1183 1181
f 1183 407 406
f 1185 355 649
f 703 695 1022
f 1187 1193 1188
f 1186 1188 1190
f 1189 2588 1191
f 1188 1194 1192
f 1193 1196 1194
f 1195 2491 1196
f 1197 1195 1193
f 1199 1201 1200
f 1201 3909 863
f 1203 1198 1204
f 1205 1204 1198
f 1207 1212 1208
f 1209 2815 1206
f 1211 1208 1212
f 1214 1207 1215
f 1134 1212 1207
f 1206 3582 1215
f 1131 1214 1213
f 1139 1131 1216
f 1130 1134 1214
f 1218 1222 1219
f 1220 4083 1221
f 1222 3699 1223
f 1219 1223 1225
f 1224 1220 1217
f 1226 3701 1222
f 1228 643 638
f 1230 643 1228
f 566 738 734
f 736 738 1232
f 570 572 732
f 1234 1239 1235
f 1236 1971 1233
f 1238 1235 1239
f 1239 1234 1240
f 1242 1246 1243
f 1245 1243 1246
f 1247 1035 1246
f 1249 1242 1241
f 1242 1249 1250
f 1251 1255 1252
f 825 826 1253
f 825 1252 1254
f 1255 2833 1256
f 1258 1264 1259
f 1260 1261 1257
f 1261 78 81
f 1263 1259 1264
f 1266 228 227
f 228 1266 1267
f 1266 1269 1268
f 1265 3285 1269
f 1271 1275 1272
f 1274 1272 1275
f 1276 4097 1273
f 1270 1280 1278
f 1280 1270 1272
f 1282 1287 1283
f 1285 1288 1282
f 1287 1282 1288
f 1290 1287 1286
f 1291 1283 1287
f 1293 1300 1294
f 1295 2407 1292
f 1297 1293 1292
f 1299 1294 1300
f 1302 1308 1303
f 1305 1306 1303
f 1306 3865 1301
f 1307 1419 1308
f 1304 1303 1308
f 1301 1995 1310
f 195 237 1312
f 1311 4006 191
f 9 1316 1313
f 1315 1313 1316
f 1317 320 318
f 1313 1315 1318
f 1314 1316 1320
f 500 1323 1321
f 1322 1326 1323
f 1325 1323 1326
f 1327 1321 1323
f 1328 2713 1321
f 1330 1340 1331
f 1333 1335 1331
f 1335 1333 1336
f 1329 1331 1335
f 1339 1333 1332
f 1340 3587 1332
f 1342 1345 1343
f 456 1343 1345
f 1341 1343 453
f 1341 3508 1347
f 450 453 1343
f 972 1349 934
f 1348 3068 1349
f 1351 1356 1352
f 1352 1357 1354
f 1355 2063 1356
f 1356 2062 1357
f 1351 1350 1359
f 1358 3954 1355
f 1360 507 505
f 1362 508 1363
f 879 1370 1364
f 1366 1367 1364
f 1368 488 496
f 880 1364 1367
f 1365 1372 1369
f 1370 1373 1365
f 1372 1365 1373
f 749 751 1375
f 1377 749 1374
f 1374 1375 1379
f 1375 1381 1380
f 1381 1375 751
f 1382 1218 1217
f 1383 1226 1218
f 1385 1391 1386
f 1384 1386 1388
f 1390 1386 1391
f 1386 1390 1392
f 1391 1385 1394
f 1395 1400 1396
f 1048 1396 1398
f 1399 3131 1400
f 1402 1396 1400
f 1403 1399 1395
f 1405 1407 1406
f 1407 1410 1408
f 1410 1407 1411
f 1404 1089 1412
f 1413 1411 1407
f 1415 1309 1416
f 1416 1419 1418
f 1419 1416 1309
f 1419 1307 1420
f 1421 1304 1309
f 1423 1393 1424
f 1393 1394 1425
f 1393 1423 1389
f 1423 1686 1426
f 1026 1429 1427
f 904 3173 1427
f 1429 2410 1428
f 1429 1026 1431
f 1082 1088 1433
f 1433 1088 1435
f 1437 1439 1438
f 1439 922 1440
f 1439 1437 1442
f 1444 1437 1436
f 1446 1448 1447
f 1449 3465 1450
f 1451 1449 1448
f 1445 2428 953
f 1446 953 956
f 1237 943 1452
f 1237 1239 945
f 1453 1970 1238
f 943 3378 1454
f 1456 1459 1457
f 601 1046 1456
f 1459 1456 1046
f 1458 1456 1455
f 1462 1464 1463
f 1464 2589 653
f 1465 2444 1466
f 1461 1463 363
f 1461 1466 1467
f 1436 1438 1469
f 1443 1436 1468
f 1472 1126 1128
f 1473 4062 1474
f 1471 1128 1476
f 1472 1474 1477
f 1479 1487 1480
f 1481 1484 1478
f 1483 1478 1484
f 1486 1480 1487
f 525 520 519
f 527 1489 519
f 1489 2776 1488
f 1488 2769 1490
f 525 1490 1491
f 1493 1495 1494
f 1495 1771 1496
f 1495 1493 1498
f 1500 1492 1501
f 1502 1493 1492
f 1492 1494 1503
f 1494 1496 1504
f 1506 272 274
f 272 1506 1507
f 1509 1514 1510
f 1511 2125 1508
f 1513 1511 1510
f 1515 1512 1510
f 1516 3902 1514
f 1518 2160 1519
f 1521 1517 1522
f 1523 1522 1517
f 1524 1525 1522
f 1525 4009 1520
f 1527 1529 1528
f 1529 1532 334
f 1530 1533 1529
f 1532 1529 1533
f 333 334 1532
f 1535 1537 1533
f 1531 1533 1537
f 1539 1541 486
f 1541 1539 1542
f 1544 1539 1538
f 483 486 1541
f 1544 387 385
f 1545 385 1547
f 1547 384 1549
f 1548 2861 1546
f 1550 978 977
f 1551 1555 978
f 1553 1555 1554
f 1555 1553 1556
f 1555 1551 1557
f 1550 982 1559
f 664 658 1561
f 1560 2973 744
f 1562 1561 658
f 1563 1164 1561
f 1164 670 1560
f 1564 1569 1565
f 1567 439 1565
f 1566 1565 1569
f 1571 1575 1572
f 1574 1572 1575
f 1572 1574 1577
f 1578 4070 1575
f 1580 1382 1221
f 1411 1413 1582
f 1583 1413 1405
f 1409 1411 1581
f 1585 3569 1584
f 1413 1583 1586
f 1587 1585 1581
f 1582 1586 1588
f 1590 1595 1591
f 1593 1594 1590
f 1594 3703 1595
f 1590 1589 1596
f 1593 1592 1598
f 1600 1605 1601
f 1602 3014 1599
f 1604 1601 1605
f 1600 1608 1607
f 1599 4032 1608
f 1606 3952 1605
f 338 1609 344
f 1609 338 618
f 1610 616 340
f 1611 1613 1540
f 1612 1616 1613
f 1615 1613 1616
f 1617 1540 1613
f 1546 1611 1542
f 1545 1542 1539
f 1540 1617 484
f 1187 1619 1618
f 1186 1191 1619
f 1621 1618 1619
f 1622 2954 1197
f 1624 1628 1625
f 1504 344 1609
f 1623 1625 1503
f 1623 1609 621
f 1501 1503 1625
f 1626 1625 1628
f 1627 1628 1630
f 1632 1637 1633
f 1631 3117 1634
f 1632 1634 1636
f 1638 2149 1639
f 1637 1639 1640
f 1637 1632 1635
f 1641 1307 1302
f 1307 1641 1642
f 1643 226 225
f 1644 1643 1267
f 226 1643 1645
f 1647 1652 1648
f 1649 1891 1646
f 1651 1647 1646
f 1652 1657 1653
f 1652 1647 1655
f 1657 1652 1654
f 1659 1185 1184
f 1184 649 651
f 1658 1184 1660
f 1662 2709 1660
f 1664 1666 1665
f 1666 755 1667
f 755 1666 1668
f 1669 1668 1666
f 1671 1664 1663
f 1672 2840 1663
f 1674 2728 1675
f 1673 1675 1677
f 1679 1673 1676
f 1680 1674 1673
f 1339 3585 1676
f 1682 610 1683
f 1682 2496 1426
f 610 1682 1684
f 611 1684 1685
f 1686 1685 1684
f 1687 1689 1324
f 1689 1687 1690
f 1688 1858 1147
f 1688 1690 1692
f 1687 1973 1693
f 1694 1697 1190
f 1696 1697 1694
f 341 1192 1194
f 1698 1189 1190
f 1700 1583 1412
f 1701 1704 1700
f 1583 1700 1702
f 1702 1700 1704
f 1706 1714 1707
f 1709 1716 1706
f 1707 1713 1711
f 1713 1707 1714
f 1714 1706 1716
f 1334 1336 1718
f 1337 1335 1334
f 1719 1334 1717
f 1720 1752 1721
f 1717 1718 1723
f 1722 4038 1720
f 1725 1732 1726
f 1728 1724 1729
f 1730 1725 1724
f 1732 1725 1733
f 1735 1728 1727
f 1387 1388 1737
f 1736 1737 1417
f 1738 1737 1388
f 1740 1744 1741
f 1739 3447 1742
f 1744 1740 1745
f 1743 1745 1119
f 1118 1119 1745
f 1746 1745 1740
f 1748 1757 1749
f 1747 4038 1751
f 1747 1749 1753
f 1755 1753 1749
f 1754 1749 1757
f 1757 1748 1759
f 1758 1008 1756
f 1761 1124 1762
f 1763 1762 1124
f 1764 3511 1762
f 889 1761 1760
f 1124 1761 1766
f 1767 1774 1497
f 1767 1770 1769
f 1498 2053 1770
f 1497 1773 1771
f 1773 1497 1774
f 1768 2579 1774
f 1776 1779 1777
f 1778 1782 1779
f 1779 1781 1408
f 1781 1779 1782
f 1783 2058 1782
f 1785 1791 354
f 1787 1791 1788
f 347 2799 1784
f 1784 1073 1789
f 1790 354 1791
f 792 793 1793
f 790 791 1794
f 1795 1793 793
f 1797 792 1792
f 1792 1793 1799
f 1801 1804 1802
f 928 1802 1804
f 1805 2472 1804
f 1807 1813 1808
f 1809 2075 1806
f 1811 1813 1812
f 1813 1811 1814
f 1815 1812 1813
f 1817 2190 1818
f 1820 1816 1821
f 1820 4035 1823
f 1816 1820 1822
f 1816 1818 1824
f 1825 3928 1819
f 1046 601 595
f 600 601 1458
f 1828 1831 1829
f 1831 1828 1832
f 1827 3640 1833
f 1834 3639 1827
f 1831 2749 1835
f 1837 1847 1838
f 1836 1841 1839
f 1841 1836 1842
f 1843 1842 1836
f 1845 1843 1838
f 1844 1838 1847
f 1848 811 1847
f 1850 1854 1851
f 1853 4080 1854
f 1852 1854 1850
f 1850 1849 1856
f 1144 1147 1858
f 1859 1324 1689
f 1859 1143 1148
f 1861 1866 1862
f 1864 1867 1861
f 1866 1861 1867
f 1869 1862 1866
f 1868 1866 1865
f 1867 1864 1872
f 342 1194 1196
f 1874 1876 1875
f 1753 1755 1876
f 1874 1721 1752
f 1878 1875 1876
f 1873 1875 1880
f 1881 1880 1875
f 1883 832 831
f 1884 1886 831
f 1882 831 1886
f 832 1883 1887
f 1889 1649 1890
f 1649 1889 1892
f 1889 2081 1893
f 1890 1649 1648
f 1895 1897 1896
f 1897 1895 994
f 1896 1658 1661
f 1897 1659 1658
f 1900 1902 1901
f 1902 663 1009
f 1008 1758 1901
f 1903 3549 663
f 1902 1900 1904
f 1905 1909 1906
f 1908 3896 1909
f 1909 3896 1910
f 1911 2506 912
f 1912 1911 1906
f 549 1915 1913
f 1915 549 548
f 550 549 1863
f 1916 1864 1863
f 1918 1920 1919
f 1921 3789 1922
f 1923 2165 1917
f 1925 1918 1917
f 1920 1922 1926
f 1919 1926 1927
f 1066 1065 1659
f 1065 1063 1185
f 1182 1930 1928
f 1182 406 409
f 1928 1932 1176
f 1178 1181 1183
f 1929 2899 1930
f 1932 1928 1930
f 1934 1941 1935
f 1933 3314 1936
f 1933 1935 1938
f 1940 1938 1935
f 1941 1943 1939
f 1942 3232 1943
f 1944 1942 1941
f 1892 1893 1946
f 1945 1946 1948
f 1891 1892 1945
f 1945 1947 1604
f 1110 1953 1950
f 1952 2830 1953
f 1954 1951 1953
f 1951 1956 1328
f 1956 1951 1954
f 478 1960 1957
f 1959 1957 1960
f 477 1961 1960
f 1961 3951 1958
f 1963 1549 384
f 1548 1549 1965
f 1415 1966 1965
f 1421 1965 1549
f 1966 2703 1964
f 1693 1972 1968
f 1968 1236 1970
f 1236 1968 1972
f 1973 506 1972
f 1690 1693 1967
f 1975 1979 1976
f 1978 1976 1979
f 1980 3946 1977
f 1979 1975 1981
f 1922 1975 1974
f 1974 1976 1642
f 1982 1927 1926
f 1983 2207 1984
f 1295 1984 1986
f 1984 1295 1294
f 1984 2207 1987
f 1985 1986 1989
f 1986 1987 1990
f 1310 1994 1991
f 1993 1991 1994
f 1991 1993 1927
f 1995 3666 1994
f 1997 2001 1998
f 2000 1998 2001
f 2002 3732 1999
f 2003 3622 2004
f 2005 1997 1996
f 2006 2003 1996
f 2008 1755 1754
f 1756 1010 2007
f 2007 1011 2009
f 2010 2012 1685
f 925 2012 2011
f 920 1685 2012
f 2014 1913 1915
f 2016 2017 2014
f 2017 1916 1913
f 2018 2015 2014
f 2019 2020 1957
f 474 1957 2020
f 2022 1705 2023
f 1710 2023 1705
f 1708 1706 1705
f 2024 3298 2021
f 2021 3299 2025
f 2026 1244 2027
f 2027 1035 1034
f 2028 975 973
f 1244 1246 1035
f 2029 1245 1244
f 2031 2034 2032
f 2033 2032 2034
f 856 2034 2035
f 2037 2041 2038
f 2036 3669 2039
f 2041 2037 2042
f 2043 3480 2040
f 2044 2042 2037
f 2046 2050 2047
f 1841 2050 2048
f 2049 2048 2050
f 2045 648 1094
f 2051 640 2045
f 1840 2047 2050
f 2047 1840 2052
f 2053 587 875
f 1768 1769 2055
f 877 1769 1770
f 2056 2055 1769
f 1780 1782 2058
f 2059 2057 2058
f 2058 1783 1162
f 1453 3061 1969
f 1235 1238 1970
f 2060 1788 1791
f 2062 1356 2063
f 2065 1357 2062
f 2064 2062 2061
f 1170 1558 1312
f 1005 1003 2068
f 2069 2072 2067
f 2071 2067 2072
f 2005 3611 2070
f 2002 2069 2068
f 2074 1807 1806
f 579 1806 2075
f 2077 1946 1893
f 2079 2077 2076
f 2077 2079 153
f 2081 3901 2076
f 1603 1650 1949
f 1891 1949 1650
f 1650 1603 2082
f 1947 1602 1601
f 1608 3937 2083
f 2085 2087 2086
f 2087 2085 2088
f 2087 2430 2089
f 2086 2089 1883
f 1882 1885 2084
f 2091 2632 2092
f 2094 2091 2090
f 2096 2098 2094
f 2091 2094 2098
f 2093 2969 2095
f 2099 2968 2093
f 2100 2099 2090
f 2102 2109 2103
f 2104 2105 2101
f 2105 3041 2106
f 2108 2103 2109
f 1104 2111 1589
f 2111 1104 1103
f 1589 2111 2112
f 2114 2116 2115
f 2116 2121 2117
f 2119 2115 2117
f 2118 3903 2120
f 2119 2671 2113
f 2122 2902 2117
f 2124 1508 2125
f 765 2128 2126
f 2128 765 2129
f 2131 2126 2128
f 2132 514 2133
f 402 512 2132
f 2133 2137 2135
f 2137 2133 514
f 2139 3664 2140
f 2142 2139 2138
f 1377 3746 2139
f 2143 2162 2144
f 2141 2138 2145
f 2141 2144 750
f 1442 2148 2146
f 1232 2146 2148
f 1441 1442 565
f 2149 2151 2150
f 2151 2178 2152
f 2153 1640 1639
f 1519 2158 2154
f 2155 1524 1523
f 2154 2157 416
f 2157 2154 2158
f 2159 2421 2156
f 2160 2159 2158
f 488 1368 2161
f 741 2163 756
f 2163 741 733
f 2162 2143 739
f 2143 2145 2164
f 2165 1923 2166
f 1924 1917 2165
f 2167 2165 1156
f 2169 352 1790
f 2171 353 2169
f 2173 1042 1045
f 599 4120 2172
f 1041 1042 2174
f 2176 2179 2177
f 2179 2176 2180
f 2182 2180 2176
f 2181 2176 2175
f 2175 2177 2185
f 2187 2189 2188
f 2190 1817 2191
f 2192 2188 2189
f 2186 2188 2194
f 2196 2198 2197
f 907 2197 2198
f 2199 2302 2195
f 915 2199 2197
f 908 2198 2200
f 2201 2147 2202
f 2204 2276 2205
f 1383 2206 2203
f 1987 2203 2206
f 2204 2203 1987
f 1990 2206 1580
f 2209 2210 1710
f 2023 1710 2210
f 2211 3388 2210
f 2209 2044 2039
f 2213 2220 2214
f 2215 2218 2212
f 2217 2212 2218
f 2220 2213 2221
f 2223 2214 2220
f 2219 4143 2222
f 2225 2229 2226
f 2228 2226 2229
f 2230 951 2224
f 2226 2228 2231
f 2232 2762 2229
f 2224 3599 269
f 2234 2236 2235
f 2159 2160 2236
f 2238 2235 2236
f 2239 1653 1657
f 2240 2239 2233
f 2242 1940 1939
f 1943 3234 2241
f 2244 2247 2245
f 2246 2251 2247
f 2247 2250 2248
f 2250 2247 2251
f 1824 2250 2249
f 2250 1824 1818
f 79 2257 2253
f 322 2253 2254
f 2256 2253 2257
f 2257 79 78
f 1261 1260 2255
f 1469 2260 2259
f 2258 3077 1468
f 1438 1440 2260
f 2262 2264 2259
f 2258 2259 2264
f 1440 3180 2265
f 2261 2259 2260
f 2266 2269 1568
f 2268 1566 1568
f 2267 1568 2269
f 2269 2266 2271
f 2272 2266 1569
f 2266 2272 2273
f 2275 2276 2204
f 2274 2204 2207
f 2276 2279 2277
f 2279 2276 2275
f 2281 2275 2274
f 2275 2281 1211
f 2283 2088 2085
f 2088 2283 2284
f 2286 3883 2287
f 2289 2285 2290
f 2289 3907 2292
f 2285 2289 2291
f 2290 2294 2293
f 2288 2290 852
f 2285 2287 2294
f 2295 2300 1880
f 2297 2300 2298
f 2299 2298 2300
f 2300 2297 1879
f 2302 2199 2303
f 2305 2195 2302
f 2304 2308 2306
f 2307 4078 2308
f 2304 2302 2301
f 1333 1339 1677
f 1336 1677 1675
f 2310 637 2311
f 2310 3629 1227
f 2312 2631 2098
f 2314 2096 2095
f 2316 2318 2317
f 2318 1531 1536
f 2319 1534 2318
f 1534 1532 1531
f 2321 2319 2316
f 2315 4074 2320
f 169 3467 2322
f 2323 2325 2324
f 961 2326 2323
f 1054 1055 2325
f 1054 2323 2326
f 2328 2324 2325
f 603 276 265
f 2329 265 179
f 2332 2339 2333
f 2331 2333 2335
f 2337 2335 2333
f 2339 2332 2340
f 2336 2333 2339
f 2343 2346 2344
f 463 2344 2346
f 2342 2344 462
f 2348 463 2345
f 2349 3669 2345
f 2351 2554 2352
f 2353 2351 2350
f 2355 2554 2351
f 2280 2274 1983
f 2280 2350 1209
f 2357 1394 1385
f 2358 1425 1394
f 606 2361 2360
f 2361 3483 2362
f 2363 3205 2359
f 345 1496 1771
f 344 1504 1496
f 1773 3721 2364
f 2366 2368 2367
f 2368 3542 1354
f 2369 4065 2368
f 2365 713 715
f 2371 3837 2372
f 2370 2372 2374
f 2000 2371 2370
f 2371 2000 1999
f 2006 2375 2378
f 2375 2370 2373
f 2353 1983 1299
f 1298 1300 2379
f 2380 2382 1512
f 1513 1512 2382
f 2381 2382 2384
f 2385 2399 2380
f 2382 2380 2386
f 2388 1098 1097
f 1099 2808 2387
f 1091 1098 2390
f 1954 1115 1116
f 2391 2393 2063
f 2392 3302 2393
f 2061 2063 2393
f 2395 2398 2396
f 2397 3465 2398
f 600 2397 2395
f 2400 2404 2401
f 2402 2404 1224
f 2403 2401 2404
f 1220 1224 2404
f 2386 2380 2399
f 2399 2385 2405
f 2407 1295 1985
f 2406 995 2408
f 1296 1292 2407
f 905 904 1428
f 2409 3173 904
f 1116 1428 2410
f 260 284 2412
f 259 260 2411
f 2415 2418 2416
f 2417 2416 2418
f 2419 2538 2416
f 2420 3641 2418
f 2421 2159 2234
f 2233 1657 1656
f 2423 2426 2424
f 2426 2423 2427
f 148 2428 2424
f 2426 146 145
f 2428 1445 2422
f 2429 2430 593
f 2430 2087 591
f 990 992 862
f 2432 2436 2433
f 2435 2433 2436
f 2437 2504 2433
f 2439 2435 2434
f 2440 2437 2435
f 1079 1081 2442
f 1701 1080 1079
f 2441 2583 2443
f 705 698 2445
f 2444 1465 2446
f 705 2446 2447
f 1064 988 861
f 2450 2296 2451
f 1330 2455 2450
f 2451 2456 2454
f 2455 2297 2296
f 2456 2451 2296
f 991 2458 2457
f 995 2406 2458
f 1204 1205 2457
f 2406 1985 1988
f 2459 2457 2458
f 1158 2461 2460
f 2461 1158 2462
f 2462 1149 2464
f 2466 1483 1482
f 1483 2466 2196
f 2465 3743 2200
f 1937 1938 1482
f 1478 1483 2467
f 2232 323 271
f 2469 4087 2470
f 928 1803 2468
f 1803 1804 2472
f 2471 2469 2468
f 929 2468 2470
f 2474 2477 2475
f 2477 2474 1671
f 2479 2475 2477
f 2480 3984 2473
f 2482 2485 2483
f 2484 551 2481
f 2482 2778 2486
f 2483 2485 2488
f 2490 2778 2482
f 2481 540 2489
f 1610 1196 2491
f 337 345 2364
f 2492 2493 1681
f 2493 2540 2494
f 1683 613 2495
f 2496 1682 1681
f 2497 3438 2436
f 2499 2432 2431
f 2498 3791 2500
f 2499 2500 2502
f 2432 2499 2501
f 2431 2433 2504
f 2505 2506 798
f 910 912 2506
f 797 798 2506
f 2507 2505 2193
f 805 2186 2193
f 2509 2515 2510
f 2508 1886 1884
f 2511 2512 2508
f 1886 2508 2512
f 2514 2510 2515
f 2510 2514 2516
f 1121 4030 1763
f 2517 3678 1537
f 2519 2524 2520
f 18 19 2521
f 2523 2525 2520
f 2524 2526 2522
f 2525 18 2518
f 2524 390 2396
f 2527 2530 1135
f 1132 1138 2528
f 2529 2527 1136
f 2530 3546 1133
f 781 683 1145
f 692 959 958
f 964 959 2533
f 691 2533 959
f 2535 2415 2414
f 2415 2535 2536
f 2414 2416 2538
f 1737 1738 2539
f 1392 2494 2540
f 1738 2540 2541
f 1417 2539 1414
f 2542 1414 2539
f 1283 1291 2544
f 1281 1283 2543
f 2461 1281 2545
f 1284 1282 1281
f 2547 707 711
f 2549 710 2547
f 2546 711 1929
f 2198 2196 2466
f 2467 2196 2195
f 562 2552 2550
f 789 2551 562
f 2551 3285 2552
f 2354 2379 2314
f 2554 2355 2555
f 2096 2314 2379
f 2355 2314 2313
f 1300 1293 2312
f 2557 2566 2558
f 2559 3119 2556
f 2561 2557 2556
f 2558 2567 2562
f 2564 2566 2565
f 2566 2564 2567
f 1202 2573 2568
f 2569 2570 1203
f 2570 1199 1198
f 2572 2569 2568
f 2208 1580 1579
f 2571 2568 2573
f 2573 1202 2574
f 1775 1777 2576
f 2575 2906 2577
f 2576 1410 1409
f 1410 2576 1777
f 2578 1870 2575
f 2054 2580 2579
f 2580 2582 2581
f 1772 1774 2579
f 2441 2442 2582
f 2583 2441 2580
f 1191 2588 2585
f 1620 1619 1191
f 2586 2588 1189
f 2587 2585 2588
f 1463 653 359
f 2589 652 650
f 2590 3540 2419
f 2591 2590 821
f 2590 2591 2593
f 2594 2591 822
f 2417 817 821
f 2595 947 942
f 2597 2599 2565
f 2563 2565 2599
f 2566 2557 2596
f 2600 3280 2599
f 2602 2597 2596
f 2411 2412 2604
f 2413 2411 2603
f 1056 2603 2605
f 894 2605 2603
f 2412 319 896
f 886 2607 373
f 371 373 2607
f 1526 1528 325
f 2609 1527 1526
f 2608 1526 327
f 2612 2609 2608
f 2611 2608 2610
f 461 463 2348
f 2614 2348 2616
f 992 2457 1205
f 1574 2581 2582
f 1573 1772 2581
f 2442 2645 1577
f 2618 3706 2619
f 2617 2619 2620
f 1125 2618 2617
f 2619 3706 2622
f 2624 1216 1213
f 2625 1141 1216
f 2624 2951 2626
f 2628 1562 660
f 2629 1898 2630
f 2631 2629 2097
f 2632 2091 2097
f 2630 2634 2633
f 1898 1661 2634
f 1898 2629 1894
f 2282 2085 2084
f 1885 2512 2635
f 2637 2282 2635
f 2282 2637 2638
f 2639 2641 2252
f 1825 2252 2641
f 2641 2639 2643
f 2644 2639 2249
f 2645 2442 1081
f 2647 2652 2648
f 2650 2652 2651
f 1567 2648 2652
f 439 1567 2650
f 1921 2651 2652
f 575 2075 2653
f 2654 865 868
f 2075 1809 2655
f 2657 1278 1280
f 2658 2659 1278
f 2659 2734 1277
f 1279 3477 2656
f 2656 3064 2660
f 2523 2522 2661
f 91 16 2525
f 2294 2665 2662
f 2663 853 2293
f 2662 2666 2664
f 2665 3788 2666
f 2665 2294 2287
f 1627 2966 2429
f 2668 2670 2032
f 2669 2668 2033
f 2670 3520 2030
f 2671 2677 2672
f 2672 2676 2674
f 2676 2672 2677
f 2679 2677 2671
f 2119 2120 2678
f 2681 386 2682
f 2680 2682 2184
f 2684 2681 2680
f 2184 2685 2183
f 2682 3524 2685
f 769 770 2686
f 774 775 2688
f 2167 2689 2686
f 2689 2688 775
f 770 1925 1924
f 773 2649 1925
f 1506 2691 2690
f 1505 3844 2691
f 2693 2699 2694
f 2695 3100 2696
f 2697 2693 2692
f 2140 2695 2692
f 2698 2700 2699
f 2700 740 2164
f 2699 2164 2145
f 2505 2507 913
f 1744 1743 673
f 675 2701 1741
f 2701 675 677
f 673 1950 681
f 1743 1111 1950
f 2703 1966 2542
f 1414 2542 1966
f 2704 3043 2705
f 2706 1109 1108
f 2704 1105 2708
f 139 953 2428
f 2710 2633 2634
f 1661 1660 2709
f 510 501 2712
f 2714 1430 2712
f 501 1321 2713
f 2716 2722 2717
f 2719 2716 2715
f 2715 2717 2721
f 2722 2725 2723
f 2724 3144 2725
f 2722 2716 2726
f 2727 2729 2728
f 2292 3048 2730
f 2291 2292 2729
f 1674 1680 2731
f 2729 2730 1723
f 1959 1029 1030
f 2019 1030 704
f 2020 2019 2732
f 2732 704 706
f 1998 2000 2375
f 2735 2739 2736
f 2738 2741 2739
f 2736 2739 2741
f 2742 3540 2740
f 2048 2049 2744
f 1839 2048 2743
f 2745 1848 1837
f 1830 1832 2747
f 2748 1830 2746
f 1830 2748 2749
f 2746 2747 2751
f 2753 2751 2747
f 1832 2754 2752
f 1828 1833 2754
f 2756 1434 1435
f 2627 3548 2757
f 1433 1434 2757
f 2756 2628 2627
f 2755 1435 1087
f 2759 3923 2760
f 2227 2229 2762
f 2761 2564 2563
f 2690 3657 2761
f 263 2763 1061
f 2763 263 75
f 791 2765 2764
f 2765 791 788
f 2767 2764 2765
f 2768 2777 2764
f 1047 1048 1397
f 2769 2771 2770
f 2771 517 2772
f 1490 2770 2773
f 2775 2771 2769
f 2769 1488 2776
f 2777 1795 1794
f 2778 2783 2779
f 2485 2486 2780
f 2780 2486 2779
f 2783 2778 2490
f 440 2650 2649
f 592 2284 2784
f 594 2784 2785
f 2787 2790 2788
f 2788 2100 2092
f 2100 2788 2790
f 1630 2791 2790
f 2791 620 623
f 2792 2787 2786
f 2787 2792 1629
f 1624 621 620
f 2791 1630 1628
f 1361 1363 2794
f 1363 504 509
f 2795 3124 1362
f 2795 1361 2793
f 2130 2128 2127
f 2130 2878 2798
f 2797 2127 1857
f 2202 1444 1443
f 2799 347 346
f 619 2491 2801
f 2802 3017 2800
f 2803 2801 2491
f 1262 1264 2427
f 2805 3822 2806
f 2423 2805 2804
f 2807 1262 2804
f 2425 2427 1264
f 2808 2813 2809
f 2809 2813 2612
f 2388 2387 2809
f 2812 3780 2813
f 2814 2812 2808
f 1208 1211 2281
f 2815 1209 2350
f 2278 1211 1210
f 1253 2818 2116
f 2121 2116 2818
f 1251 1253 2114
f 2820 934 1349
f 2822 2824 2823
f 2824 421 2825
f 2826 2828 2823
f 2827 3224 2828
f 2821 2823 2828
f 2329 2825 421
f 2831 682 681
f 2833 1255 2674
f 2833 2835 2834
f 2832 3221 2835
f 2676 3486 2832
f 2673 2674 1255
f 2836 2837 1842
f 2837 2052 1840
f 2838 2842 2839
f 2840 2838 1670
f 2476 1671 1670
f 2842 2838 2843
f 2844 2839 2842
f 2846 3921 2847
f 2845 2440 2439
f 1835 2848 2845
f 2849 3624 2850
f 2440 2845 2848
f 473 469 2851
f 477 479 2853
f 2854 2853 479
f 469 2031 2030
f 468 472 2031
f 2856 2858 2857
f 2858 3545 2859
f 2816 3546 2858
f 2861 1548 1964
f 2703 3008 2860
f 1611 1546 2861
f 1102 1109 2863
f 355 1185 1063
f 1487 1479 2306
f 2305 2306 1479
f 2865 1173 2866
f 2868 2864 2869
f 2870 2869 2864
f 2867 2869 2872
f 2866 2874 2873
f 2874 2866 1173
f 2876 2752 2754
f 2752 2876 2877
f 2876 3316 493
f 1099 645 644
f 2814 644 1230
f 2689 2167 1157
f 2629 2631 1297
f 1293 1297 2631
f 1691 2797 1858
f 2797 1691 2878
f 2879 2878 1691
f 854 855 2881
f 2880 3194 2288
f 2882 2881 855
f 2733 2732 2447
f 2687 2688 2460
f 2319 2321 2885
f 2886 330 333
f 2321 3383 2887
f 2885 2887 2264
f 2884 2885 2262
f 2889 1845 1844
f 2807 2888 2891
f 2888 2807 2806
f 1846 2891 2888
f 2891 1846 813
f 1117 3562 902
f 1114 906 899
f 2893 2897 2894
f 1000 2893 2892
f 1869 3570 2894
f 1002 2898 2897
f 2896 2894 2897
f 546 2897 2898
f 711 712 2899
f 2297 2455 2900
f 2118 2117 2902
f 2901 2902 1075
f 2577 2907 2905
f 2904 1776 1775
f 2906 1871 2907
f 2904 2905 2909
f 2705 2905 2907
f 418 842 411
f 414 411 842
f 2911 415 414
f 2910 414 844
f 2456 2914 2913
f 2298 2299 2914
f 2916 2914 2299
f 2295 3960 2915
f 553 2918 2917
f 2918 553 552
f 1962 378 1305
f 1306 1305 378
f 2919 378 380
f 2921 2925 2922
f 724 2925 1015
f 725 724 2923
f 2925 724 726
f 2925 2921 1013
f 2927 2930 2928
f 2930 2927 1179
f 2931 3397 2873
f 2933 2928 2930
f 2104 2931 2926
f 2935 2938 2936
f 2937 3711 2938
f 2934 3216 2939
f 2941 2936 2938
f 939 2470 2936
f 2470 4087 2934
f 495 2943 2056
f 490 495 876
f 2943 495 494
f 2055 2056 2943
f 2946 2950 2947
f 2945 2947 2948
f 2947 2952 2949
f 1622 2626 2951
f 2952 2947 2950
f 2945 3018 2953
f 2950 2946 2954
f 2956 2961 2957
f 2959 2960 2956
f 2960 2962 2961
f 2961 996 999
f 2962 997 996
f 723 2750 2964
f 2750 723 722
f 2750 2751 2965
f 722 719 727
f 2430 2429 2966
f 1887 1883 2089
f 2967 3635 2615
f 2347 3482 2616
f 1467 1466 2513
f 624 625 2968
f 2968 3017 2969
f 401 2134 2924
f 2134 2135 2970
f 2134 401 405
f 2541 3403 2702
f 443 2971 445
f 2971 443 772
f 2972 745 2973
f 2975 2977 2976
f 2974 3747 1904
f 2977 1617 1615
f 2977 2975 2979
f 580 2981 2980
f 2981 2985 2982
f 2983 2984 2980
f 2984 583 581
f 627 634 2985
f 2981 580 630
f 2986 2284 2283
f 2987 2784 2284
f 1064 2989 364
f 362 364 2989
f 2989 1064 2448
f 2988 2989 471
f 2991 1240 1234
f 2992 3348 1240
f 542 547 2994
f 540 542 2993
f 2996 3001 2997
f 2998 2995 2503
f 3000 2997 3001
f 2995 2997 3002
f 2633 2710 3003
f 2789 2092 2632
f 3004 1672 1665
f 3006 3099 3007
f 3008 3006 3005
f 1616 1612 3005
f 1612 2861 2860
f 3010 3012 1318
f 3012 3010 3013
f 3013 3010 3014
f 1948 2080 3011
f 3015 4032 1599
f 3009 3015 3014
f 2313 2095 2969
f 3016 2969 3017
f 2555 2313 3016
f 3020 3024 3021
f 3023 3021 3024
f 3024 3020 3026
f 3022 3024 3025
f 3029 2272 1564
f 2272 3029 2102
f 3028 3871 3030
f 3031 567 569
f 923 1441 568
f 918 571 3031
f 1149 1151 3032
f 3032 1155 3034
f 2352 2554 2553
f 2151 2149 3036
f 2179 3035 3037
f 2178 2151 3035
f 3038 3037 3035
f 3039 3036 2149
f 3036 3039 3040
f 2101 2106 2273
f 3041 4002 3042
f 2109 2102 3029
f 2271 2273 2106
f 3043 2909 2905
f 3044 3539 2909
f 3043 2704 2707
f 676 678 781
f 1013 680 679
f 679 676 778
f 2957 999 3046
f 1722 1723 2730
f 3048 3988 3047
f 1718 1675 2728
f 3049 3050 2659
f 3050 2735 2734
f 3051 3992 2735
f 3049 3531 3053
f 3050 3049 3052
f 3055 3057 3056
f 2879 3060 3057
f 3054 3761 2798
f 3054 3056 3059
f 3060 1969 3061
f 3062 3056 3057
f 3063 2996 2995
f 2135 2137 3001
f 459 461 2614
f 2615 2660 3064
f 2999 3001 2137
f 3066 3000 2999
f 2136 3649 3065
f 2819 3071 3067
f 3068 3071 2819
f 3067 3072 3070
f 3071 537 3072
f 3071 3068 3073
f 2852 2853 3075
f 1470 1468 3077
f 428 1470 3076
f 3076 3077 3079
f 3077 2258 2263
f 585 1500 1499
f 1626 2429 1499
f 3078 3083 432
f 3078 3079 3081
f 430 432 3083
f 3083 3078 3080
f 1931 1930 2899
f 712 713 3085
f 3087 1931 3085
f 1667 754 3088
f 1140 3137 3089
f 2896 543 1862
f 3091 3093 1823
f 1822 1823 3093
f 3092 3093 3095
f 3091 3574 3097
f 3096 3095 3093
f 2495 2697 2696
f 3100 2695 3101
f 3102 3100 3099
f 3098 2696 3100
f 2693 2697 615
f 2698 615 608
f 2697 2495 613
f 126 127 3104
f 1459 1397 3105
f 1457 3105 3107
f 1397 1398 639
f 878 880 496
f 3109 3115 3110
f 3112 3115 3109
f 1855 1856 3111
f 3114 3110 3115
f 3116 2560 3117
f 3117 3119 3118
f 2560 2556 3119
f 3120 2561 2560
f 3122 3120 3116
f 2574 2459 1988
f 2755 2760 3123
f 1362 2990 1360
f 2990 1362 3124
f 3125 2992 2991
f 2219 2221 3127
f 812 3130 3127
f 3126 3127 3130
f 2221 3969 3128
f 3131 3308 1401
f 3132 4081 3131
f 3133 3132 1399
f 3135 3559 3136
f 3138 3135 3134
f 3137 1140 3139
f 3138 1620 2584
f 976 3089 3137
f 2800 625 617
f 2214 2223 3140
f 3142 3140 2223
f 2222 4015 3141
f 3143 866 865
f 588 589 881
f 589 2785 879
f 2162 756 747
f 3145 3074 3075
f 3074 3736 3146
f 3147 2725 3144
f 2853 2854 3147
f 1918 1925 2649
f 3149 1290 1289
f 3150 936 3148
f 3151 3148 936
f 1304 1421 1963
f 3153 3410 3154
f 2993 2994 3152
f 3152 3156 2071
f 3156 3152 2994
f 3158 3469 3159
f 3161 3158 3157
f 3158 3161 3163
f 3165 3163 3161
f 3167 63 3168
f 3169 3867 3167
f 3166 3168 3171
f 63 61 60
f 19 63 3167
f 1699 1085 1080
f 3172 1704 1701
f 1895 1296 2408
f 3173 703 1027
f 703 3173 2409
f 3174 3176 2218
f 2216 2218 3176
f 3178 3175 3176
f 2215 3140 3179
f 2786 2788 2789
f 834 2786 3003
f 3180 1440 922
f 1372 3815 3181
f 3182 3931 1366
f 1455 1457 3106
f 1460 1455 3183
f 1826 1458 1460
f 2837 2836 3184
f 3183 3106 2052
f 2836 3695 3186
f 3184 3186 3185
f 3187 3190 2110
f 2112 2111 2110
f 3188 2110 3190
f 3191 4013 3190
f 3192 3191 3187
f 3193 3343 3194
f 2880 2881 3195
f 1296 1895 1894
f 924 926 3196
f 2069 2002 2001
f 3198 3203 3199
f 3201 3202 3199
f 3202 3920 3197
f 2363 3326 3204
f 3200 3199 3203
f 3203 3198 3205
f 3197 737 736
f 3206 3208 1538
f 3208 3206 3209
f 3210 3209 3206
f 3209 3210 3212
f 2939 3215 3214
f 2507 3214 3215
f 3216 916 3215
f 913 3215 916
f 3213 2937 2935
f 3218 3222 632
f 3218 3221 3220
f 3221 3218 3217
f 3219 2403 3222
f 3223 3226 3224
f 3225 3224 3226
f 2829 2828 3224
f 1856 2123 3227
f 3228 3112 3111
f 3229 3227 2123
f 2123 1856 1849
f 3230 2785 2784
f 3231 3235 3232
f 3234 1943 3232
f 3236 850 849
f 3233 3232 3235
f 3121 3237 3231
f 3235 3231 3237
f 3239 3245 3240
f 3240 3247 1735
f 3243 3245 3244
f 3245 3239 3246
f 3245 3243 3247
f 3249 3246 3239
f 1654 1655 2549
f 3250 2549 2548
f 2421 3250 3251
f 1655 4017 710
f 1559 982 3253
f 3252 3253 3255
f 983 3255 3253
f 3237 3121 1633
f 3236 3237 1640
f 3257 3262 3258
f 426 3256 3258
f 3259 3258 1165
f 3260 3264 3261
f 3262 1038 1165
f 3263 3260 1165
f 3263 3834 3264
f 3266 774 2687
f 2543 2544 3267
f 2545 2543 3265
f 3268 3266 3265
f 3270 3275 3271
f 3269 1402 1401
f 3271 3278 3273
f 3275 3270 3276
f 3278 3271 3275
f 3277 3275 3274
f 3280 3281 2598
f 3281 2231 2228
f 400 401 2923
f 2793 2794 3283
f 3282 3951 2796
f 2794 509 3284
f 1269 1797 1796
f 1797 1269 3285
f 1268 1796 3286
f 3288 2718 3289
f 3228 3290 3289
f 3290 3603 3287
f 2720 3289 2718
f 2720 2721 3112
f 2718 3288 3291
f 1967 1968 1969
f 128 2254 3104
f 3103 3104 3293
f 3295 2959 2958
f 2960 2959 3297
f 3296 3730 2962
f 754 756 2163
f 2144 747 746
f 2206 1383 1382
f 3298 457 3299
f 457 458 3136
f 3300 452 457
f 3302 2392 3303
f 3302 3305 2394
f 3305 3302 3301
f 3307 3303 2392
f 3308 3276 3270
f 3309 3311 3276
f 3274 3276 3311
f 2146 1232 738
f 3310 3311 2126
f 3311 3309 766
f 1698 3312 1709
f 3312 1698 1697
f 1934 1936 3313
f 3313 2601 2561
f 1944 3313 3120
f 1936 2602 2601
f 3314 4124 2602
f 3316 3320 3317
f 491 3315 3318
f 3319 3318 3315
f 3316 3315 491
f 3320 3322 3321
f 3320 2875 3323
f 1715 1716 3325
f 1716 1709 3312
f 2360 2362 3326
f 2362 2038 2041
f 2040 3204 3326
f 3327 2153 2150
f 2152 3328 2882
f 2178 2180 3328
f 1141 2625 3139
f 2638 3330 3329
f 3330 903 3331
f 3329 3331 3333
f 2986 3329 3332
f 3335 3817 3336
f 2642 3334 3338
f 3339 3338 3334
f 3335 3334 2642
f 2641 2642 3337
f 3341 3345 3342
f 2182 3340 3193
f 3343 3193 3340
f 3344 3342 3345
f 3346 3347 2724
f 3347 3145 3144
f 2992 3125 3145
f 3348 2992 3347
f 2620 2619 2621
f 1653 2239 3350
f 3170 3171 3351
f 1888 1890 3350
f 3170 3350 2239
f 3353 3359 3354
f 3354 3359 3356
f 3358 3352 3354
f 3319 3942 3356
f 3318 3319 3359
f 498 3353 3352
f 3361 3363 3362
f 3363 3361 3364
f 3363 1787 1786
f 3273 3364 3361
f 3367 3370 3368
f 2744 1095 3366
f 3369 3366 1095
f 3368 3371 2743
f 3370 4142 3371
f 3370 3367 3373
f 903 3330 3375
f 2637 3375 3330
f 897 903 3374
f 3376 349 3377
f 3378 3380 3376
f 350 3376 3380
f 3377 3062 3061
f 3062 3377 349
f 3382 2887 3383
f 3381 3383 3385
f 3383 2321 2320
f 2887 3382 2263
f 3081 3382 3381
f 3387 3300 3298
f 3388 3387 2024
f 2929 1179 1180
f 2926 2873 2874
f 1175 1179 2927
f 761 760 3391
f 3390 4001 3392
f 3394 3398 3395
f 2872 3399 3394
f 3398 3394 3399
f 2870 2873 3397
f 3396 3394 3393
f 2871 2872 3396
f 3402 2998 2504
f 3403 2541 2540
f 3403 3405 3404
f 3405 3403 2493
f 3406 1254 1252
f 3407 3406 1256
f 3409 2782 3410
f 2782 3409 3411
f 3154 3410 2782
f 3153 3607 3408
f 3412 3547 652
f 3413 3412 2589
f 2834 3415 3414
f 3415 2834 2835
f 3416 3414 3415
f 3407 3414 872
f 2489 2993 3154
f 3418 3149 3148
f 1290 3149 3419
f 452 3300 1346
f 227 220 248
f 3420 3422 1265
f 3421 3422 3420
f 2552 3422 3421
f 3422 2552 3285
f 952 3421 250
f 3424 2535 2534
f 2535 3424 3425
f 3423 3861 3426
f 3427 3425 3424
f 3428 3653 3423
f 2537 3428 2534
f 3018 2945 2553
f 3430 3847 3431
f 3433 3430 3429
f 3430 3433 3435
f 3432 3737 3436
f 2434 2436 3438
f 3439 3441 3438
f 3437 3438 3441
f 2623 2952 2951
f 1621 3139 2625
f 1751 3212 3210
f 2963 3443 720
f 3443 2963 3444
f 2922 3443 3442
f 3446 3447 3444
f 3447 1739 3442
f 2963 2964 3445
f 1225 634 633
f 634 1225 1223
f 2402 633 3222
f 3449 1315 1314
f 3009 1318 1315
f 2714 1956 1955
f 1430 1431 2711
f 1430 2714 2410
f 3451 2911 2910
f 3450 3454 3452
f 2912 3455 3450
f 3454 3450 3455
f 3455 2912 524
f 526 1491 3453
f 2898 1002 1006
f 1005 3156 3155
f 547 2898 3155
f 2893 1000 998
f 2700 2698 614
f 3375 2637 2636
f 3374 3375 3456
f 2511 2516 3456
f 2709 1662 837
f 835 3003 2710
f 3459 1884 833
f 2509 1884 3459
f 2515 2509 3460
f 3458 3854 3461
f 3460 3459 3461
f 3464 3466 1450
f 3463 1450 3465
f 1826 3463 2397
f 3466 1447 1448
f 3467 3223 2827
f 2322 2827 2826
f 2330 179 178
f 3468 3512 3226
f 3223 3467 1645
f 3470 446 445
f 2971 3159 3469
f 3471 2528 1138
f 3472 2529 2528
f 3089 976 449
f 1137 3089 451
f 3473 3545 2530
f 3474 3473 2527
f 2529 3472 3475
f 1272 1274 3476
f 3476 4011 3477
f 3479 3476 1274
f 1273 4096 3478
f 3481 3201 3200
f 2843 3481 3480
f 3204 2040 3480
f 2840 1672 3201
f 2802 2953 3018
f 2946 2953 2803
f 2038 2362 3483
f 3483 2361 436
f 3282 3283 1024
f 1025 1024 3283
f 3484 1024 1023
f 2675 2677 2679
f 2675 2383 3486
f 3488 3490 3489
f 3490 3492 3491
f 3492 3490 3400
f 3393 3395 3493
f 3494 3491 3492
f 3495 3400 3490
f 3401 3396 3400
f 3497 3501 3498
f 3500 3498 3501
f 3501 3497 3503
f 3505 3497 3496
f 3506 3503 3497
f 1422 2010 1686
f 3507 1346 3300
f 1346 3507 3508
f 60 62 110
f 3509 3171 3168
f 551 541 540
f 1760 1762 3511
f 3510 3610 1765
f 2127 2129 1146
f 3512 539 535
f 3225 534 3513
f 3514 1513 2381
f 1511 1513 3514
f 2679 3516 3514
f 3516 3603 3515
f 2330 2826 2825
f 2605 894 893
f 3517 1055 1057
f 893 895 3519
f 3517 893 3518
f 2604 896 892
f 2851 2030 3520
f 3521 3147 2854
f 685 2531 2328
f 2324 2328 2531
f 3522 689 687
f 2531 685 684
f 1543 1538 3208
f 3207 3970 3523
f 3523 2685 3524
f 387 1544 1543
f 1877 1876 1755
f 3525 1877 2008
f 402 404 3526
f 3527 518 511
f 404 783 768
f 3529 557 3530
f 3378 943 941
f 949 3601 3380
f 3082 3052 3053
f 3531 3634 433
f 3052 3082 3532
f 3084 3532 3082
f 1212 1134 1133
f 2053 1498 1493
f 329 3534 3196
f 3534 2265 3180
f 3533 3196 926
f 331 3535 3534
f 3535 2261 2265
f 2170 3278 3277
f 3058 3059 353
f 3279 3058 2171
f 1961 477 2852
f 3536 366 672
f 366 3536 3537
f 3539 3537 3536
f 2592 2740 3540
f 3540 2742 2538
f 3541 2736 2740
f 2626 1622 1618
f 3179 3140 3142
f 3542 3179 1353
f 3098 3405 2492
f 922 1439 1441
f 2155 416 415
f 3499 3652 3435
f 3498 3500 3436
f 2587 1708 2022
f 2025 3559 2585
f 2526 2396 2398
f 3545 2858 3546
f 3547 1662 651
f 836 837 1662
f 3547 3412 838
f 659 661 1380
f 1379 1380 661
f 3548 1380 1381
f 2758 2757 3548
f 2824 2822 3551
f 2822 3996 3552
f 3284 2711 1431
f 3553 3070 3072
f 2389 2390 3555
f 3557 3857 3555
f 3558 2390 1098
f 2390 3558 3556
f 3554 3793 3369
f 2389 3369 1096
f 3060 2879 1692
f 1620 3138 3139
f 2584 2585 3559
f 3560 3230 2987
f 3561 3560 3332
f 3230 3560 1373
f 1371 1373 3560
f 3331 902 3562
f 3563 3561 3333
f 3564 3566 2532
f 3566 3564 3567
f 382 3564 2337
f 964 2532 3566
f 2532 2533 2335
f 1210 1133 3546
f 135 126 3103
f 1486 558 557
f 558 1486 1485
f 3528 4098 1481
f 2785 3230 1370
f 2892 2894 3570
f 2895 2892 3569
f 2448 861 2035
f 1342 1347 1810
f 3571 1811 1810
f 1812 1815 1345
f 3097 3575 3573
f 3572 3784 3096
f 3574 4116 3575
f 3575 4115 3576
f 3387 3388 3577
f 2636 2635 2512
f 3020 3248 3578
f 3248 3020 3019
f 3248 3239 3238
f 3579 3786 3025
f 3580 3581 3578
f 3581 3579 3026
f 3582 2949 2952
f 1215 3582 2623
f 1887 1629 2792
f 1629 1887 2966
f 808 815 3583
f 814 3583 2890
f 3585 1339 1338
f 3584 3437 3440
f 1338 1332 3587
f 3586 2438 3584
f 2227 2563 2598
f 1200 863 862
f 2459 2574 1202
f 2189 2187 3588
f 2186 805 804
f 803 3588 2187
f 3588 803 2245
f 3150 3591 3590
f 1289 1286 3591
f 3592 3591 1286
f 936 3150 3589
f 3593 2965 2751
f 2964 2965 3594
f 3182 3594 2965
f 3213 3214 3596
f 3595 4037 2937
f 3299 3136 3559
f 2444 2445 2513
f 700 3597 2445
f 2513 2445 3597
f 3531 3049 2658
f 3598 2658 2657
f 1127 2620 1476
f 2230 3633 950
f 297 3599 2224
f 3599 297 296
f 2168 3364 2170
f 3364 3273 3278
f 2168 1790 1787
f 625 2800 3017
f 3600 2446 1465
f 3379 3380 3601
f 2799 350 3379
f 458 976 3134
f 3516 2679 2678
f 3603 3516 3602
f 417 416 2157
f 1524 2155 2911
f 2017 2016 3192
f 2016 2015 3191
f 3606 3408 3607
f 3605 3611 3609
f 3606 3605 3608
f 3607 2070 3611
f 2070 3607 3153
f 3408 3606 3612
f 3613 2544 1291
f 3614 3267 2544
f 3615 3419 3149
f 3419 3615 3616
f 3174 3617 3177
f 3617 4065 3618
f 3179 3542 3617
f 3619 2377 3620
f 2377 2378 3621
f 957 3620 3621
f 2606 3620 957
f 2972 3621 2378
f 3622 3884 3609
f 3619 3885 3622
f 1231 1232 2147
f 2998 3402 3623
f 2850 3402 2437
f 2970 2135 2996
f 729 2970 3063
f 3624 3623 3402
f 3625 3627 3324
f 3626 3696 3627
f 3627 2478 3628
f 3272 3273 3365
f 93 153 2079
f 2080 153 155
f 3011 155 321
f 2034 2031 472
f 375 377 3537
f 2548 2547 2546
f 952 950 3633
f 2917 3633 2230
f 3632 3633 2917
f 559 2917 2231
f 427 1443 1470
f 3221 2832 3486
f 3220 3486 2383
f 356 1063 1062
f 434 436 2361
f 3635 2967 436
f 2862 3192 1100
f 3257 3638 3637
f 3636 4036 3262
f 3256 3552 3638
f 1833 3323 2875
f 3639 2449 3640
f 3640 2453 3323
f 818 2418 3641
f 827 3641 2817
f 2818 1253 826
f 3286 1798 539
f 3643 2246 2244
f 3642 2244 2243
f 3644 3650 3645
f 3642 3645 3646
f 2309 3272 3629
f 3647 1227 3629
f 3269 3271 3272
f 1402 3269 2309
f 3065 2775 3648
f 2775 3065 3649
f 3650 3660 3651
f 3652 3499 3384
f 3652 4074 3434
f 3384 3502 3386
f 3502 3384 3499
f 3538 3536 1162
f 3504 3496 3654
f 3543 3654 3496
f 3655 3118 3119
f 3656 3655 2559
f 3658 2562 2567
f 1360 1233 1971
f 1233 1360 2990
f 802 1078 3650
f 1077 4025 3659
f 1078 3659 3660
f 3644 2243 800
f 3118 3655 984
f 3663 1516 1509
f 2570 2569 1516
f 3662 1509 1508
f 3664 3101 2695
f 1971 1972 506
f 3485 2381 2383
f 1059 1061 2763
f 2583 2944 3172
f 2054 2055 2944
f 3667 3977 3668
f 3668 1153 1152
f 3666 3668 1992
f 2166 1993 1992
f 573 575 868
f 2346 2343 3577
f 2211 2039 3669
f 2349 3577 3388
f 3508 2343 2342
f 3507 3577 2343
f 563 2550 3632
f 3632 2550 3421
f 3671 3676 3672
f 3674 4132 3672
f 3673 3672 3676
f 2772 516 3676
f 688 1032 1031
f 686 688 3677
f 1230 1229 3678
f 1536 1537 3678
f 1229 3681 3679
f 3681 1229 1228
f 3683 3689 3684
f 3686 3689 3687
f 3688 3684 3689
f 1981 3789 3682
f 2783 3411 3690
f 635 3415 3217
f 2868 4019 845
f 2864 2868 3691
f 2865 3691 3692
f 3693 2185 2177
f 3037 3038 3694
f 1843 1845 3695
f 2478 3627 3696
f 2478 2477 2476
f 3697 4141 3696
f 2933 4005 3041
f 2103 2108 2931
f 2105 2104 2928
f 3591 3592 2029
f 2026 967 3590
f 3589 3590 967
f 3592 3715 1245
f 2409 900 701
f 3113 2723 3521
f 3110 3114 2670
f 3114 3521 3520
f 2723 2725 3147
f 2717 2723 3113
f 963 965 3698
f 3565 3698 965
f 2985 1223 3699
f 3699 1222 3701
f 2982 3699 3700
f 3702 1327 1325
f 1324 1859 1860
f 1860 1148 2831
f 2855 2277 2279
f 3700 3701 2855
f 1973 1687 1326
f 506 1973 1322
f 669 3621 2972
f 2621 2622 3704
f 2622 3707 3705
f 3706 3742 3707
f 1089 1085 1699
f 1089 1404 2759
f 2940 3709 3708
f 3418 3708 3709
f 3710 3783 3709
f 3711 3710 2940
f 2080 1948 1946
f 3712 3039 1638
f 3630 3765 3713
f 3539 3044 3630
f 3714 3715 1285
f 3715 3592 1288
f 1243 1245 3715
f 1241 1243 3714
f 3305 3389 3717
f 2066 2061 2394
f 3719 2066 3717
f 3718 3717 3389
f 435 606 2359
f 3205 1231 2201
f 1444 2202 2147
f 701 3720 3597
f 900 3457 3720
f 898 3374 3457
f 1772 1573 3721
f 3723 3725 2256
f 3724 3293 3725
f 3722 3728 3726
f 3722 2256 2255
f 3728 3722 3727
f 2253 2256 3725
f 3729 3731 3730
f 1004 3730 3731
f 3732 2002 2073
f 3731 3729 3733
f 3735 3733 3729
f 3125 3736 3074
f 3736 3125 3124
f 3432 3429 1786
f 3737 3432 1788
f 3429 3431 3362
f 3099 3101 3738
f 1759 482 3739
f 2978 2979 3739
f 480 482 3740
f 1748 3740 482
f 2661 3544 1449
f 884 1766 1761
f 3742 888 887
f 2618 1125 1766
f 2252 1825 1821
f 1940 2242 3743
f 2465 1482 1938
f 2242 1908 1907
f 914 2200 3743
f 2518 2521 3744
f 713 2365 3086
f 3086 2065 2064
f 569 570 740
f 1952 1328 1327
f 3746 1377 1376
f 1376 1374 1378
f 3745 1376 3747
f 3749 3746 3745
f 2377 3619 2003
f 2156 3251 3604
f 3751 3754 3752
f 3724 3752 3754
f 3753 3754 3756
f 3754 3751 3757
f 3641 2420 3758
f 2711 3284 509
f 1903 1904 3747
f 2975 1904 1900
f 3701 1226 2277
f 2278 2816 2856
f 1452 1454 3377
f 3760 3452 3454
f 3453 4140 3759
f 1500 585 584
f 587 2053 1502
f 3761 3054 3058
f 3056 3062 351
f 3762 376 375
f 376 3762 3741
f 3763 368 367
f 3705 3713 3765
f 3487 3489 3165
f 3767 3772 3768
f 3164 3161 3160
f 3766 3165 3164
f 3768 3774 3769
f 3770 3772 3771
f 3772 3767 3773
f 3772 3770 3774
f 727 728 3624
f 728 729 3623
f 3346 2595 946
f 945 1240 3348
f 2726 3975 2595
f 546 544 543
f 1248 3776 3775
f 3776 1248 3033
f 3776 3779 3777
f 3779 3776 3034
f 2464 3032 3033
f 1248 1241 3716
f 2813 3780 2609
f 1527 2609 3780
f 1353 3142 1350
f 1350 3142 3141
f 3782 3291 3288
f 3783 3710 3572
f 3710 3711 3784
f 3615 3709 3783
f 3573 3576 3616
f 2494 1392 1390
f 1950 1953 2830
f 3132 3133 3390
f 3785 3022 3027
f 2011 3023 3022
f 927 2011 3785
f 3027 3025 3786
f 731 730 1060
f 731 896 319
f 3788 2665 2667
f 1910 2666 3788
f 1975 1922 3789
f 2647 3682 3789
f 2503 3002 2498
f 3791 2498 3002
f 3790 3002 2997
f 3792 776 3266
f 3366 3369 3793
f 3481 2843 2838
f 2841 2843 2043
f 682 2831 1148
f 2733 3795 475
f 2883 360 3795
f 3746 3749 3664
f 3751 3799 3796
f 3797 3798 3757
f 3798 3936 3756
f 3750 3900 3799
f 1851 3662 2124
f 3511 1764 3801
f 3510 3511 3800
f 3411 3800 3801
f 1764 4029 3802
f 2122 2121 2817
f 2859 3804 2984
f 583 2984 3804
f 3545 3473 3804
f 3803 3804 3473
f 2983 3700 2857
f 3806 2810 3807
f 3805 4122 3808
f 3806 3808 3809
f 3805 3807 3811
f 2613 3811 3807
f 2810 3806 2811
f 2611 3807 2810
f 3689 3683 3812
f 3687 3812 3813
f 3685 3687 3242
f 2357 3686 3685
f 2668 2669 3108
f 3446 3181 3815
f 3181 3446 3445
f 3594 3182 1369
f 3648 3820 3817
f 3817 3820 3818
f 3816 3817 3335
f 2776 3818 3820
f 3648 2775 2774
f 1418 1420 1978
f 3821 3823 3822
f 3822 3824 2889
f 3823 3825 3824
f 1447 3466 3823
f 3466 3464 3825
f 3720 2516 2514
f 2420 2536 3826
f 3827 109 111
f 3509 110 109
f 3827 3829 3828
f 3829 1888 3351
f 1916 2017 2862
f 2863 1872 1864
f 3163 3165 3489
f 476 475 3795
f 360 362 2988
f 1584 3830 2578
f 3569 3570 3830
f 3830 1868 1870
f 752 3948 3550
f 3831 1518 1517
f 1520 4008 3832
f 3826 3922 2122
f 3833 3826 2536
f 3692 843 418
f 1174 3692 419
f 3834 1059 3665
f 3835 1060 1059
f 605 3261 3264
f 3665 2763 604
f 1337 3836 2900
f 3836 1873 1879
f 1329 2900 2455
f 3837 3840 3838
f 3840 3837 3841
f 3837 2371 2376
f 1012 2374 2372
f 2009 3838 3840
f 1011 1012 3838
f 3842 3884 3843
f 1765 3842 885
f 3844 3845 3658
f 3656 3845 3255
f 2691 3658 3657
f 2562 3658 3845
f 3681 3849 3846
f 2317 1536 3679
f 3848 3846 3849
f 2334 3853 3850
f 3851 2332 2331
f 3777 3850 3853
f 693 694 3852
f 2334 2335 2533
f 691 693 3853
f 2694 2145 2138
f 3458 833 840
f 3854 3458 829
f 3307 3306 3856
f 3856 3859 3857
f 3557 4138 3855
f 3858 3306 2392
f 3306 3858 3859
f 3860 4041 3303
f 1258 53 147
f 2413 3978 261
f 1997 2005 2072
f 2004 3609 3611
f 1776 2904 2908
f 3861 3423 3653
f 3862 3504 3653
f 2449 2451 2453
f 2449 3639 2452
f 3863 2452 3639
f 2067 2071 3156
f 3604 3631 410
f 3631 2546 409
f 3251 2548 3631
f 2185 3693 2683
f 1995 1301 3865
f 3666 1995 3864
f 3667 3864 2340
f 2238 3868 3867
f 2237 4104 3868
f 3166 3170 2240
f 3744 3867 3868
f 3389 3305 3304
f 2932 2930 2929
f 2912 844 522
f 423 426 3259
f 3261 605 424
f 3828 3351 3171
f 3703 3704 3870
f 3764 3870 3704
f 3871 3028 442
f 446 3470 3872
f 438 442 3028
f 3873 3874 3488
f 3875 3495 3488
f 3877 966 3878
f 3877 3991 2326
f 3878 3882 3880
f 3876 3878 3879
f 3882 3878 966
f 3365 3361 3360
f 811 813 1846
f 3130 812 811
f 3129 3130 1848
f 3800 3411 3409
f 2365 2367 2065
f 1357 2065 2367
f 2190 3588 2248
f 3708 3418 3151
f 3883 4021 2667
f 3884 3842 3608
f 3884 3622 3885
f 3887 2684 2683
f 3886 3939 3888
f 3567 381 2684
f 3693 3694 3886
f 2522 2526 3544
f 819 1254 823
f 3890 824 823
f 1254 3406 3889
f 1100 3187 1103
f 2648 1567 1566
f 3892 2268 2267
f 3893 3861 3654
f 3580 3241 3810
f 3811 2613 3581
f 1899 1901 1758
f 1899 3739 2979
f 2099 2100 623
f 851 853 2663
f 2664 3897 3894
f 3895 3339 3336
f 3405 3098 3102
f 3008 2703 2702
f 3006 3008 3404
f 360 2883 3600
f 1907 1909 1905
f 2241 3897 1908
f 3896 1908 3897
f 3874 3873 3899
f 3766 3769 3873
f 3769 3927 3899
f 714 2369 2366
f 3900 3968 2217
f 2216 3796 3799
f 3796 2216 3175
f 1976 1978 1420
f 3829 3827 3901
f 3901 3827 100
f 1515 1514 3902
f 2569 2572 3902
f 2572 2405 2385
f 2446 3600 2883
f 1656 1654 3250
f 1257 81 53
f 3442 1739 1741
f 2120 3781 3602
f 3781 2120 3903
f 3287 3602 3781
f 3782 3903 3905
f 3903 2118 2901
f 3386 3906 3080
f 3906 3945 3084
f 3343 3908 3907
f 3342 3344 3908
f 858 863 3909
f 3382 3081 3079
f 3911 3913 3875
f 3912 3914 3913
f 3495 3875 3913
f 3875 3874 3898
f 3401 3913 3914
f 2738 3916 3862
f 3504 3862 3916
f 3916 2738 2737
f 3915 3862 3428
f 1371 3918 3815
f 3561 3563 3918
f 3919 3918 3563
f 3918 3919 3814
f 2610 327 3786
f 3920 735 737
f 3088 2163 735
f 2762 2232 1507
f 2225 269 323
f 3863 3921 3587
f 2452 3863 1340
f 1834 2847 3921
f 3586 3587 3921
f 3922 3826 3833
f 1072 3427 1789
f 1072 3833 3425
f 2057 3123 2760
f 3923 1781 1780
f 2057 2059 3924
f 3123 3924 2628
f 2640 3337 3926
f 3925 3926 3898
f 3928 3925 3899
f 3910 3898 3926
f 2078 102 94
f 1958 3484 1029
f 1271 3541 2592
f 1276 2593 2591
f 3930 3593 2753
f 3931 3182 3593
f 1368 3931 3930
f 3227 3229 3290
f 2125 1511 3515
f 3229 3515 3603
f 1076 794 799
f 1911 1912 799
f 3933 3935 3934
f 3797 3938 3935
f 3936 3798 3935
f 3934 3935 3938
f 3938 3797 3175
f 3694 3940 3939
f 3940 3965 3880
f 3940 3694 3038
f 3356 3942 3941
f 2913 3941 3942
f 1721 1874 1873
f 2496 1390 1389
f 3943 3268 3267
f 464 1810 1347
f 2974 2976 3748
f 3748 1614 3738
f 1614 3748 2976
f 3468 1645 1643
f 745 2972 2373
f 3000 3066 3944
f 3066 3648 3816
f 1920 1918 2651
f 3945 3906 3503
f 3502 3503 3906
f 1977 1387 1736
f 1387 1977 3946
f 3947 3949 1668
f 757 1668 3949
f 748 757 3948
f 3950 4092 3949
f 2812 2814 2517
f 3780 2812 1535
f 2721 3113 3115
f 3146 2796 3951
f 3951 3282 3484
f 2796 3146 3736
f 3850 3777 3779
f 3852 3994 3775
f 3778 3866 3851
f 1603 1605 3952
f 1262 2807 2890
f 1664 1671 2474
f 1669 2474 2473
f 2010 1422 3021
f 3019 3021 1422
f 1931 3087 3719
f 3294 2958 3355
f 2955 3355 2958
f 3953 4118 3160
f 2557 2561 2601
f 3824 3695 1845
f 2805 2423 2422
f 3954 3858 2391
f 895 891 3955
f 3835 891 890
f 3956 3955 891
f 1168 689 3519
f 3955 3956 1167
f 2160 1518 2237
f 3647 3360 3957
f 3680 1228 1227
f 3121 3116 1631
f 3959 2915 3960
f 3297 3959 3958
f 3959 3297 2959
f 3958 3960 3962
f 3963 2060 1785
f 1071 1073 1784
f 2878 2879 3055
f 3879 3880 3965
f 3964 3990 3881
f 3964 3965 3967
f 3965 3940 3040
f 3939 3880 3882
f 2046 1094 1093
f 499 3318 3353
f 3923 2759 1404
f 1406 1408 1781
f 2042 2044 3794
f 1711 3794 2044
f 3802 4043 3690
f 3690 4043 2781
f 3004 3088 3920
f 3969 2221 2213
f 3968 2213 2212
f 3341 2181 2183
f 2181 3341 3340
f 2606 2607 3885
f 191 4006 3971
f 3107 641 640
f 640 642 648
f 2051 2052 3106
f 641 3107 3105
f 2646 2648 2268
f 1195 1197 2954
f 466 1694 1192
f 1695 1694 466
f 3688 2356 3946
f 2356 1385 1384
f 3686 2357 2356
f 3684 3688 1980
f 803 800 2243
f 3293 3104 2254
f 2501 2502 3643
f 3439 3646 3645
f 1528 334 332
f 971 974 3637
f 3552 3996 3973
f 3638 3973 3972
f 2742 3915 2537
f 3915 2742 2741
f 809 3969 3968
f 2524 2519 395
f 1107 1104 1591
f 2716 2719 3975
f 1003 1004 2073
f 767 787 763
f 767 768 783
f 3073 536 532
f 787 1146 2129
f 726 720 3443
f 2666 1910 3896
f 3970 3207 3345
f 2685 3523 3970
f 2914 2916 3941
f 3976 3726 3728
f 3726 3976 3750
f 3723 3726 3752
f 3976 809 3900
f 1956 2714 2713
f 1731 2269 2270
f 3494 3872 3470
f 3162 3470 3469
f 2194 3596 3214
f 3549 1903 1378
f 381 383 2681
f 3007 3738 1614
f 3866 2340 2332
f 3977 3667 3866
f 1678 1676 3585
f 3327 2882 847
f 3360 3362 3431
f 3907 3908 3048
f 2288 3194 3907
f 3233 851 3894
f 261 3978 1016
f 1058 1020 1016
f 3978 2413 1056
f 3980 3982 3981
f 1576 1577 2645
f 3983 1576 3982
f 1576 3983 1570
f 3983 3980 3984
f 3651 3985 3441
f 3660 4094 3985
f 3646 3439 2497
f 3985 1678 3440
f 2369 714 3987
f 3987 717 3952
f 717 3987 714
f 3048 3908 3344
f 3734 3958 3961
f 3296 3297 3734
f 3735 3961 3839
f 3989 3839 3961
f 3636 3637 974
f 2881 2882 3328
f 850 3236 2153
f 3101 3664 3749
f 2012 2010 3023
f 1552 3876 3881
f 3990 1556 1553
f 3876 1552 3991
f 1120 3563 3562
f 1120 1118 1746
f 3437 3584 2438
f 2846 2439 2438
f 3051 3532 3993
f 3994 1250 1249
f 3677 1031 1250
f 3996 2822 2821
f 3843 3885 2607
f 1592 1596 3997
f 1672 3004 3202
f 3975 3998 947
f 3998 3904 3999
f 3999 4100 948
f 2953 2802 2801
f 3673 4001 4000
f 1043 2174 3674
f 4001 3390 3133
f 3675 3392 4001
f 4002 4069 4003
f 4002 3041 4005
f 3219 2386 2401
f 3219 3220 2384
f 3059 351 348
f 1505 274 273
f 3844 1505 3971
f 3254 3971 4006
f 3703 1594 3349
f 3349 1475 1476
f 1475 3349 1594
f 4008 1520 4009
f 3716 3714 2463
f 3412 3413 3854
f 3461 3854 3413
f 1464 1462 3462
f 3727 2255 1260
f 1277 3541 1271
f 2734 2736 3541
f 3477 459 3064
f 459 3477 4011
f 4012 3571 460
f 4011 3476 3479
f 4013 3191 2015
f 3189 3190 4013
f 4015 4016 1359
f 4016 4136 1358
f 3634 3531 3598
f 3324 3628 2844
f 1712 1714 1715
f 2839 2844 3628
f 1647 1651 4017
f 530 4019 4018
f 529 845 4019
f 528 4018 3914
f 4020 4025 4021
f 3787 2667 4021
f 2731 4020 3883
f 2727 2731 2286
f 1680 4024 4020
f 3294 3941 2916
f 2915 3959 3295
f 3471 448 455
f 4009 1525 3452
f 1525 1524 3451
f 4023 3760 3759
f 4024 3659 4025
f 3845 3844 3254
f 3506 3917 3993
f 3532 3084 3945
f 3917 2737 3992
f 3917 3506 3505
f 882 886 374
f 2013 1915 1914
f 3249 3019 1424
f 3583 4010 1263
f 4010 3583 815
f 2830 1952 3702
f 2586 1709 1708
f 3234 3894 3897
f 3472 455 4027
f 3474 3475 4028
f 3904 3998 3291
f 3998 3975 2719
f 1764 1763 4030
f 4031 4045 4029
f 4030 1121 1477
f 4032 3934 3937
f 3178 2083 3937
f 4032 3015 3932
f 3695 3824 3825
f 3533 3785 328
f 3304 3301 4033
f 2920 1741 2701
f 2921 2701 680
f 3337 3338 3929
f 3925 3928 1825
f 3500 3435 3433
f 3737 3893 3543
f 3457 3456 2516
f 3599 298 268
f 3195 3328 2180
f 3544 2398 3465
f 955 2661 1451
f 3770 4035 4034
f 3090 1823 4035
f 4035 1820 1819
f 1036 4036 2028
f 4036 1036 1038
f 4036 3636 975
f 3128 807 806
f 3711 2937 4037
f 3730 1004 997
f 1651 2082 718
f 3836 1337 1719
f 1752 1720 4038
f 3070 3553 4040
f 4041 4033 3301
f 4042 4004 4041
f 1617 2977 2978
f 4043 4045 4044
f 4045 4043 3802
f 4045 4031 4046
f 2484 2483 2487
f 4048 4049 2487
f 4049 4051 4047
f 4051 4049 4052
f 2780 4058 4048
f 2013 4026 4053
f 1914 2484 4047
f 4026 4047 4051
f 1597 1471 1475
f 1471 1597 1473
f 3188 4056 4054
f 1596 2112 4054
f 3997 4054 4056
f 4056 3188 3189
f 4057 4064 4055
f 2018 4053 4014
f 1914 548 551
f 4058 2780 2781
f 4044 4046 4059
f 4053 4051 4050
f 2078 2076 3901
f 4057 3189 4014
f 1474 4046 4031
f 1598 3997 4055
f 4060 1473 1597
f 4049 4048 4061
f 4058 4059 4061
f 1473 4060 4063
f 4060 4055 4064
f 4050 4052 4064
f 4062 4059 4046
f 4063 4061 4059
f 4052 4061 4063
f 2425 147 146
f 4065 3617 3542
f 4065 2369 3986
f 3864 3865 2338
f 3924 1563 1562
f 1563 3924 2059
f 587 588 873
f 2376 1999 3732
f 887 883 3763
f 883 374 368
f 3742 3741 3762
f 2308 2767 2766
f 2766 2765 1485
f 628 631 3416
f 867 631 629
f 870 872 3414
f 3675 3676 516
f 518 3527 3392
f 4066 1729 1724
f 1729 4066 4068
f 4069 4066 1726
f 1076 4021 4025
f 2673 2114 2113
f 1298 2354 2351
f 343 2364 3721
f 743 745 2374
f 2841 1713 1712
f 928 930 2820
f 2819 1800 1802
f 2188 2192 3596
f 3094 2192 2191
f 2192 3094 3595
f 1857 1146 1142
f 1556 3990 4071
f 1437 1444 2148
f 3279 3274 3310
f 330 2886 3535
f 2886 2262 2261
f 962 2324 958
f 381 3567 3564
f 3887 3888 3565
f 2341 380 382
f 1948 3013 1602
f 1932 3719 3718
f 2066 3719 3087
f 1051 1052 1554
f 1557 1551 1170
f 1552 1554 1052
f 1042 2173 4072
f 4023 4072 2173
f 4007 2173 2172
f 3649 513 517
f 3579 3581 2613
f 2358 3685 3244
f 1982 1642 1641
f 1055 3517 2327
f 1425 2358 3246
f 1795 2777 4039
f 1793 1795 4040
f 824 3890 4073
f 3385 2320 4074
f 3848 3434 4074
f 3847 3430 3434
f 1231 3205 3198
f 4075 980 979
f 980 4075 3661
f 3662 1851 4076
f 749 1377 2142
f 1747 1750 3740
f 487 3740 1750
f 4038 1722 3047
f 1226 1383 2205
f 4077 1733 1725
f 1731 1733 3891
f 3813 3891 1733
f 3812 3892 3891
f 3243 4077 1730
f 2472 1805 4078
f 4079 1805 1801
f 2471 2472 2307
f 1805 4079 2768
f 2235 2238 3169
f 1852 3108 2669
f 1855 3109 3108
f 2593 1276 1275
f 4080 4076 1851
f 4081 3132 3391
f 4010 1260 1259
f 3972 4135 1348
f 3612 3606 3610
f 3610 3608 3842
f 4082 3929 3338
f 3910 3929 4082
f 4083 2571 1579
f 1445 1447 3821
f 3655 3656 983
f 4085 2500 3791
f 4084 3791 3790
f 3680 3957 3849
f 3957 3431 3847
f 3574 3091 3090
f 3216 4086 915
f 4086 2303 2199
f 4086 3216 2934
f 4012 1814 1811
f 1808 1814 4088
f 1398 2311 637
f 4042 4068 4066
f 4067 4068 4090
f 3860 4090 4068
f 3241 3580 3238
f 455 456 1344
f 4092 3950 3979
f 4083 1220 2400
f 4093 3712 1635
f 1636 3661 4075
f 3661 1636 1634
f 4000 3133 1403
f 4094 1679 1678
f 4096 1273 4097
f 3761 3310 2131
f 4093 4075 4071
f 3263 3956 3835
f 3956 3263 1166
f 2660 2615 3635
f 1742 3814 3919
f 2869 2870 3399
f 2405 2572 2571
f 1815 4113 1344
f 3529 1481 1480
f 4098 1937 1484
f 2502 4099 2246
f 2251 2246 4099
f 4018 2867 2871
f 3814 1742 3447
f 4100 3999 3904
f 1070 948 4100
f 2903 4100 3905
f 2303 4086 4087
f 2469 2471 2301
f 3950 3984 3980
f 2551 789 792
f 2475 2479 4101
f 3947 2473 3984
f 395 3869 4102
f 4103 394 396
f 3869 3868 4104
f 2208 2574 1989
f 1789 3427 3426
f 3889 3417 4105
f 3890 4105 4106
f 4105 871 4107
f 871 4105 3417
f 3417 3889 3406
f 3618 3986 1607
f 1606 1607 3986
f 168 1645 3467
f 2081 1889 1888
f 1993 2166 1923
f 2654 4110 4108
f 4107 3143 4108
f 871 866 3143
f 4110 4111 4109
f 2315 2317 3846
f 2653 2655 4110
f 2655 4125 4111
f 1284 2462 2463
f 1083 1082 1432
f 1432 1433 2758
f 4112 3912 3911
f 1489 527 4112
f 3912 4112 527
f 3895 3818 2776
f 3895 4112 4082
f 2943 2942 3172
f 2973 1560 670
f 4017 718 708
f 1199 2570 3663
f 2949 2815 2352
f 4113 1815 1807
f 2903 1075 1068
f 948 1070 3601
f 1586 1702 3358
f 1702 1703 3352
f 4091 3979 3981
f 1083 3981 3982
f 1051 1019 1020
f 1557 1171 1019
f 3657 2567 2564
f 4101 4141 1571
f 4115 3575 4116
f 3943 4115 4114
f 4114 4116 3773
f 4116 3574 3771
f 2867 4018 4019
f 3872 3494 3493
f 4119 3030 3871
f 3755 4129 3292
f 3936 4128 3755
f 3942 3319 3317
f 3321 3322 2454
f 4033 4041 4004
f 4004 4042 4069
f 2932 4033 4005
f 2942 1703 1704
f 3960 2295 1881
f 1878 3989 3962
f 1570 3983 2480
f 4109 4095 4106
f 4120 599 391
f 2967 2616 3482
f 4121 4122 1734
f 3810 1734 4122
f 4122 4121 4123
f 4079 4039 2777
f 4078 2768 2767
f 1467 3460 3462
f 3707 3762 3713
f 1105 1107 3974
f 1595 3870 3974
f 3870 3764 2708
f 888 3742 3706
f 18 2525 16
f 3241 1735 1734
f 3247 1730 1728
f 1109 2706 1872
f 3478 4125 4088
f 1159 2460 2688
f 1829 1835 2847
f 2848 1835 2749
f 3832 4120 394
f 4120 3832 4008
f 3659 4024 4094
f 1679 4094 4024
f 3528 3530 2600
f 2597 2602 4124
f 3530 556 3280
f 3281 3280 556
f 4039 4079 3069
f 2646 3683 3682
f 2161 3930 2877
f 762 3527 3526
f 4096 4111 4125
f 3839 3989 3525
f 3989 1878 1877
f 3857 4127 3554
f 4127 3857 3859
f 4126 3859 3858
f 3463 1826 3185
f 1201 1199 4076
f 1319 4129 3755
f 3292 4129 3568
f 3293 3724 3753
f 4129 1319 1320
f 10 135 3568
f 4099 2502 2500
f 1155 3977 3778
f 3512 3468 1644
f 3683 2646 3892
f 4130 4028 3475
f 4027 1344 4113
f 3092 2191 1817
f 3994 3852 694
f 1247 1250 1031
f 2521 3167 3867
f 931 933 938
f 759 766 3309
f 578 577 4028
f 2074 578 4130
f 577 583 3803
f 3787 799 1912
f 3888 3882 3698
f 4102 4104 3831
f 3794 1711 1713
f 2643 4131 3819
f 3944 3816 3819
f 4131 4085 4084
f 3691 845 843
f 3122 3231 1942
f 2107 3395 3398
f 3395 2107 4119
f 3922 1075 2902
f 4132 3674 2174
f 3012 321 1317
f 938 939 2941
f 2036 2038 3482
f 2347 2345 3669
f 999 1000 2895
f 1585 1587 3046
f 2955 2957 3045
f 1587 1588 3045
f 3449 3932 3015
f 1809 4088 4125
f 386 387 3524
f 10 1320 1316
f 1319 4128 3448
f 3996 3995 4133
f 2829 3513 3995
f 3550 4092 4091
f 3491 3494 3162
f 2327 3518 3522
f 689 3522 3518
f 4134 3373 3367
f 4016 4015 3372
f 4128 3936 3933
f 1814 4012 3479
f 4135 3972 3973
f 3966 4071 3990
f 3712 4093 3966
f 3869 395 2519
f 3549 661 655
f 2311 1398 1396
f 1798 3286 1796
f 3793 3554 4127
f 4134 4127 4126
f 4136 4016 3373
f 4034 1819 3928
f 3774 4034 3927
f 3626 1695 465
f 1778 2908 3538
f 3539 3538 2908
f 3893 3737 2060
f 4123 4089 4138
f 3558 3809 4137
f 3556 4137 4138
f 4138 4089 4090
f 1727 1729 4067
f 4121 4067 4089
f 3553 538 1799
f 3765 3630 3044
f 4006 1311 1559
f 1311 1312 1558
f 3841 2376 3733
f 3186 3825 3464
f 3909 1201 4080
f 3967 3040 3039
f 3760 4023 4007
f 4111 4096 4095
f 4095 4097 4073
f 3625 1696 1695
f 2970 729 725
f 4139 3953 3157
f 777 4139 3159
f 3792 4117 3953
f 2136 514 513
f 3977 1155 1153
f 2735 3992 2737
f 3861 3893 3963
f 4118 3773 3767
f 4117 4114 4118
f 2049 1093 1095
f 2639 2644 4131
f 2644 4099 4085
f 3764 3765 2707
f 3316 2876 2875
f 776 3792 4139
f 4117 3792 3268
f 582 573 869
f 4098 3528 4124
f 4077 3243 3242
f 864 3909 1853
f 3069 1801 1800
f 2108 3398 3397
f 3551 3552 3256
f 3211 3345 3207
f 2745 2743 3371
f 536 4133 3995
f 3073 4135 4133
f 2627 660 659
f 3784 4037 3095
f 8 7 135
f 1732 2270 4003
f 3042 4003 2270
f 4104 2237 1518
f 4140 3453 1491
f 3855 4090 3860
f 3865 1306 2919
f 2338 2919 2341
f 1798 1799 538
f 3094 3095 4037
f 1870 1865 2906
f 3211 3212 3988
f 2083 3178 3177
f 3068 1348 4135
f 2479 3696 4141
f 4141 3697 1578
f 2815 2949 3582
f 2594 4073 4097
f 1534 2319 2884
f 3030 4119 2107
f 4072 4023 4022
f 4132 4022 3670
f 4140 3670 4022
f 3570 1869 1868
f 2773 3671 3670
f 1871 1872 2706
f 4142 3126 3129
f 3372 4143 4142
f 3697 465 467
f 4115 3943 3614
f 3314 1933 1937
f 3808 4123 4137
f 2388 2811 3809
f 3931 1368 1367
f 3357 3354 3355
f 1588 3358 3357
f 3954 1358 4136
f 3322 3323 2453
f 1558 1170 1551
f 1521 3832 4103
f 3212 1751 3047
f 717 718 2082
f 4143 3372 4015
f 3576 3614 3613
f 1865 1867 1871
f 3969 809 807
f 2849 2749 2748
f 3308 3131 4081
f 2942 494 498
f 3448 3933 3932
f 3527 762 761
f 3126 4142 4143
f 2770 2772 3671
f 4070 3721 1573
f 467 343 4070
f 3991 1052 1053
f 3325 3312 1696
f 3948 3949 4092
f 642 643 646

