x,y,z
-0.027729005813598634,-0.05943478775024414,-0.0560756721496582
-0.027815473556518554,-0.059463661193847654,-0.0561628303527832
-0.027737401962280275,-0.059430950164794924,-0.0560692024230957
-0.027815473556518554,-0.059463661193847654,-0.0561628303527832
-0.027823293685913086,-0.059459346771240235,-0.056155948638916015
-0.027737401962280275,-0.059430950164794924,-0.0560692024230957
-0.029394653320312502,-0.058988758087158207,-0.05616555023193359
-0.02944552993774414,-0.05894070816040039,-0.05606812286376953
-0.029434961318969728,-0.0589399528503418,-0.05606427001953125
-0.029394653320312502,-0.058988758087158207,-0.05616555023193359
-0.029434961318969728,-0.0589399528503418,-0.05606427001953125
-0.029384943008422853,-0.058987369537353514,-0.05615999221801758
-0.027719369888305666,-0.058978706359863284,-0.05510776901245117
-0.02764581298828125,-0.05903215408325196,-0.055181190490722655
-0.02765410041809082,-0.059030620574951176,-0.055188678741455076
-0.027719369888305666,-0.058978706359863284,-0.05510776901245117
-0.02765410041809082,-0.059030620574951176,-0.055188678741455076
-0.02772590446472168,-0.05897697448730469,-0.055116790771484375
-0.02758551025390625,-0.059088657379150394,-0.055265380859375005
-0.027538244247436523,-0.05914590072631836,-0.0553562126159668
-0.027594778060913087,-0.059087017059326175,-0.05527158737182617
-0.027538244247436523,-0.05914590072631836,-0.0553562126159668
-0.02754849433898926,-0.059144287109375,-0.05536061859130859
-0.027594778060913087,-0.059087017059326175,-0.05527158737182617
-0.02764581298828125,-0.05903215408325196,-0.055181190490722655
-0.02758551025390625,-0.059088657379150394,-0.055265380859375005
-0.02765410041809082,-0.059030620574951176,-0.055188678741455076
-0.02758551025390625,-0.059088657379150394,-0.055265380859375005
-0.027594778060913087,-0.059087017059326175,-0.05527158737182617
-0.02765410041809082,-0.059030620574951176,-0.055188678741455076
-0.029156320571899416,-0.059144992828369145,-0.056390029907226566
-0.029246149063110353,-0.05908983612060547,-0.056326515197753904
-0.029238481521606446,-0.059087322235107424,-0.05631864166259766
-0.029156320571899416,-0.059144992828369145,-0.056390029907226566
-0.029238481521606446,-0.059087322235107424,-0.05631864166259766
-0.029149293899536133,-0.05914201354980469,-0.05638173294067383
-0.02791470527648926,-0.05888481903076172,-0.05500470352172852
-0.0278122615814209,-0.05893096923828125,-0.05504936218261719
-0.027917650222778322,-0.05888190460205078,-0.05501519012451172
-0.0278122615814209,-0.05893096923828125,-0.05504936218261719
-0.027816789627075195,-0.05892849349975586,-0.05505938339233399
-0.027917650222778322,-0.05888190460205078,-0.05501519012451172
-0.02838564109802246,-0.05876298904418945,-0.05497209548950195
-0.028259950637817385,-0.058778877258300784,-0.05496082305908203
-0.028383655548095705,-0.05875957489013672,-0.0549826545715332
-0.028259950637817385,-0.058778877258300784,-0.05496082305908203
-0.028259111404418946,-0.05877555847167969,-0.05497156524658203
-0.028383655548095705,-0.05875957489013672,-0.0549826545715332
-0.028138500213623047,-0.058804576873779296,-0.05496233367919922
-0.028023332595825196,-0.05884117889404297,-0.05497441482543945
-0.02813841438293457,-0.05880117416381836,-0.05497307968139649
-0.028023332595825196,-0.05884117889404297,-0.05497441482543945
-0.02802408790588379,-0.05883782958984375,-0.05498515319824219
-0.02813841438293457,-0.05880117416381836,-0.05497307968139649
-0.028010744094848633,-0.059540725708007815,-0.05629610443115234
-0.028120201110839845,-0.059559604644775395,-0.05635391616821289
-0.028125036239624025,-0.05955449676513672,-0.0563451042175293
-0.028010744094848633,-0.059540725708007815,-0.05629610443115234
-0.028125036239624025,-0.05955449676513672,-0.0563451042175293
-0.0280166015625,-0.059535789489746097,-0.05628783416748047
-0.02875599479675293,-0.05935733413696289,-0.05651683044433594
-0.028868335723876953,-0.05932754135131836,-0.056497066497802735
-0.028753644943237306,-0.05935282135009766,-0.056506771087646485
-0.028868335723876953,-0.05932754135131836,-0.056497066497802735
-0.028864843368530273,-0.05932297515869141,-0.05648736953735352
-0.028753644943237306,-0.05935282135009766,-0.056506771087646485
-0.027815473556518554,-0.059463661193847654,-0.0561628303527832
-0.027907752990722658,-0.05950235366821289,-0.05623725509643555
-0.027823293685913086,-0.059459346771240235,-0.056155948638916015
-0.027907752990722658,-0.05950235366821289,-0.05623725509643555
-0.027914737701416018,-0.05949792098999024,-0.05622959518432617
-0.027823293685913086,-0.059459346771240235,-0.056155948638916015
-0.029197187423706056,-0.05873502731323242,-0.055322666168212895
-0.029099159240722657,-0.05871592330932617,-0.05524724578857422
-0.029092458724975588,-0.0587156982421875,-0.055256309509277346
-0.029197187423706056,-0.05873502731323242,-0.055322666168212895
-0.029092458724975588,-0.0587156982421875,-0.055256309509277346
-0.029189496994018554,-0.058735664367675786,-0.05533088684082031
-0.027510740280151366,-0.05925418090820313,-0.055556892395019535
-0.027517803192138673,-0.05930623245239258,-0.05566152954101563
-0.027521726608276367,-0.05925188064575195,-0.05555794906616211
-0.027517803192138673,-0.05930623245239258,-0.05566152954101563
-0.027528774261474608,-0.05930378341674805,-0.05566067123413086
-0.027521726608276367,-0.05925188064575195,-0.05555794906616211
-0.027653593063354492,-0.05941844940185547,-0.05597882461547852
-0.027729005813598634,-0.05943478775024414,-0.0560756721496582
-0.027737401962280275,-0.059430950164794924,-0.0560692024230957
-0.027653593063354492,-0.05941844940185547,-0.05597882461547852
-0.027737401962280275,-0.059430950164794924,-0.0560692024230957
-0.027662811279296876,-0.05941489028930664,-0.0559734001159668
-0.028259950637817385,-0.058778877258300784,-0.05496082305908203
-0.028138500213623047,-0.058804576873779296,-0.05496233367919922
-0.028259111404418946,-0.05877555847167969,-0.05497156524658203
-0.028138500213623047,-0.058804576873779296,-0.05496233367919922
-0.02813841438293457,-0.05880117416381836,-0.05497307968139649
-0.028259111404418946,-0.05877555847167969,-0.05497156524658203
-0.029359628677368164,-0.05876690673828125,-0.05550307846069336
-0.02928471565246582,-0.05875252151489258,-0.05540841293334961
-0.02935011100769043,-0.05876841735839844,-0.05550893020629883
-0.02928471565246582,-0.05875252151489258,-0.05540841293334961
-0.029276123046875,-0.05875364685058594,-0.05541562271118164
-0.02935011100769043,-0.05876841735839844,-0.05550893020629883
-0.028642118453979494,-0.05938335037231445,-0.05652703094482422
-0.02875599479675293,-0.05935733413696289,-0.05651683044433594
-0.028753644943237306,-0.05935282135009766,-0.056506771087646485
-0.028642118453979494,-0.05938335037231445,-0.05652703094482422
-0.028753644943237306,-0.05935282135009766,-0.056506771087646485
-0.028641019821166992,-0.059378787994384764,-0.056516780853271484
-0.027907752990722658,-0.05950235366821289,-0.05623725509643555
-0.028010744094848633,-0.059540725708007815,-0.05629610443115234
-0.0280166015625,-0.059535789489746097,-0.05628783416748047
-0.027907752990722658,-0.05950235366821289,-0.05623725509643555
-0.0280166015625,-0.059535789489746097,-0.05628783416748047
-0.027914737701416018,-0.05949792098999024,-0.05622959518432617
-0.028120201110839845,-0.059559604644775395,-0.05635391616821289
-0.028228733062744142,-0.05954732894897461,-0.05640832138061524
-0.028125036239624025,-0.05955449676513672,-0.0563451042175293
-0.028228733062744142,-0.05954732894897461,-0.05640832138061524
-0.028232225418090822,-0.05954240798950195,-0.056398799896240234
-0.028125036239624025,-0.05955449676513672,-0.0563451042175293
-0.028228733062744142,-0.05954732894897461,-0.05640832138061524
-0.028327985763549807,-0.05950789260864258,-0.05645677947998047
-0.028232225418090822,-0.05954240798950195,-0.056398799896240234
-0.028327985763549807,-0.05950789260864258,-0.05645677947998047
-0.028330196380615236,-0.05950313949584961,-0.05644679641723633
-0.028232225418090822,-0.05954240798950195,-0.056398799896240234
-0.027516387939453126,-0.059200439453125,-0.0554539794921875
-0.027510740280151366,-0.05925418090820313,-0.055556892395019535
-0.027521726608276367,-0.05925188064575195,-0.05555794906616211
-0.027516387939453126,-0.059200439453125,-0.0554539794921875
-0.027521726608276367,-0.05925188064575195,-0.05555794906616211
-0.027527156829833983,-0.0591982421875,-0.055456493377685545
-0.029099159240722657,-0.05871592330932617,-0.05524724578857422
-0.028992984771728517,-0.05869913482666016,-0.055179618835449216
-0.029092458724975588,-0.0587156982421875,-0.055256309509277346
-0.028992984771728517,-0.05869913482666016,-0.055179618835449216
-0.028987321853637695,-0.05869802474975586,-0.05518930435180664
-0.029092458724975588,-0.0587156982421875,-0.055256309509277346
-0.028868335723876953,-0.05932754135131836,-0.056497066497802735
-0.028973228454589845,-0.05928022384643555,-0.056471248626708985
-0.028864843368530273,-0.05932297515869141,-0.05648736953735352
-0.028973228454589845,-0.05928022384643555,-0.056471248626708985
-0.02896817207336426,-0.059276519775390626,-0.05646187973022461
-0.028864843368530273,-0.05932297515869141,-0.05648736953735352
-0.028973228454589845,-0.05928022384643555,-0.056471248626708985
-0.029062971115112305,-0.0592084846496582,-0.0564395866394043
-0.02896817207336426,-0.059276519775390626,-0.05646187973022461
-0.029062971115112305,-0.0592084846496582,-0.0564395866394043
-0.029056825637817384,-0.05920528411865234,-0.05643069458007813
-0.02896817207336426,-0.059276519775390626,-0.05646187973022461
-0.028992984771728517,-0.05869913482666016,-0.055179618835449216
-0.02887928581237793,-0.058692527770996095,-0.05512063217163086
-0.028987321853637695,-0.05869802474975586,-0.05518930435180664
-0.02887928581237793,-0.058692527770996095,-0.05512063217163086
-0.028874336242675783,-0.05869104385375977,-0.055130653381347657
-0.028987321853637695,-0.05869802474975586,-0.05518930435180664
-0.028023332595825196,-0.05884117889404297,-0.05497441482543945
-0.02791470527648926,-0.05888481903076172,-0.05500470352172852
-0.027917650222778322,-0.05888190460205078,-0.05501519012451172
-0.028023332595825196,-0.05884117889404297,-0.05497441482543945
-0.027917650222778322,-0.05888190460205078,-0.05501519012451172
-0.02802408790588379,-0.05883782958984375,-0.05498515319824219
-0.02843002510070801,-0.05946392059326172,-0.05649114990234375
-0.028534835815429687,-0.059421329498291015,-0.05651638793945313
-0.02853481674194336,-0.059416511535644534,-0.056506195068359376
-0.02843002510070801,-0.05946392059326172,-0.05649114990234375
-0.02853481674194336,-0.059416511535644534,-0.056506195068359376
-0.02843110275268555,-0.059459075927734376,-0.05648102569580078
-0.028634647369384765,-0.05871776580810547,-0.05502725982666016
-0.02851127052307129,-0.05874581909179687,-0.05499676895141602
-0.02850849151611328,-0.05874248504638672,-0.05500717163085938
-0.028634647369384765,-0.05871776580810547,-0.05502725982666016
-0.02850849151611328,-0.05874248504638672,-0.05500717163085938
-0.028630910873413087,-0.05871465682983398,-0.05503743362426758
-0.02944552993774414,-0.05894070816040039,-0.05606812286376953
-0.029478342056274413,-0.05890549087524414,-0.05595859527587891
-0.029434961318969728,-0.0589399528503418,-0.05606427001953125
-0.029478342056274413,-0.05890549087524414,-0.05595859527587891
-0.029467239379882812,-0.05890538406372071,-0.05595663833618164
-0.029434961318969728,-0.0589399528503418,-0.05606427001953125
-0.02928471565246582,-0.05875252151489258,-0.05540841293334961
-0.029197187423706056,-0.05873502731323242,-0.055322666168212895
-0.029189496994018554,-0.058735664367675786,-0.05533088684082031
-0.02928471565246582,-0.05875252151489258,-0.05540841293334961
-0.029189496994018554,-0.058735664367675786,-0.05533088684082031
-0.029276123046875,-0.05875364685058594,-0.05541562271118164
-0.02932820701599121,-0.05903914642333984,-0.05625161361694336
-0.029394653320312502,-0.058988758087158207,-0.05616555023193359
-0.029384943008422853,-0.058987369537353514,-0.05615999221801758
-0.02932820701599121,-0.05903914642333984,-0.05625161361694336
-0.029384943008422853,-0.058987369537353514,-0.05615999221801758
-0.029319473266601562,-0.05903723907470703,-0.05624474334716797
-0.027517803192138673,-0.05930623245239258,-0.05566152954101563
-0.02755081558227539,-0.059356895446777344,-0.05576412200927734
-0.027528774261474608,-0.05930378341674805,-0.05566067123413086
-0.02755081558227539,-0.059356895446777344,-0.05576412200927734
-0.02756131172180176,-0.059353706359863284,-0.05576152801513672
-0.027528774261474608,-0.05930378341674805,-0.05566067123413086
-0.029470890045166016,-0.05883885192871094,-0.05573881912231445
-0.029436229705810547,-0.05879883193969727,-0.05564113616943359
-0.029459949493408202,-0.058840133666992187,-0.05574121475219727
-0.029436229705810547,-0.05879883193969727,-0.05564113616943359
-0.029425907135009765,-0.058800487518310546,-0.05564535903930664
-0.029459949493408202,-0.058840133666992187,-0.05574121475219727
-0.028534835815429687,-0.059421329498291015,-0.05651638793945313
-0.028642118453979494,-0.05938335037231445,-0.05652703094482422
-0.028641019821166992,-0.059378787994384764,-0.056516780853271484
-0.028534835815429687,-0.059421329498291015,-0.05651638793945313
-0.028641019821166992,-0.059378787994384764,-0.056516780853271484
-0.02853481674194336,-0.059416511535644534,-0.056506195068359376
-0.02755081558227539,-0.059356895446777344,-0.05576412200927734
-0.02759600639343262,-0.059395111083984375,-0.05587154006958008
-0.02756131172180176,-0.059353706359863284,-0.05576152801513672
-0.02759600639343262,-0.059395111083984375,-0.05587154006958008
-0.027605976104736328,-0.05939155197143555,-0.0558676643371582
-0.02756131172180176,-0.059353706359863284,-0.05576152801513672
-0.027538244247436523,-0.05914590072631836,-0.0553562126159668
-0.027516387939453126,-0.059200439453125,-0.0554539794921875
-0.02754849433898926,-0.059144287109375,-0.05536061859130859
-0.027516387939453126,-0.059200439453125,-0.0554539794921875
-0.027527156829833983,-0.0591982421875,-0.055456493377685545
-0.02754849433898926,-0.059144287109375,-0.05536061859130859
-0.02851127052307129,-0.05874581909179687,-0.05499676895141602
-0.02838564109802246,-0.05876298904418945,-0.05497209548950195
-0.028383655548095705,-0.05875957489013672,-0.0549826545715332
-0.02851127052307129,-0.05874581909179687,-0.05499676895141602
-0.028383655548095705,-0.05875957489013672,-0.0549826545715332
-0.02850849151611328,-0.05874248504638672,-0.05500717163085938
-0.02759600639343262,-0.059395111083984375,-0.05587154006958008
-0.027653593063354492,-0.05941844940185547,-0.05597882461547852
-0.027662811279296876,-0.05941489028930664,-0.0559734001159668
-0.02759600639343262,-0.059395111083984375,-0.05587154006958008
-0.027662811279296876,-0.05941489028930664,-0.0559734001159668
-0.027605976104736328,-0.05939155197143555,-0.0558676643371582
-0.028327985763549807,-0.05950789260864258,-0.05645677947998047
-0.02843002510070801,-0.05946392059326172,-0.05649114990234375
-0.028330196380615236,-0.05950313949584961,-0.05644679641723633
-0.02843002510070801,-0.05946392059326172,-0.05649114990234375
-0.02843110275268555,-0.059459075927734376,-0.05648102569580078
-0.028330196380615236,-0.05950313949584961,-0.05644679641723633
-0.029436229705810547,-0.05879883193969727,-0.05564113616943359
-0.029359628677368164,-0.05876690673828125,-0.05550307846069336
-0.02935011100769043,-0.05876841735839844,-0.05550893020629883
-0.029436229705810547,-0.05879883193969727,-0.05564113616943359
-0.02935011100769043,-0.05876841735839844,-0.05550893020629883
-0.029425907135009765,-0.058800487518310546,-0.05564535903930664
-0.02875783729553223,-0.05870108032226563,-0.055070674896240235
-0.028634647369384765,-0.05871776580810547,-0.05502725982666016
-0.028630910873413087,-0.05871465682983398,-0.05503743362426758
-0.02875783729553223,-0.05870108032226563,-0.055070674896240235
-0.028630910873413087,-0.05871465682983398,-0.05503743362426758
-0.028753387451171876,-0.058698738098144534,-0.055080764770507815
-0.029062971115112305,-0.0592084846496582,-0.0564395866394043
-0.029156320571899416,-0.059144992828369145,-0.056390029907226566
-0.029149293899536133,-0.05914201354980469,-0.05638173294067383
-0.029062971115112305,-0.0592084846496582,-0.0564395866394043
-0.029149293899536133,-0.05914201354980469,-0.05638173294067383
-0.029056825637817384,-0.05920528411865234,-0.05643069458007813
-0.029478342056274413,-0.05890549087524414,-0.05595859527587891
-0.029487380981445314,-0.05887485504150391,-0.05584558486938477
-0.029467239379882812,-0.05890538406372071,-0.05595663833618164
-0.029487380981445314,-0.05887485504150391,-0.05584558486938477
-0.029476131439208984,-0.05887547683715821,-0.055845954895019534
-0.029467239379882812,-0.05890538406372071,-0.05595663833618164
-0.029246149063110353,-0.05908983612060547,-0.056326515197753904
-0.02932820701599121,-0.05903914642333984,-0.05625161361694336
-0.029238481521606446,-0.059087322235107424,-0.05631864166259766
-0.02932820701599121,-0.05903914642333984,-0.05625161361694336
-0.029319473266601562,-0.05903723907470703,-0.05624474334716797
-0.029238481521606446,-0.059087322235107424,-0.05631864166259766
-0.0278122615814209,-0.05893096923828125,-0.05504936218261719
-0.027719369888305666,-0.058978706359863284,-0.05510776901245117
-0.02772590446472168,-0.05897697448730469,-0.055116790771484375
-0.0278122615814209,-0.05893096923828125,-0.05504936218261719
-0.02772590446472168,-0.05897697448730469,-0.055116790771484375
-0.027816789627075195,-0.05892849349975586,-0.05505938339233399
-0.029487380981445314,-0.05887485504150391,-0.05584558486938477
-0.029470890045166016,-0.05883885192871094,-0.05573881912231445
-0.029459949493408202,-0.058840133666992187,-0.05574121475219727
-0.029487380981445314,-0.05887485504150391,-0.05584558486938477
-0.029459949493408202,-0.058840133666992187,-0.05574121475219727
-0.029476131439208984,-0.05887547683715821,-0.055845954895019534
-0.02887928581237793,-0.058692527770996095,-0.05512063217163086
-0.02875783729553223,-0.05870108032226563,-0.055070674896240235
-0.028874336242675783,-0.05869104385375977,-0.055130653381347657
-0.02875783729553223,-0.05870108032226563,-0.055070674896240235
-0.028753387451171876,-0.058698738098144534,-0.055080764770507815
-0.028874336242675783,-0.05869104385375977,-0.055130653381347657
-0.027737401962280275,-0.059430950164794924,-0.0560692024230957
-0.027823293685913086,-0.059459346771240235,-0.056155948638916015
-0.02774789810180664,-0.059426155090332035,-0.056061111450195315
-0.027823293685913086,-0.059459346771240235,-0.056155948638916015
-0.02783306884765625,-0.059453956604003905,-0.0561473503112793
-0.02774789810180664,-0.059426155090332035,-0.056061111450195315
-0.029384943008422853,-0.058987369537353514,-0.05615999221801758
-0.029434961318969728,-0.0589399528503418,-0.05606427001953125
-0.029421751022338866,-0.05893901062011719,-0.05605945587158203
-0.029384943008422853,-0.058987369537353514,-0.05615999221801758
-0.029421751022338866,-0.05893901062011719,-0.05605945587158203
-0.029372804641723635,-0.058985633850097655,-0.05615304946899414
-0.02772590446472168,-0.05897697448730469,-0.055116790771484375
-0.02765410041809082,-0.059030620574951176,-0.055188678741455076
-0.027664459228515625,-0.059028701782226564,-0.05519803619384766
-0.02772590446472168,-0.05897697448730469,-0.055116790771484375
-0.027664459228515625,-0.059028701782226564,-0.05519803619384766
-0.027734073638916015,-0.05897480773925781,-0.05512806701660156
-0.027594778060913087,-0.059087017059326175,-0.05527158737182617
-0.02754849433898926,-0.059144287109375,-0.05536061859130859
-0.027606363296508788,-0.059084964752197267,-0.05527934265136719
-0.02754849433898926,-0.059144287109375,-0.05536061859130859
-0.027561307907104492,-0.05914226913452149,-0.05536612701416016
-0.027606363296508788,-0.059084964752197267,-0.05527934265136719
-0.02765410041809082,-0.059030620574951176,-0.055188678741455076
-0.027594778060913087,-0.059087017059326175,-0.05527158737182617
-0.027664459228515625,-0.059028701782226564,-0.05519803619384766
-0.027594778060913087,-0.059087017059326175,-0.05527158737182617
-0.027606363296508788,-0.059084964752197267,-0.05527934265136719
-0.027664459228515625,-0.059028701782226564,-0.05519803619384766
-0.029149293899536133,-0.05914201354980469,-0.05638173294067383
-0.029238481521606446,-0.059087322235107424,-0.05631864166259766
-0.029228897094726564,-0.05908417892456055,-0.05630879974365235
-0.029149293899536133,-0.05914201354980469,-0.05638173294067383
-0.029228897094726564,-0.05908417892456055,-0.05630879974365235
-0.0291405086517334,-0.0591382942199707,-0.056371360778808596
-0.027917650222778322,-0.05888190460205078,-0.05501519012451172
-0.027816789627075195,-0.05892849349975586,-0.05505938339233399
-0.02792133331298828,-0.05887826538085938,-0.05502829360961914
-0.027816789627075195,-0.05892849349975586,-0.05505938339233399
-0.027822450637817384,-0.05892539978027344,-0.055071914672851566
-0.02792133331298828,-0.05887826538085938,-0.05502829360961914
-0.028383655548095705,-0.05875957489013672,-0.0549826545715332
-0.028259111404418946,-0.05877555847167969,-0.05497156524658203
-0.028381175994873047,-0.05875530624389649,-0.05499585342407227
-0.028259111404418946,-0.05877555847167969,-0.05497156524658203
-0.028258060455322268,-0.05877140808105469,-0.05498498916625977
-0.028381175994873047,-0.05875530624389649,-0.05499585342407227
-0.02813841438293457,-0.05880117416381836,-0.05497307968139649
-0.02802408790588379,-0.05883782958984375,-0.05498515319824219
-0.028138307571411135,-0.058796924591064455,-0.054986515045166016
-0.02802408790588379,-0.05883782958984375,-0.05498515319824219
-0.028025030136108398,-0.058833641052246095,-0.054998577117919924
-0.028138307571411135,-0.058796924591064455,-0.054986515045166016
-0.0280166015625,-0.059535789489746097,-0.05628783416748047
-0.028125036239624025,-0.05955449676513672,-0.0563451042175293
-0.028131080627441407,-0.05954811477661133,-0.05633409118652344
-0.0280166015625,-0.059535789489746097,-0.05628783416748047
-0.028131080627441407,-0.05954811477661133,-0.05633409118652344
-0.028023921966552734,-0.059529617309570314,-0.05627749252319336
-0.028753644943237306,-0.05935282135009766,-0.056506771087646485
-0.028864843368530273,-0.05932297515869141,-0.05648736953735352
-0.028750707626342773,-0.059347179412841795,-0.05649419403076172
-0.028864843368530273,-0.05932297515869141,-0.05648736953735352
-0.028860475540161135,-0.059317272186279295,-0.05647524642944336
-0.028750707626342773,-0.059347179412841795,-0.05649419403076172
-0.027823293685913086,-0.059459346771240235,-0.056155948638916015
-0.027914737701416018,-0.05949792098999024,-0.05622959518432617
-0.02783306884765625,-0.059453956604003905,-0.0561473503112793
-0.027914737701416018,-0.05949792098999024,-0.05622959518432617
-0.027923469543457032,-0.05949238204956055,-0.05622002029418945
-0.02783306884765625,-0.059453956604003905,-0.0561473503112793
-0.029189496994018554,-0.058735664367675786,-0.05533088684082031
-0.029092458724975588,-0.0587156982421875,-0.055256309509277346
-0.029084081649780272,-0.058715415954589845,-0.05526763916015625
-0.029189496994018554,-0.058735664367675786,-0.05533088684082031
-0.029084081649780272,-0.058715415954589845,-0.05526763916015625
-0.029179885864257814,-0.05873645782470703,-0.055341159820556644
-0.027521726608276367,-0.05925188064575195,-0.05555794906616211
-0.027528774261474608,-0.05930378341674805,-0.05566067123413086
-0.027535457611083985,-0.05924900054931641,-0.055559272766113284
-0.027528774261474608,-0.05930378341674805,-0.05566067123413086
-0.02754248809814453,-0.059300724029541015,-0.05565959548950195
-0.027535457611083985,-0.05924900054931641,-0.055559272766113284
-0.027662811279296876,-0.05941489028930664,-0.0559734001159668
-0.027737401962280275,-0.059430950164794924,-0.0560692024230957
-0.02774789810180664,-0.059426155090332035,-0.056061111450195315
-0.027662811279296876,-0.05941489028930664,-0.0559734001159668
-0.02774789810180664,-0.059426155090332035,-0.056061111450195315
-0.027674333572387695,-0.05941043853759766,-0.05596661376953125
-0.028259111404418946,-0.05877555847167969,-0.05497156524658203
-0.02813841438293457,-0.05880117416381836,-0.05497307968139649
-0.028258060455322268,-0.05877140808105469,-0.05498498916625977
-0.02813841438293457,-0.05880117416381836,-0.05497307968139649
-0.028138307571411135,-0.058796924591064455,-0.054986515045166016
-0.028258060455322268,-0.05877140808105469,-0.05498498916625977
-0.02935011100769043,-0.05876841735839844,-0.05550893020629883
-0.029276123046875,-0.05875364685058594,-0.05541562271118164
-0.029338212966918947,-0.05877030181884766,-0.05551624298095703
-0.029276123046875,-0.05875364685058594,-0.05541562271118164
-0.029265380859375002,-0.058755050659179686,-0.055424636840820315
-0.029338212966918947,-0.05877030181884766,-0.05551624298095703
-0.028641019821166992,-0.059378787994384764,-0.056516780853271484
-0.028753644943237306,-0.05935282135009766,-0.056506771087646485
-0.028750707626342773,-0.059347179412841795,-0.05649419403076172
-0.028641019821166992,-0.059378787994384764,-0.056516780853271484
-0.028750707626342773,-0.059347179412841795,-0.05649419403076172
-0.0286396484375,-0.05937308502197266,-0.05650396728515625
-0.027914737701416018,-0.05949792098999024,-0.05622959518432617
-0.0280166015625,-0.059535789489746097,-0.05628783416748047
-0.028023921966552734,-0.059529617309570314,-0.05627749252319336
-0.027914737701416018,-0.05949792098999024,-0.05622959518432617
-0.028023921966552734,-0.059529617309570314,-0.05627749252319336
-0.027923469543457032,-0.05949238204956055,-0.05622002029418945
-0.028125036239624025,-0.05955449676513672,-0.0563451042175293
-0.028232225418090822,-0.05954240798950195,-0.056398799896240234
-0.028131080627441407,-0.05954811477661133,-0.05633409118652344
-0.028232225418090822,-0.05954240798950195,-0.056398799896240234
-0.028236589431762694,-0.05953625869750977,-0.05638689422607422
-0.028131080627441407,-0.05954811477661133,-0.05633409118652344
-0.028232225418090822,-0.05954240798950195,-0.056398799896240234
-0.028330196380615236,-0.05950313949584961,-0.05644679641723633
-0.028236589431762694,-0.05953625869750977,-0.05638689422607422
-0.028330196380615236,-0.05950313949584961,-0.05644679641723633
-0.02833296012878418,-0.059497200012207034,-0.056434322357177734
-0.028236589431762694,-0.05953625869750977,-0.05638689422607422
-0.027527156829833983,-0.0591982421875,-0.055456493377685545
-0.027521726608276367,-0.05925188064575195,-0.05555794906616211
-0.027535457611083985,-0.05924900054931641,-0.055559272766113284
-0.027527156829833983,-0.0591982421875,-0.055456493377685545
-0.027535457611083985,-0.05924900054931641,-0.055559272766113284
-0.027540616989135742,-0.05919549942016602,-0.05545963668823242
-0.029092458724975588,-0.0587156982421875,-0.055256309509277346
-0.028987321853637695,-0.05869802474975586,-0.05518930435180664
-0.029084081649780272,-0.058715415954589845,-0.05526763916015625
-0.028987321853637695,-0.05869802474975586,-0.05518930435180664
-0.02898024368286133,-0.05869663238525391,-0.05520140838623047
-0.029084081649780272,-0.058715415954589845,-0.05526763916015625
-0.028864843368530273,-0.05932297515869141,-0.05648736953735352
-0.02896817207336426,-0.059276519775390626,-0.05646187973022461
-0.028860475540161135,-0.059317272186279295,-0.05647524642944336
-0.02896817207336426,-0.059276519775390626,-0.05646187973022461
-0.02896185302734375,-0.05927188491821289,-0.056450164794921875
-0.028860475540161135,-0.059317272186279295,-0.05647524642944336
-0.02896817207336426,-0.059276519775390626,-0.05646187973022461
-0.029056825637817384,-0.05920528411865234,-0.05643069458007813
-0.02896185302734375,-0.05927188491821289,-0.056450164794921875
-0.029056825637817384,-0.05920528411865234,-0.05643069458007813
-0.029049142837524414,-0.05920127868652344,-0.056419578552246094
-0.02896185302734375,-0.05927188491821289,-0.056450164794921875
-0.028987321853637695,-0.05869802474975586,-0.05518930435180664
-0.028874336242675783,-0.05869104385375977,-0.055130653381347657
-0.02898024368286133,-0.05869663238525391,-0.05520140838623047
-0.028874336242675783,-0.05869104385375977,-0.055130653381347657
-0.028868146896362305,-0.05868919372558594,-0.0551431770324707
-0.02898024368286133,-0.05869663238525391,-0.05520140838623047
-0.02802408790588379,-0.05883782958984375,-0.05498515319824219
-0.027917650222778322,-0.05888190460205078,-0.05501519012451172
-0.02792133331298828,-0.05887826538085938,-0.05502829360961914
-0.02802408790588379,-0.05883782958984375,-0.05498515319824219
-0.02792133331298828,-0.05887826538085938,-0.05502829360961914
-0.028025030136108398,-0.058833641052246095,-0.054998577117919924
-0.02843110275268555,-0.059459075927734376,-0.05648102569580078
-0.02853481674194336,-0.059416511535644534,-0.056506195068359376
-0.028534791946411134,-0.05941048812866211,-0.05649345397949219
-0.02843110275268555,-0.059459075927734376,-0.05648102569580078
-0.028534791946411134,-0.05941048812866211,-0.05649345397949219
-0.028432451248168945,-0.05945302200317383,-0.05646837234497071
-0.028630910873413087,-0.05871465682983398,-0.05503743362426758
-0.02850849151611328,-0.05874248504638672,-0.05500717163085938
-0.028505016326904296,-0.058738315582275394,-0.05502017974853516
-0.028630910873413087,-0.05871465682983398,-0.05503743362426758
-0.028505016326904296,-0.058738315582275394,-0.05502017974853516
-0.02862623977661133,-0.05871077346801758,-0.05505014801025391
-0.029434961318969728,-0.0589399528503418,-0.05606427001953125
-0.029467239379882812,-0.05890538406372071,-0.05595663833618164
-0.029421751022338866,-0.05893901062011719,-0.05605945587158203
-0.029467239379882812,-0.05890538406372071,-0.05595663833618164
-0.0294533634185791,-0.05890525436401367,-0.05595418930053711
-0.029421751022338866,-0.05893901062011719,-0.05605945587158203
-0.029276123046875,-0.05875364685058594,-0.05541562271118164
-0.029189496994018554,-0.058735664367675786,-0.05533088684082031
-0.029179885864257814,-0.05873645782470703,-0.055341159820556644
-0.029276123046875,-0.05875364685058594,-0.05541562271118164
-0.029179885864257814,-0.05873645782470703,-0.055341159820556644
-0.029265380859375002,-0.058755050659179686,-0.055424636840820315
-0.029319473266601562,-0.05903723907470703,-0.05624474334716797
-0.029384943008422853,-0.058987369537353514,-0.05615999221801758
-0.029372804641723635,-0.058985633850097655,-0.05615304946899414
-0.029319473266601562,-0.05903723907470703,-0.05624474334716797
-0.029372804641723635,-0.058985633850097655,-0.05615304946899414
-0.02930855369567871,-0.05903485870361328,-0.05623616027832031
-0.027528774261474608,-0.05930378341674805,-0.05566067123413086
-0.02756131172180176,-0.059353706359863284,-0.05576152801513672
-0.02754248809814453,-0.059300724029541015,-0.05565959548950195
-0.02756131172180176,-0.059353706359863284,-0.05576152801513672
-0.027574434280395507,-0.05934971618652344,-0.05575828552246094
-0.02754248809814453,-0.059300724029541015,-0.05565959548950195
-0.029459949493408202,-0.058840133666992187,-0.05574121475219727
-0.029425907135009765,-0.058800487518310546,-0.05564535903930664
-0.029446271896362307,-0.058841739654541016,-0.055744205474853516
-0.029425907135009765,-0.058800487518310546,-0.05564535903930664
-0.029413005828857423,-0.05880255508422852,-0.055650634765625
-0.029446271896362307,-0.058841739654541016,-0.055744205474853516
-0.02853481674194336,-0.059416511535644534,-0.056506195068359376
-0.028641019821166992,-0.059378787994384764,-0.056516780853271484
-0.0286396484375,-0.05937308502197266,-0.05650396728515625
-0.02853481674194336,-0.059416511535644534,-0.056506195068359376
-0.0286396484375,-0.05937308502197266,-0.05650396728515625
-0.028534791946411134,-0.05941048812866211,-0.05649345397949219
-0.02756131172180176,-0.059353706359863284,-0.05576152801513672
-0.027605976104736328,-0.05939155197143555,-0.0558676643371582
-0.027574434280395507,-0.05934971618652344,-0.05575828552246094
-0.027605976104736328,-0.05939155197143555,-0.0558676643371582
-0.027618438720703124,-0.05938710403442383,-0.0558628158569336
-0.027574434280395507,-0.05934971618652344,-0.05575828552246094
-0.02754849433898926,-0.059144287109375,-0.05536061859130859
-0.027527156829833983,-0.0591982421875,-0.055456493377685545
-0.027561307907104492,-0.05914226913452149,-0.05536612701416016
-0.027527156829833983,-0.0591982421875,-0.055456493377685545
-0.027540616989135742,-0.05919549942016602,-0.05545963668823242
-0.027561307907104492,-0.05914226913452149,-0.05536612701416016
-0.02850849151611328,-0.05874248504638672,-0.05500717163085938
-0.028383655548095705,-0.05875957489013672,-0.0549826545715332
-0.028381175994873047,-0.05875530624389649,-0.05499585342407227
-0.02850849151611328,-0.05874248504638672,-0.05500717163085938
-0.028381175994873047,-0.05875530624389649,-0.05499585342407227
-0.028505016326904296,-0.058738315582275394,-0.05502017974853516
-0.027605976104736328,-0.05939155197143555,-0.0558676643371582
-0.027662811279296876,-0.05941489028930664,-0.0559734001159668
-0.027674333572387695,-0.05941043853759766,-0.05596661376953125
-0.027605976104736328,-0.05939155197143555,-0.0558676643371582
-0.027674333572387695,-0.05941043853759766,-0.05596661376953125
-0.027618438720703124,-0.05938710403442383,-0.0558628158569336
-0.028330196380615236,-0.05950313949584961,-0.05644679641723633
-0.02843110275268555,-0.059459075927734376,-0.05648102569580078
-0.02833296012878418,-0.059497200012207034,-0.056434322357177734
-0.02843110275268555,-0.059459075927734376,-0.05648102569580078
-0.028432451248168945,-0.05945302200317383,-0.05646837234497071
-0.02833296012878418,-0.059497200012207034,-0.056434322357177734
-0.029425907135009765,-0.058800487518310546,-0.05564535903930664
-0.02935011100769043,-0.05876841735839844,-0.05550893020629883
-0.029338212966918947,-0.05877030181884766,-0.05551624298095703
-0.029425907135009765,-0.058800487518310546,-0.05564535903930664
-0.029338212966918947,-0.05877030181884766,-0.05551624298095703
-0.029413005828857423,-0.05880255508422852,-0.055650634765625
-0.028753387451171876,-0.058698738098144534,-0.055080764770507815
-0.028630910873413087,-0.05871465682983398,-0.05503743362426758
-0.02862623977661133,-0.05871077346801758,-0.05505014801025391
-0.028753387451171876,-0.058698738098144534,-0.055080764770507815
-0.02862623977661133,-0.05871077346801758,-0.05505014801025391
-0.028747825622558593,-0.0586958122253418,-0.05509337997436523
-0.029056825637817384,-0.05920528411865234,-0.05643069458007813
-0.029149293899536133,-0.05914201354980469,-0.05638173294067383
-0.0291405086517334,-0.0591382942199707,-0.056371360778808596
-0.029056825637817384,-0.05920528411865234,-0.05643069458007813
-0.0291405086517334,-0.0591382942199707,-0.056371360778808596
-0.029049142837524414,-0.05920127868652344,-0.056419578552246094
-0.029467239379882812,-0.05890538406372071,-0.05595663833618164
-0.029476131439208984,-0.05887547683715821,-0.055845954895019534
-0.0294533634185791,-0.05890525436401367,-0.05595418930053711
-0.029476131439208984,-0.05887547683715821,-0.055845954895019534
-0.029462066650390625,-0.05887625503540039,-0.05584642028808594
-0.0294533634185791,-0.05890525436401367,-0.05595418930053711
-0.029238481521606446,-0.059087322235107424,-0.05631864166259766
-0.029319473266601562,-0.05903723907470703,-0.05624474334716797
-0.029228897094726564,-0.05908417892456055,-0.05630879974365235
-0.029319473266601562,-0.05903723907470703,-0.05624474334716797
-0.02930855369567871,-0.05903485870361328,-0.05623616027832031
-0.029228897094726564,-0.05908417892456055,-0.05630879974365235
-0.027816789627075195,-0.05892849349975586,-0.05505938339233399
-0.02772590446472168,-0.05897697448730469,-0.055116790771484375
-0.027734073638916015,-0.05897480773925781,-0.05512806701660156
-0.027816789627075195,-0.05892849349975586,-0.05505938339233399
-0.027734073638916015,-0.05897480773925781,-0.05512806701660156
-0.027822450637817384,-0.05892539978027344,-0.055071914672851566
-0.029476131439208984,-0.05887547683715821,-0.055845954895019534
-0.029459949493408202,-0.058840133666992187,-0.05574121475219727
-0.029446271896362307,-0.058841739654541016,-0.055744205474853516
-0.029476131439208984,-0.05887547683715821,-0.055845954895019534
-0.029446271896362307,-0.058841739654541016,-0.055744205474853516
-0.029462066650390625,-0.05887625503540039,-0.05584642028808594
-0.028874336242675783,-0.05869104385375977,-0.055130653381347657
-0.028753387451171876,-0.058698738098144534,-0.055080764770507815
-0.028868146896362305,-0.05868919372558594,-0.0551431770324707
-0.028753387451171876,-0.058698738098144534,-0.055080764770507815
-0.028747825622558593,-0.0586958122253418,-0.05509337997436523
-0.028868146896362305,-0.05868919372558594,-0.0551431770324707
-0.02774789810180664,-0.059426155090332035,-0.056061111450195315
-0.02783306884765625,-0.059453956604003905,-0.0561473503112793
-0.027761016845703125,-0.05942015838623047,-0.05605100250244141
-0.02783306884765625,-0.059453956604003905,-0.0561473503112793
-0.027845287322998048,-0.059447216033935546,-0.056136600494384764
-0.027761016845703125,-0.05942015838623047,-0.05605100250244141
-0.029372804641723635,-0.058985633850097655,-0.05615304946899414
-0.029421751022338866,-0.05893901062011719,-0.05605945587158203
-0.029405237197875977,-0.05893783187866211,-0.05605344009399414
-0.029372804641723635,-0.058985633850097655,-0.05615304946899414
-0.029405237197875977,-0.05893783187866211,-0.05605344009399414
-0.02935763168334961,-0.058983463287353516,-0.05614436721801758
-0.027734073638916015,-0.05897480773925781,-0.05512806701660156
-0.027664459228515625,-0.059028701782226564,-0.05519803619384766
-0.027677410125732424,-0.05902630233764648,-0.05520973587036133
-0.027734073638916015,-0.05897480773925781,-0.05512806701660156
-0.027677410125732424,-0.05902630233764648,-0.05520973587036133
-0.027744283676147462,-0.05897209930419922,-0.055142162322998046
-0.027606363296508788,-0.059084964752197267,-0.05527934265136719
-0.027561307907104492,-0.05914226913452149,-0.05536612701416016
-0.027620845794677735,-0.059082401275634765,-0.05528903961181641
-0.027561307907104492,-0.05914226913452149,-0.05536612701416016
-0.02757732391357422,-0.059139743804931644,-0.055373016357421874
-0.027620845794677735,-0.059082401275634765,-0.05528903961181641
-0.027664459228515625,-0.059028701782226564,-0.05519803619384766
-0.027606363296508788,-0.059084964752197267,-0.05527934265136719
-0.027677410125732424,-0.05902630233764648,-0.05520973587036133
-0.027606363296508788,-0.059084964752197267,-0.05527934265136719
-0.027620845794677735,-0.059082401275634765,-0.05528903961181641
-0.027677410125732424,-0.05902630233764648,-0.05520973587036133
-0.0291405086517334,-0.0591382942199707,-0.056371360778808596
-0.029228897094726564,-0.05908417892456055,-0.05630879974365235
-0.029216915130615233,-0.05908024978637695,-0.05629650115966797
-0.0291405086517334,-0.0591382942199707,-0.056371360778808596
-0.029216915130615233,-0.05908024978637695,-0.05629650115966797
-0.02912952995300293,-0.05913364028930664,-0.05635839462280273
-0.02792133331298828,-0.05887826538085938,-0.05502829360961914
-0.027822450637817384,-0.05892539978027344,-0.055071914672851566
-0.027925935745239258,-0.05887371444702148,-0.055044677734375
-0.027822450637817384,-0.05892539978027344,-0.055071914672851566
-0.027829524993896484,-0.05892152786254883,-0.055087574005126955
-0.027925935745239258,-0.05887371444702148,-0.055044677734375
-0.028381175994873047,-0.05875530624389649,-0.05499585342407227
-0.028258060455322268,-0.05877140808105469,-0.05498498916625977
-0.028378074645996093,-0.05874997329711914,-0.05501235198974609
-0.028258060455322268,-0.05877140808105469,-0.05498498916625977
-0.028256748199462892,-0.058766220092773436,-0.055001773834228516
-0.028378074645996093,-0.05874997329711914,-0.05501235198974609
-0.028138307571411135,-0.058796924591064455,-0.054986515045166016
-0.028025030136108398,-0.058833641052246095,-0.054998577117919924
-0.028138172149658202,-0.05879160690307617,-0.055003311157226564
-0.028025030136108398,-0.058833641052246095,-0.054998577117919924
-0.02802621078491211,-0.05882840728759766,-0.05501535415649414
-0.028138172149658202,-0.05879160690307617,-0.055003311157226564
-0.028023921966552734,-0.059529617309570314,-0.05627749252319336
-0.028131080627441407,-0.05954811477661133,-0.05633409118652344
-0.028138635635375976,-0.05954013442993164,-0.056320323944091796
-0.028023921966552734,-0.059529617309570314,-0.05627749252319336
-0.028138635635375976,-0.05954013442993164,-0.056320323944091796
-0.028033071517944336,-0.05952190399169922,-0.05626456832885742
-0.028750707626342773,-0.059347179412841795,-0.05649419403076172
-0.028860475540161135,-0.059317272186279295,-0.05647524642944336
-0.028747037887573244,-0.059340126037597654,-0.056478477478027346
-0.028860475540161135,-0.059317272186279295,-0.05647524642944336
-0.028855018615722657,-0.05931013870239258,-0.056460090637207035
-0.028747037887573244,-0.059340126037597654,-0.056478477478027346
-0.02783306884765625,-0.059453956604003905,-0.0561473503112793
-0.027923469543457032,-0.05949238204956055,-0.05622002029418945
-0.027845287322998048,-0.059447216033935546,-0.056136600494384764
-0.027923469543457032,-0.05949238204956055,-0.05622002029418945
-0.027934383392333985,-0.05948545837402344,-0.05620805358886719
-0.027845287322998048,-0.059447216033935546,-0.056136600494384764
-0.029179885864257814,-0.05873645782470703,-0.055341159820556644
-0.029084081649780272,-0.058715415954589845,-0.05526763916015625
-0.029073610305786132,-0.058715065002441405,-0.05528179931640625
-0.029179885864257814,-0.05873645782470703,-0.055341159820556644
-0.029073610305786132,-0.058715065002441405,-0.05528179931640625
-0.029167869567871093,-0.058737449645996094,-0.055354003906250004
-0.027535457611083985,-0.05924900054931641,-0.055559272766113284
-0.02754248809814453,-0.059300724029541015,-0.05565959548950195
-0.027552621841430664,-0.059245407104492186,-0.05556092834472656
-0.02754248809814453,-0.059300724029541015,-0.05565959548950195
-0.02755962944030762,-0.0592968978881836,-0.05565824890136719
-0.027552621841430664,-0.059245407104492186,-0.05556092834472656
-0.027674333572387695,-0.05941043853759766,-0.05596661376953125
-0.02774789810180664,-0.059426155090332035,-0.056061111450195315
-0.027761016845703125,-0.05942015838623047,-0.05605100250244141
-0.027674333572387695,-0.05941043853759766,-0.05596661376953125
-0.027761016845703125,-0.05942015838623047,-0.05605100250244141
-0.027688737869262695,-0.059404876708984374,-0.05595813751220703
-0.028258060455322268,-0.05877140808105469,-0.05498498916625977
-0.028138307571411135,-0.058796924591064455,-0.054986515045166016
-0.028256748199462892,-0.058766220092773436,-0.055001773834228516
-0.028138307571411135,-0.058796924591064455,-0.054986515045166016
-0.028138172149658202,-0.05879160690307617,-0.055003311157226564
-0.028256748199462892,-0.058766220092773436,-0.055001773834228516
-0.029338212966918947,-0.05877030181884766,-0.05551624298095703
-0.029265380859375002,-0.058755050659179686,-0.055424636840820315
-0.02932334327697754,-0.05877265930175781,-0.05552538681030274
-0.029265380859375002,-0.058755050659179686,-0.055424636840820315
-0.029251955032348634,-0.058756809234619144,-0.055435901641845704
-0.02932334327697754,-0.05877265930175781,-0.05552538681030274
-0.0286396484375,-0.05937308502197266,-0.05650396728515625
-0.028750707626342773,-0.059347179412841795,-0.05649419403076172
-0.028747037887573244,-0.059340126037597654,-0.056478477478027346
-0.0286396484375,-0.05937308502197266,-0.05650396728515625
-0.028747037887573244,-0.059340126037597654,-0.056478477478027346
-0.0286379337310791,-0.0593659553527832,-0.05648795318603516
-0.027923469543457032,-0.05949238204956055,-0.05622002029418945
-0.028023921966552734,-0.059529617309570314,-0.05627749252319336
-0.028033071517944336,-0.05952190399169922,-0.05626456832885742
-0.027923469543457032,-0.05949238204956055,-0.05622002029418945
-0.028033071517944336,-0.05952190399169922,-0.05626456832885742
-0.027934383392333985,-0.05948545837402344,-0.05620805358886719
-0.028131080627441407,-0.05954811477661133,-0.05633409118652344
-0.028236589431762694,-0.05953625869750977,-0.05638689422607422
-0.028138635635375976,-0.05954013442993164,-0.056320323944091796
-0.028236589431762694,-0.05953625869750977,-0.05638689422607422
-0.028242046356201173,-0.05952856826782227,-0.05637201309204102
-0.028138635635375976,-0.05954013442993164,-0.056320323944091796
-0.028236589431762694,-0.05953625869750977,-0.05638689422607422
-0.02833296012878418,-0.059497200012207034,-0.056434322357177734
-0.028242046356201173,-0.05952856826782227,-0.05637201309204102
-0.02833296012878418,-0.059497200012207034,-0.056434322357177734
-0.028336414337158205,-0.05948977279663086,-0.05641872787475586
-0.028242046356201173,-0.05952856826782227,-0.05637201309204102
-0.027540616989135742,-0.05919549942016602,-0.05545963668823242
-0.027535457611083985,-0.05924900054931641,-0.055559272766113284
-0.027552621841430664,-0.059245407104492186,-0.05556092834472656
-0.027540616989135742,-0.05919549942016602,-0.05545963668823242
-0.027552621841430664,-0.059245407104492186,-0.05556092834472656
-0.02755744171142578,-0.05919206619262696,-0.05546356201171875
-0.029084081649780272,-0.058715415954589845,-0.05526763916015625
-0.02898024368286133,-0.05869663238525391,-0.05520140838623047
-0.029073610305786132,-0.058715065002441405,-0.05528179931640625
-0.02898024368286133,-0.05869663238525391,-0.05520140838623047
-0.02897139549255371,-0.058694896697998045,-0.0552165412902832
-0.029073610305786132,-0.058715065002441405,-0.05528179931640625
-0.028860475540161135,-0.059317272186279295,-0.05647524642944336
-0.02896185302734375,-0.05927188491821289,-0.056450164794921875
-0.028855018615722657,-0.05931013870239258,-0.056460090637207035
-0.02896185302734375,-0.05927188491821289,-0.056450164794921875
-0.028953952789306642,-0.05926609420776367,-0.05643552398681641
-0.028855018615722657,-0.05931013870239258,-0.056460090637207035
-0.02896185302734375,-0.05927188491821289,-0.056450164794921875
-0.029049142837524414,-0.05920127868652344,-0.056419578552246094
-0.028953952789306642,-0.05926609420776367,-0.05643552398681641
-0.029049142837524414,-0.05920127868652344,-0.056419578552246094
-0.029039539337158204,-0.059196277618408205,-0.05640568542480469
-0.028953952789306642,-0.05926609420776367,-0.05643552398681641
-0.02898024368286133,-0.05869663238525391,-0.05520140838623047
-0.028868146896362305,-0.05868919372558594,-0.0551431770324707
-0.02897139549255371,-0.058694896697998045,-0.0552165412902832
-0.028868146896362305,-0.05868919372558594,-0.0551431770324707
-0.02886041259765625,-0.05868687438964844,-0.05515883255004883
-0.02897139549255371,-0.058694896697998045,-0.0552165412902832
-0.028025030136108398,-0.058833641052246095,-0.054998577117919924
-0.02792133331298828,-0.05887826538085938,-0.05502829360961914
-0.027925935745239258,-0.05887371444702148,-0.055044677734375
-0.028025030136108398,-0.058833641052246095,-0.054998577117919924
-0.027925935745239258,-0.05887371444702148,-0.055044677734375
-0.02802621078491211,-0.05882840728759766,-0.05501535415649414
-0.028432451248168945,-0.05945302200317383,-0.05646837234497071
-0.028534791946411134,-0.05941048812866211,-0.05649345397949219
-0.028534759521484376,-0.059402961730957035,-0.05647753143310547
-0.028432451248168945,-0.05945302200317383,-0.05646837234497071
-0.028534759521484376,-0.059402961730957035,-0.05647753143310547
-0.02843413734436035,-0.059445457458496095,-0.056452556610107424
-0.02862623977661133,-0.05871077346801758,-0.05505014801025391
-0.028505016326904296,-0.058738315582275394,-0.05502017974853516
-0.028500673294067382,-0.058733100891113284,-0.05503643417358398
-0.02862623977661133,-0.05871077346801758,-0.05505014801025391
-0.028500673294067382,-0.058733100891113284,-0.05503643417358398
-0.02862040138244629,-0.05870591354370117,-0.0550660400390625
-0.029421751022338866,-0.05893901062011719,-0.05605945587158203
-0.0294533634185791,-0.05890525436401367,-0.05595418930053711
-0.029405237197875977,-0.05893783187866211,-0.05605344009399414
-0.0294533634185791,-0.05890525436401367,-0.05595418930053711
-0.029436016082763673,-0.058905086517333984,-0.05595112991333008
-0.029405237197875977,-0.05893783187866211,-0.05605344009399414
-0.029265380859375002,-0.058755050659179686,-0.055424636840820315
-0.029179885864257814,-0.05873645782470703,-0.055341159820556644
-0.029167869567871093,-0.058737449645996094,-0.055354003906250004
-0.029265380859375002,-0.058755050659179686,-0.055424636840820315
-0.029167869567871093,-0.058737449645996094,-0.055354003906250004
-0.029251955032348634,-0.058756809234619144,-0.055435901641845704
-0.02930855369567871,-0.05903485870361328,-0.05623616027832031
-0.029372804641723635,-0.058985633850097655,-0.05615304946899414
-0.02935763168334961,-0.058983463287353516,-0.05614436721801758
-0.02930855369567871,-0.05903485870361328,-0.05623616027832031
-0.02935763168334961,-0.058983463287353516,-0.05614436721801758
-0.02929490661621094,-0.05903187942504883,-0.05622542953491211
-0.02754248809814453,-0.059300724029541015,-0.05565959548950195
-0.027574434280395507,-0.05934971618652344,-0.05575828552246094
-0.02755962944030762,-0.0592968978881836,-0.05565824890136719
-0.027574434280395507,-0.05934971618652344,-0.05575828552246094
-0.027590835571289062,-0.05934473419189453,-0.05575423049926758
-0.02755962944030762,-0.0592968978881836,-0.05565824890136719
-0.029446271896362307,-0.058841739654541016,-0.055744205474853516
-0.029413005828857423,-0.05880255508422852,-0.055650634765625
-0.029429176330566405,-0.058843746185302734,-0.05574794769287109
-0.029413005828857423,-0.05880255508422852,-0.055650634765625
-0.02939687728881836,-0.058805137634277346,-0.05565723037719727
-0.029429176330566405,-0.058843746185302734,-0.05574794769287109
-0.028534791946411134,-0.05941048812866211,-0.05649345397949219
-0.0286396484375,-0.05937308502197266,-0.05650396728515625
-0.0286379337310791,-0.0593659553527832,-0.05648795318603516
-0.028534791946411134,-0.05941048812866211,-0.05649345397949219
-0.0286379337310791,-0.0593659553527832,-0.05648795318603516
-0.028534759521484376,-0.059402961730957035,-0.05647753143310547
-0.027574434280395507,-0.05934971618652344,-0.05575828552246094
-0.027618438720703124,-0.05938710403442383,-0.0558628158569336
-0.027590835571289062,-0.05934473419189453,-0.05575423049926758
-0.027618438720703124,-0.05938710403442383,-0.0558628158569336
-0.027634016036987306,-0.059381542205810545,-0.055856758117675785
-0.027590835571289062,-0.05934473419189453,-0.05575423049926758
-0.027561307907104492,-0.05914226913452149,-0.05536612701416016
-0.027540616989135742,-0.05919549942016602,-0.05545963668823242
-0.02757732391357422,-0.059139743804931644,-0.055373016357421874
-0.027540616989135742,-0.05919549942016602,-0.05545963668823242
-0.02755744171142578,-0.05919206619262696,-0.05546356201171875
-0.02757732391357422,-0.059139743804931644,-0.055373016357421874
-0.028505016326904296,-0.058738315582275394,-0.05502017974853516
-0.028381175994873047,-0.05875530624389649,-0.05499585342407227
-0.028378074645996093,-0.05874997329711914,-0.05501235198974609
-0.028505016326904296,-0.058738315582275394,-0.05502017974853516
-0.028378074645996093,-0.05874997329711914,-0.05501235198974609
-0.028500673294067382,-0.058733100891113284,-0.05503643417358398
-0.027618438720703124,-0.05938710403442383,-0.0558628158569336
-0.027674333572387695,-0.05941043853759766,-0.05596661376953125
-0.027688737869262695,-0.059404876708984374,-0.05595813751220703
-0.027618438720703124,-0.05938710403442383,-0.0558628158569336
-0.027688737869262695,-0.059404876708984374,-0.05595813751220703
-0.027634016036987306,-0.059381542205810545,-0.055856758117675785
-0.02833296012878418,-0.059497200012207034,-0.056434322357177734
-0.028432451248168945,-0.05945302200317383,-0.05646837234497071
-0.028336414337158205,-0.05948977279663086,-0.05641872787475586
-0.028432451248168945,-0.05945302200317383,-0.05646837234497071
-0.02843413734436035,-0.059445457458496095,-0.056452556610107424
-0.028336414337158205,-0.05948977279663086,-0.05641872787475586
-0.029413005828857423,-0.05880255508422852,-0.055650634765625
-0.029338212966918947,-0.05877030181884766,-0.05551624298095703
-0.02932334327697754,-0.05877265930175781,-0.05552538681030274
-0.029413005828857423,-0.05880255508422852,-0.055650634765625
-0.02932334327697754,-0.05877265930175781,-0.05552538681030274
-0.02939687728881836,-0.058805137634277346,-0.05565723037719727
-0.028747825622558593,-0.0586958122253418,-0.05509337997436523
-0.02862623977661133,-0.05871077346801758,-0.05505014801025391
-0.02862040138244629,-0.05870591354370117,-0.0550660400390625
-0.028747825622558593,-0.0586958122253418,-0.05509337997436523
-0.02862040138244629,-0.05870591354370117,-0.0550660400390625
-0.02874087142944336,-0.05869215774536133,-0.05510914611816407
-0.029049142837524414,-0.05920127868652344,-0.056419578552246094
-0.0291405086517334,-0.0591382942199707,-0.056371360778808596
-0.02912952995300293,-0.05913364028930664,-0.05635839462280273
-0.029049142837524414,-0.05920127868652344,-0.056419578552246094
-0.02912952995300293,-0.05913364028930664,-0.05635839462280273
-0.029039539337158204,-0.059196277618408205,-0.05640568542480469
-0.0294533634185791,-0.05890525436401367,-0.05595418930053711
-0.029462066650390625,-0.05887625503540039,-0.05584642028808594
-0.029436016082763673,-0.058905086517333984,-0.05595112991333008
-0.029462066650390625,-0.05887625503540039,-0.05584642028808594
-0.029444488525390625,-0.058877227783203125,-0.05584699630737305
-0.029436016082763673,-0.058905086517333984,-0.05595112991333008
-0.029228897094726564,-0.05908417892456055,-0.05630879974365235
-0.02930855369567871,-0.05903485870361328,-0.05623616027832031
-0.029216915130615233,-0.05908024978637695,-0.05629650115966797
-0.02930855369567871,-0.05903485870361328,-0.05623616027832031
-0.02929490661621094,-0.05903187942504883,-0.05622542953491211
-0.029216915130615233,-0.05908024978637695,-0.05629650115966797
-0.027822450637817384,-0.05892539978027344,-0.055071914672851566
-0.027734073638916015,-0.05897480773925781,-0.05512806701660156
-0.027744283676147462,-0.05897209930419922,-0.055142162322998046
-0.027822450637817384,-0.05892539978027344,-0.055071914672851566
-0.027744283676147462,-0.05897209930419922,-0.055142162322998046
-0.027829524993896484,-0.05892152786254883,-0.055087574005126955
-0.029462066650390625,-0.05887625503540039,-0.05584642028808594
-0.029446271896362307,-0.058841739654541016,-0.055744205474853516
-0.029429176330566405,-0.058843746185302734,-0.05574794769287109
-0.029462066650390625,-0.05887625503540039,-0.05584642028808594
-0.029429176330566405,-0.058843746185302734,-0.05574794769287109
-0.029444488525390625,-0.058877227783203125,-0.05584699630737305
-0.028868146896362305,-0.05868919372558594,-0.0551431770324707
-0.028747825622558593,-0.0586958122253418,-0.05509337997436523
-0.02886041259765625,-0.05868687438964844,-0.05515883255004883
-0.028747825622558593,-0.0586958122253418,-0.05509337997436523
-0.02874087142944336,-0.05869215774536133,-0.05510914611816407
-0.02886041259765625,-0.05868687438964844,-0.05515883255004883
-0.027761016845703125,-0.05942015838623047,-0.05605100250244141
-0.027845287322998048,-0.059447216033935546,-0.056136600494384764
-0.027777416229248047,-0.05941266250610352,-0.056038364410400394
-0.027845287322998048,-0.059447216033935546,-0.056136600494384764
-0.027860559463500977,-0.059438789367675784,-0.05612316131591797
-0.027777416229248047,-0.05941266250610352,-0.056038364410400394
-0.02935763168334961,-0.058983463287353516,-0.05614436721801758
-0.029405237197875977,-0.05893783187866211,-0.05605344009399414
-0.02938459587097168,-0.05893635940551758,-0.05604591751098633
-0.02935763168334961,-0.058983463287353516,-0.05614436721801758
-0.02938459587097168,-0.05893635940551758,-0.05604591751098633
-0.029338666915893555,-0.05898074722290039,-0.056133514404296876
-0.027744283676147462,-0.05897209930419922,-0.055142162322998046
-0.027677410125732424,-0.05902630233764648,-0.05520973587036133
-0.02769359588623047,-0.05902330780029297,-0.05522435760498047
-0.027744283676147462,-0.05897209930419922,-0.055142162322998046
-0.02769359588623047,-0.05902330780029297,-0.05522435760498047
-0.027757047653198242,-0.05896871566772461,-0.05515978622436524
-0.027620845794677735,-0.059082401275634765,-0.05528903961181641
-0.02757732391357422,-0.059139743804931644,-0.055373016357421874
-0.027638946533203125,-0.05907919692993164,-0.0553011589050293
-0.02757732391357422,-0.059139743804931644,-0.055373016357421874
-0.02759734344482422,-0.059136592864990234,-0.05538162231445313
-0.027638946533203125,-0.05907919692993164,-0.0553011589050293
-0.027677410125732424,-0.05902630233764648,-0.05520973587036133
-0.027620845794677735,-0.059082401275634765,-0.05528903961181641
-0.02769359588623047,-0.05902330780029297,-0.05522435760498047
-0.027620845794677735,-0.059082401275634765,-0.05528903961181641
-0.027638946533203125,-0.05907919692993164,-0.0553011589050293
-0.02769359588623047,-0.05902330780029297,-0.05522435760498047
-0.02912952995300293,-0.05913364028930664,-0.05635839462280273
-0.029216915130615233,-0.05908024978637695,-0.05629650115966797
-0.029201940536499025,-0.0590753402709961,-0.056281124114990234
-0.02912952995300293,-0.05913364028930664,-0.05635839462280273
-0.029201940536499025,-0.0590753402709961,-0.056281124114990234
-0.029115804672241213,-0.05912782669067383,-0.05634218978881836
-0.027925935745239258,-0.05887371444702148,-0.055044677734375
-0.027829524993896484,-0.05892152786254883,-0.055087574005126955
-0.02793168830871582,-0.058868026733398436,-0.055065155029296875
-0.027829524993896484,-0.05892152786254883,-0.055087574005126955
-0.027838369369506837,-0.05891669464111328,-0.05510715103149414
-0.02793168830871582,-0.058868026733398436,-0.055065155029296875
-0.028378074645996093,-0.05874997329711914,-0.05501235198974609
-0.028256748199462892,-0.058766220092773436,-0.055001773834228516
-0.028374197006225586,-0.05874330520629883,-0.05503297805786133
-0.028256748199462892,-0.058766220092773436,-0.055001773834228516
-0.028255107879638672,-0.05875973510742188,-0.05502275085449219
-0.028374197006225586,-0.05874330520629883,-0.05503297805786133
-0.028138172149658202,-0.05879160690307617,-0.055003311157226564
-0.02802621078491211,-0.05882840728759766,-0.05501535415649414
-0.028138004302978515,-0.05878496551513672,-0.0550243034362793
-0.02802621078491211,-0.05882840728759766,-0.05501535415649414
-0.02802768325805664,-0.05882186508178711,-0.05503632736206055
-0.028138004302978515,-0.05878496551513672,-0.0550243034362793
-0.028033071517944336,-0.05952190399169922,-0.05626456832885742
-0.028138635635375976,-0.05954013442993164,-0.056320323944091796
-0.028148080825805666,-0.0595301628112793,-0.05630311584472656
-0.028033071517944336,-0.05952190399169922,-0.05626456832885742
-0.028148080825805666,-0.0595301628112793,-0.05630311584472656
-0.028044511795043945,-0.05951226425170898,-0.056248413085937504
-0.028747037887573244,-0.059340126037597654,-0.056478477478027346
-0.028855018615722657,-0.05931013870239258,-0.056460090637207035
-0.028742448806762695,-0.059331310272216796,-0.05645882797241211
-0.028855018615722657,-0.05931013870239258,-0.056460090637207035
-0.028848196029663088,-0.059301223754882816,-0.056441150665283206
-0.028742448806762695,-0.059331310272216796,-0.05645882797241211
-0.027845287322998048,-0.059447216033935546,-0.056136600494384764
-0.027934383392333985,-0.05948545837402344,-0.05620805358886719
-0.027860559463500977,-0.059438789367675784,-0.05612316131591797
-0.027934383392333985,-0.05948545837402344,-0.05620805358886719
-0.02794802474975586,-0.05947680282592774,-0.05619309234619141
-0.027860559463500977,-0.059438789367675784,-0.05612316131591797
-0.029167869567871093,-0.058737449645996094,-0.055354003906250004
-0.029073610305786132,-0.058715065002441405,-0.05528179931640625
-0.029060522079467774,-0.05871462631225586,-0.05529949951171875
-0.029167869567871093,-0.058737449645996094,-0.055354003906250004
-0.029060522079467774,-0.05871462631225586,-0.05529949951171875
-0.029152851104736328,-0.058738689422607425,-0.05537005615234375
-0.027552621841430664,-0.059245407104492186,-0.05556092834472656
-0.02755962944030762,-0.0592968978881836,-0.05565824890136719
-0.02757407760620117,-0.05924090957641601,-0.05556299209594727
-0.02755962944030762,-0.0592968978881836,-0.05565824890136719
-0.027581058502197265,-0.05929211807250977,-0.05565657043457031
-0.02757407760620117,-0.05924090957641601,-0.05556299209594727
-0.027688737869262695,-0.059404876708984374,-0.05595813751220703
-0.027761016845703125,-0.05942015838623047,-0.05605100250244141
-0.027777416229248047,-0.05941266250610352,-0.056038364410400394
-0.027688737869262695,-0.059404876708984374,-0.05595813751220703
-0.027777416229248047,-0.05941266250610352,-0.056038364410400394
-0.027706741333007812,-0.059397922515869145,-0.05594753646850586
-0.028256748199462892,-0.058766220092773436,-0.055001773834228516
-0.028138172149658202,-0.05879160690307617,-0.055003311157226564
-0.028255107879638672,-0.05875973510742188,-0.05502275085449219
-0.028138172149658202,-0.05879160690307617,-0.055003311157226564
-0.028138004302978515,-0.05878496551513672,-0.0550243034362793
-0.028255107879638672,-0.05875973510742188,-0.05502275085449219
-0.02932334327697754,-0.05877265930175781,-0.05552538681030274
-0.029251955032348634,-0.058756809234619144,-0.055435901641845704
-0.02930475425720215,-0.05877560806274414,-0.05553681182861328
-0.029251955032348634,-0.058756809234619144,-0.055435901641845704
-0.02923517036437988,-0.05875900650024414,-0.05544998550415039
-0.02930475425720215,-0.05877560806274414,-0.05553681182861328
-0.0286379337310791,-0.0593659553527832,-0.05648795318603516
-0.028747037887573244,-0.059340126037597654,-0.056478477478027346
-0.028742448806762695,-0.059331310272216796,-0.05645882797241211
-0.0286379337310791,-0.0593659553527832,-0.05648795318603516
-0.028742448806762695,-0.059331310272216796,-0.05645882797241211
-0.02863578987121582,-0.05935704040527344,-0.056467929840087895
-0.027934383392333985,-0.05948545837402344,-0.05620805358886719
-0.028033071517944336,-0.05952190399169922,-0.05626456832885742
-0.028044511795043945,-0.05951226425170898,-0.056248413085937504
-0.027934383392333985,-0.05948545837402344,-0.05620805358886719
-0.028044511795043945,-0.05951226425170898,-0.056248413085937504
-0.02794802474975586,-0.05947680282592774,-0.05619309234619141
-0.028138635635375976,-0.05954013442993164,-0.056320323944091796
-0.028242046356201173,-0.05952856826782227,-0.05637201309204102
-0.028148080825805666,-0.0595301628112793,-0.05630311584472656
-0.028242046356201173,-0.05952856826782227,-0.05637201309204102
-0.02824886512756348,-0.05951895904541016,-0.05635341262817383
-0.028148080825805666,-0.0595301628112793,-0.05630311584472656
-0.028242046356201173,-0.05952856826782227,-0.05637201309204102
-0.028336414337158205,-0.05948977279663086,-0.05641872787475586
-0.02824886512756348,-0.05951895904541016,-0.05635341262817383
-0.028336414337158205,-0.05948977279663086,-0.05641872787475586
-0.02834073257446289,-0.05948049163818359,-0.056399230957031254
-0.02824886512756348,-0.05951895904541016,-0.05635341262817383
-0.02755744171142578,-0.05919206619262696,-0.05546356201171875
-0.027552621841430664,-0.059245407104492186,-0.05556092834472656
-0.02757407760620117,-0.05924090957641601,-0.05556299209594727
-0.02755744171142578,-0.05919206619262696,-0.05546356201171875
-0.02757407760620117,-0.05924090957641601,-0.05556299209594727
-0.027578474044799805,-0.05918777847290039,-0.05546847152709961
-0.029073610305786132,-0.058715065002441405,-0.05528179931640625
-0.02897139549255371,-0.058694896697998045,-0.0552165412902832
-0.029060522079467774,-0.05871462631225586,-0.05529949951171875
-0.02897139549255371,-0.058694896697998045,-0.0552165412902832
-0.028960336685180665,-0.058692726135253906,-0.05523545837402344
-0.029060522079467774,-0.05871462631225586,-0.05529949951171875
-0.028855018615722657,-0.05931013870239258,-0.056460090637207035
-0.028953952789306642,-0.05926609420776367,-0.05643552398681641
-0.028848196029663088,-0.059301223754882816,-0.056441150665283206
-0.028953952789306642,-0.05926609420776367,-0.05643552398681641
-0.02894407844543457,-0.059258857727050786,-0.056417221069335936
-0.028848196029663088,-0.059301223754882816,-0.056441150665283206
-0.028953952789306642,-0.05926609420776367,-0.05643552398681641
-0.029039539337158204,-0.059196277618408205,-0.05640568542480469
-0.02894407844543457,-0.059258857727050786,-0.056417221069335936
-0.029039539337158204,-0.059196277618408205,-0.05640568542480469
-0.029027534484863282,-0.05919002151489258,-0.056388320922851565
-0.02894407844543457,-0.059258857727050786,-0.056417221069335936
-0.02897139549255371,-0.058694896697998045,-0.0552165412902832
-0.02886041259765625,-0.05868687438964844,-0.05515883255004883
-0.028960336685180665,-0.058692726135253906,-0.05523545837402344
-0.02886041259765625,-0.05868687438964844,-0.05515883255004883
-0.028850744247436524,-0.05868397903442383,-0.055178401947021484
-0.028960336685180665,-0.058692726135253906,-0.05523545837402344
-0.02802621078491211,-0.05882840728759766,-0.05501535415649414
-0.027925935745239258,-0.05887371444702148,-0.055044677734375
-0.02793168830871582,-0.058868026733398436,-0.055065155029296875
-0.02802621078491211,-0.05882840728759766,-0.05501535415649414
-0.02793168830871582,-0.058868026733398436,-0.055065155029296875
-0.02802768325805664,-0.05882186508178711,-0.05503632736206055
-0.02843413734436035,-0.059445457458496095,-0.056452556610107424
-0.028534759521484376,-0.059402961730957035,-0.05647753143310547
-0.02853472137451172,-0.059393550872802736,-0.05645762252807617
-0.02843413734436035,-0.059445457458496095,-0.056452556610107424
-0.02853472137451172,-0.059393550872802736,-0.05645762252807617
-0.028436243057250978,-0.05943599700927735,-0.056432785034179686
-0.02862040138244629,-0.05870591354370117,-0.0550660400390625
-0.028500673294067382,-0.058733100891113284,-0.05503643417358398
-0.028495243072509766,-0.058726585388183594,-0.05505675506591797
-0.02862040138244629,-0.05870591354370117,-0.0550660400390625
-0.028495243072509766,-0.058726585388183594,-0.05505675506591797
-0.028613101959228514,-0.05869984436035156,-0.05508590698242188
-0.029405237197875977,-0.05893783187866211,-0.05605344009399414
-0.029436016082763673,-0.058905086517333984,-0.05595112991333008
-0.02938459587097168,-0.05893635940551758,-0.05604591751098633
-0.029436016082763673,-0.058905086517333984,-0.05595112991333008
-0.02941433334350586,-0.05890488052368164,-0.055947303771972656
-0.02938459587097168,-0.05893635940551758,-0.05604591751098633
-0.029251955032348634,-0.058756809234619144,-0.055435901641845704
-0.029167869567871093,-0.058737449645996094,-0.055354003906250004
-0.029152851104736328,-0.058738689422607425,-0.05537005615234375
-0.029251955032348634,-0.058756809234619144,-0.055435901641845704
-0.029152851104736328,-0.058738689422607425,-0.05537005615234375
-0.02923517036437988,-0.05875900650024414,-0.05544998550415039
-0.02929490661621094,-0.05903187942504883,-0.05622542953491211
-0.02935763168334961,-0.058983463287353516,-0.05614436721801758
-0.029338666915893555,-0.05898074722290039,-0.056133514404296876
-0.02929490661621094,-0.05903187942504883,-0.05622542953491211
-0.029338666915893555,-0.05898074722290039,-0.056133514404296876
-0.02927784729003906,-0.059028160095214846,-0.056212013244628906
-0.02755962944030762,-0.0592968978881836,-0.05565824890136719
-0.027590835571289062,-0.05934473419189453,-0.05575423049926758
-0.027581058502197265,-0.05929211807250977,-0.05565657043457031
-0.027590835571289062,-0.05934473419189453,-0.05575423049926758
-0.027611337661743163,-0.0593385009765625,-0.05574916458129883
-0.027581058502197265,-0.05929211807250977,-0.05565657043457031
-0.029429176330566405,-0.058843746185302734,-0.05574794769287109
-0.02939687728881836,-0.058805137634277346,-0.05565723037719727
-0.029407806396484375,-0.058846252441406253,-0.05575262451171875
-0.02939687728881836,-0.058805137634277346,-0.05565723037719727
-0.029376718521118166,-0.05880836868286133,-0.055665473937988284
-0.029407806396484375,-0.058846252441406253,-0.05575262451171875
-0.028534759521484376,-0.059402961730957035,-0.05647753143310547
-0.0286379337310791,-0.0593659553527832,-0.05648795318603516
-0.02863578987121582,-0.05935704040527344,-0.056467929840087895
-0.028534759521484376,-0.059402961730957035,-0.05647753143310547
-0.02863578987121582,-0.05935704040527344,-0.056467929840087895
-0.02853472137451172,-0.059393550872802736,-0.05645762252807617
-0.027590835571289062,-0.05934473419189453,-0.05575423049926758
-0.027634016036987306,-0.059381542205810545,-0.055856758117675785
-0.027611337661743163,-0.0593385009765625,-0.05574916458129883
-0.027634016036987306,-0.059381542205810545,-0.055856758117675785
-0.027653488159179687,-0.059374588012695316,-0.05584918594360352
-0.027611337661743163,-0.0593385009765625,-0.05574916458129883
-0.02757732391357422,-0.059139743804931644,-0.055373016357421874
-0.02755744171142578,-0.05919206619262696,-0.05546356201171875
-0.02759734344482422,-0.059136592864990234,-0.05538162231445313
-0.02755744171142578,-0.05919206619262696,-0.05546356201171875
-0.027578474044799805,-0.05918777847290039,-0.05546847152709961
-0.02759734344482422,-0.059136592864990234,-0.05538162231445313
-0.028500673294067382,-0.058733100891113284,-0.05503643417358398
-0.028378074645996093,-0.05874997329711914,-0.05501235198974609
-0.028374197006225586,-0.05874330520629883,-0.05503297805786133
-0.028500673294067382,-0.058733100891113284,-0.05503643417358398
-0.028374197006225586,-0.05874330520629883,-0.05503297805786133
-0.028495243072509766,-0.058726585388183594,-0.05505675506591797
-0.027634016036987306,-0.059381542205810545,-0.055856758117675785
-0.027688737869262695,-0.059404876708984374,-0.05595813751220703
-0.027706741333007812,-0.059397922515869145,-0.05594753646850586
-0.027634016036987306,-0.059381542205810545,-0.055856758117675785
-0.027706741333007812,-0.059397922515869145,-0.05594753646850586
-0.027653488159179687,-0.059374588012695316,-0.05584918594360352
-0.028336414337158205,-0.05948977279663086,-0.05641872787475586
-0.02843413734436035,-0.059445457458496095,-0.056452556610107424
-0.02834073257446289,-0.05948049163818359,-0.056399230957031254
-0.02843413734436035,-0.059445457458496095,-0.056452556610107424
-0.028436243057250978,-0.05943599700927735,-0.056432785034179686
-0.02834073257446289,-0.05948049163818359,-0.056399230957031254
-0.02939687728881836,-0.058805137634277346,-0.05565723037719727
-0.02932334327697754,-0.05877265930175781,-0.05552538681030274
-0.02930475425720215,-0.05877560806274414,-0.05553681182861328
-0.02939687728881836,-0.058805137634277346,-0.05565723037719727
-0.02930475425720215,-0.05877560806274414,-0.05553681182861328
-0.029376718521118166,-0.05880836868286133,-0.055665473937988284
-0.02874087142944336,-0.05869215774536133,-0.05510914611816407
-0.02862040138244629,-0.05870591354370117,-0.0550660400390625
-0.028613101959228514,-0.05869984436035156,-0.05508590698242188
-0.02874087142944336,-0.05869215774536133,-0.05510914611816407
-0.028613101959228514,-0.05869984436035156,-0.05508590698242188
-0.028732179641723633,-0.058687583923339844,-0.05512885284423828
-0.029039539337158204,-0.059196277618408205,-0.05640568542480469
-0.02912952995300293,-0.05913364028930664,-0.05635839462280273
-0.029115804672241213,-0.05912782669067383,-0.05634218978881836
-0.029039539337158204,-0.059196277618408205,-0.05640568542480469
-0.029115804672241213,-0.05912782669067383,-0.05634218978881836
-0.029027534484863282,-0.05919002151489258,-0.056388320922851565
-0.029436016082763673,-0.058905086517333984,-0.05595112991333008
-0.029444488525390625,-0.058877227783203125,-0.05584699630737305
-0.02941433334350586,-0.05890488052368164,-0.055947303771972656
-0.029444488525390625,-0.058877227783203125,-0.05584699630737305
-0.029422515869140627,-0.0588784408569336,-0.05584772109985352
-0.02941433334350586,-0.05890488052368164,-0.055947303771972656
-0.029216915130615233,-0.05908024978637695,-0.05629650115966797
-0.02929490661621094,-0.05903187942504883,-0.05622542953491211
-0.029201940536499025,-0.0590753402709961,-0.056281124114990234
-0.02929490661621094,-0.05903187942504883,-0.05622542953491211
-0.02927784729003906,-0.059028160095214846,-0.056212013244628906
-0.029201940536499025,-0.0590753402709961,-0.056281124114990234
-0.027829524993896484,-0.05892152786254883,-0.055087574005126955
-0.027744283676147462,-0.05897209930419922,-0.055142162322998046
-0.027757047653198242,-0.05896871566772461,-0.05515978622436524
-0.027829524993896484,-0.05892152786254883,-0.055087574005126955
-0.027757047653198242,-0.05896871566772461,-0.05515978622436524
-0.027838369369506837,-0.05891669464111328,-0.05510715103149414
-0.029444488525390625,-0.058877227783203125,-0.05584699630737305
-0.029429176330566405,-0.058843746185302734,-0.05574794769287109
-0.029407806396484375,-0.058846252441406253,-0.05575262451171875
-0.029444488525390625,-0.058877227783203125,-0.05584699630737305
-0.029407806396484375,-0.058846252441406253,-0.05575262451171875
-0.029422515869140627,-0.0588784408569336,-0.05584772109985352
-0.02886041259765625,-0.05868687438964844,-0.05515883255004883
-0.02874087142944336,-0.05869215774536133,-0.05510914611816407
-0.028850744247436524,-0.05868397903442383,-0.055178401947021484
-0.02874087142944336,-0.05869215774536133,-0.05510914611816407
-0.028732179641723633,-0.058687583923339844,-0.05512885284423828
-0.028850744247436524,-0.05868397903442383,-0.055178401947021484
-0.029152851104736328,-0.058738689422607425,-0.05537005615234375
-0.02905101203918457,-0.058776710510253904,-0.05539923858642578
-0.029060522079467774,-0.05871462631225586,-0.05529949951171875
-0.02863578987121582,-0.05935704040527344,-0.056467929840087895
-0.02853472137451172,-0.059393550872802736,-0.05645762252807617
-0.028607791900634765,-0.059367336273193363,-0.05636950302124023
-0.029018087387084963,-0.0591564826965332,-0.0562713623046875
-0.029115804672241213,-0.05912782669067383,-0.05634218978881836
-0.029027534484863282,-0.05919002151489258,-0.056388320922851565
-0.02923517036437988,-0.05875900650024414,-0.05544998550415039
-0.02913234329223633,-0.058794521331787114,-0.055467342376708986
-0.029152851104736328,-0.058738689422607425,-0.05537005615234375
-0.028865644454956055,-0.058896690368652346,-0.0555364990234375
-0.028821693420410157,-0.05894082260131836,-0.055595039367675785
-0.02877248764038086,-0.05889484405517578,-0.0555035400390625
-0.02894407844543457,-0.059258857727050786,-0.056417221069335936
-0.028928850173950197,-0.05920477294921875,-0.05631204223632812
-0.029027534484863282,-0.05919002151489258,-0.056388320922851565
-0.029027534484863282,-0.05919002151489258,-0.056388320922851565
-0.028928850173950197,-0.05920477294921875,-0.05631204223632812
-0.029018087387084963,-0.0591564826965332,-0.0562713623046875
-0.02834073257446289,-0.05948049163818359,-0.056399230957031254
-0.02824886512756348,-0.05951895904541016,-0.05635341262817383
-0.028317251205444337,-0.059455757141113286,-0.05628572082519531
-0.028116800308227538,-0.0590350341796875,-0.0554525260925293
-0.02803196144104004,-0.05908839416503906,-0.055504810333251955
-0.028021791458129882,-0.05904489517211914,-0.05541130447387695
-0.02768380928039551,-0.059125106811523435,-0.05540773391723633
-0.02759734344482422,-0.059136592864990234,-0.05538162231445313
-0.027638946533203125,-0.05907919692993164,-0.0553011589050293
-0.027638946533203125,-0.05907919692993164,-0.0553011589050293
-0.02774135971069336,-0.059059944152832035,-0.055318294525146486
-0.02768380928039551,-0.059125106811523435,-0.05540773391723633
-0.029040441513061524,-0.05883207321166992,-0.055494029998779296
-0.02913234329223633,-0.058794521331787114,-0.055467342376708986
-0.029112146377563475,-0.05883890151977539,-0.055546882629394535
-0.029338666915893555,-0.05898074722290039,-0.056133514404296876
-0.029286319732666016,-0.05897783660888672,-0.05603562545776367
-0.02938459587097168,-0.05893635940551758,-0.05604591751098633
-0.028148080825805666,-0.0595301628112793,-0.05630311584472656
-0.02821750831604004,-0.05947296142578125,-0.056244476318359375
-0.02824886512756348,-0.05951895904541016,-0.05635341262817383
-0.02824886512756348,-0.05951895904541016,-0.05635341262817383
-0.02821750831604004,-0.05947296142578125,-0.056244476318359375
-0.028317251205444337,-0.059455757141113286,-0.05628572082519531
-0.02853472137451172,-0.059393550872802736,-0.05645762252807617
-0.028512855529785157,-0.05939879989624024,-0.056345344543457035
-0.028607791900634765,-0.059367336273193363,-0.05636950302124023
-0.02905101203918457,-0.058776710510253904,-0.05539923858642578
-0.029152851104736328,-0.058738689422607425,-0.05537005615234375
-0.02913234329223633,-0.058794521331787114,-0.055467342376708986
-0.029040441513061524,-0.05883207321166992,-0.055494029998779296
-0.02905101203918457,-0.058776710510253904,-0.05539923858642578
-0.02913234329223633,-0.058794521331787114,-0.055467342376708986
-0.028436243057250978,-0.05943599700927735,-0.056432785034179686
-0.028414924621582033,-0.059434627532958986,-0.05631565475463867
-0.028512855529785157,-0.05939879989624024,-0.056345344543457035
-0.02853472137451172,-0.059393550872802736,-0.05645762252807617
-0.028436243057250978,-0.05943599700927735,-0.056432785034179686
-0.028512855529785157,-0.05939879989624024,-0.056345344543457035
-0.02774135971069336,-0.059059944152832035,-0.055318294525146486
-0.027638946533203125,-0.05907919692993164,-0.0553011589050293
-0.02769359588623047,-0.05902330780029297,-0.05522435760498047
-0.02774135971069336,-0.059059944152832035,-0.055318294525146486
-0.02769359588623047,-0.05902330780029297,-0.05522435760498047
-0.0277994441986084,-0.0590074577331543,-0.05525224304199219
-0.02927784729003906,-0.059028160095214846,-0.056212013244628906
-0.029237537384033202,-0.05901729965209961,-0.056112571716308596
-0.029338666915893555,-0.05898074722290039,-0.056133514404296876
-0.029040441513061524,-0.05883207321166992,-0.055494029998779296
-0.028954904556274415,-0.05881486129760742,-0.05543053436279297
-0.02905101203918457,-0.058776710510253904,-0.05539923858642578
-0.02803196144104004,-0.05908839416503906,-0.055504810333251955
-0.027952939987182616,-0.05909053802490234,-0.05546175003051758
-0.028021791458129882,-0.05904489517211914,-0.05541130447387695
-0.028954904556274415,-0.05881486129760742,-0.05543053436279297
-0.029040441513061524,-0.05883207321166992,-0.055494029998779296
-0.02894810676574707,-0.05886960220336914,-0.055520469665527344
-0.02774135971069336,-0.059059944152832035,-0.055318294525146486
-0.0277994441986084,-0.0590074577331543,-0.05525224304199219
-0.02783061981201172,-0.05903960418701172,-0.05532764053344727
-0.028754398345947268,-0.05927686309814453,-0.05628025817871094
-0.028747642517089844,-0.059243247985839846,-0.05618193817138672
-0.028839033126831056,-0.059229290008544926,-0.056241161346435545
-0.02769359588623047,-0.05902330780029297,-0.05522435760498047
-0.027757047653198242,-0.05896871566772461,-0.05515978622436524
-0.0277994441986084,-0.0590074577331543,-0.05525224304199219
-0.0283997745513916,-0.05896246719360352,-0.05548509597778321
-0.028502655029296876,-0.058906185150146485,-0.05542964935302735
-0.028498626708984377,-0.058964820861816404,-0.05553612518310547
-0.029018087387084963,-0.0591564826965332,-0.0562713623046875
-0.028928850173950197,-0.05920477294921875,-0.05631204223632812
-0.028924425125122073,-0.05917676162719727,-0.056201416015625
-0.02919816017150879,-0.05881146240234375,-0.055544281005859376
-0.029112146377563475,-0.05883890151977539,-0.055546882629394535
-0.02913234329223633,-0.058794521331787114,-0.055467342376708986
-0.0277994441986084,-0.0590074577331543,-0.05525224304199219
-0.02790000343322754,-0.058998699188232424,-0.055285491943359376
-0.02783061981201172,-0.05903960418701172,-0.05532764053344727
-0.028928850173950197,-0.05920477294921875,-0.05631204223632812
-0.028839033126831056,-0.059229290008544926,-0.056241161346435545
-0.028924425125122073,-0.05917676162719727,-0.056201416015625
-0.029376718521118166,-0.05880836868286133,-0.055665473937988284
-0.02925448036193848,-0.058834136962890624,-0.055637184143066405
-0.02930475425720215,-0.05877560806274414,-0.05553681182861328
-0.02925448036193848,-0.058834136962890624,-0.055637184143066405
-0.02919816017150879,-0.05881146240234375,-0.055544281005859376
-0.02930475425720215,-0.05877560806274414,-0.05553681182861328
-0.027838369369506837,-0.05891669464111328,-0.05510715103149414
-0.02787028694152832,-0.05895627975463867,-0.05519771957397461
-0.027757047653198242,-0.05896871566772461,-0.05515978622436524
-0.027757047653198242,-0.05896871566772461,-0.05515978622436524
-0.02787028694152832,-0.05895627975463867,-0.05519771957397461
-0.0277994441986084,-0.0590074577331543,-0.05525224304199219
-0.028125215530395507,-0.059476596832275394,-0.05622270584106445
-0.02821750831604004,-0.05947296142578125,-0.056244476318359375
-0.028148080825805666,-0.0595301628112793,-0.05630311584472656
-0.027581058502197265,-0.05929211807250977,-0.05565657043457031
-0.027701122283935547,-0.0592778434753418,-0.055681884765625
-0.027611337661743163,-0.0593385009765625,-0.05574916458129883
-0.02790000343322754,-0.058998699188232424,-0.055285491943359376
-0.0277994441986084,-0.0590074577331543,-0.05525224304199219
-0.02787028694152832,-0.05895627975463867,-0.05519771957397461
-0.029018087387084963,-0.0591564826965332,-0.0562713623046875
-0.028924425125122073,-0.05917676162719727,-0.056201416015625
-0.02901109504699707,-0.05912667465209961,-0.05616188430786133
-0.028821693420410157,-0.05894082260131836,-0.055595039367675785
-0.028922428131103517,-0.05892102813720703,-0.05560670852661133
-0.028871978759765625,-0.058978328704833986,-0.055698135375976565
-0.028504655838012694,-0.0590230827331543,-0.0556339225769043
-0.028503992080688476,-0.059084381103515625,-0.05572812271118164
-0.02841189956665039,-0.05906401062011719,-0.05567679977416992
-0.02768380928039551,-0.059125106811523435,-0.05540773391723633
-0.027763029098510743,-0.05914604187011719,-0.05547794342041016
-0.027668451309204103,-0.05918730545043945,-0.05550951385498047
-0.02923517036437988,-0.05875900650024414,-0.05544998550415039
-0.02930475425720215,-0.05877560806274414,-0.05553681182861328
-0.02919816017150879,-0.05881146240234375,-0.055544281005859376
-0.02913234329223633,-0.058794521331787114,-0.055467342376708986
-0.02923517036437988,-0.05875900650024414,-0.05544998550415039
-0.02919816017150879,-0.05881146240234375,-0.055544281005859376
-0.028688091278076172,-0.059346790313720706,-0.056386104583740236
-0.028607791900634765,-0.059367336273193363,-0.05636950302124023
-0.028674448013305664,-0.05932040023803711,-0.056318637847900394
-0.02794802474975586,-0.05947680282592774,-0.05619309234619141
-0.027860559463500977,-0.059438789367675784,-0.05612316131591797
-0.027959123611450195,-0.05941649627685547,-0.05610794830322266
-0.028503992080688476,-0.059084381103515625,-0.05572812271118164
-0.028504655838012694,-0.0590230827331543,-0.0556339225769043
-0.028598373413085937,-0.059044860839843755,-0.055693275451660154
-0.027653488159179687,-0.059374588012695316,-0.05584918594360352
-0.0277782039642334,-0.05934394073486328,-0.05588243865966797
-0.027706741333007812,-0.059397922515869145,-0.05594753646850586
-0.028928850173950197,-0.05920477294921875,-0.05631204223632812
-0.028840391159057618,-0.05925316619873047,-0.05634793090820313
-0.028839033126831056,-0.059229290008544926,-0.056241161346435545
-0.028839033126831056,-0.059229290008544926,-0.056241161346435545
-0.028840391159057618,-0.05925316619873047,-0.05634793090820313
-0.028754398345947268,-0.05927686309814453,-0.05628025817871094
-0.028411149978637695,-0.05912314605712891,-0.05576304244995117
-0.028326538085937502,-0.05910470581054687,-0.05571556091308594
-0.02841189956665039,-0.05906401062011719,-0.05567679977416992
-0.028320154190063476,-0.05915515899658203,-0.05579282379150391
-0.02825788688659668,-0.059137763977050783,-0.05574730682373047
-0.028326538085937502,-0.05910470581054687,-0.05571556091308594
-0.02841189956665039,-0.05906401062011719,-0.05567679977416992
-0.028406845092773438,-0.05901256561279297,-0.05558357620239258
-0.028504655838012694,-0.0590230827331543,-0.0556339225769043
-0.02787028694152832,-0.05895627975463867,-0.05519771957397461
-0.027838369369506837,-0.05891669464111328,-0.05510715103149414
-0.027946632385253908,-0.05890607833862305,-0.05514710235595703
-0.028840391159057618,-0.05925316619873047,-0.05634793090820313
-0.028928850173950197,-0.05920477294921875,-0.05631204223632812
-0.02894407844543457,-0.059258857727050786,-0.056417221069335936
-0.028848196029663088,-0.059301223754882816,-0.056441150665283206
-0.028840391159057618,-0.05925316619873047,-0.05634793090820313
-0.02894407844543457,-0.059258857727050786,-0.056417221069335936
-0.029060522079467774,-0.05871462631225586,-0.05529949951171875
-0.02905101203918457,-0.058776710510253904,-0.05539923858642578
-0.02895880126953125,-0.058756164550781254,-0.05533626937866211
-0.028960336685180665,-0.058692726135253906,-0.05523545837402344
-0.029060522079467774,-0.05871462631225586,-0.05529949951171875
-0.02895880126953125,-0.058756164550781254,-0.05533626937866211
-0.028317251205444337,-0.059455757141113286,-0.05628572082519531
-0.02821750831604004,-0.05947296142578125,-0.056244476318359375
-0.028291589736938478,-0.05940740203857422,-0.05617567825317383
-0.028498626708984377,-0.058964820861816404,-0.05553612518310547
-0.028504655838012694,-0.0590230827331543,-0.0556339225769043
-0.028406845092773438,-0.05901256561279297,-0.05558357620239258
-0.0283997745513916,-0.05896246719360352,-0.05548509597778321
-0.028498626708984377,-0.058964820861816404,-0.05553612518310547
-0.028406845092773438,-0.05901256561279297,-0.05558357620239258
-0.027763029098510743,-0.05914604187011719,-0.05547794342041016
-0.027863759994506836,-0.059115474700927734,-0.05546797180175781
-0.027821552276611327,-0.05916964340209961,-0.05554420471191406
-0.029115804672241213,-0.05912782669067383,-0.05634218978881836
-0.029018087387084963,-0.0591564826965332,-0.0562713623046875
-0.029103973388671874,-0.05910821151733399,-0.056224918365478514
-0.028503992080688476,-0.059084381103515625,-0.05572812271118164
-0.028411149978637695,-0.05912314605712891,-0.05576304244995117
-0.02841189956665039,-0.05906401062011719,-0.05567679977416992
-0.028326538085937502,-0.05910470581054687,-0.05571556091308594
-0.028411149978637695,-0.05912314605712891,-0.05576304244995117
-0.028320154190063476,-0.05915515899658203,-0.05579282379150391
-0.029018087387084963,-0.0591564826965332,-0.0562713623046875
-0.02901109504699707,-0.05912667465209961,-0.05616188430786133
-0.029103973388671874,-0.05910821151733399,-0.056224918365478514
-0.028732179641723633,-0.058687583923339844,-0.05512885284423828
-0.028850744247436524,-0.05868397903442383,-0.055178401947021484
-0.028749706268310547,-0.058737789154052734,-0.055231292724609374
-0.029422515869140627,-0.0588784408569336,-0.05584772109985352
-0.02934310340881348,-0.05889060211181641,-0.055804206848144536
-0.029407806396484375,-0.058846252441406253,-0.05575262451171875
-0.028747642517089844,-0.059243247985839846,-0.05618193817138672
-0.028833581924438478,-0.059196079254150394,-0.05613424301147461
-0.028839033126831056,-0.059229290008544926,-0.056241161346435545
-0.028044511795043945,-0.05951226425170898,-0.056248413085937504
-0.028125215530395507,-0.059476596832275394,-0.05622270584106445
-0.028148080825805666,-0.0595301628112793,-0.05630311584472656
-0.029115804672241213,-0.05912782669067383,-0.05634218978881836
-0.029103973388671874,-0.05910821151733399,-0.056224918365478514
-0.029201940536499025,-0.0590753402709961,-0.056281124114990234
-0.028299304962158205,-0.05897109222412109,-0.055439018249511716
-0.028212554931640627,-0.059023860931396485,-0.05549424743652344
-0.02820033836364746,-0.058981880187988285,-0.05539950561523438
-0.028747642517089844,-0.059243247985839846,-0.05618193817138672
-0.02874577522277832,-0.05922003936767578,-0.05607823181152344
-0.028833581924438478,-0.059196079254150394,-0.05613424301147461
-0.0282956485748291,-0.05921048736572266,-0.055868927001953124
-0.02839814567565918,-0.059181114196777344,-0.055852577209472655
-0.028370691299438477,-0.059244468688964845,-0.05595680236816406
-0.02882632637023926,-0.05916443252563477,-0.05601302337646485
-0.028924081802368166,-0.05914802551269532,-0.05609074783325196
-0.028833581924438478,-0.059196079254150394,-0.05613424301147461
-0.02895880126953125,-0.058756164550781254,-0.05533626937866211
-0.0288579216003418,-0.05874074935913086,-0.05528055572509766
-0.028960336685180665,-0.058692726135253906,-0.05523545837402344
-0.028924425125122073,-0.05917676162719727,-0.056201416015625
-0.028839033126831056,-0.059229290008544926,-0.056241161346435545
-0.028833581924438478,-0.059196079254150394,-0.05613424301147461
-0.02803196144104004,-0.05908839416503906,-0.055504810333251955
-0.028037378311157227,-0.05913148498535156,-0.05560834503173828
-0.02793073081970215,-0.05914277267456055,-0.055550704956054686
-0.027952939987182616,-0.05909053802490234,-0.05546175003051758
-0.02803196144104004,-0.05908839416503906,-0.055504810333251955
-0.02793073081970215,-0.05914277267456055,-0.055550704956054686
-0.02866007995605469,-0.05922504806518555,-0.05603143692016602
-0.028729915618896484,-0.05918555068969727,-0.05599729919433594
-0.02874577522277832,-0.05922003936767578,-0.05607823181152344
-0.02839814567565918,-0.059181114196777344,-0.055852577209472655
-0.0282956485748291,-0.05921048736572266,-0.055868927001953124
-0.028320154190063476,-0.05915515899658203,-0.05579282379150391
-0.028411149978637695,-0.05912314605712891,-0.05576304244995117
-0.02839814567565918,-0.059181114196777344,-0.055852577209472655
-0.028320154190063476,-0.05915515899658203,-0.05579282379150391
-0.0288579216003418,-0.05874074935913086,-0.05528055572509766
-0.02895880126953125,-0.058756164550781254,-0.05533626937866211
-0.028863039016723633,-0.0587971305847168,-0.055373855590820316
-0.028320154190063476,-0.05915515899658203,-0.05579282379150391
-0.0282956485748291,-0.05921048736572266,-0.055868927001953124
-0.028230314254760743,-0.059178535461425784,-0.05580821228027344
-0.02825788688659668,-0.059137763977050783,-0.05574730682373047
-0.028320154190063476,-0.05915515899658203,-0.05579282379150391
-0.028230314254760743,-0.059178535461425784,-0.05580821228027344
-0.029179412841796877,-0.05906164169311524,-0.05617420959472656
-0.029201940536499025,-0.0590753402709961,-0.056281124114990234
-0.029103973388671874,-0.05910821151733399,-0.056224918365478514
-0.02839814567565918,-0.059181114196777344,-0.055852577209472655
-0.028411149978637695,-0.05912314605712891,-0.05576304244995117
-0.02849704170227051,-0.05914278411865234,-0.055822525024414066
-0.027611337661743163,-0.0593385009765625,-0.05574916458129883
-0.027701122283935547,-0.0592778434753418,-0.055681884765625
-0.027738052368164064,-0.05931427764892578,-0.055780628204345706
-0.028503992080688476,-0.059084381103515625,-0.05572812271118164
-0.028598373413085937,-0.059044860839843755,-0.055693275451660154
-0.028591033935546874,-0.059102252960205076,-0.0557911376953125
-0.028160959243774413,-0.05941228866577149,-0.056154071807861326
-0.02821750831604004,-0.05947296142578125,-0.056244476318359375
-0.028125215530395507,-0.059476596832275394,-0.05622270584106445
-0.02821750831604004,-0.05947296142578125,-0.056244476318359375
-0.028160959243774413,-0.05941228866577149,-0.056154071807861326
-0.028291589736938478,-0.05940740203857422,-0.05617567825317383
-0.02794049072265625,-0.05923687744140625,-0.055769973754882816
-0.027829193115234376,-0.05924882507324219,-0.0557056999206543
-0.02794164276123047,-0.05918974304199219,-0.05566328048706055
-0.028484281539916993,-0.05919478225708008,-0.05592253494262695
-0.028480533599853516,-0.05925162124633789,-0.05602347183227539
-0.028370691299438477,-0.059244468688964845,-0.05595680236816406
-0.02839814567565918,-0.059181114196777344,-0.055852577209472655
-0.028484281539916993,-0.05919478225708008,-0.05592253494262695
-0.028370691299438477,-0.059244468688964845,-0.05595680236816406
-0.027911333084106447,-0.05905430603027344,-0.05538065719604492
-0.02783061981201172,-0.05903960418701172,-0.05532764053344727
-0.02790000343322754,-0.058998699188232424,-0.055285491943359376
-0.028004217147827148,-0.05899703216552735,-0.05532001495361328
-0.028021791458129882,-0.05904489517211914,-0.05541130447387695
-0.027911333084106447,-0.05905430603027344,-0.05538065719604492
-0.02894810676574707,-0.05886960220336914,-0.055520469665527344
-0.029037134170532226,-0.05888437271118164,-0.055598533630371094
-0.028922428131103517,-0.05892102813720703,-0.05560670852661133
-0.028328250885009766,-0.05886841583251953,-0.055244602203369145
-0.028377893447875977,-0.05881719207763672,-0.0551678466796875
-0.02843388557434082,-0.05883440017700196,-0.05524374008178711
-0.028059776306152345,-0.05938933944702149,-0.05608606719970703
-0.027959123611450195,-0.05941649627685547,-0.05610794830322266
-0.027956085205078127,-0.05935614013671875,-0.05601355743408203
-0.02757407760620117,-0.05924090957641601,-0.05556299209594727
-0.027672285079956057,-0.05923470306396485,-0.055594982147216795
-0.027581058502197265,-0.05929211807250977,-0.05565657043457031
-0.02901109504699707,-0.05912667465209961,-0.05616188430786133
-0.028924081802368166,-0.05914802551269532,-0.05609074783325196
-0.02901524353027344,-0.05910137939453125,-0.05605694580078125
-0.02901524353027344,-0.05910137939453125,-0.05605694580078125
-0.028924081802368166,-0.05914802551269532,-0.05609074783325196
-0.028932939529418947,-0.05911246490478516,-0.05598137664794922
-0.028729915618896484,-0.05918555068969727,-0.05599729919433594
-0.02882632637023926,-0.05916443252563477,-0.05601302337646485
-0.02874577522277832,-0.05922003936767578,-0.05607823181152344
-0.027952939987182616,-0.05909053802490234,-0.05546175003051758
-0.027911333084106447,-0.05905430603027344,-0.05538065719604492
-0.028021791458129882,-0.05904489517211914,-0.05541130447387695
-0.02793073081970215,-0.05914277267456055,-0.055550704956054686
-0.02794164276123047,-0.05918974304199219,-0.05566328048706055
-0.027859243392944336,-0.05919612503051758,-0.05561458206176758
-0.027942380905151366,-0.05927781295776367,-0.05585567474365234
-0.02794049072265625,-0.05923687744140625,-0.055769973754882816
-0.028032480239868166,-0.059246997833251956,-0.05583672332763672
-0.029376718521118166,-0.05880836868286133,-0.055665473937988284
-0.029304014205932618,-0.05886594390869141,-0.05573054504394531
-0.02925448036193848,-0.058834136962890624,-0.055637184143066405
-0.02925448036193848,-0.058834136962890624,-0.055637184143066405
-0.029304014205932618,-0.05886594390869141,-0.05573054504394531
-0.02919729232788086,-0.058885032653808594,-0.055714717864990236
-0.02901524353027344,-0.05910137939453125,-0.05605694580078125
-0.029093221664428712,-0.05908142471313477,-0.056124492645263674
-0.02901109504699707,-0.05912667465209961,-0.05616188430786133
-0.028922428131103517,-0.05892102813720703,-0.05560670852661133
-0.028990694046020508,-0.05894123077392578,-0.05569645690917969
-0.028871978759765625,-0.058978328704833986,-0.055698135375976565
-0.028101503372192384,-0.05893830108642578,-0.05525871658325195
-0.028221805572509768,-0.05890279006958008,-0.055248340606689456
-0.02818416786193848,-0.058950531005859376,-0.055317955017089845
-0.029040441513061524,-0.05883207321166992,-0.055494029998779296
-0.029112146377563475,-0.05883890151977539,-0.055546882629394535
-0.029037134170532226,-0.05888437271118164,-0.055598533630371094
-0.02894810676574707,-0.05886960220336914,-0.055520469665527344
-0.029040441513061524,-0.05883207321166992,-0.055494029998779296
-0.029037134170532226,-0.05888437271118164,-0.055598533630371094
-0.028924425125122073,-0.05917676162719727,-0.056201416015625
-0.028833581924438478,-0.059196079254150394,-0.05613424301147461
-0.028924081802368166,-0.05914802551269532,-0.05609074783325196
-0.02901109504699707,-0.05912667465209961,-0.05616188430786133
-0.028924425125122073,-0.05917676162719727,-0.056201416015625
-0.028924081802368166,-0.05914802551269532,-0.05609074783325196
-0.028328250885009766,-0.05886841583251953,-0.055244602203369145
-0.028268577575683594,-0.05884709930419922,-0.055170597076416014
-0.028377893447875977,-0.05881719207763672,-0.0551678466796875
-0.027952939987182616,-0.05909053802490234,-0.05546175003051758
-0.027863759994506836,-0.059115474700927734,-0.05546797180175781
-0.027911333084106447,-0.05905430603027344,-0.05538065719604492
-0.028268577575683594,-0.05884709930419922,-0.055170597076416014
-0.028328250885009766,-0.05886841583251953,-0.055244602203369145
-0.028221805572509768,-0.05890279006958008,-0.055248340606689456
-0.028729915618896484,-0.05918555068969727,-0.05599729919433594
-0.028749881744384767,-0.05913016128540039,-0.05592914581298828
-0.02882632637023926,-0.05916443252563477,-0.05601302337646485
-0.029407806396484375,-0.058846252441406253,-0.05575262451171875
-0.02934310340881348,-0.05889060211181641,-0.055804206848144536
-0.029304014205932618,-0.05886594390869141,-0.05573054504394531
-0.029376718521118166,-0.05880836868286133,-0.055665473937988284
-0.029407806396484375,-0.058846252441406253,-0.05575262451171875
-0.029304014205932618,-0.05886594390869141,-0.05573054504394531
-0.028850744247436524,-0.05868397903442383,-0.055178401947021484
-0.028960336685180665,-0.058692726135253906,-0.05523545837402344
-0.0288579216003418,-0.05874074935913086,-0.05528055572509766
-0.028749706268310547,-0.058737789154052734,-0.055231292724609374
-0.028850744247436524,-0.05868397903442383,-0.055178401947021484
-0.0288579216003418,-0.05874074935913086,-0.05528055572509766
-0.02876423454284668,-0.058786811828613283,-0.055325538635253906
-0.028749706268310547,-0.058737789154052734,-0.055231292724609374
-0.0288579216003418,-0.05874074935913086,-0.05528055572509766
-0.028863039016723633,-0.0587971305847168,-0.055373855590820316
-0.02876423454284668,-0.058786811828613283,-0.055325538635253906
-0.0288579216003418,-0.05874074935913086,-0.05528055572509766
-0.02818416786193848,-0.058950531005859376,-0.055317955017089845
-0.02828550148010254,-0.05892329025268555,-0.05533500289916992
-0.02820033836364746,-0.058981880187988285,-0.05539950561523438
-0.029304014205932618,-0.05886594390869141,-0.05573054504394531
-0.02934310340881348,-0.05889060211181641,-0.055804206848144536
-0.02924494743347168,-0.05892676162719727,-0.055809246063232426
-0.02919729232788086,-0.058885032653808594,-0.055714717864990236
-0.029304014205932618,-0.05886594390869141,-0.05573054504394531
-0.02924494743347168,-0.05892676162719727,-0.055809246063232426
-0.029093221664428712,-0.05908142471313477,-0.056124492645263674
-0.029179412841796877,-0.05906164169311524,-0.05617420959472656
-0.029103973388671874,-0.05910821151733399,-0.056224918365478514
-0.02901109504699707,-0.05912667465209961,-0.05616188430786133
-0.029093221664428712,-0.05908142471313477,-0.056124492645263674
-0.029103973388671874,-0.05910821151733399,-0.056224918365478514
-0.028126441955566406,-0.05907455444335938,-0.05555078125
-0.02803196144104004,-0.05908839416503906,-0.055504810333251955
-0.028116800308227538,-0.0590350341796875,-0.0554525260925293
-0.028212554931640627,-0.059023860931396485,-0.05549424743652344
-0.028126441955566406,-0.05907455444335938,-0.05555078125
-0.028116800308227538,-0.0590350341796875,-0.0554525260925293
-0.02793073081970215,-0.05914277267456055,-0.055550704956054686
-0.027821552276611327,-0.05916964340209961,-0.05554420471191406
-0.027863759994506836,-0.059115474700927734,-0.05546797180175781
-0.027952939987182616,-0.05909053802490234,-0.05546175003051758
-0.02793073081970215,-0.05914277267456055,-0.055550704956054686
-0.027863759994506836,-0.059115474700927734,-0.05546797180175781
-0.02828550148010254,-0.05892329025268555,-0.05533500289916992
-0.02818416786193848,-0.058950531005859376,-0.055317955017089845
-0.028221805572509768,-0.05890279006958008,-0.055248340606689456
-0.028328250885009766,-0.05886841583251953,-0.055244602203369145
-0.02828550148010254,-0.05892329025268555,-0.05533500289916992
-0.028221805572509768,-0.05890279006958008,-0.055248340606689456
-0.02882632637023926,-0.05916443252563477,-0.05601302337646485
-0.028833581924438478,-0.059196079254150394,-0.05613424301147461
-0.02874577522277832,-0.05922003936767578,-0.05607823181152344
-0.02820033836364746,-0.058981880187988285,-0.05539950561523438
-0.028212554931640627,-0.059023860931396485,-0.05549424743652344
-0.028116800308227538,-0.0590350341796875,-0.0554525260925293
-0.028762861251831057,-0.05907171630859375,-0.055836425781250004
-0.028749881744384767,-0.05913016128540039,-0.05592914581298828
-0.028671607971191407,-0.059110679626464845,-0.05586140823364258
-0.028291589736938478,-0.05940740203857422,-0.05617567825317383
-0.028393548965454103,-0.05936569213867188,-0.056147815704345704
-0.02838239669799805,-0.0594127197265625,-0.056229732513427735
-0.028317251205444337,-0.059455757141113286,-0.05628572082519531
-0.028291589736938478,-0.05940740203857422,-0.05617567825317383
-0.02838239669799805,-0.0594127197265625,-0.056229732513427735
-0.027701122283935547,-0.0592778434753418,-0.055681884765625
-0.027581058502197265,-0.05929211807250977,-0.05565657043457031
-0.027672285079956057,-0.05923470306396485,-0.055594982147216795
-0.029028553009033203,-0.05906736755371094,-0.05595680618286133
-0.02901524353027344,-0.05910137939453125,-0.05605694580078125
-0.028932939529418947,-0.05911246490478516,-0.05598137664794922
-0.028944786071777345,-0.05905657577514649,-0.055882003784179686
-0.029028553009033203,-0.05906736755371094,-0.05595680618286133
-0.028932939529418947,-0.05911246490478516,-0.05598137664794922
-0.028503992080688476,-0.059084381103515625,-0.05572812271118164
-0.028591033935546874,-0.059102252960205076,-0.0557911376953125
-0.02849704170227051,-0.05914278411865234,-0.055822525024414066
-0.028411149978637695,-0.05912314605712891,-0.05576304244995117
-0.028503992080688476,-0.059084381103515625,-0.05572812271118164
-0.02849704170227051,-0.05914278411865234,-0.055822525024414066
-0.028944786071777345,-0.05905657577514649,-0.055882003784179686
-0.028858036041259767,-0.059031314849853515,-0.055810924530029296
-0.028959590911865236,-0.05899154281616211,-0.05579151153564453
-0.02904474639892578,-0.05901762390136719,-0.055863941192626956
-0.028944786071777345,-0.05905657577514649,-0.055882003784179686
-0.028959590911865236,-0.05899154281616211,-0.05579151153564453
-0.02790000343322754,-0.058998699188232424,-0.055285491943359376
-0.028004217147827148,-0.05899703216552735,-0.05532001495361328
-0.027911333084106447,-0.05905430603027344,-0.05538065719604492
-0.028299304962158205,-0.05897109222412109,-0.055439018249511716
-0.02820033836364746,-0.058981880187988285,-0.05539950561523438
-0.02828550148010254,-0.05892329025268555,-0.05533500289916992
-0.02839814567565918,-0.059181114196777344,-0.055852577209472655
-0.02849704170227051,-0.05914278411865234,-0.055822525024414066
-0.028484281539916993,-0.05919478225708008,-0.05592253494262695
-0.028924081802368166,-0.05914802551269532,-0.05609074783325196
-0.02882632637023926,-0.05916443252563477,-0.05601302337646485
-0.028932939529418947,-0.05911246490478516,-0.05598137664794922
-0.027946632385253908,-0.05890607833862305,-0.05514710235595703
-0.027838369369506837,-0.05891669464111328,-0.05510715103149414
-0.02793168830871582,-0.058868026733398436,-0.055065155029296875
-0.028003122329711916,-0.059298507690429686,-0.05592602920532227
-0.027892278671264648,-0.059320938110351565,-0.05591524124145508
-0.027942380905151366,-0.05927781295776367,-0.05585567474365234
-0.028495243072509766,-0.058726585388183594,-0.05505675506591797
-0.028501567840576173,-0.05877135467529297,-0.055157798767089844
-0.028413442611694338,-0.05877218246459961,-0.055101577758789065
-0.02793073081970215,-0.05914277267456055,-0.055550704956054686
-0.028037378311157227,-0.05913148498535156,-0.05560834503173828
-0.02794164276123047,-0.05918974304199219,-0.05566328048706055
-0.027672285079956057,-0.05923470306396485,-0.055594982147216795
-0.027668451309204103,-0.05918730545043945,-0.05550951385498047
-0.027739145278930663,-0.059191368103027345,-0.055547622680664065
-0.027799348831176757,-0.059089618682861327,-0.055396465301513674
-0.027863759994506836,-0.059115474700927734,-0.05546797180175781
-0.027763029098510743,-0.05914604187011719,-0.05547794342041016
-0.028573780059814452,-0.05920532989501953,-0.055986026763916015
-0.028480533599853516,-0.05925162124633789,-0.05602347183227539
-0.028484281539916993,-0.05919478225708008,-0.05592253494262695
-0.028101503372192384,-0.05893830108642578,-0.05525871658325195
-0.02818416786193848,-0.058950531005859376,-0.055317955017089845
-0.028105918884277343,-0.058993942260742185,-0.055357990264892576
-0.028683334350585937,-0.059063697814941404,-0.055762710571289065
-0.028762861251831057,-0.05907171630859375,-0.055836425781250004
-0.028671607971191407,-0.059110679626464845,-0.05586140823364258
-0.028591033935546874,-0.059102252960205076,-0.0557911376953125
-0.028683334350585937,-0.059063697814941404,-0.055762710571289065
-0.028671607971191407,-0.059110679626464845,-0.05586140823364258
-0.02838239669799805,-0.0594127197265625,-0.056229732513427735
-0.028414924621582033,-0.059434627532958986,-0.05631565475463867
-0.028317251205444337,-0.059455757141113286,-0.05628572082519531
-0.028021791458129882,-0.05904489517211914,-0.05541130447387695
-0.028105918884277343,-0.058993942260742185,-0.055357990264892576
-0.028116800308227538,-0.0590350341796875,-0.0554525260925293
-0.028135766983032228,-0.05920666885375977,-0.05581871795654297
-0.02817625617980957,-0.059154300689697265,-0.05573848342895508
-0.028230314254760743,-0.059178535461425784,-0.05580821228027344
-0.028230314254760743,-0.059178535461425784,-0.05580821228027344
-0.02817625617980957,-0.059154300689697265,-0.05573848342895508
-0.02825788688659668,-0.059137763977050783,-0.05574730682373047
-0.028101503372192384,-0.05893830108642578,-0.05525871658325195
-0.028004217147827148,-0.05899703216552735,-0.05532001495361328
-0.027979156494140626,-0.05894758987426758,-0.05523035430908203
-0.028821693420410157,-0.05894082260131836,-0.055595039367675785
-0.028722528457641602,-0.05895414352416992,-0.05558417129516602
-0.02877248764038086,-0.05889484405517578,-0.0555035400390625
-0.02877248764038086,-0.05889484405517578,-0.0555035400390625
-0.028722528457641602,-0.05895414352416992,-0.05558417129516602
-0.028664632797241213,-0.058915256500244144,-0.05550580215454102
-0.02876423454284668,-0.058786811828613283,-0.055325538635253906
-0.02865851974487305,-0.05879069519042969,-0.055287166595458986
-0.028749706268310547,-0.058737789154052734,-0.055231292724609374
-0.02793073081970215,-0.05914277267456055,-0.055550704956054686
-0.027859243392944336,-0.05919612503051758,-0.05561458206176758
-0.027821552276611327,-0.05916964340209961,-0.05554420471191406
-0.027821552276611327,-0.05916964340209961,-0.05554420471191406
-0.027859243392944336,-0.05919612503051758,-0.05561458206176758
-0.027770780563354493,-0.0592216911315918,-0.0556131591796875
-0.029237537384033202,-0.05901729965209961,-0.056112571716308596
-0.02915901756286621,-0.059045024871826175,-0.0560940170288086
-0.029191204071044922,-0.059017601013183596,-0.05602363967895508
-0.028413442611694338,-0.05877218246459961,-0.055101577758789065
-0.028374197006225586,-0.05874330520629883,-0.05503297805786133
-0.028495243072509766,-0.058726585388183594,-0.05505675506591797
-0.02849704170227051,-0.05914278411865234,-0.055822525024414066
-0.028580324172973633,-0.059151287078857424,-0.05589021301269531
-0.028484281539916993,-0.05919478225708008,-0.05592253494262695
-0.027942380905151366,-0.05927781295776367,-0.05585567474365234
-0.027852420806884767,-0.05928984069824219,-0.05581930160522461
-0.02794049072265625,-0.05923687744140625,-0.055769973754882816
-0.02794049072265625,-0.05923687744140625,-0.055769973754882816
-0.027852420806884767,-0.05928984069824219,-0.05581930160522461
-0.027829193115234376,-0.05924882507324219,-0.0557056999206543
-0.02783061981201172,-0.05903960418701172,-0.05532764053344727
-0.027799348831176757,-0.059089618682861327,-0.055396465301513674
-0.02774135971069336,-0.059059944152832035,-0.055318294525146486
-0.02790000343322754,-0.058998699188232424,-0.055285491943359376
-0.027979156494140626,-0.05894758987426758,-0.05523035430908203
-0.028004217147827148,-0.05899703216552735,-0.05532001495361328
-0.028032480239868166,-0.059246997833251956,-0.05583672332763672
-0.028057193756103518,-0.05918314743041992,-0.05572699737548828
-0.028135766983032228,-0.05920666885375977,-0.05581871795654297
-0.028671607971191407,-0.059110679626464845,-0.05586140823364258
-0.028660903930664065,-0.05916377639770508,-0.05595296096801758
-0.028580324172973633,-0.059151287078857424,-0.05589021301269531
-0.028105918884277343,-0.058993942260742185,-0.055357990264892576
-0.028021791458129882,-0.05904489517211914,-0.05541130447387695
-0.028004217147827148,-0.05899703216552735,-0.05532001495361328
-0.028101503372192384,-0.05893830108642578,-0.05525871658325195
-0.028105918884277343,-0.058993942260742185,-0.055357990264892576
-0.028004217147827148,-0.05899703216552735,-0.05532001495361328
-0.02847880744934082,-0.059370407104492186,-0.05622930145263672
-0.028512855529785157,-0.05939879989624024,-0.056345344543457035
-0.028414924621582033,-0.059434627532958986,-0.05631565475463867
-0.02838239669799805,-0.0594127197265625,-0.056229732513427735
-0.02847880744934082,-0.059370407104492186,-0.05622930145263672
-0.028414924621582033,-0.059434627532958986,-0.05631565475463867
-0.02817625617980957,-0.059154300689697265,-0.05573848342895508
-0.028135766983032228,-0.05920666885375977,-0.05581871795654297
-0.028057193756103518,-0.05918314743041992,-0.05572699737548828
-0.028143238067626954,-0.059121273040771485,-0.055647613525390625
-0.02817625617980957,-0.059154300689697265,-0.05573848342895508
-0.028057193756103518,-0.05918314743041992,-0.05572699737548828
-0.028775053024291994,-0.05902508544921875,-0.05573736953735352
-0.028762861251831057,-0.05907171630859375,-0.055836425781250004
-0.028683334350585937,-0.059063697814941404,-0.055762710571289065
-0.02927784729003906,-0.059028160095214846,-0.056212013244628906
-0.029201940536499025,-0.0590753402709961,-0.056281124114990234
-0.029179412841796877,-0.05906164169311524,-0.05617420959472656
-0.029237537384033202,-0.05901729965209961,-0.056112571716308596
-0.02927784729003906,-0.059028160095214846,-0.056212013244628906
-0.029179412841796877,-0.05906164169311524,-0.05617420959472656
-0.028591033935546874,-0.059102252960205076,-0.0557911376953125
-0.028598373413085937,-0.059044860839843755,-0.055693275451660154
-0.028683334350585937,-0.059063697814941404,-0.055762710571289065
-0.02847880744934082,-0.059370407104492186,-0.05622930145263672
-0.02838239669799805,-0.0594127197265625,-0.056229732513427735
-0.028393548965454103,-0.05936569213867188,-0.056147815704345704
-0.028591033935546874,-0.059102252960205076,-0.0557911376953125
-0.028671607971191407,-0.059110679626464845,-0.05586140823364258
-0.028580324172973633,-0.059151287078857424,-0.05589021301269531
-0.02849704170227051,-0.05914278411865234,-0.055822525024414066
-0.028591033935546874,-0.059102252960205076,-0.0557911376953125
-0.028580324172973633,-0.059151287078857424,-0.05589021301269531
-0.02895880126953125,-0.058756164550781254,-0.05533626937866211
-0.02905101203918457,-0.058776710510253904,-0.05539923858642578
-0.028954904556274415,-0.05881486129760742,-0.05543053436279297
-0.028863039016723633,-0.0587971305847168,-0.055373855590820316
-0.02895880126953125,-0.058756164550781254,-0.05533626937866211
-0.028954904556274415,-0.05881486129760742,-0.05543053436279297
-0.027911333084106447,-0.05905430603027344,-0.05538065719604492
-0.027863759994506836,-0.059115474700927734,-0.05546797180175781
-0.027799348831176757,-0.059089618682861327,-0.055396465301513674
-0.02783061981201172,-0.05903960418701172,-0.05532764053344727
-0.027911333084106447,-0.05905430603027344,-0.05538065719604492
-0.027799348831176757,-0.059089618682861327,-0.055396465301513674
-0.027859243392944336,-0.05919612503051758,-0.05561458206176758
-0.02794164276123047,-0.05918974304199219,-0.05566328048706055
-0.027829193115234376,-0.05924882507324219,-0.0557056999206543
-0.027770780563354493,-0.0592216911315918,-0.0556131591796875
-0.027859243392944336,-0.05919612503051758,-0.05561458206176758
-0.027829193115234376,-0.05924882507324219,-0.0557056999206543
-0.02914824104309082,-0.05893275833129883,-0.055770503997802735
-0.02919729232788086,-0.058885032653808594,-0.055714717864990236
-0.02924494743347168,-0.05892676162719727,-0.055809246063232426
-0.02834073257446289,-0.05948049163818359,-0.056399230957031254
-0.028317251205444337,-0.059455757141113286,-0.05628572082519531
-0.028414924621582033,-0.059434627532958986,-0.05631565475463867
-0.028436243057250978,-0.05943599700927735,-0.056432785034179686
-0.02834073257446289,-0.05948049163818359,-0.056399230957031254
-0.028414924621582033,-0.059434627532958986,-0.05631565475463867
-0.02802768325805664,-0.05882186508178711,-0.05503632736206055
-0.028138004302978515,-0.05878496551513672,-0.0550243034362793
-0.02809852409362793,-0.05884200286865234,-0.05510190963745117
-0.028268577575683594,-0.05884709930419922,-0.055170597076416014
-0.028316280364990235,-0.05879431915283203,-0.05509796524047852
-0.028377893447875977,-0.05881719207763672,-0.0551678466796875
-0.027852420806884767,-0.05928984069824219,-0.05581930160522461
-0.027942380905151366,-0.05927781295776367,-0.05585567474365234
-0.027892278671264648,-0.059320938110351565,-0.05591524124145508
-0.0277782039642334,-0.05934394073486328,-0.05588243865966797
-0.027852420806884767,-0.05928984069824219,-0.05581930160522461
-0.027892278671264648,-0.059320938110351565,-0.05591524124145508
-0.028049453735351563,-0.058894958496093754,-0.055169879913330076
-0.028101503372192384,-0.05893830108642578,-0.05525871658325195
-0.027979156494140626,-0.05894758987426758,-0.05523035430908203
-0.027946632385253908,-0.05890607833862305,-0.05514710235595703
-0.028049453735351563,-0.058894958496093754,-0.055169879913330076
-0.027979156494140626,-0.05894758987426758,-0.05523035430908203
-0.02768380928039551,-0.059125106811523435,-0.05540773391723633
-0.02774135971069336,-0.059059944152832035,-0.055318294525146486
-0.027799348831176757,-0.059089618682861327,-0.055396465301513674
-0.027763029098510743,-0.05914604187011719,-0.05547794342041016
-0.02768380928039551,-0.059125106811523435,-0.05540773391723633
-0.027799348831176757,-0.059089618682861327,-0.055396465301513674
-0.02848480224609375,-0.059320903778076174,-0.056112598419189454
-0.028480533599853516,-0.05925162124633789,-0.05602347183227539
-0.028575319290161133,-0.0592716064453125,-0.05607096481323242
-0.02857726287841797,-0.05931609344482422,-0.056173233032226565
-0.02848480224609375,-0.059320903778076174,-0.056112598419189454
-0.028575319290161133,-0.0592716064453125,-0.05607096481323242
-0.02787028694152832,-0.05895627975463867,-0.05519771957397461
-0.027946632385253908,-0.05890607833862305,-0.05514710235595703
-0.027979156494140626,-0.05894758987426758,-0.05523035430908203
-0.02790000343322754,-0.058998699188232424,-0.055285491943359376
-0.02787028694152832,-0.05895627975463867,-0.05519771957397461
-0.027979156494140626,-0.05894758987426758,-0.05523035430908203
-0.02865851974487305,-0.05879069519042969,-0.055287166595458986
-0.02876423454284668,-0.058786811828613283,-0.055325538635253906
-0.028681398391723633,-0.05883232879638672,-0.055373706817626954
-0.028990694046020508,-0.05894123077392578,-0.05569645690917969
-0.028922428131103517,-0.05892102813720703,-0.05560670852661133
-0.029037134170532226,-0.05888437271118164,-0.055598533630371094
-0.02820033836364746,-0.058981880187988285,-0.05539950561523438
-0.028116800308227538,-0.0590350341796875,-0.0554525260925293
-0.028105918884277343,-0.058993942260742185,-0.055357990264892576
-0.02818416786193848,-0.058950531005859376,-0.055317955017089845
-0.02820033836364746,-0.058981880187988285,-0.05539950561523438
-0.028105918884277343,-0.058993942260742185,-0.055357990264892576
-0.02794049072265625,-0.05923687744140625,-0.055769973754882816
-0.02794164276123047,-0.05918974304199219,-0.05566328048706055
-0.028057193756103518,-0.05918314743041992,-0.05572699737548828
-0.028032480239868166,-0.059246997833251956,-0.05583672332763672
-0.02794049072265625,-0.05923687744140625,-0.055769973754882816
-0.028057193756103518,-0.05918314743041992,-0.05572699737548828
-0.028660903930664065,-0.05916377639770508,-0.05595296096801758
-0.028671607971191407,-0.059110679626464845,-0.05586140823364258
-0.028749881744384767,-0.05913016128540039,-0.05592914581298828
-0.028729915618896484,-0.05918555068969727,-0.05599729919433594
-0.028660903930664065,-0.05916377639770508,-0.05595296096801758
-0.028749881744384767,-0.05913016128540039,-0.05592914581298828
-0.028319734573364258,-0.059059654235839844,-0.055630481719970704
-0.028406845092773438,-0.05901256561279297,-0.05558357620239258
-0.02841189956665039,-0.05906401062011719,-0.05567679977416992
-0.028326538085937502,-0.05910470581054687,-0.05571556091308594
-0.028319734573364258,-0.059059654235839844,-0.055630481719970704
-0.02841189956665039,-0.05906401062011719,-0.05567679977416992
-0.028037378311157227,-0.05913148498535156,-0.05560834503173828
-0.028143238067626954,-0.059121273040771485,-0.055647613525390625
-0.028057193756103518,-0.05918314743041992,-0.05572699737548828
-0.02794164276123047,-0.05918974304199219,-0.05566328048706055
-0.028037378311157227,-0.05913148498535156,-0.05560834503173828
-0.028057193756103518,-0.05918314743041992,-0.05572699737548828
-0.029179412841796877,-0.05906164169311524,-0.05617420959472656
-0.029093221664428712,-0.05908142471313477,-0.056124492645263674
-0.02915901756286621,-0.059045024871826175,-0.0560940170288086
-0.029237537384033202,-0.05901729965209961,-0.056112571716308596
-0.029179412841796877,-0.05906164169311524,-0.05617420959472656
-0.02915901756286621,-0.059045024871826175,-0.0560940170288086
-0.028575319290161133,-0.0592716064453125,-0.05607096481323242
-0.028480533599853516,-0.05925162124633789,-0.05602347183227539
-0.028573780059814452,-0.05920532989501953,-0.055986026763916015
-0.02866007995605469,-0.05922504806518555,-0.05603143692016602
-0.028575319290161133,-0.0592716064453125,-0.05607096481323242
-0.028573780059814452,-0.05920532989501953,-0.055986026763916015
-0.028580324172973633,-0.059151287078857424,-0.05589021301269531
-0.028660903930664065,-0.05916377639770508,-0.05595296096801758
-0.028573780059814452,-0.05920532989501953,-0.055986026763916015
-0.028484281539916993,-0.05919478225708008,-0.05592253494262695
-0.028580324172973633,-0.059151287078857424,-0.05589021301269531
-0.028573780059814452,-0.05920532989501953,-0.055986026763916015
-0.028664632797241213,-0.058915256500244144,-0.05550580215454102
-0.028576677322387695,-0.05892590713500977,-0.05549770355224609
-0.028616004943847657,-0.05887961959838867,-0.05543161773681641
-0.028944786071777345,-0.05905657577514649,-0.055882003784179686
-0.02904474639892578,-0.05901762390136719,-0.055863941192626956
-0.029028553009033203,-0.05906736755371094,-0.05595680618286133
-0.027770780563354493,-0.0592216911315918,-0.0556131591796875
-0.027701122283935547,-0.0592778434753418,-0.055681884765625
-0.027672285079956057,-0.05923470306396485,-0.055594982147216795
-0.028032480239868166,-0.059246997833251956,-0.05583672332763672
-0.028135766983032228,-0.05920666885375977,-0.05581871795654297
-0.028125682830810548,-0.059265632629394535,-0.05591883087158203
-0.028232595443725587,-0.05935018539428711,-0.05609535980224609
-0.028291589736938478,-0.05940740203857422,-0.05617567825317383
-0.028160959243774413,-0.05941228866577149,-0.056154071807861326
-0.028125215530395507,-0.059476596832275394,-0.05622270584106445
-0.028044511795043945,-0.05951226425170898,-0.056248413085937504
-0.02804964828491211,-0.05944378662109375,-0.05617195892333984
-0.028381397247314453,-0.05888186264038086,-0.05530730438232422
-0.028470775604248048,-0.058863349914550785,-0.05532906723022461
-0.028388914108276368,-0.05891658782958985,-0.055387603759765626
-0.029102310180664063,-0.05905828857421875,-0.056032073974609374
-0.029191204071044922,-0.059017601013183596,-0.05602363967895508
-0.02915901756286621,-0.059045024871826175,-0.0560940170288086
-0.028125682830810548,-0.059265632629394535,-0.05591883087158203
-0.02820581817626953,-0.05922380828857422,-0.05587224578857422
-0.0282460994720459,-0.05926412582397461,-0.05594015884399414
-0.028845958709716797,-0.059095855712890624,-0.05590742874145508
-0.028944786071777345,-0.05905657577514649,-0.055882003784179686
-0.028932939529418947,-0.05911246490478516,-0.05598137664794922
-0.029126253128051758,-0.05902452850341797,-0.05593989944458008
-0.029028553009033203,-0.05906736755371094,-0.05595680618286133
-0.02904474639892578,-0.05901762390136719,-0.055863941192626956
-0.02858662796020508,-0.05934697723388672,-0.05627578353881836
-0.028674448013305664,-0.05932040023803711,-0.056318637847900394
-0.028607791900634765,-0.059367336273193363,-0.05636950302124023
-0.02877248764038086,-0.05889484405517578,-0.0555035400390625
-0.028664632797241213,-0.058915256500244144,-0.05550580215454102
-0.02870071029663086,-0.0588687744140625,-0.05544488525390625
-0.028990694046020508,-0.05894123077392578,-0.05569645690917969
-0.029037134170532226,-0.05888437271118164,-0.055598533630371094
-0.029096349716186524,-0.058909610748291014,-0.05569906997680664
-0.02802768325805664,-0.05882186508178711,-0.05503632736206055
-0.02809852409362793,-0.05884200286865234,-0.05510190963745117
-0.028010616302490236,-0.058865013122558596,-0.055105022430419925
-0.028160959243774413,-0.05941228866577149,-0.056154071807861326
-0.028059776306152345,-0.05938933944702149,-0.05608606719970703
-0.028144927978515626,-0.05936155700683594,-0.05606894302368164
-0.02829085350036621,-0.05930035400390625,-0.056028968811035154
-0.028390382766723635,-0.05930101776123047,-0.056064910888671875
-0.028320383071899415,-0.05934431838989258,-0.05610266494750977
-0.028232595443725587,-0.05935018539428711,-0.05609535980224609
-0.02829085350036621,-0.05930035400390625,-0.056028968811035154
-0.028320383071899415,-0.05934431838989258,-0.05610266494750977
-0.02860824775695801,-0.05897710800170899,-0.05558716201782227
-0.028598373413085937,-0.059044860839843755,-0.055693275451660154
-0.028504655838012694,-0.0590230827331543,-0.0556339225769043
-0.02863320541381836,-0.05874753189086914,-0.055191596984863284
-0.02865851974487305,-0.05879069519042969,-0.055287166595458986
-0.028545583724975586,-0.05880698776245117,-0.055259780883789064
-0.028495243072509766,-0.058726585388183594,-0.05505675506591797
-0.028613101959228514,-0.05869984436035156,-0.05508590698242188
-0.028501567840576173,-0.05877135467529297,-0.055157798767089844
-0.028863039016723633,-0.0587971305847168,-0.055373855590820316
-0.028954904556274415,-0.05881486129760742,-0.05543053436279297
-0.02886337661743164,-0.05885226058959961,-0.05546211242675781
-0.027770780563354493,-0.0592216911315918,-0.0556131591796875
-0.027672285079956057,-0.05923470306396485,-0.055594982147216795
-0.027739145278930663,-0.059191368103027345,-0.055547622680664065
-0.027829193115234376,-0.05924882507324219,-0.0557056999206543
-0.027738052368164064,-0.05931427764892578,-0.055780628204345706
-0.027701122283935547,-0.0592778434753418,-0.055681884765625
-0.027770780563354493,-0.0592216911315918,-0.0556131591796875
-0.027829193115234376,-0.05924882507324219,-0.0557056999206543
-0.027701122283935547,-0.0592778434753418,-0.055681884765625
-0.027956085205078127,-0.05935614013671875,-0.05601355743408203
-0.02807933807373047,-0.05933062744140625,-0.056004680633544926
-0.028059776306152345,-0.05938933944702149,-0.05608606719970703
-0.028255107879638672,-0.05875973510742188,-0.05502275085449219
-0.028206104278564455,-0.05881782913208008,-0.05509791946411133
-0.028138004302978515,-0.05878496551513672,-0.0550243034362793
-0.028138004302978515,-0.05878496551513672,-0.0550243034362793
-0.028206104278564455,-0.05881782913208008,-0.05509791946411133
-0.02809852409362793,-0.05884200286865234,-0.05510190963745117
-0.02923855972290039,-0.058975986480712894,-0.05592854690551758
-0.029286319732666016,-0.05897783660888672,-0.05603562545776367
-0.029191204071044922,-0.059017601013183596,-0.05602363967895508
-0.02857726287841797,-0.05931609344482422,-0.056173233032226565
-0.02866426086425781,-0.05926787567138672,-0.05612595367431641
-0.028664865493774415,-0.059291030883789064,-0.05622721481323242
-0.029112146377563475,-0.05883890151977539,-0.055546882629394535
-0.029148965835571288,-0.05886132049560547,-0.055624317169189454
-0.029037134170532226,-0.05888437271118164,-0.055598533630371094
-0.029037134170532226,-0.05888437271118164,-0.055598533630371094
-0.029148965835571288,-0.05886132049560547,-0.055624317169189454
-0.029096349716186524,-0.058909610748291014,-0.05569906997680664
-0.028742448806762695,-0.059331310272216796,-0.05645882797241211
-0.028688091278076172,-0.059346790313720706,-0.056386104583740236
-0.028756591796875,-0.05930286407470703,-0.056372932434082035
-0.02938459587097168,-0.05893635940551758,-0.05604591751098633
-0.02933184623718262,-0.05894504165649414,-0.0559680061340332
-0.02941433334350586,-0.05890488052368164,-0.055947303771972656
-0.02941433334350586,-0.05890488052368164,-0.055947303771972656
-0.02933184623718262,-0.05894504165649414,-0.0559680061340332
-0.029334161758422853,-0.05892455673217774,-0.05588334655761719
-0.027777416229248047,-0.05941266250610352,-0.056038364410400394
-0.027876850128173827,-0.059397769927978517,-0.05605304336547852
-0.027860559463500977,-0.059438789367675784,-0.05612316131591797
-0.028840391159057618,-0.05925316619873047,-0.05634793090820313
-0.028756591796875,-0.05930286407470703,-0.056372932434082035
-0.028754398345947268,-0.05927686309814453,-0.05628025817871094
-0.029028553009033203,-0.05906736755371094,-0.05595680618286133
-0.029102310180664063,-0.05905828857421875,-0.056032073974609374
-0.02901524353027344,-0.05910137939453125,-0.05605694580078125
-0.028762861251831057,-0.05907171630859375,-0.055836425781250004
-0.028845958709716797,-0.059095855712890624,-0.05590742874145508
-0.028749881744384767,-0.05913016128540039,-0.05592914581298828
-0.028406845092773438,-0.05901256561279297,-0.05558357620239258
-0.028309877395629884,-0.059014461517333985,-0.055537227630615235
-0.0283997745513916,-0.05896246719360352,-0.05548509597778321
-0.0283997745513916,-0.05896246719360352,-0.05548509597778321
-0.028309877395629884,-0.059014461517333985,-0.055537227630615235
-0.028299304962158205,-0.05897109222412109,-0.055439018249511716
-0.028101503372192384,-0.05893830108642578,-0.05525871658325195
-0.02815839958190918,-0.05887570953369141,-0.055173137664794925
-0.028221805572509768,-0.05890279006958008,-0.055248340606689456
-0.028221805572509768,-0.05890279006958008,-0.055248340606689456
-0.02815839958190918,-0.05887570953369141,-0.055173137664794925
-0.028268577575683594,-0.05884709930419922,-0.055170597076416014
-0.028059776306152345,-0.05938933944702149,-0.05608606719970703
-0.02804964828491211,-0.05944378662109375,-0.05617195892333984
-0.027959123611450195,-0.05941649627685547,-0.05610794830322266
-0.028674448013305664,-0.05932040023803711,-0.056318637847900394
-0.028664865493774415,-0.059291030883789064,-0.05622721481323242
-0.028754398345947268,-0.05927686309814453,-0.05628025817871094
-0.028775053024291994,-0.05902508544921875,-0.05573736953735352
-0.028858036041259767,-0.059031314849853515,-0.055810924530029296
-0.028762861251831057,-0.05907171630859375,-0.055836425781250004
-0.028377893447875977,-0.05881719207763672,-0.0551678466796875
-0.028501567840576173,-0.05877135467529297,-0.055157798767089844
-0.02843388557434082,-0.05883440017700196,-0.05524374008178711
-0.029191204071044922,-0.059017601013183596,-0.05602363967895508
-0.029126253128051758,-0.05902452850341797,-0.05593989944458008
-0.02923855972290039,-0.058975986480712894,-0.05592854690551758
-0.02923855972290039,-0.058975986480712894,-0.05592854690551758
-0.029126253128051758,-0.05902452850341797,-0.05593989944458008
-0.02914491271972656,-0.05897767639160156,-0.05584671401977539
-0.028374197006225586,-0.05874330520629883,-0.05503297805786133
-0.028316280364990235,-0.05879431915283203,-0.05509796524047852
-0.028255107879638672,-0.05875973510742188,-0.05502275085449219
-0.028377893447875977,-0.05881719207763672,-0.0551678466796875
-0.028413442611694338,-0.05877218246459961,-0.055101577758789065
-0.028501567840576173,-0.05877135467529297,-0.055157798767089844
-0.028143238067626954,-0.059121273040771485,-0.055647613525390625
-0.028240652084350587,-0.05910562515258789,-0.05567852401733399
-0.02817625617980957,-0.059154300689697265,-0.05573848342895508
-0.02817625617980957,-0.059154300689697265,-0.05573848342895508
-0.028240652084350587,-0.05910562515258789,-0.05567852401733399
-0.02825788688659668,-0.059137763977050783,-0.05574730682373047
-0.028732179641723633,-0.058687583923339844,-0.05512885284423828
-0.02863320541381836,-0.05874753189086914,-0.055191596984863284
-0.028613101959228514,-0.05869984436035156,-0.05508590698242188
-0.02809852409362793,-0.05884200286865234,-0.05510190963745117
-0.028049453735351563,-0.058894958496093754,-0.055169879913330076
-0.028010616302490236,-0.058865013122558596,-0.055105022430419925
-0.02857726287841797,-0.05931609344482422,-0.056173233032226565
-0.02858662796020508,-0.05934697723388672,-0.05627578353881836
-0.02847880744934082,-0.059370407104492186,-0.05622930145263672
-0.027777416229248047,-0.05941266250610352,-0.056038364410400394
-0.027830438613891603,-0.05936815261840821,-0.055977447509765625
-0.027876850128173827,-0.059397769927978517,-0.05605304336547852
-0.028616004943847657,-0.05887961959838867,-0.05543161773681641
-0.028576677322387695,-0.05892590713500977,-0.05549770355224609
-0.028502655029296876,-0.058906185150146485,-0.05542964935302735
-0.028502655029296876,-0.058906185150146485,-0.05542964935302735
-0.028576677322387695,-0.05892590713500977,-0.05549770355224609
-0.028498626708984377,-0.058964820861816404,-0.05553612518310547
-0.02865851974487305,-0.05879069519042969,-0.055287166595458986
-0.02857850456237793,-0.05884486770629883,-0.055350723266601565
-0.028545583724975586,-0.05880698776245117,-0.055259780883789064
-0.028821693420410157,-0.05894082260131836,-0.055595039367675785
-0.02877720069885254,-0.058983604431152345,-0.05565511703491211
-0.028722528457641602,-0.05895414352416992,-0.05558417129516602
-0.028722528457641602,-0.05895414352416992,-0.05558417129516602
-0.02877720069885254,-0.058983604431152345,-0.05565511703491211
-0.02869439697265625,-0.05901030731201172,-0.05566790771484375
-0.02828550148010254,-0.05892329025268555,-0.05533500289916992
-0.028388914108276368,-0.05891658782958985,-0.055387603759765626
-0.028299304962158205,-0.05897109222412109,-0.055439018249511716
-0.028299304962158205,-0.05897109222412109,-0.055439018249511716
-0.028388914108276368,-0.05891658782958985,-0.055387603759765626
-0.0283997745513916,-0.05896246719360352,-0.05548509597778321
-0.028328250885009766,-0.05886841583251953,-0.055244602203369145
-0.028381397247314453,-0.05888186264038086,-0.05530730438232422
-0.02828550148010254,-0.05892329025268555,-0.05533500289916992
-0.02828550148010254,-0.05892329025268555,-0.05533500289916992
-0.028381397247314453,-0.05888186264038086,-0.05530730438232422
-0.028388914108276368,-0.05891658782958985,-0.055387603759765626
-0.02934310340881348,-0.05889060211181641,-0.055804206848144536
-0.029334161758422853,-0.05892455673217774,-0.05588334655761719
-0.02924494743347168,-0.05892676162719727,-0.055809246063232426
-0.028230314254760743,-0.059178535461425784,-0.05580821228027344
-0.02820581817626953,-0.05922380828857422,-0.05587224578857422
-0.028135766983032228,-0.05920666885375977,-0.05581871795654297
-0.028135766983032228,-0.05920666885375977,-0.05581871795654297
-0.02820581817626953,-0.05922380828857422,-0.05587224578857422
-0.028125682830810548,-0.059265632629394535,-0.05591883087158203
-0.02904474639892578,-0.05901762390136719,-0.055863941192626956
-0.02914491271972656,-0.05897767639160156,-0.05584671401977539
-0.029126253128051758,-0.05902452850341797,-0.05593989944458008
-0.028480533599853516,-0.05925162124633789,-0.05602347183227539
-0.028390382766723635,-0.05930101776123047,-0.056064910888671875
-0.028370691299438477,-0.059244468688964845,-0.05595680236816406
-0.028370691299438477,-0.059244468688964845,-0.05595680236816406
-0.028390382766723635,-0.05930101776123047,-0.056064910888671875
-0.02829085350036621,-0.05930035400390625,-0.056028968811035154
-0.02877248764038086,-0.05889484405517578,-0.0555035400390625
-0.02870071029663086,-0.0588687744140625,-0.05544488525390625
-0.028774221420288088,-0.05883772659301758,-0.055412872314453125
-0.028990694046020508,-0.05894123077392578,-0.05569645690917969
-0.029096349716186524,-0.058909610748291014,-0.05569906997680664
-0.029062545776367188,-0.058956707000732425,-0.055783020019531254
-0.02914824104309082,-0.05893275833129883,-0.055770503997802735
-0.029062545776367188,-0.058956707000732425,-0.055783020019531254
-0.029096349716186524,-0.058909610748291014,-0.05569906997680664
-0.028863039016723633,-0.0587971305847168,-0.055373855590820316
-0.028774221420288088,-0.05883772659301758,-0.055412872314453125
-0.02876423454284668,-0.058786811828613283,-0.055325538635253906
-0.027946632385253908,-0.05890607833862305,-0.05514710235595703
-0.028010616302490236,-0.058865013122558596,-0.055105022430419925
-0.028049453735351563,-0.058894958496093754,-0.055169879913330076
-0.0282460994720459,-0.05926412582397461,-0.05594015884399414
-0.028187498092651368,-0.059316612243652346,-0.05600716018676758
-0.028125682830810548,-0.059265632629394535,-0.05591883087158203
-0.028160959243774413,-0.05941228866577149,-0.056154071807861326
-0.028144927978515626,-0.05936155700683594,-0.05606894302368164
-0.028232595443725587,-0.05935018539428711,-0.05609535980224609
-0.028232595443725587,-0.05935018539428711,-0.05609535980224609
-0.028144927978515626,-0.05936155700683594,-0.05606894302368164
-0.028187498092651368,-0.059316612243652346,-0.05600716018676758
-0.028393548965454103,-0.05936569213867188,-0.056147815704345704
-0.028320383071899415,-0.05934431838989258,-0.05610266494750977
-0.028390382766723635,-0.05930101776123047,-0.056064910888671875
-0.028598373413085937,-0.059044860839843755,-0.055693275451660154
-0.02869439697265625,-0.05901030731201172,-0.05566790771484375
-0.028683334350585937,-0.059063697814941404,-0.055762710571289065
-0.028722528457641602,-0.05895414352416992,-0.05558417129516602
-0.02860824775695801,-0.05897710800170899,-0.05558716201782227
-0.028664632797241213,-0.058915256500244144,-0.05550580215454102
-0.02877248764038086,-0.05889484405517578,-0.0555035400390625
-0.02886337661743164,-0.05885226058959961,-0.05546211242675781
-0.028865644454956055,-0.058896690368652346,-0.0555364990234375
-0.027763029098510743,-0.05914604187011719,-0.05547794342041016
-0.027739145278930663,-0.059191368103027345,-0.055547622680664065
-0.027668451309204103,-0.05918730545043945,-0.05550951385498047
-0.028187498092651368,-0.059316612243652346,-0.05600716018676758
-0.02807933807373047,-0.05933062744140625,-0.056004680633544926
-0.028125682830810548,-0.059265632629394535,-0.05591883087158203
-0.028206104278564455,-0.05881782913208008,-0.05509791946411133
-0.028255107879638672,-0.05875973510742188,-0.05502275085449219
-0.028316280364990235,-0.05879431915283203,-0.05509796524047852
-0.028268577575683594,-0.05884709930419922,-0.055170597076416014
-0.028206104278564455,-0.05881782913208008,-0.05509791946411133
-0.028316280364990235,-0.05879431915283203,-0.05509796524047852
-0.02863578987121582,-0.05935704040527344,-0.056467929840087895
-0.028607791900634765,-0.059367336273193363,-0.05636950302124023
-0.028688091278076172,-0.059346790313720706,-0.056386104583740236
-0.028742448806762695,-0.059331310272216796,-0.05645882797241211
-0.02863578987121582,-0.05935704040527344,-0.056467929840087895
-0.028688091278076172,-0.059346790313720706,-0.056386104583740236
-0.02933184623718262,-0.05894504165649414,-0.0559680061340332
-0.02938459587097168,-0.05893635940551758,-0.05604591751098633
-0.029286319732666016,-0.05897783660888672,-0.05603562545776367
-0.02923855972290039,-0.058975986480712894,-0.05592854690551758
-0.02933184623718262,-0.05894504165649414,-0.0559680061340332
-0.029286319732666016,-0.05897783660888672,-0.05603562545776367
-0.028848196029663088,-0.059301223754882816,-0.056441150665283206
-0.028742448806762695,-0.059331310272216796,-0.05645882797241211
-0.028756591796875,-0.05930286407470703,-0.056372932434082035
-0.028840391159057618,-0.05925316619873047,-0.05634793090820313
-0.028848196029663088,-0.059301223754882816,-0.056441150665283206
-0.028756591796875,-0.05930286407470703,-0.056372932434082035
-0.02829085350036621,-0.05930035400390625,-0.056028968811035154
-0.028232595443725587,-0.05935018539428711,-0.05609535980224609
-0.028187498092651368,-0.059316612243652346,-0.05600716018676758
-0.0282460994720459,-0.05926412582397461,-0.05594015884399414
-0.02829085350036621,-0.05930035400390625,-0.056028968811035154
-0.028187498092651368,-0.059316612243652346,-0.05600716018676758
-0.028747642517089844,-0.059243247985839846,-0.05618193817138672
-0.028754398345947268,-0.05927686309814453,-0.05628025817871094
-0.028664865493774415,-0.059291030883789064,-0.05622721481323242
-0.02866426086425781,-0.05926787567138672,-0.05612595367431641
-0.028747642517089844,-0.059243247985839846,-0.05618193817138672
-0.028664865493774415,-0.059291030883789064,-0.05622721481323242
-0.028674448013305664,-0.05932040023803711,-0.056318637847900394
-0.028754398345947268,-0.05927686309814453,-0.05628025817871094
-0.028756591796875,-0.05930286407470703,-0.056372932434082035
-0.028688091278076172,-0.059346790313720706,-0.056386104583740236
-0.028674448013305664,-0.05932040023803711,-0.056318637847900394
-0.028756591796875,-0.05930286407470703,-0.056372932434082035
-0.029102310180664063,-0.05905828857421875,-0.056032073974609374
-0.029028553009033203,-0.05906736755371094,-0.05595680618286133
-0.029126253128051758,-0.05902452850341797,-0.05593989944458008
-0.029191204071044922,-0.059017601013183596,-0.05602363967895508
-0.029102310180664063,-0.05905828857421875,-0.056032073974609374
-0.029126253128051758,-0.05902452850341797,-0.05593989944458008
-0.028845958709716797,-0.059095855712890624,-0.05590742874145508
-0.028762861251831057,-0.05907171630859375,-0.055836425781250004
-0.028858036041259767,-0.059031314849853515,-0.055810924530029296
-0.028944786071777345,-0.05905657577514649,-0.055882003784179686
-0.028845958709716797,-0.059095855712890624,-0.05590742874145508
-0.028858036041259767,-0.059031314849853515,-0.055810924530029296
-0.028309877395629884,-0.059014461517333985,-0.055537227630615235
-0.028406845092773438,-0.05901256561279297,-0.05558357620239258
-0.028319734573364258,-0.059059654235839844,-0.055630481719970704
-0.02822491455078125,-0.05906634902954102,-0.055589378356933596
-0.028309877395629884,-0.059014461517333985,-0.055537227630615235
-0.028319734573364258,-0.059059654235839844,-0.055630481719970704
-0.02815839958190918,-0.05887570953369141,-0.055173137664794925
-0.028101503372192384,-0.05893830108642578,-0.05525871658325195
-0.028049453735351563,-0.058894958496093754,-0.055169879913330076
-0.02809852409362793,-0.05884200286865234,-0.05510190963745117
-0.02815839958190918,-0.05887570953369141,-0.055173137664794925
-0.028049453735351563,-0.058894958496093754,-0.055169879913330076
-0.02804964828491211,-0.05944378662109375,-0.05617195892333984
-0.028059776306152345,-0.05938933944702149,-0.05608606719970703
-0.028160959243774413,-0.05941228866577149,-0.056154071807861326
-0.028125215530395507,-0.059476596832275394,-0.05622270584106445
-0.02804964828491211,-0.05944378662109375,-0.05617195892333984
-0.028160959243774413,-0.05941228866577149,-0.056154071807861326
-0.02815839958190918,-0.05887570953369141,-0.055173137664794925
-0.02809852409362793,-0.05884200286865234,-0.05510190963745117
-0.028206104278564455,-0.05881782913208008,-0.05509791946411133
-0.028268577575683594,-0.05884709930419922,-0.055170597076416014
-0.02815839958190918,-0.05887570953369141,-0.055173137664794925
-0.028206104278564455,-0.05881782913208008,-0.05509791946411133
-0.027653488159179687,-0.059374588012695316,-0.05584918594360352
-0.027611337661743163,-0.0593385009765625,-0.05574916458129883
-0.027738052368164064,-0.05931427764892578,-0.055780628204345706
-0.0277782039642334,-0.05934394073486328,-0.05588243865966797
-0.027653488159179687,-0.059374588012695316,-0.05584918594360352
-0.027738052368164064,-0.05931427764892578,-0.055780628204345706
-0.028664865493774415,-0.059291030883789064,-0.05622721481323242
-0.028674448013305664,-0.05932040023803711,-0.056318637847900394
-0.02858662796020508,-0.05934697723388672,-0.05627578353881836
-0.02857726287841797,-0.05931609344482422,-0.056173233032226565
-0.028664865493774415,-0.059291030883789064,-0.05622721481323242
-0.02858662796020508,-0.05934697723388672,-0.05627578353881836
-0.028309877395629884,-0.059014461517333985,-0.055537227630615235
-0.02822491455078125,-0.05906634902954102,-0.055589378356933596
-0.028212554931640627,-0.059023860931396485,-0.05549424743652344
-0.028299304962158205,-0.05897109222412109,-0.055439018249511716
-0.028309877395629884,-0.059014461517333985,-0.055537227630615235
-0.028212554931640627,-0.059023860931396485,-0.05549424743652344
-0.028037378311157227,-0.05913148498535156,-0.05560834503173828
-0.02803196144104004,-0.05908839416503906,-0.055504810333251955
-0.028126441955566406,-0.05907455444335938,-0.05555078125
-0.028143238067626954,-0.059121273040771485,-0.055647613525390625
-0.028037378311157227,-0.05913148498535156,-0.05560834503173828
-0.028126441955566406,-0.05907455444335938,-0.05555078125
-0.02923855972290039,-0.058975986480712894,-0.05592854690551758
-0.02924494743347168,-0.05892676162719727,-0.055809246063232426
-0.029334161758422853,-0.05892455673217774,-0.05588334655761719
-0.02933184623718262,-0.05894504165649414,-0.0559680061340332
-0.02923855972290039,-0.058975986480712894,-0.05592854690551758
-0.029334161758422853,-0.05892455673217774,-0.05588334655761719
-0.02919729232788086,-0.058885032653808594,-0.055714717864990236
-0.02914824104309082,-0.05893275833129883,-0.055770503997802735
-0.029096349716186524,-0.058909610748291014,-0.05569906997680664
-0.029148965835571288,-0.05886132049560547,-0.055624317169189454
-0.02919729232788086,-0.058885032653808594,-0.055714717864990236
-0.029096349716186524,-0.058909610748291014,-0.05569906997680664
-0.027852420806884767,-0.05928984069824219,-0.05581930160522461
-0.0277782039642334,-0.05934394073486328,-0.05588243865966797
-0.027738052368164064,-0.05931427764892578,-0.055780628204345706
-0.027829193115234376,-0.05924882507324219,-0.0557056999206543
-0.027852420806884767,-0.05928984069824219,-0.05581930160522461
-0.027738052368164064,-0.05931427764892578,-0.055780628204345706
-0.028575319290161133,-0.0592716064453125,-0.05607096481323242
-0.02866007995605469,-0.05922504806518555,-0.05603143692016602
-0.02866426086425781,-0.05926787567138672,-0.05612595367431641
-0.02857726287841797,-0.05931609344482422,-0.056173233032226565
-0.028575319290161133,-0.0592716064453125,-0.05607096481323242
-0.02866426086425781,-0.05926787567138672,-0.05612595367431641
-0.028316280364990235,-0.05879431915283203,-0.05509796524047852
-0.028374197006225586,-0.05874330520629883,-0.05503297805786133
-0.028413442611694338,-0.05877218246459961,-0.055101577758789065
-0.028377893447875977,-0.05881719207763672,-0.0551678466796875
-0.028316280364990235,-0.05879431915283203,-0.05509796524047852
-0.028413442611694338,-0.05877218246459961,-0.055101577758789065
-0.028291589736938478,-0.05940740203857422,-0.05617567825317383
-0.028232595443725587,-0.05935018539428711,-0.05609535980224609
-0.028320383071899415,-0.05934431838989258,-0.05610266494750977
-0.028393548965454103,-0.05936569213867188,-0.056147815704345704
-0.028291589736938478,-0.05940740203857422,-0.05617567825317383
-0.028320383071899415,-0.05934431838989258,-0.05610266494750977
-0.028240652084350587,-0.05910562515258789,-0.05567852401733399
-0.02822491455078125,-0.05906634902954102,-0.055589378356933596
-0.028319734573364258,-0.059059654235839844,-0.055630481719970704
-0.028922428131103517,-0.05892102813720703,-0.05560670852661133
-0.028821693420410157,-0.05894082260131836,-0.055595039367675785
-0.028865644454956055,-0.058896690368652346,-0.0555364990234375
-0.02894810676574707,-0.05886960220336914,-0.055520469665527344
-0.028922428131103517,-0.05892102813720703,-0.05560670852661133
-0.028865644454956055,-0.058896690368652346,-0.0555364990234375
-0.028212554931640627,-0.059023860931396485,-0.05549424743652344
-0.02822491455078125,-0.05906634902954102,-0.055589378356933596
-0.028126441955566406,-0.05907455444335938,-0.05555078125
-0.02863320541381836,-0.05874753189086914,-0.055191596984863284
-0.028732179641723633,-0.058687583923339844,-0.05512885284423828
-0.028749706268310547,-0.058737789154052734,-0.055231292724609374
-0.02865851974487305,-0.05879069519042969,-0.055287166595458986
-0.02863320541381836,-0.05874753189086914,-0.055191596984863284
-0.028749706268310547,-0.058737789154052734,-0.055231292724609374
-0.0282956485748291,-0.05921048736572266,-0.055868927001953124
-0.0282460994720459,-0.05926412582397461,-0.05594015884399414
-0.02820581817626953,-0.05922380828857422,-0.05587224578857422
-0.028230314254760743,-0.059178535461425784,-0.05580821228027344
-0.0282956485748291,-0.05921048736572266,-0.055868927001953124
-0.02820581817626953,-0.05922380828857422,-0.05587224578857422
-0.028003122329711916,-0.059298507690429686,-0.05592602920532227
-0.028125682830810548,-0.059265632629394535,-0.05591883087158203
-0.02807933807373047,-0.05933062744140625,-0.056004680633544926
-0.027956085205078127,-0.05935614013671875,-0.05601355743408203
-0.028003122329711916,-0.059298507690429686,-0.05592602920532227
-0.02807933807373047,-0.05933062744140625,-0.056004680633544926
-0.02757407760620117,-0.05924090957641601,-0.05556299209594727
-0.027578474044799805,-0.05918777847290039,-0.05546847152709961
-0.027668451309204103,-0.05918730545043945,-0.05550951385498047
-0.027672285079956057,-0.05923470306396485,-0.055594982147216795
-0.02757407760620117,-0.05924090957641601,-0.05556299209594727
-0.027668451309204103,-0.05918730545043945,-0.05550951385498047
-0.02924494743347168,-0.05892676162719727,-0.055809246063232426
-0.02923855972290039,-0.058975986480712894,-0.05592854690551758
-0.02914491271972656,-0.05897767639160156,-0.05584671401977539
-0.02914824104309082,-0.05893275833129883,-0.055770503997802735
-0.02924494743347168,-0.05892676162719727,-0.055809246063232426
-0.02914491271972656,-0.05897767639160156,-0.05584671401977539
-0.02847880744934082,-0.059370407104492186,-0.05622930145263672
-0.028393548965454103,-0.05936569213867188,-0.056147815704345704
-0.02848480224609375,-0.059320903778076174,-0.056112598419189454
-0.02857726287841797,-0.05931609344482422,-0.056173233032226565
-0.02847880744934082,-0.059370407104492186,-0.05622930145263672
-0.02848480224609375,-0.059320903778076174,-0.056112598419189454
-0.029237537384033202,-0.05901729965209961,-0.056112571716308596
-0.029191204071044922,-0.059017601013183596,-0.05602363967895508
-0.029286319732666016,-0.05897783660888672,-0.05603562545776367
-0.029338666915893555,-0.05898074722290039,-0.056133514404296876
-0.029237537384033202,-0.05901729965209961,-0.056112571716308596
-0.029286319732666016,-0.05897783660888672,-0.05603562545776367
-0.028504655838012694,-0.0590230827331543,-0.0556339225769043
-0.028498626708984377,-0.058964820861816404,-0.05553612518310547
-0.02860824775695801,-0.05897710800170899,-0.05558716201782227
-0.02877720069885254,-0.058983604431152345,-0.05565511703491211
-0.028821693420410157,-0.05894082260131836,-0.055595039367675785
-0.028871978759765625,-0.058978328704833986,-0.055698135375976565
-0.028775053024291994,-0.05902508544921875,-0.05573736953735352
-0.02877720069885254,-0.058983604431152345,-0.05565511703491211
-0.028871978759765625,-0.058978328704833986,-0.055698135375976565
-0.02794802474975586,-0.05947680282592774,-0.05619309234619141
-0.027959123611450195,-0.05941649627685547,-0.05610794830322266
-0.02804964828491211,-0.05944378662109375,-0.05617195892333984
-0.028044511795043945,-0.05951226425170898,-0.056248413085937504
-0.02794802474975586,-0.05947680282592774,-0.05619309234619141
-0.02804964828491211,-0.05944378662109375,-0.05617195892333984
-0.028381397247314453,-0.05888186264038086,-0.05530730438232422
-0.028328250885009766,-0.05886841583251953,-0.055244602203369145
-0.02843388557434082,-0.05883440017700196,-0.05524374008178711
-0.028470775604248048,-0.058863349914550785,-0.05532906723022461
-0.028381397247314453,-0.05888186264038086,-0.05530730438232422
-0.02843388557434082,-0.05883440017700196,-0.05524374008178711
-0.027959123611450195,-0.05941649627685547,-0.05610794830322266
-0.027860559463500977,-0.059438789367675784,-0.05612316131591797
-0.027876850128173827,-0.059397769927978517,-0.05605304336547852
-0.027956085205078127,-0.05935614013671875,-0.05601355743408203
-0.027959123611450195,-0.05941649627685547,-0.05610794830322266
-0.027876850128173827,-0.059397769927978517,-0.05605304336547852
-0.028388914108276368,-0.05891658782958985,-0.055387603759765626
-0.028470775604248048,-0.058863349914550785,-0.05532906723022461
-0.028502655029296876,-0.058906185150146485,-0.05542964935302735
-0.0283997745513916,-0.05896246719360352,-0.05548509597778321
-0.028388914108276368,-0.05891658782958985,-0.055387603759765626
-0.028502655029296876,-0.058906185150146485,-0.05542964935302735
-0.029093221664428712,-0.05908142471313477,-0.056124492645263674
-0.02901524353027344,-0.05910137939453125,-0.05605694580078125
-0.029102310180664063,-0.05905828857421875,-0.056032073974609374
-0.02915901756286621,-0.059045024871826175,-0.0560940170288086
-0.029093221664428712,-0.05908142471313477,-0.056124492645263674
-0.029102310180664063,-0.05905828857421875,-0.056032073974609374
-0.029422515869140627,-0.0588784408569336,-0.05584772109985352
-0.02941433334350586,-0.05890488052368164,-0.055947303771972656
-0.029334161758422853,-0.05892455673217774,-0.05588334655761719
-0.02934310340881348,-0.05889060211181641,-0.055804206848144536
-0.029422515869140627,-0.0588784408569336,-0.05584772109985352
-0.029334161758422853,-0.05892455673217774,-0.05588334655761719
-0.02882632637023926,-0.05916443252563477,-0.05601302337646485
-0.028749881744384767,-0.05913016128540039,-0.05592914581298828
-0.028845958709716797,-0.059095855712890624,-0.05590742874145508
-0.028932939529418947,-0.05911246490478516,-0.05598137664794922
-0.02882632637023926,-0.05916443252563477,-0.05601302337646485
-0.028845958709716797,-0.059095855712890624,-0.05590742874145508
-0.028390382766723635,-0.05930101776123047,-0.056064910888671875
-0.028480533599853516,-0.05925162124633789,-0.05602347183227539
-0.02848480224609375,-0.059320903778076174,-0.056112598419189454
-0.028393548965454103,-0.05936569213867188,-0.056147815704345704
-0.028390382766723635,-0.05930101776123047,-0.056064910888671875
-0.02848480224609375,-0.059320903778076174,-0.056112598419189454
-0.028512855529785157,-0.05939879989624024,-0.056345344543457035
-0.02847880744934082,-0.059370407104492186,-0.05622930145263672
-0.02858662796020508,-0.05934697723388672,-0.05627578353881836
-0.028607791900634765,-0.059367336273193363,-0.05636950302124023
-0.028512855529785157,-0.05939879989624024,-0.056345344543457035
-0.02858662796020508,-0.05934697723388672,-0.05627578353881836
-0.02870071029663086,-0.0588687744140625,-0.05544488525390625
-0.028664632797241213,-0.058915256500244144,-0.05550580215454102
-0.028616004943847657,-0.05887961959838867,-0.05543161773681641
-0.028681398391723633,-0.05883232879638672,-0.055373706817626954
-0.02870071029663086,-0.0588687744140625,-0.05544488525390625
-0.028616004943847657,-0.05887961959838867,-0.05543161773681641
-0.028470775604248048,-0.058863349914550785,-0.05532906723022461
-0.02843388557434082,-0.05883440017700196,-0.05524374008178711
-0.028545583724975586,-0.05880698776245117,-0.055259780883789064
-0.02857850456237793,-0.05884486770629883,-0.055350723266601565
-0.028470775604248048,-0.058863349914550785,-0.05532906723022461
-0.028545583724975586,-0.05880698776245117,-0.055259780883789064
-0.029062545776367188,-0.058956707000732425,-0.055783020019531254
-0.02904474639892578,-0.05901762390136719,-0.055863941192626956
-0.028959590911865236,-0.05899154281616211,-0.05579151153564453
-0.028990694046020508,-0.05894123077392578,-0.05569645690917969
-0.029062545776367188,-0.058956707000732425,-0.055783020019531254
-0.028959590911865236,-0.05899154281616211,-0.05579151153564453
-0.028774221420288088,-0.05883772659301758,-0.055412872314453125
-0.028863039016723633,-0.0587971305847168,-0.055373855590820316
-0.02886337661743164,-0.05885226058959961,-0.05546211242675781
-0.02877248764038086,-0.05889484405517578,-0.0555035400390625
-0.028774221420288088,-0.05883772659301758,-0.055412872314453125
-0.02886337661743164,-0.05885226058959961,-0.05546211242675781
-0.02793168830871582,-0.058868026733398436,-0.055065155029296875
-0.02802768325805664,-0.05882186508178711,-0.05503632736206055
-0.028010616302490236,-0.058865013122558596,-0.055105022430419925
-0.027946632385253908,-0.05890607833862305,-0.05514710235595703
-0.02793168830871582,-0.058868026733398436,-0.055065155029296875
-0.028010616302490236,-0.058865013122558596,-0.055105022430419925
-0.02869439697265625,-0.05901030731201172,-0.05566790771484375
-0.028598373413085937,-0.059044860839843755,-0.055693275451660154
-0.02860824775695801,-0.05897710800170899,-0.05558716201782227
-0.028722528457641602,-0.05895414352416992,-0.05558417129516602
-0.02869439697265625,-0.05901030731201172,-0.05566790771484375
-0.02860824775695801,-0.05897710800170899,-0.05558716201782227
-0.028775053024291994,-0.05902508544921875,-0.05573736953735352
-0.028683334350585937,-0.059063697814941404,-0.055762710571289065
-0.02869439697265625,-0.05901030731201172,-0.05566790771484375
-0.02877720069885254,-0.058983604431152345,-0.05565511703491211
-0.028775053024291994,-0.05902508544921875,-0.05573736953735352
-0.02869439697265625,-0.05901030731201172,-0.05566790771484375
-0.02886337661743164,-0.05885226058959961,-0.05546211242675781
-0.028954904556274415,-0.05881486129760742,-0.05543053436279297
-0.02894810676574707,-0.05886960220336914,-0.055520469665527344
-0.028865644454956055,-0.058896690368652346,-0.0555364990234375
-0.02886337661743164,-0.05885226058959961,-0.05546211242675781
-0.02894810676574707,-0.05886960220336914,-0.055520469665527344
-0.027821552276611327,-0.05916964340209961,-0.05554420471191406
-0.027770780563354493,-0.0592216911315918,-0.0556131591796875
-0.027739145278930663,-0.059191368103027345,-0.055547622680664065
-0.027763029098510743,-0.05914604187011719,-0.05547794342041016
-0.027821552276611327,-0.05916964340209961,-0.05554420471191406
-0.027739145278930663,-0.059191368103027345,-0.055547622680664065
-0.028775053024291994,-0.05902508544921875,-0.05573736953735352
-0.028871978759765625,-0.058978328704833986,-0.055698135375976565
-0.028858036041259767,-0.059031314849853515,-0.055810924530029296
-0.028959590911865236,-0.05899154281616211,-0.05579151153564453
-0.028858036041259767,-0.059031314849853515,-0.055810924530029296
-0.028871978759765625,-0.058978328704833986,-0.055698135375976565
-0.028990694046020508,-0.05894123077392578,-0.05569645690917969
-0.028959590911865236,-0.05899154281616211,-0.05579151153564453
-0.028871978759765625,-0.058978328704833986,-0.055698135375976565
-0.028501567840576173,-0.05877135467529297,-0.055157798767089844
-0.028613101959228514,-0.05869984436035156,-0.05508590698242188
-0.02863320541381836,-0.05874753189086914,-0.055191596984863284
-0.028681398391723633,-0.05883232879638672,-0.055373706817626954
-0.028616004943847657,-0.05887961959838867,-0.05543161773681641
-0.02857850456237793,-0.05884486770629883,-0.055350723266601565
-0.02865851974487305,-0.05879069519042969,-0.055287166595458986
-0.028681398391723633,-0.05883232879638672,-0.055373706817626954
-0.02857850456237793,-0.05884486770629883,-0.055350723266601565
-0.028545583724975586,-0.05880698776245117,-0.055259780883789064
-0.02843388557434082,-0.05883440017700196,-0.05524374008178711
-0.028501567840576173,-0.05877135467529297,-0.055157798767089844
-0.02863320541381836,-0.05874753189086914,-0.055191596984863284
-0.028545583724975586,-0.05880698776245117,-0.055259780883789064
-0.028501567840576173,-0.05877135467529297,-0.055157798767089844
-0.028576677322387695,-0.05892590713500977,-0.05549770355224609
-0.028664632797241213,-0.058915256500244144,-0.05550580215454102
-0.02860824775695801,-0.05897710800170899,-0.05558716201782227
-0.028498626708984377,-0.058964820861816404,-0.05553612518310547
-0.028576677322387695,-0.05892590713500977,-0.05549770355224609
-0.02860824775695801,-0.05897710800170899,-0.05558716201782227
-0.02866426086425781,-0.05926787567138672,-0.05612595367431641
-0.02866007995605469,-0.05922504806518555,-0.05603143692016602
-0.02874577522277832,-0.05922003936767578,-0.05607823181152344
-0.028747642517089844,-0.059243247985839846,-0.05618193817138672
-0.02866426086425781,-0.05926787567138672,-0.05612595367431641
-0.02874577522277832,-0.05922003936767578,-0.05607823181152344
-0.027777416229248047,-0.05941266250610352,-0.056038364410400394
-0.027706741333007812,-0.059397922515869145,-0.05594753646850586
-0.027830438613891603,-0.05936815261840821,-0.055977447509765625
-0.02919729232788086,-0.058885032653808594,-0.055714717864990236
-0.029148965835571288,-0.05886132049560547,-0.055624317169189454
-0.02925448036193848,-0.058834136962890624,-0.055637184143066405
-0.027876850128173827,-0.059397769927978517,-0.05605304336547852
-0.027830438613891603,-0.05936815261840821,-0.055977447509765625
-0.027956085205078127,-0.05935614013671875,-0.05601355743408203
-0.0277782039642334,-0.05934394073486328,-0.05588243865966797
-0.027892278671264648,-0.059320938110351565,-0.05591524124145508
-0.027830438613891603,-0.05936815261840821,-0.055977447509765625
-0.027706741333007812,-0.059397922515869145,-0.05594753646850586
-0.0277782039642334,-0.05934394073486328,-0.05588243865966797
-0.027830438613891603,-0.05936815261840821,-0.055977447509765625
-0.028003122329711916,-0.059298507690429686,-0.05592602920532227
-0.027942380905151366,-0.05927781295776367,-0.05585567474365234
-0.028032480239868166,-0.059246997833251956,-0.05583672332763672
-0.028125682830810548,-0.059265632629394535,-0.05591883087158203
-0.028003122329711916,-0.059298507690429686,-0.05592602920532227
-0.028032480239868166,-0.059246997833251956,-0.05583672332763672
-0.028370691299438477,-0.059244468688964845,-0.05595680236816406
-0.02829085350036621,-0.05930035400390625,-0.056028968811035154
-0.0282460994720459,-0.05926412582397461,-0.05594015884399414
-0.0282956485748291,-0.05921048736572266,-0.055868927001953124
-0.028370691299438477,-0.059244468688964845,-0.05595680236816406
-0.0282460994720459,-0.05926412582397461,-0.05594015884399414
-0.02866007995605469,-0.05922504806518555,-0.05603143692016602
-0.028573780059814452,-0.05920532989501953,-0.055986026763916015
-0.028660903930664065,-0.05916377639770508,-0.05595296096801758
-0.028729915618896484,-0.05918555068969727,-0.05599729919433594
-0.02866007995605469,-0.05922504806518555,-0.05603143692016602
-0.028660903930664065,-0.05916377639770508,-0.05595296096801758
-0.027892278671264648,-0.059320938110351565,-0.05591524124145508
-0.028003122329711916,-0.059298507690429686,-0.05592602920532227
-0.027956085205078127,-0.05935614013671875,-0.05601355743408203
-0.027830438613891603,-0.05936815261840821,-0.055977447509765625
-0.027892278671264648,-0.059320938110351565,-0.05591524124145508
-0.027956085205078127,-0.05935614013671875,-0.05601355743408203
-0.02857850456237793,-0.05884486770629883,-0.055350723266601565
-0.028616004943847657,-0.05887961959838867,-0.05543161773681641
-0.028502655029296876,-0.058906185150146485,-0.05542964935302735
-0.028470775604248048,-0.058863349914550785,-0.05532906723022461
-0.02857850456237793,-0.05884486770629883,-0.055350723266601565
-0.028502655029296876,-0.058906185150146485,-0.05542964935302735
-0.028144927978515626,-0.05936155700683594,-0.05606894302368164
-0.028059776306152345,-0.05938933944702149,-0.05608606719970703
-0.02807933807373047,-0.05933062744140625,-0.056004680633544926
-0.028187498092651368,-0.059316612243652346,-0.05600716018676758
-0.028144927978515626,-0.05936155700683594,-0.05606894302368164
-0.02807933807373047,-0.05933062744140625,-0.056004680633544926
-0.02914491271972656,-0.05897767639160156,-0.05584671401977539
-0.02904474639892578,-0.05901762390136719,-0.055863941192626956
-0.029062545776367188,-0.058956707000732425,-0.055783020019531254
-0.02914824104309082,-0.05893275833129883,-0.055770503997802735
-0.02914491271972656,-0.05897767639160156,-0.05584671401977539
-0.029062545776367188,-0.058956707000732425,-0.055783020019531254
-0.028681398391723633,-0.05883232879638672,-0.055373706817626954
-0.02876423454284668,-0.058786811828613283,-0.055325538635253906
-0.028774221420288088,-0.05883772659301758,-0.055412872314453125
-0.02870071029663086,-0.0588687744140625,-0.05544488525390625
-0.028681398391723633,-0.05883232879638672,-0.055373706817626954
-0.028774221420288088,-0.05883772659301758,-0.055412872314453125
-0.02768380928039551,-0.059125106811523435,-0.05540773391723633
-0.027668451309204103,-0.05918730545043945,-0.05550951385498047
-0.027578474044799805,-0.05918777847290039,-0.05546847152709961
-0.02759734344482422,-0.059136592864990234,-0.05538162231445313
-0.02768380928039551,-0.059125106811523435,-0.05540773391723633
-0.027578474044799805,-0.05918777847290039,-0.05546847152709961
-0.028143238067626954,-0.059121273040771485,-0.055647613525390625
-0.028126441955566406,-0.05907455444335938,-0.05555078125
-0.02822491455078125,-0.05906634902954102,-0.055589378356933596
-0.028240652084350587,-0.05910562515258789,-0.05567852401733399
-0.028143238067626954,-0.059121273040771485,-0.055647613525390625
-0.02822491455078125,-0.05906634902954102,-0.055589378356933596
-0.02919816017150879,-0.05881146240234375,-0.055544281005859376
-0.02925448036193848,-0.058834136962890624,-0.055637184143066405
-0.029148965835571288,-0.05886132049560547,-0.055624317169189454
-0.029112146377563475,-0.05883890151977539,-0.055546882629394535
-0.02919816017150879,-0.05881146240234375,-0.055544281005859376
-0.029148965835571288,-0.05886132049560547,-0.055624317169189454
-0.028326538085937502,-0.05910470581054687,-0.05571556091308594
-0.02825788688659668,-0.059137763977050783,-0.05574730682373047
-0.028240652084350587,-0.05910562515258789,-0.05567852401733399
-0.028319734573364258,-0.059059654235839844,-0.055630481719970704
-0.028326538085937502,-0.05910470581054687,-0.05571556091308594
-0.028240652084350587,-0.05910562515258789,-0.05567852401733399
