# https://github.com/mikedh/trimesh
v -1.10200262 -0.32744429 0.50764716
v -1.07821965 -0.35325330 0.51494783
v -1.07801294 -0.30608213 0.53851974
v -1.05345368 -0.38299185 0.51073694
v -1.06503713 -0.38019425 0.48102629
v -1.05729103 -0.33931944 0.54301870
v -1.11169660 -0.34683231 0.46611077
v -1.08833146 -0.36527348 0.47527134
v -1.05122256 -0.39022273 0.45724684
v -1.07518494 -0.37575185 0.43794614
v -1.13483047 -0.32305872 0.45792955
v -1.12029910 -0.29945880 0.49958879
v -0.89037657 -0.09412128 0.60631692
v -0.90583122 -0.06902391 0.59430176
v -0.92919970 -0.10878500 0.62678486
v -0.92265344 -0.04819022 0.57498091
v -0.95848608 -0.06077988 0.59858227
v -0.87291098 -0.05742103 0.56358194
v -0.85667193 -0.08208786 0.57564300
v -0.91386187 -0.13534379 0.63726646
v -0.94381213 -0.08292790 0.61725414
v -0.96733034 -0.12648654 0.62290263
v -0.95207882 -0.15224531 0.63227749
v 0.43202135 -0.79817605 -0.30530447
v 0.44136009 -0.77511775 -0.33303350
v 0.48712304 -0.81077039 -0.30062512
v 0.50797176 -0.76093566 -0.34847373
v 0.49751839 -0.78745329 -0.32608962
v 0.45229241 -0.74525785 -0.35545516
v 0.39091423 -0.73443717 -0.31508487
v 0.40064201 -0.70429730 -0.33639365
v 0.64713287 -0.59133142 -0.34557492
v 0.66574681 -0.63550234 -0.33336449
v 0.62792909 -0.60906148 -0.36274344
v 0.66426396 -0.57675219 -0.32544267
v 0.68308640 -0.62106615 -0.31359935
v 0.67769408 -0.67458797 -0.31989259
v 0.69656682 -0.65928555 -0.29980215
v 0.62133229 -0.54167014 -0.35583645
v 0.60079122 -0.56069279 -0.37128597
v 0.58104908 -0.58032477 -0.38325739
v 0.64373899 -0.65120518 -0.35097098
v 0.60492158 -0.62760007 -0.37633932
v 0.61785889 -0.70202249 -0.35257971
v 0.61538517 -0.66716975 -0.36524731
v 0.65185905 -0.68919140 -0.33760345
v 0.55535531 -0.51035929 -0.35607141
v 0.53519082 -0.53010535 -0.36959153
v 0.57482255 -0.49186486 -0.33918685
v 0.63850021 -0.52513790 -0.33319324
v -1.15173531 -0.10854572 0.44522631
v -1.13876498 -0.08402218 0.46700537
v -1.13230741 -0.08979400 0.40953714
v -1.16057873 -0.13875037 0.46713555
v -1.14069772 -0.11663425 0.49260902
v -1.13278377 -0.15108207 0.50437737
v -1.10756826 -0.13346907 0.52673119
v -1.11629248 -0.06429885 0.48698020
v -1.11546433 -0.09907520 0.51223677
v -0.85992372 -0.15028653 0.61313671
v -0.87610555 -0.12166893 0.61318570
v -0.89529026 -0.16346094 0.63786203
v -0.84215009 -0.10917562 0.58248907
v 0.46523944 -0.84889525 -0.24642681
v 0.45977721 -0.86219072 -0.21597710
v 0.41220108 -0.83537436 -0.24392107
v 0.45404324 -0.87075615 -0.18896520
v 0.40864262 -0.84700274 -0.21153253
v 0.36908349 -0.80022699 -0.22895034
v 0.50415599 -0.86416531 -0.20209058
v 0.51349914 -0.85038918 -0.23121250
v 0.47634992 -0.83218169 -0.27343822
v 0.42161009 -0.81910038 -0.27656907
v 0.52464700 -0.83330894 -0.25939316
v 0.37391326 -0.78266782 -0.26110578
v -1.16664016 -0.15833640 0.42802632
v -1.15756178 -0.17095789 0.47700846
v -1.15276277 -0.15282708 0.38660055
v -1.15948498 -0.19000039 0.38531625
v -1.15534651 -0.12809354 0.42196780
v -1.14298785 -0.11923417 0.39434958
v -0.97249544 -0.04261738 0.57834172
v -0.98081577 -0.02589117 0.55629641
v -1.00712121 -0.05367544 0.58025914
v -0.99480760 -0.07825321 0.59597462
v -1.03774190 -0.02995311 0.54014933
v -1.03722596 -0.06314243 0.56639093
v -1.00986099 -0.02706176 0.55192196
v -1.02701998 -0.09226136 0.58292437
v -0.98632121 -0.01090297 0.51623154
v -0.94059944 -0.03103018 0.55337155
v -0.98128533 -0.10167938 0.61117017
v -0.92804086 -0.35995543 0.59652299
v -0.90385842 -0.32936481 0.60816628
v -0.95580733 -0.32400483 0.60862231
v -0.97575843 -0.28431433 0.61159986
v -1.00463665 -0.30511084 0.59104443
v -0.98314285 -0.34592944 0.58801067
v -0.92654550 -0.29658186 0.62375695
v -0.89089286 -0.27237406 0.62899721
v -0.94331789 -0.26201794 0.62867826
v -0.88878632 -0.29469091 0.61952722
v -1.09895003 -0.16558877 0.53680927
v -1.07188845 -0.14880213 0.55852586
v -1.09108627 -0.08426972 0.53192836
v -1.08197486 -0.11817473 0.54684466
v -1.04441762 -0.13342431 0.57872331
v -1.05571997 -0.10470051 0.56583631
v -0.86666930 -0.22646856 0.62539411
v -0.87960207 -0.19431275 0.63243175
v -0.90352631 -0.24126765 0.63867271
v -0.95809126 -0.22821364 0.62885392
v -0.99190629 -0.24820897 0.61065054
v -0.91887128 -0.20962238 0.63978112
v -1.02224982 -0.26785982 0.58927941
v -1.00653744 -0.21622008 0.60617936
v -1.03707170 -0.23505792 0.58419830
v -1.09454298 -0.27575329 0.53153431
v -1.13593221 -0.27003285 0.49213326
v -1.10797930 -0.24625349 0.52441931
v -1.06628859 -0.25454640 0.55951267
v -1.07911742 -0.22488758 0.55225378
v -1.05083537 -0.28663406 0.56546783
v -1.15532458 -0.29385248 0.45013863
v -1.16829658 -0.25886831 0.44386482
v -1.12331223 -0.33142123 0.41052061
v -1.14225554 -0.30092630 0.40069234
v -1.15581167 -0.26635808 0.39270228
v -1.15393901 -0.20496970 0.48130232
v -1.17261958 -0.22259015 0.43706280
v -1.14694190 -0.23805770 0.48645329
v -1.11834741 -0.21607217 0.51804370
v -1.17356253 -0.18872851 0.43228894
v -1.03173923 -0.32323614 0.56819165
v -1.09964097 -0.35620898 0.42226845
v -1.00942564 -0.36479193 0.56501758
v -1.03343296 -0.38016969 0.53874314
v -1.06508005 -0.07218647 0.54977185
v -1.01573813 -0.00980912 0.50179833
v -1.01460457 -0.11834008 0.59678006
v -1.03266478 -0.16041836 0.58992445
v -0.93557596 -0.17992470 0.63776708
v -0.97300184 -0.19774619 0.62486422
v -1.09109318 -0.04923800 0.50599653
v -1.07122850 -0.02599698 0.46693051
v -1.09629166 -0.04206823 0.44788843
v -1.11704314 -0.06376351 0.42834407
v -1.04463983 -0.01473528 0.48546243
v -1.06611955 -0.03567934 0.52473390
v -1.12617481 -0.18456540 0.51183414
v -1.00157988 -0.14371526 0.60856873
v -0.95497465 -0.38301271 0.57453400
v -0.90052497 -0.37413323 0.56803578
v -0.98198926 -0.39965069 0.54719913
v -0.92452753 -0.39461720 0.54363292
v -0.98755717 -0.16981381 0.61809707
v -1.02008331 -0.18745327 0.59920418
v -1.05004776 -0.20555291 0.57689101
v -1.06144154 -0.17740965 0.56846613
v -1.08972788 -0.19571126 0.54485607
v 0.55891156 -0.76457089 -0.33419222
v 0.54838133 -0.79011631 -0.31179488
v 0.53649497 -0.81299639 -0.28651956
v 0.46263328 -0.71239454 -0.37307525
v 0.52101862 -0.85930037 -0.03348527
v 0.49452320 -0.87078130 -0.05894691
v 0.55273032 -0.86474407 -0.06735812
v 0.48137972 -0.82689494 -0.00943924
v 0.45583031 -0.83668947 -0.03654918
v 0.57827401 -0.85052580 -0.04618776
v 0.50068414 -0.87930572 -0.11626441
v 0.52583373 -0.87460637 -0.09088759
v 0.46940544 -0.87490678 -0.08754481
v 0.55251372 -0.86702275 -0.12351090
v 0.57897866 -0.85703933 -0.10051282
v 0.47774091 -0.88090086 -0.14179699
v 0.44720396 -0.87362540 -0.11688615
v 0.43159500 -0.84218472 -0.06545851
v 0.40979674 -0.84177202 -0.09618931
v 0.58309901 -0.80927765 -0.26972193
v 0.56840336 -0.73662841 -0.35296100
v 0.51840746 -0.73223734 -0.36702925
v 0.57471573 -0.70639634 -0.36787838
v 0.52506101 -0.70009255 -0.38114274
v 0.47036824 -0.67497754 -0.38209575
v 0.53233552 -0.66998506 -0.39284253
v 0.41020271 -0.67144114 -0.35333067
v 0.67537904 -0.49378628 -0.25429535
v 0.69504488 -0.54037625 -0.25920218
v 0.66697955 -0.50023884 -0.28325802
v 0.63585305 -0.44981039 -0.23817308
v 0.68314123 -0.49565631 -0.22424230
v 0.68840849 -0.55165225 -0.28130537
v 0.65299845 -0.51114041 -0.30848700
v 0.62328863 -0.45350540 -0.26718697
v 0.70921278 -0.57567638 -0.24775112
v 0.70489490 -0.59283084 -0.27008390
v 0.69605398 -0.60719043 -0.29225761
v 0.69871032 -0.52959162 -0.23743692
v 0.70741308 -0.54849881 -0.22623590
v 0.69742787 -0.51179200 -0.20369406
v 0.71684289 -0.56785750 -0.20579863
v 0.70923555 -0.54502457 -0.15640834
v 0.72210157 -0.58730692 -0.18457426
v 0.70820975 -0.52826834 -0.18062203
v 0.72626352 -0.62180895 -0.21142396
v 0.71991956 -0.59972072 -0.23028265
v 0.71782148 -0.62431145 -0.25469995
v 0.72529972 -0.65034682 -0.23704393
v 0.71042955 -0.56448776 -0.13271277
v 0.72808611 -0.64351690 -0.19086480
v 0.62320101 -0.80706155 -0.01711632
v 0.59676719 -0.80298358 0.01783527
v 0.60257185 -0.83179373 -0.02917693
v 0.62729013 -0.82224876 -0.06383550
v 0.60425711 -0.84206939 -0.08010129
v 0.64635789 -0.79756451 -0.04943020
v 0.66002095 -0.76850790 -0.03523562
v 0.63882506 -0.77862221 -0.00710298
v 0.61380684 -0.77175587 0.02249081
v 0.65121150 -0.80750251 -0.09720173
v 0.62881744 -0.82807600 -0.11482328
v 0.57438731 -0.82903367 0.00812688
v 0.54783869 -0.84621322 -0.01018786
v 0.53254032 -0.79304087 0.03146609
v 0.50739229 -0.81276846 0.01391097
v 0.57493567 -0.73521298 0.04832630
v 0.55507255 -0.76697904 0.04300229
v 0.55601466 -0.84653860 -0.21160859
v 0.56977463 -0.82940310 -0.24162541
v 0.52460897 -0.87244165 -0.14795090
v 0.49453279 -0.87477624 -0.17153850
v 0.54172087 -0.86110866 -0.18021815
v 0.57417476 -0.85436881 -0.15684393
v 0.59289980 -0.83887511 -0.19000082
v 0.67770720 -0.56331342 -0.30336833
v 0.60887027 -0.46234423 -0.29410136
v 0.57450128 -0.63902068 -0.38728791
v 0.55805361 -0.59462774 -0.39003766
v 0.57785249 -0.67441618 -0.37903142
v 0.45394966 -0.87714911 -0.15935713
v 0.42921159 -0.86852205 -0.14605047
v 0.67546070 -0.68106908 -0.00214255
v 0.65375447 -0.70653361 0.01780964
v 0.68184698 -0.71714258 -0.03629950
v 0.67867327 -0.75098157 -0.06121513
v 0.66525221 -0.73529607 -0.01495180
v 0.62939572 -0.73671585 0.02497025
v 0.64752519 -0.75350326 0.00207600
v 0.61530375 -0.66694629 0.03940875
v 0.69006371 -0.65534377 -0.02694315
v 0.69682193 -0.69546705 -0.06138039
v 0.63495100 -0.63662189 0.02180775
v 0.65060663 -0.60847437 -0.00020964
v 0.69547534 -0.73077935 -0.08847909
v 0.70971549 -0.70941800 -0.11639559
v 0.53585327 -0.63916779 -0.39903003
v 0.53089643 -0.60288876 -0.39310360
v 0.49674746 -0.57448035 -0.38409632
v 0.48678550 -0.60638088 -0.38845891
v 0.51353776 -0.54944301 -0.37794375
v 0.59284246 -0.47517371 -0.31870669
v 0.38148233 -0.76066571 -0.28992391
v 0.41504535 -0.85881400 -0.17915423
v 0.39083174 -0.83790666 -0.12781884
v 0.72302222 -0.62911576 -0.13924998
v 0.72370386 -0.60765135 -0.16270608
v 0.71246862 -0.58614057 -0.10769096
v 0.67358482 -0.53702527 -0.07930066
v 0.72657955 -0.66559029 -0.16817576
v 0.67169285 -0.49821985 -0.13107020
v 0.66786504 -0.48221874 -0.15709725
v 0.64807236 -0.45426154 -0.20840970
v 0.65956247 -0.46687895 -0.18233539
v 0.60975671 -0.82100952 -0.22175252
v 0.37653193 -0.82900429 -0.16119257
v 0.36914238 -0.81575263 -0.19525218
v 0.61424673 -0.73323381 -0.33743411
v 0.65275276 -0.72248894 -0.32151353
v 0.68249023 -0.70850527 -0.30366063
v 0.64767969 -0.75184804 -0.30190736
v 0.68059003 -0.73815286 -0.28377467
v 0.70388973 -0.69219214 -0.28348923
v 0.47912815 -0.64055192 -0.38864285
v 0.66806173 -0.78155458 -0.08020747
v 0.67298818 -0.78904366 -0.12978667
v 0.72741830 -0.67433465 -0.21710831
v 0.71992028 -0.69990742 -0.24141747
v 0.71007514 -0.64330816 -0.27809775
v 0.71808815 -0.67338353 -0.26123655
v 0.70457828 -0.72095716 -0.26364446
v 0.71598005 -0.72442871 -0.21816415
v 0.72482038 -0.69744754 -0.19439459
v 0.69876802 -0.74661291 -0.23982006
v 0.70873857 -0.67306048 -0.08792146
v 0.69998825 -0.63086444 -0.05410806
v 0.66164374 -0.58249301 -0.02593500
v 0.71016324 -0.60803849 -0.08027394
v 0.71758199 -0.65030134 -0.11386699
v 0.60638213 -0.76120448 -0.31856114
v 0.59585309 -0.78664297 -0.29572070
v 0.60288119 -0.84361041 -0.13455166
v 0.65160251 -0.81069040 -0.14867297
v 0.62455130 -0.82708818 -0.16857868
v 0.64374018 -0.80836213 -0.20146357
v 0.68732965 -0.76984787 -0.21223783
v 0.67125964 -0.79119653 -0.18155676
v 0.66008043 -0.78752452 -0.23223917
v 0.68778789 -0.76233685 -0.11043318
v 0.70428085 -0.74153799 -0.14029312
v 0.69156504 -0.76887554 -0.16148800
v 0.72018945 -0.68743062 -0.14322555
v 0.62493932 -0.80065030 -0.25143373
v 0.70624399 -0.74729562 -0.19125576
v 0.71685433 -0.71977645 -0.16861844
v 0.67273009 -0.76427817 -0.25990510
v 0.63804352 -0.77773428 -0.27848434
v -1.02875876 -0.40000641 0.48333400
v 0.41893509 -0.63556242 -0.36408019
v -1.00629830 -0.40453738 0.51421595
v -0.95075810 -0.40713197 0.51529860
v -1.16079831 -0.22838199 0.38743043
v 0.67323780 -0.51646519 -0.10530733
v -0.61095762 0.09087059 -0.22037828
v -0.63652062 0.10380200 -0.19486289
v -0.63736516 0.11010480 -0.24594349
v -0.61070704 0.07977969 -0.17257485
v -0.60611993 0.10005257 -0.27306879
v -0.62869859 0.12016479 -0.30156100
v -0.68894750 0.14246532 -0.23967588
v -0.66332352 0.12734631 -0.27245605
v -0.66282022 0.12421176 -0.21679744
v -0.70865512 0.15937962 -0.20702699
v -0.68356514 0.13991097 -0.18807116
v -0.24157433 0.70187682 -0.33955801
v -0.24697794 0.73826337 -0.33441973
v -0.22347745 0.70227790 -0.31149352
v -0.23634443 0.77381253 -0.29928404
v -0.22968724 0.73794061 -0.30576348
v -0.25268179 0.77483493 -0.32844543
v -0.26325440 0.73964107 -0.36448061
v -0.26851293 0.77667874 -0.35859030
v -0.21727836 0.66713327 -0.31656498
v -0.21199144 0.73824942 -0.27701324
v -0.20488596 0.70381296 -0.28351659
v -0.78830993 0.42761362 0.12803090
v -0.79850030 0.40583205 0.09547257
v -0.77163076 0.40159178 0.14178209
v -0.77500129 0.45047387 0.16015747
v -0.80801558 0.45729193 0.11426419
v -0.75618947 0.42345619 0.17367545
v -0.78385484 0.38027611 0.10906717
v -0.75786781 0.38001442 0.15590130
v -0.80642295 0.38470206 0.06253626
v -0.35109186 0.99039036 -0.00832349
v -0.37984341 0.98354214 0.01758334
v -0.33644757 0.97073680 0.02102996
v -0.36440939 0.96411687 0.04688494
v -0.32091403 0.94987690 0.04806758
v -0.37632394 0.93653190 0.09961553
v -0.34786308 0.94417357 0.07422353
v -0.39331040 0.95575052 0.07199673
v -0.30614808 0.92447954 0.06959998
v -0.40920162 0.97450072 0.04265828
v 0.35478505 0.35904276 -0.39579576
v 0.32548133 0.40614253 -0.41658467
v 0.38586017 0.38267124 -0.38913828
v 0.41352704 0.33542067 -0.35132593
v 0.38260874 0.31201884 -0.35798001
v 0.32536611 0.33668989 -0.40228504
v 0.37555328 0.25122184 -0.31315219
v 0.35372058 0.28951073 -0.36556250
v 0.40365145 0.27248305 -0.30430645
v 0.43364194 0.29460567 -0.29675674
v 0.39009151 0.45253402 -0.40426487
v 0.41890731 0.40730235 -0.38335216
v 0.35681137 0.42868119 -0.41035819
v 0.05210939 -0.14456892 -0.23827037
v 0.08390218 -0.11558571 -0.22884104
v 0.10745385 -0.17640424 -0.23668210
v 0.17522007 -0.18358293 -0.23027708
v 0.15082946 -0.20661938 -0.24034493
v 0.13435695 -0.15372032 -0.22704838
v 0.03217939 -0.09300919 -0.23925035
v 0.06679600 -0.07741967 -0.22876424
v 0.13369849 -0.10882422 -0.21166281
v 0.10966721 -0.07846855 -0.21184726
v -0.79296589 0.03207203 0.45263618
v -0.81932926 0.05672605 0.43506354
v -0.81423986 0.01205310 0.47177219
v -0.77109146 0.05387790 0.43577522
v -0.80095327 0.08083899 0.41756064
v -0.83155799 0.10084739 0.39448166
v -0.74391162 0.02227645 0.44750810
v -0.79276717 -0.01458406 0.48487127
v -0.76882398 0.00272229 0.46511388
v -0.31053415 0.31420612 0.30055630
v -0.34268475 0.29086259 0.30931854
v -0.28922677 0.27931678 0.29745787
v -0.25895786 0.30556047 0.28242075
v -0.23770595 0.27140683 0.27929986
v -0.35298559 0.23094927 0.31502688
v -0.32043931 0.25387982 0.30793566
v -0.37571871 0.27030468 0.31445575
v -0.26718089 0.24318841 0.29579842
v -0.54023415 -0.23344970 0.33111465
v -0.50668836 -0.22587058 0.31539649
v -0.53008950 -0.20825684 0.34329039
v -0.57532102 -0.24134538 0.34762758
v -0.56607842 -0.21520942 0.35973674
v -0.48672581 -0.17345589 0.33637071
v -0.52211380 -0.18049046 0.35272789
v -0.49585110 -0.20097291 0.32705015
v -0.47950518 -0.14227989 0.34464830
v -0.51707488 -0.14920992 0.36005068
v -0.55573642 -0.15675887 0.37736225
v -0.55961573 -0.18732330 0.36941868
v -0.46376020 -0.19376117 0.31203020
v -0.47531432 -0.21844998 0.30042601
v 0.29834089 -0.73660976 -0.16327254
v 0.30672768 -0.74891680 -0.13059866
v 0.26456171 -0.69622880 -0.14737442
v 0.25987944 -0.68056458 -0.17783467
v 0.29510161 -0.71976364 -0.19449221
v 0.33299080 -0.77718276 -0.17930253
v 0.22619832 -0.64320803 -0.16170642
v -0.69330478 0.27195555 -0.55519879
v -0.75742018 0.27159151 -0.53709972
v -0.70803255 0.30693358 -0.59609282
v -0.84185100 0.31106457 -0.55753493
v -0.77735806 0.30651623 -0.57985193
v -0.81699860 0.27650470 -0.51243979
v -0.79775679 0.34645379 -0.62436551
v -0.72283673 0.34711021 -0.63771802
v -0.64085877 0.31015688 -0.60965550
v -0.73682868 0.39187688 -0.67898512
v -0.29668689 -0.29549357 -0.00677549
v -0.32489535 -0.28913867 0.00373651
v -0.30961040 -0.28273404 -0.03560343
v -0.28020498 -0.28910077 -0.04601244
v -0.28217667 -0.30072999 0.02187993
v -0.30964178 -0.29476446 0.03173921
v -0.25442600 -0.30758035 0.01243927
v -0.26813957 -0.30210057 -0.01652808
v -0.26637673 -0.30014580 0.04903781
v -0.29333079 -0.29376924 0.05867381
v -0.23922992 -0.30963165 -0.02634867
v -0.59565616 0.94155669 -0.76482195
v -0.53381705 0.90523696 -0.72780168
v -0.59117621 0.87867117 -0.77787822
v -0.54215699 0.96399689 -0.70966065
v -0.51906013 0.79660779 -0.75119889
v -0.58761847 0.82045114 -0.78663683
v -0.52596533 0.84884393 -0.74127132
v -0.66095173 0.97819316 -0.79406041
v -0.66063547 0.90890652 -0.80729371
v -0.45842993 0.77422559 -0.71046400
v -0.46767998 0.82106578 -0.70002168
v -0.93362176 0.59369171 -0.79967713
v -0.92983758 0.64612150 -0.82072937
v -0.85097253 0.59366572 -0.80715781
v -0.84735024 0.64529157 -0.82514888
v -0.76188672 0.59255207 -0.80460036
v -0.84139001 0.69786173 -0.83803982
v -0.25340295 0.66608518 -0.37276125
v -0.25818142 0.70288301 -0.36934608
v -0.23617548 0.66565531 -0.34368670
v -0.50352800 0.94156575 0.11274262
v -0.53781074 0.92544895 0.13161744
v -0.48760939 0.92085171 0.14090230
v -0.47068357 0.95413530 0.09079838
v -0.51865762 0.96287215 0.08404168
v -0.52204108 0.90341592 0.15897611
v -0.47061199 0.89979905 0.16749448
v -0.43762505 0.91466230 0.14668879
v -0.45464188 0.93483776 0.11967562
v -0.54087484 0.86082786 0.19936492
v -0.50519478 0.88230586 0.18574303
v -0.55762625 0.88245046 0.17293470
v 0.13402337 0.05486887 -0.19009417
v 0.11206269 0.06113763 -0.23015460
v 0.13983175 0.07574641 -0.20680739
v 0.10895908 0.03576365 -0.21427211
v 0.07761213 0.04590067 -0.24689040
v 0.13280743 0.03091774 -0.17776580
v 0.11117226 0.00844626 -0.20233813
v 0.14796281 0.05386905 -0.14531246
v -0.07010928 0.52436978 -0.03285041
v -0.04740934 0.49908167 -0.03601766
v -0.05926329 0.53529513 -0.07068957
v -0.02264294 0.47440454 -0.03673993
v -0.03386511 0.51196110 -0.07323369
v -0.04030617 0.45791176 -0.00404418
v -0.02713317 0.52428818 -0.11141361
v -0.05526109 0.54442477 -0.10971582
v -0.08970271 0.55040681 -0.02847286
v -0.08081426 0.55966854 -0.06689925
v 0.00560614 0.50661027 -0.11068438
v -0.00671256 0.49098736 -0.07228892
v -0.48918012 0.60712659 0.33189029
v -0.45416453 0.63020718 0.31500065
v -0.50831342 0.64355135 0.32659566
v -0.54729521 0.61710036 0.33244097
v -0.52695161 0.67946965 0.31845367
v -0.56757963 0.65203363 0.32122982
v -0.58661282 0.58708829 0.32589948
v -0.60753638 0.62208939 0.31450099
v -0.58669847 0.68496984 0.30559570
v -0.48921359 0.70290059 0.30564088
v -0.47209543 0.66658080 0.31107259
v -0.38815325 0.21160632 0.32114112
v -0.33010018 0.18955866 0.31633067
v -0.30762774 0.14752947 0.31667435
v -0.27466649 0.17750503 0.30722117
v -0.36603290 0.16767491 0.32439762
v -0.40650433 0.15174755 0.33318013
v -0.34412721 0.12088127 0.32507682
v -0.42770156 0.19621257 0.32749826
v -0.34223926 -0.08005726 0.29912531
v -0.37272209 -0.08374494 0.31041843
v -0.35410815 -0.11694235 0.29055047
v -0.41199255 -0.12741023 0.31594014
v -0.38207227 -0.12103689 0.30260861
v -0.40492648 -0.09052256 0.32334256
v -0.36619055 -0.04125814 0.31910408
v -0.40162417 -0.04885451 0.33180290
v -0.32687908 -0.11592925 0.27966493
v -0.34108710 -0.14742115 0.27062249
v -0.39398408 -0.15355834 0.29448402
v -0.36723268 -0.14925605 0.28201586
v 0.24337125 -0.59069330 0.04995080
v 0.22278136 -0.59944397 0.02139337
v 0.27427104 -0.62570196 0.03691031
v 0.25371212 -0.63381839 0.00796430
v 0.30793896 -0.66432267 0.02307204
v 0.20482805 -0.60413051 -0.00911737
v 0.19445845 -0.56895143 0.03400221
v 0.29700449 -0.61319548 0.06279318
v 0.33062670 -0.65234452 0.04920238
v 0.35130087 0.49717373 0.03470508
v 0.32214275 0.53924847 -0.00266789
v 0.32282457 0.46629244 0.03494302
v 0.26697525 0.54621267 -0.05329792
v 0.29344448 0.50959063 -0.00483958
v 0.29596862 0.57332879 -0.05012112
v 0.26718196 0.48854557 -0.01108942
v 0.29696056 0.44438180 0.02961279
v 0.32893577 0.60754359 -0.05324961
v 0.30443600 0.62831110 -0.10412772
v 0.27275506 0.59877521 -0.10368944
v 0.35614875 0.57568711 -0.00969248
v 0.47133836 -0.50294220 0.11100543
v 0.48880896 -0.47285110 0.09851068
v 0.44196674 -0.46806329 0.12724990
v 0.46022978 -0.43905818 0.11545859
v 0.47466078 -0.41219103 0.09750396
v 0.43374065 -0.40871650 0.13113722
v 0.41463253 -0.43686545 0.14265309
v 0.50293851 -0.44494730 0.08050019
v 0.45014700 -0.53369969 0.11491778
v 0.41985723 -0.49770480 0.13032605
v 0.48274234 -0.57329142 0.09856480
v 0.50326073 -0.54123408 0.09371296
v -0.46721113 0.23978086 -0.48889357
v -0.51158309 0.23392610 -0.49755943
v -0.47151846 0.26331186 -0.53068203
v -0.46107638 0.21604359 -0.45281655
v -0.50450683 0.21163642 -0.46038198
v -0.41855130 0.21869382 -0.44048476
v -0.42446339 0.24541634 -0.47264934
v -0.49626034 0.18826483 -0.42823589
v -0.42763394 0.27175760 -0.50966769
v -0.95570707 1.06176209 -0.75337273
v -0.90730572 1.06655240 -0.78995264
v -0.97767019 0.97803402 -0.78261435
v -0.89041090 1.14695942 -0.75374514
v -0.83928144 1.13924193 -0.78021562
v -0.85212064 1.05877137 -0.81194073
v -0.92566454 0.98145920 -0.81470394
v -0.91652691 1.20166528 -0.66120160
v -0.87448514 1.21353972 -0.70555413
v -0.93541360 1.13911676 -0.71244735
v -0.82716215 1.20859110 -0.73655254
v -0.13206457 0.67536724 -0.12523177
v -0.14046556 0.70444691 -0.11915967
v -0.13003424 0.67193842 -0.08694436
v -0.12299873 0.64707130 -0.13122037
v -0.12111051 0.64395165 -0.09218680
v -0.12397795 0.63843703 -0.05309148
v -0.13784122 0.70064396 -0.08166537
v -0.14451312 0.72992635 -0.07631460
v -0.14125878 0.69471949 -0.04389641
v -0.14796428 0.73414105 -0.11294377
v -0.13320556 0.66631573 -0.04847147
v -0.81264198 0.12738591 0.37638742
v -0.75069165 0.13304740 0.38313830
v -0.78619730 0.15380494 0.35620564
v -0.77941942 0.10684794 0.40091145
v -0.74630249 0.07796274 0.41979587
v -0.86177182 0.11307670 0.36697197
v -0.84598076 0.13953961 0.34699476
v 0.33104268 -0.76046866 -0.21173921
v 0.34133855 -0.78990352 -0.14561185
v 0.33338419 -0.74105197 -0.24236256
v 0.29544017 -0.69987833 -0.22379887
v -0.64967823 0.35048085 -0.64750433
v -0.44336551 0.16197458 -0.39588565
v -0.39974687 0.15989918 -0.38782203
v -0.43166405 0.13420233 -0.36911726
v -0.37383085 0.10445727 -0.33369941
v -0.41797054 0.10861330 -0.34015918
v -0.38767117 0.13177070 -0.36106032
v -0.34232217 0.12631273 -0.35204285
v -0.41011557 0.18966965 -0.41338676
v -0.35508811 0.15657037 -0.37691420
v -0.25809267 0.81190449 -0.32163942
v -0.26431012 0.84889662 -0.31307918
v -0.24266778 0.81036055 -0.29229289
v -0.27950901 0.85136366 -0.34231788
v -0.23610233 0.84394377 -0.25394034
v -0.22764154 0.80850798 -0.26268941
v -0.24991372 0.84678310 -0.28378350
v -0.24560623 0.87891966 -0.24324037
v -0.25857621 0.88259935 -0.27291581
v -0.27196148 0.88559318 -0.30204827
v -0.96045458 1.15875387 -0.48624855
v -0.93191743 1.20975482 -0.54791212
v -0.98326850 1.12750053 -0.54110515
v -0.97385633 1.11696458 -0.65882206
v -0.95291412 1.17304158 -0.60551900
v -1.00549471 1.08113956 -0.59455293
v -0.98300683 1.09262967 -0.42091691
v -0.93521452 1.17197537 -0.43001896
v -0.90938115 1.22529507 -0.48788941
v -1.00821173 1.06619596 -0.47227001
v -0.80522859 0.20062508 0.10107186
v -0.79042768 0.23881948 0.13543066
v -0.78873980 0.22567093 0.06967822
v -0.80867076 0.21404941 0.16696610
v -0.84807467 0.14273804 0.10562415
v -0.82973230 0.18234104 0.13071722
v -0.81592739 0.15527770 0.07268299
v -0.78508794 0.17467061 0.02954870
v -0.76375544 0.10748491 -0.01141973
v -0.77009928 0.06607400 -0.00369939
v -0.79399788 0.11379543 0.02410790
v -0.79821777 0.06397185 0.02008862
v -0.82645047 0.10858788 0.05604525
v -0.32332712 0.99289119 -0.03522477
v -0.30991518 0.97377717 -0.00592885
v -0.29770023 0.98708415 -0.06215563
v -0.28544095 0.97033209 -0.03348348
v -0.29632547 0.95254833 0.02094340
v 0.17090231 0.16953960 -0.33419937
v 0.13142267 0.21112470 -0.36648381
v 0.19176090 0.18647002 -0.35063285
v 0.15325686 0.23223495 -0.38276196
v 0.18121350 0.24830119 -0.39484924
v 0.10326472 0.28506216 -0.39823347
v 0.13868818 0.30304825 -0.41015577
v 0.08018503 0.25963277 -0.38323385
v 0.21793509 0.15755455 -0.30606413
v 0.11537769 0.18578875 -0.34784663
v 0.21613047 0.20231251 -0.36380368
v 0.26882210 0.29685053 -0.41108042
v 0.29697576 0.31598741 -0.40806371
v 0.29758826 0.25067797 -0.37674886
v 0.32574299 0.26884902 -0.37296146
v 0.32018366 0.21544366 -0.32836556
v 0.26933137 0.23458466 -0.37766814
v 0.29279366 0.20033015 -0.33061320
v 0.29527238 0.38563657 -0.42048788
v -0.27097329 0.48038876 0.26990712
v -0.30307037 0.45762193 0.28839779
v -0.25350291 0.45054066 0.26349568
v -0.31739721 0.40291548 0.29810202
v -0.28476200 0.42751253 0.28276712
v -0.33638987 0.43361026 0.30381912
v -0.29837745 0.37175816 0.29236364
v -0.26686352 0.39664632 0.27607143
v -0.32242933 0.48763946 0.29301810
v -0.35577881 0.46369401 0.30930674
v -0.38980919 0.43927228 0.32219118
v 0.17727119 -0.38790995 -0.26455942
v 0.20567858 -0.40891135 -0.27471751
v 0.16265854 -0.41567659 -0.25442207
v 0.19088730 -0.43693739 -0.26513335
v 0.15093565 -0.44270706 -0.23941000
v 0.22144696 -0.46052092 -0.27604502
v 0.17937416 -0.46449232 -0.25007576
v 0.16491055 -0.33952135 -0.26204944
v 0.19397536 -0.36027157 -0.27079839
v 0.14907336 -0.36785811 -0.25558308
v 0.13537091 -0.39577967 -0.24464616
v -0.32823053 0.78230238 0.19277647
v -0.30115834 0.79224217 0.16415207
v -0.34325051 0.81445104 0.18640196
v -0.29078037 0.83078241 0.12915191
v -0.31628636 0.82337028 0.15801242
v -0.27579245 0.80069470 0.13428745
v -0.26047122 0.77038014 0.13758503
v -0.28579375 0.76051062 0.16790695
v -0.31297159 0.74932593 0.19673847
v -0.35808748 0.84575808 0.17724833
v -0.30491751 0.86078095 0.12153558
v -0.33076423 0.85412747 0.14961343
v -0.65739417 -0.28375384 0.36518073
v -0.68976712 -0.29603902 0.38407600
v -0.67292297 -0.30472279 0.34278470
v -0.67856419 -0.27077466 0.40289330
v -0.62339348 -0.27274054 0.34685498
v -0.63872731 -0.29317206 0.32490289
v -0.65735734 -0.30884066 0.29888815
v -0.72531146 -0.33126900 0.33379477
v -0.69223440 -0.31912953 0.31599385
v -0.70553720 -0.31679305 0.36079472
v -0.73587203 -0.33030131 0.37955534
v -0.71978098 -0.30936691 0.40326899
v -0.12097030 0.33471072 0.16970636
v -0.14060690 0.36689264 0.17805803
v -0.14007652 0.31424910 0.19969596
v -0.10409878 0.35249323 0.13918445
v -0.12349934 0.38480586 0.14756930
v -0.18361211 0.32335716 0.23412420
v -0.16218282 0.29115915 0.22802274
v -0.16043600 0.34633416 0.20724042
v -0.09923942 0.30315608 0.16168429
v -0.11784815 0.28308502 0.19213101
v -0.13908270 0.26024932 0.22166707
v 0.35402766 -0.66168272 -0.31536114
v 0.36238828 -0.62939489 -0.33259052
v -0.38543186 0.27931616 -0.48035604
v -0.38640946 0.31217489 -0.50478244
v -0.42731595 0.30310369 -0.54308879
v -0.38545227 0.34687880 -0.52512962
v -0.47079405 0.32978281 -0.60378188
v -0.42507744 0.33964595 -0.56811273
v -0.47274184 0.29202431 -0.57245779
v -0.34249598 0.28256217 -0.44996959
v -0.38186619 0.24918610 -0.45208424
v -0.34630662 0.31644607 -0.46677661
v 0.23268750 0.14722466 -0.25576562
v 0.25645462 0.15828919 -0.26736346
v 0.24167925 0.17094645 -0.31910187
v 0.28114673 0.17065111 -0.27367628
v -0.20712410 0.33758885 -0.38665307
v -0.26379678 0.34596926 -0.40915602
v -0.21572863 0.37119225 -0.39368051
v -0.13410869 0.28707767 -0.36881846
v -0.19939843 0.30280656 -0.37875026
v -0.13969210 0.32358342 -0.37600905
v -0.14790808 0.35980162 -0.38118583
v -0.27018687 0.37843257 -0.41884595
v -0.31227061 0.38248253 -0.45515972
v -0.27645108 0.41020495 -0.42918998
v -0.30921546 0.34983844 -0.44237894
v -0.22760347 0.40444502 -0.40084606
v -0.54828012 0.33122125 0.30311245
v -0.58690608 0.32320571 0.29336399
v -0.52937412 0.30234703 0.30717331
v -0.51111495 0.26632318 0.31489545
v -0.46944693 0.27757230 0.31511867
v -0.51116478 0.33998862 0.31153256
v -0.49084982 0.31175756 0.31198007
v -0.56684029 0.35374767 0.30083561
v -0.60356545 0.34545034 0.28772253
v -0.45490974 0.32292280 0.31611866
v -0.43267441 0.29024792 0.31614113
v -0.20932585 -0.31862512 -0.03575540
v -0.22004505 -0.30616650 -0.06575515
v -0.19675770 -0.32494584 -0.00636120
v -0.22606179 -0.31582993 0.00291163
v -0.25061020 -0.29695845 -0.05615620
v -0.16649686 -0.33629790 -0.01560874
v -0.17823188 -0.32899997 -0.04493403
v -0.18257914 -0.32730052 0.02146523
v -0.21119429 -0.31648505 0.03036141
v -0.35065132 0.37871152 0.31064743
v -0.38505918 0.35650736 0.31757903
v -0.33106899 0.34741020 0.30516446
v -0.37014017 0.40915149 0.31624305
v -0.40477276 0.38622323 0.32351720
v -0.39861292 0.30617994 0.31546360
v -0.36437780 0.32514369 0.31237972
v -0.41990602 0.33768842 0.31867009
v -0.44000232 0.36669937 0.32308489
v -0.47533721 0.35137224 0.31858152
v 0.39158145 -0.46564615 0.14498682
v 0.42707482 -0.56357050 0.11219326
v 0.39586934 -0.52647871 0.12704019
v 0.36685780 -0.49353808 0.14153165
v 0.40303352 -0.59141541 0.10406120
v 0.37095866 -0.55330420 0.11848792
v 0.13354868 -0.10601333 0.22606348
v 0.10192025 -0.08589639 0.23185144
v 0.11497554 -0.13257843 0.24129285
v 0.14540964 -0.15249842 0.23403104
v 0.12419066 -0.17928681 0.24264295
v 0.16408142 -0.12596306 0.21881194
v 0.05094269 -0.09263459 0.25095117
v 0.08337513 -0.11273327 0.24667795
v 0.06942728 -0.06569639 0.23616458
v 0.03087759 -0.12012598 0.25753444
v 0.06293359 -0.13989788 0.25407284
v 0.09400356 -0.15954623 0.24907027
v -0.99287057 -0.13789719 0.18249540
v -0.98895800 -0.18547162 0.18682075
v -1.02675807 -0.14980945 0.21054913
v -0.98122847 -0.22954819 0.19585815
v -1.02369797 -0.19635668 0.21316339
v -0.96105814 -0.07664005 0.15423048
v -0.95860839 -0.12706774 0.15498766
v -0.99267840 -0.08865353 0.18385056
v -1.02384722 -0.10208203 0.21462189
v -1.05861318 -0.16165745 0.24035965
v -1.07874572 0.65967089 -0.26178795
v -1.10214174 0.63227725 -0.32475281
v -1.05756223 0.62095308 -0.22573434
v -1.09157217 0.70280045 -0.29604021
v -1.11750412 0.67297751 -0.36079097
v -1.11901402 0.60488087 -0.39226186
v -1.13609970 0.64321399 -0.42952031
v -1.12261832 0.71964765 -0.39325720
v -1.14301229 0.68586504 -0.46193856
v -1.06089699 0.73065072 -0.23750108
v -1.04991341 0.68525356 -0.20352481
v -1.03148091 0.64491850 -0.16998957
v -0.22312094 0.91479623 -0.09859586
v -0.21290369 0.90372097 -0.07063548
v -0.20696379 0.88761282 -0.11111635
v -0.17686237 0.84371042 -0.05559939
v -0.18226074 0.85190082 -0.08894263
v -0.19012827 0.86869961 -0.05004961
v -0.21943274 0.89521706 -0.14086851
v -0.23520520 0.92400694 -0.12696791
v -0.24205047 0.93939048 -0.08202446
v -0.25404078 0.94995326 -0.10927413
v -0.23284487 0.92672086 -0.05646411
v -0.19336537 0.85871637 -0.12068439
v -0.19615430 0.87883145 -0.08119732
v -0.42257410 -0.15937769 0.30739146
v -0.45326918 -0.16658005 0.32176131
v -0.43397439 -0.18713230 0.29811794
v -0.44438845 -0.13504672 0.32991153
v -0.40639371 -0.18151930 0.28497505
v 0.30763522 -0.12238556 0.07500692
v 0.30710450 -0.10574409 0.03999713
v 0.28348050 -0.09949523 0.08388649
v 0.33119950 -0.14672422 0.06574022
v 0.33097205 -0.12952587 0.03141841
v 0.30371436 -0.14216545 0.10669194
v 0.25896141 -0.07755843 0.09246589
v 0.27975062 -0.11876971 0.11632675
v 0.25918669 -0.06167825 0.05636013
v 0.28279653 -0.08363472 0.04808783
v -0.58172423 0.98646742 0.04535072
v -0.54930294 0.99895126 0.02445886
v -0.59757173 0.99873775 0.01386043
v -0.51739264 1.00887573 0.00171890
v -0.56631958 1.01007318 -0.00702239
v -0.50126404 0.99373329 0.03211842
v -0.58540106 1.01760364 -0.03960224
v -0.61500823 1.00574434 -0.01939868
v -0.62831116 0.98375326 0.03245726
v -1.05297840 0.95110601 -0.67863995
v -1.08052886 0.91983342 -0.60978287
v -1.02866471 1.02028751 -0.64237714
v -1.02033556 0.96559757 -0.73699373
v -0.99646783 1.04551864 -0.70348072
v -1.05721498 0.97621346 -0.57255578
v -1.10698044 0.85937411 -0.54676652
v -1.08377695 0.91113377 -0.50927341
v -0.10994583 0.61693275 -0.09724185
v -0.09580004 0.59109974 -0.10218306
v -0.11189584 0.62008333 -0.13667403
v -0.07796121 0.56676042 -0.10651443
v -0.09768681 0.59475505 -0.14187843
v -0.09837498 0.58503866 -0.06245166
v -0.12009762 0.60362220 -0.01931201
v -0.10626343 0.57681960 -0.02384993
v -0.11258077 0.61131263 -0.05780232
v 0.47639188 0.28424585 -0.22701651
v 0.46527740 0.31856376 -0.29086825
v 0.50764990 0.31046656 -0.22507569
v 0.47755441 0.26122823 -0.15962718
v 0.44542047 0.26267999 -0.23246004
v 0.49779436 0.34541589 -0.28754294
v 0.53168786 0.37372363 -0.28622442
v 0.50708103 0.28588971 -0.15867671
v 0.31932852 -0.58841258 -0.31136918
v 0.27983138 -0.55102533 -0.29233390
v 0.32898924 -0.55533326 -0.32344675
v 0.30264804 -0.48803777 -0.31272471
v 0.34076467 -0.52235371 -0.33040518
v 0.29011032 -0.51938534 -0.30473870
v 0.37180635 -0.59477407 -0.34379250
v -0.22065908 0.67589492 0.13500606
v -0.23288052 0.70733708 0.13759781
v -0.24185918 0.66381466 0.16741216
v -0.24601699 0.73917764 0.13885647
v -0.25641188 0.69547272 0.16878918
v -0.20758633 0.64589536 0.13221788
v -0.20184827 0.68712753 0.10163215
v -0.28230861 0.68246007 0.19839875
v -0.26568788 0.65057731 0.19820713
v -0.22594938 0.63393259 0.16582632
v 0.18552741 -0.31929067 0.20793800
v 0.20976609 -0.29318243 0.21097572
v 0.15945330 -0.29642689 0.21724020
v 0.15701810 -0.24798396 0.22850053
v 0.18374670 -0.27034301 0.22044612
v 0.18011841 -0.22126919 0.22559674
v 0.13283721 -0.27375412 0.22448812
v 0.23271921 -0.26623631 0.20747556
v 0.16100708 -0.34385470 0.19901301
v 0.13496739 -0.32075989 0.20710133
v -0.53060639 0.16262294 -0.39931160
v -0.48653504 0.16333003 -0.39954740
v -0.51803857 0.13905884 -0.37075853
v -0.46105787 0.11168186 -0.34344012
v -0.47489938 0.13731354 -0.37200761
v -0.58883977 0.17966874 -0.42517048
v -0.54122972 0.18446665 -0.42943054
v -0.57599056 0.15968850 -0.39381248
v -0.50355512 0.11417888 -0.34231311
v -0.56172860 0.13851523 -0.36425686
v -0.54565322 0.11579150 -0.33530360
v 0.11921540 -0.46103615 0.10081424
v 0.09556675 -0.43864036 0.10849568
v 0.09976757 -0.47110271 0.07285571
v 0.05888334 -0.45580834 0.05110367
v 0.08219415 -0.47771698 0.04315108
v 0.07620585 -0.44918883 0.08078958
v 0.10469303 -0.49980885 0.03465295
v 0.08937544 -0.50243664 0.00364090
v 0.04367402 -0.45869368 0.02036878
v 0.06700498 -0.48046219 0.01220244
v 0.05168149 -0.42686772 0.08793588
v 0.07107750 -0.41598111 0.11542243
v -0.82038605 0.63203967 0.15759826
v -0.80318713 0.59897614 0.17850594
v -0.79280591 0.65938890 0.18446387
v -0.78205633 0.56576437 0.19553304
v -0.77553129 0.62757689 0.20561786
v -0.74293804 0.65702021 0.22945385
v -0.76062179 0.68746239 0.20823078
v -0.80705273 0.69012791 0.16051216
v -0.84238255 0.60600752 0.12789421
v -0.82421744 0.57202244 0.14799255
v 0.60846603 -0.56380457 0.02155923
v 0.61877584 -0.53764611 -0.00347363
v 0.59379888 -0.59298354 0.04241318
v -0.98994184 0.00671893 0.46643287
v -0.96127498 -0.01790054 0.53378069
v -0.93429542 -0.00313580 0.50498348
v -0.96058190 0.00508189 0.48471892
v 0.34735480 0.23281142 -0.32154268
v 0.24170560 -0.35462409 -0.28132629
v 0.21257436 -0.33306560 -0.27257058
v 0.26212716 -0.32914373 -0.27813888
v 0.31259856 -0.32785091 -0.27918732
v 0.29111710 -0.35172367 -0.28683835
v 0.28383693 -0.30519637 -0.27013302
v 0.23282444 -0.30696189 -0.26969099
v 0.25428578 -0.28252321 -0.26189482
v 0.30656484 -0.28288522 -0.25925252
v 0.06793183 -0.49453300 -0.05943312
v 0.09122336 -0.51579255 -0.06860556
v 0.07722700 -0.50062323 -0.02805910
v 0.10003263 -0.52263200 -0.03725953
v 0.12346190 -0.54647642 -0.04748825
v 0.11218628 -0.52471405 -0.00565187
v 0.08556524 -0.50476182 -0.09886762
v 0.11485791 -0.53898811 -0.07872334
v 0.10958034 -0.52703387 -0.10878316
v -0.47769874 0.87180132 -0.68667036
v 0.47691664 -0.30417109 -0.20999147
v 0.45708326 -0.31243086 -0.23399353
v 0.45009771 -0.27517620 -0.20005515
v 0.46844378 -0.27227679 -0.17157832
v 0.49429712 -0.30200294 -0.18169412
v 0.50667691 -0.33647963 -0.22127511
v 0.50895727 -0.30515277 -0.15079747
v 0.48392037 -0.27445766 -0.13994820
v -0.48580754 1.01833677 -0.02208300
v -0.45473289 1.02777219 -0.04701906
v -0.50357074 1.02972293 -0.05257564
v -0.46983588 1.00321424 0.00807593
v -0.43901655 1.01263928 -0.01712718
v -0.53495574 1.01989818 -0.02932330
v -0.52353966 1.03702927 -0.08384735
v -0.55478078 1.02747536 -0.06125650
v -0.47210586 1.03896546 -0.07694125
v -0.44043750 1.04527903 -0.10231476
v -0.49179909 1.04560900 -0.10740549
v 0.20868427 0.41567919 -0.02522653
v 0.24093726 0.37273359 -0.00235812
v 0.22966623 0.41825059 -0.01017604
v 0.17727289 0.45629781 -0.05613430
v 0.19854805 0.46064261 -0.04506816
v 0.26210812 0.37328994 0.01535648
v 0.25100198 0.42237619 0.00571062
v 0.29394671 0.32907331 0.02816650
v 0.27221087 0.33015066 0.00814909
v 0.31532499 0.33062661 0.04753508
v 0.28327075 0.37602040 0.03386343
v 0.19708815 0.14304985 -0.28839213
v 0.17886513 0.12801225 -0.26747853
v 0.15369046 0.15037155 -0.31424826
v 0.21044582 0.13561760 -0.23965959
v 0.23748422 0.15193920 -0.20725991
v 0.26193672 0.16156577 -0.21597400
v -0.24906167 0.36461893 0.26914239
v -0.27926278 0.33938146 0.28681391
v -0.23001178 0.33159310 0.26339757
v 0.48916706 -0.48546571 -0.35034108
v 0.52848685 -0.44729280 -0.31911194
v 0.50910127 -0.46535921 -0.33601838
v 0.46623722 -0.42514908 -0.31717551
v 0.44618258 -0.44566190 -0.33074325
v -0.38790047 0.75644672 0.24379157
v -0.35713238 0.77038890 0.21952339
v -0.40256482 0.79048038 0.23819409
v -0.43496948 0.77544951 0.26095539
v -0.42017567 0.74060798 0.26619005
v -0.37323880 0.72153240 0.24706738
v -0.34234369 0.73636574 0.22298862
v -0.37194714 0.80353576 0.21330775
v -0.41793746 0.82307220 0.22873203
v -0.38706565 0.83547926 0.20380725
v 0.11522642 -0.44843167 -0.21104786
v 0.14229724 -0.46856952 -0.22043628
v 0.10963297 -0.47194541 -0.18889256
v 0.10710138 -0.49293351 -0.16404206
v 0.08225435 -0.47254390 -0.15466022
v 0.13349944 -0.51508892 -0.17431349
v 0.13642335 -0.49297303 -0.19867882
v 0.16193581 -0.54009902 -0.18619063
v 0.16490278 -0.51679361 -0.21016009
v 0.17088655 -0.49118495 -0.23134582
v -0.71257079 0.16035855 0.36307669
v -0.67784351 0.12815338 0.38689750
v -0.66037250 0.18480404 0.34607941
v -0.74691117 0.18209989 0.33304417
v -0.71553719 0.10323183 0.40364283
v -0.82380128 0.16407236 0.32505924
v -0.79144418 0.19018336 0.30018455
v -0.74717307 0.22809961 0.26943147
v 0.40753481 -0.41031206 -0.31416988
v 0.38820401 -0.43450391 -0.32355624
v 0.42801782 -0.38962722 -0.30089912
v 0.39422062 -0.35831803 -0.28784484
v 0.37305799 -0.37948930 -0.29999185
v 0.35290584 -0.40344077 -0.30892527
v 0.33425435 -0.42961705 -0.31448829
v 0.40992740 -0.49673533 -0.34755784
v 0.37034383 -0.46127486 -0.33010358
v 0.42709628 -0.46940511 -0.34107733
v 0.30423090 -0.64965743 -0.27414259
v 0.31135318 -0.62024623 -0.29463333
v 0.34582034 -0.69139832 -0.29434067
v -0.42423028 0.99422973 0.01303017
v -0.39438808 1.00308347 -0.01244586
v -0.45466453 0.98449844 0.03776474
v -0.40854999 1.02125812 -0.04314842
v -0.42362189 1.03544378 -0.07316062
v -0.85372531 0.52406979 0.08397827
v -0.87585652 0.55950427 0.06462980
v -0.86421692 0.50289327 0.05045192
v -0.85997927 0.58188462 0.09657298
v -0.83956945 0.46810365 0.06721511
v -0.87453079 0.48267883 0.01571282
v -0.84764469 0.44748858 0.03355516
v -0.88960731 0.53877115 0.03068567
v -0.89588118 0.59526092 0.04197805
v 0.14972040 -0.08027481 0.20528720
v 0.11833814 -0.06012705 0.21101983
v 0.08623314 -0.03981647 0.21576135
v -0.05932266 0.53189969 -0.26997501
v -0.02409565 0.52057850 -0.27682611
v -0.07533379 0.51985496 -0.30142030
v -0.05025646 0.48670614 -0.33567709
v -0.09350857 0.50325966 -0.32849908
v -0.03632867 0.50607616 -0.30908662
v 0.01391631 0.51605684 -0.28592926
v 0.00684607 0.49698794 -0.32017297
v 0.04908478 0.49476269 -0.33111072
v -0.00062245 0.47229785 -0.34752697
v 0.05066451 0.51618230 -0.29554683
v -0.75836194 0.01065323 -0.00021131
v -0.74247682 -0.04107289 0.00869603
v -0.79074585 0.01324829 0.01946524
v -0.82084596 0.01081516 0.03965069
v -0.82863188 0.06402620 0.04534636
v -0.80724847 -0.04219565 0.04112803
v -0.77586877 -0.04019359 0.02437054
v -0.72163725 0.00355130 -0.01942296
v -0.70686460 -0.04399702 -0.00601285
v -0.73292589 0.05231296 -0.03005036
v 0.37153968 0.69086802 -0.29792225
v 0.38779989 0.66790622 -0.33569598
v 0.33898535 0.66680443 -0.30379957
v 0.42136654 0.69193035 -0.32740730
v 0.44504508 0.65999234 -0.35823613
v 0.37708452 0.61314213 -0.37101769
v 0.35401908 0.64336997 -0.34180552
v 0.41165182 0.63680351 -0.36527699
v 0.32047471 0.61997575 -0.34555608
v 0.30709729 0.64254701 -0.30709952
v -0.27926886 0.55958807 0.25410718
v -0.25980142 0.53056657 0.25152230
v -0.25134066 0.57743585 0.22812869
v -0.22849171 0.59240365 0.19724055
v -0.24718606 0.62077558 0.19807048
v -0.27163112 0.60608661 0.22815941
v -0.29170901 0.63635731 0.22741328
v -0.21009687 0.60525990 0.16354200
v -0.21125242 0.56437254 0.19435745
v -0.23269622 0.54894662 0.22552757
v -0.19437376 0.57760042 0.16067225
v 0.60706997 0.44166848 -0.18125875
v 0.59243393 0.39267808 -0.17511560
v 0.61854947 0.45800957 -0.23301403
v 0.56613135 0.35148859 -0.16844578
v 0.57143033 0.37416220 -0.22936967
v 0.60884023 0.50570387 -0.23676763
v 0.62158763 0.47742319 -0.28309947
v 0.61518717 0.51892829 -0.27926201
v 0.60092986 0.41239339 -0.23250227
v -0.55781579 1.11113548 -0.60992074
v -0.51132953 1.06350195 -0.58189583
v -0.55496418 1.07197642 -0.65161681
v -0.60189068 1.18189716 -0.57595658
v -0.55625415 1.13595998 -0.56054044
v -0.60692012 1.15996706 -0.63211554
v -0.60740334 1.12086141 -0.67998934
v -0.49782059 0.97710812 -0.64691907
v -0.54954904 1.02171206 -0.68529165
v -0.50565326 1.02482975 -0.61782360
v -0.45106006 0.93880469 -0.60555214
v -0.46043885 0.98338437 -0.58031678
v -0.46037850 0.39447093 0.32791704
v -0.44535246 0.44520634 0.33422363
v -0.48116538 0.42247117 0.33199221
v -0.42487055 0.41554460 0.32888615
v -0.49585876 0.37729880 0.32140434
v -0.50231814 0.45164341 0.33593035
v -0.41010809 0.46993005 0.32660705
v -0.05902106 -0.35787630 -0.13839878
v -0.09284157 -0.33982679 -0.12949961
v -0.06041478 -0.33432549 -0.16274950
v -0.09630521 -0.28856015 -0.17606118
v -0.05987625 -0.30690086 -0.18383127
v -0.09557724 -0.31612417 -0.15439650
v -0.02449344 -0.32622465 -0.19138515
v -0.13128096 -0.30002230 -0.14611405
v -0.12726781 -0.32341185 -0.12033793
v -0.08826537 -0.35929894 -0.10237749
v -0.12155605 -0.34279406 -0.09276474
v 0.23774171 0.34801564 -0.42724228
v 0.26615861 0.36638328 -0.42488700
v 0.26617250 0.43293184 -0.42307317
v 0.23722148 0.41526920 -0.42516553
v 0.23993528 0.27999318 -0.41054577
v 0.19331813 -0.56824040 -0.19943832
v 0.19626898 -0.54374015 -0.22292700
v 0.20189553 -0.51712036 -0.24386740
v 0.21002465 -0.48929620 -0.26217067
v 0.54696095 -0.43137199 -0.29951036
v 0.50489235 -0.39228368 -0.28110808
v 0.48594788 -0.40719873 -0.30075353
v -0.47467214 -0.25450987 0.25011551
v -0.44750881 -0.24954754 0.23684551
v -0.45948827 -0.23465198 0.27099121
v -0.46494812 -0.26507348 0.21104358
v -0.52190179 -0.27619517 0.23787142
v -0.49240521 -0.27022499 0.22438936
v -0.50380051 -0.26070875 0.26372755
v -0.48467121 -0.27532342 0.18257260
v -0.51274860 -0.27986005 0.19564766
v -0.48836040 -0.24117512 0.28485370
v -0.55314994 -0.25572515 0.31415242
v -0.51965106 -0.24822852 0.29915994
v -0.33637223 1.01024175 -0.06537395
v -0.36492348 1.00943780 -0.03864846
v -0.31525302 0.78782982 -0.46365708
v -0.32318375 0.82616752 -0.45231533
v -0.29874736 0.78287411 -0.42569596
v -0.30747992 0.75035661 -0.47276568
v -0.29262310 0.74550873 -0.43296576
v -0.33437628 0.79552966 -0.50556517
v -0.27815774 0.74202800 -0.39718115
v -0.30529460 0.82065320 -0.41623825
v -0.28351900 0.77927494 -0.39092249
v -0.31205952 0.85884446 -0.40430993
v -0.28907949 0.81678128 -0.38283587
v -0.33061427 0.86533344 -0.43909174
v -0.66010743 1.01427889 -0.08859169
v -0.68499541 0.99906576 -0.06892385
v -0.63560760 1.00918519 -0.05377283
v -0.66187096 0.99483180 -0.03510515
v -0.66155231 1.04107916 -0.14627615
v -0.68789971 1.02553809 -0.12482262
v -0.63280749 1.02766585 -0.10883637
v -0.60739756 1.02160001 -0.07363755
v -0.48580691 1.08708239 -0.45042747
v -0.50635958 1.09919298 -0.49612367
v -0.52343619 1.12465143 -0.44832987
v -0.49892801 1.10325408 -0.39992195
v -0.58880389 1.18185925 -0.51317912
v -0.56642020 1.16172647 -0.45103496
v -0.54652131 1.14168215 -0.50496131
v -0.47194588 1.04639363 -0.51748151
v -0.51237690 1.08868122 -0.54182327
v -0.47610962 1.06512976 -0.48900783
v -0.46769032 1.02031589 -0.54928756
v -0.79526639 1.19203603 -0.34535027
v -0.76527655 1.21489763 -0.37888002
v -0.82642031 1.23194468 -0.40868640
v -0.82117164 1.15937006 -0.30806679
v -0.76164353 1.14560139 -0.28662962
v -0.79464793 1.25571942 -0.44675118
v -0.85407460 1.25795925 -0.47489965
v -0.85415995 1.19618964 -0.36602646
v -0.88368440 1.22024488 -0.42691934
v -0.73137987 1.22641718 -0.40708029
v -0.78393817 0.24658024 0.04874931
v -0.77691019 0.21603793 0.00766819
v -0.76278114 0.18960080 -0.03220122
v -0.76118040 0.15566517 -0.02018323
v -0.52341896 0.32057357 -0.62075913
v -0.52201760 0.28480804 -0.58315563
v -0.66583478 0.62451792 0.28428972
v -0.68589705 0.65636623 0.26642483
v -0.70103216 0.59327507 0.26400638
v -0.67903918 0.55965698 0.27722609
v -0.75502694 0.59509420 0.22365563
v -0.73256016 0.56239486 0.23857994
v -0.72233623 0.62571770 0.24765085
v -0.70516855 0.68637472 0.24652962
v 0.03250819 -0.41461301 -0.16319287
v 0.05910468 -0.43327051 -0.17111176
v 0.03212631 -0.43425292 -0.13769218
v 0.05849591 -0.47032100 -0.11876424
v 0.03393930 -0.45077002 -0.11020024
v 0.05749941 -0.45335001 -0.14601223
v 0.08444965 -0.45215768 -0.17965715
v 0.03547871 -0.39153963 -0.18588252
v 0.06305262 -0.41053212 -0.19380943
v 0.08940217 -0.42917228 -0.20206045
v -1.02660322 0.75587660 -0.18654899
v -1.06379437 0.78349066 -0.27293819
v -1.01761591 0.70888120 -0.15314592
v -1.09547281 0.75311023 -0.33024168
v -1.02974188 0.81060898 -0.22231227
v -1.05936241 0.84592927 -0.31157541
v -1.12163949 -0.10982531 0.35863072
v -1.10895550 -0.07623136 0.37273234
v -1.09796429 -0.09880716 0.32329482
v -1.10750210 -0.13911715 0.31356782
v -1.13117027 -0.14753473 0.34941685
v -1.05772448 -0.04764973 0.30342078
v -1.07248640 -0.08573501 0.28889102
v -1.08373535 -0.06292528 0.33758110
v 0.53537083 -0.69285077 0.06726951
v 0.51403010 -0.72383034 0.06125800
v 0.49128231 -0.74965507 0.04848357
v 0.45164332 -0.70390260 0.06295979
v 0.47471008 -0.67845953 0.07628579
v -1.10216260 0.55882347 -0.67870051
v -1.12973154 0.57309890 -0.62681609
v -1.10835564 0.60310745 -0.71105695
v -1.13663518 0.66064662 -0.68601763
v -1.10703433 0.65003973 -0.73638529
v -1.13763821 0.61520857 -0.65997970
v -1.15261531 0.63326740 -0.60008621
v -1.08778691 0.51659787 -0.63896847
v -1.04773009 0.50331503 -0.68075472
v -1.06425250 0.59551096 -0.75127459
v -1.06017172 0.54900581 -0.72001177
v -0.07299386 -0.38473719 -0.04434872
v -0.04255359 -0.40371042 -0.05397821
v -0.06238666 -0.39144987 -0.01480138
v -0.05023886 -0.39272279 -0.08340848
v -0.02035430 -0.41212416 -0.09281111
v -0.00523897 -0.43187332 -0.03307372
v -0.03285393 -0.41102087 -0.02404303
v -0.01389465 -0.42382735 -0.06336361
v 0.00547531 -0.43659049 -0.00228474
v -0.02143338 -0.41533977 0.00612369
v -0.04988052 -0.39469802 0.01455513
v -0.44744352 1.05443752 -0.18465491
v -0.41490212 1.04695773 -0.20755281
v -0.47011524 1.06162095 -0.21504417
v -0.50505853 1.06291032 -0.19373140
v -0.42735550 1.05036736 -0.15605730
v -0.39650050 1.04181099 -0.17999169
v -0.45937353 1.06549883 -0.26811719
v -0.49541879 1.07448173 -0.24884379
v -0.43576309 1.05436552 -0.23639929
v -0.04811163 -0.18005022 -0.23638287
v -0.09056726 -0.16239065 -0.23272981
v -0.04682085 -0.14810383 -0.24267444
v -0.04947831 -0.11650029 -0.24834712
v -0.00110264 -0.13328835 -0.24378450
v -0.00096081 -0.16576329 -0.24181423
v -0.13219157 -0.14546025 -0.22903696
v -0.09158096 -0.13092875 -0.24219893
v -0.09500404 -0.09932151 -0.25137195
v -0.09182815 -0.19408044 -0.22237110
v 0.57984161 -0.41188002 -0.24967712
v 0.56391549 -0.41977352 -0.27570635
v -1.00205970 -0.40610272 0.45345193
v -1.00133693 -0.39505029 0.39606583
v -0.97452843 -0.40598518 0.42434627
v -1.02740228 -0.39467394 0.42593253
v -0.97674131 -0.41024613 0.48412049
v -0.94762135 -0.41093171 0.45457590
v -1.02775919 -0.37843299 0.37129921
v -1.05311060 -0.37889194 0.40289551
v -0.43541974 0.59426290 0.31698138
v -0.52704775 0.58075088 0.33894199
v -0.46987659 0.57089531 0.33402133
v -0.48646817 0.50946486 0.34161174
v -0.45025378 0.53561771 0.33326644
v -0.50693333 0.54440355 0.34180588
v -0.41592205 0.55948639 0.31742680
v -0.38305753 0.58151352 0.29811722
v 0.08855247 0.18340141 0.01566381
v 0.06790599 0.20879668 0.03146905
v 0.07276246 0.17097577 0.04518635
v 0.05807123 0.15851866 0.07532796
v 0.08062190 0.13504598 0.06207462
v 0.11274472 0.12196308 0.01070311
v 0.09353781 0.14650793 0.02901429
v 0.10246444 0.11164588 0.04757749
v 0.10747868 0.15793231 -0.00379619
v 0.04394972 0.14501415 0.10563004
v 0.06788358 0.12228871 0.09430636
v 0.05083129 0.19556391 0.05872039
v -0.66308808 0.78593683 -0.81923646
v -0.74329257 0.80242997 -0.83828944
v -0.66131788 0.84424853 -0.81525749
v -0.73148656 0.93685937 -0.82757252
v -0.73705769 0.86616087 -0.83540058
v -0.58509761 0.76777661 -0.79218268
v -0.74989676 0.74546009 -0.83734906
v 0.13569227 -0.54895645 -0.01590150
v 0.12733465 -0.52261692 0.02542830
v -0.72267568 -0.27423897 0.14441547
v -0.68770462 -0.26676002 0.13124041
v -0.70615435 -0.29181013 0.16881011
v -0.74185169 -0.29954004 0.18424116
v -0.72247034 -0.31138507 0.21124034
v -0.65407956 -0.25944209 0.11905628
v -0.67120481 -0.28431466 0.15458882
v -0.68683541 -0.30269688 0.19545017
v -0.70162833 -0.24280787 0.10983293
v -0.73682022 -0.25049341 0.12180372
v -0.62735116 0.65517801 0.29822165
v -0.56224144 0.74322158 0.28840369
v -0.60470492 0.71464908 0.28556079
v -0.54471010 0.71342862 0.30645019
v -0.11762687 0.56712914 0.01269899
v -0.13038296 0.55663502 0.04745030
v -0.11580274 0.52884781 0.04202648
v -0.10207060 0.53989351 0.00774961
v -0.08389358 0.51262611 0.00289876
v -0.12886304 0.51774168 0.07551171
v -0.13112254 0.59433413 0.01726752
v -0.15546343 0.57330096 0.08682460
v -0.14261150 0.54580319 0.08150169
v -0.14337394 0.58403242 0.05233798
v -0.06591058 0.26484174 -0.36506885
v -0.06655523 0.30319288 -0.37395334
v -0.06478886 0.22605707 -0.35454363
v -0.12839016 0.24936169 -0.36048138
v -0.00099176 0.23201492 -0.36058342
v 0.00472933 0.26886654 -0.37339097
v 0.01564249 0.30578434 -0.38464570
v -0.06718142 0.34196550 -0.37998974
v -0.73271179 1.16649306 -0.31582135
v -0.69990706 1.17827237 -0.34091848
v -0.29886904 -0.05537730 -0.22264558
v -0.33799535 -0.04297347 -0.21568598
v -0.31121752 -0.02019067 -0.24122559
v -0.25901040 -0.06885624 -0.22894889
v -0.26951325 -0.03497532 -0.24572758
v -0.36814314 0.02541750 -0.25756815
v -0.32593277 0.01320478 -0.26068461
v -0.35174757 -0.00755362 -0.23552096
v -0.28241009 -0.00129367 -0.26392207
v -0.39085010 0.00319874 -0.22929414
v -0.37561971 -0.03167911 -0.20702788
v -0.70822167 0.26143968 0.26816136
v -0.74379253 0.26271695 0.23047726
v -0.79839766 0.21209386 0.23752730
v -0.77966821 0.24057886 0.20100163
v -0.66690719 0.26590353 0.28349441
v -0.70561558 0.28545493 0.24999584
v -0.71087950 0.31177878 0.23012666
v -0.74304783 0.29190239 0.20326634
v -0.68815941 0.21936120 0.30957770
v 0.08499476 0.52109170 -0.30245972
v 0.08658814 0.53533208 -0.26225328
v 0.11524242 0.52864397 -0.30708605
v 0.11454919 0.54272044 -0.26576903
v 0.14230761 0.53818107 -0.31012404
v 0.14298156 0.55707502 -0.22220951
v 0.13950798 0.55264205 -0.26773834
v 0.11891913 0.54760671 -0.22223061
v 0.05549195 0.52979994 -0.25641191
v 0.09292227 0.53977656 -0.22005366
v -0.14743701 -0.05074331 -0.26528394
v -0.10071130 -0.06701721 -0.26157281
v -0.13860506 -0.08219211 -0.25296324
v -0.18296807 -0.06635830 -0.25214154
v -0.17642879 -0.09807608 -0.23798339
v -0.13458437 -0.11397880 -0.24063644
v -0.17304160 -0.13010398 -0.22465396
v -0.05543205 -0.08507887 -0.25481689
v -0.44841236 0.04137469 -0.25029260
v -0.40899688 0.03471687 -0.25450885
v -0.42869744 0.01200721 -0.22259946
v -0.41169178 -0.02178697 -0.19767623
v -0.38541877 0.05576184 -0.28269893
v -0.32712370 0.70191145 0.22454880
v -0.31037697 0.66820872 0.22590853
v -0.35764530 0.68649095 0.24932306
v -0.38912818 0.66968328 0.27269852
v -0.40519321 0.70516866 0.26972175
v -0.06938413 0.46382508 -0.35549951
v -0.01147954 0.44264305 -0.36735415
v 0.05231383 0.41909489 -0.38677222
v 0.05007291 0.46262574 -0.36309928
v -0.66548461 0.21710059 -0.47971129
v -0.61064088 0.22165686 -0.49271113
v -0.65187842 0.19542585 -0.44539338
v -0.60021901 0.19970386 -0.45812273
v -0.63774234 0.17599760 -0.41275442
v -0.55062342 0.20574982 -0.46237177
v -0.55900395 0.22771068 -0.49844617
v -0.67916715 0.24222487 -0.51629758
v -0.62076461 0.24646088 -0.53008932
v -0.99235332 0.01975790 0.41424108
v -0.96428084 0.02483051 0.43497217
v -0.96779084 0.04090540 0.38390177
v -0.94086027 0.04480129 0.40696424
v -0.91274869 0.04165468 0.43029732
v -0.92024624 0.06713086 0.38179868
v -0.93560934 0.02203149 0.45596099
v -0.75921047 0.53300762 0.20980565
v -0.73631454 0.50109899 0.22247897
v -0.78007841 0.50573039 0.17871888
v -0.88624179 0.15393361 0.25554746
v -0.85814798 0.16363341 0.29085720
v -0.86476040 0.17256351 0.22908343
v -0.87614012 0.14122215 0.31448185
v -0.83211017 0.18616547 0.26532483
v -0.90168035 0.13371648 0.28073007
v -0.27080271 0.89815474 0.05694831
v -0.25125465 0.90003574 0.03075531
v -0.28341118 0.92694491 0.04264613
v -0.26340342 0.92686284 0.01556185
v -0.29313874 0.89529395 0.08366521
v -0.25761408 0.87027943 0.06563210
v -0.23753770 0.87375808 0.03837488
v -0.72080195 0.21658304 -0.45985138
v -0.70371294 0.19494569 -0.42513430
v -0.73857009 0.24176270 -0.49711066
v 0.59918618 0.55976510 -0.28619850
v 0.59170401 0.54950023 -0.24356909
v 0.57199466 0.58839500 -0.25062907
v 0.57938671 0.53779030 -0.19605778
v 0.59943581 0.56331301 -0.32605755
v 0.61333156 0.53099883 -0.31335235
v 0.59691620 0.49240705 -0.18902156
v 0.33525583 -0.35950083 0.17337103
v 0.31225970 -0.38677347 0.17773663
v 0.36116359 -0.38353622 0.16426864
v 0.38124290 -0.35655397 0.15353224
v 0.32963464 -0.30926681 0.17065172
v 0.30922142 -0.33615410 0.18092930
v 0.35573938 -0.33254743 0.16309497
v 0.36444351 -0.43704277 0.15748435
v 0.38762400 -0.40900546 0.15445355
v 0.33807448 -0.41103190 0.16801333
v -0.33263013 -0.03801747 0.30799764
v -0.31329644 -0.08042675 0.28859115
v -0.36472893 0.00562437 0.32701099
v -0.40347141 -0.00253196 0.34037131
v -0.15806803 0.70695251 -0.19049874
v -0.14861143 0.67675346 -0.19742644
v -0.17097858 0.70646459 -0.22372226
v -0.16203089 0.67496526 -0.23056437
v -0.18639863 0.70513541 -0.25468627
v -0.15323952 0.64474982 -0.23727202
v -0.13929084 0.64739603 -0.20442317
v -0.15597838 0.73666710 -0.14875755
v -0.14767864 0.70637047 -0.15543592
v -0.16730696 0.73780328 -0.18325436
v -0.13848151 0.67687112 -0.16229096
v -0.18054108 0.73830920 -0.21623911
v -0.19526410 0.73861700 -0.24755263
v 0.61787808 -0.42487842 -0.16362756
v 0.62488675 -0.43900901 -0.13615480
v 0.62956488 -0.45439887 -0.10875947
v -0.79119635 0.94620907 -0.06119246
v -0.77809918 0.97534698 -0.08836937
v -0.81984127 0.95132864 -0.08838350
v -0.82876706 0.91419166 -0.05639287
v -0.85130417 0.95951736 -0.11728705
v -0.85926914 0.91553843 -0.08291315
v -0.80788159 0.98724157 -0.11910005
v -0.83996618 1.00254560 -0.15175965
v -0.76162589 1.00188398 -0.11415543
v -0.65083534 -0.07004136 0.43332267
v -0.68591678 -0.08230802 0.45284384
v -0.63997102 -0.10635886 0.42803663
v -0.62983191 -0.01599258 0.42162395
v -0.66709638 -0.03145052 0.43762523
v -0.61229980 -0.05723511 0.41672415
v -0.60125786 -0.09602660 0.40949881
v -0.56043047 -0.08579957 0.39258772
v -0.57138860 -0.04468969 0.40085769
v -0.63604522 0.09009035 -0.15068066
v -0.66102254 0.10025079 -0.12903666
v -0.65935433 0.11712728 -0.16972971
v -0.68102467 0.12981452 -0.14545363
v -0.68630636 0.11012651 -0.10678609
v -0.71916032 0.16865477 -0.13363512
v -0.70198703 0.15507901 -0.16067985
v -0.70218408 0.14152896 -0.12099952
v -0.72412980 0.17691016 -0.17598422
v -0.71242666 0.12094948 -0.08259969
v -0.73631477 0.18197963 -0.10600090
v -0.72377896 0.15388526 -0.09516351
v 0.11831996 -0.01947415 -0.19433023
v 0.08385527 -0.01535831 -0.22052777
v 0.04110447 0.02828474 -0.25809184
v 0.07834405 0.01567242 -0.23169124
v 0.04501677 -0.00568333 -0.24373704
v 0.13106781 -0.04704481 -0.19097444
v 0.09412056 -0.04673320 -0.21380873
v 0.05343512 -0.04026045 -0.23334530
v 0.01036555 -0.02482772 -0.25288337
v 0.02013618 -0.05947106 -0.24393401
v -0.02597047 -0.03947830 -0.26010817
v -0.01656799 -0.07255095 -0.25162110
v 0.48772183 -0.34480307 -0.24523671
v 0.46811143 -0.35677451 -0.26627833
v 0.38580880 -0.31211308 -0.26231796
v 0.40788326 -0.29623345 -0.24486099
v 0.41532961 -0.34018147 -0.27236685
v 0.43634543 -0.32475543 -0.25451738
v 0.42964032 -0.28340402 -0.22453743
v 0.44829956 -0.37170690 -0.28504652
v 0.52334571 -0.38033003 -0.25923362
v 0.54092479 -0.37235647 -0.23449643
v 0.24218330 0.21832916 -0.37358308
v 0.21009213 0.26515114 -0.40499878
v 0.17363554 0.31856713 -0.41917390
v 0.20696986 0.33240932 -0.42549545
v -0.35300139 -0.28330389 0.01494218
v -0.33847350 -0.27593222 -0.02418621
v -0.35016954 -0.25600713 -0.05099617
v -0.32068211 -0.26320997 -0.06343457
v -0.37913936 -0.24835142 -0.03720902
v -0.36711931 -0.26886654 -0.01171284
v -0.20792174 0.56150329 -0.35249996
v -0.22065546 0.59531975 -0.34984308
v -0.18678528 0.56737566 -0.33072197
v -0.18024385 0.60544896 -0.30067524
v -0.16654234 0.57579374 -0.30659550
v -0.20043167 0.59939772 -0.32551640
v -0.16859737 0.53638685 -0.33695626
v -0.14880258 0.54816818 -0.31374782
v -0.22977349 0.63002014 -0.34703267
v -0.72691321 1.10050750 -0.23390757
v -0.69846725 1.11906993 -0.25939494
v 0.12988526 0.54166818 -0.17707217
v 0.10520938 0.53408217 -0.17748070
v 0.06420758 0.53319991 -0.21532656
v 0.15320373 0.55056667 -0.17426647
v 0.14742160 0.52507383 -0.13084820
v 0.07796469 0.52706015 -0.17457572
v 0.12429655 0.51824939 -0.13486880
v 0.10022712 0.51123214 -0.13535875
v 0.50739622 0.64805847 -0.36335617
v 0.53720737 0.61504257 -0.36808687
v 0.47484520 0.62705684 -0.37499720
v 0.55679774 0.62828612 -0.33747941
v 0.58031273 0.59672248 -0.33395785
v 0.56404173 0.57990849 -0.36485499
v 0.50444674 0.59231550 -0.38202107
v 0.53035402 0.65785271 -0.33674449
v 0.57941031 0.59570831 -0.29374355
v 0.55800855 0.62771153 -0.29892510
v -0.83881998 -0.38537902 0.41046059
v -0.81239104 -0.37266529 0.38983816
v -0.81597900 -0.37217265 0.43916303
v -0.84092236 -0.38381457 0.46222401
v -0.77298880 -0.33768076 0.44365090
v -0.79735863 -0.35106671 0.46529406
v -0.79070127 -0.35886496 0.41808289
v -0.78512931 -0.35802573 0.37054133
v -0.80859530 -0.36511832 0.34105855
v -0.83703983 -0.37735945 0.35998303
v -0.21983969 0.77310580 -0.27002177
v -0.27358240 0.81401223 -0.35150999
v 0.00304379 0.01018497 -0.26566714
v -0.04157287 0.03054664 -0.28517944
v -0.00146490 0.04665711 -0.28113496
v -0.05458419 0.10717850 -0.31529826
v -0.00421937 0.08377238 -0.29759318
v -0.04900654 0.06792319 -0.30030578
v 0.04043683 0.06224029 -0.27483287
v -0.35256273 0.87508148 -0.47689039
v -0.34348843 0.83495426 -0.49257797
v -0.36844045 0.84829301 -0.53544444
v -0.37907898 0.89020622 -0.51830173
v -0.36103135 0.91446817 -0.45835632
v -0.20425370 0.77232623 -0.23983110
v -0.21344025 0.80628985 -0.23200347
v -0.18987334 0.77081174 -0.20841955
v -0.17671219 0.76925844 -0.17573091
v -0.18623433 0.80080700 -0.16794181
v -0.19960265 0.80349040 -0.20036855
v -0.19587031 0.83265650 -0.16028121
v -0.20936672 0.83653843 -0.19200537
v 0.42883238 -0.21400216 -0.03992201
v 0.42203376 -0.20189542 -0.07603366
v 0.40369293 -0.18834725 -0.03054984
v 0.44646946 -0.22809130 -0.08555195
v 0.40998426 -0.19497222 -0.11165702
v 0.43505862 -0.22063911 -0.12060194
v 0.39618602 -0.17674494 -0.06699521
v 0.38375768 -0.16996711 -0.10298778
v 0.37016442 -0.15167496 -0.05840599
v 0.37819996 -0.16298586 -0.02161636
v -0.13208058 -0.17720449 -0.21679647
v -0.17142138 -0.16206577 -0.21134876
v 0.46690026 -0.77065015 0.03129884
v 0.42774889 -0.72471654 0.04509380
v 0.44207963 -0.78562742 0.00820287
v -0.75424337 -0.28002042 0.48382843
v -0.72957206 -0.26709622 0.46064913
v -0.75179946 -0.24701712 0.49828297
v -0.77493298 -0.25882593 0.52412248
v -0.76102519 -0.31101295 0.46582836
v -0.73598874 -0.29723674 0.44419050
v -0.72680604 -0.23512030 0.47375900
v -0.75285411 -0.21347502 0.50976259
v -0.69932026 -0.22346660 0.44999862
v -0.70228004 -0.25441888 0.43833315
v -0.69939530 -0.19165021 0.45903134
v -0.72762918 -0.20235443 0.48359817
v -0.34969893 1.02375841 -0.09575975
v -0.37850007 1.02637339 -0.06942876
v -0.31047869 1.00091612 -0.09162638
v -0.32393545 1.01023030 -0.12105519
v -0.27470568 0.97189426 -0.08732095
v -0.31389552 0.47912169 -0.49492013
v -0.28723794 0.47356996 -0.45214242
v -0.31456724 0.44673041 -0.48165101
v -0.28269926 0.44178596 -0.44048196
v -0.31398687 0.41462690 -0.46821076
v -0.24230804 0.43648896 -0.40905261
v -0.25513414 0.46878177 -0.41794270
v -0.31185555 0.51202112 -0.50747383
v -0.28970462 0.50573850 -0.46296936
v -0.34298328 0.45100707 -0.52875584
v 0.10669294 0.06387138 0.10618386
v 0.13294837 0.04256743 0.09716485
v 0.11579478 0.07759738 0.07095498
v 0.08053753 0.08551111 0.11566554
v 0.09199443 0.09985249 0.08268735
v 0.06769055 0.06813414 0.14665517
v 0.09589943 0.04700019 0.13879901
v 0.12423167 0.02598193 0.13134372
v -0.31223696 0.06397890 -0.30411077
v -0.35804051 0.07598795 -0.30689669
v -0.32783890 0.09556004 -0.32742840
v -0.40239602 0.08318046 -0.31087542
v -0.44540745 0.08703472 -0.31356066
v -0.42784178 0.06238044 -0.28305674
v -0.54473662 0.51616174 0.33783352
v -0.55950910 0.45767450 0.32645148
v -0.52357060 0.48283985 0.33822900
v -0.58075845 0.48870507 0.32387561
v -0.59317291 0.43474329 0.30883390
v -0.61457074 0.46259308 0.30483913
v -0.60183418 0.52195650 0.31810766
v -0.27272576 0.70524549 -0.40252882
v -0.26870769 0.66833013 -0.40530926
v -0.28243867 0.67207712 -0.44221532
v -0.28688720 0.70864117 -0.43867904
v -0.30100816 0.71349007 -0.47927511
v 0.02205122 0.52712798 -0.24802686
v 0.03246647 0.52931833 -0.20734079
v -0.01260695 0.52910304 -0.23964348
v 0.04625121 0.52175295 -0.16742663
v 0.01594757 0.51845455 -0.14916998
v -0.00026117 0.53010398 -0.19765820
v -0.35464478 0.66712946 -0.63122576
v -0.32701033 0.65718246 -0.58095145
v -0.35213590 0.63207829 -0.63209319
v -0.33172590 0.69237006 -0.57722247
v -0.31132543 0.68396622 -0.52905571
v -0.39047247 0.64249706 -0.68101811
v -0.39036456 0.60640997 -0.67814428
v -0.32615209 0.58802319 -0.57700509
v -0.35257262 0.59714144 -0.62885314
v -0.32529357 0.62251711 -0.58088326
v -0.30624586 0.61385155 -0.53063953
v -0.30751860 0.64868528 -0.53159958
v 0.12998012 0.09762315 -0.00825502
v 0.12329605 0.08843031 0.03271743
v 0.12401828 0.13229208 -0.02646370
v 0.13829654 0.10721190 -0.05040016
v 0.13888893 0.14368159 -0.06016807
v 0.14493325 0.07343978 -0.02594047
v 0.14315799 0.06540733 0.01868388
v -0.48201579 -0.16915914 -0.03136468
v -0.45388487 -0.17591050 -0.04857411
v -0.47384983 -0.19992581 -0.01188558
v -0.51766354 -0.13050175 -0.03401632
v -0.48925805 -0.13576117 -0.05087500
v -0.50990736 -0.16385359 -0.01467068
v -0.46100456 -0.14271188 -0.06827356
v -0.41762388 -0.21419907 -0.04512876
v -0.44588545 -0.20644665 -0.02846517
v -0.42561281 -0.18387759 -0.06619658
v -0.52646756 -0.09560139 -0.05435656
v -0.49735647 -0.10069522 -0.07125957
v -0.21830407 -0.08321339 -0.23419246
v -0.22652237 -0.05037981 -0.24962759
v -0.23801361 -0.01742178 -0.26602924
v -0.18729155 0.46132085 0.20459990
v -0.20130563 0.49117729 0.21290509
v -0.20954959 0.44173029 0.23279621
v -0.18202087 0.50781333 0.18214317
v -0.24173273 0.50147402 0.24681158
v -0.22489122 0.47203568 0.24064033
v -0.21574783 0.52046770 0.22066446
v -0.19578785 0.53632349 0.18927531
v 0.15461802 0.09716418 -0.12558517
v 0.15730065 0.09201856 -0.17796651
v 0.16947067 0.11654092 -0.15473801
v 0.15129045 0.07612804 -0.12843308
v 0.15388951 0.05768678 -0.09635133
v 0.14961752 0.11836845 -0.09028003
v 0.16364679 0.12990263 -0.11871783
v 0.19030318 0.13119799 -0.17665330
v 0.18445328 0.14645591 -0.13967472
v 0.19013444 0.12331793 -0.22020015
v 0.17215791 0.10883793 -0.19925144
v 0.16328752 0.11121741 -0.24604990
v 0.14979222 0.09413305 -0.22508980
v 0.52605653 0.30124569 -0.09913794
v 0.53670025 0.31612080 -0.16198391
v 0.55292857 0.33746725 -0.10886595
v 0.57793212 0.37872687 -0.11900693
v 0.55874753 0.37275806 -0.06801239
v 0.49814072 0.27191243 -0.09388489
v 0.53926933 0.34053719 -0.22609805
v -0.12856990 0.61950332 -0.21079955
v -0.11509033 0.59427917 -0.21736154
v -0.10469024 0.59549659 -0.18062019
v -0.11823663 0.62087810 -0.17488499
v -0.17852393 0.67272753 -0.26133075
v -0.16060024 0.61132979 -0.27369231
v -0.17058256 0.64117670 -0.26747525
v -0.14293243 0.61651707 -0.24384992
v 0.19274560 0.56305462 -0.31202441
v 0.20281026 0.54126179 -0.35214466
v 0.16761228 0.54958391 -0.31153297
v 0.21832785 0.51250106 -0.38645852
v 0.17679378 0.52725232 -0.35132492
v 0.16303930 0.48446688 -0.38318688
v 0.15018427 0.51513320 -0.34887213
v 0.19123381 0.49738216 -0.38566750
v 0.23986280 0.47595984 -0.41076148
v -0.82468700 0.41449228 0.04882934
v -0.83046138 0.39438593 0.01452392
v -0.80017114 0.31896254 0.00435999
v -0.79799259 0.33871609 0.04022937
v -0.81521499 0.34461221 -0.00689716
v -0.85488272 0.42746058 -0.00178804
v -0.79290473 0.35913068 0.07542697
v -0.81168878 0.36438096 0.02835029
v 0.37858316 -0.61604172 0.09083664
v 0.34570643 -0.57717019 0.10478491
v 0.34119597 -0.51921862 0.13183379
v 0.31545642 -0.54207873 0.11718285
v 0.41401771 -0.65842813 0.07640670
v 0.43765000 -0.63329816 0.08947158
v 0.35425165 -0.63641185 0.07225808
v 0.32087293 -0.59719217 0.08588433
v 0.16519874 -0.50713110 0.08350897
v 0.18742806 -0.49410194 0.10885671
v 0.14216787 -0.48365867 0.09250228
v 0.14031678 -0.44797975 0.12656003
v 0.16386867 -0.47067291 0.11800747
v 0.21108758 -0.47808379 0.13124637
v -0.94459474 0.89932263 -0.82822460
v -0.88120329 0.89505959 -0.84335244
v -0.96344829 0.82459176 -0.83360046
v -1.02041316 0.81948733 -0.80620968
v -0.83280540 0.75360847 -0.84572172
v -0.91080308 0.75801438 -0.84420305
v -0.82246315 0.81489956 -0.84834301
v -0.89663994 0.82237554 -0.84710819
v -0.98028541 0.75829595 -0.83083481
v -0.81135178 0.88353646 -0.84535891
v -0.06418423 -0.17925024 0.23813085
v -0.03328469 -0.19764146 0.23525061
v -0.04331087 -0.15414488 0.25152218
v -0.11621183 -0.18580088 0.22488035
v -0.08516279 -0.20281148 0.22053377
v -0.09600219 -0.16136509 0.24168523
v -0.05505933 -0.22056988 0.21720512
v -0.07682304 -0.24193904 0.19648804
v -0.07587978 -0.13559601 0.25499725
v -0.12856454 -0.14425758 0.24625967
v -0.88989794 0.11642802 0.33659500
v -0.00118852 0.28970659 0.06138954
v -0.02554321 0.31951755 0.06777979
v -0.01875393 0.27526277 0.08777973
v -0.06626351 0.33617929 0.10168172
v -0.04283364 0.30486414 0.09490645
v -0.04938762 0.35080752 0.07356398
v -0.00672895 0.33480844 0.04232602
v 0.00517492 0.24734366 0.07964417
v -0.03547208 0.26055419 0.11575331
v -0.93129778 0.03083894 0.14557989
v -0.93187165 -0.01593079 0.13214974
v -0.95538545 0.01894043 0.17422432
v -0.90410542 -0.00755948 0.10643603
v -0.90767550 0.08422375 0.13733889
v -0.90797412 0.04098964 0.11814727
v -0.92791867 0.07277276 0.16521031
v -0.94765854 0.05896974 0.19412115
v -0.97980893 0.00378963 0.20528893
v -0.96840334 0.04263943 0.22423492
v -0.98860180 -0.04027963 0.19105691
v -0.95984161 -0.02709232 0.16085145
v -0.92918551 -0.06665035 0.12702484
v -0.74279118 0.94563663 -0.01157001
v -0.72537148 0.94857526 0.00572976
v -0.72688049 0.96468109 -0.03107564
v -0.69620287 0.95467716 0.02964056
v -0.67038047 0.97443533 0.01577803
v -0.70752519 0.96260333 -0.00226628
v -0.72506464 0.93669069 0.03003098
v -0.75228322 0.92443717 0.01561989
v -0.51669568 0.40287825 0.32388705
v -0.53808522 0.42928103 0.32601917
v -0.46603918 0.47634467 0.33846802
v -0.43050075 0.50188708 0.33063662
v 0.25564173 0.61403549 -0.15989499
v 0.24428171 0.57468128 -0.10693198
v 0.28627554 0.63972872 -0.15962803
v 0.27489486 0.64134479 -0.21361789
v 0.21753889 0.59775048 -0.21582736
v 0.22711661 0.59221399 -0.16231322
v 0.24514225 0.61824214 -0.21408840
v 0.20134497 0.57428002 -0.16623509
v 0.21829662 0.55603248 -0.11254448
v 0.19192418 0.58055890 -0.21843119
v 0.24203482 0.61218876 -0.26511741
v 0.27147892 0.63410395 -0.26389992
v 0.14317942 0.18330148 -0.05886451
v 0.15598652 0.15602013 -0.08690646
v 0.16514617 0.19640949 -0.07777344
v 0.17659515 0.16982411 -0.10695661
v 0.20072380 0.18164590 -0.12078463
v 0.18895021 0.20826465 -0.09039553
v 0.12688866 0.21041369 -0.03498277
v 0.14944366 0.22404924 -0.05311803
v 0.17317411 0.23684481 -0.06501604
v -0.16628985 0.81679958 -0.06060605
v -0.17146221 0.82337213 -0.09511390
v -0.19289599 0.85714072 -0.01855592
v -0.16979057 0.80848420 -0.02574583
v -0.18029416 0.83406901 -0.02163006
v -0.18266796 0.82845312 -0.12815645
v -0.80096793 -0.23531434 0.56422931
v -0.79843843 -0.26967984 0.55034202
v -0.77644205 -0.22461486 0.53707999
v -0.77702832 -0.29268870 0.50839901
v -0.80036402 -0.30362138 0.53319788
v -0.82502413 -0.31230849 0.55806530
v -0.37978488 1.03768849 -0.15274452
v -0.40937459 1.04572678 -0.12782013
v -0.36413375 1.03205907 -0.12485988
v -0.39300138 1.03859103 -0.09906704
v -0.33792597 1.01674926 -0.14949748
v 0.12933791 0.10679764 -0.26872841
v 0.09490371 0.13169926 -0.30593932
v 0.14011475 0.12931372 -0.29197311
v 0.10391092 0.15860166 -0.32746506
v 0.05669853 0.19601801 -0.34989965
v 0.05010226 0.16291182 -0.33169061
v 0.20671770 -0.24346972 0.21669804
v 0.20098180 -0.19452292 0.21525089
v 0.25305319 -0.23933351 0.19639851
v 0.27049872 -0.21315396 0.17998061
v 0.22741193 -0.21658635 0.20603798
v 0.21931282 -0.16821855 0.19953056
v 0.17389214 -0.17307964 0.22496639
v 0.19261697 -0.14662275 0.20970644
v 0.31897989 0.66739774 -0.16207355
v 0.36892715 0.64405549 -0.06802281
v 0.34153089 0.66092342 -0.11119888
v 0.30608663 0.66584831 -0.21403311
v -0.20158702 -0.27458560 -0.13064490
v -0.23519827 -0.26395765 -0.12223618
v -0.20505618 -0.24552432 -0.15357217
v -0.23953795 -0.23456678 -0.14529520
v -0.27310744 -0.22534859 -0.13611212
v -0.24243875 -0.20254725 -0.16496330
v -0.16966599 -0.25814557 -0.16115794
v -0.19591674 -0.29841116 -0.10375689
v -0.22867700 -0.28803748 -0.09515654
v -0.20716903 -0.21385035 -0.17319162
v -0.17079200 -0.22658113 -0.18033801
v -0.53514642 -0.26783440 0.27784431
v -0.58797324 -0.26400012 0.33021390
v -0.56859827 -0.27557731 0.29269654
v -0.58704066 -0.29097843 0.26667804
v -0.55345893 -0.28341594 0.25190920
v 0.38539949 -0.28327850 0.12432657
v 0.39538828 -0.26100910 0.09898257
v 0.36008391 -0.25926435 0.13299926
v 0.42019388 -0.28567752 0.08913413
v 0.37222889 -0.30712900 0.14598647
v 0.34650221 -0.28355944 0.15411583
v 0.33470765 -0.23535931 0.14130180
v 0.32104626 -0.25991625 0.16232572
v 0.37023488 -0.23658729 0.10788703
v 0.37727425 -0.21540937 0.07952446
v 0.34504959 -0.21232319 0.11643268
v 0.40209648 -0.24041444 0.07023330
v -0.80809200 -0.33529958 0.51246667
v -0.83248889 -0.34365949 0.53703469
v -0.82147515 -0.36294770 0.48873603
v -0.84702265 -0.37140018 0.51339477
v -0.78461957 -0.32401490 0.48858005
v -0.29011333 0.50986576 0.27373570
v -0.33042604 0.57005465 0.27772367
v -0.36274204 0.54905868 0.29812765
v -0.30996507 0.53955674 0.27658391
v -0.29987085 0.58906555 0.25435710
v -0.32027987 0.62006295 0.25362754
v -0.35106844 0.60173643 0.27690655
v -0.45291051 0.87748319 0.19211940
v -0.46886635 0.83776230 0.23503606
v -0.43489665 0.85272962 0.21363316
v -0.48737961 0.86144626 0.21191438
v -0.52326310 0.84012216 0.22598620
v 0.02485880 -0.11329037 -0.24067123
v -0.00868887 -0.10250714 -0.24674933
v -0.07357106 -0.02089560 -0.27415723
v -0.06272027 -0.05294466 -0.26332313
v -0.11094745 -0.03572908 -0.27246594
v -0.63575304 0.49334708 0.29790217
v -0.65696192 0.52626705 0.28841478
v -0.68765616 0.49759030 0.26286197
v -0.70990956 0.52958053 0.25132251
v -0.64499462 0.59089857 0.29932207
v -0.62347072 0.55635685 0.31061167
v -0.56546831 0.55142653 0.33303535
v -0.20846514 -0.18084085 -0.18983200
v -0.24478278 -0.16928488 -0.18205355
v -0.20975500 -0.14816868 -0.20495486
v -0.25127351 -0.10257030 -0.21320695
v -0.21251141 -0.11573038 -0.21944767
v -0.24718367 -0.13588730 -0.19767463
v -0.28377384 -0.12467548 -0.18957072
v -0.28004259 -0.15902784 -0.17334300
v -0.17115548 -0.19420719 -0.19680467
v -0.52338600 1.09488392 -0.28771946
v -0.53202540 1.07718563 -0.22939266
v -0.53918856 1.05780554 -0.17209660
v -0.56750709 1.07341146 -0.20919943
v -0.59849328 1.09967780 -0.25207227
v -0.57206511 1.04939997 -0.15065366
v -0.60115957 1.06529963 -0.18849543
v -0.63290834 1.09210467 -0.23177229
v -0.13283095 -0.20924366 -0.20317136
v -0.09552144 -0.25805265 -0.19418418
v -0.13346133 -0.24137795 -0.18720852
v -0.09390399 -0.22622100 -0.20992109
v -0.05102253 -0.21226045 -0.22772662
v 0.38324925 0.21373865 -0.06888875
v 0.36846825 0.23015268 -0.02382716
v 0.35783920 0.21050394 -0.08635424
v 0.31896743 0.23064995 -0.06226952
v 0.33167270 0.20879063 -0.10329689
v 0.34397462 0.22997981 -0.04366501
v 0.32472470 0.25708523 -0.01279536
v 0.39217749 0.20661861 -0.12394582
v 0.40813294 0.21980196 -0.05272739
v 0.39242885 0.23321006 -0.00553244
v 0.36524889 0.20020859 -0.13958479
v 0.21328023 0.14255263 -0.19400573
v 0.20900708 0.15899014 -0.15488160
v 0.23437178 0.16857272 -0.16478920
v -0.46865511 0.06641746 -0.28068918
v -0.52801704 0.09232701 -0.30554551
v -0.48714203 0.09006676 -0.31195354
v 0.38162467 0.69194990 -0.13304287
v 0.35457054 0.69223595 -0.16643897
v 0.38553324 0.71531266 -0.19890010
v 0.36136320 0.70389271 -0.22336002
v 0.33692053 0.68820673 -0.21424773
v 0.41275278 0.70664847 -0.17748898
v -0.40299672 0.86564803 0.19014014
v -0.42014694 0.89204776 0.17067640
v -0.39950937 0.71588147 -0.67433774
v -0.36023378 0.70290333 -0.62647146
v -0.39346707 0.67871404 -0.67974883
v -0.44515997 0.69170004 -0.72399884
v -0.36850801 0.74017119 -0.61830735
v 0.06188691 -0.48419684 -0.08982088
v 0.08261904 -0.49018252 -0.12762341
v 0.10715067 -0.51139861 -0.13722461
v 0.03809696 -0.46396840 -0.08107521
v -0.58812594 0.92988116 0.12081537
v -0.55274701 0.94845033 0.10417297
v -0.60158217 0.95158571 0.09286962
v -0.61446178 0.97028714 0.06367055
v -0.56716847 0.96939850 0.07540807
v -0.53364575 0.98303241 0.05482712
v -0.58616459 0.54084760 -0.75811487
v -0.51030838 0.53939772 -0.73451698
v -0.58640122 0.49380055 -0.73680907
v -0.50825924 0.58243942 -0.74940252
v -0.45172685 0.49532801 -0.68445486
v -0.51305598 0.49518144 -0.71564776
v -0.44685692 0.53661048 -0.70215660
v -0.39753205 0.53199941 -0.65870005
v -0.44347417 0.57670736 -0.71438676
v -0.85637522 0.10263580 0.08429931
v -0.85693359 0.05611836 0.06895442
v -0.88422036 0.09336835 0.11087368
v -0.87708640 -0.00041328 0.08205810
v -0.84944987 0.00559363 0.06015349
v -0.88358366 0.04902487 0.09272496
v -0.87704360 0.13170077 0.13534044
v -0.90121770 0.12052645 0.16336003
v -0.12916273 0.64822572 -0.16893020
v -0.09815562 0.57152164 -0.22334306
v -0.08775450 0.57264525 -0.18586326
v -0.08040503 0.57128096 -0.14652085
v 0.18233600 0.44566417 -0.40943176
v 0.21165156 0.45969611 -0.41119480
v 0.20753315 0.39942923 -0.42549574
v -0.83530033 0.37467206 -0.02136367
v -0.61821806 -0.28892192 0.16625592
v -0.65189481 -0.29540604 0.18039736
v -0.63758308 -0.27721289 0.14140604
v -0.63043970 -0.30076823 0.20833217
v -0.66545379 -0.30850601 0.22371067
v -0.59666848 -0.29402995 0.19378388
v 0.34529129 0.28977025 0.04655862
v 0.32326880 0.28880119 0.02664141
v 0.34837255 0.25536144 0.00868769
v 0.39370838 0.26349023 0.04305226
v 0.36701092 0.29615656 0.06216573
v 0.37143961 0.25651273 0.02868991
v 0.30058542 0.29085973 0.00489230
v -0.86622488 0.97507435 -0.83223647
v -0.99935663 0.89605820 -0.79939246
v -0.85176933 -0.31791270 0.58232242
v -0.85774040 -0.34811744 0.56208122
v -0.87349546 -0.32038763 0.59706855
v -0.88366807 -0.34629536 0.58542663
v -0.87338209 -0.37557411 0.53983641
v -0.82373416 -0.27945316 0.57617682
v -0.74734592 -0.32348585 0.42324698
v -0.83333886 -0.36296719 0.31085443
v -0.16119349 0.78121710 -0.02994326
v -0.15428735 0.75277036 -0.03463067
v -0.15755937 0.78852761 -0.06586669
v -0.15088522 0.75936991 -0.07100778
v -0.14803068 0.72366536 -0.03931661
v -0.16291508 0.79390186 -0.10111214
v -0.28501004 0.94845104 -0.24195243
v -0.30449733 0.97634721 -0.22186568
v -0.27260819 0.94378692 -0.21357690
v -0.29761875 0.95298475 -0.26975304
v -0.31753403 0.98120022 -0.24884124
v -0.33161181 0.98685503 -0.27525583
v -0.35606170 1.01217270 -0.25285083
v -0.32723182 1.00104761 -0.19992502
v -0.34103799 1.00621390 -0.22653908
v -0.26972738 0.91701454 -0.25904244
v -0.25719473 0.91270757 -0.22999662
v -0.41800189 -0.27440241 0.07754406
v -0.39115864 -0.27858949 0.06533318
v -0.39930558 -0.27595550 0.10396302
v -0.42551601 -0.27436998 0.11637884
v -0.44484794 -0.27181783 0.08998096
v -0.43558860 -0.26482528 0.05278636
v -0.35509548 -0.27312922 0.11837736
v -0.38083237 -0.27067178 0.13102508
v -0.37300956 -0.27897730 0.09182282
v 0.45660380 0.71087134 -0.31382984
v 0.47493586 0.67991507 -0.34806621
v 0.49921557 0.68531299 -0.33021808
v -0.95113170 0.74770087 -0.07258448
v -0.98399425 0.72962964 -0.10974787
v -0.94179463 0.70584244 -0.04138371
v -0.97201288 0.68739307 -0.07806000
v -0.92993641 0.66763771 -0.01135001
v -0.90343690 0.68639445 0.02077316
v -0.91223454 0.72320443 -0.00928245
v -0.88416064 0.74024624 0.01993296
v -0.95593584 0.64867455 -0.04776548
v -0.93592167 0.61165512 -0.01907560
v -0.77578676 0.91921908 -0.00808122
v -0.76562154 0.94495678 -0.03535961
v -0.80101454 0.91543680 -0.03185790
v -0.62056446 0.36310989 0.28187573
v -0.55159885 0.38623115 0.31254917
v -0.58614743 0.37323648 0.29854512
v -0.53110409 0.36399347 0.31197852
v -0.60567760 0.39291078 0.29498631
v -0.63828635 0.37948596 0.27546513
v -0.29766166 0.21539287 0.30753630
v -0.24391544 0.20804659 0.29426485
v -0.21485855 0.23811635 0.27649760
v -0.19060938 0.20704845 0.27299553
v -0.25026250 0.14332992 0.30526584
v -0.21969275 0.17581472 0.29185402
v -0.24141923 0.24244997 -0.37854987
v -0.18394762 0.22959192 -0.36134171
v -0.23167819 0.20512153 -0.36680537
v -0.24943733 0.27821219 -0.38927484
v -0.19191512 0.26672104 -0.37036633
v -0.29847050 0.28260446 -0.41741031
v -0.25682649 0.31255630 -0.39927745
v -0.29132402 0.24798009 -0.40399647
v -0.51745343 0.25744766 -0.53905201
v -0.57397211 0.28003299 -0.58031619
v -0.56676710 0.25183147 -0.53825778
v 0.35700509 -0.14539519 -0.09474803
v 0.34364852 -0.12788144 -0.05025823
v 0.32948795 -0.12265939 -0.08692406
v 0.31743297 -0.10547179 -0.04272929
v 0.35203448 -0.13893351 -0.01315371
v -0.59563220 -0.13165873 0.40253013
v -0.55561185 -0.12312520 0.38479888
v -0.63231337 -0.17273879 0.41501856
v -0.59466565 -0.16447312 0.39548653
v -0.63401628 -0.14049381 0.42220557
v -0.66989988 -0.14973927 0.44305503
v -0.67578059 -0.11662740 0.44869357
v -0.06305708 0.48539233 -0.00122740
v -0.30433792 0.31655383 -0.43003982
v -0.34785509 0.35018554 -0.48289925
v -0.33705750 0.24865106 -0.43127841
v -0.16682005 -0.28630736 -0.13799158
v -0.13323142 -0.27213907 -0.16844630
v -0.16193092 -0.31016210 -0.11187187
v -0.78294063 0.33884832 0.08752090
v -0.77236390 0.35964629 0.12251984
v -0.76410925 0.34374756 0.13677189
v -0.74703968 0.36274073 0.17095821
v -0.68289095 0.06708734 0.41710299
v -0.64455110 0.08827832 0.40210819
v -0.63046134 0.14734301 0.37200797
v 0.23384139 -0.08465478 -0.14069347
v 0.25813365 -0.08030388 -0.10901587
v 0.25937855 -0.10641506 -0.14526802
v 0.30304918 -0.10059103 -0.07993345
v 0.28327420 -0.10138905 -0.11450958
v 0.27771220 -0.07983273 -0.07352715
v 0.23519272 -0.05960609 -0.10426480
v 0.25460890 -0.05900776 -0.06787604
v 0.21093535 -0.06329943 -0.13695356
v 0.20536888 -0.09126781 -0.16848157
v 0.23201460 -0.11441278 -0.17201385
v 0.07186431 -0.18615767 0.24946554
v 0.04130521 -0.16664326 0.25367451
v 0.04879317 -0.21178007 0.24274288
v 0.01921621 -0.19224167 0.24591379
v -0.01158121 -0.17313468 0.24884532
v -0.00319690 -0.21626729 0.23217519
v 0.02574486 -0.23571444 0.22891854
v 0.10139528 -0.20582271 0.24393959
v 0.07765970 -0.23146474 0.23804487
v 0.23655429 -0.36604875 0.19085959
v 0.26088560 -0.33989540 0.19345342
v 0.21118787 -0.34264255 0.19927241
v 0.23541728 -0.31648844 0.20201440
v 0.18654269 -0.36702394 0.19023144
v 0.25821435 -0.28946719 0.19799377
v -0.57946408 0.31464773 -0.61982632
v -0.63104415 0.27545285 -0.56970489
v -0.63125277 1.13674879 -0.30250692
v -0.59332287 1.13429224 -0.31952608
v -0.66368115 1.18137419 -0.36150569
v -0.66642725 1.13130188 -0.28239992
v -0.56166124 1.10086346 -0.27066004
v -0.66462207 1.08062899 -0.21023792
v -0.44174004 0.61559492 -0.72237873
v -0.44215885 0.65359867 -0.72541952
v -0.50711000 0.62414157 -0.75913531
v -0.88419938 -0.28373018 0.18564163
v -0.89782989 -0.25088155 0.16563407
v -0.84737945 -0.27470133 0.16737075
v -0.83187354 -0.30006358 0.19106996
v -0.90207136 -0.31976843 0.22812928
v -0.91979027 -0.29276526 0.20573847
v -0.86771131 -0.31012923 0.20878930
v -0.87166727 -0.20396978 0.12837939
v -0.86045468 -0.24259409 0.14642316
v -0.90868318 -0.21160078 0.14933878
v -0.82307565 -0.23506233 0.12883756
v -0.81007433 -0.26614380 0.15070347
v 0.62624538 -0.51379907 -0.02932209
v 0.62988341 -0.49208677 -0.05564787
v 0.58569145 -0.47174054 -0.00765247
v 0.55517721 -0.41228247 -0.01370052
v 0.55081630 -0.43289268 0.01318269
v 0.58995318 -0.45040548 -0.03386177
v 0.57866859 -0.49540055 0.01753911
v 0.54386628 -0.45579851 0.03852643
v 0.63092184 -0.47217155 -0.08200939
v -0.73106629 -0.16967511 0.49127698
v -0.70213830 -0.15947822 0.46642423
v -0.73733735 -0.13731897 0.49634373
v -0.70819366 -0.12696591 0.47140747
v -0.71753234 -0.09399879 0.47481692
v -0.74660504 -0.10542658 0.49859297
v -0.75724483 -0.18016532 0.51787162
v -0.76414883 -0.14773166 0.52311134
v 0.30965814 -0.21155375 0.14996167
v 0.29561588 -0.23644829 0.17071427
v 0.01769078 -0.07283202 0.25357628
v -0.01557048 -0.05301630 0.25773627
v -0.00196066 -0.10041517 0.26107264
v -0.04930121 -0.03369829 0.26259714
v -0.03535436 -0.08086997 0.26451474
v -0.02250652 -0.12783051 0.25998104
v -0.08919647 -0.09007075 0.26743203
v -0.05553840 -0.10867515 0.26361066
v -0.06906526 -0.06192583 0.26847386
v -0.10899750 -0.11771047 0.25913662
v -1.13883245 -0.22782779 0.34427929
v -1.13247478 -0.26643661 0.34884828
v -1.11290085 -0.18135819 0.30803698
v -1.11349237 -0.22357625 0.30636042
v -1.13798022 -0.18745434 0.34444314
v -0.75033176 0.20008717 -0.39496654
v -0.73008293 0.18069932 -0.36159998
v -0.68656957 0.17578121 -0.39228690
v -0.70895040 0.16287574 -0.33011675
v -0.74022698 0.17504489 -0.29288572
v -0.78841472 0.21155326 -0.35768348
v -0.76420009 0.19246738 -0.32368988
v -0.66855031 0.15772116 -0.36089087
v -0.39522964 -0.26129478 0.00177374
v -0.38877580 -0.22210911 -0.06091364
v -0.35944945 -0.23007029 -0.07570084
v -0.40768129 -0.24039847 -0.02243592
v -0.43577468 -0.23293105 -0.00701831
v -0.42321220 -0.25436834 0.01572758
v -0.38060522 -0.27638271 0.02719245
v -0.40828419 -0.27028453 0.03969589
v -0.55348498 1.12371111 -0.33353293
v -0.58394563 1.15917981 -0.38848448
v -0.62490153 1.17472577 -0.37726653
v -0.69379365 1.22622359 -0.42840415
v -0.61083543 1.19402862 -0.45117521
v -0.65331501 1.21529448 -0.44310254
v -0.51310658 1.10606277 -0.34591299
v -0.54112053 1.13431263 -0.39463061
v -0.16473073 0.74484056 0.00134100
v -0.15741172 0.71589696 -0.00272013
v -0.14988114 0.68707979 -0.00678818
v 0.20799297 -0.03527626 0.10961698
v 0.18102649 -0.01460101 0.11746234
v 0.20205650 -0.05432379 0.14295226
v 0.23468032 -0.04100572 0.06432673
v 0.21004957 -0.02025396 0.07264304
v 0.23381320 -0.05637148 0.10100698
v 0.18484697 0.00068828 0.08067420
v 0.18565023 0.01245148 0.04080085
v 0.25455695 -0.09685849 0.12511520
v 0.22868562 -0.07550220 0.13396403
v 0.15427154 0.26605830 -0.04552151
v 0.08633038 0.26439381 -0.00191194
v 0.10776806 0.23731881 -0.01607757
v 0.10896617 0.28023815 -0.01924992
v 0.13223174 0.29559064 -0.03233068
v 0.13032317 0.25207156 -0.03364384
v 0.18699303 -0.41239327 0.16780920
v 0.21165970 -0.39039612 0.18198960
v 0.16231188 -0.38898724 0.17556773
v 0.23659068 -0.41376978 0.17375463
v 0.26184627 -0.38945353 0.18268515
v 0.28724810 -0.41292679 0.17371163
v 0.21153814 -0.43531770 0.15883334
v 0.26159129 -0.43719542 0.16419783
v -0.76948655 0.28730124 0.14831626
v -0.78390551 0.25932634 0.10976563
v -0.77035761 0.26756859 0.17103849
v -0.38416058 1.03248787 -0.23017845
v -0.34741816 0.99337089 -0.30151594
v -0.37317818 1.01950288 -0.27946907
v -0.76633441 0.22938955 -0.12682006
v -0.75767517 0.21383679 -0.15990233
v -0.75023639 0.20651966 -0.11581801
v -0.73766577 0.19225471 -0.14604545
v -0.74718833 0.19613691 -0.19334212
v -0.77965868 0.23409039 -0.17690279
v -0.77161384 0.21485570 -0.21436238
v 0.39438048 -0.80129439 -0.04822243
v 0.32095382 -0.37607503 -0.29681242
v 0.27088878 -0.37708592 -0.29072976
v 0.30138573 -0.40178567 -0.30124643
v 0.34185264 -0.35225537 -0.28861785
v 0.28357354 -0.42906153 -0.30204761
v 0.25232592 -0.40388691 -0.29012716
v 0.35544100 -0.79786074 -0.11221044
v 0.37354442 -0.80160797 -0.07976474
v 0.10164082 -0.29643503 -0.24780850
v 0.06653780 -0.27405506 -0.24231274
v 0.11575070 -0.26501617 -0.24953996
v 0.13435510 -0.31831363 -0.25440013
v 0.15042716 -0.28868455 -0.25605315
v 0.13137820 -0.23437274 -0.24694021
v 0.16843468 -0.26009905 -0.25298417
v 0.03775218 -0.21830937 -0.24077216
v 0.07795820 -0.24090007 -0.24491110
v 0.02912584 -0.25201502 -0.23714738
v 0.09152612 -0.20773363 -0.24295641
v -0.75524259 0.69279188 -0.83080512
v -0.66788220 0.68481362 -0.81565982
v -0.75924683 0.64248776 -0.82003659
v -0.67157173 0.58995032 -0.79320270
v -0.67020380 0.63755202 -0.80720478
v -0.67135048 0.54128867 -0.77349073
v -0.76124716 0.54184854 -0.78253669
v -0.58455235 0.63142061 -0.78681982
v -0.47327822 1.08198988 -0.35817659
v -0.44806308 1.06383777 -0.32069403
v -0.43711102 1.05313444 -0.37153649
v -0.48521432 1.08281517 -0.30451435
v -0.42461416 1.05002797 -0.28728971
v -0.39255619 1.02869475 -0.30730021
v -0.32716078 -0.07880190 -0.19729477
v -0.36308095 -0.06844155 -0.18727078
v -0.39742711 -0.05874397 -0.17619851
v -0.58251595 0.35558945 -0.65278137
v -0.58433414 0.40005115 -0.68229055
v -0.65768957 0.39520967 -0.68357396
v -0.58583212 0.44645089 -0.71131736
v -0.51875162 0.40599784 -0.67073709
v -0.19761628 0.66998553 -0.28957725
v -0.67878944 -0.31659892 0.26974565
v -0.71396494 -0.32614094 0.28665322
v -0.70101309 -0.31724769 0.23998059
v -0.73634601 -0.32751638 0.25677454
v -0.74745977 -0.33854327 0.30428803
v 0.31250086 0.18870822 -0.16369340
v 0.30540255 0.20671111 -0.11683866
v 0.28631315 0.18264338 -0.16914594
v 0.31299451 0.18006063 -0.21734317
v 0.28702506 0.17082770 -0.21949491
v 0.33867952 0.19459030 -0.15363458
v 0.29325238 0.23085070 -0.07812107
v 0.36679724 0.19910404 -0.19930166
v 0.33961442 0.18940319 -0.21030436
v -0.40308800 1.03996933 -0.25768682
v -0.87314725 1.01863122 -0.18738370
v -0.89096534 0.91584337 -0.11170927
v -0.88387966 0.96719611 -0.14877844
v -0.92483985 0.91431105 -0.14334667
v -0.91755509 0.97229987 -0.18332659
v -0.82548988 1.04448593 -0.18648028
v -0.90755689 1.03247070 -0.22632231
v -0.68510318 -0.00280152 -0.03721609
v -0.67057431 -0.04706945 -0.01995669
v -0.72507155 -0.08914012 0.02273117
v -0.69052511 -0.08886111 0.01054310
v -0.62215203 -0.25320405 0.10708641
v -0.59173191 -0.24824187 0.09510891
v -0.60558921 -0.27071503 0.12879658
v -0.58619219 -0.28267777 0.15290821
v -0.84771240 0.07551220 0.41266108
v -0.83840501 0.03493512 0.45375311
v -0.87638652 0.08803578 0.38675225
v -0.86511910 0.05269559 0.43204182
v -0.85941315 1.07004619 -0.22768536
v -0.84241998 1.11783457 -0.26832733
v -0.89325130 1.09212565 -0.27236080
v -0.90676498 1.16783404 -0.37413085
v -0.92506135 1.10523748 -0.32000816
v -0.87629926 1.14865577 -0.31983638
v -0.80804467 1.08345366 -0.22100538
v -0.51400900 1.05026078 -0.13878593
v -0.48082525 1.05519128 -0.16172656
v -0.45941013 1.05053139 -0.13167308
v -0.27071846 0.72813070 0.16950428
v -0.34016001 0.65247983 0.25160766
v 0.43983898 -0.56651616 -0.37002814
v 0.42879280 -0.60038185 -0.36993122
v 0.45252290 -0.53496695 -0.36634737
v -1.01247299 0.52571750 -0.20805141
v -0.99768436 0.54929256 -0.15326950
v -1.04823017 0.56029451 -0.24738254
v -1.07868743 0.59538555 -0.28690904
v -1.03032541 0.58474559 -0.18914849
v -1.09380448 0.56944346 -0.35224575
v -0.97858608 0.57126725 -0.10339262
v -0.66751420 -0.18167618 0.43630981
v -1.01866913 0.00838201 0.39399958
v -1.04292727 -0.00936435 0.37423259
v -1.04506922 -0.00927559 0.42914897
v -1.09080708 -0.04887655 0.39105511
v -1.06982660 -0.02564713 0.40980208
v -1.06521010 -0.03265573 0.35493064
v -1.01830769 0.00150624 0.44821471
v -0.16482559 0.76705331 -0.14199111
v -0.15534678 0.76399386 -0.10699630
v -0.08063734 0.10853042 0.24126773
v -0.05132207 0.08752073 0.23022784
v -0.05901462 0.13350306 0.21547158
v -0.01243986 0.13290234 0.17581315
v -0.03864908 0.15558428 0.18671957
v -0.03104450 0.11143696 0.20439957
v -0.06425466 0.17913273 0.19696219
v 0.00440729 0.15201592 0.14634804
v -0.02029344 0.17513581 0.15648118
v -0.04494661 0.19960834 0.16652058
v -0.08903503 0.54704630 -0.26367271
v -0.10612746 0.53705853 -0.29450479
v -0.04608485 0.53898335 -0.23380725
v -0.28038600 0.86594737 0.09360246
v -0.26669735 0.83715516 0.10013917
v -0.31798434 0.89080906 0.11097747
v -0.34476286 0.88446021 0.13814974
v -0.48601612 0.97441041 0.06164006
v 0.04219005 0.27622485 0.02968325
v 0.06540793 0.24910650 0.01966854
v 0.06310135 0.29213250 0.00806555
v 0.04596385 0.23458332 0.04384769
v 0.03854948 0.32106853 0.01446654
v 0.06009322 0.33828366 -0.00543867
v 0.08677217 0.22271934 0.00604079
v 0.08524349 0.30881283 -0.01032276
v -0.57748461 1.03209984 -0.09452099
v -0.54625434 1.04175806 -0.11628605
v -0.60333383 1.03916931 -0.12953915
v -0.11396511 -0.35715163 -0.06377903
v -0.08170784 -0.37425089 -0.07374453
v -0.05572182 -0.37754905 -0.11180279
v -0.02442396 -0.39631373 -0.12083263
v -0.02635987 -0.37643719 -0.14683877
v 0.30394849 -0.28588578 0.17861420
v 0.28365847 -0.31281665 0.18922940
v 0.28643307 -0.36325496 0.18547522
v 0.11642343 -0.42508775 0.13412875
v 0.13887069 -0.40837437 0.15655792
v 0.09170043 -0.40219998 0.14124545
v 0.16316113 -0.43146092 0.14876874
v 0.18713078 -0.45438844 0.14018375
v -0.23423938 0.49762273 -0.39770126
v -0.26414573 0.50086701 -0.42618507
v -0.24581070 0.52978832 -0.40135467
v -0.29048896 0.53856164 -0.47237980
v -0.26997969 0.53316784 -0.43310815
v -0.27356267 0.56637919 -0.43871915
v -0.25397608 0.56248486 -0.40430248
v -0.21869913 0.52833796 -0.37646681
v 0.38442901 0.53504050 0.02551223
v 0.41358426 0.48917851 0.04910368
v 0.42262551 0.57561249 0.00075414
v 0.39531806 0.61563790 -0.02875791
v 0.44990531 0.53085572 0.02139007
v 0.47667333 0.48410597 0.03244917
v 0.45464191 0.60269696 -0.05259621
v 0.47838959 0.56139743 -0.03444032
v 0.38116935 0.45085040 0.06172813
v 0.41100028 0.40418327 0.07142764
v -0.29529575 0.85440838 -0.37242949
v -0.28057048 0.08288357 -0.32207906
v -0.26541653 0.04902961 -0.30173355
v -0.29674059 0.03167766 -0.28318501
v -0.29496208 0.11612228 -0.34409404
v -0.34166461 0.04528394 -0.28257841
v -0.02203293 0.06663392 0.21987419
v -0.10396497 0.08130585 0.26240432
v -0.07330093 0.06144428 0.25165993
v -0.09495303 0.03327075 0.26762801
v -0.04226501 0.04100691 0.24174283
v -0.06253706 0.01380371 0.25857544
v -0.10987453 0.13001153 0.25188369
v -0.08654302 0.15605575 0.22641586
v 0.12969929 -0.22649953 0.23691638
v 0.15270978 -0.19988915 0.23438145
v 0.10563073 -0.25213528 0.23189010
v -0.19337954 0.82694983 0.01184421
v -0.20648582 0.85197049 0.01266509
v -0.21022631 0.82124853 0.04331904
v -0.19763753 0.79387730 0.04199645
v -0.18164179 0.80086899 0.00881394
v -0.24417081 0.84268874 0.07119472
v -0.23000008 0.81516331 0.07391164
v -0.22402333 0.84770066 0.04230691
v -0.21618554 0.78710788 0.07449073
v -0.73823237 0.13526572 -0.05468053
v -0.84323680 -0.04451071 0.53441435
v -0.81703770 -0.03067701 0.50787449
v -0.86199927 -0.02095874 0.51904327
v -0.82697940 -0.07029891 0.54533374
v -0.88395572 -0.00149928 0.49949998
v -0.91111171 -0.01671143 0.52593070
v -0.83689678 -0.00562599 0.49365580
v -0.89072919 -0.03520298 0.54646403
v -0.85970759 0.01581082 0.47528887
v -0.66145879 1.16853690 -0.69942582
v -0.60469550 1.06777692 -0.71758199
v -0.66229498 1.11363745 -0.74139446
v -0.65709937 1.20649457 -0.64649379
v 0.22282064 -0.38135165 -0.27977264
v 0.20187512 -0.28423157 -0.26103318
v 0.18248191 -0.31132090 -0.26393819
v -0.97486973 0.49094591 -0.17024201
v -0.96292830 0.51377201 -0.11934920
v -0.94774032 0.53505224 -0.07274127
v -1.02333903 0.50124025 -0.26710981
v -1.06168795 0.53515327 -0.31002265
v -0.19297284 -0.03419502 -0.26658523
v -0.25082448 0.01551656 -0.28338701
v -0.20453104 -0.00115693 -0.28203586
v -0.15811282 -0.01827449 -0.27869460
v -0.09268709 -0.37271774 -0.00547937
v -0.07925081 -0.37500632 0.02295353
v -0.10417934 -0.36679333 -0.03449408
v -0.61113572 -0.24958080 0.36471534
v -0.64593422 -0.25924298 0.38321561
v -0.63804305 -0.23237702 0.39726961
v -0.67164660 -0.24269021 0.41732353
v 0.53759289 -0.58234602 0.07506454
v 0.46072277 -0.60463744 0.09746721
v 0.51795542 -0.61563241 0.08227502
v -0.38498789 1.01042604 -0.35665971
v -0.41388285 1.03962946 -0.33762616
v -0.36530423 1.00113344 -0.32837319
v 0.47921088 -0.28238252 -0.02696010
v 0.47880104 -0.29907033 0.00587761
v 0.50281978 -0.31112733 -0.04006233
v 0.50029397 -0.29594600 -0.07298186
v 0.45617262 -0.25494626 -0.01500174
v 0.45516220 -0.27218080 0.01818737
v 0.52527416 -0.32711551 -0.08622237
v 0.52558255 -0.37756258 0.00500188
v 0.52799964 -0.35922474 -0.02420040
v 0.49975452 -0.34598586 0.02199978
v 0.50275242 -0.32771790 -0.00813125
v 0.52802885 -0.34233922 -0.05467296
v -0.71878242 1.04608345 -0.16367319
v -0.74170172 1.02531624 -0.13922143
v -0.71176064 1.00823188 -0.10323897
v -0.75215602 1.07762790 -0.20656104
v -0.77435291 1.05147803 -0.17810698
v -0.69321799 1.06504560 -0.18745181
v -0.63261545 1.05444527 -0.16752696
v 0.18887231 0.57665896 -0.26720944
v 0.16390416 0.56376517 -0.26805055
v 0.21902621 0.57877767 -0.31157112
v 0.16707936 0.56759167 -0.22078827
v -0.12966627 0.59022892 -0.25062928
v -0.11200086 0.56698292 -0.25753155
v -0.14693002 0.58382529 -0.28024304
v -0.12967959 0.55854690 -0.28737533
v -0.07530555 0.55274737 -0.22867605
v -0.35839206 0.80694091 -0.55032670
v -0.34824300 0.76671100 -0.56119281
v -0.31760111 0.71991712 -0.52318537
v -0.33907652 0.72862136 -0.57016712
v -0.32527575 0.75712508 -0.51564384
v -0.27407104 0.95034802 -0.00698489
v -1.12783837 0.57906759 -0.46158159
v -1.14613700 0.61635256 -0.50014472
v -1.12647855 0.55495465 -0.52716112
v -1.14465022 0.59261054 -0.56703484
v -1.15354133 0.65714931 -0.53303045
v -0.77587998 0.71664125 0.18438870
v 0.47556034 -0.31723717 0.03684870
v 0.46930441 -0.33715996 0.06522438
v 0.52070928 -0.39769191 0.03250597
v 0.49406394 -0.36594862 0.04995069
v 0.46043655 -0.35883570 0.09086159
v 0.45161793 -0.29058540 0.04961494
v 0.44496366 -0.31067502 0.07823181
v 0.39552155 -0.52737260 -0.35046935
v 0.38270816 -0.56030679 -0.34988928
v 0.35466656 -0.49074417 -0.33220816
v 0.38923302 0.22450492 -0.25139153
v 0.41655961 0.24289834 -0.24097307
v -0.61469197 0.05831589 -0.12976764
v -0.64282632 0.06585377 -0.11048705
v -0.58704507 0.05040896 -0.14909971
v -0.59589374 0.02217102 -0.10708970
v -0.62697858 0.02757791 -0.09001806
v -0.56665295 0.01609795 -0.12457690
v -0.84969127 0.54169852 -0.78156948
v -0.84312844 0.48984474 -0.74877876
v -0.75657797 0.49069786 -0.75297940
v 0.59843814 0.43792719 -0.28675988
v 0.56635988 0.40398321 -0.28706223
v 0.58099079 0.47175065 -0.33293462
v 0.60386801 0.50345027 -0.32559669
v 0.55863202 0.51369774 -0.36528248
v 0.52455032 0.48622265 -0.36938876
v -0.43231004 1.01339889 -0.47838950
v -0.42875415 0.98801440 -0.50995243
v -0.42172784 0.95311755 -0.53925014
v -0.38859946 0.93045670 -0.49769133
v 0.09215954 0.36135423 -0.40620297
v 0.13771895 0.37351936 -0.41610408
v -0.35243124 1.02186954 -0.17675914
v -0.31391624 0.99586123 -0.17258951
v -0.36747128 1.02687359 -0.20350829
v -0.29190558 0.97135299 -0.19413169
v -0.27946916 0.96555972 -0.16572213
v -0.30081344 0.98983753 -0.14435288
v -0.17261529 0.77328461 0.00531068
v -0.18728997 0.76560515 0.03983962
v -0.17842369 0.73648512 0.03654604
v -0.17032713 0.70713007 0.03279589
v -0.12289389 -0.07222049 0.27150446
v -0.16135129 -0.12822267 0.25172329
v -0.14240433 -0.10054542 0.26345396
v -0.17549048 -0.08476679 0.26941961
v -0.15643308 -0.05517094 0.27700073
v -0.10262863 -0.04319505 0.27380562
v -0.12490909 0.52398562 -0.32122767
v -0.33643669 -0.20830628 -0.11235876
v -0.30518374 -0.21650708 -0.12485850
v -0.32951283 -0.23796222 -0.08922462
v -0.26039484 -0.27910867 -0.08573225
v -0.29063126 -0.27040285 -0.07471269
v -0.26757577 -0.25456512 -0.11243439
v -0.29889837 -0.24587536 -0.10135958
v -1.04353070 0.88737589 -0.75808913
v -1.07444179 0.88693511 -0.70202696
v -1.06487596 0.81841463 -0.76618552
v -1.00284982 0.54339743 -0.75119162
v -0.99259639 0.49494854 -0.71366680
v -0.97567582 0.44790915 -0.67093217
v -1.02743208 0.45941958 -0.63633907
v -0.92348516 0.49057502 -0.73645371
v -0.90847802 0.01308168 0.47795677
v 0.24634641 -0.11885497 0.15401462
v 0.27156255 -0.14113522 0.14447980
v 0.25998607 -0.16514131 0.16905990
v 0.22043341 -0.09704024 0.16378312
v 0.23455980 -0.14284205 0.17895420
v 0.19264594 -0.07629944 0.17261606
v -0.64858961 0.95060593 0.07780105
v -0.65884405 0.96490204 0.04747029
v -0.63782299 0.93111384 0.10592477
v -0.91923726 0.76359779 -0.04033937
v -0.95785236 0.79504442 -0.10538723
v -0.99192321 0.77749527 -0.14293206
v -0.99523902 0.83244306 -0.17834684
v -0.92680430 0.85926330 -0.10673108
v -0.96053314 0.84835035 -0.14030525
v -0.92472982 0.80895734 -0.07272467
v -0.88944638 0.77811706 -0.01116446
v -0.89350164 0.82040054 -0.04336790
v 0.20128840 -0.12513626 -0.19441660
v 0.16788688 -0.13781264 -0.21274377
v 0.17224926 -0.09972802 -0.19192328
v 0.23300332 -0.14986232 -0.19883619
v 0.20358780 -0.16515198 -0.21635087
v 0.18222252 -0.06838459 -0.16557935
v -0.18800274 -0.31634340 -0.07463153
v -0.13558765 -0.35060892 -0.02487892
v -0.14632180 -0.34203988 -0.05418881
v -0.15494853 -0.32845053 -0.08339319
v 0.59041464 -0.41382182 -0.08884825
v 0.58639061 -0.39854258 -0.11757150
v -0.27172613 0.17645890 -0.37197757
v -0.31960869 0.18155856 -0.38932729
v -0.28234836 0.21189052 -0.38888937
v -0.22040243 0.16695821 -0.35364103
v -0.25975949 0.14045584 -0.35358107
v -0.30820954 0.14905564 -0.36661845
v -0.36607215 0.18785025 -0.40105581
v -0.32914928 0.21536896 -0.41087937
v -0.37526530 0.21911964 -0.42526740
v -0.23677167 0.41995540 0.25606364
v -0.17004435 0.01551676 -0.29310182
v -0.12177435 -0.00282495 -0.28536013
v 0.34167930 0.59065020 -0.37566024
v 0.28849927 0.59715629 -0.34832692
v 0.27611586 0.61909235 -0.30904627
v 0.36809841 0.55608922 -0.39571726
v 0.40390578 0.57970649 -0.39056313
v -0.28750855 0.98237884 -0.11573897
v -0.26685062 0.95859933 -0.13733698
v -0.43833944 0.68703330 0.29111338
v -0.42121154 0.65103519 0.29465371
v -0.40262079 0.61563945 0.29701322
v -0.37097692 0.63502705 0.27524984
v -0.77430570 0.82060301 0.11784171
v -0.76528943 0.79581457 0.14776970
v -0.73967981 0.84214741 0.13324837
v -0.80465138 0.79902047 0.09767611
v -0.79729748 0.77205932 0.12839013
v -0.78020394 0.84418595 0.08617647
v -0.74750686 0.86391658 0.10341103
v -0.72901332 0.81863350 0.16140968
v -0.70184648 0.86457831 0.13950387
v -0.71557492 0.79390186 0.18750186
v -0.68951726 0.84099954 0.16579652
v -0.75422800 0.77011615 0.17626433
v 0.15912867 0.02157785 0.08869660
v 0.13919491 0.05549689 0.05969854
v 0.16241160 0.03371280 0.04955786
v 0.16269094 0.04269641 0.00702206
v 0.15272859 0.00551961 0.12442811
v -0.37310025 0.87613547 0.16469029
v -0.38907221 0.90364063 0.14706033
v -1.06441748 0.47595817 -0.59324938
v -1.03457105 0.43665129 -0.54387343
v -1.08786666 0.49607879 -0.54138660
v -1.01894176 0.42328373 -0.44194269
v -1.02738118 0.44929975 -0.38606638
v -1.05535328 0.45922983 -0.49229228
v -1.09940898 0.51892257 -0.48238462
v -1.06581926 0.48375112 -0.43496525
v -1.06748772 0.50943512 -0.37349296
v -0.86786401 -0.05206506 0.07860892
v -0.83728302 -0.04689406 0.05924761
v -0.89799535 -0.05868201 0.10189766
v -0.08820775 0.36818969 0.10906433
v -0.07218103 0.38260359 0.07960418
v -0.08248402 0.32061672 0.13127023
v -0.05932525 0.28984904 0.12359089
v -0.10807949 0.40049258 0.11682858
v -0.09290677 0.41451630 0.08637638
v -0.05466808 0.39713246 0.05104142
v -0.07641937 0.42827955 0.05659658
v -0.03116815 0.36577851 0.04677518
v 0.09458211 0.46589988 -0.37212020
v 0.10939655 0.42448583 -0.39837581
v 0.01656961 0.39522934 -0.38747251
v -0.03793877 0.41485262 -0.37599510
v 0.08754668 0.49805847 -0.33941245
v 0.13184389 0.47352710 -0.37838924
v 0.55713975 -0.39354557 -0.04178612
v 0.59138238 -0.43117875 -0.06100831
v 0.33837637 -0.71821815 -0.27016994
v 0.31336579 -0.48910755 0.14411415
v 0.33931944 -0.46404111 0.15359403
v 0.31292579 -0.43745255 0.16401064
v 0.28698632 -0.46193784 0.15429835
v 0.26104569 -0.48413056 0.14020856
v -0.32620251 0.01067914 0.31626493
v -0.36952466 0.05652070 0.33288294
v -0.31974459 0.06823957 0.32038879
v -0.38580188 0.10471854 0.33485925
v -0.41321486 0.04579710 0.34601063
v -0.29069138 0.00277816 0.30672628
v -0.27914500 0.04736676 0.31110042
v -0.30060932 -0.04060668 0.29827684
v 0.28744975 -0.51124275 0.12896092
v 0.44207767 0.44196299 0.05768419
v 0.50137079 0.44062662 0.02759148
v 0.50174248 0.51851976 -0.02442487
v 0.52465403 0.47782725 -0.02349930
v 0.43914017 0.36162984 0.06597556
v 0.46826211 0.39887610 0.05021638
v -0.14158122 0.65867388 -0.01090999
v -0.13175814 0.63085127 -0.01499413
v -0.23201625 0.90195507 -0.17076756
v -0.21968408 0.86967671 -0.18244514
v -0.24472186 0.90766615 -0.20052253
v -0.26028019 0.93837529 -0.18470135
v -0.23264909 0.87453616 -0.21306172
v -0.22274014 0.84038931 -0.22329374
v -0.20654172 0.86442620 -0.15163481
v -0.52367175 0.77021253 0.28465921
v -0.50570202 0.73805910 0.29845154
v -0.58164525 0.76831573 0.26559311
v -0.54235768 0.79490793 0.26134479
v -0.57239741 0.40929589 0.31178707
v -0.65660661 0.39743090 0.26739305
v -0.81734157 0.43534353 0.08184338
v -0.28667986 0.88852459 -0.33042586
v -0.30251956 0.89200753 -0.35917956
v -0.31224480 0.92884260 -0.34296703
v -0.31961763 0.89699978 -0.38939559
v -1.03909075 -0.01535542 0.32107466
v -1.01730299 0.01009169 0.34085661
v -1.01415777 0.00394951 0.28799909
v -1.03187776 -0.03019403 0.26969236
v -0.69517541 0.04108586 -0.05307084
v -0.64772522 -0.00811641 -0.05302550
v -0.61261767 -0.01240124 -0.06829302
v -0.63450944 -0.04969382 -0.03322184
v -0.70316839 0.08273655 -0.06850263
v -0.65984029 0.03366239 -0.07236552
v -0.73420453 0.09504396 -0.04269733
v -0.46108776 1.06953788 -0.40866214
v -0.63307339 1.21810412 -0.51779234
v -0.98227596 0.62879080 -0.08900017
v -1.00231898 0.66710365 -0.12068303
v 0.14507976 -0.51667631 0.05539859
v 0.12243679 -0.49340296 0.06446701
v 0.25208005 -0.67477220 -0.06848018
v 0.23965156 -0.66895884 -0.10052538
v 0.28606787 -0.71420866 -0.08315343
v 0.27250567 -0.70834970 -0.11546449
v 0.32039151 -0.75601596 -0.09760578
v 0.33784094 -0.75865859 -0.06513578
v 0.35798898 -0.75720668 -0.03373003
v 0.30267653 -0.71594465 -0.05096113
v 0.26839593 -0.67520493 -0.03687295
v -0.34236413 0.51788497 0.29630989
v -0.37586012 0.49451044 0.31323856
v -0.99226379 0.89422321 -0.21791148
v -1.02644277 0.87340486 -0.26208037
v -1.04889846 0.91635132 -0.35746098
v -1.01717412 0.94376194 -0.30779862
v -0.93674624 0.09194112 0.21911295
v -0.92012703 0.10767376 0.19105309
v -0.33373386 0.51914692 -0.55802077
v -0.30910328 0.54553485 -0.51837319
v -0.33863196 0.48491743 -0.54408759
v -0.35571539 0.56183302 -0.62132609
v -0.32923707 0.55355227 -0.56933069
v -0.36081412 0.52604055 -0.60968363
v -0.30694956 0.57951021 -0.52628309
v -0.02769797 0.21745765 0.13632396
v -0.00369717 0.19219883 0.12673046
v -0.01136948 0.23309556 0.10730982
v -0.05195192 0.24422145 0.14526056
v -0.07602198 0.27291963 0.15367667
v -0.06972280 0.22554725 0.17577814
v -0.57347536 0.90610099 0.14704029
v -0.57804167 0.83771515 0.20914067
v -0.59480488 0.85979933 0.18362902
v -0.61043608 0.88393813 0.15836327
v -0.71954215 1.26258504 -0.50072443
v -0.67710710 1.24585700 -0.51355374
v -0.73991477 1.28018165 -0.57327384
v -0.69503635 1.25790942 -0.58463049
v -0.75508547 1.27350342 -0.64155358
v -0.08309627 0.01365142 -0.28697067
v -0.03461437 -0.00518633 -0.27154475
v 0.33335945 0.68149847 -0.26024979
v 0.30231556 0.65771383 -0.26257282
v -0.40697321 -0.22569135 0.24445985
v -0.43260533 -0.22929394 0.25756723
v -0.42198449 -0.24539360 0.22329159
v -0.36826667 -0.20097190 0.24757312
v -0.39336383 -0.20294735 0.26055121
v -0.38220787 -0.22377232 0.23104452
v -0.39707267 -0.24345005 0.20974039
v -0.34321612 -0.20113415 0.23451184
v -0.35749903 -0.22360474 0.21726660
v -0.41363165 -0.25927624 0.18445709
v -0.43893021 -0.26129425 0.19775496
v -0.01151001 0.38191614 0.02096988
v -0.03560190 0.41256279 0.02302736
v -0.05867735 0.44242182 0.02668525
v -0.62571025 0.41464674 0.28959501
v -0.64596665 0.43923363 0.28243446
v 0.25479099 -0.05012086 0.01746175
v 0.27815107 -0.07110244 0.01010634
v 0.30232289 -0.09248373 0.00272486
v -0.35943723 0.91278750 0.12209412
v -0.73404264 0.17688669 -0.22823136
v -0.75948942 0.19405642 -0.25284266
v -0.71487850 0.15891248 -0.26473087
v -0.78551543 0.21165825 -0.28129175
v -1.00544012 -0.01294805 0.23731317
v -0.99073160 0.02414218 0.25538099
v -1.04529321 -0.07094839 0.25562614
v -1.01674640 -0.05563076 0.22341682
v 0.19268259 0.50428867 -0.07668001
v 0.22030354 0.46607605 -0.03260807
v 0.21582878 0.51309478 -0.06771170
v 0.17045760 0.49751461 -0.08567472
v 0.24032995 0.52667457 -0.05934713
v 0.24293011 0.47472838 -0.02063242
v 0.27323869 0.43031305 0.01951979
v -0.60341203 -0.28399378 0.30843884
v 0.10635960 0.19658665 -0.01167680
v -0.89167690 0.65132380 0.04865661
v -0.91410279 0.63116527 0.01651572
v -0.87738109 0.61667275 0.07408637
v 0.22938225 0.55778027 -0.35202968
v 0.25778571 0.57657373 -0.35078567
v 0.21502918 0.59238064 -0.26604393
v 0.24656036 0.59770656 -0.31064647
v 0.24621764 0.52943850 -0.38544476
v 0.27596739 0.54823810 -0.38308781
v -0.47645742 -0.10640579 0.35213524
v -0.51540864 -0.11453673 0.36836541
v -0.43929851 -0.09847160 0.33760107
v 0.08181337 0.35633200 -0.02224553
v 0.10786435 0.32563746 -0.02474409
v 0.15608943 0.30923164 -0.03967354
v 0.13065779 0.34123340 -0.03407738
v 0.53385937 -0.48158377 0.06134878
v 0.52028906 -0.51009417 0.08045958
v 0.04575783 -0.18446109 -0.24133046
v -0.19461384 0.41064435 0.22386988
v -0.22027807 0.38838404 0.24830027
v -0.17875886 0.37871248 0.21504252
v -0.20951274 0.29829094 0.25836366
v -0.18715283 0.26572949 0.25401437
v -0.20283338 0.35600230 0.24078779
v -0.43205017 -0.27017313 0.15683508
v -0.45792109 -0.27225113 0.16975443
v -0.45188063 -0.27402601 0.12879142
v -0.50590575 -0.27863488 0.15388453
v -0.47851121 -0.27564940 0.14132275
v -0.40641016 -0.26971334 0.14393140
v -0.49907520 -0.27167347 0.11471735
v -0.47181684 -0.27074817 0.10234074
v 0.08806142 -0.36236489 0.17092884
v 0.06161183 -0.33980113 0.17674333
v 0.06611869 -0.37930685 0.14753346
v 0.03449929 -0.31856155 0.18206941
v 0.03950897 -0.35714644 0.15321869
v 0.08454829 -0.32027146 0.19770356
v 0.01848042 -0.37187159 0.12777835
v 0.04532599 -0.39359015 0.12187354
v -0.02585982 0.53267884 -0.15139630
v -0.05667433 0.55105895 -0.14986320
v -0.06457156 0.55348849 -0.19009319
v -0.36365420 0.97786272 -0.37962341
v -0.34842193 0.94176960 -0.40164220
v -0.38462526 0.98733068 -0.41048378
v -0.40600252 1.02104151 -0.38681710
v -0.42861572 1.03376532 -0.41983795
v -0.36959821 0.95098215 -0.43505245
v -0.39557853 0.96525949 -0.47014010
v -0.40805984 1.00023413 -0.44293487
v -0.32955214 0.93419057 -0.37122113
v -0.33873951 0.90402389 -0.42222279
v 0.13479039 0.44505760 -0.06670438
v 0.16626355 0.40821394 -0.04450789
v 0.15602329 0.45152578 -0.06382933
v 0.14518356 0.40034685 -0.04659343
v 0.17525941 0.36365122 -0.03779888
v 0.19739118 0.36949044 -0.03079692
v 0.18752238 0.41302526 -0.03671978
v 0.21933475 0.37216023 -0.01832467
v -0.14052606 0.41687045 0.15629958
v -0.12538061 0.43237627 0.12512974
v -0.11117262 0.44605869 0.09376451
v -0.17356145 0.79769921 -0.13495788
v -0.74840844 0.44011080 -0.71827292
v -0.28272191 0.92062438 -0.28753927
v -0.31153989 0.95750850 -0.29665691
v -0.16335428 0.23485753 0.24907185
v -0.23906586 -0.30758750 0.03954715
v 0.30668613 0.18335021 -0.27435285
v 0.26633987 0.18587132 -0.32718438
v -0.00519069 0.15785329 -0.33078700
v 0.04523724 0.12989309 -0.31245142
v -0.00523068 0.12096235 -0.31443667
v 0.04163262 0.09614030 -0.29352480
v 0.08111060 0.07540736 -0.26550329
v 0.08710581 0.10388961 -0.28543055
v -0.85845339 1.26017821 -0.64822578
v -0.89786696 1.24372339 -0.60292673
v -0.84077156 1.28279376 -0.58435583
v -0.80010498 1.28653753 -0.61942691
v -0.81449616 1.25911057 -0.68199503
v -0.87740088 1.26227701 -0.53999734
v -0.16213617 0.67807800 0.02899615
v -0.15295669 0.64962190 0.02530669
v -0.42327714 0.94629449 0.09647316
v -0.43935114 0.96474421 0.06717133
v -0.64601630 0.68586850 0.27848494
v -0.66412544 0.71420473 0.25662589
v -0.68206227 0.74139112 0.23445071
v 0.35315314 0.41961053 0.06436852
v 0.32809648 0.39723700 0.05955386
v -0.13856497 0.15336551 0.26110715
v -0.16527054 0.17888203 0.26782578
v -0.16475692 0.12391547 0.28074270
v -0.11270631 0.18004152 0.23539309
v -0.22272819 0.11552958 0.30118632
v -0.19137977 0.09297761 0.29435652
v -0.19353661 0.14839129 0.28750712
v -0.13459598 0.10181434 0.27214104
v -0.24786031 0.93176538 -0.15580535
v -0.34606394 0.41741320 -0.51364458
v -0.09214476 0.05057030 -0.30103922
v -0.14368507 0.07051751 -0.31342894
v -0.10106601 0.08951235 -0.31509322
v -0.13264330 0.03258769 -0.29924971
v -0.91930568 -0.40672183 0.42729712
v -0.89254224 -0.40389919 0.45767146
v -0.89544559 -0.39624768 0.51391673
v -0.92104959 -0.40798676 0.48506171
v -0.86748183 -0.39223939 0.48677438
v -0.86495733 -0.39644456 0.43313277
v -0.89163220 -0.39923567 0.40272969
v -0.32717186 0.96282053 -0.32326090
v -0.29658663 0.92463583 -0.31543612
v -0.34449670 0.96944082 -0.35054582
v -0.46450782 0.01981784 -0.21358965
v -0.49852884 0.02670687 -0.20146629
v -0.48640060 0.04666156 -0.24265642
v -0.54585218 0.07322381 -0.26217109
v -0.50813961 0.06957628 -0.27423391
v -0.52204752 0.05255175 -0.23079391
v -0.55484492 0.05996625 -0.21435919
v -0.53011906 0.03428195 -0.18610106
v -0.58102655 0.08038186 -0.24406658
v -0.33703905 -0.28969479 0.04235521
v -0.36418957 -0.28421396 0.05363429
v -0.34665796 -0.28400862 0.08030932
v -0.45308408 0.18978740 -0.42285264
v -0.02625202 -0.35284406 -0.17041880
v 0.00566262 -0.37239158 -0.17835894
v 0.00926010 -0.34571198 -0.19824047
v 0.31062993 -0.12261686 -0.12125096
v 0.33883569 -0.14505601 -0.12868467
v 0.28747687 -0.12803501 -0.15141323
v 0.31657770 -0.15050450 -0.15851960
v 0.36677179 -0.16872138 -0.13674611
v 0.34549007 -0.17382774 -0.16635928
v -0.46292832 -0.26171640 0.06576454
v -0.45101047 -0.24870580 0.02983663
v 0.30827746 0.56850243 -0.37980205
v 0.33366176 0.53338099 -0.40076232
v 0.12655610 0.48520377 -0.09726729
v 0.14875367 0.49119312 -0.09363116
v 0.15954030 0.04926533 -0.03927210
v 0.18257070 0.02046512 -0.00192929
v -0.95270240 0.40306172 -0.62345499
v -1.00078750 0.41747576 -0.58800000
v -0.96980894 0.37763053 -0.53717661
v -0.92524850 0.36117002 -0.57475007
v -0.86712551 0.35062695 -0.60376811
v -0.70157051 0.39936203 0.23063512
v -0.67503214 0.41865540 0.25719392
v -0.71889091 0.42088827 0.21799929
v -0.69430590 0.44328439 0.24638136
v -0.72577274 0.38108957 0.20204054
v -0.73998785 0.40012199 0.18774706
v -0.66658527 0.46703172 0.27348304
v -0.71484828 0.47088346 0.23497863
v -0.73763454 0.44620278 0.20506148
v -0.13836360 0.20631981 0.24310856
v -0.93183160 0.54170197 -0.77188218
v -0.25213626 0.08181082 0.30838680
v -0.21731950 0.06061962 0.30138397
v 0.18928039 -0.53205907 0.07339951
v 0.15077451 -0.54737586 0.01536209
v 0.21171647 -0.51929462 0.09903578
v 0.23767707 -0.54698241 0.08798301
v 0.16873002 -0.54161966 0.04536313
v 0.21504834 -0.55971438 0.06226046
v 0.17654389 -0.57416242 0.00371639
v -0.61710584 0.81437850 0.21474488
v -0.63419294 0.83806211 0.18938749
v -0.79318118 0.24701235 -0.46988529
v -0.77087748 0.22193399 -0.43064964
v -0.83870542 0.25913355 -0.43473929
v -0.81255734 0.23371878 -0.39437002
v -0.87165463 0.27793896 -0.39219993
v -0.84098244 0.25286865 -0.35054380
v -0.89594996 0.32273102 -0.52608496
v -0.86698377 0.28854871 -0.47909254
v -0.90367246 0.30715585 -0.43796593
v -0.62195194 -0.29943630 0.28239167
v -0.64328074 -0.30741918 0.25334418
v -0.60817170 -0.29986101 0.23775147
v -0.34766734 0.38383994 -0.49843544
v -0.48827329 0.92487949 -0.66913188
v -0.09856796 -0.26103467 0.17390315
v -0.07044901 -0.27831075 0.17005520
v -0.02576487 -0.23883677 0.21416886
v -0.04821216 -0.25969258 0.19315359
v 0.00258467 -0.25796077 0.21105264
v -0.02026801 -0.27831534 0.18973121
v -0.04271199 -0.29643387 0.16630699
v -0.06422707 -0.31169468 0.14146683
v -0.24616303 0.10428037 -0.33443952
v -0.15461083 0.11023583 -0.32723826
v -0.20837215 0.12802324 -0.33947712
v -0.16512999 0.15049498 -0.33984160
v -0.19543791 0.08899193 -0.32401848
v -1.10114884 -0.33225012 0.36872452
v -1.12001932 -0.30181929 0.35689700
v -0.83614981 0.19106138 0.20010246
v -0.88741779 0.15016048 0.19443321
v -0.86137128 0.16438273 0.16518110
v -0.68946880 0.94327688 0.05814723
v -0.72320020 0.92146885 0.05759405
v -0.68362463 0.92788076 0.08543146
v -0.75497699 0.90539604 0.04267882
v -0.75324547 0.88406914 0.07322152
v -0.71181720 0.88617057 0.11200468
v -0.67481256 0.90847462 0.11272943
v -0.71899086 0.90524310 0.08391640
v 0.43191591 -0.22887626 -0.00439908
v 0.45314279 -0.24013031 -0.04990968
v 0.47057024 -0.25463390 -0.09559870
v 0.47682777 -0.26713398 -0.06093481
v 0.43113849 -0.24622840 0.02921242
v 0.40647617 -0.20374274 0.00494952
v 0.40592554 -0.22117233 0.03885524
v 0.14957783 0.43354744 -0.40523106
v -0.62264788 0.74127269 0.26263058
v -0.64057517 0.76660168 0.23899467
v -0.88164437 -0.15944609 0.11386277
v -0.91728973 -0.16683197 0.13695095
v -0.95343280 -0.17556298 0.16108449
v -0.89003277 -0.11027202 0.10527590
v -0.92395818 -0.11787707 0.12934436
v -0.66787016 0.30135903 0.26618928
v -0.61884403 0.28137720 0.29299760
v -0.61667430 0.24098969 0.31316572
v -0.42919436 0.84400296 -0.64279103
v -0.38937509 0.82246447 -0.59649676
v -0.41811687 0.79794550 -0.65528572
v -0.44044548 0.89135104 -0.62560844
v -0.40034190 0.86593133 -0.58024961
v -0.41155881 0.91072643 -0.56204975
v -0.79532242 -0.29094866 0.17426972
v -0.77298927 -0.25807369 0.13555038
v -0.75876975 -0.28248066 0.15866989
v -1.09712350 0.87675393 -0.62882876
v -0.67479897 0.81636089 0.19092968
v -0.65811300 0.79157001 0.21530284
v -0.56024969 0.81628323 0.23594026
v -0.64963663 0.86251223 0.16448328
v 0.01876330 -0.43715894 0.02843068
v -0.00752279 -0.41535658 0.03604177
v 0.03066987 -0.45799279 -0.01073918
v 0.03427482 -0.43381780 0.05862325
v 0.35944077 0.35101920 0.07361694
v 0.38927296 0.30970502 0.07108570
v 0.38380304 0.37313497 0.07694989
v 0.30510470 0.38315910 0.04896151
v 0.33697245 0.33712617 0.06408796
v -0.20585880 -0.29803571 0.08895464
v -0.23289052 -0.28816846 0.09820959
v -0.22292498 -0.30412981 0.06491928
v -0.18768042 -0.28927153 0.11204040
v -0.21503529 -0.27811611 0.12103008
v -0.25964844 -0.27975997 0.10829128
v -0.24222314 -0.26815614 0.13109484
v -0.19629174 -0.26489264 0.14298858
v -0.22420238 -0.25383818 0.15288664
v -0.80033636 -0.12710640 0.55376828
v -0.81297672 -0.09798472 0.55154222
v -0.82858133 -0.13815093 0.58375394
v -0.77352846 -0.11641347 0.52514422
v -0.79007173 -0.15815708 0.55169684
v -0.81659949 -0.16897833 0.58131033
v -0.03475079 0.53840888 -0.19357434
v -0.29779470 0.71577346 0.19825135
v -0.81374431 -0.31915045 0.21693225
v -0.88141465 -0.34090567 0.25336790
v -0.84835804 -0.33013865 0.23459105
v -0.82636070 -0.34319746 0.26275212
v -0.85815012 -0.35509044 0.28129226
v -0.77794838 -0.30845347 0.20038836
v -0.62253177 0.15730011 -0.38150084
v -0.14124954 0.50608814 0.10869858
v -0.11365059 0.48875621 0.06900731
v -0.90683508 0.13527793 0.22153617
v -0.92179430 0.11720020 0.24829818
v -0.91483593 0.11124765 0.30531824
v -0.93605924 0.09678175 0.27531469
v 0.40410611 0.71380490 -0.28863454
v 0.48595670 0.69868451 -0.29202831
v 0.47040430 0.70147252 -0.25249267
v 0.44088879 0.72457492 -0.27192509
v 0.39347997 0.71956438 -0.24369444
v 0.36356196 0.70337671 -0.25482500
v 0.24609080 -0.04242590 -0.02270449
v 0.23158425 -0.02947523 0.02480270
v 0.26885900 -0.06276186 -0.02910373
v -0.60590792 0.13819355 -0.35122848
v -0.42120537 0.37775064 -0.58774662
v -0.46685514 0.37060186 -0.62612766
v -0.41594994 0.41621250 -0.60662544
v -0.40997219 0.45484146 -0.62481284
v -0.37315774 0.45392537 -0.57796705
v -0.37854403 0.41806108 -0.56097621
v -0.46223587 0.41190821 -0.64483285
v -0.45700902 0.45357817 -0.66482323
v -0.52148592 0.36252397 -0.64790809
v 0.13783887 0.00524384 -0.16942421
v 0.17399570 -0.01925227 -0.13275808
v 0.14849964 -0.02018508 -0.16522786
v 0.16035953 0.00458418 -0.13369086
v 0.15132499 0.02970137 -0.13759039
v 0.17852518 0.00449933 -0.09447750
v 0.16429317 0.02894726 -0.09291747
v 0.05769131 -0.29837897 0.20282225
v 0.08146644 -0.27612102 0.21974541
v 0.10848963 -0.29788426 0.21355148
v 0.11104032 -0.34288588 0.19134346
v -1.00232506 1.01868320 -0.36068159
v -0.97218728 1.03442943 -0.31335825
v -0.94017446 1.03819799 -0.26836884
v -0.95165539 0.97147840 -0.22120085
v -0.98497093 0.96250021 -0.26265475
v -0.95523930 1.10598803 -0.36990041
v 0.38020530 -0.75113320 -0.00432970
v 0.32198969 -0.71351814 -0.01976578
v 0.28698578 -0.67198694 -0.00589556
v 0.34340903 -0.70668983 0.00946354
v -0.78105891 0.89343834 0.02190173
v -0.78244865 0.86854583 0.05402424
v -0.80739796 0.88435847 -0.00062083
v -0.14279006 0.62175703 0.02150632
v 0.38083622 -0.19602725 0.04803313
v 0.35210481 -0.19087413 0.08821478
v 0.32770631 -0.16629350 0.09731437
v 0.32044449 -0.18806824 0.12542179
v 0.35562232 -0.17131221 0.05680744
v 0.35602376 -0.15355769 0.02294212
v 0.38098803 -0.17863831 0.01396272
v -0.49105769 -0.03378999 -0.13328615
v -0.46100444 -0.04131761 -0.14886302
v -0.47813928 -0.07115436 -0.11009783
v -0.50742269 -0.06439732 -0.09305498
v -0.40983054 -0.12396547 -0.12276954
v -0.43963534 -0.11556464 -0.10585356
v -0.41823792 -0.08720319 -0.14214206
v -0.44847637 -0.07898287 -0.12637910
v -0.42996317 -0.04963775 -0.16308632
v -0.46868962 -0.10769847 -0.08850951
v -0.47796273 -0.00505315 -0.17374033
v -0.44581649 -0.01301832 -0.18672493
v -0.66821229 -0.21271122 0.42785233
v -0.63384020 -0.20328200 0.40702778
v 0.55636406 -0.37060934 -0.20636883
v 0.52318287 -0.33477023 -0.19320215
v 0.56987607 -0.37462294 -0.17660487
v 0.53719234 -0.33834216 -0.16291901
v 0.19398624 -0.60901254 -0.14660504
v 0.16321972 -0.57874572 -0.13263008
v 0.19197661 -0.59058648 -0.17426762
v 0.22474012 -0.62381500 -0.18946105
v 0.22627664 -0.60081053 -0.21489917
v 0.25930586 -0.66044593 -0.20601416
v 0.16114813 -0.56110066 -0.16043518
v 0.22955021 -0.57533741 -0.23832859
v 0.26135296 -0.63703227 -0.23193744
v -0.12308026 -0.35538936 0.00360724
v -0.15309355 -0.33991879 0.01253072
v -0.10885332 -0.35667747 0.03121036
v -0.13824862 -0.34032732 0.03940794
v -0.74717951 0.31028953 0.18376572
v -0.71952730 0.32831156 0.21494223
v -0.75247097 0.32192832 0.16733494
v -0.77096355 0.30051517 0.13017283
v -0.77318311 0.31129944 0.11453073
v -0.70020825 0.35412860 0.22903411
v -0.72832650 0.33954337 0.20042653
v -0.68814158 0.34213322 0.24130140
v -0.73749816 0.34979647 0.18601827
v -0.75787115 0.33185673 0.15179162
v -0.71292019 0.36599571 0.21643184
v 0.48604986 -0.38771802 0.07563923
v 0.51325905 -0.41997391 0.05793741
v -0.48590112 0.79217726 0.27239209
v -0.46926802 0.75818044 0.28143948
v -0.45383671 0.72284627 0.28692490
v 0.49685088 -0.64833122 0.08236541
v 0.39011446 -0.67910552 0.05828869
v -0.83604717 0.80865449 0.04187675
v -0.83199680 0.77793533 0.07386810
v -0.80902231 0.82610726 0.06492013
v -0.81007135 0.85467821 0.03226174
v -0.82519186 0.74856049 0.10432567
v -1.07564449 -0.33132964 0.33246297
v -1.09377360 -0.29959631 0.31933719
v 0.12411031 0.38880116 -0.04344530
v 0.15304789 0.35422856 -0.03860720
v 0.22690275 0.33095506 -0.02629720
v 0.20356753 0.32729691 -0.03665227
v -0.45078456 0.73150575 -0.71877813
v -0.40801758 0.75520849 -0.66551721
v -0.51331007 0.74918061 -0.75808263
v -0.54609662 -0.26231486 0.10371150
v -0.57522917 -0.26604638 0.11613303
v -0.56251121 -0.24453735 0.08290248
v -0.52693403 -0.27416840 0.12722015
v -0.55586821 -0.27803788 0.13984682
v -0.60542417 -0.22453010 0.07608618
v -0.57596123 -0.22095263 0.06410428
v -0.67677557 0.32602274 0.25323689
v -0.64035475 0.33673397 0.27224219
v -0.66977513 0.36689252 0.25376433
v -0.65469819 0.35308123 0.26337999
v -0.29598403 0.67727149 -0.48351341
v 0.42710355 -0.26525173 0.06051446
v 0.41061392 -0.30746114 0.11484495
v 0.00225124 0.44802445 -0.03446998
v -0.01599450 0.42944810 -0.00513197
v 0.02801368 0.41860399 -0.02860884
v 0.01975131 0.46745536 -0.06433637
v 0.04633275 0.43832812 -0.05169066
v 0.00867867 0.39930552 -0.00422813
v 0.05505210 0.38773942 -0.02416863
v 0.03451267 0.36869088 -0.00405665
v 0.01348664 0.35117286 0.01836705
v -0.29107460 0.60653841 -0.48381621
v -0.29258186 0.64168614 -0.48526311
v -0.51593125 0.45042950 -0.69415373
v 0.32663873 -0.11539432 -0.00507466
v 0.29278824 -0.08346541 -0.03568928
v -0.17598748 0.66809773 0.06384651
v -0.18525861 0.69752395 0.06750325
v -0.19096048 0.65731978 0.09826897
v -0.16597202 0.63942903 0.06029308
v -0.17959121 0.62858015 0.09482515
v -0.20797801 -0.07018375 0.27550685
v -0.18964556 -0.03920932 0.28371739
v -0.23956075 -0.05807547 0.28225660
v -0.19369054 -0.11365896 0.25805348
v -0.22525746 -0.10118534 0.26476520
v -0.25551894 -0.09146793 0.27205521
v 0.23276040 -0.03879423 -0.06254584
v 0.21418846 -0.03919050 -0.10003270
v 0.21224186 -0.01834260 -0.05748320
v 0.22427139 -0.02189937 -0.01635201
v 0.19274795 0.00279161 -0.05256758
v 0.19503784 -0.01826562 -0.09661184
v -0.73939073 0.74330240 0.20167188
v -0.69951493 0.76829296 0.21162243
v -0.72304326 0.71549004 0.22483878
v 0.58593607 0.54150772 -0.35271102
v -0.78175342 -0.19075006 0.54622656
v -0.80709386 -0.20154124 0.57493931
v 0.05329269 0.49715185 -0.11572371
v 0.03609902 0.48461455 -0.09296250
v 0.08384198 0.46843585 -0.08694714
v 0.11420435 0.43544343 -0.06389938
v 0.09399560 0.42275456 -0.05544094
v 0.10447496 0.47804812 -0.09546712
v 0.07508093 0.50510228 -0.12992516
v 0.06415790 0.45545813 -0.07220629
v -0.78540325 0.27950987 0.02360906
v -0.78401721 0.30153245 0.06236686
v -0.79080451 0.29723835 0.01422350
v -0.78920949 0.31773120 0.05132025
v -0.77671075 0.32330552 0.10036050
v -0.78206146 0.28819367 0.07514507
v -0.79140484 -0.09367840 0.04967485
v -0.77645886 -0.14166394 0.06297639
v -0.82402027 -0.09828925 0.06513735
v -0.75866091 -0.09063786 0.03562366
v -0.81072319 -0.14695928 0.07748011
v -0.85699224 -0.10388324 0.08330366
v -0.79820168 -0.19055772 0.09394214
v -0.76272845 -0.18439984 0.08016232
v -0.21236090 0.71795487 0.10467519
v -0.19428521 0.72761256 0.07095662
v -0.79620850 0.48052856 0.14678176
v -0.75809395 0.47473657 0.19201772
v -0.80308235 0.53830808 0.16480206
v -0.83032405 0.48977786 0.10010190
v -0.81925595 0.51286340 0.13308907
v -0.82610059 0.25378728 -0.26907516
v -0.81225479 0.23114794 -0.31363523
v -0.79794264 0.23360039 -0.23934552
v -0.83333063 0.27665153 -0.22542211
v -0.80459487 0.25481981 -0.19830102
v -0.85727608 0.27619416 -0.30473167
v -0.50928015 0.70585597 -0.76237595
v -0.50727427 0.66474473 -0.76299471
v -0.53449351 -0.28258100 0.16673014
v -0.55938399 0.25515696 0.31467515
v -0.57194066 0.29316866 0.30090952
v -0.49297085 0.22619496 0.32533562
v -0.32184851 -0.24755287 0.16828160
v -0.34734988 -0.24432096 0.18207404
v -0.33799475 -0.26263621 0.14434090
v -0.33220598 -0.22532627 0.20358090
v -0.38859367 -0.25871572 0.17098002
v -0.36341649 -0.25986984 0.15760772
v -0.37235177 -0.24308684 0.19593947
v -0.30615008 -0.22954321 0.18999588
v -0.31734186 -0.20349985 0.22165991
v -0.08967037 0.20421258 0.20644243
v -0.21801473 0.03282635 -0.29863843
v -0.18268797 0.05123768 -0.30842525
v -0.23220634 0.06817587 -0.31593478
v -1.09072626 0.81280535 -0.36666662
v -1.07865989 0.88073736 -0.40985733
v 0.43975922 0.29863018 0.05155374
v 0.46486893 0.32755774 0.04456086
v 0.41293922 0.33162919 0.07224713
v 0.49161616 0.36315197 0.02917770
v -0.25302529 0.94283509 -0.03350202
v -0.24502444 0.92324299 -0.00909793
v -1.05884004 0.95476121 -0.46163070
v -1.03176105 0.99138480 -0.41067195
v -1.03305149 1.02704310 -0.52436090
v -1.10580659 0.83844030 -0.46324319
v 0.00828980 -0.41174579 0.06561115
v -0.03542857 -0.39438826 0.04361261
v 0.59407008 -0.70028585 0.04886882
v 0.57556796 -0.62479585 0.05769184
v 0.55590487 -0.65881801 0.06701697
v -0.93687963 0.45599747 -0.13568613
v -0.92795825 0.47791567 -0.08836775
v -0.91588020 0.49867031 -0.04500817
v -0.89307570 0.44223383 -0.06156269
v -0.88414621 0.46262404 -0.02137478
v -0.98309767 0.46717623 -0.22528443
v -0.79932654 0.30053908 -0.03207435
v -0.79544115 0.28417468 -0.06883805
v -0.78795743 0.27831578 -0.02303565
v -0.81637001 0.32601297 -0.04355628
v -0.81444824 0.30929589 -0.08168963
v -0.79074931 0.26817745 -0.10502358
v -0.81214142 0.29233140 -0.12006958
v -0.83939123 0.33715200 -0.09932078
v 0.01384179 0.11097191 0.16535322
v -0.00338644 0.08996037 0.19370095
v 0.00775924 0.04591024 0.21068408
v 0.04057249 0.08949033 0.15566103
v 0.02485272 0.06884321 0.18431002
v -0.17317188 0.43066540 0.19569656
v -0.15794972 0.39905819 0.18667591
v -0.15538171 0.44823390 0.16526344
v -0.14041954 0.46339184 0.13357212
v -0.15363523 0.49338943 0.14197469
v -0.16868734 0.47856209 0.17413907
v -0.97425318 -0.39189649 0.36853319
v -0.94678175 -0.40252823 0.39719284
v -0.47810945 -0.06607243 0.36078840
v -0.51901966 -0.07579643 0.37629128
v -0.52902949 -0.03295341 0.38469589
v -0.44388241 -0.01136808 0.35509896
v -0.48613048 -0.02170657 0.36944830
v -0.43898347 -0.05707711 0.34553301
v -0.20449977 0.75767195 0.07354786
v -0.22394225 0.74896443 0.10666008
v -0.20700495 0.89164937 -0.04293911
v -0.20744582 0.87907726 -0.01640166
v -0.22007497 0.87581772 0.01109725
v -0.22173692 0.89821589 -0.01407047
v -0.23397318 0.89972174 0.00612999
v -0.90383887 0.09217393 0.35864627
v -0.92917013 0.08751050 0.33012295
v -0.89292216 0.06382334 0.40747517
v -0.94655550 0.06379526 0.35615551
v 0.41767445 -0.79562485 -0.01891356
v 0.40381804 -0.74015194 0.02210165
v -0.24990828 -0.29560196 0.07435650
v -0.27666059 -0.28858566 0.08425999
v -0.60059011 1.00613332 -0.74514812
v -0.66178930 1.04813838 -0.77237928
v -0.71488333 1.21041822 -0.70740849
v -0.71969938 1.15529001 -0.75341594
v -0.72340882 1.08678412 -0.78844255
v -1.06213343 0.64474690 -0.77570236
v -1.00575924 0.59348202 -0.78130168
v -1.09836388 0.70107871 -0.75457448
v -1.05371726 0.69754881 -0.79383832
v -0.40344924 0.49360299 -0.64316016
v -0.36695427 0.48997569 -0.59475106
v -0.66903090 0.49188721 -0.74847394
v -0.66432869 0.44280887 -0.71804005
v -0.45077348 0.80883396 0.25184417
v -0.89459288 0.86668640 -0.07654868
v -0.95848429 0.90761942 -0.17863409
v -0.23447795 -0.22518876 0.18413001
v -0.26285073 -0.21587619 0.19603252
v -0.25198063 -0.24406070 0.16415881
v -0.27940416 -0.23568755 0.17650717
v -0.26914692 -0.25989717 0.14260808
v -0.29574591 -0.25304699 0.15513214
v -0.31223729 -0.26698804 0.13150273
v -0.28610000 -0.27263629 0.11938752
v -0.29056978 -0.20831335 0.20850138
v -0.90632927 0.37699339 -0.20051540
v -0.90592337 0.35275656 -0.24954788
v -0.87003171 0.34673408 -0.16750500
v -0.83647418 0.29850018 -0.18273644
v -0.83842885 0.31842718 -0.14075086
v -0.86853433 0.32483178 -0.21298985
v -0.86545730 0.30078620 -0.25877500
v -0.90123391 0.32744563 -0.29816240
v -0.94563866 0.40906826 -0.23894142
v -0.94517779 0.38340831 -0.29146498
v -0.93969178 0.35689953 -0.34279835
v -0.58382452 0.71997958 -0.79416776
v -0.66541719 0.73339230 -0.81932825
v -0.84547102 -0.18087628 0.61014807
v 0.50893009 0.29736257 -0.04140836
v 0.53444421 0.33244726 -0.05349101
v 0.36648592 -0.69500613 0.03547978
v 0.23520207 -0.63832146 -0.02249199
v -0.86391640 0.87250388 -0.04923351
v -0.83478069 0.87764663 -0.02389961
v -0.86481798 0.83095908 -0.01638236
v 0.31750390 -0.45788735 -0.31585401
v 0.26770720 -0.45795101 -0.29803652
v 0.25421545 -0.48786473 -0.28939152
v -0.62509644 0.90867025 0.13251926
v -0.66290045 0.88645554 0.13911828
v 0.23563561 -0.43183070 -0.28548777
v 0.16342440 -0.04470816 -0.16443458
v 0.14875776 -0.07378030 -0.19057071
v 0.22633499 0.19143686 -0.12795067
v -0.41038862 0.25290242 0.31791896
v -0.44872105 0.23855321 0.32075083
v 0.42317542 -0.35594356 0.12592866
v 0.40724567 -0.38161010 0.14317624
v 0.44875023 -0.38262355 0.11317660
v -0.89039111 0.39424109 -0.65035319
v -0.93658710 0.34054905 -0.48709607
v -0.58773744 0.11732265 -0.32195532
v -0.64929783 0.13991514 -0.33036536
v -0.68680727 0.14544263 -0.30033290
v 0.29639766 0.45168445 -0.41980183
v 0.32792678 0.47236994 -0.41522390
v 0.26905248 0.49377376 -0.40836346
v 0.30057111 0.51253122 -0.40531641
v -1.10097432 0.54374045 -0.41846329
v -1.11343086 0.53403062 -0.58690006
v -0.75801980 -0.32049850 0.22793682
v -0.87056315 0.36687726 -0.12263232
v -0.88529360 0.03178082 0.45361590
v -0.70706689 1.24605787 -0.65055901
v -0.64855349 1.22384632 -0.58491945
v -0.26286870 0.95867938 -0.05968233
v 0.03285712 0.34889311 -0.39405036
v 0.06615162 0.22867298 -0.36725605
v -0.07416007 0.38911003 -0.37989837
v 0.23122066 -0.65821403 -0.13186382
v 0.19918761 -0.62324947 -0.11700322
v 0.26595101 -0.57816082 0.07591380
v -0.70858884 -0.13327423 0.03971329
v -0.67502499 -0.13031200 0.02906756
v -0.64147818 -0.12788972 0.01884077
v -0.62880468 -0.16364470 0.03847835
v -0.65544689 -0.08901264 -0.00091623
v -0.37847775 0.78001618 -0.60839623
v -0.15514179 0.61151075 0.05661928
v -0.16774780 0.60068423 0.09123476
v -0.19399469 0.61722624 0.12931590
v -0.18048178 0.58948153 0.12595962
v 0.18859756 -0.23362553 -0.24653460
v 0.24584463 -0.23588938 -0.24328880
v 0.22290087 -0.25892588 -0.25400269
v 0.21214235 -0.21069402 -0.23601978
v -1.07798767 -0.35789591 0.38421202
v 0.17004994 0.53285593 -0.12502545
v 0.19342890 0.54294252 -0.11872699
v -0.92185450 0.70012546 -0.83555895
v -0.03663959 -0.33073941 0.13716248
v -0.05686121 -0.34229633 0.11106880
v -0.09202048 -0.29412672 0.14595687
v -0.08478527 -0.32378572 0.11620069
v -0.07574689 -0.35044199 0.08472674
v -0.58372140 0.67528778 -0.79296792
v -0.50826621 0.00245006 -0.15877497
v -0.55940664 0.04227234 -0.16825986
v -0.52038407 -0.02698369 -0.11674500
v -0.53762424 0.00950040 -0.14212248
v -0.45169294 1.04797578 -0.45493233
v -1.05406034 -0.11556441 0.24607714
v 0.02933064 0.12952901 0.13584313
v 0.05462176 0.10746244 0.12557416
v 0.02016541 0.16822751 0.11654286
v 0.03527737 0.18243721 0.08727333
v 0.00982186 -0.14714703 0.25671601
v 0.05450627 -0.47911042 -0.01933317
v 0.04451206 -0.47394770 -0.05064103
v 0.02066356 -0.45271266 -0.04189523
v 0.01307866 -0.44383043 -0.07235321
v -0.09631319 0.45885742 0.06253807
v -0.12719429 0.47659692 0.10125995
v 0.03026333 -0.27783123 0.20718746
v 0.05382359 -0.25562268 0.22509430
v -0.25203976 0.80828798 0.10413857
v -0.90972435 0.44123167 -0.69512695
v 0.66974962 -0.55917048 -0.05290490
v -0.33171678 0.91973615 0.09613234
v -0.84061956 0.54704601 0.11631116
v -0.86227727 0.79271996 0.01627337
v -0.83784258 0.84232497 0.00891361
v -0.59720111 -0.19494316 0.38760746
v 0.43938211 0.25574595 0.01512096
v 0.46348318 0.27709156 0.01527647
v 0.41625300 0.27721924 0.05102841
v 0.45789716 0.24597450 -0.03405816
v 0.43293324 0.23009548 -0.04050415
v 0.48330489 0.26831910 -0.03438644
v 0.41590807 0.24123892 0.00799535
v 0.48811749 0.30560637 0.00795844
v -0.06406292 -0.37404794 0.05088954
v -0.09306581 -0.35508323 0.05813803
v -0.01899332 -0.39020061 0.07216723
v -0.04724857 -0.36976463 0.07854319
v -0.79291320 -0.33126515 0.24500151
v -0.80288780 -0.35048041 0.29224062
v 0.39417109 0.21022527 -0.18648760
v 0.36143044 0.20895313 -0.26166189
v 0.33363786 0.19568278 -0.27009392
v 0.41806927 0.21666634 -0.11007284
v -0.11479337 0.23117268 0.21449129
v -0.09418406 0.25342137 0.18425511
v -0.27896541 0.63600212 -0.44348449
v -0.26456523 0.63189250 -0.40669465
v -0.27626964 0.60070521 -0.44226795
v -0.29055440 0.57214820 -0.47953272
v -0.78206098 0.27516335 0.09022272
v 0.36121729 0.49483812 -0.40997320
v -0.60242879 -0.22339824 0.37791693
v 0.55491507 -0.55057341 0.06119545
v 0.56861079 -0.52156723 0.04112258
v -0.81670499 0.39087725 -0.66875380
v -0.83210599 0.43903658 -0.71067852
v 0.13513377 -0.55152613 -0.12005615
v 0.14050084 -0.56410724 -0.09022993
v 0.16844758 -0.59223819 -0.10299881
v 0.02284753 0.26141086 0.05363568
v 0.01790470 0.30479389 0.03684483
v -1.00736296 0.60754770 -0.13619450
v 0.00324851 -0.02576143 0.24460034
v -0.02986544 -0.00593966 0.25070667
v 0.03645399 -0.04554839 0.23977976
v 0.02123490 0.00049679 0.22602762
v -0.01057729 0.02091943 0.23342885
v -0.78355086 0.26351702 0.03473713
v -0.24034791 0.02675836 0.30243260
v -0.28358448 0.10815480 0.31403577
v 0.05381095 -0.01951353 0.22050978
v 0.03830415 0.02539028 0.20304666
v -0.80908871 0.27409327 -0.15880446
v -0.94289410 0.43309581 -0.18632759
v -0.90522420 0.39927301 -0.15191416
v 0.49442223 -0.28304943 -0.10653941
v 0.51921773 -0.31414697 -0.11845433
v 0.55684900 -0.37636459 -0.07083729
v 0.55356002 -0.36111200 -0.10097482
v 0.10096526 -0.01558690 0.19104423
v 0.06939566 0.00483866 0.19658759
v 0.45945314 -0.24687085 -0.13006102
v -0.75111973 0.96839023 -0.05921849
v -0.73302388 0.98945862 -0.08146025
v -0.17511474 0.19106036 -0.35123241
v 0.29858944 -0.67647982 -0.25054464
v -0.05461778 -0.24444914 -0.21600029
v -0.01591615 -0.26412502 -0.22222848
v -0.05769265 -0.27664110 -0.20154937
v -0.58547473 0.58675647 -0.77516317
v -0.47655636 0.08331057 0.36236429
v -0.43031061 0.09346012 0.34767056
v -0.49981418 0.12926756 0.35805583
v -0.52354109 0.17307080 0.34762233
v -0.57728040 0.16123968 0.35921586
v -0.47302166 0.18404210 0.33662903
v -0.45129341 0.13970345 0.34453201
v 0.12407377 -0.42270458 -0.22954908
v -0.74482799 0.16908106 -0.06616244
v -0.75285327 0.19698751 -0.07579865
v -0.77806377 0.23864172 -0.00505147
v -0.76705527 0.21602857 -0.04238658
v -0.30996609 -0.18398017 -0.14520207
v -0.34216085 -0.17573294 -0.13302982
v -0.31411946 -0.14970967 -0.16323745
v -0.38640848 -0.09610204 -0.15668955
v -0.35339490 -0.10525844 -0.16909100
v -0.37916756 -0.13244161 -0.13772088
v -0.31893566 -0.11428469 -0.18042441
v -0.34709528 -0.14106369 -0.15142229
v 0.51972258 0.40316597 0.00757365
v -0.41908425 -0.20669043 0.27344263
v -0.44615555 -0.21205071 0.28667617
v 0.26137155 -0.13729492 -0.17737779
v 0.29166344 -0.16040450 -0.18398553
v -0.95400012 0.07422871 0.24771346
v -0.25988799 0.59646237 -0.40633470
v -0.24811083 0.62973106 -0.37501132
v 0.27715132 -0.25982636 -0.25109977
v -0.81988764 1.28083301 -0.51660568
v -0.78206873 1.28853679 -0.55079156
v -0.75895858 1.26617718 -0.47838831
v -0.39612117 0.52610511 0.31594145
v 0.53258717 0.55483764 -0.37928325
v 0.49736521 0.52878141 -0.38675249
v 0.46143481 0.50277376 -0.39343643
v 0.54914248 0.44191739 -0.33537650
v 0.48905626 0.45940676 -0.37347049
v 0.02593803 -0.40455258 0.09445037
v -0.00107470 -0.38294369 0.10049731
v -0.00904298 -0.35094103 0.13278367
v 0.01224935 -0.33604535 0.15818720
v 0.39349851 -0.19356668 -0.14497155
v 0.42517838 0.47727418 -0.39874327
v 0.00486229 -0.41538113 -0.12944674
v 0.00760345 -0.43172443 -0.10177854
v 0.00413388 -0.39562988 -0.15519720
v -0.56468236 -0.28783393 0.17996882
v -0.54254836 -0.28580222 0.20905919
v -0.57436943 -0.29288185 0.22301818
v -0.23719756 0.77915812 0.10624012
v -0.19000915 0.63704950 -0.29508060
v -1.08617997 -0.21624848 0.27221847
v -1.07908368 -0.25768021 0.27668554
v -1.06603110 -0.29488099 0.28653717
v -1.10726142 -0.26374692 0.30989599
v -1.04931438 -0.24987242 0.24644648
v -1.08722365 -0.17233339 0.27291369
v -1.05672514 -0.20712206 0.24083631
v 0.25317195 0.29422197 -0.03283002
v 0.24980247 0.33146995 -0.01087145
v 0.27726141 0.29324466 -0.01548689
v 0.30051783 0.25935093 -0.03290653
v 0.27547738 0.26056257 -0.05031756
v 0.22863787 0.29229352 -0.04516625
v 0.24998453 0.25927481 -0.06285922
v -0.59988725 0.79177195 0.23994352
v -0.83851242 0.35547203 -0.05929558
v -0.10912950 0.13007227 -0.32837445
v 0.11986092 0.08465005 -0.24855241
v 0.14909706 0.07360038 -0.16345796
v 0.47967300 0.38660693 -0.34133935
v 0.51400375 0.41410914 -0.33729845
v 0.27847955 -0.26251334 0.18721750
v -0.79991317 -0.05762854 0.51789796
v -0.06188034 0.18654701 -0.34247237
v -0.12269139 0.21043146 -0.35084987
v -0.00395723 0.19491300 -0.34644836
v -0.05872233 0.14683464 -0.32937759
v -0.11639120 0.17069033 -0.34032369
v -1.00404966 -0.27897799 0.23219843
v -0.98757517 -0.31271937 0.24852364
v -1.03646433 -0.28818110 0.25735438
v -1.04806697 -0.32744610 0.30092108
v -1.01889896 -0.32121783 0.27300280
v -1.02586925 -0.35416967 0.31988937
v -0.99723876 -0.34823081 0.29319364
v -0.96697712 -0.33991766 0.26956153
v -0.95769596 0.59190822 -0.05876794
v -0.50155723 0.02530837 0.37670124
v -0.54612511 0.01318771 0.39172286
v -0.68567014 0.38137192 0.24341421
v 0.45357636 0.43290156 -0.37823480
v 0.44586417 0.36039579 -0.34552699
v 0.43250546 0.54293203 -0.39840680
v 0.39617005 0.51850086 -0.40426379
v -0.20565856 -0.23626867 0.17357284
v -0.16841090 -0.27751505 0.13464653
v -0.17683654 -0.24883658 0.16459076
v -0.18663886 -0.21611375 0.19355743
v -0.12736918 -0.24501556 0.17913468
v -0.12000144 -0.27781746 0.15091452
v -0.14823464 -0.26263264 0.15699983
v -0.14054948 -0.29144025 0.12755001
v -0.15677422 -0.22980818 0.18544362
v 0.06981525 -0.38478667 -0.21298033
v 0.04053381 -0.36555403 -0.20550373
v 0.07840592 -0.35706937 -0.22912830
v 0.01449184 -0.31653824 -0.21523254
v 0.04751199 -0.33708385 -0.22199705
v -0.67243266 0.07372320 -0.09055860
v -0.85778320 0.75821936 0.04765849
v -0.85158098 0.72646374 0.07806697
v -0.02897000 -0.36229342 0.10607949
v -0.01528427 -0.31585068 0.16246504
v -0.56787276 0.09522840 -0.29258284
v -0.58441466 0.06922390 -0.19448125
v 0.18000317 -0.10035819 0.19825979
v 0.20834610 -0.12101609 0.18920326
v -0.27690321 -0.19292045 -0.15607277
v -0.15931737 0.07192908 0.28647321
v -0.12709287 0.05243445 0.27763194
v -0.16720574 -0.32641473 0.04773545
v -0.74242914 -0.13704315 0.05073793
v -0.39290291 0.56966889 -0.67063504
v -0.40619266 0.92698085 0.12396012
v -0.93522859 -0.33002689 0.24815650
v -0.91296804 -0.35125750 0.27311957
v -0.94351065 -0.36151785 0.29392183
v -0.95442915 -0.30280253 0.22641893
v 0.51359355 0.33983868 -0.00573232
v 0.53937888 0.37754855 -0.02346765
v 0.56159008 0.40869156 -0.03593907
v -0.77518904 1.18824053 -0.75244039
v -0.76640093 1.24191034 -0.70203817
v -0.56748778 -0.05506895 -0.06086493
v -0.59984517 -0.05217010 -0.04642254
v -0.58014828 -0.01645218 -0.08390529
v -0.58800542 -0.09028932 -0.02509462
v -0.62109816 -0.08929177 -0.01263866
v -0.53679240 -0.05891056 -0.07642408
v -0.54969323 -0.02116776 -0.10015704
v -0.37339580 -0.16759774 -0.11909284
v -0.40342355 -0.15920529 -0.10342124
v -0.16648939 0.52219206 0.14947112
v -0.15427145 0.53455311 0.11554928
v -0.20445861 0.00890614 0.29444718
v -0.22300005 -0.02375917 0.29066640
v -0.27042875 -0.04791960 0.28960121
v -0.16992620 -0.00836828 0.28740507
v -0.25593349 -0.00935259 0.29833686
v -0.99361706 0.02944610 0.36174005
v -0.99400342 0.03178998 0.30860919
v -0.97119451 0.05137877 0.33167958
v -0.97270977 0.05317447 0.27774018
v -0.95209825 0.07436913 0.30296761
v -0.93112051 0.55532956 -0.03063785
v -0.85670364 -0.25869316 0.61446536
v -0.83454180 -0.21326339 0.60282105
v -0.82697833 -0.24648386 0.59110218
v 0.17703345 0.56064361 -0.17069602
v -0.70059776 -0.04679622 0.45531559
v -0.68906361 0.00720282 0.43733478
v -0.90306616 0.51883149 -0.00561969
v 0.26575851 -0.61061621 -0.25516570
v 0.27184668 -0.58185214 -0.27563584
v 0.12399951 0.17022341 -0.03389819
v 0.27930275 0.20307593 -0.12553492
v 0.26020610 0.17619491 -0.16957903
v 0.24050602 0.22515896 -0.09615506
v 0.25263080 0.19845140 -0.12962647
v 0.26705185 0.22919488 -0.08973336
v 0.47072336 0.24853173 -0.09396318
v 0.44859615 0.24128923 -0.16492321
v 0.57989693 -0.38482338 -0.14671639
v 0.54747438 -0.34769604 -0.13173822
v -0.76239014 0.22154818 -0.08445279
v -0.78210235 0.26096022 -0.05930645
v -0.77456355 0.24477682 -0.09362706
v -0.77314496 0.23876572 -0.05086278
v 0.08915597 -0.32744929 -0.24094333
v 0.05631134 -0.30634353 -0.23439194
v 0.10755163 -0.37645483 -0.23645234
v 0.12000066 -0.34783959 -0.24775821
v -0.22706255 0.91424555 -0.03391028
v -0.58700335 -0.19240439 0.04624574
v -0.61706203 -0.19580531 0.05776544
v -0.66083848 -0.16765276 0.04892316
v -0.63577902 -0.22909698 0.08782332
v -0.64832157 -0.20079651 0.06830090
v -0.54729110 -0.21892130 0.05152690
v -0.90035951 0.42121604 -0.10514476
v -0.98756433 0.44193128 -0.28177625
v 0.02835527 0.22085093 0.07012215
v -0.01032375 -0.23138875 -0.23196425
v -0.00491063 -0.19838762 -0.23810820
v 0.02125597 -0.28496549 -0.22816889
v -0.78546083 -0.08634070 0.52358943
v -0.75886691 -0.07403219 0.49808991
v -0.77429700 -0.04366390 0.49363327
v 0.46873125 0.56775308 -0.39038759
v -0.32013237 -0.28884780 0.06915893
v -0.30306125 -0.28225455 0.09479839
v -0.21653564 -0.20375481 0.20285903
v -0.24592581 -0.19326159 0.21350138
v -0.27469209 -0.18481451 0.22480996
v 0.35794857 -0.28668377 -0.25361553
v 0.33501396 -0.30597094 -0.26792759
v 0.33005676 -0.26292703 -0.24515282
v 0.35406324 -0.24576110 -0.22830172
v 0.32600597 -0.22190422 -0.22031459
v 0.38104239 -0.27012783 -0.23649132
v 0.30126080 -0.23937166 -0.23742272
v 0.17377874 -0.03375615 0.15074119
v 0.44421932 0.23016644 -0.09941391
v 0.42110422 0.22435623 -0.17446026
v 0.26501000 -0.17437348 -0.20475772
v 0.23807544 -0.19101870 -0.22208333
v 0.27070674 -0.21562666 -0.22939442
v -1.11879575 0.77435511 -0.42633724
v -1.14020550 0.73445624 -0.48985505
v -0.39696044 -0.19238144 -0.08325554
v -0.36697751 -0.20025352 -0.09835952
v -0.86711442 0.38734370 -0.07963130
v 0.29606614 -0.16426381 0.13478222
v -0.28479803 -0.08436762 0.27971065
v 0.24545872 -0.19024673 0.19018230
v 0.28494534 -0.18801761 0.15931469
v -0.22877051 -0.16838348 0.22956993
v -0.19819553 -0.18023545 0.22062103
v -0.96966445 -0.26888210 0.20920877
v -0.85244799 -0.28799582 0.60047758
v -0.79285955 1.02098763 -0.14885001
v -0.87738049 0.70575428 0.05017241
v -0.84400249 0.69549602 0.10687464
v -0.86862874 0.67272854 0.07858096
v -0.89147735 0.30149284 -0.34607649
v 0.20869544 -0.00858527 0.03253866
v 0.20300290 -0.00108632 -0.00967611
v -0.64315808 0.99145186 -0.00068895
v -0.25849301 -0.15891472 0.23912044
v -0.28714433 -0.15212822 0.24920247
v -0.31460682 -0.14829782 0.25959647
v -0.30242914 -0.17889336 0.23639236
v -0.32895648 -0.17610458 0.24839546
v -1.02855515 0.47555274 -0.32718879
v -0.98641860 0.41570473 -0.33753484
v -0.97960043 0.38895971 -0.39133817
v -0.16734365 0.56207561 0.12128618
v -0.17997509 0.55004531 0.15583307
v -0.38267416 0.38232893 -0.54369223
v 0.01217900 0.20714960 0.09788701
v -0.91364253 0.57513183 0.00739120
v 0.12090832 0.50544238 -0.34513044
v 0.17535082 0.38543677 -0.42221898
v -0.17988215 -0.15472636 0.23678215
v -0.21140292 -0.14169723 0.24436046
v -0.16731536 -0.19368011 0.21255176
v -0.14792359 -0.16955438 0.23030074
v -0.24202605 -0.13098249 0.25251508
v -0.07987970 0.47183722 0.03124946
v -0.09898469 0.50062525 0.03653909
v -0.91904473 -0.39511943 0.37263250
v -0.94645190 -0.38543421 0.34363061
v -0.89121354 -0.38622326 0.35036254
v -0.91782439 -0.37634325 0.32134688
v -0.97287023 -0.36987627 0.31680501
v -0.86273348 -0.37562275 0.32987744
v -0.88839567 -0.36604440 0.30083442
v 0.29624447 -0.19828072 -0.21220699
v 0.32145384 -0.18414581 -0.19136703
v 0.10309845 0.37368703 -0.03525626
v 0.07476839 0.40640914 -0.04154977
v -0.12192030 -0.33787826 0.06535279
v -0.18294506 0.04087435 0.29346746
v -0.92675388 0.33081400 -0.39183909
v -0.28941795 -0.09017412 -0.20592533
v -0.21688017 0.46483937 -0.39332592
v -0.16317959 0.39778537 -0.38410431
v -0.19263834 0.43354949 -0.38824612
v -0.17738345 0.46427104 -0.37692916
v -0.50519872 0.81891090 0.25186604
v -0.76433194 -0.34410349 0.39826399
v -0.17840664 -0.30952343 0.08056685
v -0.66797698 -0.23564664 0.09861232
v 0.24339780 -0.51798624 -0.27613848
v 0.23530972 -0.54737842 -0.25877261
v -0.78134239 0.25834343 -0.01470102
v 0.20378378 0.28685912 -0.05173625
v 0.17981219 0.32008362 -0.04138896
v 0.17886469 0.27792263 -0.05184528
v 0.22414562 0.25488621 -0.06995939
v 0.19817495 0.24745917 -0.07100751
v -0.86135662 0.40757206 -0.03944227
v 0.37748423 -0.23208636 -0.20774245
v 0.35019204 -0.20794857 -0.19946568
v 0.39923194 -0.22316560 -0.18257631
v 0.37308744 -0.19817993 -0.17441550
v -0.93432331 -0.25952891 0.18675829
v -0.94534028 -0.22006869 0.17204273
v 0.19092792 -0.04176164 -0.13401738
v 0.60719240 -0.41371840 -0.19190046
v 0.14925289 -0.57201236 -0.05915408
v 0.17714784 -0.60091186 -0.07199036
v 0.43980196 0.60364699 -0.38321304
v -0.78776217 0.74470776 0.15724021
v -1.01614368 -0.23990563 0.22038324
v -0.02073961 -0.29617172 -0.20832478
v 0.46925959 -0.50777131 -0.36032706
v -0.14445102 0.46168020 -0.36867166
v -0.16989955 0.49521413 -0.36237967
v -0.11575083 0.48361427 -0.35087138
v -0.14616357 0.50886244 -0.34425557
v -0.19179611 0.52878070 -0.35656571
v -0.20147583 0.49597037 -0.37708783
v 0.05386409 0.04808150 0.17621161
v -0.77900815 -0.35175085 0.32240248
v -0.75620270 -0.34440199 0.35199279
v 0.17501095 0.02532393 -0.04694502
v 0.21411407 0.21830438 -0.09663078
v 0.40358880 -0.25704983 -0.21586950
v 0.36374012 -0.33075964 -0.27714264
v -1.00019670 0.39892867 -0.49248582
v -0.96332753 0.36343575 -0.44103771
v 0.09722936 -0.40377307 -0.22111872
v 0.21967635 -0.63803065 -0.05412335
v 0.20758626 -0.63313490 -0.08592182
v 0.53552711 0.65553391 -0.30289835
v -0.81739819 0.71959311 0.13343862
v -0.83374131 0.66415942 0.13344668
v -0.60110986 0.20134461 0.33829242
v -0.54453588 0.21473509 0.33215004
v -0.47857621 -0.24460721 0.04390269
v -0.46371937 -0.22673842 0.00844770
v -0.50618041 -0.24218526 0.05740194
v -0.49030322 -0.25972354 0.07858689
v 0.59423351 -0.40926945 -0.22134800
v -0.61383545 0.04405849 0.40764916
v -0.65365487 0.02650162 0.42258185
v -0.58909488 -0.00083961 0.40677869
v -1.08193839 -0.12819013 0.27909994
v -1.00243080 0.64483976 -0.80436313
v -0.99348986 0.69922161 -0.82145011
v 0.42652431 0.71663564 -0.22707027
v 0.45537487 0.69576794 -0.20698807
v -0.78598344 -0.22779197 0.11362198
v -0.74961770 -0.22046328 0.10057744
v -0.70866859 -0.28355587 0.42318934
v -0.35478055 -0.17556033 0.26023531
v -0.38018525 -0.17763835 0.27251989
v 0.14403793 -0.01362349 0.15701793
v 0.16323426 -0.05592009 0.18002990
v -0.52375019 0.07254207 0.37784910
v -0.57042718 0.05992851 0.39299381
v 0.11371058 0.00662133 0.16287220
v 0.13241354 -0.03582639 0.18586741
v 0.40899828 0.67255592 -0.10392718
v -0.72713161 1.01202798 -0.81303877
v -0.78314304 1.11842585 -0.79148948
v 0.57585537 0.42076182 -0.08272140
v 0.59216213 0.42914256 -0.13000390
v 0.58120143 0.47996500 -0.13817145
v -0.86452901 -0.38961411 0.38034135
v -0.51795614 -0.26024443 0.09117289
v -0.13650638 -0.20877570 0.20590414
v -0.10626847 -0.22487608 0.20049392
v 0.13291699 -0.53494889 -0.14814529
v 0.00715391 -0.29814905 0.18614274
v 0.14715213 0.08249652 -0.07389283
v 0.26207227 -0.53057313 0.11010575
v 0.29021075 -0.56183183 0.09839955
v -0.53411543 -0.24238825 0.07035726
v -0.51912451 -0.21903720 0.03814758
v 0.54449522 0.44058621 -0.02977324
v 0.54324913 0.50506425 -0.08430818
v 0.56270146 0.46524781 -0.08402871
v 0.56270874 0.52402937 -0.14297986
v 0.43140373 0.64045072 -0.07682703
v 0.50110602 0.58395267 -0.09682094
v 0.47985008 0.62222385 -0.11232538
v 0.47931084 0.66868263 -0.18692735
v 0.45871177 0.65644020 -0.13260078
v 0.50061488 0.63694030 -0.17000701
v 0.43700615 0.68582410 -0.15549083
v 0.51667023 0.67524546 -0.30318516
v 0.52993917 0.65275651 -0.26467246
v 0.50833225 0.67834055 -0.27530462
v 0.49526247 0.67608327 -0.23475413
v 0.52259123 0.54467875 -0.08750731
v 0.54206586 0.56404811 -0.14837980
v 0.55137265 0.62284672 -0.25737128
v 0.52121639 0.60160154 -0.15695198
v 0.55907786 0.57792467 -0.20276965
v 0.53838491 0.61423540 -0.21058862
v 0.51732600 0.64700913 -0.22094293
v -0.77051091 -0.33862349 0.27417028
v -0.50147116 -0.19455734 0.00442255
v -0.53812993 -0.16061911 0.00084648
v -0.52938342 -0.19146770 0.01962456
v -0.49140006 -0.22197586 0.02364475
v -0.20990077 0.63279951 -0.32101935
v 0.42474809 -0.24842513 -0.19109882
v -0.59947485 0.10519295 0.38723975
v -1.15162730 0.70327628 -0.56028569
v -0.78569031 0.25145692 -0.14062256
v 0.44390151 -0.24470118 -0.16245028
v -0.70741689 0.98242253 -0.04988469
v -0.43253273 -0.15065327 -0.08609299
v 0.23604438 -0.45891172 0.14962788
v 0.23583740 -0.50314027 0.12132335
v -0.68603075 0.97897834 -0.01791721
v -0.62757123 0.31382382 0.28125608
v -0.27151617 -0.12289292 0.26079249
v -0.78669465 1.11736536 -0.25464070
v -0.14936712 0.02219437 0.28549534
v -0.11599597 0.00409846 0.27738255
v 0.13696691 -0.36586607 0.18380974
v 0.11381039 -0.38541174 0.16426766
v -1.03941941 0.75468558 -0.80422628
v -0.56724465 -0.15984574 0.01507156
v -0.55787098 -0.19088879 0.03368487
v -0.09770282 0.44396064 -0.36800724
v -0.13759950 0.43356895 -0.37557793
v 0.41875151 -0.21926132 -0.15334561
v 0.08339798 0.02726620 0.16912936
v -1.14160728 0.72851342 -0.64672971
v -1.12751055 0.71051788 -0.70457125
v -1.15091550 0.67832470 -0.62642282
v 0.39759877 -0.33113626 0.13648282
v -0.08285658 -0.01453115 0.26923120
v -0.85745692 0.63964891 0.10478067
v -0.23150255 0.56078368 -0.37617540
v -0.74804759 -0.02860114 0.47262967
v -0.72021019 -0.01151510 0.45388097
v -0.73099238 -0.06103954 0.47540170
v -1.12873256 0.79124820 -0.51745617
v -1.14169478 0.75591642 -0.58437800
v -1.12314057 0.81506079 -0.60613990
v -1.10930359 0.82653004 -0.67163068
v -1.12582541 0.78446519 -0.66010040
v -1.09447157 0.82245481 -0.71690428
v -1.11297989 0.76521027 -0.71436185
v -0.29964870 -0.11791450 0.26985043
v -0.80080760 0.95964432 -0.83647585
v -0.13224454 -0.31645083 0.09728147
v -0.10408778 -0.33249876 0.09084797
v -0.11265511 -0.30675799 0.12148310
v -0.15046722 -0.32280588 0.07280867
v -0.16008857 -0.30200151 0.10420300
v -0.32919374 -0.27743444 0.10633905
v -0.71592599 0.04457814 0.43182683
v -0.54693890 -0.12740228 -0.01830298
v -0.55649185 -0.09210792 -0.03881034
v -0.57712293 -0.12613571 -0.00426913
v 0.43546274 -0.33244291 0.10375668
v -1.08404386 0.75688601 -0.76428032
v -0.68073779 -0.20666772 0.07861628
v -0.69404149 -0.17268038 0.05851188
v -1.00098538 -0.37588030 0.34241003
v -1.05303800 -0.35744298 0.35011458
v -0.79149997 1.03986073 -0.81929445
v -0.13625133 -0.02554002 0.28014249
v -0.55012143 0.11827596 0.37240833
v 0.18959445 -0.60446471 -0.04050805
v -0.72810370 -0.17840219 0.06844291
v 0.16148096 -0.57508689 -0.02762545
v -0.71454573 -0.21341747 0.08896421
v -0.60899270 -0.12655878 0.00755373
v -0.59770977 -0.16097760 0.02720314
v -0.19539583 -0.31423834 0.05611728
v -0.45715117 0.03598772 0.36097401
v -0.24112748 0.59448642 -0.37589687
v -0.84585226 -0.15290868 0.09427403
v -0.83470070 -0.19709066 0.10978134
f 1 2 3
f 4 2 5
f 2 4 6
f 7 8 1
f 9 5 10
f 11 7 12
f 13 14 15
f 16 17 14
f 18 14 19
f 15 20 13
f 15 21 22
f 20 15 23
f 24 25 26
f 27 28 29
f 30 31 25
f 32 33 34
f 35 36 32
f 37 33 38
f 39 32 40
f 40 34 41
f 34 42 43
f 33 37 42
f 44 45 46
f 47 40 48
f 49 39 47
f 39 49 50
f 51 52 53
f 54 55 51
f 56 57 55
f 58 52 59
f 55 54 56
f 60 61 62
f 63 19 61
f 64 65 66
f 65 67 68
f 66 68 69
f 70 65 71
f 72 64 73
f 71 64 74
f 69 75 66
f 54 76 77
f 78 79 76
f 51 80 54
f 76 80 78
f 81 80 53
f 82 83 84
f 84 85 82
f 86 87 88
f 87 89 84
f 88 83 90
f 82 91 83
f 21 17 92
f 17 16 82
f 93 94 95
f 96 97 95
f 95 98 93
f 99 100 101
f 95 99 96
f 94 102 99
f 103 104 57
f 105 59 106
f 107 108 104
f 109 110 111
f 112 113 101
f 114 112 111
f 113 115 96
f 116 117 113
f 12 1 118
f 119 12 120
f 121 122 118
f 123 121 3
f 124 119 125
f 126 11 127
f 127 124 128
f 129 130 131
f 125 130 128
f 131 132 129
f 130 129 133
f 134 123 6
f 12 119 11
f 132 131 120
f 135 7 126
f 136 98 134
f 123 134 115
f 136 134 137
f 87 86 138
f 86 88 139
f 140 89 107
f 105 106 138
f 107 141 140
f 110 62 114
f 142 23 143
f 143 112 142
f 62 20 142
f 105 138 144
f 145 146 144
f 59 105 58
f 146 147 58
f 148 145 149
f 139 148 86
f 138 108 87
f 150 103 56
f 121 123 117
f 129 150 77
f 120 122 132
f 89 140 85
f 140 151 92
f 98 136 152
f 93 152 153
f 152 154 155
f 156 151 157
f 23 22 156
f 143 156 116
f 158 117 157
f 117 158 121
f 159 158 141
f 143 116 112
f 160 159 103
f 104 159 107
f 103 150 160
f 122 158 160
f 161 162 27
f 26 28 163
f 29 164 27
f 165 166 167
f 168 169 165
f 167 170 165
f 171 172 173
f 174 175 172
f 176 171 177
f 173 166 178
f 178 179 173
f 74 72 163
f 26 72 24
f 163 162 180
f 181 161 182
f 183 181 184
f 164 185 182
f 184 186 183
f 31 187 29
f 188 189 190
f 188 191 192
f 190 193 194
f 191 188 195
f 196 197 189
f 197 198 193
f 192 199 188
f 200 199 201
f 200 201 202
f 203 204 205
f 204 206 202
f 202 207 200
f 208 207 209
f 203 210 204
f 206 204 211
f 212 213 214
f 215 214 216
f 217 212 215
f 218 219 217
f 213 212 220
f 221 215 222
f 223 224 214
f 223 213 225
f 224 223 226
f 227 228 220
f 200 196 199
f 197 196 208
f 229 71 230
f 231 232 233
f 233 70 229
f 232 67 70
f 171 176 231
f 233 234 231
f 229 235 233
f 170 167 216
f 194 236 50
f 195 190 237
f 238 239 43
f 240 238 45
f 67 232 241
f 177 242 176
f 243 244 245
f 218 246 247
f 244 248 247
f 247 249 218
f 244 250 248
f 251 243 252
f 253 243 254
f 243 253 244
f 252 245 255
f 255 256 252
f 257 258 238
f 238 240 257
f 259 258 260
f 239 258 261
f 50 35 39
f 237 194 262
f 24 73 263
f 263 30 24
f 67 241 264
f 242 177 265
f 172 171 174
f 36 35 198
f 266 267 268
f 268 210 269
f 270 211 266
f 271 203 272
f 205 201 272
f 273 274 192
f 230 275 229
f 264 242 276
f 68 264 277
f 278 44 279
f 37 280 46
f 281 279 282
f 38 283 37
f 185 284 184
f 284 260 186
f 45 44 240
f 285 217 221
f 246 218 285
f 221 286 285
f 287 288 209
f 209 206 287
f 289 208 290
f 290 283 289
f 291 283 288
f 292 288 293
f 294 291 292
f 252 295 251
f 296 297 251
f 298 296 299
f 278 300 181
f 162 161 301
f 279 281 278
f 181 183 278
f 302 222 175
f 222 303 221
f 304 305 303
f 275 305 235
f 235 304 234
f 303 222 304
f 306 307 308
f 303 307 286
f 234 302 174
f 230 74 180
f 226 168 224
f 255 246 309
f 256 255 310
f 286 311 309
f 211 270 287
f 299 295 312
f 36 198 38
f 198 197 289
f 266 268 299
f 261 48 239
f 180 313 230
f 275 313 305
f 270 312 293
f 314 292 315
f 248 220 249
f 316 282 294
f 283 291 280
f 317 313 301
f 313 317 308
f 301 300 317
f 312 270 299
f 312 256 315
f 311 314 310
f 292 314 294
f 308 316 306
f 307 306 311
f 317 281 316
f 4 5 318
f 319 185 187
f 185 319 284
f 318 320 4
f 320 154 137
f 154 320 321
f 79 322 133
f 210 203 323
f 324 325 326
f 325 324 327
f 326 328 324
f 328 326 329
f 330 331 332
f 333 330 334
f 335 336 337
f 338 339 340
f 341 342 336
f 337 343 335
f 344 345 339
f 346 347 348
f 346 349 350
f 349 346 351
f 348 352 353
f 347 354 352
f 355 356 357
f 357 358 359
f 360 361 362
f 359 361 363
f 356 364 358
f 365 366 367
f 367 368 365
f 365 369 370
f 371 372 373
f 368 374 369
f 375 376 377
f 378 379 380
f 381 382 383
f 379 384 385
f 379 378 384
f 379 386 383
f 386 379 387
f 388 389 390
f 388 391 389
f 392 393 389
f 391 388 394
f 395 396 390
f 397 398 399
f 399 400 397
f 400 399 401
f 402 403 404
f 399 403 405
f 406 407 408
f 409 406 410
f 411 412 413
f 414 415 411
f 415 416 412
f 412 417 408
f 418 413 419
f 420 421 422
f 422 423 420
f 420 424 425
f 423 422 426
f 427 428 429
f 430 431 432
f 433 434 431
f 429 435 427
f 431 430 433
f 434 433 436
f 437 438 439
f 439 440 437
f 441 442 437
f 443 441 444
f 445 446 441
f 444 447 443
f 448 449 450
f 449 448 451
f 452 453 454
f 455 448 456
f 457 452 458
f 459 460 461
f 461 462 463
f 462 460 464
f 336 335 341
f 465 466 467
f 468 469 470
f 468 471 472
f 470 473 474
f 474 475 470
f 470 476 468
f 477 478 479
f 480 481 482
f 483 484 481
f 485 483 480
f 483 485 486
f 480 487 485
f 488 489 490
f 489 491 492
f 491 489 493
f 494 495 492
f 496 488 497
f 498 494 499
f 500 501 502
f 502 503 500
f 504 505 502
f 506 503 507
f 505 504 508
f 509 504 510
f 402 511 512
f 513 514 512
f 512 515 513
f 515 516 517
f 516 515 518
f 519 520 521
f 522 523 524
f 525 526 520
f 527 521 528
f 523 522 529
f 521 523 530
f 531 532 533
f 533 534 535
f 532 536 534
f 532 531 537
f 533 538 531
f 535 539 533
f 540 541 542
f 543 544 545
f 546 547 544
f 548 549 545
f 545 550 543
f 551 548 541
f 552 553 554
f 555 556 557
f 554 555 558
f 556 555 559
f 560 552 561
f 562 563 560
f 564 565 566
f 567 568 564
f 569 567 570
f 568 567 571
f 566 572 564
f 573 574 575
f 574 573 576
f 576 577 574
f 574 578 579
f 580 581 582
f 581 583 576
f 584 585 586
f 587 584 588
f 588 586 589
f 590 591 592
f 585 593 590
f 586 590 594
f 393 392 595
f 596 597 598
f 391 599 392
f 600 393 601
f 69 277 602
f 603 425 276
f 425 603 420
f 75 69 604
f 604 602 605
f 434 606 429
f 607 608 609
f 610 611 612
f 612 613 610
f 608 607 614
f 613 612 615
f 616 617 618
f 617 616 619
f 618 338 616
f 620 621 622
f 623 620 624
f 617 625 622
f 626 627 628
f 582 629 580
f 628 630 631
f 626 632 633
f 633 634 626
f 628 635 626
f 636 637 638
f 637 636 639
f 640 641 642
f 642 636 643
f 644 645 646
f 646 643 644
f 646 647 648
f 649 355 650
f 651 649 652
f 650 357 653
f 654 655 656
f 657 658 656
f 659 660 657
f 661 659 655
f 656 662 654
f 655 654 663
f 656 664 662
f 665 666 667
f 667 668 669
f 670 667 671
f 666 370 668
f 370 666 672
f 673 674 675
f 676 677 678
f 679 680 676
f 681 682 674
f 682 683 678
f 684 685 686
f 686 687 688
f 687 689 690
f 691 692 693
f 693 684 694
f 695 696 697
f 698 699 700
f 701 700 702
f 703 702 695
f 697 699 704
f 705 706 698
f 707 708 709
f 708 707 710
f 711 707 712
f 712 709 713
f 714 715 716
f 717 716 718
f 719 720 721
f 722 723 719
f 724 725 726
f 727 719 728
f 728 721 729
f 730 731 31
f 732 572 733
f 733 734 735
f 736 737 738
f 732 739 740
f 739 732 741
f 742 662 743
f 743 744 745
f 746 747 748
f 749 750 751
f 748 752 746
f 753 754 755
f 754 753 756
f 748 753 757
f 758 759 760
f 761 762 760
f 763 758 764
f 758 763 765
f 759 758 766
f 767 764 768
f 769 447 770
f 771 772 769
f 440 773 444
f 774 771 775
f 771 774 776
f 776 777 771
f 778 779 780
f 781 782 778
f 783 784 785
f 780 784 397
f 784 783 398
f 782 786 779
f 767 785 787
f 561 554 788
f 789 560 790
f 788 791 561
f 792 789 793
f 794 795 796
f 797 796 798
f 799 794 797
f 800 801 802
f 803 804 800
f 796 801 805
f 806 807 808
f 807 809 810
f 811 812 813
f 813 806 814
f 808 810 815
f 816 817 818
f 819 820 816
f 821 817 822
f 823 824 820
f 825 819 826
f 826 816 827
f 828 829 830
f 831 832 833
f 834 835 830
f 836 828 837
f 836 838 828
f 832 839 840
f 830 839 834
f 841 842 843
f 842 841 844
f 843 845 841
f 846 847 848
f 849 850 846
f 846 851 849
f 848 852 853
f 854 852 855
f 848 853 846
f 856 857 858
f 857 859 860
f 859 857 861
f 862 863 860
f 858 864 856
f 865 866 867
f 868 865 869
f 867 870 631
f 871 872 866
f 873 874 875
f 874 876 877
f 878 497 874
f 879 880 881
f 874 873 878
f 882 883 884
f 882 885 886
f 887 888 884
f 885 882 889
f 890 891 892
f 893 894 895
f 892 896 890
f 897 898 899
f 898 900 901
f 897 902 903
f 904 905 901
f 902 897 906
f 907 908 909
f 910 911 912
f 910 913 911
f 908 914 911
f 915 907 916
f 917 918 919
f 611 920 609
f 609 921 607
f 918 917 571
f 922 923 924
f 919 921 925
f 919 926 917
f 926 919 927
f 928 929 930
f 931 932 933
f 934 932 935
f 932 934 930
f 936 937 931
f 938 933 939
f 940 941 942
f 941 943 944
f 945 946 944
f 942 947 940
f 948 949 940
f 950 254 951
f 952 253 950
f 31 30 730
f 139 90 953
f 954 91 955
f 955 956 954
f 668 372 957
f 365 370 366
f 958 959 960
f 961 962 963
f 964 965 960
f 963 966 961
f 967 968 969
f 935 937 969
f 970 971 972
f 969 970 935
f 968 967 973
f 971 970 974
f 973 975 968
f 449 976 454
f 977 978 979
f 979 980 977
f 977 981 982
f 983 981 984
f 985 986 987
f 988 989 985
f 987 990 985
f 985 859 988
f 991 992 987
f 987 993 991
f 993 994 995
f 996 997 998
f 999 996 1000
f 998 1001 1002
f 1003 1001 1004
f 1005 1006 1003
f 662 742 1007
f 1008 1009 1007
f 1007 1010 1008
f 742 1011 1010
f 743 1012 742
f 1013 1014 1015
f 679 780 1014
f 48 1016 47
f 1017 49 1018
f 1018 1019 1017
f 1019 1018 1020
f 1021 1022 1023
f 1023 1024 1021
f 1021 1025 1026
f 1026 1027 1021
f 1023 1028 1029
f 1028 697 1030
f 697 1028 695
f 1031 1032 1033
f 1034 1035 1033
f 1036 1034 1037
f 1038 1036 1039
f 1032 1040 1037
f 1041 596 1042
f 1041 1043 1044
f 1044 597 1041
f 599 1045 598
f 1046 597 1047
f 1047 1044 1048
f 1049 1020 1050
f 1051 1049 1052
f 1053 1049 1054
f 1054 1050 1055
f 1056 1057 1058
f 1059 1060 1061
f 1062 1063 989
f 1064 1062 988
f 989 1065 986
f 986 1066 993
f 1067 1068 1069
f 1068 1067 1070
f 1069 1071 1067
f 1072 1073 1069
f 1069 1074 1072
f 1068 1075 1074
f 1076 1077 794
f 1077 1078 795
f 1079 1080 1081
f 1082 1083 1084
f 1080 1085 1084
f 1086 1087 1088
f 1088 1082 1086
f 1085 1089 1086
f 1090 1091 1092
f 1093 1094 1092
f 1095 1093 1096
f 645 1090 647
f 1097 1098 1090
f 1097 1090 1099
f 1100 1101 1102
f 1103 1104 1101
f 1105 1106 1107
f 1106 1105 1108
f 1102 1106 1109
f 1110 1111 1112
f 1113 1114 1112
f 1112 1115 1110
f 1116 1115 905
f 1117 906 1113
f 1118 1113 1119
f 1120 1117 1118
f 1121 1122 1123
f 1124 1125 1122
f 1123 1126 1121
f 1127 1128 1123
f 1123 1129 1127
f 1130 1131 1132
f 1133 1134 1135
f 1135 1130 1136
f 1137 1138 1139
f 1140 1137 1141
f 786 782 1142
f 1143 1144 1145
f 1142 1146 786
f 1144 1143 1147
f 1148 1143 683
f 1149 1150 1151
f 1152 1153 1154
f 1153 1155 1151
f 1154 1156 1152
f 1150 1157 1154
f 1150 1149 1158
f 1158 1159 1150
f 1160 1161 665
f 672 1161 1162
f 1161 1160 1163
f 665 1164 1160
f 1164 665 670
f 1165 1038 1166
f 1166 1039 1167
f 688 690 1032
f 690 1168 1040
f 49 1017 262
f 262 1169 237
f 1170 1169 1171
f 1172 1173 1174
f 1173 1172 1175
f 1176 1177 1178
f 1175 1177 1179
f 1177 1176 1180
f 1178 1172 1181
f 419 407 1181
f 1182 1183 406
f 1184 1185 649
f 1027 703 1022
f 1186 1187 1188
f 1189 1186 1190
f 1186 1189 1191
f 1190 1188 1192
f 1188 1193 1194
f 1193 1195 1196
f 1187 1197 1193
f 1198 1199 1200
f 1200 1201 863
f 1202 1203 1204
f 1200 1205 1198
f 1206 1207 1208
f 1208 1209 1206
f 1210 1211 1212
f 1213 1214 1215
f 1214 1134 1207
f 1207 1206 1215
f 1216 1131 1213
f 1141 1139 1216
f 1131 1130 1214
f 1217 1218 1219
f 1217 1220 1221
f 1219 1222 1223
f 1224 1219 1225
f 1219 1224 1217
f 1218 1226 1222
f 1227 1228 638
f 1229 1230 1228
f 572 566 734
f 1231 736 1232
f 740 570 732
f 1233 1234 1235
f 1235 1236 1233
f 1237 1238 1239
f 945 1239 1240
f 1241 1242 1243
f 1244 1245 1246
f 1242 1247 1246
f 1248 1249 1241
f 1247 1242 1250
f 825 1251 1252
f 1251 825 1253
f 819 825 1254
f 1252 1255 1256
f 1257 1258 1259
f 1259 1260 1257
f 1257 1261 81
f 1262 1263 1264
f 1265 1266 227
f 225 228 1267
f 1267 1266 1268
f 1266 1265 1269
f 1270 1271 1272
f 1273 1274 1275
f 1275 1276 1273
f 1277 1270 1278
f 1279 1280 1272
f 1281 1282 1283
f 1284 1285 1282
f 1286 1287 1288
f 1289 1290 1286
f 1290 1291 1287
f 1292 1293 1294
f 1294 1295 1292
f 1296 1297 1292
f 1298 1299 1300
f 1301 1302 1303
f 1304 1305 1303
f 1303 1306 1301
f 1302 1307 1308
f 1309 1304 1308
f 1302 1301 1310
f 1311 195 1312
f 195 1311 191
f 318 9 1313
f 1314 1315 1316
f 1313 1317 318
f 1317 1313 1318
f 1319 1314 1320
f 501 500 1321
f 500 1322 1323
f 1324 1325 1326
f 1325 1327 1323
f 1327 1328 1321
f 1329 1330 1331
f 1332 1333 1331
f 1334 1335 1336
f 1337 1329 1335
f 1338 1339 1332
f 1331 1340 1332
f 1341 1342 1343
f 1344 456 1345
f 1346 1341 453
f 1342 1341 1347
f 456 450 1343
f 935 972 934
f 972 1348 1349
f 1350 1351 1352
f 1353 1352 1354
f 1351 1355 1356
f 1352 1356 1357
f 1358 1351 1359
f 1351 1358 1355
f 508 1360 505
f 1361 1362 1363
f 880 879 1364
f 1365 1366 1364
f 1367 1368 496
f 496 880 1367
f 1366 1365 1369
f 1364 1370 1365
f 1371 1372 1373
f 1374 749 1375
f 1376 1377 1374
f 1378 1374 1379
f 1379 1375 1380
f 752 1381 751
f 1221 1382 1217
f 1382 1383 1218
f 1384 1385 1386
f 1387 1384 1388
f 1389 1390 1391
f 1388 1386 1392
f 1393 1391 1394
f 1048 1395 1396
f 1397 1048 1398
f 1395 1399 1400
f 1401 1402 1400
f 1048 1403 1395
f 1404 1405 1406
f 1406 1407 1408
f 1409 1410 1411
f 1405 1404 1412
f 1405 1413 1407
f 1414 1415 1416
f 1417 1416 1418
f 1308 1419 1309
f 1418 1419 1420
f 1415 1421 1309
f 1422 1423 1424
f 1424 1393 1425
f 1391 1393 1389
f 1389 1423 1426
f 1027 1026 1427
f 1428 904 1427
f 1427 1429 1428
f 1430 1429 1431
f 1432 1082 1433
f 1434 1433 1435
f 1436 1437 1438
f 1438 1439 1440
f 1441 1439 1442
f 1443 1444 1436
f 1445 1446 1447
f 1448 1449 1450
f 1446 1451 1448
f 1446 1445 953
f 1451 1446 956
f 1238 1237 1452
f 944 1237 945
f 1452 1453 1238
f 1452 943 1454
f 1455 1456 1457
f 1458 601 1456
f 1047 1459 1046
f 1460 1458 1455
f 1461 1462 1463
f 1463 1464 653
f 1461 1465 1466
f 1465 1461 363
f 1462 1461 1467
f 1468 1436 1469
f 1470 1443 1468
f 1471 1472 1128
f 1472 1473 1474
f 1475 1471 1476
f 1126 1472 1477
f 1478 1479 1480
f 1480 1481 1478
f 1482 1483 1484
f 1485 1486 1487
f 1488 525 519
f 521 527 519
f 519 1489 1488
f 525 1488 1490
f 526 525 1491
f 1492 1493 1494
f 1494 1495 1496
f 1497 1495 1498
f 1499 1500 1501
f 1500 1502 1492
f 1501 1492 1503
f 1503 1494 1504
f 1505 1506 274
f 271 272 1507
f 1508 1509 1510
f 1510 1511 1508
f 1512 1513 1510
f 1514 1515 1510
f 1509 1516 1514
f 1517 1518 1519
f 1520 1521 1522
f 1519 1523 1517
f 1523 1524 1522
f 1522 1525 1520
f 1526 1527 1528
f 1528 1529 334
f 1527 1530 1529
f 1531 1532 1533
f 1534 333 1532
f 1530 1535 1533
f 1536 1531 1537
f 1538 1539 486
f 1540 1541 1542
f 1543 1544 1538
f 484 483 1541
f 1545 1544 385
f 1546 1545 1547
f 1548 1547 1549
f 1547 1548 1546
f 982 1550 977
f 1550 1551 978
f 1552 1553 1554
f 978 1555 1556
f 1554 1555 1557
f 1558 1550 1559
f 1560 664 1561
f 664 1560 744
f 660 1562 658
f 1562 1563 1561
f 1561 1164 1560
f 438 1564 1565
f 1566 1567 1565
f 1568 1566 1569
f 1570 1571 1572
f 1573 1574 1575
f 1576 1572 1577
f 1571 1578 1575
f 1579 1580 1221
f 1581 1411 1582
f 1412 1583 1405
f 1584 1409 1581
f 1581 1585 1584
f 1582 1413 1586
f 1582 1587 1581
f 1587 1582 1588
f 1589 1590 1591
f 1592 1593 1590
f 1590 1594 1595
f 1592 1590 1596
f 1597 1593 1598
f 1599 1600 1601
f 1601 1602 1599
f 1603 1604 1605
f 1606 1600 1607
f 1600 1599 1608
f 1600 1606 1605
f 339 338 344
f 621 1609 618
f 342 1610 340
f 1542 1611 1540
f 1611 1612 1613
f 1614 1615 1616
f 1615 1617 1613
f 1545 1546 1542
f 1544 1545 1539
f 1541 1540 484
f 1197 1187 1618
f 1187 1186 1619
f 1620 1621 1619
f 1618 1622 1197
f 1623 1624 1625
f 1623 1504 1609
f 1504 1623 1503
f 1624 1623 621
f 1626 1501 1625
f 1627 1626 1628
f 1629 1627 1630
f 1631 1632 1633
f 1632 1631 1634
f 1635 1632 1636
f 1637 1638 1639
f 1633 1637 1640
f 1638 1637 1635
f 1310 1641 1302
f 1420 1307 1642
f 1267 1643 225
f 1268 1644 1267
f 168 226 1645
f 1646 1647 1648
f 1648 1649 1646
f 1650 1651 1646
f 1648 1652 1653
f 1654 1652 1655
f 1656 1657 1654
f 1658 1659 1184
f 1660 1184 651
f 1661 1658 1660
f 651 1662 1660
f 1663 1664 1665
f 1665 1666 1667
f 757 755 1668
f 1664 1669 1666
f 1670 1671 1663
f 1665 1672 1663
f 1673 1674 1675
f 1676 1673 1677
f 1678 1679 1676
f 1679 1680 1673
f 1677 1339 1676
f 1681 1682 1683
f 1684 1682 1426
f 611 610 1684
f 920 611 1685
f 1426 1686 1684
f 1326 1687 1324
f 1688 1689 1690
f 1689 1688 1147
f 1691 1688 1692
f 1690 1687 1693
f 1192 1694 1190
f 1695 1696 1694
f 342 341 1194
f 1697 1698 1190
f 1699 1700 1412
f 1699 1701 1700
f 1586 1583 1702
f 1703 1702 1704
f 1705 1706 1707
f 1708 1709 1706
f 1710 1707 1711
f 1712 1713 1714
f 1715 1714 1716
f 1717 1334 1718
f 1719 1337 1334
f 1720 1719 1717
f 1719 1720 1721
f 1722 1717 1723
f 1717 1722 1720
f 1724 1725 1726
f 1727 1728 1729
f 1728 1730 1724
f 1731 1732 1733
f 1734 1735 1727
f 1736 1387 1737
f 1418 1736 1417
f 1392 1738 1388
f 1739 1740 1741
f 1740 1739 1742
f 1743 1744 1745
f 1111 1743 1119
f 1746 1118 1745
f 1742 1746 1740
f 1747 1748 1749
f 1750 1747 1751
f 1752 1747 1753
f 1754 1755 1749
f 1756 1754 1757
f 1758 1757 1759
f 1757 1758 1756
f 1760 1761 1762
f 1122 1763 1124
f 1763 1764 1762
f 1765 889 1760
f 1125 1124 1766
f 1498 1767 1497
f 1768 1767 1769
f 1767 1498 1770
f 1495 1497 1771
f 1772 1773 1774
f 1767 1768 1774
f 1775 1776 1777
f 1776 1778 1779
f 1777 1779 1408
f 1780 1781 1782
f 1778 1783 1782
f 1784 1785 354
f 1786 1787 1788
f 354 347 1784
f 1785 1784 1789
f 1787 1790 1791
f 1792 792 1793
f 793 790 1794
f 1794 1795 793
f 1796 1797 1792
f 1798 1792 1799
f 1800 1801 1802
f 1803 928 1804
f 1801 1805 1804
f 1806 1807 1808
f 1808 1809 1806
f 1810 1811 1812
f 1808 1813 1814
f 1807 1815 1813
f 1816 1817 1818
f 1819 1820 1821
f 1822 1820 1823
f 1817 1816 1822
f 1821 1816 1824
f 1821 1825 1819
f 597 1046 595
f 1826 600 1458
f 1827 1828 1829
f 1830 1831 1832
f 1828 1827 1833
f 1829 1834 1827
f 1829 1831 1835
f 1836 1837 1838
f 1837 1836 1839
f 1840 1841 1842
f 1838 1843 1836
f 1844 1845 1838
f 1846 1844 1847
f 1837 1848 1847
f 1849 1850 1851
f 1852 1853 1854
f 1855 1852 1850
f 1855 1850 1856
f 1857 1144 1858
f 1147 1859 1689
f 1860 1859 1148
f 550 1861 1862
f 1863 1864 1861
f 1865 1866 1867
f 1868 1869 1866
f 1870 1868 1865
f 1871 1867 1872
f 1610 342 1196
f 1873 1874 1875
f 1874 1753 1876
f 1753 1874 1752
f 1877 1878 1876
f 1879 1873 1880
f 1878 1881 1875
f 1882 1883 831
f 833 1884 831
f 1885 1882 1886
f 839 832 1887
f 1888 1889 1890
f 1891 1649 1892
f 1892 1889 1893
f 1653 1890 1648
f 1894 1895 1896
f 1066 1897 994
f 1898 1896 1661
f 1896 1897 1658
f 1899 1900 1901
f 1901 1902 1009
f 1009 1008 1901
f 1902 1903 663
f 1903 1902 1904
f 912 1905 1906
f 1907 1908 1909
f 1906 1909 1910
f 1906 1911 912
f 1910 1912 1906
f 1863 549 1913
f 1914 1915 548
f 1861 550 1863
f 1913 1916 1863
f 1917 1918 1919
f 1920 1921 1922
f 1919 1923 1917
f 1924 1925 1917
f 1919 1920 1926
f 1923 1919 1927
f 1897 1066 1659
f 1659 1065 1185
f 1183 1182 1928
f 1929 1182 409
f 1178 1928 1176
f 1928 1178 1183
f 1182 1929 1930
f 1931 1932 1930
f 1933 1934 1935
f 1934 1933 1936
f 1937 1933 1938
f 1939 1940 1935
f 1935 1941 1939
f 1941 1942 1943
f 1934 1944 1941
f 1945 1892 1946
f 1947 1945 1948
f 1949 1891 1945
f 1949 1945 1604
f 1111 1110 1950
f 1951 1952 1953
f 1110 1954 1953
f 1952 1951 1328
f 1955 1956 1954
f 474 478 1957
f 1958 1959 1960
f 478 477 1960
f 1960 1961 1958
f 1962 1963 384
f 1964 1548 1965
f 1421 1415 1965
f 1963 1421 1549
f 1965 1966 1964
f 1967 1693 1968
f 1969 1968 1970
f 1971 1236 1972
f 1693 1973 1972
f 1692 1690 1967
f 1974 1975 1976
f 1977 1978 1979
f 1979 1980 1977
f 1980 1979 1981
f 1926 1922 1974
f 1982 1974 1642
f 1974 1982 1926
f 1299 1983 1984
f 1985 1295 1986
f 1299 1984 1294
f 1986 1984 1987
f 1988 1985 1989
f 1989 1986 1990
f 1641 1310 1991
f 1992 1993 1994
f 1982 1991 1927
f 1310 1995 1994
f 1996 1997 1998
f 1999 2000 2001
f 2001 2002 1999
f 1996 2003 2004
f 2004 2005 1996
f 1998 2006 1996
f 2007 2008 1754
f 1754 1756 2007
f 2008 2007 2009
f 1686 2010 1685
f 927 925 2011
f 925 920 2012
f 2013 2014 1915
f 2015 2016 2014
f 2014 2017 1913
f 2013 2018 2014
f 1959 2019 1957
f 475 474 2020
f 2021 2022 2023
f 1707 1710 1705
f 2022 1708 1705
f 2023 2024 2021
f 2022 2021 2025
f 973 2026 2027
f 2028 2027 1034
f 2027 2028 973
f 2027 1244 1035
f 2026 2029 1244
f 2030 2031 2032
f 856 2033 2034
f 857 856 2035
f 2036 2037 2038
f 2037 2036 2039
f 2040 2041 2042
f 2042 2043 2040
f 2039 2044 2037
f 2045 2046 2047
f 1839 1841 2048
f 2046 2049 2050
f 2046 2045 1094
f 2047 2051 2045
f 1841 1840 2050
f 2051 2047 2052
f 1770 2053 875
f 2054 1768 2055
f 875 877 1770
f 877 2056 1769
f 2057 1780 2058
f 1163 2059 2058
f 1163 2058 1162
f 1970 1453 1969
f 1236 1235 1970
f 1785 2060 1791
f 2061 2062 2063
f 2064 2065 2062
f 2066 2064 2061
f 1169 1170 1312
f 2067 1005 2068
f 2068 2069 2067
f 2070 2071 2072
f 2072 2005 2070
f 2073 2002 2068
f 579 2074 1806
f 575 579 2075
f 2076 2077 1893
f 2078 2079 2076
f 2080 2077 153
f 1893 2081 2076
f 1604 1603 1949
f 1646 1891 1650
f 1651 1650 2082
f 1604 1947 1601
f 1607 1608 2083
f 2084 2085 2086
f 591 2087 2088
f 2086 2087 2089
f 1882 2086 1883
f 2086 1882 2084
f 2090 2091 2092
f 2093 2094 2090
f 2095 2096 2094
f 2097 2091 2098
f 2094 2093 2095
f 2090 2099 2093
f 2092 2100 2090
f 2101 2102 2103
f 2103 2104 2101
f 2101 2105 2106
f 2107 2108 2109
f 1591 1104 1589
f 2110 2111 1103
f 1596 1589 2112
f 2113 2114 2115
f 2115 2116 2117
f 2118 2119 2117
f 2119 2118 2120
f 2115 2119 2113
f 2121 2122 2117
f 2123 2124 2125
f 766 765 2126
f 2127 2128 2129
f 2130 2131 2128
f 405 2132 2133
f 403 402 2132
f 2134 2133 2135
f 2136 2137 514
f 2138 2139 2140
f 2141 2142 2138
f 2142 1377 2139
f 2141 2143 2144
f 2143 2141 2145
f 2142 2141 750
f 565 1442 2146
f 2147 1232 2148
f 568 1441 565
f 1639 2149 2150
f 2150 2151 2152
f 2150 2153 1639
f 1523 1519 2154
f 2154 2155 1523
f 2155 2154 416
f 2156 2157 2158
f 2158 2159 2156
f 1519 2160 2158
f 489 488 2161
f 2162 741 756
f 735 2163 733
f 741 2162 739
f 739 2143 2164
f 1156 2165 2166
f 2167 1924 2165
f 1157 2167 1156
f 2168 2169 1790
f 2170 2171 2169
f 2172 2173 1045
f 1045 599 2172
f 1043 1041 2174
f 2175 2176 2177
f 2178 2179 2180
f 2181 2182 2176
f 2183 2181 2175
f 2184 2175 2185
f 2186 2187 2188
f 2189 2190 2191
f 2191 2192 2189
f 2193 2186 2194
f 2195 2196 2197
f 908 907 2198
f 2197 2199 2195
f 907 915 2197
f 914 908 2200
f 435 2201 2202
f 2203 2204 2205
f 2205 1383 2203
f 1990 1987 2206
f 2207 2204 1987
f 2208 1990 1580
f 1711 2209 1710
f 2024 2023 2210
f 2209 2211 2210
f 2211 2209 2039
f 2212 2213 2214
f 2214 2215 2212
f 2216 2217 2218
f 2219 2220 2221
f 2222 2223 2220
f 2220 2219 2222
f 2224 2225 2226
f 2227 2228 2229
f 2226 2230 2224
f 2230 2226 2231
f 2225 2232 2229
f 2225 2224 269
f 2233 2234 2235
f 2234 2159 2236
f 2237 2238 2236
f 2233 2239 1657
f 2235 2240 2233
f 2241 2242 1939
f 1939 1943 2241
f 2243 2244 2245
f 2244 2246 2247
f 2245 2247 2248
f 2249 2250 2251
f 2252 1824 2249
f 2248 2250 1818
f 322 79 2253
f 128 322 2254
f 2255 2256 2257
f 1261 2257 78
f 2257 1261 2255
f 2258 1469 2259
f 1469 2258 1468
f 1469 1438 2260
f 2261 2262 2259
f 2263 2258 2264
f 2260 1440 2265
f 2265 2261 2260
f 1569 2266 1568
f 2267 2268 1568
f 1731 2267 2269
f 2270 2269 2271
f 1564 2272 1569
f 2271 2266 2273
f 2274 2275 2204
f 1983 2274 2207
f 2205 2276 2277
f 2278 2279 2275
f 2280 2281 2274
f 2278 2275 1211
f 2282 2283 2085
f 592 2088 2284
f 2285 2286 2287
f 2288 2289 2290
f 2291 2289 2292
f 2286 2285 2291
f 852 2290 2293
f 854 2288 852
f 2290 2285 2294
f 1881 2295 1880
f 2296 2297 2298
f 2295 2299 2300
f 1880 2300 1879
f 2301 2302 2303
f 2304 2305 2302
f 2305 2304 2306
f 2304 2307 2308
f 2307 2304 2301
f 1336 1333 1677
f 1718 1336 1675
f 2309 2310 2311
f 638 2310 1227
f 2096 2312 2098
f 2313 2314 2095
f 2315 2316 2317
f 2317 2318 1536
f 2316 2319 2318
f 2318 1534 1531
f 2320 2321 2316
f 2316 2315 2320
f 178 169 2322
f 962 2323 2324
f 962 961 2323
f 2323 1054 2325
f 1053 1054 2326
f 2327 2328 2325
f 2329 603 265
f 2330 2329 179
f 2331 2332 2333
f 2334 2331 2335
f 2336 2337 2333
f 2338 2339 2340
f 2341 2336 2339
f 2342 2343 2344
f 2345 463 2346
f 464 2342 462
f 2347 2348 2345
f 2346 2349 2345
f 2350 2351 2352
f 2280 2353 2350
f 2354 2355 2351
f 2353 2280 1983
f 2281 2280 1209
f 2356 2357 1385
f 2357 2358 1394
f 2359 606 2360
f 2360 2361 2362
f 2360 2363 2359
f 2364 345 1771
f 345 344 1496
f 1771 1773 2364
f 2365 2366 2367
f 2367 2368 1354
f 2366 2369 2368
f 2366 2365 715
f 2370 2371 2372
f 2373 2370 2374
f 2375 2000 2370
f 2376 2371 1999
f 2377 2006 2378
f 2378 2375 2373
f 1298 2353 1299
f 2354 1298 2379
f 1515 2380 1512
f 2381 1513 2382
f 2383 2381 2384
f 1515 2385 2380
f 2384 2382 2386
f 2387 2388 1097
f 1097 1099 2387
f 2389 1091 2390
f 1955 1954 1116
f 1355 2391 2063
f 2391 2392 2393
f 2394 2061 2393
f 389 2395 2396
f 2395 2397 2398
f 393 600 2395
f 2399 2400 2401
f 1225 2402 1224
f 2402 2403 2404
f 2400 1220 2404
f 2401 2386 2399
f 2400 2399 2405
f 2406 2407 1985
f 2407 2406 2408
f 2408 1296 2407
f 1116 905 1428
f 901 2409 904
f 1955 1116 2410
f 2411 260 2412
f 2413 259 2411
f 2414 2415 2416
f 818 2417 2418
f 2417 2419 2416
f 2415 2420 2418
f 1656 2421 2234
f 2234 2233 1656
f 2422 2423 2424
f 2425 2426 2427
f 145 148 2424
f 2424 2426 145
f 2424 2428 2422
f 1499 2429 593
f 593 2430 591
f 860 990 862
f 2431 2432 2433
f 2434 2435 2436
f 2435 2437 2433
f 2438 2439 2434
f 2439 2440 2435
f 2441 1079 2442
f 2443 1701 1079
f 1079 2441 2443
f 2444 705 2445
f 705 2444 2446
f 706 705 2447
f 2448 1064 861
f 2449 2450 2451
f 2452 1330 2450
f 2453 2451 2454
f 2450 2455 2296
f 2298 2456 2296
f 992 991 2457
f 991 995 2458
f 2459 1204 2457
f 2458 2406 1988
f 1988 2459 2458
f 1159 1158 2460
f 1284 2461 2462
f 2463 2462 2464
f 2465 2466 1482
f 2467 1483 2196
f 2466 2465 2200
f 1484 1937 1482
f 1479 1478 2467
f 1507 2232 271
f 2468 2469 2470
f 929 928 2468
f 2471 1803 2472
f 1803 2471 2468
f 939 929 2470
f 2473 2474 2475
f 2476 2477 1671
f 2478 2479 2477
f 2475 2480 2473
f 2481 2482 2483
f 2483 2484 2481
f 2485 2482 2486
f 2487 2483 2488
f 2489 2490 2482
f 2482 2481 2489
f 619 1610 2491
f 343 337 2364
f 1683 2492 1681
f 1681 2493 2494
f 2492 1683 2495
f 2494 2496 1681
f 2432 2497 2436
f 2498 2499 2431
f 2499 2498 2500
f 2501 2499 2502
f 2497 2432 2501
f 2503 2431 2504
f 2193 2505 798
f 2505 910 2506
f 1911 797 2506
f 2194 2507 2193
f 798 805 2193
f 2508 2509 2510
f 2509 2508 1884
f 2510 2511 2508
f 1885 1886 2512
f 2513 2514 2515
f 2511 2510 2516
f 1122 1121 1763
f 1535 2517 1537
f 2518 2519 2520
f 2518 18 2521
f 2522 2523 2520
f 2520 2524 2522
f 2520 2525 2518
f 2526 2524 2396
f 1136 2527 1135
f 1136 1132 2528
f 2528 2529 1136
f 1135 2530 1133
f 782 781 1145
f 2531 692 958
f 2532 964 2533
f 692 691 959
f 2534 2535 2414
f 2420 2415 2536
f 2537 2414 2538
f 1417 1737 2539
f 1738 1392 2540
f 2539 1738 2541
f 1416 1417 1414
f 2541 2542 2539
f 2543 1283 2544
f 2545 1281 2543
f 2460 2461 2545
f 2461 1284 1281
f 2546 2547 711
f 2548 2549 2547
f 409 2546 1929
f 2200 2198 2466
f 2305 2467 2195
f 563 562 2550
f 560 789 562
f 562 2551 2552
f 2355 2354 2314
f 2553 2554 2555
f 2312 2096 2379
f 2555 2355 2313
f 2379 1300 2312
f 2556 2557 2558
f 2558 2559 2556
f 2560 2561 2556
f 2559 2558 2562
f 2563 2564 2565
f 2558 2566 2567
f 1203 1202 2568
f 2568 2569 1203
f 1203 2570 1198
f 2571 2572 2568
f 2573 2208 1579
f 1579 2571 2573
f 2208 2573 2574
f 2575 1775 2576
f 1775 2575 2577
f 2578 2576 1409
f 1408 1410 1777
f 2576 2578 2575
f 1768 2054 2579
f 2579 2580 2581
f 2581 1772 2579
f 2580 2441 2582
f 2054 2583 2580
f 2584 1191 2585
f 2584 1620 1191
f 1698 2586 1189
f 2586 2587 2588
f 363 1463 359
f 653 2589 650
f 821 2590 2419
f 822 2591 821
f 2592 2590 2593
f 824 2594 822
f 2419 2417 821
f 946 2595 942
f 2596 2597 2565
f 2598 2563 2599
f 2565 2566 2596
f 2597 2600 2599
f 2601 2602 2596
f 2603 2411 2604
f 1056 2413 2603
f 1057 1056 2605
f 2604 894 2603
f 2604 2412 896
f 374 886 373
f 2606 371 2607
f 327 1526 325
f 2608 2609 1526
f 2610 2608 327
f 2611 2612 2608
f 2613 2611 2610
f 2614 461 2348
f 2615 2614 2616
f 862 992 1205
f 1577 1574 2582
f 1574 1573 2581
f 2582 2442 1577
f 2617 2618 2619
f 1127 2617 2620
f 1129 1125 2617
f 2621 2619 2622
f 2623 2624 1213
f 2624 2625 1216
f 2625 2624 2626
f 2627 2628 660
f 2097 2629 2630
f 2098 2631 2097
f 2630 2632 2097
f 2632 2630 2633
f 2630 1898 2634
f 1896 1898 1894
f 2635 2282 2084
f 2084 1885 2635
f 2636 2637 2635
f 2283 2282 2638
f 2249 2639 2252
f 2640 1825 2641
f 2642 2641 2643
f 2251 2644 2249
f 1083 2645 1081
f 2646 2647 2648
f 2649 2650 2651
f 2650 1567 2652
f 440 439 2650
f 2647 1921 2652
f 868 575 2653
f 2653 2654 868
f 2653 2075 2655
f 2656 2657 1280
f 2657 2658 1278
f 1278 2659 1277
f 1280 1279 2656
f 2657 2656 2660
f 955 2523 2661
f 2523 91 2525
f 2293 2294 2662
f 2662 2663 2293
f 2663 2662 2664
f 2662 2665 2666
f 2667 2665 2287
f 1626 1627 2429
f 2033 2668 2032
f 864 2669 2033
f 2032 2670 2030
f 2113 2671 2672
f 2673 2672 2674
f 2675 2676 2677
f 2678 2679 2671
f 2671 2119 2678
f 2680 2681 2682
f 2185 2680 2184
f 2683 2684 2680
f 2175 2184 2183
f 2184 2682 2685
f 775 769 2686
f 2687 774 2688
f 1924 2167 2686
f 2686 2689 775
f 2686 770 1924
f 770 773 1925
f 1507 1506 2690
f 1506 1505 2691
f 2692 2693 2694
f 2692 2695 2696
f 2696 2697 2692
f 2694 2140 2692
f 2693 2698 2699
f 2699 2700 2164
f 2694 2699 2145
f 910 2505 913
f 675 1744 673
f 1744 675 1741
f 680 2701 677
f 674 673 681
f 673 1743 1950
f 2702 2703 2542
f 1415 1414 1966
f 1108 2704 2705
f 2705 2706 1108
f 2707 2704 2708
f 148 139 2428
f 2709 2710 2634
f 2634 1661 2709
f 2711 510 2712
f 2713 2714 2712
f 2712 501 2713
f 2715 2716 2717
f 2718 2719 2715
f 2720 2715 2721
f 2717 2722 2723
f 2722 2724 2725
f 2724 2722 2726
f 1674 2727 2728
f 2729 2292 2730
f 2727 2291 2729
f 2727 1674 2731
f 2728 2729 1723
f 2019 1959 1030
f 2732 2019 704
f 2733 2020 2732
f 2447 2732 706
f 2006 1998 2375
f 2734 2735 2736
f 2737 2738 2739
f 2740 2736 2741
f 2741 2742 2740
f 2743 2048 2744
f 2745 1839 2743
f 1839 2745 1837
f 2746 1830 2747
f 722 2748 2746
f 1831 1830 2749
f 2750 2746 2751
f 2752 2753 2747
f 2747 1832 2752
f 1832 1828 2754
f 2755 2756 1435
f 1434 2627 2757
f 2758 1433 2757
f 1434 2756 2627
f 2759 2755 1087
f 2755 2759 2760
f 2761 2227 2762
f 2227 2761 2563
f 2762 2690 2761
f 30 263 1061
f 604 2763 75
f 1794 791 2764
f 1485 2765 788
f 2766 2767 2765
f 2767 2768 2764
f 1459 1047 1397
f 1490 2769 2770
f 2770 2771 2772
f 1491 1490 2773
f 2774 2775 2769
f 2774 2769 2776
f 2764 2777 1794
f 2486 2778 2779
f 2488 2485 2780
f 2781 2780 2779
f 2782 2783 2490
f 773 440 2649
f 594 592 2784
f 589 594 2785
f 2786 2787 2788
f 2789 2788 2092
f 623 2100 2790
f 2787 1630 2790
f 2790 2791 623
f 834 2792 2786
f 1630 2787 1629
f 2791 1624 620
f 1624 2791 1628
f 2793 1361 2794
f 2794 1363 509
f 1361 2795 1362
f 2796 2795 2793
f 2797 2130 2127
f 2131 2130 2798
f 1858 2797 1857
f 427 2202 1443
f 350 2799 346
f 2800 619 2801
f 2801 2802 2800
f 1195 2803 2491
f 2804 1262 2427
f 2804 2805 2806
f 2427 2423 2804
f 2806 2807 2804
f 1258 2425 1264
f 2387 2808 2809
f 2810 2809 2612
f 2811 2388 2809
f 2808 2812 2813
f 1099 2814 2808
f 1209 1208 2281
f 2352 2815 2350
f 2816 2278 1210
f 2114 1253 2116
f 2817 2121 2818
f 2673 1251 2114
f 2819 2820 1349
f 2821 2822 2823
f 2823 2824 2825
f 2825 2826 2823
f 2826 2827 2828
f 2829 2821 2828
f 603 2329 421
f 2830 2831 681
f 2832 2833 2674
f 1256 2833 2834
f 2833 2832 2835
f 2674 2676 2832
f 1251 2673 1255
f 1843 2836 1842
f 1842 2837 1840
f 1670 2838 2839
f 1663 2840 1670
f 2839 2476 1670
f 2841 2842 2843
f 1712 2844 2842
f 2845 2846 2847
f 2846 2845 2439
f 2847 1835 2845
f 2848 2849 2850
f 2850 2440 2848
f 479 473 2851
f 2852 477 2853
f 2851 2854 479
f 2851 469 2030
f 469 468 2031
f 2855 2856 2857
f 2857 2858 2859
f 2856 2816 2858
f 2860 2861 1964
f 1964 2703 2860
f 1612 1611 2861
f 2862 1102 2863
f 356 355 1063
f 2766 1487 2306
f 2467 2305 1479
f 2864 2865 2866
f 2867 2868 2869
f 2866 2870 2864
f 2871 2867 2872
f 2870 2866 2873
f 1175 2874 1173
f 2875 2876 2754
f 2753 2752 2877
f 2877 2876 493
f 2814 1099 644
f 2517 2814 1230
f 1159 2689 1157
f 1894 2629 1297
f 2312 1293 2631
f 1688 1691 1858
f 2130 2797 2878
f 1692 2879 1691
f 2880 854 2881
f 854 2880 2288
f 847 2882 855
f 2883 2733 2447
f 2545 2687 2460
f 2884 2319 2885
f 2884 2886 333
f 2885 2321 2887
f 2262 2885 2264
f 2886 2884 2262
f 2888 2889 1844
f 2890 2807 2891
f 2889 2888 2806
f 1844 1846 2888
f 814 2891 813
f 906 1117 902
f 905 1114 899
f 2892 2893 2894
f 2895 1000 2892
f 2896 1869 2894
f 2893 1002 2897
f 546 2896 2897
f 547 546 2898
f 1929 711 2899
f 1879 2297 2900
f 2901 2118 2902
f 2903 2901 1075
f 2904 2577 2905
f 2577 2904 1775
f 2577 2906 2907
f 2908 2904 2909
f 2706 2705 2907
f 413 418 411
f 844 414 842
f 2910 2911 414
f 2912 2910 844
f 2454 2456 2913
f 2456 2298 2914
f 2915 2916 2299
f 2299 2295 2915
f 559 553 2917
f 563 2918 552
f 1963 1962 1305
f 2919 1306 378
f 2341 2919 380
f 2920 2921 2922
f 2923 724 1015
f 2924 725 2923
f 2922 2925 726
f 1015 2925 1013
f 2926 2927 2928
f 2929 2930 1179
f 2926 2931 2873
f 2932 2933 2930
f 2928 2104 2926
f 2934 2935 2936
f 2935 2937 2938
f 2935 2934 2939
f 2940 2941 2938
f 2941 939 2936
f 2936 2470 2934
f 876 495 2056
f 497 490 876
f 2942 2943 494
f 2944 2055 2943
f 2945 2946 2947
f 2553 2945 2948
f 2948 2947 2949
f 2950 1622 2951
f 2951 2952 2950
f 2946 2945 2953
f 1622 2950 2954
f 2955 2956 2957
f 2958 2959 2956
f 2956 2960 2961
f 2957 2961 999
f 2961 2962 996
f 2963 723 2964
f 2746 2750 722
f 2964 2750 2965
f 2748 722 727
f 2089 2430 2966
f 2966 1887 2089
f 2616 2967 2615
f 2348 2347 2616
f 2515 1467 2513
f 2099 624 2968
f 2093 2968 2969
f 2923 401 2924
f 2924 2134 2970
f 2133 2134 405
f 2542 2541 2702
f 441 443 445
f 777 2971 772
f 671 2972 2973
f 2974 2975 2976
f 2975 2974 1904
f 2976 2977 1615
f 2978 2977 2979
f 581 580 2980
f 2980 2981 2982
f 2982 2983 2980
f 2980 2984 581
f 2981 627 2985
f 627 2981 630
f 2638 2986 2283
f 2986 2987 2284
f 1062 1064 364
f 2988 362 2989
f 471 2989 2448
f 476 2988 471
f 2990 2991 1234
f 2991 2992 1240
f 2993 542 2994
f 2489 540 2993
f 2995 2996 2997
f 2504 2998 2503
f 2999 3000 3001
f 2503 2995 3002
f 2789 2633 3003
f 2633 2789 2632
f 1667 3004 1665
f 3005 3006 3007
f 2860 3008 3005
f 3007 1616 3005
f 3005 1612 2860
f 3009 3010 1318
f 3011 3012 3013
f 1602 3013 3014
f 3013 1948 3011
f 3014 3015 1599
f 3010 3009 3014
f 3016 2313 2969
f 2802 3016 3017
f 3018 2555 3016
f 3019 3020 3021
f 3022 3023 3024
f 3025 3024 3026
f 3027 3022 3025
f 3028 3029 1564
f 2273 2272 2102
f 3029 3028 3030
f 614 3031 569
f 571 923 568
f 607 918 3031
f 2464 1149 3032
f 3033 3032 3034
f 2948 2352 2553
f 3035 2151 3036
f 2177 2179 3037
f 2179 2178 3035
f 3036 3038 3035
f 1638 3039 2149
f 3038 3036 3040
f 2102 2101 2273
f 2106 3041 3042
f 3030 2109 3029
f 3042 2271 2106
f 2705 3043 2905
f 3043 3044 2909
f 3044 3043 2707
f 778 676 781
f 1014 1013 679
f 780 679 778
f 3045 2957 3046
f 3047 1722 2730
f 2730 3048 3047
f 1723 1718 2728
f 2658 3049 2659
f 2659 3050 2734
f 3050 3051 2735
f 3052 3049 3053
f 3051 3050 3052
f 3054 3055 3056
f 3055 2879 3057
f 3055 3054 2798
f 3058 3054 3059
f 3057 3060 3061
f 3061 3062 3057
f 2998 3063 2995
f 2996 2135 3001
f 3064 459 2614
f 2614 2615 3064
f 2136 2999 2137
f 3065 3066 2999
f 2999 2136 3065
f 1800 2819 3067
f 1349 3068 2819
f 3069 3067 3070
f 3067 3071 3072
f 537 3071 3073
f 3074 2852 3075
f 3076 1470 3077
f 432 428 3076
f 3078 3076 3079
f 3079 3077 2263
f 593 585 1499
f 1501 1626 1499
f 3076 3078 432
f 3080 3078 3081
f 3082 430 3083
f 3084 3083 3080
f 3085 1931 2899
f 2899 712 3085
f 3086 3087 3085
f 3004 1667 3088
f 1137 1140 3089
f 1869 2896 1862
f 3090 3091 1823
f 3092 1822 3093
f 3094 3092 3095
f 3096 3091 3097
f 3091 3096 3093
f 3098 2495 2696
f 3099 3100 3101
f 3006 3102 3099
f 3102 3098 3100
f 2698 2693 615
f 614 2698 608
f 615 2697 613
f 3103 126 3104
f 1457 1459 3105
f 3106 1457 3107
f 3105 1397 639
f 497 878 496
f 3108 3109 3110
f 3111 3112 3109
f 3109 1855 3111
f 3113 3114 3115
f 1631 3116 3117
f 1634 3117 3118
f 3117 2560 3119
f 3116 3120 2560
f 3121 3122 3116
f 1989 2574 1988
f 2756 2755 3123
f 508 1362 1360
f 2991 2990 3124
f 3124 3125 2991
f 3126 2219 3127
f 3128 812 3127
f 3129 3126 3130
f 3127 2221 3128
f 1400 3131 1401
f 1399 3132 3131
f 1403 3133 1399
f 3134 3135 3136
f 3137 3138 3134
f 3138 3137 3139
f 3135 3138 2584
f 3134 976 3137
f 619 2800 617
f 2215 2214 3140
f 3141 3142 2223
f 2223 2222 3141
f 2654 3143 865
f 873 588 881
f 881 589 879
f 2144 2162 747
f 3144 3145 3075
f 2852 3074 3146
f 3075 3147 3144
f 3075 2853 3147
f 2651 1918 2649
f 3148 3149 1289
f 1289 3150 3148
f 931 3151 936
f 1305 1304 1963
f 3152 3153 3154
f 3154 2993 3152
f 3153 3152 2071
f 3155 3156 2994
f 3157 3158 3159
f 3160 3161 3157
f 3162 3158 3163
f 3164 3165 3161
f 3166 3167 3168
f 3166 3169 3167
f 3170 3166 3171
f 3168 63 60
f 2521 19 3167
f 1701 1699 1080
f 2443 3172 1701
f 994 1895 2408
f 1427 3173 1027
f 702 703 2409
f 2215 3174 2218
f 3175 2216 3176
f 3177 3178 3176
f 3174 2215 3179
f 3003 2786 2789
f 835 834 3003
f 924 3180 922
f 1369 1372 3181
f 1369 3182 1366
f 3183 1455 3106
f 3184 1460 3183
f 3185 1826 1460
f 3183 2837 3184
f 2837 3183 2052
f 3184 2836 3186
f 1460 3184 3185
f 1103 3187 2110
f 3188 2112 2110
f 3189 3188 3190
f 3187 3191 3190
f 1100 3192 3187
f 2880 3193 3194
f 3193 2880 3195
f 1297 1296 1894
f 3180 924 3196
f 1997 2069 2001
f 3197 3198 3199
f 3200 3201 3199
f 3199 3202 3197
f 3203 2363 3204
f 3204 3200 3203
f 2363 3203 3205
f 3198 3197 736
f 486 3206 1538
f 3207 3208 3209
f 485 3210 3206
f 3211 3209 3212
f 3213 2939 3214
f 913 2507 3215
f 2939 3216 3215
f 909 913 916
f 2939 3213 2935
f 3217 3218 632
f 3219 3218 3220
f 2835 3221 3217
f 3218 3219 3222
f 2827 3223 3224
f 535 3225 3226
f 3225 2829 3224
f 3111 1856 3227
f 3227 3228 3111
f 2125 3229 2123
f 2124 2123 1849
f 2987 3230 2784
f 1942 3231 3232
f 3233 3234 3232
f 3235 3236 849
f 849 3233 3235
f 3122 3121 3231
f 3236 3235 3237
f 3238 3239 3240
f 3241 3240 1735
f 3242 3243 3244
f 3244 3245 3246
f 3240 3245 3247
f 3248 3249 3239
f 3250 1654 2549
f 3251 3250 2548
f 2156 2421 3251
f 2549 1655 710
f 3252 1559 3253
f 3254 3252 3255
f 981 983 3253
f 1640 3237 1633
f 2153 3236 1640
f 3256 3257 3258
f 3259 426 3258
f 3260 3259 1165
f 3259 3260 3261
f 3258 3262 1165
f 1166 3263 1165
f 3260 3263 3264
f 3265 3266 2687
f 3265 2543 3267
f 2687 2545 3265
f 3267 3268 3265
f 3269 3270 3271
f 3270 3269 1401
f 3272 3271 3273
f 3274 3275 3276
f 3277 3278 3275
f 3279 3277 3274
f 2599 3280 2598
f 2598 3281 2228
f 1015 400 2923
f 3282 2793 3283
f 2793 3282 2796
f 3283 2794 3284
f 1268 1269 1796
f 2551 1797 3285
f 1644 1268 3286
f 3287 3288 3289
f 2720 3228 3289
f 3289 3290 3287
f 2715 2720 2718
f 3228 2720 3112
f 2719 2718 3291
f 3060 1967 1969
f 127 128 3104
f 3292 3103 3293
f 3294 3295 2958
f 3296 2960 3297
f 2960 3296 2962
f 3088 754 2163
f 750 2144 746
f 1580 2206 1382
f 2021 3298 3299
f 3299 457 3136
f 3298 3300 457
f 3301 3302 3303
f 2393 3302 2394
f 3304 3305 3301
f 3306 3307 2392
f 1401 3308 3270
f 3308 3309 3276
f 3310 3274 3311
f 566 2146 738
f 2131 3310 2126
f 2126 3311 766
f 2586 1698 1709
f 1696 3312 1697
f 1944 1934 3313
f 3120 3313 2561
f 3122 1944 3120
f 3313 1936 2601
f 1936 3314 2602
f 3315 3316 3317
f 499 491 3318
f 3317 3319 3315
f 493 3316 491
f 3317 3320 3321
f 3322 3320 3323
f 3324 1715 3325
f 3325 1716 3312
f 2363 2360 3326
f 3326 2362 2041
f 2041 2040 3326
f 2152 3327 2150
f 3327 2152 2882
f 2152 2178 3328
f 1140 1141 3139
f 2986 2638 3329
f 3329 3330 3331
f 3332 3329 3333
f 2987 2986 3332
f 3334 3335 3336
f 3337 2642 3338
f 3336 3339 3334
f 2643 3335 2642
f 2640 2641 3337
f 3340 3341 3342
f 3195 2182 3193
f 3342 3343 3340
f 3211 3344 3345
f 2726 3346 2724
f 2724 3347 3144
f 3347 2992 3145
f 3346 3348 3347
f 3349 2620 2621
f 1890 1653 3350
f 3350 3170 3351
f 3351 1888 3350
f 2240 3170 2239
f 3352 3353 3354
f 3355 3354 3356
f 3357 3358 3354
f 3359 3319 3356
f 3353 3318 3359
f 1703 498 3352
f 3360 3361 3362
f 2168 3363 3364
f 3362 3363 1786
f 3365 3273 3361
f 3366 3367 3368
f 3368 2744 3366
f 1096 3369 1095
f 2744 3368 2743
f 3368 3370 3371
f 3372 3370 3373
f 3374 903 3375
f 2638 2637 3330
f 898 897 3374
f 1454 3376 3377
f 1454 3378 3376
f 3379 350 3380
f 1453 3377 3061
f 351 3062 349
f 3381 3382 3383
f 3384 3381 3385
f 3385 3383 2320
f 2264 2887 2263
f 3386 3081 3381
f 2024 3387 3298
f 2210 3388 2024
f 3389 2929 1180
f 2927 2926 2874
f 2874 1175 2927
f 3390 761 3391
f 761 3390 3392
f 3393 3394 3395
f 3396 2872 3394
f 3397 3398 3399
f 3399 2870 3397
f 3400 3396 3393
f 3401 2871 3396
f 2437 3402 2504
f 2493 3403 2540
f 2702 3403 3404
f 2492 3405 2493
f 1256 3406 1252
f 2834 3407 1256
f 3408 3409 3410
f 2783 2782 3411
f 2490 3154 2782
f 3410 3153 3408
f 2589 3412 652
f 1464 3413 2589
f 3407 2834 3414
f 3217 3415 2835
f 635 3416 3415
f 3417 3407 872
f 2490 2489 3154
f 3151 3418 3148
f 1291 1290 3419
f 453 452 1346
f 3420 227 248
f 227 3420 1265
f 250 3421 3420
f 2550 2552 3421
f 1265 3422 3285
f 253 952 250
f 3423 3424 2534
f 2536 2535 3425
f 3424 3423 3426
f 3426 3427 3424
f 2534 3428 3423
f 2414 2537 2534
f 2555 3018 2553
f 3429 3430 3431
f 3432 3433 3429
f 3434 3430 3435
f 3433 3432 3436
f 3437 2434 3438
f 2497 3439 3438
f 3440 3437 3441
f 2624 2623 2951
f 2626 1621 2625
f 487 1751 3210
f 723 2963 720
f 3442 3443 3444
f 2920 2922 3442
f 3445 3446 3444
f 3444 3447 3442
f 3444 2963 3445
f 2402 1225 633
f 2985 634 1223
f 2403 2402 3222
f 3448 3449 1314
f 3449 3009 1315
f 2410 2714 1955
f 2712 1430 2711
f 1429 1430 2410
f 3450 3451 2910
f 3451 3450 3452
f 2910 2912 3450
f 3453 3454 3455
f 526 3455 524
f 3455 526 3453
f 3155 2898 1006
f 1006 1005 3155
f 2994 547 3155
f 1002 2893 998
f 569 2700 614
f 3456 3375 2636
f 3457 3374 3456
f 2636 2511 3456
f 2710 2709 837
f 837 835 2710
f 3458 3459 833
f 3460 2509 3459
f 1467 2515 3460
f 3459 3458 3461
f 3462 3460 3461
f 3463 3464 1450
f 2397 3463 3465
f 600 1826 2397
f 1450 3466 1448
f 2322 3467 2827
f 2330 2322 2826
f 2322 2330 178
f 3223 3468 3226
f 3468 3223 1645
f 3469 3470 445
f 445 2971 3469
f 451 3471 1138
f 3471 3472 2528
f 451 3089 449
f 1138 1137 451
f 2527 3473 2530
f 2529 3474 2527
f 3474 2529 3475
f 1279 1272 3476
f 1279 3476 3477
f 3478 3479 1274
f 1274 1273 3478
f 3480 3481 3200
f 2043 2843 3480
f 3200 3204 3480
f 3481 2840 3201
f 3016 2802 3018
f 2954 2946 2803
f 3482 2038 3483
f 2967 3483 436
f 3484 3282 1024
f 3284 1025 3283
f 1029 3484 1023
f 3485 2675 2679
f 2676 2675 3486
f 3487 3488 3489
f 3489 3490 3491
f 3393 3492 3400
f 3492 3393 3493
f 3493 3494 3492
f 3488 3495 3490
f 3495 3401 3400
f 3496 3497 3498
f 3499 3500 3501
f 3502 3501 3503
f 3504 3505 3496
f 3505 3506 3497
f 1423 1422 1686
f 3387 3507 3300
f 1341 1346 3508
f 3509 60 110
f 60 3509 3168
f 2481 551 540
f 3510 1760 3511
f 1760 3510 1765
f 1857 2127 1146
f 3226 3512 535
f 2829 3225 3513
f 3485 3514 2381
f 3515 1511 3514
f 3485 2679 3514
f 3514 3516 3515
f 2329 2330 2825
f 3517 2605 893
f 2605 3517 1057
f 3518 893 3519
f 2327 3517 3518
f 894 2604 892
f 2854 2851 3520
f 3520 3521 2854
f 3522 685 2328
f 958 2324 2531
f 685 3522 687
f 692 2531 684
f 3523 1543 3208
f 3208 3207 3523
f 1543 3523 3524
f 3524 387 1543
f 2008 1877 1755
f 2009 3525 2008
f 511 402 3526
f 3526 3527 511
f 3526 404 768
f 3528 3529 3530
f 949 3378 941
f 3378 949 3380
f 430 3082 3053
f 3053 3531 433
f 3051 3052 3532
f 3083 3084 3082
f 1210 1212 1133
f 1502 2053 1493
f 3533 329 3196
f 3196 3534 3180
f 927 3533 926
f 329 331 3534
f 3534 3535 2265
f 2171 2170 3277
f 2171 3058 353
f 3277 3279 2171
f 3146 1961 2852
f 1162 3536 672
f 377 366 3537
f 3538 3539 3536
f 2590 2592 3540
f 2419 3540 2538
f 2592 3541 2740
f 1621 2626 1618
f 1353 3179 3142
f 1354 3542 1353
f 2495 3098 2492
f 923 922 1441
f 2911 2155 415
f 3500 3499 3435
f 3543 3498 3436
f 2025 2587 2022
f 2587 2025 2585
f 3544 2526 2398
f 2530 3545 3546
f 652 3547 651
f 3547 836 1662
f 836 3547 838
f 3548 659 1380
f 3549 1379 661
f 3550 3548 1381
f 3550 2758 3548
f 422 2824 3551
f 3551 2822 3552
f 1025 3284 1431
f 531 3553 3072
f 3554 2389 3555
f 3556 3557 3555
f 2388 3558 1098
f 3555 2390 3556
f 2389 3554 3369
f 1091 2389 1096
f 1967 3060 1692
f 1621 1620 3139
f 3135 2584 3559
f 3332 3560 2987
f 3333 3561 3332
f 1370 3230 1373
f 3561 1371 3560
f 3333 3331 3562
f 3562 3563 3333
f 2337 3564 2532
f 3565 3566 3567
f 2336 382 2337
f 965 964 3566
f 2337 2532 2335
f 2816 1210 3546
f 3568 135 3103
f 3529 1486 557
f 788 558 1485
f 3529 3528 1481
f 879 2785 1370
f 3569 2892 3570
f 1585 2895 3569
f 472 2448 2035
f 1812 1342 1810
f 464 3571 1810
f 1342 1812 1345
f 3572 3097 3573
f 3097 3572 3096
f 3097 3574 3575
f 3573 3575 3576
f 3507 3387 3577
f 2511 2636 2512
f 3026 3020 3578
f 3249 3248 3019
f 3578 3248 3238
f 3026 3579 3025
f 3238 3580 3578
f 3578 3581 3026
f 2623 3582 2952
f 1213 1215 2623
f 839 1887 2792
f 1627 1629 2966
f 814 808 3583
f 2891 814 2890
f 3584 3585 1338
f 3585 3584 3440
f 3586 1338 3587
f 1338 3586 3584
f 2228 2227 2598
f 1205 1200 862
f 1204 2459 1202
f 2190 2189 3588
f 2187 2186 804
f 804 803 2187
f 2248 3588 2245
f 3589 3150 3590
f 3150 1289 3591
f 1288 3592 1286
f 937 936 3589
f 2753 3593 2751
f 3445 2964 3594
f 3593 3182 2965
f 3595 3213 3596
f 3213 3595 2937
f 2025 3299 3559
f 1466 2444 2513
f 698 700 2445
f 2514 2513 3597
f 3598 3531 2658
f 2660 3598 2657
f 1128 1127 1476
f 951 2230 950
f 951 297 2224
f 298 3599 296
f 2169 2168 2170
f 2170 3364 3278
f 3363 2168 1787
f 2968 625 3017
f 363 3600 1465
f 1067 3379 3601
f 1071 2799 3379
f 3136 458 3134
f 3602 3516 2678
f 3287 3603 3602
f 3604 417 2157
f 3451 1524 2911
f 2862 2017 3192
f 3192 2016 3191
f 3605 3606 3607
f 3608 3605 3609
f 3610 3606 3608
f 3605 3607 3611
f 2071 2070 3153
f 3409 3408 3612
f 3419 3613 1291
f 3613 3614 2544
f 3418 3615 3149
f 3613 3419 3616
f 3176 3174 3177
f 3177 3617 3618
f 3174 3179 3617
f 2606 3619 3620
f 3620 2377 3621
f 669 957 3621
f 371 2606 957
f 2373 2972 2378
f 2004 3622 3609
f 2003 3619 3622
f 2201 1231 2147
f 3063 2998 3623
f 2440 2850 2437
f 3063 2970 2996
f 3623 729 3063
f 2850 3624 3402
f 3325 3625 3324
f 3625 3626 3627
f 3324 3627 3628
f 3629 3272 3365
f 94 93 2079
f 3011 2080 155
f 3012 3011 321
f 2035 2034 472
f 3630 375 3537
f 3631 2548 2546
f 3632 952 3633
f 2231 2917 2230
f 2918 3632 2917
f 3281 559 2231
f 428 427 1470
f 3220 3221 3486
f 2384 3220 2383
f 364 356 1062
f 606 434 2361
f 3634 3635 436
f 1102 2862 1100
f 3636 3257 3637
f 3257 3636 3262
f 3257 3256 3638
f 2754 1833 2875
f 1827 3639 3640
f 1833 3640 3323
f 827 818 3641
f 2818 827 2817
f 827 2818 826
f 3512 3286 539
f 3642 3643 2244
f 3644 3642 2243
f 3642 3644 3645
f 3643 3642 3646
f 2310 2309 3629
f 3365 3647 3629
f 2309 3269 3272
f 2311 1402 2309
f 3066 3065 3648
f 2771 2775 3649
f 3645 3650 3651
f 3385 3652 3384
f 3435 3652 3434
f 3381 3384 3386
f 3501 3502 3499
f 1783 3538 1162
f 3653 3504 3654
f 3498 3543 3496
f 2559 3655 3119
f 2562 3656 2559
f 3657 3658 2567
f 507 1360 1971
f 1234 1233 2990
f 3644 802 3650
f 1078 1077 3659
f 3650 1078 3660
f 802 3644 800
f 3661 3118 984
f 3662 3663 1509
f 3663 2570 1516
f 2124 3662 1508
f 2140 3664 2695
f 507 1971 506
f 2675 3485 2383
f 3665 1059 2763
f 2443 2583 3172
f 2583 2054 2944
f 3666 3667 3668
f 1992 3668 1152
f 1994 3666 1992
f 1152 2166 1992
f 869 573 868
f 2349 2346 3577
f 2349 2211 3669
f 2211 2349 3388
f 1347 3508 2342
f 3508 3507 2343
f 2918 563 3632
f 952 3632 3421
f 3670 3671 3672
f 3673 3674 3672
f 3675 3673 3676
f 3671 2772 3676
f 3677 688 1031
f 694 686 3677
f 2517 1230 3678
f 3679 1536 3678
f 3678 1229 3679
f 3680 3681 1228
f 3682 3683 3684
f 3685 3686 3687
f 3686 3688 3689
f 3684 1981 3682
f 2779 2783 3690
f 632 635 3217
f 3691 2868 845
f 2865 2864 3691
f 1174 2865 3692
f 3037 3693 2177
f 3693 3037 3694
f 2836 1843 3695
f 2479 2478 3696
f 3628 2478 2476
f 3626 3697 3696
f 2105 2933 3041
f 2104 2103 2931
f 2933 2105 2928
f 3590 3591 2029
f 2029 2026 3590
f 969 3589 967
f 2029 3592 1245
f 702 2409 701
f 3114 3113 3521
f 2668 3110 2670
f 2670 3114 3520
f 3521 2723 3147
f 2721 2717 3113
f 966 963 3698
f 3566 3565 965
f 2982 2985 3699
f 3700 3699 3701
f 2983 2982 3700
f 1860 3702 1325
f 1325 1324 1860
f 3702 1860 2831
f 2856 2855 2279
f 2857 3700 2855
f 1322 1973 1326
f 503 506 1322
f 671 669 2972
f 3703 2621 3704
f 3704 2622 3705
f 2622 3706 3707
f 1412 1089 1699
f 1087 1089 2759
f 2941 2940 3708
f 3615 3418 3709
f 2940 3710 3709
f 2938 3711 2940
f 2077 2080 1946
f 1635 3712 1638
f 375 3630 3713
f 3537 3539 3630
f 2463 3714 1285
f 1285 3715 1288
f 3714 1243 3715
f 3716 1241 3714
f 2394 3305 3717
f 3717 2066 2394
f 3718 3719 3717
f 1180 3718 3389
f 2201 435 2359
f 2359 3205 2201
f 2148 1444 2147
f 700 701 3597
f 701 900 3720
f 900 898 3457
f 1773 1772 3721
f 3722 3723 2256
f 3723 3724 3725
f 3723 3722 3726
f 3727 3722 2255
f 815 3728 3727
f 2254 2253 3725
f 3296 3729 3730
f 2073 1004 3731
f 3731 3732 2073
f 3732 3731 3733
f 3734 3735 3729
f 3145 3125 3074
f 2795 3736 3124
f 1788 3432 1786
f 2060 3737 1788
f 1786 3429 3362
f 3007 3099 3738
f 1899 1759 3739
f 481 2978 3739
f 487 480 3740
f 1759 1748 482
f 1451 2661 1449
f 889 884 1761
f 3741 3742 887
f 888 2618 1766
f 1824 2252 1821
f 2465 1940 3743
f 1940 2465 1938
f 3743 2242 1907
f 1907 914 3743
f 2519 2518 3744
f 3085 713 3086
f 3087 3086 2064
f 2700 569 740
f 3702 1952 1327
f 3745 3746 1376
f 3747 1376 1378
f 2974 3745 3747
f 3748 3749 3745
f 2006 2377 2003
f 2157 2156 3604
f 3750 3751 3752
f 3753 3724 3754
f 3755 3753 3756
f 3756 3754 3757
f 2817 3641 3758
f 510 2711 509
f 1378 1903 3747
f 2979 2975 1900
f 2855 3701 2277
f 2279 2278 2856
f 1453 1452 3377
f 3759 3760 3454
f 3454 3453 3759
f 1502 1500 584
f 584 587 1502
f 3279 3761 3058
f 3059 3056 351
f 3713 3762 375
f 3763 376 3741
f 376 3763 367
f 3764 3705 3765
f 3766 3487 3165
f 3164 3767 3768
f 3767 3164 3160
f 3768 3766 3164
f 3766 3768 3769
f 3090 3770 3771
f 3771 3772 3773
f 3768 3772 3774
f 2849 727 3624
f 3624 728 3623
f 3348 3346 946
f 946 945 3348
f 3346 2726 2595
f 2896 546 543
f 1249 1248 3775
f 3034 3776 3033
f 3775 3776 3777
f 3778 3779 3034
f 3716 2464 3033
f 3033 1248 3716
f 2612 2813 2609
f 1530 1527 3780
f 1352 1353 1350
f 1359 1350 3141
f 3781 3782 3288
f 3573 3783 3572
f 3572 3710 3784
f 3616 3615 3783
f 3783 3573 3616
f 2496 2494 1390
f 681 1950 2830
f 3391 3132 3390
f 328 3785 3027
f 3785 2011 3022
f 3533 927 3785
f 324 3027 3786
f 890 731 1060
f 187 731 319
f 3787 3788 2667
f 1912 1910 3788
f 1981 1975 3789
f 1921 2647 3789
f 2431 2503 2498
f 3790 3791 3002
f 3000 3790 2997
f 3268 3792 3266
f 3367 3366 3793
f 2840 3481 2838
f 3794 2841 2043
f 683 682 1148
f 2020 2733 475
f 2733 2883 3795
f 2139 3746 3664
f 3757 3751 3796
f 3796 3797 3757
f 3757 3798 3756
f 3751 3750 3799
f 1849 1851 2124
f 3800 3511 3801
f 3612 3510 3800
f 3690 3411 3801
f 3801 1764 3802
f 3758 2122 2817
f 2983 2859 2984
f 3803 583 3804
f 2859 3545 3804
f 3474 3803 3473
f 2859 2983 2857
f 3805 3806 3807
f 3806 3805 3808
f 2811 3806 3809
f 3810 3805 3811
f 2611 2613 3807
f 2809 2810 2811
f 2612 2611 2810
f 3687 3689 3812
f 3242 3687 3813
f 3244 3685 3242
f 2358 2357 3685
f 3110 2668 3108
f 3814 3446 3815
f 3594 3181 3445
f 3181 3594 1369
f 3816 3648 3817
f 3336 3817 3818
f 3819 3816 3335
f 2774 2776 3820
f 3820 3648 2774
f 1736 1418 1978
f 2805 3821 3822
f 2806 3822 2889
f 3822 3823 3824
f 3821 1447 3823
f 3823 3466 3825
f 3597 3720 2514
f 3758 2420 3826
f 100 3827 111
f 3828 3509 109
f 109 3827 3828
f 3828 3829 3351
f 2863 1916 2862
f 1916 2863 1864
f 3491 3163 3489
f 2988 476 3795
f 3795 360 2988
f 1409 1584 2578
f 1584 3569 3830
f 2578 3830 1870
f 1381 752 3550
f 1521 3831 1517
f 1521 1520 3832
f 3758 3826 2122
f 3425 3833 2536
f 419 3692 418
f 1181 1174 419
f 3264 3834 3665
f 3834 3835 1059
f 3665 605 3264
f 605 3665 604
f 1329 1337 2900
f 2900 3836 1879
f 1330 1329 2455
f 2372 3837 3838
f 3839 3840 3841
f 3841 3837 2376
f 3838 1012 2372
f 3525 2009 3840
f 2009 1011 3838
f 885 3842 3843
f 889 1765 885
f 2691 3844 3658
f 983 3656 3255
f 2690 2691 3657
f 3656 2562 3845
f 3679 3681 3846
f 3846 2317 3679
f 3847 3848 3849
f 2331 2334 3850
f 3850 3851 2331
f 3852 3777 3853
f 3853 693 3852
f 691 2334 2533
f 2334 691 3853
f 2140 2694 2138
f 829 3458 840
f 838 3854 829
f 3855 3307 3856
f 3557 3856 3857
f 3856 3557 3855
f 2391 3858 2392
f 3856 3306 3859
f 3307 3860 3303
f 2425 1258 147
f 259 2413 261
f 2069 1997 2072
f 2005 2004 3611
f 1778 1776 2908
f 3654 3861 3653
f 3428 3862 3653
f 3640 2449 2453
f 2450 2449 2452
f 1834 3863 3639
f 1005 2067 3156
f 417 3604 410
f 410 3631 409
f 3604 3251 3631
f 2680 2185 2683
f 3864 1995 3865
f 3667 3666 3864
f 3866 3667 2340
f 3169 2238 3867
f 2238 2237 3868
f 3169 3166 2240
f 3869 3744 3868
f 2929 3389 3304
f 3304 2932 2929
f 524 2912 522
f 3261 423 3259
f 423 3261 424
f 3509 3828 3171
f 1595 3703 3870
f 3705 3764 3704
f 446 3871 442
f 3871 446 3872
f 1564 438 3028
f 3487 3873 3488
f 3874 3875 3488
f 3876 3877 3878
f 961 3877 2326
f 3879 3878 3880
f 3881 3876 3879
f 3698 3882 966
f 3647 3365 3360
f 1847 811 1846
f 1848 3130 811
f 2745 3129 1848
f 3612 3800 3409
f 3086 2365 2065
f 1354 1357 2367
f 1818 2190 2248
f 938 3708 3151
f 2287 3883 2667
f 3609 3884 3608
f 3843 3884 3885
f 3886 3887 2683
f 3887 3886 3888
f 3887 3567 2684
f 2683 3693 3886
f 2661 2522 3544
f 820 819 823
f 3889 3890 823
f 823 1254 3889
f 1101 1100 1103
f 2268 2648 1566
f 3891 3892 2267
f 3543 3893 3654
f 3811 3580 3810
f 3580 3811 3581
f 1759 1899 1758
f 1900 1899 2979
f 624 2099 623
f 3894 851 2663
f 2663 2664 3894
f 3818 3895 3336
f 3404 3405 3102
f 3404 3008 2702
f 3102 3006 3404
f 361 360 3600
f 914 1907 1905
f 2242 2241 1908
f 2664 3896 3897
f 3898 3874 3899
f 3487 3766 3873
f 3873 3769 3899
f 715 714 2366
f 3799 3900 2217
f 2217 2216 3799
f 3797 3796 3175
f 1642 1976 1420
f 2081 3829 3901
f 102 3901 100
f 2385 1515 3902
f 1516 2569 3902
f 3902 2572 2385
f 2447 2446 2883
f 2421 1656 3250
f 1258 1257 53
f 2920 3442 1741
f 2678 2120 3602
f 3782 3781 3903
f 3288 3287 3781
f 3904 3782 3905
f 3905 3903 2901
f 3081 3386 3080
f 3080 3906 3084
f 3194 3343 3907
f 3343 3342 3908
f 864 858 3909
f 2263 3382 3079
f 3910 3911 3875
f 3911 3912 3913
f 3401 3495 3913
f 3910 3875 3898
f 2871 3401 3914
f 3915 2738 3862
f 3505 3504 3916
f 3917 3916 2737
f 2537 3915 3428
f 1372 1371 3815
f 1371 3561 3918
f 1120 3919 3563
f 3815 3918 3814
f 3579 2610 3786
f 3197 3920 737
f 3920 3088 735
f 2690 2762 1507
f 2232 2225 323
f 1340 3863 3587
f 1330 2452 1340
f 3863 1834 3921
f 2846 3586 3921
f 1074 3922 3833
f 1073 1072 1789
f 3427 1072 3425
f 1780 2057 2760
f 2760 3923 1780
f 3123 2057 3924
f 2756 3123 2628
f 3925 2640 3926
f 3899 3925 3898
f 3927 3928 3899
f 3929 3910 3926
f 2079 2078 94
f 1959 1958 1029
f 2593 1271 2592
f 2594 1276 2591
f 2877 3930 2753
f 3930 3931 3593
f 2161 1368 3930
f 3228 3227 3290
f 3229 2125 3515
f 3290 3229 3603
f 3787 1076 799
f 797 1911 799
f 3932 3933 3934
f 3798 3797 3935
f 3933 3936 3935
f 3937 3934 3938
f 3178 3938 3175
f 3886 3694 3939
f 3939 3940 3880
f 3040 3940 3038
f 3294 3356 3941
f 3321 2913 3942
f 3836 1721 1873
f 1426 2496 1389
f 3614 3943 3267
f 2342 464 1347
f 3745 2974 3748
f 3749 3748 3738
f 1615 1614 2976
f 1644 3468 1643
f 2374 745 2373
f 3790 3000 3944
f 3944 3066 3816
f 1921 1920 2651
f 3506 3945 3503
f 3386 3502 3906
f 1978 1977 1736
f 1384 1387 3946
f 1669 3947 1668
f 3948 757 3949
f 752 748 3948
f 3947 3950 3949
f 1535 2812 2517
f 1530 3780 1535
f 3112 2721 3115
f 1961 3146 3951
f 1958 3951 3484
f 2795 2796 3736
f 3851 3850 3779
f 3777 3852 3775
f 3779 3778 3851
f 2082 1603 3952
f 1263 1262 2890
f 1669 1664 2474
f 3947 1669 2473
f 3023 2010 3021
f 1424 3019 1422
f 1932 1931 3719
f 3356 3294 3355
f 2956 2955 2958
f 3157 3953 3160
f 2596 2557 2601
f 2889 3824 1845
f 3821 2805 2422
f 1355 3954 2391
f 3519 895 3955
f 1060 3835 890
f 3835 3956 891
f 3955 1168 3519
f 1168 3955 1167
f 2236 2160 2237
f 3680 3647 3957
f 3647 3680 1227
f 1633 3121 1631
f 3958 3959 3960
f 3734 3297 3958
f 3295 3959 2959
f 3961 3958 3962
f 1789 3963 1785
f 2799 1071 1784
f 2798 2878 3055
f 3964 3879 3965
f 3879 3964 3881
f 3966 3964 3967
f 3967 3965 3040
f 3888 3939 3882
f 2049 2046 1093
f 498 499 3353
f 1406 3923 1404
f 3923 1406 1781
f 2043 2042 3794
f 2209 1711 2044
f 3801 3802 3690
f 2779 3690 2781
f 3202 3004 3920
f 3968 3969 2213
f 2217 3968 2212
f 3970 3341 2183
f 2182 2181 3340
f 3619 2606 3885
f 273 191 3971
f 2051 3107 640
f 2045 640 648
f 3107 2051 3106
f 639 641 3105
f 3892 2646 2268
f 2803 1195 2954
f 341 466 1192
f 465 1695 466
f 1980 3688 3946
f 3946 2356 1384
f 3688 3686 2356
f 1981 3684 1980
f 2245 803 2243
f 3725 3293 2254
f 3646 2501 3643
f 3651 3439 3645
f 325 1528 332
f 3972 971 3637
f 3638 3552 3973
f 3637 3638 3972
f 2538 2742 2537
f 2738 3915 2741
f 3900 809 3968
f 390 2524 395
f 3974 1107 1591
f 2726 2716 3975
f 2068 1003 2073
f 764 767 763
f 785 767 783
f 537 3073 532
f 763 787 2129
f 2922 726 3443
f 2664 2666 3896
f 3341 3970 3345
f 2183 2685 3970
f 2913 2914 3941
f 810 3976 3728
f 3752 3726 3750
f 3724 3723 3752
f 3750 3976 3900
f 1328 1956 2713
f 1732 1731 2270
f 3162 3494 3470
f 3158 3162 3469
f 2507 2194 3214
f 1379 3549 1378
f 2684 381 2681
f 1616 3007 1614
f 3851 3866 2332
f 3778 3977 3866
f 3440 1678 3585
f 850 3327 847
f 3957 3360 3431
f 2292 3907 3048
f 2289 2288 3907
f 3234 3233 3894
f 48 261 1016
f 3978 1058 1016
f 1058 3978 1056
f 3979 3980 3981
f 3982 1576 2645
f 3980 3983 3982
f 1572 1576 1570
f 2480 3983 3984
f 3439 3651 3441
f 3651 3660 3985
f 2501 3646 2497
f 3441 3985 3440
f 3986 2369 3987
f 1606 3987 3952
f 716 717 714
f 3988 3048 3344
f 3735 3734 3961
f 3729 3296 3734
f 3841 3735 3839
f 3962 3989 3961
f 975 3636 974
f 3195 2881 3328
f 3327 850 2153
f 3738 3101 3749
f 2011 2012 3023
f 1553 1552 3881
f 3881 3990 1553
f 3877 3876 3991
f 1117 1120 3562
f 3919 1120 1746
f 2434 3437 2438
f 3586 2846 2438
f 3992 3051 3993
f 3775 3994 1249
f 3994 3677 1250
f 3995 3996 2821
f 886 3843 2607
f 1598 1592 3997
f 3201 1672 3202
f 2595 3975 947
f 947 3998 3999
f 940 3999 948
f 2803 2953 2801
f 3674 3673 4000
f 4000 1043 3674
f 4000 4001 3133
f 3673 3675 4001
f 3042 4002 4003
f 4004 4002 4005
f 2403 3219 2401
f 2386 3219 2384
f 353 3059 348
f 3971 1505 273
f 3254 3844 3971
f 3252 3254 4006
f 2621 3703 3349
f 2620 3349 1476
f 1593 1475 1594
f 4007 4008 4009
f 2464 3716 2463
f 838 3412 3854
f 3462 3461 3413
f 3413 1464 3462
f 4010 3727 1260
f 1270 1277 1271
f 1277 2734 3541
f 2656 3477 3064
f 460 459 4011
f 4011 4012 460
f 4012 4011 3479
f 2018 4013 2015
f 4014 3189 4013
f 3141 4015 1359
f 1359 4016 1358
f 3635 3634 3598
f 1715 3324 2844
f 2844 1712 1715
f 2476 2839 3628
f 1655 1647 4017
f 528 530 4018
f 530 529 4019
f 3912 528 3914
f 3883 4020 4021
f 1076 3787 4021
f 2286 2731 3883
f 2291 2727 2286
f 2731 1680 4020
f 3295 3294 2916
f 2916 2915 3295
f 3472 3471 455
f 3760 4009 3452
f 3452 1525 3451
f 4022 4023 3759
f 4020 4024 4025
f 3255 3845 3254
f 3945 3506 3993
f 3993 3532 3945
f 3993 3917 3992
f 3916 3917 3505
f 883 882 374
f 4026 2013 1914
f 1425 3249 1424
f 2890 3583 1263
f 3727 4010 815
f 2831 2830 3702
f 2587 2586 1708
f 2241 3234 3897
f 3475 3472 4027
f 3803 3474 4028
f 3782 3904 3291
f 3291 3998 2719
f 4029 1764 4030
f 4030 4031 4029
f 4031 4030 1477
f 1608 4032 3937
f 3938 3178 3937
f 3934 4032 3932
f 3186 3695 3825
f 329 3533 328
f 2932 3304 4033
f 2921 2920 2701
f 1013 2921 680
f 3926 3337 3929
f 2640 3925 1825
f 3436 3500 3433
f 3436 3737 3543
f 3720 3457 2516
f 269 3599 268
f 2182 3195 2180
f 1449 3544 3465
f 956 955 1451
f 3774 3770 4034
f 3770 3090 4035
f 4034 4035 1819
f 1034 1036 2028
f 3262 4036 1038
f 2028 4036 975
f 812 3128 806
f 3784 3711 4037
f 2962 3730 997
f 4017 1651 718
f 1721 3836 1719
f 1747 1752 4038
f 4039 3070 4040
f 3303 4041 3301
f 3860 4042 4041
f 484 1617 2978
f 2781 4043 4044
f 4029 4045 3802
f 4044 4045 4046
f 4047 2484 2487
f 2488 4048 2487
f 2487 4049 4047
f 4050 4051 4052
f 2488 2780 4048
f 2018 2013 4053
f 4026 1914 4047
f 4053 4026 4051
f 1593 1597 1475
f 1472 1471 1473
f 2112 3188 4054
f 3997 1596 4054
f 4055 3997 4056
f 4057 4056 3189
f 4056 4057 4055
f 4013 2018 4014
f 2484 1914 551
f 4044 4058 2781
f 4058 4044 4059
f 4014 4053 4050
f 102 2078 3901
f 4050 4057 4014
f 1477 1474 4031
f 4060 1598 4055
f 1598 4060 1597
f 4052 4049 4061
f 4048 4058 4061
f 4062 1473 4063
f 4063 4060 4064
f 4057 4050 4064
f 1474 4062 4046
f 4062 4063 4059
f 4064 4052 4063
f 2426 2425 146
f 2368 4065 3542
f 3618 4065 3986
f 2340 3864 2338
f 2628 3924 1562
f 1160 1563 2059
f 875 587 873
f 3733 2376 3732
f 3741 887 3763
f 3763 883 368
f 3707 3742 3762
f 2306 2308 2766
f 1487 2766 1485
f 635 628 3416
f 869 867 629
f 3416 870 3414
f 518 3675 516
f 3675 518 3392
f 1726 4066 1724
f 4067 1729 4068
f 4003 4069 1726
f 1077 1076 4025
f 2672 2673 2113
f 2353 1298 2351
f 4070 343 3721
f 1012 743 2374
f 2842 2841 1712
f 1802 928 2820
f 2820 2819 1802
f 2194 2188 3596
f 3092 3094 2191
f 3596 2192 3595
f 1144 1857 1142
f 979 1556 4071
f 1442 1437 2148
f 3761 3279 3310
f 331 330 3535
f 3535 2886 2261
f 960 962 958
f 382 381 3564
f 3567 3887 3565
f 2336 2341 382
f 1947 1948 1602
f 1176 1932 3718
f 2064 2066 3087
f 1557 1051 1554
f 1171 1557 1170
f 3991 1552 1052
f 2174 1042 4072
f 4007 4023 2173
f 4008 4007 2172
f 2771 3649 517
f 2610 3579 2613
f 3246 2358 3244
f 1991 1982 1641
f 2325 1055 2327
f 3249 1425 3246
f 4040 1795 4039
f 1799 1793 4040
f 2594 824 4073
f 3652 3385 4074
f 2315 3848 4074
f 3848 3847 3434
f 736 1231 3198
f 4071 4075 979
f 984 980 3661
f 3663 3662 4076
f 750 749 2142
f 1748 1747 3740
f 1751 487 1750
f 1751 4038 3047
f 2277 1226 2205
f 1730 4077 1725
f 2267 1731 3891
f 4077 3813 1733
f 3813 3812 3891
f 3247 3243 1730
f 2307 2472 4078
f 3069 4079 1801
f 2301 2471 2307
f 4078 1805 2768
f 2240 2235 3169
f 1853 1852 2669
f 1852 1855 3108
f 1271 2593 1275
f 1854 4080 1851
f 759 4081 3391
f 1263 4010 1259
f 971 3972 1348
f 3510 3612 3610
f 1765 3610 3842
f 3339 4082 3338
f 3911 3910 4082
f 1221 4083 1579
f 2422 1445 3821
f 984 3655 983
f 4084 4085 3791
f 3944 4084 3790
f 3681 3680 3849
f 3849 3957 3847
f 3771 3574 3090
f 916 3216 915
f 915 4086 2199
f 4087 4086 2934
f 3571 4012 1811
f 1809 1808 4088
f 639 1398 637
f 4069 4042 4066
f 4089 4067 4090
f 4042 3860 4068
f 3240 3241 3238
f 4027 455 1344
f 4091 4092 3979
f 2405 4083 2400
f 1636 4093 1635
f 4093 1636 4075
f 3118 3661 1634
f 1043 4000 1403
f 3985 4094 1678
f 4095 4096 4097
f 2798 3761 2131
f 3966 4093 4071
f 3834 3263 3835
f 1167 3956 1166
f 3598 2660 3635
f 1746 1742 3919
f 2872 2869 3399
f 4083 2405 2571
f 1345 1815 1344
f 1486 3529 1480
f 1481 4098 1484
f 3643 2502 2246
f 2644 2251 4099
f 3914 4018 2871
f 3446 3814 3447
f 3905 4100 3904
f 2903 1070 4100
f 2901 2903 3905
f 2469 2303 4087
f 2303 2469 2301
f 3979 3950 3980
f 1797 2551 792
f 2480 2475 4101
f 3950 3947 3984
f 396 395 4102
f 4102 4103 396
f 4102 3869 4104
f 1990 2208 1989
f 3963 1789 3426
f 3890 3889 4105
f 4073 3890 4106
f 4106 4105 4107
f 872 871 3417
f 3407 3417 3406
f 2083 3618 1607
f 3987 1606 3986
f 169 168 3467
f 3829 2081 1888
f 1927 1993 1923
f 3143 2654 4108
f 4109 4107 4108
f 4107 871 3143
f 4108 4110 4109
f 3848 2315 3846
f 2654 2653 4110
f 4110 2655 4111
f 1285 1284 2463
f 3981 1083 1432
f 4091 1432 2758
f 4082 4112 3911
f 3895 1489 4112
f 528 3912 527
f 1489 3895 2776
f 3339 3895 4082
f 2944 2943 3172
f 671 2973 670
f 710 4017 708
f 4076 1199 3663
f 2948 2949 2352
f 2074 4113 1807
f 1070 2903 1068
f 949 948 3601
f 1588 1586 3358
f 3358 1702 3352
f 1432 4091 3981
f 2645 1083 3982
f 1049 1051 1020
f 1051 1557 1019
f 2761 3657 2564
f 1570 4101 1571
f 4114 4115 4116
f 4117 3943 4114
f 4118 4114 3773
f 3773 4116 3771
f 2868 2867 4019
f 4119 3872 3493
f 3872 4119 3871
f 3753 3755 3292
f 3756 3936 3755
f 3321 3942 3317
f 2913 3321 2454
f 4005 4033 4004
f 4002 4004 4069
f 2933 2932 4005
f 3172 2942 1704
f 3962 3960 1881
f 1881 1878 3962
f 4101 1570 2480
f 4107 4109 4106
f 394 4120 391
f 3483 2967 3482
f 1727 4121 1734
f 3805 3810 4122
f 3808 4122 4123
f 2768 4079 2777
f 2308 4078 2767
f 1462 1467 3462
f 3705 3707 3713
f 2708 1105 3974
f 1591 1595 3974
f 3974 3870 2708
f 2618 888 3706
f 14 18 16
f 3810 3241 1734
f 1735 3247 1728
f 2863 1109 1872
f 3479 3478 4088
f 2689 1159 2688
f 1834 1829 2847
f 2849 2848 2749
f 4103 3832 394
f 2172 4120 4008
f 3660 3659 4094
f 1680 1679 4024
f 4124 3528 2600
f 2600 2597 4124
f 2600 3530 3280
f 559 3281 556
f 3070 4039 3069
f 2647 2646 3682
f 493 2161 2877
f 768 762 3526
f 3478 4096 4125
f 3840 3839 3525
f 3525 3989 1877
f 3555 3857 3554
f 4126 4127 3859
f 3954 4126 3858
f 3464 3463 3185
f 4080 1201 4076
f 4128 1319 3755
f 3103 3292 3568
f 3292 3293 3753
f 3568 4129 1320
f 1320 10 3568
f 4085 4099 2500
f 3034 1155 3778
f 3286 3512 1644
f 3812 3683 3892
f 4027 4130 3475
f 4130 4027 4113
f 1822 3092 1817
f 3677 3994 694
f 1033 1247 1031
f 3744 2521 3867
f 3151 931 938
f 4081 759 3309
f 4130 578 4028
f 4113 2074 4130
f 4028 577 3803
f 3788 3787 1912
f 3565 3888 3698
f 4103 4102 3831
f 2841 3794 1713
f 3335 2643 3819
f 4084 3944 3819
f 3819 4131 4084
f 3692 3691 843
f 1944 3122 1942
f 2108 2107 3398
f 3493 3395 4119
f 2122 3922 2902
f 4072 4132 2174
f 1318 3012 1317
f 3708 938 2941
f 2347 2036 3482
f 2036 2347 3669
f 3046 999 2895
f 2895 1585 3046
f 3357 2955 3045
f 3046 1587 3045
f 3009 3449 3015
f 2655 1809 4125
f 2682 386 3524
f 9 10 1316
f 1314 1319 3448
f 3973 3996 4133
f 2821 2829 3995
f 2758 3550 4091
f 3163 3491 3162
f 2328 2327 3522
f 3519 689 3518
f 3793 4134 3367
f 3373 4016 3372
f 3448 4128 3933
f 4088 1814 3479
f 4133 4135 3973
f 3964 3966 3990
f 3967 3712 3966
f 3744 3869 2519
f 663 3549 655
f 1402 2311 1396
f 1792 1798 1796
f 4134 3793 4127
f 4136 4134 4126
f 4134 4136 3373
f 3927 4034 3928
f 3769 3774 3927
f 3697 3626 465
f 1783 1778 3538
f 2909 3539 2908
f 3963 3893 2060
f 4137 4123 4138
f 3556 3558 4137
f 3557 3556 4138
f 3855 4138 4090
f 4121 1727 4067
f 4123 4121 4089
f 4040 3553 1799
f 2707 3765 3044
f 3252 4006 1559
f 1559 1311 1558
f 3735 3841 3733
f 3185 3186 3464
f 1853 3909 4080
f 3712 3967 3039
f 4009 3760 4007
f 4109 4111 4095
f 4106 4095 4073
f 3626 3625 1695
f 2924 2970 725
f 3159 4139 3157
f 2971 777 3159
f 4139 3792 3953
f 3649 2136 513
f 3668 3977 1153
f 2739 2735 2737
f 3426 3861 3963
f 3160 4118 3767
f 3953 4117 4118
f 2744 2049 1095
f 2643 2639 4131
f 4131 2644 4085
f 2708 3764 2707
f 3320 3316 2875
f 777 776 4139
f 3943 4117 3268
f 629 582 869
f 3314 4098 4124
f 3813 4077 3242
f 2669 864 1853
f 3067 3069 1800
f 2931 2108 3397
f 426 3551 3256
f 3209 3211 3207
f 3129 2745 3371
f 3513 536 3995
f 536 3073 4133
f 3548 2627 659
f 3096 3784 3095
f 10 8 135
f 1726 1732 4003
f 2271 3042 2270
f 3831 4104 1518
f 2773 4140 1491
f 3307 3855 3860
f 2338 3865 2919
f 2339 2338 2341
f 539 1798 538
f 3595 3094 4037
f 2575 1870 2906
f 3344 3211 3988
f 3618 2083 3177
f 3073 3068 4135
f 4101 2479 4141
f 1571 4141 1578
f 1206 2815 3582
f 1276 2594 4097
f 333 1534 2884
f 2109 3030 2107
f 4132 4072 4022
f 3672 4132 3670
f 3759 4140 4022
f 3830 3570 1868
f 4140 2773 3670
f 2907 1871 2706
f 3371 4142 3129
f 3370 3372 4142
f 1578 3697 467
f 3576 4115 3614
f 4098 3314 1937
f 3809 3808 4137
f 3558 2388 3809
f 1366 3931 1367
f 2955 3357 3355
f 3045 1588 3357
f 4126 3954 4136
f 2454 3322 2453
f 1550 1558 1551
f 3831 1521 4103
f 3988 3212 3047
f 3952 717 2082
f 2222 4143 4015
f 3616 3576 3613
f 2906 1865 1871
f 3128 3969 807
f 727 2849 2748
f 3309 3308 4081
f 1703 2942 498
f 3449 3448 3932
f 3392 3527 761
f 2219 3126 4143
f 2773 2770 3671
f 1575 4070 1573
f 1578 467 4070
f 2326 3991 1053
f 3625 3325 1696
f 3550 3948 4092
f 648 642 646
f 2 6 3
f 2 8 5
f 4 137 6
f 8 2 1
f 5 8 10
f 7 1 12
f 14 21 15
f 17 21 14
f 14 13 19
f 20 61 13
f 21 92 22
f 15 22 23
f 25 28 26
f 28 25 29
f 31 29 25
f 33 42 34
f 36 33 32
f 33 36 38
f 32 34 40
f 34 43 41
f 42 45 43
f 37 46 42
f 45 42 46
f 40 41 48
f 39 40 47
f 49 262 50
f 52 147 53
f 55 52 51
f 57 59 55
f 52 55 59
f 54 77 56
f 61 20 62
f 19 13 61
f 65 68 66
f 67 264 68
f 68 277 69
f 65 64 71
f 64 66 73
f 64 72 74
f 75 73 66
f 76 133 77
f 79 133 76
f 80 76 54
f 80 81 78
f 80 51 53
f 83 88 84
f 85 17 82
f 87 84 88
f 89 85 84
f 83 954 90
f 91 954 83
f 17 85 92
f 16 91 82
f 94 99 95
f 97 98 95
f 98 152 93
f 100 111 101
f 99 101 96
f 102 100 99
f 104 106 57
f 59 57 106
f 108 106 104
f 110 114 111
f 113 96 101
f 112 101 111
f 115 97 96
f 117 115 113
f 1 3 118
f 12 118 120
f 122 120 118
f 121 118 3
f 119 131 125
f 11 124 127
f 124 125 128
f 130 125 131
f 130 322 128
f 132 150 129
f 129 77 133
f 123 3 6
f 119 124 11
f 131 119 120
f 7 11 126
f 98 97 134
f 134 97 115
f 134 6 137
f 86 149 138
f 88 90 139
f 89 108 107
f 106 108 138
f 141 151 140
f 62 142 114
f 23 156 143
f 112 114 142
f 20 23 142
f 138 149 144
f 146 58 144
f 105 144 58
f 147 52 58
f 145 144 149
f 148 149 86
f 108 89 87
f 103 57 56
f 123 115 117
f 150 56 77
f 122 160 132
f 140 92 85
f 151 22 92
f 136 154 152
f 152 155 153
f 154 321 155
f 151 141 157
f 22 151 156
f 156 157 116
f 117 116 157
f 158 122 121
f 158 157 141
f 116 113 112
f 159 104 103
f 159 141 107
f 150 132 160
f 158 159 160
f 162 28 27
f 28 162 163
f 164 182 27
f 166 172 167
f 169 166 165
f 170 224 165
f 172 166 173
f 175 167 172
f 171 173 177
f 166 169 178
f 179 177 173
f 72 26 163
f 72 73 24
f 162 301 180
f 161 27 182
f 181 182 184
f 185 184 182
f 186 240 183
f 187 164 29
f 189 193 190
f 191 273 192
f 193 236 194
f 188 190 195
f 197 193 189
f 198 236 193
f 199 189 188
f 199 192 201
f 201 205 202
f 204 202 205
f 206 207 202
f 207 196 200
f 207 206 209
f 210 267 204
f 204 267 211
f 213 223 214
f 214 170 216
f 212 214 215
f 219 212 217
f 212 219 220
f 215 216 222
f 224 170 214
f 213 228 225
f 223 225 226
f 228 213 220
f 196 189 199
f 196 207 208
f 71 74 230
f 232 70 233
f 70 71 229
f 67 65 70
f 176 232 231
f 234 174 231
f 235 234 233
f 167 175 216
f 236 35 50
f 190 194 237
f 239 41 43
f 238 43 45
f 232 176 241
f 242 241 176
f 244 247 245
f 246 245 247
f 248 249 247
f 249 219 218
f 250 3420 248
f 243 245 252
f 243 251 254
f 253 250 244
f 245 246 255
f 256 295 252
f 258 239 238
f 240 186 257
f 258 257 260
f 258 259 261
f 35 32 39
f 194 50 262
f 73 75 263
f 30 25 24
f 241 242 264
f 177 179 265
f 171 231 174
f 35 236 198
f 267 210 268
f 210 323 269
f 211 267 266
f 203 205 272
f 201 274 272
f 274 201 192
f 275 235 229
f 242 265 276
f 264 276 277
f 44 46 279
f 280 279 46
f 279 280 282
f 283 280 37
f 284 186 184
f 260 257 186
f 44 183 240
f 217 215 221
f 218 217 285
f 286 309 285
f 288 290 209
f 206 211 287
f 208 209 290
f 283 38 289
f 283 290 288
f 288 287 293
f 291 288 292
f 295 296 251
f 297 254 251
f 296 295 299
f 300 161 181
f 161 300 301
f 281 300 278
f 183 44 278
f 222 216 175
f 303 286 221
f 305 307 303
f 305 304 235
f 304 302 234
f 222 302 304
f 307 305 308
f 307 311 286
f 302 175 174
f 74 163 180
f 168 165 224
f 246 285 309
f 255 309 310
f 311 310 309
f 270 293 287
f 295 256 312
f 198 289 38
f 197 208 289
f 268 298 299
f 48 41 239
f 313 275 230
f 313 308 305
f 312 315 293
f 292 293 315
f 220 219 249
f 282 291 294
f 291 282 280
f 313 180 301
f 317 316 308
f 300 281 317
f 270 266 299
f 256 310 315
f 314 315 310
f 314 306 294
f 316 294 306
f 306 314 311
f 281 282 316
f 5 9 318
f 185 164 187
f 319 2412 284
f 320 137 4
f 154 136 137
f 320 1317 321
f 322 130 133
f 203 271 323
f 325 332 326
f 324 3786 327
f 328 3027 324
f 326 331 329
f 331 326 332
f 330 332 334
f 336 339 337
f 339 336 340
f 342 340 336
f 343 467 335
f 345 337 339
f 347 352 348
f 349 3376 350
f 346 348 351
f 352 2169 353
f 354 1790 352
f 356 358 357
f 358 361 359
f 361 358 362
f 361 3600 363
f 364 362 358
f 366 377 367
f 368 369 365
f 369 372 370
f 372 369 373
f 374 373 369
f 376 367 377
f 379 383 380
f 382 380 383
f 384 1547 385
f 378 1962 384
f 386 2681 383
f 379 385 387
f 389 2396 390
f 391 392 389
f 393 2395 389
f 388 396 394
f 396 388 390
f 398 403 399
f 400 1014 397
f 399 405 401
f 403 398 404
f 403 2132 405
f 407 413 408
f 406 408 410
f 412 408 413
f 415 412 411
f 416 417 412
f 417 410 408
f 413 407 419
f 421 2824 422
f 423 424 420
f 424 602 425
f 422 3551 426
f 428 431 429
f 431 428 432
f 434 429 431
f 435 2202 427
f 430 3053 433
f 433 3634 436
f 438 1565 439
f 440 444 437
f 442 438 437
f 441 437 444
f 446 442 441
f 447 772 443
f 449 454 450
f 448 3471 451
f 453 450 454
f 448 450 456
f 452 454 458
f 460 462 461
f 462 2344 463
f 460 3571 464
f 335 466 341
f 466 335 467
f 469 473 470
f 471 2448 472
f 473 478 474
f 475 476 470
f 476 471 468
f 478 473 479
f 481 3739 482
f 484 2978 481
f 483 481 480
f 485 3206 486
f 487 3210 485
f 489 492 490
f 491 499 492
f 489 2161 493
f 495 490 492
f 488 490 497
f 494 492 499
f 501 510 502
f 503 1322 500
f 505 503 502
f 503 505 507
f 504 1363 508
f 504 502 510
f 511 515 512
f 514 2132 512
f 515 517 513
f 516 2772 517
f 515 511 518
f 520 523 521
f 523 520 524
f 526 524 520
f 521 530 528
f 522 841 529
f 523 529 530
f 532 534 533
f 534 3225 535
f 536 3513 534
f 531 3072 537
f 538 3553 531
f 539 538 533
f 541 544 542
f 544 541 545
f 547 542 544
f 549 550 545
f 550 1862 543
f 548 545 541
f 553 555 554
f 556 3530 557
f 555 557 558
f 555 553 559
f 552 554 561
f 563 552 560
f 565 2146 566
f 568 565 564
f 567 564 570
f 567 3031 571
f 572 570 564
f 574 579 575
f 573 582 576
f 577 578 574
f 578 2074 579
f 581 576 582
f 583 577 576
f 585 590 586
f 584 586 588
f 586 594 589
f 591 2088 592
f 593 591 590
f 590 592 594
f 392 598 595
f 597 595 598
f 599 598 392
f 393 595 601
f 277 425 602
f 425 277 276
f 603 421 420
f 69 602 604
f 602 424 605
f 606 435 429
f 608 612 609
f 611 609 612
f 613 1683 610
f 607 3031 614
f 612 608 615
f 617 622 618
f 616 1610 619
f 338 340 616
f 621 618 622
f 620 622 624
f 625 624 622
f 627 630 628
f 629 630 580
f 630 629 631
f 632 3222 633
f 634 627 626
f 635 632 626
f 637 2310 638
f 636 641 639
f 641 636 642
f 636 638 643
f 645 647 646
f 643 1230 644
f 647 1094 648
f 355 357 650
f 649 650 652
f 357 359 653
f 655 657 656
f 658 664 656
f 660 658 657
f 659 657 655
f 662 1007 654
f 654 1009 663
f 664 744 662
f 666 668 667
f 668 957 669
f 667 669 671
f 370 372 668
f 666 1161 672
f 674 677 675
f 677 674 678
f 680 677 676
f 682 678 674
f 683 781 678
f 685 687 686
f 687 690 688
f 689 1168 690
f 692 684 693
f 684 686 694
f 696 699 697
f 699 696 700
f 700 696 702
f 702 696 695
f 699 706 704
f 706 699 698
f 708 716 709
f 707 2547 710
f 707 709 712
f 709 715 713
f 715 709 716
f 716 708 718
f 720 726 721
f 723 720 719
f 725 721 726
f 719 721 728
f 721 725 729
f 731 187 31
f 572 734 733
f 734 737 735
f 737 734 738
f 739 2164 740
f 732 733 741
f 662 744 743
f 744 2973 745
f 747 753 748
f 750 746 751
f 752 751 746
f 754 1667 755
f 753 747 756
f 753 755 757
f 759 3391 760
f 762 764 760
f 758 760 764
f 763 2129 765
f 758 765 766
f 764 762 768
f 447 773 770
f 772 447 769
f 773 447 444
f 771 769 775
f 774 3266 776
f 777 772 771
f 779 784 780
f 782 779 778
f 784 779 785
f 784 398 397
f 783 404 398
f 786 785 779
f 785 786 787
f 554 558 788
f 560 561 790
f 791 790 561
f 789 790 793
f 795 801 796
f 796 805 798
f 794 796 797
f 801 795 802
f 804 801 800
f 801 804 805
f 807 810 808
f 809 3976 810
f 812 806 813
f 806 808 814
f 810 3728 815
f 817 2417 818
f 820 817 816
f 817 820 822
f 824 822 820
f 819 816 826
f 816 818 827
f 829 840 830
f 832 840 833
f 835 828 830
f 828 835 837
f 838 829 828
f 839 830 840
f 839 2792 834
f 842 418 843
f 841 522 844
f 845 529 841
f 847 855 848
f 850 847 846
f 851 3233 849
f 852 2293 853
f 852 848 855
f 853 851 846
f 857 860 858
f 859 990 860
f 857 2035 861
f 863 858 860
f 864 2033 856
f 866 870 867
f 865 867 869
f 870 3416 631
f 872 870 866
f 874 877 875
f 876 2056 877
f 497 876 874
f 880 878 881
f 873 881 878
f 883 887 884
f 885 3843 886
f 888 1766 884
f 882 884 889
f 891 895 892
f 894 892 895
f 896 731 890
f 898 901 899
f 900 2409 901
f 902 3331 903
f 905 899 901
f 897 899 906
f 908 911 909
f 911 1905 912
f 913 909 911
f 914 1905 911
f 907 909 916
f 918 921 919
f 920 921 609
f 921 918 607
f 917 923 571
f 923 917 924
f 921 920 925
f 926 924 917
f 919 925 927
f 929 933 930
f 932 930 933
f 932 937 935
f 934 2820 930
f 937 932 931
f 933 929 939
f 941 944 942
f 943 1237 944
f 946 942 944
f 947 3999 940
f 949 941 940
f 254 297 951
f 253 254 950
f 30 1061 730
f 90 956 953
f 91 2523 955
f 956 90 954
f 372 371 957
f 370 672 366
f 959 964 960
f 962 960 963
f 965 963 960
f 966 3877 961
f 968 970 969
f 937 3589 969
f 971 1348 972
f 970 972 935
f 967 2026 973
f 970 968 974
f 975 974 968
f 976 458 454
f 978 1556 979
f 980 981 977
f 981 3253 982
f 981 980 984
f 986 993 987
f 989 986 985
f 990 859 985
f 859 861 988
f 992 990 987
f 993 995 991
f 994 2408 995
f 997 1001 998
f 996 998 1000
f 1001 1006 1002
f 1001 997 1004
f 1006 1001 1003
f 742 1010 1007
f 1009 654 1007
f 1010 1756 1008
f 1011 2007 1010
f 1012 1011 742
f 1014 400 1015
f 780 397 1014
f 1016 1018 47
f 49 47 1018
f 1019 1171 1017
f 1018 1016 1020
f 1022 1028 1023
f 1024 1025 1021
f 1025 1431 1026
f 1027 1022 1021
f 1028 1030 1029
f 697 704 1030
f 1028 1022 695
f 1032 1037 1033
f 1035 1247 1033
f 1034 1033 1037
f 1036 1037 1039
f 1040 1039 1037
f 596 1045 1042
f 1043 1403 1044
f 597 596 1041
f 1045 596 598
f 597 1044 1047
f 1044 1403 1048
f 1020 1058 1050
f 1049 1053 1052
f 1049 1050 1054
f 1050 1057 1055
f 1057 1050 1058
f 1060 730 1061
f 1063 1065 989
f 1062 989 988
f 1065 1066 986
f 1066 994 993
f 1068 1074 1069
f 1067 3601 1070
f 1071 3379 1067
f 1073 1071 1069
f 1074 3833 1072
f 1075 3922 1074
f 1077 795 794
f 1078 802 795
f 1080 1084 1081
f 1083 1081 1084
f 1085 1086 1084
f 1087 1435 1088
f 1082 1084 1086
f 1089 1087 1086
f 1091 1096 1092
f 1094 647 1092
f 1093 1092 1096
f 1090 1092 647
f 1098 1091 1090
f 1090 645 1099
f 1101 1106 1102
f 1104 1107 1101
f 1106 1101 1107
f 1105 2704 1108
f 1106 1108 1109
f 1111 1119 1112
f 1114 1115 1112
f 1115 1954 1110
f 1115 1114 905
f 906 1114 1113
f 1113 1112 1119
f 1117 1113 1118
f 1122 1129 1123
f 1125 1129 1122
f 1126 1477 1121
f 1128 1126 1123
f 1129 2617 1127
f 1131 1139 1132
f 1134 1130 1135
f 1130 1132 1136
f 1138 1132 1139
f 1137 1139 1141
f 782 1145 1142
f 1144 1142 1145
f 1146 787 786
f 1143 1859 1147
f 1143 1145 683
f 1150 1154 1151
f 1153 1151 1154
f 1155 3032 1151
f 1156 2166 1152
f 1157 1156 1154
f 1149 2462 1158
f 1159 1157 1150
f 1161 666 665
f 1161 1163 1162
f 1160 2059 1163
f 1164 1563 1160
f 665 667 670
f 1038 1039 1166
f 1039 1040 1167
f 690 1040 1032
f 1168 1167 1040
f 1017 1169 262
f 1169 1312 237
f 1169 1017 1171
f 1173 2865 1174
f 1172 1177 1175
f 1177 1172 1178
f 1177 1180 1179
f 1176 3718 1180
f 1172 1174 1181
f 407 1183 1181
f 1183 407 406
f 1185 355 649
f 703 695 1022
f 1187 1193 1188
f 1186 1188 1190
f 1189 2588 1191
f 1188 1194 1192
f 1193 1196 1194
f 1195 2491 1196
f 1197 1195 1193
f 1199 1201 1200
f 1201 3909 863
f 1203 1198 1204
f 1205 1204 1198
f 1207 1212 1208
f 1209 2815 1206
f 1211 1208 1212
f 1214 1207 1215
f 1134 1212 1207
f 1206 3582 1215
f 1131 1214 1213
f 1139 1131 1216
f 1130 1134 1214
f 1218 1222 1219
f 1220 4083 1221
f 1222 3699 1223
f 1219 1223 1225
f 1224 1220 1217
f 1226 3701 1222
f 1228 643 638
f 1230 643 1228
f 566 738 734
f 736 738 1232
f 570 572 732
f 1234 1239 1235
f 1236 1971 1233
f 1238 1235 1239
f 1239 1234 1240
f 1242 1246 1243
f 1245 1243 1246
f 1247 1035 1246
f 1249 1242 1241
f 1242 1249 1250
f 1251 1255 1252
f 825 826 1253
f 825 1252 1254
f 1255 2833 1256
f 1258 1264 1259
f 1260 1261 1257
f 1261 78 81
f 1263 1259 1264
f 1266 228 227
f 228 1266 1267
f 1266 1269 1268
f 1265 3285 1269
f 1271 1275 1272
f 1274 1272 1275
f 1276 4097 1273
f 1270 1280 1278
f 1280 1270 1272
f 1282 1287 1283
f 1285 1288 1282
f 1287 1282 1288
f 1290 1287 1286
f 1291 1283 1287
f 1293 1300 1294
f 1295 2407 1292
f 1297 1293 1292
f 1299 1294 1300
f 1302 1308 1303
f 1305 1306 1303
f 1306 3865 1301
f 1307 1419 1308
f 1304 1303 1308
f 1301 1995 1310
f 195 237 1312
f 1311 4006 191
f 9 1316 1313
f 1315 1313 1316
f 1317 320 318
f 1313 1315 1318
f 1314 1316 1320
f 500 1323 1321
f 1322 1326 1323
f 1325 1323 1326
f 1327 1321 1323
f 1328 2713 1321
f 1330 1340 1331
f 1333 1335 1331
f 1335 1333 1336
f 1329 1331 1335
f 1339 1333 1332
f 1340 3587 1332
f 1342 1345 1343
f 456 1343 1345
f 1341 1343 453
f 1341 3508 1347
f 450 453 1343
f 972 1349 934
f 1348 3068 1349
f 1351 1356 1352
f 1352 1357 1354
f 1355 2063 1356
f 1356 2062 1357
f 1351 1350 1359
f 1358 3954 1355
f 1360 507 505
f 1362 508 1363
f 879 1370 1364
f 1366 1367 1364
f 1368 488 496
f 880 1364 1367
f 1365 1372 1369
f 1370 1373 1365
f 1372 1365 1373
f 749 751 1375
f 1377 749 1374
f 1374 1375 1379
f 1375 1381 1380
f 1381 1375 751
f 1382 1218 1217
f 1383 1226 1218
f 1385 1391 1386
f 1384 1386 1388
f 1390 1386 1391
f 1386 1390 1392
f 1391 1385 1394
f 1395 1400 1396
f 1048 1396 1398
f 1399 3131 1400
f 1402 1396 1400
f 1403 1399 1395
f 1405 1407 1406
f 1407 1410 1408
f 1410 1407 1411
f 1404 1089 1412
f 1413 1411 1407
f 1415 1309 1416
f 1416 1419 1418
f 1419 1416 1309
f 1419 1307 1420
f 1421 1304 1309
f 1423 1393 1424
f 1393 1394 1425
f 1393 1423 1389
f 1423 1686 1426
f 1026 1429 1427
f 904 3173 1427
f 1429 2410 1428
f 1429 1026 1431
f 1082 1088 1433
f 1433 1088 1435
f 1437 1439 1438
f 1439 922 1440
f 1439 1437 1442
f 1444 1437 1436
f 1446 1448 1447
f 1449 3465 1450
f 1451 1449 1448
f 1445 2428 953
f 1446 953 956
f 1237 943 1452
f 1237 1239 945
f 1453 1970 1238
f 943 3378 1454
f 1456 1459 1457
f 601 1046 1456
f 1459 1456 1046
f 1458 1456 1455
f 1462 1464 1463
f 1464 2589 653
f 1465 2444 1466
f 1461 1463 363
f 1461 1466 1467
f 1436 1438 1469
f 1443 1436 1468
f 1472 1126 1128
f 1473 4062 1474
f 1471 1128 1476
f 1472 1474 1477
f 1479 1487 1480
f 1481 1484 1478
f 1483 1478 1484
f 1486 1480 1487
f 525 520 519
f 527 1489 519
f 1489 2776 1488
f 1488 2769 1490
f 525 1490 1491
f 1493 1495 1494
f 1495 1771 1496
f 1495 1493 1498
f 1500 1492 1501
f 1502 1493 1492
f 1492 1494 1503
f 1494 1496 1504
f 1506 272 274
f 272 1506 1507
f 1509 1514 1510
f 1511 2125 1508
f 1513 1511 1510
f 1515 1512 1510
f 1516 3902 1514
f 1518 2160 1519
f 1521 1517 1522
f 1523 1522 1517
f 1524 1525 1522
f 1525 4009 1520
f 1527 1529 1528
f 1529 1532 334
f 1530 1533 1529
f 1532 1529 1533
f 333 334 1532
f 1535 1537 1533
f 1531 1533 1537
f 1539 1541 486
f 1541 1539 1542
f 1544 1539 1538
f 483 486 1541
f 1544 387 385
f 1545 385 1547
f 1547 384 1549
f 1548 2861 1546
f 1550 978 977
f 1551 1555 978
f 1553 1555 1554
f 1555 1553 1556
f 1555 1551 1557
f 1550 982 1559
f 664 658 1561
f 1560 2973 744
f 1562 1561 658
f 1563 1164 1561
f 1164 670 1560
f 1564 1569 1565
f 1567 439 1565
f 1566 1565 1569
f 1571 1575 1572
f 1574 1572 1575
f 1572 1574 1577
f 1578 4070 1575
f 1580 1382 1221
f 1411 1413 1582
f 1583 1413 1405
f 1409 1411 1581
f 1585 3569 1584
f 1413 1583 1586
f 1587 1585 1581
f 1582 1586 1588
f 1590 1595 1591
f 1593 1594 1590
f 1594 3703 1595
f 1590 1589 1596
f 1593 1592 1598
f 1600 1605 1601
f 1602 3014 1599
f 1604 1601 1605
f 1600 1608 1607
f 1599 4032 1608
f 1606 3952 1605
f 338 1609 344
f 1609 338 618
f 1610 616 340
f 1611 1613 1540
f 1612 1616 1613
f 1615 1613 1616
f 1617 1540 1613
f 1546 1611 1542
f 1545 1542 1539
f 1540 1617 484
f 1187 1619 1618
f 1186 1191 1619
f 1621 1618 1619
f 1622 2954 1197
f 1624 1628 1625
f 1504 344 1609
f 1623 1625 1503
f 1623 1609 621
f 1501 1503 1625
f 1626 1625 1628
f 1627 1628 1630
f 1632 1637 1633
f 1631 3117 1634
f 1632 1634 1636
f 1638 2149 1639
f 1637 1639 1640
f 1637 1632 1635
f 1641 1307 1302
f 1307 1641 1642
f 1643 226 225
f 1644 1643 1267
f 226 1643 1645
f 1647 1652 1648
f 1649 1891 1646
f 1651 1647 1646
f 1652 1657 1653
f 1652 1647 1655
f 1657 1652 1654
f 1659 1185 1184
f 1184 649 651
f 1658 1184 1660
f 1662 2709 1660
f 1664 1666 1665
f 1666 755 1667
f 755 1666 1668
f 1669 1668 1666
f 1671 1664 1663
f 1672 2840 1663
f 1674 2728 1675
f 1673 1675 1677
f 1679 1673 1676
f 1680 1674 1673
f 1339 3585 1676
f 1682 610 1683
f 1682 2496 1426
f 610 1682 1684
f 611 1684 1685
f 1686 1685 1684
f 1687 1689 1324
f 1689 1687 1690
f 1688 1858 1147
f 1688 1690 1692
f 1687 1973 1693
f 1694 1697 1190
f 1696 1697 1694
f 341 1192 1194
f 1698 1189 1190
f 1700 1583 1412
f 1701 1704 1700
f 1583 1700 1702
f 1702 1700 1704
f 1706 1714 1707
f 1709 1716 1706
f 1707 1713 1711
f 1713 1707 1714
f 1714 1706 1716
f 1334 1336 1718
f 1337 1335 1334
f 1719 1334 1717
f 1720 1752 1721
f 1717 1718 1723
f 1722 4038 1720
f 1725 1732 1726
f 1728 1724 1729
f 1730 1725 1724
f 1732 1725 1733
f 1735 1728 1727
f 1387 1388 1737
f 1736 1737 1417
f 1738 1737 1388
f 1740 1744 1741
f 1739 3447 1742
f 1744 1740 1745
f 1743 1745 1119
f 1118 1119 1745
f 1746 1745 1740
f 1748 1757 1749
f 1747 4038 1751
f 1747 1749 1753
f 1755 1753 1749
f 1754 1749 1757
f 1757 1748 1759
f 1758 1008 1756
f 1761 1124 1762
f 1763 1762 1124
f 1764 3511 1762
f 889 1761 1760
f 1124 1761 1766
f 1767 1774 1497
f 1767 1770 1769
f 1498 2053 1770
f 1497 1773 1771
f 1773 1497 1774
f 1768 2579 1774
f 1776 1779 1777
f 1778 1782 1779
f 1779 1781 1408
f 1781 1779 1782
f 1783 2058 1782
f 1785 1791 354
f 1787 1791 1788
f 347 2799 1784
f 1784 1073 1789
f 1790 354 1791
f 792 793 1793
f 790 791 1794
f 1795 1793 793
f 1797 792 1792
f 1792 1793 1799
f 1801 1804 1802
f 928 1802 1804
f 1805 2472 1804
f 1807 1813 1808
f 1809 2075 1806
f 1811 1813 1812
f 1813 1811 1814
f 1815 1812 1813
f 1817 2190 1818
f 1820 1816 1821
f 1820 4035 1823
f 1816 1820 1822
f 1816 1818 1824
f 1825 3928 1819
f 1046 601 595
f 600 601 1458
f 1828 1831 1829
f 1831 1828 1832
f 1827 3640 1833
f 1834 3639 1827
f 1831 2749 1835
f 1837 1847 1838
f 1836 1841 1839
f 1841 1836 1842
f 1843 1842 1836
f 1845 1843 1838
f 1844 1838 1847
f 1848 811 1847
f 1850 1854 1851
f 1853 4080 1854
f 1852 1854 1850
f 1850 1849 1856
f 1144 1147 1858
f 1859 1324 1689
f 1859 1143 1148
f 1861 1866 1862
f 1864 1867 1861
f 1866 1861 1867
f 1869 1862 1866
f 1868 1866 1865
f 1867 1864 1872
f 342 1194 1196
f 1874 1876 1875
f 1753 1755 1876
f 1874 1721 1752
f 1878 1875 1876
f 1873 1875 1880
f 1881 1880 1875
f 1883 832 831
f 1884 1886 831
f 1882 831 1886
f 832 1883 1887
f 1889 1649 1890
f 1649 1889 1892
f 1889 2081 1893
f 1890 1649 1648
f 1895 1897 1896
f 1897 1895 994
f 1896 1658 1661
f 1897 1659 1658
f 1900 1902 1901
f 1902 663 1009
f 1008 1758 1901
f 1903 3549 663
f 1902 1900 1904
f 1905 1909 1906
f 1908 3896 1909
f 1909 3896 1910
f 1911 2506 912
f 1912 1911 1906
f 549 1915 1913
f 1915 549 548
f 550 549 1863
f 1916 1864 1863
f 1918 1920 1919
f 1921 3789 1922
f 1923 2165 1917
f 1925 1918 1917
f 1920 1922 1926
f 1919 1926 1927
f 1066 1065 1659
f 1065 1063 1185
f 1182 1930 1928
f 1182 406 409
f 1928 1932 1176
f 1178 1181 1183
f 1929 2899 1930
f 1932 1928 1930
f 1934 1941 1935
f 1933 3314 1936
f 1933 1935 1938
f 1940 1938 1935
f 1941 1943 1939
f 1942 3232 1943
f 1944 1942 1941
f 1892 1893 1946
f 1945 1946 1948
f 1891 1892 1945
f 1945 1947 1604
f 1110 1953 1950
f 1952 2830 1953
f 1954 1951 1953
f 1951 1956 1328
f 1956 1951 1954
f 478 1960 1957
f 1959 1957 1960
f 477 1961 1960
f 1961 3951 1958
f 1963 1549 384
f 1548 1549 1965
f 1415 1966 1965
f 1421 1965 1549
f 1966 2703 1964
f 1693 1972 1968
f 1968 1236 1970
f 1236 1968 1972
f 1973 506 1972
f 1690 1693 1967
f 1975 1979 1976
f 1978 1976 1979
f 1980 3946 1977
f 1979 1975 1981
f 1922 1975 1974
f 1974 1976 1642
f 1982 1927 1926
f 1983 2207 1984
f 1295 1984 1986
f 1984 1295 1294
f 1984 2207 1987
f 1985 1986 1989
f 1986 1987 1990
f 1310 1994 1991
f 1993 1991 1994
f 1991 1993 1927
f 1995 3666 1994
f 1997 2001 1998
f 2000 1998 2001
f 2002 3732 1999
f 2003 3622 2004
f 2005 1997 1996
f 2006 2003 1996
f 2008 1755 1754
f 1756 1010 2007
f 2007 1011 2009
f 2010 2012 1685
f 925 2012 2011
f 920 1685 2012
f 2014 1913 1915
f 2016 2017 2014
f 2017 1916 1913
f 2018 2015 2014
f 2019 2020 1957
f 474 1957 2020
f 2022 1705 2023
f 1710 2023 1705
f 1708 1706 1705
f 2024 3298 2021
f 2021 3299 2025
f 2026 1244 2027
f 2027 1035 1034
f 2028 975 973
f 1244 1246 1035
f 2029 1245 1244
f 2031 2034 2032
f 2033 2032 2034
f 856 2034 2035
f 2037 2041 2038
f 2036 3669 2039
f 2041 2037 2042
f 2043 3480 2040
f 2044 2042 2037
f 2046 2050 2047
f 1841 2050 2048
f 2049 2048 2050
f 2045 648 1094
f 2051 640 2045
f 1840 2047 2050
f 2047 1840 2052
f 2053 587 875
f 1768 1769 2055
f 877 1769 1770
f 2056 2055 1769
f 1780 1782 2058
f 2059 2057 2058
f 2058 1783 1162
f 1453 3061 1969
f 1235 1238 1970
f 2060 1788 1791
f 2062 1356 2063
f 2065 1357 2062
f 2064 2062 2061
f 1170 1558 1312
f 1005 1003 2068
f 2069 2072 2067
f 2071 2067 2072
f 2005 3611 2070
f 2002 2069 2068
f 2074 1807 1806
f 579 1806 2075
f 2077 1946 1893
f 2079 2077 2076
f 2077 2079 153
f 2081 3901 2076
f 1603 1650 1949
f 1891 1949 1650
f 1650 1603 2082
f 1947 1602 1601
f 1608 3937 2083
f 2085 2087 2086
f 2087 2085 2088
f 2087 2430 2089
f 2086 2089 1883
f 1882 1885 2084
f 2091 2632 2092
f 2094 2091 2090
f 2096 2098 2094
f 2091 2094 2098
f 2093 2969 2095
f 2099 2968 2093
f 2100 2099 2090
f 2102 2109 2103
f 2104 2105 2101
f 2105 3041 2106
f 2108 2103 2109
f 1104 2111 1589
f 2111 1104 1103
f 1589 2111 2112
f 2114 2116 2115
f 2116 2121 2117
f 2119 2115 2117
f 2118 3903 2120
f 2119 2671 2113
f 2122 2902 2117
f 2124 1508 2125
f 765 2128 2126
f 2128 765 2129
f 2131 2126 2128
f 2132 514 2133
f 402 512 2132
f 2133 2137 2135
f 2137 2133 514
f 2139 3664 2140
f 2142 2139 2138
f 1377 3746 2139
f 2143 2162 2144
f 2141 2138 2145
f 2141 2144 750
f 1442 2148 2146
f 1232 2146 2148
f 1441 1442 565
f 2149 2151 2150
f 2151 2178 2152
f 2153 1640 1639
f 1519 2158 2154
f 2155 1524 1523
f 2154 2157 416
f 2157 2154 2158
f 2159 2421 2156
f 2160 2159 2158
f 488 1368 2161
f 741 2163 756
f 2163 741 733
f 2162 2143 739
f 2143 2145 2164
f 2165 1923 2166
f 1924 1917 2165
f 2167 2165 1156
f 2169 352 1790
f 2171 353 2169
f 2173 1042 1045
f 599 4120 2172
f 1041 1042 2174
f 2176 2179 2177
f 2179 2176 2180
f 2182 2180 2176
f 2181 2176 2175
f 2175 2177 2185
f 2187 2189 2188
f 2190 1817 2191
f 2192 2188 2189
f 2186 2188 2194
f 2196 2198 2197
f 907 2197 2198
f 2199 2302 2195
f 915 2199 2197
f 908 2198 2200
f 2201 2147 2202
f 2204 2276 2205
f 1383 2206 2203
f 1987 2203 2206
f 2204 2203 1987
f 1990 2206 1580
f 2209 2210 1710
f 2023 1710 2210
f 2211 3388 2210
f 2209 2044 2039
f 2213 2220 2214
f 2215 2218 2212
f 2217 2212 2218
f 2220 2213 2221
f 2223 2214 2220
f 2219 4143 2222
f 2225 2229 2226
f 2228 2226 2229
f 2230 951 2224
f 2226 2228 2231
f 2232 2762 2229
f 2224 3599 269
f 2234 2236 2235
f 2159 2160 2236
f 2238 2235 2236
f 2239 1653 1657
f 2240 2239 2233
f 2242 1940 1939
f 1943 3234 2241
f 2244 2247 2245
f 2246 2251 2247
f 2247 2250 2248
f 2250 2247 2251
f 1824 2250 2249
f 2250 1824 1818
f 79 2257 2253
f 322 2253 2254
f 2256 2253 2257
f 2257 79 78
f 1261 1260 2255
f 1469 2260 2259
f 2258 3077 1468
f 1438 1440 2260
f 2262 2264 2259
f 2258 2259 2264
f 1440 3180 2265
f 2261 2259 2260
f 2266 2269 1568
f 2268 1566 1568
f 2267 1568 2269
f 2269 2266 2271
f 2272 2266 1569
f 2266 2272 2273
f 2275 2276 2204
f 2274 2204 2207
f 2276 2279 2277
f 2279 2276 2275
f 2281 2275 2274
f 2275 2281 1211
f 2283 2088 2085
f 2088 2283 2284
f 2286 3883 2287
f 2289 2285 2290
f 2289 3907 2292
f 2285 2289 2291
f 2290 2294 2293
f 2288 2290 852
f 2285 2287 2294
f 2295 2300 1880
f 2297 2300 2298
f 2299 2298 2300
f 2300 2297 1879
f 2302 2199 2303
f 2305 2195 2302
f 2304 2308 2306
f 2307 4078 2308
f 2304 2302 2301
f 1333 1339 1677
f 1336 1677 1675
f 2310 637 2311
f 2310 3629 1227
f 2312 2631 2098
f 2314 2096 2095
f 2316 2318 2317
f 2318 1531 1536
f 2319 1534 2318
f 1534 1532 1531
f 2321 2319 2316
f 2315 4074 2320
f 169 3467 2322
f 2323 2325 2324
f 961 2326 2323
f 1054 1055 2325
f 1054 2323 2326
f 2328 2324 2325
f 603 276 265
f 2329 265 179
f 2332 2339 2333
f 2331 2333 2335
f 2337 2335 2333
f 2339 2332 2340
f 2336 2333 2339
f 2343 2346 2344
f 463 2344 2346
f 2342 2344 462
f 2348 463 2345
f 2349 3669 2345
f 2351 2554 2352
f 2353 2351 2350
f 2355 2554 2351
f 2280 2274 1983
f 2280 2350 1209
f 2357 1394 1385
f 2358 1425 1394
f 606 2361 2360
f 2361 3483 2362
f 2363 3205 2359
f 345 1496 1771
f 344 1504 1496
f 1773 3721 2364
f 2366 2368 2367
f 2368 3542 1354
f 2369 4065 2368
f 2365 713 715
f 2371 3837 2372
f 2370 2372 2374
f 2000 2371 2370
f 2371 2000 1999
f 2006 2375 2378
f 2375 2370 2373
f 2353 1983 1299
f 1298 1300 2379
f 2380 2382 1512
f 1513 1512 2382
f 2381 2382 2384
f 2385 2399 2380
f 2382 2380 2386
f 2388 1098 1097
f 1099 2808 2387
f 1091 1098 2390
f 1954 1115 1116
f 2391 2393 2063
f 2392 3302 2393
f 2061 2063 2393
f 2395 2398 2396
f 2397 3465 2398
f 600 2397 2395
f 2400 2404 2401
f 2402 2404 1224
f 2403 2401 2404
f 1220 1224 2404
f 2386 2380 2399
f 2399 2385 2405
f 2407 1295 1985
f 2406 995 2408
f 1296 1292 2407
f 905 904 1428
f 2409 3173 904
f 1116 1428 2410
f 260 284 2412
f 259 260 2411
f 2415 2418 2416
f 2417 2416 2418
f 2419 2538 2416
f 2420 3641 2418
f 2421 2159 2234
f 2233 1657 1656
f 2423 2426 2424
f 2426 2423 2427
f 148 2428 2424
f 2426 146 145
f 2428 1445 2422
f 2429 2430 593
f 2430 2087 591
f 990 992 862
f 2432 2436 2433
f 2435 2433 2436
f 2437 2504 2433
f 2439 2435 2434
f 2440 2437 2435
f 1079 1081 2442
f 1701 1080 1079
f 2441 2583 2443
f 705 698 2445
f 2444 1465 2446
f 705 2446 2447
f 1064 988 861
f 2450 2296 2451
f 1330 2455 2450
f 2451 2456 2454
f 2455 2297 2296
f 2456 2451 2296
f 991 2458 2457
f 995 2406 2458
f 1204 1205 2457
f 2406 1985 1988
f 2459 2457 2458
f 1158 2461 2460
f 2461 1158 2462
f 2462 1149 2464
f 2466 1483 1482
f 1483 2466 2196
f 2465 3743 2200
f 1937 1938 1482
f 1478 1483 2467
f 2232 323 271
f 2469 4087 2470
f 928 1803 2468
f 1803 1804 2472
f 2471 2469 2468
f 929 2468 2470
f 2474 2477 2475
f 2477 2474 1671
f 2479 2475 2477
f 2480 3984 2473
f 2482 2485 2483
f 2484 551 2481
f 2482 2778 2486
f 2483 2485 2488
f 2490 2778 2482
f 2481 540 2489
f 1610 1196 2491
f 337 345 2364
f 2492 2493 1681
f 2493 2540 2494
f 1683 613 2495
f 2496 1682 1681
f 2497 3438 2436
f 2499 2432 2431
f 2498 3791 2500
f 2499 2500 2502
f 2432 2499 2501
f 2431 2433 2504
f 2505 2506 798
f 910 912 2506
f 797 798 2506
f 2507 2505 2193
f 805 2186 2193
f 2509 2515 2510
f 2508 1886 1884
f 2511 2512 2508
f 1886 2508 2512
f 2514 2510 2515
f 2510 2514 2516
f 1121 4030 1763
f 2517 3678 1537
f 2519 2524 2520
f 18 19 2521
f 2523 2525 2520
f 2524 2526 2522
f 2525 18 2518
f 2524 390 2396
f 2527 2530 1135
f 1132 1138 2528
f 2529 2527 1136
f 2530 3546 1133
f 781 683 1145
f 692 959 958
f 964 959 2533
f 691 2533 959
f 2535 2415 2414
f 2415 2535 2536
f 2414 2416 2538
f 1737 1738 2539
f 1392 2494 2540
f 1738 2540 2541
f 1417 2539 1414
f 2542 1414 2539
f 1283 1291 2544
f 1281 1283 2543
f 2461 1281 2545
f 1284 1282 1281
f 2547 707 711
f 2549 710 2547
f 2546 711 1929
f 2198 2196 2466
f 2467 2196 2195
f 562 2552 2550
f 789 2551 562
f 2551 3285 2552
f 2354 2379 2314
f 2554 2355 2555
f 2096 2314 2379
f 2355 2314 2313
f 1300 1293 2312
f 2557 2566 2558
f 2559 3119 2556
f 2561 2557 2556
f 2558 2567 2562
f 2564 2566 2565
f 2566 2564 2567
f 1202 2573 2568
f 2569 2570 1203
f 2570 1199 1198
f 2572 2569 2568
f 2208 1580 1579
f 2571 2568 2573
f 2573 1202 2574
f 1775 1777 2576
f 2575 2906 2577
f 2576 1410 1409
f 1410 2576 1777
f 2578 1870 2575
f 2054 2580 2579
f 2580 2582 2581
f 1772 1774 2579
f 2441 2442 2582
f 2583 2441 2580
f 1191 2588 2585
f 1620 1619 1191
f 2586 2588 1189
f 2587 2585 2588
f 1463 653 359
f 2589 652 650
f 2590 3540 2419
f 2591 2590 821
f 2590 2591 2593
f 2594 2591 822
f 2417 817 821
f 2595 947 942
f 2597 2599 2565
f 2563 2565 2599
f 2566 2557 2596
f 2600 3280 2599
f 2602 2597 2596
f 2411 2412 2604
f 2413 2411 2603
f 1056 2603 2605
f 894 2605 2603
f 2412 319 896
f 886 2607 373
f 371 373 2607
f 1526 1528 325
f 2609 1527 1526
f 2608 1526 327
f 2612 2609 2608
f 2611 2608 2610
f 461 463 2348
f 2614 2348 2616
f 992 2457 1205
f 1574 2581 2582
f 1573 1772 2581
f 2442 2645 1577
f 2618 3706 2619
f 2617 2619 2620
f 1125 2618 2617
f 2619 3706 2622
f 2624 1216 1213
f 2625 1141 1216
f 2624 2951 2626
f 2628 1562 660
f 2629 1898 2630
f 2631 2629 2097
f 2632 2091 2097
f 2630 2634 2633
f 1898 1661 2634
f 1898 2629 1894
f 2282 2085 2084
f 1885 2512 2635
f 2637 2282 2635
f 2282 2637 2638
f 2639 2641 2252
f 1825 2252 2641
f 2641 2639 2643
f 2644 2639 2249
f 2645 2442 1081
f 2647 2652 2648
f 2650 2652 2651
f 1567 2648 2652
f 439 1567 2650
f 1921 2651 2652
f 575 2075 2653
f 2654 865 868
f 2075 1809 2655
f 2657 1278 1280
f 2658 2659 1278
f 2659 2734 1277
f 1279 3477 2656
f 2656 3064 2660
f 2523 2522 2661
f 91 16 2525
f 2294 2665 2662
f 2663 853 2293
f 2662 2666 2664
f 2665 3788 2666
f 2665 2294 2287
f 1627 2966 2429
f 2668 2670 2032
f 2669 2668 2033
f 2670 3520 2030
f 2671 2677 2672
f 2672 2676 2674
f 2676 2672 2677
f 2679 2677 2671
f 2119 2120 2678
f 2681 386 2682
f 2680 2682 2184
f 2684 2681 2680
f 2184 2685 2183
f 2682 3524 2685
f 769 770 2686
f 774 775 2688
f 2167 2689 2686
f 2689 2688 775
f 770 1925 1924
f 773 2649 1925
f 1506 2691 2690
f 1505 3844 2691
f 2693 2699 2694
f 2695 3100 2696
f 2697 2693 2692
f 2140 2695 2692
f 2698 2700 2699
f 2700 740 2164
f 2699 2164 2145
f 2505 2507 913
f 1744 1743 673
f 675 2701 1741
f 2701 675 677
f 673 1950 681
f 1743 1111 1950
f 2703 1966 2542
f 1414 2542 1966
f 2704 3043 2705
f 2706 1109 1108
f 2704 1105 2708
f 139 953 2428
f 2710 2633 2634
f 1661 1660 2709
f 510 501 2712
f 2714 1430 2712
f 501 1321 2713
f 2716 2722 2717
f 2719 2716 2715
f 2715 2717 2721
f 2722 2725 2723
f 2724 3144 2725
f 2722 2716 2726
f 2727 2729 2728
f 2292 3048 2730
f 2291 2292 2729
f 1674 1680 2731
f 2729 2730 1723
f 1959 1029 1030
f 2019 1030 704
f 2020 2019 2732
f 2732 704 706
f 1998 2000 2375
f 2735 2739 2736
f 2738 2741 2739
f 2736 2739 2741
f 2742 3540 2740
f 2048 2049 2744
f 1839 2048 2743
f 2745 1848 1837
f 1830 1832 2747
f 2748 1830 2746
f 1830 2748 2749
f 2746 2747 2751
f 2753 2751 2747
f 1832 2754 2752
f 1828 1833 2754
f 2756 1434 1435
f 2627 3548 2757
f 1433 1434 2757
f 2756 2628 2627
f 2755 1435 1087
f 2759 3923 2760
f 2227 2229 2762
f 2761 2564 2563
f 2690 3657 2761
f 263 2763 1061
f 2763 263 75
f 791 2765 2764
f 2765 791 788
f 2767 2764 2765
f 2768 2777 2764
f 1047 1048 1397
f 2769 2771 2770
f 2771 517 2772
f 1490 2770 2773
f 2775 2771 2769
f 2769 1488 2776
f 2777 1795 1794
f 2778 2783 2779
f 2485 2486 2780
f 2780 2486 2779
f 2783 2778 2490
f 440 2650 2649
f 592 2284 2784
f 594 2784 2785
f 2787 2790 2788
f 2788 2100 2092
f 2100 2788 2790
f 1630 2791 2790
f 2791 620 623
f 2792 2787 2786
f 2787 2792 1629
f 1624 621 620
f 2791 1630 1628
f 1361 1363 2794
f 1363 504 509
f 2795 3124 1362
f 2795 1361 2793
f 2130 2128 2127
f 2130 2878 2798
f 2797 2127 1857
f 2202 1444 1443
f 2799 347 346
f 619 2491 2801
f 2802 3017 2800
f 2803 2801 2491
f 1262 1264 2427
f 2805 3822 2806
f 2423 2805 2804
f 2807 1262 2804
f 2425 2427 1264
f 2808 2813 2809
f 2809 2813 2612
f 2388 2387 2809
f 2812 3780 2813
f 2814 2812 2808
f 1208 1211 2281
f 2815 1209 2350
f 2278 1211 1210
f 1253 2818 2116
f 2121 2116 2818
f 1251 1253 2114
f 2820 934 1349
f 2822 2824 2823
f 2824 421 2825
f 2826 2828 2823
f 2827 3224 2828
f 2821 2823 2828
f 2329 2825 421
f 2831 682 681
f 2833 1255 2674
f 2833 2835 2834
f 2832 3221 2835
f 2676 3486 2832
f 2673 2674 1255
f 2836 2837 1842
f 2837 2052 1840
f 2838 2842 2839
f 2840 2838 1670
f 2476 1671 1670
f 2842 2838 2843
f 2844 2839 2842
f 2846 3921 2847
f 2845 2440 2439
f 1835 2848 2845
f 2849 3624 2850
f 2440 2845 2848
f 473 469 2851
f 477 479 2853
f 2854 2853 479
f 469 2031 2030
f 468 472 2031
f 2856 2858 2857
f 2858 3545 2859
f 2816 3546 2858
f 2861 1548 1964
f 2703 3008 2860
f 1611 1546 2861
f 1102 1109 2863
f 355 1185 1063
f 1487 1479 2306
f 2305 2306 1479
f 2865 1173 2866
f 2868 2864 2869
f 2870 2869 2864
f 2867 2869 2872
f 2866 2874 2873
f 2874 2866 1173
f 2876 2752 2754
f 2752 2876 2877
f 2876 3316 493
f 1099 645 644
f 2814 644 1230
f 2689 2167 1157
f 2629 2631 1297
f 1293 1297 2631
f 1691 2797 1858
f 2797 1691 2878
f 2879 2878 1691
f 854 855 2881
f 2880 3194 2288
f 2882 2881 855
f 2733 2732 2447
f 2687 2688 2460
f 2319 2321 2885
f 2886 330 333
f 2321 3383 2887
f 2885 2887 2264
f 2884 2885 2262
f 2889 1845 1844
f 2807 2888 2891
f 2888 2807 2806
f 1846 2891 2888
f 2891 1846 813
f 1117 3562 902
f 1114 906 899
f 2893 2897 2894
f 1000 2893 2892
f 1869 3570 2894
f 1002 2898 2897
f 2896 2894 2897
f 546 2897 2898
f 711 712 2899
f 2297 2455 2900
f 2118 2117 2902
f 2901 2902 1075
f 2577 2907 2905
f 2904 1776 1775
f 2906 1871 2907
f 2904 2905 2909
f 2705 2905 2907
f 418 842 411
f 414 411 842
f 2911 415 414
f 2910 414 844
f 2456 2914 2913
f 2298 2299 2914
f 2916 2914 2299
f 2295 3960 2915
f 553 2918 2917
f 2918 553 552
f 1962 378 1305
f 1306 1305 378
f 2919 378 380
f 2921 2925 2922
f 724 2925 1015
f 725 724 2923
f 2925 724 726
f 2925 2921 1013
f 2927 2930 2928
f 2930 2927 1179
f 2931 3397 2873
f 2933 2928 2930
f 2104 2931 2926
f 2935 2938 2936
f 2937 3711 2938
f 2934 3216 2939
f 2941 2936 2938
f 939 2470 2936
f 2470 4087 2934
f 495 2943 2056
f 490 495 876
f 2943 495 494
f 2055 2056 2943
f 2946 2950 2947
f 2945 2947 2948
f 2947 2952 2949
f 1622 2626 2951
f 2952 2947 2950
f 2945 3018 2953
f 2950 2946 2954
f 2956 2961 2957
f 2959 2960 2956
f 2960 2962 2961
f 2961 996 999
f 2962 997 996
f 723 2750 2964
f 2750 723 722
f 2750 2751 2965
f 722 719 727
f 2430 2429 2966
f 1887 1883 2089
f 2967 3635 2615
f 2347 3482 2616
f 1467 1466 2513
f 624 625 2968
f 2968 3017 2969
f 401 2134 2924
f 2134 2135 2970
f 2134 401 405
f 2541 3403 2702
f 443 2971 445
f 2971 443 772
f 2972 745 2973
f 2975 2977 2976
f 2974 3747 1904
f 2977 1617 1615
f 2977 2975 2979
f 580 2981 2980
f 2981 2985 2982
f 2983 2984 2980
f 2984 583 581
f 627 634 2985
f 2981 580 630
f 2986 2284 2283
f 2987 2784 2284
f 1064 2989 364
f 362 364 2989
f 2989 1064 2448
f 2988 2989 471
f 2991 1240 1234
f 2992 3348 1240
f 542 547 2994
f 540 542 2993
f 2996 3001 2997
f 2998 2995 2503
f 3000 2997 3001
f 2995 2997 3002
f 2633 2710 3003
f 2789 2092 2632
f 3004 1672 1665
f 3006 3099 3007
f 3008 3006 3005
f 1616 1612 3005
f 1612 2861 2860
f 3010 3012 1318
f 3012 3010 3013
f 3013 3010 3014
f 1948 2080 3011
f 3015 4032 1599
f 3009 3015 3014
f 2313 2095 2969
f 3016 2969 3017
f 2555 2313 3016
f 3020 3024 3021
f 3023 3021 3024
f 3024 3020 3026
f 3022 3024 3025
f 3029 2272 1564
f 2272 3029 2102
f 3028 3871 3030
f 3031 567 569
f 923 1441 568
f 918 571 3031
f 1149 1151 3032
f 3032 1155 3034
f 2352 2554 2553
f 2151 2149 3036
f 2179 3035 3037
f 2178 2151 3035
f 3038 3037 3035
f 3039 3036 2149
f 3036 3039 3040
f 2101 2106 2273
f 3041 4002 3042
f 2109 2102 3029
f 2271 2273 2106
f 3043 2909 2905
f 3044 3539 2909
f 3043 2704 2707
f 676 678 781
f 1013 680 679
f 679 676 778
f 2957 999 3046
f 1722 1723 2730
f 3048 3988 3047
f 1718 1675 2728
f 3049 3050 2659
f 3050 2735 2734
f 3051 3992 2735
f 3049 3531 3053
f 3050 3049 3052
f 3055 3057 3056
f 2879 3060 3057
f 3054 3761 2798
f 3054 3056 3059
f 3060 1969 3061
f 3062 3056 3057
f 3063 2996 2995
f 2135 2137 3001
f 459 461 2614
f 2615 2660 3064
f 2999 3001 2137
f 3066 3000 2999
f 2136 3649 3065
f 2819 3071 3067
f 3068 3071 2819
f 3067 3072 3070
f 3071 537 3072
f 3071 3068 3073
f 2852 2853 3075
f 1470 1468 3077
f 428 1470 3076
f 3076 3077 3079
f 3077 2258 2263
f 585 1500 1499
f 1626 2429 1499
f 3078 3083 432
f 3078 3079 3081
f 430 432 3083
f 3083 3078 3080
f 1931 1930 2899
f 712 713 3085
f 3087 1931 3085
f 1667 754 3088
f 1140 3137 3089
f 2896 543 1862
f 3091 3093 1823
f 1822 1823 3093
f 3092 3093 3095
f 3091 3574 3097
f 3096 3095 3093
f 2495 2697 2696
f 3100 2695 3101
f 3102 3100 3099
f 3098 2696 3100
f 2693 2697 615
f 2698 615 608
f 2697 2495 613
f 126 127 3104
f 1459 1397 3105
f 1457 3105 3107
f 1397 1398 639
f 878 880 496
f 3109 3115 3110
f 3112 3115 3109
f 1855 1856 3111
f 3114 3110 3115
f 3116 2560 3117
f 3117 3119 3118
f 2560 2556 3119
f 3120 2561 2560
f 3122 3120 3116
f 2574 2459 1988
f 2755 2760 3123
f 1362 2990 1360
f 2990 1362 3124
f 3125 2992 2991
f 2219 2221 3127
f 812 3130 3127
f 3126 3127 3130
f 2221 3969 3128
f 3131 3308 1401
f 3132 4081 3131
f 3133 3132 1399
f 3135 3559 3136
f 3138 3135 3134
f 3137 1140 3139
f 3138 1620 2584
f 976 3089 3137
f 2800 625 617
f 2214 2223 3140
f 3142 3140 2223
f 2222 4015 3141
f 3143 866 865
f 588 589 881
f 589 2785 879
f 2162 756 747
f 3145 3074 3075
f 3074 3736 3146
f 3147 2725 3144
f 2853 2854 3147
f 1918 1925 2649
f 3149 1290 1289
f 3150 936 3148
f 3151 3148 936
f 1304 1421 1963
f 3153 3410 3154
f 2993 2994 3152
f 3152 3156 2071
f 3156 3152 2994
f 3158 3469 3159
f 3161 3158 3157
f 3158 3161 3163
f 3165 3163 3161
f 3167 63 3168
f 3169 3867 3167
f 3166 3168 3171
f 63 61 60
f 19 63 3167
f 1699 1085 1080
f 3172 1704 1701
f 1895 1296 2408
f 3173 703 1027
f 703 3173 2409
f 3174 3176 2218
f 2216 2218 3176
f 3178 3175 3176
f 2215 3140 3179
f 2786 2788 2789
f 834 2786 3003
f 3180 1440 922
f 1372 3815 3181
f 3182 3931 1366
f 1455 1457 3106
f 1460 1455 3183
f 1826 1458 1460
f 2837 2836 3184
f 3183 3106 2052
f 2836 3695 3186
f 3184 3186 3185
f 3187 3190 2110
f 2112 2111 2110
f 3188 2110 3190
f 3191 4013 3190
f 3192 3191 3187
f 3193 3343 3194
f 2880 2881 3195
f 1296 1895 1894
f 924 926 3196
f 2069 2002 2001
f 3198 3203 3199
f 3201 3202 3199
f 3202 3920 3197
f 2363 3326 3204
f 3200 3199 3203
f 3203 3198 3205
f 3197 737 736
f 3206 3208 1538
f 3208 3206 3209
f 3210 3209 3206
f 3209 3210 3212
f 2939 3215 3214
f 2507 3214 3215
f 3216 916 3215
f 913 3215 916
f 3213 2937 2935
f 3218 3222 632
f 3218 3221 3220
f 3221 3218 3217
f 3219 2403 3222
f 3223 3226 3224
f 3225 3224 3226
f 2829 2828 3224
f 1856 2123 3227
f 3228 3112 3111
f 3229 3227 2123
f 2123 1856 1849
f 3230 2785 2784
f 3231 3235 3232
f 3234 1943 3232
f 3236 850 849
f 3233 3232 3235
f 3121 3237 3231
f 3235 3231 3237
f 3239 3245 3240
f 3240 3247 1735
f 3243 3245 3244
f 3245 3239 3246
f 3245 3243 3247
f 3249 3246 3239
f 1654 1655 2549
f 3250 2549 2548
f 2421 3250 3251
f 1655 4017 710
f 1559 982 3253
f 3252 3253 3255
f 983 3255 3253
f 3237 3121 1633
f 3236 3237 1640
f 3257 3262 3258
f 426 3256 3258
f 3259 3258 1165
f 3260 3264 3261
f 3262 1038 1165
f 3263 3260 1165
f 3263 3834 3264
f 3266 774 2687
f 2543 2544 3267
f 2545 2543 3265
f 3268 3266 3265
f 3270 3275 3271
f 3269 1402 1401
f 3271 3278 3273
f 3275 3270 3276
f 3278 3271 3275
f 3277 3275 3274
f 3280 3281 2598
f 3281 2231 2228
f 400 401 2923
f 2793 2794 3283
f 3282 3951 2796
f 2794 509 3284
f 1269 1797 1796
f 1797 1269 3285
f 1268 1796 3286
f 3288 2718 3289
f 3228 3290 3289
f 3290 3603 3287
f 2720 3289 2718
f 2720 2721 3112
f 2718 3288 3291
f 1967 1968 1969
f 128 2254 3104
f 3103 3104 3293
f 3295 2959 2958
f 2960 2959 3297
f 3296 3730 2962
f 754 756 2163
f 2144 747 746
f 2206 1383 1382
f 3298 457 3299
f 457 458 3136
f 3300 452 457
f 3302 2392 3303
f 3302 3305 2394
f 3305 3302 3301
f 3307 3303 2392
f 3308 3276 3270
f 3309 3311 3276
f 3274 3276 3311
f 2146 1232 738
f 3310 3311 2126
f 3311 3309 766
f 1698 3312 1709
f 3312 1698 1697
f 1934 1936 3313
f 3313 2601 2561
f 1944 3313 3120
f 1936 2602 2601
f 3314 4124 2602
f 3316 3320 3317
f 491 3315 3318
f 3319 3318 3315
f 3316 3315 491
f 3320 3322 3321
f 3320 2875 3323
f 1715 1716 3325
f 1716 1709 3312
f 2360 2362 3326
f 2362 2038 2041
f 2040 3204 3326
f 3327 2153 2150
f 2152 3328 2882
f 2178 2180 3328
f 1141 2625 3139
f 2638 3330 3329
f 3330 903 3331
f 3329 3331 3333
f 2986 3329 3332
f 3335 3817 3336
f 2642 3334 3338
f 3339 3338 3334
f 3335 3334 2642
f 2641 2642 3337
f 3341 3345 3342
f 2182 3340 3193
f 3343 3193 3340
f 3344 3342 3345
f 3346 3347 2724
f 3347 3145 3144
f 2992 3125 3145
f 3348 2992 3347
f 2620 2619 2621
f 1653 2239 3350
f 3170 3171 3351
f 1888 1890 3350
f 3170 3350 2239
f 3353 3359 3354
f 3354 3359 3356
f 3358 3352 3354
f 3319 3942 3356
f 3318 3319 3359
f 498 3353 3352
f 3361 3363 3362
f 3363 3361 3364
f 3363 1787 1786
f 3273 3364 3361
f 3367 3370 3368
f 2744 1095 3366
f 3369 3366 1095
f 3368 3371 2743
f 3370 4142 3371
f 3370 3367 3373
f 903 3330 3375
f 2637 3375 3330
f 897 903 3374
f 3376 349 3377
f 3378 3380 3376
f 350 3376 3380
f 3377 3062 3061
f 3062 3377 349
f 3382 2887 3383
f 3381 3383 3385
f 3383 2321 2320
f 2887 3382 2263
f 3081 3382 3381
f 3387 3300 3298
f 3388 3387 2024
f 2929 1179 1180
f 2926 2873 2874
f 1175 1179 2927
f 761 760 3391
f 3390 4001 3392
f 3394 3398 3395
f 2872 3399 3394
f 3398 3394 3399
f 2870 2873 3397
f 3396 3394 3393
f 2871 2872 3396
f 3402 2998 2504
f 3403 2541 2540
f 3403 3405 3404
f 3405 3403 2493
f 3406 1254 1252
f 3407 3406 1256
f 3409 2782 3410
f 2782 3409 3411
f 3154 3410 2782
f 3153 3607 3408
f 3412 3547 652
f 3413 3412 2589
f 2834 3415 3414
f 3415 2834 2835
f 3416 3414 3415
f 3407 3414 872
f 2489 2993 3154
f 3418 3149 3148
f 1290 3149 3419
f 452 3300 1346
f 227 220 248
f 3420 3422 1265
f 3421 3422 3420
f 2552 3422 3421
f 3422 2552 3285
f 952 3421 250
f 3424 2535 2534
f 2535 3424 3425
f 3423 3861 3426
f 3427 3425 3424
f 3428 3653 3423
f 2537 3428 2534
f 3018 2945 2553
f 3430 3847 3431
f 3433 3430 3429
f 3430 3433 3435
f 3432 3737 3436
f 2434 2436 3438
f 3439 3441 3438
f 3437 3438 3441
f 2623 2952 2951
f 1621 3139 2625
f 1751 3212 3210
f 2963 3443 720
f 3443 2963 3444
f 2922 3443 3442
f 3446 3447 3444
f 3447 1739 3442
f 2963 2964 3445
f 1225 634 633
f 634 1225 1223
f 2402 633 3222
f 3449 1315 1314
f 3009 1318 1315
f 2714 1956 1955
f 1430 1431 2711
f 1430 2714 2410
f 3451 2911 2910
f 3450 3454 3452
f 2912 3455 3450
f 3454 3450 3455
f 3455 2912 524
f 526 1491 3453
f 2898 1002 1006
f 1005 3156 3155
f 547 2898 3155
f 2893 1000 998
f 2700 2698 614
f 3375 2637 2636
f 3374 3375 3456
f 2511 2516 3456
f 2709 1662 837
f 835 3003 2710
f 3459 1884 833
f 2509 1884 3459
f 2515 2509 3460
f 3458 3854 3461
f 3460 3459 3461
f 3464 3466 1450
f 3463 1450 3465
f 1826 3463 2397
f 3466 1447 1448
f 3467 3223 2827
f 2322 2827 2826
f 2330 179 178
f 3468 3512 3226
f 3223 3467 1645
f 3470 446 445
f 2971 3159 3469
f 3471 2528 1138
f 3472 2529 2528
f 3089 976 449
f 1137 3089 451
f 3473 3545 2530
f 3474 3473 2527
f 2529 3472 3475
f 1272 1274 3476
f 3476 4011 3477
f 3479 3476 1274
f 1273 4096 3478
f 3481 3201 3200
f 2843 3481 3480
f 3204 2040 3480
f 2840 1672 3201
f 2802 2953 3018
f 2946 2953 2803
f 2038 2362 3483
f 3483 2361 436
f 3282 3283 1024
f 1025 1024 3283
f 3484 1024 1023
f 2675 2677 2679
f 2675 2383 3486
f 3488 3490 3489
f 3490 3492 3491
f 3492 3490 3400
f 3393 3395 3493
f 3494 3491 3492
f 3495 3400 3490
f 3401 3396 3400
f 3497 3501 3498
f 3500 3498 3501
f 3501 3497 3503
f 3505 3497 3496
f 3506 3503 3497
f 1422 2010 1686
f 3507 1346 3300
f 1346 3507 3508
f 60 62 110
f 3509 3171 3168
f 551 541 540
f 1760 1762 3511
f 3510 3610 1765
f 2127 2129 1146
f 3512 539 535
f 3225 534 3513
f 3514 1513 2381
f 1511 1513 3514
f 2679 3516 3514
f 3516 3603 3515
f 2330 2826 2825
f 2605 894 893
f 3517 1055 1057
f 893 895 3519
f 3517 893 3518
f 2604 896 892
f 2851 2030 3520
f 3521 3147 2854
f 685 2531 2328
f 2324 2328 2531
f 3522 689 687
f 2531 685 684
f 1543 1538 3208
f 3207 3970 3523
f 3523 2685 3524
f 387 1544 1543
f 1877 1876 1755
f 3525 1877 2008
f 402 404 3526
f 3527 518 511
f 404 783 768
f 3529 557 3530
f 3378 943 941
f 949 3601 3380
f 3082 3052 3053
f 3531 3634 433
f 3052 3082 3532
f 3084 3532 3082
f 1212 1134 1133
f 2053 1498 1493
f 329 3534 3196
f 3534 2265 3180
f 3533 3196 926
f 331 3535 3534
f 3535 2261 2265
f 2170 3278 3277
f 3058 3059 353
f 3279 3058 2171
f 1961 477 2852
f 3536 366 672
f 366 3536 3537
f 3539 3537 3536
f 2592 2740 3540
f 3540 2742 2538
f 3541 2736 2740
f 2626 1622 1618
f 3179 3140 3142
f 3542 3179 1353
f 3098 3405 2492
f 922 1439 1441
f 2155 416 415
f 3499 3652 3435
f 3498 3500 3436
f 2587 1708 2022
f 2025 3559 2585
f 2526 2396 2398
f 3545 2858 3546
f 3547 1662 651
f 836 837 1662
f 3547 3412 838
f 659 661 1380
f 1379 1380 661
f 3548 1380 1381
f 2758 2757 3548
f 2824 2822 3551
f 2822 3996 3552
f 3284 2711 1431
f 3553 3070 3072
f 2389 2390 3555
f 3557 3857 3555
f 3558 2390 1098
f 2390 3558 3556
f 3554 3793 3369
f 2389 3369 1096
f 3060 2879 1692
f 1620 3138 3139
f 2584 2585 3559
f 3560 3230 2987
f 3561 3560 3332
f 3230 3560 1373
f 1371 1373 3560
f 3331 902 3562
f 3563 3561 3333
f 3564 3566 2532
f 3566 3564 3567
f 382 3564 2337
f 964 2532 3566
f 2532 2533 2335
f 1210 1133 3546
f 135 126 3103
f 1486 558 557
f 558 1486 1485
f 3528 4098 1481
f 2785 3230 1370
f 2892 2894 3570
f 2895 2892 3569
f 2448 861 2035
f 1342 1347 1810
f 3571 1811 1810
f 1812 1815 1345
f 3097 3575 3573
f 3572 3784 3096
f 3574 4116 3575
f 3575 4115 3576
f 3387 3388 3577
f 2636 2635 2512
f 3020 3248 3578
f 3248 3020 3019
f 3248 3239 3238
f 3579 3786 3025
f 3580 3581 3578
f 3581 3579 3026
f 3582 2949 2952
f 1215 3582 2623
f 1887 1629 2792
f 1629 1887 2966
f 808 815 3583
f 814 3583 2890
f 3585 1339 1338
f 3584 3437 3440
f 1338 1332 3587
f 3586 2438 3584
f 2227 2563 2598
f 1200 863 862
f 2459 2574 1202
f 2189 2187 3588
f 2186 805 804
f 803 3588 2187
f 3588 803 2245
f 3150 3591 3590
f 1289 1286 3591
f 3592 3591 1286
f 936 3150 3589
f 3593 2965 2751
f 2964 2965 3594
f 3182 3594 2965
f 3213 3214 3596
f 3595 4037 2937
f 3299 3136 3559
f 2444 2445 2513
f 700 3597 2445
f 2513 2445 3597
f 3531 3049 2658
f 3598 2658 2657
f 1127 2620 1476
f 2230 3633 950
f 297 3599 2224
f 3599 297 296
f 2168 3364 2170
f 3364 3273 3278
f 2168 1790 1787
f 625 2800 3017
f 3600 2446 1465
f 3379 3380 3601
f 2799 350 3379
f 458 976 3134
f 3516 2679 2678
f 3603 3516 3602
f 417 416 2157
f 1524 2155 2911
f 2017 2016 3192
f 2016 2015 3191
f 3606 3408 3607
f 3605 3611 3609
f 3606 3605 3608
f 3607 2070 3611
f 2070 3607 3153
f 3408 3606 3612
f 3613 2544 1291
f 3614 3267 2544
f 3615 3419 3149
f 3419 3615 3616
f 3174 3617 3177
f 3617 4065 3618
f 3179 3542 3617
f 3619 2377 3620
f 2377 2378 3621
f 957 3620 3621
f 2606 3620 957
f 2972 3621 2378
f 3622 3884 3609
f 3619 3885 3622
f 1231 1232 2147
f 2998 3402 3623
f 2850 3402 2437
f 2970 2135 2996
f 729 2970 3063
f 3624 3623 3402
f 3625 3627 3324
f 3626 3696 3627
f 3627 2478 3628
f 3272 3273 3365
f 93 153 2079
f 2080 153 155
f 3011 155 321
f 2034 2031 472
f 375 377 3537
f 2548 2547 2546
f 952 950 3633
f 2917 3633 2230
f 3632 3633 2917
f 559 2917 2231
f 427 1443 1470
f 3221 2832 3486
f 3220 3486 2383
f 356 1063 1062
f 434 436 2361
f 3635 2967 436
f 2862 3192 1100
f 3257 3638 3637
f 3636 4036 3262
f 3256 3552 3638
f 1833 3323 2875
f 3639 2449 3640
f 3640 2453 3323
f 818 2418 3641
f 827 3641 2817
f 2818 1253 826
f 3286 1798 539
f 3643 2246 2244
f 3642 2244 2243
f 3644 3650 3645
f 3642 3645 3646
f 2309 3272 3629
f 3647 1227 3629
f 3269 3271 3272
f 1402 3269 2309
f 3065 2775 3648
f 2775 3065 3649
f 3650 3660 3651
f 3652 3499 3384
f 3652 4074 3434
f 3384 3502 3386
f 3502 3384 3499
f 3538 3536 1162
f 3504 3496 3654
f 3543 3654 3496
f 3655 3118 3119
f 3656 3655 2559
f 3658 2562 2567
f 1360 1233 1971
f 1233 1360 2990
f 802 1078 3650
f 1077 4025 3659
f 1078 3659 3660
f 3644 2243 800
f 3118 3655 984
f 3663 1516 1509
f 2570 2569 1516
f 3662 1509 1508
f 3664 3101 2695
f 1971 1972 506
f 3485 2381 2383
f 1059 1061 2763
f 2583 2944 3172
f 2054 2055 2944
f 3667 3977 3668
f 3668 1153 1152
f 3666 3668 1992
f 2166 1993 1992
f 573 575 868
f 2346 2343 3577
f 2211 2039 3669
f 2349 3577 3388
f 3508 2343 2342
f 3507 3577 2343
f 563 2550 3632
f 3632 2550 3421
f 3671 3676 3672
f 3674 4132 3672
f 3673 3672 3676
f 2772 516 3676
f 688 1032 1031
f 686 688 3677
f 1230 1229 3678
f 1536 1537 3678
f 1229 3681 3679
f 3681 1229 1228
f 3683 3689 3684
f 3686 3689 3687
f 3688 3684 3689
f 1981 3789 3682
f 2783 3411 3690
f 635 3415 3217
f 2868 4019 845
f 2864 2868 3691
f 2865 3691 3692
f 3693 2185 2177
f 3037 3038 3694
f 1843 1845 3695
f 2478 3627 3696
f 2478 2477 2476
f 3697 4141 3696
f 2933 4005 3041
f 2103 2108 2931
f 2105 2104 2928
f 3591 3592 2029
f 2026 967 3590
f 3589 3590 967
f 3592 3715 1245
f 2409 900 701
f 3113 2723 3521
f 3110 3114 2670
f 3114 3521 3520
f 2723 2725 3147
f 2717 2723 3113
f 963 965 3698
f 3565 3698 965
f 2985 1223 3699
f 3699 1222 3701
f 2982 3699 3700
f 3702 1327 1325
f 1324 1859 1860
f 1860 1148 2831
f 2855 2277 2279
f 3700 3701 2855
f 1973 1687 1326
f 506 1973 1322
f 669 3621 2972
f 2621 2622 3704
f 2622 3707 3705
f 3706 3742 3707
f 1089 1085 1699
f 1089 1404 2759
f 2940 3709 3708
f 3418 3708 3709
f 3710 3783 3709
f 3711 3710 2940
f 2080 1948 1946
f 3712 3039 1638
f 3630 3765 3713
f 3539 3044 3630
f 3714 3715 1285
f 3715 3592 1288
f 1243 1245 3715
f 1241 1243 3714
f 3305 3389 3717
f 2066 2061 2394
f 3719 2066 3717
f 3718 3717 3389
f 435 606 2359
f 3205 1231 2201
f 1444 2202 2147
f 701 3720 3597
f 900 3457 3720
f 898 3374 3457
f 1772 1573 3721
f 3723 3725 2256
f 3724 3293 3725
f 3722 3728 3726
f 3722 2256 2255
f 3728 3722 3727
f 2253 2256 3725
f 3729 3731 3730
f 1004 3730 3731
f 3732 2002 2073
f 3731 3729 3733
f 3735 3733 3729
f 3125 3736 3074
f 3736 3125 3124
f 3432 3429 1786
f 3737 3432 1788
f 3429 3431 3362
f 3099 3101 3738
f 1759 482 3739
f 2978 2979 3739
f 480 482 3740
f 1748 3740 482
f 2661 3544 1449
f 884 1766 1761
f 3742 888 887
f 2618 1125 1766
f 2252 1825 1821
f 1940 2242 3743
f 2465 1482 1938
f 2242 1908 1907
f 914 2200 3743
f 2518 2521 3744
f 713 2365 3086
f 3086 2065 2064
f 569 570 740
f 1952 1328 1327
f 3746 1377 1376
f 1376 1374 1378
f 3745 1376 3747
f 3749 3746 3745
f 2377 3619 2003
f 2156 3251 3604
f 3751 3754 3752
f 3724 3752 3754
f 3753 3754 3756
f 3754 3751 3757
f 3641 2420 3758
f 2711 3284 509
f 1903 1904 3747
f 2975 1904 1900
f 3701 1226 2277
f 2278 2816 2856
f 1452 1454 3377
f 3760 3452 3454
f 3453 4140 3759
f 1500 585 584
f 587 2053 1502
f 3761 3054 3058
f 3056 3062 351
f 3762 376 375
f 376 3762 3741
f 3763 368 367
f 3705 3713 3765
f 3487 3489 3165
f 3767 3772 3768
f 3164 3161 3160
f 3766 3165 3164
f 3768 3774 3769
f 3770 3772 3771
f 3772 3767 3773
f 3772 3770 3774
f 727 728 3624
f 728 729 3623
f 3346 2595 946
f 945 1240 3348
f 2726 3975 2595
f 546 544 543
f 1248 3776 3775
f 3776 1248 3033
f 3776 3779 3777
f 3779 3776 3034
f 2464 3032 3033
f 1248 1241 3716
f 2813 3780 2609
f 1527 2609 3780
f 1353 3142 1350
f 1350 3142 3141
f 3782 3291 3288
f 3783 3710 3572
f 3710 3711 3784
f 3615 3709 3783
f 3573 3576 3616
f 2494 1392 1390
f 1950 1953 2830
f 3132 3133 3390
f 3785 3022 3027
f 2011 3023 3022
f 927 2011 3785
f 3027 3025 3786
f 731 730 1060
f 731 896 319
f 3788 2665 2667
f 1910 2666 3788
f 1975 1922 3789
f 2647 3682 3789
f 2503 3002 2498
f 3791 2498 3002
f 3790 3002 2997
f 3792 776 3266
f 3366 3369 3793
f 3481 2843 2838
f 2841 2843 2043
f 682 2831 1148
f 2733 3795 475
f 2883 360 3795
f 3746 3749 3664
f 3751 3799 3796
f 3797 3798 3757
f 3798 3936 3756
f 3750 3900 3799
f 1851 3662 2124
f 3511 1764 3801
f 3510 3511 3800
f 3411 3800 3801
f 1764 4029 3802
f 2122 2121 2817
f 2859 3804 2984
f 583 2984 3804
f 3545 3473 3804
f 3803 3804 3473
f 2983 3700 2857
f 3806 2810 3807
f 3805 4122 3808
f 3806 3808 3809
f 3805 3807 3811
f 2613 3811 3807
f 2810 3806 2811
f 2611 3807 2810
f 3689 3683 3812
f 3687 3812 3813
f 3685 3687 3242
f 2357 3686 3685
f 2668 2669 3108
f 3446 3181 3815
f 3181 3446 3445
f 3594 3182 1369
f 3648 3820 3817
f 3817 3820 3818
f 3816 3817 3335
f 2776 3818 3820
f 3648 2775 2774
f 1418 1420 1978
f 3821 3823 3822
f 3822 3824 2889
f 3823 3825 3824
f 1447 3466 3823
f 3466 3464 3825
f 3720 2516 2514
f 2420 2536 3826
f 3827 109 111
f 3509 110 109
f 3827 3829 3828
f 3829 1888 3351
f 1916 2017 2862
f 2863 1872 1864
f 3163 3165 3489
f 476 475 3795
f 360 362 2988
f 1584 3830 2578
f 3569 3570 3830
f 3830 1868 1870
f 752 3948 3550
f 3831 1518 1517
f 1520 4008 3832
f 3826 3922 2122
f 3833 3826 2536
f 3692 843 418
f 1174 3692 419
f 3834 1059 3665
f 3835 1060 1059
f 605 3261 3264
f 3665 2763 604
f 1337 3836 2900
f 3836 1873 1879
f 1329 2900 2455
f 3837 3840 3838
f 3840 3837 3841
f 3837 2371 2376
f 1012 2374 2372
f 2009 3838 3840
f 1011 1012 3838
f 3842 3884 3843
f 1765 3842 885
f 3844 3845 3658
f 3656 3845 3255
f 2691 3658 3657
f 2562 3658 3845
f 3681 3849 3846
f 2317 1536 3679
f 3848 3846 3849
f 2334 3853 3850
f 3851 2332 2331
f 3777 3850 3853
f 693 694 3852
f 2334 2335 2533
f 691 693 3853
f 2694 2145 2138
f 3458 833 840
f 3854 3458 829
f 3307 3306 3856
f 3856 3859 3857
f 3557 4138 3855
f 3858 3306 2392
f 3306 3858 3859
f 3860 4041 3303
f 1258 53 147
f 2413 3978 261
f 1997 2005 2072
f 2004 3609 3611
f 1776 2904 2908
f 3861 3423 3653
f 3862 3504 3653
f 2449 2451 2453
f 2449 3639 2452
f 3863 2452 3639
f 2067 2071 3156
f 3604 3631 410
f 3631 2546 409
f 3251 2548 3631
f 2185 3693 2683
f 1995 1301 3865
f 3666 1995 3864
f 3667 3864 2340
f 2238 3868 3867
f 2237 4104 3868
f 3166 3170 2240
f 3744 3867 3868
f 3389 3305 3304
f 2932 2930 2929
f 2912 844 522
f 423 426 3259
f 3261 605 424
f 3828 3351 3171
f 3703 3704 3870
f 3764 3870 3704
f 3871 3028 442
f 446 3470 3872
f 438 442 3028
f 3873 3874 3488
f 3875 3495 3488
f 3877 966 3878
f 3877 3991 2326
f 3878 3882 3880
f 3876 3878 3879
f 3882 3878 966
f 3365 3361 3360
f 811 813 1846
f 3130 812 811
f 3129 3130 1848
f 3800 3411 3409
f 2365 2367 2065
f 1357 2065 2367
f 2190 3588 2248
f 3708 3418 3151
f 3883 4021 2667
f 3884 3842 3608
f 3884 3622 3885
f 3887 2684 2683
f 3886 3939 3888
f 3567 381 2684
f 3693 3694 3886
f 2522 2526 3544
f 819 1254 823
f 3890 824 823
f 1254 3406 3889
f 1100 3187 1103
f 2648 1567 1566
f 3892 2268 2267
f 3893 3861 3654
f 3580 3241 3810
f 3811 2613 3581
f 1899 1901 1758
f 1899 3739 2979
f 2099 2100 623
f 851 853 2663
f 2664 3897 3894
f 3895 3339 3336
f 3405 3098 3102
f 3008 2703 2702
f 3006 3008 3404
f 360 2883 3600
f 1907 1909 1905
f 2241 3897 1908
f 3896 1908 3897
f 3874 3873 3899
f 3766 3769 3873
f 3769 3927 3899
f 714 2369 2366
f 3900 3968 2217
f 2216 3796 3799
f 3796 2216 3175
f 1976 1978 1420
f 3829 3827 3901
f 3901 3827 100
f 1515 1514 3902
f 2569 2572 3902
f 2572 2405 2385
f 2446 3600 2883
f 1656 1654 3250
f 1257 81 53
f 3442 1739 1741
f 2120 3781 3602
f 3781 2120 3903
f 3287 3602 3781
f 3782 3903 3905
f 3903 2118 2901
f 3386 3906 3080
f 3906 3945 3084
f 3343 3908 3907
f 3342 3344 3908
f 858 863 3909
f 3382 3081 3079
f 3911 3913 3875
f 3912 3914 3913
f 3495 3875 3913
f 3875 3874 3898
f 3401 3913 3914
f 2738 3916 3862
f 3504 3862 3916
f 3916 2738 2737
f 3915 3862 3428
f 1371 3918 3815
f 3561 3563 3918
f 3919 3918 3563
f 3918 3919 3814
f 2610 327 3786
f 3920 735 737
f 3088 2163 735
f 2762 2232 1507
f 2225 269 323
f 3863 3921 3587
f 2452 3863 1340
f 1834 2847 3921
f 3586 3587 3921
f 3922 3826 3833
f 1072 3427 1789
f 1072 3833 3425
f 2057 3123 2760
f 3923 1781 1780
f 2057 2059 3924
f 3123 3924 2628
f 2640 3337 3926
f 3925 3926 3898
f 3928 3925 3899
f 3910 3898 3926
f 2078 102 94
f 1958 3484 1029
f 1271 3541 2592
f 1276 2593 2591
f 3930 3593 2753
f 3931 3182 3593
f 1368 3931 3930
f 3227 3229 3290
f 2125 1511 3515
f 3229 3515 3603
f 1076 794 799
f 1911 1912 799
f 3933 3935 3934
f 3797 3938 3935
f 3936 3798 3935
f 3934 3935 3938
f 3938 3797 3175
f 3694 3940 3939
f 3940 3965 3880
f 3940 3694 3038
f 3356 3942 3941
f 2913 3941 3942
f 1721 1874 1873
f 2496 1390 1389
f 3943 3268 3267
f 464 1810 1347
f 2974 2976 3748
f 3748 1614 3738
f 1614 3748 2976
f 3468 1645 1643
f 745 2972 2373
f 3000 3066 3944
f 3066 3648 3816
f 1920 1918 2651
f 3945 3906 3503
f 3502 3503 3906
f 1977 1387 1736
f 1387 1977 3946
f 3947 3949 1668
f 757 1668 3949
f 748 757 3948
f 3950 4092 3949
f 2812 2814 2517
f 3780 2812 1535
f 2721 3113 3115
f 3146 2796 3951
f 3951 3282 3484
f 2796 3146 3736
f 3850 3777 3779
f 3852 3994 3775
f 3778 3866 3851
f 1603 1605 3952
f 1262 2807 2890
f 1664 1671 2474
f 1669 2474 2473
f 2010 1422 3021
f 3019 3021 1422
f 1931 3087 3719
f 3294 2958 3355
f 2955 3355 2958
f 3953 4118 3160
f 2557 2561 2601
f 3824 3695 1845
f 2805 2423 2422
f 3954 3858 2391
f 895 891 3955
f 3835 891 890
f 3956 3955 891
f 1168 689 3519
f 3955 3956 1167
f 2160 1518 2237
f 3647 3360 3957
f 3680 1228 1227
f 3121 3116 1631
f 3959 2915 3960
f 3297 3959 3958
f 3959 3297 2959
f 3958 3960 3962
f 3963 2060 1785
f 1071 1073 1784
f 2878 2879 3055
f 3879 3880 3965
f 3964 3990 3881
f 3964 3965 3967
f 3965 3940 3040
f 3939 3880 3882
f 2046 1094 1093
f 499 3318 3353
f 3923 2759 1404
f 1406 1408 1781
f 2042 2044 3794
f 1711 3794 2044
f 3802 4043 3690
f 3690 4043 2781
f 3004 3088 3920
f 3969 2221 2213
f 3968 2213 2212
f 3341 2181 2183
f 2181 3341 3340
f 2606 2607 3885
f 191 4006 3971
f 3107 641 640
f 640 642 648
f 2051 2052 3106
f 641 3107 3105
f 2646 2648 2268
f 1195 1197 2954
f 466 1694 1192
f 1695 1694 466
f 3688 2356 3946
f 2356 1385 1384
f 3686 2357 2356
f 3684 3688 1980
f 803 800 2243
f 3293 3104 2254
f 2501 2502 3643
f 3439 3646 3645
f 1528 334 332
f 971 974 3637
f 3552 3996 3973
f 3638 3973 3972
f 2742 3915 2537
f 3915 2742 2741
f 809 3969 3968
f 2524 2519 395
f 1107 1104 1591
f 2716 2719 3975
f 1003 1004 2073
f 767 787 763
f 767 768 783
f 3073 536 532
f 787 1146 2129
f 726 720 3443
f 2666 1910 3896
f 3970 3207 3345
f 2685 3523 3970
f 2914 2916 3941
f 3976 3726 3728
f 3726 3976 3750
f 3723 3726 3752
f 3976 809 3900
f 1956 2714 2713
f 1731 2269 2270
f 3494 3872 3470
f 3162 3470 3469
f 2194 3596 3214
f 3549 1903 1378
f 381 383 2681
f 3007 3738 1614
f 3866 2340 2332
f 3977 3667 3866
f 1678 1676 3585
f 3327 2882 847
f 3360 3362 3431
f 3907 3908 3048
f 2288 3194 3907
f 3233 851 3894
f 261 3978 1016
f 1058 1020 1016
f 3978 2413 1056
f 3980 3982 3981
f 1576 1577 2645
f 3983 1576 3982
f 1576 3983 1570
f 3983 3980 3984
f 3651 3985 3441
f 3660 4094 3985
f 3646 3439 2497
f 3985 1678 3440
f 2369 714 3987
f 3987 717 3952
f 717 3987 714
f 3048 3908 3344
f 3734 3958 3961
f 3296 3297 3734
f 3735 3961 3839
f 3989 3839 3961
f 3636 3637 974
f 2881 2882 3328
f 850 3236 2153
f 3101 3664 3749
f 2012 2010 3023
f 1552 3876 3881
f 3990 1556 1553
f 3876 1552 3991
f 1120 3563 3562
f 1120 1118 1746
f 3437 3584 2438
f 2846 2439 2438
f 3051 3532 3993
f 3994 1250 1249
f 3677 1031 1250
f 3996 2822 2821
f 3843 3885 2607
f 1592 1596 3997
f 1672 3004 3202
f 3975 3998 947
f 3998 3904 3999
f 3999 4100 948
f 2953 2802 2801
f 3673 4001 4000
f 1043 2174 3674
f 4001 3390 3133
f 3675 3392 4001
f 4002 4069 4003
f 4002 3041 4005
f 3219 2386 2401
f 3219 3220 2384
f 3059 351 348
f 1505 274 273
f 3844 1505 3971
f 3254 3971 4006
f 3703 1594 3349
f 3349 1475 1476
f 1475 3349 1594
f 4008 1520 4009
f 3716 3714 2463
f 3412 3413 3854
f 3461 3854 3413
f 1464 1462 3462
f 3727 2255 1260
f 1277 3541 1271
f 2734 2736 3541
f 3477 459 3064
f 459 3477 4011
f 4012 3571 460
f 4011 3476 3479
f 4013 3191 2015
f 3189 3190 4013
f 4015 4016 1359
f 4016 4136 1358
f 3634 3531 3598
f 3324 3628 2844
f 1712 1714 1715
f 2839 2844 3628
f 1647 1651 4017
f 530 4019 4018
f 529 845 4019
f 528 4018 3914
f 4020 4025 4021
f 3787 2667 4021
f 2731 4020 3883
f 2727 2731 2286
f 1680 4024 4020
f 3294 3941 2916
f 2915 3959 3295
f 3471 448 455
f 4009 1525 3452
f 1525 1524 3451
f 4023 3760 3759
f 4024 3659 4025
f 3845 3844 3254
f 3506 3917 3993
f 3532 3084 3945
f 3917 2737 3992
f 3917 3506 3505
f 882 886 374
f 2013 1915 1914
f 3249 3019 1424
f 3583 4010 1263
f 4010 3583 815
f 2830 1952 3702
f 2586 1709 1708
f 3234 3894 3897
f 3472 455 4027
f 3474 3475 4028
f 3904 3998 3291
f 3998 3975 2719
f 1764 1763 4030
f 4031 4045 4029
f 4030 1121 1477
f 4032 3934 3937
f 3178 2083 3937
f 4032 3015 3932
f 3695 3824 3825
f 3533 3785 328
f 3304 3301 4033
f 2920 1741 2701
f 2921 2701 680
f 3337 3338 3929
f 3925 3928 1825
f 3500 3435 3433
f 3737 3893 3543
f 3457 3456 2516
f 3599 298 268
f 3195 3328 2180
f 3544 2398 3465
f 955 2661 1451
f 3770 4035 4034
f 3090 1823 4035
f 4035 1820 1819
f 1036 4036 2028
f 4036 1036 1038
f 4036 3636 975
f 3128 807 806
f 3711 2937 4037
f 3730 1004 997
f 1651 2082 718
f 3836 1337 1719
f 1752 1720 4038
f 3070 3553 4040
f 4041 4033 3301
f 4042 4004 4041
f 1617 2977 2978
f 4043 4045 4044
f 4045 4043 3802
f 4045 4031 4046
f 2484 2483 2487
f 4048 4049 2487
f 4049 4051 4047
f 4051 4049 4052
f 2780 4058 4048
f 2013 4026 4053
f 1914 2484 4047
f 4026 4047 4051
f 1597 1471 1475
f 1471 1597 1473
f 3188 4056 4054
f 1596 2112 4054
f 3997 4054 4056
f 4056 3188 3189
f 4057 4064 4055
f 2018 4053 4014
f 1914 548 551
f 4058 2780 2781
f 4044 4046 4059
f 4053 4051 4050
f 2078 2076 3901
f 4057 3189 4014
f 1474 4046 4031
f 1598 3997 4055
f 4060 1473 1597
f 4049 4048 4061
f 4058 4059 4061
f 1473 4060 4063
f 4060 4055 4064
f 4050 4052 4064
f 4062 4059 4046
f 4063 4061 4059
f 4052 4061 4063
f 2425 147 146
f 4065 3617 3542
f 4065 2369 3986
f 3864 3865 2338
f 3924 1563 1562
f 1563 3924 2059
f 587 588 873
f 2376 1999 3732
f 887 883 3763
f 883 374 368
f 3742 3741 3762
f 2308 2767 2766
f 2766 2765 1485
f 628 631 3416
f 867 631 629
f 870 872 3414
f 3675 3676 516
f 518 3527 3392
f 4066 1729 1724
f 1729 4066 4068
f 4069 4066 1726
f 1076 4021 4025
f 2673 2114 2113
f 1298 2354 2351
f 343 2364 3721
f 743 745 2374
f 2841 1713 1712
f 928 930 2820
f 2819 1800 1802
f 2188 2192 3596
f 3094 2192 2191
f 2192 3094 3595
f 1857 1146 1142
f 1556 3990 4071
f 1437 1444 2148
f 3279 3274 3310
f 330 2886 3535
f 2886 2262 2261
f 962 2324 958
f 381 3567 3564
f 3887 3888 3565
f 2341 380 382
f 1948 3013 1602
f 1932 3719 3718
f 2066 3719 3087
f 1051 1052 1554
f 1557 1551 1170
f 1552 1554 1052
f 1042 2173 4072
f 4023 4072 2173
f 4007 2173 2172
f 3649 513 517
f 3579 3581 2613
f 2358 3685 3244
f 1982 1642 1641
f 1055 3517 2327
f 1425 2358 3246
f 1795 2777 4039
f 1793 1795 4040
f 824 3890 4073
f 3385 2320 4074
f 3848 3434 4074
f 3847 3430 3434
f 1231 3205 3198
f 4075 980 979
f 980 4075 3661
f 3662 1851 4076
f 749 1377 2142
f 1747 1750 3740
f 487 3740 1750
f 4038 1722 3047
f 1226 1383 2205
f 4077 1733 1725
f 1731 1733 3891
f 3813 3891 1733
f 3812 3892 3891
f 3243 4077 1730
f 2472 1805 4078
f 4079 1805 1801
f 2471 2472 2307
f 1805 4079 2768
f 2235 2238 3169
f 1852 3108 2669
f 1855 3109 3108
f 2593 1276 1275
f 4080 4076 1851
f 4081 3132 3391
f 4010 1260 1259
f 3972 4135 1348
f 3612 3606 3610
f 3610 3608 3842
f 4082 3929 3338
f 3910 3929 4082
f 4083 2571 1579
f 1445 1447 3821
f 3655 3656 983
f 4085 2500 3791
f 4084 3791 3790
f 3680 3957 3849
f 3957 3431 3847
f 3574 3091 3090
f 3216 4086 915
f 4086 2303 2199
f 4086 3216 2934
f 4012 1814 1811
f 1808 1814 4088
f 1398 2311 637
f 4042 4068 4066
f 4067 4068 4090
f 3860 4090 4068
f 3241 3580 3238
f 455 456 1344
f 4092 3950 3979
f 4083 1220 2400
f 4093 3712 1635
f 1636 3661 4075
f 3661 1636 1634
f 4000 3133 1403
f 4094 1679 1678
f 4096 1273 4097
f 3761 3310 2131
f 4093 4075 4071
f 3263 3956 3835
f 3956 3263 1166
f 2660 2615 3635
f 1742 3814 3919
f 2869 2870 3399
f 2405 2572 2571
f 1815 4113 1344
f 3529 1481 1480
f 4098 1937 1484
f 2502 4099 2246
f 2251 2246 4099
f 4018 2867 2871
f 3814 1742 3447
f 4100 3999 3904
f 1070 948 4100
f 2903 4100 3905
f 2303 4086 4087
f 2469 2471 2301
f 3950 3984 3980
f 2551 789 792
f 2475 2479 4101
f 3947 2473 3984
f 395 3869 4102
f 4103 394 396
f 3869 3868 4104
f 2208 2574 1989
f 1789 3427 3426
f 3889 3417 4105
f 3890 4105 4106
f 4105 871 4107
f 871 4105 3417
f 3417 3889 3406
f 3618 3986 1607
f 1606 1607 3986
f 168 1645 3467
f 2081 1889 1888
f 1993 2166 1923
f 2654 4110 4108
f 4107 3143 4108
f 871 866 3143
f 4110 4111 4109
f 2315 2317 3846
f 2653 2655 4110
f 2655 4125 4111
f 1284 2462 2463
f 1083 1082 1432
f 1432 1433 2758
f 4112 3912 3911
f 1489 527 4112
f 3912 4112 527
f 3895 3818 2776
f 3895 4112 4082
f 2943 2942 3172
f 2973 1560 670
f 4017 718 708
f 1199 2570 3663
f 2949 2815 2352
f 4113 1815 1807
f 2903 1075 1068
f 948 1070 3601
f 1586 1702 3358
f 1702 1703 3352
f 4091 3979 3981
f 1083 3981 3982
f 1051 1019 1020
f 1557 1171 1019
f 3657 2567 2564
f 4101 4141 1571
f 4115 3575 4116
f 3943 4115 4114
f 4114 4116 3773
f 4116 3574 3771
f 2867 4018 4019
f 3872 3494 3493
f 4119 3030 3871
f 3755 4129 3292
f 3936 4128 3755
f 3942 3319 3317
f 3321 3322 2454
f 4033 4041 4004
f 4004 4042 4069
f 2932 4033 4005
f 2942 1703 1704
f 3960 2295 1881
f 1878 3989 3962
f 1570 3983 2480
f 4109 4095 4106
f 4120 599 391
f 2967 2616 3482
f 4121 4122 1734
f 3810 1734 4122
f 4122 4121 4123
f 4079 4039 2777
f 4078 2768 2767
f 1467 3460 3462
f 3707 3762 3713
f 1105 1107 3974
f 1595 3870 3974
f 3870 3764 2708
f 888 3742 3706
f 18 2525 16
f 3241 1735 1734
f 3247 1730 1728
f 1109 2706 1872
f 3478 4125 4088
f 1159 2460 2688
f 1829 1835 2847
f 2848 1835 2749
f 3832 4120 394
f 4120 3832 4008
f 3659 4024 4094
f 1679 4094 4024
f 3528 3530 2600
f 2597 2602 4124
f 3530 556 3280
f 3281 3280 556
f 4039 4079 3069
f 2646 3683 3682
f 2161 3930 2877
f 762 3527 3526
f 4096 4111 4125
f 3839 3989 3525
f 3989 1878 1877
f 3857 4127 3554
f 4127 3857 3859
f 4126 3859 3858
f 3463 1826 3185
f 1201 1199 4076
f 1319 4129 3755
f 3292 4129 3568
f 3293 3724 3753
f 4129 1319 1320
f 10 135 3568
f 4099 2502 2500
f 1155 3977 3778
f 3512 3468 1644
f 3683 2646 3892
f 4130 4028 3475
f 4027 1344 4113
f 3092 2191 1817
f 3994 3852 694
f 1247 1250 1031
f 2521 3167 3867
f 931 933 938
f 759 766 3309
f 578 577 4028
f 2074 578 4130
f 577 583 3803
f 3787 799 1912
f 3888 3882 3698
f 4102 4104 3831
f 3794 1711 1713
f 2643 4131 3819
f 3944 3816 3819
f 4131 4085 4084
f 3691 845 843
f 3122 3231 1942
f 2107 3395 3398
f 3395 2107 4119
f 3922 1075 2902
f 4132 3674 2174
f 3012 321 1317
f 938 939 2941
f 2036 2038 3482
f 2347 2345 3669
f 999 1000 2895
f 1585 1587 3046
f 2955 2957 3045
f 1587 1588 3045
f 3449 3932 3015
f 1809 4088 4125
f 386 387 3524
f 10 1320 1316
f 1319 4128 3448
f 3996 3995 4133
f 2829 3513 3995
f 3550 4092 4091
f 3491 3494 3162
f 2327 3518 3522
f 689 3522 3518
f 4134 3373 3367
f 4016 4015 3372
f 4128 3936 3933
f 1814 4012 3479
f 4135 3972 3973
f 3966 4071 3990
f 3712 4093 3966
f 3869 395 2519
f 3549 661 655
f 2311 1398 1396
f 1798 3286 1796
f 3793 3554 4127
f 4134 4127 4126
f 4136 4016 3373
f 4034 1819 3928
f 3774 4034 3927
f 3626 1695 465
f 1778 2908 3538
f 3539 3538 2908
f 3893 3737 2060
f 4123 4089 4138
f 3558 3809 4137
f 3556 4137 4138
f 4138 4089 4090
f 1727 1729 4067
f 4121 4067 4089
f 3553 538 1799
f 3765 3630 3044
f 4006 1311 1559
f 1311 1312 1558
f 3841 2376 3733
f 3186 3825 3464
f 3909 1201 4080
f 3967 3040 3039
f 3760 4023 4007
f 4111 4096 4095
f 4095 4097 4073
f 3625 1696 1695
f 2970 729 725
f 4139 3953 3157
f 777 4139 3159
f 3792 4117 3953
f 2136 514 513
f 3977 1155 1153
f 2735 3992 2737
f 3861 3893 3963
f 4118 3773 3767
f 4117 4114 4118
f 2049 1093 1095
f 2639 2644 4131
f 2644 4099 4085
f 3764 3765 2707
f 3316 2876 2875
f 776 3792 4139
f 4117 3792 3268
f 582 573 869
f 4098 3528 4124
f 4077 3243 3242
f 864 3909 1853
f 3069 1801 1800
f 2108 3398 3397
f 3551 3552 3256
f 3211 3345 3207
f 2745 2743 3371
f 536 4133 3995
f 3073 4135 4133
f 2627 660 659
f 3784 4037 3095
f 8 7 135
f 1732 2270 4003
f 3042 4003 2270
f 4104 2237 1518
f 4140 3453 1491
f 3855 4090 3860
f 3865 1306 2919
f 2338 2919 2341
f 1798 1799 538
f 3094 3095 4037
f 1870 1865 2906
f 3211 3212 3988
f 2083 3178 3177
f 3068 1348 4135
f 2479 3696 4141
f 4141 3697 1578
f 2815 2949 3582
f 2594 4073 4097
f 1534 2319 2884
f 3030 4119 2107
f 4072 4023 4022
f 4132 4022 3670
f 4140 3670 4022
f 3570 1869 1868
f 2773 3671 3670
f 1871 1872 2706
f 4142 3126 3129
f 3372 4143 4142
f 3697 465 467
f 4115 3943 3614
f 3314 1933 1937
f 3808 4123 4137
f 2388 2811 3809
f 3931 1368 1367
f 3357 3354 3355
f 1588 3358 3357
f 3954 1358 4136
f 3322 3323 2453
f 1558 1170 1551
f 1521 3832 4103
f 3212 1751 3047
f 717 718 2082
f 4143 3372 4015
f 3576 3614 3613
f 1865 1867 1871
f 3969 809 807
f 2849 2749 2748
f 3308 3131 4081
f 2942 494 498
f 3448 3933 3932
f 3527 762 761
f 3126 4142 4143
f 2770 2772 3671
f 4070 3721 1573
f 467 343 4070
f 3991 1052 1053
f 3325 3312 1696
f 3948 3949 4092
f 642 643 646

